Unnamed: 0;ghi;dni;dhi;temp_air;rh;ws10;TECHNOLOGYNAME_hydro_inflow
2022-01-01 00:00:00;0.0;0.0;0.0;-2.0;89.91;1.09;
2022-01-01 01:00:00;0.0;0.0;0.0;-2.07;90.95;1.02;
2022-01-01 02:00:00;0.0;0.0;0.0;-2.14;92.0;0.95;
2022-01-01 03:00:00;0.0;0.0;0.0;-2.21;93.04;0.89;
2022-01-01 04:00:00;0.0;0.0;0.0;-2.28;94.09;0.82;
2022-01-01 05:00:00;0.0;0.0;0.0;-2.35;95.13;0.75;
2022-01-01 06:00:00;0.0;0.0;0.0;-2.43;96.18;0.68;
2022-01-01 07:00:00;0.0;0.0;0.0;-2.5;97.22;0.62;
2022-01-01 08:00:00;101.0;339.39;52.0;-1.99;88.35;0.83;
2022-01-01 09:00:00;181.0;269.74;112.0;0.77;85.2;0.62;
2022-01-01 10:00:00;237.0;256.96;152.0;2.58;79.0;0.21;
2022-01-01 11:00:00;103.0;0.0;103.0;3.94;76.15;0.07;
2022-01-01 12:00:00;93.0;0.0;93.0;4.37;73.4;0.34;
2022-01-01 13:00:00;58.0;0.0;58.0;4.64;73.45;0.55;
2022-01-01 14:00:00;91.0;38.59;83.0;4.63;79.3;0.76;
2022-01-01 15:00:00;23.0;12.32;22.0;3.89;88.75;0.9;
2022-01-01 16:00:00;0.0;0.0;0.0;3.42;88.7;0.9;
2022-01-01 17:00:00;0.0;0.0;0.0;3.55;85.45;0.76;
2022-01-01 18:00:00;0.0;0.0;0.0;3.52;85.4;0.69;
2022-01-01 19:00:00;0.0;0.0;0.0;4.34;82.3;0.14;
2022-01-01 20:00:00;0.0;0.0;0.0;4.19;85.5;0.28;
2022-01-01 21:00:00;0.0;0.0;0.0;3.9;88.75;0.69;
2022-01-01 22:00:00;0.0;0.0;0.0;2.76;92.15;1.24;
2022-01-01 23:00:00;0.0;0.0;0.0;2.5;95.65;1.45;
2022-01-02 00:00:00;0.0;0.0;0.0;2.5;95.65;1.31;
2022-01-02 01:00:00;0.0;0.0;0.0;3.48;92.15;0.76;
2022-01-02 02:00:00;0.0;0.0;0.0;3.17;92.15;0.83;
2022-01-02 03:00:00;0.0;0.0;0.0;2.84;95.7;0.97;
2022-01-02 04:00:00;0.0;0.0;0.0;2.88;95.7;0.9;
2022-01-02 05:00:00;0.0;0.0;0.0;3.71;88.75;0.62;
2022-01-02 06:00:00;0.0;0.0;0.0;4.01;88.75;0.21;
2022-01-02 07:00:00;0.0;0.0;0.0;1.78;99.4;0.55;
2022-01-02 08:00:00;64.0;55.29;56.0;2.18;99.4;0.55;
2022-01-02 09:00:00;135.0;81.89;114.0;3.4;99.4;0.34;
2022-01-02 10:00:00;84.0;0.0;84.0;4.68;92.25;0.14;
2022-01-02 11:00:00;186.0;54.72;166.0;5.62;85.65;0.28;
2022-01-02 12:00:00;200.0;90.03;168.0;6.07;82.55;0.69;
2022-01-02 13:00:00;121.0;16.55;116.0;6.57;76.65;1.03;
2022-01-02 14:00:00;79.0;14.33;76.0;6.48;82.55;1.17;
2022-01-02 15:00:00;26.0;23.98;24.0;6.0;85.65;1.03;
2022-01-02 16:00:00;0.0;0.0;0.0;5.1;88.85;1.03;
2022-01-02 17:00:00;0.0;0.0;0.0;4.34;95.75;0.62;
2022-01-02 18:00:00;0.0;0.0;0.0;3.39;95.7;0.97;
2022-01-02 19:00:00;0.0;0.0;0.0;2.77;99.4;1.45;
2022-01-02 20:00:00;0.0;0.0;0.0;2.66;99.4;1.45;
2022-01-02 21:00:00;0.0;0.0;0.0;2.13;99.4;1.59;
2022-01-02 22:00:00;0.0;0.0;0.0;1.42;99.35;1.38;
2022-01-02 23:00:00;0.0;0.0;0.0;0.68;95.65;1.31;
2022-01-03 00:00:00;0.0;0.0;0.0;-0.06;95.6;1.31;
2022-01-03 01:00:00;0.0;0.0;0.0;-0.33;95.6;1.17;
2022-01-03 02:00:00;0.0;0.0;0.0;-1.06;95.6;1.24;
2022-01-03 03:00:00;0.0;0.0;0.0;-1.28;95.6;1.24;
2022-01-03 04:00:00;0.0;0.0;0.0;-1.75;95.6;1.31;
2022-01-03 05:00:00;0.0;0.0;0.0;-2.03;95.55;1.31;
2022-01-03 06:00:00;0.0;0.0;0.0;-2.14;95.55;1.31;
2022-01-03 07:00:00;0.0;0.0;0.0;-2.02;91.85;1.1;
2022-01-03 08:00:00;117.0;565.11;35.0;-1.19;91.95;0.97;
2022-01-03 09:00:00;219.0;532.72;82.0;1.71;92.05;0.83;
2022-01-03 10:00:00;336.0;856.28;51.0;3.88;88.75;0.76;
2022-01-03 11:00:00;363.0;803.93;68.0;5.69;79.4;0.76;
2022-01-03 12:00:00;353.0;806.3;65.0;6.98;73.8;0.9;
2022-01-03 13:00:00;290.0;752.77;61.0;7.6;68.6;0.83;
2022-01-03 14:00:00;186.0;656.81;47.0;7.87;68.6;0.9;
2022-01-03 15:00:00;52.0;291.52;27.0;7.33;73.9;1.24;
2022-01-03 16:00:00;0.0;0.0;0.0;5.35;82.4;1.52;
2022-01-03 17:00:00;0.0;0.0;0.0;3.16;88.7;1.52;
2022-01-03 18:00:00;0.0;0.0;0.0;1.71;92.05;1.45;
2022-01-03 19:00:00;0.0;0.0;0.0;1.25;88.55;1.38;
2022-01-03 20:00:00;0.0;0.0;0.0;0.81;85.2;1.24;
2022-01-03 21:00:00;0.0;0.0;0.0;0.33;85.15;1.24;
2022-01-03 22:00:00;0.0;0.0;0.0;0.03;85.15;1.17;
2022-01-03 23:00:00;0.0;0.0;0.0;-0.47;85.1;1.31;
2022-01-04 00:00:00;0.0;0.0;0.0;-0.86;88.45;1.38;
2022-01-04 01:00:00;0.0;0.0;0.0;-0.96;88.45;1.52;
2022-01-04 02:00:00;0.0;0.0;0.0;-0.72;88.45;1.52;
2022-01-04 03:00:00;0.0;0.0;0.0;-0.62;88.45;1.59;
2022-01-04 04:00:00;0.0;0.0;0.0;-0.01;88.45;1.52;
2022-01-04 05:00:00;0.0;0.0;0.0;0.21;88.5;1.59;
2022-01-04 06:00:00;0.0;0.0;0.0;0.52;88.55;1.72;
2022-01-04 07:00:00;0.0;0.0;0.0;1.29;92.05;1.52;
2022-01-04 08:00:00;117.0;556.15;36.0;2.06;88.65;1.38;
2022-01-04 09:00:00;236.0;693.71;57.0;3.79;88.75;1.38;
2022-01-04 10:00:00;273.0;428.09;130.0;7.42;76.7;1.59;
2022-01-04 11:00:00;363.0;797.84;69.0;10.09;69.1;1.79;
2022-01-04 12:00:00;342.0;718.57;84.0;11.66;69.25;1.79;
2022-01-04 13:00:00;282.0;679.0;74.0;12.44;66.85;1.59;
2022-01-04 14:00:00;173.0;495.43;67.0;12.54;69.35;1.45;
2022-01-04 15:00:00;52.0;272.1;28.0;11.07;71.75;1.59;
2022-01-04 16:00:00;0.0;0.0;0.0;8.24;79.75;1.59;
2022-01-04 17:00:00;0.0;0.0;0.0;6.25;85.7;1.45;
2022-01-04 18:00:00;0.0;0.0;0.0;5.09;85.6;1.45;
2022-01-04 19:00:00;0.0;0.0;0.0;4.8;85.55;1.66;
2022-01-04 20:00:00;0.0;0.0;0.0;4.23;85.5;1.72;
2022-01-04 21:00:00;0.0;0.0;0.0;3.77;85.45;1.79;
2022-01-04 22:00:00;0.0;0.0;0.0;3.35;85.4;1.93;
2022-01-04 23:00:00;0.0;0.0;0.0;3.08;82.2;2.07;
2022-01-05 00:00:00;0.0;0.0;0.0;2.79;85.35;2.28;
2022-01-05 01:00:00;0.0;0.0;0.0;2.6;82.15;2.55;
2022-01-05 02:00:00;0.0;0.0;0.0;2.65;82.15;2.69;
2022-01-05 03:00:00;0.0;0.0;0.0;3.16;82.2;2.83;
2022-01-05 04:00:00;0.0;0.0;0.0;3.56;79.15;2.83;
2022-01-05 05:00:00;0.0;0.0;0.0;3.57;79.15;2.62;
2022-01-05 06:00:00;0.0;0.0;0.0;3.29;79.1;2.55;
2022-01-05 07:00:00;0.0;0.0;0.0;3.2;79.1;2.48;
2022-01-05 08:00:00;114.0;512.64;39.0;4.05;76.25;2.41;
2022-01-05 09:00:00;238.0;710.38;54.0;6.85;76.65;2.28;
2022-01-05 10:00:00;319.0;739.48;71.0;11.03;69.15;1.93;
2022-01-05 11:00:00;363.0;794.25;69.0;13.44;62.3;1.72;
2022-01-05 12:00:00;348.0;758.96;74.0;14.78;56.15;1.72;
2022-01-05 13:00:00;291.0;742.14;62.0;15.32;56.25;1.52;
2022-01-05 14:00:00;189.0;656.25;47.0;14.93;62.65;1.1;
2022-01-05 15:00:00;58.0;363.67;25.0;12.9;74.7;1.1;
2022-01-05 16:00:00;0.0;0.0;0.0;10.04;77.1;1.38;
2022-01-05 17:00:00;0.0;0.0;0.0;8.26;74.05;1.38;
2022-01-05 18:00:00;0.0;0.0;0.0;7.01;76.65;1.59;
2022-01-05 19:00:00;0.0;0.0;0.0;6.44;70.95;3.1;
2022-01-05 20:00:00;0.0;0.0;0.0;6.39;68.3;3.03;
2022-01-05 21:00:00;0.0;0.0;0.0;6.47;65.75;2.55;
2022-01-05 22:00:00;0.0;0.0;0.0;7.67;58.9;1.93;
2022-01-05 23:00:00;0.0;0.0;0.0;8.57;56.8;1.52;
2022-01-06 00:00:00;0.0;0.0;0.0;8.57;56.8;1.31;
2022-01-06 01:00:00;0.0;0.0;0.0;8.29;56.8;0.97;
2022-01-06 02:00:00;0.0;0.0;0.0;7.8;58.9;0.69;
2022-01-06 03:00:00;0.0;0.0;0.0;7.28;61.1;0.41;
2022-01-06 04:00:00;0.0;0.0;0.0;6.56;63.35;0.34;
2022-01-06 05:00:00;0.0;0.0;0.0;5.75;68.2;0.69;
2022-01-06 06:00:00;0.0;0.0;0.0;4.93;73.45;0.9;
2022-01-06 07:00:00;0.0;0.0;0.0;5.6;68.2;1.03;
2022-01-06 08:00:00;83.0;149.58;61.0;6.16;68.3;0.97;
2022-01-06 09:00:00;161.0;157.62;120.0;8.06;68.6;0.69;
2022-01-06 10:00:00;280.0;451.28;128.0;10.05;69.0;0.62;
2022-01-06 11:00:00;339.0;602.24;115.0;12.01;66.75;0.97;
2022-01-06 12:00:00;246.0;201.04;173.0;13.53;62.3;1.45;
2022-01-06 13:00:00;106.0;3.22;105.0;14.14;60.3;1.86;
2022-01-06 14:00:00;102.0;50.25;91.0;13.7;64.75;2.07;
2022-01-06 15:00:00;67.0;492.64;21.0;12.61;69.35;2.41;
2022-01-06 16:00:00;0.0;0.0;0.0;10.69;71.75;2.62;
2022-01-06 17:00:00;0.0;0.0;0.0;8.97;76.95;2.69;
2022-01-06 18:00:00;0.0;0.0;0.0;7.96;73.95;2.76;
2022-01-06 19:00:00;0.0;0.0;0.0;7.44;82.65;2.62;
2022-01-06 20:00:00;0.0;0.0;0.0;6.97;79.55;2.83;
2022-01-06 21:00:00;0.0;0.0;0.0;6.74;76.65;2.97;
2022-01-06 22:00:00;0.0;0.0;0.0;6.01;76.5;2.48;
2022-01-06 23:00:00;0.0;0.0;0.0;8.23;61.3;0.83;
2022-01-07 00:00:00;0.0;0.0;0.0;4.43;79.2;1.86;
2022-01-07 01:00:00;0.0;0.0;0.0;2.7;85.35;2.21;
2022-01-07 02:00:00;0.0;0.0;0.0;3.09;82.2;1.72;
2022-01-07 03:00:00;0.0;0.0;0.0;5.26;76.4;0.55;
2022-01-07 04:00:00;0.0;0.0;0.0;2.99;82.15;1.31;
2022-01-07 05:00:00;0.0;0.0;0.0;2.49;82.05;1.38;
2022-01-07 06:00:00;0.0;0.0;0.0;2.51;82.05;1.31;
2022-01-07 07:00:00;0.0;0.0;0.0;2.53;79.0;1.24;
2022-01-07 08:00:00;99.0;277.08;58.0;3.78;76.15;1.03;
2022-01-07 09:00:00;153.0;122.44;121.0;6.19;73.7;0.62;
2022-01-07 10:00:00;240.0;242.33;158.0;8.21;79.75;0.41;
2022-01-07 11:00:00;375.0;818.52;69.0;10.56;69.1;0.48;
2022-01-07 12:00:00;368.0;834.91;63.0;11.87;64.35;0.62;
2022-01-07 13:00:00;317.0;864.82;46.0;12.33;64.45;0.76;
2022-01-07 14:00:00;194.0;631.95;54.0;12.25;66.85;0.9;
2022-01-07 15:00:00;64.0;374.62;28.0;11.21;71.85;1.24;
2022-01-07 16:00:00;0.0;0.0;0.0;9.33;79.9;1.1;
2022-01-07 17:00:00;0.0;0.0;0.0;8.17;82.75;1.03;
2022-01-07 18:00:00;0.0;0.0;0.0;5.39;92.25;1.66;
2022-01-07 19:00:00;0.0;0.0;0.0;6.29;85.7;0.83;
2022-01-07 20:00:00;0.0;0.0;0.0;3.42;95.7;1.59;
2022-01-07 21:00:00;0.0;0.0;0.0;2.08;95.65;2.07;
2022-01-07 22:00:00;0.0;0.0;0.0;1.81;95.65;2.34;
2022-01-07 23:00:00;0.0;0.0;0.0;2.38;95.65;2.55;
2022-01-08 00:00:00;0.0;0.0;0.0;3.04;95.7;2.55;
2022-01-08 01:00:00;0.0;0.0;0.0;3.29;95.7;2.34;
2022-01-08 02:00:00;0.0;0.0;0.0;3.72;95.7;2.07;
2022-01-08 03:00:00;0.0;0.0;0.0;3.97;99.4;1.72;
2022-01-08 04:00:00;0.0;0.0;0.0;4.32;95.75;1.52;
2022-01-08 05:00:00;0.0;0.0;0.0;5.14;92.25;1.03;
2022-01-08 06:00:00;0.0;0.0;0.0;5.84;92.3;0.69;
2022-01-08 07:00:00;0.0;0.0;0.0;2.99;99.4;1.17;
2022-01-08 08:00:00;117.0;523.55;39.0;3.34;95.7;0.97;
2022-01-08 09:00:00;36.0;0.0;36.0;5.5;92.25;0.69;
2022-01-08 10:00:00;83.0;0.0;83.0;6.66;85.75;0.28;
2022-01-08 11:00:00;130.0;2.66;129.0;6.85;89.0;0.55;
2022-01-08 12:00:00;163.0;24.48;154.0;7.3;89.0;0.55;
2022-01-08 13:00:00;153.0;47.48;138.0;7.43;89.0;0.55;
2022-01-08 14:00:00;101.0;40.13;92.0;7.39;89.0;0.48;
2022-01-08 15:00:00;31.0;10.11;30.0;7.11;89.0;0.41;
2022-01-08 16:00:00;0.0;0.0;0.0;6.76;92.35;0.48;
2022-01-08 17:00:00;0.0;0.0;0.0;6.4;92.3;0.34;
2022-01-08 18:00:00;0.0;0.0;0.0;6.16;92.3;0.34;
2022-01-08 19:00:00;0.0;0.0;0.0;5.28;95.75;0.28;
2022-01-08 20:00:00;0.0;0.0;0.0;5.32;95.75;0.28;
2022-01-08 21:00:00;0.0;0.0;0.0;5.22;95.75;0.28;
2022-01-08 22:00:00;0.0;0.0;0.0;5.07;95.75;0.21;
2022-01-08 23:00:00;0.0;0.0;0.0;4.95;99.4;0.21;
2022-01-09 00:00:00;0.0;0.0;0.0;4.83;99.4;0.41;
2022-01-09 01:00:00;0.0;0.0;0.0;4.57;99.4;0.48;
2022-01-09 02:00:00;0.0;0.0;0.0;4.22;99.4;0.62;
2022-01-09 03:00:00;0.0;0.0;0.0;4.1;99.4;0.62;
2022-01-09 04:00:00;0.0;0.0;0.0;4.08;95.75;0.55;
2022-01-09 05:00:00;0.0;0.0;0.0;3.62;99.4;0.55;
2022-01-09 06:00:00;0.0;0.0;0.0;3.1;99.4;0.55;
2022-01-09 07:00:00;0.0;0.0;0.0;2.76;99.4;0.76;
2022-01-09 08:00:00;45.0;6.66;44.0;3.19;99.4;0.62;
2022-01-09 09:00:00;44.0;0.0;44.0;4.37;95.75;0.55;
2022-01-09 10:00:00;60.0;0.0;60.0;5.23;85.6;0.48;
2022-01-09 11:00:00;44.0;0.0;44.0;5.97;85.65;0.55;
2022-01-09 12:00:00;59.0;0.0;59.0;6.62;82.6;0.62;
2022-01-09 13:00:00;52.0;0.0;52.0;6.77;82.6;0.83;
2022-01-09 14:00:00;87.0;13.21;84.0;6.92;82.6;1.1;
2022-01-09 15:00:00;13.0;0.0;13.0;6.49;85.7;1.17;
2022-01-09 16:00:00;0.0;0.0;0.0;5.77;88.9;0.97;
2022-01-09 17:00:00;0.0;0.0;0.0;4.67;95.75;0.9;
2022-01-09 18:00:00;0.0;0.0;0.0;4.23;95.75;0.97;
2022-01-09 19:00:00;0.0;0.0;0.0;3.58;95.7;0.83;
2022-01-09 20:00:00;0.0;0.0;0.0;2.87;99.4;1.03;
2022-01-09 21:00:00;0.0;0.0;0.0;2.83;99.4;0.97;
2022-01-09 22:00:00;0.0;0.0;0.0;2.84;95.7;0.9;
2022-01-09 23:00:00;0.0;0.0;0.0;2.9;95.7;0.83;
2022-01-10 00:00:00;0.0;0.0;0.0;2.6;95.7;0.97;
2022-01-10 01:00:00;0.0;0.0;0.0;2.81;95.7;0.83;
2022-01-10 02:00:00;0.0;0.0;0.0;3.1;92.15;0.62;
2022-01-10 03:00:00;0.0;0.0;0.0;3.14;92.15;0.62;
2022-01-10 04:00:00;0.0;0.0;0.0;2.74;95.7;0.69;
2022-01-10 05:00:00;0.0;0.0;0.0;2.69;95.7;0.55;
2022-01-10 06:00:00;0.0;0.0;0.0;2.83;95.7;0.34;
2022-01-10 07:00:00;0.0;0.0;0.0;2.59;92.15;0.41;
2022-01-10 08:00:00;19.0;0.0;19.0;3.05;92.15;0.14;
2022-01-10 09:00:00;115.0;26.34;108.0;4.01;92.15;0.28;
2022-01-10 10:00:00;261.0;322.86;150.0;4.76;82.35;0.21;
2022-01-10 11:00:00;333.0;523.35;134.0;5.34;85.6;0.21;
2022-01-10 12:00:00;111.0;0.0;111.0;6.01;85.65;0.48;
2022-01-10 13:00:00;84.0;0.0;84.0;6.37;85.7;0.76;
2022-01-10 14:00:00;105.0;43.48;95.0;6.53;85.7;1.1;
2022-01-10 15:00:00;29.0;9.54;28.0;6.39;85.7;1.38;
2022-01-10 16:00:00;0.0;0.0;0.0;5.62;88.9;1.24;
2022-01-10 17:00:00;0.0;0.0;0.0;5.02;95.75;0.97;
2022-01-10 18:00:00;0.0;0.0;0.0;4.43;99.4;0.76;
2022-01-10 19:00:00;0.0;0.0;0.0;4.39;95.75;0.55;
2022-01-10 20:00:00;0.0;0.0;0.0;4.19;95.75;0.28;
2022-01-10 21:00:00;0.0;0.0;0.0;3.82;99.4;0.55;
2022-01-10 22:00:00;0.0;0.0;0.0;3.38;99.4;0.41;
2022-01-10 23:00:00;0.0;0.0;0.0;2.84;99.4;0.28;
2022-01-11 00:00:00;0.0;0.0;0.0;2.11;99.4;0.41;
2022-01-11 01:00:00;0.0;0.0;0.0;1.95;100.0;0.41;
2022-01-11 02:00:00;0.0;0.0;0.0;2.14;99.4;0.34;
2022-01-11 03:00:00;0.0;0.0;0.0;2.28;99.4;0.21;
2022-01-11 04:00:00;0.0;0.0;0.0;2.23;99.4;0.0;
2022-01-11 05:00:00;0.0;0.0;0.0;2.29;99.4;0.07;
2022-01-11 06:00:00;0.0;0.0;0.0;2.29;95.65;0.14;
2022-01-11 07:00:00;0.0;0.0;0.0;2.25;95.65;0.07;
2022-01-11 08:00:00;98.0;248.82;60.0;2.57;92.15;0.14;
2022-01-11 09:00:00;196.0;314.1;112.0;3.18;95.7;0.21;
2022-01-11 10:00:00;149.0;20.24;142.0;4.38;88.8;0.62;
2022-01-11 11:00:00;138.0;5.23;136.0;5.28;85.6;1.1;
2022-01-11 12:00:00;86.0;0.0;86.0;6.18;82.55;1.24;
2022-01-11 13:00:00;132.0;15.42;127.0;6.89;82.6;1.38;
2022-01-11 14:00:00;109.0;51.5;97.0;7.37;79.65;1.45;
2022-01-11 15:00:00;64.0;241.05;38.0;7.46;82.65;1.38;
2022-01-11 16:00:00;0.0;0.0;0.0;6.23;85.7;1.38;
2022-01-11 17:00:00;0.0;0.0;0.0;5.19;92.25;0.76;
2022-01-11 18:00:00;0.0;0.0;0.0;4.32;88.8;0.55;
2022-01-11 19:00:00;0.0;0.0;0.0;3.8;95.7;0.83;
2022-01-11 20:00:00;0.0;0.0;0.0;3.1;92.15;1.03;
2022-01-11 21:00:00;0.0;0.0;0.0;2.69;92.15;1.03;
2022-01-11 22:00:00;0.0;0.0;0.0;2.02;92.1;1.17;
2022-01-11 23:00:00;0.0;0.0;0.0;2.12;88.65;1.1;
2022-01-12 00:00:00;0.0;0.0;0.0;2.41;92.1;0.9;
2022-01-12 01:00:00;0.0;0.0;0.0;2.5;92.1;0.69;
2022-01-12 02:00:00;0.0;0.0;0.0;2.55;88.65;0.62;
2022-01-12 03:00:00;0.0;0.0;0.0;2.36;92.1;0.41;
2022-01-12 04:00:00;0.0;0.0;0.0;2.07;88.65;0.62;
2022-01-12 05:00:00;0.0;0.0;0.0;1.49;95.65;0.9;
2022-01-12 06:00:00;0.0;0.0;0.0;0.95;92.05;0.97;
2022-01-12 07:00:00;0.0;0.0;0.0;2.12;85.3;0.62;
2022-01-12 08:00:00;70.0;58.37;61.0;2.33;85.3;0.55;
2022-01-12 09:00:00;129.0;48.28;116.0;3.1;88.7;0.69;
2022-01-12 10:00:00;132.0;8.62;129.0;4.24;82.3;1.24;
2022-01-12 11:00:00;208.0;70.12;181.0;4.73;82.35;1.45;
2022-01-12 12:00:00;162.0;18.52;155.0;5.28;82.4;1.66;
2022-01-12 13:00:00;235.0;265.93;148.0;5.61;79.4;1.79;
2022-01-12 14:00:00;164.0;271.07;100.0;5.69;79.4;1.86;
2022-01-12 15:00:00;41.0;27.02;38.0;5.37;82.4;1.72;
2022-01-12 16:00:00;0.0;0.0;0.0;4.58;85.55;1.31;
2022-01-12 17:00:00;0.0;0.0;0.0;4.13;88.8;1.1;
2022-01-12 18:00:00;0.0;0.0;0.0;3.49;95.7;1.1;
2022-01-12 19:00:00;0.0;0.0;0.0;2.69;95.7;0.9;
2022-01-12 20:00:00;0.0;0.0;0.0;2.51;99.4;0.97;
2022-01-12 21:00:00;0.0;0.0;0.0;2.26;99.4;1.03;
2022-01-12 22:00:00;0.0;0.0;0.0;1.88;99.4;1.24;
2022-01-12 23:00:00;0.0;0.0;0.0;1.95;99.4;1.38;
2022-01-13 00:00:00;0.0;0.0;0.0;2.1;95.65;1.45;
2022-01-13 01:00:00;0.0;0.0;0.0;2.2;95.65;1.38;
2022-01-13 02:00:00;0.0;0.0;0.0;2.19;95.65;1.31;
2022-01-13 03:00:00;0.0;0.0;0.0;2.15;95.65;1.17;
2022-01-13 04:00:00;0.0;0.0;0.0;2.25;95.65;1.03;
2022-01-13 05:00:00;0.0;0.0;0.0;2.34;95.65;0.97;
2022-01-13 06:00:00;0.0;0.0;0.0;2.32;95.65;0.97;
2022-01-13 07:00:00;0.0;0.0;0.0;1.97;99.4;1.03;
2022-01-13 08:00:00;58.0;19.26;55.0;2.22;95.65;0.97;
2022-01-13 09:00:00;136.0;62.69;119.0;2.9;92.15;1.59;
2022-01-13 10:00:00;75.0;0.0;75.0;3.06;92.15;1.59;
2022-01-13 11:00:00;34.0;0.0;34.0;3.47;92.15;1.52;
2022-01-13 12:00:00;77.0;0.0;77.0;3.95;88.75;1.45;
2022-01-13 13:00:00;172.0;63.6;151.0;4.22;85.5;1.31;
2022-01-13 14:00:00;116.0;58.51;102.0;4.43;85.5;1.1;
2022-01-13 15:00:00;41.0;26.26;38.0;4.39;85.5;0.83;
2022-01-13 16:00:00;0.0;0.0;0.0;4.0;92.15;0.62;
2022-01-13 17:00:00;0.0;0.0;0.0;3.52;92.15;0.28;
2022-01-13 18:00:00;0.0;0.0;0.0;2.9;95.7;0.55;
2022-01-13 19:00:00;0.0;0.0;0.0;2.8;95.7;0.55;
2022-01-13 20:00:00;0.0;0.0;0.0;2.61;95.7;0.55;
2022-01-13 21:00:00;0.0;0.0;0.0;2.58;95.7;0.48;
2022-01-13 22:00:00;0.0;0.0;0.0;2.3;99.4;0.55;
2022-01-13 23:00:00;0.0;0.0;0.0;1.75;99.4;0.83;
2022-01-14 00:00:00;0.0;0.0;0.0;1.85;100.0;0.97;
2022-01-14 01:00:00;0.0;0.0;0.0;1.8;99.4;0.83;
2022-01-14 02:00:00;0.0;0.0;0.0;1.78;99.4;0.62;
2022-01-14 03:00:00;0.0;0.0;0.0;1.58;99.4;0.83;
2022-01-14 04:00:00;0.0;0.0;0.0;1.42;100.0;0.76;
2022-01-14 05:00:00;0.0;0.0;0.0;1.32;100.0;0.69;
2022-01-14 06:00:00;0.0;0.0;0.0;1.29;100.0;0.83;
2022-01-14 07:00:00;0.0;0.0;0.0;0.71;95.65;0.76;
2022-01-14 08:00:00;66.0;38.1;60.0;0.98;99.35;0.55;
2022-01-14 09:00:00;236.0;556.34;84.0;1.74;92.05;0.28;
2022-01-14 10:00:00;152.0;19.85;145.0;2.58;88.65;0.21;
2022-01-14 11:00:00;180.0;28.18;169.0;3.09;88.7;0.55;
2022-01-14 12:00:00;146.0;7.82;143.0;3.73;85.45;0.69;
2022-01-14 13:00:00;101.0;0.0;101.0;4.04;82.3;0.9;
2022-01-14 14:00:00;152.0;181.4;108.0;4.15;82.3;0.97;
2022-01-14 15:00:00;55.0;93.58;44.0;3.85;85.45;1.03;
2022-01-14 16:00:00;0.0;0.0;0.0;3.26;92.15;0.97;
2022-01-14 17:00:00;0.0;0.0;0.0;2.72;95.7;0.69;
2022-01-14 18:00:00;0.0;0.0;0.0;2.34;99.4;0.69;
2022-01-14 19:00:00;0.0;0.0;0.0;2.02;99.4;1.03;
2022-01-14 20:00:00;0.0;0.0;0.0;1.66;99.4;0.69;
2022-01-14 21:00:00;0.0;0.0;0.0;1.87;99.4;0.48;
2022-01-14 22:00:00;0.0;0.0;0.0;1.94;100.0;0.07;
2022-01-14 23:00:00;0.0;0.0;0.0;1.62;99.4;0.48;
2022-01-15 00:00:00;0.0;0.0;0.0;1.28;100.0;0.55;
2022-01-15 01:00:00;0.0;0.0;0.0;1.25;100.0;0.48;
2022-01-15 02:00:00;0.0;0.0;0.0;1.25;100.0;0.55;
2022-01-15 03:00:00;0.0;0.0;0.0;1.22;99.35;0.62;
2022-01-15 04:00:00;0.0;0.0;0.0;1.12;99.35;0.62;
2022-01-15 05:00:00;0.0;0.0;0.0;1.07;99.35;0.41;
2022-01-15 06:00:00;0.0;0.0;0.0;1.05;99.35;0.28;
2022-01-15 07:00:00;0.0;0.0;0.0;0.98;99.35;1.24;
2022-01-15 08:00:00;26.0;0.0;26.0;1.27;95.65;1.72;
2022-01-15 09:00:00;130.0;43.58;118.0;1.74;92.05;2.14;
2022-01-15 10:00:00;130.0;5.63;128.0;2.33;92.1;2.34;
2022-01-15 11:00:00;161.0;12.72;156.0;3.01;88.65;2.76;
2022-01-15 12:00:00;116.0;0.0;116.0;3.25;85.4;2.9;
2022-01-15 13:00:00;56.0;0.0;56.0;3.41;85.4;3.17;
2022-01-15 14:00:00;88.0;8.13;86.0;3.18;88.7;2.55;
2022-01-15 15:00:00;55.0;74.42;46.0;2.5;95.65;1.72;
2022-01-15 16:00:00;0.0;0.0;0.0;1.8;99.4;1.31;
2022-01-15 17:00:00;0.0;0.0;0.0;1.5;100.0;1.38;
2022-01-15 18:00:00;0.0;0.0;0.0;1.48;99.35;1.38;
2022-01-15 19:00:00;0.0;0.0;0.0;0.89;99.35;0.9;
2022-01-15 20:00:00;0.0;0.0;0.0;0.95;99.35;1.72;
2022-01-15 21:00:00;0.0;0.0;0.0;0.93;99.35;1.93;
2022-01-15 22:00:00;0.0;0.0;0.0;0.94;99.35;1.52;
2022-01-15 23:00:00;0.0;0.0;0.0;0.9;99.35;1.52;
2022-01-16 00:00:00;0.0;0.0;0.0;0.86;95.65;1.52;
2022-01-16 01:00:00;0.0;0.0;0.0;0.72;95.65;1.24;
2022-01-16 02:00:00;0.0;0.0;0.0;0.68;95.65;1.24;
2022-01-16 03:00:00;0.0;0.0;0.0;0.44;95.65;1.38;
2022-01-16 04:00:00;0.0;0.0;0.0;0.31;95.65;1.66;
2022-01-16 05:00:00;0.0;0.0;0.0;0.39;92.0;1.72;
2022-01-16 06:00:00;0.0;0.0;0.0;0.45;92.0;1.86;
2022-01-16 07:00:00;0.0;0.0;0.0;0.79;88.55;1.66;
2022-01-16 08:00:00;38.0;0.0;38.0;0.52;85.2;1.59;
2022-01-16 09:00:00;149.0;79.24;127.0;1.24;88.55;1.31;
2022-01-16 10:00:00;47.0;0.0;47.0;2.39;82.05;1.1;
2022-01-16 11:00:00;81.0;0.0;81.0;3.05;73.2;0.97;
2022-01-16 12:00:00;42.0;0.0;42.0;3.79;67.8;0.83;
2022-01-16 13:00:00;56.0;0.0;56.0;4.3;65.3;0.41;
2022-01-16 14:00:00;45.0;0.0;45.0;4.23;65.3;0.48;
2022-01-16 15:00:00;37.0;8.04;36.0;2.52;76.0;0.97;
2022-01-16 16:00:00;0.0;0.0;0.0;1.67;82.0;1.24;
2022-01-16 17:00:00;0.0;0.0;0.0;0.75;78.8;1.52;
2022-01-16 18:00:00;0.0;0.0;0.0;-0.23;75.6;1.79;
2022-01-16 19:00:00;0.0;0.0;0.0;-0.61;72.6;2.21;
2022-01-16 20:00:00;0.0;0.0;0.0;-1.04;72.5;2.21;
2022-01-16 21:00:00;0.0;0.0;0.0;-1.2;75.45;2.41;
2022-01-16 22:00:00;0.0;0.0;0.0;-1.23;72.5;2.48;
2022-01-16 23:00:00;0.0;0.0;0.0;-0.97;72.6;2.62;
2022-01-17 00:00:00;0.0;0.0;0.0;-0.66;72.6;2.55;
2022-01-17 01:00:00;0.0;0.0;0.0;-0.59;72.6;2.48;
2022-01-17 02:00:00;0.0;0.0;0.0;-0.76;72.6;2.28;
2022-01-17 03:00:00;0.0;0.0;0.0;-1.04;75.45;2.07;
2022-01-17 04:00:00;0.0;0.0;0.0;-1.46;75.45;2.0;
2022-01-17 05:00:00;0.0;0.0;0.0;-1.76;75.35;1.93;
2022-01-17 06:00:00;0.0;0.0;0.0;-1.94;72.4;1.86;
2022-01-17 07:00:00;0.0;0.0;0.0;-1.83;72.4;2.41;
2022-01-17 08:00:00;120.0;373.52;59.0;-1.55;72.4;2.28;
2022-01-17 09:00:00;209.0;314.25;121.0;-0.41;67.1;2.07;
2022-01-17 10:00:00;273.0;296.87;166.0;0.76;64.65;2.07;
2022-01-17 11:00:00;272.0;187.95;197.0;2.36;59.95;1.93;
2022-01-17 12:00:00;310.0;338.24;177.0;3.13;57.8;1.52;
2022-01-17 13:00:00;251.0;267.94;159.0;4.83;35.9;0.97;
2022-01-17 14:00:00;155.0;150.27;117.0;4.89;35.9;0.83;
2022-01-17 15:00:00;100.0;539.41;31.0;4.43;45.7;0.69;
2022-01-17 16:00:00;0.0;0.0;0.0;2.54;55.45;1.17;
2022-01-17 17:00:00;0.0;0.0;0.0;-0.69;59.35;2.0;
2022-01-17 18:00:00;0.0;0.0;0.0;-3.21;61.2;2.76;
2022-01-17 19:00:00;0.0;0.0;0.0;-3.85;49.55;3.59;
2022-01-17 20:00:00;0.0;0.0;0.0;-4.63;53.65;3.38;
2022-01-17 21:00:00;0.0;0.0;0.0;-5.36;53.5;3.17;
2022-01-17 22:00:00;0.0;0.0;0.0;-5.27;53.5;2.97;
2022-01-17 23:00:00;0.0;0.0;0.0;-5.18;51.25;2.69;
2022-01-18 00:00:00;0.0;0.0;0.0;-5.06;51.25;2.55;
2022-01-18 01:00:00;0.0;0.0;0.0;-5.43;51.25;2.48;
2022-01-18 02:00:00;0.0;0.0;0.0;-5.53;49.1;2.34;
2022-01-18 03:00:00;0.0;0.0;0.0;-4.41;47.35;2.07;
2022-01-18 04:00:00;0.0;0.0;0.0;-1.89;42.35;1.59;
2022-01-18 05:00:00;0.0;0.0;0.0;-1.63;44.15;1.17;
2022-01-18 06:00:00;0.0;0.0;0.0;-1.94;46.05;0.97;
2022-01-18 07:00:00;0.0;0.0;0.0;-1.03;46.2;1.03;
2022-01-18 08:00:00;142.0;622.46;39.0;-0.73;50.35;0.97;
2022-01-18 09:00:00;276.0;778.69;56.0;0.86;52.85;0.9;
2022-01-18 10:00:00;367.0;812.12;72.0;2.62;47.15;0.9;
2022-01-18 11:00:00;416.0;852.93;73.0;3.21;49.25;1.03;
2022-01-18 12:00:00;413.0;875.03;66.0;2.9;67.6;1.38;
2022-01-18 13:00:00;356.0;861.99;57.0;2.93;67.6;1.45;
2022-01-18 14:00:00;249.0;791.51;46.0;3.11;62.6;1.31;
2022-01-18 15:00:00;103.0;524.64;34.0;2.62;67.6;1.31;
2022-01-18 16:00:00;0.0;0.0;0.0;4.24;51.55;0.97;
2022-01-18 17:00:00;0.0;0.0;0.0;3.2;55.55;0.14;
2022-01-18 18:00:00;0.0;0.0;0.0;2.16;59.95;0.55;
2022-01-18 19:00:00;0.0;0.0;0.0;0.64;67.3;1.38;
2022-01-18 20:00:00;0.0;0.0;0.0;0.12;69.95;1.17;
2022-01-18 21:00:00;0.0;0.0;0.0;-0.15;72.65;0.97;
2022-01-18 22:00:00;0.0;0.0;0.0;-0.4;72.65;0.69;
2022-01-18 23:00:00;0.0;0.0;0.0;-0.58;75.55;0.62;
2022-01-19 00:00:00;0.0;0.0;0.0;-0.77;75.55;0.55;
2022-01-19 01:00:00;0.0;0.0;0.0;-0.44;72.65;0.62;
2022-01-19 02:00:00;0.0;0.0;0.0;-0.23;72.65;0.62;
2022-01-19 03:00:00;0.0;0.0;0.0;-0.12;72.65;0.69;
2022-01-19 04:00:00;0.0;0.0;0.0;-0.55;75.55;0.97;
2022-01-19 05:00:00;0.0;0.0;0.0;-0.42;72.65;0.69;
2022-01-19 06:00:00;0.0;0.0;0.0;-0.47;72.65;0.28;
2022-01-19 07:00:00;0.0;0.0;0.0;0.26;69.95;0.62;
2022-01-19 08:00:00;51.0;5.96;50.0;0.65;70.05;0.55;
2022-01-19 09:00:00;99.0;3.51;98.0;1.74;70.1;0.41;
2022-01-19 10:00:00;65.0;0.0;65.0;2.74;65.0;0.28;
2022-01-19 11:00:00;89.0;0.0;89.0;2.88;67.6;0.62;
2022-01-19 12:00:00;40.0;0.0;40.0;2.66;70.3;0.76;
2022-01-19 13:00:00;62.0;0.0;62.0;2.71;70.3;0.55;
2022-01-19 14:00:00;43.0;0.0;43.0;2.65;73.1;0.48;
2022-01-19 15:00:00;9.0;0.0;9.0;2.39;78.95;0.34;
2022-01-19 16:00:00;0.0;0.0;0.0;1.74;85.25;0.34;
2022-01-19 17:00:00;0.0;0.0;0.0;0.99;88.55;0.62;
2022-01-19 18:00:00;0.0;0.0;0.0;0.6;92.05;0.62;
2022-01-19 19:00:00;0.0;0.0;0.0;0.54;88.55;0.41;
2022-01-19 20:00:00;0.0;0.0;0.0;0.51;92.05;0.34;
2022-01-19 21:00:00;0.0;0.0;0.0;0.28;95.65;0.55;
2022-01-19 22:00:00;0.0;0.0;0.0;0.02;92.0;0.69;
2022-01-19 23:00:00;0.0;0.0;0.0;-0.01;99.4;0.83;
2022-01-20 00:00:00;0.0;0.0;0.0;-0.01;99.4;1.1;
2022-01-20 01:00:00;0.0;0.0;0.0;0.27;95.65;1.24;
2022-01-20 02:00:00;0.0;0.0;0.0;0.42;99.4;1.31;
2022-01-20 03:00:00;0.0;0.0;0.0;0.55;95.65;1.31;
2022-01-20 04:00:00;0.0;0.0;0.0;0.61;95.65;1.24;
2022-01-20 05:00:00;0.0;0.0;0.0;0.81;95.65;1.24;
2022-01-20 06:00:00;0.0;0.0;0.0;0.92;95.65;0.9;
2022-01-20 07:00:00;0.0;0.0;0.0;0.61;92.05;0.76;
2022-01-20 08:00:00;33.0;0.0;33.0;0.51;95.65;0.9;
2022-01-20 09:00:00;53.0;0.0;53.0;0.53;95.65;0.97;
2022-01-20 10:00:00;63.0;0.0;63.0;0.6;95.65;0.97;
2022-01-20 11:00:00;113.0;0.0;113.0;0.96;99.35;1.38;
2022-01-20 12:00:00;98.0;0.0;98.0;2.38;95.65;0.41;
2022-01-20 13:00:00;66.0;0.0;66.0;2.55;95.7;0.48;
2022-01-20 14:00:00;23.0;0.0;23.0;2.91;92.15;0.55;
2022-01-20 15:00:00;42.0;7.2;41.0;2.24;95.65;0.9;
2022-01-20 16:00:00;0.0;0.0;0.0;1.8;99.4;1.03;
2022-01-20 17:00:00;0.0;0.0;0.0;1.54;95.65;1.17;
2022-01-20 18:00:00;0.0;0.0;0.0;1.48;99.35;1.17;
2022-01-20 19:00:00;0.0;0.0;0.0;2.14;95.65;0.62;
2022-01-20 20:00:00;0.0;0.0;0.0;2.21;95.65;0.69;
2022-01-20 21:00:00;0.0;0.0;0.0;1.42;99.35;1.17;
2022-01-20 22:00:00;0.0;0.0;0.0;1.59;95.65;1.17;
2022-01-20 23:00:00;0.0;0.0;0.0;2.4;95.65;0.83;
2022-01-21 00:00:00;0.0;0.0;0.0;2.66;95.7;0.69;
2022-01-21 01:00:00;0.0;0.0;0.0;2.49;99.4;0.69;
2022-01-21 02:00:00;0.0;0.0;0.0;2.47;99.4;0.62;
2022-01-21 03:00:00;0.0;0.0;0.0;2.17;95.65;0.83;
2022-01-21 04:00:00;0.0;0.0;0.0;1.82;99.4;1.03;
2022-01-21 05:00:00;0.0;0.0;0.0;1.87;99.4;1.03;
2022-01-21 06:00:00;0.0;0.0;0.0;1.71;99.4;1.1;
2022-01-21 07:00:00;0.0;0.0;0.0;1.67;99.4;0.83;
2022-01-21 08:00:00;0.0;0.0;0.0;1.77;99.4;1.03;
2022-01-21 09:00:00;0.0;0.0;0.0;1.79;99.4;1.31;
2022-01-21 10:00:00;90.0;0.0;90.0;2.13;95.65;1.38;
2022-01-21 11:00:00;41.0;0.0;41.0;2.21;95.65;1.45;
2022-01-21 12:00:00;36.0;0.0;36.0;2.69;95.7;1.79;
2022-01-21 13:00:00;85.0;0.0;85.0;2.89;95.7;1.86;
2022-01-21 14:00:00;144.0;93.38;119.0;2.9;95.7;1.79;
2022-01-21 15:00:00;53.0;21.02;50.0;2.63;95.7;1.72;
2022-01-21 16:00:00;0.0;0.0;0.0;2.12;95.65;1.66;
2022-01-21 17:00:00;0.0;0.0;0.0;2.02;95.65;1.52;
2022-01-21 18:00:00;0.0;0.0;0.0;2.11;95.65;1.31;
2022-01-21 19:00:00;0.0;0.0;0.0;2.01;99.4;0.97;
2022-01-21 20:00:00;0.0;0.0;0.0;1.6;99.4;0.9;
2022-01-21 21:00:00;0.0;0.0;0.0;1.02;99.35;0.97;
2022-01-21 22:00:00;0.0;0.0;0.0;0.36;99.4;0.97;
2022-01-21 23:00:00;0.0;0.0;0.0;0.49;99.4;0.97;
2022-01-22 00:00:00;0.0;0.0;0.0;0.6;92.05;0.9;
2022-01-22 01:00:00;0.0;0.0;0.0;0.45;95.65;0.83;
2022-01-22 02:00:00;0.0;0.0;0.0;0.43;95.65;0.83;
2022-01-22 03:00:00;0.0;0.0;0.0;0.12;92.0;0.83;
2022-01-22 04:00:00;0.0;0.0;0.0;0.26;92.0;0.76;
2022-01-22 05:00:00;0.0;0.0;0.0;0.36;92.0;0.9;
2022-01-22 06:00:00;0.0;0.0;0.0;0.25;92.0;0.97;
2022-01-22 07:00:00;3.0;0.0;3.0;0.76;92.05;0.76;
2022-01-22 08:00:00;25.0;0.0;25.0;1.0;92.05;1.03;
2022-01-22 09:00:00;28.0;0.0;28.0;1.65;95.65;1.17;
2022-01-22 10:00:00;65.0;0.0;65.0;2.57;92.15;1.52;
2022-01-22 11:00:00;242.0;98.67;201.0;3.12;88.7;1.24;
2022-01-22 12:00:00;201.0;41.38;184.0;4.84;82.35;1.03;
2022-01-22 13:00:00;336.0;660.71;97.0;5.19;79.35;1.1;
2022-01-22 14:00:00;251.0;717.96;56.0;4.67;82.35;1.24;
2022-01-22 15:00:00;112.0;491.22;40.0;4.73;79.3;1.24;
2022-01-22 16:00:00;0.0;0.0;0.0;4.25;82.3;1.24;
2022-01-22 17:00:00;0.0;0.0;0.0;4.22;85.5;1.1;
2022-01-22 18:00:00;0.0;0.0;0.0;3.46;92.15;1.1;
2022-01-22 19:00:00;0.0;0.0;0.0;3.28;88.7;1.38;
2022-01-22 20:00:00;0.0;0.0;0.0;-0.86;91.95;2.0;
2022-01-22 21:00:00;0.0;0.0;0.0;-0.85;95.6;1.72;
2022-01-22 22:00:00;0.0;0.0;0.0;0.68;95.65;1.17;
2022-01-22 23:00:00;0.0;0.0;0.0;0.02;92.0;0.55;
2022-01-23 00:00:00;0.0;0.0;0.0;-0.18;95.6;0.48;
2022-01-23 01:00:00;0.0;0.0;0.0;-0.62;95.6;0.97;
2022-01-23 02:00:00;0.0;0.0;0.0;-0.9;91.95;1.17;
2022-01-23 03:00:00;0.0;0.0;0.0;-0.29;92.0;0.76;
2022-01-23 04:00:00;0.0;0.0;0.0;-0.45;92.0;0.48;
2022-01-23 05:00:00;0.0;0.0;0.0;-0.66;95.6;0.62;
2022-01-23 06:00:00;0.0;0.0;0.0;-1.44;91.95;1.1;
2022-01-23 07:00:00;7.0;0.0;7.0;-1.88;88.35;1.66;
2022-01-23 08:00:00;141.0;483.34;55.0;-0.71;88.45;1.17;
2022-01-23 09:00:00;240.0;428.17;113.0;0.77;88.55;0.97;
2022-01-23 10:00:00;281.0;279.77;175.0;2.38;88.65;1.1;
2022-01-23 11:00:00;203.0;35.79;188.0;2.96;85.35;1.45;
2022-01-23 12:00:00;307.0;270.13;195.0;3.87;82.25;2.07;
2022-01-23 13:00:00;189.0;57.43;168.0;4.06;79.2;2.21;
2022-01-23 14:00:00;192.0;257.66;121.0;4.14;79.2;2.21;
2022-01-23 15:00:00;72.0;79.74;60.0;3.99;82.25;1.72;
2022-01-23 16:00:00;0.0;0.0;0.0;4.61;79.3;1.38;
2022-01-23 17:00:00;0.0;0.0;0.0;3.32;85.4;1.59;
2022-01-23 18:00:00;0.0;0.0;0.0;2.39;92.1;1.86;
2022-01-23 19:00:00;0.0;0.0;0.0;1.78;92.05;1.66;
2022-01-23 20:00:00;0.0;0.0;0.0;1.48;95.65;1.72;
2022-01-23 21:00:00;0.0;0.0;0.0;1.68;92.05;1.72;
2022-01-23 22:00:00;0.0;0.0;0.0;1.78;92.05;1.66;
2022-01-23 23:00:00;0.0;0.0;0.0;1.72;92.05;1.66;
2022-01-24 00:00:00;0.0;0.0;0.0;1.59;92.05;1.59;
2022-01-24 01:00:00;0.0;0.0;0.0;1.43;95.65;1.45;
2022-01-24 02:00:00;0.0;0.0;0.0;1.28;92.05;1.38;
2022-01-24 03:00:00;0.0;0.0;0.0;0.94;92.05;1.45;
2022-01-24 04:00:00;0.0;0.0;0.0;0.73;88.55;1.38;
2022-01-24 05:00:00;0.0;0.0;0.0;-0.07;92.0;1.45;
2022-01-24 06:00:00;0.0;0.0;0.0;-0.77;91.95;1.38;
2022-01-24 07:00:00;6.0;0.0;6.0;-1.67;88.35;1.66;
2022-01-24 08:00:00;161.0;697.12;35.0;-0.45;85.1;1.52;
2022-01-24 09:00:00;286.0;753.98;60.0;1.78;88.6;1.38;
2022-01-24 10:00:00;349.0;601.62;119.0;3.38;85.4;1.52;
2022-01-24 11:00:00;439.0;891.67;62.0;3.76;82.25;1.66;
2022-01-24 12:00:00;424.0;841.14;72.0;4.33;79.2;1.72;
2022-01-24 13:00:00;356.0;735.87;84.0;4.59;76.3;1.79;
2022-01-24 14:00:00;240.0;550.83;86.0;4.5;79.2;1.79;
2022-01-24 15:00:00;110.0;369.01;53.0;4.79;76.3;1.52;
2022-01-24 16:00:00;0.0;0.0;0.0;3.56;82.25;1.59;
2022-01-24 17:00:00;0.0;0.0;0.0;4.0;82.25;1.31;
2022-01-24 18:00:00;0.0;0.0;0.0;4.37;82.3;0.97;
2022-01-24 19:00:00;0.0;0.0;0.0;4.19;82.3;0.34;
2022-01-24 20:00:00;0.0;0.0;0.0;3.45;82.2;0.83;
2022-01-24 21:00:00;0.0;0.0;0.0;1.55;85.25;1.52;
2022-01-24 22:00:00;0.0;0.0;0.0;-0.83;85.05;1.66;
2022-01-24 23:00:00;0.0;0.0;0.0;-1.19;85.0;1.66;
2022-01-25 00:00:00;0.0;0.0;0.0;-1.74;81.65;1.72;
2022-01-25 01:00:00;0.0;0.0;0.0;-1.42;75.45;1.66;
2022-01-25 02:00:00;0.0;0.0;0.0;-1.59;72.4;1.66;
2022-01-25 03:00:00;0.0;0.0;0.0;-2.73;69.35;1.79;
2022-01-25 04:00:00;0.0;0.0;0.0;-2.89;66.6;1.79;
2022-01-25 05:00:00;0.0;0.0;0.0;-3.16;63.8;1.79;
2022-01-25 06:00:00;0.0;0.0;0.0;-3.17;63.8;1.72;
2022-01-25 07:00:00;9.0;0.0;9.0;-2.4;58.95;2.0;
2022-01-25 08:00:00;159.0;631.59;43.0;0.03;54.95;1.59;
2022-01-25 09:00:00;295.0;785.55;57.0;2.77;57.7;0.9;
2022-01-25 10:00:00;384.0;790.52;79.0;4.74;51.7;0.55;
2022-01-25 11:00:00;430.0;799.41;89.0;5.12;65.55;1.52;
2022-01-25 12:00:00;439.0;880.63;67.0;4.38;73.4;2.0;
2022-01-25 13:00:00;367.0;765.35;81.0;3.95;79.15;2.0;
2022-01-25 14:00:00;266.0;712.11;64.0;4.3;79.2;1.86;
2022-01-25 15:00:00;127.0;536.29;42.0;4.26;79.2;1.52;
2022-01-25 16:00:00;0.0;0.0;0.0;4.07;82.3;1.24;
2022-01-25 17:00:00;0.0;0.0;0.0;2.86;88.65;1.31;
2022-01-25 18:00:00;0.0;0.0;0.0;2.42;88.65;1.38;
2022-01-25 19:00:00;0.0;0.0;0.0;2.67;85.35;1.45;
2022-01-25 20:00:00;0.0;0.0;0.0;0.4;85.15;1.66;
2022-01-25 21:00:00;0.0;0.0;0.0;-1.22;88.4;1.86;
2022-01-25 22:00:00;0.0;0.0;0.0;-0.73;88.45;2.0;
2022-01-25 23:00:00;0.0;0.0;0.0;-1.18;88.4;2.14;
2022-01-26 00:00:00;0.0;0.0;0.0;-0.65;88.45;2.21;
2022-01-26 01:00:00;0.0;0.0;0.0;0.09;85.15;2.0;
2022-01-26 02:00:00;0.0;0.0;0.0;0.57;85.2;2.07;
2022-01-26 03:00:00;0.0;0.0;0.0;0.53;81.95;2.0;
2022-01-26 04:00:00;0.0;0.0;0.0;0.54;81.95;1.79;
2022-01-26 05:00:00;0.0;0.0;0.0;0.0;81.9;1.59;
2022-01-26 06:00:00;0.0;0.0;0.0;-0.92;81.75;1.45;
2022-01-26 07:00:00;9.0;0.0;9.0;-1.07;81.7;1.31;
2022-01-26 08:00:00;104.0;123.2;81.0;0.97;78.8;0.69;
2022-01-26 09:00:00;157.0;58.77;139.0;2.39;78.95;0.69;
2022-01-26 10:00:00;335.0;475.05;150.0;2.35;82.05;1.31;
2022-01-26 11:00:00;346.0;355.47;193.0;4.15;73.4;1.1;
2022-01-26 12:00:00;415.0;712.87;111.0;4.14;70.6;0.76;
2022-01-26 13:00:00;374.0;783.47;78.0;5.06;63.05;0.48;
2022-01-26 14:00:00;275.0;757.45;57.0;5.21;60.65;0.0;
2022-01-26 15:00:00;124.0;442.86;52.0;5.11;60.65;0.41;
2022-01-26 16:00:00;0.0;0.0;0.0;4.64;68.0;0.69;
2022-01-26 17:00:00;0.0;0.0;0.0;3.76;67.8;0.34;
2022-01-26 18:00:00;0.0;0.0;0.0;2.96;73.1;0.21;
2022-01-26 19:00:00;0.0;0.0;0.0;2.6;76.0;0.34;
2022-01-26 20:00:00;0.0;0.0;0.0;2.13;78.95;0.83;
2022-01-26 21:00:00;0.0;0.0;0.0;1.4;81.95;0.9;
2022-01-26 22:00:00;0.0;0.0;0.0;0.59;81.95;0.97;
2022-01-26 23:00:00;0.0;0.0;0.0;-0.2;85.1;1.17;
2022-01-27 00:00:00;0.0;0.0;0.0;-0.69;88.45;1.1;
2022-01-27 01:00:00;0.0;0.0;0.0;-0.98;85.05;1.24;
2022-01-27 02:00:00;0.0;0.0;0.0;-1.18;88.4;1.17;
2022-01-27 03:00:00;0.0;0.0;0.0;-1.41;85.0;1.17;
2022-01-27 04:00:00;0.0;0.0;0.0;-1.82;88.35;1.24;
2022-01-27 05:00:00;0.0;0.0;0.0;-1.91;84.95;1.03;
2022-01-27 06:00:00;0.0;0.0;0.0;-1.77;84.95;0.76;
2022-01-27 07:00:00;2.0;0.0;2.0;-1.85;81.65;0.9;
2022-01-27 08:00:00;116.0;179.12;82.0;-0.68;81.75;0.69;
2022-01-27 09:00:00;209.0;209.86;144.0;1.57;75.85;0.9;
2022-01-27 10:00:00;296.0;297.6;179.0;2.33;73.0;1.1;
2022-01-27 11:00:00;364.0;425.93;179.0;4.22;67.9;0.76;
2022-01-27 12:00:00;376.0;499.36;161.0;5.52;60.65;0.62;
2022-01-27 13:00:00;329.0;492.15;141.0;5.98;58.45;0.83;
2022-01-27 14:00:00;188.0;181.5;135.0;5.92;58.45;0.83;
2022-01-27 15:00:00;74.0;47.99;66.0;5.61;60.75;0.9;
2022-01-27 16:00:00;0.0;0.0;0.0;4.26;76.25;0.83;
2022-01-27 17:00:00;0.0;0.0;0.0;4.23;67.9;0.21;
2022-01-27 18:00:00;0.0;0.0;0.0;1.78;78.9;1.17;
2022-01-27 19:00:00;0.0;0.0;0.0;1.4;85.2;1.31;
2022-01-27 20:00:00;0.0;0.0;0.0;2.61;79.0;0.83;
2022-01-27 21:00:00;0.0;0.0;0.0;2.6;79.0;0.62;
2022-01-27 22:00:00;0.0;0.0;0.0;2.38;82.05;0.76;
2022-01-27 23:00:00;0.0;0.0;0.0;2.34;85.3;0.76;
2022-01-28 00:00:00;0.0;0.0;0.0;1.7;88.6;0.97;
2022-01-28 01:00:00;0.0;0.0;0.0;1.05;92.05;1.17;
2022-01-28 02:00:00;0.0;0.0;0.0;1.12;92.05;1.17;
2022-01-28 03:00:00;0.0;0.0;0.0;1.0;92.05;1.17;
2022-01-28 04:00:00;0.0;0.0;0.0;1.35;92.05;1.03;
2022-01-28 05:00:00;0.0;0.0;0.0;1.61;88.6;0.9;
2022-01-28 06:00:00;0.0;0.0;0.0;1.87;92.05;0.76;
2022-01-28 07:00:00;10.0;0.0;10.0;2.23;88.65;0.62;
2022-01-28 08:00:00;24.0;0.0;24.0;1.69;92.05;0.83;
2022-01-28 09:00:00;48.0;0.0;48.0;2.23;95.65;0.62;
2022-01-28 10:00:00;75.0;0.0;75.0;3.03;88.7;0.69;
2022-01-28 11:00:00;83.0;0.0;83.0;3.28;88.7;0.62;
2022-01-28 12:00:00;117.0;0.0;117.0;3.85;88.75;0.62;
2022-01-28 13:00:00;143.0;7.77;140.0;4.22;85.5;0.9;
2022-01-28 14:00:00;113.0;10.13;110.0;4.7;82.35;1.17;
2022-01-28 15:00:00;70.0;35.11;64.0;4.57;85.55;1.59;
2022-01-28 16:00:00;0.0;0.0;0.0;3.99;92.15;1.17;
2022-01-28 17:00:00;0.0;0.0;0.0;2.95;99.4;1.1;
2022-01-28 18:00:00;0.0;0.0;0.0;2.74;95.7;0.76;
2022-01-28 19:00:00;0.0;0.0;0.0;1.44;99.35;0.07;
2022-01-28 20:00:00;0.0;0.0;0.0;1.29;99.35;0.21;
2022-01-28 21:00:00;0.0;0.0;0.0;0.95;95.65;0.55;
2022-01-28 22:00:00;0.0;0.0;0.0;0.39;95.65;0.62;
2022-01-28 23:00:00;0.0;0.0;0.0;-0.76;95.6;1.03;
2022-01-29 00:00:00;0.0;0.0;0.0;-1.37;95.6;1.03;
2022-01-29 01:00:00;0.0;0.0;0.0;-1.35;95.6;1.03;
2022-01-29 02:00:00;0.0;0.0;0.0;-1.07;95.6;1.1;
2022-01-29 03:00:00;0.0;0.0;0.0;-1.05;95.6;0.9;
2022-01-29 04:00:00;0.0;0.0;0.0;-1.12;91.95;1.03;
2022-01-29 05:00:00;0.0;0.0;0.0;-1.11;91.95;1.03;
2022-01-29 06:00:00;0.0;0.0;0.0;-1.17;91.95;1.24;
2022-01-29 07:00:00;12.0;21.06;11.0;-1.04;91.95;1.24;
2022-01-29 08:00:00;98.0;76.39;83.0;0.26;92.0;1.24;
2022-01-29 09:00:00;160.0;56.8;142.0;1.86;92.05;1.31;
2022-01-29 10:00:00;279.0;219.55;191.0;3.47;85.4;1.45;
2022-01-29 11:00:00;244.0;74.58;211.0;5.02;79.3;1.72;
2022-01-29 12:00:00;389.0;530.8;156.0;6.0;73.65;1.86;
2022-01-29 13:00:00;293.0;299.56;176.0;6.51;73.7;1.93;
2022-01-29 14:00:00;245.0;455.79;108.0;6.81;71.05;2.21;
2022-01-29 15:00:00;131.0;428.27;56.0;6.18;73.7;2.14;
2022-01-29 16:00:00;0.0;0.0;0.0;5.2;79.35;1.93;
2022-01-29 17:00:00;0.0;0.0;0.0;3.47;88.7;2.07;
2022-01-29 18:00:00;0.0;0.0;0.0;2.48;92.1;1.86;
2022-01-29 19:00:00;0.0;0.0;0.0;1.4;92.05;1.86;
2022-01-29 20:00:00;0.0;0.0;0.0;0.71;88.55;1.52;
2022-01-29 21:00:00;0.0;0.0;0.0;0.28;88.5;1.38;
2022-01-29 22:00:00;0.0;0.0;0.0;-0.06;88.45;1.31;
2022-01-29 23:00:00;0.0;0.0;0.0;-0.57;88.45;1.38;
2022-01-30 00:00:00;0.0;0.0;0.0;-0.61;88.45;1.24;
2022-01-30 01:00:00;0.0;0.0;0.0;0.47;85.15;0.83;
2022-01-30 02:00:00;0.0;0.0;0.0;0.34;85.15;0.83;
2022-01-30 03:00:00;0.0;0.0;0.0;0.16;85.15;0.9;
2022-01-30 04:00:00;0.0;0.0;0.0;-0.79;88.45;1.24;
2022-01-30 05:00:00;0.0;0.0;0.0;-1.28;88.4;1.45;
2022-01-30 06:00:00;0.0;0.0;0.0;-1.53;91.9;1.59;
2022-01-30 07:00:00;16.0;39.52;14.0;-0.92;88.45;1.1;
2022-01-30 08:00:00;103.0;90.09;85.0;1.46;92.05;0.62;
2022-01-30 09:00:00;148.0;37.43;136.0;3.94;88.75;0.69;
2022-01-30 10:00:00;192.0;34.59;178.0;6.74;76.65;1.17;
2022-01-30 11:00:00;236.0;60.45;209.0;8.18;71.35;1.31;
2022-01-30 12:00:00;208.0;31.58;194.0;9.68;69.0;1.59;
2022-01-30 13:00:00;180.0;27.85;169.0;10.29;69.1;1.93;
2022-01-30 14:00:00;139.0;36.07;128.0;10.56;69.1;1.93;
2022-01-30 15:00:00;98.0;133.78;74.0;10.38;71.7;1.52;
2022-01-30 16:00:00;0.0;0.0;0.0;9.08;79.85;1.59;
2022-01-30 17:00:00;0.0;0.0;0.0;6.51;92.3;1.72;
2022-01-30 18:00:00;0.0;0.0;0.0;4.83;92.25;1.59;
2022-01-30 19:00:00;0.0;0.0;0.0;4.48;95.75;1.1;
2022-01-30 20:00:00;0.0;0.0;0.0;3.42;95.7;1.1;
2022-01-30 21:00:00;0.0;0.0;0.0;2.92;99.4;0.97;
2022-01-30 22:00:00;0.0;0.0;0.0;0.93;99.35;1.31;
2022-01-30 23:00:00;0.0;0.0;0.0;1.2;99.35;1.38;
2022-01-31 00:00:00;0.0;0.0;0.0;0.19;95.65;1.86;
2022-01-31 01:00:00;0.0;0.0;0.0;0.11;92.0;2.21;
2022-01-31 02:00:00;0.0;0.0;0.0;0.4;95.65;2.21;
2022-01-31 03:00:00;0.0;0.0;0.0;0.81;92.05;2.28;
2022-01-31 04:00:00;0.0;0.0;0.0;1.2;95.65;2.48;
2022-01-31 05:00:00;0.0;0.0;0.0;1.79;92.05;2.34;
2022-01-31 06:00:00;0.0;0.0;0.0;1.77;92.05;2.21;
2022-01-31 07:00:00;18.0;55.73;15.0;1.47;95.65;1.79;
2022-01-31 08:00:00;107.0;93.45;88.0;2.41;92.1;2.07;
2022-01-31 09:00:00;158.0;46.24;143.0;5.02;85.55;1.93;
2022-01-31 10:00:00;180.0;19.57;172.0;7.02;79.55;1.59;
2022-01-31 11:00:00;216.0;33.27;201.0;9.63;69.0;1.17;
2022-01-31 12:00:00;173.0;6.7;170.0;11.36;64.35;0.83;
2022-01-31 13:00:00;189.0;35.05;175.0;12.47;59.85;0.48;
2022-01-31 14:00:00;143.0;35.56;132.0;12.84;59.95;0.34;
2022-01-31 15:00:00;54.0;0.0;54.0;12.37;66.85;0.83;
2022-01-31 16:00:00;2.0;0.0;2.0;7.66;83.85;1.37;
2022-01-31 17:00:00;0.0;0.0;0.0;6.77;84.32;1.35;
2022-01-31 18:00:00;0.0;0.0;0.0;5.88;84.78;1.32;
2022-01-31 19:00:00;0.0;0.0;0.0;4.99;85.25;1.3;
2022-01-31 20:00:00;0.0;0.0;0.0;4.1;85.71;1.28;
2022-01-31 21:00:00;0.0;0.0;0.0;3.21;86.18;1.26;
2022-01-31 22:00:00;0.0;0.0;0.0;2.32;86.64;1.24;
2022-01-31 23:00:00;0.0;0.0;0.0;1.43;87.11;1.21;
2022-02-01 00:00:00;0.0;0.0;0.0;0.54;87.57;1.19;
2022-02-01 01:00:00;0.0;0.0;0.0;-0.35;88.03;1.17;
2022-02-01 02:00:00;0.0;0.0;0.0;-1.24;88.5;1.15;
2022-02-01 03:00:00;0.0;0.0;0.0;-2.13;88.96;1.13;
2022-02-01 04:00:00;0.0;0.0;0.0;-3.02;89.43;1.1;
2022-02-01 05:00:00;0.0;0.0;0.0;-3.91;89.89;1.08;
2022-02-01 06:00:00;0.0;0.0;0.0;-4.8;90.36;1.06;
2022-02-01 07:00:00;15.0;17.49;14.0;-5.69;90.82;1.04;
2022-02-01 08:00:00;61.0;0.0;61.0;-2.78;84.8;0.97;
2022-02-01 09:00:00;0.0;0.0;0.0;-2.13;78.35;1.31;
2022-02-01 10:00:00;197.0;36.32;182.0;-1.31;75.35;1.52;
2022-02-01 11:00:00;190.0;13.18;184.0;-0.55;72.6;1.66;
2022-02-01 12:00:00;179.0;8.85;175.0;-0.08;69.85;1.66;
2022-02-01 13:00:00;137.0;2.48;136.0;0.14;72.65;1.52;
2022-02-01 14:00:00;106.0;3.19;105.0;0.18;72.65;1.38;
2022-02-01 15:00:00;64.0;10.64;62.0;0.05;72.65;1.24;
2022-02-01 16:00:00;6.0;0.0;6.0;-0.4;78.6;1.31;
2022-02-01 17:00:00;0.0;0.0;0.0;-1.01;85.0;1.03;
2022-02-01 18:00:00;0.0;0.0;0.0;-1.35;91.9;0.83;
2022-02-01 19:00:00;0.0;0.0;0.0;-2.57;91.85;0.9;
2022-02-01 20:00:00;0.0;0.0;0.0;-3.32;95.5;0.83;
2022-02-01 21:00:00;0.0;0.0;0.0;-2.6;91.85;0.48;
2022-02-01 22:00:00;0.0;0.0;0.0;-2.68;91.85;0.41;
2022-02-01 23:00:00;0.0;0.0;0.0;-3.38;95.5;0.76;
2022-02-02 00:00:00;0.0;0.0;0.0;-3.79;95.5;0.9;
2022-02-02 01:00:00;0.0;0.0;0.0;-4.08;91.8;0.97;
2022-02-02 02:00:00;0.0;0.0;0.0;-4.17;91.8;0.97;
2022-02-02 03:00:00;0.0;0.0;0.0;-4.33;95.5;0.97;
2022-02-02 04:00:00;0.0;0.0;0.0;-4.56;91.75;1.03;
2022-02-02 05:00:00;0.0;0.0;0.0;-4.9;95.5;1.1;
2022-02-02 06:00:00;0.0;0.0;0.0;-5.06;91.75;1.1;
2022-02-02 07:00:00;14.0;0.0;14.0;-3.61;88.2;0.76;
2022-02-02 08:00:00;70.0;4.75;69.0;-3.29;88.2;0.76;
2022-02-02 09:00:00;49.0;0.0;49.0;-3.53;88.2;0.83;
2022-02-02 10:00:00;109.0;0.0;109.0;-2.25;78.3;0.28;
2022-02-02 11:00:00;140.0;0.0;140.0;-1.67;72.4;0.14;
2022-02-02 12:00:00;243.0;59.13;216.0;-1.43;69.55;0.21;
2022-02-02 13:00:00;221.0;68.56;193.0;-1.13;66.9;0.28;
2022-02-02 14:00:00;0.0;0.0;0.0;-0.98;66.9;0.62;
2022-02-02 15:00:00;108.0;129.91;83.0;-1.06;69.65;0.48;
2022-02-02 16:00:00;10.0;0.0;10.0;-1.82;81.55;0.55;
2022-02-02 17:00:00;0.0;0.0;0.0;-2.34;72.25;0.69;
2022-02-02 18:00:00;0.0;0.0;0.0;-2.69;72.25;0.48;
2022-02-02 19:00:00;0.0;0.0;0.0;-3.46;75.05;0.28;
2022-02-02 20:00:00;0.0;0.0;0.0;-3.78;75.05;0.69;
2022-02-02 21:00:00;0.0;0.0;0.0;-3.91;75.05;0.97;
2022-02-02 22:00:00;0.0;0.0;0.0;-4.12;75.05;1.17;
2022-02-02 23:00:00;0.0;0.0;0.0;-4.78;78.0;1.31;
2022-02-03 00:00:00;0.0;0.0;0.0;-5.96;81.1;1.52;
2022-02-03 01:00:00;0.0;0.0;0.0;-5.99;77.85;1.52;
2022-02-03 02:00:00;0.0;0.0;0.0;-6.25;77.85;1.52;
2022-02-03 03:00:00;0.0;0.0;0.0;-5.72;74.8;1.38;
2022-02-03 04:00:00;0.0;0.0;0.0;-5.05;74.9;1.1;
2022-02-03 05:00:00;0.0;0.0;0.0;-5.32;77.9;0.9;
2022-02-03 06:00:00;0.0;0.0;0.0;-5.4;77.9;0.76;
2022-02-03 07:00:00;22.0;46.8;19.0;-8.06;62.75;2.0;
2022-02-03 08:00:00;123.0;125.91;96.0;-6.39;58.0;1.59;
2022-02-03 09:00:00;200.0;115.96;161.0;-4.88;53.65;1.1;
2022-02-03 10:00:00;248.0;97.28;207.0;-4.04;63.7;0.83;
2022-02-03 11:00:00;280.0;105.59;231.0;-2.69;51.95;0.83;
2022-02-03 12:00:00;278.0;104.09;230.0;-2.29;54.15;0.62;
2022-02-03 13:00:00;252.0;118.65;203.0;-2.0;54.3;0.69;
2022-02-03 14:00:00;199.0;139.38;154.0;-1.9;64.0;0.83;
2022-02-03 15:00:00;120.0;172.7;86.0;-1.69;50.1;0.55;
2022-02-03 16:00:00;13.0;45.84;11.0;-1.92;52.05;0.69;
2022-02-03 17:00:00;0.0;0.0;0.0;-2.95;56.35;1.03;
2022-02-03 18:00:00;0.0;0.0;0.0;-3.67;61.1;0.55;
2022-02-03 19:00:00;0.0;0.0;0.0;-3.37;56.2;1.45;
2022-02-03 20:00:00;0.0;0.0;0.0;-3.15;54.0;0.97;
2022-02-03 21:00:00;0.0;0.0;0.0;-3.2;54.0;0.21;
2022-02-03 22:00:00;0.0;0.0;0.0;-3.25;56.2;0.48;
2022-02-03 23:00:00;0.0;0.0;0.0;-3.49;56.2;1.31;
2022-02-04 00:00:00;0.0;0.0;0.0;-5.33;58.2;1.72;
2022-02-04 01:00:00;0.0;0.0;0.0;-6.1;58.1;1.72;
2022-02-04 02:00:00;0.0;0.0;0.0;-6.79;57.85;1.79;
2022-02-04 03:00:00;0.0;0.0;0.0;-6.79;53.1;1.72;
2022-02-04 04:00:00;0.0;0.0;0.0;-5.95;46.9;1.59;
2022-02-04 05:00:00;0.0;0.0;0.0;-5.76;43.0;1.52;
2022-02-04 06:00:00;0.0;0.0;0.0;-6.65;42.85;1.59;
2022-02-04 07:00:00;23.0;29.54;21.0;-5.4;49.1;1.38;
2022-02-04 08:00:00;103.0;50.38;92.0;-4.88;47.2;1.17;
2022-02-04 09:00:00;224.0;173.28;165.0;-3.73;45.5;0.76;
2022-02-04 10:00:00;304.0;218.4;211.0;-2.73;43.85;0.55;
2022-02-04 11:00:00;298.0;130.19;237.0;-1.65;48.05;0.62;
2022-02-04 12:00:00;288.0;115.94;234.0;-1.26;52.2;1.03;
2022-02-04 13:00:00;228.0;69.44;199.0;-0.97;52.35;1.17;
2022-02-04 14:00:00;223.0;204.62;156.0;-1.2;59.2;1.17;
2022-02-04 15:00:00;107.0;99.34;87.0;-1.63;64.1;1.31;
2022-02-04 16:00:00;8.0;0.0;8.0;-2.51;66.6;1.45;
2022-02-04 17:00:00;0.0;0.0;0.0;-3.84;66.35;1.66;
2022-02-04 18:00:00;0.0;0.0;0.0;-3.94;58.6;1.59;
2022-02-04 19:00:00;0.0;0.0;0.0;-2.88;61.2;0.9;
2022-02-04 20:00:00;0.0;0.0;0.0;-2.75;61.2;0.62;
2022-02-04 21:00:00;0.0;0.0;0.0;-2.93;61.2;0.48;
2022-02-04 22:00:00;0.0;0.0;0.0;-3.1;61.2;0.55;
2022-02-04 23:00:00;0.0;0.0;0.0;-3.35;63.7;0.62;
2022-02-05 00:00:00;0.0;0.0;0.0;-3.65;63.7;0.62;
2022-02-05 01:00:00;0.0;0.0;0.0;-3.98;66.35;0.62;
2022-02-05 02:00:00;0.0;0.0;0.0;-4.21;66.35;0.55;
2022-02-05 03:00:00;0.0;0.0;0.0;-4.4;69.05;0.48;
2022-02-05 04:00:00;0.0;0.0;0.0;-4.47;69.05;0.69;
2022-02-05 05:00:00;0.0;0.0;0.0;-4.69;66.25;0.9;
2022-02-05 06:00:00;0.0;0.0;0.0;-4.95;68.95;1.1;
2022-02-05 07:00:00;26.0;42.0;23.0;-6.48;71.55;1.38;
2022-02-05 08:00:00;112.0;71.97;96.0;-5.36;71.75;1.24;
2022-02-05 09:00:00;187.0;72.52;162.0;-4.05;63.7;0.76;
2022-02-05 10:00:00;167.0;6.97;164.0;-3.59;75.05;1.1;
2022-02-05 11:00:00;94.0;0.0;94.0;-2.47;66.6;1.1;
2022-02-05 12:00:00;299.0;129.67;238.0;-2.07;61.45;0.97;
2022-02-05 13:00:00;228.0;63.93;201.0;-1.89;61.45;0.9;
2022-02-05 14:00:00;238.0;249.96;155.0;-1.84;61.45;0.76;
2022-02-05 15:00:00;131.0;199.21;90.0;-2.05;66.65;0.62;
2022-02-05 16:00:00;20.0;95.78;15.0;-2.53;69.35;0.62;
2022-02-05 17:00:00;0.0;0.0;0.0;-2.67;56.45;0.48;
2022-02-05 18:00:00;0.0;0.0;0.0;-3.46;61.1;0.62;
2022-02-05 19:00:00;0.0;0.0;0.0;-4.42;63.55;0.97;
2022-02-05 20:00:00;0.0;0.0;0.0;-5.11;66.15;0.9;
2022-02-05 21:00:00;0.0;0.0;0.0;-5.81;71.65;0.76;
2022-02-05 22:00:00;0.0;0.0;0.0;-5.97;71.65;0.69;
2022-02-05 23:00:00;0.0;0.0;0.0;-5.98;71.65;0.83;
2022-02-06 00:00:00;0.0;0.0;0.0;-6.03;71.65;1.03;
2022-02-06 01:00:00;0.0;0.0;0.0;-5.99;71.65;1.03;
2022-02-06 02:00:00;0.0;0.0;0.0;-6.06;71.65;0.97;
2022-02-06 03:00:00;0.0;0.0;0.0;-6.22;71.65;0.83;
2022-02-06 04:00:00;0.0;0.0;0.0;-6.45;74.6;0.83;
2022-02-06 05:00:00;0.0;0.0;0.0;-6.85;74.55;0.97;
2022-02-06 06:00:00;0.0;0.0;0.0;-7.29;77.6;0.97;
2022-02-06 07:00:00;52.0;451.96;18.0;-7.97;80.85;0.76;
2022-02-06 08:00:00;216.0;733.24;50.0;-6.81;74.55;0.34;
2022-02-06 09:00:00;240.0;200.56;170.0;-5.11;66.15;0.21;
2022-02-06 10:00:00;459.0;864.81;83.0;-4.36;63.55;0.76;
2022-02-06 11:00:00;496.0;809.97;109.0;-2.55;61.35;0.83;
2022-02-06 12:00:00;474.0;709.24;137.0;-1.96;58.95;0.41;
2022-02-06 13:00:00;444.0;836.01;87.0;-1.44;56.7;0.34;
2022-02-06 14:00:00;233.0;210.87;162.0;-1.03;56.85;0.62;
2022-02-06 15:00:00;196.0;708.41;47.0;-1.35;64.1;0.62;
2022-02-06 16:00:00;34.0;389.22;12.0;-3.38;72.05;1.17;
2022-02-06 17:00:00;0.0;0.0;0.0;-4.15;61.1;1.31;
2022-02-06 18:00:00;0.0;0.0;0.0;-5.54;63.35;1.66;
2022-02-06 19:00:00;0.0;0.0;0.0;-3.47;63.7;0.48;
2022-02-06 20:00:00;0.0;0.0;0.0;-4.35;63.55;0.97;
2022-02-06 21:00:00;0.0;0.0;0.0;-4.9;63.45;1.17;
2022-02-06 22:00:00;0.0;0.0;0.0;-5.17;60.85;1.17;
2022-02-06 23:00:00;0.0;0.0;0.0;-5.39;63.35;1.03;
2022-02-07 00:00:00;0.0;0.0;0.0;-5.51;60.75;1.17;
2022-02-07 01:00:00;0.0;0.0;0.0;-5.62;58.2;1.38;
2022-02-07 02:00:00;0.0;0.0;0.0;-5.96;55.7;1.52;
2022-02-07 03:00:00;0.0;0.0;0.0;-6.49;53.25;1.66;
2022-02-07 04:00:00;0.0;0.0;0.0;-6.82;53.1;1.66;
2022-02-07 05:00:00;0.0;0.0;0.0;-6.94;48.7;1.66;
2022-02-07 06:00:00;0.0;0.0;0.0;-6.53;46.75;1.59;
2022-02-07 07:00:00;26.0;25.28;24.0;-4.55;53.75;1.45;
2022-02-07 08:00:00;103.0;39.04;94.0;-4.15;56.2;1.38;
2022-02-07 09:00:00;361.0;837.54;65.0;-2.9;61.2;1.03;
2022-02-07 10:00:00;156.0;2.28;155.0;-1.49;66.8;0.48;
2022-02-07 11:00:00;144.0;0.0;144.0;-0.02;52.6;0.41;
2022-02-07 12:00:00;98.0;0.0;98.0;0.8;57.2;0.76;
2022-02-07 13:00:00;135.0;0.0;135.0;1.25;62.15;0.97;
2022-02-07 14:00:00;189.0;84.95;160.0;1.29;64.65;1.03;
2022-02-07 15:00:00;122.0;125.66;95.0;1.24;62.15;1.38;
2022-02-07 16:00:00;30.0;197.15;18.0;0.75;64.55;1.66;
2022-02-07 17:00:00;0.0;0.0;0.0;-0.55;72.6;1.66;
2022-02-07 18:00:00;0.0;0.0;0.0;-1.39;75.35;1.66;
2022-02-07 19:00:00;0.0;0.0;0.0;-2.04;78.35;1.31;
2022-02-07 20:00:00;0.0;0.0;0.0;-0.97;69.65;0.76;
2022-02-07 21:00:00;0.0;0.0;0.0;-1.01;72.5;0.41;
2022-02-07 22:00:00;0.0;0.0;0.0;-0.96;72.5;0.34;
2022-02-07 23:00:00;0.0;0.0;0.0;-1.0;75.45;0.48;
2022-02-08 00:00:00;0.0;0.0;0.0;-1.14;75.45;0.97;
2022-02-08 01:00:00;0.0;0.0;0.0;-1.84;78.35;1.17;
2022-02-08 02:00:00;0.0;0.0;0.0;-2.33;75.2;1.24;
2022-02-08 03:00:00;0.0;0.0;0.0;-1.84;72.3;1.17;
2022-02-08 04:00:00;0.0;0.0;0.0;-2.26;72.25;1.24;
2022-02-08 05:00:00;0.0;0.0;0.0;-2.66;72.25;1.38;
2022-02-08 06:00:00;0.0;0.0;0.0;-3.43;75.05;1.52;
2022-02-08 07:00:00;50.0;288.79;26.0;-2.59;69.35;1.1;
2022-02-08 08:00:00;191.0;468.51;81.0;-1.61;69.55;0.69;
2022-02-08 09:00:00;207.0;103.39;170.0;0.38;64.55;0.34;
2022-02-08 10:00:00;256.0;90.09;216.0;0.28;72.65;0.9;
2022-02-08 11:00:00;230.0;28.73;216.0;2.24;62.35;0.83;
2022-02-08 12:00:00;236.0;35.07;219.0;2.51;65.0;0.55;
2022-02-08 13:00:00;258.0;100.78;214.0;2.32;76.0;0.76;
2022-02-08 14:00:00;241.0;228.26;162.0;2.29;78.95;0.97;
2022-02-08 15:00:00;155.0;296.21;90.0;1.94;75.95;1.1;
2022-02-08 16:00:00;34.0;229.95;19.0;1.38;75.85;1.03;
2022-02-08 17:00:00;0.0;0.0;0.0;1.41;67.4;1.03;
2022-02-08 18:00:00;0.0;0.0;0.0;0.7;69.95;0.76;
2022-02-08 19:00:00;0.0;0.0;0.0;0.48;72.75;1.24;
2022-02-08 20:00:00;0.0;0.0;0.0;-0.38;78.6;1.24;
2022-02-08 21:00:00;0.0;0.0;0.0;-1.1;81.7;1.1;
2022-02-08 22:00:00;0.0;0.0;0.0;-1.59;84.95;0.83;
2022-02-08 23:00:00;0.0;0.0;0.0;-2.06;88.3;0.76;
2022-02-09 00:00:00;0.0;0.0;0.0;-2.42;88.25;1.03;
2022-02-09 01:00:00;0.0;0.0;0.0;-2.59;88.25;1.24;
2022-02-09 02:00:00;0.0;0.0;0.0;-3.14;88.25;1.45;
2022-02-09 03:00:00;0.0;0.0;0.0;-3.58;88.2;1.59;
2022-02-09 04:00:00;0.0;0.0;0.0;-3.26;91.8;1.52;
2022-02-09 05:00:00;0.0;0.0;0.0;-2.72;88.25;1.38;
2022-02-09 06:00:00;0.0;0.0;0.0;-2.49;88.25;1.31;
2022-02-09 07:00:00;60.0;424.43;23.0;-3.22;88.25;1.1;
2022-02-09 08:00:00;223.0;710.98;53.0;-1.47;81.65;0.69;
2022-02-09 09:00:00;264.0;262.13;169.0;0.87;70.05;0.34;
2022-02-09 10:00:00;477.0;907.06;70.0;2.04;64.9;0.55;
2022-02-09 11:00:00;527.0;914.48;77.0;3.0;65.1;0.83;
2022-02-09 12:00:00;485.0;727.13;129.0;2.96;76.1;0.97;
2022-02-09 13:00:00;408.0;589.0;148.0;3.05;76.1;1.03;
2022-02-09 14:00:00;269.0;327.78;154.0;2.89;73.2;1.24;
2022-02-09 15:00:00;204.0;687.42;50.0;2.72;73.1;1.59;
2022-02-09 16:00:00;43.0;373.49;17.0;1.84;75.95;1.59;
2022-02-09 17:00:00;0.0;0.0;0.0;0.93;75.75;1.93;
2022-02-09 18:00:00;0.0;0.0;0.0;-1.58;78.45;2.28;
2022-02-09 19:00:00;0.0;0.0;0.0;-2.84;81.45;2.14;
2022-02-09 20:00:00;0.0;0.0;0.0;-4.07;75.05;2.28;
2022-02-09 21:00:00;0.0;0.0;0.0;-4.88;81.25;2.34;
2022-02-09 22:00:00;0.0;0.0;0.0;-4.4;78.05;2.14;
2022-02-09 23:00:00;0.0;0.0;0.0;-2.75;72.1;1.79;
2022-02-10 00:00:00;0.0;0.0;0.0;-2.03;66.65;1.45;
2022-02-10 01:00:00;0.0;0.0;0.0;-2.47;69.35;1.31;
2022-02-10 02:00:00;0.0;0.0;0.0;-2.45;72.25;0.76;
2022-02-10 03:00:00;0.0;0.0;0.0;-2.8;78.2;0.48;
2022-02-10 04:00:00;0.0;0.0;0.0;-4.57;81.3;1.38;
2022-02-10 05:00:00;0.0;0.0;0.0;-4.66;78.05;1.31;
2022-02-10 06:00:00;0.0;0.0;0.0;-3.49;78.15;0.9;
2022-02-10 07:00:00;40.0;87.59;32.0;-5.96;84.5;1.72;
2022-02-10 08:00:00;175.0;291.57;104.0;-5.86;84.5;1.79;
2022-02-10 09:00:00;326.0;528.58;132.0;-5.05;78.0;1.86;
2022-02-10 10:00:00;341.0;264.63;221.0;-2.54;69.35;2.0;
2022-02-10 11:00:00;354.0;207.27;251.0;-1.38;61.55;2.07;
2022-02-10 12:00:00;344.0;188.07;251.0;-0.72;59.2;1.86;
2022-02-10 13:00:00;174.0;6.72;171.0;-0.38;56.95;1.79;
2022-02-10 14:00:00;187.0;64.68;164.0;-0.18;52.6;1.93;
2022-02-10 15:00:00;58.0;0.0;58.0;-1.2;61.65;1.38;
2022-02-10 16:00:00;24.0;27.02;22.0;0.04;37.7;0.55;
2022-02-10 17:00:00;0.0;0.0;0.0;-2.52;63.9;1.38;
2022-02-10 18:00:00;0.0;0.0;0.0;-3.86;66.35;1.72;
2022-02-10 19:00:00;0.0;0.0;0.0;-5.47;77.9;1.79;
2022-02-10 20:00:00;0.0;0.0;0.0;-4.13;69.15;1.17;
2022-02-10 21:00:00;0.0;0.0;0.0;-3.79;72.05;0.76;
2022-02-10 22:00:00;0.0;0.0;0.0;-4.16;72.05;1.17;
2022-02-10 23:00:00;0.0;0.0;0.0;-5.02;74.9;1.31;
2022-02-11 00:00:00;0.0;0.0;0.0;-5.34;77.9;1.31;
2022-02-11 01:00:00;0.0;0.0;0.0;-6.16;77.85;1.52;
2022-02-11 02:00:00;0.0;0.0;0.0;-6.57;77.75;1.59;
2022-02-11 03:00:00;0.0;0.0;0.0;-6.71;77.75;1.52;
2022-02-11 04:00:00;0.0;0.0;0.0;-6.71;74.6;1.45;
2022-02-11 05:00:00;0.0;0.0;0.0;-6.0;74.7;1.17;
2022-02-11 06:00:00;0.0;0.0;0.0;-5.52;71.75;0.97;
2022-02-11 07:00:00;44.0;94.16;35.0;-4.69;74.95;1.17;
2022-02-11 08:00:00;20.0;0.0;20.0;-5.9;81.1;1.59;
2022-02-11 09:00:00;232.0;137.21;181.0;-5.06;81.25;1.52;
2022-02-11 10:00:00;315.0;187.65;229.0;-2.94;78.2;1.31;
2022-02-11 11:00:00;306.0;107.6;252.0;-1.78;69.45;1.1;
2022-02-11 12:00:00;348.0;194.22;251.0;-1.19;64.25;1.17;
2022-02-11 13:00:00;304.0;175.09;225.0;-1.0;64.25;1.31;
2022-02-11 14:00:00;163.0;27.75;153.0;-0.91;64.25;1.03;
2022-02-11 15:00:00;98.0;25.72;92.0;-1.02;66.9;1.03;
2022-02-11 16:00:00;25.0;25.5;23.0;-1.63;72.4;1.38;
2022-02-11 17:00:00;0.0;0.0;0.0;-2.54;75.2;1.72;
2022-02-11 18:00:00;0.0;0.0;0.0;-3.32;81.4;1.79;
2022-02-11 19:00:00;0.0;0.0;0.0;-4.47;81.3;1.1;
2022-02-11 20:00:00;0.0;0.0;0.0;-3.58;75.05;0.55;
2022-02-11 21:00:00;0.0;0.0;0.0;-3.67;75.05;0.41;
2022-02-11 22:00:00;0.0;0.0;0.0;-4.41;78.05;1.1;
2022-02-11 23:00:00;0.0;0.0;0.0;-6.14;81.1;1.59;
2022-02-12 00:00:00;0.0;0.0;0.0;-6.22;81.1;1.59;
2022-02-12 01:00:00;0.0;0.0;0.0;-5.39;81.2;1.38;
2022-02-12 02:00:00;0.0;0.0;0.0;-4.74;78.05;1.17;
2022-02-12 03:00:00;0.0;0.0;0.0;-4.95;81.25;1.1;
2022-02-12 04:00:00;0.0;0.0;0.0;-5.17;78.0;1.17;
2022-02-12 05:00:00;0.0;0.0;0.0;-5.32;81.2;1.38;
2022-02-12 06:00:00;0.0;0.0;0.0;-5.97;81.1;1.52;
2022-02-12 07:00:00;60.0;240.23;36.0;-5.07;74.9;1.31;
2022-02-12 08:00:00;118.0;43.56;107.0;-3.88;72.05;0.83;
2022-02-12 09:00:00;208.0;79.69;178.0;-2.99;69.25;0.9;
2022-02-12 10:00:00;289.0;123.06;232.0;-2.63;72.25;1.52;
2022-02-12 11:00:00;273.0;59.19;243.0;-1.26;66.8;1.66;
2022-02-12 12:00:00;258.0;43.61;236.0;-0.64;61.8;1.24;
2022-02-12 13:00:00;254.0;72.35;221.0;-0.33;61.8;0.48;
2022-02-12 14:00:00;147.0;13.69;142.0;-0.02;64.45;0.21;
2022-02-12 15:00:00;136.0;121.9;107.0;0.04;67.1;0.41;
2022-02-12 16:00:00;50.0;289.65;26.0;-0.49;69.75;0.83;
2022-02-12 17:00:00;0.0;0.0;0.0;-0.91;61.65;0.97;
2022-02-12 18:00:00;0.0;0.0;0.0;-1.16;61.65;0.69;
2022-02-12 19:00:00;0.0;0.0;0.0;-2.46;75.2;0.9;
2022-02-12 20:00:00;0.0;0.0;0.0;-2.84;78.2;0.83;
2022-02-12 21:00:00;0.0;0.0;0.0;-3.08;75.1;0.97;
2022-02-12 22:00:00;0.0;0.0;0.0;-3.33;78.15;1.17;
2022-02-12 23:00:00;0.0;0.0;0.0;-3.53;78.15;1.31;
2022-02-13 00:00:00;0.0;0.0;0.0;-3.85;78.15;1.38;
2022-02-13 01:00:00;0.0;0.0;0.0;-4.25;81.3;1.45;
2022-02-13 02:00:00;0.0;0.0;0.0;-5.31;84.55;1.52;
2022-02-13 03:00:00;0.0;0.0;0.0;-5.49;84.55;1.52;
2022-02-13 04:00:00;0.0;0.0;0.0;-5.33;84.55;1.45;
2022-02-13 05:00:00;0.0;0.0;0.0;-5.1;81.25;1.38;
2022-02-13 06:00:00;0.0;0.0;0.0;-5.33;84.55;1.31;
2022-02-13 07:00:00;77.0;479.34;27.0;-5.37;84.55;1.17;
2022-02-13 08:00:00;244.0;734.94;55.0;-3.93;78.15;0.97;
2022-02-13 09:00:00;336.0;516.72;139.0;-2.28;72.25;0.97;
2022-02-13 10:00:00;418.0;508.43;180.0;-1.14;72.5;1.03;
2022-02-13 11:00:00;496.0;660.38;158.0;1.28;62.15;1.17;
2022-02-13 12:00:00;508.0;728.27;137.0;1.67;67.4;1.24;
2022-02-13 13:00:00;461.0;759.12;111.0;1.95;67.5;1.24;
2022-02-13 14:00:00;274.0;281.05;170.0;1.87;70.2;1.1;
2022-02-13 15:00:00;185.0;366.93;96.0;1.46;75.85;1.03;
2022-02-13 16:00:00;60.0;423.83;23.0;0.99;75.75;0.97;
2022-02-13 17:00:00;0.0;0.0;0.0;1.38;59.8;0.83;
2022-02-13 18:00:00;0.0;0.0;0.0;0.57;64.55;0.69;
2022-02-13 19:00:00;0.0;0.0;0.0;-0.79;75.45;0.97;
2022-02-13 20:00:00;0.0;0.0;0.0;-1.4;75.35;1.03;
2022-02-13 21:00:00;0.0;0.0;0.0;-2.07;78.35;0.97;
2022-02-13 22:00:00;0.0;0.0;0.0;-2.62;81.5;0.97;
2022-02-13 23:00:00;0.0;0.0;0.0;-2.84;84.8;0.97;
2022-02-14 00:00:00;0.0;0.0;0.0;-2.93;84.8;0.9;
2022-02-14 01:00:00;0.0;0.0;0.0;-3.01;84.8;0.83;
2022-02-14 02:00:00;0.0;0.0;0.0;-3.16;81.45;0.83;
2022-02-14 03:00:00;0.0;0.0;0.0;-3.43;84.7;0.9;
2022-02-14 04:00:00;0.0;0.0;0.0;-3.81;84.7;0.9;
2022-02-14 05:00:00;0.0;0.0;0.0;-4.11;81.4;0.9;
2022-02-14 06:00:00;0.0;0.0;0.0;-4.27;84.65;1.03;
2022-02-14 07:00:00;81.0;477.95;29.0;-4.26;81.3;0.9;
2022-02-14 08:00:00;248.0;733.21;56.0;-2.81;78.2;0.62;
2022-02-14 09:00:00;397.0;854.66;67.0;-0.71;64.25;0.41;
2022-02-14 10:00:00;491.0;851.83;88.0;0.67;62.0;0.41;
2022-02-14 11:00:00;534.0;828.05;106.0;2.05;57.6;0.62;
2022-02-14 12:00:00;502.0;684.21;150.0;2.34;70.3;0.9;
2022-02-14 13:00:00;477.0;823.97;93.0;2.52;70.3;1.03;
2022-02-14 14:00:00;383.0;845.6;66.0;2.48;70.3;1.17;
2022-02-14 15:00:00;230.0;711.92;54.0;2.29;73.0;1.38;
2022-02-14 16:00:00;62.0;403.28;25.0;1.56;75.85;1.45;
2022-02-14 17:00:00;0.0;0.0;0.0;-0.63;75.55;1.72;
2022-02-14 18:00:00;0.0;0.0;0.0;-1.22;75.35;1.59;
2022-02-14 19:00:00;0.0;0.0;0.0;-0.66;72.6;1.31;
2022-02-14 20:00:00;0.0;0.0;0.0;-1.07;75.45;1.31;
2022-02-14 21:00:00;0.0;0.0;0.0;-1.8;81.55;1.31;
2022-02-14 22:00:00;0.0;0.0;0.0;-2.58;81.5;1.24;
2022-02-14 23:00:00;0.0;0.0;0.0;-3.03;84.8;1.31;
2022-02-15 00:00:00;0.0;0.0;0.0;-3.53;84.7;1.38;
2022-02-15 01:00:00;0.0;0.0;0.0;-3.9;78.15;1.52;
2022-02-15 02:00:00;0.0;0.0;0.0;-4.53;78.05;1.66;
2022-02-15 03:00:00;0.0;0.0;0.0;-5.5;81.2;1.79;
2022-02-15 04:00:00;0.0;0.0;0.0;-5.8;81.1;1.86;
2022-02-15 05:00:00;0.0;0.0;0.0;-6.41;81.05;2.07;
2022-02-15 06:00:00;0.0;0.0;0.0;-6.61;77.75;2.21;
2022-02-15 07:00:00;85.0;485.17;30.0;-6.09;81.1;2.0;
2022-02-15 08:00:00;231.0;562.58;81.0;-4.63;74.95;2.07;
2022-02-15 09:00:00;402.0;854.12;68.0;-2.03;72.3;2.62;
2022-02-15 10:00:00;480.0;773.84;110.0;2.45;60.05;3.24;
2022-02-15 11:00:00;538.0;827.65;106.0;4.25;55.85;3.72;
2022-02-15 12:00:00;520.0;748.75;131.0;5.14;51.8;4.0;
2022-02-15 13:00:00;494.0;881.05;79.0;5.68;51.95;4.28;
2022-02-15 14:00:00;387.0;842.68;67.0;6.27;48.15;4.41;
2022-02-15 15:00:00;235.0;714.58;55.0;5.71;51.95;4.14;
2022-02-15 16:00:00;67.0;436.56;25.0;4.78;55.95;3.86;
2022-02-15 17:00:00;0.0;0.0;0.0;3.26;60.15;3.45;
2022-02-15 18:00:00;0.0;0.0;0.0;2.19;64.9;3.24;
2022-02-15 19:00:00;0.0;0.0;0.0;2.93;67.7;3.38;
2022-02-15 20:00:00;0.0;0.0;0.0;2.18;70.2;3.24;
2022-02-15 21:00:00;0.0;0.0;0.0;1.38;72.95;3.03;
2022-02-15 22:00:00;0.0;0.0;0.0;0.37;75.7;2.83;
2022-02-15 23:00:00;0.0;0.0;0.0;-0.72;78.5;2.83;
2022-02-16 00:00:00;0.0;0.0;0.0;-1.67;78.45;2.69;
2022-02-16 01:00:00;0.0;0.0;0.0;-2.64;78.3;2.48;
2022-02-16 02:00:00;0.0;0.0;0.0;-3.03;81.45;2.14;
2022-02-16 03:00:00;0.0;0.0;0.0;-3.25;81.4;1.93;
2022-02-16 04:00:00;0.0;0.0;0.0;-3.7;81.4;1.93;
2022-02-16 05:00:00;0.0;0.0;0.0;-4.3;81.3;1.93;
2022-02-16 06:00:00;0.0;0.0;0.0;-4.19;78.15;1.79;
2022-02-16 07:00:00;75.0;279.66;42.0;-1.2;64.25;1.86;
2022-02-16 08:00:00;223.0;471.52;95.0;2.63;60.05;1.24;
2022-02-16 09:00:00;407.0;853.47;69.0;5.91;54.15;0.76;
2022-02-16 10:00:00;461.0;649.81;147.0;8.4;46.8;0.21;
2022-02-16 11:00:00;524.0;734.23;137.0;9.78;41.85;0.41;
2022-02-16 12:00:00;537.0;808.19;113.0;10.45;38.95;0.83;
2022-02-16 13:00:00;476.0;768.85;110.0;10.78;42.15;1.1;
2022-02-16 14:00:00;392.0;845.01;67.0;10.63;42.15;1.24;
2022-02-16 15:00:00;221.0;569.02;75.0;10.19;45.4;1.59;
2022-02-16 16:00:00;65.0;347.67;30.0;8.66;56.8;1.79;
2022-02-16 17:00:00;0.0;0.0;0.0;5.51;68.2;1.72;
2022-02-16 18:00:00;0.0;0.0;0.0;5.73;63.15;1.03;
2022-02-16 19:00:00;0.0;0.0;0.0;5.59;65.65;0.14;
2022-02-16 20:00:00;0.0;0.0;0.0;3.94;70.6;0.34;
2022-02-16 21:00:00;0.0;0.0;0.0;2.48;73.1;0.55;
2022-02-16 22:00:00;0.0;0.0;0.0;1.63;75.85;0.76;
2022-02-16 23:00:00;0.0;0.0;0.0;0.07;81.8;1.17;
2022-02-17 00:00:00;0.0;0.0;0.0;-0.66;81.75;1.38;
2022-02-17 01:00:00;0.0;0.0;0.0;-0.97;85.0;1.38;
2022-02-17 02:00:00;0.0;0.0;0.0;-0.61;81.75;1.1;
2022-02-17 03:00:00;0.0;0.0;0.0;-0.7;81.75;1.17;
2022-02-17 04:00:00;0.0;0.0;0.0;-1.03;85.0;1.24;
2022-02-17 05:00:00;0.0;0.0;0.0;-1.23;88.35;1.1;
2022-02-17 06:00:00;0.0;0.0;0.0;-1.94;88.3;1.1;
2022-02-17 07:00:00;81.0;317.81;42.0;-0.4;75.55;0.9;
2022-02-17 08:00:00;242.0;593.43;78.0;1.55;72.95;0.55;
2022-02-17 09:00:00;383.0;703.12;101.0;4.93;60.65;0.69;
2022-02-17 10:00:00;496.0;812.95;99.0;7.1;54.3;1.24;
2022-02-17 11:00:00;554.0;858.64;97.0;8.52;54.65;1.59;
2022-02-17 12:00:00;557.0;881.54;90.0;9.33;52.7;1.86;
2022-02-17 13:00:00;487.0;806.54;99.0;9.9;49.05;2.14;
2022-02-17 14:00:00;374.0;721.46;93.0;10.11;49.05;2.28;
2022-02-17 15:00:00;230.0;612.39;70.0;9.87;52.85;2.21;
2022-02-17 16:00:00;70.0;370.93;31.0;8.71;61.3;1.72;
2022-02-17 17:00:00;0.0;0.0;0.0;5.93;70.95;1.86;
2022-02-17 18:00:00;0.0;0.0;0.0;3.78;79.15;1.59;
2022-02-17 19:00:00;0.0;0.0;0.0;2.59;79.0;1.59;
2022-02-17 20:00:00;0.0;0.0;0.0;1.54;82.0;1.59;
2022-02-17 21:00:00;0.0;0.0;0.0;0.74;85.15;1.45;
2022-02-17 22:00:00;0.0;0.0;0.0;0.47;85.15;1.31;
2022-02-17 23:00:00;0.0;0.0;0.0;0.88;81.95;1.1;
2022-02-18 00:00:00;0.0;0.0;0.0;0.69;85.15;1.03;
2022-02-18 01:00:00;0.0;0.0;0.0;0.46;85.15;0.97;
2022-02-18 02:00:00;0.0;0.0;0.0;0.18;88.45;0.97;
2022-02-18 03:00:00;0.0;0.0;0.0;-0.4;91.95;1.03;
2022-02-18 04:00:00;0.0;0.0;0.0;-0.76;91.95;1.1;
2022-02-18 05:00:00;0.0;0.0;0.0;-0.8;95.6;1.03;
2022-02-18 06:00:00;0.0;0.0;0.0;-0.66;91.95;0.97;
2022-02-18 07:00:00;48.0;31.37;44.0;-0.03;88.45;0.76;
2022-02-18 08:00:00;151.0;88.87;126.0;2.64;85.35;0.28;
2022-02-18 09:00:00;265.0;172.35;195.0;6.22;73.7;0.07;
2022-02-18 10:00:00;406.0;395.13;211.0;8.29;73.95;0.55;
2022-02-18 11:00:00;431.0;349.82;243.0;9.41;68.9;1.1;
2022-02-18 12:00:00;301.0;76.65;260.0;10.11;66.45;1.66;
2022-02-18 13:00:00;131.0;0.0;131.0;10.09;66.45;1.79;
2022-02-18 14:00:00;165.0;17.75;158.0;10.28;66.45;1.72;
2022-02-18 15:00:00;110.0;26.32;103.0;10.08;66.45;1.59;
2022-02-18 16:00:00;36.0;18.25;34.0;9.19;74.15;1.17;
2022-02-18 17:00:00;0.0;0.0;0.0;7.1;85.75;1.31;
2022-02-18 18:00:00;0.0;0.0;0.0;6.05;82.55;1.31;
2022-02-18 19:00:00;0.0;0.0;0.0;5.08;85.6;1.24;
2022-02-18 20:00:00;0.0;0.0;0.0;5.93;79.5;0.83;
2022-02-18 21:00:00;0.0;0.0;0.0;5.4;82.5;0.55;
2022-02-18 22:00:00;0.0;0.0;0.0;5.01;85.6;0.48;
2022-02-18 23:00:00;0.0;0.0;0.0;4.6;88.85;0.69;
2022-02-19 00:00:00;0.0;0.0;0.0;4.69;88.85;0.69;
2022-02-19 01:00:00;0.0;0.0;0.0;3.59;95.7;0.9;
2022-02-19 02:00:00;0.0;0.0;0.0;3.61;95.7;0.83;
2022-02-19 03:00:00;0.0;0.0;0.0;3.54;95.7;0.69;
2022-02-19 04:00:00;0.0;0.0;0.0;3.44;95.7;0.55;
2022-02-19 05:00:00;0.0;0.0;0.0;3.24;95.7;0.69;
2022-02-19 06:00:00;0.0;0.0;0.0;2.56;99.4;0.9;
2022-02-19 07:00:00;53.0;45.33;47.0;3.2;95.7;0.69;
2022-02-19 08:00:00;32.0;0.0;32.0;5.0;88.85;0.41;
2022-02-19 09:00:00;40.0;0.0;40.0;5.95;85.7;0.34;
2022-02-19 10:00:00;199.0;10.03;194.0;7.22;85.75;0.62;
2022-02-19 11:00:00;240.0;20.27;229.0;8.02;76.8;0.62;
2022-02-19 12:00:00;282.0;53.7;253.0;8.56;71.35;0.76;
2022-02-19 13:00:00;353.0;240.25;235.0;9.01;68.8;1.24;
2022-02-19 14:00:00;134.0;2.5;133.0;8.92;68.8;1.31;
2022-02-19 15:00:00;112.0;25.86;105.0;8.73;74.05;0.9;
2022-02-19 16:00:00;20.0;0.0;20.0;8.3;79.7;0.34;
2022-02-19 17:00:00;0.0;0.0;0.0;7.58;82.65;0.55;
2022-02-19 18:00:00;0.0;0.0;0.0;6.6;82.6;0.97;
2022-02-19 19:00:00;0.0;0.0;0.0;6.24;85.7;0.83;
2022-02-19 20:00:00;0.0;0.0;0.0;5.49;85.65;0.97;
2022-02-19 21:00:00;0.0;0.0;0.0;5.32;88.85;0.9;
2022-02-19 22:00:00;0.0;0.0;0.0;5.3;88.85;0.55;
2022-02-19 23:00:00;0.0;0.0;0.0;5.07;88.85;0.41;
2022-02-20 00:00:00;0.0;0.0;0.0;4.77;88.85;0.62;
2022-02-20 01:00:00;0.0;0.0;0.0;4.14;92.2;0.9;
2022-02-20 02:00:00;0.0;0.0;0.0;2.93;92.15;1.17;
2022-02-20 03:00:00;0.0;0.0;0.0;2.31;95.65;1.31;
2022-02-20 04:00:00;0.0;0.0;0.0;1.85;92.1;1.59;
2022-02-20 05:00:00;0.0;0.0;0.0;1.99;92.1;1.79;
2022-02-20 06:00:00;0.0;0.0;0.0;1.77;92.05;1.86;
2022-02-20 07:00:00;52.0;29.14;48.0;1.72;92.05;1.45;
2022-02-20 08:00:00;73.0;0.0;73.0;3.1;88.7;0.97;
2022-02-20 09:00:00;118.0;0.0;118.0;4.03;88.8;1.31;
2022-02-20 10:00:00;134.0;0.0;134.0;4.29;88.8;0.69;
2022-02-20 11:00:00;166.0;0.0;166.0;4.62;85.55;0.83;
2022-02-20 12:00:00;144.0;0.0;144.0;4.84;85.6;1.38;
2022-02-20 13:00:00;188.0;6.05;185.0;4.86;85.6;2.21;
2022-02-20 14:00:00;124.0;0.0;124.0;4.44;88.85;2.62;
2022-02-20 15:00:00;87.0;3.63;86.0;4.12;92.2;2.62;
2022-02-20 16:00:00;49.0;50.6;43.0;3.7;92.15;2.14;
2022-02-20 17:00:00;0.0;0.0;0.0;2.51;95.7;1.59;
2022-02-20 18:00:00;0.0;0.0;0.0;1.41;99.4;1.17;
2022-02-20 19:00:00;0.0;0.0;0.0;1.47;95.65;0.83;
2022-02-20 20:00:00;0.0;0.0;0.0;1.22;99.35;0.83;
2022-02-20 21:00:00;0.0;0.0;0.0;0.38;99.4;1.1;
2022-02-20 22:00:00;0.0;0.0;0.0;-0.25;100.0;1.52;
2022-02-20 23:00:00;0.0;0.0;0.0;-0.73;100.0;1.72;
2022-02-21 00:00:00;0.0;0.0;0.0;-0.42;99.4;1.72;
2022-02-21 01:00:00;0.0;0.0;0.0;-0.06;99.4;1.72;
2022-02-21 02:00:00;0.0;0.0;0.0;-0.58;95.6;1.66;
2022-02-21 03:00:00;0.0;0.0;0.0;-1.18;95.6;1.45;
2022-02-21 04:00:00;0.0;0.0;0.0;-1.23;99.4;1.17;
2022-02-21 05:00:00;0.0;0.0;0.0;-1.41;99.4;1.03;
2022-02-21 06:00:00;0.0;0.0;0.0;-1.82;95.55;1.03;
2022-02-21 07:00:00;88.0;239.0;54.0;-1.08;95.6;0.97;
2022-02-21 08:00:00;273.0;677.78;72.0;1.33;95.65;0.48;
2022-02-21 09:00:00;411.0;742.18;98.0;3.59;85.45;0.62;
2022-02-21 10:00:00;519.0;820.82;101.0;5.54;73.65;0.97;
2022-02-21 11:00:00;582.0;878.62;96.0;6.89;63.35;1.1;
2022-02-21 12:00:00;578.0;877.5;95.0;7.76;58.8;1.03;
2022-02-21 13:00:00;512.0;827.87;97.0;8.29;56.7;0.97;
2022-02-21 14:00:00;400.0;760.27;89.0;8.59;54.65;0.9;
2022-02-21 15:00:00;251.0;642.74;71.0;8.57;54.65;0.9;
2022-02-21 16:00:00;88.0;430.75;35.0;8.02;58.9;1.1;
2022-02-21 17:00:00;0.0;0.0;0.0;6.16;65.75;1.66;
2022-02-21 18:00:00;0.0;0.0;0.0;3.92;76.25;1.38;
2022-02-21 19:00:00;0.0;0.0;0.0;4.71;73.45;0.62;
2022-02-21 20:00:00;0.0;0.0;0.0;4.03;73.4;0.28;
2022-02-21 21:00:00;0.0;0.0;0.0;3.3;79.1;0.21;
2022-02-21 22:00:00;0.0;0.0;0.0;2.47;79.0;0.9;
2022-02-21 23:00:00;0.0;0.0;0.0;-0.04;85.1;1.38;
2022-02-22 00:00:00;0.0;0.0;0.0;-2.1;91.85;1.79;
2022-02-22 01:00:00;0.0;0.0;0.0;-2.83;95.55;1.86;
2022-02-22 02:00:00;0.0;0.0;0.0;-3.05;95.55;1.52;
2022-02-22 03:00:00;0.0;0.0;0.0;-2.48;95.55;1.1;
2022-02-22 04:00:00;0.0;0.0;0.0;-2.03;91.85;0.83;
2022-02-22 05:00:00;0.0;0.0;0.0;-2.4;91.85;0.9;
2022-02-22 06:00:00;0.0;0.0;0.0;-3.18;91.8;1.17;
2022-02-22 07:00:00;108.0;407.31;48.0;-2.17;91.85;1.03;
2022-02-22 08:00:00;278.0;666.13;77.0;1.34;85.25;0.62;
2022-02-22 09:00:00;428.0;789.22;91.0;5.86;63.25;0.69;
2022-02-22 10:00:00;539.0;862.88;95.0;7.92;58.9;0.9;
2022-02-22 11:00:00;599.0;909.7;91.0;9.18;56.9;0.9;
2022-02-22 12:00:00;596.0;908.88;91.0;10.15;55.05;0.9;
2022-02-22 13:00:00;528.0;859.08;93.0;10.79;55.15;0.83;
2022-02-22 14:00:00;414.0;789.93;87.0;11.14;53.25;0.83;
2022-02-22 15:00:00;263.0;684.82;68.0;11.1;51.25;0.97;
2022-02-22 16:00:00;95.0;470.54;35.0;10.29;61.65;1.17;
2022-02-22 17:00:00;0.0;0.0;0.0;7.62;73.9;1.59;
2022-02-22 18:00:00;0.0;0.0;0.0;6.3;73.7;1.31;
2022-02-22 19:00:00;0.0;0.0;0.0;6.96;68.4;0.34;
2022-02-22 20:00:00;0.0;0.0;0.0;5.41;73.65;0.83;
2022-02-22 21:00:00;0.0;0.0;0.0;3.3;82.2;1.17;
2022-02-22 22:00:00;0.0;0.0;0.0;0.64;88.5;1.45;
2022-02-22 23:00:00;0.0;0.0;0.0;-0.8;91.95;1.59;
2022-02-23 00:00:00;0.0;0.0;0.0;-1.85;95.55;1.66;
2022-02-23 01:00:00;0.0;0.0;0.0;-2.49;95.55;1.66;
2022-02-23 02:00:00;0.0;0.0;0.0;-2.76;95.55;1.52;
2022-02-23 03:00:00;0.0;0.0;0.0;-2.8;95.55;1.38;
2022-02-23 04:00:00;0.0;0.0;0.0;-2.69;91.85;1.31;
2022-02-23 05:00:00;0.0;0.0;0.0;-2.6;91.85;1.24;
2022-02-23 06:00:00;0.0;0.0;0.0;-2.48;91.85;1.17;
2022-02-23 07:00:00;71.0;72.17;60.0;-0.78;91.95;0.97;
2022-02-23 08:00:00;253.0;465.82;110.0;2.0;88.65;0.9;
2022-02-23 09:00:00;371.0;478.81;164.0;6.36;68.4;0.83;
2022-02-23 10:00:00;525.0;794.39;112.0;9.06;56.9;1.17;
2022-02-23 11:00:00;580.0;831.96;111.0;10.72;53.1;1.38;
2022-02-23 12:00:00;527.0;608.01;186.0;11.96;47.75;1.45;
2022-02-23 13:00:00;475.0;602.23;167.0;12.65;47.85;1.52;
2022-02-23 14:00:00;353.0;451.23;164.0;13.01;48.0;1.52;
2022-02-23 15:00:00;113.0;17.28;108.0;12.78;51.65;1.52;
2022-02-23 16:00:00;38.0;7.58;37.0;11.54;62.0;1.38;
2022-02-23 17:00:00;0.0;0.0;0.0;9.62;68.9;1.38;
2022-02-23 18:00:00;0.0;0.0;0.0;9.06;68.8;1.17;
2022-02-23 19:00:00;0.0;0.0;0.0;6.55;76.65;1.38;
2022-02-23 20:00:00;0.0;0.0;0.0;5.55;79.4;1.24;
2022-02-23 21:00:00;0.0;0.0;0.0;4.93;79.35;1.17;
2022-02-23 22:00:00;0.0;0.0;0.0;4.74;82.35;1.03;
2022-02-23 23:00:00;0.0;0.0;0.0;4.32;82.3;0.97;
2022-02-24 00:00:00;0.0;0.0;0.0;3.85;79.2;0.9;
2022-02-24 01:00:00;0.0;0.0;0.0;3.2;82.2;0.97;
2022-02-24 02:00:00;0.0;0.0;0.0;2.71;82.15;0.97;
2022-02-24 03:00:00;0.0;0.0;0.0;2.22;82.05;0.9;
2022-02-24 04:00:00;0.0;0.0;0.0;1.94;78.95;0.97;
2022-02-24 05:00:00;0.0;0.0;0.0;1.77;82.0;1.03;
2022-02-24 06:00:00;0.0;0.0;0.0;1.63;82.0;0.97;
2022-02-24 07:00:00;119.0;469.59;45.0;3.44;76.15;0.69;
2022-02-24 08:00:00;284.0;672.5;74.0;6.59;71.05;0.55;
2022-02-24 09:00:00;428.0;769.97;91.0;10.48;64.1;0.69;
2022-02-24 10:00:00;532.0;820.54;101.0;12.99;51.75;1.1;
2022-02-24 11:00:00;591.0;866.35;98.0;14.66;50.25;1.38;
2022-02-24 12:00:00;578.0;830.29;108.0;15.84;48.65;1.59;
2022-02-24 13:00:00;527.0;838.33;94.0;16.6;47.15;1.72;
2022-02-24 14:00:00;410.0;748.08;93.0;16.89;48.9;1.79;
2022-02-24 15:00:00;267.0;669.8;70.0;16.69;50.75;1.79;
2022-02-24 16:00:00;100.0;447.07;39.0;15.54;58.45;1.72;
2022-02-24 17:00:00;0.0;0.0;0.0;13.17;69.55;2.0;
2022-02-24 18:00:00;0.0;0.0;0.0;10.09;79.95;2.07;
2022-02-24 19:00:00;0.0;0.0;0.0;8.59;82.75;1.93;
2022-02-24 20:00:00;0.0;0.0;0.0;7.37;82.65;1.93;
2022-02-24 21:00:00;0.0;0.0;0.0;6.02;85.7;1.86;
2022-02-24 22:00:00;0.0;0.0;0.0;4.75;88.85;1.93;
2022-02-24 23:00:00;0.0;0.0;0.0;3.95;92.2;1.93;
2022-02-25 00:00:00;0.0;0.0;0.0;3.51;92.15;1.93;
2022-02-25 01:00:00;0.0;0.0;0.0;3.33;92.15;2.0;
2022-02-25 02:00:00;0.0;0.0;0.0;2.97;92.15;2.0;
2022-02-25 03:00:00;0.0;0.0;0.0;2.75;92.15;2.0;
2022-02-25 04:00:00;0.0;0.0;0.0;2.64;92.15;2.0;
2022-02-25 05:00:00;0.0;0.0;0.0;2.54;92.15;1.86;
2022-02-25 06:00:00;0.0;0.0;0.0;2.28;92.1;1.93;
2022-02-25 07:00:00;113.0;356.25;55.0;3.71;92.15;2.0;
2022-02-25 08:00:00;284.0;642.31;80.0;7.09;89.0;1.93;
2022-02-25 09:00:00;428.0;749.32;96.0;11.58;69.25;2.55;
2022-02-25 10:00:00;533.0;812.21;102.0;13.31;67.05;2.55;
2022-02-25 11:00:00;586.0;833.93;107.0;14.81;62.65;2.34;
2022-02-25 12:00:00;566.0;763.18;130.0;15.99;58.6;2.28;
2022-02-25 13:00:00;519.0;795.66;104.0;16.77;58.7;2.14;
2022-02-25 14:00:00;413.0;751.22;91.0;17.13;56.75;2.0;
2022-02-25 15:00:00;266.0;642.59;74.0;16.99;56.75;2.0;
2022-02-25 16:00:00;103.0;454.22;39.0;16.07;62.95;1.52;
2022-02-25 17:00:00;0.0;0.0;0.0;13.91;72.2;1.66;
2022-02-25 18:00:00;0.0;0.0;0.0;10.96;80.1;1.93;
2022-02-25 19:00:00;0.0;0.0;0.0;8.83;85.9;2.48;
2022-02-25 20:00:00;0.0;0.0;0.0;7.4;85.8;2.34;
2022-02-25 21:00:00;0.0;0.0;0.0;6.45;85.75;2.21;
2022-02-25 22:00:00;0.0;0.0;0.0;5.62;88.9;2.07;
2022-02-25 23:00:00;0.0;0.0;0.0;5.07;88.85;1.86;
2022-02-26 00:00:00;0.0;0.0;0.0;4.48;88.85;1.59;
2022-02-26 01:00:00;0.0;0.0;0.0;3.88;88.8;1.52;
2022-02-26 02:00:00;0.0;0.0;0.0;3.28;92.15;1.52;
2022-02-26 03:00:00;0.0;0.0;0.0;3.14;92.15;1.52;
2022-02-26 04:00:00;0.0;0.0;0.0;2.99;88.7;1.52;
2022-02-26 05:00:00;0.0;0.0;0.0;2.8;92.15;1.52;
2022-02-26 06:00:00;0.0;0.0;0.0;2.92;85.4;1.45;
2022-02-26 07:00:00;135.0;535.45;45.0;3.5;88.75;1.66;
2022-02-26 08:00:00;308.0;730.7;72.0;6.37;82.6;1.66;
2022-02-26 09:00:00;454.0;813.84;89.0;11.31;69.15;1.66;
2022-02-26 10:00:00;558.0;854.37;100.0;14.17;56.0;1.59;
2022-02-26 11:00:00;611.0;876.26;103.0;16.08;40.5;3.03;
2022-02-26 12:00:00;571.0;714.63;159.0;16.67;34.9;4.0;
2022-02-26 13:00:00;537.0;806.99;112.0;16.43;32.2;4.21;
2022-02-26 14:00:00;429.0;770.45;95.0;15.75;32.1;3.79;
2022-02-26 15:00:00;282.0;692.02;72.0;14.65;34.35;3.17;
2022-02-26 16:00:00;113.0;509.11;39.0;13.33;41.2;2.55;
2022-02-26 17:00:00;0.0;0.0;0.0;11.15;51.25;1.66;
2022-02-26 18:00:00;0.0;0.0;0.0;9.22;59.15;1.1;
2022-02-26 19:00:00;0.0;0.0;0.0;7.69;33.75;3.66;
2022-02-26 20:00:00;0.0;0.0;0.0;6.96;35.0;3.31;
2022-02-26 21:00:00;0.0;0.0;0.0;5.89;37.85;2.97;
2022-02-26 22:00:00;0.0;0.0;0.0;4.99;42.45;2.76;
2022-02-26 23:00:00;0.0;0.0;0.0;4.14;47.6;2.76;
2022-02-27 00:00:00;0.0;0.0;0.0;3.5;49.4;2.76;
2022-02-27 01:00:00;0.0;0.0;0.0;2.4;55.45;2.48;
2022-02-27 02:00:00;0.0;0.0;0.0;2.36;55.45;1.79;
2022-02-27 03:00:00;0.0;0.0;0.0;2.66;55.45;1.24;
2022-02-27 04:00:00;0.0;0.0;0.0;2.16;57.6;1.17;
2022-02-27 05:00:00;0.0;0.0;0.0;2.06;57.6;1.1;
2022-02-27 06:00:00;0.0;0.0;0.0;1.72;59.8;1.03;
2022-02-27 07:00:00;144.0;570.91;45.0;2.49;60.05;1.1;
2022-02-27 08:00:00;316.0;743.01;72.0;4.92;60.65;0.55;
2022-02-27 09:00:00;461.0;815.08;91.0;8.19;50.45;0.28;
2022-02-27 10:00:00;565.0;853.19;103.0;10.15;43.7;0.48;
2022-02-27 11:00:00;622.0;885.33;104.0;11.48;39.25;0.83;
2022-02-27 12:00:00;588.0;751.18;151.0;12.32;36.45;1.03;
2022-02-27 13:00:00;547.0;818.11;112.0;12.75;35.15;1.17;
2022-02-27 14:00:00;442.0;805.24;89.0;12.83;35.15;1.38;
2022-02-27 15:00:00;260.0;490.08;109.0;12.54;35.15;1.79;
2022-02-27 16:00:00;75.0;100.14;60.0;11.62;44.1;1.66;
2022-02-27 17:00:00;0.0;0.0;0.0;9.74;50.85;2.07;
2022-02-27 18:00:00;0.0;0.0;0.0;7.99;58.9;2.21;
2022-02-27 19:00:00;0.0;0.0;0.0;7.23;63.35;1.79;
2022-02-27 20:00:00;0.0;0.0;0.0;5.77;63.15;1.86;
2022-02-27 21:00:00;0.0;0.0;0.0;4.68;65.4;1.86;
2022-02-27 22:00:00;0.0;0.0;0.0;3.62;67.8;1.93;
2022-02-27 23:00:00;0.0;0.0;0.0;2.33;76.0;2.07;
2022-02-28 00:00:00;0.0;0.0;0.0;1.61;82.0;2.07;
2022-02-28 01:00:00;0.0;0.0;0.0;1.11;85.2;1.93;
2022-02-28 02:00:00;0.0;0.0;0.0;0.88;85.2;1.59;
2022-02-28 03:00:00;0.0;0.0;0.0;1.2;88.55;1.24;
2022-02-28 04:00:00;0.0;0.0;0.0;1.14;88.55;1.1;
2022-02-28 05:00:00;0.0;0.0;0.0;0.11;92.0;1.24;
2022-02-28 06:00:00;0.0;0.0;0.0;-0.07;92.0;1.17;
2022-02-28 07:00:00;136.0;453.06;55.0;1.65;88.6;1.03;
2022-02-28 08:00:00;281.0;497.23;115.0;4.0;85.5;0.41;
2022-02-28 09:00:00;453.0;770.54;99.0;7.3;68.4;0.55;
2022-02-28 10:00:00;547.0;771.56;125.0;8.91;63.8;0.9;
2022-02-28 11:00:00;589.0;745.19;149.0;10.13;61.65;0.97;
2022-02-28 12:00:00;0.0;0.0;0.0;11.11;57.4;0.69;
2022-02-28 13:00:00;371.0;195.61;266.0;11.89;55.4;0.9;
2022-02-28 14:00:00;178.0;11.28;173.0;12.38;53.5;1.31;
2022-02-28 15:00:00;114.0;9.59;111.0;12.43;51.65;1.38;
2022-02-28 16:00:00;79.0;110.23;62.0;8.24;70.46;1.48;
2022-02-28 17:00:00;0.0;0.0;0.0;7.75;72.55;1.43;
2022-02-28 18:00:00;0.0;0.0;0.0;7.26;74.64;1.39;
2022-02-28 19:00:00;0.0;0.0;0.0;6.77;76.74;1.34;
2022-02-28 20:00:00;0.0;0.0;0.0;6.29;78.83;1.3;
2022-02-28 21:00:00;0.0;0.0;0.0;5.8;80.92;1.25;
2022-02-28 22:00:00;0.0;0.0;0.0;5.31;83.01;1.21;
2022-02-28 23:00:00;0.0;0.0;0.0;4.82;85.1;1.16;
2022-03-01 00:00:00;0.0;0.0;0.0;4.33;87.19;1.12;
2022-03-01 01:00:00;0.0;0.0;0.0;3.84;89.28;1.08;
2022-03-01 02:00:00;0.0;0.0;0.0;3.36;91.38;1.03;
2022-03-01 03:00:00;0.0;0.0;0.0;2.87;93.47;0.99;
2022-03-01 04:00:00;0.0;0.0;0.0;2.38;95.56;0.94;
2022-03-01 05:00:00;0.0;0.0;0.0;1.89;97.65;0.9;
2022-03-01 06:00:00;0.0;0.0;0.0;1.4;99.74;0.85;
2022-03-01 07:00:00;71.0;27.14;66.0;0.91;100.0;0.81;
2022-03-01 08:00:00;255.0;333.0;142.0;4.96;92.25;0.41;
2022-03-01 09:00:00;354.0;307.58;211.0;7.63;82.65;0.97;
2022-03-01 10:00:00;545.0;736.78;138.0;8.92;71.4;1.66;
2022-03-01 11:00:00;512.0;443.09;248.0;9.8;68.9;1.72;
2022-03-01 12:00:00;0.0;0.0;0.0;10.51;64.1;1.38;
2022-03-01 13:00:00;477.0;500.17;206.0;10.88;59.6;1.59;
2022-03-01 14:00:00;228.0;55.79;203.0;10.51;59.5;2.34;
2022-03-01 15:00:00;164.0;75.62;140.0;9.78;63.9;2.62;
2022-03-01 16:00:00;57.0;25.21;53.0;8.87;63.8;2.0;
2022-03-01 17:00:00;0.0;0.0;0.0;7.82;66.05;1.79;
2022-03-01 18:00:00;0.0;0.0;0.0;6.89;65.85;2.07;
2022-03-01 19:00:00;0.0;0.0;0.0;6.0;63.25;3.24;
2022-03-01 20:00:00;0.0;0.0;0.0;5.4;60.75;3.52;
2022-03-01 21:00:00;0.0;0.0;0.0;4.69;60.5;3.24;
2022-03-01 22:00:00;0.0;0.0;0.0;3.96;58.05;2.76;
2022-03-01 23:00:00;0.0;0.0;0.0;3.23;62.6;1.72;
2022-03-02 00:00:00;0.0;0.0;0.0;2.81;67.7;0.76;
2022-03-02 01:00:00;0.0;0.0;0.0;2.39;76.0;0.69;
2022-03-02 02:00:00;0.0;0.0;0.0;2.2;78.95;0.76;
2022-03-02 03:00:00;0.0;0.0;0.0;2.22;75.95;1.03;
2022-03-02 04:00:00;0.0;0.0;0.0;2.03;75.95;1.17;
2022-03-02 05:00:00;0.0;0.0;0.0;1.25;81.95;1.17;
2022-03-02 06:00:00;0.0;0.0;0.0;0.52;85.15;1.17;
2022-03-02 07:00:00;110.0;163.44;79.0;1.57;88.6;0.83;
2022-03-02 08:00:00;252.0;292.87;151.0;3.24;70.4;1.45;
2022-03-02 09:00:00;383.0;388.99;200.0;4.01;65.3;1.79;
2022-03-02 10:00:00;552.0;731.34;144.0;4.69;62.95;1.86;
2022-03-02 11:00:00;431.0;217.9;300.0;5.4;60.75;1.52;
2022-03-02 12:00:00;0.0;0.0;0.0;6.02;56.3;1.17;
2022-03-02 13:00:00;441.0;356.59;246.0;6.19;56.3;1.03;
2022-03-02 14:00:00;167.0;6.62;164.0;6.24;56.3;1.24;
2022-03-02 15:00:00;171.0;83.85;144.0;6.04;54.15;1.38;
2022-03-02 16:00:00;46.0;6.13;45.0;5.45;56.2;1.93;
2022-03-02 17:00:00;0.0;0.0;0.0;4.45;62.95;2.55;
2022-03-02 18:00:00;0.0;0.0;0.0;3.36;67.8;2.62;
2022-03-02 19:00:00;0.0;0.0;0.0;2.66;73.1;1.93;
2022-03-02 20:00:00;0.0;0.0;0.0;2.3;73.1;1.79;
2022-03-02 21:00:00;0.0;0.0;0.0;1.95;75.95;1.38;
2022-03-02 22:00:00;0.0;0.0;0.0;1.73;82.0;0.69;
2022-03-02 23:00:00;0.0;0.0;0.0;1.44;88.6;0.55;
2022-03-03 00:00:00;0.0;0.0;0.0;1.18;88.55;0.97;
2022-03-03 01:00:00;0.0;0.0;0.0;1.18;88.55;1.24;
2022-03-03 02:00:00;0.0;0.0;0.0;1.01;88.55;1.38;
2022-03-03 03:00:00;0.0;0.0;0.0;0.72;92.0;1.45;
2022-03-03 04:00:00;0.0;0.0;0.0;0.46;92.0;1.45;
2022-03-03 05:00:00;0.0;0.0;0.0;-0.65;91.95;1.45;
2022-03-03 06:00:00;0.0;0.0;0.0;-0.93;95.6;1.1;
2022-03-03 07:00:00;113.0;163.96;81.0;-0.03;92.0;0.9;
2022-03-03 08:00:00;110.0;2.85;109.0;1.97;78.95;1.24;
2022-03-03 09:00:00;142.0;0.0;142.0;2.71;76.0;1.31;
2022-03-03 10:00:00;159.0;0.0;159.0;2.95;73.2;1.24;
2022-03-03 11:00:00;136.0;0.0;136.0;3.4;73.3;0.97;
2022-03-03 12:00:00;117.0;0.0;117.0;3.83;73.4;0.9;
2022-03-03 13:00:00;97.0;0.0;97.0;3.94;73.4;0.97;
2022-03-03 14:00:00;45.0;0.0;45.0;3.89;73.4;0.97;
2022-03-03 15:00:00;74.0;0.0;74.0;3.88;73.4;0.83;
2022-03-03 16:00:00;83.0;95.55;67.0;3.82;76.25;0.76;
2022-03-03 17:00:00;0.0;0.0;0.0;3.23;82.2;0.62;
2022-03-03 18:00:00;0.0;0.0;0.0;2.8;85.4;0.41;
2022-03-03 19:00:00;0.0;0.0;0.0;1.31;92.05;0.97;
2022-03-03 20:00:00;0.0;0.0;0.0;1.59;95.65;0.97;
2022-03-03 21:00:00;0.0;0.0;0.0;1.8;92.1;0.55;
2022-03-03 22:00:00;0.0;0.0;0.0;1.96;92.1;0.83;
2022-03-03 23:00:00;0.0;0.0;0.0;1.95;92.1;1.03;
2022-03-04 00:00:00;0.0;0.0;0.0;1.74;95.65;1.31;
2022-03-04 01:00:00;0.0;0.0;0.0;2.17;95.65;1.24;
2022-03-04 02:00:00;0.0;0.0;0.0;2.37;92.15;1.17;
2022-03-04 03:00:00;0.0;0.0;0.0;2.1;95.65;1.1;
2022-03-04 04:00:00;0.0;0.0;0.0;1.68;95.65;0.83;
2022-03-04 05:00:00;0.0;0.0;0.0;1.1;95.65;0.76;
2022-03-04 06:00:00;0.0;0.0;0.0;0.34;95.65;0.76;
2022-03-04 07:00:00;73.0;19.93;69.0;2.12;95.65;0.48;
2022-03-04 08:00:00;153.0;25.28;144.0;4.08;92.2;0.28;
2022-03-04 09:00:00;314.0;164.05;235.0;6.56;76.55;0.41;
2022-03-04 10:00:00;528.0;590.66;192.0;8.09;71.25;0.55;
2022-03-04 11:00:00;633.0;831.8;124.0;9.19;68.8;1.03;
2022-03-04 12:00:00;614.0;778.16;141.0;9.72;66.35;1.45;
2022-03-04 13:00:00;557.0;768.56;129.0;10.24;64.0;1.52;
2022-03-04 14:00:00;448.0;726.45;112.0;10.6;59.5;1.24;
2022-03-04 15:00:00;296.0;615.97;92.0;10.55;59.5;0.9;
2022-03-04 16:00:00;100.0;174.59;70.0;10.11;61.65;1.17;
2022-03-04 17:00:00;0.0;0.0;0.0;8.77;71.35;1.52;
2022-03-04 18:00:00;0.0;0.0;0.0;6.87;76.65;1.66;
2022-03-04 19:00:00;0.0;0.0;0.0;5.18;85.6;1.1;
2022-03-04 20:00:00;0.0;0.0;0.0;4.55;85.55;1.17;
2022-03-04 21:00:00;0.0;0.0;0.0;4.08;85.5;1.03;
2022-03-04 22:00:00;0.0;0.0;0.0;4.59;85.55;0.62;
2022-03-04 23:00:00;0.0;0.0;0.0;4.78;85.55;0.34;
2022-03-05 00:00:00;0.0;0.0;0.0;4.65;82.35;0.34;
2022-03-05 01:00:00;0.0;0.0;0.0;4.59;82.35;0.76;
2022-03-05 02:00:00;0.0;0.0;0.0;4.13;85.5;0.9;
2022-03-05 03:00:00;0.0;0.0;0.0;3.92;85.5;0.83;
2022-03-05 04:00:00;0.0;0.0;0.0;3.83;85.5;0.76;
2022-03-05 05:00:00;0.0;0.0;0.0;3.48;85.45;0.83;
2022-03-05 06:00:00;6.0;0.0;6.0;2.41;88.65;1.03;
2022-03-05 07:00:00;104.0;87.25;86.0;1.93;95.65;0.34;
2022-03-05 08:00:00;335.0;669.25;93.0;4.4;85.55;0.28;
2022-03-05 09:00:00;354.0;252.5;231.0;6.39;82.55;0.21;
2022-03-05 10:00:00;449.0;316.88;267.0;8.11;73.95;0.41;
2022-03-05 11:00:00;493.0;333.72;287.0;9.48;66.35;0.83;
2022-03-05 12:00:00;476.0;300.15;292.0;10.72;61.75;0.97;
2022-03-05 13:00:00;305.0;65.85;268.0;11.23;61.85;1.17;
2022-03-05 14:00:00;230.0;44.94;209.0;11.51;59.7;1.24;
2022-03-05 15:00:00;223.0;208.49;153.0;11.48;59.7;1.31;
2022-03-05 16:00:00;97.0;141.89;72.0;10.98;61.85;1.31;
2022-03-05 17:00:00;0.0;0.0;0.0;9.8;71.5;1.45;
2022-03-05 18:00:00;0.0;0.0;0.0;7.74;85.8;1.1;
2022-03-05 19:00:00;0.0;0.0;0.0;6.18;88.95;1.24;
2022-03-05 20:00:00;0.0;0.0;0.0;5.35;85.65;1.31;
2022-03-05 21:00:00;0.0;0.0;0.0;4.94;85.6;1.17;
2022-03-05 22:00:00;0.0;0.0;0.0;4.74;88.85;1.03;
2022-03-05 23:00:00;0.0;0.0;0.0;3.48;88.75;1.1;
2022-03-06 00:00:00;0.0;0.0;0.0;2.08;92.1;1.24;
2022-03-06 01:00:00;0.0;0.0;0.0;1.29;92.05;1.24;
2022-03-06 02:00:00;0.0;0.0;0.0;1.02;95.65;1.03;
2022-03-06 03:00:00;0.0;0.0;0.0;0.77;92.05;0.9;
2022-03-06 04:00:00;0.0;0.0;0.0;0.32;95.65;0.97;
2022-03-06 05:00:00;0.0;0.0;0.0;0.04;95.6;0.97;
2022-03-06 06:00:00;9.0;0.0;9.0;-0.31;95.6;1.03;
2022-03-06 07:00:00;170.0;490.78;66.0;1.61;88.6;0.97;
2022-03-06 08:00:00;342.0;667.16;97.0;5.34;79.4;0.62;
2022-03-06 09:00:00;488.0;754.99;116.0;8.84;71.4;0.69;
2022-03-06 10:00:00;593.0;803.67;127.0;11.19;64.25;1.1;
2022-03-06 11:00:00;645.0;825.52;131.0;12.9;57.9;1.59;
2022-03-06 12:00:00;622.0;748.94;159.0;13.99;53.95;1.72;
2022-03-06 13:00:00;574.0;785.04;129.0;14.67;52.15;1.79;
2022-03-06 14:00:00;466.0;754.15;110.0;14.97;50.35;1.79;
2022-03-06 15:00:00;313.0;655.31;90.0;14.87;52.15;1.59;
2022-03-06 16:00:00;136.0;426.49;59.0;14.26;56.0;1.17;
2022-03-06 17:00:00;0.0;0.0;0.0;12.7;62.2;1.66;
2022-03-06 18:00:00;0.0;0.0;0.0;9.77;74.2;2.14;
2022-03-06 19:00:00;0.0;0.0;0.0;8.2;82.7;1.66;
2022-03-06 20:00:00;0.0;0.0;0.0;5.99;85.7;2.21;
2022-03-06 21:00:00;0.0;0.0;0.0;5.28;88.85;2.69;
2022-03-06 22:00:00;0.0;0.0;0.0;6.48;82.55;4.0;
2022-03-06 23:00:00;0.0;0.0;0.0;6.44;79.5;6.0;
2022-03-07 00:00:00;0.0;0.0;0.0;5.62;73.65;6.07;
2022-03-07 01:00:00;0.0;0.0;0.0;5.14;68.1;5.59;
2022-03-07 02:00:00;0.0;0.0;0.0;4.74;65.4;5.45;
2022-03-07 03:00:00;0.0;0.0;0.0;4.34;60.5;5.1;
2022-03-07 04:00:00;0.0;0.0;0.0;4.16;60.4;4.76;
2022-03-07 05:00:00;0.0;0.0;0.0;3.93;60.4;4.41;
2022-03-07 06:00:00;6.0;0.0;6.0;3.65;60.3;4.14;
2022-03-07 07:00:00;78.0;13.79;75.0;4.57;55.95;3.86;
2022-03-07 08:00:00;136.0;8.05;133.0;4.86;53.9;3.72;
2022-03-07 09:00:00;173.0;4.01;171.0;5.09;49.8;4.34;
2022-03-07 10:00:00;263.0;22.21;250.0;5.25;49.8;4.21;
2022-03-07 11:00:00;505.0;332.81;296.0;5.77;48.0;4.21;
2022-03-07 12:00:00;508.0;349.71;290.0;6.15;46.25;3.79;
2022-03-07 13:00:00;336.0;94.44;282.0;6.49;48.15;3.24;
2022-03-07 14:00:00;369.0;316.7;218.0;6.48;48.15;2.69;
2022-03-07 15:00:00;262.0;336.41;146.0;6.41;48.15;2.34;
2022-03-07 16:00:00;112.0;189.31;77.0;6.14;48.15;1.93;
2022-03-07 17:00:00;0.0;0.0;0.0;5.31;51.95;1.52;
2022-03-07 18:00:00;0.0;0.0;0.0;4.26;58.05;1.59;
2022-03-07 19:00:00;0.0;0.0;0.0;3.61;60.3;1.59;
2022-03-07 20:00:00;0.0;0.0;0.0;2.57;62.5;1.86;
2022-03-07 21:00:00;0.0;0.0;0.0;1.67;64.8;1.86;
2022-03-07 22:00:00;0.0;0.0;0.0;1.1;67.3;1.66;
2022-03-07 23:00:00;0.0;0.0;0.0;1.47;62.25;1.24;
2022-03-08 00:00:00;0.0;0.0;0.0;2.02;55.3;1.03;
2022-03-08 01:00:00;0.0;0.0;0.0;1.43;59.8;1.1;
2022-03-08 02:00:00;0.0;0.0;0.0;1.27;59.8;1.1;
2022-03-08 03:00:00;0.0;0.0;0.0;1.71;57.45;0.83;
2022-03-08 04:00:00;0.0;0.0;0.0;1.57;57.45;0.55;
2022-03-08 05:00:00;0.0;0.0;0.0;1.39;57.45;0.28;
2022-03-08 06:00:00;20.0;164.81;12.0;1.13;59.7;0.34;
2022-03-08 07:00:00;184.0;515.19;69.0;-0.38;75.55;1.1;
2022-03-08 08:00:00;358.0;684.21;99.0;2.32;57.7;1.45;
2022-03-08 09:00:00;506.0;765.99;120.0;3.44;53.5;1.93;
2022-03-08 10:00:00;607.0;795.5;137.0;4.17;53.65;2.0;
2022-03-08 11:00:00;663.0;832.12;136.0;4.95;51.8;1.52;
2022-03-08 12:00:00;635.0;738.25;171.0;5.52;51.95;0.97;
2022-03-08 13:00:00;590.0;788.93;135.0;6.09;52.1;0.48;
2022-03-08 14:00:00;479.0;751.81;117.0;6.34;54.15;0.34;
2022-03-08 15:00:00;321.0;635.51;99.0;6.41;54.15;0.41;
2022-03-08 16:00:00;145.0;428.13;64.0;6.11;52.1;0.34;
2022-03-08 17:00:00;0.0;0.0;0.0;5.31;56.2;0.48;
2022-03-08 18:00:00;0.0;0.0;0.0;3.87;65.3;0.69;
2022-03-08 19:00:00;0.0;0.0;0.0;2.3;67.6;1.1;
2022-03-08 20:00:00;0.0;0.0;0.0;1.14;72.85;1.24;
2022-03-08 21:00:00;0.0;0.0;0.0;0.45;75.7;1.31;
2022-03-08 22:00:00;0.0;0.0;0.0;0.16;75.6;1.24;
2022-03-08 23:00:00;0.0;0.0;0.0;0.5;72.75;1.1;
2022-03-09 00:00:00;0.0;0.0;0.0;-0.06;75.6;1.17;
2022-03-09 01:00:00;0.0;0.0;0.0;-1.13;78.5;1.31;
2022-03-09 02:00:00;0.0;0.0;0.0;-1.39;81.65;1.24;
2022-03-09 03:00:00;0.0;0.0;0.0;-1.52;84.95;1.1;
2022-03-09 04:00:00;0.0;0.0;0.0;-2.04;88.3;1.03;
2022-03-09 05:00:00;0.0;0.0;0.0;-2.49;88.25;1.1;
2022-03-09 06:00:00;23.0;147.62;15.0;-2.9;91.8;1.1;
2022-03-09 07:00:00;186.0;493.64;73.0;-0.5;88.45;0.69;
2022-03-09 08:00:00;361.0;668.89;104.0;2.56;79.0;0.34;
2022-03-09 09:00:00;510.0;763.45;121.0;4.73;68.0;0.34;
2022-03-09 10:00:00;611.0;793.21;138.0;6.26;63.25;0.97;
2022-03-09 11:00:00;666.0;828.32;137.0;7.57;58.8;1.52;
2022-03-09 12:00:00;649.0;779.63;155.0;8.58;54.65;1.79;
2022-03-09 13:00:00;590.0;771.95;141.0;9.31;54.8;1.86;
2022-03-09 14:00:00;482.0;748.67;118.0;9.72;52.85;1.72;
2022-03-09 15:00:00;324.0;633.11;100.0;9.79;52.85;1.45;
2022-03-09 16:00:00;149.0;434.12;65.0;9.48;52.85;1.17;
2022-03-09 17:00:00;0.0;0.0;0.0;8.48;63.7;0.55;
2022-03-09 18:00:00;0.0;0.0;0.0;7.01;63.35;0.9;
2022-03-09 19:00:00;0.0;0.0;0.0;7.05;58.65;0.69;
2022-03-09 20:00:00;0.0;0.0;0.0;6.16;60.85;0.83;
2022-03-09 21:00:00;0.0;0.0;0.0;4.55;68.0;1.1;
2022-03-09 22:00:00;0.0;0.0;0.0;1.74;82.0;1.45;
2022-03-09 23:00:00;0.0;0.0;0.0;0.68;88.5;1.45;
2022-03-10 00:00:00;0.0;0.0;0.0;0.09;88.45;1.38;
2022-03-10 01:00:00;0.0;0.0;0.0;-0.79;91.95;1.45;
2022-03-10 02:00:00;0.0;0.0;0.0;-1.12;91.95;1.31;
2022-03-10 03:00:00;0.0;0.0;0.0;-1.31;95.6;1.1;
2022-03-10 04:00:00;0.0;0.0;0.0;-1.72;95.6;1.03;
2022-03-10 05:00:00;0.0;0.0;0.0;-1.66;95.6;0.97;
2022-03-10 06:00:00;22.0;66.81;18.0;-1.49;95.6;1.03;
2022-03-10 07:00:00;196.0;549.81;67.0;1.23;92.05;0.76;
2022-03-10 08:00:00;360.0;643.74;109.0;4.99;73.55;0.97;
2022-03-10 09:00:00;506.0;737.66;126.0;7.19;65.85;1.59;
2022-03-10 10:00:00;576.0;646.41;187.0;8.69;61.3;1.93;
2022-03-10 11:00:00;649.0;756.28;162.0;9.98;57.15;2.0;
2022-03-10 12:00:00;650.0;782.79;150.0;11.02;55.3;2.14;
2022-03-10 13:00:00;588.0;760.41;142.0;11.83;53.35;2.28;
2022-03-10 14:00:00;470.0;682.47;135.0;12.28;53.5;2.41;
2022-03-10 15:00:00;321.0;597.32;107.0;12.34;53.5;2.55;
2022-03-10 16:00:00;114.0;156.74;83.0;11.82;57.55;2.28;
2022-03-10 17:00:00;0.0;0.0;0.0;10.3;64.0;2.07;
2022-03-10 18:00:00;0.0;0.0;0.0;8.34;68.7;2.14;
2022-03-10 19:00:00;0.0;0.0;0.0;6.88;76.65;2.14;
2022-03-10 20:00:00;0.0;0.0;0.0;5.22;82.4;2.07;
2022-03-10 21:00:00;0.0;0.0;0.0;3.8;85.5;2.0;
2022-03-10 22:00:00;0.0;0.0;0.0;2.8;85.4;1.86;
2022-03-10 23:00:00;0.0;0.0;0.0;2.1;88.65;1.79;
2022-03-11 00:00:00;0.0;0.0;0.0;1.62;92.05;1.72;
2022-03-11 01:00:00;0.0;0.0;0.0;0.82;92.05;1.72;
2022-03-11 02:00:00;0.0;0.0;0.0;0.28;95.65;1.59;
2022-03-11 03:00:00;0.0;0.0;0.0;0.03;99.4;1.17;
2022-03-11 04:00:00;0.0;0.0;0.0;0.16;99.4;0.9;
2022-03-11 05:00:00;0.0;0.0;0.0;-0.18;99.4;0.9;
2022-03-11 06:00:00;30.0;152.47;20.0;-0.77;100.0;0.97;
2022-03-11 07:00:00;118.0;74.89;100.0;1.05;95.65;0.62;
2022-03-11 08:00:00;275.0;237.61;181.0;5.15;88.85;0.41;
2022-03-11 09:00:00;406.0;328.37;235.0;8.37;79.75;0.76;
2022-03-11 10:00:00;399.0;154.79;305.0;9.83;77.0;1.38;
2022-03-11 11:00:00;400.0;113.98;326.0;11.01;69.15;2.14;
2022-03-11 12:00:00;431.0;164.64;325.0;11.6;66.75;2.28;
2022-03-11 13:00:00;406.0;189.39;294.0;11.64;64.35;2.07;
2022-03-11 14:00:00;349.0;226.04;237.0;11.56;64.35;1.72;
2022-03-11 15:00:00;202.0;96.5;167.0;11.56;64.35;1.59;
2022-03-11 16:00:00;135.0;277.18;79.0;11.18;66.65;1.17;
2022-03-11 17:00:00;0.0;0.0;0.0;10.45;74.4;0.83;
2022-03-11 18:00:00;0.0;0.0;0.0;9.6;79.9;0.69;
2022-03-11 19:00:00;0.0;0.0;0.0;8.4;82.75;1.17;
2022-03-11 20:00:00;0.0;0.0;0.0;7.62;85.8;1.38;
2022-03-11 21:00:00;0.0;0.0;0.0;7.19;89.0;1.38;
2022-03-11 22:00:00;0.0;0.0;0.0;6.97;89.0;1.31;
2022-03-11 23:00:00;0.0;0.0;0.0;6.74;92.3;1.24;
2022-03-12 00:00:00;0.0;0.0;0.0;7.08;89.0;0.97;
2022-03-12 01:00:00;0.0;0.0;0.0;7.77;85.8;0.34;
2022-03-12 02:00:00;0.0;0.0;0.0;7.7;82.65;0.34;
2022-03-12 03:00:00;0.0;0.0;0.0;7.13;85.75;0.83;
2022-03-12 04:00:00;0.0;0.0;0.0;6.88;85.75;0.83;
2022-03-12 05:00:00;0.0;0.0;0.0;6.64;88.95;0.83;
2022-03-12 06:00:00;10.0;0.0;10.0;6.39;88.95;0.97;
2022-03-12 07:00:00;93.0;20.32;88.0;6.79;95.8;0.9;
2022-03-12 08:00:00;160.0;14.95;154.0;7.62;89.0;1.03;
2022-03-12 09:00:00;225.0;19.0;215.0;8.32;85.85;1.72;
2022-03-12 10:00:00;331.0;63.65;292.0;9.0;79.85;2.07;
2022-03-12 11:00:00;337.0;47.36;306.0;9.65;77.0;2.48;
2022-03-12 12:00:00;404.0;121.75;325.0;10.35;71.7;2.41;
2022-03-12 13:00:00;181.0;0.0;181.0;10.47;69.1;2.28;
2022-03-12 14:00:00;239.0;37.99;220.0;10.78;66.55;2.21;
2022-03-12 15:00:00;159.0;27.24;149.0;10.81;64.1;2.14;
2022-03-12 16:00:00;60.0;4.85;59.0;10.45;64.1;1.38;
2022-03-12 17:00:00;0.0;0.0;0.0;9.58;68.9;1.38;
2022-03-12 18:00:00;0.0;0.0;0.0;8.94;68.8;1.86;
2022-03-12 19:00:00;0.0;0.0;0.0;8.49;76.85;1.72;
2022-03-12 20:00:00;0.0;0.0;0.0;8.31;79.7;2.28;
2022-03-12 21:00:00;0.0;0.0;0.0;8.12;79.7;2.48;
2022-03-12 22:00:00;0.0;0.0;0.0;7.75;85.8;2.62;
2022-03-12 23:00:00;0.0;0.0;0.0;7.27;92.35;2.62;
2022-03-13 00:00:00;0.0;0.0;0.0;6.94;89.0;2.76;
2022-03-13 01:00:00;0.0;0.0;0.0;6.62;88.95;2.62;
2022-03-13 02:00:00;0.0;0.0;0.0;6.35;88.95;2.14;
2022-03-13 03:00:00;0.0;0.0;0.0;6.16;85.7;1.93;
2022-03-13 04:00:00;0.0;0.0;0.0;6.0;85.7;1.93;
2022-03-13 05:00:00;0.0;0.0;0.0;5.87;85.7;2.0;
2022-03-13 06:00:00;14.0;0.0;14.0;5.84;85.7;2.21;
2022-03-13 07:00:00;18.0;0.0;18.0;6.37;88.95;2.48;
2022-03-13 08:00:00;61.0;0.0;61.0;6.7;88.95;2.76;
2022-03-13 09:00:00;82.0;0.0;82.0;7.14;89.0;2.83;
2022-03-13 10:00:00;88.0;0.0;88.0;7.54;89.0;2.9;
2022-03-13 11:00:00;92.0;0.0;92.0;8.23;89.05;2.62;
2022-03-13 12:00:00;207.0;0.0;207.0;8.45;85.9;3.1;
2022-03-13 13:00:00;136.0;0.0;136.0;8.59;85.9;3.17;
2022-03-13 14:00:00;155.0;0.0;155.0;8.47;85.9;2.9;
2022-03-13 15:00:00;92.0;0.0;92.0;8.37;85.9;2.48;
2022-03-13 16:00:00;32.0;0.0;32.0;8.12;89.05;2.62;
2022-03-13 17:00:00;7.0;0.0;7.0;7.68;89.0;2.41;
2022-03-13 18:00:00;0.0;0.0;0.0;7.1;89.0;2.21;
2022-03-13 19:00:00;0.0;0.0;0.0;7.53;92.35;1.31;
2022-03-13 20:00:00;0.0;0.0;0.0;7.24;95.8;1.1;
2022-03-13 21:00:00;0.0;0.0;0.0;7.09;95.8;0.97;
2022-03-13 22:00:00;0.0;0.0;0.0;6.87;92.35;1.17;
2022-03-13 23:00:00;0.0;0.0;0.0;6.83;92.35;1.66;
2022-03-14 00:00:00;0.0;0.0;0.0;6.7;92.3;2.0;
2022-03-14 01:00:00;0.0;0.0;0.0;6.57;92.3;2.07;
2022-03-14 02:00:00;0.0;0.0;0.0;6.48;92.3;2.07;
2022-03-14 03:00:00;0.0;0.0;0.0;6.3;88.95;2.0;
2022-03-14 04:00:00;0.0;0.0;0.0;5.86;85.7;1.79;
2022-03-14 05:00:00;0.0;0.0;0.0;5.09;88.85;1.59;
2022-03-14 06:00:00;28.0;36.2;25.0;4.35;92.25;1.24;
2022-03-14 07:00:00;116.0;46.57;104.0;6.49;95.8;0.69;
2022-03-14 08:00:00;115.0;0.0;115.0;7.64;89.0;0.97;
2022-03-14 09:00:00;249.0;29.76;233.0;8.79;82.75;1.52;
2022-03-14 10:00:00;281.0;22.45;267.0;9.92;74.3;1.72;
2022-03-14 11:00:00;314.0;28.57;295.0;10.55;71.7;1.52;
2022-03-14 12:00:00;406.0;116.86;329.0;11.41;69.25;1.03;
2022-03-14 13:00:00;371.0;117.2;300.0;11.9;66.85;0.9;
2022-03-14 14:00:00;215.0;17.67;206.0;12.16;64.45;0.83;
2022-03-14 15:00:00;237.0;167.62;174.0;12.14;64.45;0.9;
2022-03-14 16:00:00;101.0;65.21;87.0;12.02;64.45;0.97;
2022-03-14 17:00:00;3.0;0.0;3.0;11.3;71.75;0.62;
2022-03-14 18:00:00;0.0;0.0;0.0;9.56;82.9;1.03;
2022-03-14 19:00:00;0.0;0.0;0.0;8.77;89.1;1.17;
2022-03-14 20:00:00;0.0;0.0;0.0;8.04;89.05;1.38;
2022-03-14 21:00:00;0.0;0.0;0.0;7.67;92.35;1.72;
2022-03-14 22:00:00;0.0;0.0;0.0;7.36;92.35;1.66;
2022-03-14 23:00:00;0.0;0.0;0.0;7.39;92.35;1.59;
2022-03-15 00:00:00;0.0;0.0;0.0;7.26;92.35;1.66;
2022-03-15 01:00:00;0.0;0.0;0.0;7.09;92.35;1.59;
2022-03-15 02:00:00;0.0;0.0;0.0;6.85;92.35;1.66;
2022-03-15 03:00:00;0.0;0.0;0.0;6.85;89.0;1.59;
2022-03-15 04:00:00;0.0;0.0;0.0;6.98;89.0;1.66;
2022-03-15 05:00:00;0.0;0.0;0.0;7.06;89.0;1.59;
2022-03-15 06:00:00;9.0;0.0;9.0;7.06;92.35;1.66;
2022-03-15 07:00:00;44.0;0.0;44.0;7.93;92.4;1.45;
2022-03-15 08:00:00;67.0;0.0;67.0;9.23;89.1;1.31;
2022-03-15 09:00:00;83.0;0.0;83.0;10.73;83.0;2.0;
2022-03-15 10:00:00;100.0;0.0;100.0;11.58;80.15;2.41;
2022-03-15 11:00:00;90.0;0.0;90.0;12.32;77.35;3.03;
2022-03-15 12:00:00;108.0;0.0;108.0;12.67;77.45;3.38;
2022-03-15 13:00:00;82.0;0.0;82.0;12.36;83.15;2.83;
2022-03-15 14:00:00;54.0;0.0;54.0;12.27;83.15;2.41;
2022-03-15 15:00:00;30.0;0.0;30.0;11.98;86.2;2.41;
2022-03-15 16:00:00;43.0;0.0;43.0;11.49;89.3;2.48;
2022-03-15 17:00:00;3.0;0.0;3.0;11.16;92.55;2.21;
2022-03-15 18:00:00;0.0;0.0;0.0;10.95;92.55;2.28;
2022-03-15 19:00:00;0.0;0.0;0.0;10.4;92.5;2.76;
2022-03-15 20:00:00;0.0;0.0;0.0;10.39;92.5;2.83;
2022-03-15 21:00:00;0.0;0.0;0.0;10.29;95.9;2.83;
2022-03-15 22:00:00;0.0;0.0;0.0;10.21;95.9;2.41;
2022-03-15 23:00:00;0.0;0.0;0.0;9.99;92.5;2.07;
2022-03-16 00:00:00;0.0;0.0;0.0;9.8;95.85;2.0;
2022-03-16 01:00:00;0.0;0.0;0.0;9.66;92.45;2.41;
2022-03-16 02:00:00;0.0;0.0;0.0;9.7;92.45;2.97;
2022-03-16 03:00:00;0.0;0.0;0.0;9.79;92.45;3.24;
2022-03-16 04:00:00;0.0;0.0;0.0;9.74;89.15;3.52;
2022-03-16 05:00:00;0.0;0.0;0.0;9.51;85.95;3.52;
2022-03-16 06:00:00;26.0;10.58;25.0;9.29;89.1;2.97;
2022-03-16 07:00:00;21.0;0.0;21.0;10.19;89.2;4.14;
2022-03-16 08:00:00;71.0;0.0;71.0;10.24;89.2;4.07;
2022-03-16 09:00:00;77.0;0.0;77.0;10.44;89.25;4.0;
2022-03-16 10:00:00;72.0;0.0;72.0;10.52;89.25;3.93;
2022-03-16 11:00:00;96.0;0.0;96.0;10.54;89.25;3.93;
2022-03-16 12:00:00;60.0;0.0;60.0;10.44;86.05;3.72;
2022-03-16 13:00:00;164.0;0.0;164.0;10.4;86.05;3.45;
2022-03-16 14:00:00;92.0;0.0;92.0;10.37;86.05;3.31;
2022-03-16 15:00:00;54.0;0.0;54.0;10.3;89.2;2.97;
2022-03-16 16:00:00;119.0;116.57;93.0;10.27;89.2;2.97;
2022-03-16 17:00:00;5.0;0.0;5.0;9.98;89.2;2.41;
2022-03-16 18:00:00;0.0;0.0;0.0;9.6;92.45;1.79;
2022-03-16 19:00:00;0.0;0.0;0.0;9.32;95.85;1.1;
2022-03-16 20:00:00;0.0;0.0;0.0;9.09;95.85;0.83;
2022-03-16 21:00:00;0.0;0.0;0.0;9.37;92.45;0.48;
2022-03-16 22:00:00;0.0;0.0;0.0;9.16;92.45;0.48;
2022-03-16 23:00:00;0.0;0.0;0.0;8.35;95.85;0.97;
2022-03-17 00:00:00;0.0;0.0;0.0;8.29;99.4;1.31;
2022-03-17 01:00:00;0.0;0.0;0.0;8.3;99.4;1.45;
2022-03-17 02:00:00;0.0;0.0;0.0;7.71;99.4;1.31;
2022-03-17 03:00:00;0.0;0.0;0.0;7.51;99.4;1.17;
2022-03-17 04:00:00;0.0;0.0;0.0;7.18;100.0;1.24;
2022-03-17 05:00:00;0.0;0.0;0.0;7.23;100.0;1.24;
2022-03-17 06:00:00;0.0;0.0;0.0;6.93;99.4;1.31;
2022-03-17 07:00:00;69.0;0.0;69.0;7.93;95.8;1.1;
2022-03-17 08:00:00;55.0;0.0;55.0;9.1;89.1;1.24;
2022-03-17 09:00:00;93.0;0.0;93.0;9.99;86.0;1.17;
2022-03-17 10:00:00;125.0;0.0;125.0;11.21;80.1;1.79;
2022-03-17 11:00:00;213.0;0.0;213.0;11.72;77.3;1.79;
2022-03-17 12:00:00;184.0;0.0;184.0;12.35;74.6;1.86;
2022-03-17 13:00:00;218.0;3.23;216.0;12.47;74.7;1.72;
2022-03-17 14:00:00;136.0;0.0;136.0;12.23;80.2;1.24;
2022-03-17 15:00:00;137.0;7.72;134.0;12.45;74.7;1.1;
2022-03-17 16:00:00;80.0;13.21;77.0;12.31;80.2;0.9;
2022-03-17 17:00:00;15.0;61.26;12.0;11.94;80.2;0.76;
2022-03-17 18:00:00;0.0;0.0;0.0;10.68;89.25;0.83;
2022-03-17 19:00:00;0.0;0.0;0.0;9.0;95.85;0.55;
2022-03-17 20:00:00;0.0;0.0;0.0;8.39;95.85;0.76;
2022-03-17 21:00:00;0.0;0.0;0.0;7.38;95.8;0.97;
2022-03-17 22:00:00;0.0;0.0;0.0;5.94;95.8;1.31;
2022-03-17 23:00:00;0.0;0.0;0.0;4.8;95.75;1.45;
2022-03-18 00:00:00;0.0;0.0;0.0;3.85;95.75;1.31;
2022-03-18 01:00:00;0.0;0.0;0.0;3.63;99.4;0.9;
2022-03-18 02:00:00;0.0;0.0;0.0;3.88;95.75;0.97;
2022-03-18 03:00:00;0.0;0.0;0.0;4.38;95.75;1.03;
2022-03-18 04:00:00;0.0;0.0;0.0;4.54;95.75;1.24;
2022-03-18 05:00:00;0.0;0.0;0.0;4.6;95.75;1.45;
2022-03-18 06:00:00;70.0;367.38;31.0;5.05;92.25;1.72;
2022-03-18 07:00:00;162.0;131.76;125.0;7.86;89.05;2.41;
2022-03-18 08:00:00;263.0;128.58;207.0;10.98;77.2;2.34;
2022-03-18 09:00:00;519.0;598.46;184.0;14.22;60.3;2.83;
2022-03-18 10:00:00;679.0;869.68;118.0;16.51;43.8;3.66;
2022-03-18 11:00:00;737.0;913.08;111.0;17.7;37.8;3.93;
2022-03-18 12:00:00;720.0;885.66;119.0;18.44;34.05;3.66;
2022-03-18 13:00:00;653.0;859.82;116.0;18.91;34.05;3.17;
2022-03-18 14:00:00;537.0;817.62;106.0;19.12;32.9;2.83;
2022-03-18 15:00:00;376.0;725.18;91.0;19.05;34.15;2.48;
2022-03-18 16:00:00;193.0;553.41;65.0;18.27;42.45;1.86;
2022-03-18 17:00:00;26.0;226.37;14.0;16.19;47.0;1.93;
2022-03-18 18:00:00;0.0;0.0;0.0;12.93;51.75;2.07;
2022-03-18 19:00:00;0.0;0.0;0.0;11.73;62.0;1.59;
2022-03-18 20:00:00;0.0;0.0;0.0;9.58;66.35;1.86;
2022-03-18 21:00:00;0.0;0.0;0.0;7.94;71.25;2.0;
2022-03-18 22:00:00;0.0;0.0;0.0;7.06;73.8;2.0;
2022-03-18 23:00:00;0.0;0.0;0.0;6.55;76.55;2.0;
2022-03-19 00:00:00;0.0;0.0;0.0;6.35;79.5;2.0;
2022-03-19 01:00:00;0.0;0.0;0.0;6.36;79.5;2.07;
2022-03-19 02:00:00;0.0;0.0;0.0;6.29;76.55;2.07;
2022-03-19 03:00:00;0.0;0.0;0.0;6.49;79.5;2.14;
2022-03-19 04:00:00;0.0;0.0;0.0;6.56;82.55;2.0;
2022-03-19 05:00:00;0.0;0.0;0.0;6.55;82.55;1.72;
2022-03-19 06:00:00;26.0;0.0;26.0;6.55;85.7;1.59;
2022-03-19 07:00:00;93.0;3.49;92.0;8.2;89.05;0.76;
2022-03-19 08:00:00;332.0;317.31;192.0;10.73;80.05;0.41;
2022-03-19 09:00:00;544.0;698.76;149.0;12.47;69.45;0.34;
2022-03-19 10:00:00;530.0;369.02;290.0;13.91;67.25;0.55;
2022-03-19 11:00:00;433.0;123.07;348.0;14.98;62.75;0.83;
2022-03-19 12:00:00;543.0;330.69;317.0;15.55;62.85;1.17;
2022-03-19 13:00:00;510.0;365.57;280.0;15.55;62.85;1.66;
2022-03-19 14:00:00;528.0;780.76;113.0;15.01;67.45;2.14;
2022-03-19 15:00:00;363.0;652.02;104.0;13.0;77.5;2.07;
2022-03-19 16:00:00;199.0;569.29;65.0;11.87;86.2;1.31;
2022-03-19 17:00:00;17.0;35.07;15.0;11.03;92.55;1.79;
2022-03-19 18:00:00;0.0;0.0;0.0;10.12;95.9;2.76;
2022-03-19 19:00:00;0.0;0.0;0.0;9.84;95.85;2.48;
2022-03-19 20:00:00;0.0;0.0;0.0;9.51;92.45;2.34;
2022-03-19 21:00:00;0.0;0.0;0.0;9.19;92.45;2.28;
2022-03-19 22:00:00;0.0;0.0;0.0;9.02;92.45;1.79;
2022-03-19 23:00:00;0.0;0.0;0.0;8.72;92.4;1.31;
2022-03-20 00:00:00;0.0;0.0;0.0;8.4;85.9;1.59;
2022-03-20 01:00:00;0.0;0.0;0.0;7.78;92.35;1.59;
2022-03-20 02:00:00;0.0;0.0;0.0;7.35;92.35;1.45;
2022-03-20 03:00:00;0.0;0.0;0.0;6.73;95.8;1.24;
2022-03-20 04:00:00;0.0;0.0;0.0;5.98;88.95;1.17;
2022-03-20 05:00:00;0.0;0.0;0.0;6.01;88.95;1.17;
2022-03-20 06:00:00;46.0;50.91;40.0;6.28;88.95;0.9;
2022-03-20 07:00:00;104.0;10.26;101.0;7.78;92.35;0.69;
2022-03-20 08:00:00;121.0;0.0;121.0;9.32;79.85;0.76;
2022-03-20 09:00:00;414.0;243.53;275.0;9.64;71.5;0.83;
2022-03-20 10:00:00;687.0;867.85;118.0;10.27;69.0;0.48;
2022-03-20 11:00:00;741.0;896.93;117.0;11.3;64.25;0.28;
2022-03-20 12:00:00;728.0;881.97;121.0;12.24;59.85;0.69;
2022-03-20 13:00:00;653.0;834.76;124.0;12.81;53.6;0.9;
2022-03-20 14:00:00;544.0;815.46;107.0;13.12;49.85;1.17;
2022-03-20 15:00:00;381.0;714.97;94.0;13.23;48.0;1.72;
2022-03-20 16:00:00;198.0;538.73;69.0;12.81;49.7;2.07;
2022-03-20 17:00:00;29.0;196.59;17.0;11.65;55.4;1.93;
2022-03-20 18:00:00;0.0;0.0;0.0;9.97;61.65;2.14;
2022-03-20 19:00:00;0.0;0.0;0.0;8.79;68.7;1.66;
2022-03-20 20:00:00;0.0;0.0;0.0;6.92;73.8;1.72;
2022-03-20 21:00:00;0.0;0.0;0.0;5.78;76.5;1.93;
2022-03-20 22:00:00;0.0;0.0;0.0;5.38;76.5;2.0;
2022-03-20 23:00:00;0.0;0.0;0.0;4.97;79.35;2.07;
2022-03-21 00:00:00;0.0;0.0;0.0;5.01;79.35;2.07;
2022-03-21 01:00:00;0.0;0.0;0.0;4.97;79.35;2.14;
2022-03-21 02:00:00;0.0;0.0;0.0;5.48;73.65;2.14;
2022-03-21 03:00:00;0.0;0.0;0.0;5.75;73.65;2.34;
2022-03-21 04:00:00;0.0;0.0;0.0;5.77;70.85;2.28;
2022-03-21 05:00:00;0.0;0.0;0.0;5.65;68.2;2.14;
2022-03-21 06:00:00;76.0;266.77;43.0;5.67;65.65;2.07;
2022-03-21 07:00:00;266.0;623.81;80.0;6.31;65.75;2.28;
2022-03-21 08:00:00;443.0;753.56;102.0;7.29;61.0;2.97;
2022-03-21 09:00:00;592.0;827.78;115.0;8.11;54.55;3.66;
2022-03-21 10:00:00;689.0;845.83;130.0;8.77;52.6;3.31;
2022-03-21 11:00:00;746.0;887.66;124.0;9.26;52.7;2.55;
2022-03-21 12:00:00;737.0;883.13;125.0;10.05;49.05;1.86;
2022-03-21 13:00:00;665.0;847.63;124.0;10.63;49.2;1.31;
2022-03-21 14:00:00;549.0;808.94;112.0;11.1;45.7;0.83;
2022-03-21 15:00:00;388.0;719.97;96.0;11.38;44.1;0.48;
2022-03-21 16:00:00;203.0;542.1;71.0;11.24;45.7;0.14;
2022-03-21 17:00:00;33.0;215.28;19.0;10.81;49.2;0.34;
2022-03-21 18:00:00;0.0;0.0;0.0;9.81;50.85;0.62;
2022-03-21 19:00:00;0.0;0.0;0.0;7.07;65.85;1.86;
2022-03-21 20:00:00;0.0;0.0;0.0;6.11;70.95;1.52;
2022-03-21 21:00:00;0.0;0.0;0.0;6.44;68.3;1.1;
2022-03-21 22:00:00;0.0;0.0;0.0;5.41;68.2;1.38;
2022-03-21 23:00:00;0.0;0.0;0.0;4.22;79.2;1.72;
2022-03-22 00:00:00;0.0;0.0;0.0;3.52;82.25;1.86;
2022-03-22 01:00:00;0.0;0.0;0.0;3.28;82.25;1.86;
2022-03-22 02:00:00;0.0;0.0;0.0;2.99;85.4;1.86;
2022-03-22 03:00:00;0.0;0.0;0.0;2.61;85.35;1.72;
2022-03-22 04:00:00;0.0;0.0;0.0;2.55;85.35;1.45;
2022-03-22 05:00:00;0.0;0.0;0.0;2.94;82.2;1.03;
2022-03-22 06:00:00;87.0;362.79;40.0;3.27;82.2;0.76;
2022-03-22 07:00:00;269.0;615.27;82.0;5.51;76.5;0.34;
2022-03-22 08:00:00;445.0;739.94;106.0;8.65;68.7;0.76;
2022-03-22 09:00:00;592.0;811.45;120.0;10.19;59.35;1.31;
2022-03-22 10:00:00;703.0;876.74;119.0;11.15;55.3;1.03;
2022-03-22 11:00:00;752.0;894.17;121.0;11.98;53.5;0.83;
2022-03-22 12:00:00;742.0;891.48;120.0;12.74;51.65;0.76;
2022-03-22 13:00:00;667.0;843.27;125.0;13.32;51.75;0.62;
2022-03-22 14:00:00;545.0;782.37;119.0;13.6;50.0;0.76;
2022-03-22 15:00:00;378.0;649.26;112.0;13.58;48.15;0.9;
2022-03-22 16:00:00;203.0;521.18;74.0;13.29;49.85;1.1;
2022-03-22 17:00:00;33.0;159.4;22.0;12.3;57.65;1.45;
2022-03-22 18:00:00;0.0;0.0;0.0;10.49;64.1;1.66;
2022-03-22 19:00:00;0.0;0.0;0.0;8.87;71.4;1.1;
2022-03-22 20:00:00;0.0;0.0;0.0;9.11;63.8;0.62;
2022-03-22 21:00:00;0.0;0.0;0.0;8.56;66.15;0.21;
2022-03-22 22:00:00;0.0;0.0;0.0;7.9;68.6;0.48;
2022-03-22 23:00:00;0.0;0.0;0.0;6.96;73.8;0.9;
2022-03-23 00:00:00;0.0;0.0;0.0;5.21;79.35;1.1;
2022-03-23 01:00:00;0.0;0.0;0.0;3.36;85.45;1.45;
2022-03-23 02:00:00;0.0;0.0;0.0;2.12;92.1;1.59;
2022-03-23 03:00:00;0.0;0.0;0.0;1.73;92.05;1.38;
2022-03-23 04:00:00;0.0;0.0;0.0;1.65;92.05;1.17;
2022-03-23 05:00:00;0.0;0.0;0.0;1.46;92.05;1.03;
2022-03-23 06:00:00;91.0;354.52;43.0;1.65;92.05;0.97;
2022-03-23 07:00:00;274.0;616.76;83.0;6.13;82.55;0.55;
2022-03-23 08:00:00;449.0;737.47;107.0;10.49;69.1;0.48;
2022-03-23 09:00:00;596.0;810.79;120.0;12.68;59.95;0.83;
2022-03-23 10:00:00;699.0;850.61;128.0;14.07;53.95;1.1;
2022-03-23 11:00:00;719.0;768.35;173.0;15.11;52.25;1.31;
2022-03-23 12:00:00;694.0;711.85;194.0;15.9;48.8;1.24;
2022-03-23 13:00:00;669.0;840.56;125.0;16.44;47.15;1.17;
2022-03-23 14:00:00;553.0;801.82;113.0;16.67;47.15;1.17;
2022-03-23 15:00:00;394.0;712.91;99.0;16.6;47.15;1.03;
2022-03-23 16:00:00;208.0;528.8;75.0;16.24;47.0;1.03;
2022-03-23 17:00:00;38.0;232.97;21.0;15.2;54.25;1.1;
2022-03-23 18:00:00;0.0;0.0;0.0;12.57;72.05;1.38;
2022-03-23 19:00:00;0.0;0.0;0.0;12.88;55.75;0.83;
2022-03-23 20:00:00;0.0;0.0;0.0;11.61;62.0;1.03;
2022-03-23 21:00:00;0.0;0.0;0.0;10.73;66.55;0.97;
2022-03-23 22:00:00;0.0;0.0;0.0;9.27;74.15;0.83;
2022-03-23 23:00:00;0.0;0.0;0.0;7.88;76.8;0.9;
2022-03-24 00:00:00;0.0;0.0;0.0;6.08;82.55;1.17;
2022-03-24 01:00:00;0.0;0.0;0.0;4.43;88.85;1.45;
2022-03-24 02:00:00;0.0;0.0;0.0;3.89;88.8;1.38;
2022-03-24 03:00:00;0.0;0.0;0.0;3.57;88.75;1.31;
2022-03-24 04:00:00;0.0;0.0;0.0;2.91;92.15;1.31;
2022-03-24 05:00:00;0.0;0.0;0.0;2.37;92.15;1.31;
2022-03-24 06:00:00;97.0;375.26;44.0;2.64;92.15;1.17;
2022-03-24 07:00:00;279.0;611.88;86.0;7.09;89.0;0.48;
2022-03-24 08:00:00;459.0;750.01;107.0;11.93;66.85;0.28;
2022-03-24 09:00:00;609.0;830.44;117.0;14.21;60.3;0.69;
2022-03-24 10:00:00;709.0;860.41;127.0;15.68;52.4;0.97;
2022-03-24 11:00:00;765.0;900.06;121.0;16.74;47.15;1.03;
2022-03-24 12:00:00;759.0;909.43;116.0;17.53;43.9;1.1;
2022-03-24 13:00:00;678.0;848.68;125.0;18.02;40.9;1.17;
2022-03-24 14:00:00;561.0;810.18;113.0;18.21;40.9;1.17;
2022-03-24 15:00:00;399.0;715.55;100.0;18.07;42.45;1.31;
2022-03-24 16:00:00;216.0;559.71;73.0;17.6;45.55;1.24;
2022-03-24 17:00:00;42.0;234.02;24.0;16.29;60.75;0.97;
2022-03-24 18:00:00;0.0;0.0;0.0;15.32;54.25;0.62;
2022-03-24 19:00:00;0.0;0.0;0.0;15.01;54.25;0.83;
2022-03-24 20:00:00;0.0;0.0;0.0;13.86;58.0;0.9;
2022-03-24 21:00:00;0.0;0.0;0.0;12.8;62.2;0.9;
2022-03-24 22:00:00;0.0;0.0;0.0;11.59;64.35;0.83;
2022-03-24 23:00:00;0.0;0.0;0.0;8.85;76.95;1.1;
2022-03-25 00:00:00;0.0;0.0;0.0;6.14;85.7;1.52;
2022-03-25 01:00:00;0.0;0.0;0.0;4.94;92.25;1.52;
2022-03-25 02:00:00;0.0;0.0;0.0;4.7;92.25;1.24;
2022-03-25 03:00:00;0.0;0.0;0.0;4.6;92.25;1.1;
2022-03-25 04:00:00;0.0;0.0;0.0;4.33;88.85;1.1;
2022-03-25 05:00:00;0.0;0.0;0.0;3.87;88.8;1.24;
2022-03-25 06:00:00;105.0;407.99;45.0;4.13;88.8;1.24;
2022-03-25 07:00:00;291.0;650.81;82.0;8.26;85.85;0.9;
2022-03-25 08:00:00;467.0;760.2;106.0;12.5;64.55;1.24;
2022-03-25 09:00:00;611.0;821.35;120.0;14.33;58.1;1.66;
2022-03-25 10:00:00;710.0;848.1;132.0;15.75;52.4;2.21;
2022-03-25 11:00:00;762.0;877.35;130.0;16.83;48.9;2.55;
2022-03-25 12:00:00;747.0;861.4;134.0;17.68;47.3;2.76;
2022-03-25 13:00:00;657.0;751.56;164.0;18.19;44.05;3.03;
2022-03-25 14:00:00;553.0;764.62;127.0;18.3;44.05;3.24;
2022-03-25 15:00:00;385.0;621.01;123.0;17.81;43.9;3.24;
2022-03-25 16:00:00;228.0;624.43;66.0;16.94;47.15;2.83;
2022-03-25 17:00:00;42.0;197.9;26.0;15.08;50.35;2.62;
2022-03-25 18:00:00;0.0;0.0;0.0;12.95;53.7;2.62;
2022-03-25 19:00:00;0.0;0.0;0.0;11.18;53.25;2.34;
2022-03-25 20:00:00;0.0;0.0;0.0;9.72;59.25;2.21;
2022-03-25 21:00:00;0.0;0.0;0.0;8.44;66.15;2.14;
2022-03-25 22:00:00;0.0;0.0;0.0;7.27;73.8;2.07;
2022-03-25 23:00:00;0.0;0.0;0.0;6.24;79.5;2.0;
2022-03-26 00:00:00;0.0;0.0;0.0;5.44;82.5;2.0;
2022-03-26 01:00:00;0.0;0.0;0.0;4.87;85.6;1.93;
2022-03-26 02:00:00;0.0;0.0;0.0;4.41;88.85;1.86;
2022-03-26 03:00:00;0.0;0.0;0.0;3.93;88.8;1.79;
2022-03-26 04:00:00;0.0;0.0;0.0;3.36;92.15;1.79;
2022-03-26 05:00:00;0.0;0.0;0.0;3.2;95.7;1.66;
2022-03-26 06:00:00;103.0;333.6;52.0;3.8;92.2;1.45;
2022-03-26 07:00:00;278.0;547.68;99.0;8.7;89.1;1.38;
2022-03-26 08:00:00;448.0;666.11;128.0;11.23;77.2;2.62;
2022-03-26 09:00:00;585.0;714.64;154.0;12.46;69.45;2.97;
2022-03-26 10:00:00;672.0;709.31;185.0;13.89;64.85;3.31;
2022-03-26 11:00:00;733.0;779.14;168.0;15.05;58.35;3.66;
2022-03-26 12:00:00;742.0;846.14;136.0;15.76;54.35;3.45;
2022-03-26 13:00:00;660.0;767.84;153.0;16.23;52.5;3.31;
2022-03-26 14:00:00;541.0;709.09;143.0;16.6;48.9;3.24;
2022-03-26 15:00:00;398.0;690.31;104.0;16.44;48.9;3.1;
2022-03-26 16:00:00;218.0;539.18;76.0;15.71;52.4;3.03;
2022-03-26 17:00:00;48.0;259.54;26.0;14.2;58.1;3.1;
2022-03-26 18:00:00;0.0;0.0;0.0;12.21;64.45;2.97;
2022-03-26 19:00:00;0.0;0.0;0.0;11.01;66.65;2.55;
2022-03-26 20:00:00;0.0;0.0;0.0;10.07;71.6;2.21;
2022-03-26 21:00:00;0.0;0.0;0.0;9.09;76.95;2.07;
2022-03-26 22:00:00;0.0;0.0;0.0;8.2;82.7;1.93;
2022-03-26 23:00:00;0.0;0.0;0.0;7.15;89.0;1.86;
2022-03-27 00:00:00;0.0;0.0;0.0;6.04;88.95;1.72;
2022-03-27 01:00:00;0.0;0.0;0.0;5.61;92.3;1.59;
2022-03-27 02:00:00;0.0;0.0;0.0;5.22;95.75;1.38;
2022-03-27 03:00:00;0.0;0.0;0.0;5.48;92.3;1.24;
2022-03-27 04:00:00;0.0;0.0;0.0;5.38;92.3;1.24;
2022-03-27 05:00:00;0.0;0.0;0.0;6.45;95.8;0.9;
2022-03-27 06:00:00;57.0;25.21;53.0;6.78;95.8;0.76;
2022-03-27 07:00:00;139.0;27.07;130.0;9.35;89.15;0.28;
2022-03-27 08:00:00;139.0;0.0;139.0;11.35;77.2;0.14;
2022-03-27 09:00:00;179.0;0.0;179.0;12.23;74.6;0.41;
2022-03-27 10:00:00;89.0;0.0;89.0;13.1;67.05;1.31;
2022-03-27 11:00:00;111.0;0.0;111.0;13.51;64.75;1.59;
2022-03-27 12:00:00;102.0;0.0;102.0;13.91;62.55;1.86;
2022-03-27 13:00:00;141.0;0.0;141.0;13.77;64.75;2.0;
2022-03-27 14:00:00;128.0;0.0;128.0;13.28;72.1;2.0;
2022-03-27 15:00:00;87.0;0.0;87.0;12.84;77.45;1.52;
2022-03-27 16:00:00;96.0;11.22;93.0;12.22;80.2;0.83;
2022-03-27 17:00:00;24.0;11.28;23.0;11.49;89.3;0.48;
2022-03-27 18:00:00;0.0;0.0;0.0;10.92;92.55;0.97;
2022-03-27 19:00:00;0.0;0.0;0.0;10.26;95.9;0.55;
2022-03-27 20:00:00;0.0;0.0;0.0;9.95;95.9;0.55;
2022-03-27 21:00:00;0.0;0.0;0.0;9.72;99.4;0.62;
2022-03-27 22:00:00;0.0;0.0;0.0;9.58;99.4;0.69;
2022-03-27 23:00:00;0.0;0.0;0.0;9.35;95.85;0.9;
2022-03-28 00:00:00;0.0;0.0;0.0;9.28;99.4;0.97;
2022-03-28 01:00:00;0.0;0.0;0.0;8.99;95.85;0.97;
2022-03-28 02:00:00;0.0;0.0;0.0;9.02;99.4;0.9;
2022-03-28 03:00:00;0.0;0.0;0.0;8.99;95.85;0.9;
2022-03-28 04:00:00;0.0;0.0;0.0;8.88;95.85;0.9;
2022-03-28 05:00:00;0.0;0.0;0.0;8.84;95.85;0.83;
2022-03-28 06:00:00;24.0;0.0;24.0;9.02;99.4;0.62;
2022-03-28 07:00:00;46.0;0.0;46.0;10.08;95.9;0.28;
2022-03-28 08:00:00;118.0;0.0;118.0;10.79;92.5;0.55;
2022-03-28 09:00:00;233.0;6.52;229.0;11.44;86.15;1.03;
2022-03-28 10:00:00;371.0;58.86;330.0;11.89;86.2;1.38;
2022-03-28 11:00:00;228.0;0.0;228.0;12.93;83.25;1.59;
2022-03-28 12:00:00;413.0;81.36;354.0;14.01;77.65;1.59;
2022-03-28 13:00:00;630.0;639.93;202.0;14.35;74.95;1.59;
2022-03-28 14:00:00;534.0;660.29;158.0;14.46;69.85;1.38;
2022-03-28 15:00:00;391.0;624.71;120.0;14.39;67.35;1.24;
2022-03-28 16:00:00;212.0;449.95;90.0;14.17;67.25;1.38;
2022-03-28 17:00:00;54.0;280.94;28.0;13.54;72.2;1.31;
2022-03-28 18:00:00;0.0;0.0;0.0;12.45;77.45;1.38;
2022-03-28 19:00:00;0.0;0.0;0.0;10.93;80.1;1.66;
2022-03-28 20:00:00;0.0;0.0;0.0;9.49;89.15;1.59;
2022-03-28 21:00:00;0.0;0.0;0.0;8.68;92.4;1.45;
2022-03-28 22:00:00;0.0;0.0;0.0;8.35;92.4;1.31;
2022-03-28 23:00:00;0.0;0.0;0.0;8.16;95.8;1.24;
2022-03-29 00:00:00;0.0;0.0;0.0;8.58;92.4;0.97;
2022-03-29 01:00:00;0.0;0.0;0.0;9.13;92.45;0.55;
2022-03-29 02:00:00;0.0;0.0;0.0;8.96;92.45;0.28;
2022-03-29 03:00:00;0.0;0.0;0.0;8.75;95.85;0.34;
2022-03-29 04:00:00;0.0;0.0;0.0;8.33;92.4;0.48;
2022-03-29 05:00:00;0.0;0.0;0.0;7.88;95.8;0.41;
2022-03-29 06:00:00;73.0;52.87;64.0;7.61;95.8;0.34;
2022-03-29 07:00:00;204.0;139.63;156.0;10.12;95.9;0.14;
2022-03-29 08:00:00;407.0;418.71;199.0;12.44;80.3;0.41;
2022-03-29 09:00:00;575.0;615.73;194.0;13.83;74.85;0.69;
2022-03-29 10:00:00;552.0;322.16;326.0;14.59;72.4;0.97;
2022-03-29 11:00:00;731.0;725.01;195.0;15.26;72.45;1.1;
2022-03-29 12:00:00;708.0;679.84;212.0;15.99;67.65;1.31;
2022-03-29 13:00:00;672.0;769.67;154.0;16.22;62.95;1.66;
2022-03-29 14:00:00;553.0;711.46;145.0;16.41;54.6;2.0;
2022-03-29 15:00:00;423.0;753.93;93.0;16.25;54.45;2.0;
2022-03-29 16:00:00;178.0;218.19;118.0;15.74;56.35;1.86;
2022-03-29 17:00:00;31.0;31.12;28.0;14.89;60.5;1.59;
2022-03-29 18:00:00;0.0;0.0;0.0;13.29;72.1;1.31;
2022-03-29 19:00:00;0.0;0.0;0.0;11.32;80.1;1.38;
2022-03-29 20:00:00;0.0;0.0;0.0;10.4;80.05;1.52;
2022-03-29 21:00:00;0.0;0.0;0.0;9.06;85.95;2.0;
2022-03-29 22:00:00;0.0;0.0;0.0;7.85;89.05;1.79;
2022-03-29 23:00:00;0.0;0.0;0.0;6.98;92.35;1.59;
2022-03-30 00:00:00;0.0;0.0;0.0;6.31;95.8;1.38;
2022-03-30 01:00:00;0.0;0.0;0.0;5.76;95.75;1.24;
2022-03-30 02:00:00;0.0;0.0;0.0;5.12;95.75;1.17;
2022-03-30 03:00:00;0.0;0.0;0.0;4.79;95.75;1.24;
2022-03-30 04:00:00;0.0;0.0;0.0;4.68;95.75;1.31;
2022-03-30 05:00:00;0.0;0.0;0.0;4.61;92.25;1.24;
2022-03-30 06:00:00;72.0;45.47;64.0;5.68;92.3;0.9;
2022-03-30 07:00:00;256.0;317.73;145.0;8.82;92.4;0.48;
2022-03-30 08:00:00;469.0;663.15;136.0;11.85;77.3;0.55;
2022-03-30 09:00:00;622.0;778.94;136.0;13.44;67.15;0.97;
2022-03-30 10:00:00;627.0;501.14;273.0;14.54;62.65;1.17;
2022-03-30 11:00:00;774.0;854.94;138.0;15.28;62.75;1.24;
2022-03-30 12:00:00;774.0;886.98;123.0;16.09;56.5;1.03;
2022-03-30 13:00:00;696.0;838.78;128.0;16.6;54.6;1.24;
2022-03-30 14:00:00;570.0;768.9;126.0;16.64;56.6;1.59;
2022-03-30 15:00:00;329.0;305.72;194.0;16.19;56.5;1.72;
2022-03-30 16:00:00;186.0;247.47;117.0;15.34;62.75;1.66;
2022-03-30 17:00:00;60.0;279.26;32.0;14.02;72.3;1.45;
2022-03-30 18:00:00;0.0;0.0;0.0;12.77;80.3;1.1;
2022-03-30 19:00:00;0.0;0.0;0.0;11.78;77.3;2.0;
2022-03-30 20:00:00;0.0;0.0;0.0;10.46;83.0;1.59;
2022-03-30 21:00:00;0.0;0.0;0.0;10.44;80.05;1.24;
2022-03-30 22:00:00;0.0;0.0;0.0;10.38;77.15;1.1;
2022-03-30 23:00:00;0.0;0.0;0.0;9.56;79.9;1.1;
2022-03-31 00:00:00;0.0;0.0;0.0;7.97;85.85;1.17;
2022-03-31 01:00:00;0.0;0.0;0.0;7.67;89.0;0.97;
2022-03-31 02:00:00;0.0;0.0;0.0;7.51;89.0;0.55;
2022-03-31 03:00:00;0.0;0.0;0.0;6.76;92.3;0.76;
2022-03-31 04:00:00;0.0;0.0;0.0;5.92;88.95;0.9;
2022-03-31 05:00:00;0.0;0.0;0.0;5.9;88.95;0.83;
2022-03-31 06:00:00;97.0;132.11;73.0;5.99;88.95;0.9;
2022-03-31 07:00:00;297.0;512.82;115.0;9.33;92.45;0.34;
2022-03-31 08:00:00;478.0;685.73;130.0;12.96;72.1;0.55;
2022-03-31 09:00:00;625.0;775.81;137.0;14.61;69.85;1.03;
2022-03-31 10:00:00;723.0;811.28;146.0;15.93;65.25;1.1;
2022-03-31 11:00:00;759.0;794.94;164.0;17.0;60.85;1.24;
2022-03-31 12:00:00;772.0;870.95;129.0;17.75;58.8;1.31;
2022-03-31 13:00:00;694.0;823.45;133.0;18.13;54.85;1.45;
2022-03-31 14:00:00;556.0;696.6;151.0;18.32;54.85;1.38;
2022-03-31 15:00:00;321.0;276.14;198.0;18.31;52.9;1.45;
2022-03-31 16:00:00;229.0;502.43;87.0;15.81;67.34;1.32;
2022-03-31 17:00:00;52.0;144.09;37.0;14.97;69.59;1.37;
2022-03-31 18:00:00;0.0;0.0;0.0;14.12;71.83;1.41;
2022-03-31 19:00:00;0.0;0.0;0.0;13.27;74.08;1.45;
2022-03-31 20:00:00;0.0;0.0;0.0;12.43;76.32;1.49;
2022-03-31 21:00:00;0.0;0.0;0.0;11.58;78.57;1.53;
2022-03-31 22:00:00;0.0;0.0;0.0;10.73;80.81;1.57;
2022-03-31 23:00:00;0.0;0.0;0.0;9.88;83.06;1.61;
2022-04-01 00:00:00;0.0;0.0;0.0;9.04;85.3;1.65;
2022-04-01 01:00:00;0.0;0.0;0.0;8.19;87.55;1.7;
2022-04-01 02:00:00;0.0;0.0;0.0;7.34;89.79;1.74;
2022-04-01 03:00:00;0.0;0.0;0.0;6.5;92.04;1.78;
2022-04-01 04:00:00;0.0;0.0;0.0;5.65;94.29;1.82;
2022-04-01 05:00:00;0.0;0.0;0.0;4.8;96.53;1.86;
2022-04-01 06:00:00;148.0;491.07;56.0;3.95;98.78;1.9;
2022-04-01 07:00:00;335.0;676.99;91.0;3.11;100.0;1.94;
2022-04-01 08:00:00;515.0;793.7;108.0;11.53;80.1;1.66;
2022-04-01 09:00:00;660.0;851.64;120.0;13.97;64.75;2.21;
2022-04-01 10:00:00;762.0;889.66;125.0;15.94;52.4;2.34;
2022-04-01 11:00:00;809.0;905.71;127.0;17.46;43.9;2.62;
2022-04-01 12:00:00;800.0;913.08;122.0;18.37;36.7;3.03;
2022-04-01 13:00:00;712.0;841.91;135.0;18.76;31.65;3.24;
2022-04-01 14:00:00;547.0;615.07;187.0;18.82;31.65;3.17;
2022-04-01 15:00:00;393.0;529.8;155.0;18.59;31.55;2.83;
2022-04-01 16:00:00;175.0;171.09;126.0;17.93;33.9;2.07;
2022-04-01 17:00:00;50.0;101.93;39.0;16.78;40.6;1.79;
2022-04-01 18:00:00;0.0;0.0;0.0;14.56;46.5;2.21;
2022-04-01 19:00:00;0.0;0.0;0.0;12.59;49.6;2.21;
2022-04-01 20:00:00;0.0;0.0;0.0;10.89;53.25;2.14;
2022-04-01 21:00:00;0.0;0.0;0.0;9.36;59.25;1.79;
2022-04-01 22:00:00;0.0;0.0;0.0;8.68;61.45;1.38;
2022-04-01 23:00:00;0.0;0.0;0.0;7.88;63.6;1.24;
2022-04-02 00:00:00;0.0;0.0;0.0;6.95;68.4;1.38;
2022-04-02 01:00:00;0.0;0.0;0.0;5.57;73.65;2.0;
2022-04-02 02:00:00;0.0;0.0;0.0;5.81;76.5;1.66;
2022-04-02 03:00:00;0.0;0.0;0.0;7.56;68.5;0.97;
2022-04-02 04:00:00;0.0;0.0;0.0;7.44;71.15;0.9;
2022-04-02 05:00:00;0.0;0.0;0.0;6.42;76.55;1.17;
2022-04-02 06:00:00;79.0;36.27;72.0;5.43;88.85;1.66;
2022-04-02 07:00:00;318.0;557.54;114.0;9.41;79.9;0.34;
2022-04-02 08:00:00;510.0;760.56;116.0;11.53;74.45;2.14;
2022-04-02 09:00:00;653.0;815.25;132.0;12.15;71.95;2.07;
2022-04-02 10:00:00;761.0;875.5;130.0;13.29;69.55;0.97;
2022-04-02 11:00:00;811.0;903.01;127.0;15.0;60.4;0.62;
2022-04-02 12:00:00;802.0;910.59;122.0;16.2;52.5;0.34;
2022-04-02 13:00:00;726.0;873.27;124.0;16.9;47.15;0.34;
2022-04-02 14:00:00;590.0;779.07;131.0;17.16;43.8;0.76;
2022-04-02 15:00:00;429.0;699.77;112.0;17.34;42.3;1.03;
2022-04-02 16:00:00;224.0;399.78;108.0;16.84;42.15;1.72;
2022-04-02 17:00:00;73.0;349.07;34.0;15.54;48.55;2.0;
2022-04-02 18:00:00;0.0;0.0;0.0;13.71;53.85;2.0;
2022-04-02 19:00:00;0.0;0.0;0.0;12.79;59.95;1.79;
2022-04-02 20:00:00;0.0;0.0;0.0;11.37;69.15;1.31;
2022-04-02 21:00:00;0.0;0.0;0.0;9.98;71.6;1.45;
2022-04-02 22:00:00;0.0;0.0;0.0;8.63;76.95;1.66;
2022-04-02 23:00:00;0.0;0.0;0.0;7.45;82.65;1.93;
2022-04-03 00:00:00;0.0;0.0;0.0;6.69;85.75;1.93;
2022-04-03 01:00:00;0.0;0.0;0.0;5.96;88.9;1.86;
2022-04-03 02:00:00;0.0;0.0;0.0;5.43;85.6;1.79;
2022-04-03 03:00:00;0.0;0.0;0.0;5.25;82.4;1.66;
2022-04-03 04:00:00;0.0;0.0;0.0;5.81;79.4;1.31;
2022-04-03 05:00:00;0.0;0.0;0.0;6.58;71.05;0.97;
2022-04-03 06:00:00;156.0;483.35;60.0;5.62;79.4;1.45;
2022-04-03 07:00:00;342.0;667.87;94.0;10.15;69.1;1.45;
2022-04-03 08:00:00;517.0;770.19;114.0;12.94;62.2;2.76;
2022-04-03 09:00:00;664.0;835.38;126.0;13.78;60.2;3.66;
2022-04-03 10:00:00;768.0;885.02;126.0;14.27;58.1;3.59;
2022-04-03 11:00:00;797.0;853.15;147.0;14.76;58.25;3.45;
2022-04-03 12:00:00;775.0;824.3;156.0;14.91;58.25;3.38;
2022-04-03 13:00:00;728.0;871.15;124.0;14.79;58.25;3.59;
2022-04-03 14:00:00;572.0;698.16;158.0;14.37;58.1;3.52;
2022-04-03 15:00:00;450.0;772.86;97.0;14.11;60.2;3.45;
2022-04-03 16:00:00;234.0;452.55;101.0;13.71;55.9;3.38;
2022-04-03 17:00:00;71.0;285.69;38.0;13.04;55.65;2.83;
2022-04-03 18:00:00;0.0;0.0;0.0;11.82;55.4;2.62;
2022-04-03 19:00:00;0.0;0.0;0.0;10.49;77.15;3.31;
2022-04-03 20:00:00;0.0;0.0;0.0;9.63;74.3;2.9;
2022-04-03 21:00:00;0.0;0.0;0.0;9.03;79.85;2.55;
2022-04-03 22:00:00;0.0;0.0;0.0;8.86;79.85;2.41;
2022-04-03 23:00:00;0.0;0.0;0.0;8.46;79.75;2.55;
2022-04-04 00:00:00;0.0;0.0;0.0;7.85;79.7;2.55;
2022-04-04 01:00:00;0.0;0.0;0.0;7.18;73.9;2.55;
2022-04-04 02:00:00;0.0;0.0;0.0;6.31;70.95;2.21;
2022-04-04 03:00:00;0.0;0.0;0.0;6.24;65.75;2.07;
2022-04-04 04:00:00;0.0;0.0;0.0;5.98;63.15;2.07;
2022-04-04 05:00:00;0.0;0.0;0.0;5.6;60.75;2.0;
2022-04-04 06:00:00;159.0;465.24;64.0;5.49;60.65;1.93;
2022-04-04 07:00:00;351.0;676.9;96.0;7.12;48.4;4.0;
2022-04-04 08:00:00;498.0;647.23;156.0;7.46;44.75;4.07;
2022-04-04 09:00:00;608.0;596.38;221.0;8.04;43.1;3.52;
2022-04-04 10:00:00;769.0;857.49;143.0;9.01;41.7;2.9;
2022-04-04 11:00:00;814.0;871.79;146.0;9.84;40.4;2.34;
2022-04-04 12:00:00;821.0;928.4;120.0;10.73;39.1;2.0;
2022-04-04 13:00:00;736.0;867.68;131.0;11.51;37.6;1.79;
2022-04-04 14:00:00;612.0;819.41;123.0;11.54;36.15;1.72;
2022-04-04 15:00:00;444.0;718.85;113.0;11.84;34.9;1.45;
2022-04-04 16:00:00;261.0;594.78;84.0;11.56;34.75;1.24;
2022-04-04 17:00:00;77.0;318.58;39.0;11.1;32.1;1.03;
2022-04-04 18:00:00;0.0;0.0;0.0;9.65;51.0;1.03;
2022-04-04 19:00:00;0.0;0.0;0.0;8.41;46.8;2.21;
2022-04-04 20:00:00;0.0;0.0;0.0;7.69;44.85;2.41;
2022-04-04 21:00:00;0.0;0.0;0.0;7.23;43.0;2.62;
2022-04-04 22:00:00;0.0;0.0;0.0;6.69;42.85;2.62;
2022-04-04 23:00:00;0.0;0.0;0.0;6.23;42.7;2.55;
2022-04-05 00:00:00;0.0;0.0;0.0;6.16;42.7;2.55;
2022-04-05 01:00:00;0.0;0.0;0.0;5.86;44.3;2.62;
2022-04-05 02:00:00;0.0;0.0;0.0;5.86;44.3;2.62;
2022-04-05 03:00:00;0.0;0.0;0.0;5.5;46.0;2.48;
2022-04-05 04:00:00;0.0;0.0;0.0;4.97;49.65;2.21;
2022-04-05 05:00:00;0.0;0.0;0.0;4.53;53.65;1.93;
2022-04-05 06:00:00;119.0;147.8;88.0;4.71;58.2;1.72;
2022-04-05 07:00:00;289.0;329.79;163.0;6.27;54.15;2.14;
2022-04-05 08:00:00;531.0;764.75;123.0;7.28;48.4;2.69;
2022-04-05 09:00:00;676.0;826.0;136.0;8.24;46.8;2.69;
2022-04-05 10:00:00;696.0;598.96;256.0;9.34;45.25;2.0;
2022-04-05 11:00:00;802.0;817.61;172.0;10.42;42.15;1.45;
2022-04-05 12:00:00;823.0;919.48;125.0;10.88;39.1;1.38;
2022-04-05 13:00:00;734.0;847.2;140.0;11.33;39.1;1.45;
2022-04-05 14:00:00;621.0;834.28;120.0;11.37;37.6;1.86;
2022-04-05 15:00:00;451.0;732.55;111.0;11.47;37.6;2.41;
2022-04-05 16:00:00;267.0;610.75;83.0;11.31;36.15;2.48;
2022-04-05 17:00:00;80.0;325.11;40.0;10.65;34.75;2.28;
2022-04-05 18:00:00;0.0;0.0;0.0;9.34;40.25;2.0;
2022-04-05 19:00:00;0.0;0.0;0.0;8.31;41.6;2.21;
2022-04-05 20:00:00;0.0;0.0;0.0;7.13;44.75;2.21;
2022-04-05 21:00:00;0.0;0.0;0.0;6.03;49.95;2.28;
2022-04-05 22:00:00;0.0;0.0;0.0;5.25;51.8;2.28;
2022-04-05 23:00:00;0.0;0.0;0.0;4.46;53.65;2.34;
2022-04-06 00:00:00;0.0;0.0;0.0;3.74;55.7;2.28;
2022-04-06 01:00:00;0.0;0.0;0.0;3.05;57.8;2.21;
2022-04-06 02:00:00;0.0;0.0;0.0;2.3;62.35;2.14;
2022-04-06 03:00:00;0.0;0.0;0.0;1.61;64.8;2.07;
2022-04-06 04:00:00;0.0;0.0;0.0;0.99;69.95;1.93;
2022-04-06 05:00:00;2.0;0.0;2.0;0.6;72.75;1.93;
2022-04-06 06:00:00;166.0;441.37;71.0;2.17;73.0;1.38;
2022-04-06 07:00:00;361.0;671.21;101.0;6.34;60.85;0.28;
2022-04-06 08:00:00;535.0;759.43;126.0;8.57;40.1;0.69;
2022-04-06 09:00:00;686.0;841.25;132.0;10.02;38.85;0.97;
2022-04-06 10:00:00;790.0;888.9;133.0;11.24;37.6;1.1;
2022-04-06 11:00:00;831.0;890.56;141.0;12.26;37.9;1.17;
2022-04-06 12:00:00;821.0;898.91;135.0;13.03;36.55;1.03;
2022-04-06 13:00:00;704.0;723.44;194.0;13.6;36.7;1.38;
2022-04-06 14:00:00;570.0;620.63;195.0;13.87;35.45;1.45;
2022-04-06 15:00:00;424.0;583.61;151.0;14.09;35.45;1.38;
2022-04-06 16:00:00;188.0;163.97;138.0;13.91;34.1;1.24;
2022-04-06 17:00:00;51.0;55.22;44.0;13.4;35.3;0.41;
2022-04-06 18:00:00;0.0;0.0;0.0;11.73;49.45;1.31;
2022-04-06 19:00:00;0.0;0.0;0.0;11.87;39.25;0.41;
2022-04-06 20:00:00;0.0;0.0;0.0;10.83;40.65;0.28;
2022-04-06 21:00:00;0.0;0.0;0.0;9.81;45.4;0.21;
2022-04-06 22:00:00;0.0;0.0;0.0;9.05;50.7;0.14;
2022-04-06 23:00:00;0.0;0.0;0.0;8.51;54.65;0.07;
2022-04-07 00:00:00;0.0;0.0;0.0;8.01;56.7;0.14;
2022-04-07 01:00:00;0.0;0.0;0.0;7.56;56.7;0.69;
2022-04-07 02:00:00;0.0;0.0;0.0;6.93;61.0;0.97;
2022-04-07 03:00:00;0.0;0.0;0.0;5.99;65.65;1.03;
2022-04-07 04:00:00;0.0;0.0;0.0;5.75;68.2;0.76;
2022-04-07 05:00:00;3.0;0.0;3.0;4.98;73.45;0.55;
2022-04-07 06:00:00;150.0;285.46;87.0;5.24;76.4;0.34;
2022-04-07 07:00:00;271.0;239.42;177.0;7.94;71.25;0.07;
2022-04-07 08:00:00;253.0;31.28;236.0;10.42;55.15;0.48;
2022-04-07 09:00:00;413.0;125.14;330.0;11.29;53.25;0.83;
2022-04-07 10:00:00;502.0;168.11;377.0;12.03;51.35;0.9;
2022-04-07 11:00:00;439.0;71.89;383.0;12.39;49.6;0.55;
2022-04-07 12:00:00;661.0;435.4;327.0;12.49;49.6;1.38;
2022-04-07 13:00:00;556.0;311.82;335.0;12.54;49.6;1.59;
2022-04-07 14:00:00;295.0;37.84;272.0;11.8;51.35;1.17;
2022-04-07 15:00:00;163.0;4.24;161.0;10.98;53.25;1.66;
2022-04-07 16:00:00;125.0;22.69;118.0;9.67;66.45;1.93;
2022-04-07 17:00:00;19.0;0.0;19.0;8.77;74.15;1.86;
2022-04-07 18:00:00;0.0;0.0;0.0;7.99;79.7;1.38;
2022-04-07 19:00:00;0.0;0.0;0.0;8.82;76.95;0.9;
2022-04-07 20:00:00;0.0;0.0;0.0;9.0;71.4;0.48;
2022-04-07 21:00:00;0.0;0.0;0.0;7.8;76.8;0.83;
2022-04-07 22:00:00;0.0;0.0;0.0;7.4;79.65;0.62;
2022-04-07 23:00:00;0.0;0.0;0.0;6.11;85.7;0.83;
2022-04-08 00:00:00;0.0;0.0;0.0;4.18;92.2;1.17;
2022-04-08 01:00:00;0.0;0.0;0.0;3.34;95.7;1.24;
2022-04-08 02:00:00;0.0;0.0;0.0;2.77;95.7;1.38;
2022-04-08 03:00:00;0.0;0.0;0.0;2.46;99.4;1.38;
2022-04-08 04:00:00;0.0;0.0;0.0;2.03;99.4;1.38;
2022-04-08 05:00:00;7.0;0.0;7.0;1.71;99.4;1.38;
2022-04-08 06:00:00;171.0;420.16;76.0;3.8;92.15;0.97;
2022-04-08 07:00:00;358.0;620.91;111.0;7.19;85.8;0.62;
2022-04-08 08:00:00;534.0;740.19;128.0;10.15;71.7;1.1;
2022-04-08 09:00:00;683.0;821.93;134.0;12.49;64.45;1.59;
2022-04-08 10:00:00;785.0;867.69;136.0;14.17;52.0;1.66;
2022-04-08 11:00:00;842.0;918.12;123.0;15.31;46.75;1.72;
2022-04-08 12:00:00;831.0;924.75;118.0;16.08;43.5;1.72;
2022-04-08 13:00:00;757.0;899.67;116.0;16.58;40.5;1.45;
2022-04-08 14:00:00;582.0;667.21;174.0;16.78;39.15;1.17;
2022-04-08 15:00:00;403.0;480.04;175.0;16.85;37.65;1.38;
2022-04-08 16:00:00;154.0;67.27;133.0;16.44;39.0;2.0;
2022-04-08 17:00:00;37.0;7.45;36.0;15.41;43.4;2.34;
2022-04-08 18:00:00;0.0;0.0;0.0;13.69;48.15;2.28;
2022-04-08 19:00:00;0.0;0.0;0.0;11.92;57.55;3.31;
2022-04-08 20:00:00;0.0;0.0;0.0;11.13;59.6;3.52;
2022-04-08 21:00:00;0.0;0.0;0.0;10.36;61.75;3.24;
2022-04-08 22:00:00;0.0;0.0;0.0;9.51;68.9;3.03;
2022-04-08 23:00:00;0.0;0.0;0.0;8.91;71.4;2.83;
2022-04-09 00:00:00;0.0;0.0;0.0;8.35;74.05;2.55;
2022-04-09 01:00:00;0.0;0.0;0.0;7.72;76.8;2.28;
2022-04-09 02:00:00;0.0;0.0;0.0;7.18;79.65;2.07;
2022-04-09 03:00:00;0.0;0.0;0.0;6.69;82.6;2.0;
2022-04-09 04:00:00;0.0;0.0;0.0;6.11;85.7;1.93;
2022-04-09 05:00:00;9.0;0.0;9.0;5.83;88.9;1.86;
2022-04-09 06:00:00;183.0;479.55;72.0;6.8;85.75;1.72;
2022-04-09 07:00:00;370.0;657.65;105.0;9.94;71.6;1.79;
2022-04-09 08:00:00;529.0;692.09;146.0;11.31;69.15;2.34;
2022-04-09 09:00:00;598.0;508.51;256.0;12.63;59.95;2.21;
2022-04-09 10:00:00;737.0;693.88;215.0;13.83;53.85;2.0;
2022-04-09 11:00:00;711.0;514.48;306.0;14.4;50.1;1.93;
2022-04-09 12:00:00;746.0;646.55;245.0;14.65;46.6;1.79;
2022-04-09 13:00:00;680.0;628.34;230.0;15.41;45.05;1.52;
2022-04-09 14:00:00;564.0;582.03;206.0;15.64;43.4;1.38;
2022-04-09 15:00:00;451.0;689.65;121.0;15.99;40.35;1.66;
2022-04-09 16:00:00;269.0;557.42;93.0;15.84;40.35;1.93;
2022-04-09 17:00:00;90.0;311.86;47.0;15.06;43.25;2.0;
2022-04-09 18:00:00;0.0;0.0;0.0;13.4;49.85;2.21;
2022-04-09 19:00:00;0.0;0.0;0.0;12.4;51.5;3.31;
2022-04-09 20:00:00;0.0;0.0;0.0;11.49;55.3;3.59;
2022-04-09 21:00:00;0.0;0.0;0.0;10.92;55.3;3.66;
2022-04-09 22:00:00;0.0;0.0;0.0;10.13;55.15;3.52;
2022-04-09 23:00:00;0.0;0.0;0.0;9.72;57.15;3.38;
2022-04-10 00:00:00;0.0;0.0;0.0;9.34;59.25;3.17;
2022-04-10 01:00:00;0.0;0.0;0.0;8.94;61.45;2.76;
2022-04-10 02:00:00;0.0;0.0;0.0;8.68;59.15;2.41;
2022-04-10 03:00:00;0.0;0.0;0.0;8.47;63.7;2.0;
2022-04-10 04:00:00;0.0;0.0;0.0;8.06;66.05;1.59;
2022-04-10 05:00:00;10.0;0.0;10.0;7.48;71.15;1.59;
2022-04-10 06:00:00;171.0;346.32;89.0;7.7;76.8;1.38;
2022-04-10 07:00:00;339.0;463.2;150.0;10.16;55.15;1.93;
2022-04-10 08:00:00;543.0;725.52;138.0;11.32;53.25;2.0;
2022-04-10 09:00:00;694.0;821.15;138.0;12.56;49.6;1.93;
2022-04-10 10:00:00;792.0;853.85;146.0;13.71;44.65;1.72;
2022-04-10 11:00:00;843.0;891.03;138.0;14.73;43.25;1.45;
2022-04-10 12:00:00;787.0;760.26;195.0;15.33;41.75;1.24;
2022-04-10 13:00:00;702.0;686.29;208.0;15.91;38.85;0.83;
2022-04-10 14:00:00;567.0;575.47;211.0;16.29;37.55;0.69;
2022-04-10 15:00:00;400.0;437.74;189.0;16.24;37.55;0.76;
2022-04-10 16:00:00;210.0;216.1;141.0;15.98;38.85;0.97;
2022-04-10 17:00:00;60.0;56.52;52.0;15.38;40.2;1.31;
2022-04-10 18:00:00;0.0;0.0;0.0;14.17;43.1;1.59;
2022-04-10 19:00:00;0.0;0.0;0.0;12.52;55.5;1.45;
2022-04-10 20:00:00;0.0;0.0;0.0;11.23;59.6;1.66;
2022-04-10 21:00:00;0.0;0.0;0.0;10.17;59.5;1.45;
2022-04-10 22:00:00;0.0;0.0;0.0;8.81;63.8;1.66;
2022-04-10 23:00:00;0.0;0.0;0.0;8.17;66.15;1.52;
2022-04-11 00:00:00;0.0;0.0;0.0;7.88;66.05;1.24;
2022-04-11 01:00:00;0.0;0.0;0.0;7.15;71.15;1.24;
2022-04-11 02:00:00;0.0;0.0;0.0;6.87;73.8;1.17;
2022-04-11 03:00:00;0.0;0.0;0.0;6.73;76.65;1.17;
2022-04-11 04:00:00;0.0;0.0;0.0;7.87;68.6;0.55;
2022-04-11 05:00:00;5.0;0.0;5.0;7.79;68.6;0.41;
2022-04-11 06:00:00;152.0;218.97;99.0;8.4;71.35;0.41;
2022-04-11 07:00:00;251.0;147.68;190.0;11.3;66.65;0.48;
2022-04-11 08:00:00;511.0;595.04;176.0;13.38;55.75;0.69;
2022-04-11 09:00:00;679.0;776.13;150.0;14.56;53.95;1.72;
2022-04-11 10:00:00;665.0;475.83;303.0;15.89;50.5;2.07;
2022-04-11 11:00:00;762.0;652.68;243.0;17.17;43.9;2.28;
2022-04-11 12:00:00;772.0;727.22;203.0;18.02;44.05;2.62;
2022-04-11 13:00:00;673.0;605.47;235.0;18.69;41.15;2.83;
2022-04-11 14:00:00;615.0;773.15;134.0;18.99;41.15;2.9;
2022-04-11 15:00:00;446.0;650.88;130.0;19.17;42.7;2.83;
2022-04-11 16:00:00;276.0;569.97;92.0;18.96;42.7;2.62;
2022-04-11 17:00:00;97.0;344.35;47.0;18.13;47.4;2.21;
2022-04-11 18:00:00;0.0;0.0;0.0;16.27;54.45;2.14;
2022-04-11 19:00:00;0.0;0.0;0.0;14.26;62.55;2.55;
2022-04-11 20:00:00;0.0;0.0;0.0;13.09;72.05;2.34;
2022-04-11 21:00:00;0.0;0.0;0.0;11.99;77.3;2.14;
2022-04-11 22:00:00;0.0;0.0;0.0;11.17;80.1;1.79;
2022-04-11 23:00:00;0.0;0.0;0.0;10.79;80.1;1.31;
2022-04-12 00:00:00;0.0;0.0;0.0;10.79;80.1;0.97;
2022-04-12 01:00:00;0.0;0.0;0.0;11.08;80.1;0.28;
2022-04-12 02:00:00;0.0;0.0;0.0;9.82;82.95;0.9;
2022-04-12 03:00:00;0.0;0.0;0.0;7.97;92.4;1.66;
2022-04-12 04:00:00;0.0;0.0;0.0;7.89;92.4;1.86;
2022-04-12 05:00:00;3.0;0.0;3.0;7.97;92.4;1.66;
2022-04-12 06:00:00;25.0;0.0;25.0;9.19;85.95;1.31;
2022-04-12 07:00:00;103.0;0.0;103.0;11.45;71.75;2.14;
2022-04-12 08:00:00;203.0;5.28;200.0;12.32;64.45;2.34;
2022-04-12 09:00:00;305.0;21.87;290.0;13.81;58.0;2.76;
2022-04-12 10:00:00;511.0;168.64;382.0;14.85;54.1;2.62;
2022-04-12 11:00:00;585.0;244.03;390.0;15.36;52.25;2.41;
2022-04-12 12:00:00;672.0;443.95;323.0;15.99;52.4;1.93;
2022-04-12 13:00:00;209.0;0.0;209.0;16.61;50.6;1.72;
2022-04-12 14:00:00;234.0;6.39;230.0;16.37;50.6;1.72;
2022-04-12 15:00:00;54.0;0.0;54.0;16.41;50.6;2.21;
2022-04-12 16:00:00;54.0;0.0;54.0;16.11;52.4;2.76;
2022-04-12 17:00:00;23.0;0.0;23.0;15.55;52.25;2.83;
2022-04-12 18:00:00;0.0;0.0;0.0;14.96;54.1;3.1;
2022-04-12 19:00:00;0.0;0.0;0.0;12.06;74.55;1.93;
2022-04-12 20:00:00;0.0;0.0;0.0;11.75;80.15;1.66;
2022-04-12 21:00:00;0.0;0.0;0.0;11.34;86.1;1.24;
2022-04-12 22:00:00;0.0;0.0;0.0;10.86;89.3;0.9;
2022-04-12 23:00:00;0.0;0.0;0.0;11.03;89.3;0.83;
2022-04-13 00:00:00;0.0;0.0;0.0;10.94;86.1;1.03;
2022-04-13 01:00:00;0.0;0.0;0.0;10.77;89.3;1.24;
2022-04-13 02:00:00;0.0;0.0;0.0;10.56;92.5;1.31;
2022-04-13 03:00:00;0.0;0.0;0.0;10.38;92.5;1.24;
2022-04-13 04:00:00;0.0;0.0;0.0;10.22;92.5;1.17;
2022-04-13 05:00:00;3.0;0.0;3.0;10.11;92.5;0.9;
2022-04-13 06:00:00;39.0;0.0;39.0;10.08;95.9;0.62;
2022-04-13 07:00:00;335.0;399.58;166.0;10.74;86.1;0.97;
2022-04-13 08:00:00;97.0;0.0;97.0;11.44;86.1;0.83;
2022-04-13 09:00:00;183.0;0.0;183.0;11.71;80.15;1.03;
2022-04-13 10:00:00;83.0;0.0;83.0;12.0;77.3;1.52;
2022-04-13 11:00:00;120.0;0.0;120.0;11.62;74.55;0.9;
2022-04-13 12:00:00;193.0;0.0;193.0;11.22;77.2;1.72;
2022-04-13 13:00:00;92.0;0.0;92.0;10.18;74.4;3.38;
2022-04-13 14:00:00;215.0;3.18;213.0;9.09;68.9;4.28;
2022-04-13 15:00:00;218.0;28.43;204.0;8.38;68.7;3.93;
2022-04-13 16:00:00;108.0;6.06;106.0;8.33;68.7;3.24;
2022-04-13 17:00:00;73.0;98.39;58.0;8.52;68.7;2.83;
2022-04-13 18:00:00;0.0;0.0;0.0;8.18;71.35;2.14;
2022-04-13 19:00:00;0.0;0.0;0.0;8.13;74.05;1.17;
2022-04-13 20:00:00;0.0;0.0;0.0;9.12;59.25;0.55;
2022-04-13 21:00:00;0.0;0.0;0.0;7.2;82.65;1.31;
2022-04-13 22:00:00;0.0;0.0;0.0;6.96;79.55;1.17;
2022-04-13 23:00:00;0.0;0.0;0.0;6.81;76.65;1.03;
2022-04-14 00:00:00;0.0;0.0;0.0;6.38;82.55;1.03;
2022-04-14 01:00:00;0.0;0.0;0.0;6.05;82.5;1.38;
2022-04-14 02:00:00;0.0;0.0;0.0;5.67;82.5;1.66;
2022-04-14 03:00:00;0.0;0.0;0.0;5.1;82.4;1.79;
2022-04-14 04:00:00;0.0;0.0;0.0;4.64;82.35;1.86;
2022-04-14 05:00:00;25.0;25.78;23.0;4.3;85.5;2.14;
2022-04-14 06:00:00;225.0;605.88;69.0;5.83;76.5;2.28;
2022-04-14 07:00:00;415.0;743.37;97.0;8.58;68.8;2.28;
2022-04-14 08:00:00;598.0;851.1;107.0;11.68;53.35;3.38;
2022-04-14 09:00:00;738.0;886.76;122.0;14.07;41.35;3.93;
2022-04-14 10:00:00;824.0;884.82;140.0;15.75;33.35;4.0;
2022-04-14 11:00:00;893.0;971.86;109.0;16.67;31.15;3.59;
2022-04-14 12:00:00;876.0;966.79;109.0;17.37;30.1;3.1;
2022-04-14 13:00:00;783.0;892.5;128.0;17.78;28.0;2.97;
2022-04-14 14:00:00;664.0;869.73;114.0;18.01;26.9;3.17;
2022-04-14 15:00:00;481.0;730.23;119.0;17.88;25.9;3.17;
2022-04-14 16:00:00;307.0;672.14;83.0;17.44;27.85;2.69;
2022-04-14 17:00:00;117.0;454.99;46.0;16.28;37.55;1.93;
2022-04-14 18:00:00;0.0;0.0;0.0;13.99;42.95;2.0;
2022-04-14 19:00:00;0.0;0.0;0.0;11.79;51.35;1.59;
2022-04-14 20:00:00;0.0;0.0;0.0;9.88;52.95;1.86;
2022-04-14 21:00:00;0.0;0.0;0.0;9.37;50.85;1.66;
2022-04-14 22:00:00;0.0;0.0;0.0;8.84;52.7;1.59;
2022-04-14 23:00:00;0.0;0.0;0.0;7.14;61.1;1.86;
2022-04-15 00:00:00;0.0;0.0;0.0;5.94;68.2;1.66;
2022-04-15 01:00:00;0.0;0.0;0.0;7.62;50.45;0.55;
2022-04-15 02:00:00;0.0;0.0;0.0;7.07;52.35;0.28;
2022-04-15 03:00:00;0.0;0.0;0.0;6.55;58.55;0.28;
2022-04-15 04:00:00;0.0;0.0;0.0;6.0;60.75;0.76;
2022-04-15 05:00:00;20.0;12.07;19.0;2.78;79.0;1.66;
2022-04-15 06:00:00;153.0;148.57;114.0;5.1;76.4;1.31;
2022-04-15 07:00:00;252.0;115.59;202.0;9.64;59.35;1.03;
2022-04-15 08:00:00;514.0;524.59;209.0;11.64;55.4;1.38;
2022-04-15 09:00:00;705.0;785.54;156.0;13.25;51.75;1.03;
2022-04-15 10:00:00;812.0;857.14;146.0;14.58;52.0;0.83;
2022-04-15 11:00:00;780.0;642.87;259.0;15.69;46.9;0.76;
2022-04-15 12:00:00;622.0;298.66;384.0;16.31;43.65;0.9;
2022-04-15 13:00:00;617.0;397.4;324.0;16.78;40.6;0.83;
2022-04-15 14:00:00;459.0;239.1;307.0;17.03;40.6;0.48;
2022-04-15 15:00:00;458.0;623.15;147.0;17.27;39.25;0.62;
2022-04-15 16:00:00;267.0;427.69;123.0;16.84;40.6;0.76;
2022-04-15 17:00:00;87.0;156.62;62.0;16.11;48.65;1.24;
2022-04-15 18:00:00;0.0;0.0;0.0;14.21;58.1;1.52;
2022-04-15 19:00:00;0.0;0.0;0.0;12.4;69.35;1.03;
2022-04-15 20:00:00;0.0;0.0;0.0;10.35;71.7;1.38;
2022-04-15 21:00:00;0.0;0.0;0.0;8.9;76.95;1.66;
2022-04-15 22:00:00;0.0;0.0;0.0;9.25;71.5;1.31;
2022-04-15 23:00:00;0.0;0.0;0.0;10.35;66.55;0.9;
2022-04-16 00:00:00;0.0;0.0;0.0;9.97;69.0;0.55;
2022-04-16 01:00:00;0.0;0.0;0.0;9.42;68.9;0.48;
2022-04-16 02:00:00;0.0;0.0;0.0;8.67;71.4;0.48;
2022-04-16 03:00:00;0.0;0.0;0.0;6.77;79.55;1.1;
2022-04-16 04:00:00;0.0;0.0;0.0;4.96;88.85;1.31;
2022-04-16 05:00:00;49.0;250.02;27.0;4.9;88.85;1.1;
2022-04-16 06:00:00;227.0;572.03;74.0;7.45;79.65;0.62;
2022-04-16 07:00:00;410.0;692.92;107.0;10.63;66.65;0.28;
2022-04-16 08:00:00;586.0;795.43;120.0;13.02;62.2;0.55;
2022-04-16 09:00:00;721.0;830.67;137.0;14.64;56.15;0.62;
2022-04-16 10:00:00;812.0;850.31;148.0;15.94;52.4;0.55;
2022-04-16 11:00:00;871.0;910.23;130.0;16.98;47.15;0.34;
2022-04-16 12:00:00;867.0;942.08;113.0;17.88;40.9;0.62;
2022-04-16 13:00:00;783.0;892.47;122.0;18.73;38.2;1.17;
2022-04-16 14:00:00;637.0;779.33;139.0;18.88;36.8;1.03;
2022-04-16 15:00:00;490.0;756.38;110.0;18.91;36.8;1.1;
2022-04-16 16:00:00;309.0;661.57;84.0;17.97;40.9;2.14;
2022-04-16 17:00:00;120.0;428.96;50.0;16.44;48.8;2.28;
2022-04-16 18:00:00;0.0;0.0;0.0;14.42;56.0;2.28;
2022-04-16 19:00:00;0.0;0.0;0.0;13.33;55.75;2.97;
2022-04-16 20:00:00;0.0;0.0;0.0;11.95;66.75;2.48;
2022-04-16 21:00:00;0.0;0.0;0.0;10.73;74.45;1.79;
2022-04-16 22:00:00;0.0;0.0;0.0;9.37;82.9;1.52;
2022-04-16 23:00:00;0.0;0.0;0.0;8.75;82.85;1.38;
2022-04-17 00:00:00;0.0;0.0;0.0;9.13;77.0;1.1;
2022-04-17 01:00:00;0.0;0.0;0.0;8.68;79.85;0.97;
2022-04-17 02:00:00;0.0;0.0;0.0;7.37;85.8;1.17;
2022-04-17 03:00:00;0.0;0.0;0.0;5.19;88.85;1.59;
2022-04-17 04:00:00;0.0;0.0;0.0;4.47;95.75;1.38;
2022-04-17 05:00:00;52.0;236.28;30.0;4.46;95.75;1.17;
2022-04-17 06:00:00;230.0;565.41;76.0;7.51;85.8;0.69;
2022-04-17 07:00:00;414.0;694.69;107.0;12.0;71.85;0.14;
2022-04-17 08:00:00;590.0;796.32;120.0;14.37;58.1;0.0;
2022-04-17 09:00:00;732.0;852.74;129.0;15.94;52.4;0.28;
2022-04-17 10:00:00;828.0;884.39;134.0;17.08;50.75;1.03;
2022-04-17 11:00:00;869.0;897.66;135.0;17.8;44.05;1.45;
2022-04-17 12:00:00;860.0;916.93;123.0;18.29;42.6;1.31;
2022-04-17 13:00:00;785.0;891.2;122.0;18.67;41.05;1.17;
2022-04-17 14:00:00;649.0;811.19;128.0;18.63;41.05;1.31;
2022-04-17 15:00:00;495.0;767.29;107.0;18.41;39.55;1.45;
2022-04-17 16:00:00;305.0;623.04;91.0;17.83;40.9;1.86;
2022-04-17 17:00:00;123.0;431.85;51.0;17.01;47.15;1.93;
2022-04-17 18:00:00;0.0;0.0;0.0;15.34;52.25;1.93;
2022-04-17 19:00:00;0.0;0.0;0.0;13.34;60.05;1.72;
2022-04-17 20:00:00;0.0;0.0;0.0;12.59;64.45;1.1;
2022-04-17 21:00:00;0.0;0.0;0.0;12.96;57.75;0.14;
2022-04-17 22:00:00;0.0;0.0;0.0;12.46;59.85;0.76;
2022-04-17 23:00:00;0.0;0.0;0.0;9.33;71.5;1.59;
2022-04-18 00:00:00;0.0;0.0;0.0;7.45;82.65;1.93;
2022-04-18 01:00:00;0.0;0.0;0.0;6.77;85.75;1.86;
2022-04-18 02:00:00;0.0;0.0;0.0;6.29;85.7;1.79;
2022-04-18 03:00:00;0.0;0.0;0.0;6.28;85.7;1.72;
2022-04-18 04:00:00;0.0;0.0;0.0;6.07;82.55;1.59;
2022-04-18 05:00:00;22.0;0.0;22.0;5.75;85.65;1.52;
2022-04-18 06:00:00;222.0;487.01;87.0;8.09;79.75;1.17;
2022-04-18 07:00:00;391.0;562.15;140.0;12.62;69.45;0.97;
2022-04-18 08:00:00;603.0;825.89;112.0;15.47;56.25;1.03;
2022-04-18 09:00:00;723.0;816.98;142.0;17.32;45.55;1.1;
2022-04-18 10:00:00;834.0;894.13;129.0;18.57;41.05;0.41;
2022-04-18 11:00:00;879.0;919.37;124.0;19.43;35.6;0.62;
2022-04-18 12:00:00;866.0;925.5;119.0;19.7;34.45;0.9;
2022-04-18 13:00:00;778.0;865.91;131.0;19.73;34.45;0.55;
2022-04-18 14:00:00;654.0;819.54;125.0;19.89;34.45;0.28;
2022-04-18 15:00:00;461.0;607.16;152.0;19.93;34.45;0.0;
2022-04-18 16:00:00;254.0;325.81;141.0;19.8;34.45;0.55;
2022-04-18 17:00:00;118.0;358.3;57.0;19.0;41.15;1.66;
2022-04-18 18:00:00;0.0;0.0;0.0;16.95;47.15;2.41;
2022-04-18 19:00:00;0.0;0.0;0.0;15.33;56.25;2.41;
2022-04-18 20:00:00;0.0;0.0;0.0;14.05;62.45;2.34;
2022-04-18 21:00:00;0.0;0.0;0.0;12.93;66.95;2.41;
2022-04-18 22:00:00;0.0;0.0;0.0;12.18;69.35;2.34;
2022-04-18 23:00:00;0.0;0.0;0.0;11.41;74.45;2.34;
2022-04-19 00:00:00;0.0;0.0;0.0;10.62;74.45;2.07;
2022-04-19 01:00:00;0.0;0.0;0.0;9.84;79.95;1.86;
2022-04-19 02:00:00;0.0;0.0;0.0;8.87;85.95;1.72;
2022-04-19 03:00:00;0.0;0.0;0.0;8.3;89.1;1.59;
2022-04-19 04:00:00;0.0;0.0;0.0;7.98;89.05;1.52;
2022-04-19 05:00:00;59.0;242.35;34.0;7.92;89.05;1.38;
2022-04-19 06:00:00;233.0;531.97;83.0;10.47;83.0;0.62;
2022-04-19 07:00:00;419.0;685.14;110.0;14.07;69.65;0.76;
2022-04-19 08:00:00;594.0;783.32;125.0;15.97;58.45;1.1;
2022-04-19 09:00:00;737.0;848.83;130.0;17.08;54.6;1.31;
2022-04-19 10:00:00;832.0;881.12;134.0;18.19;49.3;1.38;
2022-04-19 11:00:00;877.0;905.8;130.0;19.04;47.65;1.59;
2022-04-19 12:00:00;868.0;924.19;119.0;19.82;44.6;1.72;
2022-04-19 13:00:00;789.0;887.53;123.0;20.35;43.1;1.72;
2022-04-19 14:00:00;663.0;840.2;118.0;20.66;41.55;1.52;
2022-04-19 15:00:00;494.0;741.99;114.0;20.82;38.75;1.72;
2022-04-19 16:00:00;302.0;579.74;99.0;20.65;38.65;1.66;
2022-04-19 17:00:00;117.0;328.06;60.0;19.98;39.95;1.52;
2022-04-19 18:00:00;0.0;0.0;0.0;18.02;47.4;2.14;
2022-04-19 19:00:00;0.0;0.0;0.0;16.06;54.35;2.28;
2022-04-19 20:00:00;0.0;0.0;0.0;14.33;64.85;2.69;
2022-04-19 21:00:00;0.0;0.0;0.0;13.14;74.75;2.62;
2022-04-19 22:00:00;0.0;0.0;0.0;12.35;80.2;2.62;
2022-04-19 23:00:00;0.0;0.0;0.0;11.75;83.1;2.48;
2022-04-20 00:00:00;0.0;0.0;0.0;11.1;86.1;2.41;
2022-04-20 01:00:00;0.0;0.0;0.0;10.8;89.3;2.28;
2022-04-20 02:00:00;0.0;0.0;0.0;10.6;86.1;2.21;
2022-04-20 03:00:00;0.0;0.0;0.0;10.65;86.1;2.21;
2022-04-20 04:00:00;0.0;0.0;0.0;10.32;89.25;2.41;
2022-04-20 05:00:00;13.0;0.0;13.0;10.2;89.25;2.48;
2022-04-20 06:00:00;95.0;6.98;93.0;10.61;89.3;2.55;
2022-04-20 07:00:00;165.0;8.78;161.0;11.28;89.3;3.38;
2022-04-20 08:00:00;70.0;0.0;70.0;11.88;86.15;3.59;
2022-04-20 09:00:00;103.0;0.0;103.0;12.48;83.15;3.72;
2022-04-20 10:00:00;80.0;0.0;80.0;13.34;77.5;3.79;
2022-04-20 11:00:00;104.0;0.0;104.0;13.46;80.35;4.07;
2022-04-20 12:00:00;75.0;0.0;75.0;14.3;77.65;4.69;
2022-04-20 13:00:00;125.0;0.0;125.0;14.12;83.35;4.55;
2022-04-20 14:00:00;62.0;0.0;62.0;13.7;83.35;4.21;
2022-04-20 15:00:00;122.0;0.0;122.0;13.96;83.35;4.62;
2022-04-20 16:00:00;27.0;0.0;27.0;13.49;86.3;4.41;
2022-04-20 17:00:00;84.0;90.28;68.0;12.86;86.25;4.21;
2022-04-20 18:00:00;0.0;0.0;0.0;12.17;89.35;4.21;
2022-04-20 19:00:00;0.0;0.0;0.0;11.79;92.55;3.72;
2022-04-20 20:00:00;0.0;0.0;0.0;11.66;92.55;3.86;
2022-04-20 21:00:00;0.0;0.0;0.0;11.23;95.9;3.93;
2022-04-20 22:00:00;0.0;0.0;0.0;10.94;92.55;4.0;
2022-04-20 23:00:00;0.0;0.0;0.0;10.77;92.55;3.93;
2022-04-21 00:00:00;0.0;0.0;0.0;10.67;92.55;3.79;
2022-04-21 01:00:00;0.0;0.0;0.0;10.59;92.55;3.52;
2022-04-21 02:00:00;0.0;0.0;0.0;10.42;92.5;3.24;
2022-04-21 03:00:00;0.0;0.0;0.0;10.43;92.5;3.17;
2022-04-21 04:00:00;0.0;0.0;0.0;10.17;89.25;3.03;
2022-04-21 05:00:00;55.0;132.81;40.0;9.98;92.5;2.9;
2022-04-21 06:00:00;40.0;0.0;40.0;10.23;92.5;2.97;
2022-04-21 07:00:00;169.0;8.7;165.0;10.85;89.3;2.07;
2022-04-21 08:00:00;278.0;29.66;260.0;11.46;89.3;2.0;
2022-04-21 09:00:00;273.0;6.92;268.0;12.53;83.15;2.83;
2022-04-21 10:00:00;597.0;265.21;385.0;13.4;80.35;2.69;
2022-04-21 11:00:00;507.0;110.65;415.0;14.26;74.95;2.48;
2022-04-21 12:00:00;621.0;282.78;390.0;15.29;69.9;2.21;
2022-04-21 13:00:00;551.0;245.82;365.0;15.74;67.55;2.0;
2022-04-21 14:00:00;105.0;0.0;105.0;15.97;62.85;1.52;
2022-04-21 15:00:00;115.0;0.0;115.0;16.12;60.65;1.03;
2022-04-21 16:00:00;122.0;8.41;119.0;15.82;60.65;0.97;
2022-04-21 17:00:00;64.0;22.14;60.0;15.33;62.75;1.38;
2022-04-21 18:00:00;0.0;0.0;0.0;14.24;69.75;1.72;
2022-04-21 19:00:00;0.0;0.0;0.0;13.45;80.35;1.03;
2022-04-21 20:00:00;0.0;0.0;0.0;12.36;80.2;1.52;
2022-04-21 21:00:00;0.0;0.0;0.0;11.7;83.1;1.59;
2022-04-21 22:00:00;0.0;0.0;0.0;10.75;83.05;1.59;
2022-04-21 23:00:00;0.0;0.0;0.0;10.41;86.05;1.24;
2022-04-22 00:00:00;0.0;0.0;0.0;9.89;86.0;1.03;
2022-04-22 01:00:00;0.0;0.0;0.0;9.58;89.15;0.9;
2022-04-22 02:00:00;0.0;0.0;0.0;9.07;89.1;0.9;
2022-04-22 03:00:00;0.0;0.0;0.0;8.4;89.1;0.97;
2022-04-22 04:00:00;0.0;0.0;0.0;7.99;89.05;0.97;
2022-04-22 05:00:00;74.0;305.78;38.0;7.83;89.05;0.9;
2022-04-22 06:00:00;176.0;165.63;127.0;9.29;89.15;0.76;
2022-04-22 07:00:00;315.0;224.1;211.0;12.92;74.7;0.76;
2022-04-22 08:00:00;455.0;291.34;277.0;14.84;64.95;0.97;
2022-04-22 09:00:00;727.0;795.57;149.0;15.98;62.85;1.45;
2022-04-22 10:00:00;809.0;795.92;170.0;16.71;58.7;1.17;
2022-04-22 11:00:00;828.0;747.54;204.0;17.55;58.8;0.9;
2022-04-22 12:00:00;771.0;623.15;260.0;18.19;54.95;0.9;
2022-04-22 13:00:00;509.0;173.75;377.0;18.27;53.0;0.83;
2022-04-22 14:00:00;618.0;659.64;184.0;18.38;53.0;0.9;
2022-04-22 15:00:00;444.0;500.4;183.0;18.47;53.0;1.24;
2022-04-22 16:00:00;299.0;519.47;112.0;18.49;53.0;1.52;
2022-04-22 17:00:00;109.0;211.8;70.0;17.87;56.85;1.38;
2022-04-22 18:00:00;0.0;0.0;0.0;16.65;63.05;1.52;
2022-04-22 19:00:00;0.0;0.0;0.0;14.93;77.75;1.45;
2022-04-22 20:00:00;0.0;0.0;0.0;13.44;80.35;1.59;
2022-04-22 21:00:00;0.0;0.0;0.0;13.02;80.3;1.24;
2022-04-22 22:00:00;0.0;0.0;0.0;13.64;74.85;0.83;
2022-04-22 23:00:00;0.0;0.0;0.0;13.45;77.5;0.34;
2022-04-23 00:00:00;0.0;0.0;0.0;12.84;77.45;0.28;
2022-04-23 01:00:00;0.0;0.0;0.0;12.14;80.2;0.76;
2022-04-23 02:00:00;0.0;0.0;0.0;11.09;86.1;0.9;
2022-04-23 03:00:00;0.0;0.0;0.0;10.86;86.1;0.83;
2022-04-23 04:00:00;0.0;0.0;0.0;10.39;86.05;0.9;
2022-04-23 05:00:00;18.0;0.0;18.0;10.26;86.05;0.83;
2022-04-23 06:00:00;49.0;0.0;49.0;12.0;89.3;0.28;
2022-04-23 07:00:00;350.0;324.59;198.0;15.05;75.0;0.48;
2022-04-23 08:00:00;588.0;718.81;146.0;16.46;65.25;0.76;
2022-04-23 09:00:00;628.0;471.12;284.0;17.46;58.8;0.97;
2022-04-23 10:00:00;724.0;533.33;294.0;18.29;54.95;1.17;
2022-04-23 11:00:00;882.0;895.03;132.0;19.11;51.25;1.38;
2022-04-23 12:00:00;859.0;877.16;137.0;19.62;49.55;1.72;
2022-04-23 13:00:00;719.0;643.74;228.0;20.43;46.35;1.72;
2022-04-23 14:00:00;461.0;219.38;316.0;20.57;46.35;1.31;
2022-04-23 15:00:00;352.0;205.84;244.0;20.61;44.7;1.31;
2022-04-23 16:00:00;194.0;93.61;160.0;20.31;43.1;1.38;
2022-04-23 17:00:00;60.0;10.66;58.0;19.23;51.4;1.38;
2022-04-23 18:00:00;0.0;0.0;0.0;17.5;63.2;1.38;
2022-04-23 19:00:00;0.0;0.0;0.0;16.01;67.55;1.24;
2022-04-23 20:00:00;0.0;0.0;0.0;14.5;69.75;1.52;
2022-04-23 21:00:00;0.0;0.0;0.0;13.27;72.1;1.45;
2022-04-23 22:00:00;0.0;0.0;0.0;13.12;69.55;0.9;
2022-04-23 23:00:00;0.0;0.0;0.0;11.99;77.3;0.97;
2022-04-24 00:00:00;0.0;0.0;0.0;11.0;83.05;1.38;
2022-04-24 01:00:00;0.0;0.0;0.0;10.64;83.05;1.45;
2022-04-24 02:00:00;0.0;0.0;0.0;10.53;86.05;1.52;
2022-04-24 03:00:00;0.0;0.0;0.0;10.69;86.1;1.1;
2022-04-24 04:00:00;0.0;0.0;0.0;11.01;86.1;0.69;
2022-04-24 05:00:00;82.0;322.6;41.0;10.78;86.1;0.83;
2022-04-24 06:00:00;266.0;613.68;79.0;11.63;89.3;0.62;
2022-04-24 07:00:00;451.0;734.52;104.0;13.56;83.25;1.66;
2022-04-24 08:00:00;625.0;821.0;117.0;15.26;69.9;2.34;
2022-04-24 09:00:00;761.0;865.39;126.0;16.86;58.7;2.69;
2022-04-24 10:00:00;859.0;907.84;124.0;18.38;53.0;3.03;
2022-04-24 11:00:00;903.0;932.09;119.0;19.68;47.8;3.1;
2022-04-24 12:00:00;884.0;925.99;119.0;20.6;41.55;2.97;
2022-04-24 13:00:00;809.0;901.14;119.0;21.27;33.6;2.97;
2022-04-24 14:00:00;683.0;855.53;115.0;21.41;32.35;3.1;
2022-04-24 15:00:00;513.0;757.98;113.0;21.28;32.35;3.17;
2022-04-24 16:00:00;330.0;649.56;92.0;20.81;33.45;2.76;
2022-04-24 17:00:00;143.0;439.9;59.0;19.62;42.85;1.93;
2022-04-24 18:00:00;0.0;0.0;0.0;17.69;44.05;2.14;
2022-04-24 19:00:00;0.0;0.0;0.0;15.55;65.05;1.72;
2022-04-24 20:00:00;0.0;0.0;0.0;13.37;67.05;2.0;
2022-04-24 21:00:00;0.0;0.0;0.0;12.17;66.85;1.79;
2022-04-24 22:00:00;0.0;0.0;0.0;11.18;69.15;1.59;
2022-04-24 23:00:00;0.0;0.0;0.0;11.2;66.65;1.38;
2022-04-25 00:00:00;0.0;0.0;0.0;9.38;74.2;2.14;
2022-04-25 01:00:00;0.0;0.0;0.0;9.3;79.9;2.14;
2022-04-25 02:00:00;0.0;0.0;0.0;8.83;85.95;1.93;
2022-04-25 03:00:00;0.0;0.0;0.0;8.45;85.9;1.86;
2022-04-25 04:00:00;0.0;0.0;0.0;8.32;85.9;1.66;
2022-04-25 05:00:00;77.0;227.85;47.0;8.81;85.95;1.31;
2022-04-25 06:00:00;267.0;585.67;86.0;10.23;86.05;1.24;
2022-04-25 07:00:00;432.0;617.03;138.0;12.23;77.35;1.72;
2022-04-25 08:00:00;613.0;758.19;141.0;12.92;74.7;1.72;
2022-04-25 09:00:00;664.0;531.68;272.0;14.06;72.2;1.66;
2022-04-25 10:00:00;795.0;691.36;233.0;15.16;67.45;1.38;
2022-04-25 11:00:00;873.0;830.36;172.0;16.36;65.25;1.1;
2022-04-25 12:00:00;753.0;529.48;314.0;17.13;60.85;0.97;
2022-04-25 13:00:00;71.0;0.0;71.0;17.92;54.85;1.45;
2022-04-25 14:00:00;697.0;881.76;109.0;18.23;49.3;1.45;
2022-04-25 15:00:00;525.0;783.81;109.0;18.7;42.7;1.59;
2022-04-25 16:00:00;336.0;657.52;93.0;18.66;35.35;1.31;
2022-04-25 17:00:00;146.0;442.55;60.0;17.89;39.4;1.1;
2022-04-25 18:00:00;0.0;0.0;0.0;15.75;52.4;1.86;
2022-04-25 19:00:00;0.0;0.0;0.0;13.59;64.65;2.55;
2022-04-25 20:00:00;0.0;0.0;0.0;12.11;69.35;2.48;
2022-04-25 21:00:00;0.0;0.0;0.0;10.94;74.45;2.0;
2022-04-25 22:00:00;0.0;0.0;0.0;9.6;79.95;1.59;
2022-04-25 23:00:00;0.0;0.0;0.0;8.66;79.85;1.52;
2022-04-26 00:00:00;0.0;0.0;0.0;8.11;79.75;1.45;
2022-04-26 01:00:00;0.0;0.0;0.0;7.0;85.75;1.45;
2022-04-26 02:00:00;0.0;0.0;0.0;6.31;85.7;1.38;
2022-04-26 03:00:00;0.0;0.0;0.0;6.01;85.65;1.38;
2022-04-26 04:00:00;0.0;0.0;0.0;5.55;82.5;1.52;
2022-04-26 05:00:00;84.0;264.39;48.0;5.37;82.4;1.52;
2022-04-26 06:00:00;275.0;606.46;85.0;8.49;76.85;1.1;
2022-04-26 07:00:00;469.0;757.63;105.0;11.98;62.0;0.62;
2022-04-26 08:00:00;644.0;841.54;117.0;14.18;50.1;0.07;
2022-04-26 09:00:00;778.0;869.42;134.0;15.7;46.9;0.55;
2022-04-26 10:00:00;876.0;911.65;132.0;16.92;43.8;0.83;
2022-04-26 11:00:00;920.0;934.79;128.0;17.79;37.95;0.97;
2022-04-26 12:00:00;877.0;868.96;154.0;18.45;36.7;1.03;
2022-04-26 13:00:00;815.0;881.42;135.0;18.87;35.45;1.1;
2022-04-26 14:00:00;569.0;434.5;278.0;19.04;35.45;0.97;
2022-04-26 15:00:00;490.0;612.68;163.0;18.9;35.45;0.83;
2022-04-26 16:00:00;293.0;399.77;144.0;18.9;35.45;0.69;
2022-04-26 17:00:00;106.0;126.47;81.0;18.61;36.7;0.28;
2022-04-26 18:00:00;0.0;0.0;0.0;16.82;60.85;1.03;
2022-04-26 19:00:00;0.0;0.0;0.0;14.73;60.4;1.31;
2022-04-26 20:00:00;0.0;0.0;0.0;14.25;56.0;1.1;
2022-04-26 21:00:00;0.0;0.0;0.0;14.08;55.9;0.9;
2022-04-26 22:00:00;0.0;0.0;0.0;12.94;59.95;0.97;
2022-04-26 23:00:00;0.0;0.0;0.0;11.81;64.35;1.03;
2022-04-27 00:00:00;0.0;0.0;0.0;10.51;66.55;1.1;
2022-04-27 01:00:00;0.0;0.0;0.0;9.51;71.5;1.17;
2022-04-27 02:00:00;0.0;0.0;0.0;8.72;74.15;1.31;
2022-04-27 03:00:00;0.0;0.0;0.0;7.54;79.65;1.59;
2022-04-27 04:00:00;0.0;0.0;0.0;6.95;82.6;1.66;
2022-04-27 05:00:00;80.0;199.17;52.0;7.14;82.65;1.59;
2022-04-27 06:00:00;265.0;535.5;95.0;9.93;82.95;1.24;
2022-04-27 07:00:00;451.0;681.34;121.0;13.64;67.15;1.66;
2022-04-27 08:00:00;569.0;565.21;213.0;15.04;64.95;1.93;
2022-04-27 09:00:00;745.0;775.45;168.0;16.4;56.5;1.93;
2022-04-27 10:00:00;789.0;661.58;247.0;17.49;52.75;1.93;
2022-04-27 11:00:00;834.0;697.47;241.0;18.36;49.3;1.72;
2022-04-27 12:00:00;877.0;876.76;145.0;18.98;47.65;1.31;
2022-04-27 13:00:00;798.0;842.05;146.0;19.39;47.8;1.1;
2022-04-27 14:00:00;629.0;628.92;206.0;19.7;46.2;1.17;
2022-04-27 15:00:00;491.0;622.35;157.0;19.78;44.6;1.17;
2022-04-27 16:00:00;325.0;572.07;110.0;19.69;44.6;1.03;
2022-04-27 17:00:00;144.0;373.12;69.0;19.16;49.45;1.24;
2022-04-27 18:00:00;0.0;0.0;0.0;17.72;54.85;1.66;
2022-04-27 19:00:00;0.0;0.0;0.0;15.68;60.65;2.21;
2022-04-27 20:00:00;0.0;0.0;0.0;14.3;67.25;2.14;
2022-04-27 21:00:00;0.0;0.0;0.0;13.06;74.7;2.07;
2022-04-27 22:00:00;0.0;0.0;0.0;12.23;74.6;2.0;
2022-04-27 23:00:00;0.0;0.0;0.0;11.56;80.1;2.07;
2022-04-28 00:00:00;0.0;0.0;0.0;11.04;80.1;1.93;
2022-04-28 01:00:00;0.0;0.0;0.0;10.48;80.05;1.79;
2022-04-28 02:00:00;0.0;0.0;0.0;9.89;82.95;1.66;
2022-04-28 03:00:00;0.0;0.0;0.0;9.84;79.95;1.24;
2022-04-28 04:00:00;0.0;0.0;0.0;10.1;77.15;0.97;
2022-04-28 05:00:00;55.0;41.4;49.0;10.36;77.15;0.69;
2022-04-28 06:00:00;126.0;21.77;119.0;11.54;86.1;0.62;
2022-04-28 07:00:00;397.0;442.48;181.0;14.09;67.15;1.52;
2022-04-28 08:00:00;443.0;227.35;299.0;15.4;56.25;1.66;
2022-04-28 09:00:00;737.0;769.36;162.0;16.68;52.65;1.59;
2022-04-28 10:00:00;835.0;825.71;156.0;17.67;51.0;1.45;
2022-04-28 11:00:00;876.0;847.47;153.0;18.61;49.3;1.17;
2022-04-28 12:00:00;858.0;841.59;153.0;19.46;47.8;1.17;
2022-04-28 13:00:00;776.0;795.29;158.0;20.3;44.7;0.83;
2022-04-28 14:00:00;622.0;623.34;201.0;20.23;44.7;0.34;
2022-04-28 15:00:00;445.0;452.19;201.0;20.69;46.35;0.55;
2022-04-28 16:00:00;213.0;118.76;168.0;20.71;44.85;0.55;
2022-04-28 17:00:00;100.0;92.99;81.0;20.35;46.35;0.34;
2022-04-28 18:00:00;0.0;0.0;0.0;19.33;57.2;0.55;
2022-04-28 19:00:00;0.0;0.0;0.0;16.43;67.65;1.66;
2022-04-28 20:00:00;0.0;0.0;0.0;14.86;72.4;2.07;
2022-04-28 21:00:00;0.0;0.0;0.0;13.87;77.6;2.21;
2022-04-28 22:00:00;0.0;0.0;0.0;12.99;83.25;2.07;
2022-04-28 23:00:00;0.0;0.0;0.0;12.6;86.2;1.93;
2022-04-29 00:00:00;0.0;0.0;0.0;11.98;89.3;1.86;
2022-04-29 01:00:00;0.0;0.0;0.0;11.93;89.3;1.79;
2022-04-29 02:00:00;0.0;0.0;0.0;11.7;89.3;1.72;
2022-04-29 03:00:00;0.0;0.0;0.0;11.89;89.3;1.45;
2022-04-29 04:00:00;0.0;0.0;0.0;11.52;92.55;1.45;
2022-04-29 05:00:00;15.0;0.0;15.0;11.93;89.3;1.03;
2022-04-29 06:00:00;26.0;0.0;26.0;13.01;89.4;0.69;
2022-04-29 07:00:00;59.0;0.0;59.0;14.67;83.45;0.28;
2022-04-29 08:00:00;188.0;0.0;188.0;15.85;77.85;0.55;
2022-04-29 09:00:00;517.0;205.17;363.0;17.16;72.8;1.45;
2022-04-29 10:00:00;464.0;79.97;398.0;18.47;68.05;1.93;
2022-04-29 11:00:00;686.0;357.49;380.0;19.82;59.35;1.86;
2022-04-29 12:00:00;653.0;320.07;384.0;20.44;57.45;1.45;
2022-04-29 13:00:00;499.0;148.76;383.0;21.18;53.6;1.03;
2022-04-29 14:00:00;284.0;17.69;272.0;21.7;51.9;1.03;
2022-04-29 15:00:00;246.0;33.18;228.0;21.68;51.9;1.38;
2022-04-29 16:00:00;299.0;434.59;133.0;21.62;51.9;2.0;
2022-04-29 17:00:00;129.0;240.85;79.0;20.87;55.55;2.34;
2022-04-29 18:00:00;1.0;0.0;1.0;19.41;61.4;2.55;
2022-04-29 19:00:00;0.0;0.0;0.0;17.6;72.8;1.93;
2022-04-29 20:00:00;0.0;0.0;0.0;16.62;77.95;2.0;
2022-04-29 21:00:00;0.0;0.0;0.0;15.77;80.65;1.86;
2022-04-29 22:00:00;0.0;0.0;0.0;15.07;86.45;1.86;
2022-04-29 23:00:00;0.0;0.0;0.0;14.73;86.45;1.93;
2022-04-30 00:00:00;0.0;0.0;0.0;14.54;89.5;2.0;
2022-04-30 01:00:00;0.0;0.0;0.0;14.26;86.4;1.93;
2022-04-30 02:00:00;0.0;0.0;0.0;14.5;86.4;1.79;
2022-04-30 03:00:00;0.0;0.0;0.0;14.07;89.45;1.86;
2022-04-30 04:00:00;0.0;0.0;0.0;13.53;89.4;1.86;
2022-04-30 05:00:00;37.0;0.0;37.0;13.3;92.65;1.52;
2022-04-30 06:00:00;97.0;3.04;96.0;14.51;86.4;1.24;
2022-04-30 07:00:00;311.0;167.5;228.0;15.93;80.65;2.55;
2022-04-30 08:00:00;451.0;238.97;298.0;16.71;75.3;2.69;
2022-04-30 09:00:00;536.0;233.51;360.0;17.92;67.95;3.31;
2022-04-30 10:00:00;657.0;345.3;371.0;19.06;63.5;3.52;
2022-04-30 11:00:00;482.0;76.86;416.0;19.4;59.25;3.59;
2022-04-30 12:00:00;341.0;10.67;332.0;19.88;57.3;3.24;
2022-04-30 13:00:00;370.0;31.95;345.0;20.27;57.45;3.03;
2022-04-30 14:00:00;394.0;99.87;326.0;19.65;61.4;3.1;
2022-04-30 15:00:00;245.0;31.17;228.0;18.37;70.45;2.41;
2022-04-30 16:00:00;139.0;10.39;135.0;16.18;78.23;2.47;
2022-04-30 17:00:00;54.0;0.0;54.0;16.11;78.53;2.33;
2022-04-30 18:00:00;1.0;0.0;1.0;16.04;78.83;2.18;
2022-04-30 19:00:00;0.0;0.0;0.0;15.97;79.13;2.04;
2022-04-30 20:00:00;0.0;0.0;0.0;15.9;79.43;1.89;
2022-04-30 21:00:00;0.0;0.0;0.0;15.84;79.73;1.75;
2022-04-30 22:00:00;0.0;0.0;0.0;15.77;80.03;1.61;
2022-04-30 23:00:00;0.0;0.0;0.0;15.7;80.33;1.46;
2022-05-01 00:00:00;0.0;0.0;0.0;15.63;80.63;1.32;
2022-05-01 01:00:00;0.0;0.0;0.0;15.56;80.93;1.18;
2022-05-01 02:00:00;0.0;0.0;0.0;15.49;81.23;1.03;
2022-05-01 03:00:00;0.0;0.0;0.0;15.42;81.53;0.89;
2022-05-01 04:00:00;0.0;0.0;0.0;15.36;81.83;0.75;
2022-05-01 05:00:00;44.0;57.16;35.0;15.29;82.13;0.6;
2022-05-01 06:00:00;175.0;174.01;117.0;15.22;82.43;0.46;
2022-05-01 07:00:00;357.0;370.66;172.0;15.15;82.73;0.32;
2022-05-01 08:00:00;514.0;458.4;219.0;19.87;61.5;0.69;
2022-05-01 09:00:00;690.0;647.47;200.0;20.71;57.45;0.83;
2022-05-01 10:00:00;806.0;741.16;190.0;21.79;53.85;0.9;
2022-05-01 11:00:00;868.0;799.79;179.0;22.72;52.1;1.17;
2022-05-01 12:00:00;866.0;812.26;179.0;23.58;52.25;1.52;
2022-05-01 13:00:00;810.0;810.08;174.0;24.23;52.35;1.86;
2022-05-01 14:00:00;705.0;791.41;164.0;24.45;50.7;1.86;
2022-05-01 15:00:00;563.0;768.05;142.0;24.47;50.7;1.86;
2022-05-01 16:00:00;290.0;237.11;198.0;24.3;50.7;1.45;
2022-05-01 17:00:00;206.0;551.2;88.0;23.8;56.15;1.24;
2022-05-01 18:00:00;29.0;0.0;29.0;22.25;66.35;1.31;
2022-05-01 19:00:00;0.0;0.0;0.0;20.23;70.7;1.24;
2022-05-01 20:00:00;0.0;0.0;0.0;18.26;72.95;1.59;
2022-05-01 21:00:00;0.0;0.0;0.0;16.73;75.3;1.72;
2022-05-01 22:00:00;0.0;0.0;0.0;15.78;75.15;1.72;
2022-05-01 23:00:00;0.0;0.0;0.0;15.07;75.0;1.52;
2022-05-02 00:00:00;0.0;0.0;0.0;15.02;72.4;1.24;
2022-05-02 01:00:00;0.0;0.0;0.0;14.61;72.3;1.17;
2022-05-02 02:00:00;0.0;0.0;0.0;13.85;74.85;1.17;
2022-05-02 03:00:00;0.0;0.0;0.0;12.5;77.45;1.17;
2022-05-02 04:00:00;0.0;0.0;0.0;10.87;86.1;1.24;
2022-05-02 05:00:00;43.0;43.35;36.0;11.24;83.1;1.03;
2022-05-02 06:00:00;186.0;204.71;117.0;14.44;83.4;0.69;
2022-05-02 07:00:00;340.0;304.43;187.0;18.32;63.4;1.1;
2022-05-02 08:00:00;549.0;564.34;184.0;20.01;57.3;1.66;
2022-05-02 09:00:00;708.0;697.57;178.0;21.32;50.05;1.93;
2022-05-02 10:00:00;809.0;742.27;190.0;22.4;46.85;1.66;
2022-05-02 11:00:00;851.0;739.46;212.0;23.3;47.0;1.72;
2022-05-02 12:00:00;849.0;752.03;211.0;23.9;45.5;1.86;
2022-05-02 13:00:00;778.0;696.97;229.0;24.37;45.6;1.86;
2022-05-02 14:00:00;650.0;590.17;245.0;24.75;45.6;1.79;
2022-05-02 15:00:00;550.0;697.01;166.0;24.85;44.15;1.86;
2022-05-02 16:00:00;288.0;222.52;201.0;24.58;45.6;2.0;
2022-05-02 17:00:00;163.0;225.51;114.0;23.8;50.55;1.66;
2022-05-02 18:00:00;21.0;0.0;21.0;22.01;57.75;0.0;
2022-05-02 19:00:00;0.0;0.0;0.0;19.69;55.2;0.0;
2022-05-02 20:00:00;0.0;0.0;0.0;18.18;56.85;2.41;
2022-05-02 21:00:00;0.0;0.0;0.0;16.66;65.25;1.93;
2022-05-02 22:00:00;0.0;0.0;0.0;16.05;67.55;1.31;
2022-05-02 23:00:00;0.0;0.0;0.0;15.57;67.45;1.24;
2022-05-03 00:00:00;0.0;0.0;0.0;14.72;67.35;1.31;
2022-05-03 01:00:00;0.0;0.0;0.0;15.82;62.85;0.62;
2022-05-03 02:00:00;0.0;0.0;0.0;15.81;62.85;0.69;
2022-05-03 03:00:00;0.0;0.0;0.0;15.12;69.85;0.76;
2022-05-03 04:00:00;0.0;0.0;0.0;14.75;69.85;0.76;
2022-05-03 05:00:00;6.0;0.0;6.0;15.01;69.85;0.34;
2022-05-03 06:00:00;73.0;0.0;73.0;15.59;75.1;0.07;
2022-05-03 07:00:00;128.0;0.0;128.0;18.35;56.95;0.28;
2022-05-03 08:00:00;376.0;130.79;291.0;19.49;53.25;0.14;
2022-05-03 09:00:00;580.0;340.9;320.0;20.18;51.5;0.21;
2022-05-03 10:00:00;439.0;60.96;388.0;21.19;48.2;0.55;
2022-05-03 11:00:00;677.0;321.9;398.0;22.02;46.75;0.9;
2022-05-03 12:00:00;194.0;0.0;194.0;22.92;43.75;1.1;
2022-05-03 13:00:00;749.0;612.48;265.0;23.66;43.75;1.24;
2022-05-03 14:00:00;690.0;727.3;189.0;24.07;42.35;1.45;
2022-05-03 15:00:00;368.0;149.91;285.0;24.18;40.9;2.0;
2022-05-03 16:00:00;328.0;365.56;184.0;23.55;40.75;2.41;
2022-05-03 17:00:00;104.0;27.22;98.0;22.55;42.1;2.41;
2022-05-03 18:00:00;44.0;221.61;34.0;20.78;43.25;2.55;
2022-05-03 19:00:00;0.0;0.0;0.0;18.93;47.65;3.1;
2022-05-03 20:00:00;0.0;0.0;0.0;17.75;54.85;2.9;
2022-05-03 21:00:00;0.0;0.0;0.0;16.6;62.95;3.1;
2022-05-03 22:00:00;0.0;0.0;0.0;15.69;72.45;3.03;
2022-05-03 23:00:00;0.0;0.0;0.0;15.02;75.0;2.48;
2022-05-04 00:00:00;0.0;0.0;0.0;14.29;80.45;2.28;
2022-05-04 01:00:00;0.0;0.0;0.0;13.47;86.3;2.14;
2022-05-04 02:00:00;0.0;0.0;0.0;12.76;89.4;2.14;
2022-05-04 03:00:00;0.0;0.0;0.0;12.13;92.6;2.14;
2022-05-04 04:00:00;0.0;0.0;0.0;11.4;92.55;1.79;
2022-05-04 05:00:00;70.0;195.0;37.0;11.32;92.55;1.59;
2022-05-04 06:00:00;247.0;482.13;81.0;14.27;83.4;1.38;
2022-05-04 07:00:00;0.0;0.0;0.0;16.44;72.65;2.34;
2022-05-04 08:00:00;605.0;728.97;129.0;18.39;61.2;2.9;
2022-05-04 09:00:00;753.0;802.06;139.0;19.97;53.35;2.83;
2022-05-04 10:00:00;845.0;817.34;159.0;21.14;49.95;2.76;
2022-05-04 11:00:00;888.0;816.78;178.0;22.11;45.1;2.62;
2022-05-04 12:00:00;886.0;829.64;178.0;22.85;42.25;2.69;
2022-05-04 13:00:00;726.0;519.73;314.0;23.16;42.25;2.76;
2022-05-04 14:00:00;649.0;555.38;265.0;23.03;43.75;3.03;
2022-05-04 15:00:00;574.0;758.46;152.0;22.11;46.75;2.55;
2022-05-04 16:00:00;345.0;408.24;183.0;21.94;46.75;2.28;
2022-05-04 17:00:00;214.0;536.66;94.0;20.91;46.5;2.55;
2022-05-04 18:00:00;15.0;0.0;15.0;19.34;53.25;2.62;
2022-05-04 19:00:00;0.0;0.0;0.0;18.35;53.0;2.83;
2022-05-04 20:00:00;0.0;0.0;0.0;16.98;60.85;2.62;
2022-05-04 21:00:00;0.0;0.0;0.0;15.72;67.55;2.28;
2022-05-04 22:00:00;0.0;0.0;0.0;14.26;74.95;2.07;
2022-05-04 23:00:00;0.0;0.0;0.0;12.98;83.25;1.66;
2022-05-05 00:00:00;0.0;0.0;0.0;12.67;80.3;1.03;
2022-05-05 01:00:00;0.0;0.0;0.0;12.94;77.45;0.41;
2022-05-05 02:00:00;0.0;0.0;0.0;11.72;77.35;0.9;
2022-05-05 03:00:00;0.0;0.0;0.0;10.2;83.0;1.38;
2022-05-05 04:00:00;0.0;0.0;0.0;9.58;85.95;1.45;
2022-05-05 05:00:00;75.0;213.89;38.0;10.59;80.05;1.03;
2022-05-05 06:00:00;245.0;457.16;86.0;12.94;77.45;0.55;
2022-05-05 07:00:00;428.0;602.89;119.0;15.22;67.45;0.41;
2022-05-05 08:00:00;604.0;714.99;135.0;16.8;60.85;1.17;
2022-05-05 09:00:00;750.0;784.86;147.0;17.9;56.85;1.45;
2022-05-05 10:00:00;850.0;820.77;159.0;18.91;51.25;1.17;
2022-05-05 11:00:00;893.0;820.2;178.0;20.12;46.2;1.03;
2022-05-05 12:00:00;891.0;833.13;178.0;20.98;41.7;1.24;
2022-05-05 13:00:00;825.0;799.84;189.0;21.69;40.35;1.66;
2022-05-05 14:00:00;716.0;768.07;183.0;21.91;37.65;1.86;
2022-05-05 15:00:00;61.0;0.0;61.0;21.85;35.0;1.72;
2022-05-05 16:00:00;40.0;0.0;40.0;19.88;43.0;1.52;
2022-05-05 17:00:00;29.0;0.0;29.0;17.33;60.95;2.34;
2022-05-05 18:00:00;13.0;0.0;13.0;16.11;72.55;2.21;
2022-05-05 19:00:00;0.0;0.0;0.0;15.2;77.8;1.24;
2022-05-05 20:00:00;0.0;0.0;0.0;14.0;89.45;0.97;
2022-05-05 21:00:00;0.0;0.0;0.0;13.94;86.35;0.76;
2022-05-05 22:00:00;0.0;0.0;0.0;13.84;83.35;0.83;
2022-05-05 23:00:00;0.0;0.0;0.0;11.22;86.15;1.52;
2022-05-06 00:00:00;0.0;0.0;0.0;10.12;89.2;1.59;
2022-05-06 01:00:00;0.0;0.0;0.0;9.39;89.15;1.38;
2022-05-06 02:00:00;0.0;0.0;0.0;8.83;85.95;1.52;
2022-05-06 03:00:00;0.0;0.0;0.0;8.43;82.75;1.72;
2022-05-06 04:00:00;0.0;0.0;0.0;8.04;79.7;1.72;
2022-05-06 05:00:00;81.0;237.76;39.0;8.61;76.85;1.66;
2022-05-06 06:00:00;225.0;321.75;112.0;12.41;64.55;1.38;
2022-05-06 07:00:00;300.0;155.14;220.0;16.41;50.6;2.0;
2022-05-06 08:00:00;613.0;725.51;135.0;18.66;39.55;2.41;
2022-05-06 09:00:00;768.0;817.14;138.0;20.37;33.3;2.62;
2022-05-06 10:00:00;870.0;853.85;149.0;21.65;30.0;2.97;
2022-05-06 11:00:00;914.0;860.26;162.0;22.6;27.05;3.24;
2022-05-06 12:00:00;931.0;921.72;140.0;23.33;26.2;3.79;
2022-05-06 13:00:00;794.0;680.83;251.0;23.63;25.2;4.48;
2022-05-06 14:00:00;601.0;399.17;323.0;23.35;24.3;5.1;
2022-05-06 15:00:00;597.0;818.92;137.0;23.01;22.5;5.24;
2022-05-06 16:00:00;314.0;265.8;207.0;22.47;21.55;5.45;
2022-05-06 17:00:00;233.0;635.3;87.0;21.48;23.9;4.97;
2022-05-06 18:00:00;69.0;651.48;33.0;19.9;24.45;4.83;
2022-05-06 19:00:00;0.0;0.0;0.0;18.69;26.0;4.97;
2022-05-06 20:00:00;0.0;0.0;0.0;17.7;26.8;4.83;
2022-05-06 21:00:00;0.0;0.0;0.0;16.83;28.8;4.55;
2022-05-06 22:00:00;0.0;0.0;0.0;16.2;30.85;4.48;
2022-05-06 23:00:00;0.0;0.0;0.0;15.58;31.95;4.28;
2022-05-07 00:00:00;0.0;0.0;0.0;14.9;33.05;4.0;
2022-05-07 01:00:00;0.0;0.0;0.0;14.1;35.45;3.52;
2022-05-07 02:00:00;0.0;0.0;0.0;13.28;38.15;3.03;
2022-05-07 03:00:00;0.0;0.0;0.0;12.42;39.5;2.62;
2022-05-07 04:00:00;0.0;0.0;0.0;11.21;51.35;2.28;
2022-05-07 05:00:00;79.0;205.3;42.0;10.52;61.75;2.07;
2022-05-07 06:00:00;250.0;445.67;92.0;13.52;53.7;1.86;
2022-05-07 07:00:00;442.0;628.46;116.0;16.66;37.55;2.41;
2022-05-07 08:00:00;617.0;728.46;135.0;18.39;31.55;2.0;
2022-05-07 09:00:00;772.0;819.56;138.0;19.91;26.4;2.07;
2022-05-07 10:00:00;864.0;832.48;159.0;21.02;24.7;2.41;
2022-05-07 11:00:00;912.0;847.68;169.0;21.78;24.05;2.76;
2022-05-07 12:00:00;910.0;859.97;170.0;22.27;24.15;3.1;
2022-05-07 13:00:00;847.0;842.59;173.0;22.65;25.1;3.38;
2022-05-07 14:00:00;745.0;842.76;156.0;22.86;25.2;3.66;
2022-05-07 15:00:00;600.0;820.45;137.0;22.84;26.2;3.93;
2022-05-07 16:00:00;323.0;288.62;206.0;22.48;29.2;3.86;
2022-05-07 17:00:00;237.0;652.72;85.0;21.79;31.3;3.45;
2022-05-07 18:00:00;67.0;529.23;36.0;20.46;34.55;2.83;
2022-05-07 19:00:00;0.0;0.0;0.0;18.64;39.55;2.76;
2022-05-07 20:00:00;0.0;0.0;0.0;17.01;43.8;2.48;
2022-05-07 21:00:00;0.0;0.0;0.0;15.3;52.25;2.14;
2022-05-07 22:00:00;0.0;0.0;0.0;13.83;62.45;1.93;
2022-05-07 23:00:00;0.0;0.0;0.0;12.68;66.95;2.0;
2022-05-08 00:00:00;0.0;0.0;0.0;11.94;69.35;1.86;
2022-05-08 01:00:00;0.0;0.0;0.0;11.12;71.75;1.79;
2022-05-08 02:00:00;0.0;0.0;0.0;10.35;74.4;1.79;
2022-05-08 03:00:00;0.0;0.0;0.0;9.68;74.3;2.0;
2022-05-08 04:00:00;0.0;0.0;0.0;9.71;74.3;2.14;
2022-05-08 05:00:00;84.0;228.62;42.0;10.62;69.1;2.28;
2022-05-08 06:00:00;256.0;461.22;91.0;13.83;51.9;2.55;
2022-05-08 07:00:00;440.0;603.79;125.0;17.08;36.3;4.07;
2022-05-08 08:00:00;623.0;732.99;136.0;18.17;21.25;5.79;
2022-05-08 09:00:00;769.0;802.71;146.0;18.56;18.25;6.0;
2022-05-08 10:00:00;865.0;823.08;166.0;19.33;17.05;5.72;
2022-05-08 11:00:00;907.0;819.3;187.0;20.0;17.15;5.24;
2022-05-08 12:00:00;905.0;832.22;187.0;20.63;17.25;4.55;
2022-05-08 13:00:00;858.0;863.86;165.0;21.22;17.4;3.79;
2022-05-08 14:00:00;754.0;861.25;150.0;21.49;17.5;3.24;
2022-05-08 15:00:00;608.0;836.13;134.0;21.52;18.2;2.97;
2022-05-08 16:00:00;327.0;291.55;208.0;21.22;18.8;2.97;
2022-05-08 17:00:00;243.0;669.78;85.0;20.43;19.45;2.83;
2022-05-08 18:00:00;72.0;565.79;37.0;18.64;25.05;2.14;
2022-05-08 19:00:00;0.0;0.0;0.0;17.18;31.15;1.24;
2022-05-08 20:00:00;0.0;0.0;0.0;17.53;19.5;0.83;
2022-05-08 21:00:00;0.0;0.0;0.0;13.27;39.65;2.28;
2022-05-08 22:00:00;0.0;0.0;0.0;13.27;51.75;3.52;
2022-05-08 23:00:00;0.0;0.0;0.0;12.78;66.95;3.45;
2022-05-09 00:00:00;0.0;0.0;0.0;12.44;72.05;3.31;
2022-05-09 01:00:00;0.0;0.0;0.0;12.21;72.05;3.17;
2022-05-09 02:00:00;0.0;0.0;0.0;12.02;71.95;2.9;
2022-05-09 03:00:00;0.0;0.0;0.0;11.93;69.35;2.55;
2022-05-09 04:00:00;0.0;0.0;0.0;12.0;69.35;2.34;
2022-05-09 05:00:00;44.0;16.03;41.0;11.97;71.95;1.93;
2022-05-09 06:00:00;104.0;5.54;102.0;12.94;69.45;2.48;
2022-05-09 07:00:00;130.0;0.0;130.0;13.55;69.55;2.28;
2022-05-09 08:00:00;445.0;221.87;297.0;14.27;64.85;2.21;
2022-05-09 09:00:00;712.0;631.92;220.0;15.11;62.65;2.0;
2022-05-09 10:00:00;827.0;719.85;214.0;16.22;56.5;0.0;
2022-05-09 11:00:00;887.0;774.1;205.0;17.31;52.75;0.0;
2022-05-09 12:00:00;895.0;817.37;188.0;18.28;49.3;2.21;
2022-05-09 13:00:00;775.0;620.28;276.0;19.03;45.95;2.0;
2022-05-09 14:00:00;606.0;405.02;321.0;19.13;42.7;1.86;
2022-05-09 15:00:00;486.0;388.1;265.0;19.51;41.3;2.0;
2022-05-09 16:00:00;331.0;306.64;205.0;19.04;42.7;2.34;
2022-05-09 17:00:00;234.0;590.22;93.0;18.32;47.55;3.17;
2022-05-09 18:00:00;73.0;537.53;38.0;17.09;54.6;3.45;
2022-05-09 19:00:00;0.0;0.0;0.0;15.51;56.25;3.79;
2022-05-09 20:00:00;0.0;0.0;0.0;14.32;64.85;4.07;
2022-05-09 21:00:00;0.0;0.0;0.0;13.46;69.55;4.21;
2022-05-09 22:00:00;0.0;0.0;0.0;12.89;69.45;4.14;
2022-05-09 23:00:00;0.0;0.0;0.0;12.37;66.95;3.86;
2022-05-10 00:00:00;0.0;0.0;0.0;11.84;66.85;3.66;
2022-05-10 01:00:00;0.0;0.0;0.0;11.5;69.25;3.31;
2022-05-10 02:00:00;0.0;0.0;0.0;11.33;69.25;2.97;
2022-05-10 03:00:00;0.0;0.0;0.0;10.96;71.75;2.97;
2022-05-10 04:00:00;0.0;0.0;0.0;11.0;71.75;2.83;
2022-05-10 05:00:00;8.0;0.0;8.0;11.17;69.25;2.9;
2022-05-10 06:00:00;25.0;0.0;25.0;11.46;69.25;3.03;
2022-05-10 07:00:00;52.0;0.0;52.0;11.92;71.95;2.41;
2022-05-10 08:00:00;81.0;0.0;81.0;12.08;74.6;2.34;
2022-05-10 09:00:00;150.0;0.0;150.0;13.04;72.05;2.76;
2022-05-10 10:00:00;240.0;0.0;240.0;13.52;72.1;2.62;
2022-05-10 11:00:00;254.0;0.0;254.0;13.98;69.65;2.21;
2022-05-10 12:00:00;103.0;0.0;103.0;14.38;67.25;2.07;
2022-05-10 13:00:00;151.0;0.0;151.0;14.98;64.95;1.72;
2022-05-10 14:00:00;216.0;0.0;216.0;15.51;62.75;1.24;
2022-05-10 15:00:00;219.0;5.25;216.0;15.88;58.45;0.97;
2022-05-10 16:00:00;164.0;7.25;161.0;16.1;58.45;1.1;
2022-05-10 17:00:00;152.0;111.64;125.0;16.17;58.45;1.17;
2022-05-10 18:00:00;22.0;0.0;22.0;16.01;58.45;1.1;
2022-05-10 19:00:00;0.0;0.0;0.0;14.64;64.85;1.38;
2022-05-10 20:00:00;0.0;0.0;0.0;13.12;77.45;1.31;
2022-05-10 21:00:00;0.0;0.0;0.0;12.94;72.05;0.97;
2022-05-10 22:00:00;0.0;0.0;0.0;13.37;67.05;0.62;
2022-05-10 23:00:00;0.0;0.0;0.0;13.12;69.45;0.69;
2022-05-11 00:00:00;0.0;0.0;0.0;11.68;71.95;1.1;
2022-05-11 01:00:00;0.0;0.0;0.0;11.27;74.55;1.03;
2022-05-11 02:00:00;0.0;0.0;0.0;10.74;77.2;1.1;
2022-05-11 03:00:00;0.0;0.0;0.0;10.66;77.2;1.03;
2022-05-11 04:00:00;0.0;0.0;0.0;10.28;80.05;1.17;
2022-05-11 05:00:00;57.0;36.15;50.0;10.8;83.05;0.97;
2022-05-11 06:00:00;96.0;2.73;95.0;12.62;74.7;1.1;
2022-05-11 07:00:00;205.0;20.75;194.0;14.6;69.75;0.97;
2022-05-11 08:00:00;278.0;22.32;263.0;15.91;60.65;1.66;
2022-05-11 09:00:00;702.0;592.38;238.0;17.11;58.7;2.07;
2022-05-11 10:00:00;732.0;463.79;335.0;17.93;56.85;2.41;
2022-05-11 11:00:00;728.0;377.27;394.0;18.85;55.05;2.9;
2022-05-11 12:00:00;809.0;568.32;315.0;19.02;55.05;3.31;
2022-05-11 13:00:00;790.0;657.72;258.0;19.35;51.4;3.38;
2022-05-11 14:00:00;704.0;683.33;220.0;19.57;49.55;3.72;
2022-05-11 15:00:00;546.0;579.73;213.0;18.74;49.45;3.86;
2022-05-11 16:00:00;270.0;129.71;216.0;18.08;52.9;4.07;
2022-05-11 17:00:00;219.0;437.12;112.0;17.59;52.75;4.0;
2022-05-11 18:00:00;50.0;97.89;43.0;16.85;50.75;3.52;
2022-05-11 19:00:00;0.0;0.0;0.0;15.93;52.4;3.17;
2022-05-11 20:00:00;0.0;0.0;0.0;15.13;54.1;3.1;
2022-05-11 21:00:00;0.0;0.0;0.0;14.57;56.0;3.38;
2022-05-11 22:00:00;0.0;0.0;0.0;14.11;60.2;3.38;
2022-05-11 23:00:00;0.0;0.0;0.0;13.49;64.65;2.97;
2022-05-12 00:00:00;0.0;0.0;0.0;12.76;66.95;2.41;
2022-05-12 01:00:00;0.0;0.0;0.0;12.03;71.95;2.07;
2022-05-12 02:00:00;0.0;0.0;0.0;11.25;74.55;1.86;
2022-05-12 03:00:00;0.0;0.0;0.0;10.07;82.95;1.72;
2022-05-12 04:00:00;0.0;0.0;0.0;9.22;85.95;1.52;
2022-05-12 05:00:00;27.0;0.0;27.0;9.97;82.95;1.03;
2022-05-12 06:00:00;127.0;21.64;119.0;12.66;72.05;0.76;
2022-05-12 07:00:00;439.0;570.64;135.0;14.79;54.1;3.31;
2022-05-12 08:00:00;610.0;673.06;156.0;15.62;50.35;3.79;
2022-05-12 09:00:00;722.0;644.17;216.0;16.57;45.3;3.52;
2022-05-12 10:00:00;841.0;748.16;199.0;17.75;39.4;3.17;
2022-05-12 11:00:00;907.0;820.41;179.0;18.64;36.7;2.97;
2022-05-12 12:00:00;884.0;770.13;213.0;19.52;34.3;2.97;
2022-05-12 13:00:00;834.0;784.24;198.0;20.1;31.95;3.1;
2022-05-12 14:00:00;726.0;752.94;191.0;20.14;31.95;3.24;
2022-05-12 15:00:00;579.0;695.17;178.0;19.89;33.15;3.24;
2022-05-12 16:00:00;321.0;255.39;214.0;19.49;34.3;3.17;
2022-05-12 17:00:00;217.0;403.75;117.0;18.94;34.15;3.24;
2022-05-12 18:00:00;59.0;174.13;46.0;18.02;36.55;2.76;
2022-05-12 19:00:00;0.0;0.0;0.0;16.37;40.5;2.28;
2022-05-12 20:00:00;0.0;0.0;0.0;15.12;46.6;2.28;
2022-05-12 21:00:00;0.0;0.0;0.0;13.92;53.85;2.07;
2022-05-12 22:00:00;0.0;0.0;0.0;12.75;57.75;2.0;
2022-05-12 23:00:00;0.0;0.0;0.0;11.91;59.85;1.93;
2022-05-13 00:00:00;0.0;0.0;0.0;11.11;64.25;1.79;
2022-05-13 01:00:00;0.0;0.0;0.0;10.75;64.25;1.52;
2022-05-13 02:00:00;0.0;0.0;0.0;9.91;69.0;1.66;
2022-05-13 03:00:00;0.0;0.0;0.0;8.51;74.05;1.93;
2022-05-13 04:00:00;0.0;0.0;0.0;7.94;79.7;1.79;
2022-05-13 05:00:00;63.0;50.06;53.0;9.56;71.5;1.1;
2022-05-13 06:00:00;206.0;182.53;138.0;12.77;69.45;0.48;
2022-05-13 07:00:00;188.0;11.21;182.0;15.29;52.25;1.66;
2022-05-13 08:00:00;424.0;172.86;307.0;16.47;48.8;2.07;
2022-05-13 09:00:00;526.0;195.51;372.0;17.84;42.45;2.14;
2022-05-13 10:00:00;459.0;62.78;405.0;19.12;39.65;2.0;
2022-05-13 11:00:00;510.0;83.21;436.0;20.19;35.75;1.72;
2022-05-13 12:00:00;903.0;827.91;180.0;21.0;33.45;1.66;
2022-05-13 13:00:00;852.0;842.5;167.0;21.73;32.35;1.93;
2022-05-13 14:00:00;750.0;838.99;152.0;21.95;31.3;2.34;
2022-05-13 15:00:00;356.0;101.86;297.0;21.97;31.3;2.69;
2022-05-13 16:00:00;200.0;26.09;189.0;21.56;32.35;3.24;
2022-05-13 17:00:00;218.0;399.15;118.0;20.79;33.45;3.66;
2022-05-13 18:00:00;50.0;77.16;44.0;19.66;36.95;3.38;
2022-05-13 19:00:00;0.0;0.0;0.0;17.63;39.25;2.41;
2022-05-13 20:00:00;0.0;0.0;0.0;16.37;43.65;2.14;
2022-05-13 21:00:00;0.0;0.0;0.0;14.92;52.15;1.86;
2022-05-13 22:00:00;0.0;0.0;0.0;14.02;55.9;1.79;
2022-05-13 23:00:00;0.0;0.0;0.0;13.47;57.9;1.86;
2022-05-14 00:00:00;0.0;0.0;0.0;13.13;57.75;2.0;
2022-05-14 01:00:00;0.0;0.0;0.0;13.1;57.75;2.07;
2022-05-14 02:00:00;0.0;0.0;0.0;13.08;57.75;1.93;
2022-05-14 03:00:00;0.0;0.0;0.0;12.82;57.75;1.86;
2022-05-14 04:00:00;0.0;0.0;0.0;12.59;59.95;1.86;
2022-05-14 05:00:00;11.0;0.0;11.0;13.12;64.55;1.86;
2022-05-14 06:00:00;24.0;0.0;24.0;14.57;56.0;1.86;
2022-05-14 07:00:00;135.0;0.0;135.0;15.84;50.5;2.34;
2022-05-14 08:00:00;460.0;242.96;295.0;16.82;45.45;2.83;
2022-05-14 09:00:00;135.0;0.0;135.0;17.34;45.55;2.97;
2022-05-14 10:00:00;129.0;0.0;129.0;17.76;45.7;2.83;
2022-05-14 11:00:00;82.0;0.0;82.0;18.22;47.4;2.69;
2022-05-14 12:00:00;81.0;0.0;81.0;18.79;47.65;2.55;
2022-05-14 13:00:00;152.0;0.0;152.0;19.68;47.8;2.48;
2022-05-14 14:00:00;225.0;0.0;225.0;19.75;47.9;2.14;
2022-05-14 15:00:00;181.0;0.0;181.0;19.95;49.7;1.31;
2022-05-14 16:00:00;44.0;0.0;44.0;19.78;47.9;1.24;
2022-05-14 17:00:00;67.0;0.0;67.0;19.23;53.15;1.59;
2022-05-14 18:00:00;35.0;12.37;34.0;18.24;56.95;1.86;
2022-05-14 19:00:00;0.0;0.0;0.0;15.41;69.9;0.69;
2022-05-14 20:00:00;0.0;0.0;0.0;14.46;80.45;0.9;
2022-05-14 21:00:00;0.0;0.0;0.0;13.48;80.35;1.03;
2022-05-14 22:00:00;0.0;0.0;0.0;12.22;83.25;0.0;
2022-05-14 23:00:00;0.0;0.0;0.0;11.03;89.3;0.0;
2022-05-15 00:00:00;0.0;0.0;0.0;10.13;92.5;0.9;
2022-05-15 01:00:00;0.0;0.0;0.0;9.82;92.5;0.69;
2022-05-15 02:00:00;0.0;0.0;0.0;9.68;89.2;0.62;
2022-05-15 03:00:00;0.0;0.0;0.0;9.3;92.45;0.69;
2022-05-15 04:00:00;0.0;0.0;0.0;9.34;92.45;0.69;
2022-05-15 05:00:00;82.0;116.76;58.0;10.27;86.05;0.62;
2022-05-15 06:00:00;240.0;307.02;124.0;12.7;77.45;0.62;
2022-05-15 07:00:00;408.0;422.15;180.0;15.57;72.45;0.97;
2022-05-15 08:00:00;617.0;682.54;152.0;17.42;63.2;1.03;
2022-05-15 09:00:00;757.0;745.16;167.0;19.09;55.05;1.1;
2022-05-15 10:00:00;858.0;788.16;177.0;20.6;48.05;1.17;
2022-05-15 11:00:00;909.0;815.09;181.0;22.03;41.95;1.24;
2022-05-15 12:00:00;916.0;857.34;164.0;22.77;37.75;1.45;
2022-05-15 13:00:00;850.0;826.12;175.0;23.57;35.25;1.72;
2022-05-15 14:00:00;722.0;722.4;204.0;23.75;34.0;1.86;
2022-05-15 15:00:00;566.0;626.81;200.0;24.0;31.7;2.0;
2022-05-15 16:00:00;437.0;740.57;121.0;23.48;34.0;2.21;
2022-05-15 17:00:00;183.0;191.3;134.0;22.91;34.0;2.55;
2022-05-15 18:00:00;81.0;393.53;48.0;21.79;39.05;2.34;
2022-05-15 19:00:00;0.0;0.0;0.0;19.13;49.45;2.14;
2022-05-15 20:00:00;0.0;0.0;0.0;17.29;58.8;1.93;
2022-05-15 21:00:00;0.0;0.0;0.0;15.8;72.55;1.59;
2022-05-15 22:00:00;0.0;0.0;0.0;15.09;77.75;1.24;
2022-05-15 23:00:00;0.0;0.0;0.0;14.52;80.45;1.1;
2022-05-16 00:00:00;0.0;0.0;0.0;14.58;77.65;0.9;
2022-05-16 01:00:00;0.0;0.0;0.0;14.47;77.65;0.83;
2022-05-16 02:00:00;0.0;0.0;0.0;14.4;77.65;0.62;
2022-05-16 03:00:00;0.0;0.0;0.0;14.04;80.4;0.55;
2022-05-16 04:00:00;0.0;0.0;0.0;13.81;80.4;0.62;
2022-05-16 05:00:00;26.0;0.0;26.0;13.22;86.3;0.9;
2022-05-16 06:00:00;111.0;7.89;108.0;14.67;80.45;1.72;
2022-05-16 07:00:00;173.0;5.53;170.0;15.11;83.45;1.52;
2022-05-16 08:00:00;143.0;0.0;143.0;15.43;80.6;2.0;
2022-05-16 09:00:00;319.0;13.86;308.0;16.38;75.25;2.14;
2022-05-16 10:00:00;251.0;0.0;251.0;17.33;72.8;2.41;
2022-05-16 11:00:00;335.0;5.59;330.0;18.23;65.65;2.69;
2022-05-16 12:00:00;468.0;55.75;419.0;19.11;61.3;2.76;
2022-05-16 13:00:00;225.0;0.0;225.0;19.42;55.2;2.62;
2022-05-16 14:00:00;141.0;0.0;141.0;19.83;49.7;2.34;
2022-05-16 15:00:00;266.0;20.47;254.0;19.41;51.4;1.79;
2022-05-16 16:00:00;71.0;0.0;71.0;18.83;53.15;0.55;
2022-05-16 17:00:00;177.0;162.24;135.0;18.11;56.85;0.76;
2022-05-16 18:00:00;13.0;0.0;13.0;16.98;60.85;1.45;
2022-05-16 19:00:00;0.0;0.0;0.0;16.35;65.25;1.24;
2022-05-16 20:00:00;0.0;0.0;0.0;16.28;60.75;0.34;
2022-05-16 21:00:00;0.0;0.0;0.0;15.5;69.9;0.69;
2022-05-16 22:00:00;0.0;0.0;0.0;13.99;83.35;0.97;
2022-05-16 23:00:00;0.0;0.0;0.0;13.69;86.35;1.03;
2022-05-17 00:00:00;0.0;0.0;0.0;13.38;86.3;1.17;
2022-05-17 01:00:00;0.0;0.0;0.0;13.47;86.3;0.69;
2022-05-17 02:00:00;0.0;0.0;0.0;13.89;80.4;0.41;
2022-05-17 03:00:00;0.0;0.0;0.0;13.84;77.6;0.62;
2022-05-17 04:00:00;0.0;0.0;0.0;13.36;80.35;0.76;
2022-05-17 05:00:00;19.0;0.0;19.0;13.88;80.4;0.28;
2022-05-17 06:00:00;74.0;0.0;74.0;14.7;77.75;0.9;
2022-05-17 07:00:00;163.0;3.67;161.0;15.32;75.1;0.62;
2022-05-17 08:00:00;424.0;166.33;310.0;15.7;77.8;0.41;
2022-05-17 09:00:00;614.0;349.43;336.0;16.85;70.2;0.34;
2022-05-17 10:00:00;565.0;162.5;424.0;18.14;65.55;0.34;
2022-05-17 11:00:00;584.0;151.66;448.0;19.28;57.2;0.69;
2022-05-17 12:00:00;860.0;691.43;251.0;20.21;51.5;1.24;
2022-05-17 13:00:00;451.0;62.13;400.0;20.74;46.35;1.17;
2022-05-17 14:00:00;128.0;0.0;128.0;20.73;44.7;1.59;
2022-05-17 15:00:00;55.0;0.0;55.0;18.7;59.05;2.34;
2022-05-17 16:00:00;39.0;0.0;39.0;17.43;70.3;1.79;
2022-05-17 17:00:00;23.0;0.0;23.0;16.45;77.95;0.62;
2022-05-17 18:00:00;8.0;0.0;8.0;15.6;89.55;1.52;
2022-05-17 19:00:00;0.0;0.0;0.0;14.77;83.45;2.0;
2022-05-17 20:00:00;0.0;0.0;0.0;13.97;86.35;2.34;
2022-05-17 21:00:00;0.0;0.0;0.0;13.4;89.4;2.14;
2022-05-17 22:00:00;0.0;0.0;0.0;13.26;89.4;2.21;
2022-05-17 23:00:00;0.0;0.0;0.0;13.26;89.4;2.69;
2022-05-18 00:00:00;0.0;0.0;0.0;13.17;89.4;2.97;
2022-05-18 01:00:00;0.0;0.0;0.0;13.04;89.4;2.97;
2022-05-18 02:00:00;0.0;0.0;0.0;12.83;86.25;2.48;
2022-05-18 03:00:00;0.0;0.0;0.0;12.58;86.25;2.21;
2022-05-18 04:00:00;0.0;0.0;0.0;12.38;83.25;2.48;
2022-05-18 05:00:00;10.0;0.0;10.0;12.11;86.2;2.83;
2022-05-18 06:00:00;41.0;0.0;41.0;12.18;83.25;2.69;
2022-05-18 07:00:00;130.0;0.0;130.0;12.99;89.4;1.31;
2022-05-18 08:00:00;302.0;32.01;280.0;13.62;86.3;1.31;
2022-05-18 09:00:00;322.0;15.05;310.0;14.08;83.35;1.72;
2022-05-18 10:00:00;524.0;116.17;423.0;15.13;75.0;2.14;
2022-05-18 11:00:00;434.0;34.5;403.0;15.76;70.0;2.0;
2022-05-18 12:00:00;252.0;0.0;252.0;16.57;67.65;1.45;
2022-05-18 13:00:00;478.0;82.65;410.0;16.83;67.75;1.38;
2022-05-18 14:00:00;556.0;273.78;358.0;17.84;63.3;1.52;
2022-05-18 15:00:00;505.0;408.04;264.0;18.86;57.1;1.24;
2022-05-18 16:00:00;306.0;191.2;223.0;19.73;51.4;0.9;
2022-05-18 17:00:00;253.0;578.99;100.0;19.88;47.9;0.97;
2022-05-18 18:00:00;95.0;517.92;47.0;18.42;68.05;0.83;
2022-05-18 19:00:00;0.0;0.0;0.0;16.53;67.65;0.76;
2022-05-18 20:00:00;0.0;0.0;0.0;14.21;72.3;1.52;
2022-05-18 21:00:00;0.0;0.0;0.0;12.4;72.05;2.21;
2022-05-18 22:00:00;0.0;0.0;0.0;11.42;66.75;2.41;
2022-05-18 23:00:00;0.0;0.0;0.0;10.63;66.55;2.34;
2022-05-19 00:00:00;0.0;0.0;0.0;9.89;69.0;2.28;
2022-05-19 01:00:00;0.0;0.0;0.0;9.26;68.9;2.21;
2022-05-19 02:00:00;0.0;0.0;0.0;8.81;71.4;2.07;
2022-05-19 03:00:00;0.0;0.0;0.0;8.88;68.8;1.66;
2022-05-19 04:00:00;0.0;0.0;0.0;10.0;64.0;1.03;
2022-05-19 05:00:00;110.0;250.05;56.0;10.88;61.85;0.69;
2022-05-19 06:00:00;284.0;480.25;98.0;12.64;64.55;0.62;
2022-05-19 07:00:00;470.0;632.4;123.0;16.26;62.95;0.9;
2022-05-19 08:00:00;658.0;774.86;124.0;18.14;58.9;0.48;
2022-05-19 09:00:00;804.0;843.44;130.0;19.56;51.4;0.21;
2022-05-19 10:00:00;904.0;878.25;139.0;20.8;44.85;0.83;
2022-05-19 11:00:00;947.0;883.25;152.0;21.58;40.35;1.24;
2022-05-19 12:00:00;954.0;920.58;140.0;22.13;37.65;1.52;
2022-05-19 13:00:00;887.0;893.8;150.0;22.59;36.4;1.79;
2022-05-19 14:00:00;784.0;889.45;139.0;22.8;35.25;2.07;
2022-05-19 15:00:00;626.0;819.84;140.0;22.81;35.25;2.41;
2022-05-19 16:00:00;327.0;231.4;226.0;22.49;36.4;2.41;
2022-05-19 17:00:00;250.0;513.35;113.0;21.83;41.95;1.93;
2022-05-19 18:00:00;103.0;586.2;47.0;20.21;55.3;1.66;
2022-05-19 19:00:00;0.0;0.0;0.0;18.52;56.95;1.1;
2022-05-19 20:00:00;0.0;0.0;0.0;16.83;58.7;1.24;
2022-05-19 21:00:00;0.0;0.0;0.0;15.04;67.35;1.52;
2022-05-19 22:00:00;0.0;0.0;0.0;13.37;72.1;1.72;
2022-05-19 23:00:00;0.0;0.0;0.0;12.12;77.35;1.93;
2022-05-20 00:00:00;0.0;0.0;0.0;11.3;77.3;2.0;
2022-05-20 01:00:00;0.0;0.0;0.0;10.81;80.1;2.0;
2022-05-20 02:00:00;0.0;0.0;0.0;10.36;83.0;2.0;
2022-05-20 03:00:00;0.0;0.0;0.0;9.96;86.0;1.93;
2022-05-20 04:00:00;0.0;0.0;0.0;9.72;82.95;1.79;
2022-05-20 05:00:00;98.0;160.32;63.0;10.81;83.05;1.45;
2022-05-20 06:00:00;269.0;400.58;113.0;14.41;74.95;1.59;
2022-05-20 07:00:00;467.0;626.55;122.0;16.65;70.1;0.97;
2022-05-20 08:00:00;643.0;738.13;133.0;18.09;65.55;1.17;
2022-05-20 09:00:00;786.0;805.48;141.0;19.36;59.25;1.24;
2022-05-20 10:00:00;884.0;838.83;152.0;20.5;55.45;1.1;
2022-05-20 11:00:00;935.0;867.28;153.0;21.43;53.75;1.03;
2022-05-20 12:00:00;933.0;879.35;154.0;22.29;48.55;1.03;
2022-05-20 13:00:00;867.0;854.38;161.0;22.92;47.0;0.97;
2022-05-20 14:00:00;775.0;871.97;141.0;23.23;45.35;1.03;
2022-05-20 15:00:00;629.0;835.4;132.0;23.44;45.35;1.17;
2022-05-20 16:00:00;338.0;266.62;221.0;23.3;45.35;1.1;
2022-05-20 17:00:00;262.0;601.22;100.0;22.97;47.0;1.1;
2022-05-20 18:00:00;97.0;467.79;51.0;21.34;71.0;0.83;
2022-05-20 19:00:00;0.0;0.0;0.0;18.93;68.1;1.52;
2022-05-20 20:00:00;0.0;0.0;0.0;17.01;75.3;1.52;
2022-05-20 21:00:00;0.0;0.0;0.0;16.55;75.25;1.24;
2022-05-20 22:00:00;0.0;0.0;0.0;16.66;72.65;0.97;
2022-05-20 23:00:00;0.0;0.0;0.0;15.92;75.15;0.83;
2022-05-21 00:00:00;0.0;0.0;0.0;14.86;80.55;0.83;
2022-05-21 01:00:00;0.0;0.0;0.0;13.67;86.3;1.03;
2022-05-21 02:00:00;0.0;0.0;0.0;12.94;89.4;1.1;
2022-05-21 03:00:00;0.0;0.0;0.0;12.77;89.4;0.9;
2022-05-21 04:00:00;0.0;0.0;0.0;12.61;89.4;0.76;
2022-05-21 05:00:00;48.0;4.53;47.0;13.35;89.4;0.41;
2022-05-21 06:00:00;246.0;291.2;132.0;15.88;83.55;0.07;
2022-05-21 07:00:00;419.0;436.21;178.0;17.93;72.9;0.14;
2022-05-21 08:00:00;584.0;545.75;206.0;19.33;68.2;0.21;
2022-05-21 09:00:00;737.0;666.79;202.0;20.55;63.8;0.34;
2022-05-21 10:00:00;816.0;654.33;244.0;21.73;59.7;0.69;
2022-05-21 11:00:00;858.0;663.19;259.0;22.58;55.9;1.03;
2022-05-21 12:00:00;632.0;214.09;442.0;23.58;54.1;1.45;
2022-05-21 13:00:00;672.0;346.6;385.0;23.91;50.55;1.38;
2022-05-21 14:00:00;635.0;445.83;310.0;23.97;50.55;1.31;
2022-05-21 15:00:00;486.0;341.71;282.0;24.26;50.55;1.31;
2022-05-21 16:00:00;272.0;108.81;224.0;24.0;50.55;0.83;
2022-05-21 17:00:00;170.0;113.97;139.0;23.74;54.1;0.34;
2022-05-21 18:00:00;49.0;29.68;46.0;22.45;71.15;0.55;
2022-05-21 19:00:00;0.0;0.0;0.0;20.66;70.8;1.03;
2022-05-21 20:00:00;0.0;0.0;0.0;19.19;73.05;1.45;
2022-05-21 21:00:00;0.0;0.0;0.0;18.0;75.45;1.79;
2022-05-21 22:00:00;0.0;0.0;0.0;17.37;75.4;1.79;
2022-05-21 23:00:00;0.0;0.0;0.0;16.64;80.75;1.59;
2022-05-22 00:00:00;0.0;0.0;0.0;16.19;80.65;1.17;
2022-05-22 01:00:00;0.0;0.0;0.0;16.3;75.25;0.9;
2022-05-22 02:00:00;0.0;0.0;0.0;15.85;77.85;0.9;
2022-05-22 03:00:00;0.0;0.0;0.0;15.61;77.8;0.83;
2022-05-22 04:00:00;0.0;0.0;0.0;15.42;77.8;0.62;
2022-05-22 05:00:00;10.0;0.0;10.0;15.69;80.6;0.34;
2022-05-22 06:00:00;50.0;0.0;50.0;16.89;75.3;0.34;
2022-05-22 07:00:00;102.0;0.0;102.0;18.17;72.9;0.69;
2022-05-22 08:00:00;224.0;2.88;222.0;19.36;59.25;0.76;
2022-05-22 09:00:00;753.0;717.79;176.0;20.48;51.65;0.48;
2022-05-22 10:00:00;865.0;801.7;163.0;21.32;46.6;0.69;
2022-05-22 11:00:00;906.0;799.17;183.0;22.14;45.1;1.1;
2022-05-22 12:00:00;913.0;841.37;165.0;22.86;43.75;1.17;
2022-05-22 13:00:00;825.0;733.98;216.0;23.65;43.75;1.52;
2022-05-22 14:00:00;755.0;821.0;155.0;24.0;42.35;1.38;
2022-05-22 15:00:00;640.0;874.72;116.0;24.06;42.35;1.24;
2022-05-22 16:00:00;199.0;20.3;190.0;23.95;43.9;0.9;
2022-05-22 17:00:00;103.0;7.29;101.0;23.31;54.1;0.83;
2022-05-22 18:00:00;64.0;86.71;55.0;22.02;61.95;1.1;
2022-05-22 19:00:00;0.0;0.0;0.0;20.14;65.95;1.31;
2022-05-22 20:00:00;0.0;0.0;0.0;18.93;63.5;1.93;
2022-05-22 21:00:00;0.0;0.0;0.0;18.05;61.05;2.34;
2022-05-22 22:00:00;0.0;0.0;0.0;17.0;67.75;1.86;
2022-05-22 23:00:00;0.0;0.0;0.0;16.12;72.55;1.52;
2022-05-23 00:00:00;0.0;0.0;0.0;15.53;72.45;1.24;
2022-05-23 01:00:00;0.0;0.0;0.0;14.86;75.0;1.1;
2022-05-23 02:00:00;0.0;0.0;0.0;14.32;77.65;1.17;
2022-05-23 03:00:00;0.0;0.0;0.0;14.53;74.95;0.97;
2022-05-23 04:00:00;0.0;0.0;0.0;14.93;72.4;0.62;
2022-05-23 05:00:00;84.0;80.06;66.0;15.22;69.9;0.21;
2022-05-23 06:00:00;26.0;0.0;26.0;16.13;75.15;0.14;
2022-05-23 07:00:00;112.0;0.0;112.0;17.78;72.9;0.21;
2022-05-23 08:00:00;225.0;2.87;223.0;18.27;70.45;0.55;
2022-05-23 09:00:00;112.0;0.0;112.0;18.46;72.95;0.97;
2022-05-23 10:00:00;86.0;0.0;86.0;18.83;70.55;0.34;
2022-05-23 11:00:00;113.0;0.0;113.0;18.55;75.55;0.76;
2022-05-23 12:00:00;82.0;0.0;82.0;17.91;78.15;1.66;
2022-05-23 13:00:00;77.0;0.0;77.0;17.42;80.85;2.41;
2022-05-23 14:00:00;68.0;0.0;68.0;17.32;80.85;2.14;
2022-05-23 15:00:00;403.0;158.06;308.0;17.88;75.45;2.0;
2022-05-23 16:00:00;224.0;40.39;206.0;18.25;70.45;1.79;
2022-05-23 17:00:00;253.0;505.55;113.0;18.22;70.35;1.1;
2022-05-23 18:00:00;67.0;93.94;57.0;17.81;72.9;0.76;
2022-05-23 19:00:00;0.0;0.0;0.0;16.85;70.2;1.66;
2022-05-23 20:00:00;0.0;0.0;0.0;15.26;75.1;1.72;
2022-05-23 21:00:00;0.0;0.0;0.0;13.75;80.4;1.72;
2022-05-23 22:00:00;0.0;0.0;0.0;12.56;83.25;1.59;
2022-05-23 23:00:00;0.0;0.0;0.0;11.75;83.15;1.59;
2022-05-24 00:00:00;0.0;0.0;0.0;11.03;83.05;1.72;
2022-05-24 01:00:00;0.0;0.0;0.0;10.56;80.05;1.79;
2022-05-24 02:00:00;0.0;0.0;0.0;10.08;77.1;1.86;
2022-05-24 03:00:00;0.0;0.0;0.0;9.69;74.3;1.86;
2022-05-24 04:00:00;0.0;0.0;0.0;9.53;74.2;1.72;
2022-05-24 05:00:00;122.0;290.98;56.0;10.72;71.75;1.38;
2022-05-24 06:00:00;260.0;322.35;132.0;14.17;64.75;1.17;
2022-05-24 07:00:00;470.0;606.23;132.0;16.84;54.6;1.1;
2022-05-24 08:00:00;585.0;516.32;225.0;18.93;47.65;0.62;
2022-05-24 09:00:00;814.0;857.84;122.0;20.53;44.7;0.28;
2022-05-24 10:00:00;904.0;869.78;140.0;21.8;40.5;0.41;
2022-05-24 11:00:00;967.0;922.33;130.0;22.79;37.9;0.69;
2022-05-24 12:00:00;965.0;936.12;130.0;23.46;37.9;0.97;
2022-05-24 13:00:00;898.0;910.04;140.0;23.83;38.05;1.1;
2022-05-24 14:00:00;808.0;940.94;117.0;24.13;38.05;0.97;
2022-05-24 15:00:00;651.0;880.58;120.0;24.17;38.05;0.76;
2022-05-24 16:00:00;359.0;310.4;220.0;24.07;38.05;0.83;
2022-05-24 17:00:00;292.0;741.07;85.0;23.65;42.25;0.83;
2022-05-24 18:00:00;115.0;596.02;50.0;21.86;64.1;1.1;
2022-05-24 19:00:00;0.0;0.0;0.0;21.63;43.4;0.55;
2022-05-24 20:00:00;0.0;0.0;0.0;20.15;49.7;0.9;
2022-05-24 21:00:00;0.0;0.0;0.0;19.29;51.4;0.76;
2022-05-24 22:00:00;0.0;0.0;0.0;18.24;54.95;0.69;
2022-05-24 23:00:00;0.0;0.0;0.0;16.88;63.05;0.83;
2022-05-25 00:00:00;0.0;0.0;0.0;14.78;72.4;1.1;
2022-05-25 01:00:00;0.0;0.0;0.0;13.26;80.35;1.31;
2022-05-25 02:00:00;0.0;0.0;0.0;11.71;83.15;1.59;
2022-05-25 03:00:00;0.0;0.0;0.0;10.88;86.1;1.66;
2022-05-25 04:00:00;0.0;0.0;0.0;10.49;89.25;1.52;
2022-05-25 05:00:00;122.0;284.21;57.0;12.2;83.25;1.03;
2022-05-25 06:00:00;292.0;486.49;98.0;16.55;77.95;0.55;
2022-05-25 07:00:00;473.0;626.05;123.0;19.97;63.7;0.41;
2022-05-25 08:00:00;659.0;767.21;123.0;21.72;57.65;0.55;
2022-05-25 09:00:00;799.0;824.27;133.0;23.03;50.45;0.9;
2022-05-25 10:00:00;896.0;858.28;141.0;24.08;48.8;1.17;
2022-05-25 11:00:00;948.0;885.79;143.0;24.83;44.15;1.31;
2022-05-25 12:00:00;946.0;898.83;143.0;25.38;42.75;1.59;
2022-05-25 13:00:00;890.0;897.57;141.0;25.75;42.75;1.59;
2022-05-25 14:00:00;785.0;878.97;138.0;26.09;39.95;1.45;
2022-05-25 15:00:00;632.0;819.93;136.0;26.11;39.95;1.31;
2022-05-25 16:00:00;352.0;288.93;222.0;25.95;39.95;1.31;
2022-05-25 17:00:00;234.0;351.47;135.0;25.25;45.75;1.66;
2022-05-25 18:00:00;105.0;430.08;57.0;23.56;54.1;1.93;
2022-05-25 19:00:00;0.0;0.0;0.0;21.38;55.65;2.21;
2022-05-25 20:00:00;0.0;0.0;0.0;19.57;65.85;2.07;
2022-05-25 21:00:00;0.0;0.0;0.0;18.05;72.9;2.0;
2022-05-25 22:00:00;0.0;0.0;0.0;16.76;75.3;2.0;
2022-05-25 23:00:00;0.0;0.0;0.0;15.69;83.5;1.93;
2022-05-26 00:00:00;0.0;0.0;0.0;14.9;83.45;1.86;
2022-05-26 01:00:00;0.0;0.0;0.0;14.29;86.4;1.79;
2022-05-26 02:00:00;0.0;0.0;0.0;13.81;89.45;1.79;
2022-05-26 03:00:00;0.0;0.0;0.0;13.35;89.4;1.72;
2022-05-26 04:00:00;0.0;0.0;0.0;13.13;92.6;1.59;
2022-05-26 05:00:00;72.0;34.71;64.0;14.91;86.45;1.03;
2022-05-26 06:00:00;255.0;307.22;132.0;18.71;78.25;0.62;
2022-05-26 07:00:00;441.0;501.35;160.0;21.27;66.25;0.9;
2022-05-26 08:00:00;613.0;631.48;171.0;22.74;59.95;1.45;
2022-05-26 09:00:00;756.0;716.73;176.0;23.88;54.2;1.72;
2022-05-26 10:00:00;858.0;771.94;178.0;24.64;52.5;1.66;
2022-05-26 11:00:00;918.0;826.32;166.0;25.38;49.2;1.45;
2022-05-26 12:00:00;931.0;872.88;150.0;26.05;47.65;1.31;
2022-05-26 13:00:00;867.0;848.12;158.0;26.54;44.55;1.24;
2022-05-26 14:00:00;752.0;790.23;169.0;26.83;43.15;1.38;
2022-05-26 15:00:00;609.0;741.59;159.0;26.82;43.15;1.59;
2022-05-26 16:00:00;320.0;201.31;229.0;26.57;44.55;1.79;
2022-05-26 17:00:00;246.0;426.09;125.0;25.81;47.65;1.93;
2022-05-26 18:00:00;105.0;420.68;57.0;24.36;56.25;1.79;
2022-05-26 19:00:00;0.0;0.0;0.0;22.08;59.8;1.93;
2022-05-26 20:00:00;0.0;0.0;0.0;20.5;68.4;1.86;
2022-05-26 21:00:00;0.0;0.0;0.0;19.04;73.05;2.0;
2022-05-26 22:00:00;0.0;0.0;0.0;17.77;78.15;1.86;
2022-05-26 23:00:00;0.0;0.0;0.0;16.69;86.55;1.66;
2022-05-27 00:00:00;0.0;0.0;0.0;16.16;89.6;1.45;
2022-05-27 01:00:00;0.0;0.0;0.0;15.76;86.5;1.38;
2022-05-27 02:00:00;0.0;0.0;0.0;15.73;86.5;1.24;
2022-05-27 03:00:00;0.0;0.0;0.0;15.52;89.55;1.1;
2022-05-27 04:00:00;0.0;0.0;0.0;15.18;89.5;1.1;
2022-05-27 05:00:00;80.0;51.68;68.0;16.25;86.55;0.83;
2022-05-27 06:00:00;236.0;226.44;145.0;19.58;75.7;0.41;
2022-05-27 07:00:00;427.0;444.97;177.0;22.49;64.2;0.21;
2022-05-27 08:00:00;615.0;631.79;172.0;24.2;58.1;0.41;
2022-05-27 09:00:00;757.0;716.93;176.0;25.53;50.95;0.69;
2022-05-27 10:00:00;864.0;786.8;170.0;26.57;43.05;0.83;
2022-05-27 11:00:00;924.0;838.39;160.0;27.47;38.95;0.83;
2022-05-27 12:00:00;922.0;850.41;160.0;28.21;37.75;0.83;
2022-05-27 13:00:00;877.0;871.73;147.0;28.77;35.3;0.97;
2022-05-27 14:00:00;770.0;841.23;148.0;29.14;34.2;1.1;
2022-05-27 15:00:00;628.0;805.08;138.0;29.11;34.2;1.38;
2022-05-27 16:00:00;350.0;284.1;221.0;28.71;36.6;1.45;
2022-05-27 17:00:00;270.0;576.47;105.0;27.71;43.3;1.86;
2022-05-27 18:00:00;103.0;360.39;61.0;26.01;47.65;2.07;
2022-05-27 19:00:00;0.0;0.0;0.0;23.53;54.1;2.0;
2022-05-27 20:00:00;0.0;0.0;0.0;21.39;61.85;1.72;
2022-05-27 21:00:00;0.0;0.0;0.0;22.1;53.85;1.03;
2022-05-27 22:00:00;0.0;0.0;0.0;21.98;52.0;0.41;
2022-05-27 23:00:00;0.0;0.0;0.0;20.95;55.55;0.48;
2022-05-28 00:00:00;0.0;0.0;0.0;20.1;59.35;0.69;
2022-05-28 01:00:00;0.0;0.0;0.0;19.01;65.75;0.83;
2022-05-28 02:00:00;0.0;0.0;0.0;17.9;70.35;0.83;
2022-05-28 03:00:00;0.0;0.0;0.0;17.14;75.3;0.83;
2022-05-28 04:00:00;0.0;0.0;0.0;16.65;77.95;0.83;
2022-05-28 05:00:00;101.0;132.6;70.0;17.59;75.4;0.62;
2022-05-28 06:00:00;254.0;290.11;137.0;20.4;68.4;0.28;
2022-05-28 07:00:00;429.0;447.51;177.0;23.93;54.2;0.62;
2022-05-28 08:00:00;617.0;635.02;171.0;25.51;50.95;0.69;
2022-05-28 09:00:00;773.0;760.31;156.0;27.07;46.25;0.83;
2022-05-28 10:00:00;876.0;812.99;158.0;28.42;42.05;1.1;
2022-05-28 11:00:00;927.0;840.62;160.0;29.51;39.5;1.31;
2022-05-28 12:00:00;936.0;875.96;150.0;30.38;35.85;1.38;
2022-05-28 13:00:00;881.0;873.84;148.0;30.99;34.75;1.52;
2022-05-28 14:00:00;773.0;844.83;147.0;31.17;33.55;1.59;
2022-05-28 15:00:00;598.0;678.22;184.0;31.11;33.55;1.52;
2022-05-28 16:00:00;217.0;30.7;203.0;30.33;41.0;1.31;
2022-05-28 17:00:00;294.0;714.22;88.0;28.76;46.65;1.59;
2022-05-28 18:00:00;50.0;8.41;49.0;27.02;47.9;2.0;
2022-05-28 19:00:00;0.0;0.0;0.0;25.92;52.85;1.31;
2022-05-28 20:00:00;0.0;0.0;0.0;23.91;58.1;1.52;
2022-05-28 21:00:00;0.0;0.0;0.0;23.89;56.15;1.17;
2022-05-28 22:00:00;0.0;0.0;0.0;23.41;56.0;0.62;
2022-05-28 23:00:00;0.0;0.0;0.0;21.41;64.0;0.41;
2022-05-29 00:00:00;0.0;0.0;0.0;19.89;70.7;0.76;
2022-05-29 01:00:00;0.0;0.0;0.0;19.02;75.65;0.76;
2022-05-29 02:00:00;0.0;0.0;0.0;18.65;78.25;0.62;
2022-05-29 03:00:00;0.0;0.0;0.0;18.09;78.15;0.62;
2022-05-29 04:00:00;0.0;0.0;0.0;17.47;80.85;0.76;
2022-05-29 05:00:00;90.0;80.75;71.0;18.85;73.05;0.62;
2022-05-29 06:00:00;234.0;212.54;148.0;22.02;66.35;0.28;
2022-05-29 07:00:00;414.0;391.64;193.0;25.03;60.35;0.41;
2022-05-29 08:00:00;600.0;577.17;194.0;26.67;54.8;0.69;
2022-05-29 09:00:00;764.0;731.03;170.0;28.0;49.8;0.76;
2022-05-29 10:00:00;875.0;810.89;158.0;29.12;45.2;0.83;
2022-05-29 11:00:00;931.0;849.45;155.0;29.99;39.65;1.17;
2022-05-29 12:00:00;945.0;897.03;139.0;30.64;38.4;1.59;
2022-05-29 13:00:00;880.0;871.23;148.0;31.12;34.75;2.0;
2022-05-29 14:00:00;781.0;864.62;139.0;31.09;33.55;2.55;
2022-05-29 15:00:00;642.0;839.64;128.0;30.73;33.4;3.03;
2022-05-29 16:00:00;349.0;268.55;226.0;29.85;33.3;3.17;
2022-05-29 17:00:00;282.0;633.23;98.0;28.82;40.65;2.62;
2022-05-29 18:00:00;114.0;453.62;59.0;26.93;49.55;2.0;
2022-05-29 19:00:00;0.0;0.0;0.0;24.95;47.4;2.28;
2022-05-29 20:00:00;0.0;0.0;0.0;22.76;59.95;1.86;
2022-05-29 21:00:00;0.0;0.0;0.0;23.16;54.1;1.24;
2022-05-29 22:00:00;0.0;0.0;0.0;23.66;52.25;0.41;
2022-05-29 23:00:00;0.0;0.0;0.0;22.47;54.0;0.62;
2022-05-30 00:00:00;0.0;0.0;0.0;21.08;59.6;0.69;
2022-05-30 01:00:00;0.0;0.0;0.0;20.27;61.6;0.62;
2022-05-30 02:00:00;0.0;0.0;0.0;19.65;65.85;0.48;
2022-05-30 03:00:00;0.0;0.0;0.0;19.07;68.1;0.62;
2022-05-30 04:00:00;0.0;0.0;0.0;17.93;72.9;0.97;
2022-05-30 05:00:00;112.0;177.43;70.0;19.2;68.1;0.76;
2022-05-30 06:00:00;271.0;354.8;127.0;21.7;71.0;0.14;
2022-05-30 07:00:00;448.0;507.6;161.0;25.05;56.35;0.55;
2022-05-30 08:00:00;621.0;637.38;172.0;26.6;51.2;1.03;
2022-05-30 09:00:00;768.0;736.3;169.0;28.03;44.95;1.45;
2022-05-30 10:00:00;881.0;816.77;158.0;29.32;39.35;1.79;
2022-05-30 11:00:00;932.0;843.01;161.0;29.92;35.7;2.0;
2022-05-30 12:00:00;915.0;813.62;183.0;30.29;34.5;2.34;
2022-05-30 13:00:00;602.0;212.71;423.0;30.76;33.4;2.62;
2022-05-30 14:00:00;679.0;533.59;282.0;30.73;32.25;2.76;
2022-05-30 15:00:00;225.0;3.26;223.0;29.92;32.15;3.52;
2022-05-30 16:00:00;190.0;10.87;185.0;28.97;34.2;3.52;
2022-05-30 17:00:00;90.0;0.0;90.0;28.31;37.75;3.03;
2022-05-30 18:00:00;19.0;0.0;19.0;26.99;43.15;2.41;
2022-05-30 19:00:00;0.0;0.0;0.0;24.37;48.95;2.07;
2022-05-30 20:00:00;0.0;0.0;0.0;22.56;55.9;1.72;
2022-05-30 21:00:00;0.0;0.0;0.0;20.96;61.7;1.86;
2022-05-30 22:00:00;0.0;0.0;0.0;19.75;63.7;2.07;
2022-05-30 23:00:00;0.0;0.0;0.0;19.3;63.6;2.28;
2022-05-31 00:00:00;0.0;0.0;0.0;18.9;65.75;2.41;
2022-05-31 01:00:00;0.0;0.0;0.0;18.57;65.65;2.62;
2022-05-31 02:00:00;0.0;0.0;0.0;18.39;61.2;2.69;
2022-05-31 03:00:00;0.0;0.0;0.0;18.08;58.9;2.55;
2022-05-31 04:00:00;0.0;0.0;0.0;17.43;60.95;2.48;
2022-05-31 05:00:00;135.0;319.29;59.0;18.12;61.05;2.41;
2022-05-31 06:00:00;295.0;466.81;105.0;21.42;44.95;2.62;
2022-05-31 07:00:00;483.0;637.32;122.0;23.23;37.9;3.31;
2022-05-31 08:00:00;644.0;707.41;145.0;25.01;35.65;2.55;
2022-05-31 09:00:00;787.0;779.68;152.0;26.77;34.8;1.24;
2022-05-31 10:00:00;886.0;822.68;157.0;27.99;33.95;1.24;
2022-05-31 11:00:00;938.0;849.73;160.0;28.57;34.1;1.72;
2022-05-31 12:00:00;911.0;789.3;200.0;28.79;32.9;2.0;
2022-05-31 13:00:00;728.0;437.84;359.0;29.08;33.05;2.62;
2022-05-31 14:00:00;759.0;772.66;183.0;28.29;36.45;3.17;
2022-05-31 15:00:00;601.0;662.85;193.0;26.67;46.15;4.9;
2022-05-31 16:00:00;303.0;142.93;237.0;24.9;56.37;5.47;
2022-05-31 17:00:00;249.0;376.64;138.0;23.93;59.31;5.11;
2022-05-31 18:00:00;102.0;270.46;68.0;22.95;62.25;4.76;
2022-05-31 19:00:00;0.0;0.0;0.0;21.98;65.2;4.4;
2022-05-31 20:00:00;0.0;0.0;0.0;21.0;68.14;4.04;
2022-05-31 21:00:00;0.0;0.0;0.0;20.02;71.08;3.69;
2022-05-31 22:00:00;0.0;0.0;0.0;19.05;74.02;3.33;
2022-05-31 23:00:00;0.0;0.0;0.0;18.07;76.97;2.97;
2022-06-01 00:00:00;0.0;0.0;0.0;17.1;79.91;2.61;
2022-06-01 01:00:00;0.0;0.0;0.0;16.12;82.85;2.26;
2022-06-01 02:00:00;0.0;0.0;0.0;15.14;85.79;1.9;
2022-06-01 03:00:00;0.0;0.0;0.0;14.17;88.74;1.54;
2022-06-01 04:00:00;17.0;13.57;16.0;13.19;91.68;1.19;
2022-06-01 05:00:00;25.0;0.0;25.0;12.22;94.62;0.83;
2022-06-01 06:00:00;162.0;19.56;154.0;11.24;97.56;0.47;
2022-06-01 07:00:00;286.0;58.07;253.0;10.26;100.0;0.12;
2022-06-01 08:00:00;397.0;87.69;335.0;17.92;75.45;1.38;
2022-06-01 09:00:00;539.0;171.55;399.0;18.81;73.05;1.86;
2022-06-01 10:00:00;662.0;271.45;421.0;19.29;73.15;1.86;
2022-06-01 11:00:00;882.0;687.79;251.0;20.06;73.2;1.66;
2022-06-01 12:00:00;361.0;9.97;352.0;20.52;70.8;1.52;
2022-06-01 13:00:00;188.0;0.0;188.0;20.89;68.5;1.93;
2022-06-01 14:00:00;351.0;33.41;326.0;21.15;66.15;0.83;
2022-06-01 15:00:00;356.0;106.68;290.0;20.6;66.05;0.76;
2022-06-01 16:00:00;80.0;0.0;80.0;20.63;63.8;0.55;
2022-06-01 17:00:00;31.0;0.0;31.0;19.56;68.2;0.34;
2022-06-01 18:00:00;10.0;0.0;10.0;18.91;73.05;1.03;
2022-06-01 19:00:00;0.0;0.0;0.0;17.67;72.8;0.21;
2022-06-01 20:00:00;0.0;0.0;0.0;17.19;72.7;0.21;
2022-06-01 21:00:00;0.0;0.0;0.0;16.63;75.25;0.48;
2022-06-01 22:00:00;0.0;0.0;0.0;16.09;77.85;0.55;
2022-06-01 23:00:00;0.0;0.0;0.0;15.55;80.6;0.69;
2022-06-02 00:00:00;0.0;0.0;0.0;14.87;83.45;0.69;
2022-06-02 01:00:00;0.0;0.0;0.0;14.35;86.4;0.62;
2022-06-02 02:00:00;0.0;0.0;0.0;14.03;89.45;0.48;
2022-06-02 03:00:00;0.0;0.0;0.0;13.55;86.35;0.48;
2022-06-02 04:00:00;3.0;0.0;3.0;13.26;86.35;0.55;
2022-06-02 05:00:00;29.0;0.0;29.0;13.28;89.45;0.48;
2022-06-02 06:00:00;141.0;7.32;138.0;14.83;86.45;0.69;
2022-06-02 07:00:00;165.0;0.0;165.0;15.88;86.5;0.83;
2022-06-02 08:00:00;185.0;0.0;185.0;16.61;86.55;0.9;
2022-06-02 09:00:00;443.0;69.79;386.0;17.32;80.85;0.62;
2022-06-02 10:00:00;812.0;586.33;291.0;17.85;78.15;0.55;
2022-06-02 11:00:00;834.0;568.45;312.0;18.87;73.05;0.83;
2022-06-02 12:00:00;750.0;412.67;377.0;19.57;70.65;0.28;
2022-06-02 13:00:00;439.0;55.53;392.0;20.11;70.7;0.48;
2022-06-02 14:00:00;75.0;0.0;75.0;20.38;68.4;0.48;
2022-06-02 15:00:00;164.0;0.0;164.0;20.47;68.4;0.76;
2022-06-02 16:00:00;51.0;0.0;51.0;20.09;68.3;0.69;
2022-06-02 17:00:00;23.0;0.0;23.0;18.96;73.05;0.07;
2022-06-02 18:00:00;7.0;0.0;7.0;18.02;80.9;0.34;
2022-06-02 19:00:00;0.0;0.0;0.0;17.49;80.85;0.76;
2022-06-02 20:00:00;0.0;0.0;0.0;16.73;83.6;0.28;
2022-06-02 21:00:00;0.0;0.0;0.0;15.99;86.5;0.48;
2022-06-02 22:00:00;0.0;0.0;0.0;15.46;89.55;0.55;
2022-06-02 23:00:00;0.0;0.0;0.0;15.32;86.5;0.55;
2022-06-03 00:00:00;0.0;0.0;0.0;15.03;89.5;0.21;
2022-06-03 01:00:00;0.0;0.0;0.0;14.88;89.5;0.34;
2022-06-03 02:00:00;0.0;0.0;0.0;14.29;92.7;0.41;
2022-06-03 03:00:00;0.0;0.0;0.0;13.27;92.65;0.76;
2022-06-03 04:00:00;21.0;13.16;20.0;13.29;95.95;0.76;
2022-06-03 05:00:00;77.0;8.25;75.0;14.1;99.4;0.55;
2022-06-03 06:00:00;221.0;97.38;181.0;15.47;92.75;0.28;
2022-06-03 07:00:00;481.0;501.97;195.0;16.55;86.55;0.28;
2022-06-03 08:00:00;624.0;549.08;235.0;17.6;83.7;0.07;
2022-06-03 09:00:00;615.0;292.37;376.0;18.63;81.0;0.48;
2022-06-03 10:00:00;660.0;269.88;420.0;19.69;75.7;0.9;
2022-06-03 11:00:00;731.0;349.26;410.0;20.54;68.4;1.31;
2022-06-03 12:00:00;858.0;666.44;255.0;21.13;66.15;1.24;
2022-06-03 13:00:00;758.0;552.26;290.0;21.43;64.0;1.38;
2022-06-03 14:00:00;660.0;538.06;256.0;21.69;64.0;0.97;
2022-06-03 15:00:00;350.0;98.12;289.0;21.05;61.7;0.69;
2022-06-03 16:00:00;194.0;23.47;183.0;21.06;63.9;1.1;
2022-06-03 17:00:00;21.0;0.0;21.0;20.5;63.8;1.45;
2022-06-03 18:00:00;7.0;0.0;7.0;19.48;73.15;0.9;
2022-06-03 19:00:00;0.0;0.0;0.0;18.63;75.55;1.17;
2022-06-03 20:00:00;0.0;0.0;0.0;18.07;78.15;0.69;
2022-06-03 21:00:00;0.0;0.0;0.0;17.52;78.1;0.69;
2022-06-03 22:00:00;0.0;0.0;0.0;16.99;78.0;0.76;
2022-06-03 23:00:00;0.0;0.0;0.0;16.3;80.75;0.9;
2022-06-04 00:00:00;0.0;0.0;0.0;15.93;83.55;0.9;
2022-06-04 01:00:00;0.0;0.0;0.0;15.0;89.5;1.17;
2022-06-04 02:00:00;0.0;0.0;0.0;14.2;92.65;1.31;
2022-06-04 03:00:00;0.0;0.0;0.0;13.92;92.65;1.31;
2022-06-04 04:00:00;23.0;25.98;21.0;13.93;92.65;1.1;
2022-06-04 05:00:00;16.0;0.0;16.0;14.8;89.5;0.62;
2022-06-04 06:00:00;137.0;4.86;135.0;15.91;86.5;0.55;
2022-06-04 07:00:00;55.0;0.0;55.0;16.53;89.65;0.48;
2022-06-04 08:00:00;61.0;0.0;61.0;17.4;80.85;0.48;
2022-06-04 09:00:00;80.0;0.0;80.0;17.54;80.85;0.34;
2022-06-04 10:00:00;88.0;0.0;88.0;18.32;81.0;0.69;
2022-06-04 11:00:00;425.0;27.18;400.0;19.57;78.35;0.97;
2022-06-04 12:00:00;910.0;817.06;170.0;19.99;75.75;1.59;
2022-06-04 13:00:00;793.0;648.22;243.0;20.12;75.75;1.59;
2022-06-04 14:00:00;741.0;792.47;145.0;20.15;75.75;1.38;
2022-06-04 15:00:00;566.0;640.37;167.0;20.61;73.3;0.97;
2022-06-04 16:00:00;360.0;382.77;180.0;19.73;75.7;0.34;
2022-06-04 17:00:00;168.0;131.56;128.0;19.11;78.3;0.48;
2022-06-04 18:00:00;36.0;7.37;35.0;18.75;83.8;0.34;
2022-06-04 19:00:00;0.0;0.0;0.0;19.0;70.55;0.28;
2022-06-04 20:00:00;0.0;0.0;0.0;18.27;75.45;0.34;
2022-06-04 21:00:00;0.0;0.0;0.0;17.63;78.1;0.14;
2022-06-04 22:00:00;0.0;0.0;0.0;16.56;83.6;0.76;
2022-06-04 23:00:00;0.0;0.0;0.0;15.42;86.5;1.1;
2022-06-05 00:00:00;0.0;0.0;0.0;14.84;89.5;0.83;
2022-06-05 01:00:00;0.0;0.0;0.0;12.99;95.95;0.83;
2022-06-05 02:00:00;0.0;0.0;0.0;12.63;95.95;0.76;
2022-06-05 03:00:00;0.0;0.0;0.0;12.54;95.95;0.83;
2022-06-05 04:00:00;28.0;51.35;24.0;12.09;99.4;0.9;
2022-06-05 05:00:00;97.0;32.79;89.0;13.06;95.95;0.9;
2022-06-05 06:00:00;169.0;24.26;159.0;15.06;92.7;0.97;
2022-06-05 07:00:00;361.0;168.14;265.0;17.12;86.6;1.66;
2022-06-05 08:00:00;512.0;262.13;326.0;18.68;81.0;1.59;
2022-06-05 09:00:00;698.0;467.88;315.0;19.89;75.75;1.38;
2022-06-05 10:00:00;685.0;309.92;409.0;20.83;75.95;1.45;
2022-06-05 11:00:00;806.0;499.71;346.0;21.67;76.0;1.66;
2022-06-05 12:00:00;747.0;402.63;382.0;22.31;71.05;1.79;
2022-06-05 13:00:00;813.0;700.43;218.0;22.76;66.45;1.79;
2022-06-05 14:00:00;479.0;154.0;363.0;22.96;62.15;1.17;
2022-06-05 15:00:00;111.0;0.0;111.0;22.88;62.15;1.03;
2022-06-05 16:00:00;58.0;0.0;58.0;21.97;64.1;1.45;
2022-06-05 17:00:00;49.0;0.0;49.0;21.18;70.9;1.52;
2022-06-05 18:00:00;86.0;290.77;46.0;20.62;75.85;0.34;
2022-06-05 19:00:00;0.0;0.0;0.0;20.29;78.45;1.66;
2022-06-05 20:00:00;0.0;0.0;0.0;18.36;83.8;1.24;
2022-06-05 21:00:00;0.0;0.0;0.0;16.94;89.65;1.1;
2022-06-05 22:00:00;0.0;0.0;0.0;16.04;92.75;1.52;
2022-06-05 23:00:00;0.0;0.0;0.0;15.8;92.75;1.45;
2022-06-06 00:00:00;0.0;0.0;0.0;14.87;96.0;1.38;
2022-06-06 01:00:00;0.0;0.0;0.0;14.08;99.4;0.9;
2022-06-06 02:00:00;0.0;0.0;0.0;13.36;95.95;0.69;
2022-06-06 03:00:00;0.0;0.0;0.0;12.91;95.95;0.76;
2022-06-06 04:00:00;31.0;76.23;25.0;12.24;95.95;0.9;
2022-06-06 05:00:00;154.0;237.09;96.0;13.75;95.95;0.69;
2022-06-06 06:00:00;265.0;203.54;181.0;16.85;89.65;0.76;
2022-06-06 07:00:00;456.0;411.25;221.0;18.86;81.05;0.21;
2022-06-06 08:00:00;483.0;207.03;336.0;20.22;75.75;0.76;
2022-06-06 09:00:00;675.0;416.33;334.0;21.3;73.35;0.76;
2022-06-06 10:00:00;888.0;800.15;175.0;22.3;68.7;0.34;
2022-06-06 11:00:00;939.0;845.65;160.0;22.98;64.3;0.48;
2022-06-06 12:00:00;927.0;851.96;154.0;23.66;58.1;0.62;
2022-06-06 13:00:00;812.0;698.47;218.0;24.03;54.35;1.03;
2022-06-06 14:00:00;604.0;384.41;314.0;24.05;52.5;1.31;
2022-06-06 15:00:00;563.0;618.45;176.0;24.1;52.5;1.45;
2022-06-06 16:00:00;379.0;447.94;167.0;23.88;52.5;0.9;
2022-06-06 17:00:00;190.0;201.72;128.0;23.65;56.15;0.76;
2022-06-06 18:00:00;57.0;57.43;49.0;22.62;71.15;0.9;
2022-06-06 19:00:00;0.0;0.0;0.0;21.52;71.0;0.69;
2022-06-06 20:00:00;0.0;0.0;0.0;19.24;83.85;1.38;
2022-06-06 21:00:00;0.0;0.0;0.0;18.04;86.7;1.72;
2022-06-06 22:00:00;0.0;0.0;0.0;16.91;89.65;1.72;
2022-06-06 23:00:00;0.0;0.0;0.0;15.97;92.75;1.38;
2022-06-07 00:00:00;0.0;0.0;0.0;15.0;96.0;1.1;
2022-06-07 01:00:00;0.0;0.0;0.0;14.53;99.35;0.97;
2022-06-07 02:00:00;0.0;0.0;0.0;14.15;99.4;1.03;
2022-06-07 03:00:00;0.0;0.0;0.0;13.84;95.95;1.03;
2022-06-07 04:00:00;40.0;163.67;27.0;13.46;95.95;1.17;
2022-06-07 05:00:00;149.0;207.99;98.0;14.77;96.0;0.97;
2022-06-07 06:00:00;347.0;542.16;123.0;17.94;86.7;0.62;
2022-06-07 07:00:00;507.0;598.07;165.0;21.0;70.9;0.55;
2022-06-07 08:00:00;644.0;608.08;212.0;22.44;64.2;0.69;
2022-06-07 09:00:00;819.0;812.7;153.0;23.71;60.15;0.83;
2022-06-07 10:00:00;895.0;815.41;168.0;24.69;58.2;0.97;
2022-06-07 11:00:00;941.0;847.26;160.0;25.4;52.75;1.1;
2022-06-07 12:00:00;919.0;831.43;164.0;25.84;50.95;1.31;
2022-06-07 13:00:00;847.0;801.08;165.0;26.14;49.3;1.31;
2022-06-07 14:00:00;731.0;753.16;162.0;26.14;47.65;1.1;
2022-06-07 15:00:00;482.0;347.68;264.0;26.17;47.65;0.83;
2022-06-07 16:00:00;57.0;0.0;57.0;25.47;45.9;0.55;
2022-06-07 17:00:00;69.0;0.0;69.0;24.58;56.25;0.9;
2022-06-07 18:00:00;77.0;177.34;52.0;23.47;66.65;0.97;
2022-06-07 19:00:00;0.0;0.0;0.0;23.3;62.15;0.55;
2022-06-07 20:00:00;0.0;0.0;0.0;22.36;64.2;0.41;
2022-06-07 21:00:00;0.0;0.0;0.0;21.21;70.9;0.83;
2022-06-07 22:00:00;0.0;0.0;0.0;18.4;83.8;1.52;
2022-06-07 23:00:00;0.0;0.0;0.0;17.31;86.65;1.52;
2022-06-08 00:00:00;0.0;0.0;0.0;16.31;92.8;1.31;
2022-06-08 01:00:00;0.0;0.0;0.0;15.79;92.75;0.97;
2022-06-08 02:00:00;0.0;0.0;0.0;15.32;96.0;0.9;
2022-06-08 03:00:00;0.0;0.0;0.0;14.87;99.4;0.9;
2022-06-08 04:00:00;14.0;0.0;14.0;14.75;99.4;0.9;
2022-06-08 05:00:00;35.0;0.0;35.0;16.25;99.4;0.62;
2022-06-08 06:00:00;154.0;14.51;148.0;18.87;86.8;0.55;
2022-06-08 07:00:00;435.0;347.79;236.0;20.53;78.5;0.83;
2022-06-08 08:00:00;481.0;205.41;335.0;21.77;76.0;0.83;
2022-06-08 09:00:00;792.0;741.6;184.0;22.85;68.85;0.62;
2022-06-08 10:00:00;885.0;794.83;176.0;23.42;66.65;0.62;
2022-06-08 11:00:00;910.0;774.11;196.0;23.79;68.95;0.9;
2022-06-08 12:00:00;837.0;610.71;282.0;24.15;66.75;0.76;
2022-06-08 13:00:00;686.0;381.36;361.0;24.74;69.05;1.17;
2022-06-08 14:00:00;0.0;0.0;0.0;24.09;66.75;1.45;
2022-06-08 15:00:00;281.0;30.24;262.0;22.7;73.6;0.83;
2022-06-08 16:00:00;38.0;0.0;38.0;20.33;81.2;1.17;
2022-06-08 17:00:00;45.0;0.0;45.0;19.74;86.85;1.1;
2022-06-08 18:00:00;18.0;0.0;18.0;19.15;89.8;0.9;
2022-06-08 19:00:00;0.0;0.0;0.0;20.1;86.85;1.1;
2022-06-08 20:00:00;0.0;0.0;0.0;18.57;92.85;1.03;
2022-06-08 21:00:00;0.0;0.0;0.0;17.19;99.4;2.41;
2022-06-08 22:00:00;0.0;0.0;0.0;16.56;99.4;2.07;
2022-06-08 23:00:00;0.0;0.0;0.0;16.17;99.4;1.79;
2022-06-09 00:00:00;0.0;0.0;0.0;16.02;99.4;1.45;
2022-06-09 01:00:00;0.0;0.0;0.0;15.95;99.4;1.17;
2022-06-09 02:00:00;0.0;0.0;0.0;15.85;96.0;0.9;
2022-06-09 03:00:00;0.0;0.0;0.0;15.61;99.4;0.69;
2022-06-09 04:00:00;30.0;49.65;26.0;15.55;99.4;0.69;
2022-06-09 05:00:00;45.0;0.0;45.0;16.2;99.4;0.21;
2022-06-09 06:00:00;88.0;0.0;88.0;17.1;92.8;0.41;
2022-06-09 07:00:00;183.0;1.75;182.0;18.33;83.8;0.48;
2022-06-09 08:00:00;309.0;22.5;293.0;19.67;78.35;0.55;
2022-06-09 09:00:00;563.0;206.06;394.0;20.89;70.9;0.48;
2022-06-09 10:00:00;537.0;112.06;437.0;21.65;68.6;0.83;
2022-06-09 11:00:00;687.0;271.98;436.0;21.8;71.0;0.97;
2022-06-09 12:00:00;626.0;200.13;444.0;22.72;71.15;0.83;
2022-06-09 13:00:00;504.0;105.51;414.0;22.93;64.3;0.69;
2022-06-09 14:00:00;539.0;245.54;353.0;23.33;62.25;0.14;
2022-06-09 15:00:00;242.0;11.12;235.0;22.91;64.3;1.38;
2022-06-09 16:00:00;38.0;0.0;38.0;20.14;78.45;2.83;
2022-06-09 17:00:00;22.0;0.0;22.0;19.14;83.85;2.21;
2022-06-09 18:00:00;32.0;0.0;32.0;18.3;89.75;1.24;
2022-06-09 19:00:00;0.0;0.0;0.0;17.51;92.85;2.28;
2022-06-09 20:00:00;0.0;0.0;0.0;16.67;92.8;2.07;
2022-06-09 21:00:00;0.0;0.0;0.0;16.18;92.75;1.52;
2022-06-09 22:00:00;0.0;0.0;0.0;15.47;96.0;1.24;
2022-06-09 23:00:00;0.0;0.0;0.0;14.64;96.0;1.38;
2022-06-10 00:00:00;0.0;0.0;0.0;13.94;95.95;1.45;
2022-06-10 01:00:00;0.0;0.0;0.0;13.45;92.65;1.38;
2022-06-10 02:00:00;0.0;0.0;0.0;12.92;92.65;1.45;
2022-06-10 03:00:00;0.0;0.0;0.0;12.6;95.95;1.38;
2022-06-10 04:00:00;28.0;37.04;25.0;12.33;92.6;1.31;
2022-06-10 05:00:00;143.0;170.45;101.0;13.95;95.95;0.76;
2022-06-10 06:00:00;275.0;227.0;181.0;16.58;86.55;0.62;
2022-06-10 07:00:00;499.0;551.84;183.0;18.64;75.55;0.34;
2022-06-10 08:00:00;632.0;556.79;236.0;19.9;70.7;0.76;
2022-06-10 09:00:00;0.0;0.0;0.0;20.82;68.5;0.83;
2022-06-10 10:00:00;855.0;683.29;245.0;21.86;64.1;0.69;
2022-06-10 11:00:00;859.0;611.92;294.0;22.62;59.95;0.97;
2022-06-10 12:00:00;923.0;828.54;169.0;23.05;56.0;1.31;
2022-06-10 13:00:00;861.0;821.02;160.0;23.31;56.0;1.31;
2022-06-10 14:00:00;744.0;775.25;156.0;23.53;56.15;1.38;
2022-06-10 15:00:00;594.0;707.37;148.0;23.46;56.15;1.38;
2022-06-10 16:00:00;425.0;626.78;125.0;23.51;58.1;1.45;
2022-06-10 17:00:00;227.0;351.18;117.0;23.14;60.05;1.24;
2022-06-10 18:00:00;48.0;20.61;45.0;22.32;66.45;0.97;
2022-06-10 19:00:00;0.0;0.0;0.0;20.8;81.2;0.97;
2022-06-10 20:00:00;0.0;0.0;0.0;19.23;83.85;1.38;
2022-06-10 21:00:00;0.0;0.0;0.0;18.41;83.8;1.45;
2022-06-10 22:00:00;0.0;0.0;0.0;17.86;83.75;1.45;
2022-06-10 23:00:00;0.0;0.0;0.0;17.11;86.6;1.66;
2022-06-11 00:00:00;0.0;0.0;0.0;16.8;83.65;1.79;
2022-06-11 01:00:00;0.0;0.0;0.0;16.31;86.55;1.72;
2022-06-11 02:00:00;0.0;0.0;0.0;16.58;86.55;1.59;
2022-06-11 03:00:00;0.0;0.0;0.0;16.52;86.55;1.66;
2022-06-11 04:00:00;26.0;36.89;23.0;16.54;86.55;1.59;
2022-06-11 05:00:00;35.0;0.0;35.0;16.94;89.65;1.17;
2022-06-11 06:00:00;63.0;0.0;63.0;17.69;89.7;1.24;
2022-06-11 07:00:00;220.0;12.22;213.0;18.37;86.75;0.55;
2022-06-11 08:00:00;125.0;0.0;125.0;19.09;83.85;0.62;
2022-06-11 09:00:00;211.0;0.0;211.0;20.01;75.75;0.62;
2022-06-11 10:00:00;252.0;0.0;252.0;19.98;75.75;0.9;
2022-06-11 11:00:00;649.0;215.43;450.0;20.71;73.3;0.55;
2022-06-11 12:00:00;803.0;518.34;331.0;21.5;71.0;0.21;
2022-06-11 13:00:00;367.0;17.55;352.0;22.01;68.7;0.21;
2022-06-11 14:00:00;530.0;225.19;359.0;22.66;66.45;0.76;
2022-06-11 15:00:00;372.0;118.75;297.0;23.07;64.3;1.03;
2022-06-11 16:00:00;408.0;548.11;145.0;22.51;66.45;1.24;
2022-06-11 17:00:00;207.0;251.17;128.0;20.96;75.95;1.03;
2022-06-11 18:00:00;8.0;0.0;8.0;19.54;83.9;0.9;
2022-06-11 19:00:00;0.0;0.0;0.0;19.41;81.1;1.1;
2022-06-11 20:00:00;0.0;0.0;0.0;18.2;89.75;1.03;
2022-06-11 21:00:00;0.0;0.0;0.0;17.45;92.85;1.1;
2022-06-11 22:00:00;0.0;0.0;0.0;16.72;96.05;1.03;
2022-06-11 23:00:00;0.0;0.0;0.0;15.84;96.0;1.52;
2022-06-12 00:00:00;0.0;0.0;0.0;15.11;96.0;1.59;
2022-06-12 01:00:00;0.0;0.0;0.0;14.67;99.35;1.31;
2022-06-12 02:00:00;0.0;0.0;0.0;14.86;96.0;0.83;
2022-06-12 03:00:00;0.0;0.0;0.0;15.16;96.0;0.34;
2022-06-12 04:00:00;6.0;0.0;6.0;15.12;96.0;0.69;
2022-06-12 05:00:00;17.0;0.0;17.0;15.4;96.0;0.28;
2022-06-12 06:00:00;35.0;0.0;35.0;16.38;92.8;0.07;
2022-06-12 07:00:00;63.0;0.0;63.0;17.47;89.7;1.1;
2022-06-12 08:00:00;164.0;0.0;164.0;18.28;83.8;0.9;
2022-06-12 09:00:00;494.0;114.53;400.0;19.74;81.1;0.48;
2022-06-12 10:00:00;741.0;411.97;373.0;20.76;81.2;1.1;
2022-06-12 11:00:00;936.0;828.92;170.0;21.45;78.65;1.38;
2022-06-12 12:00:00;881.0;711.21;233.0;22.26;78.7;1.52;
2022-06-12 13:00:00;845.0;777.57;180.0;22.38;76.15;1.38;
2022-06-12 14:00:00;735.0;743.21;170.0;22.97;73.7;1.52;
2022-06-12 15:00:00;565.0;592.83;190.0;22.77;73.6;1.31;
2022-06-12 16:00:00;305.0;180.89;218.0;22.44;68.75;0.97;
2022-06-12 17:00:00;187.0;167.85;134.0;21.8;71.0;0.69;
2022-06-12 18:00:00;64.0;74.22;53.0;20.9;75.95;1.1;
2022-06-12 19:00:00;0.0;0.0;0.0;19.96;81.15;0.83;
2022-06-12 20:00:00;0.0;0.0;0.0;18.52;83.8;1.03;
2022-06-12 21:00:00;0.0;0.0;0.0;17.76;86.65;1.1;
2022-06-12 22:00:00;0.0;0.0;0.0;16.62;92.8;1.52;
2022-06-12 23:00:00;0.0;0.0;0.0;16.17;92.75;1.93;
2022-06-13 00:00:00;0.0;0.0;0.0;15.52;92.75;1.66;
2022-06-13 01:00:00;0.0;0.0;0.0;15.0;96.0;1.45;
2022-06-13 02:00:00;0.0;0.0;0.0;14.49;96.0;1.38;
2022-06-13 03:00:00;0.0;0.0;0.0;13.85;95.95;1.52;
2022-06-13 04:00:00;16.0;0.0;16.0;13.35;92.65;1.45;
2022-06-13 05:00:00;150.0;202.59;100.0;14.61;99.35;0.97;
2022-06-13 06:00:00;233.0;118.27;184.0;17.7;86.65;0.69;
2022-06-13 07:00:00;528.0;684.38;136.0;18.12;80.9;1.38;
2022-06-13 08:00:00;693.0;768.88;146.0;19.05;75.65;0.97;
2022-06-13 09:00:00;812.0;790.69;163.0;20.07;73.2;0.41;
2022-06-13 10:00:00;912.0;849.52;153.0;21.13;68.5;0.9;
2022-06-13 11:00:00;949.0;860.0;154.0;22.21;66.35;1.24;
2022-06-13 12:00:00;928.0;844.67;158.0;22.88;64.3;1.24;
2022-06-13 13:00:00;852.0;802.7;165.0;23.45;62.25;0.9;
2022-06-13 14:00:00;568.0;291.72;346.0;23.71;58.1;0.97;
2022-06-13 15:00:00;440.0;236.78;290.0;23.14;58.0;1.17;
2022-06-13 16:00:00;393.0;473.0;165.0;23.0;58.0;1.79;
2022-06-13 17:00:00;209.0;252.43;129.0;21.68;66.25;1.59;
2022-06-13 18:00:00;69.0;93.69;55.0;20.1;78.45;1.66;
2022-06-13 19:00:00;0.0;0.0;0.0;20.9;70.9;1.17;
2022-06-13 20:00:00;0.0;0.0;0.0;19.15;81.05;1.66;
2022-06-13 21:00:00;0.0;0.0;0.0;17.77;86.7;1.31;
2022-06-13 22:00:00;0.0;0.0;0.0;16.71;92.8;1.24;
2022-06-13 23:00:00;0.0;0.0;0.0;16.3;92.8;1.66;
2022-06-14 00:00:00;0.0;0.0;0.0;16.01;92.75;1.72;
2022-06-14 01:00:00;0.0;0.0;0.0;15.66;96.0;1.59;
2022-06-14 02:00:00;0.0;0.0;0.0;15.24;96.0;0.76;
2022-06-14 03:00:00;0.0;0.0;0.0;15.04;96.0;0.21;
2022-06-14 04:00:00;20.0;12.23;19.0;14.53;96.0;0.28;
2022-06-14 05:00:00;181.0;405.24;81.0;15.1;99.4;0.07;
2022-06-14 06:00:00;151.0;12.07;146.0;17.22;89.65;0.83;
2022-06-14 07:00:00;297.0;69.85;257.0;17.56;86.65;1.45;
2022-06-14 08:00:00;385.0;75.91;331.0;18.38;83.8;1.31;
2022-06-14 09:00:00;435.0;63.35;383.0;19.36;81.1;0.83;
2022-06-14 10:00:00;727.0;389.44;379.0;20.37;81.2;0.83;
2022-06-14 11:00:00;856.0;615.34;287.0;21.28;78.55;1.17;
2022-06-14 12:00:00;759.0;421.04;375.0;21.91;73.55;1.59;
2022-06-14 13:00:00;655.0;311.75;388.0;21.86;73.55;1.52;
2022-06-14 14:00:00;554.0;267.8;350.0;22.16;73.55;1.31;
2022-06-14 15:00:00;464.0;291.62;279.0;22.61;71.15;1.79;
2022-06-14 16:00:00;397.0;488.57;161.0;20.77;78.5;2.28;
2022-06-14 17:00:00;265.0;559.72;87.0;19.31;83.9;2.83;
2022-06-14 18:00:00;85.0;199.25;55.0;18.6;89.75;2.34;
2022-06-14 19:00:00;0.0;0.0;0.0;18.05;89.75;2.21;
2022-06-14 20:00:00;0.0;0.0;0.0;16.84;92.8;2.0;
2022-06-14 21:00:00;0.0;0.0;0.0;16.11;96.0;2.28;
2022-06-14 22:00:00;0.0;0.0;0.0;15.65;96.0;2.48;
2022-06-14 23:00:00;0.0;0.0;0.0;15.44;96.0;2.14;
2022-06-15 00:00:00;0.0;0.0;0.0;15.22;96.0;1.45;
2022-06-15 01:00:00;0.0;0.0;0.0;15.14;96.0;0.76;
2022-06-15 02:00:00;0.0;0.0;0.0;15.13;96.0;0.28;
2022-06-15 03:00:00;0.0;0.0;0.0;14.87;96.0;0.41;
2022-06-15 04:00:00;18.0;0.0;18.0;14.66;99.35;0.62;
2022-06-15 05:00:00;185.0;429.77;79.0;15.47;92.75;0.69;
2022-06-15 06:00:00;305.0;335.7;166.0;16.31;89.65;1.17;
2022-06-15 07:00:00;532.0;691.66;136.0;17.51;80.85;0.55;
2022-06-15 08:00:00;686.0;743.75;157.0;18.38;75.55;0.41;
2022-06-15 09:00:00;765.0;635.97;243.0;19.37;68.2;0.41;
2022-06-15 10:00:00;614.0;195.82;439.0;20.23;68.3;0.83;
2022-06-15 11:00:00;779.0;429.23;382.0;20.67;66.05;0.97;
2022-06-15 12:00:00;732.0;359.49;404.0;21.3;66.15;1.1;
2022-06-15 13:00:00;543.0;141.19;422.0;21.7;68.6;1.31;
2022-06-15 14:00:00;74.0;0.0;74.0;21.86;66.35;1.72;
2022-06-15 15:00:00;101.0;0.0;101.0;20.93;70.9;2.07;
2022-06-15 16:00:00;311.0;188.02;220.0;20.76;73.3;1.38;
2022-06-15 17:00:00;180.0;134.78;137.0;20.87;68.5;1.17;
2022-06-15 18:00:00;54.0;26.38;50.0;20.43;73.3;1.38;
2022-06-15 19:00:00;0.0;0.0;0.0;19.66;75.7;2.14;
2022-06-15 20:00:00;0.0;0.0;0.0;19.02;75.65;2.07;
2022-06-15 21:00:00;0.0;0.0;0.0;18.68;75.55;2.07;
2022-06-15 22:00:00;0.0;0.0;0.0;18.31;75.55;2.48;
2022-06-15 23:00:00;0.0;0.0;0.0;18.04;75.45;2.55;
2022-06-16 00:00:00;0.0;0.0;0.0;17.55;78.1;2.62;
2022-06-16 01:00:00;0.0;0.0;0.0;17.16;78.0;3.03;
2022-06-16 02:00:00;0.0;0.0;0.0;16.88;78.0;3.24;
2022-06-16 03:00:00;0.0;0.0;0.0;16.69;80.75;3.03;
2022-06-16 04:00:00;11.0;0.0;11.0;16.79;78.0;3.17;
2022-06-16 05:00:00;51.0;0.0;51.0;17.14;78.0;3.59;
2022-06-16 06:00:00;63.0;0.0;63.0;17.75;80.85;3.66;
2022-06-16 07:00:00;210.0;8.74;205.0;18.23;83.75;4.21;
2022-06-16 08:00:00;294.0;16.88;282.0;19.41;75.7;4.62;
2022-06-16 09:00:00;245.0;0.0;245.0;20.68;70.8;5.24;
2022-06-16 10:00:00;319.0;3.36;316.0;21.11;68.5;5.03;
2022-06-16 11:00:00;148.0;0.0;148.0;21.88;66.35;4.83;
2022-06-16 12:00:00;185.0;0.0;185.0;22.47;64.2;5.1;
2022-06-16 13:00:00;96.0;0.0;96.0;23.41;62.25;5.31;
2022-06-16 14:00:00;216.0;0.0;216.0;22.88;68.85;4.41;
2022-06-16 15:00:00;238.0;9.43;232.0;23.17;68.85;4.21;
2022-06-16 16:00:00;132.0;0.0;132.0;22.79;73.6;3.79;
2022-06-16 17:00:00;99.0;6.25;97.0;21.54;78.65;2.97;
2022-06-16 18:00:00;9.0;0.0;9.0;20.57;86.9;2.62;
2022-06-16 19:00:00;0.0;0.0;0.0;18.98;92.9;2.41;
2022-06-16 20:00:00;0.0;0.0;0.0;18.56;96.1;3.1;
2022-06-16 21:00:00;0.0;0.0;0.0;18.45;96.1;3.86;
2022-06-16 22:00:00;0.0;0.0;0.0;18.03;96.05;3.52;
2022-06-16 23:00:00;0.0;0.0;0.0;17.71;96.05;2.83;
2022-06-17 00:00:00;0.0;0.0;0.0;16.82;92.8;2.14;
2022-06-17 01:00:00;0.0;0.0;0.0;16.28;96.05;1.86;
2022-06-17 02:00:00;0.0;0.0;0.0;15.83;96.0;1.93;
2022-06-17 03:00:00;0.0;0.0;0.0;14.9;96.0;1.52;
2022-06-17 04:00:00;23.0;12.3;22.0;14.64;99.35;1.24;
2022-06-17 05:00:00;195.0;491.58;74.0;15.03;96.0;0.55;
2022-06-17 06:00:00;369.0;636.02;106.0;16.16;92.75;0.21;
2022-06-17 07:00:00;550.0;748.23;122.0;17.82;75.45;0.14;
2022-06-17 08:00:00;705.0;794.81;140.0;19.13;70.55;0.48;
2022-06-17 09:00:00;822.0;805.53;161.0;20.27;65.95;1.17;
2022-06-17 10:00:00;860.0;688.15;245.0;21.24;61.7;1.59;
2022-06-17 11:00:00;886.0;669.02;267.0;21.93;57.75;1.72;
2022-06-17 12:00:00;877.0;679.05;257.0;22.47;55.9;1.59;
2022-06-17 13:00:00;856.0;789.1;179.0;22.96;54.1;1.45;
2022-06-17 14:00:00;767.0;815.78;144.0;22.99;52.25;1.45;
2022-06-17 15:00:00;634.0;811.98;117.0;22.04;55.8;1.86;
2022-06-17 16:00:00;335.0;247.08;215.0;20.29;59.35;1.24;
2022-06-17 17:00:00;275.0;592.16;85.0;19.97;59.35;1.38;
2022-06-17 18:00:00;81.0;143.33;59.0;19.21;68.1;1.72;
2022-06-17 19:00:00;0.0;0.0;0.0;18.91;73.05;0.9;
2022-06-17 20:00:00;0.0;0.0;0.0;17.55;75.4;0.97;
2022-06-17 21:00:00;0.0;0.0;0.0;16.28;80.75;1.1;
2022-06-17 22:00:00;0.0;0.0;0.0;16.04;80.65;0.69;
2022-06-17 23:00:00;0.0;0.0;0.0;15.38;80.6;0.83;
2022-06-18 00:00:00;0.0;0.0;0.0;14.31;86.4;1.03;
2022-06-18 01:00:00;0.0;0.0;0.0;14.5;86.4;0.69;
2022-06-18 02:00:00;0.0;0.0;0.0;14.43;83.4;0.28;
2022-06-18 03:00:00;0.0;0.0;0.0;14.03;86.35;0.41;
2022-06-18 04:00:00;9.0;0.0;9.0;13.43;83.35;0.48;
2022-06-18 05:00:00;130.0;118.0;101.0;14.18;89.45;0.28;
2022-06-18 06:00:00;298.0;307.41;171.0;16.25;80.65;0.62;
2022-06-18 07:00:00;445.0;367.35;235.0;17.22;75.3;1.38;
2022-06-18 08:00:00;591.0;439.08;279.0;17.91;70.35;1.24;
2022-06-18 09:00:00;609.0;273.04;385.0;18.98;65.75;0.76;
2022-06-18 10:00:00;674.0;281.99;422.0;19.83;63.7;0.69;
2022-06-18 11:00:00;943.0;836.47;169.0;20.49;63.8;1.59;
2022-06-18 12:00:00;874.0;676.68;256.0;21.0;63.9;1.72;
2022-06-18 13:00:00;697.0;380.97;370.0;21.21;61.7;1.59;
2022-06-18 14:00:00;142.0;0.0;142.0;21.44;59.7;0.9;
2022-06-18 15:00:00;93.0;0.0;93.0;21.26;61.7;0.48;
2022-06-18 16:00:00;214.0;30.84;199.0;21.17;61.7;0.14;
2022-06-18 17:00:00;123.0;18.65;117.0;20.05;68.3;0.69;
2022-06-18 18:00:00;39.0;0.0;39.0;18.05;83.75;0.9;
2022-06-18 19:00:00;0.0;0.0;0.0;17.12;83.65;1.86;
2022-06-18 20:00:00;0.0;0.0;0.0;16.66;83.6;1.1;
2022-06-18 21:00:00;0.0;0.0;0.0;16.28;80.75;0.07;
2022-06-18 22:00:00;0.0;0.0;0.0;14.32;92.7;1.17;
2022-06-18 23:00:00;0.0;0.0;0.0;13.61;92.65;1.31;
2022-06-19 00:00:00;0.0;0.0;0.0;13.26;92.65;1.17;
2022-06-19 01:00:00;0.0;0.0;0.0;13.01;95.95;1.1;
2022-06-19 02:00:00;0.0;0.0;0.0;12.99;92.65;0.97;
2022-06-19 03:00:00;0.0;0.0;0.0;12.51;95.95;0.97;
2022-06-19 04:00:00;20.0;12.41;19.0;12.23;92.6;0.97;
2022-06-19 05:00:00;112.0;61.15;97.0;13.5;92.65;0.9;
2022-06-19 06:00:00;160.0;16.96;153.0;15.94;89.6;1.03;
2022-06-19 07:00:00;224.0;12.25;217.0;17.51;80.85;0.34;
2022-06-19 08:00:00;308.0;21.12;293.0;18.88;73.05;0.41;
2022-06-19 09:00:00;625.0;303.6;376.0;20.17;68.3;0.41;
2022-06-19 10:00:00;792.0;521.53;326.0;21.21;61.7;0.14;
2022-06-19 11:00:00;635.0;191.28;458.0;21.94;55.8;0.21;
2022-06-19 12:00:00;410.0;21.89;390.0;22.22;55.8;0.55;
2022-06-19 13:00:00;363.0;15.14;350.0;21.97;57.75;1.59;
2022-06-19 14:00:00;68.0;0.0;68.0;20.42;66.05;2.07;
2022-06-19 15:00:00;499.0;363.65;267.0;19.73;70.65;1.1;
2022-06-19 16:00:00;237.0;55.43;210.0;19.69;70.65;0.41;
2022-06-19 17:00:00;130.0;27.92;121.0;20.07;68.3;1.1;
2022-06-19 18:00:00;65.0;58.05;56.0;19.77;73.15;1.24;
2022-06-19 19:00:00;0.0;0.0;0.0;19.71;70.65;1.72;
2022-06-19 20:00:00;0.0;0.0;0.0;17.49;80.85;0.0;
2022-06-19 21:00:00;0.0;0.0;0.0;16.03;83.55;0.0;
2022-06-19 22:00:00;0.0;0.0;0.0;14.61;86.4;1.59;
2022-06-19 23:00:00;0.0;0.0;0.0;13.78;83.35;1.86;
2022-06-20 00:00:00;0.0;0.0;0.0;13.26;77.6;2.0;
2022-06-20 01:00:00;0.0;0.0;0.0;12.88;77.5;2.07;
2022-06-20 02:00:00;0.0;0.0;0.0;12.63;74.7;2.14;
2022-06-20 03:00:00;0.0;0.0;0.0;12.09;77.35;2.0;
2022-06-20 04:00:00;38.0;137.33;27.0;11.63;80.15;1.79;
2022-06-20 05:00:00;189.0;461.63;76.0;12.76;77.5;1.45;
2022-06-20 06:00:00;366.0;628.43;107.0;16.46;67.65;1.38;
2022-06-20 07:00:00;550.0;749.89;122.0;19.34;63.6;1.52;
2022-06-20 08:00:00;705.0;797.39;139.0;21.31;53.75;1.45;
2022-06-20 09:00:00;841.0;852.59;142.0;22.74;48.55;1.24;
2022-06-20 10:00:00;930.0;878.69;145.0;23.83;45.5;1.31;
2022-06-20 11:00:00;964.0;876.42;153.0;24.69;44.05;1.45;
2022-06-20 12:00:00;949.0;873.44;151.0;25.28;42.65;1.66;
2022-06-20 13:00:00;892.0;877.78;138.0;25.59;41.25;1.66;
2022-06-20 14:00:00;766.0;807.69;148.0;25.65;41.25;1.66;
2022-06-20 15:00:00;611.0;732.95;143.0;25.63;41.25;1.86;
2022-06-20 16:00:00;449.0;680.72;117.0;25.26;44.15;2.0;
2022-06-20 17:00:00;263.0;513.88;97.0;24.65;50.7;1.66;
2022-06-20 18:00:00;90.0;205.55;58.0;23.36;56.15;1.86;
2022-06-20 19:00:00;0.0;0.0;0.0;21.76;64.0;1.79;
2022-06-20 20:00:00;0.0;0.0;0.0;19.61;73.15;1.66;
2022-06-20 21:00:00;0.0;0.0;0.0;18.49;75.55;1.38;
2022-06-20 22:00:00;0.0;0.0;0.0;17.45;78.1;0.0;
2022-06-20 23:00:00;0.0;0.0;0.0;17.13;78.0;0.0;
2022-06-21 00:00:00;0.0;0.0;0.0;17.14;78.0;1.93;
2022-06-21 01:00:00;0.0;0.0;0.0;17.26;75.3;2.28;
2022-06-21 02:00:00;0.0;0.0;0.0;17.17;75.3;2.21;
2022-06-21 03:00:00;0.0;0.0;0.0;17.1;78.0;1.93;
2022-06-21 04:00:00;39.0;150.92;27.0;16.79;80.8;1.59;
2022-06-21 05:00:00;91.0;24.57;85.0;16.83;86.6;1.17;
2022-06-21 06:00:00;353.0;585.61;112.0;18.22;83.75;0.69;
2022-06-21 07:00:00;467.0;455.98;207.0;19.79;73.2;0.28;
2022-06-21 08:00:00;596.0;469.44;263.0;21.02;68.5;0.41;
2022-06-21 09:00:00;737.0;575.95;265.0;22.19;64.1;0.21;
2022-06-21 10:00:00;872.0;751.25;201.0;23.27;58.0;0.14;
2022-06-21 11:00:00;924.0;806.21;178.0;24.29;54.35;0.14;
2022-06-21 12:00:00;896.0;757.33;204.0;25.03;52.6;0.55;
2022-06-21 13:00:00;738.0;482.99;323.0;25.51;49.2;0.83;
2022-06-21 14:00:00;707.0;645.31;213.0;25.71;50.95;1.03;
2022-06-21 15:00:00;598.0;708.92;145.0;25.63;50.95;1.1;
2022-06-21 16:00:00;237.0;55.3;210.0;25.57;50.95;1.17;
2022-06-21 17:00:00;161.0;80.34;135.0;25.33;52.6;0.55;
2022-06-21 18:00:00;55.0;25.6;51.0;24.46;64.5;0.55;
2022-06-21 19:00:00;0.0;0.0;0.0;22.96;73.7;0.9;
2022-06-21 20:00:00;0.0;0.0;0.0;20.96;78.55;1.52;
2022-06-21 21:00:00;0.0;0.0;0.0;19.79;81.1;1.72;
2022-06-21 22:00:00;0.0;0.0;0.0;18.53;83.8;1.59;
2022-06-21 23:00:00;0.0;0.0;0.0;17.77;86.7;1.31;
2022-06-22 00:00:00;0.0;0.0;0.0;17.43;86.65;1.1;
2022-06-22 01:00:00;0.0;0.0;0.0;17.07;86.6;0.97;
2022-06-22 02:00:00;0.0;0.0;0.0;16.37;89.65;1.1;
2022-06-22 03:00:00;0.0;0.0;0.0;15.33;92.75;1.38;
2022-06-22 04:00:00;36.0;126.85;26.0;14.88;96.0;1.45;
2022-06-22 05:00:00;177.0;394.29;81.0;16.64;92.8;0.76;
2022-06-22 06:00:00;348.0;569.53;114.0;20.4;81.2;0.21;
2022-06-22 07:00:00;528.0;695.23;132.0;22.91;66.55;0.34;
2022-06-22 08:00:00;682.0;751.93;149.0;24.2;60.25;0.55;
2022-06-22 09:00:00;815.0;806.96;154.0;25.29;58.35;0.55;
2022-06-22 10:00:00;902.0;833.21;158.0;26.2;54.7;0.48;
2022-06-22 11:00:00;940.0;843.04;160.0;26.99;53.1;0.48;
2022-06-22 12:00:00;931.0;851.39;153.0;27.62;51.45;0.41;
2022-06-22 13:00:00;866.0;831.94;151.0;28.06;49.8;0.21;
2022-06-22 14:00:00;748.0;775.61;154.0;28.13;48.15;0.21;
2022-06-22 15:00:00;606.0;730.36;139.0;28.47;48.25;0.14;
2022-06-22 16:00:00;433.0;628.15;126.0;28.3;49.8;0.41;
2022-06-22 17:00:00;257.0;487.5;99.0;27.92;51.55;0.62;
2022-06-22 18:00:00;87.0;185.05;58.0;26.68;64.95;1.03;
2022-06-22 19:00:00;0.0;0.0;0.0;24.66;76.35;1.03;
2022-06-22 20:00:00;0.0;0.0;0.0;22.39;78.75;1.59;
2022-06-22 21:00:00;0.0;0.0;0.0;21.07;81.3;1.93;
2022-06-22 22:00:00;0.0;0.0;0.0;19.89;83.95;1.93;
2022-06-22 23:00:00;0.0;0.0;0.0;18.86;89.8;1.66;
2022-06-23 00:00:00;0.0;0.0;0.0;18.47;89.75;1.38;
2022-06-23 01:00:00;0.0;0.0;0.0;18.54;89.75;1.03;
2022-06-23 02:00:00;0.0;0.0;0.0;18.27;89.75;0.97;
2022-06-23 03:00:00;0.0;0.0;0.0;17.69;92.85;1.03;
2022-06-23 04:00:00;28.0;51.23;24.0;16.82;92.8;1.24;
2022-06-23 05:00:00;169.0;337.86;87.0;18.31;92.85;0.83;
2022-06-23 06:00:00;339.0;516.92;127.0;21.56;84.1;0.55;
2022-06-23 07:00:00;522.0;678.48;136.0;24.88;71.5;0.55;
2022-06-23 08:00:00;675.0;731.36;157.0;26.52;64.95;0.76;
2022-06-23 09:00:00;807.0;786.63;163.0;27.71;58.9;0.69;
2022-06-23 10:00:00;893.0;812.2;168.0;28.63;53.45;1.03;
2022-06-23 11:00:00;931.0;822.63;170.0;29.12;51.8;1.17;
2022-06-23 12:00:00;923.0;829.5;165.0;29.68;50.2;0.97;
2022-06-23 13:00:00;868.0;834.12;151.0;30.1;48.65;0.69;
2022-06-23 14:00:00;737.0;740.09;170.0;30.36;50.3;0.69;
2022-06-23 15:00:00;598.0;700.25;150.0;30.43;48.75;1.03;
2022-06-23 16:00:00;429.0;609.23;131.0;30.19;50.3;1.31;
2022-06-23 17:00:00;255.0;471.47;102.0;29.56;55.5;1.31;
2022-06-23 18:00:00;82.0;146.41;59.0;28.18;65.2;1.45;
2022-06-23 19:00:00;0.0;0.0;0.0;26.31;69.3;1.59;
2022-06-23 20:00:00;0.0;0.0;0.0;24.56;76.35;1.93;
2022-06-23 21:00:00;0.0;0.0;0.0;23.17;81.5;2.07;
2022-06-23 22:00:00;0.0;0.0;0.0;21.84;84.15;1.86;
2022-06-23 23:00:00;0.0;0.0;0.0;20.73;92.95;1.59;
2022-06-24 00:00:00;0.0;0.0;0.0;20.09;92.95;1.31;
2022-06-24 01:00:00;0.0;0.0;0.0;19.51;92.9;1.38;
2022-06-24 02:00:00;0.0;0.0;0.0;18.74;96.1;1.52;
2022-06-24 03:00:00;0.0;0.0;0.0;18.24;99.4;1.66;
2022-06-24 04:00:00;26.0;38.84;23.0;17.91;96.05;1.59;
2022-06-24 05:00:00;156.0;260.48;93.0;19.25;99.4;0.97;
2022-06-24 06:00:00;323.0;451.97;138.0;23.32;84.25;0.62;
2022-06-24 07:00:00;504.0;619.51;152.0;26.35;74.1;0.48;
2022-06-24 08:00:00;661.0;693.85;170.0;27.94;61.0;0.69;
2022-06-24 09:00:00;790.0;749.21;177.0;28.95;57.3;0.9;
2022-06-24 10:00:00;870.0;758.72;193.0;29.63;55.5;0.97;
2022-06-24 11:00:00;907.0;768.74;196.0;30.23;53.8;1.03;
2022-06-24 12:00:00;894.0;764.96;195.0;30.74;52.15;0.97;
2022-06-24 13:00:00;832.0;747.94;189.0;31.09;50.55;1.1;
2022-06-24 14:00:00;722.0;702.04;184.0;31.18;50.55;1.1;
2022-06-24 15:00:00;585.0;664.0;160.0;31.34;50.55;0.97;
2022-06-24 16:00:00;418.0;563.86;142.0;31.09;50.55;0.69;
2022-06-24 17:00:00;248.0;434.05;107.0;30.68;53.9;1.1;
2022-06-24 18:00:00;83.0;152.48;59.0;29.39;63.3;1.79;
2022-06-24 19:00:00;0.0;0.0;0.0;27.26;76.7;1.17;
2022-06-24 20:00:00;0.0;0.0;0.0;25.72;81.75;1.59;
2022-06-24 21:00:00;0.0;0.0;0.0;24.47;87.2;1.66;
2022-06-24 22:00:00;0.0;0.0;0.0;23.48;87.15;0.0;
2022-06-24 23:00:00;0.0;0.0;0.0;23.36;84.35;0.0;
2022-06-25 00:00:00;0.0;0.0;0.0;21.97;90.0;1.31;
2022-06-25 01:00:00;0.0;0.0;0.0;21.3;93.0;2.07;
2022-06-25 02:00:00;0.0;0.0;0.0;20.79;96.15;1.59;
2022-06-25 03:00:00;0.0;0.0;0.0;20.45;96.15;1.1;
2022-06-25 04:00:00;30.0;78.64;24.0;20.21;96.1;1.24;
2022-06-25 05:00:00;177.0;415.05;77.0;20.68;92.95;2.69;
2022-06-25 06:00:00;305.0;367.25;155.0;20.42;86.9;3.03;
2022-06-25 07:00:00;486.0;542.83;178.0;25.32;76.45;1.24;
2022-06-25 08:00:00;590.0;465.36;261.0;26.65;64.95;0.34;
2022-06-25 09:00:00;161.0;0.0;161.0;27.53;60.9;0.69;
2022-06-25 10:00:00;693.0;330.75;398.0;28.46;59.1;0.97;
2022-06-25 11:00:00;924.0;814.35;171.0;28.83;59.1;0.97;
2022-06-25 12:00:00;916.0;821.94;165.0;29.0;57.3;0.9;
2022-06-25 13:00:00;857.0;815.36;156.0;28.94;57.3;0.97;
2022-06-25 14:00:00;736.0;746.26;164.0;28.91;57.3;0.76;
2022-06-25 15:00:00;600.0;713.74;143.0;27.81;63.0;0.41;
2022-06-25 16:00:00;451.0;700.37;108.0;25.41;71.6;2.34;
2022-06-25 17:00:00;249.0;436.78;107.0;24.22;76.35;3.79;
2022-06-25 18:00:00;83.0;145.94;60.0;23.94;73.85;2.28;
2022-06-25 19:00:00;0.0;0.0;0.0;25.01;73.95;1.86;
2022-06-25 20:00:00;0.0;0.0;0.0;23.49;78.9;1.93;
2022-06-25 21:00:00;0.0;0.0;0.0;21.94;84.15;1.72;
2022-06-25 22:00:00;0.0;0.0;0.0;20.74;89.9;1.66;
2022-06-25 23:00:00;0.0;0.0;0.0;20.05;89.85;1.72;
2022-06-26 00:00:00;0.0;0.0;0.0;19.44;89.85;1.66;
2022-06-26 01:00:00;0.0;0.0;0.0;19.05;89.8;1.38;
2022-06-26 02:00:00;0.0;0.0;0.0;18.72;89.75;1.1;
2022-06-26 03:00:00;0.0;0.0;0.0;19.15;83.85;0.76;
2022-06-26 04:00:00;32.0;92.98;25.0;18.53;83.8;0.9;
2022-06-26 05:00:00;154.0;258.4;92.0;18.95;86.8;1.24;
2022-06-26 06:00:00;316.0;419.63;145.0;21.37;76.0;0.0;
2022-06-26 07:00:00;503.0;610.72;157.0;22.79;71.15;0.0;
2022-06-26 08:00:00;666.0;712.22;163.0;24.5;64.5;0.34;
2022-06-26 09:00:00;801.0;780.84;163.0;25.74;60.45;0.97;
2022-06-26 10:00:00;892.0;817.75;163.0;25.89;62.65;2.21;
2022-06-26 11:00:00;813.0;517.1;335.0;25.89;64.8;2.48;
2022-06-26 12:00:00;913.0;813.3;170.0;26.03;67.05;2.21;
2022-06-26 13:00:00;850.0;795.59;166.0;26.3;67.05;1.93;
2022-06-26 14:00:00;730.0;721.38;177.0;26.36;67.15;1.66;
2022-06-26 15:00:00;592.0;682.33;155.0;26.09;69.3;1.52;
2022-06-26 16:00:00;410.0;520.48;155.0;25.93;69.3;1.59;
2022-06-26 17:00:00;246.0;418.1;110.0;23.98;76.35;1.52;
2022-06-26 18:00:00;99.0;278.97;55.0;21.41;87.0;1.59;
2022-06-26 19:00:00;0.0;0.0;0.0;22.54;78.75;1.52;
2022-06-26 20:00:00;0.0;0.0;0.0;20.53;86.9;1.24;
2022-06-26 21:00:00;0.0;0.0;0.0;19.58;92.9;0.41;
2022-06-26 22:00:00;0.0;0.0;0.0;19.1;96.1;0.62;
2022-06-26 23:00:00;0.0;0.0;0.0;18.38;96.1;0.62;
2022-06-27 00:00:00;0.0;0.0;0.0;17.79;96.05;0.62;
2022-06-27 01:00:00;0.0;0.0;0.0;17.53;99.4;1.31;
2022-06-27 02:00:00;0.0;0.0;0.0;17.19;99.4;0.9;
2022-06-27 03:00:00;0.0;0.0;0.0;16.9;96.05;0.62;
2022-06-27 04:00:00;33.0;107.82;25.0;16.25;99.4;0.83;
2022-06-27 05:00:00;181.0;443.76;75.0;17.03;99.4;0.76;
2022-06-27 06:00:00;355.0;605.18;109.0;19.22;89.8;0.83;
2022-06-27 07:00:00;539.0;737.22;122.0;21.64;76.0;1.66;
2022-06-27 08:00:00;698.0;796.64;136.0;23.38;58.1;1.86;
2022-06-27 09:00:00;717.0;515.66;296.0;24.75;52.5;1.93;
2022-06-27 10:00:00;737.0;404.04;377.0;25.86;46.0;1.86;
2022-06-27 11:00:00;879.0;663.37;266.0;26.73;44.55;1.52;
2022-06-27 12:00:00;926.0;828.78;169.0;27.51;40.35;1.24;
2022-06-27 13:00:00;863.0;811.92;165.0;28.08;39.1;0.69;
2022-06-27 14:00:00;749.0;765.69;162.0;28.36;37.75;0.28;
2022-06-27 15:00:00;615.0;744.67;138.0;28.33;39.1;1.31;
2022-06-27 16:00:00;448.0;671.37;119.0;27.63;44.8;2.28;
2022-06-27 17:00:00;270.0;543.99;93.0;26.46;54.8;2.69;
2022-06-27 18:00:00;94.0;228.21;58.0;24.84;64.5;2.83;
2022-06-27 19:00:00;0.0;0.0;0.0;23.49;62.25;2.07;
2022-06-27 20:00:00;0.0;0.0;0.0;21.96;66.35;0.0;
2022-06-27 21:00:00;0.0;0.0;0.0;21.0;66.15;0.0;
2022-06-27 22:00:00;0.0;0.0;0.0;20.6;68.4;2.9;
2022-06-27 23:00:00;0.0;0.0;0.0;20.35;70.8;3.24;
2022-06-28 00:00:00;0.0;0.0;0.0;20.04;73.2;3.24;
2022-06-28 01:00:00;0.0;0.0;0.0;19.69;75.7;3.1;
2022-06-28 02:00:00;0.0;0.0;0.0;19.39;73.15;2.9;
2022-06-28 03:00:00;0.0;0.0;0.0;18.93;75.65;2.55;
2022-06-28 04:00:00;27.0;54.78;23.0;18.56;78.25;2.28;
2022-06-28 05:00:00;140.0;185.09;96.0;18.84;81.05;1.86;
2022-06-28 06:00:00;284.0;288.59;167.0;20.55;75.85;1.66;
2022-06-28 07:00:00;448.0;409.09;217.0;22.49;62.05;2.21;
2022-06-28 08:00:00;670.0;728.04;157.0;23.07;62.15;2.48;
2022-06-28 09:00:00;729.0;563.89;269.0;23.82;62.25;2.34;
2022-06-28 10:00:00;842.0;671.55;244.0;24.49;60.25;2.14;
2022-06-28 11:00:00;898.0;731.84;222.0;24.89;58.35;1.86;
2022-06-28 12:00:00;906.0;788.47;186.0;25.38;54.55;1.72;
2022-06-28 13:00:00;699.0;392.05;362.0;25.53;54.55;1.52;
2022-06-28 14:00:00;440.0;97.83;365.0;26.07;52.85;1.52;
2022-06-28 15:00:00;559.0;555.75;203.0;26.19;52.85;1.45;
2022-06-28 16:00:00;435.0;630.5;126.0;26.11;52.85;1.24;
2022-06-28 17:00:00;252.0;445.63;107.0;25.68;56.5;0.76;
2022-06-28 18:00:00;89.0;183.91;60.0;24.7;69.05;0.76;
2022-06-28 19:00:00;0.0;0.0;0.0;23.71;66.65;1.66;
2022-06-28 20:00:00;0.0;0.0;0.0;22.42;68.75;1.86;
2022-06-28 21:00:00;0.0;0.0;0.0;21.23;75.95;1.79;
2022-06-28 22:00:00;0.0;0.0;0.0;20.26;81.15;1.66;
2022-06-28 23:00:00;0.0;0.0;0.0;19.33;81.1;1.59;
2022-06-29 00:00:00;0.0;0.0;0.0;19.21;83.85;1.52;
2022-06-29 01:00:00;0.0;0.0;0.0;19.05;83.85;1.45;
2022-06-29 02:00:00;0.0;0.0;0.0;18.86;83.85;1.17;
2022-06-29 03:00:00;0.0;0.0;0.0;18.89;81.05;0.97;
2022-06-29 04:00:00;9.0;0.0;9.0;18.98;81.05;0.83;
2022-06-29 05:00:00;44.0;0.0;44.0;19.18;86.8;0.76;
2022-06-29 06:00:00;266.0;230.04;173.0;21.27;73.35;0.83;
2022-06-29 07:00:00;503.0;624.5;151.0;22.39;62.05;1.59;
2022-06-29 08:00:00;643.0;636.59;195.0;23.03;56.0;1.72;
2022-06-29 09:00:00;796.0;769.3;169.0;23.73;54.2;1.45;
2022-06-29 10:00:00;887.0;807.95;168.0;24.81;54.35;1.31;
2022-06-29 11:00:00;932.0;830.73;165.0;25.35;52.6;1.31;
2022-06-29 12:00:00;924.0;838.0;159.0;26.32;51.05;1.52;
2022-06-29 13:00:00;865.0;830.79;151.0;26.69;49.45;1.45;
2022-06-29 14:00:00;740.0;751.44;164.0;26.89;47.9;1.24;
2022-06-29 15:00:00;603.0;719.7;142.0;26.84;49.45;1.17;
2022-06-29 16:00:00;429.0;608.1;131.0;26.58;51.2;1.03;
2022-06-29 17:00:00;199.0;187.52;138.0;26.2;54.7;1.03;
2022-06-29 18:00:00;42.0;6.35;41.0;25.31;66.85;0.83;
2022-06-29 19:00:00;0.0;0.0;0.0;24.3;76.35;0.97;
2022-06-29 20:00:00;0.0;0.0;0.0;23.19;76.2;1.03;
2022-06-29 21:00:00;0.0;0.0;0.0;22.88;73.7;0.83;
2022-06-29 22:00:00;0.0;0.0;0.0;22.36;73.6;0.55;
2022-06-29 23:00:00;0.0;0.0;0.0;21.67;78.65;0.62;
2022-06-30 00:00:00;0.0;0.0;0.0;20.91;81.3;0.76;
2022-06-30 01:00:00;0.0;0.0;0.0;20.59;81.2;0.69;
2022-06-30 02:00:00;0.0;0.0;0.0;20.56;81.2;0.28;
2022-06-30 03:00:00;0.0;0.0;0.0;20.12;83.95;0.14;
2022-06-30 04:00:00;21.0;28.4;19.0;19.56;83.9;0.28;
2022-06-30 05:00:00;102.0;51.01;90.0;19.61;86.85;0.41;
2022-06-30 06:00:00;177.0;39.69;161.0;21.22;84.05;0.21;
2022-06-30 07:00:00;379.0;225.75;252.0;22.9;71.25;0.69;
2022-06-30 08:00:00;618.0;567.72;219.0;23.71;66.65;0.55;
2022-06-30 09:00:00;774.0;715.99;191.0;24.54;66.75;0.34;
2022-06-30 10:00:00;864.0;754.53;193.0;25.3;64.6;0.21;
2022-06-30 11:00:00;907.0;780.21;187.0;26.04;60.6;0.34;
2022-06-30 12:00:00;828.0;591.74;288.0;26.67;58.7;0.76;
2022-06-30 13:00:00;423.0;43.06;386.0;26.86;56.85;0.9;
2022-06-30 14:00:00;537.0;236.17;356.0;26.97;56.85;0.62;
2022-06-30 15:00:00;317.0;53.09;283.0;26.84;58.7;0.21;
2022-06-30 16:00:00;354.0;310.24;202.0;25.02;71.64;1.46;
2022-06-30 17:00:00;252.0;458.26;103.0;24.57;72.95;1.44;
2022-06-30 18:00:00;93.0;228.89;57.0;24.11;74.26;1.43;
2022-06-30 19:00:00;0.0;0.0;0.0;23.65;75.57;1.41;
2022-06-30 20:00:00;0.0;0.0;0.0;23.19;76.88;1.39;
2022-06-30 21:00:00;0.0;0.0;0.0;22.73;78.19;1.38;
2022-06-30 22:00:00;0.0;0.0;0.0;22.28;79.5;1.36;
2022-06-30 23:00:00;0.0;0.0;0.0;21.82;80.82;1.34;
2022-07-01 00:00:00;0.0;0.0;0.0;21.36;82.13;1.33;
2022-07-01 01:00:00;0.0;0.0;0.0;20.9;83.44;1.31;
2022-07-01 02:00:00;0.0;0.0;0.0;20.44;84.75;1.3;
2022-07-01 03:00:00;0.0;0.0;0.0;19.99;86.06;1.28;
2022-07-01 04:00:00;0.0;0.0;0.0;19.53;87.37;1.26;
2022-07-01 05:00:00;125.0;267.83;62.0;19.07;88.68;1.25;
2022-07-01 06:00:00;307.0;540.82;89.0;18.61;90.0;1.23;
2022-07-01 07:00:00;301.0;113.76;237.0;18.16;91.31;1.21;
2022-07-01 08:00:00;430.0;165.05;314.0;21.97;73.55;1.03;
2022-07-01 09:00:00;615.0;337.73;340.0;23.29;68.85;0.83;
2022-07-01 10:00:00;386.0;21.37;367.0;25.11;54.45;2.21;
2022-07-01 11:00:00;923.0;814.88;171.0;26.58;43.05;2.97;
2022-07-01 12:00:00;942.0;864.59;153.0;27.49;32.65;3.45;
2022-07-01 13:00:00;879.0;827.5;168.0;28.11;28.35;3.1;
2022-07-01 14:00:00;793.0;838.99;150.0;28.56;26.5;2.69;
2022-07-01 15:00:00;655.0;796.32;145.0;28.62;26.5;2.62;
2022-07-01 16:00:00;499.0;765.4;124.0;27.94;30.5;1.93;
2022-07-01 17:00:00;323.0;682.77;101.0;26.93;36.2;1.31;
2022-07-01 18:00:00;155.0;565.86;66.0;25.87;39.95;2.0;
2022-07-01 19:00:00;0.0;0.0;0.0;24.35;39.55;2.97;
2022-07-01 20:00:00;0.0;0.0;0.0;23.3;32.75;4.14;
2022-07-01 21:00:00;0.0;0.0;0.0;22.51;30.3;4.55;
2022-07-01 22:00:00;0.0;0.0;0.0;21.8;31.3;4.76;
2022-07-01 23:00:00;0.0;0.0;0.0;21.14;33.45;4.83;
2022-07-02 00:00:00;0.0;0.0;0.0;20.51;35.9;4.62;
2022-07-02 01:00:00;0.0;0.0;0.0;19.84;38.5;4.34;
2022-07-02 02:00:00;0.0;0.0;0.0;19.24;41.15;4.0;
2022-07-02 03:00:00;0.0;0.0;0.0;18.68;42.6;3.52;
2022-07-02 04:00:00;0.0;0.0;0.0;18.21;47.4;3.1;
2022-07-02 05:00:00;116.0;205.24;68.0;18.28;49.3;2.76;
2022-07-02 06:00:00;301.0;512.65;95.0;19.89;49.7;2.41;
2022-07-02 07:00:00;479.0;641.21;119.0;22.4;37.75;3.31;
2022-07-02 08:00:00;651.0;742.34;130.0;24.23;36.7;3.03;
2022-07-02 09:00:00;803.0;828.59;129.0;25.81;32.25;2.55;
2022-07-02 10:00:00;870.0;773.09;183.0;27.14;30.25;2.07;
2022-07-02 11:00:00;961.0;891.22;139.0;28.2;28.35;1.93;
2022-07-02 12:00:00;966.0;905.5;140.0;29.02;27.6;1.79;
2022-07-02 13:00:00;902.0;870.83;154.0;29.59;27.75;1.59;
2022-07-02 14:00:00;806.0;857.48;149.0;30.11;26.9;1.72;
2022-07-02 15:00:00;673.0;838.71;136.0;30.3;26.9;1.66;
2022-07-02 16:00:00;507.0;786.11;122.0;30.2;26.9;1.45;
2022-07-02 17:00:00;329.0;707.91;99.0;29.75;28.75;0.83;
2022-07-02 18:00:00;159.0;598.94;65.0;28.8;32.9;0.14;
2022-07-02 19:00:00;0.0;0.0;0.0;26.28;39.95;1.72;
2022-07-02 20:00:00;0.0;0.0;0.0;24.4;47.25;1.38;
2022-07-02 21:00:00;0.0;0.0;0.0;24.95;38.3;0.48;
2022-07-02 22:00:00;0.0;0.0;0.0;23.94;39.45;0.76;
2022-07-02 23:00:00;0.0;0.0;0.0;19.95;59.35;1.52;
2022-07-03 00:00:00;0.0;0.0;0.0;18.56;65.65;1.72;
2022-07-03 01:00:00;0.0;0.0;0.0;18.09;67.95;1.66;
2022-07-03 02:00:00;0.0;0.0;0.0;17.53;67.85;1.66;
2022-07-03 03:00:00;0.0;0.0;0.0;17.01;70.2;1.72;
2022-07-03 04:00:00;0.0;0.0;0.0;16.55;75.25;1.86;
2022-07-03 05:00:00;116.0;219.4;65.0;17.62;78.1;1.72;
2022-07-03 06:00:00;292.0;489.37;96.0;21.94;55.8;1.66;
2022-07-03 07:00:00;468.0;619.36;121.0;24.05;52.35;2.21;
2022-07-03 08:00:00;627.0;692.06;142.0;25.4;47.5;2.48;
2022-07-03 09:00:00;779.0;785.16;141.0;26.39;43.05;2.41;
2022-07-03 10:00:00;864.0;783.84;168.0;27.36;38.95;2.41;
2022-07-03 11:00:00;934.0;847.27;153.0;28.3;36.45;2.34;
2022-07-03 12:00:00;938.0;860.95;153.0;28.82;35.3;2.14;
2022-07-03 13:00:00;886.0;850.2;156.0;29.59;33.15;2.0;
2022-07-03 14:00:00;791.0;835.58;151.0;29.9;31.0;1.93;
2022-07-03 15:00:00;660.0;815.58;138.0;29.96;31.0;1.93;
2022-07-03 16:00:00;497.0;762.02;124.0;29.87;31.0;1.86;
2022-07-03 17:00:00;321.0;677.82;101.0;29.22;34.2;2.14;
2022-07-03 18:00:00;153.0;562.27;65.0;28.03;36.45;2.62;
2022-07-03 19:00:00;0.0;0.0;0.0;25.75;41.25;2.83;
2022-07-03 20:00:00;0.0;0.0;0.0;24.62;44.05;2.9;
2022-07-03 21:00:00;0.0;0.0;0.0;23.94;43.9;3.03;
2022-07-03 22:00:00;0.0;0.0;0.0;23.46;45.35;3.17;
2022-07-03 23:00:00;0.0;0.0;0.0;22.86;43.75;3.1;
2022-07-04 00:00:00;0.0;0.0;0.0;22.24;45.1;3.03;
2022-07-04 01:00:00;0.0;0.0;0.0;21.9;45.1;2.97;
2022-07-04 02:00:00;0.0;0.0;0.0;21.37;46.6;2.69;
2022-07-04 03:00:00;0.0;0.0;0.0;21.02;48.2;2.34;
2022-07-04 04:00:00;0.0;0.0;0.0;20.46;53.5;0.0;
2022-07-04 05:00:00;23.0;0.0;23.0;20.52;61.6;0.0;
2022-07-04 06:00:00;128.0;12.53;123.0;22.42;50.3;1.59;
2022-07-04 07:00:00;203.0;16.1;194.0;22.74;54.0;2.34;
2022-07-04 08:00:00;429.0;172.93;308.0;23.95;50.55;2.41;
2022-07-04 09:00:00;686.0;524.85;260.0;24.85;47.4;2.28;
2022-07-04 10:00:00;815.0;653.75;235.0;25.87;42.9;2.34;
2022-07-04 11:00:00;760.0;420.11;373.0;27.17;40.25;2.21;
2022-07-04 12:00:00;905.0;784.58;190.0;28.0;37.75;2.14;
2022-07-04 13:00:00;632.0;251.67;416.0;28.4;36.6;1.93;
2022-07-04 14:00:00;684.0;515.92;289.0;29.15;35.45;1.79;
2022-07-04 15:00:00;293.0;23.45;278.0;29.15;35.45;1.72;
2022-07-04 16:00:00;48.0;0.0;48.0;28.85;35.45;1.31;
2022-07-04 17:00:00;82.0;0.0;82.0;28.53;36.6;2.07;
2022-07-04 18:00:00;44.0;0.0;44.0;27.55;38.95;1.93;
2022-07-04 19:00:00;0.0;0.0;0.0;25.52;54.55;0.62;
2022-07-04 20:00:00;0.0;0.0;0.0;25.27;52.6;0.41;
2022-07-04 21:00:00;0.0;0.0;0.0;24.42;54.35;0.62;
2022-07-04 22:00:00;0.0;0.0;0.0;23.1;60.05;0.83;
2022-07-04 23:00:00;0.0;0.0;0.0;22.07;61.95;2.21;
2022-07-05 00:00:00;0.0;0.0;0.0;20.28;73.3;1.38;
2022-07-05 01:00:00;0.0;0.0;0.0;19.66;81.1;0.34;
2022-07-05 02:00:00;0.0;0.0;0.0;19.22;86.8;0.34;
2022-07-05 03:00:00;0.0;0.0;0.0;18.72;92.85;0.62;
2022-07-05 04:00:00;0.0;0.0;0.0;18.31;89.75;0.69;
2022-07-05 05:00:00;93.0;100.26;70.0;17.86;92.85;0.97;
2022-07-05 06:00:00;238.0;246.42;140.0;17.77;92.85;0.9;
2022-07-05 07:00:00;163.0;1.79;162.0;19.44;81.1;0.97;
2022-07-05 08:00:00;103.0;0.0;103.0;20.3;73.3;1.17;
2022-07-05 09:00:00;208.0;0.0;208.0;20.93;70.9;1.59;
2022-07-05 10:00:00;791.0;575.36;281.0;22.41;57.9;2.76;
2022-07-05 11:00:00;817.0;535.55;324.0;23.99;43.9;3.79;
2022-07-05 12:00:00;925.0;827.85;171.0;24.86;34.4;4.14;
2022-07-05 13:00:00;869.0;797.37;185.0;25.83;28.9;4.21;
2022-07-05 14:00:00;411.0;57.5;367.0;26.24;26.85;4.0;
2022-07-05 15:00:00;647.0;769.54;155.0;26.3;25.85;3.86;
2022-07-05 16:00:00;327.0;159.6;249.0;26.21;25.85;3.59;
2022-07-05 17:00:00;308.0;593.24;116.0;25.65;28.75;2.97;
2022-07-05 18:00:00;153.0;566.44;65.0;24.26;36.7;2.07;
2022-07-05 19:00:00;0.0;0.0;0.0;22.05;53.85;1.66;
2022-07-05 20:00:00;0.0;0.0;0.0;19.99;65.95;1.59;
2022-07-05 21:00:00;0.0;0.0;0.0;18.67;72.95;1.52;
2022-07-05 22:00:00;0.0;0.0;0.0;17.46;75.4;1.72;
2022-07-05 23:00:00;0.0;0.0;0.0;16.55;77.95;1.93;
2022-07-06 00:00:00;0.0;0.0;0.0;16.02;75.15;2.0;
2022-07-06 01:00:00;0.0;0.0;0.0;15.66;77.8;2.07;
2022-07-06 02:00:00;0.0;0.0;0.0;15.16;83.45;2.07;
2022-07-06 03:00:00;0.0;0.0;0.0;14.68;86.4;2.07;
2022-07-06 04:00:00;0.0;0.0;0.0;14.4;86.4;1.93;
2022-07-06 05:00:00;70.0;30.73;63.0;15.46;86.5;1.52;
2022-07-06 06:00:00;237.0;242.3;141.0;17.91;70.35;1.66;
2022-07-06 07:00:00;403.0;377.43;193.0;19.55;65.85;1.86;
2022-07-06 08:00:00;498.0;302.54;287.0;20.8;59.6;2.0;
2022-07-06 09:00:00;756.0;720.02;173.0;21.88;53.85;1.86;
2022-07-06 10:00:00;853.0;746.41;192.0;22.86;50.45;1.72;
2022-07-06 11:00:00;923.0;818.61;170.0;23.71;48.7;1.52;
2022-07-06 12:00:00;858.0;633.91;281.0;24.38;44.05;1.52;
2022-07-06 13:00:00;0.0;0.0;0.0;24.9;42.65;1.52;
2022-07-06 14:00:00;787.0;818.53;161.0;25.07;42.65;1.72;
2022-07-06 15:00:00;657.0;802.96;144.0;25.36;39.85;1.72;
2022-07-06 16:00:00;357.0;229.4;245.0;25.18;41.15;1.59;
2022-07-06 17:00:00;76.0;0.0;76.0;24.92;42.65;1.31;
2022-07-06 18:00:00;112.0;187.53;83.0;24.09;50.55;1.38;
2022-07-06 19:00:00;0.0;0.0;0.0;22.44;57.9;1.24;
2022-07-06 20:00:00;0.0;0.0;0.0;21.01;63.9;1.31;
2022-07-06 21:00:00;0.0;0.0;0.0;20.24;65.95;1.17;
2022-07-06 22:00:00;0.0;0.0;0.0;19.7;68.2;1.1;
2022-07-06 23:00:00;0.0;0.0;0.0;19.06;68.1;1.03;
2022-07-07 00:00:00;0.0;0.0;0.0;17.73;72.9;1.38;
2022-07-07 01:00:00;0.0;0.0;0.0;17.18;78.0;1.52;
2022-07-07 02:00:00;0.0;0.0;0.0;17.21;78.0;1.52;
2022-07-07 03:00:00;0.0;0.0;0.0;16.73;75.3;1.72;
2022-07-07 04:00:00;0.0;0.0;0.0;16.82;78.0;1.66;
2022-07-07 05:00:00;47.0;4.42;46.0;17.14;83.65;1.24;
2022-07-07 06:00:00;48.0;0.0;48.0;19.49;65.85;1.31;
2022-07-07 07:00:00;159.0;1.8;158.0;20.61;70.8;1.52;
2022-07-07 08:00:00;298.0;30.16;277.0;21.07;66.15;2.07;
2022-07-07 09:00:00;619.0;359.85;328.0;21.49;66.25;2.0;
2022-07-07 10:00:00;647.0;278.06;401.0;22.48;62.05;2.07;
2022-07-07 11:00:00;899.0;762.68;198.0;23.42;60.05;2.34;
2022-07-07 12:00:00;888.0;731.09;223.0;23.97;58.1;2.69;
2022-07-07 13:00:00;840.0;720.13;223.0;24.38;56.25;2.9;
2022-07-07 14:00:00;646.0;413.46;330.0;24.01;58.1;2.97;
2022-07-07 15:00:00;380.0;97.12;318.0;23.89;60.15;2.69;
2022-07-07 16:00:00;325.0;157.9;248.0;22.11;71.05;1.24;
2022-07-07 17:00:00;80.0;0.0;80.0;20.65;78.5;1.86;
2022-07-07 18:00:00;19.0;0.0;19.0;19.04;86.8;2.0;
2022-07-07 19:00:00;0.0;0.0;0.0;18.15;89.75;2.41;
2022-07-07 20:00:00;0.0;0.0;0.0;17.28;89.7;2.62;
2022-07-07 21:00:00;0.0;0.0;0.0;16.61;92.8;2.28;
2022-07-07 22:00:00;0.0;0.0;0.0;16.3;92.8;1.52;
2022-07-07 23:00:00;0.0;0.0;0.0;15.85;96.0;0.97;
2022-07-08 00:00:00;0.0;0.0;0.0;15.36;96.0;1.1;
2022-07-08 01:00:00;0.0;0.0;0.0;15.07;96.0;0.9;
2022-07-08 02:00:00;0.0;0.0;0.0;14.93;99.4;0.48;
2022-07-08 03:00:00;0.0;0.0;0.0;14.97;96.0;0.28;
2022-07-08 04:00:00;0.0;0.0;0.0;14.76;96.0;0.48;
2022-07-08 05:00:00;94.0;115.88;68.0;15.36;96.0;0.62;
2022-07-08 06:00:00;280.0;447.77;104.0;16.67;86.55;0.48;
2022-07-08 07:00:00;437.0;507.62;156.0;17.59;80.85;0.69;
2022-07-08 08:00:00;611.0;638.9;167.0;18.79;73.05;0.28;
2022-07-08 09:00:00;758.0;724.39;173.0;20.1;68.3;0.28;
2022-07-08 10:00:00;753.0;478.63;330.0;21.28;61.85;0.48;
2022-07-08 11:00:00;886.0;707.8;236.0;22.08;59.8;0.83;
2022-07-08 12:00:00;910.0;774.53;206.0;22.78;56.0;1.1;
2022-07-08 13:00:00;894.0;863.13;155.0;23.26;54.1;1.03;
2022-07-08 14:00:00;781.0;793.51;175.0;23.81;50.55;1.1;
2022-07-08 15:00:00;652.0;779.28;155.0;23.96;48.8;1.24;
2022-07-08 16:00:00;198.0;10.27;193.0;23.73;48.7;1.31;
2022-07-08 17:00:00;29.0;0.0;29.0;23.4;48.7;1.17;
2022-07-08 18:00:00;13.0;0.0;13.0;22.61;57.9;1.31;
2022-07-08 19:00:00;0.0;0.0;0.0;21.03;59.6;1.72;
2022-07-08 20:00:00;0.0;0.0;0.0;19.64;63.6;2.28;
2022-07-08 21:00:00;0.0;0.0;0.0;19.23;65.75;2.97;
2022-07-08 22:00:00;0.0;0.0;0.0;18.53;70.45;3.31;
2022-07-08 23:00:00;0.0;0.0;0.0;17.72;78.1;2.28;
2022-07-09 00:00:00;0.0;0.0;0.0;16.83;80.8;2.14;
2022-07-09 01:00:00;0.0;0.0;0.0;16.32;83.6;2.07;
2022-07-09 02:00:00;0.0;0.0;0.0;15.96;83.55;1.86;
2022-07-09 03:00:00;0.0;0.0;0.0;15.55;83.5;1.93;
2022-07-09 04:00:00;0.0;0.0;0.0;15.14;89.5;1.45;
2022-07-09 05:00:00;19.0;0.0;19.0;15.51;89.55;1.03;
2022-07-09 06:00:00;108.0;5.11;106.0;15.87;89.6;1.17;
2022-07-09 07:00:00;41.0;0.0;41.0;16.64;89.65;1.31;
2022-07-09 08:00:00;145.0;0.0;145.0;18.35;75.55;1.24;
2022-07-09 09:00:00;454.0;100.44;373.0;19.28;73.15;0.83;
2022-07-09 10:00:00;691.0;355.68;377.0;20.46;70.8;0.21;
2022-07-09 11:00:00;765.0;426.15;374.0;21.17;68.5;0.14;
2022-07-09 12:00:00;568.0;125.52;454.0;22.1;64.1;0.69;
2022-07-09 13:00:00;877.0;828.72;168.0;22.78;58.0;1.24;
2022-07-09 14:00:00;703.0;559.59;276.0;22.49;57.9;1.1;
2022-07-09 15:00:00;59.0;0.0;59.0;22.25;59.8;1.72;
2022-07-09 16:00:00;446.0;536.78;185.0;20.88;63.9;2.62;
2022-07-09 17:00:00;120.0;6.24;118.0;20.33;68.4;2.0;
2022-07-09 18:00:00;150.0;566.13;64.0;20.03;70.7;1.17;
2022-07-09 19:00:00;0.0;0.0;0.0;19.93;70.7;1.1;
2022-07-09 20:00:00;0.0;0.0;0.0;18.48;78.25;1.24;
2022-07-09 21:00:00;0.0;0.0;0.0;17.98;78.15;1.1;
2022-07-09 22:00:00;0.0;0.0;0.0;18.35;72.95;0.83;
2022-07-09 23:00:00;0.0;0.0;0.0;18.48;72.95;0.62;
2022-07-10 00:00:00;0.0;0.0;0.0;18.11;75.45;0.69;
2022-07-10 01:00:00;0.0;0.0;0.0;16.14;86.5;1.17;
2022-07-10 02:00:00;0.0;0.0;0.0;15.34;89.55;1.17;
2022-07-10 03:00:00;0.0;0.0;0.0;15.18;92.7;0.97;
2022-07-10 04:00:00;0.0;0.0;0.0;14.96;92.7;0.83;
2022-07-10 05:00:00;10.0;0.0;10.0;15.4;92.75;0.97;
2022-07-10 06:00:00;29.0;0.0;29.0;17.42;86.65;1.31;
2022-07-10 07:00:00;91.0;0.0;91.0;18.11;83.75;2.0;
2022-07-10 08:00:00;251.0;10.11;244.0;18.99;78.3;2.07;
2022-07-10 09:00:00;243.0;1.24;242.0;20.49;70.8;2.0;
2022-07-10 10:00:00;142.0;0.0;142.0;21.5;66.25;0.0;
2022-07-10 11:00:00;392.0;17.45;376.0;22.65;59.95;0.0;
2022-07-10 12:00:00;918.0;823.19;171.0;23.31;54.1;2.07;
2022-07-10 13:00:00;560.0;150.91;431.0;23.73;52.25;2.41;
2022-07-10 14:00:00;796.0;857.87;142.0;23.96;48.8;1.31;
2022-07-10 15:00:00;305.0;29.86;286.0;23.88;48.8;1.03;
2022-07-10 16:00:00;69.0;0.0;69.0;23.35;50.45;0.55;
2022-07-10 17:00:00;145.0;21.89;138.0;23.08;48.7;0.83;
2022-07-10 18:00:00;61.0;6.63;60.0;22.19;61.95;0.76;
2022-07-10 19:00:00;0.0;0.0;0.0;20.91;66.15;1.52;
2022-07-10 20:00:00;0.0;0.0;0.0;19.09;78.3;1.52;
2022-07-10 21:00:00;0.0;0.0;0.0;18.36;75.55;1.31;
2022-07-10 22:00:00;0.0;0.0;0.0;17.68;80.85;1.31;
2022-07-10 23:00:00;0.0;0.0;0.0;17.19;83.65;1.31;
2022-07-11 00:00:00;0.0;0.0;0.0;16.83;80.8;1.1;
2022-07-11 01:00:00;0.0;0.0;0.0;16.85;80.8;0.83;
2022-07-11 02:00:00;0.0;0.0;0.0;16.71;80.75;0.55;
2022-07-11 03:00:00;0.0;0.0;0.0;16.22;80.75;0.34;
2022-07-11 04:00:00;0.0;0.0;0.0;15.84;80.65;0.28;
2022-07-11 05:00:00;45.0;4.57;44.0;16.07;83.55;0.41;
2022-07-11 06:00:00;192.0;123.73;144.0;17.55;80.85;0.34;
2022-07-11 07:00:00;450.0;599.32;121.0;19.97;73.2;0.41;
2022-07-11 08:00:00;606.0;657.12;152.0;21.76;66.25;0.62;
2022-07-11 09:00:00;777.0;808.4;127.0;23.31;60.05;0.55;
2022-07-11 10:00:00;856.0;789.11;161.0;24.65;56.25;0.41;
2022-07-11 11:00:00;932.0;862.71;142.0;25.72;50.95;0.55;
2022-07-11 12:00:00;933.0;865.86;148.0;26.56;47.75;0.21;
2022-07-11 13:00:00;891.0;878.18;141.0;27.06;44.7;0.62;
2022-07-11 14:00:00;791.0;852.18;142.0;27.33;44.8;1.59;
2022-07-11 15:00:00;638.0;759.99;155.0;27.29;46.25;2.62;
2022-07-11 16:00:00;304.0;123.84;244.0;26.46;49.45;3.03;
2022-07-11 17:00:00;312.0;658.82;102.0;25.42;52.75;2.9;
2022-07-11 18:00:00;128.0;354.27;75.0;24.0;60.15;2.34;
2022-07-11 19:00:00;0.0;0.0;0.0;23.01;62.15;1.72;
2022-07-11 20:00:00;0.0;0.0;0.0;21.42;71.0;1.52;
2022-07-11 21:00:00;0.0;0.0;0.0;19.95;78.45;1.66;
2022-07-11 22:00:00;0.0;0.0;0.0;18.82;81.05;1.66;
2022-07-11 23:00:00;0.0;0.0;0.0;17.9;83.75;1.31;
2022-07-12 00:00:00;0.0;0.0;0.0;17.07;89.65;1.24;
2022-07-12 01:00:00;0.0;0.0;0.0;16.29;89.65;1.38;
2022-07-12 02:00:00;0.0;0.0;0.0;15.55;92.75;1.72;
2022-07-12 03:00:00;0.0;0.0;0.0;15.15;92.7;1.72;
2022-07-12 04:00:00;0.0;0.0;0.0;15.0;92.7;1.66;
2022-07-12 05:00:00;89.0;119.92;63.0;16.16;92.75;1.24;
2022-07-12 06:00:00;266.0;416.97;105.0;19.43;75.7;0.83;
2022-07-12 07:00:00;442.0;571.87;129.0;21.36;73.45;1.1;
2022-07-12 08:00:00;626.0;722.31;128.0;23.7;62.15;1.1;
2022-07-12 09:00:00;786.0;832.09;118.0;25.23;54.45;0.48;
2022-07-12 10:00:00;857.0;792.37;160.0;26.34;49.45;0.69;
2022-07-12 11:00:00;939.0;877.83;136.0;26.95;47.9;1.24;
2022-07-12 12:00:00;944.0;892.09;136.0;27.51;44.8;1.1;
2022-07-12 13:00:00;892.0;881.38;140.0;27.74;43.3;0.69;
2022-07-12 14:00:00;784.0;832.09;151.0;27.94;41.95;0.83;
2022-07-12 15:00:00;632.0;732.7;167.0;27.94;41.95;1.03;
2022-07-12 16:00:00;376.0;295.76;233.0;27.66;43.3;1.59;
2022-07-12 17:00:00;53.0;0.0;53.0;26.99;46.25;1.79;
2022-07-12 18:00:00;22.0;0.0;22.0;25.55;64.7;1.1;
2022-07-12 19:00:00;0.0;0.0;0.0;23.9;56.15;1.79;
2022-07-12 20:00:00;0.0;0.0;0.0;22.42;59.95;1.93;
2022-07-12 21:00:00;0.0;0.0;0.0;21.48;61.85;2.0;
2022-07-12 22:00:00;0.0;0.0;0.0;20.58;68.4;1.86;
2022-07-12 23:00:00;0.0;0.0;0.0;19.8;68.3;2.21;
2022-07-13 00:00:00;0.0;0.0;0.0;19.27;73.15;2.07;
2022-07-13 01:00:00;0.0;0.0;0.0;18.45;78.25;1.93;
2022-07-13 02:00:00;0.0;0.0;0.0;17.71;83.7;1.79;
2022-07-13 03:00:00;0.0;0.0;0.0;16.98;86.6;1.66;
2022-07-13 04:00:00;0.0;0.0;0.0;16.43;89.65;1.38;
2022-07-13 05:00:00;76.0;69.84;61.0;17.43;86.65;0.9;
2022-07-13 06:00:00;270.0;455.42;95.0;20.51;73.3;0.21;
2022-07-13 07:00:00;357.0;267.57;211.0;21.59;68.6;0.9;
2022-07-13 08:00:00;593.0;619.21;167.0;22.97;60.05;0.69;
2022-07-13 09:00:00;742.0;718.65;166.0;24.12;60.15;0.83;
2022-07-13 10:00:00;794.0;615.82;253.0;24.99;56.35;1.03;
2022-07-13 11:00:00;885.0;744.19;205.0;25.81;52.85;1.1;
2022-07-13 12:00:00;906.0;802.38;180.0;26.2;52.85;1.45;
2022-07-13 13:00:00;722.0;428.25;357.0;26.63;51.2;1.31;
2022-07-13 14:00:00;785.0;840.98;146.0;26.86;47.9;0.69;
2022-07-13 15:00:00;650.0;808.0;138.0;26.41;49.45;0.55;
2022-07-13 16:00:00;487.0;754.53;123.0;26.45;47.75;1.24;
2022-07-13 17:00:00;310.0;660.57;101.0;25.46;52.75;1.79;
2022-07-13 18:00:00;142.0;524.14;65.0;24.5;58.2;1.52;
2022-07-13 19:00:00;0.0;0.0;0.0;23.79;64.4;1.45;
2022-07-13 20:00:00;0.0;0.0;0.0;22.1;68.7;1.52;
2022-07-13 21:00:00;0.0;0.0;0.0;21.24;70.9;1.38;
2022-07-13 22:00:00;0.0;0.0;0.0;22.21;64.1;0.62;
2022-07-13 23:00:00;0.0;0.0;0.0;21.75;66.25;0.34;
2022-07-14 00:00:00;0.0;0.0;0.0;20.67;70.8;0.83;
2022-07-14 01:00:00;0.0;0.0;0.0;20.24;73.2;0.76;
2022-07-14 02:00:00;0.0;0.0;0.0;19.55;75.7;0.83;
2022-07-14 03:00:00;0.0;0.0;0.0;18.47;81.0;0.83;
2022-07-14 04:00:00;0.0;0.0;0.0;17.6;86.65;0.83;
2022-07-14 05:00:00;86.0;112.84;62.0;18.1;86.7;0.62;
2022-07-14 06:00:00;257.0;381.85;111.0;21.02;78.55;0.48;
2022-07-14 07:00:00;446.0;595.65;122.0;22.82;68.85;0.34;
2022-07-14 08:00:00;609.0;675.95;145.0;24.23;66.65;0.34;
2022-07-14 09:00:00;771.0;793.6;136.0;25.51;58.45;0.69;
2022-07-14 10:00:00;835.0;724.94;199.0;26.62;54.8;0.97;
2022-07-14 11:00:00;941.0;882.02;136.0;27.71;49.7;1.17;
2022-07-14 12:00:00;937.0;874.07;147.0;28.36;43.55;1.31;
2022-07-14 13:00:00;885.0;863.33;150.0;28.51;43.55;1.31;
2022-07-14 14:00:00;785.0;836.79;150.0;29.09;42.2;1.17;
2022-07-14 15:00:00;654.0;817.24;137.0;29.36;40.9;0.97;
2022-07-14 16:00:00;490.0;764.67;122.0;29.34;42.2;0.76;
2022-07-14 17:00:00;312.0;669.67;101.0;29.19;42.2;0.62;
2022-07-14 18:00:00;143.0;543.28;64.0;27.68;60.9;0.9;
2022-07-14 19:00:00;0.0;0.0;0.0;25.51;60.45;1.38;
2022-07-14 20:00:00;0.0;0.0;0.0;24.42;56.25;1.17;
2022-07-14 21:00:00;0.0;0.0;0.0;24.05;52.35;0.9;
2022-07-14 22:00:00;0.0;0.0;0.0;23.93;47.15;0.62;
2022-07-14 23:00:00;0.0;0.0;0.0;23.01;48.7;0.9;
2022-07-15 00:00:00;0.0;0.0;0.0;21.18;55.55;1.1;
2022-07-15 01:00:00;0.0;0.0;0.0;20.15;59.35;1.1;
2022-07-15 02:00:00;0.0;0.0;0.0;19.28;61.4;0.97;
2022-07-15 03:00:00;0.0;0.0;0.0;18.57;65.65;0.83;
2022-07-15 04:00:00;0.0;0.0;0.0;17.85;67.95;0.83;
2022-07-15 05:00:00;89.0;137.74;60.0;18.36;68.05;0.69;
2022-07-15 06:00:00;262.0;417.99;103.0;20.99;66.15;0.48;
2022-07-15 07:00:00;440.0;573.61;129.0;23.83;56.15;0.62;
2022-07-15 08:00:00;624.0;725.67;127.0;25.33;49.2;0.97;
2022-07-15 09:00:00;761.0;772.44;144.0;26.55;44.55;1.17;
2022-07-15 10:00:00;857.0;796.72;159.0;27.69;41.8;1.31;
2022-07-15 11:00:00;940.0;883.1;135.0;28.44;39.25;1.45;
2022-07-15 12:00:00;936.0;873.97;147.0;29.09;36.7;1.52;
2022-07-15 13:00:00;884.0;863.19;150.0;29.75;36.85;1.59;
2022-07-15 14:00:00;789.0;849.82;145.0;30.26;35.7;1.59;
2022-07-15 15:00:00;653.0;818.69;136.0;30.44;35.85;1.59;
2022-07-15 16:00:00;489.0;764.57;122.0;30.35;36.95;1.38;
2022-07-15 17:00:00;302.0;615.29;109.0;29.84;40.9;1.52;
2022-07-15 18:00:00;135.0;465.86;68.0;28.3;51.55;1.52;
2022-07-15 19:00:00;0.0;0.0;0.0;26.27;51.05;2.21;
2022-07-15 20:00:00;0.0;0.0;0.0;24.49;56.25;2.41;
2022-07-15 21:00:00;0.0;0.0;0.0;23.2;60.05;2.48;
2022-07-15 22:00:00;0.0;0.0;0.0;22.09;64.1;2.28;
2022-07-15 23:00:00;0.0;0.0;0.0;21.05;68.5;2.07;
2022-07-16 00:00:00;0.0;0.0;0.0;20.1;75.75;1.86;
2022-07-16 01:00:00;0.0;0.0;0.0;19.41;78.35;1.59;
2022-07-16 02:00:00;0.0;0.0;0.0;18.83;81.05;1.45;
2022-07-16 03:00:00;0.0;0.0;0.0;18.37;83.8;1.38;
2022-07-16 04:00:00;0.0;0.0;0.0;18.02;86.7;1.31;
2022-07-16 05:00:00;74.0;76.8;58.0;18.81;83.85;1.24;
2022-07-16 06:00:00;228.0;272.21;125.0;22.11;73.55;1.38;
2022-07-16 07:00:00;200.0;18.51;190.0;24.12;71.35;1.59;
2022-07-16 08:00:00;272.0;20.49;258.0;25.57;66.95;1.72;
2022-07-16 09:00:00;149.0;0.0;149.0;27.19;60.8;1.52;
2022-07-16 10:00:00;811.0;682.43;214.0;28.41;55.3;1.31;
2022-07-16 11:00:00;901.0;809.53;164.0;29.66;51.9;1.52;
2022-07-16 12:00:00;912.0;835.1;159.0;30.61;48.75;1.86;
2022-07-16 13:00:00;532.0;128.35;423.0;31.18;45.7;2.21;
2022-07-16 14:00:00;723.0;658.13;225.0;31.77;42.85;2.48;
2022-07-16 15:00:00;362.0;84.09;309.0;31.75;42.85;2.34;
2022-07-16 16:00:00;464.0;672.69;142.0;31.42;41.4;2.21;
2022-07-16 17:00:00;308.0;672.71;98.0;30.55;45.6;1.79;
2022-07-16 18:00:00;125.0;379.93;71.0;29.27;51.8;1.86;
2022-07-16 19:00:00;0.0;0.0;0.0;27.62;51.45;2.55;
2022-07-16 20:00:00;0.0;0.0;0.0;25.99;54.7;2.83;
2022-07-16 21:00:00;0.0;0.0;0.0;24.84;58.35;2.76;
2022-07-16 22:00:00;0.0;0.0;0.0;23.89;64.4;2.55;
2022-07-16 23:00:00;0.0;0.0;0.0;23.08;68.85;2.41;
2022-07-17 00:00:00;0.0;0.0;0.0;22.34;71.15;2.28;
2022-07-17 01:00:00;0.0;0.0;0.0;21.53;78.65;2.0;
2022-07-17 02:00:00;0.0;0.0;0.0;20.74;81.2;1.93;
2022-07-17 03:00:00;0.0;0.0;0.0;20.08;83.95;1.93;
2022-07-17 04:00:00;0.0;0.0;0.0;19.52;86.85;1.79;
2022-07-17 05:00:00;72.0;72.78;57.0;20.01;83.95;1.59;
2022-07-17 06:00:00;232.0;297.61;120.0;22.86;71.25;1.79;
2022-07-17 07:00:00;413.0;488.37;150.0;24.29;73.85;1.45;
2022-07-17 08:00:00;589.0;635.25;156.0;26.05;67.05;1.24;
2022-07-17 09:00:00;748.0;757.65;145.0;27.8;60.9;1.17;
2022-07-17 10:00:00;820.0;712.08;198.0;29.25;55.4;1.31;
2022-07-17 11:00:00;915.0;844.7;147.0;30.51;48.75;1.45;
2022-07-17 12:00:00;922.0;859.48;148.0;31.58;44.3;1.79;
2022-07-17 13:00:00;861.0;825.36;161.0;32.13;41.55;1.93;
2022-07-17 14:00:00;768.0;811.38;155.0;32.66;38.95;1.72;
2022-07-17 15:00:00;642.0;801.26;138.0;33.08;37.75;1.72;
2022-07-17 16:00:00;472.0;714.51;131.0;33.08;36.5;1.59;
2022-07-17 17:00:00;294.0;595.67;109.0;32.55;41.65;1.45;
2022-07-17 18:00:00;129.0;434.65;68.0;31.05;52.25;1.45;
2022-07-17 19:00:00;0.0;0.0;0.0;28.53;61.1;1.03;
2022-07-17 20:00:00;0.0;0.0;0.0;28.09;55.15;0.69;
2022-07-17 21:00:00;0.0;0.0;0.0;25.57;66.95;1.17;
2022-07-17 22:00:00;0.0;0.0;0.0;23.69;73.7;1.66;
2022-07-17 23:00:00;0.0;0.0;0.0;22.75;71.15;1.72;
2022-07-18 00:00:00;0.0;0.0;0.0;22.16;68.7;1.66;
2022-07-18 01:00:00;0.0;0.0;0.0;21.84;66.35;1.38;
2022-07-18 02:00:00;0.0;0.0;0.0;21.87;64.1;1.03;
2022-07-18 03:00:00;0.0;0.0;0.0;21.68;66.25;0.97;
2022-07-18 04:00:00;0.0;0.0;0.0;22.36;62.05;0.55;
2022-07-18 05:00:00;60.0;34.35;53.0;22.53;62.05;0.41;
2022-07-18 06:00:00;197.0;168.34;134.0;22.79;76.2;0.0;
2022-07-18 07:00:00;301.0;152.8;219.0;24.97;58.35;1.03;
2022-07-18 08:00:00;510.0;391.21;244.0;26.17;52.85;0.76;
2022-07-18 09:00:00;658.0;502.28;259.0;27.02;49.55;0.28;
2022-07-18 10:00:00;751.0;533.17;286.0;28.18;46.5;0.83;
2022-07-18 11:00:00;872.0;743.44;197.0;29.12;42.2;1.45;
2022-07-18 12:00:00;81.0;0.0;81.0;29.67;39.5;2.55;
2022-07-18 13:00:00;356.0;14.17;344.0;29.67;39.5;2.62;
2022-07-18 14:00:00;482.0;139.21;377.0;29.66;40.9;2.41;
2022-07-18 15:00:00;372.0;97.19;311.0;30.13;39.65;2.07;
2022-07-18 16:00:00;238.0;42.04;218.0;29.98;39.65;2.9;
2022-07-18 17:00:00;138.0;22.66;131.0;29.08;43.65;3.17;
2022-07-18 18:00:00;40.0;0.0;40.0;27.29;53.1;1.38;
2022-07-18 19:00:00;0.0;0.0;0.0;25.65;64.7;1.17;
2022-07-18 20:00:00;0.0;0.0;0.0;24.17;76.3;1.72;
2022-07-18 21:00:00;0.0;0.0;0.0;22.87;76.2;2.14;
2022-07-18 22:00:00;0.0;0.0;0.0;22.24;81.4;2.34;
2022-07-18 23:00:00;0.0;0.0;0.0;20.71;86.9;3.1;
2022-07-19 00:00:00;0.0;0.0;0.0;19.72;83.9;2.76;
2022-07-19 01:00:00;0.0;0.0;0.0;18.92;83.85;1.59;
2022-07-19 02:00:00;0.0;0.0;0.0;18.5;86.75;1.45;
2022-07-19 03:00:00;0.0;0.0;0.0;18.17;92.85;0.62;
2022-07-19 04:00:00;0.0;0.0;0.0;17.74;92.85;1.03;
2022-07-19 05:00:00;100.0;248.19;50.0;18.5;92.85;1.38;
2022-07-19 06:00:00;264.0;464.93;91.0;19.81;83.95;1.93;
2022-07-19 07:00:00;441.0;605.93;117.0;22.25;73.55;2.55;
2022-07-19 08:00:00;614.0;712.17;131.0;24.23;62.25;2.76;
2022-07-19 09:00:00;767.0;802.2;131.0;26.12;51.05;2.97;
2022-07-19 10:00:00;842.0;767.17;174.0;27.69;43.3;2.97;
2022-07-19 11:00:00;935.0;882.39;135.0;28.9;36.7;2.69;
2022-07-19 12:00:00;931.0;874.09;146.0;29.77;34.35;2.34;
2022-07-19 13:00:00;880.0;863.25;150.0;30.3;32.15;2.28;
2022-07-19 14:00:00;776.0;826.12;154.0;30.58;31.15;2.55;
2022-07-19 15:00:00;655.0;839.98;129.0;30.38;31.15;2.97;
2022-07-19 16:00:00;489.0;784.57;117.0;30.41;31.15;3.1;
2022-07-19 17:00:00;310.0;696.82;96.0;29.78;34.35;2.62;
2022-07-19 18:00:00;134.0;527.6;62.0;28.22;40.5;2.34;
2022-07-19 19:00:00;0.0;0.0;0.0;25.99;46.0;2.28;
2022-07-19 20:00:00;0.0;0.0;0.0;24.07;54.2;2.0;
2022-07-19 21:00:00;0.0;0.0;0.0;22.46;59.95;1.79;
2022-07-19 22:00:00;0.0;0.0;0.0;21.43;64.0;1.45;
2022-07-19 23:00:00;0.0;0.0;0.0;20.44;66.05;1.31;
2022-07-20 00:00:00;0.0;0.0;0.0;19.44;68.2;1.38;
2022-07-20 01:00:00;0.0;0.0;0.0;18.5;70.45;1.59;
2022-07-20 02:00:00;0.0;0.0;0.0;17.85;70.35;1.79;
2022-07-20 03:00:00;0.0;0.0;0.0;17.32;70.3;1.86;
2022-07-20 04:00:00;0.0;0.0;0.0;16.74;75.3;1.93;
2022-07-20 05:00:00;78.0;115.54;55.0;17.4;75.4;1.59;
2022-07-20 06:00:00;252.0;402.79;103.0;21.05;63.9;1.17;
2022-07-20 07:00:00;429.0;555.61;133.0;23.78;60.05;1.03;
2022-07-20 08:00:00;605.0;681.5;144.0;24.97;62.45;1.52;
2022-07-20 09:00:00;756.0;769.68;147.0;26.12;58.55;1.45;
2022-07-20 10:00:00;829.0;717.83;205.0;27.28;54.95;1.03;
2022-07-20 11:00:00;922.0;845.05;157.0;28.43;46.65;0.83;
2022-07-20 12:00:00;928.0;860.88;156.0;29.24;42.2;0.97;
2022-07-20 13:00:00;877.0;850.39;159.0;29.82;40.9;0.97;
2022-07-20 14:00:00;782.0;836.98;153.0;30.29;36.95;0.9;
2022-07-20 15:00:00;650.0;818.01;139.0;30.24;35.7;0.76;
2022-07-20 16:00:00;485.0;766.19;123.0;30.18;35.7;0.76;
2022-07-20 17:00:00;305.0;674.89;99.0;29.96;36.95;0.97;
2022-07-20 18:00:00;134.0;535.78;62.0;29.11;46.75;0.41;
2022-07-20 19:00:00;0.0;0.0;0.0;26.69;51.2;1.03;
2022-07-20 20:00:00;0.0;0.0;0.0;25.14;52.6;1.1;
2022-07-20 21:00:00;0.0;0.0;0.0;24.02;54.2;1.1;
2022-07-20 22:00:00;0.0;0.0;0.0;22.14;59.8;1.17;
2022-07-20 23:00:00;0.0;0.0;0.0;20.2;68.3;1.45;
2022-07-21 00:00:00;0.0;0.0;0.0;18.98;70.55;1.72;
2022-07-21 01:00:00;0.0;0.0;0.0;18.42;70.45;1.93;
2022-07-21 02:00:00;0.0;0.0;0.0;18.2;65.55;2.28;
2022-07-21 03:00:00;0.0;0.0;0.0;17.96;61.05;2.41;
2022-07-21 04:00:00;0.0;0.0;0.0;17.56;65.45;2.28;
2022-07-21 05:00:00;86.0;172.91;52.0;17.99;67.95;1.86;
2022-07-21 06:00:00;262.0;467.77;90.0;21.45;55.65;1.45;
2022-07-21 07:00:00;443.0;618.01;115.0;24.94;45.75;2.21;
2022-07-21 08:00:00;618.0;724.83;129.0;26.99;36.2;2.69;
2022-07-21 09:00:00;773.0;815.6;129.0;28.46;29.55;3.1;
2022-07-21 10:00:00;840.0;750.18;189.0;29.62;25.8;3.1;
2022-07-21 11:00:00;933.0;871.81;145.0;30.53;24.25;2.97;
2022-07-21 12:00:00;930.0;863.31;157.0;31.11;22.65;2.9;
2022-07-21 13:00:00;878.0;852.99;159.0;31.52;22.0;2.9;
2022-07-21 14:00:00;783.0;839.96;153.0;31.7;22.0;3.1;
2022-07-21 15:00:00;650.0;821.72;138.0;31.58;22.0;3.03;
2022-07-21 16:00:00;485.0;769.08;123.0;31.22;22.65;2.76;
2022-07-21 17:00:00;311.0;715.55;94.0;30.67;25.15;2.28;
2022-07-21 18:00:00;138.0;597.58;59.0;29.45;38.15;0.9;
2022-07-21 19:00:00;0.0;0.0;0.0;26.83;30.25;2.28;
2022-07-21 20:00:00;0.0;0.0;0.0;25.29;39.7;1.45;
2022-07-21 21:00:00;0.0;0.0;0.0;22.34;46.85;1.93;
2022-07-21 22:00:00;0.0;0.0;0.0;21.2;53.6;2.41;
2022-07-21 23:00:00;0.0;0.0;0.0;20.47;63.8;2.48;
2022-07-22 00:00:00;0.0;0.0;0.0;19.6;73.15;1.79;
2022-07-22 01:00:00;0.0;0.0;0.0;19.85;70.7;1.17;
2022-07-22 02:00:00;0.0;0.0;0.0;19.09;75.65;1.31;
2022-07-22 03:00:00;0.0;0.0;0.0;17.48;83.7;1.86;
2022-07-22 04:00:00;0.0;0.0;0.0;16.92;86.6;1.86;
2022-07-22 05:00:00;68.0;77.26;53.0;17.26;86.65;1.45;
2022-07-22 06:00:00;238.0;353.0;109.0;20.73;68.4;1.31;
2022-07-22 07:00:00;423.0;548.52;133.0;22.21;64.1;1.38;
2022-07-22 08:00:00;594.0;662.9;148.0;23.3;62.15;0.69;
2022-07-22 09:00:00;749.0;764.02;147.0;24.88;56.35;0.07;
2022-07-22 10:00:00;891.0;896.97;114.0;26.38;49.45;0.28;
2022-07-22 11:00:00;914.0;839.97;156.0;27.66;43.3;0.83;
2022-07-22 12:00:00;911.0;828.9;170.0;28.76;37.9;1.24;
2022-07-22 13:00:00;870.0;843.78;160.0;29.32;35.45;1.31;
2022-07-22 14:00:00;767.0;801.61;167.0;29.88;31.0;1.45;
2022-07-22 15:00:00;629.0;757.97;158.0;29.99;31.0;1.79;
2022-07-22 16:00:00;471.0;720.94;133.0;29.45;32.0;1.1;
2022-07-22 17:00:00;68.0;0.0;68.0;28.77;34.1;0.76;
2022-07-22 18:00:00;71.0;46.18;65.0;26.8;43.05;2.21;
2022-07-22 19:00:00;0.0;0.0;0.0;26.13;46.0;1.86;
2022-07-22 20:00:00;0.0;0.0;0.0;24.64;52.5;2.14;
2022-07-22 21:00:00;0.0;0.0;0.0;23.03;60.05;3.1;
2022-07-22 22:00:00;0.0;0.0;0.0;21.97;64.1;2.76;
2022-07-22 23:00:00;0.0;0.0;0.0;21.1;73.35;1.52;
2022-07-23 00:00:00;0.0;0.0;0.0;20.1;78.45;1.03;
2022-07-23 01:00:00;0.0;0.0;0.0;18.79;81.05;1.79;
2022-07-23 02:00:00;0.0;0.0;0.0;17.8;83.75;1.31;
2022-07-23 03:00:00;0.0;0.0;0.0;17.52;86.65;1.52;
2022-07-23 04:00:00;0.0;0.0;0.0;17.32;86.65;2.14;
2022-07-23 05:00:00;74.0;114.8;52.0;18.03;83.75;2.34;
2022-07-23 06:00:00;232.0;341.47;108.0;18.89;78.3;2.62;
2022-07-23 07:00:00;402.0;478.53;150.0;19.96;73.2;2.21;
2022-07-23 08:00:00;586.0;651.35;149.0;20.45;70.8;2.28;
2022-07-23 09:00:00;739.0;751.7;148.0;21.96;64.1;2.34;
2022-07-23 10:00:00;813.0;703.16;205.0;23.65;60.05;2.28;
2022-07-23 11:00:00;899.0;816.96;163.0;24.95;54.45;2.28;
2022-07-23 12:00:00;901.0;817.96;171.0;25.74;52.75;2.21;
2022-07-23 13:00:00;754.0;527.43;311.0;26.42;47.75;1.93;
2022-07-23 14:00:00;241.0;0.0;241.0;26.87;46.25;1.93;
2022-07-23 15:00:00;181.0;0.0;181.0;27.03;44.7;1.59;
2022-07-23 16:00:00;217.0;25.7;205.0;26.5;46.15;1.1;
2022-07-23 17:00:00;272.0;494.91;124.0;24.04;56.15;1.31;
2022-07-23 18:00:00;118.0;407.71;66.0;21.84;68.7;1.31;
2022-07-23 19:00:00;0.0;0.0;0.0;23.5;58.0;1.31;
2022-07-23 20:00:00;0.0;0.0;0.0;21.95;61.95;1.59;
2022-07-23 21:00:00;0.0;0.0;0.0;20.63;68.4;1.59;
2022-07-23 22:00:00;0.0;0.0;0.0;19.66;73.15;1.66;
2022-07-23 23:00:00;0.0;0.0;0.0;19.06;75.65;1.59;
2022-07-24 00:00:00;0.0;0.0;0.0;18.73;78.25;1.45;
2022-07-24 01:00:00;0.0;0.0;0.0;18.6;78.25;1.31;
2022-07-24 02:00:00;0.0;0.0;0.0;18.03;80.9;1.52;
2022-07-24 03:00:00;0.0;0.0;0.0;18.02;80.9;1.52;
2022-07-24 04:00:00;0.0;0.0;0.0;18.14;80.9;1.52;
2022-07-24 05:00:00;21.0;0.0;21.0;18.84;78.3;1.38;
2022-07-24 06:00:00;140.0;47.12;123.0;20.06;73.2;1.59;
2022-07-24 07:00:00;174.0;9.53;169.0;21.12;70.9;2.07;
2022-07-24 08:00:00;372.0;119.58;292.0;21.87;66.35;1.79;
2022-07-24 09:00:00;695.0;636.1;196.0;23.09;62.15;1.52;
2022-07-24 10:00:00;771.0;603.68;250.0;24.27;60.15;1.31;
2022-07-24 11:00:00;717.0;375.83;379.0;24.92;56.35;0.97;
2022-07-24 12:00:00;257.0;0.0;257.0;25.45;54.55;0.83;
2022-07-24 13:00:00;793.0;651.29;247.0;26.17;52.85;0.55;
2022-07-24 14:00:00;670.0;531.42;274.0;26.45;49.45;0.34;
2022-07-24 15:00:00;354.0;82.55;303.0;26.87;47.9;0.55;
2022-07-24 16:00:00;57.0;0.0;57.0;27.14;47.9;0.76;
2022-07-24 17:00:00;106.0;3.37;105.0;26.66;49.45;1.1;
2022-07-24 18:00:00;112.0;375.81;65.0;26.22;51.05;1.17;
2022-07-24 19:00:00;0.0;0.0;0.0;25.22;54.45;1.59;
2022-07-24 20:00:00;0.0;0.0;0.0;23.76;64.3;1.38;
2022-07-24 21:00:00;0.0;0.0;0.0;23.22;64.3;0.83;
2022-07-24 22:00:00;0.0;0.0;0.0;23.4;60.05;0.21;
2022-07-24 23:00:00;0.0;0.0;0.0;22.94;60.05;0.41;
2022-07-25 00:00:00;0.0;0.0;0.0;22.55;64.2;0.41;
2022-07-25 01:00:00;0.0;0.0;0.0;21.98;66.35;0.69;
2022-07-25 02:00:00;0.0;0.0;0.0;21.02;70.9;0.9;
2022-07-25 03:00:00;0.0;0.0;0.0;20.39;73.3;0.97;
2022-07-25 04:00:00;0.0;0.0;0.0;20.51;73.3;0.83;
2022-07-25 05:00:00;57.0;53.63;47.0;20.92;70.9;0.48;
2022-07-25 06:00:00;185.0;161.82;127.0;21.93;68.7;0.28;
2022-07-25 07:00:00;349.0;308.23;188.0;22.1;73.55;0.41;
2022-07-25 08:00:00;468.0;307.33;263.0;23.19;68.85;0.76;
2022-07-25 09:00:00;651.0;511.07;251.0;24.41;64.5;0.97;
2022-07-25 10:00:00;645.0;318.1;371.0;25.56;60.45;1.24;
2022-07-25 11:00:00;490.0;74.63;423.0;26.54;54.8;1.03;
2022-07-25 12:00:00;390.0;20.24;372.0;27.11;53.1;0.9;
2022-07-25 13:00:00;344.0;11.95;334.0;27.79;49.7;0.69;
2022-07-25 14:00:00;631.0;433.14;309.0;28.42;45.05;0.69;
2022-07-25 15:00:00;366.0;97.43;306.0;28.5;45.05;0.55;
2022-07-25 16:00:00;319.0;185.86;233.0;28.79;45.05;0.48;
2022-07-25 17:00:00;211.0;213.96;148.0;28.55;43.55;1.03;
2022-07-25 18:00:00;114.0;424.53;62.0;27.61;51.45;1.17;
2022-07-25 19:00:00;0.0;0.0;0.0;26.36;60.7;0.55;
2022-07-25 20:00:00;0.0;0.0;0.0;25.92;56.6;0.0;
2022-07-25 21:00:00;0.0;0.0;0.0;24.6;64.5;0.76;
2022-07-25 22:00:00;0.0;0.0;0.0;23.85;64.4;0.9;
2022-07-25 23:00:00;0.0;0.0;0.0;23.48;62.15;0.83;
2022-07-26 00:00:00;0.0;0.0;0.0;22.9;60.05;0.62;
2022-07-26 01:00:00;0.0;0.0;0.0;22.18;64.1;0.48;
2022-07-26 02:00:00;0.0;0.0;0.0;21.76;66.25;0.55;
2022-07-26 03:00:00;0.0;0.0;0.0;20.96;68.5;0.83;
2022-07-26 04:00:00;0.0;0.0;0.0;20.87;68.5;0.69;
2022-07-26 05:00:00;51.0;32.64;45.0;21.06;68.5;0.48;
2022-07-26 06:00:00;189.0;179.78;125.0;21.95;71.05;0.48;
2022-07-26 07:00:00;355.0;332.6;182.0;23.95;64.4;0.62;
2022-07-26 08:00:00;501.0;398.47;236.0;25.48;58.45;1.1;
2022-07-26 09:00:00;651.0;512.26;251.0;26.74;54.8;1.31;
2022-07-26 10:00:00;733.0;511.84;293.0;27.82;49.7;1.38;
2022-07-26 11:00:00;854.0;717.57;211.0;28.83;45.05;1.45;
2022-07-26 12:00:00;861.0;730.02;213.0;29.8;42.3;1.45;
2022-07-26 13:00:00;795.0;665.91;239.0;30.43;38.4;1.38;
2022-07-26 14:00:00;719.0;693.14;205.0;30.73;38.4;1.38;
2022-07-26 15:00:00;568.0;578.32;213.0;31.1;37.25;0.9;
2022-07-26 16:00:00;422.0;547.22;170.0;31.02;37.25;1.1;
2022-07-26 17:00:00;260.0;469.17;123.0;30.23;39.65;1.03;
2022-07-26 18:00:00;107.0;367.23;63.0;28.89;46.75;1.17;
2022-07-26 19:00:00;0.0;0.0;0.0;27.29;53.1;2.0;
2022-07-26 20:00:00;0.0;0.0;0.0;26.08;58.55;1.72;
2022-07-26 21:00:00;0.0;0.0;0.0;24.78;69.05;1.38;
2022-07-26 22:00:00;0.0;0.0;0.0;24.12;71.35;1.1;
2022-07-26 23:00:00;0.0;0.0;0.0;24.21;68.95;0.83;
2022-07-27 00:00:00;0.0;0.0;0.0;23.77;71.25;0.83;
2022-07-27 01:00:00;0.0;0.0;0.0;22.68;76.15;1.24;
2022-07-27 02:00:00;0.0;0.0;0.0;22.08;78.7;1.45;
2022-07-27 03:00:00;0.0;0.0;0.0;21.59;78.65;1.52;
2022-07-27 04:00:00;0.0;0.0;0.0;21.48;81.35;1.31;
2022-07-27 05:00:00;39.0;11.04;37.0;22.16;78.7;0.83;
2022-07-27 06:00:00;173.0;135.77;125.0;23.68;78.85;0.34;
2022-07-27 07:00:00;336.0;278.04;192.0;23.57;81.5;0.69;
2022-07-27 08:00:00;518.0;460.02;213.0;23.13;78.85;1.03;
2022-07-27 09:00:00;687.0;630.31;196.0;23.85;76.3;0.97;
2022-07-27 10:00:00;775.0;636.45;229.0;25.6;71.6;0.55;
2022-07-27 11:00:00;840.0;687.64;225.0;27.62;63.0;0.97;
2022-07-27 12:00:00;864.0;754.01;196.0;28.78;59.1;0.83;
2022-07-27 13:00:00;820.0;753.76;192.0;29.37;55.5;0.55;
2022-07-27 14:00:00;729.0;740.91;181.0;30.18;52.05;0.76;
2022-07-27 15:00:00;598.0;709.44;164.0;30.7;50.45;0.83;
2022-07-27 16:00:00;436.0;632.9;146.0;30.61;48.75;0.69;
2022-07-27 17:00:00;267.0;538.91;111.0;30.34;48.65;0.69;
2022-07-27 18:00:00;109.0;410.09;61.0;29.39;51.9;1.03;
2022-07-27 19:00:00;0.0;0.0;0.0;27.88;55.15;1.59;
2022-07-27 20:00:00;0.0;0.0;0.0;26.7;60.7;1.93;
2022-07-27 21:00:00;0.0;0.0;0.0;25.77;64.7;1.93;
2022-07-27 22:00:00;0.0;0.0;0.0;24.67;71.4;1.79;
2022-07-27 23:00:00;0.0;0.0;0.0;23.52;76.2;1.59;
2022-07-28 00:00:00;0.0;0.0;0.0;22.7;78.75;1.45;
2022-07-28 01:00:00;0.0;0.0;0.0;22.29;78.75;1.31;
2022-07-28 02:00:00;0.0;0.0;0.0;22.04;81.4;1.38;
2022-07-28 03:00:00;0.0;0.0;0.0;21.62;84.1;1.45;
2022-07-28 04:00:00;0.0;0.0;0.0;21.21;86.95;1.45;
2022-07-28 05:00:00;46.0;28.03;41.0;21.61;84.1;1.1;
2022-07-28 06:00:00;188.0;190.85;121.0;24.54;76.35;0.55;
2022-07-28 07:00:00;361.0;368.47;171.0;27.12;67.2;1.1;
2022-07-28 08:00:00;530.0;502.31;198.0;28.3;63.1;1.03;
2022-07-28 09:00:00;696.0;660.18;183.0;29.17;57.3;0.83;
2022-07-28 10:00:00;777.0;640.13;229.0;30.2;53.8;0.83;
2022-07-28 11:00:00;864.0;758.46;187.0;31.12;48.9;0.69;
2022-07-28 12:00:00;881.0;803.04;171.0;31.91;44.45;0.62;
2022-07-28 13:00:00;822.0;757.86;192.0;32.78;43.1;0.76;
2022-07-28 14:00:00;730.0;744.27;181.0;33.28;40.4;0.69;
2022-07-28 15:00:00;592.0;687.37;173.0;33.44;37.9;0.55;
2022-07-28 16:00:00;436.0;636.23;146.0;33.41;37.9;0.41;
2022-07-28 17:00:00;261.0;505.5;116.0;33.19;39.05;0.41;
2022-07-28 18:00:00;101.0;332.8;63.0;31.87;50.8;0.97;
2022-07-28 19:00:00;0.0;0.0;0.0;29.95;50.3;1.66;
2022-07-28 20:00:00;0.0;0.0;0.0;28.67;53.45;1.93;
2022-07-28 21:00:00;0.0;0.0;0.0;27.31;60.8;1.86;
2022-07-28 22:00:00;0.0;0.0;0.0;26.35;67.15;1.24;
2022-07-28 23:00:00;0.0;0.0;0.0;26.57;62.8;0.76;
2022-07-29 00:00:00;0.0;0.0;0.0;26.45;60.7;0.28;
2022-07-29 01:00:00;0.0;0.0;0.0;26.01;62.65;0.28;
2022-07-29 02:00:00;0.0;0.0;0.0;24.99;69.15;0.83;
2022-07-29 03:00:00;0.0;0.0;0.0;23.42;76.2;1.38;
2022-07-29 04:00:00;0.0;0.0;0.0;22.6;78.75;1.66;
2022-07-29 05:00:00;43.0;22.77;39.0;22.94;78.85;1.31;
2022-07-29 06:00:00;185.0;186.49;120.0;26.16;69.3;0.9;
2022-07-29 07:00:00;364.0;387.65;165.0;28.03;61.0;1.31;
2022-07-29 08:00:00;541.0;549.44;179.0;29.28;59.2;1.38;
2022-07-29 09:00:00;691.0;655.39;183.0;30.6;53.9;1.24;
2022-07-29 10:00:00;768.0;623.96;235.0;31.95;47.5;1.45;
2022-07-29 11:00:00;735.0;431.08;351.0;32.96;41.8;1.72;
2022-07-29 12:00:00;183.0;0.0;183.0;33.65;39.2;1.86;
2022-07-29 13:00:00;241.0;0.0;241.0;33.8;37.9;1.86;
2022-07-29 14:00:00;130.0;0.0;130.0;33.48;36.6;1.72;
2022-07-29 15:00:00;248.0;11.53;241.0;31.75;40.0;0.48;
2022-07-29 16:00:00;425.0;597.8;154.0;32.13;38.8;2.34;
2022-07-29 17:00:00;250.0;450.51;122.0;31.97;38.8;1.24;
2022-07-29 18:00:00;103.0;386.62;60.0;30.79;53.9;1.03;
2022-07-29 19:00:00;0.0;0.0;0.0;28.29;53.35;2.83;
2022-07-29 20:00:00;0.0;0.0;0.0;27.39;56.95;2.0;
2022-07-29 21:00:00;0.0;0.0;0.0;26.36;62.8;1.66;
2022-07-29 22:00:00;0.0;0.0;0.0;25.6;66.95;1.66;
2022-07-29 23:00:00;0.0;0.0;0.0;24.92;69.15;1.72;
2022-07-30 00:00:00;0.0;0.0;0.0;24.59;69.05;1.86;
2022-07-30 01:00:00;0.0;0.0;0.0;24.23;71.35;1.86;
2022-07-30 02:00:00;0.0;0.0;0.0;23.65;71.25;1.79;
2022-07-30 03:00:00;0.0;0.0;0.0;23.02;73.7;1.38;
2022-07-30 04:00:00;0.0;0.0;0.0;22.51;73.6;1.03;
2022-07-30 05:00:00;46.0;34.71;40.0;22.36;76.15;1.1;
2022-07-30 06:00:00;191.0;210.99;118.0;24.7;62.35;1.17;
2022-07-30 07:00:00;353.0;346.36;176.0;24.25;68.95;2.69;
2022-07-30 08:00:00;514.0;455.3;215.0;26.85;53.1;1.86;
2022-07-30 09:00:00;688.0;637.67;195.0;28.63;51.65;1.31;
2022-07-30 10:00:00;773.0;631.22;235.0;30.02;45.45;1.03;
2022-07-30 11:00:00;875.0;793.11;170.0;31.13;41.3;0.97;
2022-07-30 12:00:00;882.0;808.73;170.0;31.78;37.35;1.45;
2022-07-30 13:00:00;827.0;778.38;183.0;32.48;33.95;1.52;
2022-07-30 14:00:00;711.0;683.11;210.0;32.86;33.95;1.45;
2022-07-30 15:00:00;69.0;0.0;69.0;33.0;30.7;1.45;
2022-07-30 16:00:00;61.0;0.0;61.0;32.25;32.65;2.07;
2022-07-30 17:00:00;217.0;273.72;140.0;30.84;37.1;2.41;
2022-07-30 18:00:00;102.0;397.55;59.0;29.8;40.9;1.72;
2022-07-30 19:00:00;0.0;0.0;0.0;27.76;46.4;1.31;
2022-07-30 20:00:00;0.0;0.0;0.0;26.48;52.95;0.9;
2022-07-30 21:00:00;0.0;0.0;0.0;24.21;62.25;1.31;
2022-07-30 22:00:00;0.0;0.0;0.0;23.13;64.3;1.52;
2022-07-30 23:00:00;0.0;0.0;0.0;22.15;66.35;1.66;
2022-07-31 00:00:00;0.0;0.0;0.0;21.54;66.25;1.79;
2022-07-31 01:00:00;0.0;0.0;0.0;21.05;68.5;1.79;
2022-07-31 02:00:00;0.0;0.0;0.0;20.96;68.5;1.72;
2022-07-31 03:00:00;0.0;0.0;0.0;20.57;68.4;1.72;
2022-07-31 04:00:00;0.0;0.0;0.0;20.5;70.8;1.72;
2022-07-31 05:00:00;30.0;5.88;29.0;20.88;68.5;1.79;
2022-07-31 06:00:00;201.0;262.09;111.0;23.38;56.0;1.79;
2022-07-31 07:00:00;325.0;257.54;194.0;23.64;73.7;2.07;
2022-07-31 08:00:00;536.0;528.62;190.0;24.04;64.4;1.52;
2022-07-31 09:00:00;693.0;654.92;188.0;24.66;62.35;0.97;
2022-07-31 10:00:00;770.0;622.08;241.0;26.09;54.7;0.97;
2022-07-31 11:00:00;844.0;699.0;224.0;27.3;51.3;0.69;
2022-07-31 12:00:00;643.0;251.59;422.0;28.3;48.15;0.34;
2022-07-31 13:00:00;798.0;685.82;232.0;28.94;43.65;0.21;
2022-07-31 14:00:00;89.0;0.0;89.0;29.17;42.2;0.83;
2022-07-31 15:00:00;479.0;321.98;285.0;29.4;40.9;0.9;
2022-07-31 16:00:00;175.0;6.7;172.0;27.88;42.24;0.76;
2022-07-31 17:00:00;108.0;7.18;106.0;27.42;45.29;0.78;
2022-07-31 18:00:00;89.0;266.64;61.0;26.96;48.35;0.8;
2022-07-31 19:00:00;0.0;0.0;0.0;26.5;51.4;0.82;
2022-07-31 20:00:00;0.0;0.0;0.0;26.04;54.45;0.84;
2022-07-31 21:00:00;0.0;0.0;0.0;25.58;57.51;0.86;
2022-07-31 22:00:00;0.0;0.0;0.0;25.12;60.56;0.88;
2022-07-31 23:00:00;0.0;0.0;0.0;24.66;63.61;0.9;
2022-08-01 00:00:00;0.0;0.0;0.0;24.21;66.67;0.92;
2022-08-01 01:00:00;0.0;0.0;0.0;23.75;69.72;0.94;
2022-08-01 02:00:00;0.0;0.0;0.0;23.29;72.77;0.96;
2022-08-01 03:00:00;0.0;0.0;0.0;22.83;75.83;0.98;
2022-08-01 04:00:00;0.0;0.0;0.0;22.37;78.88;1.0;
2022-08-01 05:00:00;15.0;0.0;15.0;21.91;81.93;1.02;
2022-08-01 06:00:00;223.0;254.34;137.0;21.45;84.99;1.04;
2022-08-01 07:00:00;401.0;440.62;179.0;20.99;88.04;1.06;
2022-08-01 08:00:00;568.0;570.69;197.0;26.33;67.15;0.21;
2022-08-01 09:00:00;676.0;562.0;245.0;27.14;63.0;0.41;
2022-08-01 10:00:00;778.0;633.31;242.0;27.8;61.0;0.83;
2022-08-01 11:00:00;790.0;568.53;288.0;28.35;61.0;1.03;
2022-08-01 12:00:00;781.0;567.31;285.0;28.92;59.1;1.1;
2022-08-01 13:00:00;771.0;688.24;206.0;29.55;57.3;0.76;
2022-08-01 14:00:00;694.0;751.56;148.0;29.47;57.3;0.41;
2022-08-01 15:00:00;436.0;301.3;256.0;29.51;55.4;0.97;
2022-08-01 16:00:00;306.0;268.93;187.0;28.47;57.05;2.34;
2022-08-01 17:00:00;198.0;381.93;94.0;25.38;74.0;1.66;
2022-08-01 18:00:00;47.0;121.92;35.0;24.13;84.35;0.69;
2022-08-01 19:00:00;0.0;0.0;0.0;24.9;79.05;1.59;
2022-08-01 20:00:00;0.0;0.0;0.0;23.63;84.35;1.31;
2022-08-01 21:00:00;0.0;0.0;0.0;22.64;87.1;0.9;
2022-08-01 22:00:00;0.0;0.0;0.0;21.78;87.0;0.9;
2022-08-01 23:00:00;0.0;0.0;0.0;21.37;86.95;0.69;
2022-08-02 00:00:00;0.0;0.0;0.0;20.81;89.9;0.76;
2022-08-02 01:00:00;0.0;0.0;0.0;20.07;89.85;1.93;
2022-08-02 02:00:00;0.0;0.0;0.0;19.54;89.85;2.07;
2022-08-02 03:00:00;0.0;0.0;0.0;19.0;89.8;1.45;
2022-08-02 04:00:00;0.0;0.0;0.0;18.43;96.05;1.17;
2022-08-02 05:00:00;91.0;185.95;61.0;18.64;92.85;1.31;
2022-08-02 06:00:00;282.0;572.36;90.0;20.44;89.85;0.9;
2022-08-02 07:00:00;468.0;720.01;107.0;22.87;81.45;0.21;
2022-08-02 08:00:00;633.0;791.9;120.0;24.5;73.85;0.28;
2022-08-02 09:00:00;771.0;846.02;124.0;25.93;64.8;0.34;
2022-08-02 10:00:00;862.0;864.67;132.0;27.12;58.9;0.48;
2022-08-02 11:00:00;907.0;878.66;133.0;28.04;55.15;0.55;
2022-08-02 12:00:00;906.0;898.93;122.0;28.77;53.45;0.62;
2022-08-02 13:00:00;837.0;868.5;126.0;29.46;50.05;0.76;
2022-08-02 14:00:00;721.0;819.03;128.0;29.9;48.5;0.9;
2022-08-02 15:00:00;571.0;758.33;120.0;30.1;47.0;1.03;
2022-08-02 16:00:00;392.0;646.09;108.0;29.74;48.5;1.52;
2022-08-02 17:00:00;214.0;497.93;80.0;28.44;57.05;1.45;
2022-08-02 18:00:00;52.0;200.02;33.0;27.31;71.9;0.76;
2022-08-02 19:00:00;0.0;0.0;0.0;25.63;67.05;1.45;
2022-08-02 20:00:00;0.0;0.0;0.0;23.92;73.75;1.66;
2022-08-02 21:00:00;0.0;0.0;0.0;22.7;78.75;1.72;
2022-08-02 22:00:00;0.0;0.0;0.0;21.44;84.05;1.45;
2022-08-02 23:00:00;0.0;0.0;0.0;20.71;86.9;1.1;
2022-08-03 00:00:00;0.0;0.0;0.0;20.28;89.85;0.97;
2022-08-03 01:00:00;0.0;0.0;0.0;19.75;89.85;0.97;
2022-08-03 02:00:00;0.0;0.0;0.0;19.34;92.9;1.03;
2022-08-03 03:00:00;0.0;0.0;0.0;19.11;92.9;1.03;
2022-08-03 04:00:00;0.0;0.0;0.0;18.83;92.85;0.97;
2022-08-03 05:00:00;85.0;157.85;60.0;19.22;89.8;0.83;
2022-08-03 06:00:00;273.0;537.95;94.0;21.7;84.1;0.48;
2022-08-03 07:00:00;452.0;669.48;118.0;24.6;71.5;0.21;
2022-08-03 08:00:00;620.0;759.1;130.0;26.14;62.8;0.28;
2022-08-03 09:00:00;760.0;820.91;134.0;27.25;58.9;0.34;
2022-08-03 10:00:00;850.0;839.54;143.0;28.28;57.05;0.48;
2022-08-03 11:00:00;874.0;805.69;166.0;29.11;53.55;0.55;
2022-08-03 12:00:00;874.0;827.65;154.0;29.79;50.2;0.62;
2022-08-03 13:00:00;820.0;831.8;141.0;30.27;48.65;0.62;
2022-08-03 14:00:00;709.0;795.58;135.0;30.66;45.6;0.55;
2022-08-03 15:00:00;564.0;744.99;123.0;30.93;45.6;0.34;
2022-08-03 16:00:00;388.0;641.4;108.0;30.85;44.05;0.07;
2022-08-03 17:00:00;210.0;492.79;79.0;30.48;47.0;0.41;
2022-08-03 18:00:00;48.0;164.0;33.0;28.85;67.5;0.9;
2022-08-03 19:00:00;0.0;0.0;0.0;26.85;62.9;1.52;
2022-08-03 20:00:00;0.0;0.0;0.0;24.98;73.95;1.45;
2022-08-03 21:00:00;0.0;0.0;0.0;24.09;71.4;1.1;
2022-08-03 22:00:00;0.0;0.0;0.0;23.28;76.2;0.9;
2022-08-03 23:00:00;0.0;0.0;0.0;22.4;81.4;0.9;
2022-08-04 00:00:00;0.0;0.0;0.0;22.02;84.15;0.9;
2022-08-04 01:00:00;0.0;0.0;0.0;21.53;87.0;0.9;
2022-08-04 02:00:00;0.0;0.0;0.0;21.49;89.95;0.9;
2022-08-04 03:00:00;0.0;0.0;0.0;20.91;89.9;1.03;
2022-08-04 04:00:00;0.0;0.0;0.0;20.61;89.9;1.1;
2022-08-04 05:00:00;74.0;102.96;58.0;20.76;89.9;1.1;
2022-08-04 06:00:00;265.0;512.11;96.0;23.28;78.85;1.31;
2022-08-04 07:00:00;329.0;219.59;220.0;24.54;71.5;1.66;
2022-08-04 08:00:00;584.0;643.7;170.0;25.89;67.05;2.0;
2022-08-04 09:00:00;643.0;477.42;280.0;26.81;65.0;2.21;
2022-08-04 10:00:00;737.0;528.61;293.0;28.03;59.0;2.41;
2022-08-04 11:00:00;705.0;379.9;372.0;29.19;53.55;2.62;
2022-08-04 12:00:00;656.0;299.66;396.0;29.64;51.9;2.62;
2022-08-04 13:00:00;338.0;14.74;326.0;29.86;51.9;2.28;
2022-08-04 14:00:00;391.0;77.9;335.0;30.63;48.75;2.48;
2022-08-04 15:00:00;464.0;395.52;231.0;30.59;48.75;2.41;
2022-08-04 16:00:00;324.0;359.92;168.0;30.27;52.05;2.14;
2022-08-04 17:00:00;185.0;339.09;96.0;29.86;53.7;2.07;
2022-08-04 18:00:00;37.0;79.68;30.0;28.57;59.1;1.93;
2022-08-04 19:00:00;0.0;0.0;0.0;26.53;64.95;2.07;
2022-08-04 20:00:00;0.0;0.0;0.0;25.12;69.25;2.14;
2022-08-04 21:00:00;0.0;0.0;0.0;24.02;71.4;2.28;
2022-08-04 22:00:00;0.0;0.0;0.0;23.15;73.7;2.41;
2022-08-04 23:00:00;0.0;0.0;0.0;22.44;78.7;2.28;
2022-08-05 00:00:00;0.0;0.0;0.0;21.66;81.35;2.07;
2022-08-05 01:00:00;0.0;0.0;0.0;20.85;89.9;1.79;
2022-08-05 02:00:00;0.0;0.0;0.0;20.05;89.85;1.59;
2022-08-05 03:00:00;0.0;0.0;0.0;19.71;92.9;1.45;
2022-08-05 04:00:00;0.0;0.0;0.0;19.32;96.1;1.31;
2022-08-05 05:00:00;75.0;118.12;57.0;19.45;96.1;1.1;
2022-08-05 06:00:00;256.0;473.65;101.0;22.17;84.15;1.03;
2022-08-05 07:00:00;440.0;652.05;118.0;24.06;78.95;1.86;
2022-08-05 08:00:00;604.0;733.49;134.0;25.66;71.65;2.41;
2022-08-05 09:00:00;742.0;795.44;139.0;27.27;65.1;2.55;
2022-08-05 10:00:00;831.0;815.31;148.0;28.56;63.1;2.41;
2022-08-05 11:00:00;884.0;850.97;140.0;29.68;57.4;2.34;
2022-08-05 12:00:00;883.0;870.2;130.0;30.58;53.8;2.28;
2022-08-05 13:00:00;819.0;850.4;129.0;31.2;48.9;2.21;
2022-08-05 14:00:00;699.0;790.32;133.0;31.57;47.25;2.07;
2022-08-05 15:00:00;553.0;738.7;120.0;31.82;44.3;2.07;
2022-08-05 16:00:00;376.0;622.91;108.0;31.62;44.3;1.52;
2022-08-05 17:00:00;200.0;467.17;79.0;31.03;52.15;1.1;
2022-08-05 18:00:00;43.0;166.39;29.0;29.48;69.85;0.76;
2022-08-05 19:00:00;0.0;0.0;0.0;27.49;71.9;1.1;
2022-08-05 20:00:00;0.0;0.0;0.0;25.96;76.6;1.45;
2022-08-05 21:00:00;0.0;0.0;0.0;24.98;79.05;1.59;
2022-08-05 22:00:00;0.0;0.0;0.0;24.23;78.95;1.59;
2022-08-05 23:00:00;0.0;0.0;0.0;23.53;81.55;1.59;
2022-08-06 00:00:00;0.0;0.0;0.0;23.05;81.5;1.72;
2022-08-06 01:00:00;0.0;0.0;0.0;22.76;81.45;1.86;
2022-08-06 02:00:00;0.0;0.0;0.0;22.68;78.75;2.55;
2022-08-06 03:00:00;0.0;0.0;0.0;22.44;78.7;2.34;
2022-08-06 04:00:00;0.0;0.0;0.0;21.86;84.1;1.38;
2022-08-06 05:00:00;61.0;53.57;53.0;21.82;87.0;1.1;
2022-08-06 06:00:00;187.0;154.1;137.0;22.56;78.75;1.45;
2022-08-06 07:00:00;421.0;576.08;138.0;22.61;81.45;2.0;
2022-08-06 08:00:00;490.0;357.17;262.0;23.74;76.3;2.48;
2022-08-06 09:00:00;623.0;440.62;290.0;24.52;73.85;2.83;
2022-08-06 10:00:00;814.0;778.03;164.0;25.32;69.25;2.69;
2022-08-06 11:00:00;871.0;826.84;150.0;26.25;67.15;2.28;
2022-08-06 12:00:00;865.0;834.39;145.0;26.8;65.0;1.66;
2022-08-06 13:00:00;789.0;782.63;156.0;27.71;63.1;1.03;
2022-08-06 14:00:00;313.0;25.23;295.0;27.77;63.1;1.03;
2022-08-06 15:00:00;63.0;0.0;63.0;27.51;63.0;1.38;
2022-08-06 16:00:00;33.0;0.0;33.0;26.24;69.4;2.0;
2022-08-06 17:00:00;17.0;0.0;17.0;25.48;74.0;0.83;
2022-08-06 18:00:00;15.0;0.0;15.0;24.13;84.35;1.79;
2022-08-06 19:00:00;0.0;0.0;0.0;23.49;90.05;0.97;
2022-08-06 20:00:00;0.0;0.0;0.0;22.68;90.05;1.38;
2022-08-06 21:00:00;0.0;0.0;0.0;21.81;96.15;1.17;
2022-08-06 22:00:00;0.0;0.0;0.0;21.07;99.4;0.34;
2022-08-06 23:00:00;0.0;0.0;0.0;20.88;99.4;0.28;
2022-08-07 00:00:00;0.0;0.0;0.0;20.67;99.4;0.34;
2022-08-07 01:00:00;0.0;0.0;0.0;20.43;100.0;0.62;
2022-08-07 02:00:00;0.0;0.0;0.0;20.34;99.4;0.55;
2022-08-07 03:00:00;0.0;0.0;0.0;20.13;99.4;0.55;
2022-08-07 04:00:00;0.0;0.0;0.0;19.95;100.0;1.03;
2022-08-07 05:00:00;66.0;82.03;54.0;19.87;99.4;1.24;
2022-08-07 06:00:00;248.0;450.82;103.0;20.43;99.4;1.1;
2022-08-07 07:00:00;433.0;640.55;120.0;22.3;84.15;1.03;
2022-08-07 08:00:00;602.0;740.67;131.0;23.95;76.3;0.48;
2022-08-07 09:00:00;741.0;804.35;135.0;24.62;71.5;0.48;
2022-08-07 10:00:00;830.0;824.61;143.0;26.09;62.8;0.83;
2022-08-07 11:00:00;864.0;815.29;155.0;26.94;60.8;1.03;
2022-08-07 12:00:00;817.0;701.97;213.0;27.6;55.15;1.03;
2022-08-07 13:00:00;131.0;0.0;131.0;27.81;55.15;0.76;
2022-08-07 14:00:00;610.0;515.1;244.0;28.46;55.15;0.69;
2022-08-07 15:00:00;527.0;663.75;142.0;28.29;55.15;0.76;
2022-08-07 16:00:00;162.0;16.53;155.0;28.0;55.15;0.34;
2022-08-07 17:00:00;113.0;55.6;99.0;27.8;57.05;1.03;
2022-08-07 18:00:00;27.0;39.24;24.0;26.73;60.8;1.59;
2022-08-07 19:00:00;0.0;0.0;0.0;25.35;66.95;1.86;
2022-08-07 20:00:00;0.0;0.0;0.0;24.04;69.05;2.55;
2022-08-07 21:00:00;0.0;0.0;0.0;23.05;68.85;3.03;
2022-08-07 22:00:00;0.0;0.0;0.0;22.28;71.05;2.76;
2022-08-07 23:00:00;0.0;0.0;0.0;21.23;73.35;2.62;
2022-08-08 00:00:00;0.0;0.0;0.0;19.92;81.1;2.41;
2022-08-08 01:00:00;0.0;0.0;0.0;19.81;81.1;1.1;
2022-08-08 02:00:00;0.0;0.0;0.0;19.49;89.85;0.34;
2022-08-08 03:00:00;0.0;0.0;0.0;19.45;89.8;0.55;
2022-08-08 04:00:00;0.0;0.0;0.0;19.13;89.8;0.97;
2022-08-08 05:00:00;71.0;118.72;54.0;19.49;86.85;1.17;
2022-08-08 06:00:00;249.0;451.7;105.0;19.92;86.85;1.52;
2022-08-08 07:00:00;383.0;407.4;185.0;22.68;78.75;0.62;
2022-08-08 08:00:00;572.0;610.96;185.0;24.35;69.05;0.0;
2022-08-08 09:00:00;724.0;731.01;175.0;25.47;64.7;0.62;
2022-08-08 10:00:00;656.0;345.47;369.0;25.99;64.8;1.24;
2022-08-08 11:00:00;620.0;230.62;420.0;25.76;64.8;1.38;
2022-08-08 12:00:00;723.0;435.95;349.0;26.63;62.9;0.76;
2022-08-08 13:00:00;803.0;807.75;154.0;27.32;60.9;0.76;
2022-08-08 14:00:00;655.0;640.19;202.0;26.98;62.9;0.9;
2022-08-08 15:00:00;482.0;471.53;210.0;24.87;69.15;1.24;
2022-08-08 16:00:00;367.0;599.83;115.0;23.85;73.75;0.62;
2022-08-08 17:00:00;191.0;455.48;78.0;23.86;73.75;1.66;
2022-08-08 18:00:00;37.0;151.75;26.0;23.31;76.2;1.31;
2022-08-08 19:00:00;0.0;0.0;0.0;25.23;49.2;0.34;
2022-08-08 20:00:00;0.0;0.0;0.0;23.33;54.1;1.1;
2022-08-08 21:00:00;0.0;0.0;0.0;20.72;61.6;2.55;
2022-08-08 22:00:00;0.0;0.0;0.0;20.53;55.45;3.24;
2022-08-08 23:00:00;0.0;0.0;0.0;20.44;51.5;3.52;
2022-08-09 00:00:00;0.0;0.0;0.0;20.05;46.2;3.52;
2022-08-09 01:00:00;0.0;0.0;0.0;19.55;46.1;3.45;
2022-08-09 02:00:00;0.0;0.0;0.0;19.04;45.95;3.31;
2022-08-09 03:00:00;0.0;0.0;0.0;18.47;49.3;3.1;
2022-08-09 04:00:00;0.0;0.0;0.0;17.9;54.7;2.76;
2022-08-09 05:00:00;93.0;335.53;46.0;17.45;60.95;2.34;
2022-08-09 06:00:00;275.0;614.07;81.0;18.4;67.95;1.79;
2022-08-09 07:00:00;464.0;755.16;99.0;21.61;64.0;0.9;
2022-08-09 08:00:00;623.0;790.92;124.0;23.11;58.0;0.76;
2022-08-09 09:00:00;630.0;442.17;299.0;24.36;54.35;0.69;
2022-08-09 10:00:00;625.0;282.49;391.0;25.13;50.95;0.69;
2022-08-09 11:00:00;899.0;876.56;141.0;26.01;49.3;0.9;
2022-08-09 12:00:00;897.0;896.75;130.0;26.66;44.7;0.97;
2022-08-09 13:00:00;827.0;865.51;134.0;27.15;41.8;1.03;
2022-08-09 14:00:00;712.0;828.85;128.0;27.35;41.8;1.24;
2022-08-09 15:00:00;561.0;775.83;116.0;27.55;40.35;1.45;
2022-08-09 16:00:00;381.0;669.75;102.0;27.47;40.35;1.52;
2022-08-09 17:00:00;198.0;511.72;73.0;26.92;44.7;1.17;
2022-08-09 18:00:00;36.0;189.99;23.0;25.56;49.3;1.52;
2022-08-09 19:00:00;0.0;0.0;0.0;23.04;58.0;1.66;
2022-08-09 20:00:00;0.0;0.0;0.0;21.45;61.7;2.07;
2022-08-09 21:00:00;0.0;0.0;0.0;20.24;65.95;2.07;
2022-08-09 22:00:00;0.0;0.0;0.0;19.26;70.55;2.07;
2022-08-09 23:00:00;0.0;0.0;0.0;18.5;72.95;2.07;
2022-08-10 00:00:00;0.0;0.0;0.0;18.05;75.45;2.07;
2022-08-10 01:00:00;0.0;0.0;0.0;17.69;78.1;2.0;
2022-08-10 02:00:00;0.0;0.0;0.0;17.3;78.1;1.93;
2022-08-10 03:00:00;0.0;0.0;0.0;16.8;80.8;1.93;
2022-08-10 04:00:00;0.0;0.0;0.0;16.4;80.75;1.86;
2022-08-10 05:00:00;77.0;197.17;50.0;16.36;83.6;1.72;
2022-08-10 06:00:00;258.0;543.08;88.0;18.97;75.65;1.31;
2022-08-10 07:00:00;447.0;709.46;106.0;22.45;61.95;1.86;
2022-08-10 08:00:00;611.0;775.03;124.0;23.65;56.15;2.28;
2022-08-10 09:00:00;750.0;828.29;132.0;24.84;52.6;2.14;
2022-08-10 10:00:00;836.0;836.69;145.0;25.78;49.3;1.93;
2022-08-10 11:00:00;880.0;848.98;148.0;26.5;47.75;1.66;
2022-08-10 12:00:00;869.0;846.78;147.0;27.32;43.3;1.24;
2022-08-10 13:00:00;804.0;827.25;144.0;27.93;40.5;0.62;
2022-08-10 14:00:00;688.0;779.76;141.0;28.36;40.5;0.14;
2022-08-10 15:00:00;547.0;748.83;120.0;28.48;39.1;0.14;
2022-08-10 16:00:00;375.0;668.38;99.0;28.71;37.9;0.41;
2022-08-10 17:00:00;177.0;391.06;83.0;28.04;43.4;0.83;
2022-08-10 18:00:00;29.0;108.9;22.0;26.32;54.8;1.24;
2022-08-10 19:00:00;0.0;0.0;0.0;23.82;60.15;1.38;
2022-08-10 20:00:00;0.0;0.0;0.0;22.83;62.05;1.24;
2022-08-10 21:00:00;0.0;0.0;0.0;22.44;59.8;0.97;
2022-08-10 22:00:00;0.0;0.0;0.0;21.41;63.9;0.9;
2022-08-10 23:00:00;0.0;0.0;0.0;20.49;66.05;0.9;
2022-08-11 00:00:00;0.0;0.0;0.0;19.77;70.65;0.97;
2022-08-11 01:00:00;0.0;0.0;0.0;19.15;73.05;1.1;
2022-08-11 02:00:00;0.0;0.0;0.0;18.45;78.15;1.17;
2022-08-11 03:00:00;0.0;0.0;0.0;18.1;78.15;1.31;
2022-08-11 04:00:00;0.0;0.0;0.0;17.88;80.85;1.38;
2022-08-11 05:00:00;66.0;127.07;49.0;17.93;83.7;1.31;
2022-08-11 06:00:00;247.0;499.82;92.0;20.27;75.75;0.9;
2022-08-11 07:00:00;428.0;654.92;115.0;22.48;66.35;1.38;
2022-08-11 08:00:00;590.0;727.09;135.0;23.71;62.25;1.45;
2022-08-11 09:00:00;698.0;685.85;188.0;24.9;58.35;1.24;
2022-08-11 10:00:00;620.0;296.35;376.0;25.87;52.85;1.31;
2022-08-11 11:00:00;607.0;225.68;413.0;26.47;51.2;1.52;
2022-08-11 12:00:00;823.0;736.54;197.0;27.48;48.0;1.66;
2022-08-11 13:00:00;791.0;812.68;145.0;27.95;46.5;1.66;
2022-08-11 14:00:00;672.0;753.23;146.0;28.18;44.95;1.45;
2022-08-11 15:00:00;440.0;374.04;228.0;28.31;43.4;0.97;
2022-08-11 16:00:00;159.0;17.11;152.0;28.09;43.4;0.41;
2022-08-11 17:00:00;35.0;0.0;35.0;27.52;49.7;0.28;
2022-08-11 18:00:00;3.0;0.0;3.0;25.96;62.65;0.83;
2022-08-11 19:00:00;0.0;0.0;0.0;24.11;54.35;1.66;
2022-08-11 20:00:00;0.0;0.0;0.0;22.22;68.7;1.38;
2022-08-11 21:00:00;0.0;0.0;0.0;21.96;66.25;0.97;
2022-08-11 22:00:00;0.0;0.0;0.0;20.43;73.2;1.38;
2022-08-11 23:00:00;0.0;0.0;0.0;19.83;75.7;1.52;
2022-08-12 00:00:00;0.0;0.0;0.0;19.76;73.15;1.17;
2022-08-12 01:00:00;0.0;0.0;0.0;19.85;73.15;0.97;
2022-08-12 02:00:00;0.0;0.0;0.0;20.29;70.7;0.48;
2022-08-12 03:00:00;0.0;0.0;0.0;20.0;70.7;0.41;
2022-08-12 04:00:00;0.0;0.0;0.0;18.96;81.0;0.97;
2022-08-12 05:00:00;7.0;0.0;7.0;17.91;86.65;1.24;
2022-08-12 06:00:00;35.0;0.0;35.0;19.79;81.1;0.83;
2022-08-12 07:00:00;88.0;0.0;88.0;20.89;75.85;1.52;
2022-08-12 08:00:00;117.0;0.0;117.0;22.1;66.35;2.21;
2022-08-12 09:00:00;144.0;0.0;144.0;22.98;64.2;2.62;
2022-08-12 10:00:00;163.0;0.0;163.0;23.93;62.25;2.28;
2022-08-12 11:00:00;244.0;0.0;244.0;24.81;58.35;1.93;
2022-08-12 12:00:00;156.0;0.0;156.0;25.4;56.5;1.79;
2022-08-12 13:00:00;665.0;460.92;300.0;26.36;52.95;1.24;
2022-08-12 14:00:00;158.0;0.0;158.0;26.89;51.3;0.83;
2022-08-12 15:00:00;261.0;39.06;239.0;27.94;46.5;1.03;
2022-08-12 16:00:00;343.0;572.25;111.0;27.94;44.95;1.31;
2022-08-12 17:00:00;180.0;469.2;71.0;27.42;46.4;1.59;
2022-08-12 18:00:00;26.0;125.58;19.0;25.86;52.85;1.59;
2022-08-12 19:00:00;0.0;0.0;0.0;23.95;58.1;2.0;
2022-08-12 20:00:00;0.0;0.0;0.0;22.78;62.05;2.07;
2022-08-12 21:00:00;0.0;0.0;0.0;21.96;68.6;1.93;
2022-08-12 22:00:00;0.0;0.0;0.0;21.04;73.35;1.66;
2022-08-12 23:00:00;0.0;0.0;0.0;20.63;75.85;1.59;
2022-08-13 00:00:00;0.0;0.0;0.0;20.05;78.45;1.66;
2022-08-13 01:00:00;0.0;0.0;0.0;20.74;75.85;1.17;
2022-08-13 02:00:00;0.0;0.0;0.0;21.57;68.6;0.69;
2022-08-13 03:00:00;0.0;0.0;0.0;21.47;73.35;0.34;
2022-08-13 04:00:00;0.0;0.0;0.0;20.01;83.95;0.97;
2022-08-13 05:00:00;20.0;0.0;20.0;20.13;83.95;1.52;
2022-08-13 06:00:00;74.0;0.0;74.0;20.53;84.05;1.59;
2022-08-13 07:00:00;132.0;0.0;132.0;21.56;81.35;0.83;
2022-08-13 08:00:00;136.0;0.0;136.0;23.27;71.25;0.62;
2022-08-13 09:00:00;401.0;74.48;346.0;23.83;68.95;0.28;
2022-08-13 10:00:00;602.0;271.33;380.0;24.16;66.75;0.55;
2022-08-13 11:00:00;199.0;0.0;199.0;25.23;64.7;0.14;
2022-08-13 12:00:00;269.0;1.18;268.0;25.72;62.65;0.55;
2022-08-13 13:00:00;611.0;333.4;348.0;26.32;60.7;0.97;
2022-08-13 14:00:00;421.0;130.1;331.0;26.86;60.8;1.17;
2022-08-13 15:00:00;456.0;444.92;207.0;27.25;58.9;1.31;
2022-08-13 16:00:00;243.0;159.39;179.0;27.28;56.95;1.45;
2022-08-13 17:00:00;145.0;241.06;90.0;26.47;60.7;1.03;
2022-08-13 18:00:00;22.0;97.37;17.0;25.63;64.8;1.1;
2022-08-13 19:00:00;0.0;0.0;0.0;23.74;71.35;2.07;
2022-08-13 20:00:00;0.0;0.0;0.0;22.43;76.1;2.83;
2022-08-13 21:00:00;0.0;0.0;0.0;21.33;78.55;3.17;
2022-08-13 22:00:00;0.0;0.0;0.0;20.79;78.5;2.48;
2022-08-13 23:00:00;0.0;0.0;0.0;20.2;78.45;1.93;
2022-08-14 00:00:00;0.0;0.0;0.0;19.57;81.1;1.66;
2022-08-14 01:00:00;0.0;0.0;0.0;18.85;86.75;1.52;
2022-08-14 02:00:00;0.0;0.0;0.0;18.58;86.75;1.31;
2022-08-14 03:00:00;0.0;0.0;0.0;18.45;89.75;1.24;
2022-08-14 04:00:00;0.0;0.0;0.0;18.38;89.75;1.24;
2022-08-14 05:00:00;47.0;40.26;42.0;18.55;89.75;1.1;
2022-08-14 06:00:00;210.0;312.06;116.0;20.31;83.95;0.83;
2022-08-14 07:00:00;382.0;468.49;162.0;22.02;78.7;0.55;
2022-08-14 08:00:00;569.0;668.47;156.0;22.73;76.15;1.03;
2022-08-14 09:00:00;717.0;771.93;149.0;23.33;73.7;1.24;
2022-08-14 10:00:00;810.0;803.16;155.0;24.17;71.4;0.9;
2022-08-14 11:00:00;757.0;539.04;298.0;24.76;71.5;0.69;
2022-08-14 12:00:00;716.0;459.98;329.0;25.94;67.05;0.69;
2022-08-14 13:00:00;714.0;594.38;247.0;26.22;64.95;0.48;
2022-08-14 14:00:00;580.0;467.78;258.0;26.83;60.8;0.28;
2022-08-14 15:00:00;261.0;41.37;238.0;26.89;58.8;0.21;
2022-08-14 16:00:00;262.0;221.35;174.0;26.08;60.7;0.28;
2022-08-14 17:00:00;97.0;49.13;86.0;25.75;62.65;0.9;
2022-08-14 18:00:00;18.0;64.0;15.0;24.77;66.85;1.59;
2022-08-14 19:00:00;0.0;0.0;0.0;24.61;54.45;1.72;
2022-08-14 20:00:00;0.0;0.0;0.0;23.31;60.05;1.79;
2022-08-14 21:00:00;0.0;0.0;0.0;22.06;66.35;1.38;
2022-08-14 22:00:00;0.0;0.0;0.0;21.8;64.0;0.9;
2022-08-14 23:00:00;0.0;0.0;0.0;20.07;75.75;1.31;
2022-08-15 00:00:00;0.0;0.0;0.0;19.3;78.3;1.52;
2022-08-15 01:00:00;0.0;0.0;0.0;19.42;81.05;1.45;
2022-08-15 02:00:00;0.0;0.0;0.0;19.24;83.85;1.17;
2022-08-15 03:00:00;0.0;0.0;0.0;19.25;83.85;0.9;
2022-08-15 04:00:00;0.0;0.0;0.0;19.09;83.85;0.76;
2022-08-15 05:00:00;48.0;49.61;42.0;19.24;81.05;0.55;
2022-08-15 06:00:00;169.0;144.19;126.0;20.1;83.95;0.41;
2022-08-15 07:00:00;319.0;248.52;203.0;18.97;89.8;0.83;
2022-08-15 08:00:00;89.0;0.0;89.0;18.78;92.85;1.66;
2022-08-15 09:00:00;64.0;0.0;64.0;18.22;92.85;0.76;
2022-08-15 10:00:00;122.0;0.0;122.0;20.13;75.75;1.79;
2022-08-15 11:00:00;848.0;813.01;158.0;21.55;71.0;0.97;
2022-08-15 12:00:00;151.0;0.0;151.0;22.13;68.7;0.34;
2022-08-15 13:00:00;70.0;0.0;70.0;22.22;71.05;0.14;
2022-08-15 14:00:00;667.0;773.87;137.0;21.43;73.35;0.48;
2022-08-15 15:00:00;413.0;322.34;235.0;19.17;81.05;0.83;
2022-08-15 16:00:00;96.0;0.0;96.0;18.7;81.0;2.07;
2022-08-15 17:00:00;113.0;104.74;90.0;18.04;83.75;1.17;
2022-08-15 18:00:00;18.0;94.51;14.0;17.8;86.65;1.17;
2022-08-15 19:00:00;0.0;0.0;0.0;17.57;80.85;2.0;
2022-08-15 20:00:00;0.0;0.0;0.0;17.18;75.4;2.55;
2022-08-15 21:00:00;0.0;0.0;0.0;16.93;70.2;3.1;
2022-08-15 22:00:00;0.0;0.0;0.0;16.8;63.05;3.1;
2022-08-15 23:00:00;0.0;0.0;0.0;16.58;58.7;3.24;
2022-08-16 00:00:00;0.0;0.0;0.0;16.16;58.6;3.1;
2022-08-16 01:00:00;0.0;0.0;0.0;15.73;58.45;2.97;
2022-08-16 02:00:00;0.0;0.0;0.0;15.29;60.5;2.69;
2022-08-16 03:00:00;0.0;0.0;0.0;14.91;62.65;2.55;
2022-08-16 04:00:00;0.0;0.0;0.0;14.62;62.65;2.55;
2022-08-16 05:00:00;63.0;169.95;43.0;14.41;67.25;2.34;
2022-08-16 06:00:00;253.0;589.47;79.0;15.55;70.0;1.86;
2022-08-16 07:00:00;439.0;724.28;103.0;19.34;55.05;2.14;
2022-08-16 08:00:00;609.0;801.81;118.0;20.93;49.8;1.79;
2022-08-16 09:00:00;747.0;844.71;130.0;22.31;46.75;1.24;
2022-08-16 10:00:00;830.0;841.91;148.0;23.38;43.75;0.55;
2022-08-16 11:00:00;873.0;854.78;150.0;24.2;42.5;1.17;
2022-08-16 12:00:00;857.0;840.42;155.0;24.73;41.15;1.79;
2022-08-16 13:00:00;744.0;667.36;224.0;24.93;41.15;2.07;
2022-08-16 14:00:00;653.0;700.11;176.0;25.01;41.15;2.14;
2022-08-16 15:00:00;147.0;0.0;147.0;24.94;41.15;1.79;
2022-08-16 16:00:00;133.0;5.14;131.0;24.76;42.65;1.59;
2022-08-16 17:00:00;145.0;278.81;85.0;23.95;54.2;1.17;
2022-08-16 18:00:00;11.0;0.0;11.0;22.57;57.9;1.45;
2022-08-16 19:00:00;0.0;0.0;0.0;22.54;52.1;0.76;
2022-08-16 20:00:00;0.0;0.0;0.0;21.11;59.6;0.83;
2022-08-16 21:00:00;0.0;0.0;0.0;19.58;68.2;1.24;
2022-08-16 22:00:00;0.0;0.0;0.0;18.69;70.45;1.66;
2022-08-16 23:00:00;0.0;0.0;0.0;18.48;72.95;1.38;
2022-08-17 00:00:00;0.0;0.0;0.0;18.75;70.45;0.9;
2022-08-17 01:00:00;0.0;0.0;0.0;18.01;75.45;1.1;
2022-08-17 02:00:00;0.0;0.0;0.0;17.57;75.4;1.03;
2022-08-17 03:00:00;0.0;0.0;0.0;18.23;67.95;0.41;
2022-08-17 04:00:00;0.0;0.0;0.0;17.79;70.3;0.21;
2022-08-17 05:00:00;51.0;87.41;41.0;17.44;70.3;0.41;
2022-08-17 06:00:00;222.0;417.62;100.0;17.81;80.85;0.41;
2022-08-17 07:00:00;408.0;613.85;125.0;19.64;70.65;0.62;
2022-08-17 08:00:00;561.0;652.91;163.0;20.63;68.4;0.62;
2022-08-17 09:00:00;671.0;623.91;217.0;21.62;61.85;0.76;
2022-08-17 10:00:00;767.0;673.89;223.0;22.48;59.8;1.17;
2022-08-17 11:00:00;798.0;658.44;243.0;23.24;54.1;1.31;
2022-08-17 12:00:00;554.0;170.64;412.0;23.88;52.35;1.38;
2022-08-17 13:00:00;730.0;653.5;223.0;24.25;50.7;1.59;
2022-08-17 14:00:00;549.0;393.99;282.0;24.5;48.95;1.52;
2022-08-17 15:00:00;472.0;538.17;179.0;24.35;48.95;1.59;
2022-08-17 16:00:00;329.0;558.21;114.0;24.02;48.95;1.17;
2022-08-17 17:00:00;154.0;389.14;72.0;23.61;52.35;0.83;
2022-08-17 18:00:00;10.0;0.0;10.0;22.15;68.7;0.9;
2022-08-17 19:00:00;0.0;0.0;0.0;21.03;63.9;1.03;
2022-08-17 20:00:00;0.0;0.0;0.0;19.83;68.2;1.1;
2022-08-17 21:00:00;0.0;0.0;0.0;19.38;68.1;1.03;
2022-08-17 22:00:00;0.0;0.0;0.0;19.29;65.75;0.76;
2022-08-17 23:00:00;0.0;0.0;0.0;18.27;72.9;0.9;
2022-08-18 00:00:00;0.0;0.0;0.0;17.3;75.4;0.9;
2022-08-18 01:00:00;0.0;0.0;0.0;16.91;78.0;0.83;
2022-08-18 02:00:00;0.0;0.0;0.0;16.95;75.4;0.62;
2022-08-18 03:00:00;0.0;0.0;0.0;16.51;78.0;0.48;
2022-08-18 04:00:00;0.0;0.0;0.0;16.08;80.75;0.41;
2022-08-18 05:00:00;51.0;99.0;40.0;15.83;83.55;0.34;
2022-08-18 06:00:00;228.0;480.88;89.0;16.52;86.6;0.14;
2022-08-18 07:00:00;397.0;574.09;134.0;19.64;75.7;0.41;
2022-08-18 08:00:00;582.0;746.59;129.0;21.34;68.5;0.55;
2022-08-18 09:00:00;719.0;800.14;139.0;22.26;61.95;0.48;
2022-08-18 10:00:00;805.0;809.31;154.0;23.11;58.0;0.41;
2022-08-18 11:00:00;847.0;822.71;156.0;23.92;56.15;0.62;
2022-08-18 12:00:00;821.0;775.64;178.0;24.7;52.6;0.97;
2022-08-18 13:00:00;748.0;727.6;186.0;25.06;50.95;1.17;
2022-08-18 14:00:00;648.0;734.45;153.0;25.25;50.95;1.31;
2022-08-18 15:00:00;507.0;706.84;125.0;25.08;50.95;1.24;
2022-08-18 16:00:00;331.0;596.0;104.0;25.09;50.95;1.03;
2022-08-18 17:00:00;154.0;422.0;67.0;24.8;52.6;0.83;
2022-08-18 18:00:00;8.0;0.0;8.0;23.62;64.4;0.76;
2022-08-18 19:00:00;0.0;0.0;0.0;21.12;68.5;1.72;
2022-08-18 20:00:00;0.0;0.0;0.0;19.74;75.7;1.72;
2022-08-18 21:00:00;0.0;0.0;0.0;18.69;78.25;1.45;
2022-08-18 22:00:00;0.0;0.0;0.0;18.24;80.9;1.17;
2022-08-18 23:00:00;0.0;0.0;0.0;17.86;83.7;0.97;
2022-08-19 00:00:00;0.0;0.0;0.0;17.5;83.7;0.97;
2022-08-19 01:00:00;0.0;0.0;0.0;16.6;86.6;1.1;
2022-08-19 02:00:00;0.0;0.0;0.0;16.17;89.65;1.17;
2022-08-19 03:00:00;0.0;0.0;0.0;15.85;92.75;1.1;
2022-08-19 04:00:00;0.0;0.0;0.0;15.59;89.6;1.03;
2022-08-19 05:00:00;48.0;92.77;38.0;15.7;89.6;0.9;
2022-08-19 06:00:00;222.0;465.1;89.0;17.66;86.65;0.41;
2022-08-19 07:00:00;227.0;63.71;198.0;20.41;78.45;0.34;
2022-08-19 08:00:00;401.0;198.7;281.0;22.64;64.2;0.21;
2022-08-19 09:00:00;661.0;623.24;211.0;24.0;58.1;0.28;
2022-08-19 10:00:00;731.0;598.89;251.0;24.99;54.45;0.48;
2022-08-19 11:00:00;681.0;389.55;355.0;25.65;49.3;0.83;
2022-08-19 12:00:00;693.0;437.18;332.0;26.22;47.75;1.03;
2022-08-19 13:00:00;682.0;543.64;264.0;26.39;47.75;0.76;
2022-08-19 14:00:00;648.0;759.49;139.0;26.13;47.75;0.28;
2022-08-19 15:00:00;463.0;544.42;171.0;26.15;47.75;0.28;
2022-08-19 16:00:00;331.0;621.52;97.0;26.16;47.75;0.62;
2022-08-19 17:00:00;143.0;362.23;70.0;25.65;51.05;0.97;
2022-08-19 18:00:00;6.0;0.0;6.0;24.35;58.2;1.52;
2022-08-19 19:00:00;0.0;0.0;0.0;22.91;68.75;1.03;
2022-08-19 20:00:00;0.0;0.0;0.0;21.71;71.0;0.83;
2022-08-19 21:00:00;0.0;0.0;0.0;20.0;78.45;1.1;
2022-08-19 22:00:00;0.0;0.0;0.0;19.29;83.85;1.17;
2022-08-19 23:00:00;0.0;0.0;0.0;18.59;86.75;1.17;
2022-08-20 00:00:00;0.0;0.0;0.0;18.29;86.7;1.1;
2022-08-20 01:00:00;0.0;0.0;0.0;17.96;89.7;1.1;
2022-08-20 02:00:00;0.0;0.0;0.0;17.53;86.65;1.1;
2022-08-20 03:00:00;0.0;0.0;0.0;17.31;86.65;0.97;
2022-08-20 04:00:00;0.0;0.0;0.0;16.98;86.65;0.9;
2022-08-20 05:00:00;44.0;76.58;36.0;16.91;89.65;0.83;
2022-08-20 06:00:00;208.0;381.83;100.0;18.13;89.75;0.62;
2022-08-20 07:00:00;395.0;605.91;121.0;21.85;78.65;0.9;
2022-08-20 08:00:00;561.0;702.13;139.0;23.45;68.85;1.31;
2022-08-20 09:00:00;696.0;755.06;153.0;24.67;60.35;1.38;
2022-08-20 10:00:00;788.0;785.19;161.0;25.58;56.6;1.38;
2022-08-20 11:00:00;829.0;798.79;163.0;26.24;54.8;1.52;
2022-08-20 12:00:00;821.0;808.58;156.0;26.75;53.1;1.59;
2022-08-20 13:00:00;755.0;787.9;152.0;26.96;53.1;1.59;
2022-08-20 14:00:00;638.0;736.87;147.0;27.29;51.45;1.59;
2022-08-20 15:00:00;488.0;670.81;131.0;27.19;49.7;1.31;
2022-08-20 16:00:00;311.0;537.56;111.0;27.03;51.3;0.83;
2022-08-20 17:00:00;139.0;355.65;69.0;26.62;54.95;0.34;
2022-08-20 18:00:00;0.0;0.0;0.0;25.56;62.65;0.48;
2022-08-20 19:00:00;0.0;0.0;0.0;23.28;73.7;1.38;
2022-08-20 20:00:00;0.0;0.0;0.0;22.21;76.1;1.17;
2022-08-20 21:00:00;0.0;0.0;0.0;21.47;78.55;0.9;
2022-08-20 22:00:00;0.0;0.0;0.0;21.23;78.55;0.62;
2022-08-20 23:00:00;0.0;0.0;0.0;20.57;81.2;0.69;
2022-08-21 00:00:00;0.0;0.0;0.0;19.7;86.85;0.9;
2022-08-21 01:00:00;0.0;0.0;0.0;19.01;86.8;1.03;
2022-08-21 02:00:00;0.0;0.0;0.0;18.58;89.75;1.1;
2022-08-21 03:00:00;0.0;0.0;0.0;18.35;92.85;1.1;
2022-08-21 04:00:00;0.0;0.0;0.0;18.2;92.85;1.1;
2022-08-21 05:00:00;40.0;59.33;34.0;18.06;89.75;1.1;
2022-08-21 06:00:00;209.0;400.41;97.0;19.87;89.85;0.62;
2022-08-21 07:00:00;388.0;576.55;129.0;22.55;78.75;1.03;
2022-08-21 08:00:00;555.0;680.48;148.0;23.7;73.75;1.79;
2022-08-21 09:00:00;688.0;730.22;165.0;24.39;69.05;2.28;
2022-08-21 10:00:00;742.0;639.83;233.0;25.08;64.7;2.14;
2022-08-21 11:00:00;825.0;787.39;171.0;26.01;60.6;1.93;
2022-08-21 12:00:00;821.0;813.13;155.0;26.65;54.95;1.59;
2022-08-21 13:00:00;755.0;792.98;151.0;26.82;53.1;1.38;
2022-08-21 14:00:00;640.0;753.32;141.0;27.21;51.45;1.17;
2022-08-21 15:00:00;489.0;687.55;126.0;27.26;49.7;0.97;
2022-08-21 16:00:00;312.0;560.5;106.0;27.05;49.7;0.9;
2022-08-21 17:00:00;136.0;364.5;66.0;26.56;53.1;1.03;
2022-08-21 18:00:00;0.0;0.0;0.0;25.16;60.45;1.45;
2022-08-21 19:00:00;0.0;0.0;0.0;23.42;62.15;2.0;
2022-08-21 20:00:00;0.0;0.0;0.0;22.05;66.35;2.07;
2022-08-21 21:00:00;0.0;0.0;0.0;20.67;73.3;1.79;
2022-08-21 22:00:00;0.0;0.0;0.0;19.57;81.1;1.52;
2022-08-21 23:00:00;0.0;0.0;0.0;18.97;81.05;1.24;
2022-08-22 00:00:00;0.0;0.0;0.0;18.84;83.8;1.03;
2022-08-22 01:00:00;0.0;0.0;0.0;18.28;86.7;1.17;
2022-08-22 02:00:00;0.0;0.0;0.0;17.55;89.7;1.31;
2022-08-22 03:00:00;0.0;0.0;0.0;17.06;86.65;1.24;
2022-08-22 04:00:00;0.0;0.0;0.0;16.79;89.65;1.17;
2022-08-22 05:00:00;49.0;143.19;35.0;16.44;89.65;1.1;
2022-08-22 06:00:00;192.0;314.58;105.0;18.46;92.85;0.62;
2022-08-22 07:00:00;367.0;495.29;146.0;22.85;71.15;0.28;
2022-08-22 08:00:00;509.0;520.87;199.0;24.3;62.35;1.17;
2022-08-22 09:00:00;668.0;679.98;183.0;25.29;60.45;1.72;
2022-08-22 10:00:00;742.0;658.71;220.0;25.94;58.55;2.14;
2022-08-22 11:00:00;806.0;749.36;186.0;26.49;54.8;1.93;
2022-08-22 12:00:00;798.0;760.17;178.0;27.02;51.3;1.86;
2022-08-22 13:00:00;587.0;331.15;336.0;27.65;48.15;2.0;
2022-08-22 14:00:00;253.0;9.11;247.0;28.1;46.5;1.72;
2022-08-22 15:00:00;299.0;108.85;242.0;28.33;44.95;1.17;
2022-08-22 16:00:00;122.0;5.51;120.0;28.2;44.95;0.9;
2022-08-22 17:00:00;85.0;64.1;73.0;27.39;48.0;1.31;
2022-08-22 18:00:00;0.0;0.0;0.0;25.65;51.05;1.86;
2022-08-22 19:00:00;0.0;0.0;0.0;23.26;68.85;0.97;
2022-08-22 20:00:00;0.0;0.0;0.0;21.51;68.6;1.1;
2022-08-22 21:00:00;0.0;0.0;0.0;20.51;68.4;1.03;
2022-08-22 22:00:00;0.0;0.0;0.0;19.75;73.15;1.1;
2022-08-22 23:00:00;0.0;0.0;0.0;18.68;78.25;1.38;
2022-08-23 00:00:00;0.0;0.0;0.0;18.2;80.9;1.31;
2022-08-23 01:00:00;0.0;0.0;0.0;17.75;83.7;1.31;
2022-08-23 02:00:00;0.0;0.0;0.0;17.56;86.65;1.24;
2022-08-23 03:00:00;0.0;0.0;0.0;17.23;86.65;1.1;
2022-08-23 04:00:00;0.0;0.0;0.0;16.74;89.65;1.1;
2022-08-23 05:00:00;41.0;84.75;33.0;16.35;89.65;1.17;
2022-08-23 06:00:00;113.0;32.92;104.0;17.93;92.85;1.03;
2022-08-23 07:00:00;294.0;216.62;198.0;20.55;81.2;1.38;
2022-08-23 08:00:00;542.0;643.4;161.0;22.24;73.55;1.38;
2022-08-23 09:00:00;625.0;533.61;246.0;23.51;64.3;1.17;
2022-08-23 10:00:00;671.0;456.07;311.0;24.57;56.35;1.03;
2022-08-23 11:00:00;706.0;463.54;324.0;25.33;52.75;1.1;
2022-08-23 12:00:00;756.0;623.08;250.0;26.21;47.75;1.24;
2022-08-23 13:00:00;749.0;794.23;150.0;26.68;44.7;1.45;
2022-08-23 14:00:00;624.0;713.73;157.0;26.4;44.55;1.38;
2022-08-23 15:00:00;443.0;514.19;176.0;26.24;43.05;0.97;
2022-08-23 16:00:00;306.0;569.41;102.0;25.47;47.5;1.1;
2022-08-23 17:00:00;132.0;389.52;61.0;24.56;52.6;1.59;
2022-08-23 18:00:00;0.0;0.0;0.0;23.29;60.05;1.66;
2022-08-23 19:00:00;0.0;0.0;0.0;22.51;52.1;1.66;
2022-08-23 20:00:00;0.0;0.0;0.0;20.42;63.7;1.72;
2022-08-23 21:00:00;0.0;0.0;0.0;19.51;61.4;2.0;
2022-08-23 22:00:00;0.0;0.0;0.0;19.33;53.15;2.55;
2022-08-23 23:00:00;0.0;0.0;0.0;18.97;47.65;2.83;
2022-08-24 00:00:00;0.0;0.0;0.0;17.71;50.85;2.48;
2022-08-24 01:00:00;0.0;0.0;0.0;16.17;60.75;1.93;
2022-08-24 02:00:00;0.0;0.0;0.0;15.2;69.9;1.79;
2022-08-24 03:00:00;0.0;0.0;0.0;14.46;77.75;1.72;
2022-08-24 04:00:00;0.0;0.0;0.0;13.98;83.4;1.66;
2022-08-24 05:00:00;43.0;120.87;32.0;13.6;86.35;1.52;
2022-08-24 06:00:00;223.0;532.97;79.0;15.4;86.5;0.97;
2022-08-24 07:00:00;402.0;658.95;112.0;18.94;70.45;1.52;
2022-08-24 08:00:00;576.0;765.51;125.0;20.31;65.95;1.72;
2022-08-24 09:00:00;712.0;808.82;140.0;21.41;63.9;1.72;
2022-08-24 10:00:00;798.0;815.32;157.0;22.79;55.9;1.66;
2022-08-24 11:00:00;835.0;811.44;169.0;23.9;50.55;1.31;
2022-08-24 12:00:00;826.0;823.72;160.0;24.73;44.15;1.31;
2022-08-24 13:00:00;762.0;816.96;149.0;25.33;42.75;1.31;
2022-08-24 14:00:00;644.0;776.73;139.0;25.73;39.95;1.17;
2022-08-24 15:00:00;492.0;720.65;121.0;25.89;38.55;1.1;
2022-08-24 16:00:00;311.0;605.33;97.0;25.65;38.55;1.03;
2022-08-24 17:00:00;132.0;411.76;59.0;24.98;42.65;1.31;
2022-08-24 18:00:00;0.0;0.0;0.0;23.35;48.7;1.52;
2022-08-24 19:00:00;0.0;0.0;0.0;21.48;55.55;2.14;
2022-08-24 20:00:00;0.0;0.0;0.0;20.42;59.35;2.28;
2022-08-24 21:00:00;0.0;0.0;0.0;19.52;59.25;2.48;
2022-08-24 22:00:00;0.0;0.0;0.0;18.86;61.2;2.62;
2022-08-24 23:00:00;0.0;0.0;0.0;18.26;63.3;2.62;
2022-08-25 00:00:00;0.0;0.0;0.0;17.64;65.45;2.48;
2022-08-25 01:00:00;0.0;0.0;0.0;16.95;67.85;2.21;
2022-08-25 02:00:00;0.0;0.0;0.0;16.27;72.65;2.07;
2022-08-25 03:00:00;0.0;0.0;0.0;15.6;75.15;1.86;
2022-08-25 04:00:00;0.0;0.0;0.0;15.09;80.6;1.79;
2022-08-25 05:00:00;35.0;68.49;29.0;14.93;80.6;1.72;
2022-08-25 06:00:00;207.0;453.23;86.0;16.71;80.8;1.24;
2022-08-25 07:00:00;385.0;610.99;118.0;19.68;70.65;1.17;
2022-08-25 08:00:00;402.0;218.39;274.0;21.25;57.55;1.59;
2022-08-25 09:00:00;633.0;569.51;232.0;22.5;52.0;1.24;
2022-08-25 10:00:00;717.0;592.6;253.0;23.67;47.15;0.48;
2022-08-25 11:00:00;807.0;760.98;185.0;24.54;42.65;0.07;
2022-08-25 12:00:00;798.0;772.77;176.0;25.32;41.25;0.21;
2022-08-25 13:00:00;727.0;738.19;176.0;25.96;39.95;0.28;
2022-08-25 14:00:00;617.0;713.69;156.0;26.4;38.7;0.21;
2022-08-25 15:00:00;458.0;613.38;145.0;26.47;38.7;0.07;
2022-08-25 16:00:00;280.0;458.83;120.0;26.24;38.7;0.14;
2022-08-25 17:00:00;125.0;394.81;57.0;25.72;42.9;0.69;
2022-08-25 18:00:00;0.0;0.0;0.0;24.24;45.6;1.86;
2022-08-25 19:00:00;0.0;0.0;0.0;22.17;59.8;1.52;
2022-08-25 20:00:00;0.0;0.0;0.0;20.36;63.7;1.79;
2022-08-25 21:00:00;0.0;0.0;0.0;19.17;68.1;1.79;
2022-08-25 22:00:00;0.0;0.0;0.0;18.33;72.9;1.72;
2022-08-25 23:00:00;0.0;0.0;0.0;17.77;75.4;1.59;
2022-08-26 00:00:00;0.0;0.0;0.0;17.32;75.4;1.52;
2022-08-26 01:00:00;0.0;0.0;0.0;16.93;78.0;1.52;
2022-08-26 02:00:00;0.0;0.0;0.0;16.4;80.75;1.66;
2022-08-26 03:00:00;0.0;0.0;0.0;15.91;83.55;1.79;
2022-08-26 04:00:00;0.0;0.0;0.0;15.47;83.55;1.72;
2022-08-26 05:00:00;33.0;59.39;28.0;15.23;86.5;1.59;
2022-08-26 06:00:00;197.0;409.5;89.0;17.55;83.7;0.9;
2022-08-26 07:00:00;381.0;613.08;115.0;20.65;68.4;0.69;
2022-08-26 08:00:00;548.0;711.82;133.0;22.6;59.95;0.83;
2022-08-26 09:00:00;684.0;767.5;146.0;23.97;56.15;1.03;
2022-08-26 10:00:00;767.0;770.78;166.0;25.06;50.95;0.97;
2022-08-26 11:00:00;807.0;783.87;169.0;26.14;47.75;1.1;
2022-08-26 12:00:00;789.0;765.11;176.0;26.78;43.15;1.24;
2022-08-26 13:00:00;710.0;701.74;189.0;27.16;40.35;1.17;
2022-08-26 14:00:00;562.0;536.12;218.0;27.45;38.95;1.03;
2022-08-26 15:00:00;431.0;518.1;169.0;27.35;37.6;1.66;
2022-08-26 16:00:00;259.0;372.27;131.0;26.96;38.85;1.93;
2022-08-26 17:00:00;111.0;305.18;60.0;26.07;43.05;1.93;
2022-08-26 18:00:00;0.0;0.0;0.0;24.68;49.05;1.86;
2022-08-26 19:00:00;0.0;0.0;0.0;22.55;54.0;1.72;
2022-08-26 20:00:00;0.0;0.0;0.0;20.92;61.6;1.86;
2022-08-26 21:00:00;0.0;0.0;0.0;19.73;68.2;1.93;
2022-08-26 22:00:00;0.0;0.0;0.0;18.99;70.55;1.79;
2022-08-26 23:00:00;0.0;0.0;0.0;18.41;75.45;1.66;
2022-08-27 00:00:00;0.0;0.0;0.0;17.83;78.1;1.59;
2022-08-27 01:00:00;0.0;0.0;0.0;17.23;78.1;1.52;
2022-08-27 02:00:00;0.0;0.0;0.0;16.67;80.8;1.52;
2022-08-27 03:00:00;0.0;0.0;0.0;16.08;83.6;1.45;
2022-08-27 04:00:00;0.0;0.0;0.0;16.07;86.55;1.31;
2022-08-27 05:00:00;30.0;49.53;26.0;16.0;86.55;1.17;
2022-08-27 06:00:00;194.0;406.93;88.0;18.05;80.9;0.62;
2022-08-27 07:00:00;379.0;619.88;112.0;21.83;68.6;0.55;
2022-08-27 08:00:00;541.0;696.69;137.0;23.72;56.15;0.62;
2022-08-27 09:00:00;679.0;765.27;145.0;24.67;49.05;0.76;
2022-08-27 10:00:00;767.0;783.08;159.0;25.54;46.0;0.62;
2022-08-27 11:00:00;803.0;781.09;170.0;26.17;43.05;0.48;
2022-08-27 12:00:00;788.0;777.5;168.0;27.03;41.65;0.41;
2022-08-27 13:00:00;729.0;784.15;150.0;27.5;38.95;0.34;
2022-08-27 14:00:00;606.0;715.54;150.0;27.85;37.75;0.21;
2022-08-27 15:00:00;457.0;660.64;126.0;27.87;36.45;0.34;
2022-08-27 16:00:00;278.0;507.53;106.0;27.52;38.95;0.76;
2022-08-27 17:00:00;107.0;302.59;58.0;26.75;43.15;1.17;
2022-08-27 18:00:00;0.0;0.0;0.0;25.04;45.9;1.79;
2022-08-27 19:00:00;0.0;0.0;0.0;23.15;54.1;1.79;
2022-08-27 20:00:00;0.0;0.0;0.0;21.7;59.7;1.79;
2022-08-27 21:00:00;0.0;0.0;0.0;20.9;63.8;1.79;
2022-08-27 22:00:00;0.0;0.0;0.0;20.01;65.95;1.79;
2022-08-27 23:00:00;0.0;0.0;0.0;19.36;73.05;1.66;
2022-08-28 00:00:00;0.0;0.0;0.0;18.78;75.55;1.59;
2022-08-28 01:00:00;0.0;0.0;0.0;18.21;78.15;1.59;
2022-08-28 02:00:00;0.0;0.0;0.0;17.56;80.85;1.52;
2022-08-28 03:00:00;0.0;0.0;0.0;16.95;80.85;1.52;
2022-08-28 04:00:00;0.0;0.0;0.0;16.37;86.55;1.45;
2022-08-28 05:00:00;28.0;51.73;24.0;16.0;86.55;1.31;
2022-08-28 06:00:00;187.0;377.12;90.0;18.05;80.9;0.76;
2022-08-28 07:00:00;371.0;591.74;118.0;21.66;71.0;0.97;
2022-08-28 08:00:00;533.0;679.69;141.0;23.79;58.1;0.48;
2022-08-28 09:00:00;655.0;692.51;174.0;25.27;52.75;0.34;
2022-08-28 10:00:00;757.0;764.49;166.0;26.35;49.45;0.62;
2022-08-28 11:00:00;792.0;762.23;177.0;27.3;46.4;0.76;
2022-08-28 12:00:00;782.0;773.68;168.0;28.09;43.4;0.76;
2022-08-28 13:00:00;676.0;621.03;220.0;28.77;42.05;0.83;
2022-08-28 14:00:00;583.0;644.7;175.0;29.07;40.75;0.62;
2022-08-28 15:00:00;438.0;594.4;143.0;29.1;40.75;0.21;
2022-08-28 16:00:00;272.0;500.17;105.0;28.87;42.05;0.76;
2022-08-28 17:00:00;101.0;280.8;57.0;27.96;44.95;1.17;
2022-08-28 18:00:00;0.0;0.0;0.0;26.18;47.75;1.79;
2022-08-28 19:00:00;0.0;0.0;0.0;24.06;56.25;1.72;
2022-08-28 20:00:00;0.0;0.0;0.0;22.35;64.1;1.86;
2022-08-28 21:00:00;0.0;0.0;0.0;21.29;68.5;1.93;
2022-08-28 22:00:00;0.0;0.0;0.0;20.36;73.2;1.86;
2022-08-28 23:00:00;0.0;0.0;0.0;19.6;78.35;1.72;
2022-08-29 00:00:00;0.0;0.0;0.0;19.17;81.05;1.66;
2022-08-29 01:00:00;0.0;0.0;0.0;18.79;83.8;1.66;
2022-08-29 02:00:00;0.0;0.0;0.0;18.24;86.7;1.72;
2022-08-29 03:00:00;0.0;0.0;0.0;17.84;89.7;1.66;
2022-08-29 04:00:00;0.0;0.0;0.0;17.23;86.65;1.52;
2022-08-29 05:00:00;24.0;27.08;22.0;16.7;89.65;1.17;
2022-08-29 06:00:00;181.0;358.37;90.0;18.47;86.75;0.69;
2022-08-29 07:00:00;360.0;556.14;124.0;21.71;76.0;0.55;
2022-08-29 08:00:00;526.0;664.3;145.0;24.29;64.5;0.14;
2022-08-29 09:00:00;637.0;640.81;194.0;26.09;54.8;0.34;
2022-08-29 10:00:00;731.0;691.22;199.0;27.38;49.7;0.69;
2022-08-29 11:00:00;758.0;666.07;223.0;28.49;46.5;1.03;
2022-08-29 12:00:00;739.0;649.6;226.0;29.34;43.65;1.38;
2022-08-29 13:00:00;659.0;582.13;234.0;30.03;40.9;1.59;
2022-08-29 14:00:00;520.0;444.01;241.0;30.36;38.3;1.66;
2022-08-29 15:00:00;400.0;445.58;181.0;30.34;38.3;1.59;
2022-08-29 16:00:00;217.0;234.18;140.0;30.06;39.5;1.52;
2022-08-29 17:00:00;84.0;165.13;59.0;29.19;45.2;1.31;
2022-08-29 18:00:00;0.0;0.0;0.0;27.19;56.95;1.1;
2022-08-29 19:00:00;0.0;0.0;0.0;25.54;58.55;1.1;
2022-08-29 20:00:00;0.0;0.0;0.0;25.05;54.55;0.62;
2022-08-29 21:00:00;0.0;0.0;0.0;23.66;62.25;0.55;
2022-08-29 22:00:00;0.0;0.0;0.0;22.61;66.45;0.48;
2022-08-29 23:00:00;0.0;0.0;0.0;21.95;71.0;0.55;
2022-08-30 00:00:00;0.0;0.0;0.0;20.89;75.85;0.76;
2022-08-30 01:00:00;0.0;0.0;0.0;19.94;81.1;0.9;
2022-08-30 02:00:00;0.0;0.0;0.0;19.52;78.35;0.9;
2022-08-30 03:00:00;0.0;0.0;0.0;19.18;81.05;0.76;
2022-08-30 04:00:00;0.0;0.0;0.0;18.59;83.8;0.69;
2022-08-30 05:00:00;23.0;42.61;20.0;18.52;83.8;0.69;
2022-08-30 06:00:00;177.0;347.15;90.0;20.16;75.75;0.34;
2022-08-30 07:00:00;357.0;550.9;125.0;22.53;71.15;0.41;
2022-08-30 08:00:00;519.0;647.01;150.0;24.94;62.45;0.14;
2022-08-30 09:00:00;654.0;713.65;163.0;26.61;53.1;0.48;
2022-08-30 10:00:00;743.0;745.24;172.0;27.98;49.8;0.62;
2022-08-30 11:00:00;782.0;757.94;176.0;29.09;45.2;0.76;
2022-08-30 12:00:00;771.0;767.4;168.0;30.0;42.3;0.83;
2022-08-30 13:00:00;707.0;760.51;155.0;30.6;38.4;0.83;
2022-08-30 14:00:00;588.0;703.75;149.0;30.98;38.4;0.83;
2022-08-30 15:00:00;439.0;645.25;125.0;31.09;38.4;0.62;
2022-08-30 16:00:00;258.0;469.6;106.0;30.91;37.1;0.69;
2022-08-30 17:00:00;94.0;280.74;53.0;29.86;46.9;1.1;
2022-08-30 18:00:00;0.0;0.0;0.0;28.48;46.5;1.79;
2022-08-30 19:00:00;0.0;0.0;0.0;26.67;51.3;2.28;
2022-08-30 20:00:00;0.0;0.0;0.0;25.57;54.7;2.07;
2022-08-30 21:00:00;0.0;0.0;0.0;24.81;58.35;2.14;
2022-08-30 22:00:00;0.0;0.0;0.0;24.52;58.35;2.41;
2022-08-30 23:00:00;0.0;0.0;0.0;24.05;60.25;2.55;
2022-08-31 00:00:00;0.0;0.0;0.0;23.37;62.15;2.55;
2022-08-31 01:00:00;0.0;0.0;0.0;22.86;64.2;2.41;
2022-08-31 02:00:00;0.0;0.0;0.0;22.49;66.35;2.28;
2022-08-31 03:00:00;0.0;0.0;0.0;22.28;64.1;2.28;
2022-08-31 04:00:00;0.0;0.0;0.0;22.04;66.35;2.14;
2022-08-31 05:00:00;17.0;14.94;16.0;21.69;71.0;1.93;
2022-08-31 06:00:00;96.0;28.31;89.0;22.17;71.05;1.79;
2022-08-31 07:00:00;269.0;203.41;184.0;22.72;71.15;2.69;
2022-08-31 08:00:00;433.0;347.41;236.0;23.7;64.4;3.24;
2022-08-31 09:00:00;445.0;172.35;327.0;25.0;60.35;2.97;
2022-08-31 10:00:00;649.0;473.33;288.0;25.85;56.6;2.62;
2022-08-31 11:00:00;721.0;583.06;257.0;26.76;53.1;2.34;
2022-08-31 12:00:00;657.0;446.43;308.0;27.57;49.8;1.93;
2022-08-31 13:00:00;576.0;376.98;304.0;28.09;48.15;1.79;
2022-08-31 14:00:00;543.0;552.35;201.0;28.22;48.15;1.59;
2022-08-31 15:00:00;417.0;566.73;144.0;27.94;46.5;1.59;
2022-08-31 16:00:00;223.0;298.28;128.0;25.45;58.78;1.64;
2022-08-31 17:00:00;73.0;127.99;55.0;24.88;61.46;1.59;
2022-08-31 18:00:00;0.0;0.0;0.0;24.32;64.14;1.53;
2022-08-31 19:00:00;0.0;0.0;0.0;23.76;66.83;1.47;
2022-08-31 20:00:00;0.0;0.0;0.0;23.19;69.51;1.42;
2022-08-31 21:00:00;0.0;0.0;0.0;22.63;72.2;1.36;
2022-08-31 22:00:00;0.0;0.0;0.0;22.06;74.89;1.3;
2022-08-31 23:00:00;0.0;0.0;0.0;21.5;77.57;1.24;
2022-09-01 00:00:00;0.0;0.0;0.0;20.94;80.25;1.19;
2022-09-01 01:00:00;0.0;0.0;0.0;20.37;82.94;1.13;
2022-09-01 02:00:00;0.0;0.0;0.0;19.81;85.62;1.07;
2022-09-01 03:00:00;0.0;0.0;0.0;19.25;88.31;1.02;
2022-09-01 04:00:00;0.0;0.0;0.0;18.68;91.0;0.96;
2022-09-01 05:00:00;0.0;0.0;0.0;18.12;93.68;0.9;
2022-09-01 06:00:00;119.0;190.06;72.0;17.56;96.36;0.84;
2022-09-01 07:00:00;280.0;351.78;133.0;16.99;99.05;0.79;
2022-09-01 08:00:00;461.0;550.21;149.0;23.87;73.75;0.48;
2022-09-01 09:00:00;621.0;698.16;143.0;24.96;69.15;0.62;
2022-09-01 10:00:00;726.0;753.92;151.0;25.94;64.8;0.69;
2022-09-01 11:00:00;790.0;807.99;147.0;26.63;60.7;0.76;
2022-09-01 12:00:00;778.0;789.24;161.0;27.17;58.8;0.55;
2022-09-01 13:00:00;726.0;788.62;157.0;27.53;56.95;0.21;
2022-09-01 14:00:00;630.0;792.99;139.0;27.7;56.95;0.41;
2022-09-01 15:00:00;495.0;780.55;119.0;27.87;55.15;0.34;
2022-09-01 16:00:00;316.0;665.64;104.0;27.6;56.95;0.76;
2022-09-01 17:00:00;138.0;483.52;70.0;26.87;60.8;1.03;
2022-09-01 18:00:00;0.0;0.0;0.0;25.53;74.0;0.83;
2022-09-01 19:00:00;0.0;0.0;0.0;23.44;76.2;1.66;
2022-09-01 20:00:00;0.0;0.0;0.0;22.9;73.7;1.24;
2022-09-01 21:00:00;0.0;0.0;0.0;23.16;71.25;1.03;
2022-09-01 22:00:00;0.0;0.0;0.0;21.5;78.65;1.38;
2022-09-01 23:00:00;0.0;0.0;0.0;19.91;86.85;1.66;
2022-09-02 00:00:00;0.0;0.0;0.0;19.35;86.85;1.59;
2022-09-02 01:00:00;0.0;0.0;0.0;18.96;89.8;1.52;
2022-09-02 02:00:00;0.0;0.0;0.0;18.29;92.85;1.52;
2022-09-02 03:00:00;0.0;0.0;0.0;17.94;92.85;1.52;
2022-09-02 04:00:00;0.0;0.0;0.0;17.62;96.05;1.45;
2022-09-02 05:00:00;0.0;0.0;0.0;17.46;96.05;1.31;
2022-09-02 06:00:00;110.0;151.68;73.0;18.99;92.9;1.03;
2022-09-02 07:00:00;274.0;340.09;133.0;22.71;84.25;0.55;
2022-09-02 08:00:00;427.0;431.04;184.0;24.9;73.95;0.62;
2022-09-02 09:00:00;478.0;278.89;288.0;26.3;69.3;1.1;
2022-09-02 10:00:00;552.0;284.54;336.0;27.3;65.0;1.17;
2022-09-02 11:00:00;780.0;794.18;151.0;28.09;61.0;0.83;
2022-09-02 12:00:00;806.0;876.95;124.0;28.64;59.1;0.9;
2022-09-02 13:00:00;735.0;829.68;140.0;28.91;57.3;0.83;
2022-09-02 14:00:00;630.0;808.8;133.0;29.13;55.4;0.9;
2022-09-02 15:00:00;493.0;795.01;114.0;28.55;57.15;0.83;
2022-09-02 16:00:00;310.0;657.64;104.0;27.24;62.9;1.86;
2022-09-02 17:00:00;131.0;458.66;69.0;26.4;67.15;1.72;
2022-09-02 18:00:00;0.0;0.0;0.0;25.15;73.95;1.52;
2022-09-02 19:00:00;0.0;0.0;0.0;24.79;73.85;2.0;
2022-09-02 20:00:00;0.0;0.0;0.0;23.14;78.85;1.86;
2022-09-02 21:00:00;0.0;0.0;0.0;22.39;78.75;2.28;
2022-09-02 22:00:00;0.0;0.0;0.0;21.78;78.7;2.07;
2022-09-02 23:00:00;0.0;0.0;0.0;21.11;81.3;2.0;
2022-09-03 00:00:00;0.0;0.0;0.0;20.52;84.05;1.86;
2022-09-03 01:00:00;0.0;0.0;0.0;19.96;86.85;1.66;
2022-09-03 02:00:00;0.0;0.0;0.0;19.41;86.85;1.52;
2022-09-03 03:00:00;0.0;0.0;0.0;18.95;89.8;1.24;
2022-09-03 04:00:00;0.0;0.0;0.0;18.55;92.85;1.1;
2022-09-03 05:00:00;0.0;0.0;0.0;18.41;92.85;1.03;
2022-09-03 06:00:00;119.0;211.99;68.0;19.27;89.85;0.97;
2022-09-03 07:00:00;293.0;437.66;113.0;21.12;81.3;0.76;
2022-09-03 08:00:00;469.0;606.68;129.0;22.69;73.6;0.69;
2022-09-03 09:00:00;620.0;711.09;138.0;24.06;68.95;0.55;
2022-09-03 10:00:00;729.0;776.96;142.0;25.43;64.7;0.69;
2022-09-03 11:00:00;789.0;822.16;141.0;26.48;62.8;0.97;
2022-09-03 12:00:00;807.0;884.22;123.0;26.96;60.8;1.52;
2022-09-03 13:00:00;743.0;860.1;130.0;27.04;60.8;1.72;
2022-09-03 14:00:00;627.0;805.26;136.0;26.76;62.8;2.14;
2022-09-03 15:00:00;489.0;792.91;115.0;25.83;62.65;1.93;
2022-09-03 16:00:00;312.0;694.95;98.0;25.58;64.7;1.03;
2022-09-03 17:00:00;126.0;455.01;67.0;25.24;69.15;1.03;
2022-09-03 18:00:00;0.0;0.0;0.0;23.75;81.5;0.0;
2022-09-03 19:00:00;0.0;0.0;0.0;21.73;84.1;0.0;
2022-09-03 20:00:00;0.0;0.0;0.0;21.19;84.05;2.14;
2022-09-03 21:00:00;0.0;0.0;0.0;20.84;81.3;2.28;
2022-09-03 22:00:00;0.0;0.0;0.0;20.51;81.2;2.07;
2022-09-03 23:00:00;0.0;0.0;0.0;19.93;83.95;1.72;
2022-09-04 00:00:00;0.0;0.0;0.0;19.31;83.9;1.72;
2022-09-04 01:00:00;0.0;0.0;0.0;19.02;86.8;1.59;
2022-09-04 02:00:00;0.0;0.0;0.0;18.94;83.85;1.66;
2022-09-04 03:00:00;0.0;0.0;0.0;18.63;86.75;1.59;
2022-09-04 04:00:00;0.0;0.0;0.0;18.27;83.8;1.52;
2022-09-04 05:00:00;0.0;0.0;0.0;18.35;83.8;1.66;
2022-09-04 06:00:00;114.0;198.16;67.0;18.68;86.75;1.72;
2022-09-04 07:00:00;289.0;433.88;112.0;20.5;81.2;0.69;
2022-09-04 08:00:00;465.0;604.96;128.0;21.67;73.45;0.69;
2022-09-04 09:00:00;622.0;728.1;131.0;22.17;73.55;0.83;
2022-09-04 10:00:00;721.0;763.45;147.0;22.55;71.15;1.45;
2022-09-04 11:00:00;785.0;819.88;142.0;23.43;73.7;1.59;
2022-09-04 12:00:00;789.0;847.44;137.0;24.16;71.35;1.72;
2022-09-04 13:00:00;726.0;824.62;142.0;24.31;69.05;2.28;
2022-09-04 14:00:00;604.0;738.93;157.0;24.32;66.75;2.97;
2022-09-04 15:00:00;468.0;726.57;129.0;22.9;68.85;2.83;
2022-09-04 16:00:00;305.0;680.82;99.0;22.49;71.15;1.72;
2022-09-04 17:00:00;132.0;580.13;60.0;22.14;73.55;2.0;
2022-09-04 18:00:00;0.0;0.0;0.0;21.55;73.45;2.07;
2022-09-04 19:00:00;0.0;0.0;0.0;20.67;73.3;2.28;
2022-09-04 20:00:00;0.0;0.0;0.0;20.19;75.75;2.69;
2022-09-04 21:00:00;0.0;0.0;0.0;19.94;73.2;2.97;
2022-09-04 22:00:00;0.0;0.0;0.0;19.83;73.2;2.9;
2022-09-04 23:00:00;0.0;0.0;0.0;19.69;75.7;2.28;
2022-09-05 00:00:00;0.0;0.0;0.0;19.28;73.15;2.07;
2022-09-05 01:00:00;0.0;0.0;0.0;19.08;73.05;2.41;
2022-09-05 02:00:00;0.0;0.0;0.0;18.86;73.05;2.48;
2022-09-05 03:00:00;0.0;0.0;0.0;18.49;72.95;2.28;
2022-09-05 04:00:00;0.0;0.0;0.0;18.08;75.45;2.07;
2022-09-05 05:00:00;0.0;0.0;0.0;17.58;80.85;1.86;
2022-09-05 06:00:00;102.0;136.88;70.0;18.0;78.15;1.66;
2022-09-05 07:00:00;282.0;402.88;119.0;19.27;73.15;2.0;
2022-09-05 08:00:00;288.0;93.92;236.0;19.73;70.65;2.55;
2022-09-05 09:00:00;491.0;316.02;279.0;20.53;63.8;2.76;
2022-09-05 10:00:00;717.0;752.53;154.0;21.57;59.7;2.69;
2022-09-05 11:00:00;772.0;785.59;159.0;22.52;55.9;2.28;
2022-09-05 12:00:00;785.0;837.77;144.0;23.23;54.1;2.07;
2022-09-05 13:00:00;726.0;824.27;146.0;23.74;54.1;2.21;
2022-09-05 14:00:00;620.0;804.92;137.0;23.9;52.35;2.48;
2022-09-05 15:00:00;474.0;760.7;123.0;23.68;54.1;2.69;
2022-09-05 16:00:00;281.0;538.42;121.0;23.33;54.1;2.76;
2022-09-05 17:00:00;98.0;236.27;70.0;22.58;55.9;2.34;
2022-09-05 18:00:00;0.0;0.0;0.0;21.37;57.65;2.48;
2022-09-05 19:00:00;0.0;0.0;0.0;20.55;57.45;2.34;
2022-09-05 20:00:00;0.0;0.0;0.0;19.73;61.4;2.34;
2022-09-05 21:00:00;0.0;0.0;0.0;19.12;63.5;2.34;
2022-09-05 22:00:00;0.0;0.0;0.0;18.6;65.65;2.21;
2022-09-05 23:00:00;0.0;0.0;0.0;17.98;70.35;1.86;
2022-09-06 00:00:00;0.0;0.0;0.0;17.28;75.4;1.66;
2022-09-06 01:00:00;0.0;0.0;0.0;16.86;75.3;1.52;
2022-09-06 02:00:00;0.0;0.0;0.0;16.22;77.95;1.66;
2022-09-06 03:00:00;0.0;0.0;0.0;15.51;80.6;1.79;
2022-09-06 04:00:00;0.0;0.0;0.0;15.33;83.5;1.72;
2022-09-06 05:00:00;0.0;0.0;0.0;15.29;83.5;1.59;
2022-09-06 06:00:00;116.0;230.08;63.0;16.19;89.6;1.24;
2022-09-06 07:00:00;286.0;428.72;114.0;19.11;65.75;1.79;
2022-09-06 08:00:00;449.0;541.6;151.0;20.12;59.35;2.34;
2022-09-06 09:00:00;602.0;662.39;160.0;21.04;57.55;2.69;
2022-09-06 10:00:00;678.0;624.68;213.0;21.98;53.85;2.76;
2022-09-06 11:00:00;767.0;775.48;165.0;22.75;50.3;2.62;
2022-09-06 12:00:00;746.0;716.33;201.0;23.26;48.7;2.34;
2022-09-06 13:00:00;708.0;773.92;167.0;23.77;48.7;2.48;
2022-09-06 14:00:00;594.0;712.44;170.0;23.61;47.0;2.55;
2022-09-06 15:00:00;471.0;765.01;122.0;23.51;48.7;2.69;
2022-09-06 16:00:00;290.0;634.19;105.0;23.14;48.7;2.48;
2022-09-06 17:00:00;117.0;496.17;61.0;22.53;52.1;2.07;
2022-09-06 18:00:00;0.0;0.0;0.0;21.34;53.75;2.07;
2022-09-06 19:00:00;0.0;0.0;0.0;20.28;57.45;1.93;
2022-09-06 20:00:00;0.0;0.0;0.0;19.5;63.6;1.93;
2022-09-06 21:00:00;0.0;0.0;0.0;18.77;65.75;1.93;
2022-09-06 22:00:00;0.0;0.0;0.0;18.5;68.05;2.14;
2022-09-06 23:00:00;0.0;0.0;0.0;18.19;72.9;2.21;
2022-09-07 00:00:00;0.0;0.0;0.0;17.93;75.45;2.07;
2022-09-07 01:00:00;0.0;0.0;0.0;17.73;78.15;2.14;
2022-09-07 02:00:00;0.0;0.0;0.0;17.67;80.85;2.21;
2022-09-07 03:00:00;0.0;0.0;0.0;17.39;80.85;1.86;
2022-09-07 04:00:00;0.0;0.0;0.0;16.98;83.65;1.59;
2022-09-07 05:00:00;0.0;0.0;0.0;16.63;86.55;1.59;
2022-09-07 06:00:00;44.0;0.0;44.0;17.43;86.65;1.38;
2022-09-07 07:00:00;51.0;0.0;51.0;18.86;75.65;2.21;
2022-09-07 08:00:00;116.0;0.0;116.0;18.96;78.3;2.41;
2022-09-07 09:00:00;166.0;0.0;166.0;19.19;78.3;2.21;
2022-09-07 10:00:00;294.0;13.5;284.0;19.27;81.1;2.07;
2022-09-07 11:00:00;113.0;0.0;113.0;19.92;78.45;1.59;
2022-09-07 12:00:00;89.0;0.0;89.0;20.04;81.15;0.97;
2022-09-07 13:00:00;140.0;0.0;140.0;20.11;81.15;0.9;
2022-09-07 14:00:00;146.0;0.0;146.0;20.36;78.5;1.45;
2022-09-07 15:00:00;187.0;11.09;182.0;20.66;75.85;1.93;
2022-09-07 16:00:00;62.0;0.0;62.0;20.76;73.35;1.79;
2022-09-07 17:00:00;68.0;65.31;61.0;20.35;75.85;1.38;
2022-09-07 18:00:00;0.0;0.0;0.0;19.52;83.9;0.83;
2022-09-07 19:00:00;0.0;0.0;0.0;18.91;81.05;1.31;
2022-09-07 20:00:00;0.0;0.0;0.0;18.17;89.75;1.24;
2022-09-07 21:00:00;0.0;0.0;0.0;17.93;89.75;1.03;
2022-09-07 22:00:00;0.0;0.0;0.0;17.89;86.7;0.83;
2022-09-07 23:00:00;0.0;0.0;0.0;17.11;92.8;1.03;
2022-09-08 00:00:00;0.0;0.0;0.0;16.33;92.8;1.17;
2022-09-08 01:00:00;0.0;0.0;0.0;16.31;92.8;0.97;
2022-09-08 02:00:00;0.0;0.0;0.0;16.75;89.65;0.69;
2022-09-08 03:00:00;0.0;0.0;0.0;16.56;92.8;0.76;
2022-09-08 04:00:00;0.0;0.0;0.0;16.65;92.8;0.62;
2022-09-08 05:00:00;0.0;0.0;0.0;16.49;92.8;0.48;
2022-09-08 06:00:00;105.0;192.43;62.0;17.09;89.65;0.14;
2022-09-08 07:00:00;252.0;306.84;131.0;18.77;86.8;0.69;
2022-09-08 08:00:00;446.0;572.49;135.0;19.71;81.1;0.48;
2022-09-08 09:00:00;587.0;654.52;155.0;20.76;73.35;1.03;
2022-09-08 10:00:00;411.0;90.94;344.0;21.75;71.0;1.52;
2022-09-08 11:00:00;698.0;598.87;238.0;22.66;66.45;1.66;
2022-09-08 12:00:00;657.0;494.65;285.0;23.41;62.15;1.72;
2022-09-08 13:00:00;476.0;188.51;346.0;23.78;64.3;1.86;
2022-09-08 14:00:00;470.0;336.68;273.0;23.61;64.3;2.14;
2022-09-08 15:00:00;127.0;0.0;127.0;22.3;68.75;1.52;
2022-09-08 16:00:00;97.0;3.56;96.0;21.66;76.0;0.97;
2022-09-08 17:00:00;57.0;39.42;53.0;21.18;81.3;1.24;
2022-09-08 18:00:00;0.0;0.0;0.0;20.45;84.05;1.52;
2022-09-08 19:00:00;0.0;0.0;0.0;19.87;86.85;2.28;
2022-09-08 20:00:00;0.0;0.0;0.0;19.28;86.85;2.83;
2022-09-08 21:00:00;0.0;0.0;0.0;18.85;89.8;3.24;
2022-09-08 22:00:00;0.0;0.0;0.0;18.73;92.85;3.72;
2022-09-08 23:00:00;0.0;0.0;0.0;18.67;92.85;3.38;
2022-09-09 00:00:00;0.0;0.0;0.0;18.62;89.75;3.24;
2022-09-09 01:00:00;0.0;0.0;0.0;18.53;89.75;3.45;
2022-09-09 02:00:00;0.0;0.0;0.0;18.22;92.85;3.31;
2022-09-09 03:00:00;0.0;0.0;0.0;18.2;96.05;3.45;
2022-09-09 04:00:00;0.0;0.0;0.0;18.18;96.05;3.24;
2022-09-09 05:00:00;0.0;0.0;0.0;18.18;92.85;2.97;
2022-09-09 06:00:00;69.0;40.91;60.0;18.27;89.75;2.69;
2022-09-09 07:00:00;40.0;0.0;40.0;18.98;89.8;1.17;
2022-09-09 08:00:00;109.0;0.0;109.0;20.11;83.95;1.24;
2022-09-09 09:00:00;108.0;0.0;108.0;20.15;83.95;2.07;
2022-09-09 10:00:00;123.0;0.0;123.0;20.5;84.05;2.76;
2022-09-09 11:00:00;77.0;0.0;77.0;20.49;84.05;2.9;
2022-09-09 12:00:00;182.0;0.0;182.0;20.37;84.05;2.9;
2022-09-09 13:00:00;313.0;24.82;296.0;20.67;84.05;3.17;
2022-09-09 14:00:00;187.0;0.0;187.0;19.85;86.85;2.83;
2022-09-09 15:00:00;291.0;149.91;225.0;19.36;89.85;2.55;
2022-09-09 16:00:00;53.0;0.0;53.0;19.4;89.85;1.31;
2022-09-09 17:00:00;39.0;0.0;39.0;19.21;92.9;0.76;
2022-09-09 18:00:00;0.0;0.0;0.0;18.57;92.85;0.97;
2022-09-09 19:00:00;0.0;0.0;0.0;17.39;92.85;1.79;
2022-09-09 20:00:00;0.0;0.0;0.0;17.11;96.05;1.59;
2022-09-09 21:00:00;0.0;0.0;0.0;16.86;92.8;1.24;
2022-09-09 22:00:00;0.0;0.0;0.0;16.34;96.05;1.03;
2022-09-09 23:00:00;0.0;0.0;0.0;16.32;96.05;0.97;
2022-09-10 00:00:00;0.0;0.0;0.0;16.19;96.0;0.76;
2022-09-10 01:00:00;0.0;0.0;0.0;16.19;96.0;0.62;
2022-09-10 02:00:00;0.0;0.0;0.0;15.35;99.4;1.1;
2022-09-10 03:00:00;0.0;0.0;0.0;15.36;99.4;0.83;
2022-09-10 04:00:00;0.0;0.0;0.0;15.79;96.0;0.34;
2022-09-10 05:00:00;0.0;0.0;0.0;15.5;99.4;0.41;
2022-09-10 06:00:00;92.0;143.21;61.0;15.71;96.0;0.41;
2022-09-10 07:00:00;226.0;219.43;141.0;17.85;89.75;1.1;
2022-09-10 08:00:00;284.0;104.45;228.0;19.31;81.1;1.59;
2022-09-10 09:00:00;218.0;4.6;215.0;20.57;75.85;1.93;
2022-09-10 10:00:00;624.0;517.24;247.0;21.72;68.6;2.07;
2022-09-10 11:00:00;704.0;637.08;220.0;22.57;62.05;2.21;
2022-09-10 12:00:00;730.0;741.53;179.0;23.08;60.05;2.21;
2022-09-10 13:00:00;690.0;797.04;148.0;23.56;60.05;2.0;
2022-09-10 14:00:00;587.0;786.23;135.0;23.9;58.1;2.07;
2022-09-10 15:00:00;441.0;738.18;120.0;23.75;60.05;1.93;
2022-09-10 16:00:00;271.0;656.93;94.0;23.69;60.05;1.72;
2022-09-10 17:00:00;99.0;533.85;51.0;22.86;62.15;1.31;
2022-09-10 18:00:00;0.0;0.0;0.0;21.39;68.6;1.59;
2022-09-10 19:00:00;0.0;0.0;0.0;20.3;73.3;1.03;
2022-09-10 20:00:00;0.0;0.0;0.0;19.35;78.35;1.38;
2022-09-10 21:00:00;0.0;0.0;0.0;18.86;78.3;1.79;
2022-09-10 22:00:00;0.0;0.0;0.0;18.0;83.75;1.79;
2022-09-10 23:00:00;0.0;0.0;0.0;17.78;83.75;1.59;
2022-09-11 00:00:00;0.0;0.0;0.0;17.56;86.65;1.17;
2022-09-11 01:00:00;0.0;0.0;0.0;17.92;83.75;0.83;
2022-09-11 02:00:00;0.0;0.0;0.0;17.14;89.65;0.9;
2022-09-11 03:00:00;0.0;0.0;0.0;16.35;89.65;1.1;
2022-09-11 04:00:00;0.0;0.0;0.0;16.62;92.8;0.97;
2022-09-11 05:00:00;0.0;0.0;0.0;16.41;92.8;1.03;
2022-09-11 06:00:00;74.0;65.74;60.0;16.84;89.65;0.9;
2022-09-11 07:00:00;203.0;151.11;145.0;17.37;92.85;1.03;
2022-09-11 08:00:00;205.0;20.66;194.0;17.81;89.75;1.38;
2022-09-11 09:00:00;267.0;21.58;253.0;18.04;89.75;1.52;
2022-09-11 10:00:00;406.0;92.43;339.0;18.54;86.75;1.66;
2022-09-11 11:00:00;631.0;435.51;302.0;18.71;86.75;1.72;
2022-09-11 12:00:00;127.0;0.0;127.0;19.56;83.9;2.14;
2022-09-11 13:00:00;596.0;484.35;269.0;20.0;83.95;2.14;
2022-09-11 14:00:00;322.0;71.97;281.0;20.74;81.2;2.14;
2022-09-11 15:00:00;303.0;190.97;221.0;20.47;81.2;2.14;
2022-09-11 16:00:00;278.0;731.71;85.0;19.0;83.85;1.59;
2022-09-11 17:00:00;77.0;261.61;55.0;17.66;89.7;0.55;
2022-09-11 18:00:00;0.0;0.0;0.0;16.54;92.8;1.31;
2022-09-11 19:00:00;0.0;0.0;0.0;15.99;89.6;1.31;
2022-09-11 20:00:00;0.0;0.0;0.0;15.08;92.7;0.97;
2022-09-11 21:00:00;0.0;0.0;0.0;14.62;96.0;1.66;
2022-09-11 22:00:00;0.0;0.0;0.0;14.51;92.7;1.79;
2022-09-11 23:00:00;0.0;0.0;0.0;14.38;92.7;1.52;
2022-09-12 00:00:00;0.0;0.0;0.0;14.08;95.95;1.59;
2022-09-12 01:00:00;0.0;0.0;0.0;13.94;95.95;1.59;
2022-09-12 02:00:00;0.0;0.0;0.0;13.77;95.95;1.1;
2022-09-12 03:00:00;0.0;0.0;0.0;13.48;95.95;0.76;
2022-09-12 04:00:00;0.0;0.0;0.0;13.22;95.95;1.31;
2022-09-12 05:00:00;0.0;0.0;0.0;13.1;99.4;1.52;
2022-09-12 06:00:00;25.0;0.0;25.0;13.55;99.4;1.1;
2022-09-12 07:00:00;56.0;0.0;56.0;15.42;92.75;0.76;
2022-09-12 08:00:00;167.0;3.78;165.0;16.99;80.8;0.34;
2022-09-12 09:00:00;273.0;24.81;257.0;17.6;80.85;0.48;
2022-09-12 10:00:00;310.0;22.2;294.0;18.45;78.25;0.9;
2022-09-12 11:00:00;303.0;10.65;295.0;19.54;75.7;1.1;
2022-09-12 12:00:00;625.0;436.05;305.0;20.09;73.2;1.1;
2022-09-12 13:00:00;602.0;510.3;260.0;20.64;68.4;0.55;
2022-09-12 14:00:00;542.0;625.36;189.0;21.01;63.9;0.48;
2022-09-12 15:00:00;416.0;646.37;142.0;20.97;61.7;0.48;
2022-09-12 16:00:00;273.0;732.39;84.0;20.3;61.6;0.48;
2022-09-12 17:00:00;94.0;600.65;47.0;19.71;68.2;0.76;
2022-09-12 18:00:00;0.0;0.0;0.0;18.37;78.25;0.97;
2022-09-12 19:00:00;0.0;0.0;0.0;18.58;70.45;0.34;
2022-09-12 20:00:00;0.0;0.0;0.0;17.99;72.9;0.62;
2022-09-12 21:00:00;0.0;0.0;0.0;15.93;83.55;1.24;
2022-09-12 22:00:00;0.0;0.0;0.0;14.93;89.5;1.31;
2022-09-12 23:00:00;0.0;0.0;0.0;14.62;89.5;1.17;
2022-09-13 00:00:00;0.0;0.0;0.0;14.27;89.5;1.1;
2022-09-13 01:00:00;0.0;0.0;0.0;13.5;95.95;1.1;
2022-09-13 02:00:00;0.0;0.0;0.0;13.11;95.95;1.03;
2022-09-13 03:00:00;0.0;0.0;0.0;13.0;95.95;0.97;
2022-09-13 04:00:00;0.0;0.0;0.0;12.24;95.95;1.03;
2022-09-13 05:00:00;0.0;0.0;0.0;11.84;95.95;1.1;
2022-09-13 06:00:00;100.0;233.18;52.0;12.81;99.4;0.97;
2022-09-13 07:00:00;276.0;485.8;93.0;15.71;89.6;0.83;
2022-09-13 08:00:00;454.0;651.21;112.0;18.48;78.25;0.55;
2022-09-13 09:00:00;608.0;764.25;118.0;20.31;66.05;0.62;
2022-09-13 10:00:00;704.0;793.89;135.0;21.53;61.85;0.83;
2022-09-13 11:00:00;721.0;712.42;189.0;22.33;55.9;0.97;
2022-09-13 12:00:00;731.0;769.36;170.0;22.93;54.1;0.9;
2022-09-13 13:00:00;696.0;844.85;134.0;23.06;52.25;1.03;
2022-09-13 14:00:00;586.0;822.61;126.0;23.29;52.25;1.1;
2022-09-13 15:00:00;450.0;834.19;101.0;23.12;52.25;1.24;
2022-09-13 16:00:00;268.0;729.22;84.0;22.72;54.0;0.97;
2022-09-13 17:00:00;89.0;607.92;45.0;22.0;57.75;0.14;
2022-09-13 18:00:00;0.0;0.0;0.0;20.9;61.7;0.34;
2022-09-13 19:00:00;0.0;0.0;0.0;20.18;68.3;0.55;
2022-09-13 20:00:00;0.0;0.0;0.0;19.45;70.65;0.69;
2022-09-13 21:00:00;0.0;0.0;0.0;18.38;75.55;0.97;
2022-09-13 22:00:00;0.0;0.0;0.0;16.61;83.6;1.24;
2022-09-13 23:00:00;0.0;0.0;0.0;15.03;92.7;1.31;
2022-09-14 00:00:00;0.0;0.0;0.0;13.96;95.95;1.24;
2022-09-14 01:00:00;0.0;0.0;0.0;13.29;99.4;1.24;
2022-09-14 02:00:00;0.0;0.0;0.0;13.01;99.4;1.1;
2022-09-14 03:00:00;0.0;0.0;0.0;12.87;99.4;1.03;
2022-09-14 04:00:00;0.0;0.0;0.0;12.96;99.4;0.9;
2022-09-14 05:00:00;0.0;0.0;0.0;12.94;99.4;0.9;
2022-09-14 06:00:00;95.0;217.53;51.0;14.07;99.4;0.69;
2022-09-14 07:00:00;270.0;474.42;93.0;16.75;89.65;0.9;
2022-09-14 08:00:00;447.0;642.44;112.0;19.41;78.35;1.03;
2022-09-14 09:00:00;597.0;745.39;122.0;21.14;73.35;1.38;
2022-09-14 10:00:00;703.0;806.92;128.0;22.48;66.45;1.52;
2022-09-14 11:00:00;745.0;810.96;143.0;23.41;62.15;1.59;
2022-09-14 12:00:00;746.0;839.26;138.0;23.95;58.1;1.52;
2022-09-14 13:00:00;683.0;825.54;138.0;24.45;56.25;1.52;
2022-09-14 14:00:00;583.0;834.13;121.0;24.59;56.25;1.59;
2022-09-14 15:00:00;416.0;707.37;124.0;24.51;56.25;1.45;
2022-09-14 16:00:00;218.0;401.53;119.0;24.15;58.1;0.76;
2022-09-14 17:00:00;84.0;631.73;42.0;23.41;60.05;0.14;
2022-09-14 18:00:00;0.0;0.0;0.0;22.25;64.1;0.76;
2022-09-14 19:00:00;0.0;0.0;0.0;21.61;68.6;0.28;
2022-09-14 20:00:00;0.0;0.0;0.0;20.86;70.9;0.34;
2022-09-14 21:00:00;0.0;0.0;0.0;19.97;75.75;0.41;
2022-09-14 22:00:00;0.0;0.0;0.0;18.84;81.05;0.69;
2022-09-14 23:00:00;0.0;0.0;0.0;17.06;89.65;1.03;
2022-09-15 00:00:00;0.0;0.0;0.0;15.49;96.0;1.31;
2022-09-15 01:00:00;0.0;0.0;0.0;14.28;96.0;1.59;
2022-09-15 02:00:00;0.0;0.0;0.0;13.68;100.0;1.59;
2022-09-15 03:00:00;0.0;0.0;0.0;13.5;99.4;1.38;
2022-09-15 04:00:00;0.0;0.0;0.0;13.63;99.4;1.17;
2022-09-15 05:00:00;0.0;0.0;0.0;13.98;99.4;0.9;
2022-09-15 06:00:00;91.0;206.37;50.0;14.85;96.0;0.62;
2022-09-15 07:00:00;266.0;468.26;93.0;16.83;89.65;0.14;
2022-09-15 08:00:00;444.0;643.23;111.0;18.96;81.05;0.14;
2022-09-15 09:00:00;585.0;716.87;131.0;21.13;73.35;0.62;
2022-09-15 10:00:00;693.0;787.69;135.0;22.66;68.75;0.83;
2022-09-15 11:00:00;738.0;802.32;146.0;23.72;66.55;1.03;
2022-09-15 12:00:00;731.0;807.31;150.0;24.47;62.35;1.1;
2022-09-15 13:00:00;679.0;825.84;138.0;24.95;58.35;1.1;
2022-09-15 14:00:00;567.0;791.23;133.0;25.16;58.35;0.9;
2022-09-15 15:00:00;418.0;744.12;115.0;25.05;56.35;0.83;
2022-09-15 16:00:00;245.0;652.09;88.0;24.69;58.2;0.55;
2022-09-15 17:00:00;65.0;330.18;45.0;23.5;71.25;0.34;
2022-09-15 18:00:00;0.0;0.0;0.0;21.43;76.0;0.9;
2022-09-15 19:00:00;0.0;0.0;0.0;19.73;81.1;1.38;
2022-09-15 20:00:00;0.0;0.0;0.0;18.48;83.8;1.66;
2022-09-15 21:00:00;0.0;0.0;0.0;18.01;83.75;1.45;
2022-09-15 22:00:00;0.0;0.0;0.0;18.79;81.05;0.9;
2022-09-15 23:00:00;0.0;0.0;0.0;18.77;81.05;0.34;
2022-09-16 00:00:00;0.0;0.0;0.0;18.27;81.0;0.62;
2022-09-16 01:00:00;0.0;0.0;0.0;17.26;86.65;0.76;
2022-09-16 02:00:00;0.0;0.0;0.0;15.18;100.0;0.83;
2022-09-16 03:00:00;0.0;0.0;0.0;14.81;99.4;0.83;
2022-09-16 04:00:00;0.0;0.0;0.0;14.92;99.4;0.83;
2022-09-16 05:00:00;0.0;0.0;0.0;15.16;100.0;0.69;
2022-09-16 06:00:00;56.0;35.89;49.0;15.92;96.0;0.62;
2022-09-16 07:00:00;145.0;43.74;129.0;18.42;86.75;0.69;
2022-09-16 08:00:00;317.0;198.48;215.0;20.03;75.75;0.97;
2022-09-16 09:00:00;483.0;381.36;243.0;20.78;70.9;1.03;
2022-09-16 10:00:00;458.0;177.51;333.0;21.63;68.6;1.17;
2022-09-16 11:00:00;317.0;19.09;303.0;22.08;66.35;1.31;
2022-09-16 12:00:00;350.0;36.37;324.0;22.57;62.05;1.52;
2022-09-16 13:00:00;384.0;92.31;324.0;23.02;60.05;1.79;
2022-09-16 14:00:00;327.0;97.59;274.0;23.23;60.05;1.93;
2022-09-16 15:00:00;400.0;684.84;125.0;22.97;60.05;1.86;
2022-09-16 16:00:00;230.0;570.35;96.0;22.45;62.05;1.38;
2022-09-16 17:00:00;63.0;384.31;42.0;21.82;66.35;1.31;
2022-09-16 18:00:00;0.0;0.0;0.0;20.58;73.3;1.31;
2022-09-16 19:00:00;0.0;0.0;0.0;19.36;78.35;1.24;
2022-09-16 20:00:00;0.0;0.0;0.0;19.09;81.05;1.1;
2022-09-16 21:00:00;0.0;0.0;0.0;18.7;81.0;1.1;
2022-09-16 22:00:00;0.0;0.0;0.0;18.69;81.0;0.9;
2022-09-16 23:00:00;0.0;0.0;0.0;19.0;78.3;0.41;
2022-09-17 00:00:00;0.0;0.0;0.0;18.56;81.0;0.34;
2022-09-17 01:00:00;0.0;0.0;0.0;18.09;83.75;0.48;
2022-09-17 02:00:00;0.0;0.0;0.0;17.58;86.65;0.62;
2022-09-17 03:00:00;0.0;0.0;0.0;16.27;92.8;1.24;
2022-09-17 04:00:00;0.0;0.0;0.0;16.64;92.8;1.17;
2022-09-17 05:00:00;0.0;0.0;0.0;16.32;92.8;0.76;
2022-09-17 06:00:00;67.0;83.59;51.0;16.55;96.05;0.62;
2022-09-17 07:00:00;135.0;33.14;123.0;18.4;89.75;0.62;
2022-09-17 08:00:00;360.0;337.2;188.0;18.7;86.75;1.24;
2022-09-17 09:00:00;197.0;1.6;196.0;19.29;81.1;0.9;
2022-09-17 10:00:00;86.0;0.0;86.0;20.0;78.45;0.62;
2022-09-17 11:00:00;428.0;102.91;353.0;20.49;75.85;0.21;
2022-09-17 12:00:00;178.0;0.0;178.0;20.26;73.3;0.62;
2022-09-17 13:00:00;81.0;0.0;81.0;20.24;73.2;1.1;
2022-09-17 14:00:00;160.0;0.0;160.0;19.17;78.3;1.79;
2022-09-17 15:00:00;67.0;0.0;67.0;18.75;78.3;2.28;
2022-09-17 16:00:00;44.0;0.0;44.0;18.05;83.75;1.86;
2022-09-17 17:00:00;33.0;20.53;32.0;17.28;83.7;2.21;
2022-09-17 18:00:00;0.0;0.0;0.0;16.45;89.65;2.34;
2022-09-17 19:00:00;0.0;0.0;0.0;16.76;89.65;1.72;
2022-09-17 20:00:00;0.0;0.0;0.0;16.27;86.55;2.21;
2022-09-17 21:00:00;0.0;0.0;0.0;15.47;86.5;2.14;
2022-09-17 22:00:00;0.0;0.0;0.0;14.68;92.7;0.97;
2022-09-17 23:00:00;0.0;0.0;0.0;14.38;86.4;0.48;
2022-09-18 00:00:00;0.0;0.0;0.0;13.64;92.65;0.9;
2022-09-18 01:00:00;0.0;0.0;0.0;13.12;92.6;1.1;
2022-09-18 02:00:00;0.0;0.0;0.0;12.95;92.6;1.1;
2022-09-18 03:00:00;0.0;0.0;0.0;12.78;89.4;0.9;
2022-09-18 04:00:00;0.0;0.0;0.0;12.71;89.4;0.62;
2022-09-18 05:00:00;0.0;0.0;0.0;12.7;89.4;0.62;
2022-09-18 06:00:00;74.0;133.16;49.0;12.74;89.4;0.41;
2022-09-18 07:00:00;94.0;2.79;93.0;13.54;92.65;1.03;
2022-09-18 08:00:00;94.0;0.0;94.0;13.68;89.4;1.17;
2022-09-18 09:00:00;114.0;0.0;114.0;13.81;86.35;1.38;
2022-09-18 10:00:00;132.0;0.0;132.0;14.21;83.4;1.52;
2022-09-18 11:00:00;116.0;0.0;116.0;14.35;80.45;1.59;
2022-09-18 12:00:00;128.0;0.0;128.0;14.33;80.45;1.72;
2022-09-18 13:00:00;112.0;0.0;112.0;14.57;80.45;1.79;
2022-09-18 14:00:00;124.0;0.0;124.0;14.68;80.45;1.79;
2022-09-18 15:00:00;182.0;23.07;173.0;14.91;75.0;1.66;
2022-09-18 16:00:00;105.0;22.4;100.0;14.86;75.0;1.24;
2022-09-18 17:00:00;47.0;233.93;37.0;14.51;74.95;0.97;
2022-09-18 18:00:00;0.0;0.0;0.0;13.98;80.4;1.03;
2022-09-18 19:00:00;0.0;0.0;0.0;13.34;86.3;0.28;
2022-09-18 20:00:00;0.0;0.0;0.0;12.96;92.6;0.83;
2022-09-18 21:00:00;0.0;0.0;0.0;13.0;92.6;0.69;
2022-09-18 22:00:00;0.0;0.0;0.0;13.04;92.6;0.62;
2022-09-18 23:00:00;0.0;0.0;0.0;13.07;92.6;0.76;
2022-09-19 00:00:00;0.0;0.0;0.0;12.98;89.4;0.97;
2022-09-19 01:00:00;0.0;0.0;0.0;12.7;89.4;1.1;
2022-09-19 02:00:00;0.0;0.0;0.0;12.72;89.4;1.1;
2022-09-19 03:00:00;0.0;0.0;0.0;13.07;89.4;1.1;
2022-09-19 04:00:00;0.0;0.0;0.0;12.97;86.25;1.24;
2022-09-19 05:00:00;0.0;0.0;0.0;12.85;86.25;1.24;
2022-09-19 06:00:00;41.0;10.87;39.0;13.02;89.4;0.97;
2022-09-19 07:00:00;141.0;45.12;125.0;13.31;89.4;0.28;
2022-09-19 08:00:00;97.0;0.0;97.0;13.5;86.3;0.41;
2022-09-19 09:00:00;167.0;0.0;167.0;13.63;86.3;0.34;
2022-09-19 10:00:00;129.0;0.0;129.0;14.18;83.35;0.14;
2022-09-19 11:00:00;212.0;0.0;212.0;15.17;77.75;0.41;
2022-09-19 12:00:00;129.0;0.0;129.0;16.04;70.0;0.55;
2022-09-19 13:00:00;293.0;23.65;278.0;16.58;67.65;0.14;
2022-09-19 14:00:00;435.0;358.84;246.0;16.85;65.35;0.28;
2022-09-19 15:00:00;0.0;0.0;0.0;17.17;63.05;0.55;
2022-09-19 16:00:00;169.0;239.23;117.0;17.03;63.05;0.48;
2022-09-19 17:00:00;35.0;0.0;35.0;16.56;70.1;0.28;
2022-09-19 18:00:00;0.0;0.0;0.0;15.84;70.0;0.21;
2022-09-19 19:00:00;0.0;0.0;0.0;15.51;72.45;0.55;
2022-09-19 20:00:00;0.0;0.0;0.0;14.83;75.0;0.76;
2022-09-19 21:00:00;0.0;0.0;0.0;14.1;80.4;0.9;
2022-09-19 22:00:00;0.0;0.0;0.0;14.01;80.4;0.83;
2022-09-19 23:00:00;0.0;0.0;0.0;14.45;77.65;0.55;
2022-09-20 00:00:00;0.0;0.0;0.0;14.29;77.65;0.21;
2022-09-20 01:00:00;0.0;0.0;0.0;14.14;80.4;0.28;
2022-09-20 02:00:00;0.0;0.0;0.0;13.79;80.4;0.62;
2022-09-20 03:00:00;0.0;0.0;0.0;13.03;89.4;0.83;
2022-09-20 04:00:00;0.0;0.0;0.0;12.44;86.25;0.97;
2022-09-20 05:00:00;0.0;0.0;0.0;12.28;86.25;0.9;
2022-09-20 06:00:00;83.0;227.31;42.0;12.54;86.25;0.69;
2022-09-20 07:00:00;257.0;493.11;84.0;13.96;89.45;0.97;
2022-09-20 08:00:00;433.0;664.14;102.0;15.7;83.5;1.1;
2022-09-20 09:00:00;494.0;455.15;215.0;17.34;72.8;1.24;
2022-09-20 10:00:00;623.0;620.26;197.0;18.71;68.05;1.31;
2022-09-20 11:00:00;580.0;384.71;305.0;19.65;63.6;1.31;
2022-09-20 12:00:00;614.0;494.86;270.0;20.35;59.5;1.38;
2022-09-20 13:00:00;609.0;659.69;194.0;20.81;57.55;1.72;
2022-09-20 14:00:00;537.0;780.95;130.0;21.0;57.55;2.07;
2022-09-20 15:00:00;394.0;760.46;106.0;20.72;59.5;2.07;
2022-09-20 16:00:00;215.0;619.47;84.0;20.14;61.5;1.79;
2022-09-20 17:00:00;32.0;0.0;32.0;18.83;65.75;1.93;
2022-09-20 18:00:00;0.0;0.0;0.0;17.43;72.8;2.34;
2022-09-20 19:00:00;0.0;0.0;0.0;16.55;77.95;1.79;
2022-09-20 20:00:00;0.0;0.0;0.0;15.48;83.5;1.93;
2022-09-20 21:00:00;0.0;0.0;0.0;14.73;86.45;1.93;
2022-09-20 22:00:00;0.0;0.0;0.0;14.09;92.65;1.93;
2022-09-20 23:00:00;0.0;0.0;0.0;13.95;89.45;1.86;
2022-09-21 00:00:00;0.0;0.0;0.0;14.13;92.65;2.0;
2022-09-21 01:00:00;0.0;0.0;0.0;14.32;89.5;1.93;
2022-09-21 02:00:00;0.0;0.0;0.0;14.34;86.4;1.93;
2022-09-21 03:00:00;0.0;0.0;0.0;14.26;86.4;1.86;
2022-09-21 04:00:00;0.0;0.0;0.0;14.43;86.4;1.79;
2022-09-21 05:00:00;0.0;0.0;0.0;14.29;86.4;1.79;
2022-09-21 06:00:00;39.0;11.32;37.0;14.59;86.4;1.79;
2022-09-21 07:00:00;114.0;17.29;108.0;15.24;86.5;1.38;
2022-09-21 08:00:00;203.0;30.34;188.0;16.11;83.55;1.45;
2022-09-21 09:00:00;288.0;47.63;259.0;16.77;75.3;1.45;
2022-09-21 10:00:00;556.0;423.53;267.0;17.21;72.7;1.38;
2022-09-21 11:00:00;607.0;463.32;278.0;18.07;67.95;1.31;
2022-09-21 12:00:00;680.0;727.41;178.0;18.72;65.65;1.17;
2022-09-21 13:00:00;587.0;596.37;215.0;19.23;63.5;1.03;
2022-09-21 14:00:00;500.0;638.1;171.0;19.4;61.4;1.1;
2022-09-21 15:00:00;364.0;619.38;133.0;19.26;61.4;1.24;
2022-09-21 16:00:00;201.0;539.96;90.0;18.98;63.5;1.17;
2022-09-21 17:00:00;30.0;0.0;30.0;17.95;70.35;1.03;
2022-09-21 18:00:00;0.0;0.0;0.0;16.51;77.95;1.24;
2022-09-21 19:00:00;0.0;0.0;0.0;15.68;80.6;1.66;
2022-09-21 20:00:00;0.0;0.0;0.0;14.85;83.45;1.66;
2022-09-21 21:00:00;0.0;0.0;0.0;14.6;86.4;1.66;
2022-09-21 22:00:00;0.0;0.0;0.0;14.3;83.4;1.66;
2022-09-21 23:00:00;0.0;0.0;0.0;13.96;86.35;1.59;
2022-09-22 00:00:00;0.0;0.0;0.0;14.05;86.35;1.45;
2022-09-22 01:00:00;0.0;0.0;0.0;13.83;86.35;1.31;
2022-09-22 02:00:00;0.0;0.0;0.0;13.96;83.35;1.03;
2022-09-22 03:00:00;0.0;0.0;0.0;14.27;80.45;0.83;
2022-09-22 04:00:00;0.0;0.0;0.0;14.42;80.45;0.55;
2022-09-22 05:00:00;0.0;0.0;0.0;14.15;83.35;0.62;
2022-09-22 06:00:00;50.0;46.27;42.0;13.42;86.3;0.83;
2022-09-22 07:00:00;91.0;2.91;90.0;14.38;89.5;0.97;
2022-09-22 08:00:00;165.0;8.16;161.0;16.14;77.85;1.17;
2022-09-22 09:00:00;321.0;84.36;270.0;16.71;72.65;0.97;
2022-09-22 10:00:00;284.0;17.7;272.0;17.48;67.85;0.83;
2022-09-22 11:00:00;420.0;107.75;344.0;18.38;63.4;0.69;
2022-09-22 12:00:00;641.0;610.18;223.0;18.77;61.3;0.48;
2022-09-22 13:00:00;618.0;735.74;163.0;19.4;61.4;0.34;
2022-09-22 14:00:00;508.0;698.03;152.0;19.58;59.25;0.41;
2022-09-22 15:00:00;334.0;482.06;157.0;19.54;59.25;0.76;
2022-09-22 16:00:00;200.0;581.0;84.0;19.21;63.5;0.97;
2022-09-22 17:00:00;27.0;0.0;27.0;18.31;65.65;1.03;
2022-09-22 18:00:00;0.0;0.0;0.0;16.59;80.75;1.17;
2022-09-22 19:00:00;0.0;0.0;0.0;17.42;67.85;0.62;
2022-09-22 20:00:00;0.0;0.0;0.0;17.21;70.2;0.48;
2022-09-22 21:00:00;0.0;0.0;0.0;16.59;72.65;0.83;
2022-09-22 22:00:00;0.0;0.0;0.0;15.25;77.8;1.03;
2022-09-22 23:00:00;0.0;0.0;0.0;14.22;83.4;1.31;
2022-09-23 00:00:00;0.0;0.0;0.0;13.46;89.4;1.45;
2022-09-23 01:00:00;0.0;0.0;0.0;12.99;92.6;1.31;
2022-09-23 02:00:00;0.0;0.0;0.0;12.98;92.6;1.03;
2022-09-23 03:00:00;0.0;0.0;0.0;12.75;92.6;0.9;
2022-09-23 04:00:00;0.0;0.0;0.0;12.25;89.4;0.97;
2022-09-23 05:00:00;0.0;0.0;0.0;12.21;89.4;0.97;
2022-09-23 06:00:00;62.0;118.24;42.0;12.84;92.6;0.69;
2022-09-23 07:00:00;225.0;368.38;100.0;15.03;89.5;0.28;
2022-09-23 08:00:00;398.0;561.28;125.0;16.79;80.8;0.55;
2022-09-23 09:00:00;537.0;651.32;146.0;18.12;75.45;0.55;
2022-09-23 10:00:00;633.0;695.02;165.0;19.36;68.2;0.83;
2022-09-23 11:00:00;589.0;433.97;285.0;20.22;63.7;0.97;
2022-09-23 12:00:00;561.0;383.85;300.0;20.66;59.5;0.97;
2022-09-23 13:00:00;478.0;295.24;297.0;21.23;57.55;1.03;
2022-09-23 14:00:00;433.0;406.43;228.0;21.42;53.75;1.03;
2022-09-23 15:00:00;350.0;594.95;135.0;21.26;55.55;1.03;
2022-09-23 16:00:00;188.0;511.0;89.0;21.06;57.55;0.76;
2022-09-23 17:00:00;25.0;0.0;25.0;19.65;70.65;1.03;
2022-09-23 18:00:00;0.0;0.0;0.0;17.69;78.1;1.52;
2022-09-23 19:00:00;0.0;0.0;0.0;16.82;83.65;1.45;
2022-09-23 20:00:00;0.0;0.0;0.0;16.05;86.5;1.52;
2022-09-23 21:00:00;0.0;0.0;0.0;15.58;86.5;1.52;
2022-09-23 22:00:00;0.0;0.0;0.0;15.36;86.5;1.38;
2022-09-23 23:00:00;0.0;0.0;0.0;15.04;89.5;1.38;
2022-09-24 00:00:00;0.0;0.0;0.0;14.78;86.45;1.31;
2022-09-24 01:00:00;0.0;0.0;0.0;14.71;86.45;1.24;
2022-09-24 02:00:00;0.0;0.0;0.0;15.26;83.5;1.03;
2022-09-24 03:00:00;0.0;0.0;0.0;15.74;80.65;0.83;
2022-09-24 04:00:00;0.0;0.0;0.0;15.92;80.65;0.69;
2022-09-24 05:00:00;0.0;0.0;0.0;15.55;83.5;0.34;
2022-09-24 06:00:00;48.0;54.43;39.0;15.3;83.5;0.21;
2022-09-24 07:00:00;189.0;208.69;119.0;16.38;92.8;0.34;
2022-09-24 08:00:00;286.0;174.16;202.0;18.42;78.25;0.55;
2022-09-24 09:00:00;531.0;647.62;145.0;19.2;75.65;0.69;
2022-09-24 10:00:00;603.0;605.57;198.0;20.43;66.05;0.55;
2022-09-24 11:00:00;612.0;516.05;253.0;21.06;63.9;0.62;
2022-09-24 12:00:00;570.0;419.38;287.0;21.47;61.85;0.69;
2022-09-24 13:00:00;516.0;408.13;268.0;21.81;57.75;0.83;
2022-09-24 14:00:00;500.0;709.76;146.0;22.2;57.75;0.9;
2022-09-24 15:00:00;348.0;621.55;127.0;22.02;57.75;1.1;
2022-09-24 16:00:00;166.0;367.38;97.0;21.65;59.7;1.17;
2022-09-24 17:00:00;21.0;0.0;21.0;20.2;68.3;1.31;
2022-09-24 18:00:00;0.0;0.0;0.0;18.48;75.55;1.66;
2022-09-24 19:00:00;0.0;0.0;0.0;17.32;83.7;1.59;
2022-09-24 20:00:00;0.0;0.0;0.0;16.45;86.55;1.66;
2022-09-24 21:00:00;0.0;0.0;0.0;15.87;89.6;1.66;
2022-09-24 22:00:00;0.0;0.0;0.0;15.44;89.55;1.59;
2022-09-24 23:00:00;0.0;0.0;0.0;14.72;92.7;1.59;
2022-09-25 00:00:00;0.0;0.0;0.0;14.25;92.7;1.52;
2022-09-25 01:00:00;0.0;0.0;0.0;14.08;95.95;1.17;
2022-09-25 02:00:00;0.0;0.0;0.0;13.54;99.4;0.97;
2022-09-25 03:00:00;0.0;0.0;0.0;12.96;100.0;1.1;
2022-09-25 04:00:00;0.0;0.0;0.0;12.7;99.4;1.24;
2022-09-25 05:00:00;0.0;0.0;0.0;12.37;95.95;1.38;
2022-09-25 06:00:00;49.0;68.09;38.0;12.84;99.4;1.31;
2022-09-25 07:00:00;240.0;488.67;78.0;16.02;92.75;0.28;
2022-09-25 08:00:00;372.0;476.76;144.0;18.1;80.9;0.07;
2022-09-25 09:00:00;519.0;610.11;158.0;19.2;78.3;0.62;
2022-09-25 10:00:00;619.0;677.51;169.0;20.27;68.4;0.76;
2022-09-25 11:00:00;662.0;696.31;181.0;20.91;63.9;1.1;
2022-09-25 12:00:00;652.0;695.89;186.0;21.45;61.85;1.31;
2022-09-25 13:00:00;606.0;748.9;155.0;21.78;59.8;1.45;
2022-09-25 14:00:00;500.0;736.15;137.0;21.86;57.75;1.45;
2022-09-25 15:00:00;357.0;709.1;109.0;21.57;59.7;1.31;
2022-09-25 16:00:00;186.0;593.76;78.0;21.13;61.7;1.24;
2022-09-25 17:00:00;20.0;0.0;20.0;19.84;65.95;1.52;
2022-09-25 18:00:00;0.0;0.0;0.0;18.26;78.25;1.31;
2022-09-25 19:00:00;0.0;0.0;0.0;17.08;83.65;1.59;
2022-09-25 20:00:00;0.0;0.0;0.0;16.17;86.5;1.72;
2022-09-25 21:00:00;0.0;0.0;0.0;16.69;80.75;1.03;
2022-09-25 22:00:00;0.0;0.0;0.0;16.35;80.75;0.9;
2022-09-25 23:00:00;0.0;0.0;0.0;14.48;89.5;1.31;
2022-09-26 00:00:00;0.0;0.0;0.0;13.74;92.65;1.38;
2022-09-26 01:00:00;0.0;0.0;0.0;13.78;89.45;1.1;
2022-09-26 02:00:00;0.0;0.0;0.0;13.41;92.65;1.1;
2022-09-26 03:00:00;0.0;0.0;0.0;12.99;95.95;1.1;
2022-09-26 04:00:00;0.0;0.0;0.0;12.74;95.95;0.97;
2022-09-26 05:00:00;0.0;0.0;0.0;13.04;95.95;0.76;
2022-09-26 06:00:00;41.0;38.04;35.0;13.27;95.95;0.55;
2022-09-26 07:00:00;205.0;311.39;103.0;15.25;92.75;0.55;
2022-09-26 08:00:00;348.0;388.11;164.0;17.73;80.9;0.0;
2022-09-26 09:00:00;530.0;670.83;136.0;19.16;75.65;0.0;
2022-09-26 10:00:00;629.0;732.31;146.0;20.44;68.4;0.69;
2022-09-26 11:00:00;641.0;634.24;206.0;21.41;64.0;0.69;
2022-09-26 12:00:00;605.0;549.33;240.0;21.86;59.8;0.83;
2022-09-26 13:00:00;536.0;501.03;237.0;22.22;59.8;0.76;
2022-09-26 14:00:00;455.0;549.81;187.0;22.39;57.9;0.76;
2022-09-26 15:00:00;349.0;697.85;109.0;22.25;59.8;1.1;
2022-09-26 16:00:00;147.0;289.82;96.0;21.81;61.95;1.1;
2022-09-26 17:00:00;0.0;0.0;0.0;20.72;70.8;0.48;
2022-09-26 18:00:00;0.0;0.0;0.0;20.1;68.3;0.28;
2022-09-26 19:00:00;0.0;0.0;0.0;19.58;68.2;0.48;
2022-09-26 20:00:00;0.0;0.0;0.0;18.85;70.55;0.69;
2022-09-26 21:00:00;0.0;0.0;0.0;18.08;75.45;0.76;
2022-09-26 22:00:00;0.0;0.0;0.0;17.14;80.8;0.9;
2022-09-26 23:00:00;0.0;0.0;0.0;15.38;86.5;1.24;
2022-09-27 00:00:00;0.0;0.0;0.0;14.32;89.5;1.38;
2022-09-27 01:00:00;0.0;0.0;0.0;13.98;92.65;1.38;
2022-09-27 02:00:00;0.0;0.0;0.0;13.95;95.95;1.17;
2022-09-27 03:00:00;0.0;0.0;0.0;14.08;95.95;0.97;
2022-09-27 04:00:00;0.0;0.0;0.0;14.16;95.95;0.9;
2022-09-27 05:00:00;0.0;0.0;0.0;14.25;92.7;0.69;
2022-09-27 06:00:00;33.0;19.49;30.0;14.55;96.0;0.55;
2022-09-27 07:00:00;131.0;55.63;113.0;16.18;96.0;0.28;
2022-09-27 08:00:00;174.0;17.02;166.0;18.33;81.0;0.55;
2022-09-27 09:00:00;292.0;65.19;254.0;19.53;75.7;0.69;
2022-09-27 10:00:00;269.0;16.8;258.0;20.38;70.8;0.83;
2022-09-27 11:00:00;417.0;123.36;333.0;21.09;68.5;1.31;
2022-09-27 12:00:00;496.0;274.57;315.0;21.53;66.25;1.52;
2022-09-27 13:00:00;497.0;400.82;260.0;21.69;64.0;1.38;
2022-09-27 14:00:00;398.0;359.1;225.0;21.94;61.95;1.45;
2022-09-27 15:00:00;267.0;283.96;171.0;21.87;61.95;1.52;
2022-09-27 16:00:00;144.0;305.78;92.0;21.48;66.25;1.24;
2022-09-27 17:00:00;0.0;0.0;0.0;20.37;70.8;1.24;
2022-09-27 18:00:00;0.0;0.0;0.0;18.87;78.3;1.31;
2022-09-27 19:00:00;0.0;0.0;0.0;18.67;81.0;1.03;
2022-09-27 20:00:00;0.0;0.0;0.0;18.54;81.0;0.9;
2022-09-27 21:00:00;0.0;0.0;0.0;18.35;78.25;0.76;
2022-09-27 22:00:00;0.0;0.0;0.0;17.79;80.9;0.9;
2022-09-27 23:00:00;0.0;0.0;0.0;17.05;83.65;1.03;
2022-09-28 00:00:00;0.0;0.0;0.0;16.03;89.6;1.38;
2022-09-28 01:00:00;0.0;0.0;0.0;15.59;89.55;1.31;
2022-09-28 02:00:00;0.0;0.0;0.0;15.7;89.55;1.1;
2022-09-28 03:00:00;0.0;0.0;0.0;16.46;83.6;0.69;
2022-09-28 04:00:00;0.0;0.0;0.0;16.41;83.6;0.28;
2022-09-28 05:00:00;0.0;0.0;0.0;16.18;86.5;0.41;
2022-09-28 06:00:00;6.0;0.0;6.0;16.12;86.5;0.48;
2022-09-28 07:00:00;126.0;50.06;110.0;17.44;86.65;0.34;
2022-09-28 08:00:00;107.0;0.0;107.0;18.88;78.3;0.55;
2022-09-28 09:00:00;194.0;5.19;191.0;19.69;75.7;0.76;
2022-09-28 10:00:00;345.0;72.29;298.0;20.34;70.8;1.24;
2022-09-28 11:00:00;263.0;8.88;257.0;20.75;70.8;1.59;
2022-09-28 12:00:00;465.0;217.14;323.0;21.14;68.5;1.59;
2022-09-28 13:00:00;443.0;264.6;288.0;21.53;66.25;1.66;
2022-09-28 14:00:00;309.0;134.44;245.0;21.73;66.25;1.72;
2022-09-28 15:00:00;309.0;517.69;137.0;21.87;64.1;1.45;
2022-09-28 16:00:00;162.0;511.74;78.0;21.31;66.25;0.76;
2022-09-28 17:00:00;0.0;0.0;0.0;20.53;73.3;0.34;
2022-09-28 18:00:00;0.0;0.0;0.0;19.83;73.2;0.14;
2022-09-28 19:00:00;0.0;0.0;0.0;19.21;78.3;0.28;
2022-09-28 20:00:00;0.0;0.0;0.0;18.6;81.0;0.41;
2022-09-28 21:00:00;0.0;0.0;0.0;18.06;83.75;0.48;
2022-09-28 22:00:00;0.0;0.0;0.0;17.48;86.65;0.69;
2022-09-28 23:00:00;0.0;0.0;0.0;17.08;89.65;0.48;
2022-09-29 00:00:00;0.0;0.0;0.0;15.87;96.0;0.9;
2022-09-29 01:00:00;0.0;0.0;0.0;15.42;96.0;1.03;
2022-09-29 02:00:00;0.0;0.0;0.0;15.21;96.0;1.17;
2022-09-29 03:00:00;0.0;0.0;0.0;15.12;99.4;1.31;
2022-09-29 04:00:00;0.0;0.0;0.0;14.94;99.4;1.31;
2022-09-29 05:00:00;0.0;0.0;0.0;14.93;99.4;1.38;
2022-09-29 06:00:00;7.0;0.0;7.0;14.94;99.4;1.31;
2022-09-29 07:00:00;41.0;0.0;41.0;16.13;96.0;0.9;
2022-09-29 08:00:00;87.0;0.0;87.0;17.07;89.65;0.76;
2022-09-29 09:00:00;246.0;29.62;229.0;17.45;86.65;0.69;
2022-09-29 10:00:00;319.0;51.13;286.0;18.49;81.0;0.69;
2022-09-29 11:00:00;511.0;307.04;305.0;19.03;78.3;0.21;
2022-09-29 12:00:00;457.0;209.65;321.0;19.43;75.7;0.55;
2022-09-29 13:00:00;279.0;31.02;261.0;19.99;75.75;0.76;
2022-09-29 14:00:00;287.0;102.05;239.0;20.19;73.2;0.97;
2022-09-29 15:00:00;315.0;591.28;122.0;20.44;70.8;1.1;
2022-09-29 16:00:00;155.0;492.9;77.0;20.27;70.8;1.38;
2022-09-29 17:00:00;0.0;0.0;0.0;19.35;78.35;1.38;
2022-09-29 18:00:00;0.0;0.0;0.0;17.48;89.7;0.0;
2022-09-29 19:00:00;0.0;0.0;0.0;16.33;89.65;0.0;
2022-09-29 20:00:00;0.0;0.0;0.0;15.48;92.75;2.07;
2022-09-29 21:00:00;0.0;0.0;0.0;14.8;89.5;2.14;
2022-09-29 22:00:00;0.0;0.0;0.0;14.28;86.4;2.41;
2022-09-29 23:00:00;0.0;0.0;0.0;14.06;77.6;2.76;
2022-09-30 00:00:00;0.0;0.0;0.0;14.37;60.3;3.17;
2022-09-30 01:00:00;0.0;0.0;0.0;14.3;52.0;3.17;
2022-09-30 02:00:00;0.0;0.0;0.0;14.08;53.85;2.76;
2022-09-30 03:00:00;0.0;0.0;0.0;12.87;64.55;2.14;
2022-09-30 04:00:00;0.0;0.0;0.0;12.82;74.7;1.93;
2022-09-30 05:00:00;0.0;0.0;0.0;12.78;83.25;1.93;
2022-09-30 06:00:00;52.0;168.72;28.0;12.86;86.25;1.52;
2022-09-30 07:00:00;218.0;446.21;79.0;14.55;86.4;0.9;
2022-09-30 08:00:00;386.0;607.99;108.0;16.63;67.65;0.69;
2022-09-30 09:00:00;526.0;698.84;128.0;17.78;61.05;0.9;
2022-09-30 10:00:00;609.0;693.02;165.0;18.5;56.95;1.24;
2022-09-30 11:00:00;634.0;648.77;202.0;19.09;55.05;1.31;
2022-09-30 12:00:00;580.0;503.59;256.0;19.55;53.25;1.24;
2022-09-30 13:00:00;581.0;722.05;166.0;19.89;51.5;1.45;
2022-09-30 14:00:00;482.0;755.41;131.0;19.82;51.5;1.79;
2022-09-30 15:00:00;341.0;758.0;98.0;19.55;53.25;2.28;
2022-09-30 16:00:00;168.0;669.45;66.0;16.82;59.9;2.61;
2022-09-30 17:00:00;0.0;0.0;0.0;16.42;61.32;2.54;
2022-09-30 18:00:00;0.0;0.0;0.0;16.02;62.73;2.46;
2022-09-30 19:00:00;0.0;0.0;0.0;15.62;64.15;2.39;
2022-09-30 20:00:00;0.0;0.0;0.0;15.22;65.57;2.31;
2022-09-30 21:00:00;0.0;0.0;0.0;14.82;66.98;2.24;
2022-09-30 22:00:00;0.0;0.0;0.0;14.42;68.4;2.16;
2022-09-30 23:00:00;0.0;0.0;0.0;14.02;69.81;2.09;
2022-10-01 00:00:00;0.0;0.0;0.0;13.62;71.23;2.01;
2022-10-01 01:00:00;0.0;0.0;0.0;13.22;72.65;1.94;
2022-10-01 02:00:00;0.0;0.0;0.0;12.81;74.06;1.86;
2022-10-01 03:00:00;0.0;0.0;0.0;12.41;75.48;1.79;
2022-10-01 04:00:00;0.0;0.0;0.0;12.01;76.9;1.71;
2022-10-01 05:00:00;0.0;0.0;0.0;11.61;78.31;1.64;
2022-10-01 06:00:00;46.0;137.35;27.0;11.21;79.73;1.57;
2022-10-01 07:00:00;140.0;97.58;110.0;10.81;81.14;1.49;
2022-10-01 08:00:00;346.0;461.41;137.0;14.84;67.35;1.72;
2022-10-01 09:00:00;415.0;329.21;229.0;15.78;60.65;1.79;
2022-10-01 10:00:00;615.0;770.59;125.0;16.72;56.6;1.72;
2022-10-01 11:00:00;596.0;565.98;222.0;17.45;54.7;1.59;
2022-10-01 12:00:00;643.0;788.32;140.0;17.83;52.9;1.38;
2022-10-01 13:00:00;595.0;841.51;116.0;18.06;52.9;1.1;
2022-10-01 14:00:00;484.0;823.64;106.0;18.16;52.9;0.69;
2022-10-01 15:00:00;297.0;536.92;128.0;18.06;52.9;0.9;
2022-10-01 16:00:00;156.0;634.84;63.0;17.38;56.75;1.1;
2022-10-01 17:00:00;0.0;0.0;0.0;16.48;60.75;1.31;
2022-10-01 18:00:00;0.0;0.0;0.0;15.47;67.45;1.45;
2022-10-01 19:00:00;0.0;0.0;0.0;15.14;72.4;1.03;
2022-10-01 20:00:00;0.0;0.0;0.0;14.47;72.3;1.1;
2022-10-01 21:00:00;0.0;0.0;0.0;13.4;77.5;1.45;
2022-10-01 22:00:00;0.0;0.0;0.0;12.83;77.45;1.59;
2022-10-01 23:00:00;0.0;0.0;0.0;12.66;80.3;1.45;
2022-10-02 00:00:00;0.0;0.0;0.0;13.09;80.3;1.45;
2022-10-02 01:00:00;0.0;0.0;0.0;13.21;77.5;1.52;
2022-10-02 02:00:00;0.0;0.0;0.0;13.23;77.5;1.66;
2022-10-02 03:00:00;0.0;0.0;0.0;13.19;77.5;1.79;
2022-10-02 04:00:00;0.0;0.0;0.0;13.14;80.3;1.93;
2022-10-02 05:00:00;0.0;0.0;0.0;13.05;83.25;2.07;
2022-10-02 06:00:00;35.0;59.53;27.0;12.9;83.25;2.21;
2022-10-02 07:00:00;122.0;56.04;105.0;13.15;92.6;2.48;
2022-10-02 08:00:00;84.0;0.0;84.0;13.32;89.4;3.03;
2022-10-02 09:00:00;53.0;0.0;53.0;13.93;89.45;3.24;
2022-10-02 10:00:00;54.0;0.0;54.0;13.92;89.45;3.66;
2022-10-02 11:00:00;59.0;0.0;59.0;14.6;89.5;3.52;
2022-10-02 12:00:00;58.0;0.0;58.0;14.81;89.5;2.83;
2022-10-02 13:00:00;52.0;0.0;52.0;14.99;89.5;2.62;
2022-10-02 14:00:00;52.0;0.0;52.0;14.81;86.45;2.9;
2022-10-02 15:00:00;28.0;0.0;28.0;14.32;89.5;3.1;
2022-10-02 16:00:00;36.0;0.0;36.0;13.86;89.45;3.93;
2022-10-02 17:00:00;0.0;0.0;0.0;13.32;89.4;3.93;
2022-10-02 18:00:00;0.0;0.0;0.0;13.11;89.4;4.28;
2022-10-02 19:00:00;0.0;0.0;0.0;12.36;89.4;2.48;
2022-10-02 20:00:00;0.0;0.0;0.0;12.12;92.6;2.0;
2022-10-02 21:00:00;0.0;0.0;0.0;12.06;89.35;1.79;
2022-10-02 22:00:00;0.0;0.0;0.0;12.21;83.25;1.59;
2022-10-02 23:00:00;0.0;0.0;0.0;11.96;83.15;2.0;
2022-10-03 00:00:00;0.0;0.0;0.0;11.52;86.15;2.07;
2022-10-03 01:00:00;0.0;0.0;0.0;11.05;86.1;1.79;
2022-10-03 02:00:00;0.0;0.0;0.0;10.93;86.1;1.59;
2022-10-03 03:00:00;0.0;0.0;0.0;10.8;86.1;1.66;
2022-10-03 04:00:00;0.0;0.0;0.0;10.73;83.05;2.0;
2022-10-03 05:00:00;0.0;0.0;0.0;10.48;83.0;2.21;
2022-10-03 06:00:00;15.0;0.0;15.0;10.24;83.0;2.41;
2022-10-03 07:00:00;36.0;0.0;36.0;10.31;83.0;2.28;
2022-10-03 08:00:00;33.0;0.0;33.0;10.57;83.0;2.14;
2022-10-03 09:00:00;402.0;304.05;233.0;11.76;74.6;2.14;
2022-10-03 10:00:00;341.0;78.25;292.0;12.62;74.7;2.0;
2022-10-03 11:00:00;73.0;0.0;73.0;13.22;77.5;2.0;
2022-10-03 12:00:00;58.0;0.0;58.0;13.59;80.35;2.0;
2022-10-03 13:00:00;52.0;0.0;52.0;14.62;77.65;2.0;
2022-10-03 14:00:00;86.0;0.0;86.0;14.27;83.4;1.17;
2022-10-03 15:00:00;38.0;0.0;38.0;13.91;89.45;1.31;
2022-10-03 16:00:00;37.0;0.0;37.0;13.5;92.65;1.86;
2022-10-03 17:00:00;0.0;0.0;0.0;13.0;92.6;2.55;
2022-10-03 18:00:00;0.0;0.0;0.0;12.52;89.4;2.97;
2022-10-03 19:00:00;0.0;0.0;0.0;11.62;92.55;1.59;
2022-10-03 20:00:00;0.0;0.0;0.0;11.44;89.3;1.17;
2022-10-03 21:00:00;0.0;0.0;0.0;11.32;92.55;0.69;
2022-10-03 22:00:00;0.0;0.0;0.0;11.54;92.55;0.21;
2022-10-03 23:00:00;0.0;0.0;0.0;11.36;92.55;0.69;
2022-10-04 00:00:00;0.0;0.0;0.0;10.79;92.55;1.17;
2022-10-04 01:00:00;0.0;0.0;0.0;10.46;92.5;1.17;
2022-10-04 02:00:00;0.0;0.0;0.0;10.24;92.5;1.52;
2022-10-04 03:00:00;0.0;0.0;0.0;10.53;92.5;1.52;
2022-10-04 04:00:00;0.0;0.0;0.0;10.41;92.5;1.38;
2022-10-04 05:00:00;0.0;0.0;0.0;10.11;92.5;1.45;
2022-10-04 06:00:00;28.0;39.54;23.0;9.93;92.5;1.45;
2022-10-04 07:00:00;149.0;145.74;106.0;11.77;89.35;1.1;
2022-10-04 08:00:00;224.0;93.2;183.0;13.55;80.35;1.03;
2022-10-04 09:00:00;294.0;85.27;247.0;14.58;72.3;0.9;
2022-10-04 10:00:00;278.0;27.36;261.0;15.63;67.45;0.76;
2022-10-04 11:00:00;495.0;303.66;299.0;16.31;62.95;0.55;
2022-10-04 12:00:00;57.0;0.0;57.0;16.83;58.7;0.34;
2022-10-04 13:00:00;377.0;168.32;284.0;17.22;60.85;0.41;
2022-10-04 14:00:00;383.0;411.95;201.0;16.67;62.95;0.48;
2022-10-04 15:00:00;127.0;10.09;124.0;16.56;62.95;1.1;
2022-10-04 16:00:00;138.0;589.1;62.0;16.02;67.55;1.03;
2022-10-04 17:00:00;0.0;0.0;0.0;14.74;75.0;0.62;
2022-10-04 18:00:00;0.0;0.0;0.0;13.1;86.25;1.52;
2022-10-04 19:00:00;0.0;0.0;0.0;12.98;86.25;1.03;
2022-10-04 20:00:00;0.0;0.0;0.0;11.95;86.2;1.31;
2022-10-04 21:00:00;0.0;0.0;0.0;12.78;83.25;0.76;
2022-10-04 22:00:00;0.0;0.0;0.0;12.41;83.25;0.62;
2022-10-04 23:00:00;0.0;0.0;0.0;9.72;92.5;1.59;
2022-10-05 00:00:00;0.0;0.0;0.0;9.46;95.85;1.38;
2022-10-05 01:00:00;0.0;0.0;0.0;10.12;95.9;1.03;
2022-10-05 02:00:00;0.0;0.0;0.0;10.27;95.9;1.17;
2022-10-05 03:00:00;0.0;0.0;0.0;10.31;95.9;1.38;
2022-10-05 04:00:00;0.0;0.0;0.0;9.59;95.85;1.52;
2022-10-05 05:00:00;0.0;0.0;0.0;9.77;95.9;1.24;
2022-10-05 06:00:00;37.0;130.66;21.0;9.91;95.9;1.17;
2022-10-05 07:00:00;191.0;398.79;75.0;11.31;89.3;1.03;
2022-10-05 08:00:00;130.0;2.3;129.0;12.92;86.25;0.9;
2022-10-05 09:00:00;153.0;0.0;153.0;14.1;80.4;0.83;
2022-10-05 10:00:00;104.0;0.0;104.0;14.46;80.45;0.69;
2022-10-05 11:00:00;79.0;0.0;79.0;14.57;80.45;1.03;
2022-10-05 12:00:00;111.0;0.0;111.0;14.54;83.4;1.1;
2022-10-05 13:00:00;552.0;744.11;145.0;14.65;80.45;0.83;
2022-10-05 14:00:00;405.0;534.28;172.0;14.83;77.75;1.1;
2022-10-05 15:00:00;156.0;48.02;142.0;14.84;77.75;1.03;
2022-10-05 16:00:00;118.0;389.5;70.0;14.3;83.4;1.38;
2022-10-05 17:00:00;0.0;0.0;0.0;13.37;92.65;1.59;
2022-10-05 18:00:00;0.0;0.0;0.0;12.7;89.4;1.66;
2022-10-05 19:00:00;0.0;0.0;0.0;12.69;86.25;0.76;
2022-10-05 20:00:00;0.0;0.0;0.0;11.95;89.35;1.03;
2022-10-05 21:00:00;0.0;0.0;0.0;11.27;92.55;1.1;
2022-10-05 22:00:00;0.0;0.0;0.0;11.14;95.9;0.9;
2022-10-05 23:00:00;0.0;0.0;0.0;11.09;95.9;1.03;
2022-10-06 00:00:00;0.0;0.0;0.0;11.01;95.9;1.1;
2022-10-06 01:00:00;0.0;0.0;0.0;11.14;95.9;0.83;
2022-10-06 02:00:00;0.0;0.0;0.0;11.25;95.9;1.03;
2022-10-06 03:00:00;0.0;0.0;0.0;10.98;95.9;1.1;
2022-10-06 04:00:00;0.0;0.0;0.0;10.83;95.9;1.03;
2022-10-06 05:00:00;0.0;0.0;0.0;10.79;95.9;0.83;
2022-10-06 06:00:00;4.0;0.0;4.0;11.36;95.9;0.69;
2022-10-06 07:00:00;34.0;0.0;34.0;12.26;92.6;0.62;
2022-10-06 08:00:00;60.0;0.0;60.0;13.91;86.35;0.41;
2022-10-06 09:00:00;67.0;0.0;67.0;14.75;77.75;0.14;
2022-10-06 10:00:00;99.0;0.0;99.0;15.03;80.55;0.69;
2022-10-06 11:00:00;90.0;0.0;90.0;15.18;80.55;0.21;
2022-10-06 12:00:00;77.0;0.0;77.0;15.44;77.8;0.34;
2022-10-06 13:00:00;98.0;0.0;98.0;16.22;75.25;0.48;
2022-10-06 14:00:00;53.0;0.0;53.0;16.45;75.25;0.28;
2022-10-06 15:00:00;110.0;3.5;109.0;16.35;75.25;0.41;
2022-10-06 16:00:00;51.0;8.51;50.0;15.88;83.55;0.83;
2022-10-06 17:00:00;0.0;0.0;0.0;15.27;83.5;0.76;
2022-10-06 18:00:00;0.0;0.0;0.0;14.28;89.5;1.03;
2022-10-06 19:00:00;0.0;0.0;0.0;14.04;92.65;0.97;
2022-10-06 20:00:00;0.0;0.0;0.0;14.39;89.5;0.55;
2022-10-06 21:00:00;0.0;0.0;0.0;14.46;89.5;0.41;
2022-10-06 22:00:00;0.0;0.0;0.0;12.93;95.95;1.31;
2022-10-06 23:00:00;0.0;0.0;0.0;12.67;92.6;1.45;
2022-10-07 00:00:00;0.0;0.0;0.0;12.64;92.6;1.45;
2022-10-07 01:00:00;0.0;0.0;0.0;12.65;95.95;1.24;
2022-10-07 02:00:00;0.0;0.0;0.0;12.56;95.95;1.1;
2022-10-07 03:00:00;0.0;0.0;0.0;11.86;95.95;1.31;
2022-10-07 04:00:00;0.0;0.0;0.0;11.72;95.95;1.17;
2022-10-07 05:00:00;0.0;0.0;0.0;11.82;95.95;0.9;
2022-10-07 06:00:00;6.0;0.0;6.0;12.04;95.95;0.62;
2022-10-07 07:00:00;40.0;0.0;40.0;12.76;95.95;1.24;
2022-10-07 08:00:00;103.0;0.0;103.0;13.72;92.65;1.17;
2022-10-07 09:00:00;49.0;0.0;49.0;14.21;89.5;0.97;
2022-10-07 10:00:00;243.0;14.84;234.0;15.03;86.45;1.52;
2022-10-07 11:00:00;175.0;0.0;175.0;15.53;80.6;1.24;
2022-10-07 12:00:00;439.0;234.39;297.0;15.95;77.85;0.76;
2022-10-07 13:00:00;169.0;0.0;169.0;16.58;75.25;0.76;
2022-10-07 14:00:00;305.0;204.84;218.0;16.4;75.25;0.69;
2022-10-07 15:00:00;169.0;89.26;144.0;16.17;77.85;0.48;
2022-10-07 16:00:00;68.0;62.63;61.0;15.79;80.65;0.41;
2022-10-07 17:00:00;0.0;0.0;0.0;14.89;89.5;0.62;
2022-10-07 18:00:00;0.0;0.0;0.0;14.51;86.4;0.0;
2022-10-07 19:00:00;0.0;0.0;0.0;14.07;92.65;0.0;
2022-10-07 20:00:00;0.0;0.0;0.0;14.67;86.4;0.28;
2022-10-07 21:00:00;0.0;0.0;0.0;13.98;89.45;0.55;
2022-10-07 22:00:00;0.0;0.0;0.0;13.6;95.95;0.62;
2022-10-07 23:00:00;0.0;0.0;0.0;13.2;92.65;0.76;
2022-10-08 00:00:00;0.0;0.0;0.0;12.81;95.95;1.03;
2022-10-08 01:00:00;0.0;0.0;0.0;13.0;95.95;1.31;
2022-10-08 02:00:00;0.0;0.0;0.0;13.12;95.95;1.52;
2022-10-08 03:00:00;0.0;0.0;0.0;13.12;95.95;1.52;
2022-10-08 04:00:00;0.0;0.0;0.0;13.03;95.95;1.31;
2022-10-08 05:00:00;0.0;0.0;0.0;12.69;95.95;1.24;
2022-10-08 06:00:00;11.0;0.0;11.0;12.32;92.6;1.24;
2022-10-08 07:00:00;100.0;35.94;90.0;12.99;95.95;0.9;
2022-10-08 08:00:00;229.0;127.91;175.0;14.37;86.4;0.76;
2022-10-08 09:00:00;414.0;409.41;196.0;15.16;80.55;1.24;
2022-10-08 10:00:00;353.0;114.7;284.0;15.74;72.55;1.72;
2022-10-08 11:00:00;545.0;502.62;231.0;16.33;70.1;1.45;
2022-10-08 12:00:00;510.0;428.04;253.0;17.11;67.75;1.38;
2022-10-08 13:00:00;548.0;809.04;119.0;17.45;67.85;1.45;
2022-10-08 14:00:00;226.0;54.89;203.0;17.53;67.85;1.52;
2022-10-08 15:00:00;265.0;564.91;110.0;17.36;67.85;1.38;
2022-10-08 16:00:00;120.0;640.96;52.0;16.74;72.7;1.24;
2022-10-08 17:00:00;0.0;0.0;0.0;15.65;80.6;1.24;
2022-10-08 18:00:00;0.0;0.0;0.0;14.22;89.5;1.03;
2022-10-08 19:00:00;0.0;0.0;0.0;13.82;92.65;1.03;
2022-10-08 20:00:00;0.0;0.0;0.0;13.46;92.65;1.1;
2022-10-08 21:00:00;0.0;0.0;0.0;13.32;92.65;1.1;
2022-10-08 22:00:00;0.0;0.0;0.0;13.2;92.65;1.1;
2022-10-08 23:00:00;0.0;0.0;0.0;13.12;95.95;1.1;
2022-10-09 00:00:00;0.0;0.0;0.0;13.02;95.95;1.1;
2022-10-09 01:00:00;0.0;0.0;0.0;13.45;89.4;0.76;
2022-10-09 02:00:00;0.0;0.0;0.0;13.67;89.4;0.41;
2022-10-09 03:00:00;0.0;0.0;0.0;13.43;89.4;0.41;
2022-10-09 04:00:00;0.0;0.0;0.0;13.35;89.4;0.28;
2022-10-09 05:00:00;0.0;0.0;0.0;13.32;86.3;0.14;
2022-10-09 06:00:00;23.0;65.85;16.0;13.22;86.3;0.28;
2022-10-09 07:00:00;186.0;445.33;64.0;13.69;92.65;0.62;
2022-10-09 08:00:00;347.0;612.89;91.0;15.68;80.6;0.9;
2022-10-09 09:00:00;487.0;723.85;105.0;16.2;75.15;0.9;
2022-10-09 10:00:00;579.0;772.75;118.0;17.06;70.2;0.69;
2022-10-09 11:00:00;621.0;800.63;125.0;17.82;65.55;0.41;
2022-10-09 12:00:00;529.0;502.52;230.0;18.53;63.4;0.34;
2022-10-09 13:00:00;443.0;396.42;235.0;18.86;61.3;0.55;
2022-10-09 14:00:00;379.0;512.81;167.0;19.12;59.15;0.9;
2022-10-09 15:00:00;279.0;718.27;86.0;18.91;59.15;1.1;
2022-10-09 16:00:00;108.0;527.64;55.0;18.24;65.65;0.83;
2022-10-09 17:00:00;0.0;0.0;0.0;16.72;78.0;1.03;
2022-10-09 18:00:00;0.0;0.0;0.0;14.93;83.45;1.59;
2022-10-09 19:00:00;0.0;0.0;0.0;13.54;92.65;1.72;
2022-10-09 20:00:00;0.0;0.0;0.0;12.91;92.6;1.66;
2022-10-09 21:00:00;0.0;0.0;0.0;12.65;89.4;1.72;
2022-10-09 22:00:00;0.0;0.0;0.0;12.48;89.4;1.79;
2022-10-09 23:00:00;0.0;0.0;0.0;12.69;92.6;1.66;
2022-10-10 00:00:00;0.0;0.0;0.0;12.37;89.4;1.72;
2022-10-10 01:00:00;0.0;0.0;0.0;12.3;89.4;1.59;
2022-10-10 02:00:00;0.0;0.0;0.0;12.15;92.6;1.52;
2022-10-10 03:00:00;0.0;0.0;0.0;12.81;89.4;1.17;
2022-10-10 04:00:00;0.0;0.0;0.0;13.82;83.35;0.76;
2022-10-10 05:00:00;0.0;0.0;0.0;13.71;83.35;0.76;
2022-10-10 06:00:00;17.0;29.35;14.0;13.41;83.25;0.83;
2022-10-10 07:00:00;91.0;25.96;84.0;13.34;92.65;1.03;
2022-10-10 08:00:00;160.0;24.2;150.0;14.96;83.45;1.72;
2022-10-10 09:00:00;225.0;28.68;210.0;15.38;77.8;2.07;
2022-10-10 10:00:00;199.0;3.38;197.0;15.79;72.55;2.0;
2022-10-10 11:00:00;483.0;338.61;275.0;15.99;72.55;1.72;
2022-10-10 12:00:00;265.0;20.35;253.0;16.11;70.0;1.45;
2022-10-10 13:00:00;360.0;181.07;266.0;16.23;67.65;1.24;
2022-10-10 14:00:00;411.0;706.27;123.0;16.29;65.25;1.03;
2022-10-10 15:00:00;250.0;524.61;112.0;16.15;67.55;0.9;
2022-10-10 16:00:00;103.0;516.64;54.0;15.7;72.45;0.9;
2022-10-10 17:00:00;0.0;0.0;0.0;15.06;75.0;1.24;
2022-10-10 18:00:00;0.0;0.0;0.0;14.48;77.65;1.45;
2022-10-10 19:00:00;0.0;0.0;0.0;13.45;86.3;1.24;
2022-10-10 20:00:00;0.0;0.0;0.0;12.63;86.25;1.45;
2022-10-10 21:00:00;0.0;0.0;0.0;12.22;83.25;1.52;
2022-10-10 22:00:00;0.0;0.0;0.0;11.91;86.2;1.72;
2022-10-10 23:00:00;0.0;0.0;0.0;11.86;83.15;1.72;
2022-10-11 00:00:00;0.0;0.0;0.0;11.52;86.15;1.72;
2022-10-11 01:00:00;0.0;0.0;0.0;10.98;89.3;1.66;
2022-10-11 02:00:00;0.0;0.0;0.0;10.97;89.3;1.38;
2022-10-11 03:00:00;0.0;0.0;0.0;11.22;83.1;1.1;
2022-10-11 04:00:00;0.0;0.0;0.0;12.01;80.2;0.9;
2022-10-11 05:00:00;0.0;0.0;0.0;12.49;74.7;0.69;
2022-10-11 06:00:00;18.0;50.95;13.0;12.38;74.7;0.76;
2022-10-11 07:00:00;181.0;455.97;60.0;12.94;80.3;0.21;
2022-10-11 08:00:00;340.0;606.89;92.0;14.07;74.85;0.07;
2022-10-11 09:00:00;427.0;486.31;175.0;14.65;67.25;0.34;
2022-10-11 10:00:00;346.0;112.52;280.0;15.23;62.75;0.62;
2022-10-11 11:00:00;273.0;22.99;259.0;15.69;62.75;0.76;
2022-10-11 12:00:00;581.0;722.39;159.0;15.98;60.65;0.69;
2022-10-11 13:00:00;517.0;718.45;148.0;16.25;58.6;0.62;
2022-10-11 14:00:00;337.0;353.09;195.0;16.36;58.6;0.62;
2022-10-11 15:00:00;179.0;155.38;139.0;16.11;60.65;0.41;
2022-10-11 16:00:00;86.0;324.8;57.0;15.63;65.05;0.48;
2022-10-11 17:00:00;0.0;0.0;0.0;14.52;77.65;0.83;
2022-10-11 18:00:00;0.0;0.0;0.0;13.51;80.35;1.17;
2022-10-11 19:00:00;0.0;0.0;0.0;12.02;80.2;1.66;
2022-10-11 20:00:00;0.0;0.0;0.0;11.25;80.15;1.72;
2022-10-11 21:00:00;0.0;0.0;0.0;10.86;83.05;1.66;
2022-10-11 22:00:00;0.0;0.0;0.0;10.36;86.05;1.72;
2022-10-11 23:00:00;0.0;0.0;0.0;9.89;86.0;1.72;
2022-10-12 00:00:00;0.0;0.0;0.0;9.55;85.95;1.66;
2022-10-12 01:00:00;0.0;0.0;0.0;9.19;85.95;1.66;
2022-10-12 02:00:00;0.0;0.0;0.0;8.48;89.1;1.59;
2022-10-12 03:00:00;0.0;0.0;0.0;8.49;92.4;1.31;
2022-10-12 04:00:00;0.0;0.0;0.0;8.33;89.1;1.17;
2022-10-12 05:00:00;0.0;0.0;0.0;8.99;89.1;0.83;
2022-10-12 06:00:00;15.0;42.54;11.0;9.49;89.15;0.62;
2022-10-12 07:00:00;172.0;413.72;64.0;10.54;89.25;0.28;
2022-10-12 08:00:00;339.0;613.73;91.0;13.17;80.3;0.21;
2022-10-12 09:00:00;479.0;724.6;107.0;14.87;64.95;0.83;
2022-10-12 10:00:00;573.0;784.16;117.0;15.67;60.5;1.24;
2022-10-12 11:00:00;625.0;846.29;114.0;16.08;54.35;1.31;
2022-10-12 12:00:00;606.0;839.72;120.0;16.43;52.5;1.31;
2022-10-12 13:00:00;538.0;834.51;114.0;16.59;52.5;1.17;
2022-10-12 14:00:00;422.0;804.38;103.0;16.51;50.6;0.97;
2022-10-12 15:00:00;264.0;698.82;88.0;16.26;50.6;0.83;
2022-10-12 16:00:00;93.0;501.37;51.0;15.57;58.35;0.9;
2022-10-12 17:00:00;0.0;0.0;0.0;14.09;67.15;1.31;
2022-10-12 18:00:00;0.0;0.0;0.0;12.38;74.7;1.38;
2022-10-12 19:00:00;0.0;0.0;0.0;11.91;74.6;1.24;
2022-10-12 20:00:00;0.0;0.0;0.0;11.3;71.85;1.24;
2022-10-12 21:00:00;0.0;0.0;0.0;11.17;71.85;1.17;
2022-10-12 22:00:00;0.0;0.0;0.0;11.46;69.25;1.03;
2022-10-12 23:00:00;0.0;0.0;0.0;11.37;69.25;0.83;
2022-10-13 00:00:00;0.0;0.0;0.0;11.06;71.75;0.76;
2022-10-13 01:00:00;0.0;0.0;0.0;10.64;74.4;0.83;
2022-10-13 02:00:00;0.0;0.0;0.0;10.18;74.4;0.97;
2022-10-13 03:00:00;0.0;0.0;0.0;9.97;77.1;0.83;
2022-10-13 04:00:00;0.0;0.0;0.0;9.55;79.9;0.83;
2022-10-13 05:00:00;0.0;0.0;0.0;8.1;85.85;1.03;
2022-10-13 06:00:00;12.0;33.37;9.0;7.67;85.85;1.1;
2022-10-13 07:00:00;166.0;397.34;64.0;9.67;86.0;0.62;
2022-10-13 08:00:00;325.0;565.69;99.0;12.52;77.45;0.48;
2022-10-13 09:00:00;463.0;682.3;116.0;14.28;67.25;0.69;
2022-10-13 10:00:00;564.0;770.2;120.0;15.29;58.35;0.97;
2022-10-13 11:00:00;605.0;798.57;127.0;15.97;56.35;1.17;
2022-10-13 12:00:00;596.0;824.96;123.0;16.35;54.45;0.97;
2022-10-13 13:00:00;537.0;853.61;108.0;16.57;54.45;0.69;
2022-10-13 14:00:00;420.0;823.48;98.0;16.61;54.45;0.69;
2022-10-13 15:00:00;264.0;738.9;82.0;16.52;54.45;0.55;
2022-10-13 16:00:00;87.0;459.75;51.0;15.81;60.65;0.14;
2022-10-13 17:00:00;0.0;0.0;0.0;14.47;67.25;0.48;
2022-10-13 18:00:00;0.0;0.0;0.0;12.38;72.05;1.1;
2022-10-13 19:00:00;0.0;0.0;0.0;10.91;77.2;1.31;
2022-10-13 20:00:00;0.0;0.0;0.0;9.91;82.95;1.52;
2022-10-13 21:00:00;0.0;0.0;0.0;9.44;82.9;1.38;
2022-10-13 22:00:00;0.0;0.0;0.0;8.99;85.95;1.31;
2022-10-13 23:00:00;0.0;0.0;0.0;8.56;85.9;1.17;
2022-10-14 00:00:00;0.0;0.0;0.0;8.47;85.9;1.03;
2022-10-14 01:00:00;0.0;0.0;0.0;7.34;89.0;1.38;
2022-10-14 02:00:00;0.0;0.0;0.0;6.28;95.8;0.0;
2022-10-14 03:00:00;0.0;0.0;0.0;5.73;95.75;0.0;
2022-10-14 04:00:00;0.0;0.0;0.0;5.72;95.75;1.31;
2022-10-14 05:00:00;0.0;0.0;0.0;6.33;95.8;1.03;
2022-10-14 06:00:00;9.0;23.32;7.0;6.56;95.8;0.97;
2022-10-14 07:00:00;166.0;424.0;59.0;8.54;95.85;0.76;
2022-10-14 08:00:00;325.0;587.46;93.0;11.73;83.15;0.28;
2022-10-14 09:00:00;465.0;708.69;108.0;13.85;77.6;0.48;
2022-10-14 10:00:00;558.0;766.51;120.0;15.12;72.4;0.55;
2022-10-14 11:00:00;598.0;793.83;127.0;16.09;70.0;0.55;
2022-10-14 12:00:00;586.0;809.9;126.0;16.85;65.35;0.41;
2022-10-14 13:00:00;522.0;814.76;117.0;17.36;65.45;0.41;
2022-10-14 14:00:00;387.0;666.68;130.0;17.55;65.45;0.34;
2022-10-14 15:00:00;232.0;523.24;106.0;17.38;65.45;0.34;
2022-10-14 16:00:00;63.0;178.36;50.0;16.84;67.75;0.41;
2022-10-14 17:00:00;0.0;0.0;0.0;15.74;72.55;0.48;
2022-10-14 18:00:00;0.0;0.0;0.0;14.71;77.75;0.76;
2022-10-14 19:00:00;0.0;0.0;0.0;11.52;86.15;1.38;
2022-10-14 20:00:00;0.0;0.0;0.0;10.78;86.1;1.38;
2022-10-14 21:00:00;0.0;0.0;0.0;10.1;92.5;1.38;
2022-10-14 22:00:00;0.0;0.0;0.0;8.82;92.45;1.72;
2022-10-14 23:00:00;0.0;0.0;0.0;8.26;95.85;1.52;
2022-10-15 00:00:00;0.0;0.0;0.0;8.02;99.4;1.24;
2022-10-15 01:00:00;0.0;0.0;0.0;7.8;99.4;1.17;
2022-10-15 02:00:00;0.0;0.0;0.0;7.92;99.4;1.24;
2022-10-15 03:00:00;0.0;0.0;0.0;8.09;99.4;1.38;
2022-10-15 04:00:00;0.0;0.0;0.0;8.2;95.85;1.31;
2022-10-15 05:00:00;0.0;0.0;0.0;8.1;99.4;1.17;
2022-10-15 06:00:00;10.0;36.76;7.0;8.13;99.4;1.1;
2022-10-15 07:00:00;156.0;366.95;65.0;9.74;92.5;0.83;
2022-10-15 08:00:00;298.0;453.48;121.0;11.4;89.3;0.48;
2022-10-15 09:00:00;444.0;629.37;130.0;12.86;86.25;0.55;
2022-10-15 10:00:00;537.0;692.14;145.0;14.14;83.35;0.76;
2022-10-15 11:00:00;602.0;821.32;119.0;15.38;80.6;1.03;
2022-10-15 12:00:00;589.0;837.21;118.0;16.37;75.25;1.24;
2022-10-15 13:00:00;516.0;809.58;118.0;16.99;70.2;1.1;
2022-10-15 14:00:00;398.0;765.79;107.0;17.28;67.85;0.97;
2022-10-15 15:00:00;234.0;573.62;99.0;16.97;70.2;0.83;
2022-10-15 16:00:00;69.0;311.0;48.0;16.23;72.65;0.69;
2022-10-15 17:00:00;0.0;0.0;0.0;14.46;86.4;0.9;
2022-10-15 18:00:00;0.0;0.0;0.0;12.96;89.4;1.1;
2022-10-15 19:00:00;0.0;0.0;0.0;11.57;92.55;1.17;
2022-10-15 20:00:00;0.0;0.0;0.0;12.21;86.25;0.83;
2022-10-15 21:00:00;0.0;0.0;0.0;11.65;92.55;0.9;
2022-10-15 22:00:00;0.0;0.0;0.0;9.36;95.85;1.45;
2022-10-15 23:00:00;0.0;0.0;0.0;8.06;99.4;1.52;
2022-10-16 00:00:00;0.0;0.0;0.0;7.63;95.8;1.24;
2022-10-16 01:00:00;0.0;0.0;0.0;7.48;99.4;0.9;
2022-10-16 02:00:00;0.0;0.0;0.0;7.91;99.4;0.83;
2022-10-16 03:00:00;0.0;0.0;0.0;8.02;99.4;0.97;
2022-10-16 04:00:00;0.0;0.0;0.0;7.97;99.4;1.1;
2022-10-16 05:00:00;0.0;0.0;0.0;8.05;99.4;1.03;
2022-10-16 06:00:00;0.0;0.0;0.0;7.98;99.4;0.97;
2022-10-16 07:00:00;150.0;348.93;65.0;10.1;95.9;0.9;
2022-10-16 08:00:00;307.0;526.32;104.0;11.8;86.2;1.17;
2022-10-16 09:00:00;444.0;653.77;121.0;13.08;83.25;1.52;
2022-10-16 10:00:00;538.0;717.98;135.0;14.15;80.4;1.45;
2022-10-16 11:00:00;593.0;808.11;122.0;15.33;72.45;1.31;
2022-10-16 12:00:00;584.0;836.3;118.0;16.29;67.65;1.24;
2022-10-16 13:00:00;516.0;828.94;113.0;17.01;67.75;0.9;
2022-10-16 14:00:00;408.0;843.71;92.0;17.34;63.2;0.55;
2022-10-16 15:00:00;249.0;748.04;77.0;17.22;63.2;0.48;
2022-10-16 16:00:00;86.0;771.52;38.0;16.46;70.1;0.41;
2022-10-16 17:00:00;0.0;0.0;0.0;14.96;77.75;0.69;
2022-10-16 18:00:00;0.0;0.0;0.0;12.47;86.25;1.38;
2022-10-16 19:00:00;0.0;0.0;0.0;11.06;92.55;1.59;
2022-10-16 20:00:00;0.0;0.0;0.0;10.19;92.5;1.66;
2022-10-16 21:00:00;0.0;0.0;0.0;9.49;95.85;1.79;
2022-10-16 22:00:00;0.0;0.0;0.0;9.19;92.45;1.86;
2022-10-16 23:00:00;0.0;0.0;0.0;9.04;95.85;1.86;
2022-10-17 00:00:00;0.0;0.0;0.0;8.84;95.85;1.79;
2022-10-17 01:00:00;0.0;0.0;0.0;8.83;95.85;1.86;
2022-10-17 02:00:00;0.0;0.0;0.0;9.23;95.85;1.93;
2022-10-17 03:00:00;0.0;0.0;0.0;9.51;99.4;1.93;
2022-10-17 04:00:00;0.0;0.0;0.0;10.27;95.9;1.86;
2022-10-17 05:00:00;0.0;0.0;0.0;10.83;95.9;1.93;
2022-10-17 06:00:00;0.0;0.0;0.0;11.78;89.35;2.21;
2022-10-17 07:00:00;147.0;363.7;60.0;11.71;92.6;0.97;
2022-10-17 08:00:00;294.0;495.98;105.0;13.06;92.6;1.38;
2022-10-17 09:00:00;408.0;521.26;153.0;13.66;86.3;2.69;
2022-10-17 10:00:00;378.0;210.34;261.0;14.41;80.45;3.17;
2022-10-17 11:00:00;418.0;242.38;278.0;14.87;75.0;2.9;
2022-10-17 12:00:00;95.0;0.0;95.0;15.25;69.9;2.69;
2022-10-17 13:00:00;331.0;174.73;247.0;15.14;69.85;2.41;
2022-10-17 14:00:00;296.0;300.72;185.0;15.08;67.35;2.55;
2022-10-17 15:00:00;164.0;182.57;123.0;14.6;67.25;2.34;
2022-10-17 16:00:00;51.0;157.99;42.0;14.1;69.65;2.07;
2022-10-17 17:00:00;0.0;0.0;0.0;13.4;69.55;2.0;
2022-10-17 18:00:00;0.0;0.0;0.0;12.72;72.05;2.0;
2022-10-17 19:00:00;0.0;0.0;0.0;12.27;72.05;1.72;
2022-10-17 20:00:00;0.0;0.0;0.0;12.1;71.95;2.14;
2022-10-17 21:00:00;0.0;0.0;0.0;11.66;71.85;2.07;
2022-10-17 22:00:00;0.0;0.0;0.0;11.41;71.85;2.0;
2022-10-17 23:00:00;0.0;0.0;0.0;11.11;71.75;2.14;
2022-10-18 00:00:00;0.0;0.0;0.0;10.92;71.75;2.41;
2022-10-18 01:00:00;0.0;0.0;0.0;10.75;69.15;2.62;
2022-10-18 02:00:00;0.0;0.0;0.0;10.49;71.7;2.48;
2022-10-18 03:00:00;0.0;0.0;0.0;10.45;71.7;2.28;
2022-10-18 04:00:00;0.0;0.0;0.0;10.32;71.7;2.21;
2022-10-18 05:00:00;0.0;0.0;0.0;10.1;74.3;2.07;
2022-10-18 06:00:00;0.0;0.0;0.0;9.74;74.3;1.93;
2022-10-18 07:00:00;65.0;12.78;62.0;10.28;80.05;2.07;
2022-10-18 08:00:00;74.0;0.0;74.0;11.06;77.2;2.62;
2022-10-18 09:00:00;91.0;0.0;91.0;11.52;71.85;2.83;
2022-10-18 10:00:00;97.0;0.0;97.0;11.97;69.35;2.69;
2022-10-18 11:00:00;141.0;0.0;141.0;12.42;64.55;2.48;
2022-10-18 12:00:00;150.0;0.0;150.0;12.45;64.55;2.07;
2022-10-18 13:00:00;178.0;4.21;176.0;12.69;64.55;1.72;
2022-10-18 14:00:00;178.0;30.24;167.0;12.84;64.55;1.24;
2022-10-18 15:00:00;122.0;54.73;110.0;12.83;64.55;0.9;
2022-10-18 16:00:00;56.0;289.73;41.0;12.49;64.55;0.55;
2022-10-18 17:00:00;0.0;0.0;0.0;11.57;74.55;0.55;
2022-10-18 18:00:00;0.0;0.0;0.0;11.13;71.75;0.48;
2022-10-18 19:00:00;0.0;0.0;0.0;11.04;71.75;0.55;
2022-10-18 20:00:00;0.0;0.0;0.0;10.97;71.75;0.41;
2022-10-18 21:00:00;0.0;0.0;0.0;10.73;71.75;0.21;
2022-10-18 22:00:00;0.0;0.0;0.0;10.18;74.4;0.69;
2022-10-18 23:00:00;0.0;0.0;0.0;10.26;71.7;0.34;
2022-10-19 00:00:00;0.0;0.0;0.0;10.16;71.7;0.28;
2022-10-19 01:00:00;0.0;0.0;0.0;10.02;74.3;0.07;
2022-10-19 02:00:00;0.0;0.0;0.0;9.76;74.3;0.28;
2022-10-19 03:00:00;0.0;0.0;0.0;9.6;77.0;0.41;
2022-10-19 04:00:00;0.0;0.0;0.0;9.35;77.0;0.48;
2022-10-19 05:00:00;0.0;0.0;0.0;8.91;79.85;0.41;
2022-10-19 06:00:00;0.0;0.0;0.0;8.57;82.75;0.55;
2022-10-19 07:00:00;77.0;34.72;69.0;9.36;85.95;1.17;
2022-10-19 08:00:00;56.0;0.0;56.0;10.25;80.05;1.52;
2022-10-19 09:00:00;107.0;0.0;107.0;10.55;83.0;1.59;
2022-10-19 10:00:00;101.0;0.0;101.0;10.81;80.1;1.31;
2022-10-19 11:00:00;149.0;0.0;149.0;10.93;80.1;0.97;
2022-10-19 12:00:00;90.0;0.0;90.0;10.84;80.1;0.21;
2022-10-19 13:00:00;190.0;10.64;185.0;10.63;86.05;0.62;
2022-10-19 14:00:00;145.0;8.37;142.0;10.51;89.25;0.76;
2022-10-19 15:00:00;58.0;0.0;58.0;10.53;89.25;0.28;
2022-10-19 16:00:00;39.0;85.76;35.0;10.4;89.25;0.48;
2022-10-19 17:00:00;0.0;0.0;0.0;10.12;95.9;0.34;
2022-10-19 18:00:00;0.0;0.0;0.0;9.99;95.9;0.14;
2022-10-19 19:00:00;0.0;0.0;0.0;9.94;86.0;0.62;
2022-10-19 20:00:00;0.0;0.0;0.0;10.02;89.2;0.69;
2022-10-19 21:00:00;0.0;0.0;0.0;10.23;83.0;0.28;
2022-10-19 22:00:00;0.0;0.0;0.0;9.94;89.2;0.48;
2022-10-19 23:00:00;0.0;0.0;0.0;9.76;89.2;0.55;
2022-10-20 00:00:00;0.0;0.0;0.0;9.72;89.2;0.34;
2022-10-20 01:00:00;0.0;0.0;0.0;9.72;89.2;0.34;
2022-10-20 02:00:00;0.0;0.0;0.0;9.57;92.45;0.48;
2022-10-20 03:00:00;0.0;0.0;0.0;9.55;92.45;0.76;
2022-10-20 04:00:00;0.0;0.0;0.0;9.57;92.45;0.9;
2022-10-20 05:00:00;0.0;0.0;0.0;9.61;92.45;0.76;
2022-10-20 06:00:00;0.0;0.0;0.0;9.66;92.5;0.48;
2022-10-20 07:00:00;53.0;4.43;52.0;9.24;92.45;1.03;
2022-10-20 08:00:00;91.0;0.0;91.0;9.43;92.45;0.83;
2022-10-20 09:00:00;87.0;0.0;87.0;9.71;89.2;0.76;
2022-10-20 10:00:00;197.0;7.39;193.0;10.1;92.5;0.76;
2022-10-20 11:00:00;222.0;10.68;216.0;10.33;89.25;0.69;
2022-10-20 12:00:00;228.0;14.93;220.0;10.57;92.5;1.03;
2022-10-20 13:00:00;182.0;8.61;178.0;10.98;89.3;1.24;
2022-10-20 14:00:00;175.0;33.99;163.0;11.32;86.15;1.17;
2022-10-20 15:00:00;112.0;47.9;102.0;11.43;89.3;1.03;
2022-10-20 16:00:00;34.0;72.15;31.0;11.48;89.3;0.9;
2022-10-20 17:00:00;0.0;0.0;0.0;11.39;89.3;0.9;
2022-10-20 18:00:00;0.0;0.0;0.0;11.4;89.3;0.97;
2022-10-20 19:00:00;0.0;0.0;0.0;10.75;89.3;0.62;
2022-10-20 20:00:00;0.0;0.0;0.0;10.83;89.3;0.69;
2022-10-20 21:00:00;0.0;0.0;0.0;10.78;92.55;0.83;
2022-10-20 22:00:00;0.0;0.0;0.0;10.76;92.55;0.9;
2022-10-20 23:00:00;0.0;0.0;0.0;10.76;92.55;0.97;
2022-10-21 00:00:00;0.0;0.0;0.0;10.8;92.55;1.1;
2022-10-21 01:00:00;0.0;0.0;0.0;10.73;92.55;1.24;
2022-10-21 02:00:00;0.0;0.0;0.0;10.66;92.55;1.17;
2022-10-21 03:00:00;0.0;0.0;0.0;10.65;95.9;1.1;
2022-10-21 04:00:00;0.0;0.0;0.0;10.71;92.55;1.03;
2022-10-21 05:00:00;0.0;0.0;0.0;10.62;95.9;1.1;
2022-10-21 06:00:00;0.0;0.0;0.0;10.64;95.9;1.17;
2022-10-21 07:00:00;62.0;13.54;59.0;10.75;92.55;1.24;
2022-10-21 08:00:00;79.0;0.0;79.0;11.35;89.3;1.24;
2022-10-21 09:00:00;105.0;0.0;105.0;12.1;89.35;1.24;
2022-10-21 10:00:00;109.0;0.0;109.0;12.79;86.25;1.17;
2022-10-21 11:00:00;478.0;472.37;215.0;13.44;83.25;1.17;
2022-10-21 12:00:00;333.0;126.26;266.0;13.79;80.4;1.45;
2022-10-21 13:00:00;234.0;43.54;214.0;14.02;80.4;1.17;
2022-10-21 14:00:00;233.0;146.62;182.0;14.0;80.4;0.55;
2022-10-21 15:00:00;149.0;186.61;111.0;14.05;80.4;0.34;
2022-10-21 16:00:00;14.0;0.0;14.0;13.85;80.4;0.14;
2022-10-21 17:00:00;0.0;0.0;0.0;13.42;86.3;0.34;
2022-10-21 18:00:00;0.0;0.0;0.0;12.11;92.6;0.97;
2022-10-21 19:00:00;0.0;0.0;0.0;12.39;86.25;0.48;
2022-10-21 20:00:00;0.0;0.0;0.0;12.1;89.35;0.28;
2022-10-21 21:00:00;0.0;0.0;0.0;11.88;89.35;0.34;
2022-10-21 22:00:00;0.0;0.0;0.0;11.63;92.55;0.41;
2022-10-21 23:00:00;0.0;0.0;0.0;11.37;92.55;0.28;
2022-10-22 00:00:00;0.0;0.0;0.0;11.07;95.9;0.14;
2022-10-22 01:00:00;0.0;0.0;0.0;10.98;92.55;0.28;
2022-10-22 02:00:00;0.0;0.0;0.0;10.76;92.55;0.69;
2022-10-22 03:00:00;0.0;0.0;0.0;10.63;95.9;0.62;
2022-10-22 04:00:00;0.0;0.0;0.0;10.57;95.9;0.69;
2022-10-22 05:00:00;0.0;0.0;0.0;10.57;92.5;0.69;
2022-10-22 06:00:00;0.0;0.0;0.0;10.46;92.5;0.55;
2022-10-22 07:00:00;11.0;0.0;11.0;11.16;95.9;0.9;
2022-10-22 08:00:00;107.0;5.59;105.0;12.64;89.4;1.03;
2022-10-22 09:00:00;212.0;45.18;191.0;13.72;83.35;1.17;
2022-10-22 10:00:00;362.0;222.25;244.0;14.59;80.45;1.1;
2022-10-22 11:00:00;490.0;540.26;192.0;15.05;77.75;0.9;
2022-10-22 12:00:00;266.0;45.68;242.0;15.67;77.8;0.76;
2022-10-22 13:00:00;225.0;37.44;208.0;16.16;75.15;0.69;
2022-10-22 14:00:00;209.0;99.23;175.0;16.28;72.65;0.76;
2022-10-22 15:00:00;73.0;5.04;72.0;16.21;75.15;0.9;
2022-10-22 16:00:00;20.0;0.0;20.0;15.65;77.8;0.69;
2022-10-22 17:00:00;0.0;0.0;0.0;14.7;86.45;0.62;
2022-10-22 18:00:00;0.0;0.0;0.0;13.98;89.45;0.9;
2022-10-22 19:00:00;0.0;0.0;0.0;13.2;92.65;1.03;
2022-10-22 20:00:00;0.0;0.0;0.0;12.95;95.95;1.03;
2022-10-22 21:00:00;0.0;0.0;0.0;12.99;95.95;0.97;
2022-10-22 22:00:00;0.0;0.0;0.0;12.81;95.95;0.97;
2022-10-22 23:00:00;0.0;0.0;0.0;12.66;95.95;0.9;
2022-10-23 00:00:00;0.0;0.0;0.0;13.08;95.95;0.69;
2022-10-23 01:00:00;0.0;0.0;0.0;13.3;92.65;0.55;
2022-10-23 02:00:00;0.0;0.0;0.0;12.99;95.95;0.69;
2022-10-23 03:00:00;0.0;0.0;0.0;12.82;92.6;0.69;
2022-10-23 04:00:00;0.0;0.0;0.0;13.13;95.95;0.55;
2022-10-23 05:00:00;0.0;0.0;0.0;13.08;95.95;0.28;
2022-10-23 06:00:00;0.0;0.0;0.0;13.12;95.95;0.14;
2022-10-23 07:00:00;87.0;98.75;66.0;13.37;92.65;0.07;
2022-10-23 08:00:00;54.0;0.0;54.0;13.88;89.45;0.14;
2022-10-23 09:00:00;36.0;0.0;36.0;14.29;89.5;0.34;
2022-10-23 10:00:00;89.0;0.0;89.0;14.45;89.5;0.41;
2022-10-23 11:00:00;64.0;0.0;64.0;14.93;86.45;0.34;
2022-10-23 12:00:00;66.0;0.0;66.0;15.43;86.5;0.14;
2022-10-23 13:00:00;102.0;0.0;102.0;15.54;86.5;0.14;
2022-10-23 14:00:00;66.0;0.0;66.0;15.67;86.5;0.48;
2022-10-23 15:00:00;107.0;51.68;97.0;15.55;86.5;0.48;
2022-10-23 16:00:00;28.0;0.0;28.0;15.27;89.55;0.48;
2022-10-23 17:00:00;0.0;0.0;0.0;14.67;96.0;0.76;
2022-10-23 18:00:00;0.0;0.0;0.0;13.56;99.4;1.03;
2022-10-23 19:00:00;0.0;0.0;0.0;13.04;99.4;1.17;
2022-10-23 20:00:00;0.0;0.0;0.0;12.35;95.95;1.24;
2022-10-23 21:00:00;0.0;0.0;0.0;11.8;95.95;1.31;
2022-10-23 22:00:00;0.0;0.0;0.0;10.83;99.35;1.1;
2022-10-23 23:00:00;0.0;0.0;0.0;10.48;99.4;0.9;
2022-10-24 00:00:00;0.0;0.0;0.0;9.63;99.4;0.83;
2022-10-24 01:00:00;0.0;0.0;0.0;9.61;99.4;0.76;
2022-10-24 02:00:00;0.0;0.0;0.0;9.46;99.4;1.1;
2022-10-24 03:00:00;0.0;0.0;0.0;9.23;95.85;1.17;
2022-10-24 04:00:00;0.0;0.0;0.0;9.19;95.85;1.1;
2022-10-24 05:00:00;0.0;0.0;0.0;9.17;95.85;1.03;
2022-10-24 06:00:00;0.0;0.0;0.0;9.11;99.4;0.9;
2022-10-24 07:00:00;78.0;67.24;64.0;10.19;92.5;0.83;
2022-10-24 08:00:00;132.0;25.83;123.0;11.48;92.55;0.76;
2022-10-24 09:00:00;262.0;129.65;203.0;13.07;86.25;0.34;
2022-10-24 10:00:00;291.0;92.15;243.0;14.2;80.45;0.21;
2022-10-24 11:00:00;383.0;223.54;262.0;15.56;77.8;0.48;
2022-10-24 12:00:00;515.0;747.58;130.0;16.59;75.25;0.83;
2022-10-24 13:00:00;451.0;754.95;116.0;16.91;72.7;1.03;
2022-10-24 14:00:00;328.0;637.79;116.0;17.06;72.7;0.97;
2022-10-24 15:00:00;179.0;477.32;89.0;16.92;72.7;0.97;
2022-10-24 16:00:00;27.0;0.0;27.0;16.36;77.95;0.62;
2022-10-24 17:00:00;0.0;0.0;0.0;15.44;83.5;0.48;
2022-10-24 18:00:00;0.0;0.0;0.0;14.99;83.45;0.14;
2022-10-24 19:00:00;0.0;0.0;0.0;13.79;89.45;0.83;
2022-10-24 20:00:00;0.0;0.0;0.0;12.44;92.6;1.31;
2022-10-24 21:00:00;0.0;0.0;0.0;12.36;92.6;1.24;
2022-10-24 22:00:00;0.0;0.0;0.0;12.29;92.6;1.17;
2022-10-24 23:00:00;0.0;0.0;0.0;12.34;95.95;1.1;
2022-10-25 00:00:00;0.0;0.0;0.0;12.03;95.95;1.1;
2022-10-25 01:00:00;0.0;0.0;0.0;12.04;99.4;0.9;
2022-10-25 02:00:00;0.0;0.0;0.0;12.03;99.4;1.03;
2022-10-25 03:00:00;0.0;0.0;0.0;12.03;95.95;1.1;
2022-10-25 04:00:00;0.0;0.0;0.0;11.97;95.95;1.1;
2022-10-25 05:00:00;0.0;0.0;0.0;11.98;95.95;1.1;
2022-10-25 06:00:00;0.0;0.0;0.0;11.85;92.6;1.17;
2022-10-25 07:00:00;49.0;4.91;48.0;12.19;89.4;1.03;
2022-10-25 08:00:00;126.0;23.27;118.0;13.34;86.3;0.76;
2022-10-25 09:00:00;158.0;8.88;154.0;14.24;80.45;0.48;
2022-10-25 10:00:00;155.0;0.0;155.0;14.86;77.75;0.48;
2022-10-25 11:00:00;243.0;26.11;229.0;15.3;77.8;0.69;
2022-10-25 12:00:00;158.0;0.0;158.0;16.07;77.85;0.97;
2022-10-25 13:00:00;263.0;95.76;221.0;16.41;75.25;0.97;
2022-10-25 14:00:00;158.0;30.55;148.0;16.38;75.25;1.24;
2022-10-25 15:00:00;171.0;446.49;89.0;16.29;75.25;1.45;
2022-10-25 16:00:00;17.0;0.0;17.0;15.69;80.6;1.24;
2022-10-25 17:00:00;0.0;0.0;0.0;14.78;83.45;1.24;
2022-10-25 18:00:00;0.0;0.0;0.0;13.75;89.45;1.24;
2022-10-25 19:00:00;0.0;0.0;0.0;14.39;86.4;0.76;
2022-10-25 20:00:00;0.0;0.0;0.0;14.45;86.4;0.69;
2022-10-25 21:00:00;0.0;0.0;0.0;14.06;89.45;0.62;
2022-10-25 22:00:00;0.0;0.0;0.0;13.12;92.6;0.83;
2022-10-25 23:00:00;0.0;0.0;0.0;11.78;89.35;1.17;
2022-10-26 00:00:00;0.0;0.0;0.0;11.54;92.55;1.1;
2022-10-26 01:00:00;0.0;0.0;0.0;11.21;89.3;1.03;
2022-10-26 02:00:00;0.0;0.0;0.0;10.82;92.55;0.97;
2022-10-26 03:00:00;0.0;0.0;0.0;9.99;92.5;1.03;
2022-10-26 04:00:00;0.0;0.0;0.0;9.52;95.85;1.03;
2022-10-26 05:00:00;0.0;0.0;0.0;9.16;92.45;1.1;
2022-10-26 06:00:00;0.0;0.0;0.0;9.07;95.85;1.17;
2022-10-26 07:00:00;103.0;245.85;54.0;10.38;92.5;0.97;
2022-10-26 08:00:00;258.0;507.22;86.0;12.92;89.4;0.55;
2022-10-26 09:00:00;270.0;163.91;197.0;15.02;77.75;0.34;
2022-10-26 10:00:00;406.0;399.33;202.0;16.44;75.25;0.83;
2022-10-26 11:00:00;518.0;745.62;122.0;17.28;72.8;1.03;
2022-10-26 12:00:00;346.0;186.24;252.0;18.05;67.95;1.45;
2022-10-26 13:00:00;448.0;793.46;104.0;18.28;65.65;1.38;
2022-10-26 14:00:00;327.0;710.34;98.0;18.38;65.65;1.24;
2022-10-26 15:00:00;184.0;637.48;70.0;18.12;67.95;1.03;
2022-10-26 16:00:00;23.0;0.0;23.0;17.28;80.85;0.41;
2022-10-26 17:00:00;0.0;0.0;0.0;16.5;75.25;0.62;
2022-10-26 18:00:00;0.0;0.0;0.0;14.61;86.4;1.24;
2022-10-26 19:00:00;0.0;0.0;0.0;12.95;92.6;1.31;
2022-10-26 20:00:00;0.0;0.0;0.0;12.72;89.4;1.1;
2022-10-26 21:00:00;0.0;0.0;0.0;12.71;89.4;0.9;
2022-10-26 22:00:00;0.0;0.0;0.0;12.43;89.4;0.69;
2022-10-26 23:00:00;0.0;0.0;0.0;11.8;92.6;0.69;
2022-10-27 00:00:00;0.0;0.0;0.0;10.31;95.9;0.97;
2022-10-27 01:00:00;0.0;0.0;0.0;9.55;99.4;1.24;
2022-10-27 02:00:00;0.0;0.0;0.0;9.95;99.4;0.97;
2022-10-27 03:00:00;0.0;0.0;0.0;9.92;99.4;0.97;
2022-10-27 04:00:00;0.0;0.0;0.0;9.63;99.4;1.03;
2022-10-27 05:00:00;0.0;0.0;0.0;9.66;95.9;1.1;
2022-10-27 06:00:00;0.0;0.0;0.0;9.85;95.9;1.03;
2022-10-27 07:00:00;81.0;112.9;59.0;11.28;92.55;0.69;
2022-10-27 08:00:00;171.0;113.62;133.0;12.6;92.6;0.41;
2022-10-27 09:00:00;221.0;70.37;190.0;14.21;86.4;0.34;
2022-10-27 10:00:00;253.0;55.35;225.0;15.63;83.5;0.62;
2022-10-27 11:00:00;400.0;302.25;241.0;16.36;77.95;0.48;
2022-10-27 12:00:00;500.0;754.51;123.0;17.14;75.3;0.41;
2022-10-27 13:00:00;426.0;702.42;125.0;17.42;72.8;0.41;
2022-10-27 14:00:00;222.0;176.4;166.0;17.58;72.8;0.48;
2022-10-27 15:00:00;132.0;201.07;97.0;17.38;72.8;0.69;
2022-10-27 16:00:00;19.0;0.0;19.0;16.65;80.75;0.97;
2022-10-27 17:00:00;0.0;0.0;0.0;15.11;89.5;1.03;
2022-10-27 18:00:00;0.0;0.0;0.0;15.03;86.45;0.62;
2022-10-27 19:00:00;0.0;0.0;0.0;13.71;86.35;0.9;
2022-10-27 20:00:00;0.0;0.0;0.0;12.94;92.6;0.97;
2022-10-27 21:00:00;0.0;0.0;0.0;12.11;92.6;0.97;
2022-10-27 22:00:00;0.0;0.0;0.0;10.74;95.9;0.76;
2022-10-27 23:00:00;0.0;0.0;0.0;9.95;99.4;0.83;
2022-10-28 00:00:00;0.0;0.0;0.0;9.29;99.4;0.76;
2022-10-28 01:00:00;0.0;0.0;0.0;9.4;99.4;0.9;
2022-10-28 02:00:00;0.0;0.0;0.0;9.69;95.9;1.03;
2022-10-28 03:00:00;0.0;0.0;0.0;9.89;95.9;1.17;
2022-10-28 04:00:00;0.0;0.0;0.0;9.73;95.9;1.03;
2022-10-28 05:00:00;0.0;0.0;0.0;9.74;95.9;0.76;
2022-10-28 06:00:00;0.0;0.0;0.0;9.65;95.9;0.62;
2022-10-28 07:00:00;65.0;52.52;55.0;11.07;95.9;0.69;
2022-10-28 08:00:00;138.0;45.48;123.0;12.15;92.6;0.76;
2022-10-28 09:00:00;185.0;29.84;172.0;13.27;89.4;0.97;
2022-10-28 10:00:00;234.0;37.93;215.0;14.32;86.4;0.97;
2022-10-28 11:00:00;314.0;113.24;255.0;15.51;83.5;0.83;
2022-10-28 12:00:00;428.0;446.8;207.0;16.24;77.95;0.69;
2022-10-28 13:00:00;422.0;694.14;128.0;16.95;75.3;0.76;
2022-10-28 14:00:00;325.0;745.33;92.0;17.17;75.3;1.1;
2022-10-28 15:00:00;175.0;619.88;70.0;16.85;75.3;1.03;
2022-10-28 16:00:00;19.0;0.0;19.0;15.96;80.65;0.97;
2022-10-28 17:00:00;0.0;0.0;0.0;14.22;89.5;0.83;
2022-10-28 18:00:00;0.0;0.0;0.0;13.52;92.65;0.9;
2022-10-28 19:00:00;0.0;0.0;0.0;12.14;92.6;0.97;
2022-10-28 20:00:00;0.0;0.0;0.0;11.25;92.55;1.17;
2022-10-28 21:00:00;0.0;0.0;0.0;11.36;92.55;1.03;
2022-10-28 22:00:00;0.0;0.0;0.0;11.68;92.6;0.69;
2022-10-28 23:00:00;0.0;0.0;0.0;9.71;99.4;0.97;
2022-10-29 00:00:00;0.0;0.0;0.0;8.48;99.4;1.17;
2022-10-29 01:00:00;0.0;0.0;0.0;9.12;99.4;1.03;
2022-10-29 02:00:00;0.0;0.0;0.0;9.3;99.4;1.03;
2022-10-29 03:00:00;0.0;0.0;0.0;9.39;99.4;0.97;
2022-10-29 04:00:00;0.0;0.0;0.0;9.51;99.4;0.9;
2022-10-29 05:00:00;0.0;0.0;0.0;9.52;99.4;0.83;
2022-10-29 06:00:00;0.0;0.0;0.0;9.39;99.4;0.76;
2022-10-29 07:00:00;79.0;129.04;55.0;10.84;95.9;0.83;
2022-10-29 08:00:00;211.0;282.95;119.0;12.02;92.6;0.83;
2022-10-29 09:00:00;302.0;280.82;181.0;13.02;89.4;0.97;
2022-10-29 10:00:00;409.0;437.51;192.0;13.9;86.35;1.17;
2022-10-29 11:00:00;491.0;658.87;151.0;14.66;83.4;1.38;
2022-10-29 12:00:00;491.0;739.31;129.0;15.33;80.6;1.31;
2022-10-29 13:00:00;428.0;745.28;116.0;15.85;77.85;0.97;
2022-10-29 14:00:00;321.0;743.93;92.0;16.07;77.85;0.9;
2022-10-29 15:00:00;171.0;606.88;71.0;15.84;77.85;1.03;
2022-10-29 16:00:00;0.0;0.0;0.0;14.92;83.45;1.1;
2022-10-29 17:00:00;0.0;0.0;0.0;13.38;92.65;0.69;
2022-10-29 18:00:00;0.0;0.0;0.0;13.09;92.6;0.34;
2022-10-29 19:00:00;0.0;0.0;0.0;12.31;89.4;0.9;
2022-10-29 20:00:00;0.0;0.0;0.0;11.87;92.6;0.34;
2022-10-29 21:00:00;0.0;0.0;0.0;11.23;92.55;0.28;
2022-10-29 22:00:00;0.0;0.0;0.0;10.1;99.4;0.55;
2022-10-29 23:00:00;0.0;0.0;0.0;8.59;99.4;0.83;
2022-10-30 00:00:00;0.0;0.0;0.0;7.54;99.4;1.03;
2022-10-30 01:00:00;0.0;0.0;0.0;7.51;99.4;0.97;
2022-10-30 02:00:00;0.0;0.0;0.0;7.52;99.4;0.83;
2022-10-30 03:00:00;0.0;0.0;0.0;7.87;99.4;0.62;
2022-10-30 04:00:00;0.0;0.0;0.0;7.84;99.4;0.48;
2022-10-30 05:00:00;0.0;0.0;0.0;7.93;99.4;0.48;
2022-10-30 06:00:00;0.0;0.0;0.0;7.67;95.8;0.48;
2022-10-30 07:00:00;90.0;236.84;47.0;9.6;95.85;0.28;
2022-10-30 08:00:00;244.0;511.69;80.0;11.07;89.3;0.55;
2022-10-30 09:00:00;366.0;598.48;111.0;12.04;86.2;0.69;
2022-10-30 10:00:00;454.0;669.95;125.0;13.14;86.25;0.83;
2022-10-30 11:00:00;496.0;722.01;127.0;14.05;83.35;1.17;
2022-10-30 12:00:00;496.0;796.35;110.0;14.75;80.55;1.17;
2022-10-30 13:00:00;422.0;754.03;110.0;15.39;80.6;0.97;
2022-10-30 14:00:00;310.0;715.92;93.0;15.6;80.6;0.83;
2022-10-30 15:00:00;169.0;649.01;65.0;15.4;80.6;0.83;
2022-10-30 16:00:00;0.0;0.0;0.0;14.55;86.4;0.83;
2022-10-30 17:00:00;0.0;0.0;0.0;12.83;92.6;0.83;
2022-10-30 18:00:00;0.0;0.0;0.0;11.46;95.9;1.1;
2022-10-30 19:00:00;0.0;0.0;0.0;10.76;95.9;1.24;
2022-10-30 20:00:00;0.0;0.0;0.0;10.18;95.9;1.31;
2022-10-30 21:00:00;0.0;0.0;0.0;9.45;99.4;1.31;
2022-10-30 22:00:00;0.0;0.0;0.0;9.0;99.4;1.31;
2022-10-30 23:00:00;0.0;0.0;0.0;8.95;99.4;1.17;
2022-10-31 00:00:00;0.0;0.0;0.0;8.9;99.4;1.17;
2022-10-31 01:00:00;0.0;0.0;0.0;9.16;95.85;1.1;
2022-10-31 02:00:00;0.0;0.0;0.0;9.8;99.4;0.97;
2022-10-31 03:00:00;0.0;0.0;0.0;9.91;99.4;0.83;
2022-10-31 04:00:00;0.0;0.0;0.0;9.99;99.4;0.48;
2022-10-31 05:00:00;0.0;0.0;0.0;10.15;99.4;0.07;
2022-10-31 06:00:00;0.0;0.0;0.0;10.18;95.9;0.07;
2022-10-31 07:00:00;43.0;11.29;41.0;10.85;92.55;0.07;
2022-10-31 08:00:00;85.0;3.17;84.0;11.44;92.55;0.28;
2022-10-31 09:00:00;90.0;0.0;90.0;12.09;92.6;0.55;
2022-10-31 10:00:00;89.0;0.0;89.0;12.64;89.4;0.76;
2022-10-31 11:00:00;127.0;0.0;127.0;13.22;86.3;0.76;
2022-10-31 12:00:00;185.0;8.34;181.0;13.62;86.3;0.83;
2022-10-31 13:00:00;155.0;4.89;153.0;14.0;83.35;0.83;
2022-10-31 14:00:00;156.0;46.91;142.0;14.06;83.35;0.9;
2022-10-31 15:00:00;94.0;77.03;82.0;13.87;80.4;1.17;
2022-10-31 16:00:00;0.0;0.0;0.0;12.4;90.58;1.5;
2022-10-31 17:00:00;0.0;0.0;0.0;12.27;90.57;1.42;
2022-10-31 18:00:00;0.0;0.0;0.0;12.13;90.57;1.34;
2022-10-31 19:00:00;0.0;0.0;0.0;11.99;90.57;1.26;
2022-10-31 20:00:00;0.0;0.0;0.0;11.86;90.56;1.18;
2022-10-31 21:00:00;0.0;0.0;0.0;11.72;90.56;1.1;
2022-10-31 22:00:00;0.0;0.0;0.0;11.58;90.56;1.03;
2022-10-31 23:00:00;0.0;0.0;0.0;11.45;90.55;0.95;
2022-11-01 00:00:00;0.0;0.0;0.0;11.31;90.55;0.87;
2022-11-01 01:00:00;0.0;0.0;0.0;11.17;90.55;0.79;
2022-11-01 02:00:00;0.0;0.0;0.0;11.03;90.54;0.71;
2022-11-01 03:00:00;0.0;0.0;0.0;10.9;90.54;0.63;
2022-11-01 04:00:00;0.0;0.0;0.0;10.76;90.54;0.55;
2022-11-01 05:00:00;0.0;0.0;0.0;10.62;90.53;0.47;
2022-11-01 06:00:00;0.0;0.0;0.0;10.49;90.53;0.39;
2022-11-01 07:00:00;125.0;376.32;60.0;10.35;90.53;0.31;
2022-11-01 08:00:00;281.0;665.0;74.0;11.51;92.55;0.34;
2022-11-01 09:00:00;359.0;518.55;143.0;13.5;86.3;0.48;
2022-11-01 10:00:00;304.0;145.42;234.0;15.04;77.75;0.62;
2022-11-01 11:00:00;227.0;25.93;214.0;15.78;70.0;0.69;
2022-11-01 12:00:00;334.0;229.48;225.0;16.03;70.0;0.83;
2022-11-01 13:00:00;170.0;19.79;162.0;16.13;70.0;0.83;
2022-11-01 14:00:00;124.0;27.22;116.0;16.02;70.0;0.83;
2022-11-01 15:00:00;84.0;145.29;62.0;15.63;72.45;0.48;
2022-11-01 16:00:00;0.0;0.0;0.0;14.94;77.75;0.34;
2022-11-01 17:00:00;0.0;0.0;0.0;13.57;86.3;0.83;
2022-11-01 18:00:00;0.0;0.0;0.0;12.73;86.25;0.97;
2022-11-01 19:00:00;0.0;0.0;0.0;12.15;89.35;1.31;
2022-11-01 20:00:00;0.0;0.0;0.0;11.74;89.3;1.38;
2022-11-01 21:00:00;0.0;0.0;0.0;11.94;92.55;1.31;
2022-11-01 22:00:00;0.0;0.0;0.0;11.99;92.55;1.38;
2022-11-01 23:00:00;0.0;0.0;0.0;12.41;89.35;1.52;
2022-11-02 00:00:00;0.0;0.0;0.0;12.52;89.35;1.59;
2022-11-02 01:00:00;0.0;0.0;0.0;12.46;89.35;1.72;
2022-11-02 02:00:00;0.0;0.0;0.0;12.68;86.25;1.72;
2022-11-02 03:00:00;0.0;0.0;0.0;12.71;86.25;1.72;
2022-11-02 04:00:00;0.0;0.0;0.0;12.6;92.6;1.66;
2022-11-02 05:00:00;0.0;0.0;0.0;12.51;92.6;1.52;
2022-11-02 06:00:00;0.0;0.0;0.0;12.5;92.6;1.66;
2022-11-02 07:00:00;33.0;0.0;33.0;11.92;92.55;1.1;
2022-11-02 08:00:00;73.0;0.0;73.0;12.52;92.6;1.38;
2022-11-02 09:00:00;213.0;63.14;187.0;12.92;89.4;1.31;
2022-11-02 10:00:00;122.0;0.0;122.0;13.39;86.3;1.24;
2022-11-02 11:00:00;44.0;0.0;44.0;13.82;86.35;0.83;
2022-11-02 12:00:00;78.0;0.0;78.0;14.1;86.35;0.55;
2022-11-02 13:00:00;67.0;0.0;67.0;14.13;89.45;0.14;
2022-11-02 14:00:00;62.0;0.0;62.0;14.23;86.4;0.28;
2022-11-02 15:00:00;40.0;0.0;40.0;14.27;86.4;0.41;
2022-11-02 16:00:00;0.0;0.0;0.0;13.97;89.45;0.28;
2022-11-02 17:00:00;0.0;0.0;0.0;13.35;92.65;0.41;
2022-11-02 18:00:00;0.0;0.0;0.0;13.15;92.65;0.41;
2022-11-02 19:00:00;0.0;0.0;0.0;12.16;95.95;0.69;
2022-11-02 20:00:00;0.0;0.0;0.0;12.59;92.6;0.28;
2022-11-02 21:00:00;0.0;0.0;0.0;12.59;92.6;0.21;
2022-11-02 22:00:00;0.0;0.0;0.0;12.56;92.6;0.28;
2022-11-02 23:00:00;0.0;0.0;0.0;12.33;95.95;0.48;
2022-11-03 00:00:00;0.0;0.0;0.0;12.28;95.95;0.9;
2022-11-03 01:00:00;0.0;0.0;0.0;12.47;95.95;1.31;
2022-11-03 02:00:00;0.0;0.0;0.0;12.37;95.95;1.66;
2022-11-03 03:00:00;0.0;0.0;0.0;12.22;95.95;1.59;
2022-11-03 04:00:00;0.0;0.0;0.0;12.17;95.95;1.1;
2022-11-03 05:00:00;0.0;0.0;0.0;12.25;95.95;0.69;
2022-11-03 06:00:00;0.0;0.0;0.0;12.25;95.95;0.9;
2022-11-03 07:00:00;46.0;0.0;46.0;12.25;95.95;0.41;
2022-11-03 08:00:00;73.0;0.0;73.0;12.68;92.6;0.9;
2022-11-03 09:00:00;56.0;0.0;56.0;13.21;89.4;1.03;
2022-11-03 10:00:00;139.0;0.0;139.0;14.07;86.35;1.1;
2022-11-03 11:00:00;265.0;69.15;231.0;14.76;80.55;1.66;
2022-11-03 12:00:00;260.0;85.93;220.0;15.35;75.1;2.21;
2022-11-03 13:00:00;383.0;772.22;78.0;15.78;72.55;2.0;
2022-11-03 14:00:00;257.0;666.78;67.0;16.23;67.65;1.72;
2022-11-03 15:00:00;109.0;468.78;42.0;15.96;72.55;1.24;
2022-11-03 16:00:00;0.0;0.0;0.0;14.81;77.75;1.79;
2022-11-03 17:00:00;0.0;0.0;0.0;13.12;83.25;1.79;
2022-11-03 18:00:00;0.0;0.0;0.0;11.65;89.3;1.59;
2022-11-03 19:00:00;0.0;0.0;0.0;10.81;86.1;2.0;
2022-11-03 20:00:00;0.0;0.0;0.0;10.2;83.0;2.28;
2022-11-03 21:00:00;0.0;0.0;0.0;9.52;82.9;2.0;
2022-11-03 22:00:00;0.0;0.0;0.0;9.2;79.9;1.59;
2022-11-03 23:00:00;0.0;0.0;0.0;8.15;79.75;1.79;
2022-11-04 00:00:00;0.0;0.0;0.0;8.01;79.7;1.79;
2022-11-04 01:00:00;0.0;0.0;0.0;8.21;76.85;1.52;
2022-11-04 02:00:00;0.0;0.0;0.0;9.04;74.15;1.1;
2022-11-04 03:00:00;0.0;0.0;0.0;9.98;71.6;0.69;
2022-11-04 04:00:00;0.0;0.0;0.0;9.93;74.3;0.83;
2022-11-04 05:00:00;0.0;0.0;0.0;8.65;82.85;1.52;
2022-11-04 06:00:00;0.0;0.0;0.0;9.0;89.1;1.66;
2022-11-04 07:00:00;50.0;6.27;49.0;8.96;85.95;1.45;
2022-11-04 08:00:00;35.0;0.0;35.0;10.67;83.05;1.31;
2022-11-04 09:00:00;76.0;0.0;76.0;11.43;83.1;1.72;
2022-11-04 10:00:00;91.0;0.0;91.0;12.05;86.15;2.28;
2022-11-04 11:00:00;87.0;0.0;87.0;12.61;83.15;2.76;
2022-11-04 12:00:00;114.0;0.0;114.0;12.09;89.3;2.07;
2022-11-04 13:00:00;130.0;2.56;129.0;11.91;92.55;2.0;
2022-11-04 14:00:00;63.0;0.0;63.0;11.71;92.55;1.72;
2022-11-04 15:00:00;28.0;0.0;28.0;11.65;95.9;1.93;
2022-11-04 16:00:00;0.0;0.0;0.0;11.52;92.55;1.93;
2022-11-04 17:00:00;0.0;0.0;0.0;11.28;92.55;1.52;
2022-11-04 18:00:00;0.0;0.0;0.0;11.25;92.55;1.79;
2022-11-04 19:00:00;0.0;0.0;0.0;11.05;89.3;1.45;
2022-11-04 20:00:00;0.0;0.0;0.0;11.01;89.3;1.17;
2022-11-04 21:00:00;0.0;0.0;0.0;11.1;92.55;1.17;
2022-11-04 22:00:00;0.0;0.0;0.0;11.15;89.3;1.31;
2022-11-04 23:00:00;0.0;0.0;0.0;10.85;89.3;1.31;
2022-11-05 00:00:00;0.0;0.0;0.0;10.51;89.25;1.45;
2022-11-05 01:00:00;0.0;0.0;0.0;10.07;92.5;1.45;
2022-11-05 02:00:00;0.0;0.0;0.0;9.44;92.45;1.52;
2022-11-05 03:00:00;0.0;0.0;0.0;8.88;92.45;1.38;
2022-11-05 04:00:00;0.0;0.0;0.0;7.85;95.8;1.31;
2022-11-05 05:00:00;0.0;0.0;0.0;7.42;95.8;1.38;
2022-11-05 06:00:00;0.0;0.0;0.0;6.82;95.8;1.52;
2022-11-05 07:00:00;120.0;483.13;45.0;7.05;95.8;1.17;
2022-11-05 08:00:00;274.0;716.62;64.0;9.82;89.2;1.52;
2022-11-05 09:00:00;390.0;776.81;81.0;11.74;80.15;2.14;
2022-11-05 10:00:00;466.0;819.79;87.0;13.29;72.1;2.28;
2022-11-05 11:00:00;490.0;831.55;89.0;14.51;67.25;2.48;
2022-11-05 12:00:00;442.0;727.76;110.0;15.51;60.5;2.28;
2022-11-05 13:00:00;351.0;611.45;115.0;16.14;56.35;2.21;
2022-11-05 14:00:00;244.0;611.58;75.0;16.22;54.45;2.0;
2022-11-05 15:00:00;95.0;356.16;47.0;15.43;62.75;1.66;
2022-11-05 16:00:00;0.0;0.0;0.0;13.98;69.65;1.72;
2022-11-05 17:00:00;0.0;0.0;0.0;12.11;83.1;1.24;
2022-11-05 18:00:00;0.0;0.0;0.0;11.15;77.3;0.97;
2022-11-05 19:00:00;0.0;0.0;0.0;10.29;83.0;1.1;
2022-11-05 20:00:00;0.0;0.0;0.0;9.17;85.95;1.45;
2022-11-05 21:00:00;0.0;0.0;0.0;8.76;89.1;1.52;
2022-11-05 22:00:00;0.0;0.0;0.0;8.53;92.4;1.38;
2022-11-05 23:00:00;0.0;0.0;0.0;8.79;89.1;1.17;
2022-11-06 00:00:00;0.0;0.0;0.0;8.39;92.4;1.45;
2022-11-06 01:00:00;0.0;0.0;0.0;7.9;92.4;1.72;
2022-11-06 02:00:00;0.0;0.0;0.0;7.54;95.8;1.79;
2022-11-06 03:00:00;0.0;0.0;0.0;7.37;92.35;1.79;
2022-11-06 04:00:00;0.0;0.0;0.0;7.37;92.35;1.86;
2022-11-06 05:00:00;0.0;0.0;0.0;7.3;89.0;1.79;
2022-11-06 06:00:00;0.0;0.0;0.0;7.4;85.8;1.45;
2022-11-06 07:00:00;107.0;364.45;52.0;7.32;89.0;1.45;
2022-11-06 08:00:00;0.0;0.0;0.0;10.56;77.15;1.72;
2022-11-06 09:00:00;0.0;0.0;0.0;12.8;69.45;2.14;
2022-11-06 10:00:00;456.0;804.1;88.0;14.57;64.85;2.34;
2022-11-06 11:00:00;477.0;806.12;92.0;15.9;58.45;2.34;
2022-11-06 12:00:00;447.0;790.43;90.0;16.73;54.6;2.07;
2022-11-06 13:00:00;368.0;754.77;80.0;17.16;54.6;2.07;
2022-11-06 14:00:00;244.0;646.7;68.0;17.06;56.6;2.62;
2022-11-06 15:00:00;99.0;458.62;39.0;16.09;62.85;2.62;
2022-11-06 16:00:00;0.0;0.0;0.0;14.43;67.25;2.62;
2022-11-06 17:00:00;0.0;0.0;0.0;13.09;72.05;2.28;
2022-11-06 18:00:00;0.0;0.0;0.0;11.71;77.3;2.07;
2022-11-06 19:00:00;0.0;0.0;0.0;11.36;83.1;2.07;
2022-11-06 20:00:00;0.0;0.0;0.0;10.88;83.05;1.52;
2022-11-06 21:00:00;0.0;0.0;0.0;12.16;77.35;0.76;
2022-11-06 22:00:00;0.0;0.0;0.0;11.67;77.3;0.69;
2022-11-06 23:00:00;0.0;0.0;0.0;11.03;77.2;0.9;
2022-11-07 00:00:00;0.0;0.0;0.0;11.0;77.2;0.76;
2022-11-07 01:00:00;0.0;0.0;0.0;9.69;79.95;1.1;
2022-11-07 02:00:00;0.0;0.0;0.0;8.77;82.85;1.24;
2022-11-07 03:00:00;0.0;0.0;0.0;9.35;82.9;0.76;
2022-11-07 04:00:00;0.0;0.0;0.0;9.05;82.85;0.41;
2022-11-07 05:00:00;0.0;0.0;0.0;8.78;82.85;0.55;
2022-11-07 06:00:00;0.0;0.0;0.0;8.44;85.9;0.62;
2022-11-07 07:00:00;99.0;313.76;53.0;8.2;85.9;0.41;
2022-11-07 08:00:00;238.0;520.99;90.0;9.68;89.2;0.28;
2022-11-07 09:00:00;165.0;20.59;157.0;13.45;72.1;0.76;
2022-11-07 10:00:00;365.0;386.28;190.0;14.67;72.4;1.24;
2022-11-07 11:00:00;449.0;684.96;125.0;15.48;75.1;1.24;
2022-11-07 12:00:00;432.0;740.21;101.0;16.12;75.15;1.03;
2022-11-07 13:00:00;359.0;728.94;84.0;16.29;75.25;0.83;
2022-11-07 14:00:00;247.0;701.37;59.0;16.28;75.25;0.76;
2022-11-07 15:00:00;67.0;126.01;51.0;15.85;77.85;0.76;
2022-11-07 16:00:00;0.0;0.0;0.0;15.05;86.45;0.76;
2022-11-07 17:00:00;0.0;0.0;0.0;13.82;92.65;0.83;
2022-11-07 18:00:00;0.0;0.0;0.0;12.96;92.6;0.97;
2022-11-07 19:00:00;0.0;0.0;0.0;11.4;95.9;1.45;
2022-11-07 20:00:00;0.0;0.0;0.0;10.91;95.9;1.52;
2022-11-07 21:00:00;0.0;0.0;0.0;10.65;92.55;1.45;
2022-11-07 22:00:00;0.0;0.0;0.0;10.28;92.5;1.52;
2022-11-07 23:00:00;0.0;0.0;0.0;10.04;95.9;1.52;
2022-11-08 00:00:00;0.0;0.0;0.0;9.98;95.9;1.52;
2022-11-08 01:00:00;0.0;0.0;0.0;10.18;92.5;1.38;
2022-11-08 02:00:00;0.0;0.0;0.0;10.55;95.9;1.24;
2022-11-08 03:00:00;0.0;0.0;0.0;10.64;92.55;1.17;
2022-11-08 04:00:00;0.0;0.0;0.0;10.75;95.9;0.97;
2022-11-08 05:00:00;0.0;0.0;0.0;10.85;95.9;0.76;
2022-11-08 06:00:00;0.0;0.0;0.0;10.89;95.9;0.97;
2022-11-08 07:00:00;90.0;252.94;54.0;12.07;92.55;0.83;
2022-11-08 08:00:00;98.0;7.15;96.0;13.01;89.4;0.41;
2022-11-08 09:00:00;61.0;0.0;61.0;13.74;86.35;0.28;
2022-11-08 10:00:00;74.0;0.0;74.0;14.05;86.35;0.48;
2022-11-08 11:00:00;66.0;0.0;66.0;14.73;83.45;1.03;
2022-11-08 12:00:00;46.0;0.0;46.0;14.65;83.45;0.97;
2022-11-08 13:00:00;100.0;0.0;100.0;14.94;83.45;1.03;
2022-11-08 14:00:00;22.0;0.0;22.0;14.82;83.45;0.83;
2022-11-08 15:00:00;10.0;0.0;10.0;14.62;89.5;0.55;
2022-11-08 16:00:00;0.0;0.0;0.0;14.26;89.5;0.62;
2022-11-08 17:00:00;0.0;0.0;0.0;13.83;95.95;0.62;
2022-11-08 18:00:00;0.0;0.0;0.0;13.49;95.95;0.83;
2022-11-08 19:00:00;0.0;0.0;0.0;12.83;95.95;0.97;
2022-11-08 20:00:00;0.0;0.0;0.0;12.52;99.4;1.1;
2022-11-08 21:00:00;0.0;0.0;0.0;12.7;95.95;1.38;
2022-11-08 22:00:00;0.0;0.0;0.0;12.68;95.95;1.38;
2022-11-08 23:00:00;0.0;0.0;0.0;12.67;92.6;1.79;
2022-11-09 00:00:00;0.0;0.0;0.0;12.6;95.95;2.28;
2022-11-09 01:00:00;0.0;0.0;0.0;12.42;95.95;2.28;
2022-11-09 02:00:00;0.0;0.0;0.0;12.47;95.95;1.86;
2022-11-09 03:00:00;0.0;0.0;0.0;12.39;99.4;1.24;
2022-11-09 04:00:00;0.0;0.0;0.0;12.36;99.4;0.69;
2022-11-09 05:00:00;0.0;0.0;0.0;12.41;99.4;0.97;
2022-11-09 06:00:00;0.0;0.0;0.0;12.34;99.4;0.76;
2022-11-09 07:00:00;62.0;65.18;53.0;12.39;95.95;0.83;
2022-11-09 08:00:00;177.0;199.83;122.0;12.89;92.6;1.24;
2022-11-09 09:00:00;169.0;28.98;158.0;13.57;89.4;1.66;
2022-11-09 10:00:00;80.0;0.0;80.0;14.5;83.4;1.52;
2022-11-09 11:00:00;110.0;0.0;110.0;15.17;75.1;1.52;
2022-11-09 12:00:00;103.0;0.0;103.0;15.64;75.1;1.79;
2022-11-09 13:00:00;62.0;0.0;62.0;15.94;72.55;1.93;
2022-11-09 14:00:00;114.0;34.6;105.0;15.96;70.0;1.86;
2022-11-09 15:00:00;44.0;25.09;41.0;15.29;75.1;1.93;
2022-11-09 16:00:00;0.0;0.0;0.0;14.21;77.65;2.0;
2022-11-09 17:00:00;0.0;0.0;0.0;12.79;86.25;1.79;
2022-11-09 18:00:00;0.0;0.0;0.0;11.56;89.3;1.1;
2022-11-09 19:00:00;0.0;0.0;0.0;10.33;95.9;0.83;
2022-11-09 20:00:00;0.0;0.0;0.0;8.63;95.85;1.52;
2022-11-09 21:00:00;0.0;0.0;0.0;8.06;99.4;0.83;
2022-11-09 22:00:00;0.0;0.0;0.0;8.44;99.4;0.07;
2022-11-09 23:00:00;0.0;0.0;0.0;8.11;95.85;1.38;
2022-11-10 00:00:00;0.0;0.0;0.0;8.19;95.85;1.72;
2022-11-10 01:00:00;0.0;0.0;0.0;8.08;95.85;1.66;
2022-11-10 02:00:00;0.0;0.0;0.0;7.78;95.8;1.38;
2022-11-10 03:00:00;0.0;0.0;0.0;7.52;95.8;0.69;
2022-11-10 04:00:00;0.0;0.0;0.0;7.56;95.8;0.41;
2022-11-10 05:00:00;0.0;0.0;0.0;7.47;95.8;0.9;
2022-11-10 06:00:00;0.0;0.0;0.0;8.12;89.1;1.17;
2022-11-10 07:00:00;48.0;14.94;46.0;8.46;89.1;1.24;
2022-11-10 08:00:00;102.0;11.08;99.0;8.97;92.45;1.38;
2022-11-10 09:00:00;376.0;823.77;67.0;9.31;89.15;2.34;
2022-11-10 10:00:00;292.0;179.75;213.0;10.11;86.05;2.41;
2022-11-10 11:00:00;308.0;182.76;224.0;10.96;83.05;2.0;
2022-11-10 12:00:00;261.0;115.17;211.0;11.52;80.15;1.45;
2022-11-10 13:00:00;317.0;523.59;126.0;11.87;80.15;0.9;
2022-11-10 14:00:00;200.0;398.03;98.0;12.09;77.3;0.9;
2022-11-10 15:00:00;87.0;465.59;33.0;12.19;71.95;1.72;
2022-11-10 16:00:00;0.0;0.0;0.0;11.33;74.55;2.21;
2022-11-10 17:00:00;0.0;0.0;0.0;9.88;77.1;3.17;
2022-11-10 18:00:00;0.0;0.0;0.0;9.46;77.0;4.14;
2022-11-10 19:00:00;0.0;0.0;0.0;10.74;53.25;5.24;
2022-11-10 20:00:00;0.0;0.0;0.0;10.88;34.75;5.93;
2022-11-10 21:00:00;0.0;0.0;0.0;10.36;34.6;5.86;
2022-11-10 22:00:00;0.0;0.0;0.0;9.94;34.45;5.45;
2022-11-10 23:00:00;0.0;0.0;0.0;9.65;33.1;5.1;
2022-11-11 00:00:00;0.0;0.0;0.0;9.36;34.35;4.83;
2022-11-11 01:00:00;0.0;0.0;0.0;9.23;33.0;4.83;
2022-11-11 02:00:00;0.0;0.0;0.0;9.14;31.7;4.97;
2022-11-11 03:00:00;0.0;0.0;0.0;9.14;31.7;4.97;
2022-11-11 04:00:00;0.0;0.0;0.0;8.95;31.55;4.76;
2022-11-11 05:00:00;0.0;0.0;0.0;8.7;31.55;4.55;
2022-11-11 06:00:00;0.0;0.0;0.0;8.42;32.7;4.34;
2022-11-11 07:00:00;99.0;455.03;40.0;8.91;37.05;4.14;
2022-11-11 08:00:00;249.0;690.37;65.0;9.62;38.85;3.72;
2022-11-11 09:00:00;363.0;741.85;88.0;11.01;40.65;3.17;
2022-11-11 10:00:00;440.0;797.55;93.0;12.1;37.75;3.59;
2022-11-11 11:00:00;462.0;795.09;100.0;12.75;36.55;3.79;
2022-11-11 12:00:00;437.0;809.39;89.0;13.31;35.3;4.14;
2022-11-11 13:00:00;342.0;667.97;101.0;13.57;35.3;3.93;
2022-11-11 14:00:00;117.0;39.6;107.0;13.37;39.65;3.03;
2022-11-11 15:00:00;63.0;159.99;45.0;12.47;42.55;2.62;
2022-11-11 16:00:00;0.0;0.0;0.0;10.86;40.65;2.9;
2022-11-11 17:00:00;0.0;0.0;0.0;9.77;38.85;2.9;
2022-11-11 18:00:00;0.0;0.0;0.0;9.16;38.7;3.03;
2022-11-11 19:00:00;0.0;0.0;0.0;9.85;35.85;3.17;
2022-11-11 20:00:00;0.0;0.0;0.0;9.05;43.4;2.14;
2022-11-11 21:00:00;0.0;0.0;0.0;7.54;50.35;1.93;
2022-11-11 22:00:00;0.0;0.0;0.0;6.15;54.15;2.21;
2022-11-11 23:00:00;0.0;0.0;0.0;5.34;58.3;2.07;
2022-11-12 00:00:00;0.0;0.0;0.0;4.82;62.95;1.93;
2022-11-12 01:00:00;0.0;0.0;0.0;4.52;70.6;1.79;
2022-11-12 02:00:00;0.0;0.0;0.0;4.48;73.4;1.59;
2022-11-12 03:00:00;0.0;0.0;0.0;4.65;73.45;1.38;
2022-11-12 04:00:00;0.0;0.0;0.0;4.8;76.3;1.38;
2022-11-12 05:00:00;0.0;0.0;0.0;5.1;73.55;1.38;
2022-11-12 06:00:00;0.0;0.0;0.0;4.12;79.2;1.17;
2022-11-12 07:00:00;91.0;406.36;40.0;4.45;76.25;1.03;
2022-11-12 08:00:00;237.0;648.29;67.0;6.83;76.65;0.76;
2022-11-12 09:00:00;352.0;728.84;85.0;9.92;69.0;0.76;
2022-11-12 10:00:00;429.0;784.71;91.0;12.31;62.1;1.17;
2022-11-12 11:00:00;453.0;798.18;93.0;13.59;53.7;1.59;
2022-11-12 12:00:00;421.0;770.25;93.0;14.17;50.1;1.45;
2022-11-12 13:00:00;347.0;753.75;78.0;14.46;50.1;1.24;
2022-11-12 14:00:00;224.0;646.94;63.0;14.46;52.0;1.1;
2022-11-12 15:00:00;81.0;448.98;32.0;13.7;60.2;1.24;
2022-11-12 16:00:00;0.0;0.0;0.0;11.78;74.55;1.1;
2022-11-12 17:00:00;0.0;0.0;0.0;11.65;66.75;0.48;
2022-11-12 18:00:00;0.0;0.0;0.0;10.4;69.1;0.9;
2022-11-12 19:00:00;0.0;0.0;0.0;7.25;82.65;1.79;
2022-11-12 20:00:00;0.0;0.0;0.0;6.16;88.95;1.79;
2022-11-12 21:00:00;0.0;0.0;0.0;5.33;92.25;1.72;
2022-11-12 22:00:00;0.0;0.0;0.0;4.91;95.75;1.59;
2022-11-12 23:00:00;0.0;0.0;0.0;4.55;95.75;1.38;
2022-11-13 00:00:00;0.0;0.0;0.0;4.5;99.4;1.17;
2022-11-13 01:00:00;0.0;0.0;0.0;4.23;99.4;1.17;
2022-11-13 02:00:00;0.0;0.0;0.0;4.73;95.75;1.1;
2022-11-13 03:00:00;0.0;0.0;0.0;4.99;95.75;1.38;
2022-11-13 04:00:00;0.0;0.0;0.0;5.04;95.75;1.52;
2022-11-13 05:00:00;0.0;0.0;0.0;4.99;92.25;1.59;
2022-11-13 06:00:00;0.0;0.0;0.0;4.31;95.75;1.31;
2022-11-13 07:00:00;89.0;428.41;37.0;5.0;92.25;1.03;
2022-11-13 08:00:00;230.0;639.6;65.0;7.25;85.8;0.83;
2022-11-13 09:00:00;341.0;707.14;85.0;10.29;74.4;0.9;
2022-11-13 10:00:00;403.0;682.4;112.0;12.5;66.85;0.9;
2022-11-13 11:00:00;443.0;787.78;91.0;13.96;60.2;0.97;
2022-11-13 12:00:00;405.0;720.72;101.0;14.99;56.15;1.03;
2022-11-13 13:00:00;239.0;209.59;165.0;15.32;56.25;1.03;
2022-11-13 14:00:00;131.0;89.69;109.0;15.09;60.4;0.97;
2022-11-13 15:00:00;64.0;226.71;40.0;14.36;67.25;1.03;
2022-11-13 16:00:00;0.0;0.0;0.0;13.01;74.7;1.38;
2022-11-13 17:00:00;0.0;0.0;0.0;11.22;80.15;1.24;
2022-11-13 18:00:00;0.0;0.0;0.0;10.51;83.0;1.31;
2022-11-13 19:00:00;0.0;0.0;0.0;12.39;74.6;0.34;
2022-11-13 20:00:00;0.0;0.0;0.0;12.17;74.6;0.69;
2022-11-13 21:00:00;0.0;0.0;0.0;11.89;77.3;0.83;
2022-11-13 22:00:00;0.0;0.0;0.0;11.73;74.55;0.83;
2022-11-13 23:00:00;0.0;0.0;0.0;11.38;74.55;1.03;
2022-11-14 00:00:00;0.0;0.0;0.0;9.98;79.95;1.31;
2022-11-14 01:00:00;0.0;0.0;0.0;9.2;82.9;1.52;
2022-11-14 02:00:00;0.0;0.0;0.0;8.82;85.95;1.38;
2022-11-14 03:00:00;0.0;0.0;0.0;9.33;85.95;1.1;
2022-11-14 04:00:00;0.0;0.0;0.0;9.87;82.95;0.9;
2022-11-14 05:00:00;0.0;0.0;0.0;9.13;85.95;1.03;
2022-11-14 06:00:00;0.0;0.0;0.0;7.97;92.4;1.24;
2022-11-14 07:00:00;53.0;76.73;44.0;9.23;85.95;1.24;
2022-11-14 08:00:00;24.0;0.0;24.0;10.52;89.25;0.9;
2022-11-14 09:00:00;149.0;19.57;142.0;11.26;80.15;1.17;
2022-11-14 10:00:00;173.0;14.21;167.0;11.68;77.3;1.66;
2022-11-14 11:00:00;151.0;2.26;150.0;11.63;77.3;1.38;
2022-11-14 12:00:00;150.0;4.79;148.0;11.52;77.3;1.17;
2022-11-14 13:00:00;121.0;5.73;119.0;11.13;80.15;0.9;
2022-11-14 14:00:00;43.0;0.0;43.0;10.88;86.1;0.83;
2022-11-14 15:00:00;53.0;136.34;39.0;10.65;86.1;0.83;
2022-11-14 16:00:00;0.0;0.0;0.0;10.21;89.25;0.83;
2022-11-14 17:00:00;0.0;0.0;0.0;9.76;92.5;0.9;
2022-11-14 18:00:00;0.0;0.0;0.0;9.49;92.45;1.17;
2022-11-14 19:00:00;0.0;0.0;0.0;9.56;92.45;2.14;
2022-11-14 20:00:00;0.0;0.0;0.0;9.59;89.2;2.55;
2022-11-14 21:00:00;0.0;0.0;0.0;9.58;92.45;2.55;
2022-11-14 22:00:00;0.0;0.0;0.0;9.54;89.15;2.41;
2022-11-14 23:00:00;0.0;0.0;0.0;9.04;89.1;2.69;
2022-11-15 00:00:00;0.0;0.0;0.0;8.31;89.1;3.03;
2022-11-15 01:00:00;0.0;0.0;0.0;8.18;85.9;2.83;
2022-11-15 02:00:00;0.0;0.0;0.0;8.21;85.9;2.69;
2022-11-15 03:00:00;0.0;0.0;0.0;8.19;85.9;2.28;
2022-11-15 04:00:00;0.0;0.0;0.0;8.07;89.05;1.79;
2022-11-15 05:00:00;0.0;0.0;0.0;7.92;89.05;1.24;
2022-11-15 06:00:00;0.0;0.0;0.0;7.82;89.05;0.55;
2022-11-15 07:00:00;29.0;0.0;29.0;7.58;89.05;0.9;
2022-11-15 08:00:00;38.0;0.0;38.0;7.81;89.05;0.97;
2022-11-15 09:00:00;93.0;0.0;93.0;8.16;82.75;1.03;
2022-11-15 10:00:00;75.0;0.0;75.0;8.47;85.9;0.97;
2022-11-15 11:00:00;54.0;0.0;54.0;8.84;82.85;1.1;
2022-11-15 12:00:00;59.0;0.0;59.0;9.07;82.85;1.59;
2022-11-15 13:00:00;57.0;0.0;57.0;9.33;77.0;1.79;
2022-11-15 14:00:00;32.0;0.0;32.0;9.38;77.0;2.07;
2022-11-15 15:00:00;25.0;0.0;25.0;9.11;74.2;2.07;
2022-11-15 16:00:00;0.0;0.0;0.0;8.85;74.15;2.0;
2022-11-15 17:00:00;0.0;0.0;0.0;8.81;74.15;1.79;
2022-11-15 18:00:00;0.0;0.0;0.0;8.73;71.4;1.72;
2022-11-15 19:00:00;0.0;0.0;0.0;9.04;76.95;1.45;
2022-11-15 20:00:00;0.0;0.0;0.0;9.11;77.0;1.24;
2022-11-15 21:00:00;0.0;0.0;0.0;9.05;82.85;1.03;
2022-11-15 22:00:00;0.0;0.0;0.0;8.79;82.85;0.97;
2022-11-15 23:00:00;0.0;0.0;0.0;8.68;82.85;0.97;
2022-11-16 00:00:00;0.0;0.0;0.0;8.57;85.9;0.83;
2022-11-16 01:00:00;0.0;0.0;0.0;8.75;82.85;0.62;
2022-11-16 02:00:00;0.0;0.0;0.0;8.44;85.9;0.48;
2022-11-16 03:00:00;0.0;0.0;0.0;8.19;85.9;0.41;
2022-11-16 04:00:00;0.0;0.0;0.0;7.22;92.35;0.55;
2022-11-16 05:00:00;0.0;0.0;0.0;6.02;100.0;1.03;
2022-11-16 06:00:00;0.0;0.0;0.0;5.52;100.0;1.31;
2022-11-16 07:00:00;74.0;347.85;36.0;5.66;92.3;0.76;
2022-11-16 08:00:00;216.0;623.24;63.0;7.87;89.05;0.41;
2022-11-16 09:00:00;330.0;715.47;80.0;10.45;80.05;0.07;
2022-11-16 10:00:00;408.0;785.13;83.0;11.83;71.85;0.9;
2022-11-16 11:00:00;433.0;798.31;86.0;12.57;69.35;1.52;
2022-11-16 12:00:00;402.0;772.83;85.0;12.89;69.45;1.93;
2022-11-16 13:00:00;324.0;721.92;77.0;12.93;69.45;1.93;
2022-11-16 14:00:00;202.0;586.72;64.0;12.7;69.45;1.79;
2022-11-16 15:00:00;65.0;362.15;30.0;12.11;71.95;1.31;
2022-11-16 16:00:00;0.0;0.0;0.0;11.11;74.55;0.9;
2022-11-16 17:00:00;0.0;0.0;0.0;10.3;80.05;0.76;
2022-11-16 18:00:00;0.0;0.0;0.0;8.72;85.95;1.38;
2022-11-16 19:00:00;0.0;0.0;0.0;8.47;92.4;1.59;
2022-11-16 20:00:00;0.0;0.0;0.0;8.17;89.1;1.52;
2022-11-16 21:00:00;0.0;0.0;0.0;8.1;89.1;1.31;
2022-11-16 22:00:00;0.0;0.0;0.0;8.28;89.1;1.1;
2022-11-16 23:00:00;0.0;0.0;0.0;9.11;85.95;0.83;
2022-11-17 00:00:00;0.0;0.0;0.0;9.17;85.95;0.41;
2022-11-17 01:00:00;0.0;0.0;0.0;9.1;85.95;0.21;
2022-11-17 02:00:00;0.0;0.0;0.0;8.95;85.95;0.41;
2022-11-17 03:00:00;0.0;0.0;0.0;8.54;89.1;0.62;
2022-11-17 04:00:00;0.0;0.0;0.0;8.1;89.1;0.76;
2022-11-17 05:00:00;0.0;0.0;0.0;8.12;89.1;0.76;
2022-11-17 06:00:00;0.0;0.0;0.0;8.35;89.1;0.62;
2022-11-17 07:00:00;45.0;56.99;39.0;7.79;89.05;0.97;
2022-11-17 08:00:00;164.0;248.52;104.0;9.22;82.9;0.21;
2022-11-17 09:00:00;311.0;616.79;98.0;10.41;77.15;0.21;
2022-11-17 10:00:00;253.0;136.61;197.0;11.19;69.25;0.83;
2022-11-17 11:00:00;253.0;106.79;207.0;11.71;69.25;1.1;
2022-11-17 12:00:00;396.0;760.19;87.0;12.0;71.85;0.76;
2022-11-17 13:00:00;303.0;602.32;99.0;12.19;66.85;0.55;
2022-11-17 14:00:00;151.0;215.48;101.0;12.09;69.25;0.76;
2022-11-17 15:00:00;44.0;95.97;35.0;11.63;71.85;0.83;
2022-11-17 16:00:00;0.0;0.0;0.0;10.81;74.45;0.97;
2022-11-17 17:00:00;0.0;0.0;0.0;9.24;82.9;1.03;
2022-11-17 18:00:00;0.0;0.0;0.0;8.95;82.85;0.83;
2022-11-17 19:00:00;0.0;0.0;0.0;8.5;85.9;0.9;
2022-11-17 20:00:00;0.0;0.0;0.0;8.31;85.9;0.9;
2022-11-17 21:00:00;0.0;0.0;0.0;8.44;85.9;0.83;
2022-11-17 22:00:00;0.0;0.0;0.0;8.55;85.9;0.69;
2022-11-17 23:00:00;0.0;0.0;0.0;8.28;85.9;0.69;
2022-11-18 00:00:00;0.0;0.0;0.0;7.49;92.35;0.97;
2022-11-18 01:00:00;0.0;0.0;0.0;7.22;92.35;1.17;
2022-11-18 02:00:00;0.0;0.0;0.0;7.27;92.35;1.17;
2022-11-18 03:00:00;0.0;0.0;0.0;7.63;92.4;0.9;
2022-11-18 04:00:00;0.0;0.0;0.0;8.04;95.8;0.76;
2022-11-18 05:00:00;0.0;0.0;0.0;8.26;92.4;0.69;
2022-11-18 06:00:00;0.0;0.0;0.0;8.46;92.4;0.62;
2022-11-18 07:00:00;18.0;0.0;18.0;8.9;85.95;1.31;
2022-11-18 08:00:00;44.0;0.0;44.0;8.91;89.1;1.17;
2022-11-18 09:00:00;125.0;8.79;122.0;9.21;85.95;1.03;
2022-11-18 10:00:00;73.0;0.0;73.0;9.78;82.95;1.1;
2022-11-18 11:00:00;87.0;0.0;87.0;9.94;86.0;1.1;
2022-11-18 12:00:00;104.0;0.0;104.0;10.02;86.0;1.1;
2022-11-18 13:00:00;45.0;0.0;45.0;10.06;89.2;1.17;
2022-11-18 14:00:00;102.0;43.67;92.0;10.14;86.05;1.31;
2022-11-18 15:00:00;31.0;21.97;29.0;10.1;86.05;1.24;
2022-11-18 16:00:00;0.0;0.0;0.0;10.03;89.2;1.31;
2022-11-18 17:00:00;0.0;0.0;0.0;9.99;89.2;1.38;
2022-11-18 18:00:00;0.0;0.0;0.0;10.08;92.5;1.52;
2022-11-18 19:00:00;0.0;0.0;0.0;9.6;89.2;1.1;
2022-11-18 20:00:00;0.0;0.0;0.0;9.47;92.45;1.31;
2022-11-18 21:00:00;0.0;0.0;0.0;9.39;89.15;1.52;
2022-11-18 22:00:00;0.0;0.0;0.0;9.23;89.15;1.72;
2022-11-18 23:00:00;0.0;0.0;0.0;8.97;89.1;1.86;
2022-11-19 00:00:00;0.0;0.0;0.0;8.92;89.1;1.86;
2022-11-19 01:00:00;0.0;0.0;0.0;9.05;89.1;1.86;
2022-11-19 02:00:00;0.0;0.0;0.0;9.1;85.95;1.86;
2022-11-19 03:00:00;0.0;0.0;0.0;9.09;85.95;1.86;
2022-11-19 04:00:00;0.0;0.0;0.0;8.92;89.1;1.45;
2022-11-19 05:00:00;0.0;0.0;0.0;8.44;92.4;1.17;
2022-11-19 06:00:00;0.0;0.0;0.0;8.45;92.4;1.17;
2022-11-19 07:00:00;27.0;10.26;26.0;8.97;92.45;1.17;
2022-11-19 08:00:00;50.0;0.0;50.0;9.44;92.45;0.69;
2022-11-19 09:00:00;48.0;0.0;48.0;10.13;86.05;0.76;
2022-11-19 10:00:00;39.0;0.0;39.0;10.4;86.05;0.76;
2022-11-19 11:00:00;61.0;0.0;61.0;10.38;89.25;0.62;
2022-11-19 12:00:00;97.0;0.0;97.0;10.46;89.25;0.97;
2022-11-19 13:00:00;55.0;0.0;55.0;10.66;86.1;1.17;
2022-11-19 14:00:00;48.0;0.0;48.0;10.88;86.1;1.1;
2022-11-19 15:00:00;32.0;33.95;29.0;10.63;89.3;0.97;
2022-11-19 16:00:00;0.0;0.0;0.0;10.33;89.25;1.17;
2022-11-19 17:00:00;0.0;0.0;0.0;10.22;89.25;1.03;
2022-11-19 18:00:00;0.0;0.0;0.0;10.14;92.5;0.69;
2022-11-19 19:00:00;0.0;0.0;0.0;9.92;92.5;0.62;
2022-11-19 20:00:00;0.0;0.0;0.0;9.99;92.5;0.9;
2022-11-19 21:00:00;0.0;0.0;0.0;9.86;92.5;0.9;
2022-11-19 22:00:00;0.0;0.0;0.0;9.58;92.45;0.9;
2022-11-19 23:00:00;0.0;0.0;0.0;9.31;92.45;0.76;
2022-11-20 00:00:00;0.0;0.0;0.0;9.18;92.45;0.48;
2022-11-20 01:00:00;0.0;0.0;0.0;8.94;95.85;0.69;
2022-11-20 02:00:00;0.0;0.0;0.0;8.95;95.85;0.48;
2022-11-20 03:00:00;0.0;0.0;0.0;8.77;95.85;0.55;
2022-11-20 04:00:00;0.0;0.0;0.0;8.76;95.85;0.55;
2022-11-20 05:00:00;0.0;0.0;0.0;8.84;95.85;0.28;
2022-11-20 06:00:00;0.0;0.0;0.0;8.84;95.85;0.14;
2022-11-20 07:00:00;29.0;10.67;28.0;9.09;92.45;1.24;
2022-11-20 08:00:00;118.0;82.76;99.0;9.31;92.45;0.97;
2022-11-20 09:00:00;236.0;257.9;150.0;9.58;92.45;0.83;
2022-11-20 10:00:00;235.0;110.48;191.0;9.95;89.2;0.83;
2022-11-20 11:00:00;209.0;47.67;189.0;10.36;86.05;0.9;
2022-11-20 12:00:00;103.0;0.0;103.0;10.63;86.1;1.03;
2022-11-20 13:00:00;58.0;0.0;58.0;10.9;86.1;1.45;
2022-11-20 14:00:00;32.0;0.0;32.0;10.87;83.05;2.14;
2022-11-20 15:00:00;7.0;0.0;7.0;10.48;86.05;1.86;
2022-11-20 16:00:00;0.0;0.0;0.0;9.17;89.15;2.14;
2022-11-20 17:00:00;0.0;0.0;0.0;8.54;92.4;2.0;
2022-11-20 18:00:00;0.0;0.0;0.0;8.24;92.4;2.07;
2022-11-20 19:00:00;0.0;0.0;0.0;8.1;89.1;1.72;
2022-11-20 20:00:00;0.0;0.0;0.0;7.75;89.05;1.45;
2022-11-20 21:00:00;0.0;0.0;0.0;6.97;95.8;1.52;
2022-11-20 22:00:00;0.0;0.0;0.0;6.5;95.8;1.66;
2022-11-20 23:00:00;0.0;0.0;0.0;5.86;95.75;1.93;
2022-11-21 00:00:00;0.0;0.0;0.0;5.6;92.3;1.93;
2022-11-21 01:00:00;0.0;0.0;0.0;5.4;92.25;2.14;
2022-11-21 02:00:00;0.0;0.0;0.0;5.02;92.25;2.21;
2022-11-21 03:00:00;0.0;0.0;0.0;5.08;88.85;2.34;
2022-11-21 04:00:00;0.0;0.0;0.0;4.9;92.25;2.55;
2022-11-21 05:00:00;0.0;0.0;0.0;4.99;92.25;2.83;
2022-11-21 06:00:00;0.0;0.0;0.0;5.03;88.85;2.9;
2022-11-21 07:00:00;9.0;0.0;9.0;5.17;92.25;2.28;
2022-11-21 08:00:00;37.0;0.0;37.0;5.35;92.25;2.48;
2022-11-21 09:00:00;53.0;0.0;53.0;5.67;92.3;2.69;
2022-11-21 10:00:00;191.0;40.55;175.0;5.83;92.3;3.03;
2022-11-21 11:00:00;181.0;21.63;172.0;6.3;92.3;3.17;
2022-11-21 12:00:00;39.0;0.0;39.0;6.04;92.3;3.38;
2022-11-21 13:00:00;59.0;0.0;59.0;6.17;92.3;3.59;
2022-11-21 14:00:00;77.0;9.07;75.0;6.13;88.95;4.55;
2022-11-21 15:00:00;20.0;0.0;20.0;5.97;88.9;4.9;
2022-11-21 16:00:00;0.0;0.0;0.0;5.7;88.9;5.38;
2022-11-21 17:00:00;0.0;0.0;0.0;5.34;92.25;5.79;
2022-11-21 18:00:00;0.0;0.0;0.0;4.99;92.25;5.66;
2022-11-21 19:00:00;0.0;0.0;0.0;4.62;92.25;5.31;
2022-11-21 20:00:00;0.0;0.0;0.0;4.51;92.2;4.69;
2022-11-21 21:00:00;0.0;0.0;0.0;4.64;85.55;4.21;
2022-11-21 22:00:00;0.0;0.0;0.0;4.67;85.55;3.66;
2022-11-21 23:00:00;0.0;0.0;0.0;4.73;88.85;3.03;
2022-11-22 00:00:00;0.0;0.0;0.0;4.37;92.2;2.28;
2022-11-22 01:00:00;0.0;0.0;0.0;3.74;92.15;1.86;
2022-11-22 02:00:00;0.0;0.0;0.0;3.44;95.7;1.38;
2022-11-22 03:00:00;0.0;0.0;0.0;2.98;95.7;1.24;
2022-11-22 04:00:00;0.0;0.0;0.0;2.99;95.7;0.97;
2022-11-22 05:00:00;0.0;0.0;0.0;3.34;95.7;0.9;
2022-11-22 06:00:00;0.0;0.0;0.0;3.14;95.7;0.97;
2022-11-22 07:00:00;52.0;255.17;30.0;3.81;92.15;0.83;
2022-11-22 08:00:00;135.0;162.18;99.0;3.93;92.15;1.24;
2022-11-22 09:00:00;53.0;0.0;53.0;4.32;92.2;1.38;
2022-11-22 10:00:00;70.0;0.0;70.0;4.84;88.85;1.1;
2022-11-22 11:00:00;68.0;0.0;68.0;5.28;85.6;1.1;
2022-11-22 12:00:00;293.0;290.23;180.0;5.98;82.5;2.0;
2022-11-22 13:00:00;228.0;244.65;149.0;6.41;76.55;2.48;
2022-11-22 14:00:00;160.0;335.24;87.0;6.9;71.05;1.93;
2022-11-22 15:00:00;38.0;111.04;29.0;6.55;76.55;1.52;
2022-11-22 16:00:00;0.0;0.0;0.0;5.77;76.5;1.79;
2022-11-22 17:00:00;0.0;0.0;0.0;4.9;79.3;1.93;
2022-11-22 18:00:00;0.0;0.0;0.0;4.03;85.45;2.0;
2022-11-22 19:00:00;0.0;0.0;0.0;4.71;73.45;2.41;
2022-11-22 20:00:00;0.0;0.0;0.0;4.82;73.45;2.48;
2022-11-22 21:00:00;0.0;0.0;0.0;4.62;70.7;2.48;
2022-11-22 22:00:00;0.0;0.0;0.0;4.08;70.6;2.28;
2022-11-22 23:00:00;0.0;0.0;0.0;3.48;76.1;2.0;
2022-11-23 00:00:00;0.0;0.0;0.0;2.3;82.05;1.52;
2022-11-23 01:00:00;0.0;0.0;0.0;2.32;78.95;0.9;
2022-11-23 02:00:00;0.0;0.0;0.0;1.96;78.9;0.83;
2022-11-23 03:00:00;0.0;0.0;0.0;0.07;81.9;1.31;
2022-11-23 04:00:00;0.0;0.0;0.0;-0.53;85.05;1.66;
2022-11-23 05:00:00;0.0;0.0;0.0;-0.06;85.1;1.72;
2022-11-23 06:00:00;0.0;0.0;0.0;0.89;81.95;1.31;
2022-11-23 07:00:00;31.0;36.33;28.0;2.85;79.0;0.83;
2022-11-23 08:00:00;60.0;0.0;60.0;3.01;88.65;0.97;
2022-11-23 09:00:00;80.0;0.0;80.0;4.67;76.3;0.97;
2022-11-23 10:00:00;73.0;0.0;73.0;5.71;70.85;0.97;
2022-11-23 11:00:00;98.0;0.0;98.0;6.2;70.95;1.24;
2022-11-23 12:00:00;110.0;0.0;110.0;6.52;73.7;1.59;
2022-11-23 13:00:00;65.0;0.0;65.0;6.42;79.5;2.21;
2022-11-23 14:00:00;72.0;4.65;71.0;6.0;85.65;2.41;
2022-11-23 15:00:00;37.0;114.17;28.0;5.66;85.65;2.34;
2022-11-23 16:00:00;0.0;0.0;0.0;5.19;88.85;2.28;
2022-11-23 17:00:00;0.0;0.0;0.0;4.95;92.25;2.07;
2022-11-23 18:00:00;0.0;0.0;0.0;4.72;88.85;1.93;
2022-11-23 19:00:00;0.0;0.0;0.0;4.4;88.8;1.72;
2022-11-23 20:00:00;0.0;0.0;0.0;4.06;92.2;1.59;
2022-11-23 21:00:00;0.0;0.0;0.0;4.04;92.2;1.45;
2022-11-23 22:00:00;0.0;0.0;0.0;4.06;92.2;1.45;
2022-11-23 23:00:00;0.0;0.0;0.0;4.14;92.2;1.38;
2022-11-24 00:00:00;0.0;0.0;0.0;4.22;92.2;1.24;
2022-11-24 01:00:00;0.0;0.0;0.0;4.19;92.2;1.17;
2022-11-24 02:00:00;0.0;0.0;0.0;4.1;92.2;1.1;
2022-11-24 03:00:00;0.0;0.0;0.0;3.71;95.7;1.17;
2022-11-24 04:00:00;0.0;0.0;0.0;3.31;95.7;1.24;
2022-11-24 05:00:00;0.0;0.0;0.0;3.38;99.4;1.38;
2022-11-24 06:00:00;0.0;0.0;0.0;3.29;95.7;1.52;
2022-11-24 07:00:00;37.0;101.3;29.0;3.01;99.4;1.31;
2022-11-24 08:00:00;115.0;97.84;94.0;4.14;95.75;1.17;
2022-11-24 09:00:00;263.0;451.95;119.0;6.25;85.7;1.31;
2022-11-24 10:00:00;371.0;737.29;88.0;7.77;79.7;1.59;
2022-11-24 11:00:00;388.0;694.83;106.0;9.26;74.2;1.79;
2022-11-24 12:00:00;334.0;516.75;136.0;10.2;66.55;1.86;
2022-11-24 13:00:00;297.0;696.47;76.0;10.58;66.55;1.93;
2022-11-24 14:00:00;138.0;216.17;92.0;10.68;64.25;1.93;
2022-11-24 15:00:00;45.0;234.62;27.0;9.76;71.6;1.93;
2022-11-24 16:00:00;0.0;0.0;0.0;7.99;79.7;2.0;
2022-11-24 17:00:00;0.0;0.0;0.0;6.13;85.7;1.66;
2022-11-24 18:00:00;0.0;0.0;0.0;4.95;88.85;1.38;
2022-11-24 19:00:00;0.0;0.0;0.0;4.56;85.55;1.31;
2022-11-24 20:00:00;0.0;0.0;0.0;3.64;85.45;1.38;
2022-11-24 21:00:00;0.0;0.0;0.0;2.92;88.65;1.45;
2022-11-24 22:00:00;0.0;0.0;0.0;2.35;85.3;1.59;
2022-11-24 23:00:00;0.0;0.0;0.0;1.78;85.25;1.72;
2022-11-25 00:00:00;0.0;0.0;0.0;1.4;85.2;1.93;
2022-11-25 01:00:00;0.0;0.0;0.0;1.16;78.8;2.07;
2022-11-25 02:00:00;0.0;0.0;0.0;1.0;75.75;2.21;
2022-11-25 03:00:00;0.0;0.0;0.0;0.92;72.85;2.48;
2022-11-25 04:00:00;0.0;0.0;0.0;1.08;67.3;2.76;
2022-11-25 05:00:00;0.0;0.0;0.0;1.34;67.3;2.9;
2022-11-25 06:00:00;0.0;0.0;0.0;1.51;62.25;2.9;
2022-11-25 07:00:00;48.0;318.11;24.0;2.41;62.35;3.38;
2022-11-25 08:00:00;188.0;625.4;56.0;4.54;58.2;3.1;
2022-11-25 09:00:00;303.0;720.42;76.0;7.41;54.4;2.83;
2022-11-25 10:00:00;384.0;793.81;82.0;9.35;45.25;2.76;
2022-11-25 11:00:00;412.0;822.04;81.0;10.16;37.45;2.97;
2022-11-25 12:00:00;383.0;794.26;81.0;10.45;36.0;2.41;
2022-11-25 13:00:00;306.0;743.62;72.0;10.43;34.6;1.72;
2022-11-25 14:00:00;184.0;593.9;59.0;9.95;38.85;0.9;
2022-11-25 15:00:00;49.0;347.96;23.0;8.71;52.7;0.55;
2022-11-25 16:00:00;0.0;0.0;0.0;7.42;46.55;0.69;
2022-11-25 17:00:00;0.0;0.0;0.0;5.26;53.9;1.1;
2022-11-25 18:00:00;0.0;0.0;0.0;3.3;57.8;1.59;
2022-11-25 19:00:00;0.0;0.0;0.0;2.47;43.3;3.24;
2022-11-25 20:00:00;0.0;0.0;0.0;2.99;35.35;3.52;
2022-11-25 21:00:00;0.0;0.0;0.0;2.83;33.9;3.45;
2022-11-25 22:00:00;0.0;0.0;0.0;2.39;36.7;3.1;
2022-11-25 23:00:00;0.0;0.0;0.0;1.65;39.75;2.76;
2022-11-26 00:00:00;0.0;0.0;0.0;0.88;43.05;2.69;
2022-11-26 01:00:00;0.0;0.0;0.0;0.22;44.75;2.55;
2022-11-26 02:00:00;0.0;0.0;0.0;-0.46;48.45;2.28;
2022-11-26 03:00:00;0.0;0.0;0.0;-1.16;56.85;1.86;
2022-11-26 04:00:00;0.0;0.0;0.0;-1.66;59.1;1.66;
2022-11-26 05:00:00;0.0;0.0;0.0;-1.89;59.1;1.66;
2022-11-26 06:00:00;0.0;0.0;0.0;-2.53;63.9;1.72;
2022-11-26 07:00:00;45.0;305.65;23.0;-2.43;61.45;2.21;
2022-11-26 08:00:00;184.0;602.21;59.0;-0.05;64.45;1.52;
2022-11-26 09:00:00;303.0;731.58;75.0;3.49;55.55;1.03;
2022-11-26 10:00:00;382.0;795.47;82.0;5.4;44.15;0.69;
2022-11-26 11:00:00;406.0;795.87;88.0;6.41;39.4;0.07;
2022-11-26 12:00:00;382.0;794.92;82.0;6.96;38.0;0.34;
2022-11-26 13:00:00;307.0;752.85;72.0;7.17;36.6;0.83;
2022-11-26 14:00:00;185.0;614.59;57.0;6.99;39.55;1.31;
2022-11-26 15:00:00;48.0;343.24;23.0;6.0;48.0;1.66;
2022-11-26 16:00:00;0.0;0.0;0.0;3.87;57.95;1.66;
2022-11-26 17:00:00;0.0;0.0;0.0;2.86;60.05;1.03;
2022-11-26 18:00:00;0.0;0.0;0.0;2.43;57.6;0.41;
2022-11-26 19:00:00;0.0;0.0;0.0;1.73;59.8;1.1;
2022-11-26 20:00:00;0.0;0.0;0.0;0.27;64.55;1.38;
2022-11-26 21:00:00;0.0;0.0;0.0;-1.28;72.5;1.79;
2022-11-26 22:00:00;0.0;0.0;0.0;-2.45;75.3;2.14;
2022-11-26 23:00:00;0.0;0.0;0.0;-2.34;78.35;2.14;
2022-11-27 00:00:00;0.0;0.0;0.0;-2.02;78.35;2.14;
2022-11-27 01:00:00;0.0;0.0;0.0;-1.63;75.35;2.14;
2022-11-27 02:00:00;0.0;0.0;0.0;-1.34;75.45;2.28;
2022-11-27 03:00:00;0.0;0.0;0.0;-1.26;75.45;2.41;
2022-11-27 04:00:00;0.0;0.0;0.0;-1.9;72.4;2.48;
2022-11-27 05:00:00;0.0;0.0;0.0;-2.18;69.45;2.41;
2022-11-27 06:00:00;0.0;0.0;0.0;-2.38;64.0;2.41;
2022-11-27 07:00:00;49.0;437.47;19.0;-2.0;56.7;2.34;
2022-11-27 08:00:00;157.0;372.28;81.0;-0.77;64.35;1.93;
2022-11-27 09:00:00;296.0;700.63;80.0;2.67;55.45;1.45;
2022-11-27 10:00:00;378.0;791.61;82.0;4.7;47.7;1.17;
2022-11-27 11:00:00;405.0;806.94;85.0;5.8;44.3;1.66;
2022-11-27 12:00:00;381.0;803.38;80.0;6.27;41.0;2.34;
2022-11-27 13:00:00;302.0;739.36;73.0;6.47;41.0;2.41;
2022-11-27 14:00:00;183.0;611.13;57.0;6.21;42.7;2.14;
2022-11-27 15:00:00;47.0;365.88;21.0;5.06;49.8;1.93;
2022-11-27 16:00:00;0.0;0.0;0.0;3.08;57.8;2.0;
2022-11-27 17:00:00;0.0;0.0;0.0;1.01;67.3;1.66;
2022-11-27 18:00:00;0.0;0.0;0.0;0.16;67.2;1.38;
2022-11-27 19:00:00;0.0;0.0;0.0;0.37;67.2;1.31;
2022-11-27 20:00:00;0.0;0.0;0.0;-0.21;69.85;1.24;
2022-11-27 21:00:00;0.0;0.0;0.0;-0.77;72.6;1.1;
2022-11-27 22:00:00;0.0;0.0;0.0;-1.35;75.45;1.03;
2022-11-27 23:00:00;0.0;0.0;0.0;-0.93;72.6;0.76;
2022-11-28 00:00:00;0.0;0.0;0.0;-1.21;75.45;0.41;
2022-11-28 01:00:00;0.0;0.0;0.0;-2.46;78.35;1.03;
2022-11-28 02:00:00;0.0;0.0;0.0;-3.19;84.8;1.38;
2022-11-28 03:00:00;0.0;0.0;0.0;-3.25;81.45;1.59;
2022-11-28 04:00:00;0.0;0.0;0.0;-3.14;81.45;1.59;
2022-11-28 05:00:00;0.0;0.0;0.0;-3.13;81.45;1.79;
2022-11-28 06:00:00;0.0;0.0;0.0;-3.02;81.5;1.86;
2022-11-28 07:00:00;37.0;245.24;21.0;-3.13;81.45;1.86;
2022-11-28 08:00:00;172.0;562.75;59.0;-1.08;78.5;1.52;
2022-11-28 09:00:00;286.0;668.81;82.0;2.64;67.6;1.52;
2022-11-28 10:00:00;364.0;744.33;88.0;4.02;65.2;1.59;
2022-11-28 11:00:00;391.0;759.53;92.0;4.82;60.5;1.38;
2022-11-28 12:00:00;366.0;744.53;89.0;5.27;58.3;1.03;
2022-11-28 13:00:00;291.0;696.11;77.0;5.42;58.3;0.48;
2022-11-28 14:00:00;174.0;558.29;60.0;5.32;58.3;0.34;
2022-11-28 15:00:00;43.0;302.59;22.0;4.64;70.7;0.48;
2022-11-28 16:00:00;0.0;0.0;0.0;4.01;62.7;0.55;
2022-11-28 17:00:00;0.0;0.0;0.0;3.09;65.1;0.76;
2022-11-28 18:00:00;0.0;0.0;0.0;2.13;70.2;1.03;
2022-11-28 19:00:00;0.0;0.0;0.0;0.49;72.75;1.24;
2022-11-28 20:00:00;0.0;0.0;0.0;-1.39;78.5;1.45;
2022-11-28 21:00:00;0.0;0.0;0.0;-2.25;84.85;1.45;
2022-11-28 22:00:00;0.0;0.0;0.0;-2.64;88.25;1.31;
2022-11-28 23:00:00;0.0;0.0;0.0;-2.56;88.25;1.17;
2022-11-29 00:00:00;0.0;0.0;0.0;-2.54;88.25;1.1;
2022-11-29 01:00:00;0.0;0.0;0.0;-2.6;88.25;1.1;
2022-11-29 02:00:00;0.0;0.0;0.0;-2.7;88.25;1.17;
2022-11-29 03:00:00;0.0;0.0;0.0;-3.02;88.25;1.31;
2022-11-29 04:00:00;0.0;0.0;0.0;-3.22;91.8;1.31;
2022-11-29 05:00:00;0.0;0.0;0.0;-3.2;91.8;1.17;
2022-11-29 06:00:00;0.0;0.0;0.0;-2.88;88.25;1.1;
2022-11-29 07:00:00;34.0;209.76;21.0;-2.54;88.25;1.03;
2022-11-29 08:00:00;164.0;521.44;61.0;-0.5;78.65;0.69;
2022-11-29 09:00:00;282.0;669.25;80.0;2.36;75.95;0.62;
2022-11-29 10:00:00;358.0;734.14;88.0;4.51;65.3;0.83;
2022-11-29 11:00:00;391.0;787.99;83.0;5.81;58.45;0.97;
2022-11-29 12:00:00;364.0;763.13;82.0;6.47;56.3;0.9;
2022-11-29 13:00:00;288.0;697.85;75.0;6.68;56.45;0.76;
2022-11-29 14:00:00;169.0;523.9;63.0;6.47;58.55;0.62;
2022-11-29 15:00:00;37.0;191.59;24.0;5.3;76.4;0.83;
2022-11-29 16:00:00;0.0;0.0;0.0;4.23;70.6;1.03;
2022-11-29 17:00:00;0.0;0.0;0.0;3.34;73.2;0.9;
2022-11-29 18:00:00;0.0;0.0;0.0;2.75;76.0;0.9;
2022-11-29 19:00:00;0.0;0.0;0.0;1.97;78.9;0.69;
2022-11-29 20:00:00;0.0;0.0;0.0;1.48;81.95;0.9;
2022-11-29 21:00:00;0.0;0.0;0.0;0.12;81.9;1.1;
2022-11-29 22:00:00;0.0;0.0;0.0;0.49;81.9;0.83;
2022-11-29 23:00:00;0.0;0.0;0.0;0.22;81.9;0.69;
2022-11-30 00:00:00;0.0;0.0;0.0;0.26;81.9;0.62;
2022-11-30 01:00:00;0.0;0.0;0.0;-0.71;85.05;0.97;
2022-11-30 02:00:00;0.0;0.0;0.0;-0.98;85.05;1.1;
2022-11-30 03:00:00;0.0;0.0;0.0;-0.69;85.05;1.1;
2022-11-30 04:00:00;0.0;0.0;0.0;-0.51;85.05;1.17;
2022-11-30 05:00:00;0.0;0.0;0.0;-0.16;81.8;1.38;
2022-11-30 06:00:00;0.0;0.0;0.0;0.21;78.75;1.72;
2022-11-30 07:00:00;10.0;0.0;10.0;0.51;81.95;1.86;
2022-11-30 08:00:00;27.0;0.0;27.0;1.01;88.55;1.52;
2022-11-30 09:00:00;41.0;0.0;41.0;1.76;88.6;1.52;
2022-11-30 10:00:00;95.0;0.0;95.0;2.09;88.65;2.07;
2022-11-30 11:00:00;167.0;20.61;159.0;1.99;95.65;1.93;
2022-11-30 12:00:00;166.0;27.24;156.0;2.03;95.65;1.72;
2022-11-30 13:00:00;60.0;0.0;60.0;2.43;95.65;1.52;
2022-11-30 14:00:00;76.0;14.96;73.0;2.82;88.65;1.38;
2022-11-30 15:00:00;35.0;195.73;22.0;3.12;88.7;0.76;
2022-11-30 16:00:00;0.0;0.0;0.0;-2.63;95.1;0.64;
2022-11-30 17:00:00;0.0;0.0;0.0;-1.59;95.13;0.8;
2022-11-30 18:00:00;0.0;0.0;0.0;-0.56;95.16;0.95;
2022-11-30 19:00:00;0.0;0.0;0.0;0.48;95.19;1.11;
2022-11-30 20:00:00;0.0;0.0;0.0;1.52;95.22;1.26;
2022-11-30 21:00:00;0.0;0.0;0.0;2.56;95.25;1.42;
2022-11-30 22:00:00;0.0;0.0;0.0;3.6;95.28;1.58;
2022-11-30 23:00:00;0.0;0.0;0.0;4.64;95.31;1.73;
2022-12-01 00:00:00;0.0;0.0;0.0;5.68;95.34;1.89;
2022-12-01 01:00:00;0.0;0.0;0.0;6.72;95.37;2.04;
2022-12-01 02:00:00;0.0;0.0;0.0;7.76;95.4;2.2;
2022-12-01 03:00:00;0.0;0.0;0.0;8.8;95.43;2.36;
2022-12-01 04:00:00;0.0;0.0;0.0;9.84;95.46;2.51;
2022-12-01 05:00:00;0.0;0.0;0.0;10.88;95.49;2.67;
2022-12-01 06:00:00;0.0;0.0;0.0;11.91;95.52;2.83;
2022-12-01 07:00:00;12.0;0.0;12.0;12.95;95.55;2.98;
2022-12-01 08:00:00;83.0;41.83;75.0;11.89;92.55;3.24;
2022-12-01 09:00:00;227.0;378.73;115.0;12.2;89.35;2.83;
2022-12-01 10:00:00;313.0;541.41;117.0;12.12;92.6;2.41;
2022-12-01 11:00:00;239.0;145.23;183.0;12.37;92.6;2.28;
2022-12-01 12:00:00;58.0;0.0;58.0;12.38;95.95;2.07;
2022-12-01 13:00:00;172.0;116.21;137.0;12.47;95.95;1.93;
2022-12-01 14:00:00;113.0;140.75;85.0;12.44;95.95;1.93;
2022-12-01 15:00:00;34.0;199.7;21.0;12.28;95.95;1.93;
2022-12-01 16:00:00;0.0;0.0;0.0;11.85;95.9;1.86;
2022-12-01 17:00:00;0.0;0.0;0.0;11.5;95.9;1.79;
2022-12-01 18:00:00;0.0;0.0;0.0;11.22;95.9;1.52;
2022-12-01 19:00:00;0.0;0.0;0.0;10.96;99.4;1.1;
2022-12-01 20:00:00;0.0;0.0;0.0;10.92;95.9;0.83;
2022-12-01 21:00:00;0.0;0.0;0.0;11.04;92.55;0.62;
2022-12-01 22:00:00;0.0;0.0;0.0;11.07;89.3;0.41;
2022-12-01 23:00:00;0.0;0.0;0.0;10.36;95.9;0.9;
2022-12-02 00:00:00;0.0;0.0;0.0;10.04;95.9;1.17;
2022-12-02 01:00:00;0.0;0.0;0.0;10.0;95.9;1.38;
2022-12-02 02:00:00;0.0;0.0;0.0;9.86;99.4;1.38;
2022-12-02 03:00:00;0.0;0.0;0.0;9.83;99.4;1.24;
2022-12-02 04:00:00;0.0;0.0;0.0;9.81;99.4;1.03;
2022-12-02 05:00:00;0.0;0.0;0.0;9.77;99.4;0.9;
2022-12-02 06:00:00;0.0;0.0;0.0;9.71;99.4;0.97;
2022-12-02 07:00:00;16.0;19.01;15.0;9.89;99.4;1.1;
2022-12-02 08:00:00;69.0;15.94;66.0;10.12;95.9;1.24;
2022-12-02 09:00:00;0.0;0.0;0.0;10.36;95.9;1.24;
2022-12-02 10:00:00;0.0;0.0;0.0;10.55;92.5;1.38;
2022-12-02 11:00:00;0.0;0.0;0.0;10.74;92.5;1.38;
2022-12-02 12:00:00;0.0;0.0;0.0;10.97;92.5;1.45;
2022-12-02 13:00:00;0.0;0.0;0.0;10.97;92.5;1.45;
2022-12-02 14:00:00;0.0;0.0;0.0;11.0;92.5;1.38;
2022-12-02 15:00:00;0.0;0.0;0.0;10.81;92.5;1.03;
2022-12-02 16:00:00;0.0;0.0;0.0;10.66;92.5;0.97;
2022-12-02 17:00:00;0.0;0.0;0.0;10.29;92.5;1.17;
2022-12-02 18:00:00;0.0;0.0;0.0;9.95;95.85;1.1;
2022-12-02 19:00:00;0.0;0.0;0.0;9.68;95.85;1.72;
2022-12-02 20:00:00;0.0;0.0;0.0;9.73;95.85;1.79;
2022-12-02 21:00:00;0.0;0.0;0.0;9.61;95.85;1.79;
2022-12-02 22:00:00;0.0;0.0;0.0;9.53;95.85;1.79;
2022-12-02 23:00:00;0.0;0.0;0.0;9.45;92.45;1.59;
2022-12-03 00:00:00;0.0;0.0;0.0;9.28;92.45;1.38;
2022-12-03 01:00:00;0.0;0.0;0.0;8.59;92.45;1.17;
2022-12-03 02:00:00;0.0;0.0;0.0;8.4;92.4;0.97;
2022-12-03 03:00:00;0.0;0.0;0.0;8.79;89.1;0.62;
2022-12-03 04:00:00;0.0;0.0;0.0;8.49;85.95;0.69;
2022-12-03 05:00:00;0.0;0.0;0.0;8.35;89.1;0.69;
2022-12-03 06:00:00;0.0;0.0;0.0;8.11;89.1;0.76;
2022-12-03 07:00:00;13.0;20.14;12.0;8.25;92.4;1.24;
2022-12-03 08:00:00;68.0;16.19;65.0;8.57;89.1;0.83;
2022-12-03 09:00:00;103.0;6.9;101.0;9.56;82.9;0.69;
2022-12-03 10:00:00;94.0;0.0;94.0;10.12;79.95;0.83;
2022-12-03 11:00:00;151.0;13.13;146.0;10.61;77.15;0.69;
2022-12-03 12:00:00;122.0;2.77;121.0;11.05;74.45;0.48;
2022-12-03 13:00:00;0.0;0.0;0.0;11.31;74.45;0.69;
2022-12-03 14:00:00;0.0;0.0;0.0;11.36;71.75;1.17;
2022-12-03 15:00:00;23.0;47.77;20.0;10.56;77.15;1.79;
2022-12-03 16:00:00;0.0;0.0;0.0;9.23;79.9;1.72;
2022-12-03 17:00:00;0.0;0.0;0.0;8.75;82.85;1.1;
2022-12-03 18:00:00;0.0;0.0;0.0;8.62;82.85;0.41;
2022-12-03 19:00:00;0.0;0.0;0.0;8.98;85.95;0.41;
2022-12-03 20:00:00;0.0;0.0;0.0;9.06;79.9;0.28;
2022-12-03 21:00:00;0.0;0.0;0.0;8.8;82.85;0.41;
2022-12-03 22:00:00;0.0;0.0;0.0;8.1;89.1;0.69;
2022-12-03 23:00:00;0.0;0.0;0.0;8.27;92.4;0.48;
2022-12-04 00:00:00;0.0;0.0;0.0;8.43;89.1;0.21;
2022-12-04 01:00:00;0.0;0.0;0.0;8.42;89.1;0.28;
2022-12-04 02:00:00;0.0;0.0;0.0;8.46;92.4;0.41;
2022-12-04 03:00:00;0.0;0.0;0.0;8.48;89.1;0.69;
2022-12-04 04:00:00;0.0;0.0;0.0;8.31;92.4;0.83;
2022-12-04 05:00:00;0.0;0.0;0.0;7.99;92.4;0.76;
2022-12-04 06:00:00;0.0;0.0;0.0;7.78;92.4;0.97;
2022-12-04 07:00:00;7.0;0.0;7.0;8.6;89.1;0.76;
2022-12-04 08:00:00;109.0;175.41;77.0;8.81;92.45;0.9;
2022-12-04 09:00:00;176.0;153.17;132.0;9.18;89.15;1.03;
2022-12-04 10:00:00;181.0;59.3;160.0;9.31;85.95;1.03;
2022-12-04 11:00:00;163.0;21.14;155.0;9.35;85.95;0.83;
2022-12-04 12:00:00;69.0;0.0;69.0;9.42;85.95;0.69;
2022-12-04 13:00:00;59.0;0.0;59.0;9.6;85.95;0.76;
2022-12-04 14:00:00;69.0;10.27;67.0;9.59;85.95;0.76;
2022-12-04 15:00:00;28.0;129.39;20.0;9.41;85.95;0.55;
2022-12-04 16:00:00;0.0;0.0;0.0;9.22;85.95;0.34;
2022-12-04 17:00:00;0.0;0.0;0.0;9.01;89.15;0.41;
2022-12-04 18:00:00;0.0;0.0;0.0;8.95;92.45;0.55;
2022-12-04 19:00:00;0.0;0.0;0.0;8.57;89.1;0.97;
2022-12-04 20:00:00;0.0;0.0;0.0;8.68;89.1;0.9;
2022-12-04 21:00:00;0.0;0.0;0.0;8.74;89.1;0.55;
2022-12-04 22:00:00;0.0;0.0;0.0;8.85;89.1;0.28;
2022-12-04 23:00:00;0.0;0.0;0.0;8.77;92.45;0.55;
2022-12-05 00:00:00;0.0;0.0;0.0;8.8;92.45;0.69;
2022-12-05 01:00:00;0.0;0.0;0.0;8.66;92.45;0.62;
2022-12-05 02:00:00;0.0;0.0;0.0;8.71;89.1;0.55;
2022-12-05 03:00:00;0.0;0.0;0.0;8.84;89.1;0.48;
2022-12-05 04:00:00;0.0;0.0;0.0;8.75;89.1;0.55;
2022-12-05 05:00:00;0.0;0.0;0.0;8.6;89.1;0.62;
2022-12-05 06:00:00;0.0;0.0;0.0;8.41;92.4;0.69;
2022-12-05 07:00:00;6.0;0.0;6.0;8.23;92.4;0.41;
2022-12-05 08:00:00;77.0;38.96;70.0;8.67;92.45;0.21;
2022-12-05 09:00:00;51.0;0.0;51.0;9.52;89.15;0.55;
2022-12-05 10:00:00;66.0;0.0;66.0;10.71;83.0;1.1;
2022-12-05 11:00:00;81.0;0.0;81.0;11.19;80.1;1.52;
2022-12-05 12:00:00;194.0;81.28;165.0;11.14;80.1;1.45;
2022-12-05 13:00:00;131.0;33.96;121.0;11.1;80.1;1.17;
2022-12-05 14:00:00;78.0;25.83;73.0;11.01;80.1;0.9;
2022-12-05 15:00:00;21.0;49.21;18.0;10.57;83.0;0.83;
2022-12-05 16:00:00;0.0;0.0;0.0;9.38;89.15;1.1;
2022-12-05 17:00:00;0.0;0.0;0.0;9.0;85.95;0.62;
2022-12-05 18:00:00;0.0;0.0;0.0;8.69;89.1;0.48;
2022-12-05 19:00:00;0.0;0.0;0.0;9.31;89.15;0.28;
2022-12-05 20:00:00;0.0;0.0;0.0;9.43;89.15;0.21;
2022-12-05 21:00:00;0.0;0.0;0.0;9.51;89.15;0.21;
2022-12-05 22:00:00;0.0;0.0;0.0;9.59;89.15;0.21;
2022-12-05 23:00:00;0.0;0.0;0.0;9.53;85.95;0.14;
2022-12-06 00:00:00;0.0;0.0;0.0;9.17;85.95;0.48;
2022-12-06 01:00:00;0.0;0.0;0.0;8.73;89.1;0.62;
2022-12-06 02:00:00;0.0;0.0;0.0;8.7;89.1;0.62;
2022-12-06 03:00:00;0.0;0.0;0.0;8.54;89.1;0.41;
2022-12-06 04:00:00;0.0;0.0;0.0;8.49;85.95;0.14;
2022-12-06 05:00:00;0.0;0.0;0.0;8.42;89.1;0.48;
2022-12-06 06:00:00;0.0;0.0;0.0;7.9;89.05;0.69;
2022-12-06 07:00:00;12.0;24.26;11.0;6.46;99.4;1.03;
2022-12-06 08:00:00;102.0;152.54;75.0;7.41;95.8;0.55;
2022-12-06 09:00:00;181.0;184.32;129.0;8.94;92.45;0.34;
2022-12-06 10:00:00;204.0;111.62;165.0;10.02;82.95;0.34;
2022-12-06 11:00:00;327.0;539.67;125.0;10.86;83.0;0.34;
2022-12-06 12:00:00;305.0;518.18;121.0;11.39;80.1;0.48;
2022-12-06 13:00:00;243.0;491.33;99.0;11.76;77.3;0.55;
2022-12-06 14:00:00;124.0;228.56;80.0;11.75;74.55;0.41;
2022-12-06 15:00:00;35.0;298.88;17.0;11.35;80.1;0.55;
2022-12-06 16:00:00;0.0;0.0;0.0;10.02;86.0;0.69;
2022-12-06 17:00:00;0.0;0.0;0.0;9.33;85.95;0.76;
2022-12-06 18:00:00;0.0;0.0;0.0;8.41;89.1;0.97;
2022-12-06 19:00:00;0.0;0.0;0.0;7.42;95.8;1.24;
2022-12-06 20:00:00;0.0;0.0;0.0;8.13;92.4;0.83;
2022-12-06 21:00:00;0.0;0.0;0.0;7.93;95.8;0.83;
2022-12-06 22:00:00;0.0;0.0;0.0;7.19;95.8;1.03;
2022-12-06 23:00:00;0.0;0.0;0.0;5.72;99.4;1.31;
2022-12-07 00:00:00;0.0;0.0;0.0;5.27;99.4;1.24;
2022-12-07 01:00:00;0.0;0.0;0.0;5.02;95.75;1.17;
2022-12-07 02:00:00;0.0;0.0;0.0;4.79;99.4;1.24;
2022-12-07 03:00:00;0.0;0.0;0.0;5.02;95.75;1.03;
2022-12-07 04:00:00;0.0;0.0;0.0;5.04;95.75;1.17;
2022-12-07 05:00:00;0.0;0.0;0.0;5.15;95.75;1.1;
2022-12-07 06:00:00;0.0;0.0;0.0;5.29;99.4;1.1;
2022-12-07 07:00:00;10.0;0.0;10.0;5.56;95.75;1.1;
2022-12-07 08:00:00;92.0;108.93;73.0;6.1;95.8;1.03;
2022-12-07 09:00:00;54.0;0.0;54.0;7.5;92.4;0.97;
2022-12-07 10:00:00;133.0;8.64;130.0;8.5;85.95;0.83;
2022-12-07 11:00:00;113.0;0.0;113.0;9.19;79.9;0.41;
2022-12-07 12:00:00;69.0;0.0;69.0;9.69;79.9;0.21;
2022-12-07 13:00:00;77.0;0.0;77.0;9.89;77.0;0.69;
2022-12-07 14:00:00;48.0;0.0;48.0;10.09;74.3;0.9;
2022-12-07 15:00:00;27.0;134.24;19.0;9.55;79.9;1.03;
2022-12-07 16:00:00;0.0;0.0;0.0;7.96;89.05;1.17;
2022-12-07 17:00:00;0.0;0.0;0.0;6.52;89.0;1.1;
2022-12-07 18:00:00;0.0;0.0;0.0;5.35;92.25;1.31;
2022-12-07 19:00:00;0.0;0.0;0.0;5.0;92.25;1.31;
2022-12-07 20:00:00;0.0;0.0;0.0;4.2;95.75;1.38;
2022-12-07 21:00:00;0.0;0.0;0.0;3.32;99.4;1.38;
2022-12-07 22:00:00;0.0;0.0;0.0;2.74;99.4;1.24;
2022-12-07 23:00:00;0.0;0.0;0.0;2.4;100.0;1.1;
2022-12-08 00:00:00;0.0;0.0;0.0;2.29;99.4;0.97;
2022-12-08 01:00:00;0.0;0.0;0.0;2.52;99.4;0.9;
2022-12-08 02:00:00;0.0;0.0;0.0;2.0;99.4;0.83;
2022-12-08 03:00:00;0.0;0.0;0.0;2.0;99.4;0.97;
2022-12-08 04:00:00;0.0;0.0;0.0;2.31;99.4;0.9;
2022-12-08 05:00:00;0.0;0.0;0.0;2.77;99.4;0.69;
2022-12-08 06:00:00;0.0;0.0;0.0;2.8;99.4;0.69;
2022-12-08 07:00:00;0.0;0.0;0.0;3.63;95.7;0.55;
2022-12-08 08:00:00;0.0;0.0;0.0;4.03;92.2;0.62;
2022-12-08 09:00:00;255.0;677.8;67.0;5.61;85.65;0.76;
2022-12-08 10:00:00;139.0;14.49;134.0;7.39;76.7;0.76;
2022-12-08 11:00:00;205.0;80.96;175.0;8.58;68.8;0.9;
2022-12-08 12:00:00;130.0;5.68;128.0;9.21;68.9;1.1;
2022-12-08 13:00:00;142.0;51.6;127.0;9.49;68.9;1.03;
2022-12-08 14:00:00;75.0;20.97;71.0;9.32;71.5;0.83;
2022-12-08 15:00:00;19.0;33.85;17.0;8.7;76.95;0.76;
2022-12-08 16:00:00;0.0;0.0;0.0;7.26;85.8;1.24;
2022-12-08 17:00:00;0.0;0.0;0.0;5.98;88.95;1.45;
2022-12-08 18:00:00;0.0;0.0;0.0;5.12;92.25;1.66;
2022-12-08 19:00:00;0.0;0.0;0.0;5.36;92.25;1.45;
2022-12-08 20:00:00;0.0;0.0;0.0;4.94;92.25;1.72;
2022-12-08 21:00:00;0.0;0.0;0.0;4.98;88.85;1.86;
2022-12-08 22:00:00;0.0;0.0;0.0;5.21;92.25;2.14;
2022-12-08 23:00:00;0.0;0.0;0.0;5.23;88.85;2.14;
2022-12-09 00:00:00;0.0;0.0;0.0;5.49;88.9;2.21;
2022-12-09 01:00:00;0.0;0.0;0.0;5.58;88.9;2.21;
2022-12-09 02:00:00;0.0;0.0;0.0;5.87;88.9;2.41;
2022-12-09 03:00:00;0.0;0.0;0.0;5.83;88.9;2.83;
2022-12-09 04:00:00;0.0;0.0;0.0;5.35;85.6;3.1;
2022-12-09 05:00:00;0.0;0.0;0.0;4.89;88.85;2.9;
2022-12-09 06:00:00;0.0;0.0;0.0;4.18;88.8;2.48;
2022-12-09 07:00:00;9.0;0.0;9.0;4.48;88.85;1.72;
2022-12-09 08:00:00;114.0;265.39;69.0;4.6;88.85;1.24;
2022-12-09 09:00:00;262.0;745.04;57.0;5.91;88.9;1.24;
2022-12-09 10:00:00;342.0;816.0;62.0;7.09;76.7;1.38;
2022-12-09 11:00:00;371.0;826.81;66.0;8.6;68.8;1.52;
2022-12-09 12:00:00;343.0;778.56;70.0;9.28;63.9;1.59;
2022-12-09 13:00:00;275.0;738.81;61.0;9.62;63.9;1.59;
2022-12-09 14:00:00;163.0;615.55;46.0;9.63;63.9;1.59;
2022-12-09 15:00:00;36.0;357.84;15.0;8.85;68.8;1.59;
2022-12-09 16:00:00;0.0;0.0;0.0;6.98;73.9;1.66;
2022-12-09 17:00:00;0.0;0.0;0.0;5.57;82.5;1.17;
2022-12-09 18:00:00;0.0;0.0;0.0;4.97;79.35;0.97;
2022-12-09 19:00:00;0.0;0.0;0.0;3.19;82.2;1.45;
2022-12-09 20:00:00;0.0;0.0;0.0;1.84;85.25;1.66;
2022-12-09 21:00:00;0.0;0.0;0.0;1.34;81.95;1.66;
2022-12-09 22:00:00;0.0;0.0;0.0;1.09;75.75;1.59;
2022-12-09 23:00:00;0.0;0.0;0.0;0.72;75.7;1.59;
2022-12-10 00:00:00;0.0;0.0;0.0;-0.14;78.6;1.93;
2022-12-10 01:00:00;0.0;0.0;0.0;-0.16;75.55;1.72;
2022-12-10 02:00:00;0.0;0.0;0.0;0.0;72.65;1.45;
2022-12-10 03:00:00;0.0;0.0;0.0;-0.26;72.6;1.45;
2022-12-10 04:00:00;0.0;0.0;0.0;-0.41;72.6;1.31;
2022-12-10 05:00:00;0.0;0.0;0.0;-1.06;75.45;1.38;
2022-12-10 06:00:00;0.0;0.0;0.0;-1.23;75.45;1.31;
2022-12-10 07:00:00;8.0;0.0;8.0;-0.71;78.5;1.24;
2022-12-10 08:00:00;142.0;585.86;44.0;-0.02;81.8;1.17;
2022-12-10 09:00:00;264.0;761.79;56.0;2.92;82.15;1.1;
2022-12-10 10:00:00;335.0;761.86;75.0;5.9;68.2;1.03;
2022-12-10 11:00:00;244.0;174.24;180.0;7.64;58.9;1.38;
2022-12-10 12:00:00;152.0;20.03;145.0;8.67;52.7;1.59;
2022-12-10 13:00:00;137.0;41.56;125.0;9.09;52.85;1.59;
2022-12-10 14:00:00;95.0;73.88;81.0;8.94;56.9;1.31;
2022-12-10 15:00:00;29.0;171.22;19.0;7.93;63.6;1.52;
2022-12-10 16:00:00;0.0;0.0;0.0;6.08;76.55;1.24;
2022-12-10 17:00:00;0.0;0.0;0.0;5.98;68.3;0.62;
2022-12-10 18:00:00;0.0;0.0;0.0;5.47;70.85;0.14;
2022-12-10 19:00:00;0.0;0.0;0.0;4.76;73.45;0.62;
2022-12-10 20:00:00;0.0;0.0;0.0;4.23;73.4;0.62;
2022-12-10 21:00:00;0.0;0.0;0.0;3.42;79.1;0.83;
2022-12-10 22:00:00;0.0;0.0;0.0;2.32;82.05;1.03;
2022-12-10 23:00:00;0.0;0.0;0.0;0.81;88.5;1.17;
2022-12-11 00:00:00;0.0;0.0;0.0;0.57;88.5;1.1;
2022-12-11 01:00:00;0.0;0.0;0.0;0.3;92.0;1.17;
2022-12-11 02:00:00;0.0;0.0;0.0;0.18;92.0;1.17;
2022-12-11 03:00:00;0.0;0.0;0.0;-0.61;95.6;1.38;
2022-12-11 04:00:00;0.0;0.0;0.0;-1.05;91.95;1.38;
2022-12-11 05:00:00;0.0;0.0;0.0;-1.03;91.95;1.24;
2022-12-11 06:00:00;0.0;0.0;0.0;0.1;92.0;0.69;
2022-12-11 07:00:00;8.0;0.0;8.0;0.4;92.0;0.55;
2022-12-11 08:00:00;140.0;593.61;42.0;0.75;92.0;0.69;
2022-12-11 09:00:00;257.0;730.52;59.0;2.92;92.15;0.21;
2022-12-11 10:00:00;339.0;812.91;63.0;5.83;68.2;0.0;
2022-12-11 11:00:00;364.0;800.84;71.0;7.03;63.5;0.07;
2022-12-11 12:00:00;344.0;786.71;70.0;7.69;63.6;0.55;
2022-12-11 13:00:00;274.0;736.17;62.0;8.13;61.3;0.9;
2022-12-11 14:00:00;161.0;592.45;49.0;8.05;63.7;0.9;
2022-12-11 15:00:00;35.0;343.42;15.0;7.35;68.5;1.17;
2022-12-11 16:00:00;0.0;0.0;0.0;5.3;82.4;1.17;
2022-12-11 17:00:00;0.0;0.0;0.0;3.93;85.45;1.17;
2022-12-11 18:00:00;0.0;0.0;0.0;2.22;88.65;1.31;
2022-12-11 19:00:00;0.0;0.0;0.0;1.24;88.55;1.31;
2022-12-11 20:00:00;0.0;0.0;0.0;0.96;85.2;1.17;
2022-12-11 21:00:00;0.0;0.0;0.0;0.76;88.5;1.03;
2022-12-11 22:00:00;0.0;0.0;0.0;0.31;88.45;1.03;
2022-12-11 23:00:00;0.0;0.0;0.0;0.41;85.15;0.83;
2022-12-12 00:00:00;0.0;0.0;0.0;0.28;85.1;0.55;
2022-12-12 01:00:00;0.0;0.0;0.0;0.39;85.1;0.28;
2022-12-12 02:00:00;0.0;0.0;0.0;0.42;81.9;0.14;
2022-12-12 03:00:00;0.0;0.0;0.0;0.22;85.1;0.48;
2022-12-12 04:00:00;0.0;0.0;0.0;-0.09;88.45;0.48;
2022-12-12 05:00:00;0.0;0.0;0.0;-0.2;88.45;0.28;
2022-12-12 06:00:00;0.0;0.0;0.0;-0.37;88.45;0.83;
2022-12-12 07:00:00;5.0;0.0;5.0;-0.3;88.45;0.48;
2022-12-12 08:00:00;142.0;650.28;36.0;0.44;88.5;0.48;
2022-12-12 09:00:00;217.0;430.99;101.0;2.55;88.65;0.48;
2022-12-12 10:00:00;336.0;810.93;62.0;5.71;70.85;0.83;
2022-12-12 11:00:00;53.0;0.0;53.0;6.98;63.5;1.03;
2022-12-12 12:00:00;121.0;2.88;120.0;7.6;63.6;0.9;
2022-12-12 13:00:00;113.0;13.92;109.0;7.69;63.6;0.83;
2022-12-12 14:00:00;40.0;0.0;40.0;7.46;71.15;0.62;
2022-12-12 15:00:00;33.0;274.98;17.0;7.01;76.7;0.55;
2022-12-12 16:00:00;0.0;0.0;0.0;6.98;71.15;0.34;
2022-12-12 17:00:00;0.0;0.0;0.0;6.9;73.8;0.21;
2022-12-12 18:00:00;0.0;0.0;0.0;6.8;73.8;0.41;
2022-12-12 19:00:00;0.0;0.0;0.0;6.43;73.7;0.14;
2022-12-12 20:00:00;0.0;0.0;0.0;6.25;73.7;0.21;
2022-12-12 21:00:00;0.0;0.0;0.0;6.21;73.7;0.34;
2022-12-12 22:00:00;0.0;0.0;0.0;6.2;73.7;0.48;
2022-12-12 23:00:00;0.0;0.0;0.0;6.35;73.7;0.34;
2022-12-13 00:00:00;0.0;0.0;0.0;6.32;76.55;0.28;
2022-12-13 01:00:00;0.0;0.0;0.0;6.19;73.7;0.28;
2022-12-13 02:00:00;0.0;0.0;0.0;6.06;76.55;0.28;
2022-12-13 03:00:00;0.0;0.0;0.0;5.97;76.55;0.41;
2022-12-13 04:00:00;0.0;0.0;0.0;5.7;79.4;0.55;
2022-12-13 05:00:00;0.0;0.0;0.0;5.51;82.5;0.69;
2022-12-13 06:00:00;0.0;0.0;0.0;5.86;82.5;0.55;
2022-12-13 07:00:00;3.0;0.0;3.0;6.41;79.5;0.34;
2022-12-13 08:00:00;39.0;0.0;39.0;6.41;82.55;0.14;
2022-12-13 09:00:00;64.0;0.0;64.0;6.68;79.55;0.07;
2022-12-13 10:00:00;63.0;0.0;63.0;6.93;85.75;0.28;
2022-12-13 11:00:00;38.0;0.0;38.0;7.42;79.65;0.55;
2022-12-13 12:00:00;75.0;0.0;75.0;7.64;79.7;0.55;
2022-12-13 13:00:00;70.0;0.0;70.0;7.97;79.7;0.55;
2022-12-13 14:00:00;48.0;0.0;48.0;7.96;82.7;0.55;
2022-12-13 15:00:00;19.0;34.33;17.0;7.81;82.7;0.55;
2022-12-13 16:00:00;0.0;0.0;0.0;7.26;89.0;0.69;
2022-12-13 17:00:00;0.0;0.0;0.0;6.9;92.35;0.55;
2022-12-13 18:00:00;0.0;0.0;0.0;7.03;85.8;0.41;
2022-12-13 19:00:00;0.0;0.0;0.0;6.98;82.65;0.21;
2022-12-13 20:00:00;0.0;0.0;0.0;7.07;82.65;0.21;
2022-12-13 21:00:00;0.0;0.0;0.0;7.16;82.65;0.21;
2022-12-13 22:00:00;0.0;0.0;0.0;7.08;82.65;0.55;
2022-12-13 23:00:00;0.0;0.0;0.0;6.61;85.75;0.83;
2022-12-14 00:00:00;0.0;0.0;0.0;6.61;85.75;0.83;
2022-12-14 01:00:00;0.0;0.0;0.0;6.74;85.75;0.76;
2022-12-14 02:00:00;0.0;0.0;0.0;7.07;82.65;0.62;
2022-12-14 03:00:00;0.0;0.0;0.0;7.03;85.8;0.62;
2022-12-14 04:00:00;0.0;0.0;0.0;6.91;89.0;0.69;
2022-12-14 05:00:00;0.0;0.0;0.0;6.95;89.0;0.69;
2022-12-14 06:00:00;0.0;0.0;0.0;7.28;85.8;0.55;
2022-12-14 07:00:00;0.0;0.0;0.0;7.41;82.65;0.14;
2022-12-14 08:00:00;49.0;6.28;48.0;7.39;85.8;0.14;
2022-12-14 09:00:00;49.0;0.0;49.0;7.5;85.85;0.41;
2022-12-14 10:00:00;28.0;0.0;28.0;7.67;89.05;0.55;
2022-12-14 11:00:00;65.0;0.0;65.0;8.22;85.9;0.62;
2022-12-14 12:00:00;121.0;5.79;119.0;8.5;82.85;0.62;
2022-12-14 13:00:00;139.0;52.38;124.0;8.51;82.85;0.62;
2022-12-14 14:00:00;42.0;0.0;42.0;8.44;89.1;0.55;
2022-12-14 15:00:00;16.0;17.11;15.0;8.43;89.1;0.48;
2022-12-14 16:00:00;0.0;0.0;0.0;8.0;92.4;0.69;
2022-12-14 17:00:00;0.0;0.0;0.0;7.68;92.4;0.76;
2022-12-14 18:00:00;0.0;0.0;0.0;7.41;95.8;0.76;
2022-12-14 19:00:00;0.0;0.0;0.0;7.46;92.35;0.14;
2022-12-14 20:00:00;0.0;0.0;0.0;7.52;89.05;0.14;
2022-12-14 21:00:00;0.0;0.0;0.0;7.48;89.05;0.41;
2022-12-14 22:00:00;0.0;0.0;0.0;6.92;95.8;0.83;
2022-12-14 23:00:00;0.0;0.0;0.0;6.65;92.35;0.9;
2022-12-15 00:00:00;0.0;0.0;0.0;7.0;89.0;0.76;
2022-12-15 01:00:00;0.0;0.0;0.0;7.22;92.35;0.69;
2022-12-15 02:00:00;0.0;0.0;0.0;7.58;89.05;0.55;
2022-12-15 03:00:00;0.0;0.0;0.0;7.62;89.05;0.48;
2022-12-15 04:00:00;0.0;0.0;0.0;7.67;89.05;0.55;
2022-12-15 05:00:00;0.0;0.0;0.0;7.68;89.05;0.55;
2022-12-15 06:00:00;0.0;0.0;0.0;7.61;89.05;0.62;
2022-12-15 07:00:00;0.0;0.0;0.0;7.47;89.0;0.21;
2022-12-15 08:00:00;60.0;25.42;56.0;7.61;85.85;0.14;
2022-12-15 09:00:00;145.0;98.44;119.0;8.28;85.9;0.34;
2022-12-15 10:00:00;150.0;32.97;139.0;8.6;85.95;0.55;
2022-12-15 11:00:00;52.0;0.0;52.0;9.0;82.9;0.76;
2022-12-15 12:00:00;53.0;0.0;53.0;9.09;82.9;0.9;
2022-12-15 13:00:00;72.0;0.0;72.0;9.37;85.95;0.83;
2022-12-15 14:00:00;50.0;0.0;50.0;9.41;85.95;0.69;
2022-12-15 15:00:00;21.0;51.09;18.0;9.22;85.95;0.62;
2022-12-15 16:00:00;0.0;0.0;0.0;8.69;89.1;1.03;
2022-12-15 17:00:00;0.0;0.0;0.0;7.6;95.8;1.1;
2022-12-15 18:00:00;0.0;0.0;0.0;7.64;92.4;0.48;
2022-12-15 19:00:00;0.0;0.0;0.0;7.37;95.8;0.62;
2022-12-15 20:00:00;0.0;0.0;0.0;7.39;95.8;0.55;
2022-12-15 21:00:00;0.0;0.0;0.0;7.32;95.8;0.55;
2022-12-15 22:00:00;0.0;0.0;0.0;7.27;95.8;0.55;
2022-12-15 23:00:00;0.0;0.0;0.0;7.18;95.8;0.83;
2022-12-16 00:00:00;0.0;0.0;0.0;7.28;95.8;1.03;
2022-12-16 01:00:00;0.0;0.0;0.0;7.25;95.8;0.97;
2022-12-16 02:00:00;0.0;0.0;0.0;7.28;95.8;1.03;
2022-12-16 03:00:00;0.0;0.0;0.0;7.34;95.8;1.17;
2022-12-16 04:00:00;0.0;0.0;0.0;7.4;95.8;1.1;
2022-12-16 05:00:00;0.0;0.0;0.0;7.45;95.8;1.1;
2022-12-16 06:00:00;0.0;0.0;0.0;7.52;92.4;1.03;
2022-12-16 07:00:00;0.0;0.0;0.0;7.78;92.4;1.1;
2022-12-16 08:00:00;88.0;154.13;64.0;7.88;95.8;1.03;
2022-12-16 09:00:00;73.0;0.0;73.0;8.42;95.85;0.76;
2022-12-16 10:00:00;92.0;0.0;92.0;8.96;92.45;0.83;
2022-12-16 11:00:00;64.0;0.0;64.0;9.4;89.15;0.97;
2022-12-16 12:00:00;155.0;29.02;145.0;9.37;89.15;1.1;
2022-12-16 13:00:00;155.0;90.93;129.0;9.58;89.15;0.97;
2022-12-16 14:00:00;17.0;0.0;17.0;9.38;89.15;1.1;
2022-12-16 15:00:00;8.0;0.0;8.0;9.25;89.15;1.03;
2022-12-16 16:00:00;0.0;0.0;0.0;8.89;92.45;1.1;
2022-12-16 17:00:00;0.0;0.0;0.0;8.49;89.1;1.1;
2022-12-16 18:00:00;0.0;0.0;0.0;7.78;92.4;1.31;
2022-12-16 19:00:00;0.0;0.0;0.0;6.46;92.35;1.1;
2022-12-16 20:00:00;0.0;0.0;0.0;5.87;95.75;1.31;
2022-12-16 21:00:00;0.0;0.0;0.0;5.41;95.75;1.1;
2022-12-16 22:00:00;0.0;0.0;0.0;4.57;95.75;0.97;
2022-12-16 23:00:00;0.0;0.0;0.0;3.73;95.7;1.03;
2022-12-17 00:00:00;0.0;0.0;0.0;2.93;99.4;1.03;
2022-12-17 01:00:00;0.0;0.0;0.0;2.28;100.0;1.1;
2022-12-17 02:00:00;0.0;0.0;0.0;2.08;99.4;1.03;
2022-12-17 03:00:00;0.0;0.0;0.0;1.28;100.0;1.03;
2022-12-17 04:00:00;0.0;0.0;0.0;0.95;99.35;1.03;
2022-12-17 05:00:00;0.0;0.0;0.0;0.91;99.35;0.9;
2022-12-17 06:00:00;0.0;0.0;0.0;1.01;99.35;0.76;
2022-12-17 07:00:00;0.0;0.0;0.0;2.39;99.4;0.62;
2022-12-17 08:00:00;60.0;25.95;56.0;3.55;95.7;0.48;
2022-12-17 09:00:00;135.0;68.87;117.0;5.37;95.75;0.48;
2022-12-17 10:00:00;189.0;99.56;156.0;6.92;89.0;0.48;
2022-12-17 11:00:00;201.0;86.18;170.0;8.09;76.85;0.55;
2022-12-17 12:00:00;157.0;31.96;146.0;8.66;74.15;0.69;
2022-12-17 13:00:00;109.0;10.49;106.0;8.8;76.95;0.76;
2022-12-17 14:00:00;66.0;10.59;64.0;9.0;74.2;0.62;
2022-12-17 15:00:00;21.0;50.29;18.0;8.5;82.85;0.62;
2022-12-17 16:00:00;0.0;0.0;0.0;8.09;82.75;0.55;
2022-12-17 17:00:00;0.0;0.0;0.0;7.9;85.85;0.55;
2022-12-17 18:00:00;0.0;0.0;0.0;6.76;89.0;0.97;
2022-12-17 19:00:00;0.0;0.0;0.0;6.12;88.95;1.31;
2022-12-17 20:00:00;0.0;0.0;0.0;5.23;92.25;1.59;
2022-12-17 21:00:00;0.0;0.0;0.0;3.76;95.7;1.66;
2022-12-17 22:00:00;0.0;0.0;0.0;2.55;99.4;1.38;
2022-12-17 23:00:00;0.0;0.0;0.0;1.7;99.4;1.24;
2022-12-18 00:00:00;0.0;0.0;0.0;1.4;99.35;1.17;
2022-12-18 01:00:00;0.0;0.0;0.0;0.98;95.65;1.17;
2022-12-18 02:00:00;0.0;0.0;0.0;0.85;99.4;1.1;
2022-12-18 03:00:00;0.0;0.0;0.0;0.72;99.4;1.03;
2022-12-18 04:00:00;0.0;0.0;0.0;0.25;99.4;0.97;
2022-12-18 05:00:00;0.0;0.0;0.0;-0.09;99.4;0.97;
2022-12-18 06:00:00;0.0;0.0;0.0;-0.29;99.4;0.97;
2022-12-18 07:00:00;0.0;0.0;0.0;0.2;99.4;0.83;
2022-12-18 08:00:00;79.0;104.78;63.0;1.82;99.4;0.55;
2022-12-18 09:00:00;113.0;30.75;105.0;3.99;92.2;0.21;
2022-12-18 10:00:00;206.0;148.24;157.0;6.33;88.95;0.07;
2022-12-18 11:00:00;236.0;181.0;171.0;7.63;79.7;0.28;
2022-12-18 12:00:00;205.0;122.12;163.0;8.6;76.95;0.34;
2022-12-18 13:00:00;168.0;125.89;132.0;9.37;74.2;0.48;
2022-12-18 14:00:00;166.0;665.88;40.0;9.58;74.2;0.55;
2022-12-18 15:00:00;34.0;265.41;18.0;9.14;74.2;0.83;
2022-12-18 16:00:00;0.0;0.0;0.0;8.01;85.9;0.83;
2022-12-18 17:00:00;0.0;0.0;0.0;7.59;82.7;0.76;
2022-12-18 18:00:00;0.0;0.0;0.0;7.41;82.65;0.62;
2022-12-18 19:00:00;0.0;0.0;0.0;7.1;85.8;0.34;
2022-12-18 20:00:00;0.0;0.0;0.0;5.99;88.95;0.28;
2022-12-18 21:00:00;0.0;0.0;0.0;4.93;95.75;0.69;
2022-12-18 22:00:00;0.0;0.0;0.0;4.03;92.2;0.62;
2022-12-18 23:00:00;0.0;0.0;0.0;3.46;95.7;0.69;
2022-12-19 00:00:00;0.0;0.0;0.0;2.67;99.4;0.9;
2022-12-19 01:00:00;0.0;0.0;0.0;2.12;99.4;0.97;
2022-12-19 02:00:00;0.0;0.0;0.0;1.81;99.4;0.97;
2022-12-19 03:00:00;0.0;0.0;0.0;1.68;99.4;0.9;
2022-12-19 04:00:00;0.0;0.0;0.0;1.66;99.4;0.76;
2022-12-19 05:00:00;0.0;0.0;0.0;1.69;95.65;0.76;
2022-12-19 06:00:00;0.0;0.0;0.0;1.62;95.65;0.69;
2022-12-19 07:00:00;0.0;0.0;0.0;2.04;99.4;0.83;
2022-12-19 08:00:00;122.0;548.34;39.0;3.57;92.15;0.62;
2022-12-19 09:00:00;232.0;636.96;67.0;5.24;92.25;0.41;
2022-12-19 10:00:00;322.0;782.43;64.0;8.19;82.75;0.41;
2022-12-19 11:00:00;355.0;805.81;66.0;9.7;79.9;0.62;
2022-12-19 12:00:00;337.0;794.1;64.0;10.55;77.15;0.97;
2022-12-19 13:00:00;279.0;800.23;50.0;10.87;77.15;1.31;
2022-12-19 14:00:00;159.0;579.78;49.0;10.69;80.05;1.31;
2022-12-19 15:00:00;38.0;376.87;15.0;9.8;85.95;1.38;
2022-12-19 16:00:00;0.0;0.0;0.0;8.24;89.1;1.31;
2022-12-19 17:00:00;0.0;0.0;0.0;6.67;92.35;1.17;
2022-12-19 18:00:00;0.0;0.0;0.0;5.96;92.3;1.24;
2022-12-19 19:00:00;0.0;0.0;0.0;4.89;95.75;1.93;
2022-12-19 20:00:00;0.0;0.0;0.0;3.98;95.75;1.79;
2022-12-19 21:00:00;0.0;0.0;0.0;3.46;95.7;1.45;
2022-12-19 22:00:00;0.0;0.0;0.0;2.7;100.0;1.38;
2022-12-19 23:00:00;0.0;0.0;0.0;2.75;100.0;1.1;
2022-12-20 00:00:00;0.0;0.0;0.0;2.01;99.4;1.38;
2022-12-20 01:00:00;0.0;0.0;0.0;2.28;100.0;1.38;
2022-12-20 02:00:00;0.0;0.0;0.0;2.37;100.0;1.45;
2022-12-20 03:00:00;0.0;0.0;0.0;2.24;99.4;1.38;
2022-12-20 04:00:00;0.0;0.0;0.0;2.66;99.4;1.38;
2022-12-20 05:00:00;0.0;0.0;0.0;2.62;99.4;1.31;
2022-12-20 06:00:00;0.0;0.0;0.0;2.77;99.4;1.17;
2022-12-20 07:00:00;0.0;0.0;0.0;2.46;95.7;1.03;
2022-12-20 08:00:00;70.0;66.61;60.0;3.7;95.7;0.83;
2022-12-20 09:00:00;101.0;15.5;97.0;6.03;88.95;0.76;
2022-12-20 10:00:00;94.0;0.0;94.0;8.13;85.9;1.1;
2022-12-20 11:00:00;102.0;0.0;102.0;9.81;82.9;1.59;
2022-12-20 12:00:00;121.0;2.91;120.0;10.56;80.05;1.93;
2022-12-20 13:00:00;95.0;3.49;94.0;11.21;80.1;1.66;
2022-12-20 14:00:00;59.0;5.25;58.0;11.24;83.05;1.52;
2022-12-20 15:00:00;19.0;16.16;18.0;10.43;89.2;1.38;
2022-12-20 16:00:00;0.0;0.0;0.0;8.39;95.85;1.1;
2022-12-20 17:00:00;0.0;0.0;0.0;7.71;92.4;0.83;
2022-12-20 18:00:00;0.0;0.0;0.0;6.3;92.3;1.03;
2022-12-20 19:00:00;0.0;0.0;0.0;4.26;95.75;1.1;
2022-12-20 20:00:00;0.0;0.0;0.0;3.45;95.7;1.31;
2022-12-20 21:00:00;0.0;0.0;0.0;2.62;99.4;1.72;
2022-12-20 22:00:00;0.0;0.0;0.0;2.6;95.7;1.93;
2022-12-20 23:00:00;0.0;0.0;0.0;2.68;95.7;2.14;
2022-12-21 00:00:00;0.0;0.0;0.0;2.63;92.15;2.41;
2022-12-21 01:00:00;0.0;0.0;0.0;2.86;88.65;2.69;
2022-12-21 02:00:00;0.0;0.0;0.0;3.19;85.4;2.55;
2022-12-21 03:00:00;0.0;0.0;0.0;3.34;79.1;2.41;
2022-12-21 04:00:00;0.0;0.0;0.0;3.29;70.4;2.28;
2022-12-21 05:00:00;0.0;0.0;0.0;3.45;65.2;1.79;
2022-12-21 06:00:00;0.0;0.0;0.0;5.2;53.9;0.9;
2022-12-21 07:00:00;0.0;0.0;0.0;4.39;67.9;1.1;
2022-12-21 08:00:00;67.0;53.68;59.0;3.92;76.15;1.24;
2022-12-21 09:00:00;110.0;23.33;104.0;5.51;79.4;0.83;
2022-12-21 10:00:00;126.0;9.13;123.0;7.71;71.25;0.69;
2022-12-21 11:00:00;158.0;22.34;150.0;8.68;66.25;0.76;
2022-12-21 12:00:00;267.0;340.21;150.0;9.27;63.9;0.83;
2022-12-21 13:00:00;268.0;697.0;68.0;9.56;66.35;0.62;
2022-12-21 14:00:00;128.0;251.2;80.0;9.61;63.9;0.55;
2022-12-21 15:00:00;10.0;0.0;10.0;8.83;71.4;1.17;
2022-12-21 16:00:00;0.0;0.0;0.0;7.54;79.7;1.1;
2022-12-21 17:00:00;0.0;0.0;0.0;7.08;79.65;0.76;
2022-12-21 18:00:00;0.0;0.0;0.0;6.47;79.55;0.62;
2022-12-21 19:00:00;0.0;0.0;0.0;7.43;79.65;0.28;
2022-12-21 20:00:00;0.0;0.0;0.0;6.82;79.55;0.69;
2022-12-21 21:00:00;0.0;0.0;0.0;5.81;82.5;1.03;
2022-12-21 22:00:00;0.0;0.0;0.0;3.77;92.15;1.31;
2022-12-21 23:00:00;0.0;0.0;0.0;1.91;99.4;1.59;
2022-12-22 00:00:00;0.0;0.0;0.0;0.94;99.35;1.38;
2022-12-22 01:00:00;0.0;0.0;0.0;0.64;100.0;0.97;
2022-12-22 02:00:00;0.0;0.0;0.0;1.12;99.35;0.69;
2022-12-22 03:00:00;0.0;0.0;0.0;0.81;99.4;0.76;
2022-12-22 04:00:00;0.0;0.0;0.0;-0.34;99.4;0.9;
2022-12-22 05:00:00;0.0;0.0;0.0;-0.77;99.4;1.03;
2022-12-22 06:00:00;0.0;0.0;0.0;-0.84;99.4;1.1;
2022-12-22 07:00:00;0.0;0.0;0.0;0.58;95.65;1.1;
2022-12-22 08:00:00;84.0;141.88;63.0;1.44;92.05;0.9;
2022-12-22 09:00:00;158.0;152.07;119.0;3.33;88.7;0.76;
2022-12-22 10:00:00;299.0;603.52;101.0;5.16;85.6;0.83;
2022-12-22 11:00:00;352.0;768.19;77.0;6.91;73.8;1.03;
2022-12-22 12:00:00;354.0;874.61;53.0;8.25;68.7;1.1;
2022-12-22 13:00:00;269.0;699.09;68.0;9.3;63.9;1.24;
2022-12-22 14:00:00;111.0;140.67;84.0;9.44;66.35;1.17;
2022-12-22 15:00:00;10.0;0.0;10.0;8.58;68.8;1.31;
2022-12-22 16:00:00;0.0;0.0;0.0;6.71;79.55;1.52;
2022-12-22 17:00:00;0.0;0.0;0.0;4.84;88.85;1.38;
2022-12-22 18:00:00;0.0;0.0;0.0;3.51;88.75;1.31;
2022-12-22 19:00:00;0.0;0.0;0.0;2.17;95.65;1.45;
2022-12-22 20:00:00;0.0;0.0;0.0;1.78;95.65;1.31;
2022-12-22 21:00:00;0.0;0.0;0.0;1.0;95.65;1.24;
2022-12-22 22:00:00;0.0;0.0;0.0;0.66;99.4;1.17;
2022-12-22 23:00:00;0.0;0.0;0.0;0.32;99.4;1.38;
2022-12-23 00:00:00;0.0;0.0;0.0;0.16;99.4;1.59;
2022-12-23 01:00:00;0.0;0.0;0.0;0.4;99.4;1.72;
2022-12-23 02:00:00;0.0;0.0;0.0;0.36;99.4;1.72;
2022-12-23 03:00:00;0.0;0.0;0.0;-0.01;95.6;1.72;
2022-12-23 04:00:00;0.0;0.0;0.0;0.1;95.6;1.59;
2022-12-23 05:00:00;0.0;0.0;0.0;-0.14;99.4;1.45;
2022-12-23 06:00:00;0.0;0.0;0.0;0.1;99.4;1.38;
2022-12-23 07:00:00;0.0;0.0;0.0;0.79;99.4;1.79;
2022-12-23 08:00:00;79.0;115.55;62.0;2.04;99.4;1.52;
2022-12-23 09:00:00;141.0;93.81;117.0;4.46;92.25;1.38;
2022-12-23 10:00:00;166.0;51.87;149.0;7.84;82.7;1.52;
2022-12-23 11:00:00;209.0;100.55;173.0;9.05;77.0;1.72;
2022-12-23 12:00:00;226.0;174.15;166.0;9.99;79.9;1.86;
2022-12-23 13:00:00;191.0;197.77;134.0;10.4;79.95;1.72;
2022-12-23 14:00:00;94.0;62.2;82.0;10.37;82.95;1.38;
2022-12-23 15:00:00;23.0;46.06;20.0;9.64;82.9;1.1;
2022-12-23 16:00:00;0.0;0.0;0.0;7.8;89.05;1.17;
2022-12-23 17:00:00;0.0;0.0;0.0;6.15;88.95;1.38;
2022-12-23 18:00:00;0.0;0.0;0.0;4.71;92.25;1.45;
2022-12-23 19:00:00;0.0;0.0;0.0;2.56;99.4;1.86;
2022-12-23 20:00:00;0.0;0.0;0.0;1.95;99.4;1.66;
2022-12-23 21:00:00;0.0;0.0;0.0;2.23;99.4;1.31;
2022-12-23 22:00:00;0.0;0.0;0.0;2.19;99.4;1.17;
2022-12-23 23:00:00;0.0;0.0;0.0;1.5;99.4;1.31;
2022-12-24 00:00:00;0.0;0.0;0.0;1.81;99.4;1.24;
2022-12-24 01:00:00;0.0;0.0;0.0;1.84;99.4;1.17;
2022-12-24 02:00:00;0.0;0.0;0.0;2.16;99.4;1.1;
2022-12-24 03:00:00;0.0;0.0;0.0;2.38;99.4;1.1;
2022-12-24 04:00:00;0.0;0.0;0.0;2.26;99.4;1.03;
2022-12-24 05:00:00;0.0;0.0;0.0;2.41;99.4;0.9;
2022-12-24 06:00:00;0.0;0.0;0.0;2.43;95.7;0.69;
2022-12-24 07:00:00;0.0;0.0;0.0;2.26;95.65;1.17;
2022-12-24 08:00:00;37.0;0.0;37.0;2.71;95.7;0.83;
2022-12-24 09:00:00;72.0;0.0;72.0;5.32;85.6;0.55;
2022-12-24 10:00:00;58.0;0.0;58.0;6.89;82.6;0.48;
2022-12-24 11:00:00;77.0;0.0;77.0;8.07;74.05;0.76;
2022-12-24 12:00:00;74.0;0.0;74.0;8.62;74.15;0.97;
2022-12-24 13:00:00;128.0;31.14;119.0;8.97;76.95;1.03;
2022-12-24 14:00:00;42.0;0.0;42.0;8.89;79.85;0.9;
2022-12-24 15:00:00;4.0;0.0;4.0;8.54;79.85;1.03;
2022-12-24 16:00:00;0.0;0.0;0.0;7.41;85.8;1.24;
2022-12-24 17:00:00;0.0;0.0;0.0;6.35;92.3;1.52;
2022-12-24 18:00:00;0.0;0.0;0.0;5.64;88.9;1.59;
2022-12-24 19:00:00;0.0;0.0;0.0;3.92;92.15;1.72;
2022-12-24 20:00:00;0.0;0.0;0.0;3.06;95.7;1.38;
2022-12-24 21:00:00;0.0;0.0;0.0;2.83;95.7;1.24;
2022-12-24 22:00:00;0.0;0.0;0.0;2.21;99.4;1.31;
2022-12-24 23:00:00;0.0;0.0;0.0;1.49;95.65;1.45;
2022-12-25 00:00:00;0.0;0.0;0.0;1.59;95.65;1.24;
2022-12-25 01:00:00;0.0;0.0;0.0;1.37;99.35;1.24;
2022-12-25 02:00:00;0.0;0.0;0.0;1.34;99.35;1.17;
2022-12-25 03:00:00;0.0;0.0;0.0;0.76;99.4;1.17;
2022-12-25 04:00:00;0.0;0.0;0.0;0.78;99.4;0.97;
2022-12-25 05:00:00;0.0;0.0;0.0;1.1;95.65;0.83;
2022-12-25 06:00:00;0.0;0.0;0.0;1.14;95.65;0.76;
2022-12-25 07:00:00;0.0;0.0;0.0;0.19;99.4;1.45;
2022-12-25 08:00:00;117.0;542.25;38.0;1.22;95.65;0.9;
2022-12-25 09:00:00;241.0;745.25;51.0;4.07;88.8;0.69;
2022-12-25 10:00:00;317.0;763.32;67.0;6.34;82.55;0.69;
2022-12-25 11:00:00;350.0;775.56;72.0;8.04;74.05;0.76;
2022-12-25 12:00:00;330.0;726.18;79.0;8.97;74.15;0.97;
2022-12-25 13:00:00;268.0;693.19;67.0;9.31;74.2;1.17;
2022-12-25 14:00:00;152.0;440.56;66.0;9.35;77.0;1.31;
2022-12-25 15:00:00;42.0;368.57;17.0;8.63;79.85;1.31;
2022-12-25 16:00:00;0.0;0.0;0.0;7.12;89.0;1.45;
2022-12-25 17:00:00;0.0;0.0;0.0;5.23;92.25;1.38;
2022-12-25 18:00:00;0.0;0.0;0.0;4.55;92.25;0.97;
2022-12-25 19:00:00;0.0;0.0;0.0;4.91;95.75;0.9;
2022-12-25 20:00:00;0.0;0.0;0.0;2.74;99.4;0.9;
2022-12-25 21:00:00;0.0;0.0;0.0;1.55;99.4;0.83;
2022-12-25 22:00:00;0.0;0.0;0.0;1.9;99.4;1.03;
2022-12-25 23:00:00;0.0;0.0;0.0;2.31;92.1;1.31;
2022-12-26 00:00:00;0.0;0.0;0.0;2.68;82.15;1.59;
2022-12-26 01:00:00;0.0;0.0;0.0;2.9;79.0;1.72;
2022-12-26 02:00:00;0.0;0.0;0.0;3.28;73.2;1.52;
2022-12-26 03:00:00;0.0;0.0;0.0;3.6;67.8;1.24;
2022-12-26 04:00:00;0.0;0.0;0.0;3.04;67.7;1.38;
2022-12-26 05:00:00;0.0;0.0;0.0;2.07;70.2;1.72;
2022-12-26 06:00:00;0.0;0.0;0.0;1.27;70.05;2.21;
2022-12-26 07:00:00;0.0;0.0;0.0;0.43;59.6;2.76;
2022-12-26 08:00:00;121.0;571.85;38.0;0.68;67.2;2.21;
2022-12-26 09:00:00;241.0;702.82;62.0;3.63;65.2;1.38;
2022-12-26 10:00:00;320.0;732.64;80.0;6.43;56.3;0.76;
2022-12-26 11:00:00;369.0;841.56;67.0;7.78;50.45;0.41;
2022-12-26 12:00:00;352.0;819.89;68.0;8.52;46.95;0.21;
2022-12-26 13:00:00;283.0;745.66;66.0;8.85;46.95;0.48;
2022-12-26 14:00:00;172.0;600.44;54.0;8.79;48.8;0.97;
2022-12-26 15:00:00;45.0;374.95;19.0;7.6;56.7;1.38;
2022-12-26 16:00:00;0.0;0.0;0.0;5.0;65.55;1.45;
2022-12-26 17:00:00;0.0;0.0;0.0;2.8;73.1;1.38;
2022-12-26 18:00:00;0.0;0.0;0.0;1.11;75.75;1.52;
2022-12-26 19:00:00;0.0;0.0;0.0;0.06;72.65;2.14;
2022-12-26 20:00:00;0.0;0.0;0.0;-0.69;72.5;2.21;
2022-12-26 21:00:00;0.0;0.0;0.0;-1.07;66.9;2.14;
2022-12-26 22:00:00;0.0;0.0;0.0;-0.7;64.25;1.72;
2022-12-26 23:00:00;0.0;0.0;0.0;1.5;50.9;0.97;
2022-12-27 00:00:00;0.0;0.0;0.0;1.18;55.05;0.48;
2022-12-27 01:00:00;0.0;0.0;0.0;0.76;57.2;0.41;
2022-12-27 02:00:00;0.0;0.0;0.0;0.57;59.6;0.62;
2022-12-27 03:00:00;0.0;0.0;0.0;-1.25;66.9;1.24;
2022-12-27 04:00:00;0.0;0.0;0.0;-1.78;72.4;1.45;
2022-12-27 05:00:00;0.0;0.0;0.0;-1.6;72.5;1.38;
2022-12-27 06:00:00;0.0;0.0;0.0;-1.43;78.5;1.38;
2022-12-27 07:00:00;0.0;0.0;0.0;-0.95;78.5;1.72;
2022-12-27 08:00:00;35.0;0.0;35.0;0.28;85.1;1.86;
2022-12-27 09:00:00;41.0;0.0;41.0;1.65;85.25;1.86;
2022-12-27 10:00:00;56.0;0.0;56.0;2.26;85.3;1.72;
2022-12-27 11:00:00;47.0;0.0;47.0;2.15;88.65;2.07;
2022-12-27 12:00:00;47.0;0.0;47.0;1.48;95.65;1.66;
2022-12-27 13:00:00;28.0;0.0;28.0;1.34;99.35;1.38;
2022-12-27 14:00:00;23.0;0.0;23.0;1.29;99.35;1.17;
2022-12-27 15:00:00;7.0;0.0;7.0;1.11;99.35;0.34;
2022-12-27 16:00:00;0.0;0.0;0.0;0.89;99.4;0.76;
2022-12-27 17:00:00;0.0;0.0;0.0;0.78;99.4;0.41;
2022-12-27 18:00:00;0.0;0.0;0.0;0.56;99.4;0.62;
2022-12-27 19:00:00;0.0;0.0;0.0;0.59;95.65;0.55;
2022-12-27 20:00:00;0.0;0.0;0.0;0.58;95.65;0.48;
2022-12-27 21:00:00;0.0;0.0;0.0;0.1;95.6;0.69;
2022-12-27 22:00:00;0.0;0.0;0.0;-1.05;95.6;1.59;
2022-12-27 23:00:00;0.0;0.0;0.0;-1.3;91.95;1.86;
2022-12-28 00:00:00;0.0;0.0;0.0;-1.31;91.95;2.07;
2022-12-28 01:00:00;0.0;0.0;0.0;-1.19;91.95;2.07;
2022-12-28 02:00:00;0.0;0.0;0.0;-1.25;91.95;2.0;
2022-12-28 03:00:00;0.0;0.0;0.0;-1.37;88.4;2.0;
2022-12-28 04:00:00;0.0;0.0;0.0;-1.52;88.4;1.86;
2022-12-28 05:00:00;0.0;0.0;0.0;-2.32;91.85;1.66;
2022-12-28 06:00:00;0.0;0.0;0.0;-2.32;88.3;1.31;
2022-12-28 07:00:00;0.0;0.0;0.0;-2.2;88.3;1.38;
2022-12-28 08:00:00;123.0;609.41;35.0;-1.5;85.0;1.17;
2022-12-28 09:00:00;221.0;542.18;83.0;-0.11;91.95;1.31;
2022-12-28 10:00:00;249.0;307.85;148.0;3.19;79.1;1.66;
2022-12-28 11:00:00;259.0;238.86;173.0;5.07;68.1;1.86;
2022-12-28 12:00:00;314.0;565.69;117.0;6.5;56.45;1.79;
2022-12-28 13:00:00;272.0;650.79;81.0;7.47;52.35;1.59;
2022-12-28 14:00:00;160.0;461.16;68.0;7.2;63.5;0.97;
2022-12-28 15:00:00;49.0;426.5;18.0;6.44;58.55;0.76;
2022-12-28 16:00:00;0.0;0.0;0.0;5.21;56.05;0.62;
2022-12-28 17:00:00;0.0;0.0;0.0;3.78;60.3;0.69;
2022-12-28 18:00:00;0.0;0.0;0.0;2.68;65.0;1.03;
2022-12-28 19:00:00;0.0;0.0;0.0;0.14;72.65;1.79;
2022-12-28 20:00:00;0.0;0.0;0.0;-0.81;78.5;1.93;
2022-12-28 21:00:00;0.0;0.0;0.0;-0.93;78.5;1.86;
2022-12-28 22:00:00;0.0;0.0;0.0;-1.2;78.5;1.79;
2022-12-28 23:00:00;0.0;0.0;0.0;-1.76;75.35;2.07;
2022-12-29 00:00:00;0.0;0.0;0.0;-1.94;69.55;2.14;
2022-12-29 01:00:00;0.0;0.0;0.0;-1.85;64.1;2.28;
2022-12-29 02:00:00;0.0;0.0;0.0;-1.89;54.4;2.55;
2022-12-29 03:00:00;0.0;0.0;0.0;-2.19;49.95;2.69;
2022-12-29 04:00:00;0.0;0.0;0.0;-2.53;45.9;2.76;
2022-12-29 05:00:00;0.0;0.0;0.0;-3.01;43.85;2.55;
2022-12-29 06:00:00;0.0;0.0;0.0;-3.75;47.45;2.28;
2022-12-29 07:00:00;0.0;0.0;0.0;-3.22;49.65;2.9;
2022-12-29 08:00:00;94.0;228.84;61.0;-2.62;51.95;2.28;
2022-12-29 09:00:00;245.0;738.32;57.0;0.38;52.6;1.93;
2022-12-29 10:00:00;325.0;754.91;77.0;3.63;43.75;1.86;
2022-12-29 11:00:00;168.0;27.71;158.0;5.17;36.05;2.41;
2022-12-29 12:00:00;289.0;397.87;150.0;6.15;32.15;2.83;
2022-12-29 13:00:00;286.0;729.06;71.0;6.47;32.25;2.83;
2022-12-29 14:00:00;176.0;591.59;57.0;5.9;36.2;2.83;
2022-12-29 15:00:00;52.0;442.88;19.0;4.72;34.45;3.17;
2022-12-29 16:00:00;0.0;0.0;0.0;3.31;34.0;3.38;
2022-12-29 17:00:00;0.0;0.0;0.0;2.13;35.2;3.31;
2022-12-29 18:00:00;0.0;0.0;0.0;1.42;38.1;3.24;
2022-12-29 19:00:00;0.0;0.0;0.0;1.52;41.45;3.31;
2022-12-29 20:00:00;0.0;0.0;0.0;0.99;43.05;3.24;
2022-12-29 21:00:00;0.0;0.0;0.0;0.42;46.6;3.17;
2022-12-29 22:00:00;0.0;0.0;0.0;0.0;46.5;3.24;
2022-12-29 23:00:00;0.0;0.0;0.0;-0.19;48.3;3.31;
2022-12-30 00:00:00;0.0;0.0;0.0;-0.31;48.3;3.31;
2022-12-30 01:00:00;0.0;0.0;0.0;-0.43;48.3;3.1;
2022-12-30 02:00:00;0.0;0.0;0.0;-0.75;50.2;2.69;
2022-12-30 03:00:00;0.0;0.0;0.0;-1.73;54.4;2.07;
2022-12-30 04:00:00;0.0;0.0;0.0;-1.54;50.2;1.45;
2022-12-30 05:00:00;0.0;0.0;0.0;-0.77;50.2;0.83;
2022-12-30 06:00:00;0.0;0.0;0.0;-0.96;50.2;0.34;
2022-12-30 07:00:00;0.0;0.0;0.0;-0.95;56.85;0.69;
2022-12-30 08:00:00;114.0;499.56;42.0;-0.75;61.65;0.14;
2022-12-30 09:00:00;234.0;659.2;66.0;0.53;64.55;0.34;
2022-12-30 10:00:00;315.0;705.0;83.0;2.63;55.45;1.17;
2022-12-30 11:00:00;354.0;740.88;86.0;3.52;53.5;1.72;
2022-12-30 12:00:00;336.0;693.1;93.0;3.93;55.7;1.93;
2022-12-30 13:00:00;279.0;691.56;74.0;4.03;55.85;1.86;
2022-12-30 14:00:00;173.0;566.73;58.0;3.74;57.95;1.72;
2022-12-30 15:00:00;52.0;418.62;20.0;2.9;65.0;1.45;
2022-12-30 16:00:00;0.0;0.0;0.0;0.86;78.75;1.59;
2022-12-30 17:00:00;0.0;0.0;0.0;-1.15;81.7;1.66;
2022-12-30 18:00:00;0.0;0.0;0.0;-2.17;81.55;1.66;
2022-12-30 19:00:00;0.0;0.0;0.0;-2.74;81.5;1.86;
2022-12-30 20:00:00;0.0;0.0;0.0;-3.04;81.5;1.72;
2022-12-30 21:00:00;0.0;0.0;0.0;-3.1;78.3;1.59;
2022-12-30 22:00:00;0.0;0.0;0.0;-3.02;78.3;1.38;
2022-12-30 23:00:00;0.0;0.0;0.0;-3.16;81.45;1.38;
2022-12-31 00:00:00;0.0;0.0;0.0;-3.46;81.45;1.59;
2022-12-31 01:00:00;0.0;0.0;0.0;-3.64;84.7;1.86;
2022-12-31 02:00:00;0.0;0.0;0.0;-3.55;81.45;1.72;
2022-12-31 03:00:00;0.0;0.0;0.0;-3.42;81.45;1.59;
2022-12-31 04:00:00;0.0;0.0;0.0;-3.57;81.45;1.59;
2022-12-31 05:00:00;0.0;0.0;0.0;-3.13;84.8;1.59;
2022-12-31 06:00:00;0.0;0.0;0.0;-2.66;81.5;1.52;
2022-12-31 07:00:00;0.0;0.0;0.0;-3.52;81.45;1.52;
2022-12-31 08:00:00;111.0;471.68;43.0;-2.92;81.5;1.31;
2022-12-31 09:00:00;220.0;556.42;78.0;-0.55;75.55;1.86;
2022-12-31 10:00:00;243.0;282.02;150.0;0.52;72.75;2.83;
2022-12-31 11:00:00;212.0;104.75;174.0;1.39;72.85;3.66;
2022-12-31 12:00:00;124.0;2.84;123.0;1.59;72.95;3.66;
2022-12-31 13:00:00;156.0;67.1;136.0;1.47;70.1;3.66;
2022-12-31 14:00:00;57.0;0.0;57.0;1.11;72.85;3.17;
2022-12-31 15:00:00;25.0;12.74;24.0;0.51;75.7;2.41;
2022-12-31 16:00:00;0.0;0.0;0.0;-1.43;81.55;1.62;
2022-12-31 17:00:00;0.0;0.0;0.0;-1.5;82.59;1.56;
2022-12-31 18:00:00;0.0;0.0;0.0;-1.57;83.64;1.49;
2022-12-31 19:00:00;0.0;0.0;0.0;-1.64;84.68;1.42;
2022-12-31 20:00:00;0.0;0.0;0.0;-1.71;85.73;1.36;
2022-12-31 21:00:00;0.0;0.0;0.0;-1.78;86.77;1.29;
2022-12-31 22:00:00;0.0;0.0;0.0;-1.85;87.82;1.22;
2022-12-31 23:00:00;0.0;0.0;0.0;-1.93;88.86;1.15;
