MTU (CET/CEST),Day-ahead Price (EUR/MWh),Currency,BZN|GR
01.01.2024 00:00 - 01.01.2024 01:00,107.09,EUR,
01.01.2024 01:00 - 01.01.2024 02:00,104,EUR,
01.01.2024 02:00 - 01.01.2024 03:00,100,EUR,
01.01.2024 03:00 - 01.01.2024 04:00,85.66,EUR,
01.01.2024 04:00 - 01.01.2024 05:00,85,EUR,
01.01.2024 05:00 - 01.01.2024 06:00,85.53,EUR,
01.01.2024 06:00 - 01.01.2024 07:00,95.07,EUR,
01.01.2024 07:00 - 01.01.2024 08:00,103.07,EUR,
01.01.2024 08:00 - 01.01.2024 09:00,65,EUR,
01.01.2024 09:00 - 01.01.2024 10:00,47.34,EUR,
01.01.2024 10:00 - 01.01.2024 11:00,1,EUR,
01.01.2024 11:00 - 01.01.2024 12:00,0.54,EUR,
01.01.2024 12:00 - 01.01.2024 13:00,2.24,EUR,
01.01.2024 13:00 - 01.01.2024 14:00,3.24,EUR,
01.01.2024 14:00 - 01.01.2024 15:00,65.1,EUR,
01.01.2024 15:00 - 01.01.2024 16:00,96.91,EUR,
01.01.2024 16:00 - 01.01.2024 17:00,97.44,EUR,
01.01.2024 17:00 - 01.01.2024 18:00,94,EUR,
01.01.2024 18:00 - 01.01.2024 19:00,98.58,EUR,
01.01.2024 19:00 - 01.01.2024 20:00,101.03,EUR,
01.01.2024 20:00 - 01.01.2024 21:00,105.72,EUR,
01.01.2024 21:00 - 01.01.2024 22:00,101.06,EUR,
01.01.2024 22:00 - 01.01.2024 23:00,103.19,EUR,
01.01.2024 23:00 - 02.01.2024 00:00,99.05,EUR,
02.01.2024 00:00 - 02.01.2024 01:00,55,EUR,
02.01.2024 01:00 - 02.01.2024 02:00,90.09,EUR,
02.01.2024 02:00 - 02.01.2024 03:00,84.27,EUR,
02.01.2024 03:00 - 02.01.2024 04:00,40.82,EUR,
02.01.2024 04:00 - 02.01.2024 05:00,84.27,EUR,
02.01.2024 05:00 - 02.01.2024 06:00,100,EUR,
02.01.2024 06:00 - 02.01.2024 07:00,108.28,EUR,
02.01.2024 07:00 - 02.01.2024 08:00,113.85,EUR,
02.01.2024 08:00 - 02.01.2024 09:00,107.42,EUR,
02.01.2024 09:00 - 02.01.2024 10:00,76.36,EUR,
02.01.2024 10:00 - 02.01.2024 11:00,75.6,EUR,
02.01.2024 11:00 - 02.01.2024 12:00,77.87,EUR,
02.01.2024 12:00 - 02.01.2024 13:00,80.27,EUR,
02.01.2024 13:00 - 02.01.2024 14:00,81.27,EUR,
02.01.2024 14:00 - 02.01.2024 15:00,95.12,EUR,
02.01.2024 15:00 - 02.01.2024 16:00,102.56,EUR,
02.01.2024 16:00 - 02.01.2024 17:00,102.38,EUR,
02.01.2024 17:00 - 02.01.2024 18:00,103.32,EUR,
02.01.2024 18:00 - 02.01.2024 19:00,103.58,EUR,
02.01.2024 19:00 - 02.01.2024 20:00,106.06,EUR,
02.01.2024 20:00 - 02.01.2024 21:00,104.96,EUR,
02.01.2024 21:00 - 02.01.2024 22:00,102.2,EUR,
02.01.2024 22:00 - 02.01.2024 23:00,101.97,EUR,
02.01.2024 23:00 - 03.01.2024 00:00,92.41,EUR,
03.01.2024 00:00 - 03.01.2024 01:00,82.5,EUR,
03.01.2024 01:00 - 03.01.2024 02:00,70.1,EUR,
03.01.2024 02:00 - 03.01.2024 03:00,50.21,EUR,
03.01.2024 03:00 - 03.01.2024 04:00,40,EUR,
03.01.2024 04:00 - 03.01.2024 05:00,50,EUR,
03.01.2024 05:00 - 03.01.2024 06:00,75,EUR,
03.01.2024 06:00 - 03.01.2024 07:00,95.46,EUR,
03.01.2024 07:00 - 03.01.2024 08:00,107.15,EUR,
03.01.2024 08:00 - 03.01.2024 09:00,101.01,EUR,
03.01.2024 09:00 - 03.01.2024 10:00,65,EUR,
03.01.2024 10:00 - 03.01.2024 11:00,99.15,EUR,
03.01.2024 11:00 - 03.01.2024 12:00,87.25,EUR,
03.01.2024 12:00 - 03.01.2024 13:00,75.33,EUR,
03.01.2024 13:00 - 03.01.2024 14:00,86.97,EUR,
03.01.2024 14:00 - 03.01.2024 15:00,90.96,EUR,
03.01.2024 15:00 - 03.01.2024 16:00,72.23,EUR,
03.01.2024 16:00 - 03.01.2024 17:00,83.06,EUR,
03.01.2024 17:00 - 03.01.2024 18:00,90.78,EUR,
03.01.2024 18:00 - 03.01.2024 19:00,96.46,EUR,
03.01.2024 19:00 - 03.01.2024 20:00,97.06,EUR,
03.01.2024 20:00 - 03.01.2024 21:00,96.45,EUR,
03.01.2024 21:00 - 03.01.2024 22:00,103.61,EUR,
03.01.2024 22:00 - 03.01.2024 23:00,101.05,EUR,
03.01.2024 23:00 - 04.01.2024 00:00,82.59,EUR,
04.01.2024 00:00 - 04.01.2024 01:00,74.19,EUR,
04.01.2024 01:00 - 04.01.2024 02:00,65,EUR,
04.01.2024 02:00 - 04.01.2024 03:00,40,EUR,
04.01.2024 03:00 - 04.01.2024 04:00,35.2,EUR,
04.01.2024 04:00 - 04.01.2024 05:00,49.39,EUR,
04.01.2024 05:00 - 04.01.2024 06:00,70.1,EUR,
04.01.2024 06:00 - 04.01.2024 07:00,97.61,EUR,
04.01.2024 07:00 - 04.01.2024 08:00,85.02,EUR,
04.01.2024 08:00 - 04.01.2024 09:00,91.47,EUR,
04.01.2024 09:00 - 04.01.2024 10:00,94.2,EUR,
04.01.2024 10:00 - 04.01.2024 11:00,73.83,EUR,
04.01.2024 11:00 - 04.01.2024 12:00,70.1,EUR,
04.01.2024 12:00 - 04.01.2024 13:00,70.1,EUR,
04.01.2024 13:00 - 04.01.2024 14:00,85.96,EUR,
04.01.2024 14:00 - 04.01.2024 15:00,92.11,EUR,
04.01.2024 15:00 - 04.01.2024 16:00,98.62,EUR,
04.01.2024 16:00 - 04.01.2024 17:00,104.51,EUR,
04.01.2024 17:00 - 04.01.2024 18:00,112.67,EUR,
04.01.2024 18:00 - 04.01.2024 19:00,114.48,EUR,
04.01.2024 19:00 - 04.01.2024 20:00,110.45,EUR,
04.01.2024 20:00 - 04.01.2024 21:00,100.95,EUR,
04.01.2024 21:00 - 04.01.2024 22:00,94.9,EUR,
04.01.2024 22:00 - 04.01.2024 23:00,99.81,EUR,
04.01.2024 23:00 - 05.01.2024 00:00,97.98,EUR,
05.01.2024 00:00 - 05.01.2024 01:00,86.08,EUR,
05.01.2024 01:00 - 05.01.2024 02:00,88.96,EUR,
05.01.2024 02:00 - 05.01.2024 03:00,78.5,EUR,
05.01.2024 03:00 - 05.01.2024 04:00,78.5,EUR,
05.01.2024 04:00 - 05.01.2024 05:00,79.39,EUR,
05.01.2024 05:00 - 05.01.2024 06:00,79.6,EUR,
05.01.2024 06:00 - 05.01.2024 07:00,93.83,EUR,
05.01.2024 07:00 - 05.01.2024 08:00,104.58,EUR,
05.01.2024 08:00 - 05.01.2024 09:00,106.79,EUR,
05.01.2024 09:00 - 05.01.2024 10:00,100.66,EUR,
05.01.2024 10:00 - 05.01.2024 11:00,97.52,EUR,
05.01.2024 11:00 - 05.01.2024 12:00,98.53,EUR,
05.01.2024 12:00 - 05.01.2024 13:00,97.17,EUR,
05.01.2024 13:00 - 05.01.2024 14:00,102.85,EUR,
05.01.2024 14:00 - 05.01.2024 15:00,110.28,EUR,
05.01.2024 15:00 - 05.01.2024 16:00,112.17,EUR,
05.01.2024 16:00 - 05.01.2024 17:00,113.85,EUR,
05.01.2024 17:00 - 05.01.2024 18:00,116.07,EUR,
05.01.2024 18:00 - 05.01.2024 19:00,112.63,EUR,
05.01.2024 19:00 - 05.01.2024 20:00,109.79,EUR,
05.01.2024 20:00 - 05.01.2024 21:00,105.65,EUR,
05.01.2024 21:00 - 05.01.2024 22:00,97.07,EUR,
05.01.2024 22:00 - 05.01.2024 23:00,99.86,EUR,
05.01.2024 23:00 - 06.01.2024 00:00,86.8,EUR,
06.01.2024 00:00 - 06.01.2024 01:00,91,EUR,
06.01.2024 01:00 - 06.01.2024 02:00,94.75,EUR,
06.01.2024 02:00 - 06.01.2024 03:00,76.13,EUR,
06.01.2024 03:00 - 06.01.2024 04:00,73.01,EUR,
06.01.2024 04:00 - 06.01.2024 05:00,73.01,EUR,
06.01.2024 05:00 - 06.01.2024 06:00,74.59,EUR,
06.01.2024 06:00 - 06.01.2024 07:00,75.1,EUR,
06.01.2024 07:00 - 06.01.2024 08:00,81.39,EUR,
06.01.2024 08:00 - 06.01.2024 09:00,88.4,EUR,
06.01.2024 09:00 - 06.01.2024 10:00,92.23,EUR,
06.01.2024 10:00 - 06.01.2024 11:00,97.3,EUR,
06.01.2024 11:00 - 06.01.2024 12:00,94.7,EUR,
06.01.2024 12:00 - 06.01.2024 13:00,92.77,EUR,
06.01.2024 13:00 - 06.01.2024 14:00,91,EUR,
06.01.2024 14:00 - 06.01.2024 15:00,92.47,EUR,
06.01.2024 15:00 - 06.01.2024 16:00,94.25,EUR,
06.01.2024 16:00 - 06.01.2024 17:00,93.59,EUR,
06.01.2024 17:00 - 06.01.2024 18:00,99.24,EUR,
06.01.2024 18:00 - 06.01.2024 19:00,95.67,EUR,
06.01.2024 19:00 - 06.01.2024 20:00,93.88,EUR,
06.01.2024 20:00 - 06.01.2024 21:00,92.14,EUR,
06.01.2024 21:00 - 06.01.2024 22:00,88,EUR,
06.01.2024 22:00 - 06.01.2024 23:00,86.57,EUR,
06.01.2024 23:00 - 07.01.2024 00:00,79.87,EUR,
07.01.2024 00:00 - 07.01.2024 01:00,84.08,EUR,
07.01.2024 01:00 - 07.01.2024 02:00,79.82,EUR,
07.01.2024 02:00 - 07.01.2024 03:00,76.76,EUR,
07.01.2024 03:00 - 07.01.2024 04:00,73.46,EUR,
07.01.2024 04:00 - 07.01.2024 05:00,71.86,EUR,
07.01.2024 05:00 - 07.01.2024 06:00,72.08,EUR,
07.01.2024 06:00 - 07.01.2024 07:00,74.91,EUR,
07.01.2024 07:00 - 07.01.2024 08:00,77.69,EUR,
07.01.2024 08:00 - 07.01.2024 09:00,81.79,EUR,
07.01.2024 09:00 - 07.01.2024 10:00,84.86,EUR,
07.01.2024 10:00 - 07.01.2024 11:00,81.53,EUR,
07.01.2024 11:00 - 07.01.2024 12:00,81.01,EUR,
07.01.2024 12:00 - 07.01.2024 13:00,88.66,EUR,
07.01.2024 13:00 - 07.01.2024 14:00,84.81,EUR,
07.01.2024 14:00 - 07.01.2024 15:00,84.34,EUR,
07.01.2024 15:00 - 07.01.2024 16:00,88.01,EUR,
07.01.2024 16:00 - 07.01.2024 17:00,93.42,EUR,
07.01.2024 17:00 - 07.01.2024 18:00,101.77,EUR,
07.01.2024 18:00 - 07.01.2024 19:00,104.85,EUR,
07.01.2024 19:00 - 07.01.2024 20:00,101.23,EUR,
07.01.2024 20:00 - 07.01.2024 21:00,100.5,EUR,
07.01.2024 21:00 - 07.01.2024 22:00,93.31,EUR,
07.01.2024 22:00 - 07.01.2024 23:00,91.17,EUR,
07.01.2024 23:00 - 08.01.2024 00:00,83.86,EUR,
08.01.2024 00:00 - 08.01.2024 01:00,78.06,EUR,
08.01.2024 01:00 - 08.01.2024 02:00,74.36,EUR,
08.01.2024 02:00 - 08.01.2024 03:00,51.69,EUR,
08.01.2024 03:00 - 08.01.2024 04:00,40.56,EUR,
08.01.2024 04:00 - 08.01.2024 05:00,70,EUR,
08.01.2024 05:00 - 08.01.2024 06:00,82.1,EUR,
08.01.2024 06:00 - 08.01.2024 07:00,94.3,EUR,
08.01.2024 07:00 - 08.01.2024 08:00,102.36,EUR,
08.01.2024 08:00 - 08.01.2024 09:00,111.01,EUR,
08.01.2024 09:00 - 08.01.2024 10:00,103.57,EUR,
08.01.2024 10:00 - 08.01.2024 11:00,101.01,EUR,
08.01.2024 11:00 - 08.01.2024 12:00,100.25,EUR,
08.01.2024 12:00 - 08.01.2024 13:00,95.48,EUR,
08.01.2024 13:00 - 08.01.2024 14:00,92.91,EUR,
08.01.2024 14:00 - 08.01.2024 15:00,100,EUR,
08.01.2024 15:00 - 08.01.2024 16:00,107.86,EUR,
08.01.2024 16:00 - 08.01.2024 17:00,122,EUR,
08.01.2024 17:00 - 08.01.2024 18:00,130.1,EUR,
08.01.2024 18:00 - 08.01.2024 19:00,129.99,EUR,
08.01.2024 19:00 - 08.01.2024 20:00,122.01,EUR,
08.01.2024 20:00 - 08.01.2024 21:00,114.18,EUR,
08.01.2024 21:00 - 08.01.2024 22:00,102.79,EUR,
08.01.2024 22:00 - 08.01.2024 23:00,99.96,EUR,
08.01.2024 23:00 - 09.01.2024 00:00,91.75,EUR,
09.01.2024 00:00 - 09.01.2024 01:00,87.53,EUR,
09.01.2024 01:00 - 09.01.2024 02:00,86.18,EUR,
09.01.2024 02:00 - 09.01.2024 03:00,85.01,EUR,
09.01.2024 03:00 - 09.01.2024 04:00,84.09,EUR,
09.01.2024 04:00 - 09.01.2024 05:00,85.16,EUR,
09.01.2024 05:00 - 09.01.2024 06:00,89.56,EUR,
09.01.2024 06:00 - 09.01.2024 07:00,107.4,EUR,
09.01.2024 07:00 - 09.01.2024 08:00,122.01,EUR,
09.01.2024 08:00 - 09.01.2024 09:00,132.85,EUR,
09.01.2024 09:00 - 09.01.2024 10:00,120.85,EUR,
09.01.2024 10:00 - 09.01.2024 11:00,112.1,EUR,
09.01.2024 11:00 - 09.01.2024 12:00,104.97,EUR,
09.01.2024 12:00 - 09.01.2024 13:00,99.69,EUR,
09.01.2024 13:00 - 09.01.2024 14:00,100.18,EUR,
09.01.2024 14:00 - 09.01.2024 15:00,110,EUR,
09.01.2024 15:00 - 09.01.2024 16:00,114.25,EUR,
09.01.2024 16:00 - 09.01.2024 17:00,127.36,EUR,
09.01.2024 17:00 - 09.01.2024 18:00,137.35,EUR,
09.01.2024 18:00 - 09.01.2024 19:00,137,EUR,
09.01.2024 19:00 - 09.01.2024 20:00,130.05,EUR,
09.01.2024 20:00 - 09.01.2024 21:00,117.67,EUR,
09.01.2024 21:00 - 09.01.2024 22:00,109.18,EUR,
09.01.2024 22:00 - 09.01.2024 23:00,105.61,EUR,
09.01.2024 23:00 - 10.01.2024 00:00,96.58,EUR,
10.01.2024 00:00 - 10.01.2024 01:00,89.16,EUR,
10.01.2024 01:00 - 10.01.2024 02:00,86.76,EUR,
10.01.2024 02:00 - 10.01.2024 03:00,86.73,EUR,
10.01.2024 03:00 - 10.01.2024 04:00,85.8,EUR,
10.01.2024 04:00 - 10.01.2024 05:00,87.8,EUR,
10.01.2024 05:00 - 10.01.2024 06:00,91.46,EUR,
10.01.2024 06:00 - 10.01.2024 07:00,108.96,EUR,
10.01.2024 07:00 - 10.01.2024 08:00,120,EUR,
10.01.2024 08:00 - 10.01.2024 09:00,139.2,EUR,
10.01.2024 09:00 - 10.01.2024 10:00,104.56,EUR,
10.01.2024 10:00 - 10.01.2024 11:00,117.47,EUR,
10.01.2024 11:00 - 10.01.2024 12:00,109.13,EUR,
10.01.2024 12:00 - 10.01.2024 13:00,101.73,EUR,
10.01.2024 13:00 - 10.01.2024 14:00,106.54,EUR,
10.01.2024 14:00 - 10.01.2024 15:00,110.2,EUR,
10.01.2024 15:00 - 10.01.2024 16:00,119.77,EUR,
10.01.2024 16:00 - 10.01.2024 17:00,133.14,EUR,
10.01.2024 17:00 - 10.01.2024 18:00,143.79,EUR,
10.01.2024 18:00 - 10.01.2024 19:00,140,EUR,
10.01.2024 19:00 - 10.01.2024 20:00,132.15,EUR,
10.01.2024 20:00 - 10.01.2024 21:00,120,EUR,
10.01.2024 21:00 - 10.01.2024 22:00,109.13,EUR,
10.01.2024 22:00 - 10.01.2024 23:00,104.86,EUR,
10.01.2024 23:00 - 11.01.2024 00:00,95.83,EUR,
11.01.2024 00:00 - 11.01.2024 01:00,91.75,EUR,
11.01.2024 01:00 - 11.01.2024 02:00,88.59,EUR,
11.01.2024 02:00 - 11.01.2024 03:00,87.25,EUR,
11.01.2024 03:00 - 11.01.2024 04:00,82.38,EUR,
11.01.2024 04:00 - 11.01.2024 05:00,82.06,EUR,
11.01.2024 05:00 - 11.01.2024 06:00,90.35,EUR,
11.01.2024 06:00 - 11.01.2024 07:00,111.57,EUR,
11.01.2024 07:00 - 11.01.2024 08:00,116.89,EUR,
11.01.2024 08:00 - 11.01.2024 09:00,141,EUR,
11.01.2024 09:00 - 11.01.2024 10:00,114.67,EUR,
11.01.2024 10:00 - 11.01.2024 11:00,103.77,EUR,
11.01.2024 11:00 - 11.01.2024 12:00,103.86,EUR,
11.01.2024 12:00 - 11.01.2024 13:00,99.38,EUR,
11.01.2024 13:00 - 11.01.2024 14:00,99,EUR,
11.01.2024 14:00 - 11.01.2024 15:00,105.98,EUR,
11.01.2024 15:00 - 11.01.2024 16:00,119.08,EUR,
11.01.2024 16:00 - 11.01.2024 17:00,147.05,EUR,
11.01.2024 17:00 - 11.01.2024 18:00,158.09,EUR,
11.01.2024 18:00 - 11.01.2024 19:00,142,EUR,
11.01.2024 19:00 - 11.01.2024 20:00,132.31,EUR,
11.01.2024 20:00 - 11.01.2024 21:00,122,EUR,
11.01.2024 21:00 - 11.01.2024 22:00,107.19,EUR,
11.01.2024 22:00 - 11.01.2024 23:00,105.98,EUR,
11.01.2024 23:00 - 12.01.2024 00:00,99,EUR,
12.01.2024 00:00 - 12.01.2024 01:00,92.99,EUR,
12.01.2024 01:00 - 12.01.2024 02:00,93,EUR,
12.01.2024 02:00 - 12.01.2024 03:00,85.68,EUR,
12.01.2024 03:00 - 12.01.2024 04:00,85.36,EUR,
12.01.2024 04:00 - 12.01.2024 05:00,87.77,EUR,
12.01.2024 05:00 - 12.01.2024 06:00,94.76,EUR,
12.01.2024 06:00 - 12.01.2024 07:00,118.46,EUR,
12.01.2024 07:00 - 12.01.2024 08:00,122.04,EUR,
12.01.2024 08:00 - 12.01.2024 09:00,140.74,EUR,
12.01.2024 09:00 - 12.01.2024 10:00,134.96,EUR,
12.01.2024 10:00 - 12.01.2024 11:00,117.95,EUR,
12.01.2024 11:00 - 12.01.2024 12:00,108.06,EUR,
12.01.2024 12:00 - 12.01.2024 13:00,96.36,EUR,
12.01.2024 13:00 - 12.01.2024 14:00,94,EUR,
12.01.2024 14:00 - 12.01.2024 15:00,102.23,EUR,
12.01.2024 15:00 - 12.01.2024 16:00,110,EUR,
12.01.2024 16:00 - 12.01.2024 17:00,120,EUR,
12.01.2024 17:00 - 12.01.2024 18:00,127.5,EUR,
12.01.2024 18:00 - 12.01.2024 19:00,126,EUR,
12.01.2024 19:00 - 12.01.2024 20:00,119.47,EUR,
12.01.2024 20:00 - 12.01.2024 21:00,110,EUR,
12.01.2024 21:00 - 12.01.2024 22:00,105.24,EUR,
12.01.2024 22:00 - 12.01.2024 23:00,101.68,EUR,
12.01.2024 23:00 - 13.01.2024 00:00,90.01,EUR,
13.01.2024 00:00 - 13.01.2024 01:00,90,EUR,
13.01.2024 01:00 - 13.01.2024 02:00,87.7,EUR,
13.01.2024 02:00 - 13.01.2024 03:00,82,EUR,
13.01.2024 03:00 - 13.01.2024 04:00,78.47,EUR,
13.01.2024 04:00 - 13.01.2024 05:00,83.4,EUR,
13.01.2024 05:00 - 13.01.2024 06:00,83.9,EUR,
13.01.2024 06:00 - 13.01.2024 07:00,95.52,EUR,
13.01.2024 07:00 - 13.01.2024 08:00,104.93,EUR,
13.01.2024 08:00 - 13.01.2024 09:00,107.63,EUR,
13.01.2024 09:00 - 13.01.2024 10:00,88.34,EUR,
13.01.2024 10:00 - 13.01.2024 11:00,84.54,EUR,
13.01.2024 11:00 - 13.01.2024 12:00,76.05,EUR,
13.01.2024 12:00 - 13.01.2024 13:00,76.53,EUR,
13.01.2024 13:00 - 13.01.2024 14:00,83.4,EUR,
13.01.2024 14:00 - 13.01.2024 15:00,92.23,EUR,
13.01.2024 15:00 - 13.01.2024 16:00,122,EUR,
13.01.2024 16:00 - 13.01.2024 17:00,122.01,EUR,
13.01.2024 17:00 - 13.01.2024 18:00,130,EUR,
13.01.2024 18:00 - 13.01.2024 19:00,135,EUR,
13.01.2024 19:00 - 13.01.2024 20:00,134,EUR,
13.01.2024 20:00 - 13.01.2024 21:00,122.01,EUR,
13.01.2024 21:00 - 13.01.2024 22:00,105,EUR,
13.01.2024 22:00 - 13.01.2024 23:00,104.36,EUR,
13.01.2024 23:00 - 14.01.2024 00:00,100.29,EUR,
14.01.2024 00:00 - 14.01.2024 01:00,103,EUR,
14.01.2024 01:00 - 14.01.2024 02:00,100.65,EUR,
14.01.2024 02:00 - 14.01.2024 03:00,99.83,EUR,
14.01.2024 03:00 - 14.01.2024 04:00,96.79,EUR,
14.01.2024 04:00 - 14.01.2024 05:00,96.25,EUR,
14.01.2024 05:00 - 14.01.2024 06:00,95.25,EUR,
14.01.2024 06:00 - 14.01.2024 07:00,103.43,EUR,
14.01.2024 07:00 - 14.01.2024 08:00,104.73,EUR,
14.01.2024 08:00 - 14.01.2024 09:00,76.96,EUR,
14.01.2024 09:00 - 14.01.2024 10:00,82.24,EUR,
14.01.2024 10:00 - 14.01.2024 11:00,90.01,EUR,
14.01.2024 11:00 - 14.01.2024 12:00,69.5,EUR,
14.01.2024 12:00 - 14.01.2024 13:00,73.88,EUR,
14.01.2024 13:00 - 14.01.2024 14:00,77.04,EUR,
14.01.2024 14:00 - 14.01.2024 15:00,79.15,EUR,
14.01.2024 15:00 - 14.01.2024 16:00,104.74,EUR,
14.01.2024 16:00 - 14.01.2024 17:00,100.97,EUR,
14.01.2024 17:00 - 14.01.2024 18:00,111,EUR,
14.01.2024 18:00 - 14.01.2024 19:00,111.93,EUR,
14.01.2024 19:00 - 14.01.2024 20:00,109.76,EUR,
14.01.2024 20:00 - 14.01.2024 21:00,103.98,EUR,
14.01.2024 21:00 - 14.01.2024 22:00,108.23,EUR,
14.01.2024 22:00 - 14.01.2024 23:00,101.51,EUR,
14.01.2024 23:00 - 15.01.2024 00:00,97.9,EUR,
15.01.2024 00:00 - 15.01.2024 01:00,70.49,EUR,
15.01.2024 01:00 - 15.01.2024 02:00,66.78,EUR,
15.01.2024 02:00 - 15.01.2024 03:00,64.57,EUR,
15.01.2024 03:00 - 15.01.2024 04:00,62.04,EUR,
15.01.2024 04:00 - 15.01.2024 05:00,62.72,EUR,
15.01.2024 05:00 - 15.01.2024 06:00,84.9,EUR,
15.01.2024 06:00 - 15.01.2024 07:00,122,EUR,
15.01.2024 07:00 - 15.01.2024 08:00,114.09,EUR,
15.01.2024 08:00 - 15.01.2024 09:00,122,EUR,
15.01.2024 09:00 - 15.01.2024 10:00,104.93,EUR,
15.01.2024 10:00 - 15.01.2024 11:00,99.86,EUR,
15.01.2024 11:00 - 15.01.2024 12:00,90.27,EUR,
15.01.2024 12:00 - 15.01.2024 13:00,88.91,EUR,
15.01.2024 13:00 - 15.01.2024 14:00,90.78,EUR,
15.01.2024 14:00 - 15.01.2024 15:00,99.7,EUR,
15.01.2024 15:00 - 15.01.2024 16:00,98.07,EUR,
15.01.2024 16:00 - 15.01.2024 17:00,105.26,EUR,
15.01.2024 17:00 - 15.01.2024 18:00,113.95,EUR,
15.01.2024 18:00 - 15.01.2024 19:00,114.62,EUR,
15.01.2024 19:00 - 15.01.2024 20:00,113.79,EUR,
15.01.2024 20:00 - 15.01.2024 21:00,103.7,EUR,
15.01.2024 21:00 - 15.01.2024 22:00,93.92,EUR,
15.01.2024 22:00 - 15.01.2024 23:00,91.42,EUR,
15.01.2024 23:00 - 16.01.2024 00:00,87.74,EUR,
16.01.2024 00:00 - 16.01.2024 01:00,82.72,EUR,
16.01.2024 01:00 - 16.01.2024 02:00,81.63,EUR,
16.01.2024 02:00 - 16.01.2024 03:00,80.17,EUR,
16.01.2024 03:00 - 16.01.2024 04:00,78.31,EUR,
16.01.2024 04:00 - 16.01.2024 05:00,77.51,EUR,
16.01.2024 05:00 - 16.01.2024 06:00,90,EUR,
16.01.2024 06:00 - 16.01.2024 07:00,103.77,EUR,
16.01.2024 07:00 - 16.01.2024 08:00,117,EUR,
16.01.2024 08:00 - 16.01.2024 09:00,120.68,EUR,
16.01.2024 09:00 - 16.01.2024 10:00,104.72,EUR,
16.01.2024 10:00 - 16.01.2024 11:00,106.19,EUR,
16.01.2024 11:00 - 16.01.2024 12:00,105.79,EUR,
16.01.2024 12:00 - 16.01.2024 13:00,102.36,EUR,
16.01.2024 13:00 - 16.01.2024 14:00,102.71,EUR,
16.01.2024 14:00 - 16.01.2024 15:00,105.3,EUR,
16.01.2024 15:00 - 16.01.2024 16:00,111.85,EUR,
16.01.2024 16:00 - 16.01.2024 17:00,122.05,EUR,
16.01.2024 17:00 - 16.01.2024 18:00,133,EUR,
16.01.2024 18:00 - 16.01.2024 19:00,135.58,EUR,
16.01.2024 19:00 - 16.01.2024 20:00,128.97,EUR,
16.01.2024 20:00 - 16.01.2024 21:00,122,EUR,
16.01.2024 21:00 - 16.01.2024 22:00,107.19,EUR,
16.01.2024 22:00 - 16.01.2024 23:00,103.07,EUR,
16.01.2024 23:00 - 17.01.2024 00:00,98.01,EUR,
17.01.2024 00:00 - 17.01.2024 01:00,107.51,EUR,
17.01.2024 01:00 - 17.01.2024 02:00,106.53,EUR,
17.01.2024 02:00 - 17.01.2024 03:00,104.81,EUR,
17.01.2024 03:00 - 17.01.2024 04:00,103.07,EUR,
17.01.2024 04:00 - 17.01.2024 05:00,106,EUR,
17.01.2024 05:00 - 17.01.2024 06:00,139.38,EUR,
17.01.2024 06:00 - 17.01.2024 07:00,182.96,EUR,
17.01.2024 07:00 - 17.01.2024 08:00,190.96,EUR,
17.01.2024 08:00 - 17.01.2024 09:00,151.82,EUR,
17.01.2024 09:00 - 17.01.2024 10:00,115.47,EUR,
17.01.2024 10:00 - 17.01.2024 11:00,110.33,EUR,
17.01.2024 11:00 - 17.01.2024 12:00,111.1,EUR,
17.01.2024 12:00 - 17.01.2024 13:00,105.68,EUR,
17.01.2024 13:00 - 17.01.2024 14:00,106.58,EUR,
17.01.2024 14:00 - 17.01.2024 15:00,108.84,EUR,
17.01.2024 15:00 - 17.01.2024 16:00,119.03,EUR,
17.01.2024 16:00 - 17.01.2024 17:00,122,EUR,
17.01.2024 17:00 - 17.01.2024 18:00,132.28,EUR,
17.01.2024 18:00 - 17.01.2024 19:00,122,EUR,
17.01.2024 19:00 - 17.01.2024 20:00,114.39,EUR,
17.01.2024 20:00 - 17.01.2024 21:00,108.06,EUR,
17.01.2024 21:00 - 17.01.2024 22:00,100,EUR,
17.01.2024 22:00 - 17.01.2024 23:00,92.79,EUR,
17.01.2024 23:00 - 18.01.2024 00:00,83.46,EUR,
18.01.2024 00:00 - 18.01.2024 01:00,80.16,EUR,
18.01.2024 01:00 - 18.01.2024 02:00,77.02,EUR,
18.01.2024 02:00 - 18.01.2024 03:00,74.73,EUR,
18.01.2024 03:00 - 18.01.2024 04:00,74.18,EUR,
18.01.2024 04:00 - 18.01.2024 05:00,75.96,EUR,
18.01.2024 05:00 - 18.01.2024 06:00,81.37,EUR,
18.01.2024 06:00 - 18.01.2024 07:00,99,EUR,
18.01.2024 07:00 - 18.01.2024 08:00,112.71,EUR,
18.01.2024 08:00 - 18.01.2024 09:00,125,EUR,
18.01.2024 09:00 - 18.01.2024 10:00,105.72,EUR,
18.01.2024 10:00 - 18.01.2024 11:00,100,EUR,
18.01.2024 11:00 - 18.01.2024 12:00,76.71,EUR,
18.01.2024 12:00 - 18.01.2024 13:00,61.68,EUR,
18.01.2024 13:00 - 18.01.2024 14:00,62.7,EUR,
18.01.2024 14:00 - 18.01.2024 15:00,90.53,EUR,
18.01.2024 15:00 - 18.01.2024 16:00,103.09,EUR,
18.01.2024 16:00 - 18.01.2024 17:00,101.71,EUR,
18.01.2024 17:00 - 18.01.2024 18:00,113.14,EUR,
18.01.2024 18:00 - 18.01.2024 19:00,108.87,EUR,
18.01.2024 19:00 - 18.01.2024 20:00,106.33,EUR,
18.01.2024 20:00 - 18.01.2024 21:00,100.31,EUR,
18.01.2024 21:00 - 18.01.2024 22:00,84.56,EUR,
18.01.2024 22:00 - 18.01.2024 23:00,82.48,EUR,
18.01.2024 23:00 - 19.01.2024 00:00,73.61,EUR,
19.01.2024 00:00 - 19.01.2024 01:00,59.62,EUR,
19.01.2024 01:00 - 19.01.2024 02:00,49.35,EUR,
19.01.2024 02:00 - 19.01.2024 03:00,60.53,EUR,
19.01.2024 03:00 - 19.01.2024 04:00,62.76,EUR,
19.01.2024 04:00 - 19.01.2024 05:00,63.32,EUR,
19.01.2024 05:00 - 19.01.2024 06:00,67.53,EUR,
19.01.2024 06:00 - 19.01.2024 07:00,78.19,EUR,
19.01.2024 07:00 - 19.01.2024 08:00,93.05,EUR,
19.01.2024 08:00 - 19.01.2024 09:00,104.28,EUR,
19.01.2024 09:00 - 19.01.2024 10:00,103,EUR,
19.01.2024 10:00 - 19.01.2024 11:00,95.01,EUR,
19.01.2024 11:00 - 19.01.2024 12:00,86.7,EUR,
19.01.2024 12:00 - 19.01.2024 13:00,78.17,EUR,
19.01.2024 13:00 - 19.01.2024 14:00,74.17,EUR,
19.01.2024 14:00 - 19.01.2024 15:00,75.99,EUR,
19.01.2024 15:00 - 19.01.2024 16:00,93.46,EUR,
19.01.2024 16:00 - 19.01.2024 17:00,98.89,EUR,
19.01.2024 17:00 - 19.01.2024 18:00,106.93,EUR,
19.01.2024 18:00 - 19.01.2024 19:00,107.17,EUR,
19.01.2024 19:00 - 19.01.2024 20:00,98.1,EUR,
19.01.2024 20:00 - 19.01.2024 21:00,97.91,EUR,
19.01.2024 21:00 - 19.01.2024 22:00,74.38,EUR,
19.01.2024 22:00 - 19.01.2024 23:00,79.14,EUR,
19.01.2024 23:00 - 20.01.2024 00:00,67.35,EUR,
20.01.2024 00:00 - 20.01.2024 01:00,69.13,EUR,
20.01.2024 01:00 - 20.01.2024 02:00,85.4,EUR,
20.01.2024 02:00 - 20.01.2024 03:00,77.75,EUR,
20.01.2024 03:00 - 20.01.2024 04:00,62.71,EUR,
20.01.2024 04:00 - 20.01.2024 05:00,76.93,EUR,
20.01.2024 05:00 - 20.01.2024 06:00,76.93,EUR,
20.01.2024 06:00 - 20.01.2024 07:00,85.66,EUR,
20.01.2024 07:00 - 20.01.2024 08:00,69.15,EUR,
20.01.2024 08:00 - 20.01.2024 09:00,85.65,EUR,
20.01.2024 09:00 - 20.01.2024 10:00,99,EUR,
20.01.2024 10:00 - 20.01.2024 11:00,95.92,EUR,
20.01.2024 11:00 - 20.01.2024 12:00,100,EUR,
20.01.2024 12:00 - 20.01.2024 13:00,96.43,EUR,
20.01.2024 13:00 - 20.01.2024 14:00,90,EUR,
20.01.2024 14:00 - 20.01.2024 15:00,97.86,EUR,
20.01.2024 15:00 - 20.01.2024 16:00,90.85,EUR,
20.01.2024 16:00 - 20.01.2024 17:00,99.99,EUR,
20.01.2024 17:00 - 20.01.2024 18:00,105,EUR,
20.01.2024 18:00 - 20.01.2024 19:00,104.96,EUR,
20.01.2024 19:00 - 20.01.2024 20:00,93.23,EUR,
20.01.2024 20:00 - 20.01.2024 21:00,88.97,EUR,
20.01.2024 21:00 - 20.01.2024 22:00,76.44,EUR,
20.01.2024 22:00 - 20.01.2024 23:00,75.43,EUR,
20.01.2024 23:00 - 21.01.2024 00:00,69.13,EUR,
21.01.2024 00:00 - 21.01.2024 01:00,69.54,EUR,
21.01.2024 01:00 - 21.01.2024 02:00,57.96,EUR,
21.01.2024 02:00 - 21.01.2024 03:00,55.15,EUR,
21.01.2024 03:00 - 21.01.2024 04:00,50.89,EUR,
21.01.2024 04:00 - 21.01.2024 05:00,53.72,EUR,
21.01.2024 05:00 - 21.01.2024 06:00,61.2,EUR,
21.01.2024 06:00 - 21.01.2024 07:00,61.44,EUR,
21.01.2024 07:00 - 21.01.2024 08:00,64.65,EUR,
21.01.2024 08:00 - 21.01.2024 09:00,66.25,EUR,
21.01.2024 09:00 - 21.01.2024 10:00,59.01,EUR,
21.01.2024 10:00 - 21.01.2024 11:00,54.65,EUR,
21.01.2024 11:00 - 21.01.2024 12:00,50.98,EUR,
21.01.2024 12:00 - 21.01.2024 13:00,46.25,EUR,
21.01.2024 13:00 - 21.01.2024 14:00,47.03,EUR,
21.01.2024 14:00 - 21.01.2024 15:00,61.49,EUR,
21.01.2024 15:00 - 21.01.2024 16:00,88.38,EUR,
21.01.2024 16:00 - 21.01.2024 17:00,95,EUR,
21.01.2024 17:00 - 21.01.2024 18:00,98.81,EUR,
21.01.2024 18:00 - 21.01.2024 19:00,101.87,EUR,
21.01.2024 19:00 - 21.01.2024 20:00,98.69,EUR,
21.01.2024 20:00 - 21.01.2024 21:00,94,EUR,
21.01.2024 21:00 - 21.01.2024 22:00,77.65,EUR,
21.01.2024 22:00 - 21.01.2024 23:00,75,EUR,
21.01.2024 23:00 - 22.01.2024 00:00,60.46,EUR,
22.01.2024 00:00 - 22.01.2024 01:00,51.63,EUR,
22.01.2024 01:00 - 22.01.2024 02:00,54.01,EUR,
22.01.2024 02:00 - 22.01.2024 03:00,50.77,EUR,
22.01.2024 03:00 - 22.01.2024 04:00,44.2,EUR,
22.01.2024 04:00 - 22.01.2024 05:00,49.31,EUR,
22.01.2024 05:00 - 22.01.2024 06:00,95.68,EUR,
22.01.2024 06:00 - 22.01.2024 07:00,106,EUR,
22.01.2024 07:00 - 22.01.2024 08:00,114.5,EUR,
22.01.2024 08:00 - 22.01.2024 09:00,122.01,EUR,
22.01.2024 09:00 - 22.01.2024 10:00,109.32,EUR,
22.01.2024 10:00 - 22.01.2024 11:00,81.77,EUR,
22.01.2024 11:00 - 22.01.2024 12:00,78.27,EUR,
22.01.2024 12:00 - 22.01.2024 13:00,67.66,EUR,
22.01.2024 13:00 - 22.01.2024 14:00,83.15,EUR,
22.01.2024 14:00 - 22.01.2024 15:00,90.42,EUR,
22.01.2024 15:00 - 22.01.2024 16:00,113.41,EUR,
22.01.2024 16:00 - 22.01.2024 17:00,122,EUR,
22.01.2024 17:00 - 22.01.2024 18:00,131.8,EUR,
22.01.2024 18:00 - 22.01.2024 19:00,122.01,EUR,
22.01.2024 19:00 - 22.01.2024 20:00,114.5,EUR,
22.01.2024 20:00 - 22.01.2024 21:00,108.63,EUR,
22.01.2024 21:00 - 22.01.2024 22:00,99.83,EUR,
22.01.2024 22:00 - 22.01.2024 23:00,97.47,EUR,
22.01.2024 23:00 - 23.01.2024 00:00,90.01,EUR,
23.01.2024 00:00 - 23.01.2024 01:00,75.9,EUR,
23.01.2024 01:00 - 23.01.2024 02:00,72,EUR,
23.01.2024 02:00 - 23.01.2024 03:00,65.1,EUR,
23.01.2024 03:00 - 23.01.2024 04:00,65.1,EUR,
23.01.2024 04:00 - 23.01.2024 05:00,70.33,EUR,
23.01.2024 05:00 - 23.01.2024 06:00,122.01,EUR,
23.01.2024 06:00 - 23.01.2024 07:00,122,EUR,
23.01.2024 07:00 - 23.01.2024 08:00,122,EUR,
23.01.2024 08:00 - 23.01.2024 09:00,122,EUR,
23.01.2024 09:00 - 23.01.2024 10:00,101.17,EUR,
23.01.2024 10:00 - 23.01.2024 11:00,87.09,EUR,
23.01.2024 11:00 - 23.01.2024 12:00,67.61,EUR,
23.01.2024 12:00 - 23.01.2024 13:00,61.39,EUR,
23.01.2024 13:00 - 23.01.2024 14:00,65.91,EUR,
23.01.2024 14:00 - 23.01.2024 15:00,88.1,EUR,
23.01.2024 15:00 - 23.01.2024 16:00,117.88,EUR,
23.01.2024 16:00 - 23.01.2024 17:00,141.25,EUR,
23.01.2024 17:00 - 23.01.2024 18:00,174.64,EUR,
23.01.2024 18:00 - 23.01.2024 19:00,154.15,EUR,
23.01.2024 19:00 - 23.01.2024 20:00,122.01,EUR,
23.01.2024 20:00 - 23.01.2024 21:00,122,EUR,
23.01.2024 21:00 - 23.01.2024 22:00,97.86,EUR,
23.01.2024 22:00 - 23.01.2024 23:00,94.1,EUR,
23.01.2024 23:00 - 24.01.2024 00:00,89.44,EUR,
24.01.2024 00:00 - 24.01.2024 01:00,76.4,EUR,
24.01.2024 01:00 - 24.01.2024 02:00,71.58,EUR,
24.01.2024 02:00 - 24.01.2024 03:00,65.7,EUR,
24.01.2024 03:00 - 24.01.2024 04:00,52.87,EUR,
24.01.2024 04:00 - 24.01.2024 05:00,53.12,EUR,
24.01.2024 05:00 - 24.01.2024 06:00,79,EUR,
24.01.2024 06:00 - 24.01.2024 07:00,97.01,EUR,
24.01.2024 07:00 - 24.01.2024 08:00,122.01,EUR,
24.01.2024 08:00 - 24.01.2024 09:00,122.01,EUR,
24.01.2024 09:00 - 24.01.2024 10:00,78,EUR,
24.01.2024 10:00 - 24.01.2024 11:00,94.97,EUR,
24.01.2024 11:00 - 24.01.2024 12:00,85,EUR,
24.01.2024 12:00 - 24.01.2024 13:00,69,EUR,
24.01.2024 13:00 - 24.01.2024 14:00,84.97,EUR,
24.01.2024 14:00 - 24.01.2024 15:00,95.25,EUR,
24.01.2024 15:00 - 24.01.2024 16:00,101,EUR,
24.01.2024 16:00 - 24.01.2024 17:00,111.88,EUR,
24.01.2024 17:00 - 24.01.2024 18:00,122,EUR,
24.01.2024 18:00 - 24.01.2024 19:00,122,EUR,
24.01.2024 19:00 - 24.01.2024 20:00,119.27,EUR,
24.01.2024 20:00 - 24.01.2024 21:00,102.53,EUR,
24.01.2024 21:00 - 24.01.2024 22:00,101.94,EUR,
24.01.2024 22:00 - 24.01.2024 23:00,97.09,EUR,
24.01.2024 23:00 - 25.01.2024 00:00,94,EUR,
25.01.2024 00:00 - 25.01.2024 01:00,80.34,EUR,
25.01.2024 01:00 - 25.01.2024 02:00,72.23,EUR,
25.01.2024 02:00 - 25.01.2024 03:00,69.6,EUR,
25.01.2024 03:00 - 25.01.2024 04:00,66.9,EUR,
25.01.2024 04:00 - 25.01.2024 05:00,69.76,EUR,
25.01.2024 05:00 - 25.01.2024 06:00,146.28,EUR,
25.01.2024 06:00 - 25.01.2024 07:00,122.01,EUR,
25.01.2024 07:00 - 25.01.2024 08:00,127.94,EUR,
25.01.2024 08:00 - 25.01.2024 09:00,124.23,EUR,
25.01.2024 09:00 - 25.01.2024 10:00,102.4,EUR,
25.01.2024 10:00 - 25.01.2024 11:00,88.57,EUR,
25.01.2024 11:00 - 25.01.2024 12:00,78.66,EUR,
25.01.2024 12:00 - 25.01.2024 13:00,74.95,EUR,
25.01.2024 13:00 - 25.01.2024 14:00,78.1,EUR,
25.01.2024 14:00 - 25.01.2024 15:00,92,EUR,
25.01.2024 15:00 - 25.01.2024 16:00,99.88,EUR,
25.01.2024 16:00 - 25.01.2024 17:00,108.56,EUR,
25.01.2024 17:00 - 25.01.2024 18:00,126.56,EUR,
25.01.2024 18:00 - 25.01.2024 19:00,122,EUR,
25.01.2024 19:00 - 25.01.2024 20:00,120,EUR,
25.01.2024 20:00 - 25.01.2024 21:00,106.13,EUR,
25.01.2024 21:00 - 25.01.2024 22:00,99.74,EUR,
25.01.2024 22:00 - 25.01.2024 23:00,94,EUR,
25.01.2024 23:00 - 26.01.2024 00:00,89.49,EUR,
26.01.2024 00:00 - 26.01.2024 01:00,93.8,EUR,
26.01.2024 01:00 - 26.01.2024 02:00,88.89,EUR,
26.01.2024 02:00 - 26.01.2024 03:00,70,EUR,
26.01.2024 03:00 - 26.01.2024 04:00,66.64,EUR,
26.01.2024 04:00 - 26.01.2024 05:00,70,EUR,
26.01.2024 05:00 - 26.01.2024 06:00,90.01,EUR,
26.01.2024 06:00 - 26.01.2024 07:00,99.3,EUR,
26.01.2024 07:00 - 26.01.2024 08:00,120.05,EUR,
26.01.2024 08:00 - 26.01.2024 09:00,114.82,EUR,
26.01.2024 09:00 - 26.01.2024 10:00,101.46,EUR,
26.01.2024 10:00 - 26.01.2024 11:00,93.46,EUR,
26.01.2024 11:00 - 26.01.2024 12:00,91.66,EUR,
26.01.2024 12:00 - 26.01.2024 13:00,80.79,EUR,
26.01.2024 13:00 - 26.01.2024 14:00,87.52,EUR,
26.01.2024 14:00 - 26.01.2024 15:00,94.94,EUR,
26.01.2024 15:00 - 26.01.2024 16:00,101.66,EUR,
26.01.2024 16:00 - 26.01.2024 17:00,117.36,EUR,
26.01.2024 17:00 - 26.01.2024 18:00,122.01,EUR,
26.01.2024 18:00 - 26.01.2024 19:00,118.07,EUR,
26.01.2024 19:00 - 26.01.2024 20:00,107.72,EUR,
26.01.2024 20:00 - 26.01.2024 21:00,101.25,EUR,
26.01.2024 21:00 - 26.01.2024 22:00,98.57,EUR,
26.01.2024 22:00 - 26.01.2024 23:00,95.48,EUR,
26.01.2024 23:00 - 27.01.2024 00:00,94.05,EUR,
27.01.2024 00:00 - 27.01.2024 01:00,97.29,EUR,
27.01.2024 01:00 - 27.01.2024 02:00,93.27,EUR,
27.01.2024 02:00 - 27.01.2024 03:00,90.46,EUR,
27.01.2024 03:00 - 27.01.2024 04:00,86.44,EUR,
27.01.2024 04:00 - 27.01.2024 05:00,85.7,EUR,
27.01.2024 05:00 - 27.01.2024 06:00,86.44,EUR,
27.01.2024 06:00 - 27.01.2024 07:00,95.21,EUR,
27.01.2024 07:00 - 27.01.2024 08:00,104.94,EUR,
27.01.2024 08:00 - 27.01.2024 09:00,114.2,EUR,
27.01.2024 09:00 - 27.01.2024 10:00,104.23,EUR,
27.01.2024 10:00 - 27.01.2024 11:00,95,EUR,
27.01.2024 11:00 - 27.01.2024 12:00,70,EUR,
27.01.2024 12:00 - 27.01.2024 13:00,59.23,EUR,
27.01.2024 13:00 - 27.01.2024 14:00,64.12,EUR,
27.01.2024 14:00 - 27.01.2024 15:00,71.95,EUR,
27.01.2024 15:00 - 27.01.2024 16:00,78.34,EUR,
27.01.2024 16:00 - 27.01.2024 17:00,102.08,EUR,
27.01.2024 17:00 - 27.01.2024 18:00,106.54,EUR,
27.01.2024 18:00 - 27.01.2024 19:00,105.78,EUR,
27.01.2024 19:00 - 27.01.2024 20:00,100.02,EUR,
27.01.2024 20:00 - 27.01.2024 21:00,85,EUR,
27.01.2024 21:00 - 27.01.2024 22:00,79.38,EUR,
27.01.2024 22:00 - 27.01.2024 23:00,75.97,EUR,
27.01.2024 23:00 - 28.01.2024 00:00,72.7,EUR,
28.01.2024 00:00 - 28.01.2024 01:00,66.77,EUR,
28.01.2024 01:00 - 28.01.2024 02:00,60.62,EUR,
28.01.2024 02:00 - 28.01.2024 03:00,58.91,EUR,
28.01.2024 03:00 - 28.01.2024 04:00,58.54,EUR,
28.01.2024 04:00 - 28.01.2024 05:00,59.5,EUR,
28.01.2024 05:00 - 28.01.2024 06:00,61.82,EUR,
28.01.2024 06:00 - 28.01.2024 07:00,58.96,EUR,
28.01.2024 07:00 - 28.01.2024 08:00,67.83,EUR,
28.01.2024 08:00 - 28.01.2024 09:00,68.78,EUR,
28.01.2024 09:00 - 28.01.2024 10:00,66.76,EUR,
28.01.2024 10:00 - 28.01.2024 11:00,64.62,EUR,
28.01.2024 11:00 - 28.01.2024 12:00,49.99,EUR,
28.01.2024 12:00 - 28.01.2024 13:00,50,EUR,
28.01.2024 13:00 - 28.01.2024 14:00,47.22,EUR,
28.01.2024 14:00 - 28.01.2024 15:00,67.08,EUR,
28.01.2024 15:00 - 28.01.2024 16:00,77.31,EUR,
28.01.2024 16:00 - 28.01.2024 17:00,88.29,EUR,
28.01.2024 17:00 - 28.01.2024 18:00,98.36,EUR,
28.01.2024 18:00 - 28.01.2024 19:00,92.25,EUR,
28.01.2024 19:00 - 28.01.2024 20:00,89.44,EUR,
28.01.2024 20:00 - 28.01.2024 21:00,90,EUR,
28.01.2024 21:00 - 28.01.2024 22:00,97,EUR,
28.01.2024 22:00 - 28.01.2024 23:00,69.81,EUR,
28.01.2024 23:00 - 29.01.2024 00:00,56,EUR,
29.01.2024 00:00 - 29.01.2024 01:00,49.98,EUR,
29.01.2024 01:00 - 29.01.2024 02:00,47.26,EUR,
29.01.2024 02:00 - 29.01.2024 03:00,48.12,EUR,
29.01.2024 03:00 - 29.01.2024 04:00,47.97,EUR,
29.01.2024 04:00 - 29.01.2024 05:00,51.58,EUR,
29.01.2024 05:00 - 29.01.2024 06:00,60.06,EUR,
29.01.2024 06:00 - 29.01.2024 07:00,96.78,EUR,
29.01.2024 07:00 - 29.01.2024 08:00,103.14,EUR,
29.01.2024 08:00 - 29.01.2024 09:00,106.82,EUR,
29.01.2024 09:00 - 29.01.2024 10:00,88.39,EUR,
29.01.2024 10:00 - 29.01.2024 11:00,78.9,EUR,
29.01.2024 11:00 - 29.01.2024 12:00,71.27,EUR,
29.01.2024 12:00 - 29.01.2024 13:00,70.24,EUR,
29.01.2024 13:00 - 29.01.2024 14:00,86.54,EUR,
29.01.2024 14:00 - 29.01.2024 15:00,96,EUR,
29.01.2024 15:00 - 29.01.2024 16:00,100.48,EUR,
29.01.2024 16:00 - 29.01.2024 17:00,109.78,EUR,
29.01.2024 17:00 - 29.01.2024 18:00,126.3,EUR,
29.01.2024 18:00 - 29.01.2024 19:00,120.69,EUR,
29.01.2024 19:00 - 29.01.2024 20:00,107.52,EUR,
29.01.2024 20:00 - 29.01.2024 21:00,91.74,EUR,
29.01.2024 21:00 - 29.01.2024 22:00,86.09,EUR,
29.01.2024 22:00 - 29.01.2024 23:00,83.31,EUR,
29.01.2024 23:00 - 30.01.2024 00:00,80.29,EUR,
30.01.2024 00:00 - 30.01.2024 01:00,71.94,EUR,
30.01.2024 01:00 - 30.01.2024 02:00,68.77,EUR,
30.01.2024 02:00 - 30.01.2024 03:00,69.37,EUR,
30.01.2024 03:00 - 30.01.2024 04:00,67.15,EUR,
30.01.2024 04:00 - 30.01.2024 05:00,66.79,EUR,
30.01.2024 05:00 - 30.01.2024 06:00,69.37,EUR,
30.01.2024 06:00 - 30.01.2024 07:00,95.98,EUR,
30.01.2024 07:00 - 30.01.2024 08:00,107.61,EUR,
30.01.2024 08:00 - 30.01.2024 09:00,96.18,EUR,
30.01.2024 09:00 - 30.01.2024 10:00,84.93,EUR,
30.01.2024 10:00 - 30.01.2024 11:00,77.15,EUR,
30.01.2024 11:00 - 30.01.2024 12:00,70.1,EUR,
30.01.2024 12:00 - 30.01.2024 13:00,68.1,EUR,
30.01.2024 13:00 - 30.01.2024 14:00,68.23,EUR,
30.01.2024 14:00 - 30.01.2024 15:00,71.93,EUR,
30.01.2024 15:00 - 30.01.2024 16:00,96.23,EUR,
30.01.2024 16:00 - 30.01.2024 17:00,108.58,EUR,
30.01.2024 17:00 - 30.01.2024 18:00,122.01,EUR,
30.01.2024 18:00 - 30.01.2024 19:00,122.01,EUR,
30.01.2024 19:00 - 30.01.2024 20:00,118.14,EUR,
30.01.2024 20:00 - 30.01.2024 21:00,108.14,EUR,
30.01.2024 21:00 - 30.01.2024 22:00,100.24,EUR,
30.01.2024 22:00 - 30.01.2024 23:00,84.47,EUR,
30.01.2024 23:00 - 31.01.2024 00:00,72.48,EUR,
31.01.2024 00:00 - 31.01.2024 01:00,75.08,EUR,
31.01.2024 01:00 - 31.01.2024 02:00,85.55,EUR,
31.01.2024 02:00 - 31.01.2024 03:00,70.89,EUR,
31.01.2024 03:00 - 31.01.2024 04:00,69.82,EUR,
31.01.2024 04:00 - 31.01.2024 05:00,80,EUR,
31.01.2024 05:00 - 31.01.2024 06:00,95.13,EUR,
31.01.2024 06:00 - 31.01.2024 07:00,103.37,EUR,
31.01.2024 07:00 - 31.01.2024 08:00,111.76,EUR,
31.01.2024 08:00 - 31.01.2024 09:00,113.48,EUR,
31.01.2024 09:00 - 31.01.2024 10:00,93.56,EUR,
31.01.2024 10:00 - 31.01.2024 11:00,74.85,EUR,
31.01.2024 11:00 - 31.01.2024 12:00,77.09,EUR,
31.01.2024 12:00 - 31.01.2024 13:00,74.91,EUR,
31.01.2024 13:00 - 31.01.2024 14:00,72.39,EUR,
31.01.2024 14:00 - 31.01.2024 15:00,82.22,EUR,
31.01.2024 15:00 - 31.01.2024 16:00,97,EUR,
31.01.2024 16:00 - 31.01.2024 17:00,103.58,EUR,
31.01.2024 17:00 - 31.01.2024 18:00,116.52,EUR,
31.01.2024 18:00 - 31.01.2024 19:00,115,EUR,
31.01.2024 19:00 - 31.01.2024 20:00,117.15,EUR,
31.01.2024 20:00 - 31.01.2024 21:00,105,EUR,
31.01.2024 21:00 - 31.01.2024 22:00,101.37,EUR,
31.01.2024 22:00 - 31.01.2024 23:00,99.38,EUR,
31.01.2024 23:00 - 01.02.2024 00:00,89,EUR,
01.02.2024 00:00 - 01.02.2024 01:00,89.23,EUR,
01.02.2024 01:00 - 01.02.2024 02:00,85.9,EUR,
01.02.2024 02:00 - 01.02.2024 03:00,80,EUR,
01.02.2024 03:00 - 01.02.2024 04:00,73.06,EUR,
01.02.2024 04:00 - 01.02.2024 05:00,83.8,EUR,
01.02.2024 05:00 - 01.02.2024 06:00,99.57,EUR,
01.02.2024 06:00 - 01.02.2024 07:00,107.36,EUR,
01.02.2024 07:00 - 01.02.2024 08:00,107.68,EUR,
01.02.2024 08:00 - 01.02.2024 09:00,94.74,EUR,
01.02.2024 09:00 - 01.02.2024 10:00,88.65,EUR,
01.02.2024 10:00 - 01.02.2024 11:00,72.77,EUR,
01.02.2024 11:00 - 01.02.2024 12:00,47.35,EUR,
01.02.2024 12:00 - 01.02.2024 13:00,68.15,EUR,
01.02.2024 13:00 - 01.02.2024 14:00,79.99,EUR,
01.02.2024 14:00 - 01.02.2024 15:00,84.13,EUR,
01.02.2024 15:00 - 01.02.2024 16:00,96.35,EUR,
01.02.2024 16:00 - 01.02.2024 17:00,102.56,EUR,
01.02.2024 17:00 - 01.02.2024 18:00,122.01,EUR,
01.02.2024 18:00 - 01.02.2024 19:00,130.97,EUR,
01.02.2024 19:00 - 01.02.2024 20:00,122,EUR,
01.02.2024 20:00 - 01.02.2024 21:00,110.67,EUR,
01.02.2024 21:00 - 01.02.2024 22:00,107.98,EUR,
01.02.2024 22:00 - 01.02.2024 23:00,99.48,EUR,
01.02.2024 23:00 - 02.02.2024 00:00,94.7,EUR,
02.02.2024 00:00 - 02.02.2024 01:00,90.44,EUR,
02.02.2024 01:00 - 02.02.2024 02:00,89.67,EUR,
02.02.2024 02:00 - 02.02.2024 03:00,80.49,EUR,
02.02.2024 03:00 - 02.02.2024 04:00,80,EUR,
02.02.2024 04:00 - 02.02.2024 05:00,88.59,EUR,
02.02.2024 05:00 - 02.02.2024 06:00,94.37,EUR,
02.02.2024 06:00 - 02.02.2024 07:00,100.37,EUR,
02.02.2024 07:00 - 02.02.2024 08:00,120.72,EUR,
02.02.2024 08:00 - 02.02.2024 09:00,111.14,EUR,
02.02.2024 09:00 - 02.02.2024 10:00,96.34,EUR,
02.02.2024 10:00 - 02.02.2024 11:00,81.63,EUR,
02.02.2024 11:00 - 02.02.2024 12:00,74.65,EUR,
02.02.2024 12:00 - 02.02.2024 13:00,70,EUR,
02.02.2024 13:00 - 02.02.2024 14:00,70,EUR,
02.02.2024 14:00 - 02.02.2024 15:00,77.08,EUR,
02.02.2024 15:00 - 02.02.2024 16:00,90.46,EUR,
02.02.2024 16:00 - 02.02.2024 17:00,106.41,EUR,
02.02.2024 17:00 - 02.02.2024 18:00,118.59,EUR,
02.02.2024 18:00 - 02.02.2024 19:00,121.52,EUR,
02.02.2024 19:00 - 02.02.2024 20:00,112.69,EUR,
02.02.2024 20:00 - 02.02.2024 21:00,109,EUR,
02.02.2024 21:00 - 02.02.2024 22:00,95.52,EUR,
02.02.2024 22:00 - 02.02.2024 23:00,89.91,EUR,
02.02.2024 23:00 - 03.02.2024 00:00,76.47,EUR,
03.02.2024 00:00 - 03.02.2024 01:00,91.09,EUR,
03.02.2024 01:00 - 03.02.2024 02:00,88.25,EUR,
03.02.2024 02:00 - 03.02.2024 03:00,83,EUR,
03.02.2024 03:00 - 03.02.2024 04:00,76.5,EUR,
03.02.2024 04:00 - 03.02.2024 05:00,76.5,EUR,
03.02.2024 05:00 - 03.02.2024 06:00,78.7,EUR,
03.02.2024 06:00 - 03.02.2024 07:00,98.09,EUR,
03.02.2024 07:00 - 03.02.2024 08:00,103.17,EUR,
03.02.2024 08:00 - 03.02.2024 09:00,67.87,EUR,
03.02.2024 09:00 - 03.02.2024 10:00,60.75,EUR,
03.02.2024 10:00 - 03.02.2024 11:00,52.94,EUR,
03.02.2024 11:00 - 03.02.2024 12:00,45.21,EUR,
03.02.2024 12:00 - 03.02.2024 13:00,41.55,EUR,
03.02.2024 13:00 - 03.02.2024 14:00,40.65,EUR,
03.02.2024 14:00 - 03.02.2024 15:00,47.6,EUR,
03.02.2024 15:00 - 03.02.2024 16:00,74,EUR,
03.02.2024 16:00 - 03.02.2024 17:00,90.46,EUR,
03.02.2024 17:00 - 03.02.2024 18:00,106.57,EUR,
03.02.2024 18:00 - 03.02.2024 19:00,112,EUR,
03.02.2024 19:00 - 03.02.2024 20:00,97.05,EUR,
03.02.2024 20:00 - 03.02.2024 21:00,101.41,EUR,
03.02.2024 21:00 - 03.02.2024 22:00,91.65,EUR,
03.02.2024 22:00 - 03.02.2024 23:00,89.97,EUR,
03.02.2024 23:00 - 04.02.2024 00:00,85.1,EUR,
04.02.2024 00:00 - 04.02.2024 01:00,85.85,EUR,
04.02.2024 01:00 - 04.02.2024 02:00,85,EUR,
04.02.2024 02:00 - 04.02.2024 03:00,77.13,EUR,
04.02.2024 03:00 - 04.02.2024 04:00,71.01,EUR,
04.02.2024 04:00 - 04.02.2024 05:00,70,EUR,
04.02.2024 05:00 - 04.02.2024 06:00,66.36,EUR,
04.02.2024 06:00 - 04.02.2024 07:00,77.13,EUR,
04.02.2024 07:00 - 04.02.2024 08:00,86.15,EUR,
04.02.2024 08:00 - 04.02.2024 09:00,40.96,EUR,
04.02.2024 09:00 - 04.02.2024 10:00,38.69,EUR,
04.02.2024 10:00 - 04.02.2024 11:00,29.72,EUR,
04.02.2024 11:00 - 04.02.2024 12:00,25.7,EUR,
04.02.2024 12:00 - 04.02.2024 13:00,19.41,EUR,
04.02.2024 13:00 - 04.02.2024 14:00,13.66,EUR,
04.02.2024 14:00 - 04.02.2024 15:00,29.82,EUR,
04.02.2024 15:00 - 04.02.2024 16:00,85,EUR,
04.02.2024 16:00 - 04.02.2024 17:00,85.22,EUR,
04.02.2024 17:00 - 04.02.2024 18:00,94.99,EUR,
04.02.2024 18:00 - 04.02.2024 19:00,103.54,EUR,
04.02.2024 19:00 - 04.02.2024 20:00,88.03,EUR,
04.02.2024 20:00 - 04.02.2024 21:00,107.12,EUR,
04.02.2024 21:00 - 04.02.2024 22:00,100,EUR,
04.02.2024 22:00 - 04.02.2024 23:00,97.15,EUR,
04.02.2024 23:00 - 05.02.2024 00:00,85,EUR,
05.02.2024 00:00 - 05.02.2024 01:00,80.93,EUR,
05.02.2024 01:00 - 05.02.2024 02:00,79.7,EUR,
05.02.2024 02:00 - 05.02.2024 03:00,70.27,EUR,
05.02.2024 03:00 - 05.02.2024 04:00,70.3,EUR,
05.02.2024 04:00 - 05.02.2024 05:00,70,EUR,
05.02.2024 05:00 - 05.02.2024 06:00,74.37,EUR,
05.02.2024 06:00 - 05.02.2024 07:00,100.58,EUR,
05.02.2024 07:00 - 05.02.2024 08:00,110,EUR,
05.02.2024 08:00 - 05.02.2024 09:00,92.85,EUR,
05.02.2024 09:00 - 05.02.2024 10:00,76.03,EUR,
05.02.2024 10:00 - 05.02.2024 11:00,58.29,EUR,
05.02.2024 11:00 - 05.02.2024 12:00,47,EUR,
05.02.2024 12:00 - 05.02.2024 13:00,36.36,EUR,
05.02.2024 13:00 - 05.02.2024 14:00,31.72,EUR,
05.02.2024 14:00 - 05.02.2024 15:00,59.11,EUR,
05.02.2024 15:00 - 05.02.2024 16:00,74.55,EUR,
05.02.2024 16:00 - 05.02.2024 17:00,83.33,EUR,
05.02.2024 17:00 - 05.02.2024 18:00,98.14,EUR,
05.02.2024 18:00 - 05.02.2024 19:00,92.21,EUR,
05.02.2024 19:00 - 05.02.2024 20:00,87.33,EUR,
05.02.2024 20:00 - 05.02.2024 21:00,89.65,EUR,
05.02.2024 21:00 - 05.02.2024 22:00,100,EUR,
05.02.2024 22:00 - 05.02.2024 23:00,93.89,EUR,
05.02.2024 23:00 - 06.02.2024 00:00,90,EUR,
06.02.2024 00:00 - 06.02.2024 01:00,83.85,EUR,
06.02.2024 01:00 - 06.02.2024 02:00,78.5,EUR,
06.02.2024 02:00 - 06.02.2024 03:00,72.6,EUR,
06.02.2024 03:00 - 06.02.2024 04:00,72.25,EUR,
06.02.2024 04:00 - 06.02.2024 05:00,73.08,EUR,
06.02.2024 05:00 - 06.02.2024 06:00,83.03,EUR,
06.02.2024 06:00 - 06.02.2024 07:00,105,EUR,
06.02.2024 07:00 - 06.02.2024 08:00,107.52,EUR,
06.02.2024 08:00 - 06.02.2024 09:00,97.06,EUR,
06.02.2024 09:00 - 06.02.2024 10:00,71.39,EUR,
06.02.2024 10:00 - 06.02.2024 11:00,60.71,EUR,
06.02.2024 11:00 - 06.02.2024 12:00,47.68,EUR,
06.02.2024 12:00 - 06.02.2024 13:00,45,EUR,
06.02.2024 13:00 - 06.02.2024 14:00,43.74,EUR,
06.02.2024 14:00 - 06.02.2024 15:00,57.4,EUR,
06.02.2024 15:00 - 06.02.2024 16:00,70.63,EUR,
06.02.2024 16:00 - 06.02.2024 17:00,75.78,EUR,
06.02.2024 17:00 - 06.02.2024 18:00,92.52,EUR,
06.02.2024 18:00 - 06.02.2024 19:00,98.47,EUR,
06.02.2024 19:00 - 06.02.2024 20:00,88.85,EUR,
06.02.2024 20:00 - 06.02.2024 21:00,85.82,EUR,
06.02.2024 21:00 - 06.02.2024 22:00,80,EUR,
06.02.2024 22:00 - 06.02.2024 23:00,82.39,EUR,
06.02.2024 23:00 - 07.02.2024 00:00,80,EUR,
07.02.2024 00:00 - 07.02.2024 01:00,49.57,EUR,
07.02.2024 01:00 - 07.02.2024 02:00,79.99,EUR,
07.02.2024 02:00 - 07.02.2024 03:00,42.91,EUR,
07.02.2024 03:00 - 07.02.2024 04:00,49.19,EUR,
07.02.2024 04:00 - 07.02.2024 05:00,85.96,EUR,
07.02.2024 05:00 - 07.02.2024 06:00,87.09,EUR,
07.02.2024 06:00 - 07.02.2024 07:00,99.99,EUR,
07.02.2024 07:00 - 07.02.2024 08:00,93.25,EUR,
07.02.2024 08:00 - 07.02.2024 09:00,86.39,EUR,
07.02.2024 09:00 - 07.02.2024 10:00,83.88,EUR,
07.02.2024 10:00 - 07.02.2024 11:00,79.27,EUR,
07.02.2024 11:00 - 07.02.2024 12:00,76.25,EUR,
07.02.2024 12:00 - 07.02.2024 13:00,74.49,EUR,
07.02.2024 13:00 - 07.02.2024 14:00,76.5,EUR,
07.02.2024 14:00 - 07.02.2024 15:00,76.3,EUR,
07.02.2024 15:00 - 07.02.2024 16:00,84.81,EUR,
07.02.2024 16:00 - 07.02.2024 17:00,93.07,EUR,
07.02.2024 17:00 - 07.02.2024 18:00,113.04,EUR,
07.02.2024 18:00 - 07.02.2024 19:00,129.62,EUR,
07.02.2024 19:00 - 07.02.2024 20:00,107.57,EUR,
07.02.2024 20:00 - 07.02.2024 21:00,97.44,EUR,
07.02.2024 21:00 - 07.02.2024 22:00,89.42,EUR,
07.02.2024 22:00 - 07.02.2024 23:00,84.6,EUR,
07.02.2024 23:00 - 08.02.2024 00:00,77.76,EUR,
08.02.2024 00:00 - 08.02.2024 01:00,73.7,EUR,
08.02.2024 01:00 - 08.02.2024 02:00,73.2,EUR,
08.02.2024 02:00 - 08.02.2024 03:00,72.15,EUR,
08.02.2024 03:00 - 08.02.2024 04:00,71.08,EUR,
08.02.2024 04:00 - 08.02.2024 05:00,71.54,EUR,
08.02.2024 05:00 - 08.02.2024 06:00,77.65,EUR,
08.02.2024 06:00 - 08.02.2024 07:00,96.1,EUR,
08.02.2024 07:00 - 08.02.2024 08:00,108.27,EUR,
08.02.2024 08:00 - 08.02.2024 09:00,125.94,EUR,
08.02.2024 09:00 - 08.02.2024 10:00,106.89,EUR,
08.02.2024 10:00 - 08.02.2024 11:00,91.77,EUR,
08.02.2024 11:00 - 08.02.2024 12:00,76.5,EUR,
08.02.2024 12:00 - 08.02.2024 13:00,76.26,EUR,
08.02.2024 13:00 - 08.02.2024 14:00,71.64,EUR,
08.02.2024 14:00 - 08.02.2024 15:00,89.23,EUR,
08.02.2024 15:00 - 08.02.2024 16:00,95.35,EUR,
08.02.2024 16:00 - 08.02.2024 17:00,100,EUR,
08.02.2024 17:00 - 08.02.2024 18:00,112.04,EUR,
08.02.2024 18:00 - 08.02.2024 19:00,106.57,EUR,
08.02.2024 19:00 - 08.02.2024 20:00,104.14,EUR,
08.02.2024 20:00 - 08.02.2024 21:00,98.54,EUR,
08.02.2024 21:00 - 08.02.2024 22:00,90.98,EUR,
08.02.2024 22:00 - 08.02.2024 23:00,87.52,EUR,
08.02.2024 23:00 - 09.02.2024 00:00,83.37,EUR,
09.02.2024 00:00 - 09.02.2024 01:00,85.27,EUR,
09.02.2024 01:00 - 09.02.2024 02:00,75.05,EUR,
09.02.2024 02:00 - 09.02.2024 03:00,73.84,EUR,
09.02.2024 03:00 - 09.02.2024 04:00,71.59,EUR,
09.02.2024 04:00 - 09.02.2024 05:00,71.73,EUR,
09.02.2024 05:00 - 09.02.2024 06:00,76.73,EUR,
09.02.2024 06:00 - 09.02.2024 07:00,95.76,EUR,
09.02.2024 07:00 - 09.02.2024 08:00,90.42,EUR,
09.02.2024 08:00 - 09.02.2024 09:00,89.87,EUR,
09.02.2024 09:00 - 09.02.2024 10:00,85.02,EUR,
09.02.2024 10:00 - 09.02.2024 11:00,66.01,EUR,
09.02.2024 11:00 - 09.02.2024 12:00,30.94,EUR,
09.02.2024 12:00 - 09.02.2024 13:00,17.35,EUR,
09.02.2024 13:00 - 09.02.2024 14:00,48.69,EUR,
09.02.2024 14:00 - 09.02.2024 15:00,80.85,EUR,
09.02.2024 15:00 - 09.02.2024 16:00,85.3,EUR,
09.02.2024 16:00 - 09.02.2024 17:00,88.68,EUR,
09.02.2024 17:00 - 09.02.2024 18:00,93.57,EUR,
09.02.2024 18:00 - 09.02.2024 19:00,95.08,EUR,
09.02.2024 19:00 - 09.02.2024 20:00,90.38,EUR,
09.02.2024 20:00 - 09.02.2024 21:00,87.61,EUR,
09.02.2024 21:00 - 09.02.2024 22:00,76.85,EUR,
09.02.2024 22:00 - 09.02.2024 23:00,76.96,EUR,
09.02.2024 23:00 - 10.02.2024 00:00,77.1,EUR,
10.02.2024 00:00 - 10.02.2024 01:00,63.1,EUR,
10.02.2024 01:00 - 10.02.2024 02:00,64.08,EUR,
10.02.2024 02:00 - 10.02.2024 03:00,64.4,EUR,
10.02.2024 03:00 - 10.02.2024 04:00,64.39,EUR,
10.02.2024 04:00 - 10.02.2024 05:00,64.41,EUR,
10.02.2024 05:00 - 10.02.2024 06:00,65.82,EUR,
10.02.2024 06:00 - 10.02.2024 07:00,70.91,EUR,
10.02.2024 07:00 - 10.02.2024 08:00,74.86,EUR,
10.02.2024 08:00 - 10.02.2024 09:00,77.7,EUR,
10.02.2024 09:00 - 10.02.2024 10:00,80.38,EUR,
10.02.2024 10:00 - 10.02.2024 11:00,74.65,EUR,
10.02.2024 11:00 - 10.02.2024 12:00,69.47,EUR,
10.02.2024 12:00 - 10.02.2024 13:00,64.66,EUR,
10.02.2024 13:00 - 10.02.2024 14:00,66.72,EUR,
10.02.2024 14:00 - 10.02.2024 15:00,69.53,EUR,
10.02.2024 15:00 - 10.02.2024 16:00,77.17,EUR,
10.02.2024 16:00 - 10.02.2024 17:00,85.32,EUR,
10.02.2024 17:00 - 10.02.2024 18:00,88.35,EUR,
10.02.2024 18:00 - 10.02.2024 19:00,88.54,EUR,
10.02.2024 19:00 - 10.02.2024 20:00,81.15,EUR,
10.02.2024 20:00 - 10.02.2024 21:00,74.4,EUR,
10.02.2024 21:00 - 10.02.2024 22:00,67.93,EUR,
10.02.2024 22:00 - 10.02.2024 23:00,66.17,EUR,
10.02.2024 23:00 - 11.02.2024 00:00,63.52,EUR,
11.02.2024 00:00 - 11.02.2024 01:00,55.62,EUR,
11.02.2024 01:00 - 11.02.2024 02:00,53.79,EUR,
11.02.2024 02:00 - 11.02.2024 03:00,52.6,EUR,
11.02.2024 03:00 - 11.02.2024 04:00,46.83,EUR,
11.02.2024 04:00 - 11.02.2024 05:00,43.4,EUR,
11.02.2024 05:00 - 11.02.2024 06:00,46.12,EUR,
11.02.2024 06:00 - 11.02.2024 07:00,49.22,EUR,
11.02.2024 07:00 - 11.02.2024 08:00,34.11,EUR,
11.02.2024 08:00 - 11.02.2024 09:00,14.99,EUR,
11.02.2024 09:00 - 11.02.2024 10:00,51.38,EUR,
11.02.2024 10:00 - 11.02.2024 11:00,40.95,EUR,
11.02.2024 11:00 - 11.02.2024 12:00,20,EUR,
11.02.2024 12:00 - 11.02.2024 13:00,10.05,EUR,
11.02.2024 13:00 - 11.02.2024 14:00,10.05,EUR,
11.02.2024 14:00 - 11.02.2024 15:00,20,EUR,
11.02.2024 15:00 - 11.02.2024 16:00,62.86,EUR,
11.02.2024 16:00 - 11.02.2024 17:00,67.57,EUR,
11.02.2024 17:00 - 11.02.2024 18:00,76.34,EUR,
11.02.2024 18:00 - 11.02.2024 19:00,82.23,EUR,
11.02.2024 19:00 - 11.02.2024 20:00,80.83,EUR,
11.02.2024 20:00 - 11.02.2024 21:00,76.77,EUR,
11.02.2024 21:00 - 11.02.2024 22:00,70.72,EUR,
11.02.2024 22:00 - 11.02.2024 23:00,68.39,EUR,
11.02.2024 23:00 - 12.02.2024 00:00,64.01,EUR,
12.02.2024 00:00 - 12.02.2024 01:00,64.35,EUR,
12.02.2024 01:00 - 12.02.2024 02:00,57.56,EUR,
12.02.2024 02:00 - 12.02.2024 03:00,55.9,EUR,
12.02.2024 03:00 - 12.02.2024 04:00,54.61,EUR,
12.02.2024 04:00 - 12.02.2024 05:00,59.21,EUR,
12.02.2024 05:00 - 12.02.2024 06:00,65,EUR,
12.02.2024 06:00 - 12.02.2024 07:00,76,EUR,
12.02.2024 07:00 - 12.02.2024 08:00,85.41,EUR,
12.02.2024 08:00 - 12.02.2024 09:00,104,EUR,
12.02.2024 09:00 - 12.02.2024 10:00,96.5,EUR,
12.02.2024 10:00 - 12.02.2024 11:00,85.48,EUR,
12.02.2024 11:00 - 12.02.2024 12:00,44.41,EUR,
12.02.2024 12:00 - 12.02.2024 13:00,42.81,EUR,
12.02.2024 13:00 - 12.02.2024 14:00,72.12,EUR,
12.02.2024 14:00 - 12.02.2024 15:00,76.45,EUR,
12.02.2024 15:00 - 12.02.2024 16:00,81.02,EUR,
12.02.2024 16:00 - 12.02.2024 17:00,84.54,EUR,
12.02.2024 17:00 - 12.02.2024 18:00,91.11,EUR,
12.02.2024 18:00 - 12.02.2024 19:00,96,EUR,
12.02.2024 19:00 - 12.02.2024 20:00,89.08,EUR,
12.02.2024 20:00 - 12.02.2024 21:00,84.9,EUR,
12.02.2024 21:00 - 12.02.2024 22:00,88.12,EUR,
12.02.2024 22:00 - 12.02.2024 23:00,85.66,EUR,
12.02.2024 23:00 - 13.02.2024 00:00,80.94,EUR,
13.02.2024 00:00 - 13.02.2024 01:00,68.59,EUR,
13.02.2024 01:00 - 13.02.2024 02:00,84.58,EUR,
13.02.2024 02:00 - 13.02.2024 03:00,83,EUR,
13.02.2024 03:00 - 13.02.2024 04:00,82.12,EUR,
13.02.2024 04:00 - 13.02.2024 05:00,84.69,EUR,
13.02.2024 05:00 - 13.02.2024 06:00,89,EUR,
13.02.2024 06:00 - 13.02.2024 07:00,95,EUR,
13.02.2024 07:00 - 13.02.2024 08:00,89.81,EUR,
13.02.2024 08:00 - 13.02.2024 09:00,89.28,EUR,
13.02.2024 09:00 - 13.02.2024 10:00,75.12,EUR,
13.02.2024 10:00 - 13.02.2024 11:00,69.21,EUR,
13.02.2024 11:00 - 13.02.2024 12:00,63.87,EUR,
13.02.2024 12:00 - 13.02.2024 13:00,60.53,EUR,
13.02.2024 13:00 - 13.02.2024 14:00,60.26,EUR,
13.02.2024 14:00 - 13.02.2024 15:00,63.1,EUR,
13.02.2024 15:00 - 13.02.2024 16:00,70.7,EUR,
13.02.2024 16:00 - 13.02.2024 17:00,93.26,EUR,
13.02.2024 17:00 - 13.02.2024 18:00,99.34,EUR,
13.02.2024 18:00 - 13.02.2024 19:00,104.46,EUR,
13.02.2024 19:00 - 13.02.2024 20:00,98.13,EUR,
13.02.2024 20:00 - 13.02.2024 21:00,94,EUR,
13.02.2024 21:00 - 13.02.2024 22:00,88.68,EUR,
13.02.2024 22:00 - 13.02.2024 23:00,78.58,EUR,
13.02.2024 23:00 - 14.02.2024 00:00,56.89,EUR,
14.02.2024 00:00 - 14.02.2024 01:00,60.63,EUR,
14.02.2024 01:00 - 14.02.2024 02:00,59.71,EUR,
14.02.2024 02:00 - 14.02.2024 03:00,55.76,EUR,
14.02.2024 03:00 - 14.02.2024 04:00,54.79,EUR,
14.02.2024 04:00 - 14.02.2024 05:00,55.06,EUR,
14.02.2024 05:00 - 14.02.2024 06:00,68.78,EUR,
14.02.2024 06:00 - 14.02.2024 07:00,86,EUR,
14.02.2024 07:00 - 14.02.2024 08:00,91.37,EUR,
14.02.2024 08:00 - 14.02.2024 09:00,89.87,EUR,
14.02.2024 09:00 - 14.02.2024 10:00,69.65,EUR,
14.02.2024 10:00 - 14.02.2024 11:00,54.01,EUR,
14.02.2024 11:00 - 14.02.2024 12:00,3,EUR,
14.02.2024 12:00 - 14.02.2024 13:00,50,EUR,
14.02.2024 13:00 - 14.02.2024 14:00,61.32,EUR,
14.02.2024 14:00 - 14.02.2024 15:00,67.2,EUR,
14.02.2024 15:00 - 14.02.2024 16:00,73.8,EUR,
14.02.2024 16:00 - 14.02.2024 17:00,88.17,EUR,
14.02.2024 17:00 - 14.02.2024 18:00,95.27,EUR,
14.02.2024 18:00 - 14.02.2024 19:00,97.32,EUR,
14.02.2024 19:00 - 14.02.2024 20:00,93.52,EUR,
14.02.2024 20:00 - 14.02.2024 21:00,85.3,EUR,
14.02.2024 21:00 - 14.02.2024 22:00,76.15,EUR,
14.02.2024 22:00 - 14.02.2024 23:00,68.2,EUR,
14.02.2024 23:00 - 15.02.2024 00:00,63.8,EUR,
15.02.2024 00:00 - 15.02.2024 01:00,20.1,EUR,
15.02.2024 01:00 - 15.02.2024 02:00,21.58,EUR,
15.02.2024 02:00 - 15.02.2024 03:00,22.33,EUR,
15.02.2024 03:00 - 15.02.2024 04:00,29.75,EUR,
15.02.2024 04:00 - 15.02.2024 05:00,31.01,EUR,
15.02.2024 05:00 - 15.02.2024 06:00,51.49,EUR,
15.02.2024 06:00 - 15.02.2024 07:00,79.69,EUR,
15.02.2024 07:00 - 15.02.2024 08:00,84.16,EUR,
15.02.2024 08:00 - 15.02.2024 09:00,78.14,EUR,
15.02.2024 09:00 - 15.02.2024 10:00,38.94,EUR,
15.02.2024 10:00 - 15.02.2024 11:00,10.05,EUR,
15.02.2024 11:00 - 15.02.2024 12:00,10.05,EUR,
15.02.2024 12:00 - 15.02.2024 13:00,10.05,EUR,
15.02.2024 13:00 - 15.02.2024 14:00,15,EUR,
15.02.2024 14:00 - 15.02.2024 15:00,60.29,EUR,
15.02.2024 15:00 - 15.02.2024 16:00,76.18,EUR,
15.02.2024 16:00 - 15.02.2024 17:00,88.98,EUR,
15.02.2024 17:00 - 15.02.2024 18:00,94.47,EUR,
15.02.2024 18:00 - 15.02.2024 19:00,95.32,EUR,
15.02.2024 19:00 - 15.02.2024 20:00,89.88,EUR,
15.02.2024 20:00 - 15.02.2024 21:00,82.72,EUR,
15.02.2024 21:00 - 15.02.2024 22:00,77.44,EUR,
15.02.2024 22:00 - 15.02.2024 23:00,69.83,EUR,
15.02.2024 23:00 - 16.02.2024 00:00,63.46,EUR,
16.02.2024 00:00 - 16.02.2024 01:00,51.76,EUR,
16.02.2024 01:00 - 16.02.2024 02:00,51.08,EUR,
16.02.2024 02:00 - 16.02.2024 03:00,49.92,EUR,
16.02.2024 03:00 - 16.02.2024 04:00,48.62,EUR,
16.02.2024 04:00 - 16.02.2024 05:00,50.35,EUR,
16.02.2024 05:00 - 16.02.2024 06:00,52.68,EUR,
16.02.2024 06:00 - 16.02.2024 07:00,76.68,EUR,
16.02.2024 07:00 - 16.02.2024 08:00,78.15,EUR,
16.02.2024 08:00 - 16.02.2024 09:00,70.5,EUR,
16.02.2024 09:00 - 16.02.2024 10:00,64.81,EUR,
16.02.2024 10:00 - 16.02.2024 11:00,54.37,EUR,
16.02.2024 11:00 - 16.02.2024 12:00,42.27,EUR,
16.02.2024 12:00 - 16.02.2024 13:00,52.4,EUR,
16.02.2024 13:00 - 16.02.2024 14:00,52.36,EUR,
16.02.2024 14:00 - 16.02.2024 15:00,53.82,EUR,
16.02.2024 15:00 - 16.02.2024 16:00,62.71,EUR,
16.02.2024 16:00 - 16.02.2024 17:00,75.95,EUR,
16.02.2024 17:00 - 16.02.2024 18:00,98.88,EUR,
16.02.2024 18:00 - 16.02.2024 19:00,91.17,EUR,
16.02.2024 19:00 - 16.02.2024 20:00,85.09,EUR,
16.02.2024 20:00 - 16.02.2024 21:00,80.04,EUR,
16.02.2024 21:00 - 16.02.2024 22:00,77.84,EUR,
16.02.2024 22:00 - 16.02.2024 23:00,79.65,EUR,
16.02.2024 23:00 - 17.02.2024 00:00,62.86,EUR,
17.02.2024 00:00 - 17.02.2024 01:00,64.05,EUR,
17.02.2024 01:00 - 17.02.2024 02:00,60.28,EUR,
17.02.2024 02:00 - 17.02.2024 03:00,59.45,EUR,
17.02.2024 03:00 - 17.02.2024 04:00,55.51,EUR,
17.02.2024 04:00 - 17.02.2024 05:00,55.09,EUR,
17.02.2024 05:00 - 17.02.2024 06:00,60.04,EUR,
17.02.2024 06:00 - 17.02.2024 07:00,58.85,EUR,
17.02.2024 07:00 - 17.02.2024 08:00,60.34,EUR,
17.02.2024 08:00 - 17.02.2024 09:00,55.31,EUR,
17.02.2024 09:00 - 17.02.2024 10:00,56.61,EUR,
17.02.2024 10:00 - 17.02.2024 11:00,29.33,EUR,
17.02.2024 11:00 - 17.02.2024 12:00,29.83,EUR,
17.02.2024 12:00 - 17.02.2024 13:00,31.63,EUR,
17.02.2024 13:00 - 17.02.2024 14:00,41.88,EUR,
17.02.2024 14:00 - 17.02.2024 15:00,55.76,EUR,
17.02.2024 15:00 - 17.02.2024 16:00,67,EUR,
17.02.2024 16:00 - 17.02.2024 17:00,75.93,EUR,
17.02.2024 17:00 - 17.02.2024 18:00,88.09,EUR,
17.02.2024 18:00 - 17.02.2024 19:00,113.37,EUR,
17.02.2024 19:00 - 17.02.2024 20:00,89.47,EUR,
17.02.2024 20:00 - 17.02.2024 21:00,80.38,EUR,
17.02.2024 21:00 - 17.02.2024 22:00,74.3,EUR,
17.02.2024 22:00 - 17.02.2024 23:00,72,EUR,
17.02.2024 23:00 - 18.02.2024 00:00,69.11,EUR,
18.02.2024 00:00 - 18.02.2024 01:00,81.02,EUR,
18.02.2024 01:00 - 18.02.2024 02:00,82.27,EUR,
18.02.2024 02:00 - 18.02.2024 03:00,51.4,EUR,
18.02.2024 03:00 - 18.02.2024 04:00,80.2,EUR,
18.02.2024 04:00 - 18.02.2024 05:00,77.69,EUR,
18.02.2024 05:00 - 18.02.2024 06:00,83.21,EUR,
18.02.2024 06:00 - 18.02.2024 07:00,86.92,EUR,
18.02.2024 07:00 - 18.02.2024 08:00,74.89,EUR,
18.02.2024 08:00 - 18.02.2024 09:00,47.28,EUR,
18.02.2024 09:00 - 18.02.2024 10:00,43.03,EUR,
18.02.2024 10:00 - 18.02.2024 11:00,40.45,EUR,
18.02.2024 11:00 - 18.02.2024 12:00,41,EUR,
18.02.2024 12:00 - 18.02.2024 13:00,39.96,EUR,
18.02.2024 13:00 - 18.02.2024 14:00,39.65,EUR,
18.02.2024 14:00 - 18.02.2024 15:00,42.72,EUR,
18.02.2024 15:00 - 18.02.2024 16:00,52.57,EUR,
18.02.2024 16:00 - 18.02.2024 17:00,70.68,EUR,
18.02.2024 17:00 - 18.02.2024 18:00,71.94,EUR,
18.02.2024 18:00 - 18.02.2024 19:00,84.25,EUR,
18.02.2024 19:00 - 18.02.2024 20:00,75.22,EUR,
18.02.2024 20:00 - 18.02.2024 21:00,84.1,EUR,
18.02.2024 21:00 - 18.02.2024 22:00,84.19,EUR,
18.02.2024 22:00 - 18.02.2024 23:00,83.89,EUR,
18.02.2024 23:00 - 19.02.2024 00:00,75,EUR,
19.02.2024 00:00 - 19.02.2024 01:00,59.41,EUR,
19.02.2024 01:00 - 19.02.2024 02:00,77.33,EUR,
19.02.2024 02:00 - 19.02.2024 03:00,70,EUR,
19.02.2024 03:00 - 19.02.2024 04:00,61.86,EUR,
19.02.2024 04:00 - 19.02.2024 05:00,59.5,EUR,
19.02.2024 05:00 - 19.02.2024 06:00,77.9,EUR,
19.02.2024 06:00 - 19.02.2024 07:00,91,EUR,
19.02.2024 07:00 - 19.02.2024 08:00,90.78,EUR,
19.02.2024 08:00 - 19.02.2024 09:00,86.04,EUR,
19.02.2024 09:00 - 19.02.2024 10:00,76.7,EUR,
19.02.2024 10:00 - 19.02.2024 11:00,74.58,EUR,
19.02.2024 11:00 - 19.02.2024 12:00,75.16,EUR,
19.02.2024 12:00 - 19.02.2024 13:00,73.5,EUR,
19.02.2024 13:00 - 19.02.2024 14:00,74.84,EUR,
19.02.2024 14:00 - 19.02.2024 15:00,74.19,EUR,
19.02.2024 15:00 - 19.02.2024 16:00,86.39,EUR,
19.02.2024 16:00 - 19.02.2024 17:00,85.48,EUR,
19.02.2024 17:00 - 19.02.2024 18:00,105,EUR,
19.02.2024 18:00 - 19.02.2024 19:00,116.5,EUR,
19.02.2024 19:00 - 19.02.2024 20:00,90.42,EUR,
19.02.2024 20:00 - 19.02.2024 21:00,84.79,EUR,
19.02.2024 21:00 - 19.02.2024 22:00,84.31,EUR,
19.02.2024 22:00 - 19.02.2024 23:00,85.53,EUR,
19.02.2024 23:00 - 20.02.2024 00:00,82.24,EUR,
20.02.2024 00:00 - 20.02.2024 01:00,77.43,EUR,
20.02.2024 01:00 - 20.02.2024 02:00,69.5,EUR,
20.02.2024 02:00 - 20.02.2024 03:00,57.16,EUR,
20.02.2024 03:00 - 20.02.2024 04:00,57.16,EUR,
20.02.2024 04:00 - 20.02.2024 05:00,59.9,EUR,
20.02.2024 05:00 - 20.02.2024 06:00,78.56,EUR,
20.02.2024 06:00 - 20.02.2024 07:00,89,EUR,
20.02.2024 07:00 - 20.02.2024 08:00,97.3,EUR,
20.02.2024 08:00 - 20.02.2024 09:00,110.58,EUR,
20.02.2024 09:00 - 20.02.2024 10:00,85.3,EUR,
20.02.2024 10:00 - 20.02.2024 11:00,75.46,EUR,
20.02.2024 11:00 - 20.02.2024 12:00,78.6,EUR,
20.02.2024 12:00 - 20.02.2024 13:00,72.5,EUR,
20.02.2024 13:00 - 20.02.2024 14:00,70.87,EUR,
20.02.2024 14:00 - 20.02.2024 15:00,79.15,EUR,
20.02.2024 15:00 - 20.02.2024 16:00,86.49,EUR,
20.02.2024 16:00 - 20.02.2024 17:00,90.41,EUR,
20.02.2024 17:00 - 20.02.2024 18:00,99.5,EUR,
20.02.2024 18:00 - 20.02.2024 19:00,110.47,EUR,
20.02.2024 19:00 - 20.02.2024 20:00,90.42,EUR,
20.02.2024 20:00 - 20.02.2024 21:00,80.23,EUR,
20.02.2024 21:00 - 20.02.2024 22:00,86.27,EUR,
20.02.2024 22:00 - 20.02.2024 23:00,81.99,EUR,
20.02.2024 23:00 - 21.02.2024 00:00,80.13,EUR,
21.02.2024 00:00 - 21.02.2024 01:00,75.04,EUR,
21.02.2024 01:00 - 21.02.2024 02:00,66.8,EUR,
21.02.2024 02:00 - 21.02.2024 03:00,60,EUR,
21.02.2024 03:00 - 21.02.2024 04:00,60.75,EUR,
21.02.2024 04:00 - 21.02.2024 05:00,70.87,EUR,
21.02.2024 05:00 - 21.02.2024 06:00,81.44,EUR,
21.02.2024 06:00 - 21.02.2024 07:00,90,EUR,
21.02.2024 07:00 - 21.02.2024 08:00,100,EUR,
21.02.2024 08:00 - 21.02.2024 09:00,90.41,EUR,
21.02.2024 09:00 - 21.02.2024 10:00,69.71,EUR,
21.02.2024 10:00 - 21.02.2024 11:00,64.1,EUR,
21.02.2024 11:00 - 21.02.2024 12:00,60.39,EUR,
21.02.2024 12:00 - 21.02.2024 13:00,53.01,EUR,
21.02.2024 13:00 - 21.02.2024 14:00,54.1,EUR,
21.02.2024 14:00 - 21.02.2024 15:00,71.84,EUR,
21.02.2024 15:00 - 21.02.2024 16:00,86.1,EUR,
21.02.2024 16:00 - 21.02.2024 17:00,89.55,EUR,
21.02.2024 17:00 - 21.02.2024 18:00,108.56,EUR,
21.02.2024 18:00 - 21.02.2024 19:00,122,EUR,
21.02.2024 19:00 - 21.02.2024 20:00,116.26,EUR,
21.02.2024 20:00 - 21.02.2024 21:00,98,EUR,
21.02.2024 21:00 - 21.02.2024 22:00,90,EUR,
21.02.2024 22:00 - 21.02.2024 23:00,87.66,EUR,
21.02.2024 23:00 - 22.02.2024 00:00,86.84,EUR,
22.02.2024 00:00 - 22.02.2024 01:00,88.42,EUR,
22.02.2024 01:00 - 22.02.2024 02:00,77.99,EUR,
22.02.2024 02:00 - 22.02.2024 03:00,70.32,EUR,
22.02.2024 03:00 - 22.02.2024 04:00,70.32,EUR,
22.02.2024 04:00 - 22.02.2024 05:00,73.23,EUR,
22.02.2024 05:00 - 22.02.2024 06:00,118,EUR,
22.02.2024 06:00 - 22.02.2024 07:00,94.09,EUR,
22.02.2024 07:00 - 22.02.2024 08:00,98.37,EUR,
22.02.2024 08:00 - 22.02.2024 09:00,80.28,EUR,
22.02.2024 09:00 - 22.02.2024 10:00,72.02,EUR,
22.02.2024 10:00 - 22.02.2024 11:00,68.7,EUR,
22.02.2024 11:00 - 22.02.2024 12:00,66.43,EUR,
22.02.2024 12:00 - 22.02.2024 13:00,65.65,EUR,
22.02.2024 13:00 - 22.02.2024 14:00,65.79,EUR,
22.02.2024 14:00 - 22.02.2024 15:00,66.98,EUR,
22.02.2024 15:00 - 22.02.2024 16:00,69.58,EUR,
22.02.2024 16:00 - 22.02.2024 17:00,75.99,EUR,
22.02.2024 17:00 - 22.02.2024 18:00,90.41,EUR,
22.02.2024 18:00 - 22.02.2024 19:00,88.51,EUR,
22.02.2024 19:00 - 22.02.2024 20:00,75,EUR,
22.02.2024 20:00 - 22.02.2024 21:00,78.13,EUR,
22.02.2024 21:00 - 22.02.2024 22:00,60,EUR,
22.02.2024 22:00 - 22.02.2024 23:00,75.99,EUR,
22.02.2024 23:00 - 23.02.2024 00:00,60.77,EUR,
23.02.2024 00:00 - 23.02.2024 01:00,40.81,EUR,
23.02.2024 01:00 - 23.02.2024 02:00,19,EUR,
23.02.2024 02:00 - 23.02.2024 03:00,31.84,EUR,
23.02.2024 03:00 - 23.02.2024 04:00,31.83,EUR,
23.02.2024 04:00 - 23.02.2024 05:00,42.81,EUR,
23.02.2024 05:00 - 23.02.2024 06:00,55.4,EUR,
23.02.2024 06:00 - 23.02.2024 07:00,83.12,EUR,
23.02.2024 07:00 - 23.02.2024 08:00,79.01,EUR,
23.02.2024 08:00 - 23.02.2024 09:00,76.16,EUR,
23.02.2024 09:00 - 23.02.2024 10:00,71.65,EUR,
23.02.2024 10:00 - 23.02.2024 11:00,61.66,EUR,
23.02.2024 11:00 - 23.02.2024 12:00,51.32,EUR,
23.02.2024 12:00 - 23.02.2024 13:00,51.32,EUR,
23.02.2024 13:00 - 23.02.2024 14:00,56.3,EUR,
23.02.2024 14:00 - 23.02.2024 15:00,64.48,EUR,
23.02.2024 15:00 - 23.02.2024 16:00,67.92,EUR,
23.02.2024 16:00 - 23.02.2024 17:00,74.03,EUR,
23.02.2024 17:00 - 23.02.2024 18:00,79.79,EUR,
23.02.2024 18:00 - 23.02.2024 19:00,86.44,EUR,
23.02.2024 19:00 - 23.02.2024 20:00,84.01,EUR,
23.02.2024 20:00 - 23.02.2024 21:00,72.97,EUR,
23.02.2024 21:00 - 23.02.2024 22:00,69.26,EUR,
23.02.2024 22:00 - 23.02.2024 23:00,67.98,EUR,
23.02.2024 23:00 - 24.02.2024 00:00,65.1,EUR,
24.02.2024 00:00 - 24.02.2024 01:00,66.47,EUR,
24.02.2024 01:00 - 24.02.2024 02:00,63.9,EUR,
24.02.2024 02:00 - 24.02.2024 03:00,59.5,EUR,
24.02.2024 03:00 - 24.02.2024 04:00,55.2,EUR,
24.02.2024 04:00 - 24.02.2024 05:00,55.39,EUR,
24.02.2024 05:00 - 24.02.2024 06:00,57.1,EUR,
24.02.2024 06:00 - 24.02.2024 07:00,75.01,EUR,
24.02.2024 07:00 - 24.02.2024 08:00,66.11,EUR,
24.02.2024 08:00 - 24.02.2024 09:00,64.4,EUR,
24.02.2024 09:00 - 24.02.2024 10:00,57.6,EUR,
24.02.2024 10:00 - 24.02.2024 11:00,34.91,EUR,
24.02.2024 11:00 - 24.02.2024 12:00,30.77,EUR,
24.02.2024 12:00 - 24.02.2024 13:00,35.22,EUR,
24.02.2024 13:00 - 24.02.2024 14:00,32.22,EUR,
24.02.2024 14:00 - 24.02.2024 15:00,37.6,EUR,
24.02.2024 15:00 - 24.02.2024 16:00,53.71,EUR,
24.02.2024 16:00 - 24.02.2024 17:00,58.64,EUR,
24.02.2024 17:00 - 24.02.2024 18:00,70.67,EUR,
24.02.2024 18:00 - 24.02.2024 19:00,78.49,EUR,
24.02.2024 19:00 - 24.02.2024 20:00,74.13,EUR,
24.02.2024 20:00 - 24.02.2024 21:00,78.42,EUR,
24.02.2024 21:00 - 24.02.2024 22:00,78.64,EUR,
24.02.2024 22:00 - 24.02.2024 23:00,76.04,EUR,
24.02.2024 23:00 - 25.02.2024 00:00,68.15,EUR,
25.02.2024 00:00 - 25.02.2024 01:00,56.57,EUR,
25.02.2024 01:00 - 25.02.2024 02:00,55.44,EUR,
25.02.2024 02:00 - 25.02.2024 03:00,55.39,EUR,
25.02.2024 03:00 - 25.02.2024 04:00,54.89,EUR,
25.02.2024 04:00 - 25.02.2024 05:00,55.19,EUR,
25.02.2024 05:00 - 25.02.2024 06:00,66.61,EUR,
25.02.2024 06:00 - 25.02.2024 07:00,66.62,EUR,
25.02.2024 07:00 - 25.02.2024 08:00,71,EUR,
25.02.2024 08:00 - 25.02.2024 09:00,62.17,EUR,
25.02.2024 09:00 - 25.02.2024 10:00,62.24,EUR,
25.02.2024 10:00 - 25.02.2024 11:00,56.25,EUR,
25.02.2024 11:00 - 25.02.2024 12:00,54.09,EUR,
25.02.2024 12:00 - 25.02.2024 13:00,50,EUR,
25.02.2024 13:00 - 25.02.2024 14:00,46.04,EUR,
25.02.2024 14:00 - 25.02.2024 15:00,49.84,EUR,
25.02.2024 15:00 - 25.02.2024 16:00,55,EUR,
25.02.2024 16:00 - 25.02.2024 17:00,66.86,EUR,
25.02.2024 17:00 - 25.02.2024 18:00,79.12,EUR,
25.02.2024 18:00 - 25.02.2024 19:00,90.45,EUR,
25.02.2024 19:00 - 25.02.2024 20:00,78.85,EUR,
25.02.2024 20:00 - 25.02.2024 21:00,69.95,EUR,
25.02.2024 21:00 - 25.02.2024 22:00,65.76,EUR,
25.02.2024 22:00 - 25.02.2024 23:00,65.23,EUR,
25.02.2024 23:00 - 26.02.2024 00:00,58.38,EUR,
26.02.2024 00:00 - 26.02.2024 01:00,57.83,EUR,
26.02.2024 01:00 - 26.02.2024 02:00,56.82,EUR,
26.02.2024 02:00 - 26.02.2024 03:00,53.67,EUR,
26.02.2024 03:00 - 26.02.2024 04:00,51.8,EUR,
26.02.2024 04:00 - 26.02.2024 05:00,53.2,EUR,
26.02.2024 05:00 - 26.02.2024 06:00,57.92,EUR,
26.02.2024 06:00 - 26.02.2024 07:00,69.28,EUR,
26.02.2024 07:00 - 26.02.2024 08:00,79.19,EUR,
26.02.2024 08:00 - 26.02.2024 09:00,81.6,EUR,
26.02.2024 09:00 - 26.02.2024 10:00,73.83,EUR,
26.02.2024 10:00 - 26.02.2024 11:00,66.65,EUR,
26.02.2024 11:00 - 26.02.2024 12:00,65.03,EUR,
26.02.2024 12:00 - 26.02.2024 13:00,58.42,EUR,
26.02.2024 13:00 - 26.02.2024 14:00,58.2,EUR,
26.02.2024 14:00 - 26.02.2024 15:00,69.83,EUR,
26.02.2024 15:00 - 26.02.2024 16:00,85.4,EUR,
26.02.2024 16:00 - 26.02.2024 17:00,69.92,EUR,
26.02.2024 17:00 - 26.02.2024 18:00,77.51,EUR,
26.02.2024 18:00 - 26.02.2024 19:00,87.45,EUR,
26.02.2024 19:00 - 26.02.2024 20:00,87.33,EUR,
26.02.2024 20:00 - 26.02.2024 21:00,82.64,EUR,
26.02.2024 21:00 - 26.02.2024 22:00,77.77,EUR,
26.02.2024 22:00 - 26.02.2024 23:00,76.12,EUR,
26.02.2024 23:00 - 27.02.2024 00:00,73.57,EUR,
27.02.2024 00:00 - 27.02.2024 01:00,57.62,EUR,
27.02.2024 01:00 - 27.02.2024 02:00,57.55,EUR,
27.02.2024 02:00 - 27.02.2024 03:00,57.35,EUR,
27.02.2024 03:00 - 27.02.2024 04:00,56.87,EUR,
27.02.2024 04:00 - 27.02.2024 05:00,60.19,EUR,
27.02.2024 05:00 - 27.02.2024 06:00,69.41,EUR,
27.02.2024 06:00 - 27.02.2024 07:00,83.18,EUR,
27.02.2024 07:00 - 27.02.2024 08:00,93.11,EUR,
27.02.2024 08:00 - 27.02.2024 09:00,95.28,EUR,
27.02.2024 09:00 - 27.02.2024 10:00,80.81,EUR,
27.02.2024 10:00 - 27.02.2024 11:00,58.69,EUR,
27.02.2024 11:00 - 27.02.2024 12:00,52,EUR,
27.02.2024 12:00 - 27.02.2024 13:00,59,EUR,
27.02.2024 13:00 - 27.02.2024 14:00,59,EUR,
27.02.2024 14:00 - 27.02.2024 15:00,64.12,EUR,
27.02.2024 15:00 - 27.02.2024 16:00,70.64,EUR,
27.02.2024 16:00 - 27.02.2024 17:00,77.09,EUR,
27.02.2024 17:00 - 27.02.2024 18:00,97.5,EUR,
27.02.2024 18:00 - 27.02.2024 19:00,110.26,EUR,
27.02.2024 19:00 - 27.02.2024 20:00,105.17,EUR,
27.02.2024 20:00 - 27.02.2024 21:00,89.85,EUR,
27.02.2024 21:00 - 27.02.2024 22:00,83.47,EUR,
27.02.2024 22:00 - 27.02.2024 23:00,72.42,EUR,
27.02.2024 23:00 - 28.02.2024 00:00,64.97,EUR,
28.02.2024 00:00 - 28.02.2024 01:00,60.36,EUR,
28.02.2024 01:00 - 28.02.2024 02:00,70.33,EUR,
28.02.2024 02:00 - 28.02.2024 03:00,68.19,EUR,
28.02.2024 03:00 - 28.02.2024 04:00,67.4,EUR,
28.02.2024 04:00 - 28.02.2024 05:00,67.4,EUR,
28.02.2024 05:00 - 28.02.2024 06:00,70.47,EUR,
28.02.2024 06:00 - 28.02.2024 07:00,84.61,EUR,
28.02.2024 07:00 - 28.02.2024 08:00,96.56,EUR,
28.02.2024 08:00 - 28.02.2024 09:00,104.49,EUR,
28.02.2024 09:00 - 28.02.2024 10:00,85.46,EUR,
28.02.2024 10:00 - 28.02.2024 11:00,73.99,EUR,
28.02.2024 11:00 - 28.02.2024 12:00,67.55,EUR,
28.02.2024 12:00 - 28.02.2024 13:00,63.93,EUR,
28.02.2024 13:00 - 28.02.2024 14:00,64,EUR,
28.02.2024 14:00 - 28.02.2024 15:00,66.38,EUR,
28.02.2024 15:00 - 28.02.2024 16:00,76.17,EUR,
28.02.2024 16:00 - 28.02.2024 17:00,83.31,EUR,
28.02.2024 17:00 - 28.02.2024 18:00,92.66,EUR,
28.02.2024 18:00 - 28.02.2024 19:00,98.02,EUR,
28.02.2024 19:00 - 28.02.2024 20:00,91.25,EUR,
28.02.2024 20:00 - 28.02.2024 21:00,84.93,EUR,
28.02.2024 21:00 - 28.02.2024 22:00,81.57,EUR,
28.02.2024 22:00 - 28.02.2024 23:00,73.7,EUR,
28.02.2024 23:00 - 29.02.2024 00:00,62.17,EUR,
29.02.2024 00:00 - 29.02.2024 01:00,63.37,EUR,
29.02.2024 01:00 - 29.02.2024 02:00,62.45,EUR,
29.02.2024 02:00 - 29.02.2024 03:00,60,EUR,
29.02.2024 03:00 - 29.02.2024 04:00,58.61,EUR,
29.02.2024 04:00 - 29.02.2024 05:00,62.03,EUR,
29.02.2024 05:00 - 29.02.2024 06:00,72.2,EUR,
29.02.2024 06:00 - 29.02.2024 07:00,85.18,EUR,
29.02.2024 07:00 - 29.02.2024 08:00,86.95,EUR,
29.02.2024 08:00 - 29.02.2024 09:00,83.93,EUR,
29.02.2024 09:00 - 29.02.2024 10:00,73.36,EUR,
29.02.2024 10:00 - 29.02.2024 11:00,61.82,EUR,
29.02.2024 11:00 - 29.02.2024 12:00,56.73,EUR,
29.02.2024 12:00 - 29.02.2024 13:00,54.55,EUR,
29.02.2024 13:00 - 29.02.2024 14:00,58.37,EUR,
29.02.2024 14:00 - 29.02.2024 15:00,85.31,EUR,
29.02.2024 15:00 - 29.02.2024 16:00,84.91,EUR,
29.02.2024 16:00 - 29.02.2024 17:00,78.77,EUR,
29.02.2024 17:00 - 29.02.2024 18:00,84.32,EUR,
29.02.2024 18:00 - 29.02.2024 19:00,86.26,EUR,
29.02.2024 19:00 - 29.02.2024 20:00,80.99,EUR,
29.02.2024 20:00 - 29.02.2024 21:00,72.77,EUR,
29.02.2024 21:00 - 29.02.2024 22:00,67.25,EUR,
29.02.2024 22:00 - 29.02.2024 23:00,64.9,EUR,
29.02.2024 23:00 - 01.03.2024 00:00,60.9,EUR,
01.03.2024 00:00 - 01.03.2024 01:00,62.04,EUR,
01.03.2024 01:00 - 01.03.2024 02:00,61.42,EUR,
01.03.2024 02:00 - 01.03.2024 03:00,58.14,EUR,
01.03.2024 03:00 - 01.03.2024 04:00,57.83,EUR,
01.03.2024 04:00 - 01.03.2024 05:00,58.3,EUR,
01.03.2024 05:00 - 01.03.2024 06:00,62.49,EUR,
01.03.2024 06:00 - 01.03.2024 07:00,71.58,EUR,
01.03.2024 07:00 - 01.03.2024 08:00,79.36,EUR,
01.03.2024 08:00 - 01.03.2024 09:00,85.21,EUR,
01.03.2024 09:00 - 01.03.2024 10:00,76.01,EUR,
01.03.2024 10:00 - 01.03.2024 11:00,66.75,EUR,
01.03.2024 11:00 - 01.03.2024 12:00,65.86,EUR,
01.03.2024 12:00 - 01.03.2024 13:00,73.97,EUR,
01.03.2024 13:00 - 01.03.2024 14:00,73.44,EUR,
01.03.2024 14:00 - 01.03.2024 15:00,76.97,EUR,
01.03.2024 15:00 - 01.03.2024 16:00,77.07,EUR,
01.03.2024 16:00 - 01.03.2024 17:00,75.57,EUR,
01.03.2024 17:00 - 01.03.2024 18:00,87.97,EUR,
01.03.2024 18:00 - 01.03.2024 19:00,92.35,EUR,
01.03.2024 19:00 - 01.03.2024 20:00,87.19,EUR,
01.03.2024 20:00 - 01.03.2024 21:00,77.49,EUR,
01.03.2024 21:00 - 01.03.2024 22:00,79.13,EUR,
01.03.2024 22:00 - 01.03.2024 23:00,75.99,EUR,
01.03.2024 23:00 - 02.03.2024 00:00,66.39,EUR,
02.03.2024 00:00 - 02.03.2024 01:00,77.59,EUR,
02.03.2024 01:00 - 02.03.2024 02:00,79.4,EUR,
02.03.2024 02:00 - 02.03.2024 03:00,74.98,EUR,
02.03.2024 03:00 - 02.03.2024 04:00,76.3,EUR,
02.03.2024 04:00 - 02.03.2024 05:00,76.3,EUR,
02.03.2024 05:00 - 02.03.2024 06:00,80,EUR,
02.03.2024 06:00 - 02.03.2024 07:00,89.98,EUR,
02.03.2024 07:00 - 02.03.2024 08:00,70,EUR,
02.03.2024 08:00 - 02.03.2024 09:00,63.77,EUR,
02.03.2024 09:00 - 02.03.2024 10:00,65.75,EUR,
02.03.2024 10:00 - 02.03.2024 11:00,60.44,EUR,
02.03.2024 11:00 - 02.03.2024 12:00,59.71,EUR,
02.03.2024 12:00 - 02.03.2024 13:00,56.16,EUR,
02.03.2024 13:00 - 02.03.2024 14:00,54.9,EUR,
02.03.2024 14:00 - 02.03.2024 15:00,59.86,EUR,
02.03.2024 15:00 - 02.03.2024 16:00,66.31,EUR,
02.03.2024 16:00 - 02.03.2024 17:00,73.84,EUR,
02.03.2024 17:00 - 02.03.2024 18:00,82.59,EUR,
02.03.2024 18:00 - 02.03.2024 19:00,93.6,EUR,
02.03.2024 19:00 - 02.03.2024 20:00,89.9,EUR,
02.03.2024 20:00 - 02.03.2024 21:00,80.12,EUR,
02.03.2024 21:00 - 02.03.2024 22:00,90,EUR,
02.03.2024 22:00 - 02.03.2024 23:00,84.13,EUR,
02.03.2024 23:00 - 03.03.2024 00:00,77,EUR,
03.03.2024 00:00 - 03.03.2024 01:00,79.5,EUR,
03.03.2024 01:00 - 03.03.2024 02:00,77.1,EUR,
03.03.2024 02:00 - 03.03.2024 03:00,79,EUR,
03.03.2024 03:00 - 03.03.2024 04:00,76.1,EUR,
03.03.2024 04:00 - 03.03.2024 05:00,76.1,EUR,
03.03.2024 05:00 - 03.03.2024 06:00,76.92,EUR,
03.03.2024 06:00 - 03.03.2024 07:00,78.38,EUR,
03.03.2024 07:00 - 03.03.2024 08:00,77,EUR,
03.03.2024 08:00 - 03.03.2024 09:00,70.31,EUR,
03.03.2024 09:00 - 03.03.2024 10:00,56.15,EUR,
03.03.2024 10:00 - 03.03.2024 11:00,54.35,EUR,
03.03.2024 11:00 - 03.03.2024 12:00,51.88,EUR,
03.03.2024 12:00 - 03.03.2024 13:00,48.26,EUR,
03.03.2024 13:00 - 03.03.2024 14:00,42.51,EUR,
03.03.2024 14:00 - 03.03.2024 15:00,46.84,EUR,
03.03.2024 15:00 - 03.03.2024 16:00,62.27,EUR,
03.03.2024 16:00 - 03.03.2024 17:00,70,EUR,
03.03.2024 17:00 - 03.03.2024 18:00,82.38,EUR,
03.03.2024 18:00 - 03.03.2024 19:00,92.4,EUR,
03.03.2024 19:00 - 03.03.2024 20:00,95,EUR,
03.03.2024 20:00 - 03.03.2024 21:00,91.24,EUR,
03.03.2024 21:00 - 03.03.2024 22:00,89.5,EUR,
03.03.2024 22:00 - 03.03.2024 23:00,82,EUR,
03.03.2024 23:00 - 04.03.2024 00:00,74,EUR,
04.03.2024 00:00 - 04.03.2024 01:00,73.67,EUR,
04.03.2024 01:00 - 04.03.2024 02:00,73.2,EUR,
04.03.2024 02:00 - 04.03.2024 03:00,73.3,EUR,
04.03.2024 03:00 - 04.03.2024 04:00,73.3,EUR,
04.03.2024 04:00 - 04.03.2024 05:00,70.7,EUR,
04.03.2024 05:00 - 04.03.2024 06:00,83.86,EUR,
04.03.2024 06:00 - 04.03.2024 07:00,87.5,EUR,
04.03.2024 07:00 - 04.03.2024 08:00,96.67,EUR,
04.03.2024 08:00 - 04.03.2024 09:00,102.97,EUR,
04.03.2024 09:00 - 04.03.2024 10:00,85.02,EUR,
04.03.2024 10:00 - 04.03.2024 11:00,58.68,EUR,
04.03.2024 11:00 - 04.03.2024 12:00,56.3,EUR,
04.03.2024 12:00 - 04.03.2024 13:00,57.57,EUR,
04.03.2024 13:00 - 04.03.2024 14:00,59.81,EUR,
04.03.2024 14:00 - 04.03.2024 15:00,62.5,EUR,
04.03.2024 15:00 - 04.03.2024 16:00,69.86,EUR,
04.03.2024 16:00 - 04.03.2024 17:00,78.12,EUR,
04.03.2024 17:00 - 04.03.2024 18:00,91.69,EUR,
04.03.2024 18:00 - 04.03.2024 19:00,105.19,EUR,
04.03.2024 19:00 - 04.03.2024 20:00,99.13,EUR,
04.03.2024 20:00 - 04.03.2024 21:00,80.53,EUR,
04.03.2024 21:00 - 04.03.2024 22:00,71.39,EUR,
04.03.2024 22:00 - 04.03.2024 23:00,64.59,EUR,
04.03.2024 23:00 - 05.03.2024 00:00,63.93,EUR,
05.03.2024 00:00 - 05.03.2024 01:00,61.96,EUR,
05.03.2024 01:00 - 05.03.2024 02:00,61.67,EUR,
05.03.2024 02:00 - 05.03.2024 03:00,61.33,EUR,
05.03.2024 03:00 - 05.03.2024 04:00,59.86,EUR,
05.03.2024 04:00 - 05.03.2024 05:00,60.56,EUR,
05.03.2024 05:00 - 05.03.2024 06:00,61.67,EUR,
05.03.2024 06:00 - 05.03.2024 07:00,71.53,EUR,
05.03.2024 07:00 - 05.03.2024 08:00,79.28,EUR,
05.03.2024 08:00 - 05.03.2024 09:00,81.63,EUR,
05.03.2024 09:00 - 05.03.2024 10:00,77,EUR,
05.03.2024 10:00 - 05.03.2024 11:00,71.15,EUR,
05.03.2024 11:00 - 05.03.2024 12:00,69.72,EUR,
05.03.2024 12:00 - 05.03.2024 13:00,67.96,EUR,
05.03.2024 13:00 - 05.03.2024 14:00,68.56,EUR,
05.03.2024 14:00 - 05.03.2024 15:00,71.95,EUR,
05.03.2024 15:00 - 05.03.2024 16:00,75.47,EUR,
05.03.2024 16:00 - 05.03.2024 17:00,77.49,EUR,
05.03.2024 17:00 - 05.03.2024 18:00,93.06,EUR,
05.03.2024 18:00 - 05.03.2024 19:00,107.32,EUR,
05.03.2024 19:00 - 05.03.2024 20:00,115.36,EUR,
05.03.2024 20:00 - 05.03.2024 21:00,95.26,EUR,
05.03.2024 21:00 - 05.03.2024 22:00,84.21,EUR,
05.03.2024 22:00 - 05.03.2024 23:00,77.85,EUR,
05.03.2024 23:00 - 06.03.2024 00:00,72.03,EUR,
06.03.2024 00:00 - 06.03.2024 01:00,71,EUR,
06.03.2024 01:00 - 06.03.2024 02:00,70.7,EUR,
06.03.2024 02:00 - 06.03.2024 03:00,70.47,EUR,
06.03.2024 03:00 - 06.03.2024 04:00,69.74,EUR,
06.03.2024 04:00 - 06.03.2024 05:00,70.46,EUR,
06.03.2024 05:00 - 06.03.2024 06:00,73.91,EUR,
06.03.2024 06:00 - 06.03.2024 07:00,83.98,EUR,
06.03.2024 07:00 - 06.03.2024 08:00,106.64,EUR,
06.03.2024 08:00 - 06.03.2024 09:00,92.34,EUR,
06.03.2024 09:00 - 06.03.2024 10:00,81.97,EUR,
06.03.2024 10:00 - 06.03.2024 11:00,70.04,EUR,
06.03.2024 11:00 - 06.03.2024 12:00,62.76,EUR,
06.03.2024 12:00 - 06.03.2024 13:00,62,EUR,
06.03.2024 13:00 - 06.03.2024 14:00,65.92,EUR,
06.03.2024 14:00 - 06.03.2024 15:00,70.64,EUR,
06.03.2024 15:00 - 06.03.2024 16:00,73.7,EUR,
06.03.2024 16:00 - 06.03.2024 17:00,81.91,EUR,
06.03.2024 17:00 - 06.03.2024 18:00,100.98,EUR,
06.03.2024 18:00 - 06.03.2024 19:00,122.02,EUR,
06.03.2024 19:00 - 06.03.2024 20:00,122.46,EUR,
06.03.2024 20:00 - 06.03.2024 21:00,100,EUR,
06.03.2024 21:00 - 06.03.2024 22:00,80.49,EUR,
06.03.2024 22:00 - 06.03.2024 23:00,79.37,EUR,
06.03.2024 23:00 - 07.03.2024 00:00,74.34,EUR,
07.03.2024 00:00 - 07.03.2024 01:00,73.33,EUR,
07.03.2024 01:00 - 07.03.2024 02:00,72.32,EUR,
07.03.2024 02:00 - 07.03.2024 03:00,70.34,EUR,
07.03.2024 03:00 - 07.03.2024 04:00,68.71,EUR,
07.03.2024 04:00 - 07.03.2024 05:00,69.89,EUR,
07.03.2024 05:00 - 07.03.2024 06:00,73.13,EUR,
07.03.2024 06:00 - 07.03.2024 07:00,84.27,EUR,
07.03.2024 07:00 - 07.03.2024 08:00,103.2,EUR,
07.03.2024 08:00 - 07.03.2024 09:00,96.7,EUR,
07.03.2024 09:00 - 07.03.2024 10:00,79.09,EUR,
07.03.2024 10:00 - 07.03.2024 11:00,71.31,EUR,
07.03.2024 11:00 - 07.03.2024 12:00,66.16,EUR,
07.03.2024 12:00 - 07.03.2024 13:00,74.27,EUR,
07.03.2024 13:00 - 07.03.2024 14:00,75.72,EUR,
07.03.2024 14:00 - 07.03.2024 15:00,75.74,EUR,
07.03.2024 15:00 - 07.03.2024 16:00,80.15,EUR,
07.03.2024 16:00 - 07.03.2024 17:00,80.84,EUR,
07.03.2024 17:00 - 07.03.2024 18:00,95,EUR,
07.03.2024 18:00 - 07.03.2024 19:00,122,EUR,
07.03.2024 19:00 - 07.03.2024 20:00,98.14,EUR,
07.03.2024 20:00 - 07.03.2024 21:00,91.89,EUR,
07.03.2024 21:00 - 07.03.2024 22:00,80.85,EUR,
07.03.2024 22:00 - 07.03.2024 23:00,76.28,EUR,
07.03.2024 23:00 - 08.03.2024 00:00,71.32,EUR,
08.03.2024 00:00 - 08.03.2024 01:00,71.51,EUR,
08.03.2024 01:00 - 08.03.2024 02:00,66.96,EUR,
08.03.2024 02:00 - 08.03.2024 03:00,67.01,EUR,
08.03.2024 03:00 - 08.03.2024 04:00,65.99,EUR,
08.03.2024 04:00 - 08.03.2024 05:00,70.28,EUR,
08.03.2024 05:00 - 08.03.2024 06:00,76.91,EUR,
08.03.2024 06:00 - 08.03.2024 07:00,89.87,EUR,
08.03.2024 07:00 - 08.03.2024 08:00,95.02,EUR,
08.03.2024 08:00 - 08.03.2024 09:00,71.01,EUR,
08.03.2024 09:00 - 08.03.2024 10:00,68.85,EUR,
08.03.2024 10:00 - 08.03.2024 11:00,57.89,EUR,
08.03.2024 11:00 - 08.03.2024 12:00,55.16,EUR,
08.03.2024 12:00 - 08.03.2024 13:00,60,EUR,
08.03.2024 13:00 - 08.03.2024 14:00,58.38,EUR,
08.03.2024 14:00 - 08.03.2024 15:00,61.5,EUR,
08.03.2024 15:00 - 08.03.2024 16:00,57.76,EUR,
08.03.2024 16:00 - 08.03.2024 17:00,78.52,EUR,
08.03.2024 17:00 - 08.03.2024 18:00,101.49,EUR,
08.03.2024 18:00 - 08.03.2024 19:00,122.43,EUR,
08.03.2024 19:00 - 08.03.2024 20:00,122.01,EUR,
08.03.2024 20:00 - 08.03.2024 21:00,113.12,EUR,
08.03.2024 21:00 - 08.03.2024 22:00,83.3,EUR,
08.03.2024 22:00 - 08.03.2024 23:00,80.62,EUR,
08.03.2024 23:00 - 09.03.2024 00:00,79.78,EUR,
09.03.2024 00:00 - 09.03.2024 01:00,77.55,EUR,
09.03.2024 01:00 - 09.03.2024 02:00,78.09,EUR,
09.03.2024 02:00 - 09.03.2024 03:00,76.38,EUR,
09.03.2024 03:00 - 09.03.2024 04:00,73.94,EUR,
09.03.2024 04:00 - 09.03.2024 05:00,76.84,EUR,
09.03.2024 05:00 - 09.03.2024 06:00,73.75,EUR,
09.03.2024 06:00 - 09.03.2024 07:00,80.35,EUR,
09.03.2024 07:00 - 09.03.2024 08:00,71.12,EUR,
09.03.2024 08:00 - 09.03.2024 09:00,78.63,EUR,
09.03.2024 09:00 - 09.03.2024 10:00,51.47,EUR,
09.03.2024 10:00 - 09.03.2024 11:00,43.04,EUR,
09.03.2024 11:00 - 09.03.2024 12:00,38.22,EUR,
09.03.2024 12:00 - 09.03.2024 13:00,75.01,EUR,
09.03.2024 13:00 - 09.03.2024 14:00,71.4,EUR,
09.03.2024 14:00 - 09.03.2024 15:00,72.24,EUR,
09.03.2024 15:00 - 09.03.2024 16:00,75,EUR,
09.03.2024 16:00 - 09.03.2024 17:00,76.34,EUR,
09.03.2024 17:00 - 09.03.2024 18:00,87.23,EUR,
09.03.2024 18:00 - 09.03.2024 19:00,115,EUR,
09.03.2024 19:00 - 09.03.2024 20:00,106.15,EUR,
09.03.2024 20:00 - 09.03.2024 21:00,98.32,EUR,
09.03.2024 21:00 - 09.03.2024 22:00,92.48,EUR,
09.03.2024 22:00 - 09.03.2024 23:00,82.34,EUR,
09.03.2024 23:00 - 10.03.2024 00:00,81.91,EUR,
10.03.2024 00:00 - 10.03.2024 01:00,74.6,EUR,
10.03.2024 01:00 - 10.03.2024 02:00,76.68,EUR,
10.03.2024 02:00 - 10.03.2024 03:00,74.96,EUR,
10.03.2024 03:00 - 10.03.2024 04:00,73.46,EUR,
10.03.2024 04:00 - 10.03.2024 05:00,73.46,EUR,
10.03.2024 05:00 - 10.03.2024 06:00,74.82,EUR,
10.03.2024 06:00 - 10.03.2024 07:00,75.57,EUR,
10.03.2024 07:00 - 10.03.2024 08:00,74.43,EUR,
10.03.2024 08:00 - 10.03.2024 09:00,75.01,EUR,
10.03.2024 09:00 - 10.03.2024 10:00,31.17,EUR,
10.03.2024 10:00 - 10.03.2024 11:00,9.91,EUR,
10.03.2024 11:00 - 10.03.2024 12:00,10.86,EUR,
10.03.2024 12:00 - 10.03.2024 13:00,5.12,EUR,
10.03.2024 13:00 - 10.03.2024 14:00,2.23,EUR,
10.03.2024 14:00 - 10.03.2024 15:00,8.37,EUR,
10.03.2024 15:00 - 10.03.2024 16:00,45.81,EUR,
10.03.2024 16:00 - 10.03.2024 17:00,77.93,EUR,
10.03.2024 17:00 - 10.03.2024 18:00,76.36,EUR,
10.03.2024 18:00 - 10.03.2024 19:00,78.08,EUR,
10.03.2024 19:00 - 10.03.2024 20:00,76.99,EUR,
10.03.2024 20:00 - 10.03.2024 21:00,76.87,EUR,
10.03.2024 21:00 - 10.03.2024 22:00,75.06,EUR,
10.03.2024 22:00 - 10.03.2024 23:00,78.94,EUR,
10.03.2024 23:00 - 11.03.2024 00:00,61.49,EUR,
11.03.2024 00:00 - 11.03.2024 01:00,72,EUR,
11.03.2024 01:00 - 11.03.2024 02:00,73.53,EUR,
11.03.2024 02:00 - 11.03.2024 03:00,62.55,EUR,
11.03.2024 03:00 - 11.03.2024 04:00,55.01,EUR,
11.03.2024 04:00 - 11.03.2024 05:00,57.55,EUR,
11.03.2024 05:00 - 11.03.2024 06:00,75.89,EUR,
11.03.2024 06:00 - 11.03.2024 07:00,80,EUR,
11.03.2024 07:00 - 11.03.2024 08:00,91.7,EUR,
11.03.2024 08:00 - 11.03.2024 09:00,86.69,EUR,
11.03.2024 09:00 - 11.03.2024 10:00,81,EUR,
11.03.2024 10:00 - 11.03.2024 11:00,71.93,EUR,
11.03.2024 11:00 - 11.03.2024 12:00,58.8,EUR,
11.03.2024 12:00 - 11.03.2024 13:00,60.37,EUR,
11.03.2024 13:00 - 11.03.2024 14:00,60.37,EUR,
11.03.2024 14:00 - 11.03.2024 15:00,67,EUR,
11.03.2024 15:00 - 11.03.2024 16:00,73.43,EUR,
11.03.2024 16:00 - 11.03.2024 17:00,78.71,EUR,
11.03.2024 17:00 - 11.03.2024 18:00,79.04,EUR,
11.03.2024 18:00 - 11.03.2024 19:00,100.03,EUR,
11.03.2024 19:00 - 11.03.2024 20:00,83.43,EUR,
11.03.2024 20:00 - 11.03.2024 21:00,77.31,EUR,
11.03.2024 21:00 - 11.03.2024 22:00,51.47,EUR,
11.03.2024 22:00 - 11.03.2024 23:00,60.37,EUR,
11.03.2024 23:00 - 12.03.2024 00:00,67.08,EUR,
12.03.2024 00:00 - 12.03.2024 01:00,56.81,EUR,
12.03.2024 01:00 - 12.03.2024 02:00,65.56,EUR,
12.03.2024 02:00 - 12.03.2024 03:00,66.51,EUR,
12.03.2024 03:00 - 12.03.2024 04:00,65.2,EUR,
12.03.2024 04:00 - 12.03.2024 05:00,66.03,EUR,
12.03.2024 05:00 - 12.03.2024 06:00,70.92,EUR,
12.03.2024 06:00 - 12.03.2024 07:00,76.59,EUR,
12.03.2024 07:00 - 12.03.2024 08:00,80.5,EUR,
12.03.2024 08:00 - 12.03.2024 09:00,80.19,EUR,
12.03.2024 09:00 - 12.03.2024 10:00,55,EUR,
12.03.2024 10:00 - 12.03.2024 11:00,9.86,EUR,
12.03.2024 11:00 - 12.03.2024 12:00,9.86,EUR,
12.03.2024 12:00 - 12.03.2024 13:00,17.74,EUR,
12.03.2024 13:00 - 12.03.2024 14:00,18.57,EUR,
12.03.2024 14:00 - 12.03.2024 15:00,65.79,EUR,
12.03.2024 15:00 - 12.03.2024 16:00,80.67,EUR,
12.03.2024 16:00 - 12.03.2024 17:00,93.71,EUR,
12.03.2024 17:00 - 12.03.2024 18:00,94.49,EUR,
12.03.2024 18:00 - 12.03.2024 19:00,122.01,EUR,
12.03.2024 19:00 - 12.03.2024 20:00,119.53,EUR,
12.03.2024 20:00 - 12.03.2024 21:00,95.18,EUR,
12.03.2024 21:00 - 12.03.2024 22:00,82.06,EUR,
12.03.2024 22:00 - 12.03.2024 23:00,77.96,EUR,
12.03.2024 23:00 - 13.03.2024 00:00,69.55,EUR,
13.03.2024 00:00 - 13.03.2024 01:00,63.13,EUR,
13.03.2024 01:00 - 13.03.2024 02:00,61.23,EUR,
13.03.2024 02:00 - 13.03.2024 03:00,60.55,EUR,
13.03.2024 03:00 - 13.03.2024 04:00,59.98,EUR,
13.03.2024 04:00 - 13.03.2024 05:00,62.23,EUR,
13.03.2024 05:00 - 13.03.2024 06:00,68.43,EUR,
13.03.2024 06:00 - 13.03.2024 07:00,83.39,EUR,
13.03.2024 07:00 - 13.03.2024 08:00,92.15,EUR,
13.03.2024 08:00 - 13.03.2024 09:00,94.33,EUR,
13.03.2024 09:00 - 13.03.2024 10:00,80.53,EUR,
13.03.2024 10:00 - 13.03.2024 11:00,70.53,EUR,
13.03.2024 11:00 - 13.03.2024 12:00,67.57,EUR,
13.03.2024 12:00 - 13.03.2024 13:00,67.69,EUR,
13.03.2024 13:00 - 13.03.2024 14:00,70,EUR,
13.03.2024 14:00 - 13.03.2024 15:00,74.95,EUR,
13.03.2024 15:00 - 13.03.2024 16:00,79.19,EUR,
13.03.2024 16:00 - 13.03.2024 17:00,86.11,EUR,
13.03.2024 17:00 - 13.03.2024 18:00,98.42,EUR,
13.03.2024 18:00 - 13.03.2024 19:00,104.78,EUR,
13.03.2024 19:00 - 13.03.2024 20:00,103.81,EUR,
13.03.2024 20:00 - 13.03.2024 21:00,89.86,EUR,
13.03.2024 21:00 - 13.03.2024 22:00,77.62,EUR,
13.03.2024 22:00 - 13.03.2024 23:00,78.22,EUR,
13.03.2024 23:00 - 14.03.2024 00:00,70,EUR,
14.03.2024 00:00 - 14.03.2024 01:00,63.29,EUR,
14.03.2024 01:00 - 14.03.2024 02:00,66.68,EUR,
14.03.2024 02:00 - 14.03.2024 03:00,69.99,EUR,
14.03.2024 03:00 - 14.03.2024 04:00,73.13,EUR,
14.03.2024 04:00 - 14.03.2024 05:00,74.58,EUR,
14.03.2024 05:00 - 14.03.2024 06:00,79.84,EUR,
14.03.2024 06:00 - 14.03.2024 07:00,85.72,EUR,
14.03.2024 07:00 - 14.03.2024 08:00,90.91,EUR,
14.03.2024 08:00 - 14.03.2024 09:00,81.99,EUR,
14.03.2024 09:00 - 14.03.2024 10:00,65.71,EUR,
14.03.2024 10:00 - 14.03.2024 11:00,54.32,EUR,
14.03.2024 11:00 - 14.03.2024 12:00,52.44,EUR,
14.03.2024 12:00 - 14.03.2024 13:00,53.06,EUR,
14.03.2024 13:00 - 14.03.2024 14:00,59.37,EUR,
14.03.2024 14:00 - 14.03.2024 15:00,60.77,EUR,
14.03.2024 15:00 - 14.03.2024 16:00,70.73,EUR,
14.03.2024 16:00 - 14.03.2024 17:00,82.35,EUR,
14.03.2024 17:00 - 14.03.2024 18:00,97,EUR,
14.03.2024 18:00 - 14.03.2024 19:00,114.77,EUR,
14.03.2024 19:00 - 14.03.2024 20:00,102.3,EUR,
14.03.2024 20:00 - 14.03.2024 21:00,88.6,EUR,
14.03.2024 21:00 - 14.03.2024 22:00,82.62,EUR,
14.03.2024 22:00 - 14.03.2024 23:00,76.51,EUR,
14.03.2024 23:00 - 15.03.2024 00:00,76.48,EUR,
15.03.2024 00:00 - 15.03.2024 01:00,57.65,EUR,
15.03.2024 01:00 - 15.03.2024 02:00,69.27,EUR,
15.03.2024 02:00 - 15.03.2024 03:00,61.93,EUR,
15.03.2024 03:00 - 15.03.2024 04:00,64.22,EUR,
15.03.2024 04:00 - 15.03.2024 05:00,64.49,EUR,
15.03.2024 05:00 - 15.03.2024 06:00,73.84,EUR,
15.03.2024 06:00 - 15.03.2024 07:00,78.08,EUR,
15.03.2024 07:00 - 15.03.2024 08:00,75.37,EUR,
15.03.2024 08:00 - 15.03.2024 09:00,70.02,EUR,
15.03.2024 09:00 - 15.03.2024 10:00,53.8,EUR,
15.03.2024 10:00 - 15.03.2024 11:00,46.26,EUR,
15.03.2024 11:00 - 15.03.2024 12:00,39.07,EUR,
15.03.2024 12:00 - 15.03.2024 13:00,38.19,EUR,
15.03.2024 13:00 - 15.03.2024 14:00,38.81,EUR,
15.03.2024 14:00 - 15.03.2024 15:00,42.23,EUR,
15.03.2024 15:00 - 15.03.2024 16:00,49.06,EUR,
15.03.2024 16:00 - 15.03.2024 17:00,70.15,EUR,
15.03.2024 17:00 - 15.03.2024 18:00,86.83,EUR,
15.03.2024 18:00 - 15.03.2024 19:00,102.06,EUR,
15.03.2024 19:00 - 15.03.2024 20:00,91.12,EUR,
15.03.2024 20:00 - 15.03.2024 21:00,80.52,EUR,
15.03.2024 21:00 - 15.03.2024 22:00,73.88,EUR,
15.03.2024 22:00 - 15.03.2024 23:00,77.18,EUR,
15.03.2024 23:00 - 16.03.2024 00:00,77.16,EUR,
16.03.2024 00:00 - 16.03.2024 01:00,77.88,EUR,
16.03.2024 01:00 - 16.03.2024 02:00,74.61,EUR,
16.03.2024 02:00 - 16.03.2024 03:00,71.5,EUR,
16.03.2024 03:00 - 16.03.2024 04:00,67.27,EUR,
16.03.2024 04:00 - 16.03.2024 05:00,68.61,EUR,
16.03.2024 05:00 - 16.03.2024 06:00,74.71,EUR,
16.03.2024 06:00 - 16.03.2024 07:00,83.62,EUR,
16.03.2024 07:00 - 16.03.2024 08:00,59.99,EUR,
16.03.2024 08:00 - 16.03.2024 09:00,53.23,EUR,
16.03.2024 09:00 - 16.03.2024 10:00,47.01,EUR,
16.03.2024 10:00 - 16.03.2024 11:00,44.88,EUR,
16.03.2024 11:00 - 16.03.2024 12:00,42.59,EUR,
16.03.2024 12:00 - 16.03.2024 13:00,38.34,EUR,
16.03.2024 13:00 - 16.03.2024 14:00,32.4,EUR,
16.03.2024 14:00 - 16.03.2024 15:00,37.55,EUR,
16.03.2024 15:00 - 16.03.2024 16:00,50,EUR,
16.03.2024 16:00 - 16.03.2024 17:00,74.28,EUR,
16.03.2024 17:00 - 16.03.2024 18:00,95.5,EUR,
16.03.2024 18:00 - 16.03.2024 19:00,117.49,EUR,
16.03.2024 19:00 - 16.03.2024 20:00,122.01,EUR,
16.03.2024 20:00 - 16.03.2024 21:00,83.45,EUR,
16.03.2024 21:00 - 16.03.2024 22:00,76.4,EUR,
16.03.2024 22:00 - 16.03.2024 23:00,74.2,EUR,
16.03.2024 23:00 - 17.03.2024 00:00,74.53,EUR,
17.03.2024 00:00 - 17.03.2024 01:00,74.46,EUR,
17.03.2024 01:00 - 17.03.2024 02:00,74.97,EUR,
17.03.2024 02:00 - 17.03.2024 03:00,74.39,EUR,
17.03.2024 03:00 - 17.03.2024 04:00,74.21,EUR,
17.03.2024 04:00 - 17.03.2024 05:00,63.48,EUR,
17.03.2024 05:00 - 17.03.2024 06:00,74.11,EUR,
17.03.2024 06:00 - 17.03.2024 07:00,69.99,EUR,
17.03.2024 07:00 - 17.03.2024 08:00,54.22,EUR,
17.03.2024 08:00 - 17.03.2024 09:00,75,EUR,
17.03.2024 09:00 - 17.03.2024 10:00,46.25,EUR,
17.03.2024 10:00 - 17.03.2024 11:00,39.2,EUR,
17.03.2024 11:00 - 17.03.2024 12:00,34.78,EUR,
17.03.2024 12:00 - 17.03.2024 13:00,37.71,EUR,
17.03.2024 13:00 - 17.03.2024 14:00,29.36,EUR,
17.03.2024 14:00 - 17.03.2024 15:00,45.03,EUR,
17.03.2024 15:00 - 17.03.2024 16:00,53.26,EUR,
17.03.2024 16:00 - 17.03.2024 17:00,70.82,EUR,
17.03.2024 17:00 - 17.03.2024 18:00,79.36,EUR,
17.03.2024 18:00 - 17.03.2024 19:00,89.06,EUR,
17.03.2024 19:00 - 17.03.2024 20:00,87.37,EUR,
17.03.2024 20:00 - 17.03.2024 21:00,77.89,EUR,
17.03.2024 21:00 - 17.03.2024 22:00,72.33,EUR,
17.03.2024 22:00 - 17.03.2024 23:00,72.1,EUR,
17.03.2024 23:00 - 18.03.2024 00:00,65.91,EUR,
18.03.2024 00:00 - 18.03.2024 01:00,64.12,EUR,
18.03.2024 01:00 - 18.03.2024 02:00,57.14,EUR,
18.03.2024 02:00 - 18.03.2024 03:00,58.31,EUR,
18.03.2024 03:00 - 18.03.2024 04:00,58.54,EUR,
18.03.2024 04:00 - 18.03.2024 05:00,62.73,EUR,
18.03.2024 05:00 - 18.03.2024 06:00,68.39,EUR,
18.03.2024 06:00 - 18.03.2024 07:00,83.63,EUR,
18.03.2024 07:00 - 18.03.2024 08:00,90.47,EUR,
18.03.2024 08:00 - 18.03.2024 09:00,62.3,EUR,
18.03.2024 09:00 - 18.03.2024 10:00,35.35,EUR,
18.03.2024 10:00 - 18.03.2024 11:00,48.49,EUR,
18.03.2024 11:00 - 18.03.2024 12:00,53.94,EUR,
18.03.2024 12:00 - 18.03.2024 13:00,57.89,EUR,
18.03.2024 13:00 - 18.03.2024 14:00,61.4,EUR,
18.03.2024 14:00 - 18.03.2024 15:00,75.12,EUR,
18.03.2024 15:00 - 18.03.2024 16:00,74.82,EUR,
18.03.2024 16:00 - 18.03.2024 17:00,93.56,EUR,
18.03.2024 17:00 - 18.03.2024 18:00,102.83,EUR,
18.03.2024 18:00 - 18.03.2024 19:00,113.91,EUR,
18.03.2024 19:00 - 18.03.2024 20:00,125.16,EUR,
18.03.2024 20:00 - 18.03.2024 21:00,107.46,EUR,
18.03.2024 21:00 - 18.03.2024 22:00,92.7,EUR,
18.03.2024 22:00 - 18.03.2024 23:00,85.11,EUR,
18.03.2024 23:00 - 19.03.2024 00:00,74.66,EUR,
19.03.2024 00:00 - 19.03.2024 01:00,74,EUR,
19.03.2024 01:00 - 19.03.2024 02:00,73.12,EUR,
19.03.2024 02:00 - 19.03.2024 03:00,70.77,EUR,
19.03.2024 03:00 - 19.03.2024 04:00,70.46,EUR,
19.03.2024 04:00 - 19.03.2024 05:00,72.46,EUR,
19.03.2024 05:00 - 19.03.2024 06:00,74.37,EUR,
19.03.2024 06:00 - 19.03.2024 07:00,94.86,EUR,
19.03.2024 07:00 - 19.03.2024 08:00,109.89,EUR,
19.03.2024 08:00 - 19.03.2024 09:00,95.87,EUR,
19.03.2024 09:00 - 19.03.2024 10:00,73.93,EUR,
19.03.2024 10:00 - 19.03.2024 11:00,63.93,EUR,
19.03.2024 11:00 - 19.03.2024 12:00,58.19,EUR,
19.03.2024 12:00 - 19.03.2024 13:00,64.13,EUR,
19.03.2024 13:00 - 19.03.2024 14:00,65,EUR,
19.03.2024 14:00 - 19.03.2024 15:00,72.98,EUR,
19.03.2024 15:00 - 19.03.2024 16:00,75.09,EUR,
19.03.2024 16:00 - 19.03.2024 17:00,86.29,EUR,
19.03.2024 17:00 - 19.03.2024 18:00,105.48,EUR,
19.03.2024 18:00 - 19.03.2024 19:00,124.7,EUR,
19.03.2024 19:00 - 19.03.2024 20:00,128.96,EUR,
19.03.2024 20:00 - 19.03.2024 21:00,110,EUR,
19.03.2024 21:00 - 19.03.2024 22:00,90.73,EUR,
19.03.2024 22:00 - 19.03.2024 23:00,82.25,EUR,
19.03.2024 23:00 - 20.03.2024 00:00,76.1,EUR,
20.03.2024 00:00 - 20.03.2024 01:00,76.01,EUR,
20.03.2024 01:00 - 20.03.2024 02:00,73.06,EUR,
20.03.2024 02:00 - 20.03.2024 03:00,73.86,EUR,
20.03.2024 03:00 - 20.03.2024 04:00,73.79,EUR,
20.03.2024 04:00 - 20.03.2024 05:00,58.96,EUR,
20.03.2024 05:00 - 20.03.2024 06:00,63.95,EUR,
20.03.2024 06:00 - 20.03.2024 07:00,62.99,EUR,
20.03.2024 07:00 - 20.03.2024 08:00,40.23,EUR,
20.03.2024 08:00 - 20.03.2024 09:00,15,EUR,
20.03.2024 09:00 - 20.03.2024 10:00,9.86,EUR,
20.03.2024 10:00 - 20.03.2024 11:00,0.2,EUR,
20.03.2024 11:00 - 20.03.2024 12:00,1.04,EUR,
20.03.2024 12:00 - 20.03.2024 13:00,9.86,EUR,
20.03.2024 13:00 - 20.03.2024 14:00,9.86,EUR,
20.03.2024 14:00 - 20.03.2024 15:00,32.78,EUR,
20.03.2024 15:00 - 20.03.2024 16:00,65.47,EUR,
20.03.2024 16:00 - 20.03.2024 17:00,86.1,EUR,
20.03.2024 17:00 - 20.03.2024 18:00,117.02,EUR,
20.03.2024 18:00 - 20.03.2024 19:00,145,EUR,
20.03.2024 19:00 - 20.03.2024 20:00,156.39,EUR,
20.03.2024 20:00 - 20.03.2024 21:00,125.36,EUR,
20.03.2024 21:00 - 20.03.2024 22:00,104.68,EUR,
20.03.2024 22:00 - 20.03.2024 23:00,93.21,EUR,
20.03.2024 23:00 - 21.03.2024 00:00,77.94,EUR,
21.03.2024 00:00 - 21.03.2024 01:00,75.14,EUR,
21.03.2024 01:00 - 21.03.2024 02:00,73.08,EUR,
21.03.2024 02:00 - 21.03.2024 03:00,73.59,EUR,
21.03.2024 03:00 - 21.03.2024 04:00,76.03,EUR,
21.03.2024 04:00 - 21.03.2024 05:00,76.52,EUR,
21.03.2024 05:00 - 21.03.2024 06:00,76.32,EUR,
21.03.2024 06:00 - 21.03.2024 07:00,90.99,EUR,
21.03.2024 07:00 - 21.03.2024 08:00,96.43,EUR,
21.03.2024 08:00 - 21.03.2024 09:00,98.98,EUR,
21.03.2024 09:00 - 21.03.2024 10:00,77.76,EUR,
21.03.2024 10:00 - 21.03.2024 11:00,30.27,EUR,
21.03.2024 11:00 - 21.03.2024 12:00,14.99,EUR,
21.03.2024 12:00 - 21.03.2024 13:00,15,EUR,
21.03.2024 13:00 - 21.03.2024 14:00,58.65,EUR,
21.03.2024 14:00 - 21.03.2024 15:00,63.77,EUR,
21.03.2024 15:00 - 21.03.2024 16:00,71.6,EUR,
21.03.2024 16:00 - 21.03.2024 17:00,79.46,EUR,
21.03.2024 17:00 - 21.03.2024 18:00,99.47,EUR,
21.03.2024 18:00 - 21.03.2024 19:00,121.89,EUR,
21.03.2024 19:00 - 21.03.2024 20:00,122.01,EUR,
21.03.2024 20:00 - 21.03.2024 21:00,96.91,EUR,
21.03.2024 21:00 - 21.03.2024 22:00,81.58,EUR,
21.03.2024 22:00 - 21.03.2024 23:00,75.87,EUR,
21.03.2024 23:00 - 22.03.2024 00:00,69.31,EUR,
22.03.2024 00:00 - 22.03.2024 01:00,58.48,EUR,
22.03.2024 01:00 - 22.03.2024 02:00,68.45,EUR,
22.03.2024 02:00 - 22.03.2024 03:00,71.56,EUR,
22.03.2024 03:00 - 22.03.2024 04:00,70,EUR,
22.03.2024 04:00 - 22.03.2024 05:00,73.37,EUR,
22.03.2024 05:00 - 22.03.2024 06:00,73.03,EUR,
22.03.2024 06:00 - 22.03.2024 07:00,83.75,EUR,
22.03.2024 07:00 - 22.03.2024 08:00,77.03,EUR,
22.03.2024 08:00 - 22.03.2024 09:00,62.12,EUR,
22.03.2024 09:00 - 22.03.2024 10:00,48.73,EUR,
22.03.2024 10:00 - 22.03.2024 11:00,40,EUR,
22.03.2024 11:00 - 22.03.2024 12:00,38.36,EUR,
22.03.2024 12:00 - 22.03.2024 13:00,46.95,EUR,
22.03.2024 13:00 - 22.03.2024 14:00,48.85,EUR,
22.03.2024 14:00 - 22.03.2024 15:00,58.72,EUR,
22.03.2024 15:00 - 22.03.2024 16:00,59.82,EUR,
22.03.2024 16:00 - 22.03.2024 17:00,72.27,EUR,
22.03.2024 17:00 - 22.03.2024 18:00,84.95,EUR,
22.03.2024 18:00 - 22.03.2024 19:00,110.86,EUR,
22.03.2024 19:00 - 22.03.2024 20:00,113.47,EUR,
22.03.2024 20:00 - 22.03.2024 21:00,90.34,EUR,
22.03.2024 21:00 - 22.03.2024 22:00,77.62,EUR,
22.03.2024 22:00 - 22.03.2024 23:00,75.14,EUR,
22.03.2024 23:00 - 23.03.2024 00:00,73.23,EUR,
23.03.2024 00:00 - 23.03.2024 01:00,72.99,EUR,
23.03.2024 01:00 - 23.03.2024 02:00,71.95,EUR,
23.03.2024 02:00 - 23.03.2024 03:00,73.57,EUR,
23.03.2024 03:00 - 23.03.2024 04:00,75.9,EUR,
23.03.2024 04:00 - 23.03.2024 05:00,74.48,EUR,
23.03.2024 05:00 - 23.03.2024 06:00,73.2,EUR,
23.03.2024 06:00 - 23.03.2024 07:00,62.69,EUR,
23.03.2024 07:00 - 23.03.2024 08:00,60.31,EUR,
23.03.2024 08:00 - 23.03.2024 09:00,36.65,EUR,
23.03.2024 09:00 - 23.03.2024 10:00,17.15,EUR,
23.03.2024 10:00 - 23.03.2024 11:00,0.2,EUR,
23.03.2024 11:00 - 23.03.2024 12:00,0.2,EUR,
23.03.2024 12:00 - 23.03.2024 13:00,3.81,EUR,
23.03.2024 13:00 - 23.03.2024 14:00,3.74,EUR,
23.03.2024 14:00 - 23.03.2024 15:00,37.18,EUR,
23.03.2024 15:00 - 23.03.2024 16:00,56,EUR,
23.03.2024 16:00 - 23.03.2024 17:00,56.5,EUR,
23.03.2024 17:00 - 23.03.2024 18:00,77.67,EUR,
23.03.2024 18:00 - 23.03.2024 19:00,80.42,EUR,
23.03.2024 19:00 - 23.03.2024 20:00,79.58,EUR,
23.03.2024 20:00 - 23.03.2024 21:00,77.27,EUR,
23.03.2024 21:00 - 23.03.2024 22:00,79.11,EUR,
23.03.2024 22:00 - 23.03.2024 23:00,77.98,EUR,
23.03.2024 23:00 - 24.03.2024 00:00,73.94,EUR,
24.03.2024 00:00 - 24.03.2024 01:00,78.68,EUR,
24.03.2024 01:00 - 24.03.2024 02:00,78.03,EUR,
24.03.2024 02:00 - 24.03.2024 03:00,75,EUR,
24.03.2024 03:00 - 24.03.2024 04:00,63,EUR,
24.03.2024 04:00 - 24.03.2024 05:00,71.35,EUR,
24.03.2024 05:00 - 24.03.2024 06:00,75,EUR,
24.03.2024 06:00 - 24.03.2024 07:00,75,EUR,
24.03.2024 07:00 - 24.03.2024 08:00,9.85,EUR,
24.03.2024 08:00 - 24.03.2024 09:00,0.01,EUR,
24.03.2024 09:00 - 24.03.2024 10:00,0.01,EUR,
24.03.2024 10:00 - 24.03.2024 11:00,0.01,EUR,
24.03.2024 11:00 - 24.03.2024 12:00,0,EUR,
24.03.2024 12:00 - 24.03.2024 13:00,0,EUR,
24.03.2024 13:00 - 24.03.2024 14:00,0,EUR,
24.03.2024 14:00 - 24.03.2024 15:00,0,EUR,
24.03.2024 15:00 - 24.03.2024 16:00,0.01,EUR,
24.03.2024 16:00 - 24.03.2024 17:00,46.12,EUR,
24.03.2024 17:00 - 24.03.2024 18:00,74.98,EUR,
24.03.2024 18:00 - 24.03.2024 19:00,73.82,EUR,
24.03.2024 19:00 - 24.03.2024 20:00,73.93,EUR,
24.03.2024 20:00 - 24.03.2024 21:00,76.65,EUR,
24.03.2024 21:00 - 24.03.2024 22:00,73.68,EUR,
24.03.2024 22:00 - 24.03.2024 23:00,70.1,EUR,
24.03.2024 23:00 - 25.03.2024 00:00,66.06,EUR,
25.03.2024 00:00 - 25.03.2024 01:00,62.51,EUR,
25.03.2024 01:00 - 25.03.2024 02:00,61.01,EUR,
25.03.2024 02:00 - 25.03.2024 03:00,60.87,EUR,
25.03.2024 03:00 - 25.03.2024 04:00,62.69,EUR,
25.03.2024 04:00 - 25.03.2024 05:00,64.55,EUR,
25.03.2024 05:00 - 25.03.2024 06:00,76.65,EUR,
25.03.2024 06:00 - 25.03.2024 07:00,90.22,EUR,
25.03.2024 07:00 - 25.03.2024 08:00,94.79,EUR,
25.03.2024 08:00 - 25.03.2024 09:00,75.1,EUR,
25.03.2024 09:00 - 25.03.2024 10:00,15,EUR,
25.03.2024 10:00 - 25.03.2024 11:00,0.02,EUR,
25.03.2024 11:00 - 25.03.2024 12:00,0.02,EUR,
25.03.2024 12:00 - 25.03.2024 13:00,0.02,EUR,
25.03.2024 13:00 - 25.03.2024 14:00,0.02,EUR,
25.03.2024 14:00 - 25.03.2024 15:00,9.85,EUR,
25.03.2024 15:00 - 25.03.2024 16:00,74.74,EUR,
25.03.2024 16:00 - 25.03.2024 17:00,86.18,EUR,
25.03.2024 17:00 - 25.03.2024 18:00,106.18,EUR,
25.03.2024 18:00 - 25.03.2024 19:00,77.75,EUR,
25.03.2024 19:00 - 25.03.2024 20:00,117.17,EUR,
25.03.2024 20:00 - 25.03.2024 21:00,97.38,EUR,
25.03.2024 21:00 - 25.03.2024 22:00,94.04,EUR,
25.03.2024 22:00 - 25.03.2024 23:00,86.44,EUR,
25.03.2024 23:00 - 26.03.2024 00:00,75.89,EUR,
26.03.2024 00:00 - 26.03.2024 01:00,58.44,EUR,
26.03.2024 01:00 - 26.03.2024 02:00,60.97,EUR,
26.03.2024 02:00 - 26.03.2024 03:00,64.46,EUR,
26.03.2024 03:00 - 26.03.2024 04:00,66.18,EUR,
26.03.2024 04:00 - 26.03.2024 05:00,71.13,EUR,
26.03.2024 05:00 - 26.03.2024 06:00,73.78,EUR,
26.03.2024 06:00 - 26.03.2024 07:00,77.61,EUR,
26.03.2024 07:00 - 26.03.2024 08:00,75.92,EUR,
26.03.2024 08:00 - 26.03.2024 09:00,54.96,EUR,
26.03.2024 09:00 - 26.03.2024 10:00,62,EUR,
26.03.2024 10:00 - 26.03.2024 11:00,49.5,EUR,
26.03.2024 11:00 - 26.03.2024 12:00,66.07,EUR,
26.03.2024 12:00 - 26.03.2024 13:00,63.12,EUR,
26.03.2024 13:00 - 26.03.2024 14:00,59.06,EUR,
26.03.2024 14:00 - 26.03.2024 15:00,67.02,EUR,
26.03.2024 15:00 - 26.03.2024 16:00,65,EUR,
26.03.2024 16:00 - 26.03.2024 17:00,67.99,EUR,
26.03.2024 17:00 - 26.03.2024 18:00,78.55,EUR,
26.03.2024 18:00 - 26.03.2024 19:00,85.39,EUR,
26.03.2024 19:00 - 26.03.2024 20:00,88.4,EUR,
26.03.2024 20:00 - 26.03.2024 21:00,76.05,EUR,
26.03.2024 21:00 - 26.03.2024 22:00,74.15,EUR,
26.03.2024 22:00 - 26.03.2024 23:00,66.93,EUR,
26.03.2024 23:00 - 27.03.2024 00:00,51.71,EUR,
27.03.2024 00:00 - 27.03.2024 01:00,58.35,EUR,
27.03.2024 01:00 - 27.03.2024 02:00,57.09,EUR,
27.03.2024 02:00 - 27.03.2024 03:00,57.28,EUR,
27.03.2024 03:00 - 27.03.2024 04:00,57.01,EUR,
27.03.2024 04:00 - 27.03.2024 05:00,58.92,EUR,
27.03.2024 05:00 - 27.03.2024 06:00,69.15,EUR,
27.03.2024 06:00 - 27.03.2024 07:00,80.07,EUR,
27.03.2024 07:00 - 27.03.2024 08:00,76.13,EUR,
27.03.2024 08:00 - 27.03.2024 09:00,74.99,EUR,
27.03.2024 09:00 - 27.03.2024 10:00,62.19,EUR,
27.03.2024 10:00 - 27.03.2024 11:00,52.03,EUR,
27.03.2024 11:00 - 27.03.2024 12:00,45,EUR,
27.03.2024 12:00 - 27.03.2024 13:00,42.96,EUR,
27.03.2024 13:00 - 27.03.2024 14:00,43.56,EUR,
27.03.2024 14:00 - 27.03.2024 15:00,46.74,EUR,
27.03.2024 15:00 - 27.03.2024 16:00,61.11,EUR,
27.03.2024 16:00 - 27.03.2024 17:00,74.73,EUR,
27.03.2024 17:00 - 27.03.2024 18:00,82.5,EUR,
27.03.2024 18:00 - 27.03.2024 19:00,104.08,EUR,
27.03.2024 19:00 - 27.03.2024 20:00,108.79,EUR,
27.03.2024 20:00 - 27.03.2024 21:00,83.96,EUR,
27.03.2024 21:00 - 27.03.2024 22:00,78.64,EUR,
27.03.2024 22:00 - 27.03.2024 23:00,74.52,EUR,
27.03.2024 23:00 - 28.03.2024 00:00,70.26,EUR,
28.03.2024 00:00 - 28.03.2024 01:00,48.8,EUR,
28.03.2024 01:00 - 28.03.2024 02:00,52.8,EUR,
28.03.2024 02:00 - 28.03.2024 03:00,58.38,EUR,
28.03.2024 03:00 - 28.03.2024 04:00,58.97,EUR,
28.03.2024 04:00 - 28.03.2024 05:00,61.15,EUR,
28.03.2024 05:00 - 28.03.2024 06:00,67.09,EUR,
28.03.2024 06:00 - 28.03.2024 07:00,75.5,EUR,
28.03.2024 07:00 - 28.03.2024 08:00,76.21,EUR,
28.03.2024 08:00 - 28.03.2024 09:00,52.72,EUR,
28.03.2024 09:00 - 28.03.2024 10:00,39.48,EUR,
28.03.2024 10:00 - 28.03.2024 11:00,8.92,EUR,
28.03.2024 11:00 - 28.03.2024 12:00,0.03,EUR,
28.03.2024 12:00 - 28.03.2024 13:00,0.02,EUR,
28.03.2024 13:00 - 28.03.2024 14:00,0.02,EUR,
28.03.2024 14:00 - 28.03.2024 15:00,0.94,EUR,
28.03.2024 15:00 - 28.03.2024 16:00,10.38,EUR,
28.03.2024 16:00 - 28.03.2024 17:00,35.7,EUR,
28.03.2024 17:00 - 28.03.2024 18:00,61.9,EUR,
28.03.2024 18:00 - 28.03.2024 19:00,74.8,EUR,
28.03.2024 19:00 - 28.03.2024 20:00,81.66,EUR,
28.03.2024 20:00 - 28.03.2024 21:00,73.45,EUR,
28.03.2024 21:00 - 28.03.2024 22:00,62.21,EUR,
28.03.2024 22:00 - 28.03.2024 23:00,73.41,EUR,
28.03.2024 23:00 - 29.03.2024 00:00,66.99,EUR,
29.03.2024 00:00 - 29.03.2024 01:00,63.99,EUR,
29.03.2024 01:00 - 29.03.2024 02:00,70,EUR,
29.03.2024 02:00 - 29.03.2024 03:00,73.59,EUR,
29.03.2024 03:00 - 29.03.2024 04:00,72.4,EUR,
29.03.2024 04:00 - 29.03.2024 05:00,71.49,EUR,
29.03.2024 05:00 - 29.03.2024 06:00,75,EUR,
29.03.2024 06:00 - 29.03.2024 07:00,78.69,EUR,
29.03.2024 07:00 - 29.03.2024 08:00,70.01,EUR,
29.03.2024 08:00 - 29.03.2024 09:00,16.16,EUR,
29.03.2024 09:00 - 29.03.2024 10:00,8.99,EUR,
29.03.2024 10:00 - 29.03.2024 11:00,0.02,EUR,
29.03.2024 11:00 - 29.03.2024 12:00,0.22,EUR,
29.03.2024 12:00 - 29.03.2024 13:00,5.11,EUR,
29.03.2024 13:00 - 29.03.2024 14:00,9.86,EUR,
29.03.2024 14:00 - 29.03.2024 15:00,13.44,EUR,
29.03.2024 15:00 - 29.03.2024 16:00,21.45,EUR,
29.03.2024 16:00 - 29.03.2024 17:00,69.61,EUR,
29.03.2024 17:00 - 29.03.2024 18:00,76.68,EUR,
29.03.2024 18:00 - 29.03.2024 19:00,94.79,EUR,
29.03.2024 19:00 - 29.03.2024 20:00,105.41,EUR,
29.03.2024 20:00 - 29.03.2024 21:00,87.4,EUR,
29.03.2024 21:00 - 29.03.2024 22:00,78.24,EUR,
29.03.2024 22:00 - 29.03.2024 23:00,75.89,EUR,
29.03.2024 23:00 - 30.03.2024 00:00,70,EUR,
30.03.2024 00:00 - 30.03.2024 01:00,69.3,EUR,
30.03.2024 01:00 - 30.03.2024 02:00,77.11,EUR,
30.03.2024 02:00 - 30.03.2024 03:00,69.87,EUR,
30.03.2024 03:00 - 30.03.2024 04:00,69.79,EUR,
30.03.2024 04:00 - 30.03.2024 05:00,63.52,EUR,
30.03.2024 05:00 - 30.03.2024 06:00,77.01,EUR,
30.03.2024 06:00 - 30.03.2024 07:00,58.02,EUR,
30.03.2024 07:00 - 30.03.2024 08:00,46.05,EUR,
30.03.2024 08:00 - 30.03.2024 09:00,36.49,EUR,
30.03.2024 09:00 - 30.03.2024 10:00,9.85,EUR,
30.03.2024 10:00 - 30.03.2024 11:00,3.09,EUR,
30.03.2024 11:00 - 30.03.2024 12:00,0.09,EUR,
30.03.2024 12:00 - 30.03.2024 13:00,0.01,EUR,
30.03.2024 13:00 - 30.03.2024 14:00,0.01,EUR,
30.03.2024 14:00 - 30.03.2024 15:00,1,EUR,
30.03.2024 15:00 - 30.03.2024 16:00,16,EUR,
30.03.2024 16:00 - 30.03.2024 17:00,68,EUR,
30.03.2024 17:00 - 30.03.2024 18:00,73.83,EUR,
30.03.2024 18:00 - 30.03.2024 19:00,81.52,EUR,
30.03.2024 19:00 - 30.03.2024 20:00,82.04,EUR,
30.03.2024 20:00 - 30.03.2024 21:00,75.85,EUR,
30.03.2024 21:00 - 30.03.2024 22:00,70.77,EUR,
30.03.2024 22:00 - 30.03.2024 23:00,70.83,EUR,
30.03.2024 23:00 - 31.03.2024 00:00,65.74,EUR,
31.03.2024 00:00 - 31.03.2024 01:00,60.47,EUR,
31.03.2024 01:00 - 31.03.2024 02:00,49.1,EUR,
31.03.2024 02:00 - 31.03.2024 03:00,,,
31.03.2024 03:00 - 31.03.2024 04:00,31.17,EUR,
31.03.2024 04:00 - 31.03.2024 05:00,61.79,EUR,
31.03.2024 05:00 - 31.03.2024 06:00,44.8,EUR,
31.03.2024 06:00 - 31.03.2024 07:00,30.33,EUR,
31.03.2024 07:00 - 31.03.2024 08:00,32.66,EUR,
31.03.2024 08:00 - 31.03.2024 09:00,9.86,EUR,
31.03.2024 09:00 - 31.03.2024 10:00,8.63,EUR,
31.03.2024 10:00 - 31.03.2024 11:00,0.03,EUR,
31.03.2024 11:00 - 31.03.2024 12:00,0.03,EUR,
31.03.2024 12:00 - 31.03.2024 13:00,0.02,EUR,
31.03.2024 13:00 - 31.03.2024 14:00,0,EUR,
31.03.2024 14:00 - 31.03.2024 15:00,0,EUR,
31.03.2024 15:00 - 31.03.2024 16:00,0.03,EUR,
31.03.2024 16:00 - 31.03.2024 17:00,9.86,EUR,
31.03.2024 17:00 - 31.03.2024 18:00,43.32,EUR,
31.03.2024 18:00 - 31.03.2024 19:00,59.16,EUR,
31.03.2024 19:00 - 31.03.2024 20:00,79.12,EUR,
31.03.2024 20:00 - 31.03.2024 21:00,69.24,EUR,
31.03.2024 21:00 - 31.03.2024 22:00,65.81,EUR,
31.03.2024 22:00 - 31.03.2024 23:00,60.9,EUR,
31.03.2024 23:00 - 01.04.2024 00:00,48.07,EUR,
01.04.2024 00:00 - 01.04.2024 01:00,43.45,EUR,
01.04.2024 01:00 - 01.04.2024 02:00,37.15,EUR,
01.04.2024 02:00 - 01.04.2024 03:00,37.18,EUR,
01.04.2024 03:00 - 01.04.2024 04:00,43,EUR,
01.04.2024 04:00 - 01.04.2024 05:00,68.33,EUR,
01.04.2024 05:00 - 01.04.2024 06:00,79.35,EUR,
01.04.2024 06:00 - 01.04.2024 07:00,82.32,EUR,
01.04.2024 07:00 - 01.04.2024 08:00,60,EUR,
01.04.2024 08:00 - 01.04.2024 09:00,39.58,EUR,
01.04.2024 09:00 - 01.04.2024 10:00,21.3,EUR,
01.04.2024 10:00 - 01.04.2024 11:00,2.63,EUR,
01.04.2024 11:00 - 01.04.2024 12:00,0.03,EUR,
01.04.2024 12:00 - 01.04.2024 13:00,0.03,EUR,
01.04.2024 13:00 - 01.04.2024 14:00,0.03,EUR,
01.04.2024 14:00 - 01.04.2024 15:00,0,EUR,
01.04.2024 15:00 - 01.04.2024 16:00,0.01,EUR,
01.04.2024 16:00 - 01.04.2024 17:00,0.02,EUR,
01.04.2024 17:00 - 01.04.2024 18:00,15.82,EUR,
01.04.2024 18:00 - 01.04.2024 19:00,50,EUR,
01.04.2024 19:00 - 01.04.2024 20:00,80.49,EUR,
01.04.2024 20:00 - 01.04.2024 21:00,77.96,EUR,
01.04.2024 21:00 - 01.04.2024 22:00,57.48,EUR,
01.04.2024 22:00 - 01.04.2024 23:00,78.61,EUR,
01.04.2024 23:00 - 02.04.2024 00:00,50,EUR,
02.04.2024 00:00 - 02.04.2024 01:00,65.29,EUR,
02.04.2024 01:00 - 02.04.2024 02:00,65.86,EUR,
02.04.2024 02:00 - 02.04.2024 03:00,60,EUR,
02.04.2024 03:00 - 02.04.2024 04:00,46.13,EUR,
02.04.2024 04:00 - 02.04.2024 05:00,50,EUR,
02.04.2024 05:00 - 02.04.2024 06:00,56,EUR,
02.04.2024 06:00 - 02.04.2024 07:00,87.6,EUR,
02.04.2024 07:00 - 02.04.2024 08:00,72.77,EUR,
02.04.2024 08:00 - 02.04.2024 09:00,67.17,EUR,
02.04.2024 09:00 - 02.04.2024 10:00,45.45,EUR,
02.04.2024 10:00 - 02.04.2024 11:00,4.08,EUR,
02.04.2024 11:00 - 02.04.2024 12:00,0.64,EUR,
02.04.2024 12:00 - 02.04.2024 13:00,0.03,EUR,
02.04.2024 13:00 - 02.04.2024 14:00,0.02,EUR,
02.04.2024 14:00 - 02.04.2024 15:00,0.02,EUR,
02.04.2024 15:00 - 02.04.2024 16:00,0.03,EUR,
02.04.2024 16:00 - 02.04.2024 17:00,4.31,EUR,
02.04.2024 17:00 - 02.04.2024 18:00,39.87,EUR,
02.04.2024 18:00 - 02.04.2024 19:00,71.28,EUR,
02.04.2024 19:00 - 02.04.2024 20:00,75.72,EUR,
02.04.2024 20:00 - 02.04.2024 21:00,70.12,EUR,
02.04.2024 21:00 - 02.04.2024 22:00,67.56,EUR,
02.04.2024 22:00 - 02.04.2024 23:00,71.99,EUR,
02.04.2024 23:00 - 03.04.2024 00:00,68.04,EUR,
03.04.2024 00:00 - 03.04.2024 01:00,69.08,EUR,
03.04.2024 01:00 - 03.04.2024 02:00,66.61,EUR,
03.04.2024 02:00 - 03.04.2024 03:00,65.54,EUR,
03.04.2024 03:00 - 03.04.2024 04:00,66.83,EUR,
03.04.2024 04:00 - 03.04.2024 05:00,66.95,EUR,
03.04.2024 05:00 - 03.04.2024 06:00,74.66,EUR,
03.04.2024 06:00 - 03.04.2024 07:00,79.09,EUR,
03.04.2024 07:00 - 03.04.2024 08:00,80.71,EUR,
03.04.2024 08:00 - 03.04.2024 09:00,99,EUR,
03.04.2024 09:00 - 03.04.2024 10:00,60.36,EUR,
03.04.2024 10:00 - 03.04.2024 11:00,49.99,EUR,
03.04.2024 11:00 - 03.04.2024 12:00,14.69,EUR,
03.04.2024 12:00 - 03.04.2024 13:00,20,EUR,
03.04.2024 13:00 - 03.04.2024 14:00,43.6,EUR,
03.04.2024 14:00 - 03.04.2024 15:00,61.22,EUR,
03.04.2024 15:00 - 03.04.2024 16:00,68.25,EUR,
03.04.2024 16:00 - 03.04.2024 17:00,71.56,EUR,
03.04.2024 17:00 - 03.04.2024 18:00,72.42,EUR,
03.04.2024 18:00 - 03.04.2024 19:00,80.65,EUR,
03.04.2024 19:00 - 03.04.2024 20:00,119.83,EUR,
03.04.2024 20:00 - 03.04.2024 21:00,107.15,EUR,
03.04.2024 21:00 - 03.04.2024 22:00,79.64,EUR,
03.04.2024 22:00 - 03.04.2024 23:00,79.76,EUR,
03.04.2024 23:00 - 04.04.2024 00:00,69.05,EUR,
04.04.2024 00:00 - 04.04.2024 01:00,53.89,EUR,
04.04.2024 01:00 - 04.04.2024 02:00,52.11,EUR,
04.04.2024 02:00 - 04.04.2024 03:00,47.19,EUR,
04.04.2024 03:00 - 04.04.2024 04:00,48.56,EUR,
04.04.2024 04:00 - 04.04.2024 05:00,57.29,EUR,
04.04.2024 05:00 - 04.04.2024 06:00,61.59,EUR,
04.04.2024 06:00 - 04.04.2024 07:00,81.66,EUR,
04.04.2024 07:00 - 04.04.2024 08:00,80.72,EUR,
04.04.2024 08:00 - 04.04.2024 09:00,65.45,EUR,
04.04.2024 09:00 - 04.04.2024 10:00,67.01,EUR,
04.04.2024 10:00 - 04.04.2024 11:00,58.7,EUR,
04.04.2024 11:00 - 04.04.2024 12:00,51.9,EUR,
04.04.2024 12:00 - 04.04.2024 13:00,51.93,EUR,
04.04.2024 13:00 - 04.04.2024 14:00,51,EUR,
04.04.2024 14:00 - 04.04.2024 15:00,50.96,EUR,
04.04.2024 15:00 - 04.04.2024 16:00,51.58,EUR,
04.04.2024 16:00 - 04.04.2024 17:00,52.44,EUR,
04.04.2024 17:00 - 04.04.2024 18:00,63.24,EUR,
04.04.2024 18:00 - 04.04.2024 19:00,77,EUR,
04.04.2024 19:00 - 04.04.2024 20:00,82.21,EUR,
04.04.2024 20:00 - 04.04.2024 21:00,78.47,EUR,
04.04.2024 21:00 - 04.04.2024 22:00,70.21,EUR,
04.04.2024 22:00 - 04.04.2024 23:00,68.13,EUR,
04.04.2024 23:00 - 05.04.2024 00:00,58.27,EUR,
05.04.2024 00:00 - 05.04.2024 01:00,66.58,EUR,
05.04.2024 01:00 - 05.04.2024 02:00,67.98,EUR,
05.04.2024 02:00 - 05.04.2024 03:00,66.91,EUR,
05.04.2024 03:00 - 05.04.2024 04:00,65.02,EUR,
05.04.2024 04:00 - 05.04.2024 05:00,64.29,EUR,
05.04.2024 05:00 - 05.04.2024 06:00,68.99,EUR,
05.04.2024 06:00 - 05.04.2024 07:00,74.22,EUR,
05.04.2024 07:00 - 05.04.2024 08:00,79.22,EUR,
05.04.2024 08:00 - 05.04.2024 09:00,75.41,EUR,
05.04.2024 09:00 - 05.04.2024 10:00,62.52,EUR,
05.04.2024 10:00 - 05.04.2024 11:00,46,EUR,
05.04.2024 11:00 - 05.04.2024 12:00,23.24,EUR,
05.04.2024 12:00 - 05.04.2024 13:00,8.34,EUR,
05.04.2024 13:00 - 05.04.2024 14:00,0.03,EUR,
05.04.2024 14:00 - 05.04.2024 15:00,0.98,EUR,
05.04.2024 15:00 - 05.04.2024 16:00,13.04,EUR,
05.04.2024 16:00 - 05.04.2024 17:00,26.02,EUR,
05.04.2024 17:00 - 05.04.2024 18:00,54.27,EUR,
05.04.2024 18:00 - 05.04.2024 19:00,73.15,EUR,
05.04.2024 19:00 - 05.04.2024 20:00,92.63,EUR,
05.04.2024 20:00 - 05.04.2024 21:00,90.08,EUR,
05.04.2024 21:00 - 05.04.2024 22:00,70.82,EUR,
05.04.2024 22:00 - 05.04.2024 23:00,72.2,EUR,
05.04.2024 23:00 - 06.04.2024 00:00,68.19,EUR,
06.04.2024 00:00 - 06.04.2024 01:00,69.6,EUR,
06.04.2024 01:00 - 06.04.2024 02:00,69.47,EUR,
06.04.2024 02:00 - 06.04.2024 03:00,68,EUR,
06.04.2024 03:00 - 06.04.2024 04:00,68,EUR,
06.04.2024 04:00 - 06.04.2024 05:00,68,EUR,
06.04.2024 05:00 - 06.04.2024 06:00,67.99,EUR,
06.04.2024 06:00 - 06.04.2024 07:00,72.28,EUR,
06.04.2024 07:00 - 06.04.2024 08:00,64.93,EUR,
06.04.2024 08:00 - 06.04.2024 09:00,64.59,EUR,
06.04.2024 09:00 - 06.04.2024 10:00,44.31,EUR,
06.04.2024 10:00 - 06.04.2024 11:00,24.54,EUR,
06.04.2024 11:00 - 06.04.2024 12:00,7.75,EUR,
06.04.2024 12:00 - 06.04.2024 13:00,0.03,EUR,
06.04.2024 13:00 - 06.04.2024 14:00,0.03,EUR,
06.04.2024 14:00 - 06.04.2024 15:00,0.03,EUR,
06.04.2024 15:00 - 06.04.2024 16:00,0.03,EUR,
06.04.2024 16:00 - 06.04.2024 17:00,6.69,EUR,
06.04.2024 17:00 - 06.04.2024 18:00,64.77,EUR,
06.04.2024 18:00 - 06.04.2024 19:00,76.6,EUR,
06.04.2024 19:00 - 06.04.2024 20:00,90.32,EUR,
06.04.2024 20:00 - 06.04.2024 21:00,84.1,EUR,
06.04.2024 21:00 - 06.04.2024 22:00,76.73,EUR,
06.04.2024 22:00 - 06.04.2024 23:00,76.69,EUR,
06.04.2024 23:00 - 07.04.2024 00:00,76.14,EUR,
07.04.2024 00:00 - 07.04.2024 01:00,68.15,EUR,
07.04.2024 01:00 - 07.04.2024 02:00,68.84,EUR,
07.04.2024 02:00 - 07.04.2024 03:00,72.4,EUR,
07.04.2024 03:00 - 07.04.2024 04:00,71.42,EUR,
07.04.2024 04:00 - 07.04.2024 05:00,70.1,EUR,
07.04.2024 05:00 - 07.04.2024 06:00,69.8,EUR,
07.04.2024 06:00 - 07.04.2024 07:00,69.27,EUR,
07.04.2024 07:00 - 07.04.2024 08:00,64.46,EUR,
07.04.2024 08:00 - 07.04.2024 09:00,15,EUR,
07.04.2024 09:00 - 07.04.2024 10:00,0.02,EUR,
07.04.2024 10:00 - 07.04.2024 11:00,0.02,EUR,
07.04.2024 11:00 - 07.04.2024 12:00,0,EUR,
07.04.2024 12:00 - 07.04.2024 13:00,0,EUR,
07.04.2024 13:00 - 07.04.2024 14:00,0,EUR,
07.04.2024 14:00 - 07.04.2024 15:00,-0.01,EUR,
07.04.2024 15:00 - 07.04.2024 16:00,0,EUR,
07.04.2024 16:00 - 07.04.2024 17:00,0.04,EUR,
07.04.2024 17:00 - 07.04.2024 18:00,50,EUR,
07.04.2024 18:00 - 07.04.2024 19:00,84.1,EUR,
07.04.2024 19:00 - 07.04.2024 20:00,88.5,EUR,
07.04.2024 20:00 - 07.04.2024 21:00,76.05,EUR,
07.04.2024 21:00 - 07.04.2024 22:00,69.74,EUR,
07.04.2024 22:00 - 07.04.2024 23:00,70.02,EUR,
07.04.2024 23:00 - 08.04.2024 00:00,68.49,EUR,
08.04.2024 00:00 - 08.04.2024 01:00,66.91,EUR,
08.04.2024 01:00 - 08.04.2024 02:00,65.27,EUR,
08.04.2024 02:00 - 08.04.2024 03:00,62.41,EUR,
08.04.2024 03:00 - 08.04.2024 04:00,64.19,EUR,
08.04.2024 04:00 - 08.04.2024 05:00,65.57,EUR,
08.04.2024 05:00 - 08.04.2024 06:00,71.44,EUR,
08.04.2024 06:00 - 08.04.2024 07:00,90.1,EUR,
08.04.2024 07:00 - 08.04.2024 08:00,100,EUR,
08.04.2024 08:00 - 08.04.2024 09:00,46.38,EUR,
08.04.2024 09:00 - 08.04.2024 10:00,26.21,EUR,
08.04.2024 10:00 - 08.04.2024 11:00,0.04,EUR,
08.04.2024 11:00 - 08.04.2024 12:00,0.03,EUR,
08.04.2024 12:00 - 08.04.2024 13:00,0.03,EUR,
08.04.2024 13:00 - 08.04.2024 14:00,0.03,EUR,
08.04.2024 14:00 - 08.04.2024 15:00,0.03,EUR,
08.04.2024 15:00 - 08.04.2024 16:00,10,EUR,
08.04.2024 16:00 - 08.04.2024 17:00,51.66,EUR,
08.04.2024 17:00 - 08.04.2024 18:00,71.05,EUR,
08.04.2024 18:00 - 08.04.2024 19:00,92.54,EUR,
08.04.2024 19:00 - 08.04.2024 20:00,80.8,EUR,
08.04.2024 20:00 - 08.04.2024 21:00,76.45,EUR,
08.04.2024 21:00 - 08.04.2024 22:00,69.34,EUR,
08.04.2024 22:00 - 08.04.2024 23:00,69.13,EUR,
08.04.2024 23:00 - 09.04.2024 00:00,64.16,EUR,
09.04.2024 00:00 - 09.04.2024 01:00,69.56,EUR,
09.04.2024 01:00 - 09.04.2024 02:00,63.39,EUR,
09.04.2024 02:00 - 09.04.2024 03:00,61.83,EUR,
09.04.2024 03:00 - 09.04.2024 04:00,58.52,EUR,
09.04.2024 04:00 - 09.04.2024 05:00,61.58,EUR,
09.04.2024 05:00 - 09.04.2024 06:00,68.21,EUR,
09.04.2024 06:00 - 09.04.2024 07:00,85.12,EUR,
09.04.2024 07:00 - 09.04.2024 08:00,71.98,EUR,
09.04.2024 08:00 - 09.04.2024 09:00,45.05,EUR,
09.04.2024 09:00 - 09.04.2024 10:00,40,EUR,
09.04.2024 10:00 - 09.04.2024 11:00,6.62,EUR,
09.04.2024 11:00 - 09.04.2024 12:00,3.03,EUR,
09.04.2024 12:00 - 09.04.2024 13:00,2.68,EUR,
09.04.2024 13:00 - 09.04.2024 14:00,4.99,EUR,
09.04.2024 14:00 - 09.04.2024 15:00,7.21,EUR,
09.04.2024 15:00 - 09.04.2024 16:00,27.76,EUR,
09.04.2024 16:00 - 09.04.2024 17:00,36.45,EUR,
09.04.2024 17:00 - 09.04.2024 18:00,49.33,EUR,
09.04.2024 18:00 - 09.04.2024 19:00,73.53,EUR,
09.04.2024 19:00 - 09.04.2024 20:00,87.55,EUR,
09.04.2024 20:00 - 09.04.2024 21:00,89.84,EUR,
09.04.2024 21:00 - 09.04.2024 22:00,70.37,EUR,
09.04.2024 22:00 - 09.04.2024 23:00,64.99,EUR,
09.04.2024 23:00 - 10.04.2024 00:00,50.02,EUR,
10.04.2024 00:00 - 10.04.2024 01:00,67.13,EUR,
10.04.2024 01:00 - 10.04.2024 02:00,63.22,EUR,
10.04.2024 02:00 - 10.04.2024 03:00,58.55,EUR,
10.04.2024 03:00 - 10.04.2024 04:00,55.4,EUR,
10.04.2024 04:00 - 10.04.2024 05:00,56.5,EUR,
10.04.2024 05:00 - 10.04.2024 06:00,65.91,EUR,
10.04.2024 06:00 - 10.04.2024 07:00,79.83,EUR,
10.04.2024 07:00 - 10.04.2024 08:00,99.63,EUR,
10.04.2024 08:00 - 10.04.2024 09:00,77.31,EUR,
10.04.2024 09:00 - 10.04.2024 10:00,54.94,EUR,
10.04.2024 10:00 - 10.04.2024 11:00,34.02,EUR,
10.04.2024 11:00 - 10.04.2024 12:00,22.8,EUR,
10.04.2024 12:00 - 10.04.2024 13:00,15,EUR,
10.04.2024 13:00 - 10.04.2024 14:00,9.86,EUR,
10.04.2024 14:00 - 10.04.2024 15:00,16.95,EUR,
10.04.2024 15:00 - 10.04.2024 16:00,32.32,EUR,
10.04.2024 16:00 - 10.04.2024 17:00,58.59,EUR,
10.04.2024 17:00 - 10.04.2024 18:00,72.84,EUR,
10.04.2024 18:00 - 10.04.2024 19:00,93.98,EUR,
10.04.2024 19:00 - 10.04.2024 20:00,134.84,EUR,
10.04.2024 20:00 - 10.04.2024 21:00,134.22,EUR,
10.04.2024 21:00 - 10.04.2024 22:00,106.48,EUR,
10.04.2024 22:00 - 10.04.2024 23:00,83.43,EUR,
10.04.2024 23:00 - 11.04.2024 00:00,73.92,EUR,
11.04.2024 00:00 - 11.04.2024 01:00,66.95,EUR,
11.04.2024 01:00 - 11.04.2024 02:00,74.08,EUR,
11.04.2024 02:00 - 11.04.2024 03:00,56.91,EUR,
11.04.2024 03:00 - 11.04.2024 04:00,55.96,EUR,
11.04.2024 04:00 - 11.04.2024 05:00,56.34,EUR,
11.04.2024 05:00 - 11.04.2024 06:00,61.09,EUR,
11.04.2024 06:00 - 11.04.2024 07:00,90.35,EUR,
11.04.2024 07:00 - 11.04.2024 08:00,74.24,EUR,
11.04.2024 08:00 - 11.04.2024 09:00,52.2,EUR,
11.04.2024 09:00 - 11.04.2024 10:00,23.29,EUR,
11.04.2024 10:00 - 11.04.2024 11:00,1,EUR,
11.04.2024 11:00 - 11.04.2024 12:00,0.13,EUR,
11.04.2024 12:00 - 11.04.2024 13:00,0.04,EUR,
11.04.2024 13:00 - 11.04.2024 14:00,0.04,EUR,
11.04.2024 14:00 - 11.04.2024 15:00,0.13,EUR,
11.04.2024 15:00 - 11.04.2024 16:00,4.99,EUR,
11.04.2024 16:00 - 11.04.2024 17:00,50.15,EUR,
11.04.2024 17:00 - 11.04.2024 18:00,71.45,EUR,
11.04.2024 18:00 - 11.04.2024 19:00,78.85,EUR,
11.04.2024 19:00 - 11.04.2024 20:00,102.13,EUR,
11.04.2024 20:00 - 11.04.2024 21:00,80.69,EUR,
11.04.2024 21:00 - 11.04.2024 22:00,78.57,EUR,
11.04.2024 22:00 - 11.04.2024 23:00,76.59,EUR,
11.04.2024 23:00 - 12.04.2024 00:00,72.79,EUR,
12.04.2024 00:00 - 12.04.2024 01:00,63.23,EUR,
12.04.2024 01:00 - 12.04.2024 02:00,43.72,EUR,
12.04.2024 02:00 - 12.04.2024 03:00,50,EUR,
12.04.2024 03:00 - 12.04.2024 04:00,60,EUR,
12.04.2024 04:00 - 12.04.2024 05:00,63.73,EUR,
12.04.2024 05:00 - 12.04.2024 06:00,72.76,EUR,
12.04.2024 06:00 - 12.04.2024 07:00,84.97,EUR,
12.04.2024 07:00 - 12.04.2024 08:00,68.35,EUR,
12.04.2024 08:00 - 12.04.2024 09:00,15.06,EUR,
12.04.2024 09:00 - 12.04.2024 10:00,5,EUR,
12.04.2024 10:00 - 12.04.2024 11:00,0.03,EUR,
12.04.2024 11:00 - 12.04.2024 12:00,0.03,EUR,
12.04.2024 12:00 - 12.04.2024 13:00,0.02,EUR,
12.04.2024 13:00 - 12.04.2024 14:00,0.02,EUR,
12.04.2024 14:00 - 12.04.2024 15:00,0.03,EUR,
12.04.2024 15:00 - 12.04.2024 16:00,0.03,EUR,
12.04.2024 16:00 - 12.04.2024 17:00,0.2,EUR,
12.04.2024 17:00 - 12.04.2024 18:00,57.92,EUR,
12.04.2024 18:00 - 12.04.2024 19:00,77.82,EUR,
12.04.2024 19:00 - 12.04.2024 20:00,116.12,EUR,
12.04.2024 20:00 - 12.04.2024 21:00,118.6,EUR,
12.04.2024 21:00 - 12.04.2024 22:00,83.73,EUR,
12.04.2024 22:00 - 12.04.2024 23:00,75.99,EUR,
12.04.2024 23:00 - 13.04.2024 00:00,65.72,EUR,
13.04.2024 00:00 - 13.04.2024 01:00,58.86,EUR,
13.04.2024 01:00 - 13.04.2024 02:00,48,EUR,
13.04.2024 02:00 - 13.04.2024 03:00,50.67,EUR,
13.04.2024 03:00 - 13.04.2024 04:00,30,EUR,
13.04.2024 04:00 - 13.04.2024 05:00,29.2,EUR,
13.04.2024 05:00 - 13.04.2024 06:00,33.66,EUR,
13.04.2024 06:00 - 13.04.2024 07:00,40,EUR,
13.04.2024 07:00 - 13.04.2024 08:00,34.45,EUR,
13.04.2024 08:00 - 13.04.2024 09:00,21.74,EUR,
13.04.2024 09:00 - 13.04.2024 10:00,5.12,EUR,
13.04.2024 10:00 - 13.04.2024 11:00,0.02,EUR,
13.04.2024 11:00 - 13.04.2024 12:00,0,EUR,
13.04.2024 12:00 - 13.04.2024 13:00,0,EUR,
13.04.2024 13:00 - 13.04.2024 14:00,-0.01,EUR,
13.04.2024 14:00 - 13.04.2024 15:00,0,EUR,
13.04.2024 15:00 - 13.04.2024 16:00,0.02,EUR,
13.04.2024 16:00 - 13.04.2024 17:00,0.03,EUR,
13.04.2024 17:00 - 13.04.2024 18:00,49.99,EUR,
13.04.2024 18:00 - 13.04.2024 19:00,50.19,EUR,
13.04.2024 19:00 - 13.04.2024 20:00,79.15,EUR,
13.04.2024 20:00 - 13.04.2024 21:00,78.17,EUR,
13.04.2024 21:00 - 13.04.2024 22:00,67.84,EUR,
13.04.2024 22:00 - 13.04.2024 23:00,69.74,EUR,
13.04.2024 23:00 - 14.04.2024 00:00,64.25,EUR,
14.04.2024 00:00 - 14.04.2024 01:00,60.76,EUR,
14.04.2024 01:00 - 14.04.2024 02:00,73.8,EUR,
14.04.2024 02:00 - 14.04.2024 03:00,64.09,EUR,
14.04.2024 03:00 - 14.04.2024 04:00,71.7,EUR,
14.04.2024 04:00 - 14.04.2024 05:00,72.77,EUR,
14.04.2024 05:00 - 14.04.2024 06:00,71.55,EUR,
14.04.2024 06:00 - 14.04.2024 07:00,78.05,EUR,
14.04.2024 07:00 - 14.04.2024 08:00,20,EUR,
14.04.2024 08:00 - 14.04.2024 09:00,14.99,EUR,
14.04.2024 09:00 - 14.04.2024 10:00,0.02,EUR,
14.04.2024 10:00 - 14.04.2024 11:00,0.02,EUR,
14.04.2024 11:00 - 14.04.2024 12:00,0,EUR,
14.04.2024 12:00 - 14.04.2024 13:00,0,EUR,
14.04.2024 13:00 - 14.04.2024 14:00,-0.01,EUR,
14.04.2024 14:00 - 14.04.2024 15:00,-0.01,EUR,
14.04.2024 15:00 - 14.04.2024 16:00,0.03,EUR,
14.04.2024 16:00 - 14.04.2024 17:00,0.03,EUR,
14.04.2024 17:00 - 14.04.2024 18:00,61.53,EUR,
14.04.2024 18:00 - 14.04.2024 19:00,62.81,EUR,
14.04.2024 19:00 - 14.04.2024 20:00,78.68,EUR,
14.04.2024 20:00 - 14.04.2024 21:00,103.11,EUR,
14.04.2024 21:00 - 14.04.2024 22:00,98.06,EUR,
14.04.2024 22:00 - 14.04.2024 23:00,87.89,EUR,
14.04.2024 23:00 - 15.04.2024 00:00,80.39,EUR,
15.04.2024 00:00 - 15.04.2024 01:00,76.85,EUR,
15.04.2024 01:00 - 15.04.2024 02:00,76.61,EUR,
15.04.2024 02:00 - 15.04.2024 03:00,73.8,EUR,
15.04.2024 03:00 - 15.04.2024 04:00,74.14,EUR,
15.04.2024 04:00 - 15.04.2024 05:00,71.84,EUR,
15.04.2024 05:00 - 15.04.2024 06:00,82.5,EUR,
15.04.2024 06:00 - 15.04.2024 07:00,106.99,EUR,
15.04.2024 07:00 - 15.04.2024 08:00,83.93,EUR,
15.04.2024 08:00 - 15.04.2024 09:00,61.37,EUR,
15.04.2024 09:00 - 15.04.2024 10:00,83.17,EUR,
15.04.2024 10:00 - 15.04.2024 11:00,68.57,EUR,
15.04.2024 11:00 - 15.04.2024 12:00,35.95,EUR,
15.04.2024 12:00 - 15.04.2024 13:00,15,EUR,
15.04.2024 13:00 - 15.04.2024 14:00,11.37,EUR,
15.04.2024 14:00 - 15.04.2024 15:00,15.1,EUR,
15.04.2024 15:00 - 15.04.2024 16:00,55.14,EUR,
15.04.2024 16:00 - 15.04.2024 17:00,85,EUR,
15.04.2024 17:00 - 15.04.2024 18:00,83.72,EUR,
15.04.2024 18:00 - 15.04.2024 19:00,79.84,EUR,
15.04.2024 19:00 - 15.04.2024 20:00,96.31,EUR,
15.04.2024 20:00 - 15.04.2024 21:00,79.76,EUR,
15.04.2024 21:00 - 15.04.2024 22:00,69.6,EUR,
15.04.2024 22:00 - 15.04.2024 23:00,66.08,EUR,
15.04.2024 23:00 - 16.04.2024 00:00,54.11,EUR,
16.04.2024 00:00 - 16.04.2024 01:00,31.34,EUR,
16.04.2024 01:00 - 16.04.2024 02:00,48.76,EUR,
16.04.2024 02:00 - 16.04.2024 03:00,55,EUR,
16.04.2024 03:00 - 16.04.2024 04:00,55,EUR,
16.04.2024 04:00 - 16.04.2024 05:00,55.81,EUR,
16.04.2024 05:00 - 16.04.2024 06:00,62.72,EUR,
16.04.2024 06:00 - 16.04.2024 07:00,95,EUR,
16.04.2024 07:00 - 16.04.2024 08:00,93.92,EUR,
16.04.2024 08:00 - 16.04.2024 09:00,88.54,EUR,
16.04.2024 09:00 - 16.04.2024 10:00,69.85,EUR,
16.04.2024 10:00 - 16.04.2024 11:00,56.8,EUR,
16.04.2024 11:00 - 16.04.2024 12:00,35.03,EUR,
16.04.2024 12:00 - 16.04.2024 13:00,32.29,EUR,
16.04.2024 13:00 - 16.04.2024 14:00,37.83,EUR,
16.04.2024 14:00 - 16.04.2024 15:00,44.06,EUR,
16.04.2024 15:00 - 16.04.2024 16:00,52.05,EUR,
16.04.2024 16:00 - 16.04.2024 17:00,66.61,EUR,
16.04.2024 17:00 - 16.04.2024 18:00,80.24,EUR,
16.04.2024 18:00 - 16.04.2024 19:00,76.58,EUR,
16.04.2024 19:00 - 16.04.2024 20:00,90.28,EUR,
16.04.2024 20:00 - 16.04.2024 21:00,92.9,EUR,
16.04.2024 21:00 - 16.04.2024 22:00,72.16,EUR,
16.04.2024 22:00 - 16.04.2024 23:00,60.73,EUR,
16.04.2024 23:00 - 17.04.2024 00:00,65.21,EUR,
17.04.2024 00:00 - 17.04.2024 01:00,63.06,EUR,
17.04.2024 01:00 - 17.04.2024 02:00,61.46,EUR,
17.04.2024 02:00 - 17.04.2024 03:00,57.86,EUR,
17.04.2024 03:00 - 17.04.2024 04:00,51.35,EUR,
17.04.2024 04:00 - 17.04.2024 05:00,60.02,EUR,
17.04.2024 05:00 - 17.04.2024 06:00,72.83,EUR,
17.04.2024 06:00 - 17.04.2024 07:00,78.43,EUR,
17.04.2024 07:00 - 17.04.2024 08:00,85.51,EUR,
17.04.2024 08:00 - 17.04.2024 09:00,77.72,EUR,
17.04.2024 09:00 - 17.04.2024 10:00,76.71,EUR,
17.04.2024 10:00 - 17.04.2024 11:00,69.8,EUR,
17.04.2024 11:00 - 17.04.2024 12:00,70.81,EUR,
17.04.2024 12:00 - 17.04.2024 13:00,42,EUR,
17.04.2024 13:00 - 17.04.2024 14:00,33.22,EUR,
17.04.2024 14:00 - 17.04.2024 15:00,55,EUR,
17.04.2024 15:00 - 17.04.2024 16:00,69.83,EUR,
17.04.2024 16:00 - 17.04.2024 17:00,71.99,EUR,
17.04.2024 17:00 - 17.04.2024 18:00,83.99,EUR,
17.04.2024 18:00 - 17.04.2024 19:00,82.05,EUR,
17.04.2024 19:00 - 17.04.2024 20:00,100.62,EUR,
17.04.2024 20:00 - 17.04.2024 21:00,89.9,EUR,
17.04.2024 21:00 - 17.04.2024 22:00,78.12,EUR,
17.04.2024 22:00 - 17.04.2024 23:00,70.56,EUR,
17.04.2024 23:00 - 18.04.2024 00:00,77.74,EUR,
18.04.2024 00:00 - 18.04.2024 01:00,87.61,EUR,
18.04.2024 01:00 - 18.04.2024 02:00,76.43,EUR,
18.04.2024 02:00 - 18.04.2024 03:00,76.19,EUR,
18.04.2024 03:00 - 18.04.2024 04:00,78.84,EUR,
18.04.2024 04:00 - 18.04.2024 05:00,84.42,EUR,
18.04.2024 05:00 - 18.04.2024 06:00,85.48,EUR,
18.04.2024 06:00 - 18.04.2024 07:00,118.41,EUR,
18.04.2024 07:00 - 18.04.2024 08:00,78.59,EUR,
18.04.2024 08:00 - 18.04.2024 09:00,68.39,EUR,
18.04.2024 09:00 - 18.04.2024 10:00,78.16,EUR,
18.04.2024 10:00 - 18.04.2024 11:00,67.53,EUR,
18.04.2024 11:00 - 18.04.2024 12:00,31.44,EUR,
18.04.2024 12:00 - 18.04.2024 13:00,19.06,EUR,
18.04.2024 13:00 - 18.04.2024 14:00,31.29,EUR,
18.04.2024 14:00 - 18.04.2024 15:00,50.8,EUR,
18.04.2024 15:00 - 18.04.2024 16:00,67.62,EUR,
18.04.2024 16:00 - 18.04.2024 17:00,69.86,EUR,
18.04.2024 17:00 - 18.04.2024 18:00,83.59,EUR,
18.04.2024 18:00 - 18.04.2024 19:00,89.87,EUR,
18.04.2024 19:00 - 18.04.2024 20:00,127.07,EUR,
18.04.2024 20:00 - 18.04.2024 21:00,131.5,EUR,
18.04.2024 21:00 - 18.04.2024 22:00,108.01,EUR,
18.04.2024 22:00 - 18.04.2024 23:00,89.94,EUR,
18.04.2024 23:00 - 19.04.2024 00:00,80.1,EUR,
19.04.2024 00:00 - 19.04.2024 01:00,78.51,EUR,
19.04.2024 01:00 - 19.04.2024 02:00,61.26,EUR,
19.04.2024 02:00 - 19.04.2024 03:00,53.9,EUR,
19.04.2024 03:00 - 19.04.2024 04:00,74,EUR,
19.04.2024 04:00 - 19.04.2024 05:00,75.73,EUR,
19.04.2024 05:00 - 19.04.2024 06:00,72.78,EUR,
19.04.2024 06:00 - 19.04.2024 07:00,105.33,EUR,
19.04.2024 07:00 - 19.04.2024 08:00,88.09,EUR,
19.04.2024 08:00 - 19.04.2024 09:00,80.12,EUR,
19.04.2024 09:00 - 19.04.2024 10:00,67.21,EUR,
19.04.2024 10:00 - 19.04.2024 11:00,59.4,EUR,
19.04.2024 11:00 - 19.04.2024 12:00,52.49,EUR,
19.04.2024 12:00 - 19.04.2024 13:00,46.22,EUR,
19.04.2024 13:00 - 19.04.2024 14:00,43.89,EUR,
19.04.2024 14:00 - 19.04.2024 15:00,43.05,EUR,
19.04.2024 15:00 - 19.04.2024 16:00,60,EUR,
19.04.2024 16:00 - 19.04.2024 17:00,66.63,EUR,
19.04.2024 17:00 - 19.04.2024 18:00,80,EUR,
19.04.2024 18:00 - 19.04.2024 19:00,94.81,EUR,
19.04.2024 19:00 - 19.04.2024 20:00,116.35,EUR,
19.04.2024 20:00 - 19.04.2024 21:00,100.91,EUR,
19.04.2024 21:00 - 19.04.2024 22:00,81.47,EUR,
19.04.2024 22:00 - 19.04.2024 23:00,81.34,EUR,
19.04.2024 23:00 - 20.04.2024 00:00,72.51,EUR,
20.04.2024 00:00 - 20.04.2024 01:00,69.3,EUR,
20.04.2024 01:00 - 20.04.2024 02:00,62.98,EUR,
20.04.2024 02:00 - 20.04.2024 03:00,58.92,EUR,
20.04.2024 03:00 - 20.04.2024 04:00,59.31,EUR,
20.04.2024 04:00 - 20.04.2024 05:00,60.76,EUR,
20.04.2024 05:00 - 20.04.2024 06:00,64.09,EUR,
20.04.2024 06:00 - 20.04.2024 07:00,67.7,EUR,
20.04.2024 07:00 - 20.04.2024 08:00,69.92,EUR,
20.04.2024 08:00 - 20.04.2024 09:00,59.82,EUR,
20.04.2024 09:00 - 20.04.2024 10:00,26.47,EUR,
20.04.2024 10:00 - 20.04.2024 11:00,15.92,EUR,
20.04.2024 11:00 - 20.04.2024 12:00,12.1,EUR,
20.04.2024 12:00 - 20.04.2024 13:00,7.74,EUR,
20.04.2024 13:00 - 20.04.2024 14:00,10.87,EUR,
20.04.2024 14:00 - 20.04.2024 15:00,9.45,EUR,
20.04.2024 15:00 - 20.04.2024 16:00,16.56,EUR,
20.04.2024 16:00 - 20.04.2024 17:00,34.85,EUR,
20.04.2024 17:00 - 20.04.2024 18:00,60.37,EUR,
20.04.2024 18:00 - 20.04.2024 19:00,77.91,EUR,
20.04.2024 19:00 - 20.04.2024 20:00,92.04,EUR,
20.04.2024 20:00 - 20.04.2024 21:00,102.53,EUR,
20.04.2024 21:00 - 20.04.2024 22:00,93.21,EUR,
20.04.2024 22:00 - 20.04.2024 23:00,83.06,EUR,
20.04.2024 23:00 - 21.04.2024 00:00,81.16,EUR,
21.04.2024 00:00 - 21.04.2024 01:00,79.41,EUR,
21.04.2024 01:00 - 21.04.2024 02:00,67.29,EUR,
21.04.2024 02:00 - 21.04.2024 03:00,67.64,EUR,
21.04.2024 03:00 - 21.04.2024 04:00,64.24,EUR,
21.04.2024 04:00 - 21.04.2024 05:00,71.36,EUR,
21.04.2024 05:00 - 21.04.2024 06:00,68.67,EUR,
21.04.2024 06:00 - 21.04.2024 07:00,63.71,EUR,
21.04.2024 07:00 - 21.04.2024 08:00,57.32,EUR,
21.04.2024 08:00 - 21.04.2024 09:00,57.43,EUR,
21.04.2024 09:00 - 21.04.2024 10:00,41.12,EUR,
21.04.2024 10:00 - 21.04.2024 11:00,31.61,EUR,
21.04.2024 11:00 - 21.04.2024 12:00,19.47,EUR,
21.04.2024 12:00 - 21.04.2024 13:00,9.85,EUR,
21.04.2024 13:00 - 21.04.2024 14:00,0.03,EUR,
21.04.2024 14:00 - 21.04.2024 15:00,0.03,EUR,
21.04.2024 15:00 - 21.04.2024 16:00,0.64,EUR,
21.04.2024 16:00 - 21.04.2024 17:00,5.7,EUR,
21.04.2024 17:00 - 21.04.2024 18:00,58.7,EUR,
21.04.2024 18:00 - 21.04.2024 19:00,73.99,EUR,
21.04.2024 19:00 - 21.04.2024 20:00,89.3,EUR,
21.04.2024 20:00 - 21.04.2024 21:00,95.08,EUR,
21.04.2024 21:00 - 21.04.2024 22:00,90.99,EUR,
21.04.2024 22:00 - 21.04.2024 23:00,87.3,EUR,
21.04.2024 23:00 - 22.04.2024 00:00,86.08,EUR,
22.04.2024 00:00 - 22.04.2024 01:00,77.53,EUR,
22.04.2024 01:00 - 22.04.2024 02:00,78.05,EUR,
22.04.2024 02:00 - 22.04.2024 03:00,78.44,EUR,
22.04.2024 03:00 - 22.04.2024 04:00,75.34,EUR,
22.04.2024 04:00 - 22.04.2024 05:00,74.39,EUR,
22.04.2024 05:00 - 22.04.2024 06:00,85,EUR,
22.04.2024 06:00 - 22.04.2024 07:00,106.06,EUR,
22.04.2024 07:00 - 22.04.2024 08:00,130.06,EUR,
22.04.2024 08:00 - 22.04.2024 09:00,79.58,EUR,
22.04.2024 09:00 - 22.04.2024 10:00,66,EUR,
22.04.2024 10:00 - 22.04.2024 11:00,65.96,EUR,
22.04.2024 11:00 - 22.04.2024 12:00,45.93,EUR,
22.04.2024 12:00 - 22.04.2024 13:00,41.29,EUR,
22.04.2024 13:00 - 22.04.2024 14:00,50,EUR,
22.04.2024 14:00 - 22.04.2024 15:00,57.15,EUR,
22.04.2024 15:00 - 22.04.2024 16:00,72.08,EUR,
22.04.2024 16:00 - 22.04.2024 17:00,79.06,EUR,
22.04.2024 17:00 - 22.04.2024 18:00,91.72,EUR,
22.04.2024 18:00 - 22.04.2024 19:00,115.23,EUR,
22.04.2024 19:00 - 22.04.2024 20:00,149.39,EUR,
22.04.2024 20:00 - 22.04.2024 21:00,146.79,EUR,
22.04.2024 21:00 - 22.04.2024 22:00,100.1,EUR,
22.04.2024 22:00 - 22.04.2024 23:00,106.34,EUR,
22.04.2024 23:00 - 23.04.2024 00:00,97.5,EUR,
23.04.2024 00:00 - 23.04.2024 01:00,80.59,EUR,
23.04.2024 01:00 - 23.04.2024 02:00,86.69,EUR,
23.04.2024 02:00 - 23.04.2024 03:00,80.87,EUR,
23.04.2024 03:00 - 23.04.2024 04:00,81.88,EUR,
23.04.2024 04:00 - 23.04.2024 05:00,85.68,EUR,
23.04.2024 05:00 - 23.04.2024 06:00,97.09,EUR,
23.04.2024 06:00 - 23.04.2024 07:00,118.8,EUR,
23.04.2024 07:00 - 23.04.2024 08:00,146.48,EUR,
23.04.2024 08:00 - 23.04.2024 09:00,136.28,EUR,
23.04.2024 09:00 - 23.04.2024 10:00,106.47,EUR,
23.04.2024 10:00 - 23.04.2024 11:00,99.22,EUR,
23.04.2024 11:00 - 23.04.2024 12:00,103.97,EUR,
23.04.2024 12:00 - 23.04.2024 13:00,90.56,EUR,
23.04.2024 13:00 - 23.04.2024 14:00,79.74,EUR,
23.04.2024 14:00 - 23.04.2024 15:00,78.62,EUR,
23.04.2024 15:00 - 23.04.2024 16:00,79.67,EUR,
23.04.2024 16:00 - 23.04.2024 17:00,86.95,EUR,
23.04.2024 17:00 - 23.04.2024 18:00,98.64,EUR,
23.04.2024 18:00 - 23.04.2024 19:00,105.35,EUR,
23.04.2024 19:00 - 23.04.2024 20:00,126.69,EUR,
23.04.2024 20:00 - 23.04.2024 21:00,129.9,EUR,
23.04.2024 21:00 - 23.04.2024 22:00,91.85,EUR,
23.04.2024 22:00 - 23.04.2024 23:00,90.07,EUR,
23.04.2024 23:00 - 24.04.2024 00:00,82,EUR,
24.04.2024 00:00 - 24.04.2024 01:00,82.72,EUR,
24.04.2024 01:00 - 24.04.2024 02:00,79.15,EUR,
24.04.2024 02:00 - 24.04.2024 03:00,77.99,EUR,
24.04.2024 03:00 - 24.04.2024 04:00,76.63,EUR,
24.04.2024 04:00 - 24.04.2024 05:00,78.82,EUR,
24.04.2024 05:00 - 24.04.2024 06:00,84,EUR,
24.04.2024 06:00 - 24.04.2024 07:00,105.46,EUR,
24.04.2024 07:00 - 24.04.2024 08:00,125.87,EUR,
24.04.2024 08:00 - 24.04.2024 09:00,117.12,EUR,
24.04.2024 09:00 - 24.04.2024 10:00,74.27,EUR,
24.04.2024 10:00 - 24.04.2024 11:00,50.6,EUR,
24.04.2024 11:00 - 24.04.2024 12:00,28.94,EUR,
24.04.2024 12:00 - 24.04.2024 13:00,23.36,EUR,
24.04.2024 13:00 - 24.04.2024 14:00,21.93,EUR,
24.04.2024 14:00 - 24.04.2024 15:00,40.68,EUR,
24.04.2024 15:00 - 24.04.2024 16:00,78.42,EUR,
24.04.2024 16:00 - 24.04.2024 17:00,80.02,EUR,
24.04.2024 17:00 - 24.04.2024 18:00,94.77,EUR,
24.04.2024 18:00 - 24.04.2024 19:00,105.39,EUR,
24.04.2024 19:00 - 24.04.2024 20:00,114.86,EUR,
24.04.2024 20:00 - 24.04.2024 21:00,139.17,EUR,
24.04.2024 21:00 - 24.04.2024 22:00,120,EUR,
24.04.2024 22:00 - 24.04.2024 23:00,105.46,EUR,
24.04.2024 23:00 - 25.04.2024 00:00,90.63,EUR,
25.04.2024 00:00 - 25.04.2024 01:00,78.12,EUR,
25.04.2024 01:00 - 25.04.2024 02:00,80,EUR,
25.04.2024 02:00 - 25.04.2024 03:00,77.65,EUR,
25.04.2024 03:00 - 25.04.2024 04:00,77.17,EUR,
25.04.2024 04:00 - 25.04.2024 05:00,76.98,EUR,
25.04.2024 05:00 - 25.04.2024 06:00,84.43,EUR,
25.04.2024 06:00 - 25.04.2024 07:00,99.55,EUR,
25.04.2024 07:00 - 25.04.2024 08:00,83.09,EUR,
25.04.2024 08:00 - 25.04.2024 09:00,89.06,EUR,
25.04.2024 09:00 - 25.04.2024 10:00,76.88,EUR,
25.04.2024 10:00 - 25.04.2024 11:00,77.7,EUR,
25.04.2024 11:00 - 25.04.2024 12:00,76.74,EUR,
25.04.2024 12:00 - 25.04.2024 13:00,73.92,EUR,
25.04.2024 13:00 - 25.04.2024 14:00,61.32,EUR,
25.04.2024 14:00 - 25.04.2024 15:00,42.54,EUR,
25.04.2024 15:00 - 25.04.2024 16:00,60,EUR,
25.04.2024 16:00 - 25.04.2024 17:00,73.18,EUR,
25.04.2024 17:00 - 25.04.2024 18:00,78.77,EUR,
25.04.2024 18:00 - 25.04.2024 19:00,83.55,EUR,
25.04.2024 19:00 - 25.04.2024 20:00,90.08,EUR,
25.04.2024 20:00 - 25.04.2024 21:00,122.01,EUR,
25.04.2024 21:00 - 25.04.2024 22:00,99.66,EUR,
25.04.2024 22:00 - 25.04.2024 23:00,91.35,EUR,
25.04.2024 23:00 - 26.04.2024 00:00,79.75,EUR,
26.04.2024 00:00 - 26.04.2024 01:00,79.87,EUR,
26.04.2024 01:00 - 26.04.2024 02:00,74,EUR,
26.04.2024 02:00 - 26.04.2024 03:00,75.1,EUR,
26.04.2024 03:00 - 26.04.2024 04:00,74.07,EUR,
26.04.2024 04:00 - 26.04.2024 05:00,77.1,EUR,
26.04.2024 05:00 - 26.04.2024 06:00,84.66,EUR,
26.04.2024 06:00 - 26.04.2024 07:00,98.83,EUR,
26.04.2024 07:00 - 26.04.2024 08:00,104.06,EUR,
26.04.2024 08:00 - 26.04.2024 09:00,76.82,EUR,
26.04.2024 09:00 - 26.04.2024 10:00,60.96,EUR,
26.04.2024 10:00 - 26.04.2024 11:00,58.71,EUR,
26.04.2024 11:00 - 26.04.2024 12:00,39.49,EUR,
26.04.2024 12:00 - 26.04.2024 13:00,42.93,EUR,
26.04.2024 13:00 - 26.04.2024 14:00,57.02,EUR,
26.04.2024 14:00 - 26.04.2024 15:00,65.37,EUR,
26.04.2024 15:00 - 26.04.2024 16:00,69.92,EUR,
26.04.2024 16:00 - 26.04.2024 17:00,71.5,EUR,
26.04.2024 17:00 - 26.04.2024 18:00,80.05,EUR,
26.04.2024 18:00 - 26.04.2024 19:00,108.69,EUR,
26.04.2024 19:00 - 26.04.2024 20:00,144,EUR,
26.04.2024 20:00 - 26.04.2024 21:00,146.9,EUR,
26.04.2024 21:00 - 26.04.2024 22:00,121.79,EUR,
26.04.2024 22:00 - 26.04.2024 23:00,91.94,EUR,
26.04.2024 23:00 - 27.04.2024 00:00,88.26,EUR,
27.04.2024 00:00 - 27.04.2024 01:00,90.43,EUR,
27.04.2024 01:00 - 27.04.2024 02:00,90.43,EUR,
27.04.2024 02:00 - 27.04.2024 03:00,87.89,EUR,
27.04.2024 03:00 - 27.04.2024 04:00,90.1,EUR,
27.04.2024 04:00 - 27.04.2024 05:00,90.1,EUR,
27.04.2024 05:00 - 27.04.2024 06:00,86.58,EUR,
27.04.2024 06:00 - 27.04.2024 07:00,82.34,EUR,
27.04.2024 07:00 - 27.04.2024 08:00,75.93,EUR,
27.04.2024 08:00 - 27.04.2024 09:00,66.1,EUR,
27.04.2024 09:00 - 27.04.2024 10:00,56.02,EUR,
27.04.2024 10:00 - 27.04.2024 11:00,36.02,EUR,
27.04.2024 11:00 - 27.04.2024 12:00,8.43,EUR,
27.04.2024 12:00 - 27.04.2024 13:00,0.03,EUR,
27.04.2024 13:00 - 27.04.2024 14:00,0.03,EUR,
27.04.2024 14:00 - 27.04.2024 15:00,0.03,EUR,
27.04.2024 15:00 - 27.04.2024 16:00,5,EUR,
27.04.2024 16:00 - 27.04.2024 17:00,19.17,EUR,
27.04.2024 17:00 - 27.04.2024 18:00,58.22,EUR,
27.04.2024 18:00 - 27.04.2024 19:00,83.15,EUR,
27.04.2024 19:00 - 27.04.2024 20:00,115.15,EUR,
27.04.2024 20:00 - 27.04.2024 21:00,90.24,EUR,
27.04.2024 21:00 - 27.04.2024 22:00,83.91,EUR,
27.04.2024 22:00 - 27.04.2024 23:00,75.92,EUR,
27.04.2024 23:00 - 28.04.2024 00:00,65.24,EUR,
28.04.2024 00:00 - 28.04.2024 01:00,56.39,EUR,
28.04.2024 01:00 - 28.04.2024 02:00,45.95,EUR,
28.04.2024 02:00 - 28.04.2024 03:00,39.6,EUR,
28.04.2024 03:00 - 28.04.2024 04:00,31.25,EUR,
28.04.2024 04:00 - 28.04.2024 05:00,27.1,EUR,
28.04.2024 05:00 - 28.04.2024 06:00,25.44,EUR,
28.04.2024 06:00 - 28.04.2024 07:00,9.92,EUR,
28.04.2024 07:00 - 28.04.2024 08:00,0.1,EUR,
28.04.2024 08:00 - 28.04.2024 09:00,-0.07,EUR,
28.04.2024 09:00 - 28.04.2024 10:00,-1.02,EUR,
28.04.2024 10:00 - 28.04.2024 11:00,-0.2,EUR,
28.04.2024 11:00 - 28.04.2024 12:00,-0.01,EUR,
28.04.2024 12:00 - 28.04.2024 13:00,-0.01,EUR,
28.04.2024 13:00 - 28.04.2024 14:00,-0.5,EUR,
28.04.2024 14:00 - 28.04.2024 15:00,-0.5,EUR,
28.04.2024 15:00 - 28.04.2024 16:00,0,EUR,
28.04.2024 16:00 - 28.04.2024 17:00,0.02,EUR,
28.04.2024 17:00 - 28.04.2024 18:00,0.03,EUR,
28.04.2024 18:00 - 28.04.2024 19:00,25.24,EUR,
28.04.2024 19:00 - 28.04.2024 20:00,69.84,EUR,
28.04.2024 20:00 - 28.04.2024 21:00,90.43,EUR,
28.04.2024 21:00 - 28.04.2024 22:00,78.56,EUR,
28.04.2024 22:00 - 28.04.2024 23:00,72.21,EUR,
28.04.2024 23:00 - 29.04.2024 00:00,66.94,EUR,
29.04.2024 00:00 - 29.04.2024 01:00,63.15,EUR,
29.04.2024 01:00 - 29.04.2024 02:00,60.05,EUR,
29.04.2024 02:00 - 29.04.2024 03:00,58.93,EUR,
29.04.2024 03:00 - 29.04.2024 04:00,62.14,EUR,
29.04.2024 04:00 - 29.04.2024 05:00,74.91,EUR,
29.04.2024 05:00 - 29.04.2024 06:00,82,EUR,
29.04.2024 06:00 - 29.04.2024 07:00,98.49,EUR,
29.04.2024 07:00 - 29.04.2024 08:00,81.07,EUR,
29.04.2024 08:00 - 29.04.2024 09:00,26.29,EUR,
29.04.2024 09:00 - 29.04.2024 10:00,9.85,EUR,
29.04.2024 10:00 - 29.04.2024 11:00,4.85,EUR,
29.04.2024 11:00 - 29.04.2024 12:00,0.83,EUR,
29.04.2024 12:00 - 29.04.2024 13:00,1.05,EUR,
29.04.2024 13:00 - 29.04.2024 14:00,1,EUR,
29.04.2024 14:00 - 29.04.2024 15:00,3.06,EUR,
29.04.2024 15:00 - 29.04.2024 16:00,20,EUR,
29.04.2024 16:00 - 29.04.2024 17:00,47.68,EUR,
29.04.2024 17:00 - 29.04.2024 18:00,81.28,EUR,
29.04.2024 18:00 - 29.04.2024 19:00,86.11,EUR,
29.04.2024 19:00 - 29.04.2024 20:00,104.87,EUR,
29.04.2024 20:00 - 29.04.2024 21:00,102.84,EUR,
29.04.2024 21:00 - 29.04.2024 22:00,81.67,EUR,
29.04.2024 22:00 - 29.04.2024 23:00,81.16,EUR,
29.04.2024 23:00 - 30.04.2024 00:00,80.15,EUR,
30.04.2024 00:00 - 30.04.2024 01:00,63.11,EUR,
30.04.2024 01:00 - 30.04.2024 02:00,54.45,EUR,
30.04.2024 02:00 - 30.04.2024 03:00,50.24,EUR,
30.04.2024 03:00 - 30.04.2024 04:00,50.24,EUR,
30.04.2024 04:00 - 30.04.2024 05:00,50.24,EUR,
30.04.2024 05:00 - 30.04.2024 06:00,77.38,EUR,
30.04.2024 06:00 - 30.04.2024 07:00,86.69,EUR,
30.04.2024 07:00 - 30.04.2024 08:00,80.09,EUR,
30.04.2024 08:00 - 30.04.2024 09:00,63.61,EUR,
30.04.2024 09:00 - 30.04.2024 10:00,53.19,EUR,
30.04.2024 10:00 - 30.04.2024 11:00,40.25,EUR,
30.04.2024 11:00 - 30.04.2024 12:00,17.61,EUR,
30.04.2024 12:00 - 30.04.2024 13:00,12.21,EUR,
30.04.2024 13:00 - 30.04.2024 14:00,7.6,EUR,
30.04.2024 14:00 - 30.04.2024 15:00,11.83,EUR,
30.04.2024 15:00 - 30.04.2024 16:00,19.77,EUR,
30.04.2024 16:00 - 30.04.2024 17:00,44.12,EUR,
30.04.2024 17:00 - 30.04.2024 18:00,64.4,EUR,
30.04.2024 18:00 - 30.04.2024 19:00,86.2,EUR,
30.04.2024 19:00 - 30.04.2024 20:00,114.17,EUR,
30.04.2024 20:00 - 30.04.2024 21:00,124.04,EUR,
30.04.2024 21:00 - 30.04.2024 22:00,80.01,EUR,
30.04.2024 22:00 - 30.04.2024 23:00,77.53,EUR,
30.04.2024 23:00 - 01.05.2024 00:00,75.97,EUR,
01.05.2024 00:00 - 01.05.2024 01:00,36.99,EUR,
01.05.2024 01:00 - 01.05.2024 02:00,34.86,EUR,
01.05.2024 02:00 - 01.05.2024 03:00,49.57,EUR,
01.05.2024 03:00 - 01.05.2024 04:00,43.91,EUR,
01.05.2024 04:00 - 01.05.2024 05:00,46.51,EUR,
01.05.2024 05:00 - 01.05.2024 06:00,44.08,EUR,
01.05.2024 06:00 - 01.05.2024 07:00,42.2,EUR,
01.05.2024 07:00 - 01.05.2024 08:00,30.18,EUR,
01.05.2024 08:00 - 01.05.2024 09:00,9.85,EUR,
01.05.2024 09:00 - 01.05.2024 10:00,0.04,EUR,
01.05.2024 10:00 - 01.05.2024 11:00,0,EUR,
01.05.2024 11:00 - 01.05.2024 12:00,0.03,EUR,
01.05.2024 12:00 - 01.05.2024 13:00,0.03,EUR,
01.05.2024 13:00 - 01.05.2024 14:00,0.03,EUR,
01.05.2024 14:00 - 01.05.2024 15:00,0.03,EUR,
01.05.2024 15:00 - 01.05.2024 16:00,0.03,EUR,
01.05.2024 16:00 - 01.05.2024 17:00,0.03,EUR,
01.05.2024 17:00 - 01.05.2024 18:00,3.07,EUR,
01.05.2024 18:00 - 01.05.2024 19:00,81.19,EUR,
01.05.2024 19:00 - 01.05.2024 20:00,87.23,EUR,
01.05.2024 20:00 - 01.05.2024 21:00,132.01,EUR,
01.05.2024 21:00 - 01.05.2024 22:00,90.55,EUR,
01.05.2024 22:00 - 01.05.2024 23:00,55,EUR,
01.05.2024 23:00 - 02.05.2024 00:00,60.08,EUR,
02.05.2024 00:00 - 02.05.2024 01:00,59.3,EUR,
02.05.2024 01:00 - 02.05.2024 02:00,70.11,EUR,
02.05.2024 02:00 - 02.05.2024 03:00,70,EUR,
02.05.2024 03:00 - 02.05.2024 04:00,77,EUR,
02.05.2024 04:00 - 02.05.2024 05:00,78.9,EUR,
02.05.2024 05:00 - 02.05.2024 06:00,84.58,EUR,
02.05.2024 06:00 - 02.05.2024 07:00,95,EUR,
02.05.2024 07:00 - 02.05.2024 08:00,85.54,EUR,
02.05.2024 08:00 - 02.05.2024 09:00,63.55,EUR,
02.05.2024 09:00 - 02.05.2024 10:00,73.07,EUR,
02.05.2024 10:00 - 02.05.2024 11:00,20,EUR,
02.05.2024 11:00 - 02.05.2024 12:00,30.94,EUR,
02.05.2024 12:00 - 02.05.2024 13:00,15.01,EUR,
02.05.2024 13:00 - 02.05.2024 14:00,7.28,EUR,
02.05.2024 14:00 - 02.05.2024 15:00,8.65,EUR,
02.05.2024 15:00 - 02.05.2024 16:00,33.93,EUR,
02.05.2024 16:00 - 02.05.2024 17:00,55.04,EUR,
02.05.2024 17:00 - 02.05.2024 18:00,77.9,EUR,
02.05.2024 18:00 - 02.05.2024 19:00,98.07,EUR,
02.05.2024 19:00 - 02.05.2024 20:00,115,EUR,
02.05.2024 20:00 - 02.05.2024 21:00,127.29,EUR,
02.05.2024 21:00 - 02.05.2024 22:00,93.28,EUR,
02.05.2024 22:00 - 02.05.2024 23:00,77.65,EUR,
02.05.2024 23:00 - 03.05.2024 00:00,71.06,EUR,
03.05.2024 00:00 - 03.05.2024 01:00,70.34,EUR,
03.05.2024 01:00 - 03.05.2024 02:00,60.69,EUR,
03.05.2024 02:00 - 03.05.2024 03:00,58.92,EUR,
03.05.2024 03:00 - 03.05.2024 04:00,60.01,EUR,
03.05.2024 04:00 - 03.05.2024 05:00,58.9,EUR,
03.05.2024 05:00 - 03.05.2024 06:00,67.59,EUR,
03.05.2024 06:00 - 03.05.2024 07:00,81.65,EUR,
03.05.2024 07:00 - 03.05.2024 08:00,85.13,EUR,
03.05.2024 08:00 - 03.05.2024 09:00,86.25,EUR,
03.05.2024 09:00 - 03.05.2024 10:00,56.29,EUR,
03.05.2024 10:00 - 03.05.2024 11:00,1.47,EUR,
03.05.2024 11:00 - 03.05.2024 12:00,0.05,EUR,
03.05.2024 12:00 - 03.05.2024 13:00,0.04,EUR,
03.05.2024 13:00 - 03.05.2024 14:00,0.04,EUR,
03.05.2024 14:00 - 03.05.2024 15:00,0.04,EUR,
03.05.2024 15:00 - 03.05.2024 16:00,3,EUR,
03.05.2024 16:00 - 03.05.2024 17:00,67.79,EUR,
03.05.2024 17:00 - 03.05.2024 18:00,76.28,EUR,
03.05.2024 18:00 - 03.05.2024 19:00,86.66,EUR,
03.05.2024 19:00 - 03.05.2024 20:00,101.43,EUR,
03.05.2024 20:00 - 03.05.2024 21:00,114.05,EUR,
03.05.2024 21:00 - 03.05.2024 22:00,105,EUR,
03.05.2024 22:00 - 03.05.2024 23:00,93.71,EUR,
03.05.2024 23:00 - 04.05.2024 00:00,84.53,EUR,
04.05.2024 00:00 - 04.05.2024 01:00,88.61,EUR,
04.05.2024 01:00 - 04.05.2024 02:00,83.83,EUR,
04.05.2024 02:00 - 04.05.2024 03:00,81.5,EUR,
04.05.2024 03:00 - 04.05.2024 04:00,82.12,EUR,
04.05.2024 04:00 - 04.05.2024 05:00,84.06,EUR,
04.05.2024 05:00 - 04.05.2024 06:00,80.68,EUR,
04.05.2024 06:00 - 04.05.2024 07:00,85.05,EUR,
04.05.2024 07:00 - 04.05.2024 08:00,83.45,EUR,
04.05.2024 08:00 - 04.05.2024 09:00,62.14,EUR,
04.05.2024 09:00 - 04.05.2024 10:00,52.98,EUR,
04.05.2024 10:00 - 04.05.2024 11:00,47.9,EUR,
04.05.2024 11:00 - 04.05.2024 12:00,25,EUR,
04.05.2024 12:00 - 04.05.2024 13:00,10.11,EUR,
04.05.2024 13:00 - 04.05.2024 14:00,7,EUR,
04.05.2024 14:00 - 04.05.2024 15:00,20,EUR,
04.05.2024 15:00 - 04.05.2024 16:00,47,EUR,
04.05.2024 16:00 - 04.05.2024 17:00,50,EUR,
04.05.2024 17:00 - 04.05.2024 18:00,74.49,EUR,
04.05.2024 18:00 - 04.05.2024 19:00,91.91,EUR,
04.05.2024 19:00 - 04.05.2024 20:00,113.03,EUR,
04.05.2024 20:00 - 04.05.2024 21:00,126.19,EUR,
04.05.2024 21:00 - 04.05.2024 22:00,106.29,EUR,
04.05.2024 22:00 - 04.05.2024 23:00,85.09,EUR,
04.05.2024 23:00 - 05.05.2024 00:00,80.58,EUR,
05.05.2024 00:00 - 05.05.2024 01:00,84.93,EUR,
05.05.2024 01:00 - 05.05.2024 02:00,80.44,EUR,
05.05.2024 02:00 - 05.05.2024 03:00,79.09,EUR,
05.05.2024 03:00 - 05.05.2024 04:00,75.4,EUR,
05.05.2024 04:00 - 05.05.2024 05:00,70,EUR,
05.05.2024 05:00 - 05.05.2024 06:00,67.59,EUR,
05.05.2024 06:00 - 05.05.2024 07:00,59.24,EUR,
05.05.2024 07:00 - 05.05.2024 08:00,47.18,EUR,
05.05.2024 08:00 - 05.05.2024 09:00,21.56,EUR,
05.05.2024 09:00 - 05.05.2024 10:00,0.04,EUR,
05.05.2024 10:00 - 05.05.2024 11:00,0.04,EUR,
05.05.2024 11:00 - 05.05.2024 12:00,0.04,EUR,
05.05.2024 12:00 - 05.05.2024 13:00,0.01,EUR,
05.05.2024 13:00 - 05.05.2024 14:00,0.01,EUR,
05.05.2024 14:00 - 05.05.2024 15:00,0.03,EUR,
05.05.2024 15:00 - 05.05.2024 16:00,0.04,EUR,
05.05.2024 16:00 - 05.05.2024 17:00,0.04,EUR,
05.05.2024 17:00 - 05.05.2024 18:00,32,EUR,
05.05.2024 18:00 - 05.05.2024 19:00,82.8,EUR,
05.05.2024 19:00 - 05.05.2024 20:00,92.55,EUR,
05.05.2024 20:00 - 05.05.2024 21:00,109.23,EUR,
05.05.2024 21:00 - 05.05.2024 22:00,102.67,EUR,
05.05.2024 22:00 - 05.05.2024 23:00,94.9,EUR,
05.05.2024 23:00 - 06.05.2024 00:00,86.2,EUR,
06.05.2024 00:00 - 06.05.2024 01:00,82.86,EUR,
06.05.2024 01:00 - 06.05.2024 02:00,77.06,EUR,
06.05.2024 02:00 - 06.05.2024 03:00,77.36,EUR,
06.05.2024 03:00 - 06.05.2024 04:00,77.15,EUR,
06.05.2024 04:00 - 06.05.2024 05:00,78.78,EUR,
06.05.2024 05:00 - 06.05.2024 06:00,85.78,EUR,
06.05.2024 06:00 - 06.05.2024 07:00,101.15,EUR,
06.05.2024 07:00 - 06.05.2024 08:00,125.32,EUR,
06.05.2024 08:00 - 06.05.2024 09:00,87.15,EUR,
06.05.2024 09:00 - 06.05.2024 10:00,58.71,EUR,
06.05.2024 10:00 - 06.05.2024 11:00,58.71,EUR,
06.05.2024 11:00 - 06.05.2024 12:00,55.04,EUR,
06.05.2024 12:00 - 06.05.2024 13:00,49,EUR,
06.05.2024 13:00 - 06.05.2024 14:00,48.94,EUR,
06.05.2024 14:00 - 06.05.2024 15:00,47.85,EUR,
06.05.2024 15:00 - 06.05.2024 16:00,84.77,EUR,
06.05.2024 16:00 - 06.05.2024 17:00,82.73,EUR,
06.05.2024 17:00 - 06.05.2024 18:00,87.2,EUR,
06.05.2024 18:00 - 06.05.2024 19:00,102.13,EUR,
06.05.2024 19:00 - 06.05.2024 20:00,131.04,EUR,
06.05.2024 20:00 - 06.05.2024 21:00,138.09,EUR,
06.05.2024 21:00 - 06.05.2024 22:00,106.82,EUR,
06.05.2024 22:00 - 06.05.2024 23:00,94.45,EUR,
06.05.2024 23:00 - 07.05.2024 00:00,84.42,EUR,
07.05.2024 00:00 - 07.05.2024 01:00,81.73,EUR,
07.05.2024 01:00 - 07.05.2024 02:00,79,EUR,
07.05.2024 02:00 - 07.05.2024 03:00,76.98,EUR,
07.05.2024 03:00 - 07.05.2024 04:00,78.68,EUR,
07.05.2024 04:00 - 07.05.2024 05:00,78.61,EUR,
07.05.2024 05:00 - 07.05.2024 06:00,80.99,EUR,
07.05.2024 06:00 - 07.05.2024 07:00,96.93,EUR,
07.05.2024 07:00 - 07.05.2024 08:00,120.31,EUR,
07.05.2024 08:00 - 07.05.2024 09:00,100.03,EUR,
07.05.2024 09:00 - 07.05.2024 10:00,91.75,EUR,
07.05.2024 10:00 - 07.05.2024 11:00,85.29,EUR,
07.05.2024 11:00 - 07.05.2024 12:00,84.04,EUR,
07.05.2024 12:00 - 07.05.2024 13:00,73.83,EUR,
07.05.2024 13:00 - 07.05.2024 14:00,71.45,EUR,
07.05.2024 14:00 - 07.05.2024 15:00,67.15,EUR,
07.05.2024 15:00 - 07.05.2024 16:00,75.78,EUR,
07.05.2024 16:00 - 07.05.2024 17:00,79.44,EUR,
07.05.2024 17:00 - 07.05.2024 18:00,85.86,EUR,
07.05.2024 18:00 - 07.05.2024 19:00,101.64,EUR,
07.05.2024 19:00 - 07.05.2024 20:00,134.93,EUR,
07.05.2024 20:00 - 07.05.2024 21:00,142.71,EUR,
07.05.2024 21:00 - 07.05.2024 22:00,116,EUR,
07.05.2024 22:00 - 07.05.2024 23:00,97.31,EUR,
07.05.2024 23:00 - 08.05.2024 00:00,85.81,EUR,
08.05.2024 00:00 - 08.05.2024 01:00,77.23,EUR,
08.05.2024 01:00 - 08.05.2024 02:00,73.31,EUR,
08.05.2024 02:00 - 08.05.2024 03:00,74.99,EUR,
08.05.2024 03:00 - 08.05.2024 04:00,74.99,EUR,
08.05.2024 04:00 - 08.05.2024 05:00,77.63,EUR,
08.05.2024 05:00 - 08.05.2024 06:00,82.54,EUR,
08.05.2024 06:00 - 08.05.2024 07:00,102.07,EUR,
08.05.2024 07:00 - 08.05.2024 08:00,108.99,EUR,
08.05.2024 08:00 - 08.05.2024 09:00,96.1,EUR,
08.05.2024 09:00 - 08.05.2024 10:00,82.62,EUR,
08.05.2024 10:00 - 08.05.2024 11:00,76.82,EUR,
08.05.2024 11:00 - 08.05.2024 12:00,70.76,EUR,
08.05.2024 12:00 - 08.05.2024 13:00,77.3,EUR,
08.05.2024 13:00 - 08.05.2024 14:00,73.19,EUR,
08.05.2024 14:00 - 08.05.2024 15:00,60.13,EUR,
08.05.2024 15:00 - 08.05.2024 16:00,71.56,EUR,
08.05.2024 16:00 - 08.05.2024 17:00,85.29,EUR,
08.05.2024 17:00 - 08.05.2024 18:00,90.43,EUR,
08.05.2024 18:00 - 08.05.2024 19:00,102.57,EUR,
08.05.2024 19:00 - 08.05.2024 20:00,139.93,EUR,
08.05.2024 20:00 - 08.05.2024 21:00,160.57,EUR,
08.05.2024 21:00 - 08.05.2024 22:00,111.46,EUR,
08.05.2024 22:00 - 08.05.2024 23:00,91.61,EUR,
08.05.2024 23:00 - 09.05.2024 00:00,83.42,EUR,
09.05.2024 00:00 - 09.05.2024 01:00,83.8,EUR,
09.05.2024 01:00 - 09.05.2024 02:00,84,EUR,
09.05.2024 02:00 - 09.05.2024 03:00,79.26,EUR,
09.05.2024 03:00 - 09.05.2024 04:00,78.9,EUR,
09.05.2024 04:00 - 09.05.2024 05:00,84.01,EUR,
09.05.2024 05:00 - 09.05.2024 06:00,85.54,EUR,
09.05.2024 06:00 - 09.05.2024 07:00,90.44,EUR,
09.05.2024 07:00 - 09.05.2024 08:00,79.62,EUR,
09.05.2024 08:00 - 09.05.2024 09:00,61.66,EUR,
09.05.2024 09:00 - 09.05.2024 10:00,58.7,EUR,
09.05.2024 10:00 - 09.05.2024 11:00,65.73,EUR,
09.05.2024 11:00 - 09.05.2024 12:00,58.7,EUR,
09.05.2024 12:00 - 09.05.2024 13:00,58.71,EUR,
09.05.2024 13:00 - 09.05.2024 14:00,54.9,EUR,
09.05.2024 14:00 - 09.05.2024 15:00,58.71,EUR,
09.05.2024 15:00 - 09.05.2024 16:00,65.98,EUR,
09.05.2024 16:00 - 09.05.2024 17:00,69.83,EUR,
09.05.2024 17:00 - 09.05.2024 18:00,62.13,EUR,
09.05.2024 18:00 - 09.05.2024 19:00,84.07,EUR,
09.05.2024 19:00 - 09.05.2024 20:00,121.97,EUR,
09.05.2024 20:00 - 09.05.2024 21:00,133.81,EUR,
09.05.2024 21:00 - 09.05.2024 22:00,113.32,EUR,
09.05.2024 22:00 - 09.05.2024 23:00,87.65,EUR,
09.05.2024 23:00 - 10.05.2024 00:00,83.4,EUR,
10.05.2024 00:00 - 10.05.2024 01:00,84,EUR,
10.05.2024 01:00 - 10.05.2024 02:00,76.59,EUR,
10.05.2024 02:00 - 10.05.2024 03:00,69.41,EUR,
10.05.2024 03:00 - 10.05.2024 04:00,66.58,EUR,
10.05.2024 04:00 - 10.05.2024 05:00,67.63,EUR,
10.05.2024 05:00 - 10.05.2024 06:00,83.36,EUR,
10.05.2024 06:00 - 10.05.2024 07:00,99.66,EUR,
10.05.2024 07:00 - 10.05.2024 08:00,102.82,EUR,
10.05.2024 08:00 - 10.05.2024 09:00,90,EUR,
10.05.2024 09:00 - 10.05.2024 10:00,63.75,EUR,
10.05.2024 10:00 - 10.05.2024 11:00,76.03,EUR,
10.05.2024 11:00 - 10.05.2024 12:00,31.9,EUR,
10.05.2024 12:00 - 10.05.2024 13:00,29.5,EUR,
10.05.2024 13:00 - 10.05.2024 14:00,25,EUR,
10.05.2024 14:00 - 10.05.2024 15:00,26.93,EUR,
10.05.2024 15:00 - 10.05.2024 16:00,35,EUR,
10.05.2024 16:00 - 10.05.2024 17:00,60,EUR,
10.05.2024 17:00 - 10.05.2024 18:00,77.84,EUR,
10.05.2024 18:00 - 10.05.2024 19:00,86.02,EUR,
10.05.2024 19:00 - 10.05.2024 20:00,87.68,EUR,
10.05.2024 20:00 - 10.05.2024 21:00,89.7,EUR,
10.05.2024 21:00 - 10.05.2024 22:00,83.59,EUR,
10.05.2024 22:00 - 10.05.2024 23:00,83.64,EUR,
10.05.2024 23:00 - 11.05.2024 00:00,79.63,EUR,
11.05.2024 00:00 - 11.05.2024 01:00,55.53,EUR,
11.05.2024 01:00 - 11.05.2024 02:00,74.1,EUR,
11.05.2024 02:00 - 11.05.2024 03:00,74.36,EUR,
11.05.2024 03:00 - 11.05.2024 04:00,82.7,EUR,
11.05.2024 04:00 - 11.05.2024 05:00,83.04,EUR,
11.05.2024 05:00 - 11.05.2024 06:00,83.3,EUR,
11.05.2024 06:00 - 11.05.2024 07:00,81.04,EUR,
11.05.2024 07:00 - 11.05.2024 08:00,58.41,EUR,
11.05.2024 08:00 - 11.05.2024 09:00,34.09,EUR,
11.05.2024 09:00 - 11.05.2024 10:00,6.76,EUR,
11.05.2024 10:00 - 11.05.2024 11:00,0.04,EUR,
11.05.2024 11:00 - 11.05.2024 12:00,0.04,EUR,
11.05.2024 12:00 - 11.05.2024 13:00,0.04,EUR,
11.05.2024 13:00 - 11.05.2024 14:00,0.04,EUR,
11.05.2024 14:00 - 11.05.2024 15:00,0.04,EUR,
11.05.2024 15:00 - 11.05.2024 16:00,1.84,EUR,
11.05.2024 16:00 - 11.05.2024 17:00,0.05,EUR,
11.05.2024 17:00 - 11.05.2024 18:00,48.73,EUR,
11.05.2024 18:00 - 11.05.2024 19:00,85.02,EUR,
11.05.2024 19:00 - 11.05.2024 20:00,106.58,EUR,
11.05.2024 20:00 - 11.05.2024 21:00,133.63,EUR,
11.05.2024 21:00 - 11.05.2024 22:00,119.52,EUR,
11.05.2024 22:00 - 11.05.2024 23:00,89.49,EUR,
11.05.2024 23:00 - 12.05.2024 00:00,78.29,EUR,
12.05.2024 00:00 - 12.05.2024 01:00,63.18,EUR,
12.05.2024 01:00 - 12.05.2024 02:00,51.71,EUR,
12.05.2024 02:00 - 12.05.2024 03:00,46,EUR,
12.05.2024 03:00 - 12.05.2024 04:00,39.35,EUR,
12.05.2024 04:00 - 12.05.2024 05:00,43.61,EUR,
12.05.2024 05:00 - 12.05.2024 06:00,41.31,EUR,
12.05.2024 06:00 - 12.05.2024 07:00,17.61,EUR,
12.05.2024 07:00 - 12.05.2024 08:00,4.86,EUR,
12.05.2024 08:00 - 12.05.2024 09:00,2.35,EUR,
12.05.2024 09:00 - 12.05.2024 10:00,0.04,EUR,
12.05.2024 10:00 - 12.05.2024 11:00,0.83,EUR,
12.05.2024 11:00 - 12.05.2024 12:00,10,EUR,
12.05.2024 12:00 - 12.05.2024 13:00,7.65,EUR,
12.05.2024 13:00 - 12.05.2024 14:00,7.67,EUR,
12.05.2024 14:00 - 12.05.2024 15:00,10,EUR,
12.05.2024 15:00 - 12.05.2024 16:00,44.71,EUR,
12.05.2024 16:00 - 12.05.2024 17:00,65.63,EUR,
12.05.2024 17:00 - 12.05.2024 18:00,80.01,EUR,
12.05.2024 18:00 - 12.05.2024 19:00,94.5,EUR,
12.05.2024 19:00 - 12.05.2024 20:00,91.94,EUR,
12.05.2024 20:00 - 12.05.2024 21:00,134.44,EUR,
12.05.2024 21:00 - 12.05.2024 22:00,93.05,EUR,
12.05.2024 22:00 - 12.05.2024 23:00,78.35,EUR,
12.05.2024 23:00 - 13.05.2024 00:00,84.87,EUR,
13.05.2024 00:00 - 13.05.2024 01:00,84.35,EUR,
13.05.2024 01:00 - 13.05.2024 02:00,74.88,EUR,
13.05.2024 02:00 - 13.05.2024 03:00,58.7,EUR,
13.05.2024 03:00 - 13.05.2024 04:00,58.94,EUR,
13.05.2024 04:00 - 13.05.2024 05:00,75.77,EUR,
13.05.2024 05:00 - 13.05.2024 06:00,90.44,EUR,
13.05.2024 06:00 - 13.05.2024 07:00,102,EUR,
13.05.2024 07:00 - 13.05.2024 08:00,106.21,EUR,
13.05.2024 08:00 - 13.05.2024 09:00,77.89,EUR,
13.05.2024 09:00 - 13.05.2024 10:00,72.7,EUR,
13.05.2024 10:00 - 13.05.2024 11:00,90.44,EUR,
13.05.2024 11:00 - 13.05.2024 12:00,90.44,EUR,
13.05.2024 12:00 - 13.05.2024 13:00,74.42,EUR,
13.05.2024 13:00 - 13.05.2024 14:00,75,EUR,
13.05.2024 14:00 - 13.05.2024 15:00,85,EUR,
13.05.2024 15:00 - 13.05.2024 16:00,90.44,EUR,
13.05.2024 16:00 - 13.05.2024 17:00,125.93,EUR,
13.05.2024 17:00 - 13.05.2024 18:00,104.42,EUR,
13.05.2024 18:00 - 13.05.2024 19:00,104.3,EUR,
13.05.2024 19:00 - 13.05.2024 20:00,134.1,EUR,
13.05.2024 20:00 - 13.05.2024 21:00,134,EUR,
13.05.2024 21:00 - 13.05.2024 22:00,119.52,EUR,
13.05.2024 22:00 - 13.05.2024 23:00,94.48,EUR,
13.05.2024 23:00 - 14.05.2024 00:00,86.99,EUR,
14.05.2024 00:00 - 14.05.2024 01:00,87.19,EUR,
14.05.2024 01:00 - 14.05.2024 02:00,84.25,EUR,
14.05.2024 02:00 - 14.05.2024 03:00,75.15,EUR,
14.05.2024 03:00 - 14.05.2024 04:00,75,EUR,
14.05.2024 04:00 - 14.05.2024 05:00,83.99,EUR,
14.05.2024 05:00 - 14.05.2024 06:00,90.03,EUR,
14.05.2024 06:00 - 14.05.2024 07:00,112.51,EUR,
14.05.2024 07:00 - 14.05.2024 08:00,143,EUR,
14.05.2024 08:00 - 14.05.2024 09:00,136.3,EUR,
14.05.2024 09:00 - 14.05.2024 10:00,104.07,EUR,
14.05.2024 10:00 - 14.05.2024 11:00,93.2,EUR,
14.05.2024 11:00 - 14.05.2024 12:00,89.02,EUR,
14.05.2024 12:00 - 14.05.2024 13:00,79.31,EUR,
14.05.2024 13:00 - 14.05.2024 14:00,80.18,EUR,
14.05.2024 14:00 - 14.05.2024 15:00,84.52,EUR,
14.05.2024 15:00 - 14.05.2024 16:00,89.01,EUR,
14.05.2024 16:00 - 14.05.2024 17:00,96.64,EUR,
14.05.2024 17:00 - 14.05.2024 18:00,96.71,EUR,
14.05.2024 18:00 - 14.05.2024 19:00,104.93,EUR,
14.05.2024 19:00 - 14.05.2024 20:00,153.21,EUR,
14.05.2024 20:00 - 14.05.2024 21:00,164.62,EUR,
14.05.2024 21:00 - 14.05.2024 22:00,140.37,EUR,
14.05.2024 22:00 - 14.05.2024 23:00,90.52,EUR,
14.05.2024 23:00 - 15.05.2024 00:00,98.09,EUR,
15.05.2024 00:00 - 15.05.2024 01:00,87.73,EUR,
15.05.2024 01:00 - 15.05.2024 02:00,90.1,EUR,
15.05.2024 02:00 - 15.05.2024 03:00,87.89,EUR,
15.05.2024 03:00 - 15.05.2024 04:00,86.11,EUR,
15.05.2024 04:00 - 15.05.2024 05:00,87,EUR,
15.05.2024 05:00 - 15.05.2024 06:00,93.25,EUR,
15.05.2024 06:00 - 15.05.2024 07:00,106.11,EUR,
15.05.2024 07:00 - 15.05.2024 08:00,126,EUR,
15.05.2024 08:00 - 15.05.2024 09:00,134.22,EUR,
15.05.2024 09:00 - 15.05.2024 10:00,113.33,EUR,
15.05.2024 10:00 - 15.05.2024 11:00,90.43,EUR,
15.05.2024 11:00 - 15.05.2024 12:00,86.95,EUR,
15.05.2024 12:00 - 15.05.2024 13:00,85.2,EUR,
15.05.2024 13:00 - 15.05.2024 14:00,83,EUR,
15.05.2024 14:00 - 15.05.2024 15:00,82.8,EUR,
15.05.2024 15:00 - 15.05.2024 16:00,88.35,EUR,
15.05.2024 16:00 - 15.05.2024 17:00,92,EUR,
15.05.2024 17:00 - 15.05.2024 18:00,93,EUR,
15.05.2024 18:00 - 15.05.2024 19:00,97.63,EUR,
15.05.2024 19:00 - 15.05.2024 20:00,132.66,EUR,
15.05.2024 20:00 - 15.05.2024 21:00,167.52,EUR,
15.05.2024 21:00 - 15.05.2024 22:00,138.44,EUR,
15.05.2024 22:00 - 15.05.2024 23:00,85.76,EUR,
15.05.2024 23:00 - 16.05.2024 00:00,78.01,EUR,
16.05.2024 00:00 - 16.05.2024 01:00,90.43,EUR,
16.05.2024 01:00 - 16.05.2024 02:00,88.52,EUR,
16.05.2024 02:00 - 16.05.2024 03:00,85.43,EUR,
16.05.2024 03:00 - 16.05.2024 04:00,82.4,EUR,
16.05.2024 04:00 - 16.05.2024 05:00,83.46,EUR,
16.05.2024 05:00 - 16.05.2024 06:00,85,EUR,
16.05.2024 06:00 - 16.05.2024 07:00,98.5,EUR,
16.05.2024 07:00 - 16.05.2024 08:00,127.26,EUR,
16.05.2024 08:00 - 16.05.2024 09:00,130,EUR,
16.05.2024 09:00 - 16.05.2024 10:00,104.06,EUR,
16.05.2024 10:00 - 16.05.2024 11:00,98.5,EUR,
16.05.2024 11:00 - 16.05.2024 12:00,90.1,EUR,
16.05.2024 12:00 - 16.05.2024 13:00,79.46,EUR,
16.05.2024 13:00 - 16.05.2024 14:00,81.65,EUR,
16.05.2024 14:00 - 16.05.2024 15:00,89.57,EUR,
16.05.2024 15:00 - 16.05.2024 16:00,91.45,EUR,
16.05.2024 16:00 - 16.05.2024 17:00,96.08,EUR,
16.05.2024 17:00 - 16.05.2024 18:00,91.46,EUR,
16.05.2024 18:00 - 16.05.2024 19:00,100.57,EUR,
16.05.2024 19:00 - 16.05.2024 20:00,142.92,EUR,
16.05.2024 20:00 - 16.05.2024 21:00,162.87,EUR,
16.05.2024 21:00 - 16.05.2024 22:00,119.26,EUR,
16.05.2024 22:00 - 16.05.2024 23:00,90.52,EUR,
16.05.2024 23:00 - 17.05.2024 00:00,85.26,EUR,
17.05.2024 00:00 - 17.05.2024 01:00,78.67,EUR,
17.05.2024 01:00 - 17.05.2024 02:00,72.73,EUR,
17.05.2024 02:00 - 17.05.2024 03:00,72.93,EUR,
17.05.2024 03:00 - 17.05.2024 04:00,72.59,EUR,
17.05.2024 04:00 - 17.05.2024 05:00,80.27,EUR,
17.05.2024 05:00 - 17.05.2024 06:00,90.1,EUR,
17.05.2024 06:00 - 17.05.2024 07:00,113.73,EUR,
17.05.2024 07:00 - 17.05.2024 08:00,137.07,EUR,
17.05.2024 08:00 - 17.05.2024 09:00,124.38,EUR,
17.05.2024 09:00 - 17.05.2024 10:00,103.32,EUR,
17.05.2024 10:00 - 17.05.2024 11:00,93.04,EUR,
17.05.2024 11:00 - 17.05.2024 12:00,79.84,EUR,
17.05.2024 12:00 - 17.05.2024 13:00,60.67,EUR,
17.05.2024 13:00 - 17.05.2024 14:00,48.01,EUR,
17.05.2024 14:00 - 17.05.2024 15:00,55.97,EUR,
17.05.2024 15:00 - 17.05.2024 16:00,61.99,EUR,
17.05.2024 16:00 - 17.05.2024 17:00,84.15,EUR,
17.05.2024 17:00 - 17.05.2024 18:00,100.79,EUR,
17.05.2024 18:00 - 17.05.2024 19:00,108.19,EUR,
17.05.2024 19:00 - 17.05.2024 20:00,153.11,EUR,
17.05.2024 20:00 - 17.05.2024 21:00,182.63,EUR,
17.05.2024 21:00 - 17.05.2024 22:00,129.26,EUR,
17.05.2024 22:00 - 17.05.2024 23:00,102.03,EUR,
17.05.2024 23:00 - 18.05.2024 00:00,95.8,EUR,
18.05.2024 00:00 - 18.05.2024 01:00,93.07,EUR,
18.05.2024 01:00 - 18.05.2024 02:00,85.51,EUR,
18.05.2024 02:00 - 18.05.2024 03:00,80.45,EUR,
18.05.2024 03:00 - 18.05.2024 04:00,85.36,EUR,
18.05.2024 04:00 - 18.05.2024 05:00,83.87,EUR,
18.05.2024 05:00 - 18.05.2024 06:00,86.34,EUR,
18.05.2024 06:00 - 18.05.2024 07:00,94.29,EUR,
18.05.2024 07:00 - 18.05.2024 08:00,90.44,EUR,
18.05.2024 08:00 - 18.05.2024 09:00,65.7,EUR,
18.05.2024 09:00 - 18.05.2024 10:00,48.9,EUR,
18.05.2024 10:00 - 18.05.2024 11:00,40.93,EUR,
18.05.2024 11:00 - 18.05.2024 12:00,10,EUR,
18.05.2024 12:00 - 18.05.2024 13:00,7.66,EUR,
18.05.2024 13:00 - 18.05.2024 14:00,10,EUR,
18.05.2024 14:00 - 18.05.2024 15:00,45.29,EUR,
18.05.2024 15:00 - 18.05.2024 16:00,52.43,EUR,
18.05.2024 16:00 - 18.05.2024 17:00,54.89,EUR,
18.05.2024 17:00 - 18.05.2024 18:00,90.24,EUR,
18.05.2024 18:00 - 18.05.2024 19:00,104.16,EUR,
18.05.2024 19:00 - 18.05.2024 20:00,127.85,EUR,
18.05.2024 20:00 - 18.05.2024 21:00,192.2,EUR,
18.05.2024 21:00 - 18.05.2024 22:00,152.46,EUR,
18.05.2024 22:00 - 18.05.2024 23:00,98.84,EUR,
18.05.2024 23:00 - 19.05.2024 00:00,95,EUR,
19.05.2024 00:00 - 19.05.2024 01:00,88.58,EUR,
19.05.2024 01:00 - 19.05.2024 02:00,85.81,EUR,
19.05.2024 02:00 - 19.05.2024 03:00,85.15,EUR,
19.05.2024 03:00 - 19.05.2024 04:00,83.22,EUR,
19.05.2024 04:00 - 19.05.2024 05:00,82.23,EUR,
19.05.2024 05:00 - 19.05.2024 06:00,81.12,EUR,
19.05.2024 06:00 - 19.05.2024 07:00,75.45,EUR,
19.05.2024 07:00 - 19.05.2024 08:00,71.95,EUR,
19.05.2024 08:00 - 19.05.2024 09:00,72.95,EUR,
19.05.2024 09:00 - 19.05.2024 10:00,58.7,EUR,
19.05.2024 10:00 - 19.05.2024 11:00,69,EUR,
19.05.2024 11:00 - 19.05.2024 12:00,33.44,EUR,
19.05.2024 12:00 - 19.05.2024 13:00,36.17,EUR,
19.05.2024 13:00 - 19.05.2024 14:00,37.81,EUR,
19.05.2024 14:00 - 19.05.2024 15:00,50,EUR,
19.05.2024 15:00 - 19.05.2024 16:00,58.71,EUR,
19.05.2024 16:00 - 19.05.2024 17:00,77,EUR,
19.05.2024 17:00 - 19.05.2024 18:00,85,EUR,
19.05.2024 18:00 - 19.05.2024 19:00,90.45,EUR,
19.05.2024 19:00 - 19.05.2024 20:00,117.94,EUR,
19.05.2024 20:00 - 19.05.2024 21:00,165.55,EUR,
19.05.2024 21:00 - 19.05.2024 22:00,124.31,EUR,
19.05.2024 22:00 - 19.05.2024 23:00,99.31,EUR,
19.05.2024 23:00 - 20.05.2024 00:00,84.23,EUR,
20.05.2024 00:00 - 20.05.2024 01:00,90.33,EUR,
20.05.2024 01:00 - 20.05.2024 02:00,85.45,EUR,
20.05.2024 02:00 - 20.05.2024 03:00,82.15,EUR,
20.05.2024 03:00 - 20.05.2024 04:00,81.68,EUR,
20.05.2024 04:00 - 20.05.2024 05:00,83.73,EUR,
20.05.2024 05:00 - 20.05.2024 06:00,89.05,EUR,
20.05.2024 06:00 - 20.05.2024 07:00,101.82,EUR,
20.05.2024 07:00 - 20.05.2024 08:00,115.21,EUR,
20.05.2024 08:00 - 20.05.2024 09:00,86.97,EUR,
20.05.2024 09:00 - 20.05.2024 10:00,109.42,EUR,
20.05.2024 10:00 - 20.05.2024 11:00,79.86,EUR,
20.05.2024 11:00 - 20.05.2024 12:00,58.7,EUR,
20.05.2024 12:00 - 20.05.2024 13:00,58.7,EUR,
20.05.2024 13:00 - 20.05.2024 14:00,58.71,EUR,
20.05.2024 14:00 - 20.05.2024 15:00,69.79,EUR,
20.05.2024 15:00 - 20.05.2024 16:00,71.9,EUR,
20.05.2024 16:00 - 20.05.2024 17:00,90.45,EUR,
20.05.2024 17:00 - 20.05.2024 18:00,104.63,EUR,
20.05.2024 18:00 - 20.05.2024 19:00,104.86,EUR,
20.05.2024 19:00 - 20.05.2024 20:00,141.16,EUR,
20.05.2024 20:00 - 20.05.2024 21:00,142.44,EUR,
20.05.2024 21:00 - 20.05.2024 22:00,123.35,EUR,
20.05.2024 22:00 - 20.05.2024 23:00,101.07,EUR,
20.05.2024 23:00 - 21.05.2024 00:00,91.47,EUR,
21.05.2024 00:00 - 21.05.2024 01:00,88.92,EUR,
21.05.2024 01:00 - 21.05.2024 02:00,81.17,EUR,
21.05.2024 02:00 - 21.05.2024 03:00,78.78,EUR,
21.05.2024 03:00 - 21.05.2024 04:00,79.22,EUR,
21.05.2024 04:00 - 21.05.2024 05:00,80.6,EUR,
21.05.2024 05:00 - 21.05.2024 06:00,81.5,EUR,
21.05.2024 06:00 - 21.05.2024 07:00,104.7,EUR,
21.05.2024 07:00 - 21.05.2024 08:00,119.42,EUR,
21.05.2024 08:00 - 21.05.2024 09:00,94.72,EUR,
21.05.2024 09:00 - 21.05.2024 10:00,84.47,EUR,
21.05.2024 10:00 - 21.05.2024 11:00,69.41,EUR,
21.05.2024 11:00 - 21.05.2024 12:00,46.35,EUR,
21.05.2024 12:00 - 21.05.2024 13:00,35.74,EUR,
21.05.2024 13:00 - 21.05.2024 14:00,48.9,EUR,
21.05.2024 14:00 - 21.05.2024 15:00,58.96,EUR,
21.05.2024 15:00 - 21.05.2024 16:00,73.74,EUR,
21.05.2024 16:00 - 21.05.2024 17:00,84.37,EUR,
21.05.2024 17:00 - 21.05.2024 18:00,92.74,EUR,
21.05.2024 18:00 - 21.05.2024 19:00,99.26,EUR,
21.05.2024 19:00 - 21.05.2024 20:00,141.98,EUR,
21.05.2024 20:00 - 21.05.2024 21:00,174.08,EUR,
21.05.2024 21:00 - 21.05.2024 22:00,117.59,EUR,
21.05.2024 22:00 - 21.05.2024 23:00,97.1,EUR,
21.05.2024 23:00 - 22.05.2024 00:00,90.45,EUR,
22.05.2024 00:00 - 22.05.2024 01:00,82.55,EUR,
22.05.2024 01:00 - 22.05.2024 02:00,79.57,EUR,
22.05.2024 02:00 - 22.05.2024 03:00,70.45,EUR,
22.05.2024 03:00 - 22.05.2024 04:00,74.14,EUR,
22.05.2024 04:00 - 22.05.2024 05:00,77.57,EUR,
22.05.2024 05:00 - 22.05.2024 06:00,86.8,EUR,
22.05.2024 06:00 - 22.05.2024 07:00,99.41,EUR,
22.05.2024 07:00 - 22.05.2024 08:00,102.5,EUR,
22.05.2024 08:00 - 22.05.2024 09:00,102.65,EUR,
22.05.2024 09:00 - 22.05.2024 10:00,84.49,EUR,
22.05.2024 10:00 - 22.05.2024 11:00,74.52,EUR,
22.05.2024 11:00 - 22.05.2024 12:00,58.71,EUR,
22.05.2024 12:00 - 22.05.2024 13:00,62.62,EUR,
22.05.2024 13:00 - 22.05.2024 14:00,54.46,EUR,
22.05.2024 14:00 - 22.05.2024 15:00,55,EUR,
22.05.2024 15:00 - 22.05.2024 16:00,75,EUR,
22.05.2024 16:00 - 22.05.2024 17:00,90.34,EUR,
22.05.2024 17:00 - 22.05.2024 18:00,99.38,EUR,
22.05.2024 18:00 - 22.05.2024 19:00,101.4,EUR,
22.05.2024 19:00 - 22.05.2024 20:00,130,EUR,
22.05.2024 20:00 - 22.05.2024 21:00,143.2,EUR,
22.05.2024 21:00 - 22.05.2024 22:00,126.06,EUR,
22.05.2024 22:00 - 22.05.2024 23:00,103.67,EUR,
22.05.2024 23:00 - 23.05.2024 00:00,90.13,EUR,
23.05.2024 00:00 - 23.05.2024 01:00,91.9,EUR,
23.05.2024 01:00 - 23.05.2024 02:00,90,EUR,
23.05.2024 02:00 - 23.05.2024 03:00,85,EUR,
23.05.2024 03:00 - 23.05.2024 04:00,86.71,EUR,
23.05.2024 04:00 - 23.05.2024 05:00,88.6,EUR,
23.05.2024 05:00 - 23.05.2024 06:00,90,EUR,
23.05.2024 06:00 - 23.05.2024 07:00,109.19,EUR,
23.05.2024 07:00 - 23.05.2024 08:00,113.06,EUR,
23.05.2024 08:00 - 23.05.2024 09:00,89.42,EUR,
23.05.2024 09:00 - 23.05.2024 10:00,75.16,EUR,
23.05.2024 10:00 - 23.05.2024 11:00,71.67,EUR,
23.05.2024 11:00 - 23.05.2024 12:00,65.01,EUR,
23.05.2024 12:00 - 23.05.2024 13:00,48.59,EUR,
23.05.2024 13:00 - 23.05.2024 14:00,58.7,EUR,
23.05.2024 14:00 - 23.05.2024 15:00,55.03,EUR,
23.05.2024 15:00 - 23.05.2024 16:00,75.07,EUR,
23.05.2024 16:00 - 23.05.2024 17:00,85.9,EUR,
23.05.2024 17:00 - 23.05.2024 18:00,92.45,EUR,
23.05.2024 18:00 - 23.05.2024 19:00,108.45,EUR,
23.05.2024 19:00 - 23.05.2024 20:00,145.92,EUR,
23.05.2024 20:00 - 23.05.2024 21:00,171.4,EUR,
23.05.2024 21:00 - 23.05.2024 22:00,144.13,EUR,
23.05.2024 22:00 - 23.05.2024 23:00,118.53,EUR,
23.05.2024 23:00 - 24.05.2024 00:00,102.69,EUR,
24.05.2024 00:00 - 24.05.2024 01:00,95.81,EUR,
24.05.2024 01:00 - 24.05.2024 02:00,92.21,EUR,
24.05.2024 02:00 - 24.05.2024 03:00,88.31,EUR,
24.05.2024 03:00 - 24.05.2024 04:00,86.42,EUR,
24.05.2024 04:00 - 24.05.2024 05:00,88.48,EUR,
24.05.2024 05:00 - 24.05.2024 06:00,99.57,EUR,
24.05.2024 06:00 - 24.05.2024 07:00,117.7,EUR,
24.05.2024 07:00 - 24.05.2024 08:00,122.83,EUR,
24.05.2024 08:00 - 24.05.2024 09:00,91.92,EUR,
24.05.2024 09:00 - 24.05.2024 10:00,75.97,EUR,
24.05.2024 10:00 - 24.05.2024 11:00,77.04,EUR,
24.05.2024 11:00 - 24.05.2024 12:00,78.31,EUR,
24.05.2024 12:00 - 24.05.2024 13:00,71.08,EUR,
24.05.2024 13:00 - 24.05.2024 14:00,65.12,EUR,
24.05.2024 14:00 - 24.05.2024 15:00,74.62,EUR,
24.05.2024 15:00 - 24.05.2024 16:00,81.42,EUR,
24.05.2024 16:00 - 24.05.2024 17:00,84.39,EUR,
24.05.2024 17:00 - 24.05.2024 18:00,99.32,EUR,
24.05.2024 18:00 - 24.05.2024 19:00,113.57,EUR,
24.05.2024 19:00 - 24.05.2024 20:00,139,EUR,
24.05.2024 20:00 - 24.05.2024 21:00,150,EUR,
24.05.2024 21:00 - 24.05.2024 22:00,135.15,EUR,
24.05.2024 22:00 - 24.05.2024 23:00,109.67,EUR,
24.05.2024 23:00 - 25.05.2024 00:00,99.84,EUR,
25.05.2024 00:00 - 25.05.2024 01:00,94.88,EUR,
25.05.2024 01:00 - 25.05.2024 02:00,91.87,EUR,
25.05.2024 02:00 - 25.05.2024 03:00,90.44,EUR,
25.05.2024 03:00 - 25.05.2024 04:00,89.15,EUR,
25.05.2024 04:00 - 25.05.2024 05:00,89.03,EUR,
25.05.2024 05:00 - 25.05.2024 06:00,90.44,EUR,
25.05.2024 06:00 - 25.05.2024 07:00,90.44,EUR,
25.05.2024 07:00 - 25.05.2024 08:00,83.46,EUR,
25.05.2024 08:00 - 25.05.2024 09:00,36.87,EUR,
25.05.2024 09:00 - 25.05.2024 10:00,20,EUR,
25.05.2024 10:00 - 25.05.2024 11:00,5.12,EUR,
25.05.2024 11:00 - 25.05.2024 12:00,8.61,EUR,
25.05.2024 12:00 - 25.05.2024 13:00,3.24,EUR,
25.05.2024 13:00 - 25.05.2024 14:00,0.04,EUR,
25.05.2024 14:00 - 25.05.2024 15:00,0.04,EUR,
25.05.2024 15:00 - 25.05.2024 16:00,0.05,EUR,
25.05.2024 16:00 - 25.05.2024 17:00,14.32,EUR,
25.05.2024 17:00 - 25.05.2024 18:00,76.79,EUR,
25.05.2024 18:00 - 25.05.2024 19:00,96.95,EUR,
25.05.2024 19:00 - 25.05.2024 20:00,116.48,EUR,
25.05.2024 20:00 - 25.05.2024 21:00,131.96,EUR,
25.05.2024 21:00 - 25.05.2024 22:00,136.77,EUR,
25.05.2024 22:00 - 25.05.2024 23:00,115.24,EUR,
25.05.2024 23:00 - 26.05.2024 00:00,104.7,EUR,
26.05.2024 00:00 - 26.05.2024 01:00,108.12,EUR,
26.05.2024 01:00 - 26.05.2024 02:00,99.73,EUR,
26.05.2024 02:00 - 26.05.2024 03:00,92.15,EUR,
26.05.2024 03:00 - 26.05.2024 04:00,91.98,EUR,
26.05.2024 04:00 - 26.05.2024 05:00,93.08,EUR,
26.05.2024 05:00 - 26.05.2024 06:00,90.46,EUR,
26.05.2024 06:00 - 26.05.2024 07:00,85.07,EUR,
26.05.2024 07:00 - 26.05.2024 08:00,73.13,EUR,
26.05.2024 08:00 - 26.05.2024 09:00,13.25,EUR,
26.05.2024 09:00 - 26.05.2024 10:00,0.04,EUR,
26.05.2024 10:00 - 26.05.2024 11:00,0.04,EUR,
26.05.2024 11:00 - 26.05.2024 12:00,0.04,EUR,
26.05.2024 12:00 - 26.05.2024 13:00,0.04,EUR,
26.05.2024 13:00 - 26.05.2024 14:00,0.03,EUR,
26.05.2024 14:00 - 26.05.2024 15:00,0.02,EUR,
26.05.2024 15:00 - 26.05.2024 16:00,0.03,EUR,
26.05.2024 16:00 - 26.05.2024 17:00,0.04,EUR,
26.05.2024 17:00 - 26.05.2024 18:00,51.99,EUR,
26.05.2024 18:00 - 26.05.2024 19:00,89.53,EUR,
26.05.2024 19:00 - 26.05.2024 20:00,109.93,EUR,
26.05.2024 20:00 - 26.05.2024 21:00,139.91,EUR,
26.05.2024 21:00 - 26.05.2024 22:00,115.15,EUR,
26.05.2024 22:00 - 26.05.2024 23:00,89.06,EUR,
26.05.2024 23:00 - 27.05.2024 00:00,86.25,EUR,
27.05.2024 00:00 - 27.05.2024 01:00,77.72,EUR,
27.05.2024 01:00 - 27.05.2024 02:00,77.29,EUR,
27.05.2024 02:00 - 27.05.2024 03:00,76.74,EUR,
27.05.2024 03:00 - 27.05.2024 04:00,76.74,EUR,
27.05.2024 04:00 - 27.05.2024 05:00,80.55,EUR,
27.05.2024 05:00 - 27.05.2024 06:00,86.84,EUR,
27.05.2024 06:00 - 27.05.2024 07:00,107.23,EUR,
27.05.2024 07:00 - 27.05.2024 08:00,123.66,EUR,
27.05.2024 08:00 - 27.05.2024 09:00,81.14,EUR,
27.05.2024 09:00 - 27.05.2024 10:00,58.71,EUR,
27.05.2024 10:00 - 27.05.2024 11:00,55,EUR,
27.05.2024 11:00 - 27.05.2024 12:00,53.3,EUR,
27.05.2024 12:00 - 27.05.2024 13:00,64.6,EUR,
27.05.2024 13:00 - 27.05.2024 14:00,65,EUR,
27.05.2024 14:00 - 27.05.2024 15:00,65.8,EUR,
27.05.2024 15:00 - 27.05.2024 16:00,76.05,EUR,
27.05.2024 16:00 - 27.05.2024 17:00,82.29,EUR,
27.05.2024 17:00 - 27.05.2024 18:00,88.85,EUR,
27.05.2024 18:00 - 27.05.2024 19:00,115.71,EUR,
27.05.2024 19:00 - 27.05.2024 20:00,124.99,EUR,
27.05.2024 20:00 - 27.05.2024 21:00,164.01,EUR,
27.05.2024 21:00 - 27.05.2024 22:00,132.15,EUR,
27.05.2024 22:00 - 27.05.2024 23:00,127.81,EUR,
27.05.2024 23:00 - 28.05.2024 00:00,106.19,EUR,
28.05.2024 00:00 - 28.05.2024 01:00,99.17,EUR,
28.05.2024 01:00 - 28.05.2024 02:00,90.46,EUR,
28.05.2024 02:00 - 28.05.2024 03:00,89.87,EUR,
28.05.2024 03:00 - 28.05.2024 04:00,85.06,EUR,
28.05.2024 04:00 - 28.05.2024 05:00,84.19,EUR,
28.05.2024 05:00 - 28.05.2024 06:00,90.46,EUR,
28.05.2024 06:00 - 28.05.2024 07:00,115.67,EUR,
28.05.2024 07:00 - 28.05.2024 08:00,125.81,EUR,
28.05.2024 08:00 - 28.05.2024 09:00,105.99,EUR,
28.05.2024 09:00 - 28.05.2024 10:00,88.36,EUR,
28.05.2024 10:00 - 28.05.2024 11:00,75.26,EUR,
28.05.2024 11:00 - 28.05.2024 12:00,73.45,EUR,
28.05.2024 12:00 - 28.05.2024 13:00,64.93,EUR,
28.05.2024 13:00 - 28.05.2024 14:00,58.71,EUR,
28.05.2024 14:00 - 28.05.2024 15:00,58.71,EUR,
28.05.2024 15:00 - 28.05.2024 16:00,69.76,EUR,
28.05.2024 16:00 - 28.05.2024 17:00,80.17,EUR,
28.05.2024 17:00 - 28.05.2024 18:00,109.96,EUR,
28.05.2024 18:00 - 28.05.2024 19:00,134.86,EUR,
28.05.2024 19:00 - 28.05.2024 20:00,182.82,EUR,
28.05.2024 20:00 - 28.05.2024 21:00,185.09,EUR,
28.05.2024 21:00 - 28.05.2024 22:00,166.38,EUR,
28.05.2024 22:00 - 28.05.2024 23:00,104.06,EUR,
28.05.2024 23:00 - 29.05.2024 00:00,97.1,EUR,
29.05.2024 00:00 - 29.05.2024 01:00,90.89,EUR,
29.05.2024 01:00 - 29.05.2024 02:00,90.42,EUR,
29.05.2024 02:00 - 29.05.2024 03:00,88.42,EUR,
29.05.2024 03:00 - 29.05.2024 04:00,86.92,EUR,
29.05.2024 04:00 - 29.05.2024 05:00,87.44,EUR,
29.05.2024 05:00 - 29.05.2024 06:00,92.56,EUR,
29.05.2024 06:00 - 29.05.2024 07:00,124.98,EUR,
29.05.2024 07:00 - 29.05.2024 08:00,99.67,EUR,
29.05.2024 08:00 - 29.05.2024 09:00,88.8,EUR,
29.05.2024 09:00 - 29.05.2024 10:00,71.01,EUR,
29.05.2024 10:00 - 29.05.2024 11:00,69.79,EUR,
29.05.2024 11:00 - 29.05.2024 12:00,64.17,EUR,
29.05.2024 12:00 - 29.05.2024 13:00,60.54,EUR,
29.05.2024 13:00 - 29.05.2024 14:00,64.12,EUR,
29.05.2024 14:00 - 29.05.2024 15:00,64.09,EUR,
29.05.2024 15:00 - 29.05.2024 16:00,72.37,EUR,
29.05.2024 16:00 - 29.05.2024 17:00,90.42,EUR,
29.05.2024 17:00 - 29.05.2024 18:00,103.37,EUR,
29.05.2024 18:00 - 29.05.2024 19:00,111.53,EUR,
29.05.2024 19:00 - 29.05.2024 20:00,153.52,EUR,
29.05.2024 20:00 - 29.05.2024 21:00,186.41,EUR,
29.05.2024 21:00 - 29.05.2024 22:00,170.08,EUR,
29.05.2024 22:00 - 29.05.2024 23:00,116.42,EUR,
29.05.2024 23:00 - 30.05.2024 00:00,99.01,EUR,
30.05.2024 00:00 - 30.05.2024 01:00,97.28,EUR,
30.05.2024 01:00 - 30.05.2024 02:00,91.74,EUR,
30.05.2024 02:00 - 30.05.2024 03:00,88.18,EUR,
30.05.2024 03:00 - 30.05.2024 04:00,88.94,EUR,
30.05.2024 04:00 - 30.05.2024 05:00,90.44,EUR,
30.05.2024 05:00 - 30.05.2024 06:00,105.51,EUR,
30.05.2024 06:00 - 30.05.2024 07:00,97.67,EUR,
30.05.2024 07:00 - 30.05.2024 08:00,103.85,EUR,
30.05.2024 08:00 - 30.05.2024 09:00,91.4,EUR,
30.05.2024 09:00 - 30.05.2024 10:00,88.2,EUR,
30.05.2024 10:00 - 30.05.2024 11:00,83.05,EUR,
30.05.2024 11:00 - 30.05.2024 12:00,71,EUR,
30.05.2024 12:00 - 30.05.2024 13:00,74.02,EUR,
30.05.2024 13:00 - 30.05.2024 14:00,65.89,EUR,
30.05.2024 14:00 - 30.05.2024 15:00,65.82,EUR,
30.05.2024 15:00 - 30.05.2024 16:00,70.77,EUR,
30.05.2024 16:00 - 30.05.2024 17:00,87.57,EUR,
30.05.2024 17:00 - 30.05.2024 18:00,95.89,EUR,
30.05.2024 18:00 - 30.05.2024 19:00,110.46,EUR,
30.05.2024 19:00 - 30.05.2024 20:00,153.25,EUR,
30.05.2024 20:00 - 30.05.2024 21:00,155,EUR,
30.05.2024 21:00 - 30.05.2024 22:00,132.68,EUR,
30.05.2024 22:00 - 30.05.2024 23:00,110.51,EUR,
30.05.2024 23:00 - 31.05.2024 00:00,102.61,EUR,
31.05.2024 00:00 - 31.05.2024 01:00,92.54,EUR,
31.05.2024 01:00 - 31.05.2024 02:00,84,EUR,
31.05.2024 02:00 - 31.05.2024 03:00,86.5,EUR,
31.05.2024 03:00 - 31.05.2024 04:00,87,EUR,
31.05.2024 04:00 - 31.05.2024 05:00,89.76,EUR,
31.05.2024 05:00 - 31.05.2024 06:00,106.53,EUR,
31.05.2024 06:00 - 31.05.2024 07:00,101.2,EUR,
31.05.2024 07:00 - 31.05.2024 08:00,114.99,EUR,
31.05.2024 08:00 - 31.05.2024 09:00,114.72,EUR,
31.05.2024 09:00 - 31.05.2024 10:00,99.85,EUR,
31.05.2024 10:00 - 31.05.2024 11:00,91.81,EUR,
31.05.2024 11:00 - 31.05.2024 12:00,85.72,EUR,
31.05.2024 12:00 - 31.05.2024 13:00,79.06,EUR,
31.05.2024 13:00 - 31.05.2024 14:00,72.49,EUR,
31.05.2024 14:00 - 31.05.2024 15:00,68.74,EUR,
31.05.2024 15:00 - 31.05.2024 16:00,69.84,EUR,
31.05.2024 16:00 - 31.05.2024 17:00,77.87,EUR,
31.05.2024 17:00 - 31.05.2024 18:00,90.43,EUR,
31.05.2024 18:00 - 31.05.2024 19:00,113.92,EUR,
31.05.2024 19:00 - 31.05.2024 20:00,131.4,EUR,
31.05.2024 20:00 - 31.05.2024 21:00,139.17,EUR,
31.05.2024 21:00 - 31.05.2024 22:00,131.8,EUR,
31.05.2024 22:00 - 31.05.2024 23:00,102.25,EUR,
31.05.2024 23:00 - 01.06.2024 00:00,93.25,EUR,
01.06.2024 00:00 - 01.06.2024 01:00,86.2,EUR,
01.06.2024 01:00 - 01.06.2024 02:00,81.89,EUR,
01.06.2024 02:00 - 01.06.2024 03:00,74.55,EUR,
01.06.2024 03:00 - 01.06.2024 04:00,75.73,EUR,
01.06.2024 04:00 - 01.06.2024 05:00,67.09,EUR,
01.06.2024 05:00 - 01.06.2024 06:00,67.44,EUR,
01.06.2024 06:00 - 01.06.2024 07:00,72.53,EUR,
01.06.2024 07:00 - 01.06.2024 08:00,69.48,EUR,
01.06.2024 08:00 - 01.06.2024 09:00,76.13,EUR,
01.06.2024 09:00 - 01.06.2024 10:00,64.42,EUR,
01.06.2024 10:00 - 01.06.2024 11:00,49.84,EUR,
01.06.2024 11:00 - 01.06.2024 12:00,37.41,EUR,
01.06.2024 12:00 - 01.06.2024 13:00,22.4,EUR,
01.06.2024 13:00 - 01.06.2024 14:00,7.88,EUR,
01.06.2024 14:00 - 01.06.2024 15:00,2.7,EUR,
01.06.2024 15:00 - 01.06.2024 16:00,15.1,EUR,
01.06.2024 16:00 - 01.06.2024 17:00,33.4,EUR,
01.06.2024 17:00 - 01.06.2024 18:00,59.83,EUR,
01.06.2024 18:00 - 01.06.2024 19:00,85.84,EUR,
01.06.2024 19:00 - 01.06.2024 20:00,133.01,EUR,
01.06.2024 20:00 - 01.06.2024 21:00,168.74,EUR,
01.06.2024 21:00 - 01.06.2024 22:00,153.74,EUR,
01.06.2024 22:00 - 01.06.2024 23:00,91.09,EUR,
01.06.2024 23:00 - 02.06.2024 00:00,83.57,EUR,
02.06.2024 00:00 - 02.06.2024 01:00,58.71,EUR,
02.06.2024 01:00 - 02.06.2024 02:00,54.97,EUR,
02.06.2024 02:00 - 02.06.2024 03:00,82,EUR,
02.06.2024 03:00 - 02.06.2024 04:00,87.81,EUR,
02.06.2024 04:00 - 02.06.2024 05:00,82,EUR,
02.06.2024 05:00 - 02.06.2024 06:00,73.62,EUR,
02.06.2024 06:00 - 02.06.2024 07:00,20,EUR,
02.06.2024 07:00 - 02.06.2024 08:00,4.11,EUR,
02.06.2024 08:00 - 02.06.2024 09:00,1,EUR,
02.06.2024 09:00 - 02.06.2024 10:00,0.04,EUR,
02.06.2024 10:00 - 02.06.2024 11:00,1.16,EUR,
02.06.2024 11:00 - 02.06.2024 12:00,0.04,EUR,
02.06.2024 12:00 - 02.06.2024 13:00,0.04,EUR,
02.06.2024 13:00 - 02.06.2024 14:00,0.04,EUR,
02.06.2024 14:00 - 02.06.2024 15:00,0.04,EUR,
02.06.2024 15:00 - 02.06.2024 16:00,5,EUR,
02.06.2024 16:00 - 02.06.2024 17:00,56.03,EUR,
02.06.2024 17:00 - 02.06.2024 18:00,63.53,EUR,
02.06.2024 18:00 - 02.06.2024 19:00,64.95,EUR,
02.06.2024 19:00 - 02.06.2024 20:00,102.2,EUR,
02.06.2024 20:00 - 02.06.2024 21:00,173.85,EUR,
02.06.2024 21:00 - 02.06.2024 22:00,124.41,EUR,
02.06.2024 22:00 - 02.06.2024 23:00,101.97,EUR,
02.06.2024 23:00 - 03.06.2024 00:00,90.89,EUR,
03.06.2024 00:00 - 03.06.2024 01:00,92.16,EUR,
03.06.2024 01:00 - 03.06.2024 02:00,90.45,EUR,
03.06.2024 02:00 - 03.06.2024 03:00,89.84,EUR,
03.06.2024 03:00 - 03.06.2024 04:00,88.36,EUR,
03.06.2024 04:00 - 03.06.2024 05:00,86.17,EUR,
03.06.2024 05:00 - 03.06.2024 06:00,101.51,EUR,
03.06.2024 06:00 - 03.06.2024 07:00,130.32,EUR,
03.06.2024 07:00 - 03.06.2024 08:00,170.47,EUR,
03.06.2024 08:00 - 03.06.2024 09:00,147.94,EUR,
03.06.2024 09:00 - 03.06.2024 10:00,95.15,EUR,
03.06.2024 10:00 - 03.06.2024 11:00,90.48,EUR,
03.06.2024 11:00 - 03.06.2024 12:00,87.91,EUR,
03.06.2024 12:00 - 03.06.2024 13:00,83.36,EUR,
03.06.2024 13:00 - 03.06.2024 14:00,81.89,EUR,
03.06.2024 14:00 - 03.06.2024 15:00,80.42,EUR,
03.06.2024 15:00 - 03.06.2024 16:00,88.67,EUR,
03.06.2024 16:00 - 03.06.2024 17:00,98.7,EUR,
03.06.2024 17:00 - 03.06.2024 18:00,127.35,EUR,
03.06.2024 18:00 - 03.06.2024 19:00,164.28,EUR,
03.06.2024 19:00 - 03.06.2024 20:00,196.56,EUR,
03.06.2024 20:00 - 03.06.2024 21:00,212.03,EUR,
03.06.2024 21:00 - 03.06.2024 22:00,192.54,EUR,
03.06.2024 22:00 - 03.06.2024 23:00,146.66,EUR,
03.06.2024 23:00 - 04.06.2024 00:00,119.25,EUR,
04.06.2024 00:00 - 04.06.2024 01:00,108.04,EUR,
04.06.2024 01:00 - 04.06.2024 02:00,101.03,EUR,
04.06.2024 02:00 - 04.06.2024 03:00,96.51,EUR,
04.06.2024 03:00 - 04.06.2024 04:00,97.3,EUR,
04.06.2024 04:00 - 04.06.2024 05:00,97.61,EUR,
04.06.2024 05:00 - 04.06.2024 06:00,107.71,EUR,
04.06.2024 06:00 - 04.06.2024 07:00,139.93,EUR,
04.06.2024 07:00 - 04.06.2024 08:00,172.27,EUR,
04.06.2024 08:00 - 04.06.2024 09:00,111.1,EUR,
04.06.2024 09:00 - 04.06.2024 10:00,110.68,EUR,
04.06.2024 10:00 - 04.06.2024 11:00,90.09,EUR,
04.06.2024 11:00 - 04.06.2024 12:00,77.78,EUR,
04.06.2024 12:00 - 04.06.2024 13:00,72.88,EUR,
04.06.2024 13:00 - 04.06.2024 14:00,63.82,EUR,
04.06.2024 14:00 - 04.06.2024 15:00,54,EUR,
04.06.2024 15:00 - 04.06.2024 16:00,77.02,EUR,
04.06.2024 16:00 - 04.06.2024 17:00,94.46,EUR,
04.06.2024 17:00 - 04.06.2024 18:00,95.38,EUR,
04.06.2024 18:00 - 04.06.2024 19:00,161.49,EUR,
04.06.2024 19:00 - 04.06.2024 20:00,215.94,EUR,
04.06.2024 20:00 - 04.06.2024 21:00,229.44,EUR,
04.06.2024 21:00 - 04.06.2024 22:00,208.3,EUR,
04.06.2024 22:00 - 04.06.2024 23:00,129.57,EUR,
04.06.2024 23:00 - 05.06.2024 00:00,105.45,EUR,
05.06.2024 00:00 - 05.06.2024 01:00,99.26,EUR,
05.06.2024 01:00 - 05.06.2024 02:00,92.2,EUR,
05.06.2024 02:00 - 05.06.2024 03:00,87.84,EUR,
05.06.2024 03:00 - 05.06.2024 04:00,83.53,EUR,
05.06.2024 04:00 - 05.06.2024 05:00,88.7,EUR,
05.06.2024 05:00 - 05.06.2024 06:00,93.4,EUR,
05.06.2024 06:00 - 05.06.2024 07:00,112.78,EUR,
05.06.2024 07:00 - 05.06.2024 08:00,152.65,EUR,
05.06.2024 08:00 - 05.06.2024 09:00,117.89,EUR,
05.06.2024 09:00 - 05.06.2024 10:00,91.22,EUR,
05.06.2024 10:00 - 05.06.2024 11:00,73.23,EUR,
05.06.2024 11:00 - 05.06.2024 12:00,68.15,EUR,
05.06.2024 12:00 - 05.06.2024 13:00,55.82,EUR,
05.06.2024 13:00 - 05.06.2024 14:00,56.38,EUR,
05.06.2024 14:00 - 05.06.2024 15:00,77.49,EUR,
05.06.2024 15:00 - 05.06.2024 16:00,82.08,EUR,
05.06.2024 16:00 - 05.06.2024 17:00,95.61,EUR,
05.06.2024 17:00 - 05.06.2024 18:00,100.14,EUR,
05.06.2024 18:00 - 05.06.2024 19:00,144.56,EUR,
05.06.2024 19:00 - 05.06.2024 20:00,198.28,EUR,
05.06.2024 20:00 - 05.06.2024 21:00,200.96,EUR,
05.06.2024 21:00 - 05.06.2024 22:00,187.69,EUR,
05.06.2024 22:00 - 05.06.2024 23:00,146.15,EUR,
05.06.2024 23:00 - 06.06.2024 00:00,116.71,EUR,
06.06.2024 00:00 - 06.06.2024 01:00,108.11,EUR,
06.06.2024 01:00 - 06.06.2024 02:00,104.7,EUR,
06.06.2024 02:00 - 06.06.2024 03:00,96.17,EUR,
06.06.2024 03:00 - 06.06.2024 04:00,94.29,EUR,
06.06.2024 04:00 - 06.06.2024 05:00,92.85,EUR,
06.06.2024 05:00 - 06.06.2024 06:00,108.76,EUR,
06.06.2024 06:00 - 06.06.2024 07:00,127.82,EUR,
06.06.2024 07:00 - 06.06.2024 08:00,130.4,EUR,
06.06.2024 08:00 - 06.06.2024 09:00,98.7,EUR,
06.06.2024 09:00 - 06.06.2024 10:00,72.03,EUR,
06.06.2024 10:00 - 06.06.2024 11:00,57.8,EUR,
06.06.2024 11:00 - 06.06.2024 12:00,43.65,EUR,
06.06.2024 12:00 - 06.06.2024 13:00,59.12,EUR,
06.06.2024 13:00 - 06.06.2024 14:00,65.01,EUR,
06.06.2024 14:00 - 06.06.2024 15:00,75.25,EUR,
06.06.2024 15:00 - 06.06.2024 16:00,87.26,EUR,
06.06.2024 16:00 - 06.06.2024 17:00,106.99,EUR,
06.06.2024 17:00 - 06.06.2024 18:00,97.98,EUR,
06.06.2024 18:00 - 06.06.2024 19:00,114.05,EUR,
06.06.2024 19:00 - 06.06.2024 20:00,195.02,EUR,
06.06.2024 20:00 - 06.06.2024 21:00,219.22,EUR,
06.06.2024 21:00 - 06.06.2024 22:00,187.78,EUR,
06.06.2024 22:00 - 06.06.2024 23:00,147.66,EUR,
06.06.2024 23:00 - 07.06.2024 00:00,110.86,EUR,
07.06.2024 00:00 - 07.06.2024 01:00,98.03,EUR,
07.06.2024 01:00 - 07.06.2024 02:00,95.09,EUR,
07.06.2024 02:00 - 07.06.2024 03:00,89.56,EUR,
07.06.2024 03:00 - 07.06.2024 04:00,84.18,EUR,
07.06.2024 04:00 - 07.06.2024 05:00,80.33,EUR,
07.06.2024 05:00 - 07.06.2024 06:00,95.94,EUR,
07.06.2024 06:00 - 07.06.2024 07:00,98.21,EUR,
07.06.2024 07:00 - 07.06.2024 08:00,116.41,EUR,
07.06.2024 08:00 - 07.06.2024 09:00,94.51,EUR,
07.06.2024 09:00 - 07.06.2024 10:00,79.01,EUR,
07.06.2024 10:00 - 07.06.2024 11:00,61.47,EUR,
07.06.2024 11:00 - 07.06.2024 12:00,41.39,EUR,
07.06.2024 12:00 - 07.06.2024 13:00,33.91,EUR,
07.06.2024 13:00 - 07.06.2024 14:00,25.36,EUR,
07.06.2024 14:00 - 07.06.2024 15:00,27.73,EUR,
07.06.2024 15:00 - 07.06.2024 16:00,76.68,EUR,
07.06.2024 16:00 - 07.06.2024 17:00,93.99,EUR,
07.06.2024 17:00 - 07.06.2024 18:00,74.16,EUR,
07.06.2024 18:00 - 07.06.2024 19:00,109.79,EUR,
07.06.2024 19:00 - 07.06.2024 20:00,167.38,EUR,
07.06.2024 20:00 - 07.06.2024 21:00,199.58,EUR,
07.06.2024 21:00 - 07.06.2024 22:00,161,EUR,
07.06.2024 22:00 - 07.06.2024 23:00,135.55,EUR,
07.06.2024 23:00 - 08.06.2024 00:00,106.87,EUR,
08.06.2024 00:00 - 08.06.2024 01:00,110.51,EUR,
08.06.2024 01:00 - 08.06.2024 02:00,102.84,EUR,
08.06.2024 02:00 - 08.06.2024 03:00,96.73,EUR,
08.06.2024 03:00 - 08.06.2024 04:00,94.34,EUR,
08.06.2024 04:00 - 08.06.2024 05:00,93.46,EUR,
08.06.2024 05:00 - 08.06.2024 06:00,92.7,EUR,
08.06.2024 06:00 - 08.06.2024 07:00,90.82,EUR,
08.06.2024 07:00 - 08.06.2024 08:00,65.36,EUR,
08.06.2024 08:00 - 08.06.2024 09:00,47.63,EUR,
08.06.2024 09:00 - 08.06.2024 10:00,24.37,EUR,
08.06.2024 10:00 - 08.06.2024 11:00,10,EUR,
08.06.2024 11:00 - 08.06.2024 12:00,15.22,EUR,
08.06.2024 12:00 - 08.06.2024 13:00,20,EUR,
08.06.2024 13:00 - 08.06.2024 14:00,26.14,EUR,
08.06.2024 14:00 - 08.06.2024 15:00,40,EUR,
08.06.2024 15:00 - 08.06.2024 16:00,56.79,EUR,
08.06.2024 16:00 - 08.06.2024 17:00,95.54,EUR,
08.06.2024 17:00 - 08.06.2024 18:00,83.41,EUR,
08.06.2024 18:00 - 08.06.2024 19:00,97.72,EUR,
08.06.2024 19:00 - 08.06.2024 20:00,115.95,EUR,
08.06.2024 20:00 - 08.06.2024 21:00,182.56,EUR,
08.06.2024 21:00 - 08.06.2024 22:00,180.52,EUR,
08.06.2024 22:00 - 08.06.2024 23:00,126.05,EUR,
08.06.2024 23:00 - 09.06.2024 00:00,94.96,EUR,
09.06.2024 00:00 - 09.06.2024 01:00,90.52,EUR,
09.06.2024 01:00 - 09.06.2024 02:00,86.38,EUR,
09.06.2024 02:00 - 09.06.2024 03:00,89.39,EUR,
09.06.2024 03:00 - 09.06.2024 04:00,88.23,EUR,
09.06.2024 04:00 - 09.06.2024 05:00,90.43,EUR,
09.06.2024 05:00 - 09.06.2024 06:00,90.41,EUR,
09.06.2024 06:00 - 09.06.2024 07:00,93.1,EUR,
09.06.2024 07:00 - 09.06.2024 08:00,87.48,EUR,
09.06.2024 08:00 - 09.06.2024 09:00,69.4,EUR,
09.06.2024 09:00 - 09.06.2024 10:00,25,EUR,
09.06.2024 10:00 - 09.06.2024 11:00,16.15,EUR,
09.06.2024 11:00 - 09.06.2024 12:00,15,EUR,
09.06.2024 12:00 - 09.06.2024 13:00,20,EUR,
09.06.2024 13:00 - 09.06.2024 14:00,20,EUR,
09.06.2024 14:00 - 09.06.2024 15:00,25,EUR,
09.06.2024 15:00 - 09.06.2024 16:00,50,EUR,
09.06.2024 16:00 - 09.06.2024 17:00,153.41,EUR,
09.06.2024 17:00 - 09.06.2024 18:00,80.84,EUR,
09.06.2024 18:00 - 09.06.2024 19:00,72.05,EUR,
09.06.2024 19:00 - 09.06.2024 20:00,100.06,EUR,
09.06.2024 20:00 - 09.06.2024 21:00,147.16,EUR,
09.06.2024 21:00 - 09.06.2024 22:00,144.8,EUR,
09.06.2024 22:00 - 09.06.2024 23:00,108.88,EUR,
09.06.2024 23:00 - 10.06.2024 00:00,98.08,EUR,
10.06.2024 00:00 - 10.06.2024 01:00,75,EUR,
10.06.2024 01:00 - 10.06.2024 02:00,77.2,EUR,
10.06.2024 02:00 - 10.06.2024 03:00,66.31,EUR,
10.06.2024 03:00 - 10.06.2024 04:00,82.48,EUR,
10.06.2024 04:00 - 10.06.2024 05:00,82.52,EUR,
10.06.2024 05:00 - 10.06.2024 06:00,82.28,EUR,
10.06.2024 06:00 - 10.06.2024 07:00,111.43,EUR,
10.06.2024 07:00 - 10.06.2024 08:00,173.78,EUR,
10.06.2024 08:00 - 10.06.2024 09:00,135.58,EUR,
10.06.2024 09:00 - 10.06.2024 10:00,94.01,EUR,
10.06.2024 10:00 - 10.06.2024 11:00,86.65,EUR,
10.06.2024 11:00 - 10.06.2024 12:00,78.71,EUR,
10.06.2024 12:00 - 10.06.2024 13:00,68.02,EUR,
10.06.2024 13:00 - 10.06.2024 14:00,67.61,EUR,
10.06.2024 14:00 - 10.06.2024 15:00,61.51,EUR,
10.06.2024 15:00 - 10.06.2024 16:00,68.5,EUR,
10.06.2024 16:00 - 10.06.2024 17:00,86,EUR,
10.06.2024 17:00 - 10.06.2024 18:00,94.84,EUR,
10.06.2024 18:00 - 10.06.2024 19:00,110.01,EUR,
10.06.2024 19:00 - 10.06.2024 20:00,120.01,EUR,
10.06.2024 20:00 - 10.06.2024 21:00,164.86,EUR,
10.06.2024 21:00 - 10.06.2024 22:00,123.03,EUR,
10.06.2024 22:00 - 10.06.2024 23:00,112.2,EUR,
10.06.2024 23:00 - 11.06.2024 00:00,98.04,EUR,
11.06.2024 00:00 - 11.06.2024 01:00,85.9,EUR,
11.06.2024 01:00 - 11.06.2024 02:00,80.31,EUR,
11.06.2024 02:00 - 11.06.2024 03:00,67.47,EUR,
11.06.2024 03:00 - 11.06.2024 04:00,69.51,EUR,
11.06.2024 04:00 - 11.06.2024 05:00,67.78,EUR,
11.06.2024 05:00 - 11.06.2024 06:00,74.55,EUR,
11.06.2024 06:00 - 11.06.2024 07:00,92.23,EUR,
11.06.2024 07:00 - 11.06.2024 08:00,105.93,EUR,
11.06.2024 08:00 - 11.06.2024 09:00,99.24,EUR,
11.06.2024 09:00 - 11.06.2024 10:00,84.93,EUR,
11.06.2024 10:00 - 11.06.2024 11:00,66.04,EUR,
11.06.2024 11:00 - 11.06.2024 12:00,68.1,EUR,
11.06.2024 12:00 - 11.06.2024 13:00,67.87,EUR,
11.06.2024 13:00 - 11.06.2024 14:00,59.11,EUR,
11.06.2024 14:00 - 11.06.2024 15:00,61.5,EUR,
11.06.2024 15:00 - 11.06.2024 16:00,76.35,EUR,
11.06.2024 16:00 - 11.06.2024 17:00,84.16,EUR,
11.06.2024 17:00 - 11.06.2024 18:00,95.78,EUR,
11.06.2024 18:00 - 11.06.2024 19:00,117.5,EUR,
11.06.2024 19:00 - 11.06.2024 20:00,159.84,EUR,
11.06.2024 20:00 - 11.06.2024 21:00,199.55,EUR,
11.06.2024 21:00 - 11.06.2024 22:00,179.97,EUR,
11.06.2024 22:00 - 11.06.2024 23:00,134.44,EUR,
11.06.2024 23:00 - 12.06.2024 00:00,96.58,EUR,
12.06.2024 00:00 - 12.06.2024 01:00,92.7,EUR,
12.06.2024 01:00 - 12.06.2024 02:00,89.74,EUR,
12.06.2024 02:00 - 12.06.2024 03:00,84.29,EUR,
12.06.2024 03:00 - 12.06.2024 04:00,89.64,EUR,
12.06.2024 04:00 - 12.06.2024 05:00,87.99,EUR,
12.06.2024 05:00 - 12.06.2024 06:00,94.93,EUR,
12.06.2024 06:00 - 12.06.2024 07:00,129.23,EUR,
12.06.2024 07:00 - 12.06.2024 08:00,133.88,EUR,
12.06.2024 08:00 - 12.06.2024 09:00,111.65,EUR,
12.06.2024 09:00 - 12.06.2024 10:00,81.72,EUR,
12.06.2024 10:00 - 12.06.2024 11:00,68.01,EUR,
12.06.2024 11:00 - 12.06.2024 12:00,73,EUR,
12.06.2024 12:00 - 12.06.2024 13:00,75.01,EUR,
12.06.2024 13:00 - 12.06.2024 14:00,65.12,EUR,
12.06.2024 14:00 - 12.06.2024 15:00,84.33,EUR,
12.06.2024 15:00 - 12.06.2024 16:00,91.25,EUR,
12.06.2024 16:00 - 12.06.2024 17:00,117.5,EUR,
12.06.2024 17:00 - 12.06.2024 18:00,149.55,EUR,
12.06.2024 18:00 - 12.06.2024 19:00,134.48,EUR,
12.06.2024 19:00 - 12.06.2024 20:00,173.4,EUR,
12.06.2024 20:00 - 12.06.2024 21:00,209.49,EUR,
12.06.2024 21:00 - 12.06.2024 22:00,165,EUR,
12.06.2024 22:00 - 12.06.2024 23:00,136.07,EUR,
12.06.2024 23:00 - 13.06.2024 00:00,105.69,EUR,
13.06.2024 00:00 - 13.06.2024 01:00,97.85,EUR,
13.06.2024 01:00 - 13.06.2024 02:00,95.16,EUR,
13.06.2024 02:00 - 13.06.2024 03:00,93.56,EUR,
13.06.2024 03:00 - 13.06.2024 04:00,91.32,EUR,
13.06.2024 04:00 - 13.06.2024 05:00,87.63,EUR,
13.06.2024 05:00 - 13.06.2024 06:00,94.73,EUR,
13.06.2024 06:00 - 13.06.2024 07:00,115.54,EUR,
13.06.2024 07:00 - 13.06.2024 08:00,126.24,EUR,
13.06.2024 08:00 - 13.06.2024 09:00,98.63,EUR,
13.06.2024 09:00 - 13.06.2024 10:00,87.21,EUR,
13.06.2024 10:00 - 13.06.2024 11:00,79.39,EUR,
13.06.2024 11:00 - 13.06.2024 12:00,72.07,EUR,
13.06.2024 12:00 - 13.06.2024 13:00,72.99,EUR,
13.06.2024 13:00 - 13.06.2024 14:00,75.09,EUR,
13.06.2024 14:00 - 13.06.2024 15:00,84.12,EUR,
13.06.2024 15:00 - 13.06.2024 16:00,86.14,EUR,
13.06.2024 16:00 - 13.06.2024 17:00,94.62,EUR,
13.06.2024 17:00 - 13.06.2024 18:00,98.93,EUR,
13.06.2024 18:00 - 13.06.2024 19:00,135.81,EUR,
13.06.2024 19:00 - 13.06.2024 20:00,173.43,EUR,
13.06.2024 20:00 - 13.06.2024 21:00,209.52,EUR,
13.06.2024 21:00 - 13.06.2024 22:00,171.78,EUR,
13.06.2024 22:00 - 13.06.2024 23:00,107.1,EUR,
13.06.2024 23:00 - 14.06.2024 00:00,89.99,EUR,
14.06.2024 00:00 - 14.06.2024 01:00,91,EUR,
14.06.2024 01:00 - 14.06.2024 02:00,77.53,EUR,
14.06.2024 02:00 - 14.06.2024 03:00,84.58,EUR,
14.06.2024 03:00 - 14.06.2024 04:00,77.25,EUR,
14.06.2024 04:00 - 14.06.2024 05:00,63.05,EUR,
14.06.2024 05:00 - 14.06.2024 06:00,65.98,EUR,
14.06.2024 06:00 - 14.06.2024 07:00,92,EUR,
14.06.2024 07:00 - 14.06.2024 08:00,94.14,EUR,
14.06.2024 08:00 - 14.06.2024 09:00,91.98,EUR,
14.06.2024 09:00 - 14.06.2024 10:00,76.69,EUR,
14.06.2024 10:00 - 14.06.2024 11:00,67.44,EUR,
14.06.2024 11:00 - 14.06.2024 12:00,63.95,EUR,
14.06.2024 12:00 - 14.06.2024 13:00,65.88,EUR,
14.06.2024 13:00 - 14.06.2024 14:00,50.27,EUR,
14.06.2024 14:00 - 14.06.2024 15:00,43.17,EUR,
14.06.2024 15:00 - 14.06.2024 16:00,66.79,EUR,
14.06.2024 16:00 - 14.06.2024 17:00,59.12,EUR,
14.06.2024 17:00 - 14.06.2024 18:00,77.49,EUR,
14.06.2024 18:00 - 14.06.2024 19:00,93.36,EUR,
14.06.2024 19:00 - 14.06.2024 20:00,133.32,EUR,
14.06.2024 20:00 - 14.06.2024 21:00,140.78,EUR,
14.06.2024 21:00 - 14.06.2024 22:00,111.7,EUR,
14.06.2024 22:00 - 14.06.2024 23:00,90.59,EUR,
14.06.2024 23:00 - 15.06.2024 00:00,86.51,EUR,
15.06.2024 00:00 - 15.06.2024 01:00,94.61,EUR,
15.06.2024 01:00 - 15.06.2024 02:00,92.2,EUR,
15.06.2024 02:00 - 15.06.2024 03:00,92.61,EUR,
15.06.2024 03:00 - 15.06.2024 04:00,91.59,EUR,
15.06.2024 04:00 - 15.06.2024 05:00,91.04,EUR,
15.06.2024 05:00 - 15.06.2024 06:00,83.87,EUR,
15.06.2024 06:00 - 15.06.2024 07:00,93.76,EUR,
15.06.2024 07:00 - 15.06.2024 08:00,92,EUR,
15.06.2024 08:00 - 15.06.2024 09:00,70.01,EUR,
15.06.2024 09:00 - 15.06.2024 10:00,79.65,EUR,
15.06.2024 10:00 - 15.06.2024 11:00,60,EUR,
15.06.2024 11:00 - 15.06.2024 12:00,60,EUR,
15.06.2024 12:00 - 15.06.2024 13:00,114.11,EUR,
15.06.2024 13:00 - 15.06.2024 14:00,114.04,EUR,
15.06.2024 14:00 - 15.06.2024 15:00,114.1,EUR,
15.06.2024 15:00 - 15.06.2024 16:00,114.02,EUR,
15.06.2024 16:00 - 15.06.2024 17:00,97.22,EUR,
15.06.2024 17:00 - 15.06.2024 18:00,87.99,EUR,
15.06.2024 18:00 - 15.06.2024 19:00,111.95,EUR,
15.06.2024 19:00 - 15.06.2024 20:00,148.44,EUR,
15.06.2024 20:00 - 15.06.2024 21:00,153.44,EUR,
15.06.2024 21:00 - 15.06.2024 22:00,150,EUR,
15.06.2024 22:00 - 15.06.2024 23:00,153.44,EUR,
15.06.2024 23:00 - 16.06.2024 00:00,93.21,EUR,
16.06.2024 00:00 - 16.06.2024 01:00,114.08,EUR,
16.06.2024 01:00 - 16.06.2024 02:00,121.43,EUR,
16.06.2024 02:00 - 16.06.2024 03:00,101.98,EUR,
16.06.2024 03:00 - 16.06.2024 04:00,96.92,EUR,
16.06.2024 04:00 - 16.06.2024 05:00,92.99,EUR,
16.06.2024 05:00 - 16.06.2024 06:00,90.41,EUR,
16.06.2024 06:00 - 16.06.2024 07:00,89.43,EUR,
16.06.2024 07:00 - 16.06.2024 08:00,83,EUR,
16.06.2024 08:00 - 16.06.2024 09:00,83,EUR,
16.06.2024 09:00 - 16.06.2024 10:00,82.99,EUR,
16.06.2024 10:00 - 16.06.2024 11:00,29.26,EUR,
16.06.2024 11:00 - 16.06.2024 12:00,10,EUR,
16.06.2024 12:00 - 16.06.2024 13:00,9.3,EUR,
16.06.2024 13:00 - 16.06.2024 14:00,4.89,EUR,
16.06.2024 14:00 - 16.06.2024 15:00,14.57,EUR,
16.06.2024 15:00 - 16.06.2024 16:00,114.02,EUR,
16.06.2024 16:00 - 16.06.2024 17:00,92,EUR,
16.06.2024 17:00 - 16.06.2024 18:00,76.88,EUR,
16.06.2024 18:00 - 16.06.2024 19:00,93.32,EUR,
16.06.2024 19:00 - 16.06.2024 20:00,156.41,EUR,
16.06.2024 20:00 - 16.06.2024 21:00,174.46,EUR,
16.06.2024 21:00 - 16.06.2024 22:00,180.46,EUR,
16.06.2024 22:00 - 16.06.2024 23:00,149.8,EUR,
16.06.2024 23:00 - 17.06.2024 00:00,99.47,EUR,
17.06.2024 00:00 - 17.06.2024 01:00,87.92,EUR,
17.06.2024 01:00 - 17.06.2024 02:00,84.98,EUR,
17.06.2024 02:00 - 17.06.2024 03:00,81.25,EUR,
17.06.2024 03:00 - 17.06.2024 04:00,83.99,EUR,
17.06.2024 04:00 - 17.06.2024 05:00,78.9,EUR,
17.06.2024 05:00 - 17.06.2024 06:00,91.09,EUR,
17.06.2024 06:00 - 17.06.2024 07:00,114.79,EUR,
17.06.2024 07:00 - 17.06.2024 08:00,127.6,EUR,
17.06.2024 08:00 - 17.06.2024 09:00,102.9,EUR,
17.06.2024 09:00 - 17.06.2024 10:00,82.86,EUR,
17.06.2024 10:00 - 17.06.2024 11:00,74.61,EUR,
17.06.2024 11:00 - 17.06.2024 12:00,72.99,EUR,
17.06.2024 12:00 - 17.06.2024 13:00,68.41,EUR,
17.06.2024 13:00 - 17.06.2024 14:00,73,EUR,
17.06.2024 14:00 - 17.06.2024 15:00,84.79,EUR,
17.06.2024 15:00 - 17.06.2024 16:00,88.94,EUR,
17.06.2024 16:00 - 17.06.2024 17:00,92.3,EUR,
17.06.2024 17:00 - 17.06.2024 18:00,95.88,EUR,
17.06.2024 18:00 - 17.06.2024 19:00,154.65,EUR,
17.06.2024 19:00 - 17.06.2024 20:00,249.97,EUR,
17.06.2024 20:00 - 17.06.2024 21:00,270.79,EUR,
17.06.2024 21:00 - 17.06.2024 22:00,252.32,EUR,
17.06.2024 22:00 - 17.06.2024 23:00,170.09,EUR,
17.06.2024 23:00 - 18.06.2024 00:00,132.37,EUR,
18.06.2024 00:00 - 18.06.2024 01:00,111.61,EUR,
18.06.2024 01:00 - 18.06.2024 02:00,99.11,EUR,
18.06.2024 02:00 - 18.06.2024 03:00,94.36,EUR,
18.06.2024 03:00 - 18.06.2024 04:00,92.09,EUR,
18.06.2024 04:00 - 18.06.2024 05:00,91.33,EUR,
18.06.2024 05:00 - 18.06.2024 06:00,95.48,EUR,
18.06.2024 06:00 - 18.06.2024 07:00,121.68,EUR,
18.06.2024 07:00 - 18.06.2024 08:00,124.25,EUR,
18.06.2024 08:00 - 18.06.2024 09:00,93.09,EUR,
18.06.2024 09:00 - 18.06.2024 10:00,71.52,EUR,
18.06.2024 10:00 - 18.06.2024 11:00,56.87,EUR,
18.06.2024 11:00 - 18.06.2024 12:00,59.12,EUR,
18.06.2024 12:00 - 18.06.2024 13:00,57.65,EUR,
18.06.2024 13:00 - 18.06.2024 14:00,56.94,EUR,
18.06.2024 14:00 - 18.06.2024 15:00,61.67,EUR,
18.06.2024 15:00 - 18.06.2024 16:00,76.79,EUR,
18.06.2024 16:00 - 18.06.2024 17:00,83.04,EUR,
18.06.2024 17:00 - 18.06.2024 18:00,97.23,EUR,
18.06.2024 18:00 - 18.06.2024 19:00,110.52,EUR,
18.06.2024 19:00 - 18.06.2024 20:00,189.52,EUR,
18.06.2024 20:00 - 18.06.2024 21:00,202.55,EUR,
18.06.2024 21:00 - 18.06.2024 22:00,150.99,EUR,
18.06.2024 22:00 - 18.06.2024 23:00,93.04,EUR,
18.06.2024 23:00 - 19.06.2024 00:00,94.48,EUR,
19.06.2024 00:00 - 19.06.2024 01:00,101,EUR,
19.06.2024 01:00 - 19.06.2024 02:00,97.86,EUR,
19.06.2024 02:00 - 19.06.2024 03:00,94.5,EUR,
19.06.2024 03:00 - 19.06.2024 04:00,92.77,EUR,
19.06.2024 04:00 - 19.06.2024 05:00,92.01,EUR,
19.06.2024 05:00 - 19.06.2024 06:00,94.19,EUR,
19.06.2024 06:00 - 19.06.2024 07:00,96.89,EUR,
19.06.2024 07:00 - 19.06.2024 08:00,95.45,EUR,
19.06.2024 08:00 - 19.06.2024 09:00,92.98,EUR,
19.06.2024 09:00 - 19.06.2024 10:00,87,EUR,
19.06.2024 10:00 - 19.06.2024 11:00,74.75,EUR,
19.06.2024 11:00 - 19.06.2024 12:00,72.99,EUR,
19.06.2024 12:00 - 19.06.2024 13:00,69,EUR,
19.06.2024 13:00 - 19.06.2024 14:00,40.04,EUR,
19.06.2024 14:00 - 19.06.2024 15:00,22.73,EUR,
19.06.2024 15:00 - 19.06.2024 16:00,63.81,EUR,
19.06.2024 16:00 - 19.06.2024 17:00,78.7,EUR,
19.06.2024 17:00 - 19.06.2024 18:00,96.02,EUR,
19.06.2024 18:00 - 19.06.2024 19:00,123.01,EUR,
19.06.2024 19:00 - 19.06.2024 20:00,169.38,EUR,
19.06.2024 20:00 - 19.06.2024 21:00,244.32,EUR,
19.06.2024 21:00 - 19.06.2024 22:00,159.72,EUR,
19.06.2024 22:00 - 19.06.2024 23:00,100.7,EUR,
19.06.2024 23:00 - 20.06.2024 00:00,98.77,EUR,
20.06.2024 00:00 - 20.06.2024 01:00,95.51,EUR,
20.06.2024 01:00 - 20.06.2024 02:00,90.85,EUR,
20.06.2024 02:00 - 20.06.2024 03:00,88.09,EUR,
20.06.2024 03:00 - 20.06.2024 04:00,85.1,EUR,
20.06.2024 04:00 - 20.06.2024 05:00,85.79,EUR,
20.06.2024 05:00 - 20.06.2024 06:00,92.23,EUR,
20.06.2024 06:00 - 20.06.2024 07:00,113.47,EUR,
20.06.2024 07:00 - 20.06.2024 08:00,97.49,EUR,
20.06.2024 08:00 - 20.06.2024 09:00,94.79,EUR,
20.06.2024 09:00 - 20.06.2024 10:00,73,EUR,
20.06.2024 10:00 - 20.06.2024 11:00,72.99,EUR,
20.06.2024 11:00 - 20.06.2024 12:00,70,EUR,
20.06.2024 12:00 - 20.06.2024 13:00,80.69,EUR,
20.06.2024 13:00 - 20.06.2024 14:00,81.17,EUR,
20.06.2024 14:00 - 20.06.2024 15:00,86.83,EUR,
20.06.2024 15:00 - 20.06.2024 16:00,86.03,EUR,
20.06.2024 16:00 - 20.06.2024 17:00,100.26,EUR,
20.06.2024 17:00 - 20.06.2024 18:00,97.69,EUR,
20.06.2024 18:00 - 20.06.2024 19:00,128.52,EUR,
20.06.2024 19:00 - 20.06.2024 20:00,190.56,EUR,
20.06.2024 20:00 - 20.06.2024 21:00,204.14,EUR,
20.06.2024 21:00 - 20.06.2024 22:00,175.66,EUR,
20.06.2024 22:00 - 20.06.2024 23:00,106.13,EUR,
20.06.2024 23:00 - 21.06.2024 00:00,100.87,EUR,
21.06.2024 00:00 - 21.06.2024 01:00,105.16,EUR,
21.06.2024 01:00 - 21.06.2024 02:00,94.68,EUR,
21.06.2024 02:00 - 21.06.2024 03:00,89.95,EUR,
21.06.2024 03:00 - 21.06.2024 04:00,87.99,EUR,
21.06.2024 04:00 - 21.06.2024 05:00,88.68,EUR,
21.06.2024 05:00 - 21.06.2024 06:00,91.6,EUR,
21.06.2024 06:00 - 21.06.2024 07:00,111.7,EUR,
21.06.2024 07:00 - 21.06.2024 08:00,97.13,EUR,
21.06.2024 08:00 - 21.06.2024 09:00,96.43,EUR,
21.06.2024 09:00 - 21.06.2024 10:00,93.93,EUR,
21.06.2024 10:00 - 21.06.2024 11:00,75.82,EUR,
21.06.2024 11:00 - 21.06.2024 12:00,72.99,EUR,
21.06.2024 12:00 - 21.06.2024 13:00,75,EUR,
21.06.2024 13:00 - 21.06.2024 14:00,89.94,EUR,
21.06.2024 14:00 - 21.06.2024 15:00,87.68,EUR,
21.06.2024 15:00 - 21.06.2024 16:00,87.31,EUR,
21.06.2024 16:00 - 21.06.2024 17:00,95.53,EUR,
21.06.2024 17:00 - 21.06.2024 18:00,97.25,EUR,
21.06.2024 18:00 - 21.06.2024 19:00,153.16,EUR,
21.06.2024 19:00 - 21.06.2024 20:00,212.31,EUR,
21.06.2024 20:00 - 21.06.2024 21:00,242.29,EUR,
21.06.2024 21:00 - 21.06.2024 22:00,201.47,EUR,
21.06.2024 22:00 - 21.06.2024 23:00,148.24,EUR,
21.06.2024 23:00 - 22.06.2024 00:00,131.07,EUR,
22.06.2024 00:00 - 22.06.2024 01:00,96.71,EUR,
22.06.2024 01:00 - 22.06.2024 02:00,93.52,EUR,
22.06.2024 02:00 - 22.06.2024 03:00,91.13,EUR,
22.06.2024 03:00 - 22.06.2024 04:00,90.42,EUR,
22.06.2024 04:00 - 22.06.2024 05:00,80.72,EUR,
22.06.2024 05:00 - 22.06.2024 06:00,83.01,EUR,
22.06.2024 06:00 - 22.06.2024 07:00,72.18,EUR,
22.06.2024 07:00 - 22.06.2024 08:00,49.46,EUR,
22.06.2024 08:00 - 22.06.2024 09:00,53.64,EUR,
22.06.2024 09:00 - 22.06.2024 10:00,34.65,EUR,
22.06.2024 10:00 - 22.06.2024 11:00,12.55,EUR,
22.06.2024 11:00 - 22.06.2024 12:00,7.64,EUR,
22.06.2024 12:00 - 22.06.2024 13:00,15,EUR,
22.06.2024 13:00 - 22.06.2024 14:00,30.15,EUR,
22.06.2024 14:00 - 22.06.2024 15:00,69.67,EUR,
22.06.2024 15:00 - 22.06.2024 16:00,94.78,EUR,
22.06.2024 16:00 - 22.06.2024 17:00,90.42,EUR,
22.06.2024 17:00 - 22.06.2024 18:00,95.22,EUR,
22.06.2024 18:00 - 22.06.2024 19:00,167.66,EUR,
22.06.2024 19:00 - 22.06.2024 20:00,188.43,EUR,
22.06.2024 20:00 - 22.06.2024 21:00,205.86,EUR,
22.06.2024 21:00 - 22.06.2024 22:00,146.89,EUR,
22.06.2024 22:00 - 22.06.2024 23:00,119.74,EUR,
22.06.2024 23:00 - 23.06.2024 00:00,96.05,EUR,
23.06.2024 00:00 - 23.06.2024 01:00,96.65,EUR,
23.06.2024 01:00 - 23.06.2024 02:00,87.09,EUR,
23.06.2024 02:00 - 23.06.2024 03:00,82.87,EUR,
23.06.2024 03:00 - 23.06.2024 04:00,83.14,EUR,
23.06.2024 04:00 - 23.06.2024 05:00,80.89,EUR,
23.06.2024 05:00 - 23.06.2024 06:00,90.41,EUR,
23.06.2024 06:00 - 23.06.2024 07:00,80.89,EUR,
23.06.2024 07:00 - 23.06.2024 08:00,81.62,EUR,
23.06.2024 08:00 - 23.06.2024 09:00,77.75,EUR,
23.06.2024 09:00 - 23.06.2024 10:00,30,EUR,
23.06.2024 10:00 - 23.06.2024 11:00,30,EUR,
23.06.2024 11:00 - 23.06.2024 12:00,30,EUR,
23.06.2024 12:00 - 23.06.2024 13:00,55,EUR,
23.06.2024 13:00 - 23.06.2024 14:00,55,EUR,
23.06.2024 14:00 - 23.06.2024 15:00,148.38,EUR,
23.06.2024 15:00 - 23.06.2024 16:00,158.38,EUR,
23.06.2024 16:00 - 23.06.2024 17:00,92.12,EUR,
23.06.2024 17:00 - 23.06.2024 18:00,99,EUR,
23.06.2024 18:00 - 23.06.2024 19:00,103.48,EUR,
23.06.2024 19:00 - 23.06.2024 20:00,125.44,EUR,
23.06.2024 20:00 - 23.06.2024 21:00,186.36,EUR,
23.06.2024 21:00 - 23.06.2024 22:00,183.41,EUR,
23.06.2024 22:00 - 23.06.2024 23:00,149.04,EUR,
23.06.2024 23:00 - 24.06.2024 00:00,111.27,EUR,
24.06.2024 00:00 - 24.06.2024 01:00,109.02,EUR,
24.06.2024 01:00 - 24.06.2024 02:00,107.52,EUR,
24.06.2024 02:00 - 24.06.2024 03:00,101.78,EUR,
24.06.2024 03:00 - 24.06.2024 04:00,95.53,EUR,
24.06.2024 04:00 - 24.06.2024 05:00,93.87,EUR,
24.06.2024 05:00 - 24.06.2024 06:00,97.1,EUR,
24.06.2024 06:00 - 24.06.2024 07:00,110.58,EUR,
24.06.2024 07:00 - 24.06.2024 08:00,112.86,EUR,
24.06.2024 08:00 - 24.06.2024 09:00,110.89,EUR,
24.06.2024 09:00 - 24.06.2024 10:00,92.18,EUR,
24.06.2024 10:00 - 24.06.2024 11:00,79.99,EUR,
24.06.2024 11:00 - 24.06.2024 12:00,72.99,EUR,
24.06.2024 12:00 - 24.06.2024 13:00,73.14,EUR,
24.06.2024 13:00 - 24.06.2024 14:00,90.3,EUR,
24.06.2024 14:00 - 24.06.2024 15:00,97.48,EUR,
24.06.2024 15:00 - 24.06.2024 16:00,108.68,EUR,
24.06.2024 16:00 - 24.06.2024 17:00,117.51,EUR,
24.06.2024 17:00 - 24.06.2024 18:00,110.83,EUR,
24.06.2024 18:00 - 24.06.2024 19:00,147.79,EUR,
24.06.2024 19:00 - 24.06.2024 20:00,229.9,EUR,
24.06.2024 20:00 - 24.06.2024 21:00,300,EUR,
24.06.2024 21:00 - 24.06.2024 22:00,264.38,EUR,
24.06.2024 22:00 - 24.06.2024 23:00,154.01,EUR,
24.06.2024 23:00 - 25.06.2024 00:00,115.38,EUR,
25.06.2024 00:00 - 25.06.2024 01:00,147.65,EUR,
25.06.2024 01:00 - 25.06.2024 02:00,119.33,EUR,
25.06.2024 02:00 - 25.06.2024 03:00,110.21,EUR,
25.06.2024 03:00 - 25.06.2024 04:00,107.52,EUR,
25.06.2024 04:00 - 25.06.2024 05:00,105.73,EUR,
25.06.2024 05:00 - 25.06.2024 06:00,107.52,EUR,
25.06.2024 06:00 - 25.06.2024 07:00,114.8,EUR,
25.06.2024 07:00 - 25.06.2024 08:00,134.94,EUR,
25.06.2024 08:00 - 25.06.2024 09:00,111.01,EUR,
25.06.2024 09:00 - 25.06.2024 10:00,90.41,EUR,
25.06.2024 10:00 - 25.06.2024 11:00,78.61,EUR,
25.06.2024 11:00 - 25.06.2024 12:00,78.56,EUR,
25.06.2024 12:00 - 25.06.2024 13:00,86.02,EUR,
25.06.2024 13:00 - 25.06.2024 14:00,90.1,EUR,
25.06.2024 14:00 - 25.06.2024 15:00,108.96,EUR,
25.06.2024 15:00 - 25.06.2024 16:00,110.28,EUR,
25.06.2024 16:00 - 25.06.2024 17:00,151.33,EUR,
25.06.2024 17:00 - 25.06.2024 18:00,113.63,EUR,
25.06.2024 18:00 - 25.06.2024 19:00,166.99,EUR,
25.06.2024 19:00 - 25.06.2024 20:00,320,EUR,
25.06.2024 20:00 - 25.06.2024 21:00,300,EUR,
25.06.2024 21:00 - 25.06.2024 22:00,186.62,EUR,
25.06.2024 22:00 - 25.06.2024 23:00,112.54,EUR,
25.06.2024 23:00 - 26.06.2024 00:00,109,EUR,
26.06.2024 00:00 - 26.06.2024 01:00,109.03,EUR,
26.06.2024 01:00 - 26.06.2024 02:00,100.94,EUR,
26.06.2024 02:00 - 26.06.2024 03:00,95.32,EUR,
26.06.2024 03:00 - 26.06.2024 04:00,95.46,EUR,
26.06.2024 04:00 - 26.06.2024 05:00,92.34,EUR,
26.06.2024 05:00 - 26.06.2024 06:00,98.7,EUR,
26.06.2024 06:00 - 26.06.2024 07:00,110.2,EUR,
26.06.2024 07:00 - 26.06.2024 08:00,130,EUR,
26.06.2024 08:00 - 26.06.2024 09:00,121.1,EUR,
26.06.2024 09:00 - 26.06.2024 10:00,101.76,EUR,
26.06.2024 10:00 - 26.06.2024 11:00,96.54,EUR,
26.06.2024 11:00 - 26.06.2024 12:00,93.42,EUR,
26.06.2024 12:00 - 26.06.2024 13:00,84.02,EUR,
26.06.2024 13:00 - 26.06.2024 14:00,82.44,EUR,
26.06.2024 14:00 - 26.06.2024 15:00,85.2,EUR,
26.06.2024 15:00 - 26.06.2024 16:00,93,EUR,
26.06.2024 16:00 - 26.06.2024 17:00,104,EUR,
26.06.2024 17:00 - 26.06.2024 18:00,108.59,EUR,
26.06.2024 18:00 - 26.06.2024 19:00,183.21,EUR,
26.06.2024 19:00 - 26.06.2024 20:00,278.57,EUR,
26.06.2024 20:00 - 26.06.2024 21:00,319.29,EUR,
26.06.2024 21:00 - 26.06.2024 22:00,193.14,EUR,
26.06.2024 22:00 - 26.06.2024 23:00,119.11,EUR,
26.06.2024 23:00 - 27.06.2024 00:00,110,EUR,
27.06.2024 00:00 - 27.06.2024 01:00,96,EUR,
27.06.2024 01:00 - 27.06.2024 02:00,97.24,EUR,
27.06.2024 02:00 - 27.06.2024 03:00,102.19,EUR,
27.06.2024 03:00 - 27.06.2024 04:00,106.95,EUR,
27.06.2024 04:00 - 27.06.2024 05:00,97.32,EUR,
27.06.2024 05:00 - 27.06.2024 06:00,107.75,EUR,
27.06.2024 06:00 - 27.06.2024 07:00,114.15,EUR,
27.06.2024 07:00 - 27.06.2024 08:00,123.82,EUR,
27.06.2024 08:00 - 27.06.2024 09:00,115,EUR,
27.06.2024 09:00 - 27.06.2024 10:00,89.47,EUR,
27.06.2024 10:00 - 27.06.2024 11:00,86.52,EUR,
27.06.2024 11:00 - 27.06.2024 12:00,82.14,EUR,
27.06.2024 12:00 - 27.06.2024 13:00,80,EUR,
27.06.2024 13:00 - 27.06.2024 14:00,80.2,EUR,
27.06.2024 14:00 - 27.06.2024 15:00,83.6,EUR,
27.06.2024 15:00 - 27.06.2024 16:00,91.06,EUR,
27.06.2024 16:00 - 27.06.2024 17:00,102.26,EUR,
27.06.2024 17:00 - 27.06.2024 18:00,104,EUR,
27.06.2024 18:00 - 27.06.2024 19:00,122.01,EUR,
27.06.2024 19:00 - 27.06.2024 20:00,265.93,EUR,
27.06.2024 20:00 - 27.06.2024 21:00,324.95,EUR,
27.06.2024 21:00 - 27.06.2024 22:00,252.91,EUR,
27.06.2024 22:00 - 27.06.2024 23:00,145.92,EUR,
27.06.2024 23:00 - 28.06.2024 00:00,110.56,EUR,
28.06.2024 00:00 - 28.06.2024 01:00,110,EUR,
28.06.2024 01:00 - 28.06.2024 02:00,106.58,EUR,
28.06.2024 02:00 - 28.06.2024 03:00,95.38,EUR,
28.06.2024 03:00 - 28.06.2024 04:00,96.18,EUR,
28.06.2024 04:00 - 28.06.2024 05:00,92.83,EUR,
28.06.2024 05:00 - 28.06.2024 06:00,95.5,EUR,
28.06.2024 06:00 - 28.06.2024 07:00,117.24,EUR,
28.06.2024 07:00 - 28.06.2024 08:00,122,EUR,
28.06.2024 08:00 - 28.06.2024 09:00,84.52,EUR,
28.06.2024 09:00 - 28.06.2024 10:00,63.37,EUR,
28.06.2024 10:00 - 28.06.2024 11:00,59.11,EUR,
28.06.2024 11:00 - 28.06.2024 12:00,45.98,EUR,
28.06.2024 12:00 - 28.06.2024 13:00,60.28,EUR,
28.06.2024 13:00 - 28.06.2024 14:00,75.01,EUR,
28.06.2024 14:00 - 28.06.2024 15:00,90.81,EUR,
28.06.2024 15:00 - 28.06.2024 16:00,99.32,EUR,
28.06.2024 16:00 - 28.06.2024 17:00,106.09,EUR,
28.06.2024 17:00 - 28.06.2024 18:00,109.71,EUR,
28.06.2024 18:00 - 28.06.2024 19:00,108.61,EUR,
28.06.2024 19:00 - 28.06.2024 20:00,138.56,EUR,
28.06.2024 20:00 - 28.06.2024 21:00,150.93,EUR,
28.06.2024 21:00 - 28.06.2024 22:00,130.97,EUR,
28.06.2024 22:00 - 28.06.2024 23:00,115,EUR,
28.06.2024 23:00 - 29.06.2024 00:00,108.55,EUR,
29.06.2024 00:00 - 29.06.2024 01:00,109.59,EUR,
29.06.2024 01:00 - 29.06.2024 02:00,109.08,EUR,
29.06.2024 02:00 - 29.06.2024 03:00,104.65,EUR,
29.06.2024 03:00 - 29.06.2024 04:00,95.97,EUR,
29.06.2024 04:00 - 29.06.2024 05:00,96.07,EUR,
29.06.2024 05:00 - 29.06.2024 06:00,90.69,EUR,
29.06.2024 06:00 - 29.06.2024 07:00,85.31,EUR,
29.06.2024 07:00 - 29.06.2024 08:00,78.75,EUR,
29.06.2024 08:00 - 29.06.2024 09:00,63.82,EUR,
29.06.2024 09:00 - 29.06.2024 10:00,29.58,EUR,
29.06.2024 10:00 - 29.06.2024 11:00,5.04,EUR,
29.06.2024 11:00 - 29.06.2024 12:00,1.04,EUR,
29.06.2024 12:00 - 29.06.2024 13:00,5.12,EUR,
29.06.2024 13:00 - 29.06.2024 14:00,5.33,EUR,
29.06.2024 14:00 - 29.06.2024 15:00,7.66,EUR,
29.06.2024 15:00 - 29.06.2024 16:00,39.79,EUR,
29.06.2024 16:00 - 29.06.2024 17:00,90.42,EUR,
29.06.2024 17:00 - 29.06.2024 18:00,94.93,EUR,
29.06.2024 18:00 - 29.06.2024 19:00,109.4,EUR,
29.06.2024 19:00 - 29.06.2024 20:00,147.84,EUR,
29.06.2024 20:00 - 29.06.2024 21:00,157.59,EUR,
29.06.2024 21:00 - 29.06.2024 22:00,150.42,EUR,
29.06.2024 22:00 - 29.06.2024 23:00,127.86,EUR,
29.06.2024 23:00 - 30.06.2024 00:00,93.75,EUR,
30.06.2024 00:00 - 30.06.2024 01:00,95.11,EUR,
30.06.2024 01:00 - 30.06.2024 02:00,93.57,EUR,
30.06.2024 02:00 - 30.06.2024 03:00,79.12,EUR,
30.06.2024 03:00 - 30.06.2024 04:00,80.54,EUR,
30.06.2024 04:00 - 30.06.2024 05:00,61.09,EUR,
30.06.2024 05:00 - 30.06.2024 06:00,49.05,EUR,
30.06.2024 06:00 - 30.06.2024 07:00,46.03,EUR,
30.06.2024 07:00 - 30.06.2024 08:00,19.46,EUR,
30.06.2024 08:00 - 30.06.2024 09:00,6.83,EUR,
30.06.2024 09:00 - 30.06.2024 10:00,0.82,EUR,
30.06.2024 10:00 - 30.06.2024 11:00,0.04,EUR,
30.06.2024 11:00 - 30.06.2024 12:00,0.04,EUR,
30.06.2024 12:00 - 30.06.2024 13:00,0.04,EUR,
30.06.2024 13:00 - 30.06.2024 14:00,0.04,EUR,
30.06.2024 14:00 - 30.06.2024 15:00,0.04,EUR,
30.06.2024 15:00 - 30.06.2024 16:00,1.01,EUR,
30.06.2024 16:00 - 30.06.2024 17:00,5.33,EUR,
30.06.2024 17:00 - 30.06.2024 18:00,60.28,EUR,
30.06.2024 18:00 - 30.06.2024 19:00,102.03,EUR,
30.06.2024 19:00 - 30.06.2024 20:00,121.03,EUR,
30.06.2024 20:00 - 30.06.2024 21:00,140.64,EUR,
30.06.2024 21:00 - 30.06.2024 22:00,129.5,EUR,
30.06.2024 22:00 - 30.06.2024 23:00,109.08,EUR,
30.06.2024 23:00 - 01.07.2024 00:00,102.09,EUR,
01.07.2024 00:00 - 01.07.2024 01:00,97.77,EUR,
01.07.2024 01:00 - 01.07.2024 02:00,90,EUR,
01.07.2024 02:00 - 01.07.2024 03:00,86.07,EUR,
01.07.2024 03:00 - 01.07.2024 04:00,90,EUR,
01.07.2024 04:00 - 01.07.2024 05:00,92.53,EUR,
01.07.2024 05:00 - 01.07.2024 06:00,104,EUR,
01.07.2024 06:00 - 01.07.2024 07:00,140.25,EUR,
01.07.2024 07:00 - 01.07.2024 08:00,145.89,EUR,
01.07.2024 08:00 - 01.07.2024 09:00,140.62,EUR,
01.07.2024 09:00 - 01.07.2024 10:00,114.12,EUR,
01.07.2024 10:00 - 01.07.2024 11:00,104.58,EUR,
01.07.2024 11:00 - 01.07.2024 12:00,91.34,EUR,
01.07.2024 12:00 - 01.07.2024 13:00,85,EUR,
01.07.2024 13:00 - 01.07.2024 14:00,88.49,EUR,
01.07.2024 14:00 - 01.07.2024 15:00,89.02,EUR,
01.07.2024 15:00 - 01.07.2024 16:00,111.91,EUR,
01.07.2024 16:00 - 01.07.2024 17:00,135.67,EUR,
01.07.2024 17:00 - 01.07.2024 18:00,195.31,EUR,
01.07.2024 18:00 - 01.07.2024 19:00,222.16,EUR,
01.07.2024 19:00 - 01.07.2024 20:00,298.1,EUR,
01.07.2024 20:00 - 01.07.2024 21:00,364.74,EUR,
01.07.2024 21:00 - 01.07.2024 22:00,287.18,EUR,
01.07.2024 22:00 - 01.07.2024 23:00,202.02,EUR,
01.07.2024 23:00 - 02.07.2024 00:00,191.94,EUR,
02.07.2024 00:00 - 02.07.2024 01:00,107.2,EUR,
02.07.2024 01:00 - 02.07.2024 02:00,106.91,EUR,
02.07.2024 02:00 - 02.07.2024 03:00,99.84,EUR,
02.07.2024 03:00 - 02.07.2024 04:00,95.52,EUR,
02.07.2024 04:00 - 02.07.2024 05:00,95.23,EUR,
02.07.2024 05:00 - 02.07.2024 06:00,100.56,EUR,
02.07.2024 06:00 - 02.07.2024 07:00,122.79,EUR,
02.07.2024 07:00 - 02.07.2024 08:00,111.33,EUR,
02.07.2024 08:00 - 02.07.2024 09:00,107.43,EUR,
02.07.2024 09:00 - 02.07.2024 10:00,98.59,EUR,
02.07.2024 10:00 - 02.07.2024 11:00,86.83,EUR,
02.07.2024 11:00 - 02.07.2024 12:00,87.3,EUR,
02.07.2024 12:00 - 02.07.2024 13:00,87.62,EUR,
02.07.2024 13:00 - 02.07.2024 14:00,87.23,EUR,
02.07.2024 14:00 - 02.07.2024 15:00,90,EUR,
02.07.2024 15:00 - 02.07.2024 16:00,98.22,EUR,
02.07.2024 16:00 - 02.07.2024 17:00,103,EUR,
02.07.2024 17:00 - 02.07.2024 18:00,105.11,EUR,
02.07.2024 18:00 - 02.07.2024 19:00,107.81,EUR,
02.07.2024 19:00 - 02.07.2024 20:00,130.15,EUR,
02.07.2024 20:00 - 02.07.2024 21:00,171.24,EUR,
02.07.2024 21:00 - 02.07.2024 22:00,120.19,EUR,
02.07.2024 22:00 - 02.07.2024 23:00,114.05,EUR,
02.07.2024 23:00 - 03.07.2024 00:00,106.91,EUR,
03.07.2024 00:00 - 03.07.2024 01:00,100.1,EUR,
03.07.2024 01:00 - 03.07.2024 02:00,97.46,EUR,
03.07.2024 02:00 - 03.07.2024 03:00,93.32,EUR,
03.07.2024 03:00 - 03.07.2024 04:00,93.79,EUR,
03.07.2024 04:00 - 03.07.2024 05:00,95,EUR,
03.07.2024 05:00 - 03.07.2024 06:00,99.05,EUR,
03.07.2024 06:00 - 03.07.2024 07:00,110.43,EUR,
03.07.2024 07:00 - 03.07.2024 08:00,121.29,EUR,
03.07.2024 08:00 - 03.07.2024 09:00,128.43,EUR,
03.07.2024 09:00 - 03.07.2024 10:00,99.23,EUR,
03.07.2024 10:00 - 03.07.2024 11:00,99.61,EUR,
03.07.2024 11:00 - 03.07.2024 12:00,99.04,EUR,
03.07.2024 12:00 - 03.07.2024 13:00,97.92,EUR,
03.07.2024 13:00 - 03.07.2024 14:00,97.95,EUR,
03.07.2024 14:00 - 03.07.2024 15:00,99.05,EUR,
03.07.2024 15:00 - 03.07.2024 16:00,124,EUR,
03.07.2024 16:00 - 03.07.2024 17:00,130,EUR,
03.07.2024 17:00 - 03.07.2024 18:00,115.03,EUR,
03.07.2024 18:00 - 03.07.2024 19:00,129.22,EUR,
03.07.2024 19:00 - 03.07.2024 20:00,160.09,EUR,
03.07.2024 20:00 - 03.07.2024 21:00,212.57,EUR,
03.07.2024 21:00 - 03.07.2024 22:00,168.8,EUR,
03.07.2024 22:00 - 03.07.2024 23:00,127.82,EUR,
03.07.2024 23:00 - 04.07.2024 00:00,107.62,EUR,
04.07.2024 00:00 - 04.07.2024 01:00,109.3,EUR,
04.07.2024 01:00 - 04.07.2024 02:00,99.04,EUR,
04.07.2024 02:00 - 04.07.2024 03:00,99.05,EUR,
04.07.2024 03:00 - 04.07.2024 04:00,99.05,EUR,
04.07.2024 04:00 - 04.07.2024 05:00,99.05,EUR,
04.07.2024 05:00 - 04.07.2024 06:00,100.71,EUR,
04.07.2024 06:00 - 04.07.2024 07:00,113.94,EUR,
04.07.2024 07:00 - 04.07.2024 08:00,123.52,EUR,
04.07.2024 08:00 - 04.07.2024 09:00,120,EUR,
04.07.2024 09:00 - 04.07.2024 10:00,119.18,EUR,
04.07.2024 10:00 - 04.07.2024 11:00,99.05,EUR,
04.07.2024 11:00 - 04.07.2024 12:00,99.04,EUR,
04.07.2024 12:00 - 04.07.2024 13:00,90.6,EUR,
04.07.2024 13:00 - 04.07.2024 14:00,91.52,EUR,
04.07.2024 14:00 - 04.07.2024 15:00,97.5,EUR,
04.07.2024 15:00 - 04.07.2024 16:00,130.42,EUR,
04.07.2024 16:00 - 04.07.2024 17:00,131.78,EUR,
04.07.2024 17:00 - 04.07.2024 18:00,111,EUR,
04.07.2024 18:00 - 04.07.2024 19:00,131.96,EUR,
04.07.2024 19:00 - 04.07.2024 20:00,131.7,EUR,
04.07.2024 20:00 - 04.07.2024 21:00,147.17,EUR,
04.07.2024 21:00 - 04.07.2024 22:00,139.11,EUR,
04.07.2024 22:00 - 04.07.2024 23:00,110.78,EUR,
04.07.2024 23:00 - 05.07.2024 00:00,99.05,EUR,
05.07.2024 00:00 - 05.07.2024 01:00,114.87,EUR,
05.07.2024 01:00 - 05.07.2024 02:00,96.76,EUR,
05.07.2024 02:00 - 05.07.2024 03:00,91.88,EUR,
05.07.2024 03:00 - 05.07.2024 04:00,90.41,EUR,
05.07.2024 04:00 - 05.07.2024 05:00,91.85,EUR,
05.07.2024 05:00 - 05.07.2024 06:00,96.28,EUR,
05.07.2024 06:00 - 05.07.2024 07:00,104.56,EUR,
05.07.2024 07:00 - 05.07.2024 08:00,97.26,EUR,
05.07.2024 08:00 - 05.07.2024 09:00,58.91,EUR,
05.07.2024 09:00 - 05.07.2024 10:00,25,EUR,
05.07.2024 10:00 - 05.07.2024 11:00,10.05,EUR,
05.07.2024 11:00 - 05.07.2024 12:00,15,EUR,
05.07.2024 12:00 - 05.07.2024 13:00,43.96,EUR,
05.07.2024 13:00 - 05.07.2024 14:00,55,EUR,
05.07.2024 14:00 - 05.07.2024 15:00,59.62,EUR,
05.07.2024 15:00 - 05.07.2024 16:00,84.75,EUR,
05.07.2024 16:00 - 05.07.2024 17:00,89.67,EUR,
05.07.2024 17:00 - 05.07.2024 18:00,90.41,EUR,
05.07.2024 18:00 - 05.07.2024 19:00,109.45,EUR,
05.07.2024 19:00 - 05.07.2024 20:00,144.45,EUR,
05.07.2024 20:00 - 05.07.2024 21:00,199.65,EUR,
05.07.2024 21:00 - 05.07.2024 22:00,162.83,EUR,
05.07.2024 22:00 - 05.07.2024 23:00,130.5,EUR,
05.07.2024 23:00 - 06.07.2024 00:00,109.16,EUR,
06.07.2024 00:00 - 06.07.2024 01:00,126.43,EUR,
06.07.2024 01:00 - 06.07.2024 02:00,118.13,EUR,
06.07.2024 02:00 - 06.07.2024 03:00,107.98,EUR,
06.07.2024 03:00 - 06.07.2024 04:00,105.1,EUR,
06.07.2024 04:00 - 06.07.2024 05:00,99.04,EUR,
06.07.2024 05:00 - 06.07.2024 06:00,97.63,EUR,
06.07.2024 06:00 - 06.07.2024 07:00,90.41,EUR,
06.07.2024 07:00 - 06.07.2024 08:00,90.41,EUR,
06.07.2024 08:00 - 06.07.2024 09:00,104.66,EUR,
06.07.2024 09:00 - 06.07.2024 10:00,89.96,EUR,
06.07.2024 10:00 - 06.07.2024 11:00,42.5,EUR,
06.07.2024 11:00 - 06.07.2024 12:00,25,EUR,
06.07.2024 12:00 - 06.07.2024 13:00,20,EUR,
06.07.2024 13:00 - 06.07.2024 14:00,20,EUR,
06.07.2024 14:00 - 06.07.2024 15:00,25,EUR,
06.07.2024 15:00 - 06.07.2024 16:00,57.19,EUR,
06.07.2024 16:00 - 06.07.2024 17:00,97.21,EUR,
06.07.2024 17:00 - 06.07.2024 18:00,97.39,EUR,
06.07.2024 18:00 - 06.07.2024 19:00,104.57,EUR,
06.07.2024 19:00 - 06.07.2024 20:00,128.99,EUR,
06.07.2024 20:00 - 06.07.2024 21:00,139.34,EUR,
06.07.2024 21:00 - 06.07.2024 22:00,132.58,EUR,
06.07.2024 22:00 - 06.07.2024 23:00,112.85,EUR,
06.07.2024 23:00 - 07.07.2024 00:00,106,EUR,
07.07.2024 00:00 - 07.07.2024 01:00,100.15,EUR,
07.07.2024 01:00 - 07.07.2024 02:00,99.32,EUR,
07.07.2024 02:00 - 07.07.2024 03:00,98.54,EUR,
07.07.2024 03:00 - 07.07.2024 04:00,94.32,EUR,
07.07.2024 04:00 - 07.07.2024 05:00,79.37,EUR,
07.07.2024 05:00 - 07.07.2024 06:00,54.47,EUR,
07.07.2024 06:00 - 07.07.2024 07:00,29.94,EUR,
07.07.2024 07:00 - 07.07.2024 08:00,7,EUR,
07.07.2024 08:00 - 07.07.2024 09:00,1.08,EUR,
07.07.2024 09:00 - 07.07.2024 10:00,0.04,EUR,
07.07.2024 10:00 - 07.07.2024 11:00,0.04,EUR,
07.07.2024 11:00 - 07.07.2024 12:00,0.04,EUR,
07.07.2024 12:00 - 07.07.2024 13:00,0.04,EUR,
07.07.2024 13:00 - 07.07.2024 14:00,0.04,EUR,
07.07.2024 14:00 - 07.07.2024 15:00,0.05,EUR,
07.07.2024 15:00 - 07.07.2024 16:00,7.67,EUR,
07.07.2024 16:00 - 07.07.2024 17:00,45.97,EUR,
07.07.2024 17:00 - 07.07.2024 18:00,88.54,EUR,
07.07.2024 18:00 - 07.07.2024 19:00,108.7,EUR,
07.07.2024 19:00 - 07.07.2024 20:00,156.75,EUR,
07.07.2024 20:00 - 07.07.2024 21:00,175,EUR,
07.07.2024 21:00 - 07.07.2024 22:00,160,EUR,
07.07.2024 22:00 - 07.07.2024 23:00,131.07,EUR,
07.07.2024 23:00 - 08.07.2024 00:00,114,EUR,
08.07.2024 00:00 - 08.07.2024 01:00,99.04,EUR,
08.07.2024 01:00 - 08.07.2024 02:00,91.15,EUR,
08.07.2024 02:00 - 08.07.2024 03:00,85.99,EUR,
08.07.2024 03:00 - 08.07.2024 04:00,78.65,EUR,
08.07.2024 04:00 - 08.07.2024 05:00,81.74,EUR,
08.07.2024 05:00 - 08.07.2024 06:00,87.5,EUR,
08.07.2024 06:00 - 08.07.2024 07:00,127.48,EUR,
08.07.2024 07:00 - 08.07.2024 08:00,129.21,EUR,
08.07.2024 08:00 - 08.07.2024 09:00,102.03,EUR,
08.07.2024 09:00 - 08.07.2024 10:00,84.71,EUR,
08.07.2024 10:00 - 08.07.2024 11:00,61.8,EUR,
08.07.2024 11:00 - 08.07.2024 12:00,65.64,EUR,
08.07.2024 12:00 - 08.07.2024 13:00,70.56,EUR,
08.07.2024 13:00 - 08.07.2024 14:00,67.33,EUR,
08.07.2024 14:00 - 08.07.2024 15:00,70.56,EUR,
08.07.2024 15:00 - 08.07.2024 16:00,90.41,EUR,
08.07.2024 16:00 - 08.07.2024 17:00,101.72,EUR,
08.07.2024 17:00 - 08.07.2024 18:00,122.44,EUR,
08.07.2024 18:00 - 08.07.2024 19:00,208.4,EUR,
08.07.2024 19:00 - 08.07.2024 20:00,289.29,EUR,
08.07.2024 20:00 - 08.07.2024 21:00,327.45,EUR,
08.07.2024 21:00 - 08.07.2024 22:00,274.08,EUR,
08.07.2024 22:00 - 08.07.2024 23:00,140,EUR,
08.07.2024 23:00 - 09.07.2024 00:00,152.72,EUR,
09.07.2024 00:00 - 09.07.2024 01:00,120.01,EUR,
09.07.2024 01:00 - 09.07.2024 02:00,107.01,EUR,
09.07.2024 02:00 - 09.07.2024 03:00,98.93,EUR,
09.07.2024 03:00 - 09.07.2024 04:00,94.47,EUR,
09.07.2024 04:00 - 09.07.2024 05:00,87.6,EUR,
09.07.2024 05:00 - 09.07.2024 06:00,90.41,EUR,
09.07.2024 06:00 - 09.07.2024 07:00,99.38,EUR,
09.07.2024 07:00 - 09.07.2024 08:00,97.37,EUR,
09.07.2024 08:00 - 09.07.2024 09:00,53.99,EUR,
09.07.2024 09:00 - 09.07.2024 10:00,59.83,EUR,
09.07.2024 10:00 - 09.07.2024 11:00,46.63,EUR,
09.07.2024 11:00 - 09.07.2024 12:00,33.71,EUR,
09.07.2024 12:00 - 09.07.2024 13:00,21.95,EUR,
09.07.2024 13:00 - 09.07.2024 14:00,34.17,EUR,
09.07.2024 14:00 - 09.07.2024 15:00,42.67,EUR,
09.07.2024 15:00 - 09.07.2024 16:00,84.83,EUR,
09.07.2024 16:00 - 09.07.2024 17:00,97.6,EUR,
09.07.2024 17:00 - 09.07.2024 18:00,115.48,EUR,
09.07.2024 18:00 - 09.07.2024 19:00,205.35,EUR,
09.07.2024 19:00 - 09.07.2024 20:00,250,EUR,
09.07.2024 20:00 - 09.07.2024 21:00,165,EUR,
09.07.2024 21:00 - 09.07.2024 22:00,151.34,EUR,
09.07.2024 22:00 - 09.07.2024 23:00,120.1,EUR,
09.07.2024 23:00 - 10.07.2024 00:00,109.01,EUR,
10.07.2024 00:00 - 10.07.2024 01:00,109.25,EUR,
10.07.2024 01:00 - 10.07.2024 02:00,96.67,EUR,
10.07.2024 02:00 - 10.07.2024 03:00,94.82,EUR,
10.07.2024 03:00 - 10.07.2024 04:00,76.65,EUR,
10.07.2024 04:00 - 10.07.2024 05:00,59.02,EUR,
10.07.2024 05:00 - 10.07.2024 06:00,90.44,EUR,
10.07.2024 06:00 - 10.07.2024 07:00,99.04,EUR,
10.07.2024 07:00 - 10.07.2024 08:00,99.38,EUR,
10.07.2024 08:00 - 10.07.2024 09:00,94.78,EUR,
10.07.2024 09:00 - 10.07.2024 10:00,80,EUR,
10.07.2024 10:00 - 10.07.2024 11:00,65,EUR,
10.07.2024 11:00 - 10.07.2024 12:00,56.15,EUR,
10.07.2024 12:00 - 10.07.2024 13:00,65.93,EUR,
10.07.2024 13:00 - 10.07.2024 14:00,77.67,EUR,
10.07.2024 14:00 - 10.07.2024 15:00,85.04,EUR,
10.07.2024 15:00 - 10.07.2024 16:00,92.35,EUR,
10.07.2024 16:00 - 10.07.2024 17:00,109.65,EUR,
10.07.2024 17:00 - 10.07.2024 18:00,110.71,EUR,
10.07.2024 18:00 - 10.07.2024 19:00,139.6,EUR,
10.07.2024 19:00 - 10.07.2024 20:00,298,EUR,
10.07.2024 20:00 - 10.07.2024 21:00,340.83,EUR,
10.07.2024 21:00 - 10.07.2024 22:00,173.98,EUR,
10.07.2024 22:00 - 10.07.2024 23:00,130,EUR,
10.07.2024 23:00 - 11.07.2024 00:00,128.14,EUR,
11.07.2024 00:00 - 11.07.2024 01:00,127.53,EUR,
11.07.2024 01:00 - 11.07.2024 02:00,105.44,EUR,
11.07.2024 02:00 - 11.07.2024 03:00,103.9,EUR,
11.07.2024 03:00 - 11.07.2024 04:00,99.05,EUR,
11.07.2024 04:00 - 11.07.2024 05:00,99.05,EUR,
11.07.2024 05:00 - 11.07.2024 06:00,100.68,EUR,
11.07.2024 06:00 - 11.07.2024 07:00,112.65,EUR,
11.07.2024 07:00 - 11.07.2024 08:00,113.92,EUR,
11.07.2024 08:00 - 11.07.2024 09:00,115.12,EUR,
11.07.2024 09:00 - 11.07.2024 10:00,92.98,EUR,
11.07.2024 10:00 - 11.07.2024 11:00,82.09,EUR,
11.07.2024 11:00 - 11.07.2024 12:00,75.64,EUR,
11.07.2024 12:00 - 11.07.2024 13:00,79.46,EUR,
11.07.2024 13:00 - 11.07.2024 14:00,85.03,EUR,
11.07.2024 14:00 - 11.07.2024 15:00,91.95,EUR,
11.07.2024 15:00 - 11.07.2024 16:00,98.78,EUR,
11.07.2024 16:00 - 11.07.2024 17:00,124.01,EUR,
11.07.2024 17:00 - 11.07.2024 18:00,213.1,EUR,
11.07.2024 18:00 - 11.07.2024 19:00,398.96,EUR,
11.07.2024 19:00 - 11.07.2024 20:00,500,EUR,
11.07.2024 20:00 - 11.07.2024 21:00,500,EUR,
11.07.2024 21:00 - 11.07.2024 22:00,490.6,EUR,
11.07.2024 22:00 - 11.07.2024 23:00,323.3,EUR,
11.07.2024 23:00 - 12.07.2024 00:00,301.6,EUR,
12.07.2024 00:00 - 12.07.2024 01:00,171.07,EUR,
12.07.2024 01:00 - 12.07.2024 02:00,150.92,EUR,
12.07.2024 02:00 - 12.07.2024 03:00,112.23,EUR,
12.07.2024 03:00 - 12.07.2024 04:00,113.48,EUR,
12.07.2024 04:00 - 12.07.2024 05:00,102.08,EUR,
12.07.2024 05:00 - 12.07.2024 06:00,125.58,EUR,
12.07.2024 06:00 - 12.07.2024 07:00,106.25,EUR,
12.07.2024 07:00 - 12.07.2024 08:00,122.74,EUR,
12.07.2024 08:00 - 12.07.2024 09:00,116.6,EUR,
12.07.2024 09:00 - 12.07.2024 10:00,99.09,EUR,
12.07.2024 10:00 - 12.07.2024 11:00,92.5,EUR,
12.07.2024 11:00 - 12.07.2024 12:00,88.81,EUR,
12.07.2024 12:00 - 12.07.2024 13:00,88,EUR,
12.07.2024 13:00 - 12.07.2024 14:00,91.95,EUR,
12.07.2024 14:00 - 12.07.2024 15:00,99.65,EUR,
12.07.2024 15:00 - 12.07.2024 16:00,103,EUR,
12.07.2024 16:00 - 12.07.2024 17:00,104.53,EUR,
12.07.2024 17:00 - 12.07.2024 18:00,129.21,EUR,
12.07.2024 18:00 - 12.07.2024 19:00,496.4,EUR,
12.07.2024 19:00 - 12.07.2024 20:00,550,EUR,
12.07.2024 20:00 - 12.07.2024 21:00,550,EUR,
12.07.2024 21:00 - 12.07.2024 22:00,448.22,EUR,
12.07.2024 22:00 - 12.07.2024 23:00,290.83,EUR,
12.07.2024 23:00 - 13.07.2024 00:00,210,EUR,
13.07.2024 00:00 - 13.07.2024 01:00,180.47,EUR,
13.07.2024 01:00 - 13.07.2024 02:00,133.39,EUR,
13.07.2024 02:00 - 13.07.2024 03:00,109.65,EUR,
13.07.2024 03:00 - 13.07.2024 04:00,105.6,EUR,
13.07.2024 04:00 - 13.07.2024 05:00,100.1,EUR,
13.07.2024 05:00 - 13.07.2024 06:00,99.04,EUR,
13.07.2024 06:00 - 13.07.2024 07:00,90.45,EUR,
13.07.2024 07:00 - 13.07.2024 08:00,86.01,EUR,
13.07.2024 08:00 - 13.07.2024 09:00,45.36,EUR,
13.07.2024 09:00 - 13.07.2024 10:00,30.15,EUR,
13.07.2024 10:00 - 13.07.2024 11:00,45,EUR,
13.07.2024 11:00 - 13.07.2024 12:00,45,EUR,
13.07.2024 12:00 - 13.07.2024 13:00,77,EUR,
13.07.2024 13:00 - 13.07.2024 14:00,85.79,EUR,
13.07.2024 14:00 - 13.07.2024 15:00,87.25,EUR,
13.07.2024 15:00 - 13.07.2024 16:00,91.44,EUR,
13.07.2024 16:00 - 13.07.2024 17:00,97.15,EUR,
13.07.2024 17:00 - 13.07.2024 18:00,130.71,EUR,
13.07.2024 18:00 - 13.07.2024 19:00,295.63,EUR,
13.07.2024 19:00 - 13.07.2024 20:00,426.94,EUR,
13.07.2024 20:00 - 13.07.2024 21:00,447.97,EUR,
13.07.2024 21:00 - 13.07.2024 22:00,359.97,EUR,
13.07.2024 22:00 - 13.07.2024 23:00,282.65,EUR,
13.07.2024 23:00 - 14.07.2024 00:00,211.77,EUR,
14.07.2024 00:00 - 14.07.2024 01:00,145.57,EUR,
14.07.2024 01:00 - 14.07.2024 02:00,139.57,EUR,
14.07.2024 02:00 - 14.07.2024 03:00,110.57,EUR,
14.07.2024 03:00 - 14.07.2024 04:00,106.86,EUR,
14.07.2024 04:00 - 14.07.2024 05:00,101.1,EUR,
14.07.2024 05:00 - 14.07.2024 06:00,99.04,EUR,
14.07.2024 06:00 - 14.07.2024 07:00,84.09,EUR,
14.07.2024 07:00 - 14.07.2024 08:00,50,EUR,
14.07.2024 08:00 - 14.07.2024 09:00,87.44,EUR,
14.07.2024 09:00 - 14.07.2024 10:00,57.09,EUR,
14.07.2024 10:00 - 14.07.2024 11:00,20,EUR,
14.07.2024 11:00 - 14.07.2024 12:00,20,EUR,
14.07.2024 12:00 - 14.07.2024 13:00,60,EUR,
14.07.2024 13:00 - 14.07.2024 14:00,86.52,EUR,
14.07.2024 14:00 - 14.07.2024 15:00,94.45,EUR,
14.07.2024 15:00 - 14.07.2024 16:00,96.87,EUR,
14.07.2024 16:00 - 14.07.2024 17:00,91.95,EUR,
14.07.2024 17:00 - 14.07.2024 18:00,100.1,EUR,
14.07.2024 18:00 - 14.07.2024 19:00,180.95,EUR,
14.07.2024 19:00 - 14.07.2024 20:00,394.79,EUR,
14.07.2024 20:00 - 14.07.2024 21:00,424.86,EUR,
14.07.2024 21:00 - 14.07.2024 22:00,439.73,EUR,
14.07.2024 22:00 - 14.07.2024 23:00,206.34,EUR,
14.07.2024 23:00 - 15.07.2024 00:00,156.86,EUR,
15.07.2024 00:00 - 15.07.2024 01:00,152.23,EUR,
15.07.2024 01:00 - 15.07.2024 02:00,130.49,EUR,
15.07.2024 02:00 - 15.07.2024 03:00,129.68,EUR,
15.07.2024 03:00 - 15.07.2024 04:00,113.11,EUR,
15.07.2024 04:00 - 15.07.2024 05:00,113.08,EUR,
15.07.2024 05:00 - 15.07.2024 06:00,129.15,EUR,
15.07.2024 06:00 - 15.07.2024 07:00,139.36,EUR,
15.07.2024 07:00 - 15.07.2024 08:00,126.85,EUR,
15.07.2024 08:00 - 15.07.2024 09:00,115.14,EUR,
15.07.2024 09:00 - 15.07.2024 10:00,79.99,EUR,
15.07.2024 10:00 - 15.07.2024 11:00,66.83,EUR,
15.07.2024 11:00 - 15.07.2024 12:00,60.05,EUR,
15.07.2024 12:00 - 15.07.2024 13:00,68.83,EUR,
15.07.2024 13:00 - 15.07.2024 14:00,83.21,EUR,
15.07.2024 14:00 - 15.07.2024 15:00,103.11,EUR,
15.07.2024 15:00 - 15.07.2024 16:00,95,EUR,
15.07.2024 16:00 - 15.07.2024 17:00,105.58,EUR,
15.07.2024 17:00 - 15.07.2024 18:00,129.28,EUR,
15.07.2024 18:00 - 15.07.2024 19:00,442.33,EUR,
15.07.2024 19:00 - 15.07.2024 20:00,600,EUR,
15.07.2024 20:00 - 15.07.2024 21:00,600.01,EUR,
15.07.2024 21:00 - 15.07.2024 22:00,550.01,EUR,
15.07.2024 22:00 - 15.07.2024 23:00,263.26,EUR,
15.07.2024 23:00 - 16.07.2024 00:00,190.5,EUR,
16.07.2024 00:00 - 16.07.2024 01:00,129.6,EUR,
16.07.2024 01:00 - 16.07.2024 02:00,105,EUR,
16.07.2024 02:00 - 16.07.2024 03:00,100.49,EUR,
16.07.2024 03:00 - 16.07.2024 04:00,99.04,EUR,
16.07.2024 04:00 - 16.07.2024 05:00,99.04,EUR,
16.07.2024 05:00 - 16.07.2024 06:00,99.76,EUR,
16.07.2024 06:00 - 16.07.2024 07:00,101.49,EUR,
16.07.2024 07:00 - 16.07.2024 08:00,105,EUR,
16.07.2024 08:00 - 16.07.2024 09:00,105,EUR,
16.07.2024 09:00 - 16.07.2024 10:00,80.01,EUR,
16.07.2024 10:00 - 16.07.2024 11:00,53.18,EUR,
16.07.2024 11:00 - 16.07.2024 12:00,58.34,EUR,
16.07.2024 12:00 - 16.07.2024 13:00,81.11,EUR,
16.07.2024 13:00 - 16.07.2024 14:00,91.94,EUR,
16.07.2024 14:00 - 16.07.2024 15:00,97.9,EUR,
16.07.2024 15:00 - 16.07.2024 16:00,106.75,EUR,
16.07.2024 16:00 - 16.07.2024 17:00,108.27,EUR,
16.07.2024 17:00 - 16.07.2024 18:00,124.86,EUR,
16.07.2024 18:00 - 16.07.2024 19:00,351.86,EUR,
16.07.2024 19:00 - 16.07.2024 20:00,560.97,EUR,
16.07.2024 20:00 - 16.07.2024 21:00,650.01,EUR,
16.07.2024 21:00 - 16.07.2024 22:00,575.23,EUR,
16.07.2024 22:00 - 16.07.2024 23:00,215.96,EUR,
16.07.2024 23:00 - 17.07.2024 00:00,131.19,EUR,
17.07.2024 00:00 - 17.07.2024 01:00,141,EUR,
17.07.2024 01:00 - 17.07.2024 02:00,134.05,EUR,
17.07.2024 02:00 - 17.07.2024 03:00,106.72,EUR,
17.07.2024 03:00 - 17.07.2024 04:00,107,EUR,
17.07.2024 04:00 - 17.07.2024 05:00,99.05,EUR,
17.07.2024 05:00 - 17.07.2024 06:00,101.41,EUR,
17.07.2024 06:00 - 17.07.2024 07:00,108.77,EUR,
17.07.2024 07:00 - 17.07.2024 08:00,110.28,EUR,
17.07.2024 08:00 - 17.07.2024 09:00,105.7,EUR,
17.07.2024 09:00 - 17.07.2024 10:00,89.5,EUR,
17.07.2024 10:00 - 17.07.2024 11:00,77.99,EUR,
17.07.2024 11:00 - 17.07.2024 12:00,72.11,EUR,
17.07.2024 12:00 - 17.07.2024 13:00,72.73,EUR,
17.07.2024 13:00 - 17.07.2024 14:00,81.81,EUR,
17.07.2024 14:00 - 17.07.2024 15:00,91.95,EUR,
17.07.2024 15:00 - 17.07.2024 16:00,108.77,EUR,
17.07.2024 16:00 - 17.07.2024 17:00,131.94,EUR,
17.07.2024 17:00 - 17.07.2024 18:00,175.44,EUR,
17.07.2024 18:00 - 17.07.2024 19:00,501.6,EUR,
17.07.2024 19:00 - 17.07.2024 20:00,683.92,EUR,
17.07.2024 20:00 - 17.07.2024 21:00,759.92,EUR,
17.07.2024 21:00 - 17.07.2024 22:00,688.37,EUR,
17.07.2024 22:00 - 17.07.2024 23:00,412.8,EUR,
17.07.2024 23:00 - 18.07.2024 00:00,287.7,EUR,
18.07.2024 00:00 - 18.07.2024 01:00,171.35,EUR,
18.07.2024 01:00 - 18.07.2024 02:00,132.33,EUR,
18.07.2024 02:00 - 18.07.2024 03:00,107,EUR,
18.07.2024 03:00 - 18.07.2024 04:00,104.26,EUR,
18.07.2024 04:00 - 18.07.2024 05:00,99.47,EUR,
18.07.2024 05:00 - 18.07.2024 06:00,102.71,EUR,
18.07.2024 06:00 - 18.07.2024 07:00,109.38,EUR,
18.07.2024 07:00 - 18.07.2024 08:00,113.68,EUR,
18.07.2024 08:00 - 18.07.2024 09:00,100.09,EUR,
18.07.2024 09:00 - 18.07.2024 10:00,91.86,EUR,
18.07.2024 10:00 - 18.07.2024 11:00,91.82,EUR,
18.07.2024 11:00 - 18.07.2024 12:00,89.68,EUR,
18.07.2024 12:00 - 18.07.2024 13:00,90.5,EUR,
18.07.2024 13:00 - 18.07.2024 14:00,91.94,EUR,
18.07.2024 14:00 - 18.07.2024 15:00,100.25,EUR,
18.07.2024 15:00 - 18.07.2024 16:00,106.13,EUR,
18.07.2024 16:00 - 18.07.2024 17:00,130.44,EUR,
18.07.2024 17:00 - 18.07.2024 18:00,118.96,EUR,
18.07.2024 18:00 - 18.07.2024 19:00,194.64,EUR,
18.07.2024 19:00 - 18.07.2024 20:00,450,EUR,
18.07.2024 20:00 - 18.07.2024 21:00,500,EUR,
18.07.2024 21:00 - 18.07.2024 22:00,277.38,EUR,
18.07.2024 22:00 - 18.07.2024 23:00,187.15,EUR,
18.07.2024 23:00 - 19.07.2024 00:00,133.69,EUR,
19.07.2024 00:00 - 19.07.2024 01:00,116.51,EUR,
19.07.2024 01:00 - 19.07.2024 02:00,110.5,EUR,
19.07.2024 02:00 - 19.07.2024 03:00,98.9,EUR,
19.07.2024 03:00 - 19.07.2024 04:00,85.6,EUR,
19.07.2024 04:00 - 19.07.2024 05:00,85.26,EUR,
19.07.2024 05:00 - 19.07.2024 06:00,94.31,EUR,
19.07.2024 06:00 - 19.07.2024 07:00,109.28,EUR,
19.07.2024 07:00 - 19.07.2024 08:00,101.5,EUR,
19.07.2024 08:00 - 19.07.2024 09:00,97.83,EUR,
19.07.2024 09:00 - 19.07.2024 10:00,81.43,EUR,
19.07.2024 10:00 - 19.07.2024 11:00,74.92,EUR,
19.07.2024 11:00 - 19.07.2024 12:00,70.65,EUR,
19.07.2024 12:00 - 19.07.2024 13:00,62.63,EUR,
19.07.2024 13:00 - 19.07.2024 14:00,88.08,EUR,
19.07.2024 14:00 - 19.07.2024 15:00,96.38,EUR,
19.07.2024 15:00 - 19.07.2024 16:00,108.83,EUR,
19.07.2024 16:00 - 19.07.2024 17:00,136,EUR,
19.07.2024 17:00 - 19.07.2024 18:00,120,EUR,
19.07.2024 18:00 - 19.07.2024 19:00,250,EUR,
19.07.2024 19:00 - 19.07.2024 20:00,601.27,EUR,
19.07.2024 20:00 - 19.07.2024 21:00,653.56,EUR,
19.07.2024 21:00 - 19.07.2024 22:00,278.94,EUR,
19.07.2024 22:00 - 19.07.2024 23:00,167.81,EUR,
19.07.2024 23:00 - 20.07.2024 00:00,129.15,EUR,
20.07.2024 00:00 - 20.07.2024 01:00,128.18,EUR,
20.07.2024 01:00 - 20.07.2024 02:00,138.49,EUR,
20.07.2024 02:00 - 20.07.2024 03:00,112.14,EUR,
20.07.2024 03:00 - 20.07.2024 04:00,109.09,EUR,
20.07.2024 04:00 - 20.07.2024 05:00,105.79,EUR,
20.07.2024 05:00 - 20.07.2024 06:00,98.82,EUR,
20.07.2024 06:00 - 20.07.2024 07:00,94.16,EUR,
20.07.2024 07:00 - 20.07.2024 08:00,86.3,EUR,
20.07.2024 08:00 - 20.07.2024 09:00,68.15,EUR,
20.07.2024 09:00 - 20.07.2024 10:00,53.41,EUR,
20.07.2024 10:00 - 20.07.2024 11:00,47.49,EUR,
20.07.2024 11:00 - 20.07.2024 12:00,51.53,EUR,
20.07.2024 12:00 - 20.07.2024 13:00,87.5,EUR,
20.07.2024 13:00 - 20.07.2024 14:00,90.55,EUR,
20.07.2024 14:00 - 20.07.2024 15:00,85.11,EUR,
20.07.2024 15:00 - 20.07.2024 16:00,97.32,EUR,
20.07.2024 16:00 - 20.07.2024 17:00,113.41,EUR,
20.07.2024 17:00 - 20.07.2024 18:00,134.04,EUR,
20.07.2024 18:00 - 20.07.2024 19:00,219.68,EUR,
20.07.2024 19:00 - 20.07.2024 20:00,387.59,EUR,
20.07.2024 20:00 - 20.07.2024 21:00,527.88,EUR,
20.07.2024 21:00 - 20.07.2024 22:00,389.44,EUR,
20.07.2024 22:00 - 20.07.2024 23:00,200.42,EUR,
20.07.2024 23:00 - 21.07.2024 00:00,140.12,EUR,
21.07.2024 00:00 - 21.07.2024 01:00,175.92,EUR,
21.07.2024 01:00 - 21.07.2024 02:00,183.92,EUR,
21.07.2024 02:00 - 21.07.2024 03:00,165.92,EUR,
21.07.2024 03:00 - 21.07.2024 04:00,149.47,EUR,
21.07.2024 04:00 - 21.07.2024 05:00,135.39,EUR,
21.07.2024 05:00 - 21.07.2024 06:00,107.7,EUR,
21.07.2024 06:00 - 21.07.2024 07:00,106.79,EUR,
21.07.2024 07:00 - 21.07.2024 08:00,99.42,EUR,
21.07.2024 08:00 - 21.07.2024 09:00,101.35,EUR,
21.07.2024 09:00 - 21.07.2024 10:00,98.98,EUR,
21.07.2024 10:00 - 21.07.2024 11:00,86.81,EUR,
21.07.2024 11:00 - 21.07.2024 12:00,80.4,EUR,
21.07.2024 12:00 - 21.07.2024 13:00,81.11,EUR,
21.07.2024 13:00 - 21.07.2024 14:00,85.41,EUR,
21.07.2024 14:00 - 21.07.2024 15:00,86.54,EUR,
21.07.2024 15:00 - 21.07.2024 16:00,82.87,EUR,
21.07.2024 16:00 - 21.07.2024 17:00,89,EUR,
21.07.2024 17:00 - 21.07.2024 18:00,96.63,EUR,
21.07.2024 18:00 - 21.07.2024 19:00,114.83,EUR,
21.07.2024 19:00 - 21.07.2024 20:00,185.08,EUR,
21.07.2024 20:00 - 21.07.2024 21:00,269.58,EUR,
21.07.2024 21:00 - 21.07.2024 22:00,208.7,EUR,
21.07.2024 22:00 - 21.07.2024 23:00,139.09,EUR,
21.07.2024 23:00 - 22.07.2024 00:00,116.68,EUR,
22.07.2024 00:00 - 22.07.2024 01:00,113.94,EUR,
22.07.2024 01:00 - 22.07.2024 02:00,105,EUR,
22.07.2024 02:00 - 22.07.2024 03:00,100.47,EUR,
22.07.2024 03:00 - 22.07.2024 04:00,100,EUR,
22.07.2024 04:00 - 22.07.2024 05:00,100,EUR,
22.07.2024 05:00 - 22.07.2024 06:00,104,EUR,
22.07.2024 06:00 - 22.07.2024 07:00,154.15,EUR,
22.07.2024 07:00 - 22.07.2024 08:00,161.14,EUR,
22.07.2024 08:00 - 22.07.2024 09:00,134.47,EUR,
22.07.2024 09:00 - 22.07.2024 10:00,131,EUR,
22.07.2024 10:00 - 22.07.2024 11:00,112.61,EUR,
22.07.2024 11:00 - 22.07.2024 12:00,108.04,EUR,
22.07.2024 12:00 - 22.07.2024 13:00,112.86,EUR,
22.07.2024 13:00 - 22.07.2024 14:00,129.41,EUR,
22.07.2024 14:00 - 22.07.2024 15:00,131.19,EUR,
22.07.2024 15:00 - 22.07.2024 16:00,154.15,EUR,
22.07.2024 16:00 - 22.07.2024 17:00,185.15,EUR,
22.07.2024 17:00 - 22.07.2024 18:00,201.37,EUR,
22.07.2024 18:00 - 22.07.2024 19:00,384.58,EUR,
22.07.2024 19:00 - 22.07.2024 20:00,751.1,EUR,
22.07.2024 20:00 - 22.07.2024 21:00,850,EUR,
22.07.2024 21:00 - 22.07.2024 22:00,666.54,EUR,
22.07.2024 22:00 - 22.07.2024 23:00,150,EUR,
22.07.2024 23:00 - 23.07.2024 00:00,121.6,EUR,
23.07.2024 00:00 - 23.07.2024 01:00,120.83,EUR,
23.07.2024 01:00 - 23.07.2024 02:00,105.1,EUR,
23.07.2024 02:00 - 23.07.2024 03:00,102,EUR,
23.07.2024 03:00 - 23.07.2024 04:00,100,EUR,
23.07.2024 04:00 - 23.07.2024 05:00,96.36,EUR,
23.07.2024 05:00 - 23.07.2024 06:00,99.05,EUR,
23.07.2024 06:00 - 23.07.2024 07:00,105,EUR,
23.07.2024 07:00 - 23.07.2024 08:00,119.01,EUR,
23.07.2024 08:00 - 23.07.2024 09:00,119.85,EUR,
23.07.2024 09:00 - 23.07.2024 10:00,102.3,EUR,
23.07.2024 10:00 - 23.07.2024 11:00,99.04,EUR,
23.07.2024 11:00 - 23.07.2024 12:00,99,EUR,
23.07.2024 12:00 - 23.07.2024 13:00,97.79,EUR,
23.07.2024 13:00 - 23.07.2024 14:00,99.99,EUR,
23.07.2024 14:00 - 23.07.2024 15:00,103.08,EUR,
23.07.2024 15:00 - 23.07.2024 16:00,109.77,EUR,
23.07.2024 16:00 - 23.07.2024 17:00,155.02,EUR,
23.07.2024 17:00 - 23.07.2024 18:00,108.04,EUR,
23.07.2024 18:00 - 23.07.2024 19:00,140.02,EUR,
23.07.2024 19:00 - 23.07.2024 20:00,358.69,EUR,
23.07.2024 20:00 - 23.07.2024 21:00,471.86,EUR,
23.07.2024 21:00 - 23.07.2024 22:00,220.18,EUR,
23.07.2024 22:00 - 23.07.2024 23:00,132.26,EUR,
23.07.2024 23:00 - 24.07.2024 00:00,108.08,EUR,
24.07.2024 00:00 - 24.07.2024 01:00,109.58,EUR,
24.07.2024 01:00 - 24.07.2024 02:00,105,EUR,
24.07.2024 02:00 - 24.07.2024 03:00,102.15,EUR,
24.07.2024 03:00 - 24.07.2024 04:00,97.98,EUR,
24.07.2024 04:00 - 24.07.2024 05:00,98.46,EUR,
24.07.2024 05:00 - 24.07.2024 06:00,103.99,EUR,
24.07.2024 06:00 - 24.07.2024 07:00,110.88,EUR,
24.07.2024 07:00 - 24.07.2024 08:00,110.23,EUR,
24.07.2024 08:00 - 24.07.2024 09:00,109.83,EUR,
24.07.2024 09:00 - 24.07.2024 10:00,100.72,EUR,
24.07.2024 10:00 - 24.07.2024 11:00,96.68,EUR,
24.07.2024 11:00 - 24.07.2024 12:00,94.67,EUR,
24.07.2024 12:00 - 24.07.2024 13:00,99,EUR,
24.07.2024 13:00 - 24.07.2024 14:00,100.1,EUR,
24.07.2024 14:00 - 24.07.2024 15:00,103.07,EUR,
24.07.2024 15:00 - 24.07.2024 16:00,131.9,EUR,
24.07.2024 16:00 - 24.07.2024 17:00,175.3,EUR,
24.07.2024 17:00 - 24.07.2024 18:00,201.3,EUR,
24.07.2024 18:00 - 24.07.2024 19:00,250.61,EUR,
24.07.2024 19:00 - 24.07.2024 20:00,392.95,EUR,
24.07.2024 20:00 - 24.07.2024 21:00,477.75,EUR,
24.07.2024 21:00 - 24.07.2024 22:00,296.64,EUR,
24.07.2024 22:00 - 24.07.2024 23:00,128.7,EUR,
24.07.2024 23:00 - 25.07.2024 00:00,105.5,EUR,
25.07.2024 00:00 - 25.07.2024 01:00,130.14,EUR,
25.07.2024 01:00 - 25.07.2024 02:00,131.96,EUR,
25.07.2024 02:00 - 25.07.2024 03:00,114.45,EUR,
25.07.2024 03:00 - 25.07.2024 04:00,104,EUR,
25.07.2024 04:00 - 25.07.2024 05:00,101.7,EUR,
25.07.2024 05:00 - 25.07.2024 06:00,107.58,EUR,
25.07.2024 06:00 - 25.07.2024 07:00,114.85,EUR,
25.07.2024 07:00 - 25.07.2024 08:00,124.04,EUR,
25.07.2024 08:00 - 25.07.2024 09:00,122.73,EUR,
25.07.2024 09:00 - 25.07.2024 10:00,113.4,EUR,
25.07.2024 10:00 - 25.07.2024 11:00,99.05,EUR,
25.07.2024 11:00 - 25.07.2024 12:00,94.3,EUR,
25.07.2024 12:00 - 25.07.2024 13:00,97.21,EUR,
25.07.2024 13:00 - 25.07.2024 14:00,96.49,EUR,
25.07.2024 14:00 - 25.07.2024 15:00,99.62,EUR,
25.07.2024 15:00 - 25.07.2024 16:00,107.42,EUR,
25.07.2024 16:00 - 25.07.2024 17:00,108.59,EUR,
25.07.2024 17:00 - 25.07.2024 18:00,108.54,EUR,
25.07.2024 18:00 - 25.07.2024 19:00,240,EUR,
25.07.2024 19:00 - 25.07.2024 20:00,405.43,EUR,
25.07.2024 20:00 - 25.07.2024 21:00,468.76,EUR,
25.07.2024 21:00 - 25.07.2024 22:00,205.53,EUR,
25.07.2024 22:00 - 25.07.2024 23:00,138.37,EUR,
25.07.2024 23:00 - 26.07.2024 00:00,116.39,EUR,
26.07.2024 00:00 - 26.07.2024 01:00,101,EUR,
26.07.2024 01:00 - 26.07.2024 02:00,99.49,EUR,
26.07.2024 02:00 - 26.07.2024 03:00,97.91,EUR,
26.07.2024 03:00 - 26.07.2024 04:00,96.91,EUR,
26.07.2024 04:00 - 26.07.2024 05:00,93.78,EUR,
26.07.2024 05:00 - 26.07.2024 06:00,93.81,EUR,
26.07.2024 06:00 - 26.07.2024 07:00,110.11,EUR,
26.07.2024 07:00 - 26.07.2024 08:00,111.26,EUR,
26.07.2024 08:00 - 26.07.2024 09:00,101.09,EUR,
26.07.2024 09:00 - 26.07.2024 10:00,95.42,EUR,
26.07.2024 10:00 - 26.07.2024 11:00,88.87,EUR,
26.07.2024 11:00 - 26.07.2024 12:00,75,EUR,
26.07.2024 12:00 - 26.07.2024 13:00,69.54,EUR,
26.07.2024 13:00 - 26.07.2024 14:00,72.38,EUR,
26.07.2024 14:00 - 26.07.2024 15:00,75,EUR,
26.07.2024 15:00 - 26.07.2024 16:00,86.26,EUR,
26.07.2024 16:00 - 26.07.2024 17:00,99.68,EUR,
26.07.2024 17:00 - 26.07.2024 18:00,106.85,EUR,
26.07.2024 18:00 - 26.07.2024 19:00,127.59,EUR,
26.07.2024 19:00 - 26.07.2024 20:00,190.22,EUR,
26.07.2024 20:00 - 26.07.2024 21:00,306.09,EUR,
26.07.2024 21:00 - 26.07.2024 22:00,184.7,EUR,
26.07.2024 22:00 - 26.07.2024 23:00,140.42,EUR,
26.07.2024 23:00 - 27.07.2024 00:00,121.92,EUR,
27.07.2024 00:00 - 27.07.2024 01:00,107.89,EUR,
27.07.2024 01:00 - 27.07.2024 02:00,110.76,EUR,
27.07.2024 02:00 - 27.07.2024 03:00,106.2,EUR,
27.07.2024 03:00 - 27.07.2024 04:00,105.67,EUR,
27.07.2024 04:00 - 27.07.2024 05:00,99.57,EUR,
27.07.2024 05:00 - 27.07.2024 06:00,99.59,EUR,
27.07.2024 06:00 - 27.07.2024 07:00,98.46,EUR,
27.07.2024 07:00 - 27.07.2024 08:00,85.23,EUR,
27.07.2024 08:00 - 27.07.2024 09:00,89.77,EUR,
27.07.2024 09:00 - 27.07.2024 10:00,96.73,EUR,
27.07.2024 10:00 - 27.07.2024 11:00,87.82,EUR,
27.07.2024 11:00 - 27.07.2024 12:00,57.41,EUR,
27.07.2024 12:00 - 27.07.2024 13:00,55,EUR,
27.07.2024 13:00 - 27.07.2024 14:00,56.09,EUR,
27.07.2024 14:00 - 27.07.2024 15:00,82.81,EUR,
27.07.2024 15:00 - 27.07.2024 16:00,92.35,EUR,
27.07.2024 16:00 - 27.07.2024 17:00,84.81,EUR,
27.07.2024 17:00 - 27.07.2024 18:00,105,EUR,
27.07.2024 18:00 - 27.07.2024 19:00,122.8,EUR,
27.07.2024 19:00 - 27.07.2024 20:00,160.03,EUR,
27.07.2024 20:00 - 27.07.2024 21:00,185,EUR,
27.07.2024 21:00 - 27.07.2024 22:00,165.73,EUR,
27.07.2024 22:00 - 27.07.2024 23:00,123.71,EUR,
27.07.2024 23:00 - 28.07.2024 00:00,106.36,EUR,
28.07.2024 00:00 - 28.07.2024 01:00,119.39,EUR,
28.07.2024 01:00 - 28.07.2024 02:00,99.59,EUR,
28.07.2024 02:00 - 28.07.2024 03:00,103.19,EUR,
28.07.2024 03:00 - 28.07.2024 04:00,109.55,EUR,
28.07.2024 04:00 - 28.07.2024 05:00,101.75,EUR,
28.07.2024 05:00 - 28.07.2024 06:00,93.49,EUR,
28.07.2024 06:00 - 28.07.2024 07:00,96.37,EUR,
28.07.2024 07:00 - 28.07.2024 08:00,65.83,EUR,
28.07.2024 08:00 - 28.07.2024 09:00,25.49,EUR,
28.07.2024 09:00 - 28.07.2024 10:00,5.95,EUR,
28.07.2024 10:00 - 28.07.2024 11:00,0.04,EUR,
28.07.2024 11:00 - 28.07.2024 12:00,0.04,EUR,
28.07.2024 12:00 - 28.07.2024 13:00,5.01,EUR,
28.07.2024 13:00 - 28.07.2024 14:00,10,EUR,
28.07.2024 14:00 - 28.07.2024 15:00,36.69,EUR,
28.07.2024 15:00 - 28.07.2024 16:00,55,EUR,
28.07.2024 16:00 - 28.07.2024 17:00,94.37,EUR,
28.07.2024 17:00 - 28.07.2024 18:00,107,EUR,
28.07.2024 18:00 - 28.07.2024 19:00,109.28,EUR,
28.07.2024 19:00 - 28.07.2024 20:00,140.03,EUR,
28.07.2024 20:00 - 28.07.2024 21:00,165.73,EUR,
28.07.2024 21:00 - 28.07.2024 22:00,159.9,EUR,
28.07.2024 22:00 - 28.07.2024 23:00,133.8,EUR,
28.07.2024 23:00 - 29.07.2024 00:00,105.41,EUR,
29.07.2024 00:00 - 29.07.2024 01:00,96,EUR,
29.07.2024 01:00 - 29.07.2024 02:00,88.47,EUR,
29.07.2024 02:00 - 29.07.2024 03:00,95.99,EUR,
29.07.2024 03:00 - 29.07.2024 04:00,87.31,EUR,
29.07.2024 04:00 - 29.07.2024 05:00,71.7,EUR,
29.07.2024 05:00 - 29.07.2024 06:00,90.54,EUR,
29.07.2024 06:00 - 29.07.2024 07:00,134.95,EUR,
29.07.2024 07:00 - 29.07.2024 08:00,114.53,EUR,
29.07.2024 08:00 - 29.07.2024 09:00,95.62,EUR,
29.07.2024 09:00 - 29.07.2024 10:00,63.71,EUR,
29.07.2024 10:00 - 29.07.2024 11:00,70,EUR,
29.07.2024 11:00 - 29.07.2024 12:00,68.99,EUR,
29.07.2024 12:00 - 29.07.2024 13:00,70,EUR,
29.07.2024 13:00 - 29.07.2024 14:00,82.4,EUR,
29.07.2024 14:00 - 29.07.2024 15:00,87.25,EUR,
29.07.2024 15:00 - 29.07.2024 16:00,99.98,EUR,
29.07.2024 16:00 - 29.07.2024 17:00,115,EUR,
29.07.2024 17:00 - 29.07.2024 18:00,120.96,EUR,
29.07.2024 18:00 - 29.07.2024 19:00,139.43,EUR,
29.07.2024 19:00 - 29.07.2024 20:00,200,EUR,
29.07.2024 20:00 - 29.07.2024 21:00,183.07,EUR,
29.07.2024 21:00 - 29.07.2024 22:00,159.92,EUR,
29.07.2024 22:00 - 29.07.2024 23:00,118.58,EUR,
29.07.2024 23:00 - 30.07.2024 00:00,90.2,EUR,
30.07.2024 00:00 - 30.07.2024 01:00,104.82,EUR,
30.07.2024 01:00 - 30.07.2024 02:00,104.38,EUR,
30.07.2024 02:00 - 30.07.2024 03:00,98.58,EUR,
30.07.2024 03:00 - 30.07.2024 04:00,95.22,EUR,
30.07.2024 04:00 - 30.07.2024 05:00,93.82,EUR,
30.07.2024 05:00 - 30.07.2024 06:00,95,EUR,
30.07.2024 06:00 - 30.07.2024 07:00,108.48,EUR,
30.07.2024 07:00 - 30.07.2024 08:00,105.68,EUR,
30.07.2024 08:00 - 30.07.2024 09:00,96.14,EUR,
30.07.2024 09:00 - 30.07.2024 10:00,67.74,EUR,
30.07.2024 10:00 - 30.07.2024 11:00,59.69,EUR,
30.07.2024 11:00 - 30.07.2024 12:00,65,EUR,
30.07.2024 12:00 - 30.07.2024 13:00,78.76,EUR,
30.07.2024 13:00 - 30.07.2024 14:00,86.4,EUR,
30.07.2024 14:00 - 30.07.2024 15:00,96.93,EUR,
30.07.2024 15:00 - 30.07.2024 16:00,85.14,EUR,
30.07.2024 16:00 - 30.07.2024 17:00,84.93,EUR,
30.07.2024 17:00 - 30.07.2024 18:00,104.97,EUR,
30.07.2024 18:00 - 30.07.2024 19:00,116.18,EUR,
30.07.2024 19:00 - 30.07.2024 20:00,162.5,EUR,
30.07.2024 20:00 - 30.07.2024 21:00,208.04,EUR,
30.07.2024 21:00 - 30.07.2024 22:00,157.65,EUR,
30.07.2024 22:00 - 30.07.2024 23:00,127.07,EUR,
30.07.2024 23:00 - 31.07.2024 00:00,99.04,EUR,
31.07.2024 00:00 - 31.07.2024 01:00,98.3,EUR,
31.07.2024 01:00 - 31.07.2024 02:00,100.83,EUR,
31.07.2024 02:00 - 31.07.2024 03:00,97.87,EUR,
31.07.2024 03:00 - 31.07.2024 04:00,87.77,EUR,
31.07.2024 04:00 - 31.07.2024 05:00,83.69,EUR,
31.07.2024 05:00 - 31.07.2024 06:00,98.69,EUR,
31.07.2024 06:00 - 31.07.2024 07:00,110.95,EUR,
31.07.2024 07:00 - 31.07.2024 08:00,104.42,EUR,
31.07.2024 08:00 - 31.07.2024 09:00,95.52,EUR,
31.07.2024 09:00 - 31.07.2024 10:00,78.65,EUR,
31.07.2024 10:00 - 31.07.2024 11:00,55.89,EUR,
31.07.2024 11:00 - 31.07.2024 12:00,36.5,EUR,
31.07.2024 12:00 - 31.07.2024 13:00,50,EUR,
31.07.2024 13:00 - 31.07.2024 14:00,55.3,EUR,
31.07.2024 14:00 - 31.07.2024 15:00,61.32,EUR,
31.07.2024 15:00 - 31.07.2024 16:00,90.42,EUR,
31.07.2024 16:00 - 31.07.2024 17:00,100.27,EUR,
31.07.2024 17:00 - 31.07.2024 18:00,100.61,EUR,
31.07.2024 18:00 - 31.07.2024 19:00,148,EUR,
31.07.2024 19:00 - 31.07.2024 20:00,215,EUR,
31.07.2024 20:00 - 31.07.2024 21:00,279.85,EUR,
31.07.2024 21:00 - 31.07.2024 22:00,214.92,EUR,
31.07.2024 22:00 - 31.07.2024 23:00,142.8,EUR,
31.07.2024 23:00 - 01.08.2024 00:00,103.08,EUR,
01.08.2024 00:00 - 01.08.2024 01:00,108.05,EUR,
01.08.2024 01:00 - 01.08.2024 02:00,113.75,EUR,
01.08.2024 02:00 - 01.08.2024 03:00,101.88,EUR,
01.08.2024 03:00 - 01.08.2024 04:00,98.38,EUR,
01.08.2024 04:00 - 01.08.2024 05:00,101.86,EUR,
01.08.2024 05:00 - 01.08.2024 06:00,110,EUR,
01.08.2024 06:00 - 01.08.2024 07:00,118.87,EUR,
01.08.2024 07:00 - 01.08.2024 08:00,113,EUR,
01.08.2024 08:00 - 01.08.2024 09:00,105.95,EUR,
01.08.2024 09:00 - 01.08.2024 10:00,90.1,EUR,
01.08.2024 10:00 - 01.08.2024 11:00,76.95,EUR,
01.08.2024 11:00 - 01.08.2024 12:00,75,EUR,
01.08.2024 12:00 - 01.08.2024 13:00,90,EUR,
01.08.2024 13:00 - 01.08.2024 14:00,96.85,EUR,
01.08.2024 14:00 - 01.08.2024 15:00,95.48,EUR,
01.08.2024 15:00 - 01.08.2024 16:00,113.75,EUR,
01.08.2024 16:00 - 01.08.2024 17:00,115,EUR,
01.08.2024 17:00 - 01.08.2024 18:00,116.24,EUR,
01.08.2024 18:00 - 01.08.2024 19:00,184.11,EUR,
01.08.2024 19:00 - 01.08.2024 20:00,297.6,EUR,
01.08.2024 20:00 - 01.08.2024 21:00,320.37,EUR,
01.08.2024 21:00 - 01.08.2024 22:00,208,EUR,
01.08.2024 22:00 - 01.08.2024 23:00,125.29,EUR,
01.08.2024 23:00 - 02.08.2024 00:00,115.12,EUR,
02.08.2024 00:00 - 02.08.2024 01:00,114.42,EUR,
02.08.2024 01:00 - 02.08.2024 02:00,113.25,EUR,
02.08.2024 02:00 - 02.08.2024 03:00,112.13,EUR,
02.08.2024 03:00 - 02.08.2024 04:00,109.3,EUR,
02.08.2024 04:00 - 02.08.2024 05:00,109.3,EUR,
02.08.2024 05:00 - 02.08.2024 06:00,112,EUR,
02.08.2024 06:00 - 02.08.2024 07:00,117.22,EUR,
02.08.2024 07:00 - 02.08.2024 08:00,119.69,EUR,
02.08.2024 08:00 - 02.08.2024 09:00,112.75,EUR,
02.08.2024 09:00 - 02.08.2024 10:00,104.42,EUR,
02.08.2024 10:00 - 02.08.2024 11:00,87.75,EUR,
02.08.2024 11:00 - 02.08.2024 12:00,75.47,EUR,
02.08.2024 12:00 - 02.08.2024 13:00,95,EUR,
02.08.2024 13:00 - 02.08.2024 14:00,99.52,EUR,
02.08.2024 14:00 - 02.08.2024 15:00,106.72,EUR,
02.08.2024 15:00 - 02.08.2024 16:00,106.28,EUR,
02.08.2024 16:00 - 02.08.2024 17:00,113.34,EUR,
02.08.2024 17:00 - 02.08.2024 18:00,139.28,EUR,
02.08.2024 18:00 - 02.08.2024 19:00,157.92,EUR,
02.08.2024 19:00 - 02.08.2024 20:00,212.1,EUR,
02.08.2024 20:00 - 02.08.2024 21:00,228,EUR,
02.08.2024 21:00 - 02.08.2024 22:00,165,EUR,
02.08.2024 22:00 - 02.08.2024 23:00,119.63,EUR,
02.08.2024 23:00 - 03.08.2024 00:00,112.83,EUR,
03.08.2024 00:00 - 03.08.2024 01:00,118.2,EUR,
03.08.2024 01:00 - 03.08.2024 02:00,117.16,EUR,
03.08.2024 02:00 - 03.08.2024 03:00,114.62,EUR,
03.08.2024 03:00 - 03.08.2024 04:00,113,EUR,
03.08.2024 04:00 - 03.08.2024 05:00,113.46,EUR,
03.08.2024 05:00 - 03.08.2024 06:00,111.33,EUR,
03.08.2024 06:00 - 03.08.2024 07:00,113.9,EUR,
03.08.2024 07:00 - 03.08.2024 08:00,114.62,EUR,
03.08.2024 08:00 - 03.08.2024 09:00,111.44,EUR,
03.08.2024 09:00 - 03.08.2024 10:00,101.99,EUR,
03.08.2024 10:00 - 03.08.2024 11:00,98.29,EUR,
03.08.2024 11:00 - 03.08.2024 12:00,60.01,EUR,
03.08.2024 12:00 - 03.08.2024 13:00,100,EUR,
03.08.2024 13:00 - 03.08.2024 14:00,101.15,EUR,
03.08.2024 14:00 - 03.08.2024 15:00,105,EUR,
03.08.2024 15:00 - 03.08.2024 16:00,109.77,EUR,
03.08.2024 16:00 - 03.08.2024 17:00,115.51,EUR,
03.08.2024 17:00 - 03.08.2024 18:00,129.32,EUR,
03.08.2024 18:00 - 03.08.2024 19:00,126.71,EUR,
03.08.2024 19:00 - 03.08.2024 20:00,166.7,EUR,
03.08.2024 20:00 - 03.08.2024 21:00,187.97,EUR,
03.08.2024 21:00 - 03.08.2024 22:00,174,EUR,
03.08.2024 22:00 - 03.08.2024 23:00,134.3,EUR,
03.08.2024 23:00 - 04.08.2024 00:00,118.52,EUR,
04.08.2024 00:00 - 04.08.2024 01:00,179.68,EUR,
04.08.2024 01:00 - 04.08.2024 02:00,166.05,EUR,
04.08.2024 02:00 - 04.08.2024 03:00,149.5,EUR,
04.08.2024 03:00 - 04.08.2024 04:00,151.87,EUR,
04.08.2024 04:00 - 04.08.2024 05:00,126.58,EUR,
04.08.2024 05:00 - 04.08.2024 06:00,114.92,EUR,
04.08.2024 06:00 - 04.08.2024 07:00,111.84,EUR,
04.08.2024 07:00 - 04.08.2024 08:00,102,EUR,
04.08.2024 08:00 - 04.08.2024 09:00,102,EUR,
04.08.2024 09:00 - 04.08.2024 10:00,99.21,EUR,
04.08.2024 10:00 - 04.08.2024 11:00,90,EUR,
04.08.2024 11:00 - 04.08.2024 12:00,54.8,EUR,
04.08.2024 12:00 - 04.08.2024 13:00,95.84,EUR,
04.08.2024 13:00 - 04.08.2024 14:00,114.04,EUR,
04.08.2024 14:00 - 04.08.2024 15:00,114.1,EUR,
04.08.2024 15:00 - 04.08.2024 16:00,111.13,EUR,
04.08.2024 16:00 - 04.08.2024 17:00,111.13,EUR,
04.08.2024 17:00 - 04.08.2024 18:00,114.77,EUR,
04.08.2024 18:00 - 04.08.2024 19:00,131.91,EUR,
04.08.2024 19:00 - 04.08.2024 20:00,166.25,EUR,
04.08.2024 20:00 - 04.08.2024 21:00,220,EUR,
04.08.2024 21:00 - 04.08.2024 22:00,194.68,EUR,
04.08.2024 22:00 - 04.08.2024 23:00,145.62,EUR,
04.08.2024 23:00 - 05.08.2024 00:00,115.34,EUR,
05.08.2024 00:00 - 05.08.2024 01:00,119.77,EUR,
05.08.2024 01:00 - 05.08.2024 02:00,117.75,EUR,
05.08.2024 02:00 - 05.08.2024 03:00,115.34,EUR,
05.08.2024 03:00 - 05.08.2024 04:00,114.75,EUR,
05.08.2024 04:00 - 05.08.2024 05:00,112.2,EUR,
05.08.2024 05:00 - 05.08.2024 06:00,113.64,EUR,
05.08.2024 06:00 - 05.08.2024 07:00,119.77,EUR,
05.08.2024 07:00 - 05.08.2024 08:00,130.85,EUR,
05.08.2024 08:00 - 05.08.2024 09:00,114.44,EUR,
05.08.2024 09:00 - 05.08.2024 10:00,103.28,EUR,
05.08.2024 10:00 - 05.08.2024 11:00,85.23,EUR,
05.08.2024 11:00 - 05.08.2024 12:00,89,EUR,
05.08.2024 12:00 - 05.08.2024 13:00,101.22,EUR,
05.08.2024 13:00 - 05.08.2024 14:00,102,EUR,
05.08.2024 14:00 - 05.08.2024 15:00,110.5,EUR,
05.08.2024 15:00 - 05.08.2024 16:00,116.83,EUR,
05.08.2024 16:00 - 05.08.2024 17:00,170.84,EUR,
05.08.2024 17:00 - 05.08.2024 18:00,189.94,EUR,
05.08.2024 18:00 - 05.08.2024 19:00,216.01,EUR,
05.08.2024 19:00 - 05.08.2024 20:00,280.19,EUR,
05.08.2024 20:00 - 05.08.2024 21:00,313.14,EUR,
05.08.2024 21:00 - 05.08.2024 22:00,230,EUR,
05.08.2024 22:00 - 05.08.2024 23:00,166.05,EUR,
05.08.2024 23:00 - 06.08.2024 00:00,114.84,EUR,
06.08.2024 00:00 - 06.08.2024 01:00,119.77,EUR,
06.08.2024 01:00 - 06.08.2024 02:00,117.77,EUR,
06.08.2024 02:00 - 06.08.2024 03:00,116.06,EUR,
06.08.2024 03:00 - 06.08.2024 04:00,114.02,EUR,
06.08.2024 04:00 - 06.08.2024 05:00,114.49,EUR,
06.08.2024 05:00 - 06.08.2024 06:00,115,EUR,
06.08.2024 06:00 - 06.08.2024 07:00,125.16,EUR,
06.08.2024 07:00 - 06.08.2024 08:00,139.44,EUR,
06.08.2024 08:00 - 06.08.2024 09:00,112.29,EUR,
06.08.2024 09:00 - 06.08.2024 10:00,100.01,EUR,
06.08.2024 10:00 - 06.08.2024 11:00,57.67,EUR,
06.08.2024 11:00 - 06.08.2024 12:00,41.85,EUR,
06.08.2024 12:00 - 06.08.2024 13:00,53.5,EUR,
06.08.2024 13:00 - 06.08.2024 14:00,85,EUR,
06.08.2024 14:00 - 06.08.2024 15:00,115,EUR,
06.08.2024 15:00 - 06.08.2024 16:00,117.75,EUR,
06.08.2024 16:00 - 06.08.2024 17:00,121,EUR,
06.08.2024 17:00 - 06.08.2024 18:00,128.4,EUR,
06.08.2024 18:00 - 06.08.2024 19:00,190,EUR,
06.08.2024 19:00 - 06.08.2024 20:00,234.5,EUR,
06.08.2024 20:00 - 06.08.2024 21:00,347.47,EUR,
06.08.2024 21:00 - 06.08.2024 22:00,233,EUR,
06.08.2024 22:00 - 06.08.2024 23:00,136.27,EUR,
06.08.2024 23:00 - 07.08.2024 00:00,115.01,EUR,
07.08.2024 00:00 - 07.08.2024 01:00,118.56,EUR,
07.08.2024 01:00 - 07.08.2024 02:00,117.37,EUR,
07.08.2024 02:00 - 07.08.2024 03:00,115.35,EUR,
07.08.2024 03:00 - 07.08.2024 04:00,114.29,EUR,
07.08.2024 04:00 - 07.08.2024 05:00,111.98,EUR,
07.08.2024 05:00 - 07.08.2024 06:00,112.71,EUR,
07.08.2024 06:00 - 07.08.2024 07:00,126.82,EUR,
07.08.2024 07:00 - 07.08.2024 08:00,128.66,EUR,
07.08.2024 08:00 - 07.08.2024 09:00,109.5,EUR,
07.08.2024 09:00 - 07.08.2024 10:00,95,EUR,
07.08.2024 10:00 - 07.08.2024 11:00,73.82,EUR,
07.08.2024 11:00 - 07.08.2024 12:00,62.8,EUR,
07.08.2024 12:00 - 07.08.2024 13:00,53.55,EUR,
07.08.2024 13:00 - 07.08.2024 14:00,65.44,EUR,
07.08.2024 14:00 - 07.08.2024 15:00,70.01,EUR,
07.08.2024 15:00 - 07.08.2024 16:00,98.94,EUR,
07.08.2024 16:00 - 07.08.2024 17:00,119.79,EUR,
07.08.2024 17:00 - 07.08.2024 18:00,124,EUR,
07.08.2024 18:00 - 07.08.2024 19:00,184.27,EUR,
07.08.2024 19:00 - 07.08.2024 20:00,238.6,EUR,
07.08.2024 20:00 - 07.08.2024 21:00,330,EUR,
07.08.2024 21:00 - 07.08.2024 22:00,208.8,EUR,
07.08.2024 22:00 - 07.08.2024 23:00,160,EUR,
07.08.2024 23:00 - 08.08.2024 00:00,120.36,EUR,
08.08.2024 00:00 - 08.08.2024 01:00,129.09,EUR,
08.08.2024 01:00 - 08.08.2024 02:00,119.49,EUR,
08.08.2024 02:00 - 08.08.2024 03:00,113.6,EUR,
08.08.2024 03:00 - 08.08.2024 04:00,112.56,EUR,
08.08.2024 04:00 - 08.08.2024 05:00,107.63,EUR,
08.08.2024 05:00 - 08.08.2024 06:00,115.3,EUR,
08.08.2024 06:00 - 08.08.2024 07:00,126.9,EUR,
08.08.2024 07:00 - 08.08.2024 08:00,124.58,EUR,
08.08.2024 08:00 - 08.08.2024 09:00,114.29,EUR,
08.08.2024 09:00 - 08.08.2024 10:00,106.81,EUR,
08.08.2024 10:00 - 08.08.2024 11:00,87.49,EUR,
08.08.2024 11:00 - 08.08.2024 12:00,71.57,EUR,
08.08.2024 12:00 - 08.08.2024 13:00,56.97,EUR,
08.08.2024 13:00 - 08.08.2024 14:00,60.28,EUR,
08.08.2024 14:00 - 08.08.2024 15:00,64.35,EUR,
08.08.2024 15:00 - 08.08.2024 16:00,96.13,EUR,
08.08.2024 16:00 - 08.08.2024 17:00,122.01,EUR,
08.08.2024 17:00 - 08.08.2024 18:00,133.44,EUR,
08.08.2024 18:00 - 08.08.2024 19:00,215,EUR,
08.08.2024 19:00 - 08.08.2024 20:00,269.25,EUR,
08.08.2024 20:00 - 08.08.2024 21:00,338.47,EUR,
08.08.2024 21:00 - 08.08.2024 22:00,235.8,EUR,
08.08.2024 22:00 - 08.08.2024 23:00,160.09,EUR,
08.08.2024 23:00 - 09.08.2024 00:00,116.3,EUR,
09.08.2024 00:00 - 09.08.2024 01:00,116.13,EUR,
09.08.2024 01:00 - 09.08.2024 02:00,113.18,EUR,
09.08.2024 02:00 - 09.08.2024 03:00,108.94,EUR,
09.08.2024 03:00 - 09.08.2024 04:00,101.99,EUR,
09.08.2024 04:00 - 09.08.2024 05:00,98.01,EUR,
09.08.2024 05:00 - 09.08.2024 06:00,114.08,EUR,
09.08.2024 06:00 - 09.08.2024 07:00,122.42,EUR,
09.08.2024 07:00 - 09.08.2024 08:00,119.18,EUR,
09.08.2024 08:00 - 09.08.2024 09:00,105.26,EUR,
09.08.2024 09:00 - 09.08.2024 10:00,97.7,EUR,
09.08.2024 10:00 - 09.08.2024 11:00,59.69,EUR,
09.08.2024 11:00 - 09.08.2024 12:00,55,EUR,
09.08.2024 12:00 - 09.08.2024 13:00,50.24,EUR,
09.08.2024 13:00 - 09.08.2024 14:00,91.95,EUR,
09.08.2024 14:00 - 09.08.2024 15:00,113.49,EUR,
09.08.2024 15:00 - 09.08.2024 16:00,115.69,EUR,
09.08.2024 16:00 - 09.08.2024 17:00,118,EUR,
09.08.2024 17:00 - 09.08.2024 18:00,152.51,EUR,
09.08.2024 18:00 - 09.08.2024 19:00,185.87,EUR,
09.08.2024 19:00 - 09.08.2024 20:00,194.05,EUR,
09.08.2024 20:00 - 09.08.2024 21:00,234.5,EUR,
09.08.2024 21:00 - 09.08.2024 22:00,170,EUR,
09.08.2024 22:00 - 09.08.2024 23:00,134.01,EUR,
09.08.2024 23:00 - 10.08.2024 00:00,123.98,EUR,
10.08.2024 00:00 - 10.08.2024 01:00,170.07,EUR,
10.08.2024 01:00 - 10.08.2024 02:00,134.47,EUR,
10.08.2024 02:00 - 10.08.2024 03:00,123.28,EUR,
10.08.2024 03:00 - 10.08.2024 04:00,113.33,EUR,
10.08.2024 04:00 - 10.08.2024 05:00,112.56,EUR,
10.08.2024 05:00 - 10.08.2024 06:00,111.12,EUR,
10.08.2024 06:00 - 10.08.2024 07:00,110.89,EUR,
10.08.2024 07:00 - 10.08.2024 08:00,115.78,EUR,
10.08.2024 08:00 - 10.08.2024 09:00,99.5,EUR,
10.08.2024 09:00 - 10.08.2024 10:00,70.76,EUR,
10.08.2024 10:00 - 10.08.2024 11:00,50,EUR,
10.08.2024 11:00 - 10.08.2024 12:00,28.49,EUR,
10.08.2024 12:00 - 10.08.2024 13:00,50,EUR,
10.08.2024 13:00 - 10.08.2024 14:00,85.53,EUR,
10.08.2024 14:00 - 10.08.2024 15:00,95.76,EUR,
10.08.2024 15:00 - 10.08.2024 16:00,77.39,EUR,
10.08.2024 16:00 - 10.08.2024 17:00,108.68,EUR,
10.08.2024 17:00 - 10.08.2024 18:00,118.72,EUR,
10.08.2024 18:00 - 10.08.2024 19:00,146.54,EUR,
10.08.2024 19:00 - 10.08.2024 20:00,150,EUR,
10.08.2024 20:00 - 10.08.2024 21:00,186.19,EUR,
10.08.2024 21:00 - 10.08.2024 22:00,170.07,EUR,
10.08.2024 22:00 - 10.08.2024 23:00,123.9,EUR,
10.08.2024 23:00 - 11.08.2024 00:00,107.2,EUR,
11.08.2024 00:00 - 11.08.2024 01:00,109.45,EUR,
11.08.2024 01:00 - 11.08.2024 02:00,112.79,EUR,
11.08.2024 02:00 - 11.08.2024 03:00,108.72,EUR,
11.08.2024 03:00 - 11.08.2024 04:00,103.95,EUR,
11.08.2024 04:00 - 11.08.2024 05:00,100.29,EUR,
11.08.2024 05:00 - 11.08.2024 06:00,96.34,EUR,
11.08.2024 06:00 - 11.08.2024 07:00,97.66,EUR,
11.08.2024 07:00 - 11.08.2024 08:00,70.77,EUR,
11.08.2024 08:00 - 11.08.2024 09:00,27.38,EUR,
11.08.2024 09:00 - 11.08.2024 10:00,0.04,EUR,
11.08.2024 10:00 - 11.08.2024 11:00,0.04,EUR,
11.08.2024 11:00 - 11.08.2024 12:00,0.04,EUR,
11.08.2024 12:00 - 11.08.2024 13:00,0.04,EUR,
11.08.2024 13:00 - 11.08.2024 14:00,0.04,EUR,
11.08.2024 14:00 - 11.08.2024 15:00,0.04,EUR,
11.08.2024 15:00 - 11.08.2024 16:00,0.04,EUR,
11.08.2024 16:00 - 11.08.2024 17:00,12.17,EUR,
11.08.2024 17:00 - 11.08.2024 18:00,82.09,EUR,
11.08.2024 18:00 - 11.08.2024 19:00,109.13,EUR,
11.08.2024 19:00 - 11.08.2024 20:00,161.11,EUR,
11.08.2024 20:00 - 11.08.2024 21:00,160,EUR,
11.08.2024 21:00 - 11.08.2024 22:00,134.3,EUR,
11.08.2024 22:00 - 11.08.2024 23:00,106.69,EUR,
11.08.2024 23:00 - 12.08.2024 00:00,96.29,EUR,
12.08.2024 00:00 - 12.08.2024 01:00,110.51,EUR,
12.08.2024 01:00 - 12.08.2024 02:00,108.5,EUR,
12.08.2024 02:00 - 12.08.2024 03:00,99.2,EUR,
12.08.2024 03:00 - 12.08.2024 04:00,93.4,EUR,
12.08.2024 04:00 - 12.08.2024 05:00,95.14,EUR,
12.08.2024 05:00 - 12.08.2024 06:00,114.54,EUR,
12.08.2024 06:00 - 12.08.2024 07:00,146.39,EUR,
12.08.2024 07:00 - 12.08.2024 08:00,130.17,EUR,
12.08.2024 08:00 - 12.08.2024 09:00,106,EUR,
12.08.2024 09:00 - 12.08.2024 10:00,69.91,EUR,
12.08.2024 10:00 - 12.08.2024 11:00,40.12,EUR,
12.08.2024 11:00 - 12.08.2024 12:00,16.04,EUR,
12.08.2024 12:00 - 12.08.2024 13:00,19.67,EUR,
12.08.2024 13:00 - 12.08.2024 14:00,26.1,EUR,
12.08.2024 14:00 - 12.08.2024 15:00,48.4,EUR,
12.08.2024 15:00 - 12.08.2024 16:00,77.39,EUR,
12.08.2024 16:00 - 12.08.2024 17:00,109.62,EUR,
12.08.2024 17:00 - 12.08.2024 18:00,130.7,EUR,
12.08.2024 18:00 - 12.08.2024 19:00,167.21,EUR,
12.08.2024 19:00 - 12.08.2024 20:00,230,EUR,
12.08.2024 20:00 - 12.08.2024 21:00,246.6,EUR,
12.08.2024 21:00 - 12.08.2024 22:00,191.28,EUR,
12.08.2024 22:00 - 12.08.2024 23:00,139.23,EUR,
12.08.2024 23:00 - 13.08.2024 00:00,101.45,EUR,
13.08.2024 00:00 - 13.08.2024 01:00,106.3,EUR,
13.08.2024 01:00 - 13.08.2024 02:00,92.72,EUR,
13.08.2024 02:00 - 13.08.2024 03:00,86.4,EUR,
13.08.2024 03:00 - 13.08.2024 04:00,83.79,EUR,
13.08.2024 04:00 - 13.08.2024 05:00,85.64,EUR,
13.08.2024 05:00 - 13.08.2024 06:00,110.72,EUR,
13.08.2024 06:00 - 13.08.2024 07:00,123,EUR,
13.08.2024 07:00 - 13.08.2024 08:00,124,EUR,
13.08.2024 08:00 - 13.08.2024 09:00,117.9,EUR,
13.08.2024 09:00 - 13.08.2024 10:00,105.36,EUR,
13.08.2024 10:00 - 13.08.2024 11:00,99.74,EUR,
13.08.2024 11:00 - 13.08.2024 12:00,95.01,EUR,
13.08.2024 12:00 - 13.08.2024 13:00,97.84,EUR,
13.08.2024 13:00 - 13.08.2024 14:00,96,EUR,
13.08.2024 14:00 - 13.08.2024 15:00,99.7,EUR,
13.08.2024 15:00 - 13.08.2024 16:00,114.02,EUR,
13.08.2024 16:00 - 13.08.2024 17:00,148.71,EUR,
13.08.2024 17:00 - 13.08.2024 18:00,199.84,EUR,
13.08.2024 18:00 - 13.08.2024 19:00,261.87,EUR,
13.08.2024 19:00 - 13.08.2024 20:00,339.64,EUR,
13.08.2024 20:00 - 13.08.2024 21:00,353.23,EUR,
13.08.2024 21:00 - 13.08.2024 22:00,247.6,EUR,
13.08.2024 22:00 - 13.08.2024 23:00,179.99,EUR,
13.08.2024 23:00 - 14.08.2024 00:00,133.34,EUR,
14.08.2024 00:00 - 14.08.2024 01:00,125.18,EUR,
14.08.2024 01:00 - 14.08.2024 02:00,116.48,EUR,
14.08.2024 02:00 - 14.08.2024 03:00,109.75,EUR,
14.08.2024 03:00 - 14.08.2024 04:00,104.02,EUR,
14.08.2024 04:00 - 14.08.2024 05:00,94.61,EUR,
14.08.2024 05:00 - 14.08.2024 06:00,103.37,EUR,
14.08.2024 06:00 - 14.08.2024 07:00,124.69,EUR,
14.08.2024 07:00 - 14.08.2024 08:00,123.76,EUR,
14.08.2024 08:00 - 14.08.2024 09:00,114.62,EUR,
14.08.2024 09:00 - 14.08.2024 10:00,100.66,EUR,
14.08.2024 10:00 - 14.08.2024 11:00,82.47,EUR,
14.08.2024 11:00 - 14.08.2024 12:00,77.59,EUR,
14.08.2024 12:00 - 14.08.2024 13:00,77.63,EUR,
14.08.2024 13:00 - 14.08.2024 14:00,85.62,EUR,
14.08.2024 14:00 - 14.08.2024 15:00,91.94,EUR,
14.08.2024 15:00 - 14.08.2024 16:00,102,EUR,
14.08.2024 16:00 - 14.08.2024 17:00,118.5,EUR,
14.08.2024 17:00 - 14.08.2024 18:00,125,EUR,
14.08.2024 18:00 - 14.08.2024 19:00,169.07,EUR,
14.08.2024 19:00 - 14.08.2024 20:00,239.1,EUR,
14.08.2024 20:00 - 14.08.2024 21:00,245.5,EUR,
14.08.2024 21:00 - 14.08.2024 22:00,179.99,EUR,
14.08.2024 22:00 - 14.08.2024 23:00,130.01,EUR,
14.08.2024 23:00 - 15.08.2024 00:00,114.48,EUR,
15.08.2024 00:00 - 15.08.2024 01:00,112.33,EUR,
15.08.2024 01:00 - 15.08.2024 02:00,111.64,EUR,
15.08.2024 02:00 - 15.08.2024 03:00,112.23,EUR,
15.08.2024 03:00 - 15.08.2024 04:00,99.04,EUR,
15.08.2024 04:00 - 15.08.2024 05:00,99.49,EUR,
15.08.2024 05:00 - 15.08.2024 06:00,107.78,EUR,
15.08.2024 06:00 - 15.08.2024 07:00,125.09,EUR,
15.08.2024 07:00 - 15.08.2024 08:00,120.52,EUR,
15.08.2024 08:00 - 15.08.2024 09:00,86.67,EUR,
15.08.2024 09:00 - 15.08.2024 10:00,82.26,EUR,
15.08.2024 10:00 - 15.08.2024 11:00,65.31,EUR,
15.08.2024 11:00 - 15.08.2024 12:00,21.09,EUR,
15.08.2024 12:00 - 15.08.2024 13:00,14.53,EUR,
15.08.2024 13:00 - 15.08.2024 14:00,12.74,EUR,
15.08.2024 14:00 - 15.08.2024 15:00,14.04,EUR,
15.08.2024 15:00 - 15.08.2024 16:00,71.36,EUR,
15.08.2024 16:00 - 15.08.2024 17:00,117.85,EUR,
15.08.2024 17:00 - 15.08.2024 18:00,121.57,EUR,
15.08.2024 18:00 - 15.08.2024 19:00,139.12,EUR,
15.08.2024 19:00 - 15.08.2024 20:00,172.44,EUR,
15.08.2024 20:00 - 15.08.2024 21:00,238.67,EUR,
15.08.2024 21:00 - 15.08.2024 22:00,191.3,EUR,
15.08.2024 22:00 - 15.08.2024 23:00,147.4,EUR,
15.08.2024 23:00 - 16.08.2024 00:00,124.62,EUR,
16.08.2024 00:00 - 16.08.2024 01:00,117.74,EUR,
16.08.2024 01:00 - 16.08.2024 02:00,106.24,EUR,
16.08.2024 02:00 - 16.08.2024 03:00,103.63,EUR,
16.08.2024 03:00 - 16.08.2024 04:00,103.64,EUR,
16.08.2024 04:00 - 16.08.2024 05:00,102,EUR,
16.08.2024 05:00 - 16.08.2024 06:00,114.9,EUR,
16.08.2024 06:00 - 16.08.2024 07:00,121.87,EUR,
16.08.2024 07:00 - 16.08.2024 08:00,122,EUR,
16.08.2024 08:00 - 16.08.2024 09:00,118,EUR,
16.08.2024 09:00 - 16.08.2024 10:00,97.92,EUR,
16.08.2024 10:00 - 16.08.2024 11:00,75,EUR,
16.08.2024 11:00 - 16.08.2024 12:00,63.85,EUR,
16.08.2024 12:00 - 16.08.2024 13:00,75,EUR,
16.08.2024 13:00 - 16.08.2024 14:00,91.94,EUR,
16.08.2024 14:00 - 16.08.2024 15:00,100.28,EUR,
16.08.2024 15:00 - 16.08.2024 16:00,116.34,EUR,
16.08.2024 16:00 - 16.08.2024 17:00,165.08,EUR,
16.08.2024 17:00 - 16.08.2024 18:00,183.6,EUR,
16.08.2024 18:00 - 16.08.2024 19:00,262.8,EUR,
16.08.2024 19:00 - 16.08.2024 20:00,346.95,EUR,
16.08.2024 20:00 - 16.08.2024 21:00,362.91,EUR,
16.08.2024 21:00 - 16.08.2024 22:00,255.05,EUR,
16.08.2024 22:00 - 16.08.2024 23:00,145.11,EUR,
16.08.2024 23:00 - 17.08.2024 00:00,124.17,EUR,
17.08.2024 00:00 - 17.08.2024 01:00,121.34,EUR,
17.08.2024 01:00 - 17.08.2024 02:00,115.22,EUR,
17.08.2024 02:00 - 17.08.2024 03:00,113.13,EUR,
17.08.2024 03:00 - 17.08.2024 04:00,114.66,EUR,
17.08.2024 04:00 - 17.08.2024 05:00,111.92,EUR,
17.08.2024 05:00 - 17.08.2024 06:00,107.69,EUR,
17.08.2024 06:00 - 17.08.2024 07:00,103.74,EUR,
17.08.2024 07:00 - 17.08.2024 08:00,101.04,EUR,
17.08.2024 08:00 - 17.08.2024 09:00,101.55,EUR,
17.08.2024 09:00 - 17.08.2024 10:00,80.38,EUR,
17.08.2024 10:00 - 17.08.2024 11:00,69.47,EUR,
17.08.2024 11:00 - 17.08.2024 12:00,58.46,EUR,
17.08.2024 12:00 - 17.08.2024 13:00,48.33,EUR,
17.08.2024 13:00 - 17.08.2024 14:00,46.33,EUR,
17.08.2024 14:00 - 17.08.2024 15:00,64.81,EUR,
17.08.2024 15:00 - 17.08.2024 16:00,100.26,EUR,
17.08.2024 16:00 - 17.08.2024 17:00,91.94,EUR,
17.08.2024 17:00 - 17.08.2024 18:00,144.49,EUR,
17.08.2024 18:00 - 17.08.2024 19:00,233.36,EUR,
17.08.2024 19:00 - 17.08.2024 20:00,172.44,EUR,
17.08.2024 20:00 - 17.08.2024 21:00,217.18,EUR,
17.08.2024 21:00 - 17.08.2024 22:00,172.44,EUR,
17.08.2024 22:00 - 17.08.2024 23:00,130,EUR,
17.08.2024 23:00 - 18.08.2024 00:00,117.82,EUR,
18.08.2024 00:00 - 18.08.2024 01:00,123.29,EUR,
18.08.2024 01:00 - 18.08.2024 02:00,114.36,EUR,
18.08.2024 02:00 - 18.08.2024 03:00,115.65,EUR,
18.08.2024 03:00 - 18.08.2024 04:00,114.71,EUR,
18.08.2024 04:00 - 18.08.2024 05:00,108.91,EUR,
18.08.2024 05:00 - 18.08.2024 06:00,101.99,EUR,
18.08.2024 06:00 - 18.08.2024 07:00,95.97,EUR,
18.08.2024 07:00 - 18.08.2024 08:00,91.59,EUR,
18.08.2024 08:00 - 18.08.2024 09:00,85.67,EUR,
18.08.2024 09:00 - 18.08.2024 10:00,78.19,EUR,
18.08.2024 10:00 - 18.08.2024 11:00,33.01,EUR,
18.08.2024 11:00 - 18.08.2024 12:00,30.12,EUR,
18.08.2024 12:00 - 18.08.2024 13:00,58.77,EUR,
18.08.2024 13:00 - 18.08.2024 14:00,100.69,EUR,
18.08.2024 14:00 - 18.08.2024 15:00,110,EUR,
18.08.2024 15:00 - 18.08.2024 16:00,106.31,EUR,
18.08.2024 16:00 - 18.08.2024 17:00,109.35,EUR,
18.08.2024 17:00 - 18.08.2024 18:00,140.54,EUR,
18.08.2024 18:00 - 18.08.2024 19:00,127.54,EUR,
18.08.2024 19:00 - 18.08.2024 20:00,193.87,EUR,
18.08.2024 20:00 - 18.08.2024 21:00,255.88,EUR,
18.08.2024 21:00 - 18.08.2024 22:00,168.32,EUR,
18.08.2024 22:00 - 18.08.2024 23:00,130,EUR,
18.08.2024 23:00 - 19.08.2024 00:00,120,EUR,
19.08.2024 00:00 - 19.08.2024 01:00,118,EUR,
19.08.2024 01:00 - 19.08.2024 02:00,112.06,EUR,
19.08.2024 02:00 - 19.08.2024 03:00,110.04,EUR,
19.08.2024 03:00 - 19.08.2024 04:00,108.15,EUR,
19.08.2024 04:00 - 19.08.2024 05:00,107.8,EUR,
19.08.2024 05:00 - 19.08.2024 06:00,113.3,EUR,
19.08.2024 06:00 - 19.08.2024 07:00,130.48,EUR,
19.08.2024 07:00 - 19.08.2024 08:00,151.58,EUR,
19.08.2024 08:00 - 19.08.2024 09:00,128.41,EUR,
19.08.2024 09:00 - 19.08.2024 10:00,112.58,EUR,
19.08.2024 10:00 - 19.08.2024 11:00,95.52,EUR,
19.08.2024 11:00 - 19.08.2024 12:00,88.84,EUR,
19.08.2024 12:00 - 19.08.2024 13:00,101.48,EUR,
19.08.2024 13:00 - 19.08.2024 14:00,103.78,EUR,
19.08.2024 14:00 - 19.08.2024 15:00,110,EUR,
19.08.2024 15:00 - 19.08.2024 16:00,119.34,EUR,
19.08.2024 16:00 - 19.08.2024 17:00,174.64,EUR,
19.08.2024 17:00 - 19.08.2024 18:00,230.53,EUR,
19.08.2024 18:00 - 19.08.2024 19:00,354.47,EUR,
19.08.2024 19:00 - 19.08.2024 20:00,386.03,EUR,
19.08.2024 20:00 - 19.08.2024 21:00,223.9,EUR,
19.08.2024 21:00 - 19.08.2024 22:00,142.15,EUR,
19.08.2024 22:00 - 19.08.2024 23:00,125,EUR,
19.08.2024 23:00 - 20.08.2024 00:00,121,EUR,
20.08.2024 00:00 - 20.08.2024 01:00,119.12,EUR,
20.08.2024 01:00 - 20.08.2024 02:00,108.64,EUR,
20.08.2024 02:00 - 20.08.2024 03:00,102.46,EUR,
20.08.2024 03:00 - 20.08.2024 04:00,101.84,EUR,
20.08.2024 04:00 - 20.08.2024 05:00,101.22,EUR,
20.08.2024 05:00 - 20.08.2024 06:00,108.68,EUR,
20.08.2024 06:00 - 20.08.2024 07:00,126.68,EUR,
20.08.2024 07:00 - 20.08.2024 08:00,128.67,EUR,
20.08.2024 08:00 - 20.08.2024 09:00,122,EUR,
20.08.2024 09:00 - 20.08.2024 10:00,115.25,EUR,
20.08.2024 10:00 - 20.08.2024 11:00,101.99,EUR,
20.08.2024 11:00 - 20.08.2024 12:00,100.28,EUR,
20.08.2024 12:00 - 20.08.2024 13:00,100.52,EUR,
20.08.2024 13:00 - 20.08.2024 14:00,101.84,EUR,
20.08.2024 14:00 - 20.08.2024 15:00,107.14,EUR,
20.08.2024 15:00 - 20.08.2024 16:00,129.9,EUR,
20.08.2024 16:00 - 20.08.2024 17:00,127.82,EUR,
20.08.2024 17:00 - 20.08.2024 18:00,181.9,EUR,
20.08.2024 18:00 - 20.08.2024 19:00,191.08,EUR,
20.08.2024 19:00 - 20.08.2024 20:00,290,EUR,
20.08.2024 20:00 - 20.08.2024 21:00,333.5,EUR,
20.08.2024 21:00 - 20.08.2024 22:00,160,EUR,
20.08.2024 22:00 - 20.08.2024 23:00,129.81,EUR,
20.08.2024 23:00 - 21.08.2024 00:00,121.6,EUR,
21.08.2024 00:00 - 21.08.2024 01:00,133.45,EUR,
21.08.2024 01:00 - 21.08.2024 02:00,121.59,EUR,
21.08.2024 02:00 - 21.08.2024 03:00,117.97,EUR,
21.08.2024 03:00 - 21.08.2024 04:00,115.72,EUR,
21.08.2024 04:00 - 21.08.2024 05:00,116.5,EUR,
21.08.2024 05:00 - 21.08.2024 06:00,121.62,EUR,
21.08.2024 06:00 - 21.08.2024 07:00,153.99,EUR,
21.08.2024 07:00 - 21.08.2024 08:00,146.96,EUR,
21.08.2024 08:00 - 21.08.2024 09:00,136.22,EUR,
21.08.2024 09:00 - 21.08.2024 10:00,119,EUR,
21.08.2024 10:00 - 21.08.2024 11:00,119,EUR,
21.08.2024 11:00 - 21.08.2024 12:00,114.87,EUR,
21.08.2024 12:00 - 21.08.2024 13:00,117.43,EUR,
21.08.2024 13:00 - 21.08.2024 14:00,135,EUR,
21.08.2024 14:00 - 21.08.2024 15:00,148.64,EUR,
21.08.2024 15:00 - 21.08.2024 16:00,173.27,EUR,
21.08.2024 16:00 - 21.08.2024 17:00,193.91,EUR,
21.08.2024 17:00 - 21.08.2024 18:00,170.44,EUR,
21.08.2024 18:00 - 21.08.2024 19:00,163.71,EUR,
21.08.2024 19:00 - 21.08.2024 20:00,351.6,EUR,
21.08.2024 20:00 - 21.08.2024 21:00,264.33,EUR,
21.08.2024 21:00 - 21.08.2024 22:00,151.27,EUR,
21.08.2024 22:00 - 21.08.2024 23:00,126.27,EUR,
21.08.2024 23:00 - 22.08.2024 00:00,121.11,EUR,
22.08.2024 00:00 - 22.08.2024 01:00,118.5,EUR,
22.08.2024 01:00 - 22.08.2024 02:00,110,EUR,
22.08.2024 02:00 - 22.08.2024 03:00,108.76,EUR,
22.08.2024 03:00 - 22.08.2024 04:00,107,EUR,
22.08.2024 04:00 - 22.08.2024 05:00,106.4,EUR,
22.08.2024 05:00 - 22.08.2024 06:00,110,EUR,
22.08.2024 06:00 - 22.08.2024 07:00,120.36,EUR,
22.08.2024 07:00 - 22.08.2024 08:00,127.04,EUR,
22.08.2024 08:00 - 22.08.2024 09:00,113.77,EUR,
22.08.2024 09:00 - 22.08.2024 10:00,88.52,EUR,
22.08.2024 10:00 - 22.08.2024 11:00,60.28,EUR,
22.08.2024 11:00 - 22.08.2024 12:00,71.38,EUR,
22.08.2024 12:00 - 22.08.2024 13:00,80.37,EUR,
22.08.2024 13:00 - 22.08.2024 14:00,99.3,EUR,
22.08.2024 14:00 - 22.08.2024 15:00,103.01,EUR,
22.08.2024 15:00 - 22.08.2024 16:00,107.59,EUR,
22.08.2024 16:00 - 22.08.2024 17:00,113.97,EUR,
22.08.2024 17:00 - 22.08.2024 18:00,142.7,EUR,
22.08.2024 18:00 - 22.08.2024 19:00,162.04,EUR,
22.08.2024 19:00 - 22.08.2024 20:00,224.42,EUR,
22.08.2024 20:00 - 22.08.2024 21:00,208.85,EUR,
22.08.2024 21:00 - 22.08.2024 22:00,146.01,EUR,
22.08.2024 22:00 - 22.08.2024 23:00,123.03,EUR,
22.08.2024 23:00 - 23.08.2024 00:00,120,EUR,
23.08.2024 00:00 - 23.08.2024 01:00,122.17,EUR,
23.08.2024 01:00 - 23.08.2024 02:00,110.82,EUR,
23.08.2024 02:00 - 23.08.2024 03:00,111.81,EUR,
23.08.2024 03:00 - 23.08.2024 04:00,115,EUR,
23.08.2024 04:00 - 23.08.2024 05:00,115.77,EUR,
23.08.2024 05:00 - 23.08.2024 06:00,116,EUR,
23.08.2024 06:00 - 23.08.2024 07:00,137.93,EUR,
23.08.2024 07:00 - 23.08.2024 08:00,133,EUR,
23.08.2024 08:00 - 23.08.2024 09:00,115.22,EUR,
23.08.2024 09:00 - 23.08.2024 10:00,101.52,EUR,
23.08.2024 10:00 - 23.08.2024 11:00,80.37,EUR,
23.08.2024 11:00 - 23.08.2024 12:00,68.58,EUR,
23.08.2024 12:00 - 23.08.2024 13:00,74.72,EUR,
23.08.2024 13:00 - 23.08.2024 14:00,80.37,EUR,
23.08.2024 14:00 - 23.08.2024 15:00,96.7,EUR,
23.08.2024 15:00 - 23.08.2024 16:00,105.74,EUR,
23.08.2024 16:00 - 23.08.2024 17:00,121.68,EUR,
23.08.2024 17:00 - 23.08.2024 18:00,138.32,EUR,
23.08.2024 18:00 - 23.08.2024 19:00,191.3,EUR,
23.08.2024 19:00 - 23.08.2024 20:00,401.43,EUR,
23.08.2024 20:00 - 23.08.2024 21:00,333.02,EUR,
23.08.2024 21:00 - 23.08.2024 22:00,166,EUR,
23.08.2024 22:00 - 23.08.2024 23:00,137,EUR,
23.08.2024 23:00 - 24.08.2024 00:00,140.24,EUR,
24.08.2024 00:00 - 24.08.2024 01:00,132.17,EUR,
24.08.2024 01:00 - 24.08.2024 02:00,117.34,EUR,
24.08.2024 02:00 - 24.08.2024 03:00,113.6,EUR,
24.08.2024 03:00 - 24.08.2024 04:00,112.63,EUR,
24.08.2024 04:00 - 24.08.2024 05:00,112.62,EUR,
24.08.2024 05:00 - 24.08.2024 06:00,106.25,EUR,
24.08.2024 06:00 - 24.08.2024 07:00,114.09,EUR,
24.08.2024 07:00 - 24.08.2024 08:00,99.05,EUR,
24.08.2024 08:00 - 24.08.2024 09:00,74.06,EUR,
24.08.2024 09:00 - 24.08.2024 10:00,15,EUR,
24.08.2024 10:00 - 24.08.2024 11:00,3,EUR,
24.08.2024 11:00 - 24.08.2024 12:00,5.11,EUR,
24.08.2024 12:00 - 24.08.2024 13:00,7.5,EUR,
24.08.2024 13:00 - 24.08.2024 14:00,7.66,EUR,
24.08.2024 14:00 - 24.08.2024 15:00,12.74,EUR,
24.08.2024 15:00 - 24.08.2024 16:00,71.04,EUR,
24.08.2024 16:00 - 24.08.2024 17:00,109.9,EUR,
24.08.2024 17:00 - 24.08.2024 18:00,152.3,EUR,
24.08.2024 18:00 - 24.08.2024 19:00,140,EUR,
24.08.2024 19:00 - 24.08.2024 20:00,174,EUR,
24.08.2024 20:00 - 24.08.2024 21:00,190,EUR,
24.08.2024 21:00 - 24.08.2024 22:00,144.28,EUR,
24.08.2024 22:00 - 24.08.2024 23:00,133.63,EUR,
24.08.2024 23:00 - 25.08.2024 00:00,120.56,EUR,
25.08.2024 00:00 - 25.08.2024 01:00,114.04,EUR,
25.08.2024 01:00 - 25.08.2024 02:00,113.51,EUR,
25.08.2024 02:00 - 25.08.2024 03:00,115.71,EUR,
25.08.2024 03:00 - 25.08.2024 04:00,112.78,EUR,
25.08.2024 04:00 - 25.08.2024 05:00,104.19,EUR,
25.08.2024 05:00 - 25.08.2024 06:00,98.88,EUR,
25.08.2024 06:00 - 25.08.2024 07:00,111.22,EUR,
25.08.2024 07:00 - 25.08.2024 08:00,112.68,EUR,
25.08.2024 08:00 - 25.08.2024 09:00,37.4,EUR,
25.08.2024 09:00 - 25.08.2024 10:00,9.23,EUR,
25.08.2024 10:00 - 25.08.2024 11:00,1.01,EUR,
25.08.2024 11:00 - 25.08.2024 12:00,5.9,EUR,
25.08.2024 12:00 - 25.08.2024 13:00,4.86,EUR,
25.08.2024 13:00 - 25.08.2024 14:00,13.74,EUR,
25.08.2024 14:00 - 25.08.2024 15:00,50,EUR,
25.08.2024 15:00 - 25.08.2024 16:00,97.09,EUR,
25.08.2024 16:00 - 25.08.2024 17:00,80,EUR,
25.08.2024 17:00 - 25.08.2024 18:00,119.99,EUR,
25.08.2024 18:00 - 25.08.2024 19:00,135.42,EUR,
25.08.2024 19:00 - 25.08.2024 20:00,175.22,EUR,
25.08.2024 20:00 - 25.08.2024 21:00,202.8,EUR,
25.08.2024 21:00 - 25.08.2024 22:00,169.21,EUR,
25.08.2024 22:00 - 25.08.2024 23:00,145,EUR,
25.08.2024 23:00 - 26.08.2024 00:00,125,EUR,
26.08.2024 00:00 - 26.08.2024 01:00,110.29,EUR,
26.08.2024 01:00 - 26.08.2024 02:00,103.33,EUR,
26.08.2024 02:00 - 26.08.2024 03:00,97.58,EUR,
26.08.2024 03:00 - 26.08.2024 04:00,85.01,EUR,
26.08.2024 04:00 - 26.08.2024 05:00,87.14,EUR,
26.08.2024 05:00 - 26.08.2024 06:00,90.06,EUR,
26.08.2024 06:00 - 26.08.2024 07:00,126.76,EUR,
26.08.2024 07:00 - 26.08.2024 08:00,146.95,EUR,
26.08.2024 08:00 - 26.08.2024 09:00,126.17,EUR,
26.08.2024 09:00 - 26.08.2024 10:00,110.8,EUR,
26.08.2024 10:00 - 26.08.2024 11:00,83,EUR,
26.08.2024 11:00 - 26.08.2024 12:00,86.7,EUR,
26.08.2024 12:00 - 26.08.2024 13:00,97.51,EUR,
26.08.2024 13:00 - 26.08.2024 14:00,100.47,EUR,
26.08.2024 14:00 - 26.08.2024 15:00,102.21,EUR,
26.08.2024 15:00 - 26.08.2024 16:00,122.6,EUR,
26.08.2024 16:00 - 26.08.2024 17:00,130,EUR,
26.08.2024 17:00 - 26.08.2024 18:00,196.34,EUR,
26.08.2024 18:00 - 26.08.2024 19:00,252.85,EUR,
26.08.2024 19:00 - 26.08.2024 20:00,368.01,EUR,
26.08.2024 20:00 - 26.08.2024 21:00,367.83,EUR,
26.08.2024 21:00 - 26.08.2024 22:00,176.25,EUR,
26.08.2024 22:00 - 26.08.2024 23:00,143.35,EUR,
26.08.2024 23:00 - 27.08.2024 00:00,117.41,EUR,
27.08.2024 00:00 - 27.08.2024 01:00,114.83,EUR,
27.08.2024 01:00 - 27.08.2024 02:00,109.65,EUR,
27.08.2024 02:00 - 27.08.2024 03:00,109.99,EUR,
27.08.2024 03:00 - 27.08.2024 04:00,107.65,EUR,
27.08.2024 04:00 - 27.08.2024 05:00,100.27,EUR,
27.08.2024 05:00 - 27.08.2024 06:00,111,EUR,
27.08.2024 06:00 - 27.08.2024 07:00,132.23,EUR,
27.08.2024 07:00 - 27.08.2024 08:00,135.18,EUR,
27.08.2024 08:00 - 27.08.2024 09:00,110.71,EUR,
27.08.2024 09:00 - 27.08.2024 10:00,89.16,EUR,
27.08.2024 10:00 - 27.08.2024 11:00,73.02,EUR,
27.08.2024 11:00 - 27.08.2024 12:00,74.51,EUR,
27.08.2024 12:00 - 27.08.2024 13:00,89.07,EUR,
27.08.2024 13:00 - 27.08.2024 14:00,97.94,EUR,
27.08.2024 14:00 - 27.08.2024 15:00,111.34,EUR,
27.08.2024 15:00 - 27.08.2024 16:00,128.72,EUR,
27.08.2024 16:00 - 27.08.2024 17:00,188.56,EUR,
27.08.2024 17:00 - 27.08.2024 18:00,189.44,EUR,
27.08.2024 18:00 - 27.08.2024 19:00,381.99,EUR,
27.08.2024 19:00 - 27.08.2024 20:00,536.74,EUR,
27.08.2024 20:00 - 27.08.2024 21:00,501.87,EUR,
27.08.2024 21:00 - 27.08.2024 22:00,194.37,EUR,
27.08.2024 22:00 - 27.08.2024 23:00,134.58,EUR,
27.08.2024 23:00 - 28.08.2024 00:00,126.35,EUR,
28.08.2024 00:00 - 28.08.2024 01:00,129.91,EUR,
28.08.2024 01:00 - 28.08.2024 02:00,116.97,EUR,
28.08.2024 02:00 - 28.08.2024 03:00,115.27,EUR,
28.08.2024 03:00 - 28.08.2024 04:00,111.64,EUR,
28.08.2024 04:00 - 28.08.2024 05:00,114.37,EUR,
28.08.2024 05:00 - 28.08.2024 06:00,117.24,EUR,
28.08.2024 06:00 - 28.08.2024 07:00,140,EUR,
28.08.2024 07:00 - 28.08.2024 08:00,135,EUR,
28.08.2024 08:00 - 28.08.2024 09:00,130,EUR,
28.08.2024 09:00 - 28.08.2024 10:00,121,EUR,
28.08.2024 10:00 - 28.08.2024 11:00,118.52,EUR,
28.08.2024 11:00 - 28.08.2024 12:00,116.75,EUR,
28.08.2024 12:00 - 28.08.2024 13:00,116.97,EUR,
28.08.2024 13:00 - 28.08.2024 14:00,116.97,EUR,
28.08.2024 14:00 - 28.08.2024 15:00,129.2,EUR,
28.08.2024 15:00 - 28.08.2024 16:00,130,EUR,
28.08.2024 16:00 - 28.08.2024 17:00,150.75,EUR,
28.08.2024 17:00 - 28.08.2024 18:00,234.68,EUR,
28.08.2024 18:00 - 28.08.2024 19:00,473.96,EUR,
28.08.2024 19:00 - 28.08.2024 20:00,647.76,EUR,
28.08.2024 20:00 - 28.08.2024 21:00,575.71,EUR,
28.08.2024 21:00 - 28.08.2024 22:00,196.08,EUR,
28.08.2024 22:00 - 28.08.2024 23:00,150.46,EUR,
28.08.2024 23:00 - 29.08.2024 00:00,147.4,EUR,
29.08.2024 00:00 - 29.08.2024 01:00,125,EUR,
29.08.2024 01:00 - 29.08.2024 02:00,120.53,EUR,
29.08.2024 02:00 - 29.08.2024 03:00,115,EUR,
29.08.2024 03:00 - 29.08.2024 04:00,112.7,EUR,
29.08.2024 04:00 - 29.08.2024 05:00,112.55,EUR,
29.08.2024 05:00 - 29.08.2024 06:00,119.29,EUR,
29.08.2024 06:00 - 29.08.2024 07:00,126.62,EUR,
29.08.2024 07:00 - 29.08.2024 08:00,134.29,EUR,
29.08.2024 08:00 - 29.08.2024 09:00,126.24,EUR,
29.08.2024 09:00 - 29.08.2024 10:00,114.54,EUR,
29.08.2024 10:00 - 29.08.2024 11:00,111.43,EUR,
29.08.2024 11:00 - 29.08.2024 12:00,107.94,EUR,
29.08.2024 12:00 - 29.08.2024 13:00,112.43,EUR,
29.08.2024 13:00 - 29.08.2024 14:00,115,EUR,
29.08.2024 14:00 - 29.08.2024 15:00,120.94,EUR,
29.08.2024 15:00 - 29.08.2024 16:00,122.92,EUR,
29.08.2024 16:00 - 29.08.2024 17:00,142.71,EUR,
29.08.2024 17:00 - 29.08.2024 18:00,228.74,EUR,
29.08.2024 18:00 - 29.08.2024 19:00,569.27,EUR,
29.08.2024 19:00 - 29.08.2024 20:00,756.5,EUR,
29.08.2024 20:00 - 29.08.2024 21:00,630,EUR,
29.08.2024 21:00 - 29.08.2024 22:00,192,EUR,
29.08.2024 22:00 - 29.08.2024 23:00,135.31,EUR,
29.08.2024 23:00 - 30.08.2024 00:00,126.57,EUR,
30.08.2024 00:00 - 30.08.2024 01:00,110.04,EUR,
30.08.2024 01:00 - 30.08.2024 02:00,108.12,EUR,
30.08.2024 02:00 - 30.08.2024 03:00,105.58,EUR,
30.08.2024 03:00 - 30.08.2024 04:00,93.44,EUR,
30.08.2024 04:00 - 30.08.2024 05:00,98.66,EUR,
30.08.2024 05:00 - 30.08.2024 06:00,117.06,EUR,
30.08.2024 06:00 - 30.08.2024 07:00,139.95,EUR,
30.08.2024 07:00 - 30.08.2024 08:00,149.9,EUR,
30.08.2024 08:00 - 30.08.2024 09:00,133.51,EUR,
30.08.2024 09:00 - 30.08.2024 10:00,113.7,EUR,
30.08.2024 10:00 - 30.08.2024 11:00,99.61,EUR,
30.08.2024 11:00 - 30.08.2024 12:00,91,EUR,
30.08.2024 12:00 - 30.08.2024 13:00,93.34,EUR,
30.08.2024 13:00 - 30.08.2024 14:00,93.05,EUR,
30.08.2024 14:00 - 30.08.2024 15:00,100.25,EUR,
30.08.2024 15:00 - 30.08.2024 16:00,114,EUR,
30.08.2024 16:00 - 30.08.2024 17:00,124.45,EUR,
30.08.2024 17:00 - 30.08.2024 18:00,153.68,EUR,
30.08.2024 18:00 - 30.08.2024 19:00,331.14,EUR,
30.08.2024 19:00 - 30.08.2024 20:00,510.26,EUR,
30.08.2024 20:00 - 30.08.2024 21:00,216.68,EUR,
30.08.2024 21:00 - 30.08.2024 22:00,170,EUR,
30.08.2024 22:00 - 30.08.2024 23:00,130.84,EUR,
30.08.2024 23:00 - 31.08.2024 00:00,114.59,EUR,
31.08.2024 00:00 - 31.08.2024 01:00,111.47,EUR,
31.08.2024 01:00 - 31.08.2024 02:00,119.47,EUR,
31.08.2024 02:00 - 31.08.2024 03:00,112.78,EUR,
31.08.2024 03:00 - 31.08.2024 04:00,109.46,EUR,
31.08.2024 04:00 - 31.08.2024 05:00,97.28,EUR,
31.08.2024 05:00 - 31.08.2024 06:00,106.21,EUR,
31.08.2024 06:00 - 31.08.2024 07:00,116.41,EUR,
31.08.2024 07:00 - 31.08.2024 08:00,116,EUR,
31.08.2024 08:00 - 31.08.2024 09:00,109.89,EUR,
31.08.2024 09:00 - 31.08.2024 10:00,84.92,EUR,
31.08.2024 10:00 - 31.08.2024 11:00,60.14,EUR,
31.08.2024 11:00 - 31.08.2024 12:00,18.34,EUR,
31.08.2024 12:00 - 31.08.2024 13:00,15,EUR,
31.08.2024 13:00 - 31.08.2024 14:00,49.92,EUR,
31.08.2024 14:00 - 31.08.2024 15:00,96.71,EUR,
31.08.2024 15:00 - 31.08.2024 16:00,109.22,EUR,
31.08.2024 16:00 - 31.08.2024 17:00,116.26,EUR,
31.08.2024 17:00 - 31.08.2024 18:00,122.65,EUR,
31.08.2024 18:00 - 31.08.2024 19:00,151.66,EUR,
31.08.2024 19:00 - 31.08.2024 20:00,231.85,EUR,
31.08.2024 20:00 - 31.08.2024 21:00,206.38,EUR,
31.08.2024 21:00 - 31.08.2024 22:00,160.02,EUR,
31.08.2024 22:00 - 31.08.2024 23:00,134.91,EUR,
31.08.2024 23:00 - 01.09.2024 00:00,116.29,EUR,
01.09.2024 00:00 - 01.09.2024 01:00,96.41,EUR,
01.09.2024 01:00 - 01.09.2024 02:00,109,EUR,
01.09.2024 02:00 - 01.09.2024 03:00,121.2,EUR,
01.09.2024 03:00 - 01.09.2024 04:00,118.18,EUR,
01.09.2024 04:00 - 01.09.2024 05:00,113.59,EUR,
01.09.2024 05:00 - 01.09.2024 06:00,101.28,EUR,
01.09.2024 06:00 - 01.09.2024 07:00,108.78,EUR,
01.09.2024 07:00 - 01.09.2024 08:00,112.5,EUR,
01.09.2024 08:00 - 01.09.2024 09:00,108.07,EUR,
01.09.2024 09:00 - 01.09.2024 10:00,41.27,EUR,
01.09.2024 10:00 - 01.09.2024 11:00,12.73,EUR,
01.09.2024 11:00 - 01.09.2024 12:00,9.23,EUR,
01.09.2024 12:00 - 01.09.2024 13:00,10,EUR,
01.09.2024 13:00 - 01.09.2024 14:00,9.76,EUR,
01.09.2024 14:00 - 01.09.2024 15:00,15.98,EUR,
01.09.2024 15:00 - 01.09.2024 16:00,68.75,EUR,
01.09.2024 16:00 - 01.09.2024 17:00,95.1,EUR,
01.09.2024 17:00 - 01.09.2024 18:00,126.8,EUR,
01.09.2024 18:00 - 01.09.2024 19:00,143.4,EUR,
01.09.2024 19:00 - 01.09.2024 20:00,230.88,EUR,
01.09.2024 20:00 - 01.09.2024 21:00,242.85,EUR,
01.09.2024 21:00 - 01.09.2024 22:00,223.36,EUR,
01.09.2024 22:00 - 01.09.2024 23:00,157.61,EUR,
01.09.2024 23:00 - 02.09.2024 00:00,140.86,EUR,
02.09.2024 00:00 - 02.09.2024 01:00,109.2,EUR,
02.09.2024 01:00 - 02.09.2024 02:00,105.42,EUR,
02.09.2024 02:00 - 02.09.2024 03:00,105.37,EUR,
02.09.2024 03:00 - 02.09.2024 04:00,106.36,EUR,
02.09.2024 04:00 - 02.09.2024 05:00,107.09,EUR,
02.09.2024 05:00 - 02.09.2024 06:00,111.61,EUR,
02.09.2024 06:00 - 02.09.2024 07:00,169.37,EUR,
02.09.2024 07:00 - 02.09.2024 08:00,195.18,EUR,
02.09.2024 08:00 - 02.09.2024 09:00,168.99,EUR,
02.09.2024 09:00 - 02.09.2024 10:00,122.64,EUR,
02.09.2024 10:00 - 02.09.2024 11:00,102.83,EUR,
02.09.2024 11:00 - 02.09.2024 12:00,93.18,EUR,
02.09.2024 12:00 - 02.09.2024 13:00,93.61,EUR,
02.09.2024 13:00 - 02.09.2024 14:00,99.05,EUR,
02.09.2024 14:00 - 02.09.2024 15:00,107.15,EUR,
02.09.2024 15:00 - 02.09.2024 16:00,162.26,EUR,
02.09.2024 16:00 - 02.09.2024 17:00,210.14,EUR,
02.09.2024 17:00 - 02.09.2024 18:00,306.24,EUR,
02.09.2024 18:00 - 02.09.2024 19:00,591.17,EUR,
02.09.2024 19:00 - 02.09.2024 20:00,780.16,EUR,
02.09.2024 20:00 - 02.09.2024 21:00,679.2,EUR,
02.09.2024 21:00 - 02.09.2024 22:00,267.33,EUR,
02.09.2024 22:00 - 02.09.2024 23:00,206.13,EUR,
02.09.2024 23:00 - 03.09.2024 00:00,167.26,EUR,
03.09.2024 00:00 - 03.09.2024 01:00,107.27,EUR,
03.09.2024 01:00 - 03.09.2024 02:00,102.86,EUR,
03.09.2024 02:00 - 03.09.2024 03:00,95.85,EUR,
03.09.2024 03:00 - 03.09.2024 04:00,95.52,EUR,
03.09.2024 04:00 - 03.09.2024 05:00,97.54,EUR,
03.09.2024 05:00 - 03.09.2024 06:00,107.03,EUR,
03.09.2024 06:00 - 03.09.2024 07:00,139.48,EUR,
03.09.2024 07:00 - 03.09.2024 08:00,160.5,EUR,
03.09.2024 08:00 - 03.09.2024 09:00,133.95,EUR,
03.09.2024 09:00 - 03.09.2024 10:00,99.05,EUR,
03.09.2024 10:00 - 03.09.2024 11:00,68.95,EUR,
03.09.2024 11:00 - 03.09.2024 12:00,42.12,EUR,
03.09.2024 12:00 - 03.09.2024 13:00,70,EUR,
03.09.2024 13:00 - 03.09.2024 14:00,87,EUR,
03.09.2024 14:00 - 03.09.2024 15:00,90.21,EUR,
03.09.2024 15:00 - 03.09.2024 16:00,96.68,EUR,
03.09.2024 16:00 - 03.09.2024 17:00,167.12,EUR,
03.09.2024 17:00 - 03.09.2024 18:00,395.22,EUR,
03.09.2024 18:00 - 03.09.2024 19:00,593.37,EUR,
03.09.2024 19:00 - 03.09.2024 20:00,911,EUR,
03.09.2024 20:00 - 03.09.2024 21:00,250.5,EUR,
03.09.2024 21:00 - 03.09.2024 22:00,248.5,EUR,
03.09.2024 22:00 - 03.09.2024 23:00,171.05,EUR,
03.09.2024 23:00 - 04.09.2024 00:00,136.76,EUR,
04.09.2024 00:00 - 04.09.2024 01:00,118.39,EUR,
04.09.2024 01:00 - 04.09.2024 02:00,104.13,EUR,
04.09.2024 02:00 - 04.09.2024 03:00,102.25,EUR,
04.09.2024 03:00 - 04.09.2024 04:00,100,EUR,
04.09.2024 04:00 - 04.09.2024 05:00,100.33,EUR,
04.09.2024 05:00 - 04.09.2024 06:00,109.42,EUR,
04.09.2024 06:00 - 04.09.2024 07:00,148.3,EUR,
04.09.2024 07:00 - 04.09.2024 08:00,178.19,EUR,
04.09.2024 08:00 - 04.09.2024 09:00,152.41,EUR,
04.09.2024 09:00 - 04.09.2024 10:00,104.08,EUR,
04.09.2024 10:00 - 04.09.2024 11:00,99.04,EUR,
04.09.2024 11:00 - 04.09.2024 12:00,85,EUR,
04.09.2024 12:00 - 04.09.2024 13:00,91.95,EUR,
04.09.2024 13:00 - 04.09.2024 14:00,89.72,EUR,
04.09.2024 14:00 - 04.09.2024 15:00,100.26,EUR,
04.09.2024 15:00 - 04.09.2024 16:00,99.04,EUR,
04.09.2024 16:00 - 04.09.2024 17:00,144.39,EUR,
04.09.2024 17:00 - 04.09.2024 18:00,185,EUR,
04.09.2024 18:00 - 04.09.2024 19:00,655.94,EUR,
04.09.2024 19:00 - 04.09.2024 20:00,942,EUR,
04.09.2024 20:00 - 04.09.2024 21:00,528.84,EUR,
04.09.2024 21:00 - 04.09.2024 22:00,226.4,EUR,
04.09.2024 22:00 - 04.09.2024 23:00,154.28,EUR,
04.09.2024 23:00 - 05.09.2024 00:00,128.58,EUR,
05.09.2024 00:00 - 05.09.2024 01:00,101.27,EUR,
05.09.2024 01:00 - 05.09.2024 02:00,94.6,EUR,
05.09.2024 02:00 - 05.09.2024 03:00,90,EUR,
05.09.2024 03:00 - 05.09.2024 04:00,87.11,EUR,
05.09.2024 04:00 - 05.09.2024 05:00,88.16,EUR,
05.09.2024 05:00 - 05.09.2024 06:00,95.82,EUR,
05.09.2024 06:00 - 05.09.2024 07:00,128.54,EUR,
05.09.2024 07:00 - 05.09.2024 08:00,135.94,EUR,
05.09.2024 08:00 - 05.09.2024 09:00,106.12,EUR,
05.09.2024 09:00 - 05.09.2024 10:00,94.39,EUR,
05.09.2024 10:00 - 05.09.2024 11:00,72.09,EUR,
05.09.2024 11:00 - 05.09.2024 12:00,49.49,EUR,
05.09.2024 12:00 - 05.09.2024 13:00,80.42,EUR,
05.09.2024 13:00 - 05.09.2024 14:00,80.42,EUR,
05.09.2024 14:00 - 05.09.2024 15:00,87.66,EUR,
05.09.2024 15:00 - 05.09.2024 16:00,92.77,EUR,
05.09.2024 16:00 - 05.09.2024 17:00,106.38,EUR,
05.09.2024 17:00 - 05.09.2024 18:00,153.12,EUR,
05.09.2024 18:00 - 05.09.2024 19:00,220,EUR,
05.09.2024 19:00 - 05.09.2024 20:00,537.46,EUR,
05.09.2024 20:00 - 05.09.2024 21:00,185,EUR,
05.09.2024 21:00 - 05.09.2024 22:00,154.93,EUR,
05.09.2024 22:00 - 05.09.2024 23:00,132.26,EUR,
05.09.2024 23:00 - 06.09.2024 00:00,119.91,EUR,
06.09.2024 00:00 - 06.09.2024 01:00,102.57,EUR,
06.09.2024 01:00 - 06.09.2024 02:00,101.75,EUR,
06.09.2024 02:00 - 06.09.2024 03:00,102.93,EUR,
06.09.2024 03:00 - 06.09.2024 04:00,102.45,EUR,
06.09.2024 04:00 - 06.09.2024 05:00,102.11,EUR,
06.09.2024 05:00 - 06.09.2024 06:00,106.1,EUR,
06.09.2024 06:00 - 06.09.2024 07:00,130.62,EUR,
06.09.2024 07:00 - 06.09.2024 08:00,134.73,EUR,
06.09.2024 08:00 - 06.09.2024 09:00,124.52,EUR,
06.09.2024 09:00 - 06.09.2024 10:00,104.5,EUR,
06.09.2024 10:00 - 06.09.2024 11:00,89.84,EUR,
06.09.2024 11:00 - 06.09.2024 12:00,86.43,EUR,
06.09.2024 12:00 - 06.09.2024 13:00,82.04,EUR,
06.09.2024 13:00 - 06.09.2024 14:00,77.31,EUR,
06.09.2024 14:00 - 06.09.2024 15:00,91.94,EUR,
06.09.2024 15:00 - 06.09.2024 16:00,110.33,EUR,
06.09.2024 16:00 - 06.09.2024 17:00,126.01,EUR,
06.09.2024 17:00 - 06.09.2024 18:00,169.09,EUR,
06.09.2024 18:00 - 06.09.2024 19:00,191.57,EUR,
06.09.2024 19:00 - 06.09.2024 20:00,506.32,EUR,
06.09.2024 20:00 - 06.09.2024 21:00,200,EUR,
06.09.2024 21:00 - 06.09.2024 22:00,173.21,EUR,
06.09.2024 22:00 - 06.09.2024 23:00,121.81,EUR,
06.09.2024 23:00 - 07.09.2024 00:00,118.26,EUR,
07.09.2024 00:00 - 07.09.2024 01:00,124.06,EUR,
07.09.2024 01:00 - 07.09.2024 02:00,145.03,EUR,
07.09.2024 02:00 - 07.09.2024 03:00,135.19,EUR,
07.09.2024 03:00 - 07.09.2024 04:00,123.11,EUR,
07.09.2024 04:00 - 07.09.2024 05:00,120,EUR,
07.09.2024 05:00 - 07.09.2024 06:00,119,EUR,
07.09.2024 06:00 - 07.09.2024 07:00,108.41,EUR,
07.09.2024 07:00 - 07.09.2024 08:00,104.38,EUR,
07.09.2024 08:00 - 07.09.2024 09:00,95.12,EUR,
07.09.2024 09:00 - 07.09.2024 10:00,70,EUR,
07.09.2024 10:00 - 07.09.2024 11:00,51.52,EUR,
07.09.2024 11:00 - 07.09.2024 12:00,19,EUR,
07.09.2024 12:00 - 07.09.2024 13:00,20,EUR,
07.09.2024 13:00 - 07.09.2024 14:00,50,EUR,
07.09.2024 14:00 - 07.09.2024 15:00,86.06,EUR,
07.09.2024 15:00 - 07.09.2024 16:00,92.36,EUR,
07.09.2024 16:00 - 07.09.2024 17:00,95.94,EUR,
07.09.2024 17:00 - 07.09.2024 18:00,116.86,EUR,
07.09.2024 18:00 - 07.09.2024 19:00,155,EUR,
07.09.2024 19:00 - 07.09.2024 20:00,180.71,EUR,
07.09.2024 20:00 - 07.09.2024 21:00,177.61,EUR,
07.09.2024 21:00 - 07.09.2024 22:00,150,EUR,
07.09.2024 22:00 - 07.09.2024 23:00,119.11,EUR,
07.09.2024 23:00 - 08.09.2024 00:00,103.63,EUR,
08.09.2024 00:00 - 08.09.2024 01:00,93.72,EUR,
08.09.2024 01:00 - 08.09.2024 02:00,105.58,EUR,
08.09.2024 02:00 - 08.09.2024 03:00,105.39,EUR,
08.09.2024 03:00 - 08.09.2024 04:00,105,EUR,
08.09.2024 04:00 - 08.09.2024 05:00,113.87,EUR,
08.09.2024 05:00 - 08.09.2024 06:00,106.4,EUR,
08.09.2024 06:00 - 08.09.2024 07:00,97.94,EUR,
08.09.2024 07:00 - 08.09.2024 08:00,79.9,EUR,
08.09.2024 08:00 - 08.09.2024 09:00,73.57,EUR,
08.09.2024 09:00 - 08.09.2024 10:00,39.08,EUR,
08.09.2024 10:00 - 08.09.2024 11:00,8.29,EUR,
08.09.2024 11:00 - 08.09.2024 12:00,0.44,EUR,
08.09.2024 12:00 - 08.09.2024 13:00,0.04,EUR,
08.09.2024 13:00 - 08.09.2024 14:00,0.04,EUR,
08.09.2024 14:00 - 08.09.2024 15:00,0.91,EUR,
08.09.2024 15:00 - 08.09.2024 16:00,7.48,EUR,
08.09.2024 16:00 - 08.09.2024 17:00,61.75,EUR,
08.09.2024 17:00 - 08.09.2024 18:00,110.34,EUR,
08.09.2024 18:00 - 08.09.2024 19:00,123.06,EUR,
08.09.2024 19:00 - 08.09.2024 20:00,155,EUR,
08.09.2024 20:00 - 08.09.2024 21:00,152.77,EUR,
08.09.2024 21:00 - 08.09.2024 22:00,133.15,EUR,
08.09.2024 22:00 - 08.09.2024 23:00,105.3,EUR,
08.09.2024 23:00 - 09.09.2024 00:00,100.14,EUR,
09.09.2024 00:00 - 09.09.2024 01:00,103.43,EUR,
09.09.2024 01:00 - 09.09.2024 02:00,102.03,EUR,
09.09.2024 02:00 - 09.09.2024 03:00,98.96,EUR,
09.09.2024 03:00 - 09.09.2024 04:00,98.9,EUR,
09.09.2024 04:00 - 09.09.2024 05:00,98.9,EUR,
09.09.2024 05:00 - 09.09.2024 06:00,105.28,EUR,
09.09.2024 06:00 - 09.09.2024 07:00,177.66,EUR,
09.09.2024 07:00 - 09.09.2024 08:00,182.66,EUR,
09.09.2024 08:00 - 09.09.2024 09:00,154.95,EUR,
09.09.2024 09:00 - 09.09.2024 10:00,131.09,EUR,
09.09.2024 10:00 - 09.09.2024 11:00,117.27,EUR,
09.09.2024 11:00 - 09.09.2024 12:00,112.64,EUR,
09.09.2024 12:00 - 09.09.2024 13:00,106.62,EUR,
09.09.2024 13:00 - 09.09.2024 14:00,110.33,EUR,
09.09.2024 14:00 - 09.09.2024 15:00,112.25,EUR,
09.09.2024 15:00 - 09.09.2024 16:00,120,EUR,
09.09.2024 16:00 - 09.09.2024 17:00,178.58,EUR,
09.09.2024 17:00 - 09.09.2024 18:00,249.83,EUR,
09.09.2024 18:00 - 09.09.2024 19:00,360.9,EUR,
09.09.2024 19:00 - 09.09.2024 20:00,511.68,EUR,
09.09.2024 20:00 - 09.09.2024 21:00,292.37,EUR,
09.09.2024 21:00 - 09.09.2024 22:00,150,EUR,
09.09.2024 22:00 - 09.09.2024 23:00,116.42,EUR,
09.09.2024 23:00 - 10.09.2024 00:00,111.48,EUR,
10.09.2024 00:00 - 10.09.2024 01:00,96.8,EUR,
10.09.2024 01:00 - 10.09.2024 02:00,81.9,EUR,
10.09.2024 02:00 - 10.09.2024 03:00,93.6,EUR,
10.09.2024 03:00 - 10.09.2024 04:00,90,EUR,
10.09.2024 04:00 - 10.09.2024 05:00,95,EUR,
10.09.2024 05:00 - 10.09.2024 06:00,98.7,EUR,
10.09.2024 06:00 - 10.09.2024 07:00,115.87,EUR,
10.09.2024 07:00 - 10.09.2024 08:00,130.97,EUR,
10.09.2024 08:00 - 10.09.2024 09:00,133.19,EUR,
10.09.2024 09:00 - 10.09.2024 10:00,110.98,EUR,
10.09.2024 10:00 - 10.09.2024 11:00,98.27,EUR,
10.09.2024 11:00 - 10.09.2024 12:00,92.45,EUR,
10.09.2024 12:00 - 10.09.2024 13:00,86.62,EUR,
10.09.2024 13:00 - 10.09.2024 14:00,80.44,EUR,
10.09.2024 14:00 - 10.09.2024 15:00,90,EUR,
10.09.2024 15:00 - 10.09.2024 16:00,95.41,EUR,
10.09.2024 16:00 - 10.09.2024 17:00,111.35,EUR,
10.09.2024 17:00 - 10.09.2024 18:00,108.96,EUR,
10.09.2024 18:00 - 10.09.2024 19:00,121.68,EUR,
10.09.2024 19:00 - 10.09.2024 20:00,153.9,EUR,
10.09.2024 20:00 - 10.09.2024 21:00,146.27,EUR,
10.09.2024 21:00 - 10.09.2024 22:00,118.27,EUR,
10.09.2024 22:00 - 10.09.2024 23:00,110,EUR,
10.09.2024 23:00 - 11.09.2024 00:00,97.31,EUR,
11.09.2024 00:00 - 11.09.2024 01:00,99.04,EUR,
11.09.2024 01:00 - 11.09.2024 02:00,93.92,EUR,
11.09.2024 02:00 - 11.09.2024 03:00,80.42,EUR,
11.09.2024 03:00 - 11.09.2024 04:00,80.42,EUR,
11.09.2024 04:00 - 11.09.2024 05:00,92.8,EUR,
11.09.2024 05:00 - 11.09.2024 06:00,106.26,EUR,
11.09.2024 06:00 - 11.09.2024 07:00,143.47,EUR,
11.09.2024 07:00 - 11.09.2024 08:00,179.59,EUR,
11.09.2024 08:00 - 11.09.2024 09:00,165.96,EUR,
11.09.2024 09:00 - 11.09.2024 10:00,120.25,EUR,
11.09.2024 10:00 - 11.09.2024 11:00,104.89,EUR,
11.09.2024 11:00 - 11.09.2024 12:00,99.95,EUR,
11.09.2024 12:00 - 11.09.2024 13:00,95.61,EUR,
11.09.2024 13:00 - 11.09.2024 14:00,99.04,EUR,
11.09.2024 14:00 - 11.09.2024 15:00,103.76,EUR,
11.09.2024 15:00 - 11.09.2024 16:00,111.82,EUR,
11.09.2024 16:00 - 11.09.2024 17:00,120.43,EUR,
11.09.2024 17:00 - 11.09.2024 18:00,186.63,EUR,
11.09.2024 18:00 - 11.09.2024 19:00,156.97,EUR,
11.09.2024 19:00 - 11.09.2024 20:00,433.89,EUR,
11.09.2024 20:00 - 11.09.2024 21:00,180,EUR,
11.09.2024 21:00 - 11.09.2024 22:00,144.3,EUR,
11.09.2024 22:00 - 11.09.2024 23:00,118.53,EUR,
11.09.2024 23:00 - 12.09.2024 00:00,107.51,EUR,
12.09.2024 00:00 - 12.09.2024 01:00,107.64,EUR,
12.09.2024 01:00 - 12.09.2024 02:00,99.05,EUR,
12.09.2024 02:00 - 12.09.2024 03:00,93.44,EUR,
12.09.2024 03:00 - 12.09.2024 04:00,92.11,EUR,
12.09.2024 04:00 - 12.09.2024 05:00,98.43,EUR,
12.09.2024 05:00 - 12.09.2024 06:00,103.67,EUR,
12.09.2024 06:00 - 12.09.2024 07:00,162.7,EUR,
12.09.2024 07:00 - 12.09.2024 08:00,144.99,EUR,
12.09.2024 08:00 - 12.09.2024 09:00,139.52,EUR,
12.09.2024 09:00 - 12.09.2024 10:00,105.04,EUR,
12.09.2024 10:00 - 12.09.2024 11:00,87.32,EUR,
12.09.2024 11:00 - 12.09.2024 12:00,75.39,EUR,
12.09.2024 12:00 - 12.09.2024 13:00,50.88,EUR,
12.09.2024 13:00 - 12.09.2024 14:00,59.26,EUR,
12.09.2024 14:00 - 12.09.2024 15:00,86.62,EUR,
12.09.2024 15:00 - 12.09.2024 16:00,97.53,EUR,
12.09.2024 16:00 - 12.09.2024 17:00,106.94,EUR,
12.09.2024 17:00 - 12.09.2024 18:00,116.35,EUR,
12.09.2024 18:00 - 12.09.2024 19:00,129.49,EUR,
12.09.2024 19:00 - 12.09.2024 20:00,485.6,EUR,
12.09.2024 20:00 - 12.09.2024 21:00,144.38,EUR,
12.09.2024 21:00 - 12.09.2024 22:00,117.85,EUR,
12.09.2024 22:00 - 12.09.2024 23:00,105.91,EUR,
12.09.2024 23:00 - 13.09.2024 00:00,96.67,EUR,
13.09.2024 00:00 - 13.09.2024 01:00,97.95,EUR,
13.09.2024 01:00 - 13.09.2024 02:00,89.09,EUR,
13.09.2024 02:00 - 13.09.2024 03:00,83.7,EUR,
13.09.2024 03:00 - 13.09.2024 04:00,80.19,EUR,
13.09.2024 04:00 - 13.09.2024 05:00,77.75,EUR,
13.09.2024 05:00 - 13.09.2024 06:00,88.14,EUR,
13.09.2024 06:00 - 13.09.2024 07:00,122.42,EUR,
13.09.2024 07:00 - 13.09.2024 08:00,139.4,EUR,
13.09.2024 08:00 - 13.09.2024 09:00,132.04,EUR,
13.09.2024 09:00 - 13.09.2024 10:00,116.34,EUR,
13.09.2024 10:00 - 13.09.2024 11:00,103.77,EUR,
13.09.2024 11:00 - 13.09.2024 12:00,87.77,EUR,
13.09.2024 12:00 - 13.09.2024 13:00,80.42,EUR,
13.09.2024 13:00 - 13.09.2024 14:00,54.01,EUR,
13.09.2024 14:00 - 13.09.2024 15:00,58.92,EUR,
13.09.2024 15:00 - 13.09.2024 16:00,80.42,EUR,
13.09.2024 16:00 - 13.09.2024 17:00,89.77,EUR,
13.09.2024 17:00 - 13.09.2024 18:00,163.41,EUR,
13.09.2024 18:00 - 13.09.2024 19:00,102.49,EUR,
13.09.2024 19:00 - 13.09.2024 20:00,103.56,EUR,
13.09.2024 20:00 - 13.09.2024 21:00,94.95,EUR,
13.09.2024 21:00 - 13.09.2024 22:00,85.01,EUR,
13.09.2024 22:00 - 13.09.2024 23:00,79.83,EUR,
13.09.2024 23:00 - 14.09.2024 00:00,62.11,EUR,
14.09.2024 00:00 - 14.09.2024 01:00,93.58,EUR,
14.09.2024 01:00 - 14.09.2024 02:00,94.59,EUR,
14.09.2024 02:00 - 14.09.2024 03:00,93.36,EUR,
14.09.2024 03:00 - 14.09.2024 04:00,88,EUR,
14.09.2024 04:00 - 14.09.2024 05:00,69.7,EUR,
14.09.2024 05:00 - 14.09.2024 06:00,93.6,EUR,
14.09.2024 06:00 - 14.09.2024 07:00,105,EUR,
14.09.2024 07:00 - 14.09.2024 08:00,111,EUR,
14.09.2024 08:00 - 14.09.2024 09:00,104.85,EUR,
14.09.2024 09:00 - 14.09.2024 10:00,67.76,EUR,
14.09.2024 10:00 - 14.09.2024 11:00,41.44,EUR,
14.09.2024 11:00 - 14.09.2024 12:00,12.73,EUR,
14.09.2024 12:00 - 14.09.2024 13:00,12.73,EUR,
14.09.2024 13:00 - 14.09.2024 14:00,12.73,EUR,
14.09.2024 14:00 - 14.09.2024 15:00,12.74,EUR,
14.09.2024 15:00 - 14.09.2024 16:00,24.73,EUR,
14.09.2024 16:00 - 14.09.2024 17:00,89.09,EUR,
14.09.2024 17:00 - 14.09.2024 18:00,105.02,EUR,
14.09.2024 18:00 - 14.09.2024 19:00,119.08,EUR,
14.09.2024 19:00 - 14.09.2024 20:00,148.04,EUR,
14.09.2024 20:00 - 14.09.2024 21:00,147.41,EUR,
14.09.2024 21:00 - 14.09.2024 22:00,103.79,EUR,
14.09.2024 22:00 - 14.09.2024 23:00,104.79,EUR,
14.09.2024 23:00 - 15.09.2024 00:00,95.99,EUR,
15.09.2024 00:00 - 15.09.2024 01:00,90.64,EUR,
15.09.2024 01:00 - 15.09.2024 02:00,90.63,EUR,
15.09.2024 02:00 - 15.09.2024 03:00,93.04,EUR,
15.09.2024 03:00 - 15.09.2024 04:00,90.01,EUR,
15.09.2024 04:00 - 15.09.2024 05:00,92.87,EUR,
15.09.2024 05:00 - 15.09.2024 06:00,93.95,EUR,
15.09.2024 06:00 - 15.09.2024 07:00,95.76,EUR,
15.09.2024 07:00 - 15.09.2024 08:00,95.77,EUR,
15.09.2024 08:00 - 15.09.2024 09:00,72.42,EUR,
15.09.2024 09:00 - 15.09.2024 10:00,50,EUR,
15.09.2024 10:00 - 15.09.2024 11:00,10.92,EUR,
15.09.2024 11:00 - 15.09.2024 12:00,0.07,EUR,
15.09.2024 12:00 - 15.09.2024 13:00,0.04,EUR,
15.09.2024 13:00 - 15.09.2024 14:00,0.04,EUR,
15.09.2024 14:00 - 15.09.2024 15:00,5.01,EUR,
15.09.2024 15:00 - 15.09.2024 16:00,35.39,EUR,
15.09.2024 16:00 - 15.09.2024 17:00,77.01,EUR,
15.09.2024 17:00 - 15.09.2024 18:00,99,EUR,
15.09.2024 18:00 - 15.09.2024 19:00,106.48,EUR,
15.09.2024 19:00 - 15.09.2024 20:00,140.54,EUR,
15.09.2024 20:00 - 15.09.2024 21:00,117.57,EUR,
15.09.2024 21:00 - 15.09.2024 22:00,108.02,EUR,
15.09.2024 22:00 - 15.09.2024 23:00,103.15,EUR,
15.09.2024 23:00 - 16.09.2024 00:00,89.15,EUR,
16.09.2024 00:00 - 16.09.2024 01:00,94.19,EUR,
16.09.2024 01:00 - 16.09.2024 02:00,91.93,EUR,
16.09.2024 02:00 - 16.09.2024 03:00,80.11,EUR,
16.09.2024 03:00 - 16.09.2024 04:00,91.33,EUR,
16.09.2024 04:00 - 16.09.2024 05:00,91.99,EUR,
16.09.2024 05:00 - 16.09.2024 06:00,102.5,EUR,
16.09.2024 06:00 - 16.09.2024 07:00,129.16,EUR,
16.09.2024 07:00 - 16.09.2024 08:00,138.13,EUR,
16.09.2024 08:00 - 16.09.2024 09:00,141.02,EUR,
16.09.2024 09:00 - 16.09.2024 10:00,111.09,EUR,
16.09.2024 10:00 - 16.09.2024 11:00,102.8,EUR,
16.09.2024 11:00 - 16.09.2024 12:00,85.01,EUR,
16.09.2024 12:00 - 16.09.2024 13:00,82,EUR,
16.09.2024 13:00 - 16.09.2024 14:00,85.18,EUR,
16.09.2024 14:00 - 16.09.2024 15:00,87.73,EUR,
16.09.2024 15:00 - 16.09.2024 16:00,95.72,EUR,
16.09.2024 16:00 - 16.09.2024 17:00,118.15,EUR,
16.09.2024 17:00 - 16.09.2024 18:00,172.43,EUR,
16.09.2024 18:00 - 16.09.2024 19:00,182.99,EUR,
16.09.2024 19:00 - 16.09.2024 20:00,326.18,EUR,
16.09.2024 20:00 - 16.09.2024 21:00,213.3,EUR,
16.09.2024 21:00 - 16.09.2024 22:00,137,EUR,
16.09.2024 22:00 - 16.09.2024 23:00,112.64,EUR,
16.09.2024 23:00 - 17.09.2024 00:00,106.61,EUR,
17.09.2024 00:00 - 17.09.2024 01:00,102.64,EUR,
17.09.2024 01:00 - 17.09.2024 02:00,103.5,EUR,
17.09.2024 02:00 - 17.09.2024 03:00,101.39,EUR,
17.09.2024 03:00 - 17.09.2024 04:00,100,EUR,
17.09.2024 04:00 - 17.09.2024 05:00,100.64,EUR,
17.09.2024 05:00 - 17.09.2024 06:00,104.49,EUR,
17.09.2024 06:00 - 17.09.2024 07:00,175.42,EUR,
17.09.2024 07:00 - 17.09.2024 08:00,175.92,EUR,
17.09.2024 08:00 - 17.09.2024 09:00,143.17,EUR,
17.09.2024 09:00 - 17.09.2024 10:00,113.42,EUR,
17.09.2024 10:00 - 17.09.2024 11:00,103.63,EUR,
17.09.2024 11:00 - 17.09.2024 12:00,90.48,EUR,
17.09.2024 12:00 - 17.09.2024 13:00,82,EUR,
17.09.2024 13:00 - 17.09.2024 14:00,93.97,EUR,
17.09.2024 14:00 - 17.09.2024 15:00,98.69,EUR,
17.09.2024 15:00 - 17.09.2024 16:00,97.74,EUR,
17.09.2024 16:00 - 17.09.2024 17:00,105.58,EUR,
17.09.2024 17:00 - 17.09.2024 18:00,170.42,EUR,
17.09.2024 18:00 - 17.09.2024 19:00,237.04,EUR,
17.09.2024 19:00 - 17.09.2024 20:00,435.98,EUR,
17.09.2024 20:00 - 17.09.2024 21:00,200.93,EUR,
17.09.2024 21:00 - 17.09.2024 22:00,165.44,EUR,
17.09.2024 22:00 - 17.09.2024 23:00,107.72,EUR,
17.09.2024 23:00 - 18.09.2024 00:00,106.26,EUR,
18.09.2024 00:00 - 18.09.2024 01:00,97.55,EUR,
18.09.2024 01:00 - 18.09.2024 02:00,94,EUR,
18.09.2024 02:00 - 18.09.2024 03:00,90.14,EUR,
18.09.2024 03:00 - 18.09.2024 04:00,86.24,EUR,
18.09.2024 04:00 - 18.09.2024 05:00,85.33,EUR,
18.09.2024 05:00 - 18.09.2024 06:00,103.57,EUR,
18.09.2024 06:00 - 18.09.2024 07:00,120.5,EUR,
18.09.2024 07:00 - 18.09.2024 08:00,145.15,EUR,
18.09.2024 08:00 - 18.09.2024 09:00,129.31,EUR,
18.09.2024 09:00 - 18.09.2024 10:00,104,EUR,
18.09.2024 10:00 - 18.09.2024 11:00,100,EUR,
18.09.2024 11:00 - 18.09.2024 12:00,90.66,EUR,
18.09.2024 12:00 - 18.09.2024 13:00,95,EUR,
18.09.2024 13:00 - 18.09.2024 14:00,82,EUR,
18.09.2024 14:00 - 18.09.2024 15:00,59.03,EUR,
18.09.2024 15:00 - 18.09.2024 16:00,91.46,EUR,
18.09.2024 16:00 - 18.09.2024 17:00,103.58,EUR,
18.09.2024 17:00 - 18.09.2024 18:00,175.97,EUR,
18.09.2024 18:00 - 18.09.2024 19:00,128.59,EUR,
18.09.2024 19:00 - 18.09.2024 20:00,288.98,EUR,
18.09.2024 20:00 - 18.09.2024 21:00,167.66,EUR,
18.09.2024 21:00 - 18.09.2024 22:00,114.78,EUR,
18.09.2024 22:00 - 18.09.2024 23:00,107.78,EUR,
18.09.2024 23:00 - 19.09.2024 00:00,102.37,EUR,
19.09.2024 00:00 - 19.09.2024 01:00,74.88,EUR,
19.09.2024 01:00 - 19.09.2024 02:00,74.25,EUR,
19.09.2024 02:00 - 19.09.2024 03:00,73.42,EUR,
19.09.2024 03:00 - 19.09.2024 04:00,70.72,EUR,
19.09.2024 04:00 - 19.09.2024 05:00,73.04,EUR,
19.09.2024 05:00 - 19.09.2024 06:00,86.08,EUR,
19.09.2024 06:00 - 19.09.2024 07:00,109.94,EUR,
19.09.2024 07:00 - 19.09.2024 08:00,135.12,EUR,
19.09.2024 08:00 - 19.09.2024 09:00,121.9,EUR,
19.09.2024 09:00 - 19.09.2024 10:00,96.78,EUR,
19.09.2024 10:00 - 19.09.2024 11:00,74.81,EUR,
19.09.2024 11:00 - 19.09.2024 12:00,54.02,EUR,
19.09.2024 12:00 - 19.09.2024 13:00,63.93,EUR,
19.09.2024 13:00 - 19.09.2024 14:00,70,EUR,
19.09.2024 14:00 - 19.09.2024 15:00,93.92,EUR,
19.09.2024 15:00 - 19.09.2024 16:00,103.81,EUR,
19.09.2024 16:00 - 19.09.2024 17:00,101.06,EUR,
19.09.2024 17:00 - 19.09.2024 18:00,107.8,EUR,
19.09.2024 18:00 - 19.09.2024 19:00,123.79,EUR,
19.09.2024 19:00 - 19.09.2024 20:00,152.66,EUR,
19.09.2024 20:00 - 19.09.2024 21:00,115,EUR,
19.09.2024 21:00 - 19.09.2024 22:00,103.12,EUR,
19.09.2024 22:00 - 19.09.2024 23:00,100.45,EUR,
19.09.2024 23:00 - 20.09.2024 00:00,99.19,EUR,
20.09.2024 00:00 - 20.09.2024 01:00,93.74,EUR,
20.09.2024 01:00 - 20.09.2024 02:00,96.86,EUR,
20.09.2024 02:00 - 20.09.2024 03:00,87.58,EUR,
20.09.2024 03:00 - 20.09.2024 04:00,74.35,EUR,
20.09.2024 04:00 - 20.09.2024 05:00,74.8,EUR,
20.09.2024 05:00 - 20.09.2024 06:00,92.44,EUR,
20.09.2024 06:00 - 20.09.2024 07:00,112.43,EUR,
20.09.2024 07:00 - 20.09.2024 08:00,145.68,EUR,
20.09.2024 08:00 - 20.09.2024 09:00,107.36,EUR,
20.09.2024 09:00 - 20.09.2024 10:00,88.92,EUR,
20.09.2024 10:00 - 20.09.2024 11:00,86.15,EUR,
20.09.2024 11:00 - 20.09.2024 12:00,93.07,EUR,
20.09.2024 12:00 - 20.09.2024 13:00,71.14,EUR,
20.09.2024 13:00 - 20.09.2024 14:00,60,EUR,
20.09.2024 14:00 - 20.09.2024 15:00,67.25,EUR,
20.09.2024 15:00 - 20.09.2024 16:00,89.02,EUR,
20.09.2024 16:00 - 20.09.2024 17:00,103.89,EUR,
20.09.2024 17:00 - 20.09.2024 18:00,115.14,EUR,
20.09.2024 18:00 - 20.09.2024 19:00,127,EUR,
20.09.2024 19:00 - 20.09.2024 20:00,185.66,EUR,
20.09.2024 20:00 - 20.09.2024 21:00,128.33,EUR,
20.09.2024 21:00 - 20.09.2024 22:00,97.27,EUR,
20.09.2024 22:00 - 20.09.2024 23:00,94.42,EUR,
20.09.2024 23:00 - 21.09.2024 00:00,85.78,EUR,
21.09.2024 00:00 - 21.09.2024 01:00,91.95,EUR,
21.09.2024 01:00 - 21.09.2024 02:00,89.1,EUR,
21.09.2024 02:00 - 21.09.2024 03:00,85.91,EUR,
21.09.2024 03:00 - 21.09.2024 04:00,79.26,EUR,
21.09.2024 04:00 - 21.09.2024 05:00,81.15,EUR,
21.09.2024 05:00 - 21.09.2024 06:00,83.88,EUR,
21.09.2024 06:00 - 21.09.2024 07:00,94.86,EUR,
21.09.2024 07:00 - 21.09.2024 08:00,92.08,EUR,
21.09.2024 08:00 - 21.09.2024 09:00,80.85,EUR,
21.09.2024 09:00 - 21.09.2024 10:00,59.79,EUR,
21.09.2024 10:00 - 21.09.2024 11:00,22,EUR,
21.09.2024 11:00 - 21.09.2024 12:00,3.15,EUR,
21.09.2024 12:00 - 21.09.2024 13:00,0.04,EUR,
21.09.2024 13:00 - 21.09.2024 14:00,0.04,EUR,
21.09.2024 14:00 - 21.09.2024 15:00,0.04,EUR,
21.09.2024 15:00 - 21.09.2024 16:00,1.09,EUR,
21.09.2024 16:00 - 21.09.2024 17:00,49.09,EUR,
21.09.2024 17:00 - 21.09.2024 18:00,101.51,EUR,
21.09.2024 18:00 - 21.09.2024 19:00,125,EUR,
21.09.2024 19:00 - 21.09.2024 20:00,145.66,EUR,
21.09.2024 20:00 - 21.09.2024 21:00,134.61,EUR,
21.09.2024 21:00 - 21.09.2024 22:00,98.66,EUR,
21.09.2024 22:00 - 21.09.2024 23:00,90.93,EUR,
21.09.2024 23:00 - 22.09.2024 00:00,91.61,EUR,
22.09.2024 00:00 - 22.09.2024 01:00,95.27,EUR,
22.09.2024 01:00 - 22.09.2024 02:00,90.07,EUR,
22.09.2024 02:00 - 22.09.2024 03:00,86.58,EUR,
22.09.2024 03:00 - 22.09.2024 04:00,84.15,EUR,
22.09.2024 04:00 - 22.09.2024 05:00,84.67,EUR,
22.09.2024 05:00 - 22.09.2024 06:00,84.86,EUR,
22.09.2024 06:00 - 22.09.2024 07:00,89,EUR,
22.09.2024 07:00 - 22.09.2024 08:00,90.48,EUR,
22.09.2024 08:00 - 22.09.2024 09:00,79.48,EUR,
22.09.2024 09:00 - 22.09.2024 10:00,19.79,EUR,
22.09.2024 10:00 - 22.09.2024 11:00,1.31,EUR,
22.09.2024 11:00 - 22.09.2024 12:00,0.04,EUR,
22.09.2024 12:00 - 22.09.2024 13:00,0.04,EUR,
22.09.2024 13:00 - 22.09.2024 14:00,0.04,EUR,
22.09.2024 14:00 - 22.09.2024 15:00,0.04,EUR,
22.09.2024 15:00 - 22.09.2024 16:00,25,EUR,
22.09.2024 16:00 - 22.09.2024 17:00,87.07,EUR,
22.09.2024 17:00 - 22.09.2024 18:00,105.22,EUR,
22.09.2024 18:00 - 22.09.2024 19:00,136.54,EUR,
22.09.2024 19:00 - 22.09.2024 20:00,195,EUR,
22.09.2024 20:00 - 22.09.2024 21:00,170,EUR,
22.09.2024 21:00 - 22.09.2024 22:00,122,EUR,
22.09.2024 22:00 - 22.09.2024 23:00,105.75,EUR,
22.09.2024 23:00 - 23.09.2024 00:00,102.67,EUR,
23.09.2024 00:00 - 23.09.2024 01:00,97.06,EUR,
23.09.2024 01:00 - 23.09.2024 02:00,95.33,EUR,
23.09.2024 02:00 - 23.09.2024 03:00,96.68,EUR,
23.09.2024 03:00 - 23.09.2024 04:00,96.37,EUR,
23.09.2024 04:00 - 23.09.2024 05:00,99.53,EUR,
23.09.2024 05:00 - 23.09.2024 06:00,105.18,EUR,
23.09.2024 06:00 - 23.09.2024 07:00,133,EUR,
23.09.2024 07:00 - 23.09.2024 08:00,186.38,EUR,
23.09.2024 08:00 - 23.09.2024 09:00,107.43,EUR,
23.09.2024 09:00 - 23.09.2024 10:00,67.24,EUR,
23.09.2024 10:00 - 23.09.2024 11:00,38.87,EUR,
23.09.2024 11:00 - 23.09.2024 12:00,42.49,EUR,
23.09.2024 12:00 - 23.09.2024 13:00,36.4,EUR,
23.09.2024 13:00 - 23.09.2024 14:00,56,EUR,
23.09.2024 14:00 - 23.09.2024 15:00,56.38,EUR,
23.09.2024 15:00 - 23.09.2024 16:00,74.32,EUR,
23.09.2024 16:00 - 23.09.2024 17:00,100.18,EUR,
23.09.2024 17:00 - 23.09.2024 18:00,161.49,EUR,
23.09.2024 18:00 - 23.09.2024 19:00,232.4,EUR,
23.09.2024 19:00 - 23.09.2024 20:00,325.11,EUR,
23.09.2024 20:00 - 23.09.2024 21:00,180,EUR,
23.09.2024 21:00 - 23.09.2024 22:00,122.68,EUR,
23.09.2024 22:00 - 23.09.2024 23:00,105.29,EUR,
23.09.2024 23:00 - 24.09.2024 00:00,101.43,EUR,
24.09.2024 00:00 - 24.09.2024 01:00,91.85,EUR,
24.09.2024 01:00 - 24.09.2024 02:00,86.44,EUR,
24.09.2024 02:00 - 24.09.2024 03:00,84.31,EUR,
24.09.2024 03:00 - 24.09.2024 04:00,81.28,EUR,
24.09.2024 04:00 - 24.09.2024 05:00,85.17,EUR,
24.09.2024 05:00 - 24.09.2024 06:00,88.94,EUR,
24.09.2024 06:00 - 24.09.2024 07:00,108.77,EUR,
24.09.2024 07:00 - 24.09.2024 08:00,135.76,EUR,
24.09.2024 08:00 - 24.09.2024 09:00,123.39,EUR,
24.09.2024 09:00 - 24.09.2024 10:00,98.44,EUR,
24.09.2024 10:00 - 24.09.2024 11:00,82.67,EUR,
24.09.2024 11:00 - 24.09.2024 12:00,69.67,EUR,
24.09.2024 12:00 - 24.09.2024 13:00,74.33,EUR,
24.09.2024 13:00 - 24.09.2024 14:00,71.66,EUR,
24.09.2024 14:00 - 24.09.2024 15:00,65.08,EUR,
24.09.2024 15:00 - 24.09.2024 16:00,73.83,EUR,
24.09.2024 16:00 - 24.09.2024 17:00,98.42,EUR,
24.09.2024 17:00 - 24.09.2024 18:00,110,EUR,
24.09.2024 18:00 - 24.09.2024 19:00,149.41,EUR,
24.09.2024 19:00 - 24.09.2024 20:00,155,EUR,
24.09.2024 20:00 - 24.09.2024 21:00,137.17,EUR,
24.09.2024 21:00 - 24.09.2024 22:00,109.31,EUR,
24.09.2024 22:00 - 24.09.2024 23:00,100.81,EUR,
24.09.2024 23:00 - 25.09.2024 00:00,99.4,EUR,
25.09.2024 00:00 - 25.09.2024 01:00,102.37,EUR,
25.09.2024 01:00 - 25.09.2024 02:00,102.04,EUR,
25.09.2024 02:00 - 25.09.2024 03:00,99.64,EUR,
25.09.2024 03:00 - 25.09.2024 04:00,96.37,EUR,
25.09.2024 04:00 - 25.09.2024 05:00,96.07,EUR,
25.09.2024 05:00 - 25.09.2024 06:00,102,EUR,
25.09.2024 06:00 - 25.09.2024 07:00,151.55,EUR,
25.09.2024 07:00 - 25.09.2024 08:00,144.92,EUR,
25.09.2024 08:00 - 25.09.2024 09:00,98.31,EUR,
25.09.2024 09:00 - 25.09.2024 10:00,71.05,EUR,
25.09.2024 10:00 - 25.09.2024 11:00,51.03,EUR,
25.09.2024 11:00 - 25.09.2024 12:00,32.17,EUR,
25.09.2024 12:00 - 25.09.2024 13:00,27.03,EUR,
25.09.2024 13:00 - 25.09.2024 14:00,21.66,EUR,
25.09.2024 14:00 - 25.09.2024 15:00,53.7,EUR,
25.09.2024 15:00 - 25.09.2024 16:00,71.64,EUR,
25.09.2024 16:00 - 25.09.2024 17:00,106.25,EUR,
25.09.2024 17:00 - 25.09.2024 18:00,146.84,EUR,
25.09.2024 18:00 - 25.09.2024 19:00,179.39,EUR,
25.09.2024 19:00 - 25.09.2024 20:00,181.94,EUR,
25.09.2024 20:00 - 25.09.2024 21:00,136.32,EUR,
25.09.2024 21:00 - 25.09.2024 22:00,105.8,EUR,
25.09.2024 22:00 - 25.09.2024 23:00,102.38,EUR,
25.09.2024 23:00 - 26.09.2024 00:00,100.13,EUR,
26.09.2024 00:00 - 26.09.2024 01:00,97.26,EUR,
26.09.2024 01:00 - 26.09.2024 02:00,97,EUR,
26.09.2024 02:00 - 26.09.2024 03:00,94.32,EUR,
26.09.2024 03:00 - 26.09.2024 04:00,92.6,EUR,
26.09.2024 04:00 - 26.09.2024 05:00,92.32,EUR,
26.09.2024 05:00 - 26.09.2024 06:00,96.75,EUR,
26.09.2024 06:00 - 26.09.2024 07:00,128.01,EUR,
26.09.2024 07:00 - 26.09.2024 08:00,130,EUR,
26.09.2024 08:00 - 26.09.2024 09:00,139.36,EUR,
26.09.2024 09:00 - 26.09.2024 10:00,103.72,EUR,
26.09.2024 10:00 - 26.09.2024 11:00,54.32,EUR,
26.09.2024 11:00 - 26.09.2024 12:00,35.8,EUR,
26.09.2024 12:00 - 26.09.2024 13:00,47.4,EUR,
26.09.2024 13:00 - 26.09.2024 14:00,30.7,EUR,
26.09.2024 14:00 - 26.09.2024 15:00,59,EUR,
26.09.2024 15:00 - 26.09.2024 16:00,86,EUR,
26.09.2024 16:00 - 26.09.2024 17:00,104.18,EUR,
26.09.2024 17:00 - 26.09.2024 18:00,165.81,EUR,
26.09.2024 18:00 - 26.09.2024 19:00,194.84,EUR,
26.09.2024 19:00 - 26.09.2024 20:00,211.81,EUR,
26.09.2024 20:00 - 26.09.2024 21:00,129.42,EUR,
26.09.2024 21:00 - 26.09.2024 22:00,109.92,EUR,
26.09.2024 22:00 - 26.09.2024 23:00,104.3,EUR,
26.09.2024 23:00 - 27.09.2024 00:00,102.88,EUR,
27.09.2024 00:00 - 27.09.2024 01:00,98.72,EUR,
27.09.2024 01:00 - 27.09.2024 02:00,96.08,EUR,
27.09.2024 02:00 - 27.09.2024 03:00,95,EUR,
27.09.2024 03:00 - 27.09.2024 04:00,95,EUR,
27.09.2024 04:00 - 27.09.2024 05:00,95.2,EUR,
27.09.2024 05:00 - 27.09.2024 06:00,105.58,EUR,
27.09.2024 06:00 - 27.09.2024 07:00,182.36,EUR,
27.09.2024 07:00 - 27.09.2024 08:00,145.01,EUR,
27.09.2024 08:00 - 27.09.2024 09:00,103.05,EUR,
27.09.2024 09:00 - 27.09.2024 10:00,66.79,EUR,
27.09.2024 10:00 - 27.09.2024 11:00,70,EUR,
27.09.2024 11:00 - 27.09.2024 12:00,33.09,EUR,
27.09.2024 12:00 - 27.09.2024 13:00,20.79,EUR,
27.09.2024 13:00 - 27.09.2024 14:00,28.85,EUR,
27.09.2024 14:00 - 27.09.2024 15:00,22.77,EUR,
27.09.2024 15:00 - 27.09.2024 16:00,57.19,EUR,
27.09.2024 16:00 - 27.09.2024 17:00,100.5,EUR,
27.09.2024 17:00 - 27.09.2024 18:00,109.54,EUR,
27.09.2024 18:00 - 27.09.2024 19:00,134,EUR,
27.09.2024 19:00 - 27.09.2024 20:00,151.87,EUR,
27.09.2024 20:00 - 27.09.2024 21:00,107.95,EUR,
27.09.2024 21:00 - 27.09.2024 22:00,111.41,EUR,
27.09.2024 22:00 - 27.09.2024 23:00,108.2,EUR,
27.09.2024 23:00 - 28.09.2024 00:00,105.01,EUR,
28.09.2024 00:00 - 28.09.2024 01:00,100.15,EUR,
28.09.2024 01:00 - 28.09.2024 02:00,95.01,EUR,
28.09.2024 02:00 - 28.09.2024 03:00,93.83,EUR,
28.09.2024 03:00 - 28.09.2024 04:00,100.64,EUR,
28.09.2024 04:00 - 28.09.2024 05:00,100.74,EUR,
28.09.2024 05:00 - 28.09.2024 06:00,104.82,EUR,
28.09.2024 06:00 - 28.09.2024 07:00,109.11,EUR,
28.09.2024 07:00 - 28.09.2024 08:00,119.02,EUR,
28.09.2024 08:00 - 28.09.2024 09:00,103.8,EUR,
28.09.2024 09:00 - 28.09.2024 10:00,90.82,EUR,
28.09.2024 10:00 - 28.09.2024 11:00,45,EUR,
28.09.2024 11:00 - 28.09.2024 12:00,33.4,EUR,
28.09.2024 12:00 - 28.09.2024 13:00,45,EUR,
28.09.2024 13:00 - 28.09.2024 14:00,45,EUR,
28.09.2024 14:00 - 28.09.2024 15:00,45,EUR,
28.09.2024 15:00 - 28.09.2024 16:00,75.64,EUR,
28.09.2024 16:00 - 28.09.2024 17:00,85.8,EUR,
28.09.2024 17:00 - 28.09.2024 18:00,105,EUR,
28.09.2024 18:00 - 28.09.2024 19:00,118.91,EUR,
28.09.2024 19:00 - 28.09.2024 20:00,139.15,EUR,
28.09.2024 20:00 - 28.09.2024 21:00,108.3,EUR,
28.09.2024 21:00 - 28.09.2024 22:00,104.45,EUR,
28.09.2024 22:00 - 28.09.2024 23:00,105,EUR,
28.09.2024 23:00 - 29.09.2024 00:00,103.32,EUR,
29.09.2024 00:00 - 29.09.2024 01:00,98.82,EUR,
29.09.2024 01:00 - 29.09.2024 02:00,98.26,EUR,
29.09.2024 02:00 - 29.09.2024 03:00,93.79,EUR,
29.09.2024 03:00 - 29.09.2024 04:00,93.01,EUR,
29.09.2024 04:00 - 29.09.2024 05:00,86.62,EUR,
29.09.2024 05:00 - 29.09.2024 06:00,63.57,EUR,
29.09.2024 06:00 - 29.09.2024 07:00,81.15,EUR,
29.09.2024 07:00 - 29.09.2024 08:00,105.1,EUR,
29.09.2024 08:00 - 29.09.2024 09:00,98,EUR,
29.09.2024 09:00 - 29.09.2024 10:00,22.81,EUR,
29.09.2024 10:00 - 29.09.2024 11:00,1.33,EUR,
29.09.2024 11:00 - 29.09.2024 12:00,0.04,EUR,
29.09.2024 12:00 - 29.09.2024 13:00,0.04,EUR,
29.09.2024 13:00 - 29.09.2024 14:00,0.04,EUR,
29.09.2024 14:00 - 29.09.2024 15:00,0.04,EUR,
29.09.2024 15:00 - 29.09.2024 16:00,0.04,EUR,
29.09.2024 16:00 - 29.09.2024 17:00,30,EUR,
29.09.2024 17:00 - 29.09.2024 18:00,83.86,EUR,
29.09.2024 18:00 - 29.09.2024 19:00,114.63,EUR,
29.09.2024 19:00 - 29.09.2024 20:00,103.54,EUR,
29.09.2024 20:00 - 29.09.2024 21:00,91.95,EUR,
29.09.2024 21:00 - 29.09.2024 22:00,53.69,EUR,
29.09.2024 22:00 - 29.09.2024 23:00,34.8,EUR,
29.09.2024 23:00 - 30.09.2024 00:00,11.05,EUR,
30.09.2024 00:00 - 30.09.2024 01:00,28.04,EUR,
30.09.2024 01:00 - 30.09.2024 02:00,25.95,EUR,
30.09.2024 02:00 - 30.09.2024 03:00,8.14,EUR,
30.09.2024 03:00 - 30.09.2024 04:00,4.99,EUR,
30.09.2024 04:00 - 30.09.2024 05:00,20.47,EUR,
30.09.2024 05:00 - 30.09.2024 06:00,55.06,EUR,
30.09.2024 06:00 - 30.09.2024 07:00,114.09,EUR,
30.09.2024 07:00 - 30.09.2024 08:00,138.82,EUR,
30.09.2024 08:00 - 30.09.2024 09:00,102.42,EUR,
30.09.2024 09:00 - 30.09.2024 10:00,48.71,EUR,
30.09.2024 10:00 - 30.09.2024 11:00,11.05,EUR,
30.09.2024 11:00 - 30.09.2024 12:00,11.05,EUR,
30.09.2024 12:00 - 30.09.2024 13:00,8.44,EUR,
30.09.2024 13:00 - 30.09.2024 14:00,1.87,EUR,
30.09.2024 14:00 - 30.09.2024 15:00,7.24,EUR,
30.09.2024 15:00 - 30.09.2024 16:00,20.44,EUR,
30.09.2024 16:00 - 30.09.2024 17:00,84.16,EUR,
30.09.2024 17:00 - 30.09.2024 18:00,120,EUR,
30.09.2024 18:00 - 30.09.2024 19:00,141.32,EUR,
30.09.2024 19:00 - 30.09.2024 20:00,171.19,EUR,
30.09.2024 20:00 - 30.09.2024 21:00,118.23,EUR,
30.09.2024 21:00 - 30.09.2024 22:00,105.01,EUR,
30.09.2024 22:00 - 30.09.2024 23:00,114.99,EUR,
30.09.2024 23:00 - 01.10.2024 00:00,113,EUR,
01.10.2024 00:00 - 01.10.2024 01:00,98.66,EUR,
01.10.2024 01:00 - 01.10.2024 02:00,103.47,EUR,
01.10.2024 02:00 - 01.10.2024 03:00,103.1,EUR,
01.10.2024 03:00 - 01.10.2024 04:00,99.57,EUR,
01.10.2024 04:00 - 01.10.2024 05:00,102.52,EUR,
01.10.2024 05:00 - 01.10.2024 06:00,108.53,EUR,
01.10.2024 06:00 - 01.10.2024 07:00,100.93,EUR,
01.10.2024 07:00 - 01.10.2024 08:00,100.02,EUR,
01.10.2024 08:00 - 01.10.2024 09:00,58.43,EUR,
01.10.2024 09:00 - 01.10.2024 10:00,19.39,EUR,
01.10.2024 10:00 - 01.10.2024 11:00,10.65,EUR,
01.10.2024 11:00 - 01.10.2024 12:00,10.02,EUR,
01.10.2024 12:00 - 01.10.2024 13:00,5.12,EUR,
01.10.2024 13:00 - 01.10.2024 14:00,5,EUR,
01.10.2024 14:00 - 01.10.2024 15:00,10.65,EUR,
01.10.2024 15:00 - 01.10.2024 16:00,50.24,EUR,
01.10.2024 16:00 - 01.10.2024 17:00,70.34,EUR,
01.10.2024 17:00 - 01.10.2024 18:00,110.6,EUR,
01.10.2024 18:00 - 01.10.2024 19:00,148.59,EUR,
01.10.2024 19:00 - 01.10.2024 20:00,201.19,EUR,
01.10.2024 20:00 - 01.10.2024 21:00,142.38,EUR,
01.10.2024 21:00 - 01.10.2024 22:00,100.19,EUR,
01.10.2024 22:00 - 01.10.2024 23:00,106.37,EUR,
01.10.2024 23:00 - 02.10.2024 00:00,98.76,EUR,
02.10.2024 00:00 - 02.10.2024 01:00,96.98,EUR,
02.10.2024 01:00 - 02.10.2024 02:00,96.45,EUR,
02.10.2024 02:00 - 02.10.2024 03:00,95.24,EUR,
02.10.2024 03:00 - 02.10.2024 04:00,95.74,EUR,
02.10.2024 04:00 - 02.10.2024 05:00,96.34,EUR,
02.10.2024 05:00 - 02.10.2024 06:00,99.77,EUR,
02.10.2024 06:00 - 02.10.2024 07:00,144.02,EUR,
02.10.2024 07:00 - 02.10.2024 08:00,168.88,EUR,
02.10.2024 08:00 - 02.10.2024 09:00,100.47,EUR,
02.10.2024 09:00 - 02.10.2024 10:00,66.85,EUR,
02.10.2024 10:00 - 02.10.2024 11:00,34.15,EUR,
02.10.2024 11:00 - 02.10.2024 12:00,12.79,EUR,
02.10.2024 12:00 - 02.10.2024 13:00,17.08,EUR,
02.10.2024 13:00 - 02.10.2024 14:00,24.82,EUR,
02.10.2024 14:00 - 02.10.2024 15:00,81,EUR,
02.10.2024 15:00 - 02.10.2024 16:00,109,EUR,
02.10.2024 16:00 - 02.10.2024 17:00,118.32,EUR,
02.10.2024 17:00 - 02.10.2024 18:00,129,EUR,
02.10.2024 18:00 - 02.10.2024 19:00,202.03,EUR,
02.10.2024 19:00 - 02.10.2024 20:00,218.5,EUR,
02.10.2024 20:00 - 02.10.2024 21:00,145.27,EUR,
02.10.2024 21:00 - 02.10.2024 22:00,113.05,EUR,
02.10.2024 22:00 - 02.10.2024 23:00,96.72,EUR,
02.10.2024 23:00 - 03.10.2024 00:00,96.67,EUR,
03.10.2024 00:00 - 03.10.2024 01:00,96.19,EUR,
03.10.2024 01:00 - 03.10.2024 02:00,95.61,EUR,
03.10.2024 02:00 - 03.10.2024 03:00,96.85,EUR,
03.10.2024 03:00 - 03.10.2024 04:00,97.02,EUR,
03.10.2024 04:00 - 03.10.2024 05:00,97.59,EUR,
03.10.2024 05:00 - 03.10.2024 06:00,108.11,EUR,
03.10.2024 06:00 - 03.10.2024 07:00,117.19,EUR,
03.10.2024 07:00 - 03.10.2024 08:00,136.02,EUR,
03.10.2024 08:00 - 03.10.2024 09:00,128.98,EUR,
03.10.2024 09:00 - 03.10.2024 10:00,85.69,EUR,
03.10.2024 10:00 - 03.10.2024 11:00,83.9,EUR,
03.10.2024 11:00 - 03.10.2024 12:00,49.15,EUR,
03.10.2024 12:00 - 03.10.2024 13:00,35.58,EUR,
03.10.2024 13:00 - 03.10.2024 14:00,55,EUR,
03.10.2024 14:00 - 03.10.2024 15:00,60.29,EUR,
03.10.2024 15:00 - 03.10.2024 16:00,93.74,EUR,
03.10.2024 16:00 - 03.10.2024 17:00,117.61,EUR,
03.10.2024 17:00 - 03.10.2024 18:00,139.68,EUR,
03.10.2024 18:00 - 03.10.2024 19:00,154.04,EUR,
03.10.2024 19:00 - 03.10.2024 20:00,164.8,EUR,
03.10.2024 20:00 - 03.10.2024 21:00,130.97,EUR,
03.10.2024 21:00 - 03.10.2024 22:00,105.98,EUR,
03.10.2024 22:00 - 03.10.2024 23:00,96.27,EUR,
03.10.2024 23:00 - 04.10.2024 00:00,94.04,EUR,
04.10.2024 00:00 - 04.10.2024 01:00,73.96,EUR,
04.10.2024 01:00 - 04.10.2024 02:00,81.36,EUR,
04.10.2024 02:00 - 04.10.2024 03:00,81.27,EUR,
04.10.2024 03:00 - 04.10.2024 04:00,87.23,EUR,
04.10.2024 04:00 - 04.10.2024 05:00,88.78,EUR,
04.10.2024 05:00 - 04.10.2024 06:00,95.81,EUR,
04.10.2024 06:00 - 04.10.2024 07:00,117.76,EUR,
04.10.2024 07:00 - 04.10.2024 08:00,138.91,EUR,
04.10.2024 08:00 - 04.10.2024 09:00,103.19,EUR,
04.10.2024 09:00 - 04.10.2024 10:00,87.04,EUR,
04.10.2024 10:00 - 04.10.2024 11:00,76.92,EUR,
04.10.2024 11:00 - 04.10.2024 12:00,20,EUR,
04.10.2024 12:00 - 04.10.2024 13:00,12.74,EUR,
04.10.2024 13:00 - 04.10.2024 14:00,14.99,EUR,
04.10.2024 14:00 - 04.10.2024 15:00,38.74,EUR,
04.10.2024 15:00 - 04.10.2024 16:00,90.58,EUR,
04.10.2024 16:00 - 04.10.2024 17:00,107.28,EUR,
04.10.2024 17:00 - 04.10.2024 18:00,120.06,EUR,
04.10.2024 18:00 - 04.10.2024 19:00,140,EUR,
04.10.2024 19:00 - 04.10.2024 20:00,153.31,EUR,
04.10.2024 20:00 - 04.10.2024 21:00,123.7,EUR,
04.10.2024 21:00 - 04.10.2024 22:00,99.9,EUR,
04.10.2024 22:00 - 04.10.2024 23:00,99.9,EUR,
04.10.2024 23:00 - 05.10.2024 00:00,90,EUR,
05.10.2024 00:00 - 05.10.2024 01:00,n/e,EUR,
05.10.2024 01:00 - 05.10.2024 02:00,n/e,EUR,
05.10.2024 02:00 - 05.10.2024 03:00,n/e,,
05.10.2024 03:00 - 05.10.2024 04:00,n/e,,
05.10.2024 04:00 - 05.10.2024 05:00,n/e,,
05.10.2024 05:00 - 05.10.2024 06:00,n/e,,
05.10.2024 06:00 - 05.10.2024 07:00,n/e,,
05.10.2024 07:00 - 05.10.2024 08:00,n/e,,
05.10.2024 08:00 - 05.10.2024 09:00,n/e,,
05.10.2024 09:00 - 05.10.2024 10:00,n/e,,
05.10.2024 10:00 - 05.10.2024 11:00,n/e,,
05.10.2024 11:00 - 05.10.2024 12:00,n/e,,
05.10.2024 12:00 - 05.10.2024 13:00,n/e,,
05.10.2024 13:00 - 05.10.2024 14:00,n/e,,
05.10.2024 14:00 - 05.10.2024 15:00,n/e,,
05.10.2024 15:00 - 05.10.2024 16:00,n/e,,
05.10.2024 16:00 - 05.10.2024 17:00,n/e,,
05.10.2024 17:00 - 05.10.2024 18:00,n/e,,
05.10.2024 18:00 - 05.10.2024 19:00,n/e,,
05.10.2024 19:00 - 05.10.2024 20:00,n/e,,
05.10.2024 20:00 - 05.10.2024 21:00,n/e,,
05.10.2024 21:00 - 05.10.2024 22:00,n/e,,
05.10.2024 22:00 - 05.10.2024 23:00,n/e,,
05.10.2024 23:00 - 06.10.2024 00:00,n/e,,
06.10.2024 00:00 - 06.10.2024 01:00,n/e,,
06.10.2024 01:00 - 06.10.2024 02:00,n/e,,
06.10.2024 02:00 - 06.10.2024 03:00,n/e,,
06.10.2024 03:00 - 06.10.2024 04:00,n/e,,
06.10.2024 04:00 - 06.10.2024 05:00,n/e,,
06.10.2024 05:00 - 06.10.2024 06:00,n/e,,
06.10.2024 06:00 - 06.10.2024 07:00,n/e,,
06.10.2024 07:00 - 06.10.2024 08:00,n/e,,
06.10.2024 08:00 - 06.10.2024 09:00,n/e,,
06.10.2024 09:00 - 06.10.2024 10:00,n/e,,
06.10.2024 10:00 - 06.10.2024 11:00,n/e,,
06.10.2024 11:00 - 06.10.2024 12:00,n/e,,
06.10.2024 12:00 - 06.10.2024 13:00,n/e,,
06.10.2024 13:00 - 06.10.2024 14:00,n/e,,
06.10.2024 14:00 - 06.10.2024 15:00,n/e,,
06.10.2024 15:00 - 06.10.2024 16:00,n/e,,
06.10.2024 16:00 - 06.10.2024 17:00,n/e,,
06.10.2024 17:00 - 06.10.2024 18:00,n/e,,
06.10.2024 18:00 - 06.10.2024 19:00,n/e,,
06.10.2024 19:00 - 06.10.2024 20:00,n/e,,
06.10.2024 20:00 - 06.10.2024 21:00,n/e,,
06.10.2024 21:00 - 06.10.2024 22:00,n/e,,
06.10.2024 22:00 - 06.10.2024 23:00,n/e,,
06.10.2024 23:00 - 07.10.2024 00:00,n/e,,
07.10.2024 00:00 - 07.10.2024 01:00,n/e,,
07.10.2024 01:00 - 07.10.2024 02:00,n/e,,
07.10.2024 02:00 - 07.10.2024 03:00,n/e,,
07.10.2024 03:00 - 07.10.2024 04:00,n/e,,
07.10.2024 04:00 - 07.10.2024 05:00,n/e,,
07.10.2024 05:00 - 07.10.2024 06:00,n/e,,
07.10.2024 06:00 - 07.10.2024 07:00,n/e,,
07.10.2024 07:00 - 07.10.2024 08:00,n/e,,
07.10.2024 08:00 - 07.10.2024 09:00,n/e,,
07.10.2024 09:00 - 07.10.2024 10:00,n/e,,
07.10.2024 10:00 - 07.10.2024 11:00,n/e,,
07.10.2024 11:00 - 07.10.2024 12:00,n/e,,
07.10.2024 12:00 - 07.10.2024 13:00,n/e,,
07.10.2024 13:00 - 07.10.2024 14:00,n/e,,
07.10.2024 14:00 - 07.10.2024 15:00,n/e,,
07.10.2024 15:00 - 07.10.2024 16:00,n/e,,
07.10.2024 16:00 - 07.10.2024 17:00,n/e,,
07.10.2024 17:00 - 07.10.2024 18:00,n/e,,
07.10.2024 18:00 - 07.10.2024 19:00,n/e,,
07.10.2024 19:00 - 07.10.2024 20:00,n/e,,
07.10.2024 20:00 - 07.10.2024 21:00,n/e,,
07.10.2024 21:00 - 07.10.2024 22:00,n/e,,
07.10.2024 22:00 - 07.10.2024 23:00,n/e,,
07.10.2024 23:00 - 08.10.2024 00:00,n/e,,
08.10.2024 00:00 - 08.10.2024 01:00,n/e,,
08.10.2024 01:00 - 08.10.2024 02:00,n/e,,
08.10.2024 02:00 - 08.10.2024 03:00,n/e,,
08.10.2024 03:00 - 08.10.2024 04:00,n/e,,
08.10.2024 04:00 - 08.10.2024 05:00,n/e,,
08.10.2024 05:00 - 08.10.2024 06:00,n/e,,
08.10.2024 06:00 - 08.10.2024 07:00,n/e,,
08.10.2024 07:00 - 08.10.2024 08:00,n/e,,
08.10.2024 08:00 - 08.10.2024 09:00,n/e,,
08.10.2024 09:00 - 08.10.2024 10:00,n/e,,
08.10.2024 10:00 - 08.10.2024 11:00,n/e,,
08.10.2024 11:00 - 08.10.2024 12:00,n/e,,
08.10.2024 12:00 - 08.10.2024 13:00,n/e,,
08.10.2024 13:00 - 08.10.2024 14:00,n/e,,
08.10.2024 14:00 - 08.10.2024 15:00,n/e,,
08.10.2024 15:00 - 08.10.2024 16:00,n/e,,
08.10.2024 16:00 - 08.10.2024 17:00,n/e,,
08.10.2024 17:00 - 08.10.2024 18:00,n/e,,
08.10.2024 18:00 - 08.10.2024 19:00,n/e,,
08.10.2024 19:00 - 08.10.2024 20:00,n/e,,
08.10.2024 20:00 - 08.10.2024 21:00,n/e,,
08.10.2024 21:00 - 08.10.2024 22:00,n/e,,
08.10.2024 22:00 - 08.10.2024 23:00,n/e,,
08.10.2024 23:00 - 09.10.2024 00:00,n/e,,
09.10.2024 00:00 - 09.10.2024 01:00,n/e,,
09.10.2024 01:00 - 09.10.2024 02:00,n/e,,
09.10.2024 02:00 - 09.10.2024 03:00,n/e,,
09.10.2024 03:00 - 09.10.2024 04:00,n/e,,
09.10.2024 04:00 - 09.10.2024 05:00,n/e,,
09.10.2024 05:00 - 09.10.2024 06:00,n/e,,
09.10.2024 06:00 - 09.10.2024 07:00,n/e,,
09.10.2024 07:00 - 09.10.2024 08:00,n/e,,
09.10.2024 08:00 - 09.10.2024 09:00,n/e,,
09.10.2024 09:00 - 09.10.2024 10:00,n/e,,
09.10.2024 10:00 - 09.10.2024 11:00,n/e,,
09.10.2024 11:00 - 09.10.2024 12:00,n/e,,
09.10.2024 12:00 - 09.10.2024 13:00,n/e,,
09.10.2024 13:00 - 09.10.2024 14:00,n/e,,
09.10.2024 14:00 - 09.10.2024 15:00,n/e,,
09.10.2024 15:00 - 09.10.2024 16:00,n/e,,
09.10.2024 16:00 - 09.10.2024 17:00,n/e,,
09.10.2024 17:00 - 09.10.2024 18:00,n/e,,
09.10.2024 18:00 - 09.10.2024 19:00,n/e,,
09.10.2024 19:00 - 09.10.2024 20:00,n/e,,
09.10.2024 20:00 - 09.10.2024 21:00,n/e,,
09.10.2024 21:00 - 09.10.2024 22:00,n/e,,
09.10.2024 22:00 - 09.10.2024 23:00,n/e,,
09.10.2024 23:00 - 10.10.2024 00:00,n/e,,
10.10.2024 00:00 - 10.10.2024 01:00,n/e,,
10.10.2024 01:00 - 10.10.2024 02:00,n/e,,
10.10.2024 02:00 - 10.10.2024 03:00,n/e,,
10.10.2024 03:00 - 10.10.2024 04:00,n/e,,
10.10.2024 04:00 - 10.10.2024 05:00,n/e,,
10.10.2024 05:00 - 10.10.2024 06:00,n/e,,
10.10.2024 06:00 - 10.10.2024 07:00,n/e,,
10.10.2024 07:00 - 10.10.2024 08:00,n/e,,
10.10.2024 08:00 - 10.10.2024 09:00,n/e,,
10.10.2024 09:00 - 10.10.2024 10:00,n/e,,
10.10.2024 10:00 - 10.10.2024 11:00,n/e,,
10.10.2024 11:00 - 10.10.2024 12:00,n/e,,
10.10.2024 12:00 - 10.10.2024 13:00,n/e,,
10.10.2024 13:00 - 10.10.2024 14:00,n/e,,
10.10.2024 14:00 - 10.10.2024 15:00,n/e,,
10.10.2024 15:00 - 10.10.2024 16:00,n/e,,
10.10.2024 16:00 - 10.10.2024 17:00,n/e,,
10.10.2024 17:00 - 10.10.2024 18:00,n/e,,
10.10.2024 18:00 - 10.10.2024 19:00,n/e,,
10.10.2024 19:00 - 10.10.2024 20:00,n/e,,
10.10.2024 20:00 - 10.10.2024 21:00,n/e,,
10.10.2024 21:00 - 10.10.2024 22:00,n/e,,
10.10.2024 22:00 - 10.10.2024 23:00,n/e,,
10.10.2024 23:00 - 11.10.2024 00:00,n/e,,
11.10.2024 00:00 - 11.10.2024 01:00,n/e,,
11.10.2024 01:00 - 11.10.2024 02:00,n/e,,
11.10.2024 02:00 - 11.10.2024 03:00,n/e,,
11.10.2024 03:00 - 11.10.2024 04:00,n/e,,
11.10.2024 04:00 - 11.10.2024 05:00,n/e,,
11.10.2024 05:00 - 11.10.2024 06:00,n/e,,
11.10.2024 06:00 - 11.10.2024 07:00,n/e,,
11.10.2024 07:00 - 11.10.2024 08:00,n/e,,
11.10.2024 08:00 - 11.10.2024 09:00,n/e,,
11.10.2024 09:00 - 11.10.2024 10:00,n/e,,
11.10.2024 10:00 - 11.10.2024 11:00,n/e,,
11.10.2024 11:00 - 11.10.2024 12:00,n/e,,
11.10.2024 12:00 - 11.10.2024 13:00,n/e,,
11.10.2024 13:00 - 11.10.2024 14:00,n/e,,
11.10.2024 14:00 - 11.10.2024 15:00,n/e,,
11.10.2024 15:00 - 11.10.2024 16:00,n/e,,
11.10.2024 16:00 - 11.10.2024 17:00,n/e,,
11.10.2024 17:00 - 11.10.2024 18:00,n/e,,
11.10.2024 18:00 - 11.10.2024 19:00,n/e,,
11.10.2024 19:00 - 11.10.2024 20:00,n/e,,
11.10.2024 20:00 - 11.10.2024 21:00,n/e,,
11.10.2024 21:00 - 11.10.2024 22:00,n/e,,
11.10.2024 22:00 - 11.10.2024 23:00,n/e,,
11.10.2024 23:00 - 12.10.2024 00:00,n/e,,
12.10.2024 00:00 - 12.10.2024 01:00,n/e,,
12.10.2024 01:00 - 12.10.2024 02:00,n/e,,
12.10.2024 02:00 - 12.10.2024 03:00,n/e,,
12.10.2024 03:00 - 12.10.2024 04:00,n/e,,
12.10.2024 04:00 - 12.10.2024 05:00,n/e,,
12.10.2024 05:00 - 12.10.2024 06:00,n/e,,
12.10.2024 06:00 - 12.10.2024 07:00,n/e,,
12.10.2024 07:00 - 12.10.2024 08:00,n/e,,
12.10.2024 08:00 - 12.10.2024 09:00,n/e,,
12.10.2024 09:00 - 12.10.2024 10:00,n/e,,
12.10.2024 10:00 - 12.10.2024 11:00,n/e,,
12.10.2024 11:00 - 12.10.2024 12:00,n/e,,
12.10.2024 12:00 - 12.10.2024 13:00,n/e,,
12.10.2024 13:00 - 12.10.2024 14:00,n/e,,
12.10.2024 14:00 - 12.10.2024 15:00,n/e,,
12.10.2024 15:00 - 12.10.2024 16:00,n/e,,
12.10.2024 16:00 - 12.10.2024 17:00,n/e,,
12.10.2024 17:00 - 12.10.2024 18:00,n/e,,
12.10.2024 18:00 - 12.10.2024 19:00,n/e,,
12.10.2024 19:00 - 12.10.2024 20:00,n/e,,
12.10.2024 20:00 - 12.10.2024 21:00,n/e,,
12.10.2024 21:00 - 12.10.2024 22:00,n/e,,
12.10.2024 22:00 - 12.10.2024 23:00,n/e,,
12.10.2024 23:00 - 13.10.2024 00:00,n/e,,
13.10.2024 00:00 - 13.10.2024 01:00,n/e,,
13.10.2024 01:00 - 13.10.2024 02:00,n/e,,
13.10.2024 02:00 - 13.10.2024 03:00,n/e,,
13.10.2024 03:00 - 13.10.2024 04:00,n/e,,
13.10.2024 04:00 - 13.10.2024 05:00,n/e,,
13.10.2024 05:00 - 13.10.2024 06:00,n/e,,
13.10.2024 06:00 - 13.10.2024 07:00,n/e,,
13.10.2024 07:00 - 13.10.2024 08:00,n/e,,
13.10.2024 08:00 - 13.10.2024 09:00,n/e,,
13.10.2024 09:00 - 13.10.2024 10:00,n/e,,
13.10.2024 10:00 - 13.10.2024 11:00,n/e,,
13.10.2024 11:00 - 13.10.2024 12:00,n/e,,
13.10.2024 12:00 - 13.10.2024 13:00,n/e,,
13.10.2024 13:00 - 13.10.2024 14:00,n/e,,
13.10.2024 14:00 - 13.10.2024 15:00,n/e,,
13.10.2024 15:00 - 13.10.2024 16:00,n/e,,
13.10.2024 16:00 - 13.10.2024 17:00,n/e,,
13.10.2024 17:00 - 13.10.2024 18:00,n/e,,
13.10.2024 18:00 - 13.10.2024 19:00,n/e,,
13.10.2024 19:00 - 13.10.2024 20:00,n/e,,
13.10.2024 20:00 - 13.10.2024 21:00,n/e,,
13.10.2024 21:00 - 13.10.2024 22:00,n/e,,
13.10.2024 22:00 - 13.10.2024 23:00,n/e,,
13.10.2024 23:00 - 14.10.2024 00:00,n/e,,
14.10.2024 00:00 - 14.10.2024 01:00,n/e,,
14.10.2024 01:00 - 14.10.2024 02:00,n/e,,
14.10.2024 02:00 - 14.10.2024 03:00,n/e,,
14.10.2024 03:00 - 14.10.2024 04:00,n/e,,
14.10.2024 04:00 - 14.10.2024 05:00,n/e,,
14.10.2024 05:00 - 14.10.2024 06:00,n/e,,
14.10.2024 06:00 - 14.10.2024 07:00,n/e,,
14.10.2024 07:00 - 14.10.2024 08:00,n/e,,
14.10.2024 08:00 - 14.10.2024 09:00,n/e,,
14.10.2024 09:00 - 14.10.2024 10:00,n/e,,
14.10.2024 10:00 - 14.10.2024 11:00,n/e,,
14.10.2024 11:00 - 14.10.2024 12:00,n/e,,
14.10.2024 12:00 - 14.10.2024 13:00,n/e,,
14.10.2024 13:00 - 14.10.2024 14:00,n/e,,
14.10.2024 14:00 - 14.10.2024 15:00,n/e,,
14.10.2024 15:00 - 14.10.2024 16:00,n/e,,
14.10.2024 16:00 - 14.10.2024 17:00,n/e,,
14.10.2024 17:00 - 14.10.2024 18:00,n/e,,
14.10.2024 18:00 - 14.10.2024 19:00,n/e,,
14.10.2024 19:00 - 14.10.2024 20:00,n/e,,
14.10.2024 20:00 - 14.10.2024 21:00,n/e,,
14.10.2024 21:00 - 14.10.2024 22:00,n/e,,
14.10.2024 22:00 - 14.10.2024 23:00,n/e,,
14.10.2024 23:00 - 15.10.2024 00:00,n/e,,
15.10.2024 00:00 - 15.10.2024 01:00,n/e,,
15.10.2024 01:00 - 15.10.2024 02:00,n/e,,
15.10.2024 02:00 - 15.10.2024 03:00,n/e,,
15.10.2024 03:00 - 15.10.2024 04:00,n/e,,
15.10.2024 04:00 - 15.10.2024 05:00,n/e,,
15.10.2024 05:00 - 15.10.2024 06:00,n/e,,
15.10.2024 06:00 - 15.10.2024 07:00,n/e,,
15.10.2024 07:00 - 15.10.2024 08:00,n/e,,
15.10.2024 08:00 - 15.10.2024 09:00,n/e,,
15.10.2024 09:00 - 15.10.2024 10:00,n/e,,
15.10.2024 10:00 - 15.10.2024 11:00,n/e,,
15.10.2024 11:00 - 15.10.2024 12:00,n/e,,
15.10.2024 12:00 - 15.10.2024 13:00,n/e,,
15.10.2024 13:00 - 15.10.2024 14:00,n/e,,
15.10.2024 14:00 - 15.10.2024 15:00,n/e,,
15.10.2024 15:00 - 15.10.2024 16:00,n/e,,
15.10.2024 16:00 - 15.10.2024 17:00,n/e,,
15.10.2024 17:00 - 15.10.2024 18:00,n/e,,
15.10.2024 18:00 - 15.10.2024 19:00,n/e,,
15.10.2024 19:00 - 15.10.2024 20:00,n/e,,
15.10.2024 20:00 - 15.10.2024 21:00,n/e,,
15.10.2024 21:00 - 15.10.2024 22:00,n/e,,
15.10.2024 22:00 - 15.10.2024 23:00,n/e,,
15.10.2024 23:00 - 16.10.2024 00:00,n/e,,
16.10.2024 00:00 - 16.10.2024 01:00,n/e,,
16.10.2024 01:00 - 16.10.2024 02:00,n/e,,
16.10.2024 02:00 - 16.10.2024 03:00,n/e,,
16.10.2024 03:00 - 16.10.2024 04:00,n/e,,
16.10.2024 04:00 - 16.10.2024 05:00,n/e,,
16.10.2024 05:00 - 16.10.2024 06:00,n/e,,
16.10.2024 06:00 - 16.10.2024 07:00,n/e,,
16.10.2024 07:00 - 16.10.2024 08:00,n/e,,
16.10.2024 08:00 - 16.10.2024 09:00,n/e,,
16.10.2024 09:00 - 16.10.2024 10:00,n/e,,
16.10.2024 10:00 - 16.10.2024 11:00,n/e,,
16.10.2024 11:00 - 16.10.2024 12:00,n/e,,
16.10.2024 12:00 - 16.10.2024 13:00,n/e,,
16.10.2024 13:00 - 16.10.2024 14:00,n/e,,
16.10.2024 14:00 - 16.10.2024 15:00,n/e,,
16.10.2024 15:00 - 16.10.2024 16:00,n/e,,
16.10.2024 16:00 - 16.10.2024 17:00,n/e,,
16.10.2024 17:00 - 16.10.2024 18:00,n/e,,
16.10.2024 18:00 - 16.10.2024 19:00,n/e,,
16.10.2024 19:00 - 16.10.2024 20:00,n/e,,
16.10.2024 20:00 - 16.10.2024 21:00,n/e,,
16.10.2024 21:00 - 16.10.2024 22:00,n/e,,
16.10.2024 22:00 - 16.10.2024 23:00,n/e,,
16.10.2024 23:00 - 17.10.2024 00:00,n/e,,
17.10.2024 00:00 - 17.10.2024 01:00,n/e,,
17.10.2024 01:00 - 17.10.2024 02:00,n/e,,
17.10.2024 02:00 - 17.10.2024 03:00,n/e,,
17.10.2024 03:00 - 17.10.2024 04:00,n/e,,
17.10.2024 04:00 - 17.10.2024 05:00,n/e,,
17.10.2024 05:00 - 17.10.2024 06:00,n/e,,
17.10.2024 06:00 - 17.10.2024 07:00,n/e,,
17.10.2024 07:00 - 17.10.2024 08:00,n/e,,
17.10.2024 08:00 - 17.10.2024 09:00,n/e,,
17.10.2024 09:00 - 17.10.2024 10:00,n/e,,
17.10.2024 10:00 - 17.10.2024 11:00,n/e,,
17.10.2024 11:00 - 17.10.2024 12:00,n/e,,
17.10.2024 12:00 - 17.10.2024 13:00,n/e,,
17.10.2024 13:00 - 17.10.2024 14:00,n/e,,
17.10.2024 14:00 - 17.10.2024 15:00,n/e,,
17.10.2024 15:00 - 17.10.2024 16:00,n/e,,
17.10.2024 16:00 - 17.10.2024 17:00,n/e,,
17.10.2024 17:00 - 17.10.2024 18:00,n/e,,
17.10.2024 18:00 - 17.10.2024 19:00,n/e,,
17.10.2024 19:00 - 17.10.2024 20:00,n/e,,
17.10.2024 20:00 - 17.10.2024 21:00,n/e,,
17.10.2024 21:00 - 17.10.2024 22:00,n/e,,
17.10.2024 22:00 - 17.10.2024 23:00,n/e,,
17.10.2024 23:00 - 18.10.2024 00:00,n/e,,
18.10.2024 00:00 - 18.10.2024 01:00,n/e,,
18.10.2024 01:00 - 18.10.2024 02:00,n/e,,
18.10.2024 02:00 - 18.10.2024 03:00,n/e,,
18.10.2024 03:00 - 18.10.2024 04:00,n/e,,
18.10.2024 04:00 - 18.10.2024 05:00,n/e,,
18.10.2024 05:00 - 18.10.2024 06:00,n/e,,
18.10.2024 06:00 - 18.10.2024 07:00,n/e,,
18.10.2024 07:00 - 18.10.2024 08:00,n/e,,
18.10.2024 08:00 - 18.10.2024 09:00,n/e,,
18.10.2024 09:00 - 18.10.2024 10:00,n/e,,
18.10.2024 10:00 - 18.10.2024 11:00,n/e,,
18.10.2024 11:00 - 18.10.2024 12:00,n/e,,
18.10.2024 12:00 - 18.10.2024 13:00,n/e,,
18.10.2024 13:00 - 18.10.2024 14:00,n/e,,
18.10.2024 14:00 - 18.10.2024 15:00,n/e,,
18.10.2024 15:00 - 18.10.2024 16:00,n/e,,
18.10.2024 16:00 - 18.10.2024 17:00,n/e,,
18.10.2024 17:00 - 18.10.2024 18:00,n/e,,
18.10.2024 18:00 - 18.10.2024 19:00,n/e,,
18.10.2024 19:00 - 18.10.2024 20:00,n/e,,
18.10.2024 20:00 - 18.10.2024 21:00,n/e,,
18.10.2024 21:00 - 18.10.2024 22:00,n/e,,
18.10.2024 22:00 - 18.10.2024 23:00,n/e,,
18.10.2024 23:00 - 19.10.2024 00:00,n/e,,
19.10.2024 00:00 - 19.10.2024 01:00,n/e,,
19.10.2024 01:00 - 19.10.2024 02:00,n/e,,
19.10.2024 02:00 - 19.10.2024 03:00,n/e,,
19.10.2024 03:00 - 19.10.2024 04:00,n/e,,
19.10.2024 04:00 - 19.10.2024 05:00,n/e,,
19.10.2024 05:00 - 19.10.2024 06:00,n/e,,
19.10.2024 06:00 - 19.10.2024 07:00,n/e,,
19.10.2024 07:00 - 19.10.2024 08:00,n/e,,
19.10.2024 08:00 - 19.10.2024 09:00,n/e,,
19.10.2024 09:00 - 19.10.2024 10:00,n/e,,
19.10.2024 10:00 - 19.10.2024 11:00,n/e,,
19.10.2024 11:00 - 19.10.2024 12:00,n/e,,
19.10.2024 12:00 - 19.10.2024 13:00,n/e,,
19.10.2024 13:00 - 19.10.2024 14:00,n/e,,
19.10.2024 14:00 - 19.10.2024 15:00,n/e,,
19.10.2024 15:00 - 19.10.2024 16:00,n/e,,
19.10.2024 16:00 - 19.10.2024 17:00,n/e,,
19.10.2024 17:00 - 19.10.2024 18:00,n/e,,
19.10.2024 18:00 - 19.10.2024 19:00,n/e,,
19.10.2024 19:00 - 19.10.2024 20:00,n/e,,
19.10.2024 20:00 - 19.10.2024 21:00,n/e,,
19.10.2024 21:00 - 19.10.2024 22:00,n/e,,
19.10.2024 22:00 - 19.10.2024 23:00,n/e,,
19.10.2024 23:00 - 20.10.2024 00:00,n/e,,
20.10.2024 00:00 - 20.10.2024 01:00,n/e,,
20.10.2024 01:00 - 20.10.2024 02:00,n/e,,
20.10.2024 02:00 - 20.10.2024 03:00,n/e,,
20.10.2024 03:00 - 20.10.2024 04:00,n/e,,
20.10.2024 04:00 - 20.10.2024 05:00,n/e,,
20.10.2024 05:00 - 20.10.2024 06:00,n/e,,
20.10.2024 06:00 - 20.10.2024 07:00,n/e,,
20.10.2024 07:00 - 20.10.2024 08:00,n/e,,
20.10.2024 08:00 - 20.10.2024 09:00,n/e,,
20.10.2024 09:00 - 20.10.2024 10:00,n/e,,
20.10.2024 10:00 - 20.10.2024 11:00,n/e,,
20.10.2024 11:00 - 20.10.2024 12:00,n/e,,
20.10.2024 12:00 - 20.10.2024 13:00,n/e,,
20.10.2024 13:00 - 20.10.2024 14:00,n/e,,
20.10.2024 14:00 - 20.10.2024 15:00,n/e,,
20.10.2024 15:00 - 20.10.2024 16:00,n/e,,
20.10.2024 16:00 - 20.10.2024 17:00,n/e,,
20.10.2024 17:00 - 20.10.2024 18:00,n/e,,
20.10.2024 18:00 - 20.10.2024 19:00,n/e,,
20.10.2024 19:00 - 20.10.2024 20:00,n/e,,
20.10.2024 20:00 - 20.10.2024 21:00,n/e,,
20.10.2024 21:00 - 20.10.2024 22:00,n/e,,
20.10.2024 22:00 - 20.10.2024 23:00,n/e,,
20.10.2024 23:00 - 21.10.2024 00:00,n/e,,
21.10.2024 00:00 - 21.10.2024 01:00,n/e,,
21.10.2024 01:00 - 21.10.2024 02:00,n/e,,
21.10.2024 02:00 - 21.10.2024 03:00,n/e,,
21.10.2024 03:00 - 21.10.2024 04:00,n/e,,
21.10.2024 04:00 - 21.10.2024 05:00,n/e,,
21.10.2024 05:00 - 21.10.2024 06:00,n/e,,
21.10.2024 06:00 - 21.10.2024 07:00,n/e,,
21.10.2024 07:00 - 21.10.2024 08:00,n/e,,
21.10.2024 08:00 - 21.10.2024 09:00,n/e,,
21.10.2024 09:00 - 21.10.2024 10:00,n/e,,
21.10.2024 10:00 - 21.10.2024 11:00,n/e,,
21.10.2024 11:00 - 21.10.2024 12:00,n/e,,
21.10.2024 12:00 - 21.10.2024 13:00,n/e,,
21.10.2024 13:00 - 21.10.2024 14:00,n/e,,
21.10.2024 14:00 - 21.10.2024 15:00,n/e,,
21.10.2024 15:00 - 21.10.2024 16:00,n/e,,
21.10.2024 16:00 - 21.10.2024 17:00,n/e,,
21.10.2024 17:00 - 21.10.2024 18:00,n/e,,
21.10.2024 18:00 - 21.10.2024 19:00,n/e,,
21.10.2024 19:00 - 21.10.2024 20:00,n/e,,
21.10.2024 20:00 - 21.10.2024 21:00,n/e,,
21.10.2024 21:00 - 21.10.2024 22:00,n/e,,
21.10.2024 22:00 - 21.10.2024 23:00,n/e,,
21.10.2024 23:00 - 22.10.2024 00:00,n/e,,
22.10.2024 00:00 - 22.10.2024 01:00,n/e,,
22.10.2024 01:00 - 22.10.2024 02:00,n/e,,
22.10.2024 02:00 - 22.10.2024 03:00,n/e,,
22.10.2024 03:00 - 22.10.2024 04:00,n/e,,
22.10.2024 04:00 - 22.10.2024 05:00,n/e,,
22.10.2024 05:00 - 22.10.2024 06:00,n/e,,
22.10.2024 06:00 - 22.10.2024 07:00,n/e,,
22.10.2024 07:00 - 22.10.2024 08:00,n/e,,
22.10.2024 08:00 - 22.10.2024 09:00,n/e,,
22.10.2024 09:00 - 22.10.2024 10:00,n/e,,
22.10.2024 10:00 - 22.10.2024 11:00,n/e,,
22.10.2024 11:00 - 22.10.2024 12:00,n/e,,
22.10.2024 12:00 - 22.10.2024 13:00,n/e,,
22.10.2024 13:00 - 22.10.2024 14:00,n/e,,
22.10.2024 14:00 - 22.10.2024 15:00,n/e,,
22.10.2024 15:00 - 22.10.2024 16:00,n/e,,
22.10.2024 16:00 - 22.10.2024 17:00,n/e,,
22.10.2024 17:00 - 22.10.2024 18:00,n/e,,
22.10.2024 18:00 - 22.10.2024 19:00,n/e,,
22.10.2024 19:00 - 22.10.2024 20:00,n/e,,
22.10.2024 20:00 - 22.10.2024 21:00,n/e,,
22.10.2024 21:00 - 22.10.2024 22:00,n/e,,
22.10.2024 22:00 - 22.10.2024 23:00,n/e,,
22.10.2024 23:00 - 23.10.2024 00:00,n/e,,
23.10.2024 00:00 - 23.10.2024 01:00,n/e,,
23.10.2024 01:00 - 23.10.2024 02:00,n/e,,
23.10.2024 02:00 - 23.10.2024 03:00,n/e,,
23.10.2024 03:00 - 23.10.2024 04:00,n/e,,
23.10.2024 04:00 - 23.10.2024 05:00,n/e,,
23.10.2024 05:00 - 23.10.2024 06:00,n/e,,
23.10.2024 06:00 - 23.10.2024 07:00,n/e,,
23.10.2024 07:00 - 23.10.2024 08:00,n/e,,
23.10.2024 08:00 - 23.10.2024 09:00,n/e,,
23.10.2024 09:00 - 23.10.2024 10:00,n/e,,
23.10.2024 10:00 - 23.10.2024 11:00,n/e,,
23.10.2024 11:00 - 23.10.2024 12:00,n/e,,
23.10.2024 12:00 - 23.10.2024 13:00,n/e,,
23.10.2024 13:00 - 23.10.2024 14:00,n/e,,
23.10.2024 14:00 - 23.10.2024 15:00,n/e,,
23.10.2024 15:00 - 23.10.2024 16:00,n/e,,
23.10.2024 16:00 - 23.10.2024 17:00,n/e,,
23.10.2024 17:00 - 23.10.2024 18:00,n/e,,
23.10.2024 18:00 - 23.10.2024 19:00,n/e,,
23.10.2024 19:00 - 23.10.2024 20:00,n/e,,
23.10.2024 20:00 - 23.10.2024 21:00,n/e,,
23.10.2024 21:00 - 23.10.2024 22:00,n/e,,
23.10.2024 22:00 - 23.10.2024 23:00,n/e,,
23.10.2024 23:00 - 24.10.2024 00:00,n/e,,
24.10.2024 00:00 - 24.10.2024 01:00,n/e,,
24.10.2024 01:00 - 24.10.2024 02:00,n/e,,
24.10.2024 02:00 - 24.10.2024 03:00,n/e,,
24.10.2024 03:00 - 24.10.2024 04:00,n/e,,
24.10.2024 04:00 - 24.10.2024 05:00,n/e,,
24.10.2024 05:00 - 24.10.2024 06:00,n/e,,
24.10.2024 06:00 - 24.10.2024 07:00,n/e,,
24.10.2024 07:00 - 24.10.2024 08:00,n/e,,
24.10.2024 08:00 - 24.10.2024 09:00,n/e,,
24.10.2024 09:00 - 24.10.2024 10:00,n/e,,
24.10.2024 10:00 - 24.10.2024 11:00,n/e,,
24.10.2024 11:00 - 24.10.2024 12:00,n/e,,
24.10.2024 12:00 - 24.10.2024 13:00,n/e,,
24.10.2024 13:00 - 24.10.2024 14:00,n/e,,
24.10.2024 14:00 - 24.10.2024 15:00,n/e,,
24.10.2024 15:00 - 24.10.2024 16:00,n/e,,
24.10.2024 16:00 - 24.10.2024 17:00,n/e,,
24.10.2024 17:00 - 24.10.2024 18:00,n/e,,
24.10.2024 18:00 - 24.10.2024 19:00,n/e,,
24.10.2024 19:00 - 24.10.2024 20:00,n/e,,
24.10.2024 20:00 - 24.10.2024 21:00,n/e,,
24.10.2024 21:00 - 24.10.2024 22:00,n/e,,
24.10.2024 22:00 - 24.10.2024 23:00,n/e,,
24.10.2024 23:00 - 25.10.2024 00:00,n/e,,
25.10.2024 00:00 - 25.10.2024 01:00,n/e,,
25.10.2024 01:00 - 25.10.2024 02:00,n/e,,
25.10.2024 02:00 - 25.10.2024 03:00,n/e,,
25.10.2024 03:00 - 25.10.2024 04:00,n/e,,
25.10.2024 04:00 - 25.10.2024 05:00,n/e,,
25.10.2024 05:00 - 25.10.2024 06:00,n/e,,
25.10.2024 06:00 - 25.10.2024 07:00,n/e,,
25.10.2024 07:00 - 25.10.2024 08:00,n/e,,
25.10.2024 08:00 - 25.10.2024 09:00,n/e,,
25.10.2024 09:00 - 25.10.2024 10:00,n/e,,
25.10.2024 10:00 - 25.10.2024 11:00,n/e,,
25.10.2024 11:00 - 25.10.2024 12:00,n/e,,
25.10.2024 12:00 - 25.10.2024 13:00,n/e,,
25.10.2024 13:00 - 25.10.2024 14:00,n/e,,
25.10.2024 14:00 - 25.10.2024 15:00,n/e,,
25.10.2024 15:00 - 25.10.2024 16:00,n/e,,
25.10.2024 16:00 - 25.10.2024 17:00,n/e,,
25.10.2024 17:00 - 25.10.2024 18:00,n/e,,
25.10.2024 18:00 - 25.10.2024 19:00,n/e,,
25.10.2024 19:00 - 25.10.2024 20:00,n/e,,
25.10.2024 20:00 - 25.10.2024 21:00,n/e,,
25.10.2024 21:00 - 25.10.2024 22:00,n/e,,
25.10.2024 22:00 - 25.10.2024 23:00,n/e,,
25.10.2024 23:00 - 26.10.2024 00:00,n/e,,
26.10.2024 00:00 - 26.10.2024 01:00,n/e,,
26.10.2024 01:00 - 26.10.2024 02:00,n/e,,
26.10.2024 02:00 - 26.10.2024 03:00,n/e,,
26.10.2024 03:00 - 26.10.2024 04:00,n/e,,
26.10.2024 04:00 - 26.10.2024 05:00,n/e,,
26.10.2024 05:00 - 26.10.2024 06:00,n/e,,
26.10.2024 06:00 - 26.10.2024 07:00,n/e,,
26.10.2024 07:00 - 26.10.2024 08:00,n/e,,
26.10.2024 08:00 - 26.10.2024 09:00,n/e,,
26.10.2024 09:00 - 26.10.2024 10:00,n/e,,
26.10.2024 10:00 - 26.10.2024 11:00,n/e,,
26.10.2024 11:00 - 26.10.2024 12:00,n/e,,
26.10.2024 12:00 - 26.10.2024 13:00,n/e,,
26.10.2024 13:00 - 26.10.2024 14:00,n/e,,
26.10.2024 14:00 - 26.10.2024 15:00,n/e,,
26.10.2024 15:00 - 26.10.2024 16:00,n/e,,
26.10.2024 16:00 - 26.10.2024 17:00,n/e,,
26.10.2024 17:00 - 26.10.2024 18:00,n/e,,
26.10.2024 18:00 - 26.10.2024 19:00,n/e,,
26.10.2024 19:00 - 26.10.2024 20:00,n/e,,
26.10.2024 20:00 - 26.10.2024 21:00,n/e,,
26.10.2024 21:00 - 26.10.2024 22:00,n/e,,
26.10.2024 22:00 - 26.10.2024 23:00,n/e,,
26.10.2024 23:00 - 27.10.2024 00:00,n/e,,
27.10.2024 00:00 - 27.10.2024 01:00,n/e,,
27.10.2024 01:00 - 27.10.2024 02:00,n/e,,
27.10.2024 02:00 - 27.10.2024 03:00,n/e,,
27.10.2024 02:00 - 27.10.2024 03:00,n/e,,
27.10.2024 03:00 - 27.10.2024 04:00,n/e,,
27.10.2024 04:00 - 27.10.2024 05:00,n/e,,
27.10.2024 05:00 - 27.10.2024 06:00,n/e,,
27.10.2024 06:00 - 27.10.2024 07:00,n/e,,
27.10.2024 07:00 - 27.10.2024 08:00,n/e,,
27.10.2024 08:00 - 27.10.2024 09:00,n/e,,
27.10.2024 09:00 - 27.10.2024 10:00,n/e,,
27.10.2024 10:00 - 27.10.2024 11:00,n/e,,
27.10.2024 11:00 - 27.10.2024 12:00,n/e,,
27.10.2024 12:00 - 27.10.2024 13:00,n/e,,
27.10.2024 13:00 - 27.10.2024 14:00,n/e,,
27.10.2024 14:00 - 27.10.2024 15:00,n/e,,
27.10.2024 15:00 - 27.10.2024 16:00,n/e,,
27.10.2024 16:00 - 27.10.2024 17:00,n/e,,
27.10.2024 17:00 - 27.10.2024 18:00,n/e,,
27.10.2024 18:00 - 27.10.2024 19:00,n/e,,
27.10.2024 19:00 - 27.10.2024 20:00,n/e,,
27.10.2024 20:00 - 27.10.2024 21:00,n/e,,
27.10.2024 21:00 - 27.10.2024 22:00,n/e,,
27.10.2024 22:00 - 27.10.2024 23:00,n/e,,
27.10.2024 23:00 - 28.10.2024 00:00,n/e,,
28.10.2024 00:00 - 28.10.2024 01:00,n/e,,
28.10.2024 01:00 - 28.10.2024 02:00,n/e,,
28.10.2024 02:00 - 28.10.2024 03:00,n/e,,
28.10.2024 03:00 - 28.10.2024 04:00,n/e,,
28.10.2024 04:00 - 28.10.2024 05:00,n/e,,
28.10.2024 05:00 - 28.10.2024 06:00,n/e,,
28.10.2024 06:00 - 28.10.2024 07:00,n/e,,
28.10.2024 07:00 - 28.10.2024 08:00,n/e,,
28.10.2024 08:00 - 28.10.2024 09:00,n/e,,
28.10.2024 09:00 - 28.10.2024 10:00,n/e,,
28.10.2024 10:00 - 28.10.2024 11:00,n/e,,
28.10.2024 11:00 - 28.10.2024 12:00,n/e,,
28.10.2024 12:00 - 28.10.2024 13:00,n/e,,
28.10.2024 13:00 - 28.10.2024 14:00,n/e,,
28.10.2024 14:00 - 28.10.2024 15:00,n/e,,
28.10.2024 15:00 - 28.10.2024 16:00,n/e,,
28.10.2024 16:00 - 28.10.2024 17:00,n/e,,
28.10.2024 17:00 - 28.10.2024 18:00,n/e,,
28.10.2024 18:00 - 28.10.2024 19:00,n/e,,
28.10.2024 19:00 - 28.10.2024 20:00,n/e,,
28.10.2024 20:00 - 28.10.2024 21:00,n/e,,
28.10.2024 21:00 - 28.10.2024 22:00,n/e,,
28.10.2024 22:00 - 28.10.2024 23:00,n/e,,
28.10.2024 23:00 - 29.10.2024 00:00,n/e,,
29.10.2024 00:00 - 29.10.2024 01:00,n/e,,
29.10.2024 01:00 - 29.10.2024 02:00,n/e,,
29.10.2024 02:00 - 29.10.2024 03:00,n/e,,
29.10.2024 03:00 - 29.10.2024 04:00,n/e,,
29.10.2024 04:00 - 29.10.2024 05:00,n/e,,
29.10.2024 05:00 - 29.10.2024 06:00,n/e,,
29.10.2024 06:00 - 29.10.2024 07:00,n/e,,
29.10.2024 07:00 - 29.10.2024 08:00,n/e,,
29.10.2024 08:00 - 29.10.2024 09:00,n/e,,
29.10.2024 09:00 - 29.10.2024 10:00,n/e,,
29.10.2024 10:00 - 29.10.2024 11:00,n/e,,
29.10.2024 11:00 - 29.10.2024 12:00,n/e,,
29.10.2024 12:00 - 29.10.2024 13:00,n/e,,
29.10.2024 13:00 - 29.10.2024 14:00,n/e,,
29.10.2024 14:00 - 29.10.2024 15:00,n/e,,
29.10.2024 15:00 - 29.10.2024 16:00,n/e,,
29.10.2024 16:00 - 29.10.2024 17:00,n/e,,
29.10.2024 17:00 - 29.10.2024 18:00,n/e,,
29.10.2024 18:00 - 29.10.2024 19:00,n/e,,
29.10.2024 19:00 - 29.10.2024 20:00,n/e,,
29.10.2024 20:00 - 29.10.2024 21:00,n/e,,
29.10.2024 21:00 - 29.10.2024 22:00,n/e,,
29.10.2024 22:00 - 29.10.2024 23:00,n/e,,
29.10.2024 23:00 - 30.10.2024 00:00,n/e,,
30.10.2024 00:00 - 30.10.2024 01:00,n/e,,
30.10.2024 01:00 - 30.10.2024 02:00,n/e,,
30.10.2024 02:00 - 30.10.2024 03:00,n/e,,
30.10.2024 03:00 - 30.10.2024 04:00,n/e,,
30.10.2024 04:00 - 30.10.2024 05:00,n/e,,
30.10.2024 05:00 - 30.10.2024 06:00,n/e,,
30.10.2024 06:00 - 30.10.2024 07:00,n/e,,
30.10.2024 07:00 - 30.10.2024 08:00,n/e,,
30.10.2024 08:00 - 30.10.2024 09:00,n/e,,
30.10.2024 09:00 - 30.10.2024 10:00,n/e,,
30.10.2024 10:00 - 30.10.2024 11:00,n/e,,
30.10.2024 11:00 - 30.10.2024 12:00,n/e,,
30.10.2024 12:00 - 30.10.2024 13:00,n/e,,
30.10.2024 13:00 - 30.10.2024 14:00,n/e,,
30.10.2024 14:00 - 30.10.2024 15:00,n/e,,
30.10.2024 15:00 - 30.10.2024 16:00,n/e,,
30.10.2024 16:00 - 30.10.2024 17:00,n/e,,
30.10.2024 17:00 - 30.10.2024 18:00,n/e,,
30.10.2024 18:00 - 30.10.2024 19:00,n/e,,
30.10.2024 19:00 - 30.10.2024 20:00,n/e,,
30.10.2024 20:00 - 30.10.2024 21:00,n/e,,
30.10.2024 21:00 - 30.10.2024 22:00,n/e,,
30.10.2024 22:00 - 30.10.2024 23:00,n/e,,
30.10.2024 23:00 - 31.10.2024 00:00,n/e,,
31.10.2024 00:00 - 31.10.2024 01:00,n/e,,
31.10.2024 01:00 - 31.10.2024 02:00,n/e,,
31.10.2024 02:00 - 31.10.2024 03:00,n/e,,
31.10.2024 03:00 - 31.10.2024 04:00,n/e,,
31.10.2024 04:00 - 31.10.2024 05:00,n/e,,
31.10.2024 05:00 - 31.10.2024 06:00,n/e,,
31.10.2024 06:00 - 31.10.2024 07:00,n/e,,
31.10.2024 07:00 - 31.10.2024 08:00,n/e,,
31.10.2024 08:00 - 31.10.2024 09:00,n/e,,
31.10.2024 09:00 - 31.10.2024 10:00,n/e,,
31.10.2024 10:00 - 31.10.2024 11:00,n/e,,
31.10.2024 11:00 - 31.10.2024 12:00,n/e,,
31.10.2024 12:00 - 31.10.2024 13:00,n/e,,
31.10.2024 13:00 - 31.10.2024 14:00,n/e,,
31.10.2024 14:00 - 31.10.2024 15:00,n/e,,
31.10.2024 15:00 - 31.10.2024 16:00,n/e,,
31.10.2024 16:00 - 31.10.2024 17:00,n/e,,
31.10.2024 17:00 - 31.10.2024 18:00,n/e,,
31.10.2024 18:00 - 31.10.2024 19:00,n/e,,
31.10.2024 19:00 - 31.10.2024 20:00,n/e,,
31.10.2024 20:00 - 31.10.2024 21:00,n/e,,
31.10.2024 21:00 - 31.10.2024 22:00,n/e,,
31.10.2024 22:00 - 31.10.2024 23:00,n/e,,
31.10.2024 23:00 - 01.11.2024 00:00,n/e,,
01.11.2024 00:00 - 01.11.2024 01:00,n/e,,
01.11.2024 01:00 - 01.11.2024 02:00,n/e,,
01.11.2024 02:00 - 01.11.2024 03:00,n/e,,
01.11.2024 03:00 - 01.11.2024 04:00,n/e,,
01.11.2024 04:00 - 01.11.2024 05:00,n/e,,
01.11.2024 05:00 - 01.11.2024 06:00,n/e,,
01.11.2024 06:00 - 01.11.2024 07:00,n/e,,
01.11.2024 07:00 - 01.11.2024 08:00,n/e,,
01.11.2024 08:00 - 01.11.2024 09:00,n/e,,
01.11.2024 09:00 - 01.11.2024 10:00,n/e,,
01.11.2024 10:00 - 01.11.2024 11:00,n/e,,
01.11.2024 11:00 - 01.11.2024 12:00,n/e,,
01.11.2024 12:00 - 01.11.2024 13:00,n/e,,
01.11.2024 13:00 - 01.11.2024 14:00,n/e,,
01.11.2024 14:00 - 01.11.2024 15:00,n/e,,
01.11.2024 15:00 - 01.11.2024 16:00,n/e,,
01.11.2024 16:00 - 01.11.2024 17:00,n/e,,
01.11.2024 17:00 - 01.11.2024 18:00,n/e,,
01.11.2024 18:00 - 01.11.2024 19:00,n/e,,
01.11.2024 19:00 - 01.11.2024 20:00,n/e,,
01.11.2024 20:00 - 01.11.2024 21:00,n/e,,
01.11.2024 21:00 - 01.11.2024 22:00,n/e,,
01.11.2024 22:00 - 01.11.2024 23:00,n/e,,
01.11.2024 23:00 - 02.11.2024 00:00,n/e,,
02.11.2024 00:00 - 02.11.2024 01:00,n/e,,
02.11.2024 01:00 - 02.11.2024 02:00,n/e,,
02.11.2024 02:00 - 02.11.2024 03:00,n/e,,
02.11.2024 03:00 - 02.11.2024 04:00,n/e,,
02.11.2024 04:00 - 02.11.2024 05:00,n/e,,
02.11.2024 05:00 - 02.11.2024 06:00,n/e,,
02.11.2024 06:00 - 02.11.2024 07:00,n/e,,
02.11.2024 07:00 - 02.11.2024 08:00,n/e,,
02.11.2024 08:00 - 02.11.2024 09:00,n/e,,
02.11.2024 09:00 - 02.11.2024 10:00,n/e,,
02.11.2024 10:00 - 02.11.2024 11:00,n/e,,
02.11.2024 11:00 - 02.11.2024 12:00,n/e,,
02.11.2024 12:00 - 02.11.2024 13:00,n/e,,
02.11.2024 13:00 - 02.11.2024 14:00,n/e,,
02.11.2024 14:00 - 02.11.2024 15:00,n/e,,
02.11.2024 15:00 - 02.11.2024 16:00,n/e,,
02.11.2024 16:00 - 02.11.2024 17:00,n/e,,
02.11.2024 17:00 - 02.11.2024 18:00,n/e,,
02.11.2024 18:00 - 02.11.2024 19:00,n/e,,
02.11.2024 19:00 - 02.11.2024 20:00,n/e,,
02.11.2024 20:00 - 02.11.2024 21:00,n/e,,
02.11.2024 21:00 - 02.11.2024 22:00,n/e,,
02.11.2024 22:00 - 02.11.2024 23:00,n/e,,
02.11.2024 23:00 - 03.11.2024 00:00,n/e,,
03.11.2024 00:00 - 03.11.2024 01:00,n/e,,
03.11.2024 01:00 - 03.11.2024 02:00,n/e,,
03.11.2024 02:00 - 03.11.2024 03:00,n/e,,
03.11.2024 03:00 - 03.11.2024 04:00,n/e,,
03.11.2024 04:00 - 03.11.2024 05:00,n/e,,
03.11.2024 05:00 - 03.11.2024 06:00,n/e,,
03.11.2024 06:00 - 03.11.2024 07:00,n/e,,
03.11.2024 07:00 - 03.11.2024 08:00,n/e,,
03.11.2024 08:00 - 03.11.2024 09:00,n/e,,
03.11.2024 09:00 - 03.11.2024 10:00,n/e,,
03.11.2024 10:00 - 03.11.2024 11:00,n/e,,
03.11.2024 11:00 - 03.11.2024 12:00,n/e,,
03.11.2024 12:00 - 03.11.2024 13:00,n/e,,
03.11.2024 13:00 - 03.11.2024 14:00,n/e,,
03.11.2024 14:00 - 03.11.2024 15:00,n/e,,
03.11.2024 15:00 - 03.11.2024 16:00,n/e,,
03.11.2024 16:00 - 03.11.2024 17:00,n/e,,
03.11.2024 17:00 - 03.11.2024 18:00,n/e,,
03.11.2024 18:00 - 03.11.2024 19:00,n/e,,
03.11.2024 19:00 - 03.11.2024 20:00,n/e,,
03.11.2024 20:00 - 03.11.2024 21:00,n/e,,
03.11.2024 21:00 - 03.11.2024 22:00,n/e,,
03.11.2024 22:00 - 03.11.2024 23:00,n/e,,
03.11.2024 23:00 - 04.11.2024 00:00,n/e,,
04.11.2024 00:00 - 04.11.2024 01:00,n/e,,
04.11.2024 01:00 - 04.11.2024 02:00,n/e,,
04.11.2024 02:00 - 04.11.2024 03:00,n/e,,
04.11.2024 03:00 - 04.11.2024 04:00,n/e,,
04.11.2024 04:00 - 04.11.2024 05:00,n/e,,
04.11.2024 05:00 - 04.11.2024 06:00,n/e,,
04.11.2024 06:00 - 04.11.2024 07:00,n/e,,
04.11.2024 07:00 - 04.11.2024 08:00,n/e,,
04.11.2024 08:00 - 04.11.2024 09:00,n/e,,
04.11.2024 09:00 - 04.11.2024 10:00,n/e,,
04.11.2024 10:00 - 04.11.2024 11:00,n/e,,
04.11.2024 11:00 - 04.11.2024 12:00,n/e,,
04.11.2024 12:00 - 04.11.2024 13:00,n/e,,
04.11.2024 13:00 - 04.11.2024 14:00,n/e,,
04.11.2024 14:00 - 04.11.2024 15:00,n/e,,
04.11.2024 15:00 - 04.11.2024 16:00,n/e,,
04.11.2024 16:00 - 04.11.2024 17:00,n/e,,
04.11.2024 17:00 - 04.11.2024 18:00,n/e,,
04.11.2024 18:00 - 04.11.2024 19:00,n/e,,
04.11.2024 19:00 - 04.11.2024 20:00,n/e,,
04.11.2024 20:00 - 04.11.2024 21:00,n/e,,
04.11.2024 21:00 - 04.11.2024 22:00,n/e,,
04.11.2024 22:00 - 04.11.2024 23:00,n/e,,
04.11.2024 23:00 - 05.11.2024 00:00,n/e,,
05.11.2024 00:00 - 05.11.2024 01:00,n/e,,
05.11.2024 01:00 - 05.11.2024 02:00,n/e,,
05.11.2024 02:00 - 05.11.2024 03:00,n/e,,
05.11.2024 03:00 - 05.11.2024 04:00,n/e,,
05.11.2024 04:00 - 05.11.2024 05:00,n/e,,
05.11.2024 05:00 - 05.11.2024 06:00,n/e,,
05.11.2024 06:00 - 05.11.2024 07:00,n/e,,
05.11.2024 07:00 - 05.11.2024 08:00,n/e,,
05.11.2024 08:00 - 05.11.2024 09:00,n/e,,
05.11.2024 09:00 - 05.11.2024 10:00,n/e,,
05.11.2024 10:00 - 05.11.2024 11:00,n/e,,
05.11.2024 11:00 - 05.11.2024 12:00,n/e,,
05.11.2024 12:00 - 05.11.2024 13:00,n/e,,
05.11.2024 13:00 - 05.11.2024 14:00,n/e,,
05.11.2024 14:00 - 05.11.2024 15:00,n/e,,
05.11.2024 15:00 - 05.11.2024 16:00,n/e,,
05.11.2024 16:00 - 05.11.2024 17:00,n/e,,
05.11.2024 17:00 - 05.11.2024 18:00,n/e,,
05.11.2024 18:00 - 05.11.2024 19:00,n/e,,
05.11.2024 19:00 - 05.11.2024 20:00,n/e,,
05.11.2024 20:00 - 05.11.2024 21:00,n/e,,
05.11.2024 21:00 - 05.11.2024 22:00,n/e,,
05.11.2024 22:00 - 05.11.2024 23:00,n/e,,
05.11.2024 23:00 - 06.11.2024 00:00,n/e,,
06.11.2024 00:00 - 06.11.2024 01:00,n/e,,
06.11.2024 01:00 - 06.11.2024 02:00,n/e,,
06.11.2024 02:00 - 06.11.2024 03:00,n/e,,
06.11.2024 03:00 - 06.11.2024 04:00,n/e,,
06.11.2024 04:00 - 06.11.2024 05:00,n/e,,
06.11.2024 05:00 - 06.11.2024 06:00,n/e,,
06.11.2024 06:00 - 06.11.2024 07:00,n/e,,
06.11.2024 07:00 - 06.11.2024 08:00,n/e,,
06.11.2024 08:00 - 06.11.2024 09:00,n/e,,
06.11.2024 09:00 - 06.11.2024 10:00,n/e,,
06.11.2024 10:00 - 06.11.2024 11:00,n/e,,
06.11.2024 11:00 - 06.11.2024 12:00,n/e,,
06.11.2024 12:00 - 06.11.2024 13:00,n/e,,
06.11.2024 13:00 - 06.11.2024 14:00,n/e,,
06.11.2024 14:00 - 06.11.2024 15:00,n/e,,
06.11.2024 15:00 - 06.11.2024 16:00,n/e,,
06.11.2024 16:00 - 06.11.2024 17:00,n/e,,
06.11.2024 17:00 - 06.11.2024 18:00,n/e,,
06.11.2024 18:00 - 06.11.2024 19:00,n/e,,
06.11.2024 19:00 - 06.11.2024 20:00,n/e,,
06.11.2024 20:00 - 06.11.2024 21:00,n/e,,
06.11.2024 21:00 - 06.11.2024 22:00,n/e,,
06.11.2024 22:00 - 06.11.2024 23:00,n/e,,
06.11.2024 23:00 - 07.11.2024 00:00,n/e,,
07.11.2024 00:00 - 07.11.2024 01:00,n/e,,
07.11.2024 01:00 - 07.11.2024 02:00,n/e,,
07.11.2024 02:00 - 07.11.2024 03:00,n/e,,
07.11.2024 03:00 - 07.11.2024 04:00,n/e,,
07.11.2024 04:00 - 07.11.2024 05:00,n/e,,
07.11.2024 05:00 - 07.11.2024 06:00,n/e,,
07.11.2024 06:00 - 07.11.2024 07:00,n/e,,
07.11.2024 07:00 - 07.11.2024 08:00,n/e,,
07.11.2024 08:00 - 07.11.2024 09:00,n/e,,
07.11.2024 09:00 - 07.11.2024 10:00,n/e,,
07.11.2024 10:00 - 07.11.2024 11:00,n/e,,
07.11.2024 11:00 - 07.11.2024 12:00,n/e,,
07.11.2024 12:00 - 07.11.2024 13:00,n/e,,
07.11.2024 13:00 - 07.11.2024 14:00,n/e,,
07.11.2024 14:00 - 07.11.2024 15:00,n/e,,
07.11.2024 15:00 - 07.11.2024 16:00,n/e,,
07.11.2024 16:00 - 07.11.2024 17:00,n/e,,
07.11.2024 17:00 - 07.11.2024 18:00,n/e,,
07.11.2024 18:00 - 07.11.2024 19:00,n/e,,
07.11.2024 19:00 - 07.11.2024 20:00,n/e,,
07.11.2024 20:00 - 07.11.2024 21:00,n/e,,
07.11.2024 21:00 - 07.11.2024 22:00,n/e,,
07.11.2024 22:00 - 07.11.2024 23:00,n/e,,
07.11.2024 23:00 - 08.11.2024 00:00,n/e,,
08.11.2024 00:00 - 08.11.2024 01:00,n/e,,
08.11.2024 01:00 - 08.11.2024 02:00,n/e,,
08.11.2024 02:00 - 08.11.2024 03:00,n/e,,
08.11.2024 03:00 - 08.11.2024 04:00,n/e,,
08.11.2024 04:00 - 08.11.2024 05:00,n/e,,
08.11.2024 05:00 - 08.11.2024 06:00,n/e,,
08.11.2024 06:00 - 08.11.2024 07:00,n/e,,
08.11.2024 07:00 - 08.11.2024 08:00,n/e,,
08.11.2024 08:00 - 08.11.2024 09:00,n/e,,
08.11.2024 09:00 - 08.11.2024 10:00,n/e,,
08.11.2024 10:00 - 08.11.2024 11:00,n/e,,
08.11.2024 11:00 - 08.11.2024 12:00,n/e,,
08.11.2024 12:00 - 08.11.2024 13:00,n/e,,
08.11.2024 13:00 - 08.11.2024 14:00,n/e,,
08.11.2024 14:00 - 08.11.2024 15:00,n/e,,
08.11.2024 15:00 - 08.11.2024 16:00,n/e,,
08.11.2024 16:00 - 08.11.2024 17:00,n/e,,
08.11.2024 17:00 - 08.11.2024 18:00,n/e,,
08.11.2024 18:00 - 08.11.2024 19:00,n/e,,
08.11.2024 19:00 - 08.11.2024 20:00,n/e,,
08.11.2024 20:00 - 08.11.2024 21:00,n/e,,
08.11.2024 21:00 - 08.11.2024 22:00,n/e,,
08.11.2024 22:00 - 08.11.2024 23:00,n/e,,
08.11.2024 23:00 - 09.11.2024 00:00,n/e,,
09.11.2024 00:00 - 09.11.2024 01:00,n/e,,
09.11.2024 01:00 - 09.11.2024 02:00,n/e,,
09.11.2024 02:00 - 09.11.2024 03:00,n/e,,
09.11.2024 03:00 - 09.11.2024 04:00,n/e,,
09.11.2024 04:00 - 09.11.2024 05:00,n/e,,
09.11.2024 05:00 - 09.11.2024 06:00,n/e,,
09.11.2024 06:00 - 09.11.2024 07:00,n/e,,
09.11.2024 07:00 - 09.11.2024 08:00,n/e,,
09.11.2024 08:00 - 09.11.2024 09:00,n/e,,
09.11.2024 09:00 - 09.11.2024 10:00,n/e,,
09.11.2024 10:00 - 09.11.2024 11:00,n/e,,
09.11.2024 11:00 - 09.11.2024 12:00,n/e,,
09.11.2024 12:00 - 09.11.2024 13:00,n/e,,
09.11.2024 13:00 - 09.11.2024 14:00,n/e,,
09.11.2024 14:00 - 09.11.2024 15:00,n/e,,
09.11.2024 15:00 - 09.11.2024 16:00,n/e,,
09.11.2024 16:00 - 09.11.2024 17:00,n/e,,
09.11.2024 17:00 - 09.11.2024 18:00,n/e,,
09.11.2024 18:00 - 09.11.2024 19:00,n/e,,
09.11.2024 19:00 - 09.11.2024 20:00,n/e,,
09.11.2024 20:00 - 09.11.2024 21:00,n/e,,
09.11.2024 21:00 - 09.11.2024 22:00,n/e,,
09.11.2024 22:00 - 09.11.2024 23:00,n/e,,
09.11.2024 23:00 - 10.11.2024 00:00,n/e,,
10.11.2024 00:00 - 10.11.2024 01:00,n/e,,
10.11.2024 01:00 - 10.11.2024 02:00,n/e,,
10.11.2024 02:00 - 10.11.2024 03:00,n/e,,
10.11.2024 03:00 - 10.11.2024 04:00,n/e,,
10.11.2024 04:00 - 10.11.2024 05:00,n/e,,
10.11.2024 05:00 - 10.11.2024 06:00,n/e,,
10.11.2024 06:00 - 10.11.2024 07:00,n/e,,
10.11.2024 07:00 - 10.11.2024 08:00,n/e,,
10.11.2024 08:00 - 10.11.2024 09:00,n/e,,
10.11.2024 09:00 - 10.11.2024 10:00,n/e,,
10.11.2024 10:00 - 10.11.2024 11:00,n/e,,
10.11.2024 11:00 - 10.11.2024 12:00,n/e,,
10.11.2024 12:00 - 10.11.2024 13:00,n/e,,
10.11.2024 13:00 - 10.11.2024 14:00,n/e,,
10.11.2024 14:00 - 10.11.2024 15:00,n/e,,
10.11.2024 15:00 - 10.11.2024 16:00,n/e,,
10.11.2024 16:00 - 10.11.2024 17:00,n/e,,
10.11.2024 17:00 - 10.11.2024 18:00,n/e,,
10.11.2024 18:00 - 10.11.2024 19:00,n/e,,
10.11.2024 19:00 - 10.11.2024 20:00,n/e,,
10.11.2024 20:00 - 10.11.2024 21:00,n/e,,
10.11.2024 21:00 - 10.11.2024 22:00,n/e,,
10.11.2024 22:00 - 10.11.2024 23:00,n/e,,
10.11.2024 23:00 - 11.11.2024 00:00,n/e,,
11.11.2024 00:00 - 11.11.2024 01:00,n/e,,
11.11.2024 01:00 - 11.11.2024 02:00,n/e,,
11.11.2024 02:00 - 11.11.2024 03:00,n/e,,
11.11.2024 03:00 - 11.11.2024 04:00,n/e,,
11.11.2024 04:00 - 11.11.2024 05:00,n/e,,
11.11.2024 05:00 - 11.11.2024 06:00,n/e,,
11.11.2024 06:00 - 11.11.2024 07:00,n/e,,
11.11.2024 07:00 - 11.11.2024 08:00,n/e,,
11.11.2024 08:00 - 11.11.2024 09:00,n/e,,
11.11.2024 09:00 - 11.11.2024 10:00,n/e,,
11.11.2024 10:00 - 11.11.2024 11:00,n/e,,
11.11.2024 11:00 - 11.11.2024 12:00,n/e,,
11.11.2024 12:00 - 11.11.2024 13:00,n/e,,
11.11.2024 13:00 - 11.11.2024 14:00,n/e,,
11.11.2024 14:00 - 11.11.2024 15:00,n/e,,
11.11.2024 15:00 - 11.11.2024 16:00,n/e,,
11.11.2024 16:00 - 11.11.2024 17:00,n/e,,
11.11.2024 17:00 - 11.11.2024 18:00,n/e,,
11.11.2024 18:00 - 11.11.2024 19:00,n/e,,
11.11.2024 19:00 - 11.11.2024 20:00,n/e,,
11.11.2024 20:00 - 11.11.2024 21:00,n/e,,
11.11.2024 21:00 - 11.11.2024 22:00,n/e,,
11.11.2024 22:00 - 11.11.2024 23:00,n/e,,
11.11.2024 23:00 - 12.11.2024 00:00,n/e,,
12.11.2024 00:00 - 12.11.2024 01:00,n/e,,
12.11.2024 01:00 - 12.11.2024 02:00,n/e,,
12.11.2024 02:00 - 12.11.2024 03:00,n/e,,
12.11.2024 03:00 - 12.11.2024 04:00,n/e,,
12.11.2024 04:00 - 12.11.2024 05:00,n/e,,
12.11.2024 05:00 - 12.11.2024 06:00,n/e,,
12.11.2024 06:00 - 12.11.2024 07:00,n/e,,
12.11.2024 07:00 - 12.11.2024 08:00,n/e,,
12.11.2024 08:00 - 12.11.2024 09:00,n/e,,
12.11.2024 09:00 - 12.11.2024 10:00,n/e,,
12.11.2024 10:00 - 12.11.2024 11:00,n/e,,
12.11.2024 11:00 - 12.11.2024 12:00,n/e,,
12.11.2024 12:00 - 12.11.2024 13:00,n/e,,
12.11.2024 13:00 - 12.11.2024 14:00,n/e,,
12.11.2024 14:00 - 12.11.2024 15:00,n/e,,
12.11.2024 15:00 - 12.11.2024 16:00,n/e,,
12.11.2024 16:00 - 12.11.2024 17:00,n/e,,
12.11.2024 17:00 - 12.11.2024 18:00,n/e,,
12.11.2024 18:00 - 12.11.2024 19:00,n/e,,
12.11.2024 19:00 - 12.11.2024 20:00,n/e,,
12.11.2024 20:00 - 12.11.2024 21:00,n/e,,
12.11.2024 21:00 - 12.11.2024 22:00,n/e,,
12.11.2024 22:00 - 12.11.2024 23:00,n/e,,
12.11.2024 23:00 - 13.11.2024 00:00,n/e,,
13.11.2024 00:00 - 13.11.2024 01:00,n/e,,
13.11.2024 01:00 - 13.11.2024 02:00,n/e,,
13.11.2024 02:00 - 13.11.2024 03:00,n/e,,
13.11.2024 03:00 - 13.11.2024 04:00,n/e,,
13.11.2024 04:00 - 13.11.2024 05:00,n/e,,
13.11.2024 05:00 - 13.11.2024 06:00,n/e,,
13.11.2024 06:00 - 13.11.2024 07:00,n/e,,
13.11.2024 07:00 - 13.11.2024 08:00,n/e,,
13.11.2024 08:00 - 13.11.2024 09:00,n/e,,
13.11.2024 09:00 - 13.11.2024 10:00,n/e,,
13.11.2024 10:00 - 13.11.2024 11:00,n/e,,
13.11.2024 11:00 - 13.11.2024 12:00,n/e,,
13.11.2024 12:00 - 13.11.2024 13:00,n/e,,
13.11.2024 13:00 - 13.11.2024 14:00,n/e,,
13.11.2024 14:00 - 13.11.2024 15:00,n/e,,
13.11.2024 15:00 - 13.11.2024 16:00,n/e,,
13.11.2024 16:00 - 13.11.2024 17:00,n/e,,
13.11.2024 17:00 - 13.11.2024 18:00,n/e,,
13.11.2024 18:00 - 13.11.2024 19:00,n/e,,
13.11.2024 19:00 - 13.11.2024 20:00,n/e,,
13.11.2024 20:00 - 13.11.2024 21:00,n/e,,
13.11.2024 21:00 - 13.11.2024 22:00,n/e,,
13.11.2024 22:00 - 13.11.2024 23:00,n/e,,
13.11.2024 23:00 - 14.11.2024 00:00,n/e,,
14.11.2024 00:00 - 14.11.2024 01:00,n/e,,
14.11.2024 01:00 - 14.11.2024 02:00,n/e,,
14.11.2024 02:00 - 14.11.2024 03:00,n/e,,
14.11.2024 03:00 - 14.11.2024 04:00,n/e,,
14.11.2024 04:00 - 14.11.2024 05:00,n/e,,
14.11.2024 05:00 - 14.11.2024 06:00,n/e,,
14.11.2024 06:00 - 14.11.2024 07:00,n/e,,
14.11.2024 07:00 - 14.11.2024 08:00,n/e,,
14.11.2024 08:00 - 14.11.2024 09:00,n/e,,
14.11.2024 09:00 - 14.11.2024 10:00,n/e,,
14.11.2024 10:00 - 14.11.2024 11:00,n/e,,
14.11.2024 11:00 - 14.11.2024 12:00,n/e,,
14.11.2024 12:00 - 14.11.2024 13:00,n/e,,
14.11.2024 13:00 - 14.11.2024 14:00,n/e,,
14.11.2024 14:00 - 14.11.2024 15:00,n/e,,
14.11.2024 15:00 - 14.11.2024 16:00,n/e,,
14.11.2024 16:00 - 14.11.2024 17:00,n/e,,
14.11.2024 17:00 - 14.11.2024 18:00,n/e,,
14.11.2024 18:00 - 14.11.2024 19:00,n/e,,
14.11.2024 19:00 - 14.11.2024 20:00,n/e,,
14.11.2024 20:00 - 14.11.2024 21:00,n/e,,
14.11.2024 21:00 - 14.11.2024 22:00,n/e,,
14.11.2024 22:00 - 14.11.2024 23:00,n/e,,
14.11.2024 23:00 - 15.11.2024 00:00,n/e,,
15.11.2024 00:00 - 15.11.2024 01:00,n/e,,
15.11.2024 01:00 - 15.11.2024 02:00,n/e,,
15.11.2024 02:00 - 15.11.2024 03:00,n/e,,
15.11.2024 03:00 - 15.11.2024 04:00,n/e,,
15.11.2024 04:00 - 15.11.2024 05:00,n/e,,
15.11.2024 05:00 - 15.11.2024 06:00,n/e,,
15.11.2024 06:00 - 15.11.2024 07:00,n/e,,
15.11.2024 07:00 - 15.11.2024 08:00,n/e,,
15.11.2024 08:00 - 15.11.2024 09:00,n/e,,
15.11.2024 09:00 - 15.11.2024 10:00,n/e,,
15.11.2024 10:00 - 15.11.2024 11:00,n/e,,
15.11.2024 11:00 - 15.11.2024 12:00,n/e,,
15.11.2024 12:00 - 15.11.2024 13:00,n/e,,
15.11.2024 13:00 - 15.11.2024 14:00,n/e,,
15.11.2024 14:00 - 15.11.2024 15:00,n/e,,
15.11.2024 15:00 - 15.11.2024 16:00,n/e,,
15.11.2024 16:00 - 15.11.2024 17:00,n/e,,
15.11.2024 17:00 - 15.11.2024 18:00,n/e,,
15.11.2024 18:00 - 15.11.2024 19:00,n/e,,
15.11.2024 19:00 - 15.11.2024 20:00,n/e,,
15.11.2024 20:00 - 15.11.2024 21:00,n/e,,
15.11.2024 21:00 - 15.11.2024 22:00,n/e,,
15.11.2024 22:00 - 15.11.2024 23:00,n/e,,
15.11.2024 23:00 - 16.11.2024 00:00,n/e,,
16.11.2024 00:00 - 16.11.2024 01:00,n/e,,
16.11.2024 01:00 - 16.11.2024 02:00,n/e,,
16.11.2024 02:00 - 16.11.2024 03:00,n/e,,
16.11.2024 03:00 - 16.11.2024 04:00,n/e,,
16.11.2024 04:00 - 16.11.2024 05:00,n/e,,
16.11.2024 05:00 - 16.11.2024 06:00,n/e,,
16.11.2024 06:00 - 16.11.2024 07:00,n/e,,
16.11.2024 07:00 - 16.11.2024 08:00,n/e,,
16.11.2024 08:00 - 16.11.2024 09:00,n/e,,
16.11.2024 09:00 - 16.11.2024 10:00,n/e,,
16.11.2024 10:00 - 16.11.2024 11:00,n/e,,
16.11.2024 11:00 - 16.11.2024 12:00,n/e,,
16.11.2024 12:00 - 16.11.2024 13:00,n/e,,
16.11.2024 13:00 - 16.11.2024 14:00,n/e,,
16.11.2024 14:00 - 16.11.2024 15:00,n/e,,
16.11.2024 15:00 - 16.11.2024 16:00,n/e,,
16.11.2024 16:00 - 16.11.2024 17:00,n/e,,
16.11.2024 17:00 - 16.11.2024 18:00,n/e,,
16.11.2024 18:00 - 16.11.2024 19:00,n/e,,
16.11.2024 19:00 - 16.11.2024 20:00,n/e,,
16.11.2024 20:00 - 16.11.2024 21:00,n/e,,
16.11.2024 21:00 - 16.11.2024 22:00,n/e,,
16.11.2024 22:00 - 16.11.2024 23:00,n/e,,
16.11.2024 23:00 - 17.11.2024 00:00,n/e,,
17.11.2024 00:00 - 17.11.2024 01:00,n/e,,
17.11.2024 01:00 - 17.11.2024 02:00,n/e,,
17.11.2024 02:00 - 17.11.2024 03:00,n/e,,
17.11.2024 03:00 - 17.11.2024 04:00,n/e,,
17.11.2024 04:00 - 17.11.2024 05:00,n/e,,
17.11.2024 05:00 - 17.11.2024 06:00,n/e,,
17.11.2024 06:00 - 17.11.2024 07:00,n/e,,
17.11.2024 07:00 - 17.11.2024 08:00,n/e,,
17.11.2024 08:00 - 17.11.2024 09:00,n/e,,
17.11.2024 09:00 - 17.11.2024 10:00,n/e,,
17.11.2024 10:00 - 17.11.2024 11:00,n/e,,
17.11.2024 11:00 - 17.11.2024 12:00,n/e,,
17.11.2024 12:00 - 17.11.2024 13:00,n/e,,
17.11.2024 13:00 - 17.11.2024 14:00,n/e,,
17.11.2024 14:00 - 17.11.2024 15:00,n/e,,
17.11.2024 15:00 - 17.11.2024 16:00,n/e,,
17.11.2024 16:00 - 17.11.2024 17:00,n/e,,
17.11.2024 17:00 - 17.11.2024 18:00,n/e,,
17.11.2024 18:00 - 17.11.2024 19:00,n/e,,
17.11.2024 19:00 - 17.11.2024 20:00,n/e,,
17.11.2024 20:00 - 17.11.2024 21:00,n/e,,
17.11.2024 21:00 - 17.11.2024 22:00,n/e,,
17.11.2024 22:00 - 17.11.2024 23:00,n/e,,
17.11.2024 23:00 - 18.11.2024 00:00,n/e,,
18.11.2024 00:00 - 18.11.2024 01:00,n/e,,
18.11.2024 01:00 - 18.11.2024 02:00,n/e,,
18.11.2024 02:00 - 18.11.2024 03:00,n/e,,
18.11.2024 03:00 - 18.11.2024 04:00,n/e,,
18.11.2024 04:00 - 18.11.2024 05:00,n/e,,
18.11.2024 05:00 - 18.11.2024 06:00,n/e,,
18.11.2024 06:00 - 18.11.2024 07:00,n/e,,
18.11.2024 07:00 - 18.11.2024 08:00,n/e,,
18.11.2024 08:00 - 18.11.2024 09:00,n/e,,
18.11.2024 09:00 - 18.11.2024 10:00,n/e,,
18.11.2024 10:00 - 18.11.2024 11:00,n/e,,
18.11.2024 11:00 - 18.11.2024 12:00,n/e,,
18.11.2024 12:00 - 18.11.2024 13:00,n/e,,
18.11.2024 13:00 - 18.11.2024 14:00,n/e,,
18.11.2024 14:00 - 18.11.2024 15:00,n/e,,
18.11.2024 15:00 - 18.11.2024 16:00,n/e,,
18.11.2024 16:00 - 18.11.2024 17:00,n/e,,
18.11.2024 17:00 - 18.11.2024 18:00,n/e,,
18.11.2024 18:00 - 18.11.2024 19:00,n/e,,
18.11.2024 19:00 - 18.11.2024 20:00,n/e,,
18.11.2024 20:00 - 18.11.2024 21:00,n/e,,
18.11.2024 21:00 - 18.11.2024 22:00,n/e,,
18.11.2024 22:00 - 18.11.2024 23:00,n/e,,
18.11.2024 23:00 - 19.11.2024 00:00,n/e,,
19.11.2024 00:00 - 19.11.2024 01:00,n/e,,
19.11.2024 01:00 - 19.11.2024 02:00,n/e,,
19.11.2024 02:00 - 19.11.2024 03:00,n/e,,
19.11.2024 03:00 - 19.11.2024 04:00,n/e,,
19.11.2024 04:00 - 19.11.2024 05:00,n/e,,
19.11.2024 05:00 - 19.11.2024 06:00,n/e,,
19.11.2024 06:00 - 19.11.2024 07:00,n/e,,
19.11.2024 07:00 - 19.11.2024 08:00,n/e,,
19.11.2024 08:00 - 19.11.2024 09:00,n/e,,
19.11.2024 09:00 - 19.11.2024 10:00,n/e,,
19.11.2024 10:00 - 19.11.2024 11:00,n/e,,
19.11.2024 11:00 - 19.11.2024 12:00,n/e,,
19.11.2024 12:00 - 19.11.2024 13:00,n/e,,
19.11.2024 13:00 - 19.11.2024 14:00,n/e,,
19.11.2024 14:00 - 19.11.2024 15:00,n/e,,
19.11.2024 15:00 - 19.11.2024 16:00,n/e,,
19.11.2024 16:00 - 19.11.2024 17:00,n/e,,
19.11.2024 17:00 - 19.11.2024 18:00,n/e,,
19.11.2024 18:00 - 19.11.2024 19:00,n/e,,
19.11.2024 19:00 - 19.11.2024 20:00,n/e,,
19.11.2024 20:00 - 19.11.2024 21:00,n/e,,
19.11.2024 21:00 - 19.11.2024 22:00,n/e,,
19.11.2024 22:00 - 19.11.2024 23:00,n/e,,
19.11.2024 23:00 - 20.11.2024 00:00,n/e,,
20.11.2024 00:00 - 20.11.2024 01:00,n/e,,
20.11.2024 01:00 - 20.11.2024 02:00,n/e,,
20.11.2024 02:00 - 20.11.2024 03:00,n/e,,
20.11.2024 03:00 - 20.11.2024 04:00,n/e,,
20.11.2024 04:00 - 20.11.2024 05:00,n/e,,
20.11.2024 05:00 - 20.11.2024 06:00,n/e,,
20.11.2024 06:00 - 20.11.2024 07:00,n/e,,
20.11.2024 07:00 - 20.11.2024 08:00,n/e,,
20.11.2024 08:00 - 20.11.2024 09:00,n/e,,
20.11.2024 09:00 - 20.11.2024 10:00,n/e,,
20.11.2024 10:00 - 20.11.2024 11:00,n/e,,
20.11.2024 11:00 - 20.11.2024 12:00,n/e,,
20.11.2024 12:00 - 20.11.2024 13:00,n/e,,
20.11.2024 13:00 - 20.11.2024 14:00,n/e,,
20.11.2024 14:00 - 20.11.2024 15:00,n/e,,
20.11.2024 15:00 - 20.11.2024 16:00,n/e,,
20.11.2024 16:00 - 20.11.2024 17:00,n/e,,
20.11.2024 17:00 - 20.11.2024 18:00,n/e,,
20.11.2024 18:00 - 20.11.2024 19:00,n/e,,
20.11.2024 19:00 - 20.11.2024 20:00,n/e,,
20.11.2024 20:00 - 20.11.2024 21:00,n/e,,
20.11.2024 21:00 - 20.11.2024 22:00,n/e,,
20.11.2024 22:00 - 20.11.2024 23:00,n/e,,
20.11.2024 23:00 - 21.11.2024 00:00,n/e,,
21.11.2024 00:00 - 21.11.2024 01:00,n/e,,
21.11.2024 01:00 - 21.11.2024 02:00,n/e,,
21.11.2024 02:00 - 21.11.2024 03:00,n/e,,
21.11.2024 03:00 - 21.11.2024 04:00,n/e,,
21.11.2024 04:00 - 21.11.2024 05:00,n/e,,
21.11.2024 05:00 - 21.11.2024 06:00,n/e,,
21.11.2024 06:00 - 21.11.2024 07:00,n/e,,
21.11.2024 07:00 - 21.11.2024 08:00,n/e,,
21.11.2024 08:00 - 21.11.2024 09:00,n/e,,
21.11.2024 09:00 - 21.11.2024 10:00,n/e,,
21.11.2024 10:00 - 21.11.2024 11:00,n/e,,
21.11.2024 11:00 - 21.11.2024 12:00,n/e,,
21.11.2024 12:00 - 21.11.2024 13:00,n/e,,
21.11.2024 13:00 - 21.11.2024 14:00,n/e,,
21.11.2024 14:00 - 21.11.2024 15:00,n/e,,
21.11.2024 15:00 - 21.11.2024 16:00,n/e,,
21.11.2024 16:00 - 21.11.2024 17:00,n/e,,
21.11.2024 17:00 - 21.11.2024 18:00,n/e,,
21.11.2024 18:00 - 21.11.2024 19:00,n/e,,
21.11.2024 19:00 - 21.11.2024 20:00,n/e,,
21.11.2024 20:00 - 21.11.2024 21:00,n/e,,
21.11.2024 21:00 - 21.11.2024 22:00,n/e,,
21.11.2024 22:00 - 21.11.2024 23:00,n/e,,
21.11.2024 23:00 - 22.11.2024 00:00,n/e,,
22.11.2024 00:00 - 22.11.2024 01:00,n/e,,
22.11.2024 01:00 - 22.11.2024 02:00,n/e,,
22.11.2024 02:00 - 22.11.2024 03:00,n/e,,
22.11.2024 03:00 - 22.11.2024 04:00,n/e,,
22.11.2024 04:00 - 22.11.2024 05:00,n/e,,
22.11.2024 05:00 - 22.11.2024 06:00,n/e,,
22.11.2024 06:00 - 22.11.2024 07:00,n/e,,
22.11.2024 07:00 - 22.11.2024 08:00,n/e,,
22.11.2024 08:00 - 22.11.2024 09:00,n/e,,
22.11.2024 09:00 - 22.11.2024 10:00,n/e,,
22.11.2024 10:00 - 22.11.2024 11:00,n/e,,
22.11.2024 11:00 - 22.11.2024 12:00,n/e,,
22.11.2024 12:00 - 22.11.2024 13:00,n/e,,
22.11.2024 13:00 - 22.11.2024 14:00,n/e,,
22.11.2024 14:00 - 22.11.2024 15:00,n/e,,
22.11.2024 15:00 - 22.11.2024 16:00,n/e,,
22.11.2024 16:00 - 22.11.2024 17:00,n/e,,
22.11.2024 17:00 - 22.11.2024 18:00,n/e,,
22.11.2024 18:00 - 22.11.2024 19:00,n/e,,
22.11.2024 19:00 - 22.11.2024 20:00,n/e,,
22.11.2024 20:00 - 22.11.2024 21:00,n/e,,
22.11.2024 21:00 - 22.11.2024 22:00,n/e,,
22.11.2024 22:00 - 22.11.2024 23:00,n/e,,
22.11.2024 23:00 - 23.11.2024 00:00,n/e,,
23.11.2024 00:00 - 23.11.2024 01:00,n/e,,
23.11.2024 01:00 - 23.11.2024 02:00,n/e,,
23.11.2024 02:00 - 23.11.2024 03:00,n/e,,
23.11.2024 03:00 - 23.11.2024 04:00,n/e,,
23.11.2024 04:00 - 23.11.2024 05:00,n/e,,
23.11.2024 05:00 - 23.11.2024 06:00,n/e,,
23.11.2024 06:00 - 23.11.2024 07:00,n/e,,
23.11.2024 07:00 - 23.11.2024 08:00,n/e,,
23.11.2024 08:00 - 23.11.2024 09:00,n/e,,
23.11.2024 09:00 - 23.11.2024 10:00,n/e,,
23.11.2024 10:00 - 23.11.2024 11:00,n/e,,
23.11.2024 11:00 - 23.11.2024 12:00,n/e,,
23.11.2024 12:00 - 23.11.2024 13:00,n/e,,
23.11.2024 13:00 - 23.11.2024 14:00,n/e,,
23.11.2024 14:00 - 23.11.2024 15:00,n/e,,
23.11.2024 15:00 - 23.11.2024 16:00,n/e,,
23.11.2024 16:00 - 23.11.2024 17:00,n/e,,
23.11.2024 17:00 - 23.11.2024 18:00,n/e,,
23.11.2024 18:00 - 23.11.2024 19:00,n/e,,
23.11.2024 19:00 - 23.11.2024 20:00,n/e,,
23.11.2024 20:00 - 23.11.2024 21:00,n/e,,
23.11.2024 21:00 - 23.11.2024 22:00,n/e,,
23.11.2024 22:00 - 23.11.2024 23:00,n/e,,
23.11.2024 23:00 - 24.11.2024 00:00,n/e,,
24.11.2024 00:00 - 24.11.2024 01:00,n/e,,
24.11.2024 01:00 - 24.11.2024 02:00,n/e,,
24.11.2024 02:00 - 24.11.2024 03:00,n/e,,
24.11.2024 03:00 - 24.11.2024 04:00,n/e,,
24.11.2024 04:00 - 24.11.2024 05:00,n/e,,
24.11.2024 05:00 - 24.11.2024 06:00,n/e,,
24.11.2024 06:00 - 24.11.2024 07:00,n/e,,
24.11.2024 07:00 - 24.11.2024 08:00,n/e,,
24.11.2024 08:00 - 24.11.2024 09:00,n/e,,
24.11.2024 09:00 - 24.11.2024 10:00,n/e,,
24.11.2024 10:00 - 24.11.2024 11:00,n/e,,
24.11.2024 11:00 - 24.11.2024 12:00,n/e,,
24.11.2024 12:00 - 24.11.2024 13:00,n/e,,
24.11.2024 13:00 - 24.11.2024 14:00,n/e,,
24.11.2024 14:00 - 24.11.2024 15:00,n/e,,
24.11.2024 15:00 - 24.11.2024 16:00,n/e,,
24.11.2024 16:00 - 24.11.2024 17:00,n/e,,
24.11.2024 17:00 - 24.11.2024 18:00,n/e,,
24.11.2024 18:00 - 24.11.2024 19:00,n/e,,
24.11.2024 19:00 - 24.11.2024 20:00,n/e,,
24.11.2024 20:00 - 24.11.2024 21:00,n/e,,
24.11.2024 21:00 - 24.11.2024 22:00,n/e,,
24.11.2024 22:00 - 24.11.2024 23:00,n/e,,
24.11.2024 23:00 - 25.11.2024 00:00,n/e,,
25.11.2024 00:00 - 25.11.2024 01:00,n/e,,
25.11.2024 01:00 - 25.11.2024 02:00,n/e,,
25.11.2024 02:00 - 25.11.2024 03:00,n/e,,
25.11.2024 03:00 - 25.11.2024 04:00,n/e,,
25.11.2024 04:00 - 25.11.2024 05:00,n/e,,
25.11.2024 05:00 - 25.11.2024 06:00,n/e,,
25.11.2024 06:00 - 25.11.2024 07:00,n/e,,
25.11.2024 07:00 - 25.11.2024 08:00,n/e,,
25.11.2024 08:00 - 25.11.2024 09:00,n/e,,
25.11.2024 09:00 - 25.11.2024 10:00,n/e,,
25.11.2024 10:00 - 25.11.2024 11:00,n/e,,
25.11.2024 11:00 - 25.11.2024 12:00,n/e,,
25.11.2024 12:00 - 25.11.2024 13:00,n/e,,
25.11.2024 13:00 - 25.11.2024 14:00,n/e,,
25.11.2024 14:00 - 25.11.2024 15:00,n/e,,
25.11.2024 15:00 - 25.11.2024 16:00,n/e,,
25.11.2024 16:00 - 25.11.2024 17:00,n/e,,
25.11.2024 17:00 - 25.11.2024 18:00,n/e,,
25.11.2024 18:00 - 25.11.2024 19:00,n/e,,
25.11.2024 19:00 - 25.11.2024 20:00,n/e,,
25.11.2024 20:00 - 25.11.2024 21:00,n/e,,
25.11.2024 21:00 - 25.11.2024 22:00,n/e,,
25.11.2024 22:00 - 25.11.2024 23:00,n/e,,
25.11.2024 23:00 - 26.11.2024 00:00,n/e,,
26.11.2024 00:00 - 26.11.2024 01:00,n/e,,
26.11.2024 01:00 - 26.11.2024 02:00,n/e,,
26.11.2024 02:00 - 26.11.2024 03:00,n/e,,
26.11.2024 03:00 - 26.11.2024 04:00,n/e,,
26.11.2024 04:00 - 26.11.2024 05:00,n/e,,
26.11.2024 05:00 - 26.11.2024 06:00,n/e,,
26.11.2024 06:00 - 26.11.2024 07:00,n/e,,
26.11.2024 07:00 - 26.11.2024 08:00,n/e,,
26.11.2024 08:00 - 26.11.2024 09:00,n/e,,
26.11.2024 09:00 - 26.11.2024 10:00,n/e,,
26.11.2024 10:00 - 26.11.2024 11:00,n/e,,
26.11.2024 11:00 - 26.11.2024 12:00,n/e,,
26.11.2024 12:00 - 26.11.2024 13:00,n/e,,
26.11.2024 13:00 - 26.11.2024 14:00,n/e,,
26.11.2024 14:00 - 26.11.2024 15:00,n/e,,
26.11.2024 15:00 - 26.11.2024 16:00,n/e,,
26.11.2024 16:00 - 26.11.2024 17:00,n/e,,
26.11.2024 17:00 - 26.11.2024 18:00,n/e,,
26.11.2024 18:00 - 26.11.2024 19:00,n/e,,
26.11.2024 19:00 - 26.11.2024 20:00,n/e,,
26.11.2024 20:00 - 26.11.2024 21:00,n/e,,
26.11.2024 21:00 - 26.11.2024 22:00,n/e,,
26.11.2024 22:00 - 26.11.2024 23:00,n/e,,
26.11.2024 23:00 - 27.11.2024 00:00,n/e,,
27.11.2024 00:00 - 27.11.2024 01:00,n/e,,
27.11.2024 01:00 - 27.11.2024 02:00,n/e,,
27.11.2024 02:00 - 27.11.2024 03:00,n/e,,
27.11.2024 03:00 - 27.11.2024 04:00,n/e,,
27.11.2024 04:00 - 27.11.2024 05:00,n/e,,
27.11.2024 05:00 - 27.11.2024 06:00,n/e,,
27.11.2024 06:00 - 27.11.2024 07:00,n/e,,
27.11.2024 07:00 - 27.11.2024 08:00,n/e,,
27.11.2024 08:00 - 27.11.2024 09:00,n/e,,
27.11.2024 09:00 - 27.11.2024 10:00,n/e,,
27.11.2024 10:00 - 27.11.2024 11:00,n/e,,
27.11.2024 11:00 - 27.11.2024 12:00,n/e,,
27.11.2024 12:00 - 27.11.2024 13:00,n/e,,
27.11.2024 13:00 - 27.11.2024 14:00,n/e,,
27.11.2024 14:00 - 27.11.2024 15:00,n/e,,
27.11.2024 15:00 - 27.11.2024 16:00,n/e,,
27.11.2024 16:00 - 27.11.2024 17:00,n/e,,
27.11.2024 17:00 - 27.11.2024 18:00,n/e,,
27.11.2024 18:00 - 27.11.2024 19:00,n/e,,
27.11.2024 19:00 - 27.11.2024 20:00,n/e,,
27.11.2024 20:00 - 27.11.2024 21:00,n/e,,
27.11.2024 21:00 - 27.11.2024 22:00,n/e,,
27.11.2024 22:00 - 27.11.2024 23:00,n/e,,
27.11.2024 23:00 - 28.11.2024 00:00,n/e,,
28.11.2024 00:00 - 28.11.2024 01:00,n/e,,
28.11.2024 01:00 - 28.11.2024 02:00,n/e,,
28.11.2024 02:00 - 28.11.2024 03:00,n/e,,
28.11.2024 03:00 - 28.11.2024 04:00,n/e,,
28.11.2024 04:00 - 28.11.2024 05:00,n/e,,
28.11.2024 05:00 - 28.11.2024 06:00,n/e,,
28.11.2024 06:00 - 28.11.2024 07:00,n/e,,
28.11.2024 07:00 - 28.11.2024 08:00,n/e,,
28.11.2024 08:00 - 28.11.2024 09:00,n/e,,
28.11.2024 09:00 - 28.11.2024 10:00,n/e,,
28.11.2024 10:00 - 28.11.2024 11:00,n/e,,
28.11.2024 11:00 - 28.11.2024 12:00,n/e,,
28.11.2024 12:00 - 28.11.2024 13:00,n/e,,
28.11.2024 13:00 - 28.11.2024 14:00,n/e,,
28.11.2024 14:00 - 28.11.2024 15:00,n/e,,
28.11.2024 15:00 - 28.11.2024 16:00,n/e,,
28.11.2024 16:00 - 28.11.2024 17:00,n/e,,
28.11.2024 17:00 - 28.11.2024 18:00,n/e,,
28.11.2024 18:00 - 28.11.2024 19:00,n/e,,
28.11.2024 19:00 - 28.11.2024 20:00,n/e,,
28.11.2024 20:00 - 28.11.2024 21:00,n/e,,
28.11.2024 21:00 - 28.11.2024 22:00,n/e,,
28.11.2024 22:00 - 28.11.2024 23:00,n/e,,
28.11.2024 23:00 - 29.11.2024 00:00,n/e,,
29.11.2024 00:00 - 29.11.2024 01:00,n/e,,
29.11.2024 01:00 - 29.11.2024 02:00,n/e,,
29.11.2024 02:00 - 29.11.2024 03:00,n/e,,
29.11.2024 03:00 - 29.11.2024 04:00,n/e,,
29.11.2024 04:00 - 29.11.2024 05:00,n/e,,
29.11.2024 05:00 - 29.11.2024 06:00,n/e,,
29.11.2024 06:00 - 29.11.2024 07:00,n/e,,
29.11.2024 07:00 - 29.11.2024 08:00,n/e,,
29.11.2024 08:00 - 29.11.2024 09:00,n/e,,
29.11.2024 09:00 - 29.11.2024 10:00,n/e,,
29.11.2024 10:00 - 29.11.2024 11:00,n/e,,
29.11.2024 11:00 - 29.11.2024 12:00,n/e,,
29.11.2024 12:00 - 29.11.2024 13:00,n/e,,
29.11.2024 13:00 - 29.11.2024 14:00,n/e,,
29.11.2024 14:00 - 29.11.2024 15:00,n/e,,
29.11.2024 15:00 - 29.11.2024 16:00,n/e,,
29.11.2024 16:00 - 29.11.2024 17:00,n/e,,
29.11.2024 17:00 - 29.11.2024 18:00,n/e,,
29.11.2024 18:00 - 29.11.2024 19:00,n/e,,
29.11.2024 19:00 - 29.11.2024 20:00,n/e,,
29.11.2024 20:00 - 29.11.2024 21:00,n/e,,
29.11.2024 21:00 - 29.11.2024 22:00,n/e,,
29.11.2024 22:00 - 29.11.2024 23:00,n/e,,
29.11.2024 23:00 - 30.11.2024 00:00,n/e,,
30.11.2024 00:00 - 30.11.2024 01:00,n/e,,
30.11.2024 01:00 - 30.11.2024 02:00,n/e,,
30.11.2024 02:00 - 30.11.2024 03:00,n/e,,
30.11.2024 03:00 - 30.11.2024 04:00,n/e,,
30.11.2024 04:00 - 30.11.2024 05:00,n/e,,
30.11.2024 05:00 - 30.11.2024 06:00,n/e,,
30.11.2024 06:00 - 30.11.2024 07:00,n/e,,
30.11.2024 07:00 - 30.11.2024 08:00,n/e,,
30.11.2024 08:00 - 30.11.2024 09:00,n/e,,
30.11.2024 09:00 - 30.11.2024 10:00,n/e,,
30.11.2024 10:00 - 30.11.2024 11:00,n/e,,
30.11.2024 11:00 - 30.11.2024 12:00,n/e,,
30.11.2024 12:00 - 30.11.2024 13:00,n/e,,
30.11.2024 13:00 - 30.11.2024 14:00,n/e,,
30.11.2024 14:00 - 30.11.2024 15:00,n/e,,
30.11.2024 15:00 - 30.11.2024 16:00,n/e,,
30.11.2024 16:00 - 30.11.2024 17:00,n/e,,
30.11.2024 17:00 - 30.11.2024 18:00,n/e,,
30.11.2024 18:00 - 30.11.2024 19:00,n/e,,
30.11.2024 19:00 - 30.11.2024 20:00,n/e,,
30.11.2024 20:00 - 30.11.2024 21:00,n/e,,
30.11.2024 21:00 - 30.11.2024 22:00,n/e,,
30.11.2024 22:00 - 30.11.2024 23:00,n/e,,
30.11.2024 23:00 - 01.12.2024 00:00,n/e,,
01.12.2024 00:00 - 01.12.2024 01:00,n/e,,
01.12.2024 01:00 - 01.12.2024 02:00,n/e,,
01.12.2024 02:00 - 01.12.2024 03:00,n/e,,
01.12.2024 03:00 - 01.12.2024 04:00,n/e,,
01.12.2024 04:00 - 01.12.2024 05:00,n/e,,
01.12.2024 05:00 - 01.12.2024 06:00,n/e,,
01.12.2024 06:00 - 01.12.2024 07:00,n/e,,
01.12.2024 07:00 - 01.12.2024 08:00,n/e,,
01.12.2024 08:00 - 01.12.2024 09:00,n/e,,
01.12.2024 09:00 - 01.12.2024 10:00,n/e,,
01.12.2024 10:00 - 01.12.2024 11:00,n/e,,
01.12.2024 11:00 - 01.12.2024 12:00,n/e,,
01.12.2024 12:00 - 01.12.2024 13:00,n/e,,
01.12.2024 13:00 - 01.12.2024 14:00,n/e,,
01.12.2024 14:00 - 01.12.2024 15:00,n/e,,
01.12.2024 15:00 - 01.12.2024 16:00,n/e,,
01.12.2024 16:00 - 01.12.2024 17:00,n/e,,
01.12.2024 17:00 - 01.12.2024 18:00,n/e,,
01.12.2024 18:00 - 01.12.2024 19:00,n/e,,
01.12.2024 19:00 - 01.12.2024 20:00,n/e,,
01.12.2024 20:00 - 01.12.2024 21:00,n/e,,
01.12.2024 21:00 - 01.12.2024 22:00,n/e,,
01.12.2024 22:00 - 01.12.2024 23:00,n/e,,
01.12.2024 23:00 - 02.12.2024 00:00,n/e,,
02.12.2024 00:00 - 02.12.2024 01:00,n/e,,
02.12.2024 01:00 - 02.12.2024 02:00,n/e,,
02.12.2024 02:00 - 02.12.2024 03:00,n/e,,
02.12.2024 03:00 - 02.12.2024 04:00,n/e,,
02.12.2024 04:00 - 02.12.2024 05:00,n/e,,
02.12.2024 05:00 - 02.12.2024 06:00,n/e,,
02.12.2024 06:00 - 02.12.2024 07:00,n/e,,
02.12.2024 07:00 - 02.12.2024 08:00,n/e,,
02.12.2024 08:00 - 02.12.2024 09:00,n/e,,
02.12.2024 09:00 - 02.12.2024 10:00,n/e,,
02.12.2024 10:00 - 02.12.2024 11:00,n/e,,
02.12.2024 11:00 - 02.12.2024 12:00,n/e,,
02.12.2024 12:00 - 02.12.2024 13:00,n/e,,
02.12.2024 13:00 - 02.12.2024 14:00,n/e,,
02.12.2024 14:00 - 02.12.2024 15:00,n/e,,
02.12.2024 15:00 - 02.12.2024 16:00,n/e,,
02.12.2024 16:00 - 02.12.2024 17:00,n/e,,
02.12.2024 17:00 - 02.12.2024 18:00,n/e,,
02.12.2024 18:00 - 02.12.2024 19:00,n/e,,
02.12.2024 19:00 - 02.12.2024 20:00,n/e,,
02.12.2024 20:00 - 02.12.2024 21:00,n/e,,
02.12.2024 21:00 - 02.12.2024 22:00,n/e,,
02.12.2024 22:00 - 02.12.2024 23:00,n/e,,
02.12.2024 23:00 - 03.12.2024 00:00,n/e,,
03.12.2024 00:00 - 03.12.2024 01:00,n/e,,
03.12.2024 01:00 - 03.12.2024 02:00,n/e,,
03.12.2024 02:00 - 03.12.2024 03:00,n/e,,
03.12.2024 03:00 - 03.12.2024 04:00,n/e,,
03.12.2024 04:00 - 03.12.2024 05:00,n/e,,
03.12.2024 05:00 - 03.12.2024 06:00,n/e,,
03.12.2024 06:00 - 03.12.2024 07:00,n/e,,
03.12.2024 07:00 - 03.12.2024 08:00,n/e,,
03.12.2024 08:00 - 03.12.2024 09:00,n/e,,
03.12.2024 09:00 - 03.12.2024 10:00,n/e,,
03.12.2024 10:00 - 03.12.2024 11:00,n/e,,
03.12.2024 11:00 - 03.12.2024 12:00,n/e,,
03.12.2024 12:00 - 03.12.2024 13:00,n/e,,
03.12.2024 13:00 - 03.12.2024 14:00,n/e,,
03.12.2024 14:00 - 03.12.2024 15:00,n/e,,
03.12.2024 15:00 - 03.12.2024 16:00,n/e,,
03.12.2024 16:00 - 03.12.2024 17:00,n/e,,
03.12.2024 17:00 - 03.12.2024 18:00,n/e,,
03.12.2024 18:00 - 03.12.2024 19:00,n/e,,
03.12.2024 19:00 - 03.12.2024 20:00,n/e,,
03.12.2024 20:00 - 03.12.2024 21:00,n/e,,
03.12.2024 21:00 - 03.12.2024 22:00,n/e,,
03.12.2024 22:00 - 03.12.2024 23:00,n/e,,
03.12.2024 23:00 - 04.12.2024 00:00,n/e,,
04.12.2024 00:00 - 04.12.2024 01:00,n/e,,
04.12.2024 01:00 - 04.12.2024 02:00,n/e,,
04.12.2024 02:00 - 04.12.2024 03:00,n/e,,
04.12.2024 03:00 - 04.12.2024 04:00,n/e,,
04.12.2024 04:00 - 04.12.2024 05:00,n/e,,
04.12.2024 05:00 - 04.12.2024 06:00,n/e,,
04.12.2024 06:00 - 04.12.2024 07:00,n/e,,
04.12.2024 07:00 - 04.12.2024 08:00,n/e,,
04.12.2024 08:00 - 04.12.2024 09:00,n/e,,
04.12.2024 09:00 - 04.12.2024 10:00,n/e,,
04.12.2024 10:00 - 04.12.2024 11:00,n/e,,
04.12.2024 11:00 - 04.12.2024 12:00,n/e,,
04.12.2024 12:00 - 04.12.2024 13:00,n/e,,
04.12.2024 13:00 - 04.12.2024 14:00,n/e,,
04.12.2024 14:00 - 04.12.2024 15:00,n/e,,
04.12.2024 15:00 - 04.12.2024 16:00,n/e,,
04.12.2024 16:00 - 04.12.2024 17:00,n/e,,
04.12.2024 17:00 - 04.12.2024 18:00,n/e,,
04.12.2024 18:00 - 04.12.2024 19:00,n/e,,
04.12.2024 19:00 - 04.12.2024 20:00,n/e,,
04.12.2024 20:00 - 04.12.2024 21:00,n/e,,
04.12.2024 21:00 - 04.12.2024 22:00,n/e,,
04.12.2024 22:00 - 04.12.2024 23:00,n/e,,
04.12.2024 23:00 - 05.12.2024 00:00,n/e,,
05.12.2024 00:00 - 05.12.2024 01:00,n/e,,
05.12.2024 01:00 - 05.12.2024 02:00,n/e,,
05.12.2024 02:00 - 05.12.2024 03:00,n/e,,
05.12.2024 03:00 - 05.12.2024 04:00,n/e,,
05.12.2024 04:00 - 05.12.2024 05:00,n/e,,
05.12.2024 05:00 - 05.12.2024 06:00,n/e,,
05.12.2024 06:00 - 05.12.2024 07:00,n/e,,
05.12.2024 07:00 - 05.12.2024 08:00,n/e,,
05.12.2024 08:00 - 05.12.2024 09:00,n/e,,
05.12.2024 09:00 - 05.12.2024 10:00,n/e,,
05.12.2024 10:00 - 05.12.2024 11:00,n/e,,
05.12.2024 11:00 - 05.12.2024 12:00,n/e,,
05.12.2024 12:00 - 05.12.2024 13:00,n/e,,
05.12.2024 13:00 - 05.12.2024 14:00,n/e,,
05.12.2024 14:00 - 05.12.2024 15:00,n/e,,
05.12.2024 15:00 - 05.12.2024 16:00,n/e,,
05.12.2024 16:00 - 05.12.2024 17:00,n/e,,
05.12.2024 17:00 - 05.12.2024 18:00,n/e,,
05.12.2024 18:00 - 05.12.2024 19:00,n/e,,
05.12.2024 19:00 - 05.12.2024 20:00,n/e,,
05.12.2024 20:00 - 05.12.2024 21:00,n/e,,
05.12.2024 21:00 - 05.12.2024 22:00,n/e,,
05.12.2024 22:00 - 05.12.2024 23:00,n/e,,
05.12.2024 23:00 - 06.12.2024 00:00,n/e,,
06.12.2024 00:00 - 06.12.2024 01:00,n/e,,
06.12.2024 01:00 - 06.12.2024 02:00,n/e,,
06.12.2024 02:00 - 06.12.2024 03:00,n/e,,
06.12.2024 03:00 - 06.12.2024 04:00,n/e,,
06.12.2024 04:00 - 06.12.2024 05:00,n/e,,
06.12.2024 05:00 - 06.12.2024 06:00,n/e,,
06.12.2024 06:00 - 06.12.2024 07:00,n/e,,
06.12.2024 07:00 - 06.12.2024 08:00,n/e,,
06.12.2024 08:00 - 06.12.2024 09:00,n/e,,
06.12.2024 09:00 - 06.12.2024 10:00,n/e,,
06.12.2024 10:00 - 06.12.2024 11:00,n/e,,
06.12.2024 11:00 - 06.12.2024 12:00,n/e,,
06.12.2024 12:00 - 06.12.2024 13:00,n/e,,
06.12.2024 13:00 - 06.12.2024 14:00,n/e,,
06.12.2024 14:00 - 06.12.2024 15:00,n/e,,
06.12.2024 15:00 - 06.12.2024 16:00,n/e,,
06.12.2024 16:00 - 06.12.2024 17:00,n/e,,
06.12.2024 17:00 - 06.12.2024 18:00,n/e,,
06.12.2024 18:00 - 06.12.2024 19:00,n/e,,
06.12.2024 19:00 - 06.12.2024 20:00,n/e,,
06.12.2024 20:00 - 06.12.2024 21:00,n/e,,
06.12.2024 21:00 - 06.12.2024 22:00,n/e,,
06.12.2024 22:00 - 06.12.2024 23:00,n/e,,
06.12.2024 23:00 - 07.12.2024 00:00,n/e,,
07.12.2024 00:00 - 07.12.2024 01:00,n/e,,
07.12.2024 01:00 - 07.12.2024 02:00,n/e,,
07.12.2024 02:00 - 07.12.2024 03:00,n/e,,
07.12.2024 03:00 - 07.12.2024 04:00,n/e,,
07.12.2024 04:00 - 07.12.2024 05:00,n/e,,
07.12.2024 05:00 - 07.12.2024 06:00,n/e,,
07.12.2024 06:00 - 07.12.2024 07:00,n/e,,
07.12.2024 07:00 - 07.12.2024 08:00,n/e,,
07.12.2024 08:00 - 07.12.2024 09:00,n/e,,
07.12.2024 09:00 - 07.12.2024 10:00,n/e,,
07.12.2024 10:00 - 07.12.2024 11:00,n/e,,
07.12.2024 11:00 - 07.12.2024 12:00,n/e,,
07.12.2024 12:00 - 07.12.2024 13:00,n/e,,
07.12.2024 13:00 - 07.12.2024 14:00,n/e,,
07.12.2024 14:00 - 07.12.2024 15:00,n/e,,
07.12.2024 15:00 - 07.12.2024 16:00,n/e,,
07.12.2024 16:00 - 07.12.2024 17:00,n/e,,
07.12.2024 17:00 - 07.12.2024 18:00,n/e,,
07.12.2024 18:00 - 07.12.2024 19:00,n/e,,
07.12.2024 19:00 - 07.12.2024 20:00,n/e,,
07.12.2024 20:00 - 07.12.2024 21:00,n/e,,
07.12.2024 21:00 - 07.12.2024 22:00,n/e,,
07.12.2024 22:00 - 07.12.2024 23:00,n/e,,
07.12.2024 23:00 - 08.12.2024 00:00,n/e,,
08.12.2024 00:00 - 08.12.2024 01:00,n/e,,
08.12.2024 01:00 - 08.12.2024 02:00,n/e,,
08.12.2024 02:00 - 08.12.2024 03:00,n/e,,
08.12.2024 03:00 - 08.12.2024 04:00,n/e,,
08.12.2024 04:00 - 08.12.2024 05:00,n/e,,
08.12.2024 05:00 - 08.12.2024 06:00,n/e,,
08.12.2024 06:00 - 08.12.2024 07:00,n/e,,
08.12.2024 07:00 - 08.12.2024 08:00,n/e,,
08.12.2024 08:00 - 08.12.2024 09:00,n/e,,
08.12.2024 09:00 - 08.12.2024 10:00,n/e,,
08.12.2024 10:00 - 08.12.2024 11:00,n/e,,
08.12.2024 11:00 - 08.12.2024 12:00,n/e,,
08.12.2024 12:00 - 08.12.2024 13:00,n/e,,
08.12.2024 13:00 - 08.12.2024 14:00,n/e,,
08.12.2024 14:00 - 08.12.2024 15:00,n/e,,
08.12.2024 15:00 - 08.12.2024 16:00,n/e,,
08.12.2024 16:00 - 08.12.2024 17:00,n/e,,
08.12.2024 17:00 - 08.12.2024 18:00,n/e,,
08.12.2024 18:00 - 08.12.2024 19:00,n/e,,
08.12.2024 19:00 - 08.12.2024 20:00,n/e,,
08.12.2024 20:00 - 08.12.2024 21:00,n/e,,
08.12.2024 21:00 - 08.12.2024 22:00,n/e,,
08.12.2024 22:00 - 08.12.2024 23:00,n/e,,
08.12.2024 23:00 - 09.12.2024 00:00,n/e,,
09.12.2024 00:00 - 09.12.2024 01:00,n/e,,
09.12.2024 01:00 - 09.12.2024 02:00,n/e,,
09.12.2024 02:00 - 09.12.2024 03:00,n/e,,
09.12.2024 03:00 - 09.12.2024 04:00,n/e,,
09.12.2024 04:00 - 09.12.2024 05:00,n/e,,
09.12.2024 05:00 - 09.12.2024 06:00,n/e,,
09.12.2024 06:00 - 09.12.2024 07:00,n/e,,
09.12.2024 07:00 - 09.12.2024 08:00,n/e,,
09.12.2024 08:00 - 09.12.2024 09:00,n/e,,
09.12.2024 09:00 - 09.12.2024 10:00,n/e,,
09.12.2024 10:00 - 09.12.2024 11:00,n/e,,
09.12.2024 11:00 - 09.12.2024 12:00,n/e,,
09.12.2024 12:00 - 09.12.2024 13:00,n/e,,
09.12.2024 13:00 - 09.12.2024 14:00,n/e,,
09.12.2024 14:00 - 09.12.2024 15:00,n/e,,
09.12.2024 15:00 - 09.12.2024 16:00,n/e,,
09.12.2024 16:00 - 09.12.2024 17:00,n/e,,
09.12.2024 17:00 - 09.12.2024 18:00,n/e,,
09.12.2024 18:00 - 09.12.2024 19:00,n/e,,
09.12.2024 19:00 - 09.12.2024 20:00,n/e,,
09.12.2024 20:00 - 09.12.2024 21:00,n/e,,
09.12.2024 21:00 - 09.12.2024 22:00,n/e,,
09.12.2024 22:00 - 09.12.2024 23:00,n/e,,
09.12.2024 23:00 - 10.12.2024 00:00,n/e,,
10.12.2024 00:00 - 10.12.2024 01:00,n/e,,
10.12.2024 01:00 - 10.12.2024 02:00,n/e,,
10.12.2024 02:00 - 10.12.2024 03:00,n/e,,
10.12.2024 03:00 - 10.12.2024 04:00,n/e,,
10.12.2024 04:00 - 10.12.2024 05:00,n/e,,
10.12.2024 05:00 - 10.12.2024 06:00,n/e,,
10.12.2024 06:00 - 10.12.2024 07:00,n/e,,
10.12.2024 07:00 - 10.12.2024 08:00,n/e,,
10.12.2024 08:00 - 10.12.2024 09:00,n/e,,
10.12.2024 09:00 - 10.12.2024 10:00,n/e,,
10.12.2024 10:00 - 10.12.2024 11:00,n/e,,
10.12.2024 11:00 - 10.12.2024 12:00,n/e,,
10.12.2024 12:00 - 10.12.2024 13:00,n/e,,
10.12.2024 13:00 - 10.12.2024 14:00,n/e,,
10.12.2024 14:00 - 10.12.2024 15:00,n/e,,
10.12.2024 15:00 - 10.12.2024 16:00,n/e,,
10.12.2024 16:00 - 10.12.2024 17:00,n/e,,
10.12.2024 17:00 - 10.12.2024 18:00,n/e,,
10.12.2024 18:00 - 10.12.2024 19:00,n/e,,
10.12.2024 19:00 - 10.12.2024 20:00,n/e,,
10.12.2024 20:00 - 10.12.2024 21:00,n/e,,
10.12.2024 21:00 - 10.12.2024 22:00,n/e,,
10.12.2024 22:00 - 10.12.2024 23:00,n/e,,
10.12.2024 23:00 - 11.12.2024 00:00,n/e,,
11.12.2024 00:00 - 11.12.2024 01:00,n/e,,
11.12.2024 01:00 - 11.12.2024 02:00,n/e,,
11.12.2024 02:00 - 11.12.2024 03:00,n/e,,
11.12.2024 03:00 - 11.12.2024 04:00,n/e,,
11.12.2024 04:00 - 11.12.2024 05:00,n/e,,
11.12.2024 05:00 - 11.12.2024 06:00,n/e,,
11.12.2024 06:00 - 11.12.2024 07:00,n/e,,
11.12.2024 07:00 - 11.12.2024 08:00,n/e,,
11.12.2024 08:00 - 11.12.2024 09:00,n/e,,
11.12.2024 09:00 - 11.12.2024 10:00,n/e,,
11.12.2024 10:00 - 11.12.2024 11:00,n/e,,
11.12.2024 11:00 - 11.12.2024 12:00,n/e,,
11.12.2024 12:00 - 11.12.2024 13:00,n/e,,
11.12.2024 13:00 - 11.12.2024 14:00,n/e,,
11.12.2024 14:00 - 11.12.2024 15:00,n/e,,
11.12.2024 15:00 - 11.12.2024 16:00,n/e,,
11.12.2024 16:00 - 11.12.2024 17:00,n/e,,
11.12.2024 17:00 - 11.12.2024 18:00,n/e,,
11.12.2024 18:00 - 11.12.2024 19:00,n/e,,
11.12.2024 19:00 - 11.12.2024 20:00,n/e,,
11.12.2024 20:00 - 11.12.2024 21:00,n/e,,
11.12.2024 21:00 - 11.12.2024 22:00,n/e,,
11.12.2024 22:00 - 11.12.2024 23:00,n/e,,
11.12.2024 23:00 - 12.12.2024 00:00,n/e,,
12.12.2024 00:00 - 12.12.2024 01:00,n/e,,
12.12.2024 01:00 - 12.12.2024 02:00,n/e,,
12.12.2024 02:00 - 12.12.2024 03:00,n/e,,
12.12.2024 03:00 - 12.12.2024 04:00,n/e,,
12.12.2024 04:00 - 12.12.2024 05:00,n/e,,
12.12.2024 05:00 - 12.12.2024 06:00,n/e,,
12.12.2024 06:00 - 12.12.2024 07:00,n/e,,
12.12.2024 07:00 - 12.12.2024 08:00,n/e,,
12.12.2024 08:00 - 12.12.2024 09:00,n/e,,
12.12.2024 09:00 - 12.12.2024 10:00,n/e,,
12.12.2024 10:00 - 12.12.2024 11:00,n/e,,
12.12.2024 11:00 - 12.12.2024 12:00,n/e,,
12.12.2024 12:00 - 12.12.2024 13:00,n/e,,
12.12.2024 13:00 - 12.12.2024 14:00,n/e,,
12.12.2024 14:00 - 12.12.2024 15:00,n/e,,
12.12.2024 15:00 - 12.12.2024 16:00,n/e,,
12.12.2024 16:00 - 12.12.2024 17:00,n/e,,
12.12.2024 17:00 - 12.12.2024 18:00,n/e,,
12.12.2024 18:00 - 12.12.2024 19:00,n/e,,
12.12.2024 19:00 - 12.12.2024 20:00,n/e,,
12.12.2024 20:00 - 12.12.2024 21:00,n/e,,
12.12.2024 21:00 - 12.12.2024 22:00,n/e,,
12.12.2024 22:00 - 12.12.2024 23:00,n/e,,
12.12.2024 23:00 - 13.12.2024 00:00,n/e,,
13.12.2024 00:00 - 13.12.2024 01:00,n/e,,
13.12.2024 01:00 - 13.12.2024 02:00,n/e,,
13.12.2024 02:00 - 13.12.2024 03:00,n/e,,
13.12.2024 03:00 - 13.12.2024 04:00,n/e,,
13.12.2024 04:00 - 13.12.2024 05:00,n/e,,
13.12.2024 05:00 - 13.12.2024 06:00,n/e,,
13.12.2024 06:00 - 13.12.2024 07:00,n/e,,
13.12.2024 07:00 - 13.12.2024 08:00,n/e,,
13.12.2024 08:00 - 13.12.2024 09:00,n/e,,
13.12.2024 09:00 - 13.12.2024 10:00,n/e,,
13.12.2024 10:00 - 13.12.2024 11:00,n/e,,
13.12.2024 11:00 - 13.12.2024 12:00,n/e,,
13.12.2024 12:00 - 13.12.2024 13:00,n/e,,
13.12.2024 13:00 - 13.12.2024 14:00,n/e,,
13.12.2024 14:00 - 13.12.2024 15:00,n/e,,
13.12.2024 15:00 - 13.12.2024 16:00,n/e,,
13.12.2024 16:00 - 13.12.2024 17:00,n/e,,
13.12.2024 17:00 - 13.12.2024 18:00,n/e,,
13.12.2024 18:00 - 13.12.2024 19:00,n/e,,
13.12.2024 19:00 - 13.12.2024 20:00,n/e,,
13.12.2024 20:00 - 13.12.2024 21:00,n/e,,
13.12.2024 21:00 - 13.12.2024 22:00,n/e,,
13.12.2024 22:00 - 13.12.2024 23:00,n/e,,
13.12.2024 23:00 - 14.12.2024 00:00,n/e,,
14.12.2024 00:00 - 14.12.2024 01:00,n/e,,
14.12.2024 01:00 - 14.12.2024 02:00,n/e,,
14.12.2024 02:00 - 14.12.2024 03:00,n/e,,
14.12.2024 03:00 - 14.12.2024 04:00,n/e,,
14.12.2024 04:00 - 14.12.2024 05:00,n/e,,
14.12.2024 05:00 - 14.12.2024 06:00,n/e,,
14.12.2024 06:00 - 14.12.2024 07:00,n/e,,
14.12.2024 07:00 - 14.12.2024 08:00,n/e,,
14.12.2024 08:00 - 14.12.2024 09:00,n/e,,
14.12.2024 09:00 - 14.12.2024 10:00,n/e,,
14.12.2024 10:00 - 14.12.2024 11:00,n/e,,
14.12.2024 11:00 - 14.12.2024 12:00,n/e,,
14.12.2024 12:00 - 14.12.2024 13:00,n/e,,
14.12.2024 13:00 - 14.12.2024 14:00,n/e,,
14.12.2024 14:00 - 14.12.2024 15:00,n/e,,
14.12.2024 15:00 - 14.12.2024 16:00,n/e,,
14.12.2024 16:00 - 14.12.2024 17:00,n/e,,
14.12.2024 17:00 - 14.12.2024 18:00,n/e,,
14.12.2024 18:00 - 14.12.2024 19:00,n/e,,
14.12.2024 19:00 - 14.12.2024 20:00,n/e,,
14.12.2024 20:00 - 14.12.2024 21:00,n/e,,
14.12.2024 21:00 - 14.12.2024 22:00,n/e,,
14.12.2024 22:00 - 14.12.2024 23:00,n/e,,
14.12.2024 23:00 - 15.12.2024 00:00,n/e,,
15.12.2024 00:00 - 15.12.2024 01:00,n/e,,
15.12.2024 01:00 - 15.12.2024 02:00,n/e,,
15.12.2024 02:00 - 15.12.2024 03:00,n/e,,
15.12.2024 03:00 - 15.12.2024 04:00,n/e,,
15.12.2024 04:00 - 15.12.2024 05:00,n/e,,
15.12.2024 05:00 - 15.12.2024 06:00,n/e,,
15.12.2024 06:00 - 15.12.2024 07:00,n/e,,
15.12.2024 07:00 - 15.12.2024 08:00,n/e,,
15.12.2024 08:00 - 15.12.2024 09:00,n/e,,
15.12.2024 09:00 - 15.12.2024 10:00,n/e,,
15.12.2024 10:00 - 15.12.2024 11:00,n/e,,
15.12.2024 11:00 - 15.12.2024 12:00,n/e,,
15.12.2024 12:00 - 15.12.2024 13:00,n/e,,
15.12.2024 13:00 - 15.12.2024 14:00,n/e,,
15.12.2024 14:00 - 15.12.2024 15:00,n/e,,
15.12.2024 15:00 - 15.12.2024 16:00,n/e,,
15.12.2024 16:00 - 15.12.2024 17:00,n/e,,
15.12.2024 17:00 - 15.12.2024 18:00,n/e,,
15.12.2024 18:00 - 15.12.2024 19:00,n/e,,
15.12.2024 19:00 - 15.12.2024 20:00,n/e,,
15.12.2024 20:00 - 15.12.2024 21:00,n/e,,
15.12.2024 21:00 - 15.12.2024 22:00,n/e,,
15.12.2024 22:00 - 15.12.2024 23:00,n/e,,
15.12.2024 23:00 - 16.12.2024 00:00,n/e,,
16.12.2024 00:00 - 16.12.2024 01:00,n/e,,
16.12.2024 01:00 - 16.12.2024 02:00,n/e,,
16.12.2024 02:00 - 16.12.2024 03:00,n/e,,
16.12.2024 03:00 - 16.12.2024 04:00,n/e,,
16.12.2024 04:00 - 16.12.2024 05:00,n/e,,
16.12.2024 05:00 - 16.12.2024 06:00,n/e,,
16.12.2024 06:00 - 16.12.2024 07:00,n/e,,
16.12.2024 07:00 - 16.12.2024 08:00,n/e,,
16.12.2024 08:00 - 16.12.2024 09:00,n/e,,
16.12.2024 09:00 - 16.12.2024 10:00,n/e,,
16.12.2024 10:00 - 16.12.2024 11:00,n/e,,
16.12.2024 11:00 - 16.12.2024 12:00,n/e,,
16.12.2024 12:00 - 16.12.2024 13:00,n/e,,
16.12.2024 13:00 - 16.12.2024 14:00,n/e,,
16.12.2024 14:00 - 16.12.2024 15:00,n/e,,
16.12.2024 15:00 - 16.12.2024 16:00,n/e,,
16.12.2024 16:00 - 16.12.2024 17:00,n/e,,
16.12.2024 17:00 - 16.12.2024 18:00,n/e,,
16.12.2024 18:00 - 16.12.2024 19:00,n/e,,
16.12.2024 19:00 - 16.12.2024 20:00,n/e,,
16.12.2024 20:00 - 16.12.2024 21:00,n/e,,
16.12.2024 21:00 - 16.12.2024 22:00,n/e,,
16.12.2024 22:00 - 16.12.2024 23:00,n/e,,
16.12.2024 23:00 - 17.12.2024 00:00,n/e,,
17.12.2024 00:00 - 17.12.2024 01:00,n/e,,
17.12.2024 01:00 - 17.12.2024 02:00,n/e,,
17.12.2024 02:00 - 17.12.2024 03:00,n/e,,
17.12.2024 03:00 - 17.12.2024 04:00,n/e,,
17.12.2024 04:00 - 17.12.2024 05:00,n/e,,
17.12.2024 05:00 - 17.12.2024 06:00,n/e,,
17.12.2024 06:00 - 17.12.2024 07:00,n/e,,
17.12.2024 07:00 - 17.12.2024 08:00,n/e,,
17.12.2024 08:00 - 17.12.2024 09:00,n/e,,
17.12.2024 09:00 - 17.12.2024 10:00,n/e,,
17.12.2024 10:00 - 17.12.2024 11:00,n/e,,
17.12.2024 11:00 - 17.12.2024 12:00,n/e,,
17.12.2024 12:00 - 17.12.2024 13:00,n/e,,
17.12.2024 13:00 - 17.12.2024 14:00,n/e,,
17.12.2024 14:00 - 17.12.2024 15:00,n/e,,
17.12.2024 15:00 - 17.12.2024 16:00,n/e,,
17.12.2024 16:00 - 17.12.2024 17:00,n/e,,
17.12.2024 17:00 - 17.12.2024 18:00,n/e,,
17.12.2024 18:00 - 17.12.2024 19:00,n/e,,
17.12.2024 19:00 - 17.12.2024 20:00,n/e,,
17.12.2024 20:00 - 17.12.2024 21:00,n/e,,
17.12.2024 21:00 - 17.12.2024 22:00,n/e,,
17.12.2024 22:00 - 17.12.2024 23:00,n/e,,
17.12.2024 23:00 - 18.12.2024 00:00,n/e,,
18.12.2024 00:00 - 18.12.2024 01:00,n/e,,
18.12.2024 01:00 - 18.12.2024 02:00,n/e,,
18.12.2024 02:00 - 18.12.2024 03:00,n/e,,
18.12.2024 03:00 - 18.12.2024 04:00,n/e,,
18.12.2024 04:00 - 18.12.2024 05:00,n/e,,
18.12.2024 05:00 - 18.12.2024 06:00,n/e,,
18.12.2024 06:00 - 18.12.2024 07:00,n/e,,
18.12.2024 07:00 - 18.12.2024 08:00,n/e,,
18.12.2024 08:00 - 18.12.2024 09:00,n/e,,
18.12.2024 09:00 - 18.12.2024 10:00,n/e,,
18.12.2024 10:00 - 18.12.2024 11:00,n/e,,
18.12.2024 11:00 - 18.12.2024 12:00,n/e,,
18.12.2024 12:00 - 18.12.2024 13:00,n/e,,
18.12.2024 13:00 - 18.12.2024 14:00,n/e,,
18.12.2024 14:00 - 18.12.2024 15:00,n/e,,
18.12.2024 15:00 - 18.12.2024 16:00,n/e,,
18.12.2024 16:00 - 18.12.2024 17:00,n/e,,
18.12.2024 17:00 - 18.12.2024 18:00,n/e,,
18.12.2024 18:00 - 18.12.2024 19:00,n/e,,
18.12.2024 19:00 - 18.12.2024 20:00,n/e,,
18.12.2024 20:00 - 18.12.2024 21:00,n/e,,
18.12.2024 21:00 - 18.12.2024 22:00,n/e,,
18.12.2024 22:00 - 18.12.2024 23:00,n/e,,
18.12.2024 23:00 - 19.12.2024 00:00,n/e,,
19.12.2024 00:00 - 19.12.2024 01:00,n/e,,
19.12.2024 01:00 - 19.12.2024 02:00,n/e,,
19.12.2024 02:00 - 19.12.2024 03:00,n/e,,
19.12.2024 03:00 - 19.12.2024 04:00,n/e,,
19.12.2024 04:00 - 19.12.2024 05:00,n/e,,
19.12.2024 05:00 - 19.12.2024 06:00,n/e,,
19.12.2024 06:00 - 19.12.2024 07:00,n/e,,
19.12.2024 07:00 - 19.12.2024 08:00,n/e,,
19.12.2024 08:00 - 19.12.2024 09:00,n/e,,
19.12.2024 09:00 - 19.12.2024 10:00,n/e,,
19.12.2024 10:00 - 19.12.2024 11:00,n/e,,
19.12.2024 11:00 - 19.12.2024 12:00,n/e,,
19.12.2024 12:00 - 19.12.2024 13:00,n/e,,
19.12.2024 13:00 - 19.12.2024 14:00,n/e,,
19.12.2024 14:00 - 19.12.2024 15:00,n/e,,
19.12.2024 15:00 - 19.12.2024 16:00,n/e,,
19.12.2024 16:00 - 19.12.2024 17:00,n/e,,
19.12.2024 17:00 - 19.12.2024 18:00,n/e,,
19.12.2024 18:00 - 19.12.2024 19:00,n/e,,
19.12.2024 19:00 - 19.12.2024 20:00,n/e,,
19.12.2024 20:00 - 19.12.2024 21:00,n/e,,
19.12.2024 21:00 - 19.12.2024 22:00,n/e,,
19.12.2024 22:00 - 19.12.2024 23:00,n/e,,
19.12.2024 23:00 - 20.12.2024 00:00,n/e,,
20.12.2024 00:00 - 20.12.2024 01:00,n/e,,
20.12.2024 01:00 - 20.12.2024 02:00,n/e,,
20.12.2024 02:00 - 20.12.2024 03:00,n/e,,
20.12.2024 03:00 - 20.12.2024 04:00,n/e,,
20.12.2024 04:00 - 20.12.2024 05:00,n/e,,
20.12.2024 05:00 - 20.12.2024 06:00,n/e,,
20.12.2024 06:00 - 20.12.2024 07:00,n/e,,
20.12.2024 07:00 - 20.12.2024 08:00,n/e,,
20.12.2024 08:00 - 20.12.2024 09:00,n/e,,
20.12.2024 09:00 - 20.12.2024 10:00,n/e,,
20.12.2024 10:00 - 20.12.2024 11:00,n/e,,
20.12.2024 11:00 - 20.12.2024 12:00,n/e,,
20.12.2024 12:00 - 20.12.2024 13:00,n/e,,
20.12.2024 13:00 - 20.12.2024 14:00,n/e,,
20.12.2024 14:00 - 20.12.2024 15:00,n/e,,
20.12.2024 15:00 - 20.12.2024 16:00,n/e,,
20.12.2024 16:00 - 20.12.2024 17:00,n/e,,
20.12.2024 17:00 - 20.12.2024 18:00,n/e,,
20.12.2024 18:00 - 20.12.2024 19:00,n/e,,
20.12.2024 19:00 - 20.12.2024 20:00,n/e,,
20.12.2024 20:00 - 20.12.2024 21:00,n/e,,
20.12.2024 21:00 - 20.12.2024 22:00,n/e,,
20.12.2024 22:00 - 20.12.2024 23:00,n/e,,
20.12.2024 23:00 - 21.12.2024 00:00,n/e,,
21.12.2024 00:00 - 21.12.2024 01:00,n/e,,
21.12.2024 01:00 - 21.12.2024 02:00,n/e,,
21.12.2024 02:00 - 21.12.2024 03:00,n/e,,
21.12.2024 03:00 - 21.12.2024 04:00,n/e,,
21.12.2024 04:00 - 21.12.2024 05:00,n/e,,
21.12.2024 05:00 - 21.12.2024 06:00,n/e,,
21.12.2024 06:00 - 21.12.2024 07:00,n/e,,
21.12.2024 07:00 - 21.12.2024 08:00,n/e,,
21.12.2024 08:00 - 21.12.2024 09:00,n/e,,
21.12.2024 09:00 - 21.12.2024 10:00,n/e,,
21.12.2024 10:00 - 21.12.2024 11:00,n/e,,
21.12.2024 11:00 - 21.12.2024 12:00,n/e,,
21.12.2024 12:00 - 21.12.2024 13:00,n/e,,
21.12.2024 13:00 - 21.12.2024 14:00,n/e,,
21.12.2024 14:00 - 21.12.2024 15:00,n/e,,
21.12.2024 15:00 - 21.12.2024 16:00,n/e,,
21.12.2024 16:00 - 21.12.2024 17:00,n/e,,
21.12.2024 17:00 - 21.12.2024 18:00,n/e,,
21.12.2024 18:00 - 21.12.2024 19:00,n/e,,
21.12.2024 19:00 - 21.12.2024 20:00,n/e,,
21.12.2024 20:00 - 21.12.2024 21:00,n/e,,
21.12.2024 21:00 - 21.12.2024 22:00,n/e,,
21.12.2024 22:00 - 21.12.2024 23:00,n/e,,
21.12.2024 23:00 - 22.12.2024 00:00,n/e,,
22.12.2024 00:00 - 22.12.2024 01:00,n/e,,
22.12.2024 01:00 - 22.12.2024 02:00,n/e,,
22.12.2024 02:00 - 22.12.2024 03:00,n/e,,
22.12.2024 03:00 - 22.12.2024 04:00,n/e,,
22.12.2024 04:00 - 22.12.2024 05:00,n/e,,
22.12.2024 05:00 - 22.12.2024 06:00,n/e,,
22.12.2024 06:00 - 22.12.2024 07:00,n/e,,
22.12.2024 07:00 - 22.12.2024 08:00,n/e,,
22.12.2024 08:00 - 22.12.2024 09:00,n/e,,
22.12.2024 09:00 - 22.12.2024 10:00,n/e,,
22.12.2024 10:00 - 22.12.2024 11:00,n/e,,
22.12.2024 11:00 - 22.12.2024 12:00,n/e,,
22.12.2024 12:00 - 22.12.2024 13:00,n/e,,
22.12.2024 13:00 - 22.12.2024 14:00,n/e,,
22.12.2024 14:00 - 22.12.2024 15:00,n/e,,
22.12.2024 15:00 - 22.12.2024 16:00,n/e,,
22.12.2024 16:00 - 22.12.2024 17:00,n/e,,
22.12.2024 17:00 - 22.12.2024 18:00,n/e,,
22.12.2024 18:00 - 22.12.2024 19:00,n/e,,
22.12.2024 19:00 - 22.12.2024 20:00,n/e,,
22.12.2024 20:00 - 22.12.2024 21:00,n/e,,
22.12.2024 21:00 - 22.12.2024 22:00,n/e,,
22.12.2024 22:00 - 22.12.2024 23:00,n/e,,
22.12.2024 23:00 - 23.12.2024 00:00,n/e,,
23.12.2024 00:00 - 23.12.2024 01:00,n/e,,
23.12.2024 01:00 - 23.12.2024 02:00,n/e,,
23.12.2024 02:00 - 23.12.2024 03:00,n/e,,
23.12.2024 03:00 - 23.12.2024 04:00,n/e,,
23.12.2024 04:00 - 23.12.2024 05:00,n/e,,
23.12.2024 05:00 - 23.12.2024 06:00,n/e,,
23.12.2024 06:00 - 23.12.2024 07:00,n/e,,
23.12.2024 07:00 - 23.12.2024 08:00,n/e,,
23.12.2024 08:00 - 23.12.2024 09:00,n/e,,
23.12.2024 09:00 - 23.12.2024 10:00,n/e,,
23.12.2024 10:00 - 23.12.2024 11:00,n/e,,
23.12.2024 11:00 - 23.12.2024 12:00,n/e,,
23.12.2024 12:00 - 23.12.2024 13:00,n/e,,
23.12.2024 13:00 - 23.12.2024 14:00,n/e,,
23.12.2024 14:00 - 23.12.2024 15:00,n/e,,
23.12.2024 15:00 - 23.12.2024 16:00,n/e,,
23.12.2024 16:00 - 23.12.2024 17:00,n/e,,
23.12.2024 17:00 - 23.12.2024 18:00,n/e,,
23.12.2024 18:00 - 23.12.2024 19:00,n/e,,
23.12.2024 19:00 - 23.12.2024 20:00,n/e,,
23.12.2024 20:00 - 23.12.2024 21:00,n/e,,
23.12.2024 21:00 - 23.12.2024 22:00,n/e,,
23.12.2024 22:00 - 23.12.2024 23:00,n/e,,
23.12.2024 23:00 - 24.12.2024 00:00,n/e,,
24.12.2024 00:00 - 24.12.2024 01:00,n/e,,
24.12.2024 01:00 - 24.12.2024 02:00,n/e,,
24.12.2024 02:00 - 24.12.2024 03:00,n/e,,
24.12.2024 03:00 - 24.12.2024 04:00,n/e,,
24.12.2024 04:00 - 24.12.2024 05:00,n/e,,
24.12.2024 05:00 - 24.12.2024 06:00,n/e,,
24.12.2024 06:00 - 24.12.2024 07:00,n/e,,
24.12.2024 07:00 - 24.12.2024 08:00,n/e,,
24.12.2024 08:00 - 24.12.2024 09:00,n/e,,
24.12.2024 09:00 - 24.12.2024 10:00,n/e,,
24.12.2024 10:00 - 24.12.2024 11:00,n/e,,
24.12.2024 11:00 - 24.12.2024 12:00,n/e,,
24.12.2024 12:00 - 24.12.2024 13:00,n/e,,
24.12.2024 13:00 - 24.12.2024 14:00,n/e,,
24.12.2024 14:00 - 24.12.2024 15:00,n/e,,
24.12.2024 15:00 - 24.12.2024 16:00,n/e,,
24.12.2024 16:00 - 24.12.2024 17:00,n/e,,
24.12.2024 17:00 - 24.12.2024 18:00,n/e,,
24.12.2024 18:00 - 24.12.2024 19:00,n/e,,
24.12.2024 19:00 - 24.12.2024 20:00,n/e,,
24.12.2024 20:00 - 24.12.2024 21:00,n/e,,
24.12.2024 21:00 - 24.12.2024 22:00,n/e,,
24.12.2024 22:00 - 24.12.2024 23:00,n/e,,
24.12.2024 23:00 - 25.12.2024 00:00,n/e,,
25.12.2024 00:00 - 25.12.2024 01:00,n/e,,
25.12.2024 01:00 - 25.12.2024 02:00,n/e,,
25.12.2024 02:00 - 25.12.2024 03:00,n/e,,
25.12.2024 03:00 - 25.12.2024 04:00,n/e,,
25.12.2024 04:00 - 25.12.2024 05:00,n/e,,
25.12.2024 05:00 - 25.12.2024 06:00,n/e,,
25.12.2024 06:00 - 25.12.2024 07:00,n/e,,
25.12.2024 07:00 - 25.12.2024 08:00,n/e,,
25.12.2024 08:00 - 25.12.2024 09:00,n/e,,
25.12.2024 09:00 - 25.12.2024 10:00,n/e,,
25.12.2024 10:00 - 25.12.2024 11:00,n/e,,
25.12.2024 11:00 - 25.12.2024 12:00,n/e,,
25.12.2024 12:00 - 25.12.2024 13:00,n/e,,
25.12.2024 13:00 - 25.12.2024 14:00,n/e,,
25.12.2024 14:00 - 25.12.2024 15:00,n/e,,
25.12.2024 15:00 - 25.12.2024 16:00,n/e,,
25.12.2024 16:00 - 25.12.2024 17:00,n/e,,
25.12.2024 17:00 - 25.12.2024 18:00,n/e,,
25.12.2024 18:00 - 25.12.2024 19:00,n/e,,
25.12.2024 19:00 - 25.12.2024 20:00,n/e,,
25.12.2024 20:00 - 25.12.2024 21:00,n/e,,
25.12.2024 21:00 - 25.12.2024 22:00,n/e,,
25.12.2024 22:00 - 25.12.2024 23:00,n/e,,
25.12.2024 23:00 - 26.12.2024 00:00,n/e,,
26.12.2024 00:00 - 26.12.2024 01:00,n/e,,
26.12.2024 01:00 - 26.12.2024 02:00,n/e,,
26.12.2024 02:00 - 26.12.2024 03:00,n/e,,
26.12.2024 03:00 - 26.12.2024 04:00,n/e,,
26.12.2024 04:00 - 26.12.2024 05:00,n/e,,
26.12.2024 05:00 - 26.12.2024 06:00,n/e,,
26.12.2024 06:00 - 26.12.2024 07:00,n/e,,
26.12.2024 07:00 - 26.12.2024 08:00,n/e,,
26.12.2024 08:00 - 26.12.2024 09:00,n/e,,
26.12.2024 09:00 - 26.12.2024 10:00,n/e,,
26.12.2024 10:00 - 26.12.2024 11:00,n/e,,
26.12.2024 11:00 - 26.12.2024 12:00,n/e,,
26.12.2024 12:00 - 26.12.2024 13:00,n/e,,
26.12.2024 13:00 - 26.12.2024 14:00,n/e,,
26.12.2024 14:00 - 26.12.2024 15:00,n/e,,
26.12.2024 15:00 - 26.12.2024 16:00,n/e,,
26.12.2024 16:00 - 26.12.2024 17:00,n/e,,
26.12.2024 17:00 - 26.12.2024 18:00,n/e,,
26.12.2024 18:00 - 26.12.2024 19:00,n/e,,
26.12.2024 19:00 - 26.12.2024 20:00,n/e,,
26.12.2024 20:00 - 26.12.2024 21:00,n/e,,
26.12.2024 21:00 - 26.12.2024 22:00,n/e,,
26.12.2024 22:00 - 26.12.2024 23:00,n/e,,
26.12.2024 23:00 - 27.12.2024 00:00,n/e,,
27.12.2024 00:00 - 27.12.2024 01:00,n/e,,
27.12.2024 01:00 - 27.12.2024 02:00,n/e,,
27.12.2024 02:00 - 27.12.2024 03:00,n/e,,
27.12.2024 03:00 - 27.12.2024 04:00,n/e,,
27.12.2024 04:00 - 27.12.2024 05:00,n/e,,
27.12.2024 05:00 - 27.12.2024 06:00,n/e,,
27.12.2024 06:00 - 27.12.2024 07:00,n/e,,
27.12.2024 07:00 - 27.12.2024 08:00,n/e,,
27.12.2024 08:00 - 27.12.2024 09:00,n/e,,
27.12.2024 09:00 - 27.12.2024 10:00,n/e,,
27.12.2024 10:00 - 27.12.2024 11:00,n/e,,
27.12.2024 11:00 - 27.12.2024 12:00,n/e,,
27.12.2024 12:00 - 27.12.2024 13:00,n/e,,
27.12.2024 13:00 - 27.12.2024 14:00,n/e,,
27.12.2024 14:00 - 27.12.2024 15:00,n/e,,
27.12.2024 15:00 - 27.12.2024 16:00,n/e,,
27.12.2024 16:00 - 27.12.2024 17:00,n/e,,
27.12.2024 17:00 - 27.12.2024 18:00,n/e,,
27.12.2024 18:00 - 27.12.2024 19:00,n/e,,
27.12.2024 19:00 - 27.12.2024 20:00,n/e,,
27.12.2024 20:00 - 27.12.2024 21:00,n/e,,
27.12.2024 21:00 - 27.12.2024 22:00,n/e,,
27.12.2024 22:00 - 27.12.2024 23:00,n/e,,
27.12.2024 23:00 - 28.12.2024 00:00,n/e,,
28.12.2024 00:00 - 28.12.2024 01:00,n/e,,
28.12.2024 01:00 - 28.12.2024 02:00,n/e,,
28.12.2024 02:00 - 28.12.2024 03:00,n/e,,
28.12.2024 03:00 - 28.12.2024 04:00,n/e,,
28.12.2024 04:00 - 28.12.2024 05:00,n/e,,
28.12.2024 05:00 - 28.12.2024 06:00,n/e,,
28.12.2024 06:00 - 28.12.2024 07:00,n/e,,
28.12.2024 07:00 - 28.12.2024 08:00,n/e,,
28.12.2024 08:00 - 28.12.2024 09:00,n/e,,
28.12.2024 09:00 - 28.12.2024 10:00,n/e,,
28.12.2024 10:00 - 28.12.2024 11:00,n/e,,
28.12.2024 11:00 - 28.12.2024 12:00,n/e,,
28.12.2024 12:00 - 28.12.2024 13:00,n/e,,
28.12.2024 13:00 - 28.12.2024 14:00,n/e,,
28.12.2024 14:00 - 28.12.2024 15:00,n/e,,
28.12.2024 15:00 - 28.12.2024 16:00,n/e,,
28.12.2024 16:00 - 28.12.2024 17:00,n/e,,
28.12.2024 17:00 - 28.12.2024 18:00,n/e,,
28.12.2024 18:00 - 28.12.2024 19:00,n/e,,
28.12.2024 19:00 - 28.12.2024 20:00,n/e,,
28.12.2024 20:00 - 28.12.2024 21:00,n/e,,
28.12.2024 21:00 - 28.12.2024 22:00,n/e,,
28.12.2024 22:00 - 28.12.2024 23:00,n/e,,
28.12.2024 23:00 - 29.12.2024 00:00,n/e,,
29.12.2024 00:00 - 29.12.2024 01:00,n/e,,
29.12.2024 01:00 - 29.12.2024 02:00,n/e,,
29.12.2024 02:00 - 29.12.2024 03:00,n/e,,
29.12.2024 03:00 - 29.12.2024 04:00,n/e,,
29.12.2024 04:00 - 29.12.2024 05:00,n/e,,
29.12.2024 05:00 - 29.12.2024 06:00,n/e,,
29.12.2024 06:00 - 29.12.2024 07:00,n/e,,
29.12.2024 07:00 - 29.12.2024 08:00,n/e,,
29.12.2024 08:00 - 29.12.2024 09:00,n/e,,
29.12.2024 09:00 - 29.12.2024 10:00,n/e,,
29.12.2024 10:00 - 29.12.2024 11:00,n/e,,
29.12.2024 11:00 - 29.12.2024 12:00,n/e,,
29.12.2024 12:00 - 29.12.2024 13:00,n/e,,
29.12.2024 13:00 - 29.12.2024 14:00,n/e,,
29.12.2024 14:00 - 29.12.2024 15:00,n/e,,
29.12.2024 15:00 - 29.12.2024 16:00,n/e,,
29.12.2024 16:00 - 29.12.2024 17:00,n/e,,
29.12.2024 17:00 - 29.12.2024 18:00,n/e,,
29.12.2024 18:00 - 29.12.2024 19:00,n/e,,
29.12.2024 19:00 - 29.12.2024 20:00,n/e,,
29.12.2024 20:00 - 29.12.2024 21:00,n/e,,
29.12.2024 21:00 - 29.12.2024 22:00,n/e,,
29.12.2024 22:00 - 29.12.2024 23:00,n/e,,
29.12.2024 23:00 - 30.12.2024 00:00,n/e,,
30.12.2024 00:00 - 30.12.2024 01:00,n/e,,
30.12.2024 01:00 - 30.12.2024 02:00,n/e,,
30.12.2024 02:00 - 30.12.2024 03:00,n/e,,
30.12.2024 03:00 - 30.12.2024 04:00,n/e,,
30.12.2024 04:00 - 30.12.2024 05:00,n/e,,
30.12.2024 05:00 - 30.12.2024 06:00,n/e,,
30.12.2024 06:00 - 30.12.2024 07:00,n/e,,
30.12.2024 07:00 - 30.12.2024 08:00,n/e,,
30.12.2024 08:00 - 30.12.2024 09:00,n/e,,
30.12.2024 09:00 - 30.12.2024 10:00,n/e,,
30.12.2024 10:00 - 30.12.2024 11:00,n/e,,
30.12.2024 11:00 - 30.12.2024 12:00,n/e,,
30.12.2024 12:00 - 30.12.2024 13:00,n/e,,
30.12.2024 13:00 - 30.12.2024 14:00,n/e,,
30.12.2024 14:00 - 30.12.2024 15:00,n/e,,
30.12.2024 15:00 - 30.12.2024 16:00,n/e,,
30.12.2024 16:00 - 30.12.2024 17:00,n/e,,
30.12.2024 17:00 - 30.12.2024 18:00,n/e,,
30.12.2024 18:00 - 30.12.2024 19:00,n/e,,
30.12.2024 19:00 - 30.12.2024 20:00,n/e,,
30.12.2024 20:00 - 30.12.2024 21:00,n/e,,
30.12.2024 21:00 - 30.12.2024 22:00,n/e,,
30.12.2024 22:00 - 30.12.2024 23:00,n/e,,
30.12.2024 23:00 - 31.12.2024 00:00,n/e,,
31.12.2024 00:00 - 31.12.2024 01:00,n/e,,
31.12.2024 01:00 - 31.12.2024 02:00,n/e,,
31.12.2024 02:00 - 31.12.2024 03:00,n/e,,
31.12.2024 03:00 - 31.12.2024 04:00,n/e,,
31.12.2024 04:00 - 31.12.2024 05:00,n/e,,
31.12.2024 05:00 - 31.12.2024 06:00,n/e,,
31.12.2024 06:00 - 31.12.2024 07:00,n/e,,
31.12.2024 07:00 - 31.12.2024 08:00,n/e,,
31.12.2024 08:00 - 31.12.2024 09:00,n/e,,
31.12.2024 09:00 - 31.12.2024 10:00,n/e,,
31.12.2024 10:00 - 31.12.2024 11:00,n/e,,
31.12.2024 11:00 - 31.12.2024 12:00,n/e,,
31.12.2024 12:00 - 31.12.2024 13:00,n/e,,
31.12.2024 13:00 - 31.12.2024 14:00,n/e,,
31.12.2024 14:00 - 31.12.2024 15:00,n/e,,
31.12.2024 15:00 - 31.12.2024 16:00,n/e,,
31.12.2024 16:00 - 31.12.2024 17:00,n/e,,
31.12.2024 17:00 - 31.12.2024 18:00,n/e,,
31.12.2024 18:00 - 31.12.2024 19:00,n/e,,
31.12.2024 19:00 - 31.12.2024 20:00,n/e,,
31.12.2024 20:00 - 31.12.2024 21:00,n/e,,
31.12.2024 21:00 - 31.12.2024 22:00,n/e,,
31.12.2024 22:00 - 31.12.2024 23:00,n/e,,
31.12.2024 23:00 - 01.01.2025 00:00,n/e,,