{
    "a": 0.002221082731304671,
    "b": 0.06291065614275505,
    "p_pump_out_min": 118.45220487525296,
    "p_loss_offshore": 10,
    "nu": 0.0019774178877222126,
    "eta": 0.75,
    "p_pump_in": 90
}