{
    "a": 0.0014432090757299442,
    "b": 0.05784462806588648,
    "p_pump_out_min": 120.0,
    "p_loss_offshore": 10,
    "nu": 0.0018181818181818182,
    "eta": 0.75,
    "p_pump_in": 100
}