{
    "a": 0.0014887057290520938,
    "b": 0.06291066028863819,
    "p_pump_out_min": 118.45220487525296,
    "p_loss_offshore": 10,
    "nu": 0.0019774178877222126,
    "eta": 0.75,
    "p_pump_in": 100
}