{
    "a": 0.0010529159455889329,
    "b": 0.05103938651982121,
    "p_pump_out_min": 114.8,
    "p_loss_offshore": 10,
    "nu": 0.0018181818181818182,
    "eta": 0.85,
    "p_pump_in": 100
}