{
    "a": 0.0011600172872541508,
    "b": 0.05784463685317282,
    "p_pump_out_min": 114.10735587525296,
    "p_loss_offshore": 10,
    "nu": 0.0018181818181818182,
    "eta": 0.75,
    "p_pump_in": 100
}