Unnamed: 0;ghi;dni;dhi;temp_air;rh;ws10;TECHNOLOGYNAME_hydro_inflow
2022-01-01 00:00:00;0.0;0.0;0.0;-0.05;86.9;1.62;
2022-01-01 01:00:00;0.0;0.0;0.0;-0.62;89.23;1.59;
2022-01-01 02:00:00;0.0;0.0;0.0;-1.19;91.57;1.56;
2022-01-01 03:00:00;0.0;0.0;0.0;-1.76;93.9;1.53;
2022-01-01 04:00:00;0.0;0.0;0.0;-2.33;96.23;1.51;
2022-01-01 05:00:00;0.0;0.0;0.0;-2.9;98.57;1.48;
2022-01-01 06:00:00;0.0;0.0;0.0;-3.47;100.0;1.45;
2022-01-01 07:00:00;9.0;0.0;9.0;-4.04;100.0;1.43;
2022-01-01 08:00:00;126.0;368.6;63.0;-1.19;95.6;0.97;
2022-01-01 09:00:00;255.0;658.76;72.0;0.13;95.65;1.03;
2022-01-01 10:00:00;332.0;714.93;84.0;1.83;99.4;0.97;
2022-01-01 11:00:00;369.0;773.78;80.0;3.36;95.7;0.9;
2022-01-01 12:00:00;338.0;691.42;92.0;4.87;88.85;0.9;
2022-01-01 13:00:00;274.0;684.76;72.0;5.79;85.65;0.83;
2022-01-01 14:00:00;154.0;455.84;65.0;6.14;82.55;0.76;
2022-01-01 15:00:00;25.0;63.15;21.0;5.71;85.65;0.76;
2022-01-01 16:00:00;0.0;0.0;0.0;4.1;92.2;0.97;
2022-01-01 17:00:00;0.0;0.0;0.0;3.18;95.7;0.76;
2022-01-01 18:00:00;0.0;0.0;0.0;2.71;99.4;0.76;
2022-01-01 19:00:00;0.0;0.0;0.0;1.63;99.4;1.03;
2022-01-01 20:00:00;0.0;0.0;0.0;1.17;99.35;1.31;
2022-01-01 21:00:00;0.0;0.0;0.0;1.49;100.0;1.38;
2022-01-01 22:00:00;0.0;0.0;0.0;1.6;99.4;1.72;
2022-01-01 23:00:00;0.0;0.0;0.0;2.37;99.4;1.86;
2022-01-02 00:00:00;0.0;0.0;0.0;2.79;95.7;2.07;
2022-01-02 01:00:00;0.0;0.0;0.0;3.22;95.7;2.21;
2022-01-02 02:00:00;0.0;0.0;0.0;3.48;95.7;2.34;
2022-01-02 03:00:00;0.0;0.0;0.0;3.8;95.7;2.62;
2022-01-02 04:00:00;0.0;0.0;0.0;4.08;95.75;2.9;
2022-01-02 05:00:00;0.0;0.0;0.0;4.36;95.75;3.03;
2022-01-02 06:00:00;0.0;0.0;0.0;4.62;92.25;2.97;
2022-01-02 07:00:00;3.0;0.0;3.0;4.43;95.75;2.21;
2022-01-02 08:00:00;36.0;0.0;36.0;4.76;95.75;2.14;
2022-01-02 09:00:00;61.0;0.0;61.0;5.16;92.25;2.14;
2022-01-02 10:00:00;69.0;0.0;69.0;5.53;95.75;2.41;
2022-01-02 11:00:00;80.0;0.0;80.0;6.13;92.3;2.55;
2022-01-02 12:00:00;79.0;0.0;79.0;6.41;95.8;2.83;
2022-01-02 13:00:00;78.0;0.0;78.0;6.48;95.8;3.03;
2022-01-02 14:00:00;70.0;10.13;68.0;6.55;95.8;3.03;
2022-01-02 15:00:00;16.0;0.0;16.0;6.47;92.3;3.03;
2022-01-02 16:00:00;0.0;0.0;0.0;6.3;92.3;2.97;
2022-01-02 17:00:00;0.0;0.0;0.0;6.26;92.3;2.97;
2022-01-02 18:00:00;0.0;0.0;0.0;6.18;92.3;2.97;
2022-01-02 19:00:00;0.0;0.0;0.0;5.84;95.75;2.28;
2022-01-02 20:00:00;0.0;0.0;0.0;5.53;95.75;2.21;
2022-01-02 21:00:00;0.0;0.0;0.0;5.52;95.75;2.14;
2022-01-02 22:00:00;0.0;0.0;0.0;5.45;95.75;2.07;
2022-01-02 23:00:00;0.0;0.0;0.0;5.43;95.75;1.86;
2022-01-03 00:00:00;0.0;0.0;0.0;4.86;95.75;1.86;
2022-01-03 01:00:00;0.0;0.0;0.0;4.2;95.75;2.0;
2022-01-03 02:00:00;0.0;0.0;0.0;3.53;95.7;1.93;
2022-01-03 03:00:00;0.0;0.0;0.0;3.35;99.4;1.86;
2022-01-03 04:00:00;0.0;0.0;0.0;3.11;95.7;1.86;
2022-01-03 05:00:00;0.0;0.0;0.0;2.65;95.7;1.93;
2022-01-03 06:00:00;0.0;0.0;0.0;1.85;99.4;2.07;
2022-01-03 07:00:00;9.0;0.0;9.0;2.03;99.4;2.14;
2022-01-03 08:00:00;136.0;489.18;52.0;2.81;99.4;1.86;
2022-01-03 09:00:00;266.0;744.87;58.0;4.79;95.75;1.93;
2022-01-03 10:00:00;315.0;601.67;105.0;6.75;89.0;1.93;
2022-01-03 11:00:00;364.0;746.71;83.0;8.33;79.75;2.0;
2022-01-03 12:00:00;326.0;606.82;108.0;9.45;74.2;2.07;
2022-01-03 13:00:00;278.0;702.37;68.0;10.03;71.6;2.28;
2022-01-03 14:00:00;165.0;550.99;55.0;9.97;71.6;2.48;
2022-01-03 15:00:00;38.0;264.81;20.0;8.97;79.85;2.07;
2022-01-03 16:00:00;0.0;0.0;0.0;7.2;85.8;2.34;
2022-01-03 17:00:00;0.0;0.0;0.0;5.81;92.3;2.34;
2022-01-03 18:00:00;0.0;0.0;0.0;4.75;95.75;2.28;
2022-01-03 19:00:00;0.0;0.0;0.0;3.91;99.4;2.0;
2022-01-03 20:00:00;0.0;0.0;0.0;3.16;95.7;2.0;
2022-01-03 21:00:00;0.0;0.0;0.0;2.74;99.4;1.93;
2022-01-03 22:00:00;0.0;0.0;0.0;2.54;99.4;2.07;
2022-01-03 23:00:00;0.0;0.0;0.0;2.16;99.4;2.28;
2022-01-04 00:00:00;0.0;0.0;0.0;1.98;100.0;2.28;
2022-01-04 01:00:00;0.0;0.0;0.0;1.83;99.4;2.21;
2022-01-04 02:00:00;0.0;0.0;0.0;1.62;99.4;2.14;
2022-01-04 03:00:00;0.0;0.0;0.0;1.43;100.0;2.07;
2022-01-04 04:00:00;0.0;0.0;0.0;1.19;99.35;2.14;
2022-01-04 05:00:00;0.0;0.0;0.0;1.38;100.0;1.93;
2022-01-04 06:00:00;0.0;0.0;0.0;1.16;99.35;1.52;
2022-01-04 07:00:00;9.0;0.0;9.0;0.94;99.35;1.38;
2022-01-04 08:00:00;132.0;435.31;57.0;1.55;99.4;1.45;
2022-01-04 09:00:00;250.0;617.53;77.0;2.77;99.4;1.52;
2022-01-04 10:00:00;262.0;305.47;155.0;3.97;95.7;1.66;
2022-01-04 11:00:00;283.0;296.37;171.0;5.8;88.9;1.1;
2022-01-04 12:00:00;279.0;340.58;156.0;7.0;82.6;0.55;
2022-01-04 13:00:00;272.0;634.24;81.0;7.85;76.8;1.17;
2022-01-04 14:00:00;134.0;247.54;84.0;8.13;76.85;1.59;
2022-01-04 15:00:00;41.0;283.96;21.0;7.57;79.7;1.52;
2022-01-04 16:00:00;0.0;0.0;0.0;6.25;85.7;1.66;
2022-01-04 17:00:00;0.0;0.0;0.0;4.81;95.75;1.66;
2022-01-04 18:00:00;0.0;0.0;0.0;3.7;95.7;1.79;
2022-01-04 19:00:00;0.0;0.0;0.0;2.54;95.7;1.52;
2022-01-04 20:00:00;0.0;0.0;0.0;1.68;99.4;1.79;
2022-01-04 21:00:00;0.0;0.0;0.0;1.39;99.35;2.0;
2022-01-04 22:00:00;0.0;0.0;0.0;1.59;95.65;2.28;
2022-01-04 23:00:00;0.0;0.0;0.0;2.01;95.65;2.48;
2022-01-05 00:00:00;0.0;0.0;0.0;2.25;95.65;2.55;
2022-01-05 01:00:00;0.0;0.0;0.0;2.22;95.65;2.28;
2022-01-05 02:00:00;0.0;0.0;0.0;1.92;99.4;2.21;
2022-01-05 03:00:00;0.0;0.0;0.0;1.68;95.65;2.21;
2022-01-05 04:00:00;0.0;0.0;0.0;1.45;99.35;2.07;
2022-01-05 05:00:00;0.0;0.0;0.0;1.31;99.35;2.07;
2022-01-05 06:00:00;0.0;0.0;0.0;1.16;99.35;1.93;
2022-01-05 07:00:00;9.0;0.0;9.0;0.48;99.4;1.03;
2022-01-05 08:00:00;119.0;294.83;68.0;1.48;100.0;0.76;
2022-01-05 09:00:00;179.0;181.38;128.0;3.7;95.7;0.83;
2022-01-05 10:00:00;199.0;96.69;165.0;5.86;92.3;0.97;
2022-01-05 11:00:00;220.0;105.37;180.0;8.21;82.75;1.24;
2022-01-05 12:00:00;194.0;71.59;168.0;9.9;77.1;1.52;
2022-01-05 13:00:00;171.0;102.17;140.0;10.97;71.75;1.66;
2022-01-05 14:00:00;90.0;44.02;81.0;11.2;69.25;1.59;
2022-01-05 15:00:00;33.0;109.61;25.0;10.44;74.4;1.59;
2022-01-05 16:00:00;0.0;0.0;0.0;8.75;82.85;1.86;
2022-01-05 17:00:00;0.0;0.0;0.0;6.67;92.35;1.38;
2022-01-05 18:00:00;0.0;0.0;0.0;6.67;89.0;0.69;
2022-01-05 19:00:00;0.0;0.0;0.0;6.61;92.35;0.83;
2022-01-05 20:00:00;0.0;0.0;0.0;6.22;92.3;0.76;
2022-01-05 21:00:00;0.0;0.0;0.0;5.81;95.75;0.14;
2022-01-05 22:00:00;0.0;0.0;0.0;4.83;99.4;0.9;
2022-01-05 23:00:00;0.0;0.0;0.0;1.8;100.0;1.79;
2022-01-06 00:00:00;0.0;0.0;0.0;1.42;100.0;1.59;
2022-01-06 01:00:00;0.0;0.0;0.0;1.51;100.0;1.31;
2022-01-06 02:00:00;0.0;0.0;0.0;1.44;100.0;1.24;
2022-01-06 03:00:00;0.0;0.0;0.0;1.95;100.0;1.1;
2022-01-06 04:00:00;0.0;0.0;0.0;2.26;100.0;0.76;
2022-01-06 05:00:00;0.0;0.0;0.0;1.96;100.0;0.55;
2022-01-06 06:00:00;0.0;0.0;0.0;1.92;100.0;0.34;
2022-01-06 07:00:00;9.0;0.0;9.0;1.15;99.35;0.34;
2022-01-06 08:00:00;84.0;74.8;71.0;1.76;99.4;0.28;
2022-01-06 09:00:00;137.0;53.13;122.0;3.36;99.4;0.62;
2022-01-06 10:00:00;156.0;25.48;147.0;5.02;99.4;1.1;
2022-01-06 11:00:00;224.0;110.11;182.0;6.96;95.8;0.83;
2022-01-06 12:00:00;269.0;284.7;165.0;8.58;85.95;0.9;
2022-01-06 13:00:00;200.0;192.94;141.0;9.6;79.95;0.76;
2022-01-06 14:00:00;85.0;28.99;79.0;9.78;79.95;0.48;
2022-01-06 15:00:00;26.0;26.45;24.0;9.3;82.9;0.55;
2022-01-06 16:00:00;0.0;0.0;0.0;8.48;89.1;0.28;
2022-01-06 17:00:00;0.0;0.0;0.0;7.75;92.4;0.48;
2022-01-06 18:00:00;0.0;0.0;0.0;5.24;99.4;1.66;
2022-01-06 19:00:00;0.0;0.0;0.0;3.96;100.0;1.66;
2022-01-06 20:00:00;0.0;0.0;0.0;3.67;99.4;2.48;
2022-01-06 21:00:00;0.0;0.0;0.0;4.0;100.0;2.14;
2022-01-06 22:00:00;0.0;0.0;0.0;3.87;100.0;0.83;
2022-01-06 23:00:00;0.0;0.0;0.0;4.08;99.4;0.48;
2022-01-07 00:00:00;0.0;0.0;0.0;2.97;100.0;1.17;
2022-01-07 01:00:00;0.0;0.0;0.0;2.96;100.0;1.79;
2022-01-07 02:00:00;0.0;0.0;0.0;2.86;100.0;1.72;
2022-01-07 03:00:00;0.0;0.0;0.0;2.63;99.4;1.45;
2022-01-07 04:00:00;0.0;0.0;0.0;2.52;100.0;1.24;
2022-01-07 05:00:00;0.0;0.0;0.0;2.38;100.0;1.24;
2022-01-07 06:00:00;0.0;0.0;0.0;2.15;99.4;1.31;
2022-01-07 07:00:00;9.0;0.0;9.0;1.95;100.0;0.83;
2022-01-07 08:00:00;151.0;623.84;42.0;2.56;99.4;0.41;
2022-01-07 09:00:00;167.0;123.42;132.0;3.81;99.4;0.07;
2022-01-07 10:00:00;171.0;42.28;156.0;5.07;99.4;0.41;
2022-01-07 11:00:00;189.0;44.34;172.0;6.35;99.4;0.55;
2022-01-07 12:00:00;183.0;48.97;165.0;7.71;89.05;0.62;
2022-01-07 13:00:00;142.0;35.68;131.0;8.65;85.95;0.48;
2022-01-07 14:00:00;88.0;33.39;81.0;8.97;85.95;0.62;
2022-01-07 15:00:00;46.0;280.78;24.0;8.66;85.95;0.97;
2022-01-07 16:00:00;0.0;0.0;0.0;7.3;92.35;2.07;
2022-01-07 17:00:00;0.0;0.0;0.0;6.06;95.8;2.21;
2022-01-07 18:00:00;0.0;0.0;0.0;5.71;99.4;2.28;
2022-01-07 19:00:00;0.0;0.0;0.0;5.12;99.4;2.14;
2022-01-07 20:00:00;0.0;0.0;0.0;5.23;99.4;2.07;
2022-01-07 21:00:00;0.0;0.0;0.0;5.76;99.4;2.21;
2022-01-07 22:00:00;0.0;0.0;0.0;5.82;95.75;2.41;
2022-01-07 23:00:00;0.0;0.0;0.0;5.97;99.4;2.69;
2022-01-08 00:00:00;0.0;0.0;0.0;6.04;99.4;2.9;
2022-01-08 01:00:00;0.0;0.0;0.0;6.53;95.8;2.76;
2022-01-08 02:00:00;0.0;0.0;0.0;6.94;95.8;2.62;
2022-01-08 03:00:00;0.0;0.0;0.0;7.06;95.8;2.55;
2022-01-08 04:00:00;0.0;0.0;0.0;7.03;95.8;2.41;
2022-01-08 05:00:00;0.0;0.0;0.0;6.89;92.35;2.28;
2022-01-08 06:00:00;0.0;0.0;0.0;6.49;95.8;2.07;
2022-01-08 07:00:00;9.0;0.0;9.0;6.41;95.8;1.59;
2022-01-08 08:00:00;63.0;17.07;60.0;6.73;95.8;1.59;
2022-01-08 09:00:00;97.0;3.51;96.0;7.3;92.35;1.38;
2022-01-08 10:00:00;237.0;193.55;168.0;8.25;85.9;1.38;
2022-01-08 11:00:00;210.0;77.83;180.0;9.13;82.9;1.17;
2022-01-08 12:00:00;344.0;665.05;98.0;9.78;79.95;0.76;
2022-01-08 13:00:00;186.0;135.11;144.0;9.88;77.1;0.69;
2022-01-08 14:00:00;42.0;0.0;42.0;9.79;77.1;0.76;
2022-01-08 15:00:00;14.0;0.0;14.0;9.47;79.9;0.69;
2022-01-08 16:00:00;0.0;0.0;0.0;8.75;82.85;0.34;
2022-01-08 17:00:00;0.0;0.0;0.0;7.64;89.05;0.62;
2022-01-08 18:00:00;0.0;0.0;0.0;6.82;95.8;0.69;
2022-01-08 19:00:00;0.0;0.0;0.0;6.12;95.8;0.83;
2022-01-08 20:00:00;0.0;0.0;0.0;5.84;99.4;0.83;
2022-01-08 21:00:00;0.0;0.0;0.0;5.56;99.4;0.76;
2022-01-08 22:00:00;0.0;0.0;0.0;5.34;100.0;0.69;
2022-01-08 23:00:00;0.0;0.0;0.0;5.07;99.4;0.62;
2022-01-09 00:00:00;0.0;0.0;0.0;5.18;99.4;0.62;
2022-01-09 01:00:00;0.0;0.0;0.0;5.16;99.4;0.76;
2022-01-09 02:00:00;0.0;0.0;0.0;5.11;99.4;0.83;
2022-01-09 03:00:00;0.0;0.0;0.0;5.03;100.0;0.69;
2022-01-09 04:00:00;0.0;0.0;0.0;5.02;100.0;0.41;
2022-01-09 05:00:00;0.0;0.0;0.0;5.13;99.4;0.28;
2022-01-09 06:00:00;0.0;0.0;0.0;5.02;100.0;0.28;
2022-01-09 07:00:00;4.0;0.0;4.0;4.95;100.0;0.28;
2022-01-09 08:00:00;63.0;11.3;61.0;5.45;99.4;0.28;
2022-01-09 09:00:00;60.0;0.0;60.0;6.35;95.8;0.28;
2022-01-09 10:00:00;43.0;0.0;43.0;7.35;85.8;0.41;
2022-01-09 11:00:00;73.0;0.0;73.0;8.03;82.7;0.34;
2022-01-09 12:00:00;95.0;0.0;95.0;8.34;79.75;0.28;
2022-01-09 13:00:00;74.0;0.0;74.0;8.55;79.75;0.34;
2022-01-09 14:00:00;51.0;0.0;51.0;8.46;76.85;0.41;
2022-01-09 15:00:00;21.0;0.0;21.0;8.19;76.85;0.48;
2022-01-09 16:00:00;0.0;0.0;0.0;7.77;79.7;0.83;
2022-01-09 17:00:00;0.0;0.0;0.0;7.06;85.75;1.17;
2022-01-09 18:00:00;0.0;0.0;0.0;6.24;88.95;1.31;
2022-01-09 19:00:00;0.0;0.0;0.0;6.35;88.95;0.62;
2022-01-09 20:00:00;0.0;0.0;0.0;5.78;88.9;0.83;
2022-01-09 21:00:00;0.0;0.0;0.0;5.29;92.25;0.83;
2022-01-09 22:00:00;0.0;0.0;0.0;5.27;92.25;0.69;
2022-01-09 23:00:00;0.0;0.0;0.0;4.86;95.75;0.62;
2022-01-10 00:00:00;0.0;0.0;0.0;4.33;99.4;0.69;
2022-01-10 01:00:00;0.0;0.0;0.0;3.85;99.4;0.69;
2022-01-10 02:00:00;0.0;0.0;0.0;3.49;100.0;0.76;
2022-01-10 03:00:00;0.0;0.0;0.0;3.39;100.0;0.69;
2022-01-10 04:00:00;0.0;0.0;0.0;2.96;100.0;0.76;
2022-01-10 05:00:00;0.0;0.0;0.0;2.85;100.0;0.9;
2022-01-10 06:00:00;0.0;0.0;0.0;3.12;99.4;0.97;
2022-01-10 07:00:00;7.0;0.0;7.0;4.51;95.75;0.76;
2022-01-10 08:00:00;37.0;0.0;37.0;4.82;95.75;0.83;
2022-01-10 09:00:00;173.0;138.84;133.0;5.5;92.25;0.97;
2022-01-10 10:00:00;103.0;0.0;103.0;5.98;92.3;1.1;
2022-01-10 11:00:00;154.0;10.26;150.0;6.34;88.95;1.24;
2022-01-10 12:00:00;147.0;10.67;143.0;6.54;88.95;1.38;
2022-01-10 13:00:00;131.0;18.97;125.0;6.91;85.75;1.31;
2022-01-10 14:00:00;117.0;100.85;95.0;6.88;85.75;0.97;
2022-01-10 15:00:00;35.0;57.44;30.0;7.03;85.75;0.69;
2022-01-10 16:00:00;0.0;0.0;0.0;6.75;85.75;0.41;
2022-01-10 17:00:00;0.0;0.0;0.0;6.27;92.3;0.41;
2022-01-10 18:00:00;0.0;0.0;0.0;5.54;99.4;0.69;
2022-01-10 19:00:00;0.0;0.0;0.0;4.74;99.4;1.1;
2022-01-10 20:00:00;0.0;0.0;0.0;4.19;99.4;1.1;
2022-01-10 21:00:00;0.0;0.0;0.0;3.93;100.0;0.9;
2022-01-10 22:00:00;0.0;0.0;0.0;4.07;99.4;0.69;
2022-01-10 23:00:00;0.0;0.0;0.0;3.22;99.4;1.1;
2022-01-11 00:00:00;0.0;0.0;0.0;3.55;99.4;0.83;
2022-01-11 01:00:00;0.0;0.0;0.0;3.63;99.4;0.69;
2022-01-11 02:00:00;0.0;0.0;0.0;3.36;100.0;0.69;
2022-01-11 03:00:00;0.0;0.0;0.0;3.08;99.4;0.41;
2022-01-11 04:00:00;0.0;0.0;0.0;2.84;100.0;0.0;
2022-01-11 05:00:00;0.0;0.0;0.0;2.83;100.0;0.41;
2022-01-11 06:00:00;0.0;0.0;0.0;2.82;100.0;0.62;
2022-01-11 07:00:00;11.0;0.0;11.0;2.85;100.0;0.48;
2022-01-11 08:00:00;29.0;0.0;29.0;3.59;99.4;0.83;
2022-01-11 09:00:00;108.0;10.35;105.0;4.36;99.4;1.45;
2022-01-11 10:00:00;197.0;77.27;169.0;5.06;95.75;1.72;
2022-01-11 11:00:00;67.0;0.0;67.0;5.71;92.3;1.86;
2022-01-11 12:00:00;93.0;0.0;93.0;6.37;88.95;2.34;
2022-01-11 13:00:00;69.0;0.0;69.0;6.94;85.75;2.28;
2022-01-11 14:00:00;73.0;4.52;72.0;7.47;82.65;2.28;
2022-01-11 15:00:00;46.0;155.35;32.0;7.44;79.65;1.93;
2022-01-11 16:00:00;0.0;0.0;0.0;6.76;82.6;1.38;
2022-01-11 17:00:00;0.0;0.0;0.0;5.99;88.9;1.17;
2022-01-11 18:00:00;0.0;0.0;0.0;5.14;92.25;1.45;
2022-01-11 19:00:00;0.0;0.0;0.0;4.17;95.75;2.0;
2022-01-11 20:00:00;0.0;0.0;0.0;3.65;95.7;2.14;
2022-01-11 21:00:00;0.0;0.0;0.0;3.35;99.4;2.07;
2022-01-11 22:00:00;0.0;0.0;0.0;2.9;99.4;2.0;
2022-01-11 23:00:00;0.0;0.0;0.0;2.48;100.0;1.93;
2022-01-12 00:00:00;0.0;0.0;0.0;2.17;99.4;1.52;
2022-01-12 01:00:00;0.0;0.0;0.0;1.47;100.0;1.17;
2022-01-12 02:00:00;0.0;0.0;0.0;1.34;100.0;0.83;
2022-01-12 03:00:00;0.0;0.0;0.0;1.35;100.0;0.48;
2022-01-12 04:00:00;0.0;0.0;0.0;1.35;100.0;0.34;
2022-01-12 05:00:00;0.0;0.0;0.0;1.89;99.4;0.48;
2022-01-12 06:00:00;0.0;0.0;0.0;1.97;100.0;0.48;
2022-01-12 07:00:00;8.0;0.0;8.0;2.26;99.4;0.69;
2022-01-12 08:00:00;74.0;27.6;69.0;2.65;99.4;0.83;
2022-01-12 09:00:00;163.0;95.99;135.0;3.81;95.7;0.97;
2022-01-12 10:00:00;196.0;71.31;170.0;5.2;88.85;1.03;
2022-01-12 11:00:00;199.0;48.12;180.0;6.53;85.7;1.17;
2022-01-12 12:00:00;273.0;249.75;178.0;7.46;79.65;1.31;
2022-01-12 13:00:00;225.0;238.98;148.0;7.95;71.25;1.45;
2022-01-12 14:00:00;126.0;120.39;99.0;7.86;68.6;1.24;
2022-01-12 15:00:00;26.0;10.72;25.0;7.54;73.9;1.1;
2022-01-12 16:00:00;0.0;0.0;0.0;6.49;79.5;1.72;
2022-01-12 17:00:00;0.0;0.0;0.0;5.65;82.5;1.93;
2022-01-12 18:00:00;0.0;0.0;0.0;4.74;88.85;2.14;
2022-01-12 19:00:00;0.0;0.0;0.0;4.51;88.8;1.59;
2022-01-12 20:00:00;0.0;0.0;0.0;4.5;92.2;1.66;
2022-01-12 21:00:00;0.0;0.0;0.0;4.59;88.85;1.72;
2022-01-12 22:00:00;0.0;0.0;0.0;4.48;92.2;1.79;
2022-01-12 23:00:00;0.0;0.0;0.0;4.33;92.2;1.86;
2022-01-13 00:00:00;0.0;0.0;0.0;4.24;92.2;2.0;
2022-01-13 01:00:00;0.0;0.0;0.0;3.59;92.15;2.28;
2022-01-13 02:00:00;0.0;0.0;0.0;3.64;95.7;2.28;
2022-01-13 03:00:00;0.0;0.0;0.0;3.53;92.15;2.34;
2022-01-13 04:00:00;0.0;0.0;0.0;3.68;95.7;2.41;
2022-01-13 05:00:00;0.0;0.0;0.0;3.7;95.7;2.48;
2022-01-13 06:00:00;0.0;0.0;0.0;3.7;95.7;2.48;
2022-01-13 07:00:00;9.0;0.0;9.0;3.59;92.15;2.55;
2022-01-13 08:00:00;41.0;0.0;41.0;4.19;92.2;2.55;
2022-01-13 09:00:00;95.0;3.41;94.0;5.17;88.85;2.76;
2022-01-13 10:00:00;78.0;0.0;78.0;6.03;88.9;3.17;
2022-01-13 11:00:00;72.0;0.0;72.0;6.92;82.6;3.59;
2022-01-13 12:00:00;131.0;2.61;130.0;7.55;79.65;4.07;
2022-01-13 13:00:00;146.0;30.74;136.0;7.88;76.8;4.21;
2022-01-13 14:00:00;86.0;17.58;82.0;7.59;76.8;4.07;
2022-01-13 15:00:00;19.0;0.0;19.0;7.0;82.6;3.93;
2022-01-13 16:00:00;0.0;0.0;0.0;6.37;88.95;3.66;
2022-01-13 17:00:00;0.0;0.0;0.0;5.84;92.3;3.52;
2022-01-13 18:00:00;0.0;0.0;0.0;5.76;92.3;3.38;
2022-01-13 19:00:00;0.0;0.0;0.0;5.21;92.25;3.38;
2022-01-13 20:00:00;0.0;0.0;0.0;5.15;92.25;3.79;
2022-01-13 21:00:00;0.0;0.0;0.0;5.15;92.25;4.07;
2022-01-13 22:00:00;0.0;0.0;0.0;5.08;92.25;4.34;
2022-01-13 23:00:00;0.0;0.0;0.0;4.77;95.75;4.9;
2022-01-14 00:00:00;0.0;0.0;0.0;4.13;95.75;5.45;
2022-01-14 01:00:00;0.0;0.0;0.0;3.44;99.4;5.59;
2022-01-14 02:00:00;0.0;0.0;0.0;3.07;92.15;5.59;
2022-01-14 03:00:00;0.0;0.0;0.0;2.83;95.7;5.38;
2022-01-14 04:00:00;0.0;0.0;0.0;2.73;95.7;5.17;
2022-01-14 05:00:00;0.0;0.0;0.0;2.8;95.7;5.17;
2022-01-14 06:00:00;0.0;0.0;0.0;2.86;95.7;4.9;
2022-01-14 07:00:00;18.0;115.87;13.0;2.16;99.4;3.24;
2022-01-14 08:00:00;42.0;0.0;42.0;2.36;99.4;3.03;
2022-01-14 09:00:00;78.0;0.0;78.0;2.93;95.7;3.38;
2022-01-14 10:00:00;39.0;0.0;39.0;3.66;88.75;2.97;
2022-01-14 11:00:00;59.0;0.0;59.0;4.47;85.5;2.83;
2022-01-14 12:00:00;87.0;0.0;87.0;5.38;82.4;2.55;
2022-01-14 13:00:00;60.0;0.0;60.0;5.76;76.5;2.41;
2022-01-14 14:00:00;81.0;8.67;79.0;6.12;73.7;2.14;
2022-01-14 15:00:00;31.0;10.02;30.0;6.06;73.7;1.38;
2022-01-14 16:00:00;0.0;0.0;0.0;5.55;79.35;1.1;
2022-01-14 17:00:00;0.0;0.0;0.0;4.86;82.35;1.31;
2022-01-14 18:00:00;0.0;0.0;0.0;4.11;85.5;1.38;
2022-01-14 19:00:00;0.0;0.0;0.0;3.33;92.15;1.66;
2022-01-14 20:00:00;0.0;0.0;0.0;2.87;92.15;1.45;
2022-01-14 21:00:00;0.0;0.0;0.0;2.41;95.65;1.1;
2022-01-14 22:00:00;0.0;0.0;0.0;2.01;99.4;1.24;
2022-01-14 23:00:00;0.0;0.0;0.0;1.66;95.65;1.24;
2022-01-15 00:00:00;0.0;0.0;0.0;1.22;95.65;1.59;
2022-01-15 01:00:00;0.0;0.0;0.0;1.18;95.65;1.45;
2022-01-15 02:00:00;0.0;0.0;0.0;1.75;99.4;0.97;
2022-01-15 03:00:00;0.0;0.0;0.0;2.03;95.65;0.62;
2022-01-15 04:00:00;0.0;0.0;0.0;2.29;99.4;0.9;
2022-01-15 05:00:00;0.0;0.0;0.0;1.87;99.4;1.1;
2022-01-15 06:00:00;0.0;0.0;0.0;1.38;100.0;1.17;
2022-01-15 07:00:00;15.0;44.76;13.0;0.56;95.65;0.83;
2022-01-15 08:00:00;103.0;123.42;80.0;1.67;99.4;0.9;
2022-01-15 09:00:00;103.0;6.71;101.0;3.14;88.7;1.52;
2022-01-15 10:00:00;273.0;274.31;171.0;4.55;82.35;1.24;
2022-01-15 11:00:00;301.0;282.88;187.0;5.74;79.4;1.1;
2022-01-15 12:00:00;51.0;0.0;51.0;6.31;76.55;1.03;
2022-01-15 13:00:00;92.0;0.0;92.0;6.78;73.8;0.97;
2022-01-15 14:00:00;154.0;222.12;102.0;6.98;73.8;1.24;
2022-01-15 15:00:00;34.0;19.39;32.0;6.84;73.8;1.93;
2022-01-15 16:00:00;0.0;0.0;0.0;5.93;82.5;2.48;
2022-01-15 17:00:00;0.0;0.0;0.0;5.2;85.6;2.9;
2022-01-15 18:00:00;0.0;0.0;0.0;4.35;92.2;2.97;
2022-01-15 19:00:00;0.0;0.0;0.0;3.66;92.15;3.31;
2022-01-15 20:00:00;0.0;0.0;0.0;3.45;95.7;3.31;
2022-01-15 21:00:00;0.0;0.0;0.0;3.51;95.7;3.45;
2022-01-15 22:00:00;0.0;0.0;0.0;3.84;95.7;3.59;
2022-01-15 23:00:00;0.0;0.0;0.0;3.98;92.15;3.66;
2022-01-16 00:00:00;0.0;0.0;0.0;4.07;92.2;3.66;
2022-01-16 01:00:00;0.0;0.0;0.0;4.05;92.2;3.66;
2022-01-16 02:00:00;0.0;0.0;0.0;4.35;92.2;3.72;
2022-01-16 03:00:00;0.0;0.0;0.0;4.51;92.2;3.93;
2022-01-16 04:00:00;0.0;0.0;0.0;4.64;92.25;4.21;
2022-01-16 05:00:00;0.0;0.0;0.0;4.71;92.25;4.48;
2022-01-16 06:00:00;0.0;0.0;0.0;4.78;92.25;4.97;
2022-01-16 07:00:00;4.0;0.0;4.0;4.58;88.85;5.52;
2022-01-16 08:00:00;57.0;5.31;56.0;4.69;88.85;5.45;
2022-01-16 09:00:00;36.0;0.0;36.0;4.95;88.85;5.31;
2022-01-16 10:00:00;60.0;0.0;60.0;5.26;85.6;5.24;
2022-01-16 11:00:00;76.0;0.0;76.0;5.25;82.4;5.17;
2022-01-16 12:00:00;93.0;0.0;93.0;4.93;85.55;5.03;
2022-01-16 13:00:00;38.0;0.0;38.0;3.97;92.15;4.0;
2022-01-16 14:00:00;39.0;0.0;39.0;2.7;95.7;2.97;
2022-01-16 15:00:00;13.0;0.0;13.0;1.95;100.0;3.03;
2022-01-16 16:00:00;0.0;0.0;0.0;1.56;99.4;2.9;
2022-01-16 17:00:00;0.0;0.0;0.0;1.49;100.0;3.24;
2022-01-16 18:00:00;0.0;0.0;0.0;1.29;100.0;3.72;
2022-01-16 19:00:00;0.0;0.0;0.0;1.45;99.35;5.38;
2022-01-16 20:00:00;0.0;0.0;0.0;1.35;99.35;4.28;
2022-01-16 21:00:00;0.0;0.0;0.0;1.43;99.35;4.14;
2022-01-16 22:00:00;0.0;0.0;0.0;1.34;99.35;3.66;
2022-01-16 23:00:00;0.0;0.0;0.0;1.21;99.35;3.52;
2022-01-17 00:00:00;0.0;0.0;0.0;1.05;99.35;3.38;
2022-01-17 01:00:00;0.0;0.0;0.0;0.9;95.65;2.83;
2022-01-17 02:00:00;0.0;0.0;0.0;0.85;95.65;2.41;
2022-01-17 03:00:00;0.0;0.0;0.0;0.72;95.65;2.34;
2022-01-17 04:00:00;0.0;0.0;0.0;0.73;95.65;2.14;
2022-01-17 05:00:00;0.0;0.0;0.0;0.75;95.65;2.07;
2022-01-17 06:00:00;0.0;0.0;0.0;0.88;99.35;2.34;
2022-01-17 07:00:00;19.0;103.98;14.0;1.52;99.4;2.97;
2022-01-17 08:00:00;67.0;10.5;65.0;1.74;99.4;3.24;
2022-01-17 09:00:00;110.0;6.61;108.0;2.09;95.65;3.86;
2022-01-17 10:00:00;60.0;0.0;60.0;2.37;95.65;4.07;
2022-01-17 11:00:00;40.0;0.0;40.0;2.81;88.65;4.55;
2022-01-17 12:00:00;54.0;0.0;54.0;3.38;85.4;4.62;
2022-01-17 13:00:00;31.0;0.0;31.0;3.85;76.15;4.55;
2022-01-17 14:00:00;76.0;4.15;75.0;4.09;67.9;4.0;
2022-01-17 15:00:00;22.0;0.0;22.0;3.63;70.5;3.17;
2022-01-17 16:00:00;0.0;0.0;0.0;2.73;73.1;2.62;
2022-01-17 17:00:00;0.0;0.0;0.0;1.69;75.85;2.34;
2022-01-17 18:00:00;0.0;0.0;0.0;0.05;78.75;2.14;
2022-01-17 19:00:00;0.0;0.0;0.0;0.71;81.95;2.34;
2022-01-17 20:00:00;0.0;0.0;0.0;0.72;81.95;2.14;
2022-01-17 21:00:00;0.0;0.0;0.0;0.89;85.2;1.86;
2022-01-17 22:00:00;0.0;0.0;0.0;0.71;85.2;1.66;
2022-01-17 23:00:00;0.0;0.0;0.0;0.51;81.95;1.72;
2022-01-18 00:00:00;0.0;0.0;0.0;0.38;85.15;1.79;
2022-01-18 01:00:00;0.0;0.0;0.0;0.6;81.95;1.79;
2022-01-18 02:00:00;0.0;0.0;0.0;0.8;78.8;1.93;
2022-01-18 03:00:00;0.0;0.0;0.0;0.85;78.8;1.93;
2022-01-18 04:00:00;0.0;0.0;0.0;0.74;75.75;1.93;
2022-01-18 05:00:00;0.0;0.0;0.0;0.54;72.85;1.86;
2022-01-18 06:00:00;0.0;0.0;0.0;0.39;72.75;2.07;
2022-01-18 07:00:00;28.0;320.29;12.0;1.48;72.85;2.48;
2022-01-18 08:00:00;161.0;545.15;56.0;1.4;75.75;2.21;
2022-01-18 09:00:00;167.0;85.19;141.0;2.38;70.2;2.48;
2022-01-18 10:00:00;163.0;18.42;156.0;3.21;65.1;2.62;
2022-01-18 11:00:00;180.0;19.41;172.0;3.81;62.7;2.69;
2022-01-18 12:00:00;190.0;35.08;176.0;4.33;62.8;2.69;
2022-01-18 13:00:00;265.0;342.1;148.0;5.6;54.05;2.48;
2022-01-18 14:00:00;117.0;53.14;104.0;5.47;56.05;2.28;
2022-01-18 15:00:00;63.0;175.89;43.0;5.02;60.5;1.72;
2022-01-18 16:00:00;0.0;0.0;0.0;3.65;65.2;2.21;
2022-01-18 17:00:00;0.0;0.0;0.0;1.66;70.1;2.28;
2022-01-18 18:00:00;0.0;0.0;0.0;0.48;69.95;2.14;
2022-01-18 19:00:00;0.0;0.0;0.0;-0.41;75.6;2.55;
2022-01-18 20:00:00;0.0;0.0;0.0;-0.56;78.6;2.34;
2022-01-18 21:00:00;0.0;0.0;0.0;-0.63;81.75;2.14;
2022-01-18 22:00:00;0.0;0.0;0.0;-0.64;81.75;1.93;
2022-01-18 23:00:00;0.0;0.0;0.0;-0.88;81.75;1.79;
2022-01-19 00:00:00;0.0;0.0;0.0;-0.46;81.8;1.45;
2022-01-19 01:00:00;0.0;0.0;0.0;-0.87;85.05;1.03;
2022-01-19 02:00:00;0.0;0.0;0.0;-0.89;85.05;0.62;
2022-01-19 03:00:00;0.0;0.0;0.0;-1.33;88.4;0.48;
2022-01-19 04:00:00;0.0;0.0;0.0;-1.78;88.35;0.62;
2022-01-19 05:00:00;0.0;0.0;0.0;-2.13;91.85;0.76;
2022-01-19 06:00:00;0.0;0.0;0.0;-2.39;91.85;0.69;
2022-01-19 07:00:00;12.0;0.0;12.0;-1.76;95.6;0.48;
2022-01-19 08:00:00;121.0;194.96;83.0;-0.87;91.95;0.21;
2022-01-19 09:00:00;174.0;100.7;143.0;1.38;85.2;0.21;
2022-01-19 10:00:00;252.0;177.54;184.0;3.75;73.3;0.48;
2022-01-19 11:00:00;249.0;113.16;202.0;5.31;65.55;0.97;
2022-01-19 12:00:00;212.0;62.1;187.0;6.11;60.85;0.97;
2022-01-19 13:00:00;154.0;28.93;144.0;6.7;58.65;1.03;
2022-01-19 14:00:00;92.0;12.08;89.0;6.14;60.85;1.38;
2022-01-19 15:00:00;31.0;0.0;31.0;5.71;68.2;1.45;
2022-01-19 16:00:00;0.0;0.0;0.0;3.76;79.15;1.72;
2022-01-19 17:00:00;0.0;0.0;0.0;4.65;82.35;1.93;
2022-01-19 18:00:00;0.0;0.0;0.0;4.29;88.8;2.21;
2022-01-19 19:00:00;0.0;0.0;0.0;3.58;88.75;2.21;
2022-01-19 20:00:00;0.0;0.0;0.0;3.6;92.15;2.55;
2022-01-19 21:00:00;0.0;0.0;0.0;3.77;92.15;2.9;
2022-01-19 22:00:00;0.0;0.0;0.0;3.92;95.7;3.17;
2022-01-19 23:00:00;0.0;0.0;0.0;3.98;95.7;3.66;
2022-01-20 00:00:00;0.0;0.0;0.0;3.83;95.7;4.0;
2022-01-20 01:00:00;0.0;0.0;0.0;3.63;92.15;3.86;
2022-01-20 02:00:00;0.0;0.0;0.0;3.66;92.15;3.86;
2022-01-20 03:00:00;0.0;0.0;0.0;3.71;92.15;3.72;
2022-01-20 04:00:00;0.0;0.0;0.0;3.83;92.15;3.38;
2022-01-20 05:00:00;0.0;0.0;0.0;4.0;95.7;3.17;
2022-01-20 06:00:00;0.0;0.0;0.0;4.08;92.2;2.97;
2022-01-20 07:00:00;10.0;0.0;10.0;3.63;92.15;2.9;
2022-01-20 08:00:00;56.0;0.0;56.0;3.98;95.7;2.97;
2022-01-20 09:00:00;51.0;0.0;51.0;4.58;92.25;2.83;
2022-01-20 10:00:00;91.0;0.0;91.0;5.26;92.25;2.62;
2022-01-20 11:00:00;118.0;0.0;118.0;5.87;95.75;2.28;
2022-01-20 12:00:00;148.0;7.39;145.0;6.23;95.8;1.59;
2022-01-20 13:00:00;74.0;0.0;74.0;6.29;95.8;1.79;
2022-01-20 14:00:00;56.0;0.0;56.0;6.31;95.8;1.66;
2022-01-20 15:00:00;24.0;0.0;24.0;6.2;95.8;1.45;
2022-01-20 16:00:00;0.0;0.0;0.0;5.9;95.75;1.24;
2022-01-20 17:00:00;0.0;0.0;0.0;5.61;95.75;1.17;
2022-01-20 18:00:00;0.0;0.0;0.0;5.26;99.4;1.52;
2022-01-20 19:00:00;0.0;0.0;0.0;3.99;99.4;0.76;
2022-01-20 20:00:00;0.0;0.0;0.0;3.95;99.4;0.28;
2022-01-20 21:00:00;0.0;0.0;0.0;3.91;99.4;0.07;
2022-01-20 22:00:00;0.0;0.0;0.0;4.14;99.4;0.41;
2022-01-20 23:00:00;0.0;0.0;0.0;4.35;99.4;0.97;
2022-01-21 00:00:00;0.0;0.0;0.0;4.6;95.75;1.1;
2022-01-21 01:00:00;0.0;0.0;0.0;4.81;99.4;1.1;
2022-01-21 02:00:00;0.0;0.0;0.0;4.93;99.4;1.03;
2022-01-21 03:00:00;0.0;0.0;0.0;5.1;95.75;1.1;
2022-01-21 04:00:00;0.0;0.0;0.0;5.21;99.4;1.17;
2022-01-21 05:00:00;0.0;0.0;0.0;5.21;99.4;1.24;
2022-01-21 06:00:00;0.0;0.0;0.0;5.07;99.4;1.59;
2022-01-21 07:00:00;4.0;0.0;4.0;3.7;99.4;1.17;
2022-01-21 08:00:00;0.0;0.0;0.0;4.16;99.4;1.52;
2022-01-21 09:00:00;0.0;0.0;0.0;5.06;95.75;1.52;
2022-01-21 10:00:00;217.0;87.35;183.0;5.94;92.3;1.45;
2022-01-21 11:00:00;156.0;7.11;153.0;6.78;89.0;1.79;
2022-01-21 12:00:00;123.0;0.0;123.0;7.45;89.0;2.41;
2022-01-21 13:00:00;66.0;0.0;66.0;7.89;85.85;2.62;
2022-01-21 14:00:00;65.0;0.0;65.0;7.99;85.85;2.69;
2022-01-21 15:00:00;43.0;16.02;41.0;7.62;89.05;2.41;
2022-01-21 16:00:00;0.0;0.0;0.0;6.97;92.35;2.21;
2022-01-21 17:00:00;0.0;0.0;0.0;5.53;99.4;2.55;
2022-01-21 18:00:00;0.0;0.0;0.0;4.66;95.75;2.55;
2022-01-21 19:00:00;0.0;0.0;0.0;4.31;99.4;2.07;
2022-01-21 20:00:00;0.0;0.0;0.0;3.66;99.4;2.21;
2022-01-21 21:00:00;0.0;0.0;0.0;3.05;99.4;2.21;
2022-01-21 22:00:00;0.0;0.0;0.0;2.75;99.4;2.07;
2022-01-21 23:00:00;0.0;0.0;0.0;2.52;99.4;1.93;
2022-01-22 00:00:00;0.0;0.0;0.0;2.04;99.4;1.93;
2022-01-22 01:00:00;0.0;0.0;0.0;1.64;99.4;1.93;
2022-01-22 02:00:00;0.0;0.0;0.0;1.57;99.4;1.79;
2022-01-22 03:00:00;0.0;0.0;0.0;1.56;99.4;1.59;
2022-01-22 04:00:00;0.0;0.0;0.0;1.65;99.4;1.45;
2022-01-22 05:00:00;0.0;0.0;0.0;1.81;100.0;1.45;
2022-01-22 06:00:00;0.0;0.0;0.0;2.17;99.4;1.1;
2022-01-22 07:00:00;16.0;17.09;15.0;1.24;99.35;0.48;
2022-01-22 08:00:00;86.0;34.57;79.0;2.37;99.4;0.83;
2022-01-22 09:00:00;28.0;0.0;28.0;3.65;99.4;1.17;
2022-01-22 10:00:00;93.0;0.0;93.0;4.73;99.4;1.93;
2022-01-22 11:00:00;118.0;0.0;118.0;5.52;95.75;2.28;
2022-01-22 12:00:00;49.0;0.0;49.0;6.28;88.95;2.55;
2022-01-22 13:00:00;159.0;28.02;149.0;6.9;85.75;2.21;
2022-01-22 14:00:00;62.0;0.0;62.0;6.87;89.0;2.28;
2022-01-22 15:00:00;66.0;124.34;50.0;6.78;92.35;2.69;
2022-01-22 16:00:00;0.0;0.0;0.0;6.21;92.3;2.69;
2022-01-22 17:00:00;0.0;0.0;0.0;5.51;95.75;2.55;
2022-01-22 18:00:00;0.0;0.0;0.0;5.08;95.75;2.41;
2022-01-22 19:00:00;0.0;0.0;0.0;4.06;95.75;2.14;
2022-01-22 20:00:00;0.0;0.0;0.0;3.21;99.4;2.07;
2022-01-22 21:00:00;0.0;0.0;0.0;2.51;99.4;1.93;
2022-01-22 22:00:00;0.0;0.0;0.0;1.72;99.4;1.72;
2022-01-22 23:00:00;0.0;0.0;0.0;0.99;99.35;1.1;
2022-01-23 00:00:00;0.0;0.0;0.0;1.01;99.35;0.48;
2022-01-23 01:00:00;0.0;0.0;0.0;0.21;95.65;0.41;
2022-01-23 02:00:00;0.0;0.0;0.0;-0.51;99.4;0.55;
2022-01-23 03:00:00;0.0;0.0;0.0;-1.44;95.6;0.21;
2022-01-23 04:00:00;0.0;0.0;0.0;-1.45;95.6;0.41;
2022-01-23 05:00:00;0.0;0.0;0.0;-1.31;95.6;0.76;
2022-01-23 06:00:00;0.0;0.0;0.0;-1.06;99.4;0.83;
2022-01-23 07:00:00;30.0;164.09;20.0;-0.88;95.6;1.24;
2022-01-23 08:00:00;157.0;404.44;74.0;1.3;99.35;1.72;
2022-01-23 09:00:00;279.0;550.94;103.0;3.29;99.4;2.41;
2022-01-23 10:00:00;350.0;538.08;137.0;4.74;95.75;3.03;
2022-01-23 11:00:00;432.0;813.12;83.0;6.79;85.75;3.59;
2022-01-23 12:00:00;290.0;213.3;201.0;8.15;76.85;3.93;
2022-01-23 13:00:00;326.0;598.66;110.0;8.92;71.4;4.28;
2022-01-23 14:00:00;154.0;128.93;120.0;8.94;71.4;4.34;
2022-01-23 15:00:00;42.0;7.54;41.0;8.45;74.05;4.21;
2022-01-23 16:00:00;0.0;0.0;0.0;7.79;79.7;3.93;
2022-01-23 17:00:00;0.0;0.0;0.0;6.98;85.75;3.45;
2022-01-23 18:00:00;0.0;0.0;0.0;6.46;92.3;3.45;
2022-01-23 19:00:00;0.0;0.0;0.0;6.18;92.3;3.72;
2022-01-23 20:00:00;0.0;0.0;0.0;6.05;95.75;4.0;
2022-01-23 21:00:00;0.0;0.0;0.0;5.85;95.75;4.21;
2022-01-23 22:00:00;0.0;0.0;0.0;5.91;92.3;4.34;
2022-01-23 23:00:00;0.0;0.0;0.0;5.81;92.3;4.34;
2022-01-24 00:00:00;0.0;0.0;0.0;5.59;88.9;3.93;
2022-01-24 01:00:00;0.0;0.0;0.0;5.34;85.6;3.52;
2022-01-24 02:00:00;0.0;0.0;0.0;5.05;82.4;3.17;
2022-01-24 03:00:00;0.0;0.0;0.0;4.78;82.35;3.03;
2022-01-24 04:00:00;0.0;0.0;0.0;4.55;82.35;2.9;
2022-01-24 05:00:00;0.0;0.0;0.0;4.13;82.3;2.41;
2022-01-24 06:00:00;0.0;0.0;0.0;3.78;82.25;2.0;
2022-01-24 07:00:00;23.0;47.27;20.0;3.28;88.7;2.14;
2022-01-24 08:00:00;65.0;4.81;64.0;3.76;88.75;2.28;
2022-01-24 09:00:00;113.0;6.2;111.0;4.77;85.55;2.48;
2022-01-24 10:00:00;97.0;0.0;97.0;5.82;79.4;2.76;
2022-01-24 11:00:00;187.0;18.48;179.0;6.92;73.8;3.03;
2022-01-24 12:00:00;334.0;358.56;183.0;7.78;68.6;3.24;
2022-01-24 13:00:00;193.0;68.53;168.0;8.29;63.7;3.17;
2022-01-24 14:00:00;176.0;212.92;119.0;8.35;63.7;3.03;
2022-01-24 15:00:00;63.0;73.25;53.0;8.16;63.7;3.1;
2022-01-24 16:00:00;0.0;0.0;0.0;7.75;63.6;2.83;
2022-01-24 17:00:00;0.0;0.0;0.0;7.24;65.95;2.14;
2022-01-24 18:00:00;0.0;0.0;0.0;6.63;68.4;1.59;
2022-01-24 19:00:00;0.0;0.0;0.0;6.65;71.05;2.69;
2022-01-24 20:00:00;0.0;0.0;0.0;6.24;73.7;2.83;
2022-01-24 21:00:00;0.0;0.0;0.0;5.69;76.5;2.34;
2022-01-24 22:00:00;0.0;0.0;0.0;5.31;79.35;1.79;
2022-01-24 23:00:00;0.0;0.0;0.0;5.1;79.35;1.59;
2022-01-25 00:00:00;0.0;0.0;0.0;4.72;82.35;1.59;
2022-01-25 01:00:00;0.0;0.0;0.0;4.54;85.5;1.66;
2022-01-25 02:00:00;0.0;0.0;0.0;4.48;85.5;1.86;
2022-01-25 03:00:00;0.0;0.0;0.0;4.58;82.35;2.0;
2022-01-25 04:00:00;0.0;0.0;0.0;4.39;85.5;2.0;
2022-01-25 05:00:00;0.0;0.0;0.0;3.97;85.45;2.07;
2022-01-25 06:00:00;0.0;0.0;0.0;3.72;82.25;2.0;
2022-01-25 07:00:00;39.0;302.61;19.0;3.8;79.15;2.34;
2022-01-25 08:00:00;89.0;28.43;83.0;4.78;79.3;2.21;
2022-01-25 09:00:00;179.0;85.92;151.0;5.99;73.65;2.14;
2022-01-25 10:00:00;406.0;821.65;75.0;7.26;58.8;3.24;
2022-01-25 11:00:00;439.0;808.36;86.0;7.92;52.45;3.66;
2022-01-25 12:00:00;437.0;858.65;72.0;8.12;46.8;3.59;
2022-01-25 13:00:00;365.0;794.38;72.0;8.14;45.0;3.45;
2022-01-25 14:00:00;250.0;695.43;61.0;7.88;44.85;3.17;
2022-01-25 15:00:00;111.0;533.76;36.0;7.32;48.4;2.55;
2022-01-25 16:00:00;0.0;0.0;0.0;6.02;54.05;2.28;
2022-01-25 17:00:00;0.0;0.0;0.0;4.69;58.2;2.28;
2022-01-25 18:00:00;0.0;0.0;0.0;3.63;62.7;2.21;
2022-01-25 19:00:00;0.0;0.0;0.0;3.51;67.7;2.41;
2022-01-25 20:00:00;0.0;0.0;0.0;3.13;67.7;2.21;
2022-01-25 21:00:00;0.0;0.0;0.0;2.63;70.3;2.07;
2022-01-25 22:00:00;0.0;0.0;0.0;2.12;73.0;1.93;
2022-01-25 23:00:00;0.0;0.0;0.0;1.67;72.95;1.93;
2022-01-26 00:00:00;0.0;0.0;0.0;1.09;75.75;2.0;
2022-01-26 01:00:00;0.0;0.0;0.0;0.24;78.75;2.0;
2022-01-26 02:00:00;0.0;0.0;0.0;-0.48;78.65;2.07;
2022-01-26 03:00:00;0.0;0.0;0.0;-1.22;81.7;2.14;
2022-01-26 04:00:00;0.0;0.0;0.0;-1.78;84.95;2.07;
2022-01-26 05:00:00;0.0;0.0;0.0;-2.03;84.85;2.0;
2022-01-26 06:00:00;0.0;0.0;0.0;-2.43;84.85;2.07;
2022-01-26 07:00:00;22.0;29.06;20.0;-1.16;85.0;2.34;
2022-01-26 08:00:00;172.0;457.81;74.0;1.08;78.8;2.34;
2022-01-26 09:00:00;323.0;771.49;69.0;3.19;67.7;3.24;
2022-01-26 10:00:00;410.0;809.38;81.0;4.14;60.4;3.24;
2022-01-26 11:00:00;448.0;814.89;89.0;4.89;55.95;2.83;
2022-01-26 12:00:00;448.0;878.55;71.0;5.3;53.9;2.28;
2022-01-26 13:00:00;373.0;804.38;73.0;5.58;51.95;1.93;
2022-01-26 14:00:00;257.0;699.53;64.0;5.63;51.95;1.79;
2022-01-26 15:00:00;117.0;560.32;36.0;5.41;53.9;1.59;
2022-01-26 16:00:00;0.0;0.0;0.0;4.72;58.2;1.03;
2022-01-26 17:00:00;0.0;0.0;0.0;3.07;70.4;0.83;
2022-01-26 18:00:00;0.0;0.0;0.0;2.78;67.6;0.41;
2022-01-26 19:00:00;0.0;0.0;0.0;2.14;73.0;0.62;
2022-01-26 20:00:00;0.0;0.0;0.0;0.37;78.75;1.17;
2022-01-26 21:00:00;0.0;0.0;0.0;-1.47;85.0;1.52;
2022-01-26 22:00:00;0.0;0.0;0.0;-2.09;88.3;1.52;
2022-01-26 23:00:00;0.0;0.0;0.0;-2.4;88.3;1.45;
2022-01-27 00:00:00;0.0;0.0;0.0;-2.23;88.3;1.24;
2022-01-27 01:00:00;0.0;0.0;0.0;-2.66;88.25;1.24;
2022-01-27 02:00:00;0.0;0.0;0.0;-2.29;88.3;0.9;
2022-01-27 03:00:00;0.0;0.0;0.0;-2.49;88.3;0.9;
2022-01-27 04:00:00;0.0;0.0;0.0;-2.8;91.85;0.9;
2022-01-27 05:00:00;0.0;0.0;0.0;-3.2;95.55;0.97;
2022-01-27 06:00:00;0.0;0.0;0.0;-4.06;99.4;1.38;
2022-01-27 07:00:00;32.0;97.68;25.0;-3.08;95.55;1.03;
2022-01-27 08:00:00;132.0;161.13;97.0;-0.86;91.95;0.28;
2022-01-27 09:00:00;172.0;60.12;152.0;2.05;85.3;0.21;
2022-01-27 10:00:00;201.0;39.0;185.0;4.43;76.25;0.76;
2022-01-27 11:00:00;240.0;62.99;212.0;5.73;68.2;1.24;
2022-01-27 12:00:00;235.0;66.94;206.0;6.61;61.0;1.24;
2022-01-27 13:00:00;217.0;95.46;181.0;7.29;56.55;1.17;
2022-01-27 14:00:00;151.0;85.69;127.0;7.55;56.55;1.31;
2022-01-27 15:00:00;80.0;127.81;61.0;7.26;58.8;1.17;
2022-01-27 16:00:00;0.0;0.0;0.0;6.08;65.75;1.17;
2022-01-27 17:00:00;0.0;0.0;0.0;3.56;79.15;1.24;
2022-01-27 18:00:00;0.0;0.0;0.0;2.05;85.3;1.38;
2022-01-27 19:00:00;0.0;0.0;0.0;0.79;88.55;1.38;
2022-01-27 20:00:00;0.0;0.0;0.0;0.71;88.55;1.24;
2022-01-27 21:00:00;0.0;0.0;0.0;0.56;88.55;1.17;
2022-01-27 22:00:00;0.0;0.0;0.0;0.46;95.65;1.1;
2022-01-27 23:00:00;0.0;0.0;0.0;0.53;92.05;0.97;
2022-01-28 00:00:00;0.0;0.0;0.0;0.98;95.65;0.62;
2022-01-28 01:00:00;0.0;0.0;0.0;1.17;95.65;0.14;
2022-01-28 02:00:00;0.0;0.0;0.0;0.97;95.65;0.34;
2022-01-28 03:00:00;0.0;0.0;0.0;0.56;95.65;0.76;
2022-01-28 04:00:00;0.0;0.0;0.0;0.64;95.65;1.17;
2022-01-28 05:00:00;0.0;0.0;0.0;1.12;95.65;1.52;
2022-01-28 06:00:00;0.0;0.0;0.0;1.38;95.65;1.66;
2022-01-28 07:00:00;10.0;0.0;10.0;1.99;99.4;1.72;
2022-01-28 08:00:00;65.0;0.0;65.0;2.69;95.7;1.72;
2022-01-28 09:00:00;90.0;0.0;90.0;3.42;95.7;1.79;
2022-01-28 10:00:00;75.0;0.0;75.0;4.0;95.7;2.14;
2022-01-28 11:00:00;49.0;0.0;49.0;4.08;92.2;2.41;
2022-01-28 12:00:00;114.0;0.0;114.0;4.03;95.7;2.55;
2022-01-28 13:00:00;127.0;2.62;126.0;4.12;92.2;2.55;
2022-01-28 14:00:00;66.0;0.0;66.0;3.98;95.7;2.41;
2022-01-28 15:00:00;69.0;65.44;59.0;3.85;95.7;2.0;
2022-01-28 16:00:00;0.0;0.0;0.0;3.77;95.7;1.59;
2022-01-28 17:00:00;0.0;0.0;0.0;3.47;99.4;1.17;
2022-01-28 18:00:00;0.0;0.0;0.0;3.05;95.7;1.38;
2022-01-28 19:00:00;0.0;0.0;0.0;2.42;99.4;1.66;
2022-01-28 20:00:00;0.0;0.0;0.0;1.77;99.4;2.55;
2022-01-28 21:00:00;0.0;0.0;0.0;1.59;99.4;2.28;
2022-01-28 22:00:00;0.0;0.0;0.0;1.39;100.0;2.21;
2022-01-28 23:00:00;0.0;0.0;0.0;1.1;99.35;2.41;
2022-01-29 00:00:00;0.0;0.0;0.0;0.87;99.35;2.97;
2022-01-29 01:00:00;0.0;0.0;0.0;0.64;95.65;2.83;
2022-01-29 02:00:00;0.0;0.0;0.0;0.64;95.65;2.69;
2022-01-29 03:00:00;0.0;0.0;0.0;0.37;99.4;2.55;
2022-01-29 04:00:00;0.0;0.0;0.0;0.42;99.4;2.69;
2022-01-29 05:00:00;0.0;0.0;0.0;0.15;95.65;2.41;
2022-01-29 06:00:00;0.0;0.0;0.0;-0.06;99.4;2.41;
2022-01-29 07:00:00;26.0;25.76;24.0;0.19;95.65;2.48;
2022-01-29 08:00:00;91.0;26.81;85.0;1.22;99.35;2.41;
2022-01-29 09:00:00;124.0;5.88;122.0;3.01;95.7;2.41;
2022-01-29 10:00:00;107.0;0.0;107.0;4.95;88.85;2.41;
2022-01-29 11:00:00;120.0;0.0;120.0;6.86;79.55;2.69;
2022-01-29 12:00:00;123.0;0.0;123.0;8.25;71.35;2.69;
2022-01-29 13:00:00;173.0;25.93;163.0;8.95;68.8;2.9;
2022-01-29 14:00:00;106.0;10.39;103.0;8.95;68.8;2.97;
2022-01-29 15:00:00;45.0;6.37;44.0;8.4;71.35;2.28;
2022-01-29 16:00:00;0.0;0.0;0.0;7.09;76.7;2.34;
2022-01-29 17:00:00;0.0;0.0;0.0;5.71;82.5;2.48;
2022-01-29 18:00:00;0.0;0.0;0.0;4.72;88.85;2.55;
2022-01-29 19:00:00;0.0;0.0;0.0;3.91;95.7;1.38;
2022-01-29 20:00:00;0.0;0.0;0.0;3.07;95.7;1.66;
2022-01-29 21:00:00;0.0;0.0;0.0;1.78;99.4;1.66;
2022-01-29 22:00:00;0.0;0.0;0.0;0.89;99.35;1.66;
2022-01-29 23:00:00;0.0;0.0;0.0;0.15;95.65;1.86;
2022-01-30 00:00:00;0.0;0.0;0.0;-0.29;95.6;1.86;
2022-01-30 01:00:00;0.0;0.0;0.0;-0.62;99.4;1.66;
2022-01-30 02:00:00;0.0;0.0;0.0;-0.88;95.6;1.52;
2022-01-30 03:00:00;0.0;0.0;0.0;-0.6;99.4;1.24;
2022-01-30 04:00:00;0.0;0.0;0.0;-0.01;99.4;0.97;
2022-01-30 05:00:00;0.0;0.0;0.0;0.36;99.4;0.76;
2022-01-30 06:00:00;0.0;0.0;0.0;0.49;99.4;0.48;
2022-01-30 07:00:00;24.0;12.38;23.0;0.17;95.65;0.69;
2022-01-30 08:00:00;38.0;0.0;38.0;1.43;99.35;0.14;
2022-01-30 09:00:00;77.0;0.0;77.0;2.77;99.4;0.07;
2022-01-30 10:00:00;166.0;9.48;162.0;4.86;88.85;0.28;
2022-01-30 11:00:00;120.0;0.0;120.0;6.48;85.7;0.55;
2022-01-30 12:00:00;82.0;0.0;82.0;7.83;79.7;0.9;
2022-01-30 13:00:00;64.0;0.0;64.0;8.84;76.95;1.1;
2022-01-30 14:00:00;66.0;0.0;66.0;9.34;74.2;1.17;
2022-01-30 15:00:00;54.0;12.41;52.0;9.38;77.0;0.9;
2022-01-30 16:00:00;0.0;0.0;0.0;8.66;79.85;0.62;
2022-01-30 17:00:00;0.0;0.0;0.0;5.99;95.75;1.38;
2022-01-30 18:00:00;0.0;0.0;0.0;4.15;95.75;1.31;
2022-01-30 19:00:00;0.0;0.0;0.0;2.11;99.4;1.17;
2022-01-30 20:00:00;0.0;0.0;0.0;1.24;99.35;1.45;
2022-01-30 21:00:00;0.0;0.0;0.0;1.17;99.35;1.1;
2022-01-30 22:00:00;0.0;0.0;0.0;0.94;99.35;1.1;
2022-01-30 23:00:00;0.0;0.0;0.0;1.8;100.0;0.48;
2022-01-31 00:00:00;0.0;0.0;0.0;0.59;95.65;1.03;
2022-01-31 01:00:00;0.0;0.0;0.0;0.56;95.65;0.97;
2022-01-31 02:00:00;0.0;0.0;0.0;0.52;95.65;0.9;
2022-01-31 03:00:00;0.0;0.0;0.0;0.62;95.65;0.83;
2022-01-31 04:00:00;0.0;0.0;0.0;0.72;95.65;0.41;
2022-01-31 05:00:00;0.0;0.0;0.0;0.71;95.65;0.62;
2022-01-31 06:00:00;0.0;0.0;0.0;0.58;95.65;0.48;
2022-01-31 07:00:00;30.0;35.7;27.0;2.21;99.4;0.62;
2022-01-31 08:00:00;94.0;21.66;89.0;3.21;99.4;0.62;
2022-01-31 09:00:00;133.0;8.63;130.0;4.53;99.4;1.17;
2022-01-31 10:00:00;163.0;7.04;160.0;5.52;95.75;1.31;
2022-01-31 11:00:00;162.0;2.17;161.0;6.57;89.0;0.69;
2022-01-31 12:00:00;117.0;0.0;117.0;7.56;85.8;0.55;
2022-01-31 13:00:00;67.0;0.0;67.0;8.62;79.85;0.48;
2022-01-31 14:00:00;83.0;0.0;83.0;9.12;77.0;0.28;
2022-01-31 15:00:00;58.0;12.08;56.0;9.07;79.85;1.03;
2022-01-31 16:00:00;0.0;0.0;0.0;5.04;99.0;1.39;
2022-01-31 17:00:00;0.0;0.0;0.0;4.72;99.0;1.56;
2022-01-31 18:00:00;0.0;0.0;0.0;4.4;97.72;1.73;
2022-01-31 19:00:00;0.0;0.0;0.0;4.08;94.2;1.9;
2022-01-31 20:00:00;0.0;0.0;0.0;3.76;90.68;2.06;
2022-01-31 21:00:00;0.0;0.0;0.0;3.43;87.17;2.23;
2022-01-31 22:00:00;0.0;0.0;0.0;3.11;83.65;2.4;
2022-01-31 23:00:00;0.0;0.0;0.0;2.79;80.14;2.57;
2022-02-01 00:00:00;0.0;0.0;0.0;2.47;76.62;2.74;
2022-02-01 01:00:00;0.0;0.0;0.0;2.15;73.1;2.91;
2022-02-01 02:00:00;0.0;0.0;0.0;1.83;69.59;3.08;
2022-02-01 03:00:00;0.0;0.0;0.0;1.51;66.07;3.25;
2022-02-01 04:00:00;0.0;0.0;0.0;1.19;62.56;3.41;
2022-02-01 05:00:00;0.0;0.0;0.0;0.87;59.04;3.58;
2022-02-01 06:00:00;0.0;0.0;0.0;0.55;55.52;3.75;
2022-02-01 07:00:00;60.0;411.98;24.0;0.23;52.01;3.92;
2022-02-01 08:00:00;214.0;661.12;59.0;2.04;75.95;1.93;
2022-02-01 09:00:00;339.0;717.23;87.0;5.52;63.15;2.14;
2022-02-01 10:00:00;425.0;732.35;110.0;8.0;56.7;2.48;
2022-02-01 11:00:00;454.0;687.6;134.0;9.95;49.05;3.17;
2022-02-01 12:00:00;421.0;580.54;157.0;11.22;45.7;2.97;
2022-02-01 13:00:00;383.0;684.32;110.0;11.91;40.95;2.9;
2022-02-01 14:00:00;282.0;679.38;77.0;11.95;39.4;2.48;
2022-02-01 15:00:00;142.0;571.25;45.0;11.4;45.8;1.24;
2022-02-01 16:00:00;0.0;0.0;0.0;9.78;57.05;1.31;
2022-02-01 17:00:00;0.0;0.0;0.0;6.48;63.35;2.28;
2022-02-01 18:00:00;0.0;0.0;0.0;4.3;73.4;2.48;
2022-02-01 19:00:00;0.0;0.0;0.0;3.53;60.3;2.55;
2022-02-01 20:00:00;0.0;0.0;0.0;2.5;62.5;2.62;
2022-02-01 21:00:00;0.0;0.0;0.0;1.8;64.9;2.62;
2022-02-01 22:00:00;0.0;0.0;0.0;1.65;67.4;2.9;
2022-02-01 23:00:00;0.0;0.0;0.0;1.97;64.9;3.24;
2022-02-02 00:00:00;0.0;0.0;0.0;2.27;64.9;3.45;
2022-02-02 01:00:00;0.0;0.0;0.0;2.39;60.05;3.45;
2022-02-02 02:00:00;0.0;0.0;0.0;2.25;62.35;3.24;
2022-02-02 03:00:00;0.0;0.0;0.0;1.93;62.35;3.03;
2022-02-02 04:00:00;0.0;0.0;0.0;1.47;64.8;2.69;
2022-02-02 05:00:00;0.0;0.0;0.0;0.82;67.3;2.41;
2022-02-02 06:00:00;0.0;0.0;0.0;0.02;75.6;2.07;
2022-02-02 07:00:00;58.0;341.32;27.0;-0.8;85.0;1.45;
2022-02-02 08:00:00;213.0;633.97;62.0;1.56;85.25;0.97;
2022-02-02 09:00:00;337.0;695.09;90.0;4.61;79.3;0.69;
2022-02-02 10:00:00;425.0;722.93;111.0;6.59;73.8;0.41;
2022-02-02 11:00:00;0.0;0.0;0.0;8.68;68.7;0.69;
2022-02-02 12:00:00;424.0;583.57;156.0;10.24;61.65;1.24;
2022-02-02 13:00:00;386.0;686.57;109.0;11.35;55.3;1.52;
2022-02-02 14:00:00;285.0;679.26;77.0;12.0;53.5;1.52;
2022-02-02 15:00:00;145.0;562.74;47.0;11.98;55.5;1.03;
2022-02-02 16:00:00;0.0;0.0;0.0;11.2;64.25;0.55;
2022-02-02 17:00:00;0.0;0.0;0.0;9.23;68.8;1.31;
2022-02-02 18:00:00;0.0;0.0;0.0;6.37;76.65;1.93;
2022-02-02 19:00:00;0.0;0.0;0.0;5.11;85.6;1.38;
2022-02-02 20:00:00;0.0;0.0;0.0;4.22;88.8;1.31;
2022-02-02 21:00:00;0.0;0.0;0.0;3.66;88.75;1.31;
2022-02-02 22:00:00;0.0;0.0;0.0;3.77;88.75;1.1;
2022-02-02 23:00:00;0.0;0.0;0.0;3.71;88.75;0.97;
2022-02-03 00:00:00;0.0;0.0;0.0;3.85;85.5;0.83;
2022-02-03 01:00:00;0.0;0.0;0.0;3.83;88.8;0.07;
2022-02-03 02:00:00;0.0;0.0;0.0;1.01;99.35;1.52;
2022-02-03 03:00:00;0.0;0.0;0.0;0.66;99.4;2.14;
2022-02-03 04:00:00;0.0;0.0;0.0;1.02;99.35;2.28;
2022-02-03 05:00:00;0.0;0.0;0.0;1.45;99.4;2.28;
2022-02-03 06:00:00;0.0;0.0;0.0;1.71;99.4;2.28;
2022-02-03 07:00:00;47.0;127.17;35.0;1.35;95.65;2.28;
2022-02-03 08:00:00;214.0;619.83;64.0;3.59;92.15;1.59;
2022-02-03 09:00:00;339.0;692.76;90.0;7.82;82.65;1.59;
2022-02-03 10:00:00;417.0;670.25;123.0;10.08;71.6;1.93;
2022-02-03 11:00:00;437.0;592.53;156.0;11.59;64.35;2.21;
2022-02-03 12:00:00;421.0;562.75;160.0;12.45;57.75;1.93;
2022-02-03 13:00:00;381.0;649.47;116.0;12.86;57.75;2.14;
2022-02-03 14:00:00;208.0;215.63;141.0;12.71;57.75;2.28;
2022-02-03 15:00:00;147.0;548.94;49.0;11.96;62.1;2.07;
2022-02-03 16:00:00;0.0;0.0;0.0;10.2;71.6;2.34;
2022-02-03 17:00:00;0.0;0.0;0.0;8.11;82.7;2.41;
2022-02-03 18:00:00;0.0;0.0;0.0;6.87;89.0;2.34;
2022-02-03 19:00:00;0.0;0.0;0.0;6.06;88.95;1.72;
2022-02-03 20:00:00;0.0;0.0;0.0;5.25;92.25;2.0;
2022-02-03 21:00:00;0.0;0.0;0.0;4.91;92.25;2.0;
2022-02-03 22:00:00;0.0;0.0;0.0;4.61;95.75;1.86;
2022-02-03 23:00:00;0.0;0.0;0.0;4.42;92.25;1.72;
2022-02-04 00:00:00;0.0;0.0;0.0;3.98;95.75;1.93;
2022-02-04 01:00:00;0.0;0.0;0.0;3.38;95.7;1.93;
2022-02-04 02:00:00;0.0;0.0;0.0;2.72;99.4;1.72;
2022-02-04 03:00:00;0.0;0.0;0.0;1.98;95.65;1.59;
2022-02-04 04:00:00;0.0;0.0;0.0;1.45;99.4;1.52;
2022-02-04 05:00:00;0.0;0.0;0.0;1.45;99.4;1.24;
2022-02-04 06:00:00;0.0;0.0;0.0;1.19;100.0;1.24;
2022-02-04 07:00:00;28.0;10.2;27.0;2.07;95.65;0.62;
2022-02-04 08:00:00;100.0;24.4;94.0;3.19;95.7;0.55;
2022-02-04 09:00:00;164.0;33.0;152.0;6.03;85.7;0.62;
2022-02-04 10:00:00;268.0;119.64;215.0;7.39;82.65;0.62;
2022-02-04 11:00:00;236.0;41.77;216.0;9.01;76.95;0.48;
2022-02-04 12:00:00;193.0;14.94;186.0;9.7;74.2;0.14;
2022-02-04 13:00:00;181.0;24.23;171.0;10.08;71.6;0.07;
2022-02-04 14:00:00;100.0;3.17;99.0;10.02;71.6;0.28;
2022-02-04 15:00:00;69.0;21.87;65.0;10.02;71.6;0.55;
2022-02-04 16:00:00;0.0;0.0;0.0;9.62;74.2;1.03;
2022-02-04 17:00:00;0.0;0.0;0.0;8.33;85.85;1.24;
2022-02-04 18:00:00;0.0;0.0;0.0;7.01;92.35;1.17;
2022-02-04 19:00:00;0.0;0.0;0.0;5.59;92.3;1.45;
2022-02-04 20:00:00;0.0;0.0;0.0;5.49;92.3;1.03;
2022-02-04 21:00:00;0.0;0.0;0.0;5.7;92.3;0.76;
2022-02-04 22:00:00;0.0;0.0;0.0;5.42;92.3;0.9;
2022-02-04 23:00:00;0.0;0.0;0.0;5.32;95.75;0.9;
2022-02-05 00:00:00;0.0;0.0;0.0;5.59;92.3;0.76;
2022-02-05 01:00:00;0.0;0.0;0.0;5.61;92.3;0.69;
2022-02-05 02:00:00;0.0;0.0;0.0;5.05;95.75;0.83;
2022-02-05 03:00:00;0.0;0.0;0.0;4.76;99.4;0.69;
2022-02-05 04:00:00;0.0;0.0;0.0;3.75;99.4;1.03;
2022-02-05 05:00:00;0.0;0.0;0.0;3.75;99.4;1.17;
2022-02-05 06:00:00;0.0;0.0;0.0;3.96;95.75;1.38;
2022-02-05 07:00:00;41.0;58.99;35.0;2.82;95.7;0.62;
2022-02-05 08:00:00;171.0;256.09;107.0;4.16;95.75;0.48;
2022-02-05 09:00:00;284.0;347.98;156.0;5.99;92.3;0.62;
2022-02-05 10:00:00;239.0;67.05;209.0;8.05;85.85;0.69;
2022-02-05 11:00:00;313.0;155.17;238.0;9.6;79.9;0.76;
2022-02-05 12:00:00;211.0;23.25;200.0;10.72;74.4;0.83;
2022-02-05 13:00:00;234.0;88.67;197.0;11.47;69.25;0.83;
2022-02-05 14:00:00;284.0;600.29;92.0;11.94;66.85;0.9;
2022-02-05 15:00:00;152.0;528.37;53.0;11.78;69.25;0.9;
2022-02-05 16:00:00;1.0;0.0;1.0;11.14;69.15;1.17;
2022-02-05 17:00:00;0.0;0.0;0.0;9.35;82.85;1.52;
2022-02-05 18:00:00;0.0;0.0;0.0;7.03;92.35;1.66;
2022-02-05 19:00:00;0.0;0.0;0.0;6.6;85.75;1.17;
2022-02-05 20:00:00;0.0;0.0;0.0;4.98;92.25;1.38;
2022-02-05 21:00:00;0.0;0.0;0.0;4.48;92.25;1.24;
2022-02-05 22:00:00;0.0;0.0;0.0;3.37;95.7;1.38;
2022-02-05 23:00:00;0.0;0.0;0.0;2.7;99.4;1.45;
2022-02-06 00:00:00;0.0;0.0;0.0;3.03;99.4;1.17;
2022-02-06 01:00:00;0.0;0.0;0.0;3.63;99.4;0.69;
2022-02-06 02:00:00;0.0;0.0;0.0;2.43;95.7;0.62;
2022-02-06 03:00:00;0.0;0.0;0.0;1.67;99.4;0.21;
2022-02-06 04:00:00;0.0;0.0;0.0;1.58;99.4;0.55;
2022-02-06 05:00:00;0.0;0.0;0.0;1.18;100.0;0.76;
2022-02-06 06:00:00;0.0;0.0;0.0;1.31;99.4;0.69;
2022-02-06 07:00:00;39.0;37.9;35.0;1.35;99.4;0.9;
2022-02-06 08:00:00;103.0;23.62;97.0;3.45;95.7;0.41;
2022-02-06 09:00:00;89.0;0.0;89.0;5.11;95.75;0.55;
2022-02-06 10:00:00;98.0;0.0;98.0;7.14;95.8;1.03;
2022-02-06 11:00:00;96.0;0.0;96.0;8.53;89.1;1.24;
2022-02-06 12:00:00;69.0;0.0;69.0;9.97;79.95;1.31;
2022-02-06 13:00:00;94.0;0.0;94.0;11.31;74.45;1.72;
2022-02-06 14:00:00;153.0;43.15;139.0;11.94;66.85;2.0;
2022-02-06 15:00:00;73.0;20.85;69.0;11.75;69.25;1.72;
2022-02-06 16:00:00;2.0;0.0;2.0;10.85;74.4;0.97;
2022-02-06 17:00:00;0.0;0.0;0.0;8.87;82.85;1.52;
2022-02-06 18:00:00;0.0;0.0;0.0;7.55;92.35;1.66;
2022-02-06 19:00:00;0.0;0.0;0.0;5.72;92.3;2.07;
2022-02-06 20:00:00;0.0;0.0;0.0;5.7;92.3;2.28;
2022-02-06 21:00:00;0.0;0.0;0.0;5.4;88.9;2.69;
2022-02-06 22:00:00;0.0;0.0;0.0;5.43;88.9;3.03;
2022-02-06 23:00:00;0.0;0.0;0.0;5.56;88.9;3.1;
2022-02-07 00:00:00;0.0;0.0;0.0;5.72;88.9;3.24;
2022-02-07 01:00:00;0.0;0.0;0.0;5.64;88.9;3.38;
2022-02-07 02:00:00;0.0;0.0;0.0;5.66;88.9;3.52;
2022-02-07 03:00:00;0.0;0.0;0.0;5.98;88.95;4.0;
2022-02-07 04:00:00;0.0;0.0;0.0;5.93;88.95;4.28;
2022-02-07 05:00:00;0.0;0.0;0.0;5.65;88.9;4.62;
2022-02-07 06:00:00;0.0;0.0;0.0;5.71;88.9;5.1;
2022-02-07 07:00:00;53.0;100.51;42.0;6.4;85.75;4.48;
2022-02-07 08:00:00;153.0;139.45;117.0;7.42;82.65;3.38;
2022-02-07 09:00:00;347.0;618.77;114.0;8.63;74.05;2.34;
2022-02-07 10:00:00;446.0;718.44;118.0;10.0;66.45;1.93;
2022-02-07 11:00:00;491.0;753.02;120.0;11.58;59.7;1.79;
2022-02-07 12:00:00;484.0;777.19;109.0;12.94;44.5;2.41;
2022-02-07 13:00:00;411.0;698.36;113.0;13.55;26.9;4.14;
2022-02-07 14:00:00;310.0;695.84;81.0;13.27;21.85;3.86;
2022-02-07 15:00:00;168.0;595.96;51.0;12.56;26.65;2.55;
2022-02-07 16:00:00;5.0;0.0;5.0;10.95;32.1;2.21;
2022-02-07 17:00:00;0.0;0.0;0.0;8.38;38.4;2.76;
2022-02-07 18:00:00;0.0;0.0;0.0;6.6;41.15;3.03;
2022-02-07 19:00:00;0.0;0.0;0.0;6.16;42.7;2.07;
2022-02-07 20:00:00;0.0;0.0;0.0;4.28;51.55;2.28;
2022-02-07 21:00:00;0.0;0.0;0.0;3.4;55.7;1.86;
2022-02-07 22:00:00;0.0;0.0;0.0;2.64;60.05;1.79;
2022-02-07 23:00:00;0.0;0.0;0.0;1.68;64.8;2.0;
2022-02-08 00:00:00;0.0;0.0;0.0;0.53;72.75;2.14;
2022-02-08 01:00:00;0.0;0.0;0.0;0.5;72.75;1.93;
2022-02-08 02:00:00;0.0;0.0;0.0;0.5;72.75;1.86;
2022-02-08 03:00:00;0.0;0.0;0.0;-0.3;78.6;2.14;
2022-02-08 04:00:00;0.0;0.0;0.0;-0.91;81.7;2.14;
2022-02-08 05:00:00;0.0;0.0;0.0;-1.41;84.95;2.14;
2022-02-08 06:00:00;0.0;0.0;0.0;-1.82;84.85;2.14;
2022-02-08 07:00:00;85.0;476.02;31.0;-1.08;78.5;2.28;
2022-02-08 08:00:00;246.0;693.56;64.0;1.86;75.95;1.66;
2022-02-08 09:00:00;375.0;745.36;91.0;6.47;52.2;1.79;
2022-02-08 10:00:00;465.0;769.76;110.0;8.98;48.8;1.93;
2022-02-08 11:00:00;494.0;717.68;137.0;10.86;43.8;2.0;
2022-02-08 12:00:00;482.0;712.08;135.0;12.16;37.9;2.14;
2022-02-08 13:00:00;429.0;750.9;105.0;12.84;33.8;2.34;
2022-02-08 14:00:00;324.0;734.04;79.0;13.05;31.4;2.41;
2022-02-08 15:00:00;177.0;632.37;50.0;12.62;36.55;1.79;
2022-02-08 16:00:00;8.0;0.0;8.0;11.31;45.7;1.52;
2022-02-08 17:00:00;0.0;0.0;0.0;8.64;56.8;1.45;
2022-02-08 18:00:00;0.0;0.0;0.0;6.59;58.65;1.52;
2022-02-08 19:00:00;0.0;0.0;0.0;7.98;52.45;0.21;
2022-02-08 20:00:00;0.0;0.0;0.0;7.16;56.45;0.21;
2022-02-08 21:00:00;0.0;0.0;0.0;6.27;58.55;0.41;
2022-02-08 22:00:00;0.0;0.0;0.0;5.43;60.75;0.41;
2022-02-08 23:00:00;0.0;0.0;0.0;4.56;65.4;0.48;
2022-02-09 00:00:00;0.0;0.0;0.0;3.81;70.6;0.55;
2022-02-09 01:00:00;0.0;0.0;0.0;3.19;76.1;0.34;
2022-02-09 02:00:00;0.0;0.0;0.0;2.49;79.0;0.97;
2022-02-09 03:00:00;0.0;0.0;0.0;-0.37;91.95;1.52;
2022-02-09 04:00:00;0.0;0.0;0.0;-0.55;91.95;1.24;
2022-02-09 05:00:00;0.0;0.0;0.0;-0.63;91.95;1.17;
2022-02-09 06:00:00;0.0;0.0;0.0;-0.47;91.95;0.97;
2022-02-09 07:00:00;85.0;433.96;34.0;-0.51;91.95;1.03;
2022-02-09 08:00:00;243.0;659.81;67.0;1.41;92.05;0.55;
2022-02-09 09:00:00;372.0;723.61;93.0;5.41;73.65;0.9;
2022-02-09 10:00:00;461.0;749.11;112.0;7.96;63.6;1.1;
2022-02-09 11:00:00;501.0;756.61;121.0;10.04;57.15;1.24;
2022-02-09 12:00:00;484.0;721.34;129.0;11.51;53.35;1.45;
2022-02-09 13:00:00;426.0;731.18;107.0;12.51;51.65;1.72;
2022-02-09 14:00:00;322.0;712.04;81.0;12.99;51.75;1.79;
2022-02-09 15:00:00;177.0;603.81;53.0;12.93;51.75;1.52;
2022-02-09 16:00:00;9.0;0.0;9.0;12.06;59.85;1.1;
2022-02-09 17:00:00;0.0;0.0;0.0;9.6;71.5;1.03;
2022-02-09 18:00:00;0.0;0.0;0.0;8.24;73.95;1.03;
2022-02-09 19:00:00;0.0;0.0;0.0;6.7;76.65;1.38;
2022-02-09 20:00:00;0.0;0.0;0.0;6.69;76.65;1.17;
2022-02-09 21:00:00;0.0;0.0;0.0;6.76;76.65;0.9;
2022-02-09 22:00:00;0.0;0.0;0.0;6.0;79.5;1.03;
2022-02-09 23:00:00;0.0;0.0;0.0;3.27;92.15;1.45;
2022-02-10 00:00:00;0.0;0.0;0.0;1.49;99.4;1.79;
2022-02-10 01:00:00;0.0;0.0;0.0;0.78;99.35;1.86;
2022-02-10 02:00:00;0.0;0.0;0.0;0.42;99.4;1.79;
2022-02-10 03:00:00;0.0;0.0;0.0;0.18;100.0;1.66;
2022-02-10 04:00:00;0.0;0.0;0.0;0.2;100.0;1.31;
2022-02-10 05:00:00;0.0;0.0;0.0;0.41;99.4;1.31;
2022-02-10 06:00:00;0.0;0.0;0.0;0.42;99.4;1.1;
2022-02-10 07:00:00;85.0;386.22;38.0;0.43;99.4;1.1;
2022-02-10 08:00:00;183.0;236.03;119.0;2.7;95.7;0.9;
2022-02-10 09:00:00;368.0;686.87;100.0;4.96;88.85;0.9;
2022-02-10 10:00:00;461.0;739.4;113.0;7.28;89.0;0.76;
2022-02-10 11:00:00;507.0;775.01;114.0;9.5;77.0;0.62;
2022-02-10 12:00:00;492.0;754.5;117.0;10.95;71.75;0.55;
2022-02-10 13:00:00;431.0;745.85;102.0;12.16;66.85;0.76;
2022-02-10 14:00:00;321.0;690.59;84.0;12.8;64.55;0.97;
2022-02-10 15:00:00;177.0;576.43;56.0;12.94;62.3;0.69;
2022-02-10 16:00:00;10.0;0.0;10.0;11.95;69.35;1.72;
2022-02-10 17:00:00;0.0;0.0;0.0;9.25;82.85;2.48;
2022-02-10 18:00:00;0.0;0.0;0.0;7.36;89.0;2.41;
2022-02-10 19:00:00;0.0;0.0;0.0;6.78;89.0;1.79;
2022-02-10 20:00:00;0.0;0.0;0.0;5.59;92.3;1.45;
2022-02-10 21:00:00;0.0;0.0;0.0;5.39;88.9;1.1;
2022-02-10 22:00:00;0.0;0.0;0.0;5.27;92.25;1.03;
2022-02-10 23:00:00;0.0;0.0;0.0;3.68;95.7;1.45;
2022-02-11 00:00:00;0.0;0.0;0.0;2.93;95.7;1.45;
2022-02-11 01:00:00;0.0;0.0;0.0;3.01;95.7;1.24;
2022-02-11 02:00:00;0.0;0.0;0.0;3.33;95.7;0.97;
2022-02-11 03:00:00;0.0;0.0;0.0;3.64;99.4;0.76;
2022-02-11 04:00:00;0.0;0.0;0.0;3.46;95.7;0.69;
2022-02-11 05:00:00;0.0;0.0;0.0;3.25;99.4;0.69;
2022-02-11 06:00:00;0.0;0.0;0.0;3.01;95.7;0.69;
2022-02-11 07:00:00;50.0;39.7;45.0;2.21;99.4;0.83;
2022-02-11 08:00:00;118.0;32.65;109.0;4.63;95.75;0.9;
2022-02-11 09:00:00;177.0;27.86;166.0;7.07;89.0;1.1;
2022-02-11 10:00:00;201.0;16.83;193.0;9.46;79.9;1.31;
2022-02-11 11:00:00;177.0;1.95;176.0;11.1;74.45;1.31;
2022-02-11 12:00:00;349.0;209.19;244.0;12.38;69.35;1.72;
2022-02-11 13:00:00;186.0;15.7;179.0;13.1;62.3;2.48;
2022-02-11 14:00:00;121.0;5.75;119.0;13.12;60.05;2.21;
2022-02-11 15:00:00;102.0;65.27;88.0;12.81;62.2;1.17;
2022-02-11 16:00:00;10.0;0.0;10.0;12.18;66.85;1.72;
2022-02-11 17:00:00;0.0;0.0;0.0;10.04;77.1;2.9;
2022-02-11 18:00:00;0.0;0.0;0.0;8.42;82.75;3.17;
2022-02-11 19:00:00;0.0;0.0;0.0;8.29;89.05;2.48;
2022-02-11 20:00:00;0.0;0.0;0.0;7.2;95.8;2.21;
2022-02-11 21:00:00;0.0;0.0;0.0;6.52;92.35;2.28;
2022-02-11 22:00:00;0.0;0.0;0.0;6.25;92.3;2.62;
2022-02-11 23:00:00;0.0;0.0;0.0;6.51;89.0;3.45;
2022-02-12 00:00:00;0.0;0.0;0.0;7.5;82.65;4.9;
2022-02-12 01:00:00;0.0;0.0;0.0;8.15;66.05;5.17;
2022-02-12 02:00:00;0.0;0.0;0.0;7.95;63.6;4.34;
2022-02-12 03:00:00;0.0;0.0;0.0;7.38;63.5;3.52;
2022-02-12 04:00:00;0.0;0.0;0.0;6.8;65.85;3.03;
2022-02-12 05:00:00;0.0;0.0;0.0;6.06;65.75;2.97;
2022-02-12 06:00:00;0.0;0.0;0.0;5.4;65.65;3.17;
2022-02-12 07:00:00;100.0;491.25;36.0;5.22;68.1;3.45;
2022-02-12 08:00:00;258.0;667.39;71.0;6.66;58.65;3.24;
2022-02-12 09:00:00;393.0;750.76;93.0;8.55;46.8;4.41;
2022-02-12 10:00:00;487.0;793.19;106.0;9.78;38.7;5.38;
2022-02-12 11:00:00;528.0;800.88;114.0;10.34;38.85;5.17;
2022-02-12 12:00:00;510.0;765.48;122.0;10.66;38.95;4.69;
2022-02-12 13:00:00;451.0;774.09;102.0;10.76;40.55;4.21;
2022-02-12 14:00:00;344.0;751.38;79.0;10.6;40.55;3.86;
2022-02-12 15:00:00;193.0;625.4;56.0;10.16;42.0;3.45;
2022-02-12 16:00:00;17.0;33.85;15.0;9.1;48.8;2.21;
2022-02-12 17:00:00;0.0;0.0;0.0;7.52;54.4;1.86;
2022-02-12 18:00:00;0.0;0.0;0.0;5.62;65.65;1.66;
2022-02-12 19:00:00;0.0;0.0;0.0;4.02;70.6;2.28;
2022-02-12 20:00:00;0.0;0.0;0.0;3.11;73.2;2.34;
2022-02-12 21:00:00;0.0;0.0;0.0;2.41;73.1;2.34;
2022-02-12 22:00:00;0.0;0.0;0.0;1.9;75.95;2.41;
2022-02-12 23:00:00;0.0;0.0;0.0;1.46;78.9;2.41;
2022-02-13 00:00:00;0.0;0.0;0.0;1.08;81.95;2.41;
2022-02-13 01:00:00;0.0;0.0;0.0;0.69;85.15;2.34;
2022-02-13 02:00:00;0.0;0.0;0.0;0.23;88.45;2.21;
2022-02-13 03:00:00;0.0;0.0;0.0;-0.17;85.1;2.0;
2022-02-13 04:00:00;0.0;0.0;0.0;-0.04;85.1;1.72;
2022-02-13 05:00:00;0.0;0.0;0.0;0.13;85.1;1.52;
2022-02-13 06:00:00;0.0;0.0;0.0;-0.25;85.05;1.45;
2022-02-13 07:00:00;100.0;445.46;40.0;-0.65;88.45;1.59;
2022-02-13 08:00:00;261.0;653.04;75.0;2.45;85.35;0.97;
2022-02-13 09:00:00;418.0;845.7;76.0;5.86;65.75;0.97;
2022-02-13 10:00:00;458.0;616.16;159.0;7.71;58.8;1.1;
2022-02-13 11:00:00;532.0;781.74;124.0;8.79;50.6;1.03;
2022-02-13 12:00:00;516.0;759.99;127.0;9.38;45.25;0.76;
2022-02-13 13:00:00;460.0;785.5;102.0;9.73;45.25;0.69;
2022-02-13 14:00:00;349.0;746.94;82.0;9.79;45.25;0.76;
2022-02-13 15:00:00;198.0;621.5;59.0;9.55;45.25;0.83;
2022-02-13 16:00:00;19.0;31.52;17.0;8.85;50.6;0.97;
2022-02-13 17:00:00;0.0;0.0;0.0;6.92;61.0;1.72;
2022-02-13 18:00:00;0.0;0.0;0.0;5.26;68.1;2.28;
2022-02-13 19:00:00;0.0;0.0;0.0;3.97;76.25;2.21;
2022-02-13 20:00:00;0.0;0.0;0.0;2.97;85.4;1.86;
2022-02-13 21:00:00;0.0;0.0;0.0;2.37;88.65;1.52;
2022-02-13 22:00:00;0.0;0.0;0.0;2.47;85.35;1.24;
2022-02-13 23:00:00;0.0;0.0;0.0;2.89;85.4;1.03;
2022-02-14 00:00:00;0.0;0.0;0.0;2.45;85.35;1.03;
2022-02-14 01:00:00;0.0;0.0;0.0;1.53;92.05;1.17;
2022-02-14 02:00:00;0.0;0.0;0.0;0.77;95.65;1.38;
2022-02-14 03:00:00;0.0;0.0;0.0;0.28;92.0;1.66;
2022-02-14 04:00:00;0.0;0.0;0.0;0.28;92.0;1.72;
2022-02-14 05:00:00;0.0;0.0;0.0;0.31;92.0;1.86;
2022-02-14 06:00:00;0.0;0.0;0.0;0.47;92.0;1.86;
2022-02-14 07:00:00;74.0;143.69;54.0;1.98;88.65;1.66;
2022-02-14 08:00:00;65.0;0.0;65.0;4.19;79.2;1.66;
2022-02-14 09:00:00;112.0;0.0;112.0;5.48;73.65;1.45;
2022-02-14 10:00:00;94.0;0.0;94.0;6.48;68.4;1.38;
2022-02-14 11:00:00;197.0;5.69;194.0;7.54;65.95;1.38;
2022-02-14 12:00:00;162.0;0.0;162.0;8.33;66.05;1.03;
2022-02-14 13:00:00;143.0;0.0;143.0;8.32;68.6;0.55;
2022-02-14 14:00:00;145.0;16.56;139.0;8.64;68.7;0.62;
2022-02-14 15:00:00;72.0;4.38;71.0;8.39;71.35;1.17;
2022-02-14 16:00:00;20.0;29.48;18.0;7.7;76.7;1.45;
2022-02-14 17:00:00;0.0;0.0;0.0;6.79;82.6;1.86;
2022-02-14 18:00:00;0.0;0.0;0.0;6.02;85.7;2.14;
2022-02-14 19:00:00;0.0;0.0;0.0;5.39;76.5;1.66;
2022-02-14 20:00:00;0.0;0.0;0.0;5.1;82.4;2.07;
2022-02-14 21:00:00;0.0;0.0;0.0;4.79;85.55;2.48;
2022-02-14 22:00:00;0.0;0.0;0.0;4.4;85.55;2.97;
2022-02-14 23:00:00;0.0;0.0;0.0;4.57;85.55;3.17;
2022-02-15 00:00:00;0.0;0.0;0.0;4.78;85.55;3.59;
2022-02-15 01:00:00;0.0;0.0;0.0;4.74;88.85;3.86;
2022-02-15 02:00:00;0.0;0.0;0.0;4.72;92.25;4.28;
2022-02-15 03:00:00;0.0;0.0;0.0;4.95;88.85;4.62;
2022-02-15 04:00:00;0.0;0.0;0.0;5.32;88.9;4.48;
2022-02-15 05:00:00;0.0;0.0;0.0;5.84;92.3;3.86;
2022-02-15 06:00:00;0.0;0.0;0.0;6.27;95.8;2.76;
2022-02-15 07:00:00;20.0;0.0;20.0;7.08;99.4;1.1;
2022-02-15 08:00:00;23.0;0.0;23.0;6.83;95.8;1.45;
2022-02-15 09:00:00;155.0;7.24;152.0;6.23;95.8;2.9;
2022-02-15 10:00:00;62.0;0.0;62.0;6.0;92.3;3.45;
2022-02-15 11:00:00;285.0;63.91;251.0;6.19;92.3;3.66;
2022-02-15 12:00:00;112.0;0.0;112.0;6.77;85.75;4.14;
2022-02-15 13:00:00;110.0;0.0;110.0;7.0;82.6;4.0;
2022-02-15 14:00:00;59.0;0.0;59.0;7.1;82.6;4.14;
2022-02-15 15:00:00;174.0;382.19;85.0;6.72;82.6;4.07;
2022-02-15 16:00:00;13.0;0.0;13.0;6.05;82.55;3.66;
2022-02-15 17:00:00;0.0;0.0;0.0;5.32;88.85;3.38;
2022-02-15 18:00:00;0.0;0.0;0.0;4.99;85.6;2.97;
2022-02-15 19:00:00;0.0;0.0;0.0;4.85;92.25;1.72;
2022-02-15 20:00:00;0.0;0.0;0.0;4.81;95.75;1.66;
2022-02-15 21:00:00;0.0;0.0;0.0;4.67;95.75;1.59;
2022-02-15 22:00:00;0.0;0.0;0.0;4.52;95.75;1.45;
2022-02-15 23:00:00;0.0;0.0;0.0;4.51;95.75;1.03;
2022-02-16 00:00:00;0.0;0.0;0.0;4.73;95.75;0.76;
2022-02-16 01:00:00;0.0;0.0;0.0;4.63;95.75;0.55;
2022-02-16 02:00:00;0.0;0.0;0.0;4.57;95.75;0.48;
2022-02-16 03:00:00;0.0;0.0;0.0;3.53;95.7;1.1;
2022-02-16 04:00:00;0.0;0.0;0.0;3.54;99.4;0.69;
2022-02-16 05:00:00;0.0;0.0;0.0;2.8;95.7;0.83;
2022-02-16 06:00:00;0.0;0.0;0.0;2.41;95.7;0.97;
2022-02-16 07:00:00;75.0;107.82;59.0;2.33;95.7;0.97;
2022-02-16 08:00:00;206.0;247.39;132.0;4.33;92.25;1.03;
2022-02-16 09:00:00;287.0;207.56;200.0;6.24;95.8;1.17;
2022-02-16 10:00:00;355.0;223.85;243.0;8.35;85.85;1.17;
2022-02-16 11:00:00;461.0;452.44;218.0;9.89;74.3;1.03;
2022-02-16 12:00:00;479.0;559.82;184.0;11.06;69.15;0.83;
2022-02-16 13:00:00;481.0;835.11;88.0;11.92;62.1;1.03;
2022-02-16 14:00:00;319.0;508.25;130.0;12.29;59.85;1.38;
2022-02-16 15:00:00;163.0;273.7;98.0;12.12;57.65;1.45;
2022-02-16 16:00:00;21.0;13.05;20.0;11.48;62.0;1.38;
2022-02-16 17:00:00;0.0;0.0;0.0;9.85;71.5;1.86;
2022-02-16 18:00:00;0.0;0.0;0.0;7.8;79.65;2.0;
2022-02-16 19:00:00;0.0;0.0;0.0;6.0;85.7;1.72;
2022-02-16 20:00:00;0.0;0.0;0.0;5.3;92.25;2.0;
2022-02-16 21:00:00;0.0;0.0;0.0;4.42;88.85;2.14;
2022-02-16 22:00:00;0.0;0.0;0.0;3.85;88.8;2.28;
2022-02-16 23:00:00;0.0;0.0;0.0;3.7;92.15;2.34;
2022-02-17 00:00:00;0.0;0.0;0.0;3.38;92.15;2.34;
2022-02-17 01:00:00;0.0;0.0;0.0;3.03;92.15;2.34;
2022-02-17 02:00:00;0.0;0.0;0.0;3.06;92.15;2.41;
2022-02-17 03:00:00;0.0;0.0;0.0;2.98;92.15;2.41;
2022-02-17 04:00:00;0.0;0.0;0.0;2.61;92.15;2.21;
2022-02-17 05:00:00;0.0;0.0;0.0;2.23;95.65;2.07;
2022-02-17 06:00:00;0.0;0.0;0.0;1.83;95.65;2.07;
2022-02-17 07:00:00;78.0;111.03;61.0;2.05;95.65;1.79;
2022-02-17 08:00:00;128.0;26.31;120.0;4.72;88.85;1.79;
2022-02-17 09:00:00;175.0;16.5;168.0;7.53;76.7;2.34;
2022-02-17 10:00:00;182.0;3.96;180.0;9.8;68.9;3.03;
2022-02-17 11:00:00;171.0;0.0;171.0;11.5;64.35;3.38;
2022-02-17 12:00:00;328.0;122.17;263.0;12.66;62.2;3.31;
2022-02-17 13:00:00;477.0;799.04;97.0;13.68;60.2;3.1;
2022-02-17 14:00:00;363.0;745.98;82.0;14.3;60.3;2.69;
2022-02-17 15:00:00;213.0;627.81;61.0;14.49;60.4;2.07;
2022-02-17 16:00:00;27.0;37.03;24.0;13.91;62.55;0.69;
2022-02-17 17:00:00;0.0;0.0;0.0;11.79;77.3;1.1;
2022-02-17 18:00:00;0.0;0.0;0.0;8.73;89.1;2.0;
2022-02-17 19:00:00;0.0;0.0;0.0;6.48;89.0;1.93;
2022-02-17 20:00:00;0.0;0.0;0.0;5.66;92.3;2.0;
2022-02-17 21:00:00;0.0;0.0;0.0;5.43;92.3;1.38;
2022-02-17 22:00:00;0.0;0.0;0.0;4.88;92.25;2.69;
2022-02-17 23:00:00;0.0;0.0;0.0;5.27;95.75;2.69;
2022-02-18 00:00:00;0.0;0.0;0.0;5.06;95.75;2.34;
2022-02-18 01:00:00;0.0;0.0;0.0;4.96;95.75;2.34;
2022-02-18 02:00:00;0.0;0.0;0.0;4.82;95.75;2.41;
2022-02-18 03:00:00;0.0;0.0;0.0;4.74;95.75;2.41;
2022-02-18 04:00:00;0.0;0.0;0.0;4.82;92.25;2.28;
2022-02-18 05:00:00;0.0;0.0;0.0;4.77;95.75;2.34;
2022-02-18 06:00:00;0.0;0.0;0.0;4.57;95.75;2.28;
2022-02-18 07:00:00;96.0;215.33;62.0;4.16;95.75;1.86;
2022-02-18 08:00:00;265.0;553.45;94.0;6.47;89.0;1.79;
2022-02-18 09:00:00;401.0;661.59;117.0;9.02;85.95;1.86;
2022-02-18 10:00:00;511.0;789.3;108.0;10.73;80.05;1.59;
2022-02-18 11:00:00;570.0;865.96;96.0;11.92;74.6;1.38;
2022-02-18 12:00:00;565.0;889.91;87.0;12.69;72.05;1.1;
2022-02-18 13:00:00;487.0;824.04;91.0;13.25;72.1;0.97;
2022-02-18 14:00:00;165.0;23.59;156.0;13.49;67.15;1.17;
2022-02-18 15:00:00;72.0;0.0;72.0;13.33;69.55;1.66;
2022-02-18 16:00:00;14.0;0.0;14.0;12.43;72.05;1.93;
2022-02-18 17:00:00;0.0;0.0;0.0;10.42;83.0;2.41;
2022-02-18 18:00:00;0.0;0.0;0.0;9.08;92.45;2.21;
2022-02-18 19:00:00;0.0;0.0;0.0;7.69;95.8;1.1;
2022-02-18 20:00:00;0.0;0.0;0.0;6.8;95.8;0.97;
2022-02-18 21:00:00;0.0;0.0;0.0;6.07;95.8;0.97;
2022-02-18 22:00:00;0.0;0.0;0.0;5.35;95.75;1.1;
2022-02-18 23:00:00;0.0;0.0;0.0;5.96;95.8;0.62;
2022-02-19 00:00:00;0.0;0.0;0.0;5.49;95.75;0.83;
2022-02-19 01:00:00;0.0;0.0;0.0;5.34;95.75;0.9;
2022-02-19 02:00:00;0.0;0.0;0.0;4.72;99.4;1.24;
2022-02-19 03:00:00;0.0;0.0;0.0;5.26;99.4;1.31;
2022-02-19 04:00:00;0.0;0.0;0.0;5.56;99.4;1.31;
2022-02-19 05:00:00;0.0;0.0;0.0;5.55;99.4;1.1;
2022-02-19 06:00:00;0.0;0.0;0.0;5.81;99.4;0.62;
2022-02-19 07:00:00;65.0;36.87;59.0;6.07;95.8;1.38;
2022-02-19 08:00:00;131.0;25.48;123.0;8.5;92.4;1.1;
2022-02-19 09:00:00;111.0;0.0;111.0;10.18;86.0;1.03;
2022-02-19 10:00:00;145.0;0.0;145.0;11.53;80.15;0.9;
2022-02-19 11:00:00;211.0;7.24;207.0;12.06;77.35;0.76;
2022-02-19 12:00:00;87.0;0.0;87.0;12.73;74.7;0.69;
2022-02-19 13:00:00;92.0;0.0;92.0;13.18;72.1;0.34;
2022-02-19 14:00:00;139.0;7.77;136.0;13.44;69.65;0.62;
2022-02-19 15:00:00;99.0;23.87;93.0;13.31;72.1;1.72;
2022-02-19 16:00:00;10.0;0.0;10.0;12.43;74.7;2.21;
2022-02-19 17:00:00;0.0;0.0;0.0;11.18;83.05;2.48;
2022-02-19 18:00:00;0.0;0.0;0.0;10.25;89.2;2.41;
2022-02-19 19:00:00;0.0;0.0;0.0;9.81;92.45;2.34;
2022-02-19 20:00:00;0.0;0.0;0.0;9.24;95.85;2.21;
2022-02-19 21:00:00;0.0;0.0;0.0;8.77;95.85;2.14;
2022-02-19 22:00:00;0.0;0.0;0.0;8.5;95.85;2.14;
2022-02-19 23:00:00;0.0;0.0;0.0;8.45;95.85;2.14;
2022-02-20 00:00:00;0.0;0.0;0.0;8.14;99.4;2.07;
2022-02-20 01:00:00;0.0;0.0;0.0;8.03;95.8;1.93;
2022-02-20 02:00:00;0.0;0.0;0.0;8.08;99.4;1.66;
2022-02-20 03:00:00;0.0;0.0;0.0;7.81;99.4;1.38;
2022-02-20 04:00:00;0.0;0.0;0.0;7.58;99.4;1.03;
2022-02-20 05:00:00;0.0;0.0;0.0;7.1;99.4;0.97;
2022-02-20 06:00:00;0.0;0.0;0.0;6.69;95.8;1.31;
2022-02-20 07:00:00;105.0;238.57;65.0;6.78;99.4;0.9;
2022-02-20 08:00:00;226.0;272.68;139.0;8.55;99.4;0.83;
2022-02-20 09:00:00;377.0;486.84;163.0;10.16;92.5;0.9;
2022-02-20 10:00:00;462.0;520.17;191.0;11.59;83.1;0.97;
2022-02-20 11:00:00;399.0;224.11;274.0;13.01;72.1;1.79;
2022-02-20 12:00:00;372.0;184.51;271.0;13.74;67.15;2.48;
2022-02-20 13:00:00;438.0;540.19;173.0;13.98;62.55;2.34;
2022-02-20 14:00:00;371.0;710.68;93.0;13.94;58.1;2.41;
2022-02-20 15:00:00;228.0;640.65;64.0;13.89;60.2;2.14;
2022-02-20 16:00:00;58.0;318.4;28.0;13.27;64.65;1.31;
2022-02-20 17:00:00;0.0;0.0;0.0;11.83;74.55;1.1;
2022-02-20 18:00:00;0.0;0.0;0.0;10.01;79.95;1.1;
2022-02-20 19:00:00;0.0;0.0;0.0;7.58;95.8;1.86;
2022-02-20 20:00:00;0.0;0.0;0.0;6.63;92.35;2.34;
2022-02-20 21:00:00;0.0;0.0;0.0;6.22;95.8;2.14;
2022-02-20 22:00:00;0.0;0.0;0.0;5.74;95.75;2.07;
2022-02-20 23:00:00;0.0;0.0;0.0;5.15;95.75;1.86;
2022-02-21 00:00:00;0.0;0.0;0.0;5.76;95.75;1.31;
2022-02-21 01:00:00;0.0;0.0;0.0;4.46;95.75;1.66;
2022-02-21 02:00:00;0.0;0.0;0.0;3.89;95.75;1.86;
2022-02-21 03:00:00;0.0;0.0;0.0;4.58;95.75;2.07;
2022-02-21 04:00:00;0.0;0.0;0.0;5.13;95.75;2.14;
2022-02-21 05:00:00;0.0;0.0;0.0;5.54;95.75;2.07;
2022-02-21 06:00:00;0.0;0.0;0.0;5.84;95.8;1.93;
2022-02-21 07:00:00;49.0;5.79;48.0;6.13;95.8;2.0;
2022-02-21 08:00:00;176.0;89.46;147.0;7.47;92.35;2.14;
2022-02-21 09:00:00;366.0;411.44;183.0;9.42;82.9;2.55;
2022-02-21 10:00:00;455.0;469.37;208.0;11.79;74.55;3.03;
2022-02-21 11:00:00;592.0;881.02;96.0;13.53;62.45;3.86;
2022-02-21 12:00:00;567.0;828.92;109.0;14.52;58.25;5.45;
2022-02-21 13:00:00;506.0;829.34;95.0;14.53;56.15;5.38;
2022-02-21 14:00:00;251.0;159.09;188.0;14.2;58.1;4.55;
2022-02-21 15:00:00;43.0;0.0;43.0;13.65;62.45;2.83;
2022-02-21 16:00:00;50.0;152.09;35.0;12.31;71.95;1.38;
2022-02-21 17:00:00;0.0;0.0;0.0;10.81;80.05;2.07;
2022-02-21 18:00:00;0.0;0.0;0.0;8.96;85.95;2.28;
2022-02-21 19:00:00;0.0;0.0;0.0;8.65;71.35;2.34;
2022-02-21 20:00:00;0.0;0.0;0.0;6.75;79.55;2.14;
2022-02-21 21:00:00;0.0;0.0;0.0;5.15;82.4;1.86;
2022-02-21 22:00:00;0.0;0.0;0.0;4.65;82.35;1.59;
2022-02-21 23:00:00;0.0;0.0;0.0;4.4;79.3;1.45;
2022-02-22 00:00:00;0.0;0.0;0.0;3.58;79.15;1.66;
2022-02-22 01:00:00;0.0;0.0;0.0;2.57;79.0;2.14;
2022-02-22 02:00:00;0.0;0.0;0.0;2.94;70.4;2.55;
2022-02-22 03:00:00;0.0;0.0;0.0;3.16;65.1;2.76;
2022-02-22 04:00:00;0.0;0.0;0.0;3.18;62.6;2.83;
2022-02-22 05:00:00;0.0;0.0;0.0;3.37;57.95;3.17;
2022-02-22 06:00:00;0.0;0.0;0.0;3.68;57.95;3.45;
2022-02-22 07:00:00;137.0;455.86;56.0;3.77;85.45;2.07;
2022-02-22 08:00:00;314.0;719.59;77.0;6.55;68.4;2.28;
2022-02-22 09:00:00;469.0;866.59;79.0;9.97;55.05;2.9;
2022-02-22 10:00:00;572.0;920.01;83.0;13.03;42.8;3.03;
2022-02-22 11:00:00;610.0;909.84;93.0;14.8;33.05;2.97;
2022-02-22 12:00:00;572.0;803.33;124.0;15.37;28.4;2.62;
2022-02-22 13:00:00;523.0;858.99;93.0;15.43;28.55;1.79;
2022-02-22 14:00:00;407.0;823.27;77.0;15.31;29.55;0.97;
2022-02-22 15:00:00;245.0;689.94;62.0;14.95;30.7;0.34;
2022-02-22 16:00:00;66.0;320.32;33.0;14.08;37.0;0.41;
2022-02-22 17:00:00;0.0;0.0;0.0;11.23;51.25;1.52;
2022-02-22 18:00:00;0.0;0.0;0.0;8.73;59.0;2.55;
2022-02-22 19:00:00;0.0;0.0;0.0;7.88;61.2;2.34;
2022-02-22 20:00:00;0.0;0.0;0.0;6.55;63.35;2.41;
2022-02-22 21:00:00;0.0;0.0;0.0;5.52;68.2;2.34;
2022-02-22 22:00:00;0.0;0.0;0.0;5.36;68.2;1.79;
2022-02-22 23:00:00;0.0;0.0;0.0;5.63;65.65;1.45;
2022-02-23 00:00:00;0.0;0.0;0.0;5.69;65.65;1.24;
2022-02-23 01:00:00;0.0;0.0;0.0;5.58;65.65;1.1;
2022-02-23 02:00:00;0.0;0.0;0.0;3.52;76.15;1.38;
2022-02-23 03:00:00;0.0;0.0;0.0;3.15;82.2;1.31;
2022-02-23 04:00:00;0.0;0.0;0.0;2.74;85.35;1.31;
2022-02-23 05:00:00;0.0;0.0;0.0;2.02;88.65;1.38;
2022-02-23 06:00:00;0.0;0.0;0.0;1.47;92.05;1.38;
2022-02-23 07:00:00;154.0;579.91;48.0;2.33;95.7;1.31;
2022-02-23 08:00:00;322.0;735.25;76.0;6.35;85.75;1.1;
2022-02-23 09:00:00;462.0;808.2;94.0;9.57;77.0;1.45;
2022-02-23 10:00:00;568.0;881.11;95.0;11.77;64.35;1.59;
2022-02-23 11:00:00;611.0;887.54;102.0;13.33;55.75;1.52;
2022-02-23 12:00:00;572.0;776.41;135.0;14.37;50.1;1.38;
2022-02-23 13:00:00;518.0;816.85;105.0;14.8;48.4;1.31;
2022-02-23 14:00:00;406.0;793.75;84.0;14.9;48.4;1.45;
2022-02-23 15:00:00;249.0;685.55;64.0;14.52;50.25;1.86;
2022-02-23 16:00:00;71.0;353.77;33.0;13.27;57.9;2.0;
2022-02-23 17:00:00;0.0;0.0;0.0;10.72;71.7;2.48;
2022-02-23 18:00:00;0.0;0.0;0.0;8.7;79.75;2.34;
2022-02-23 19:00:00;0.0;0.0;0.0;7.13;85.75;1.45;
2022-02-23 20:00:00;0.0;0.0;0.0;6.81;79.55;1.03;
2022-02-23 21:00:00;0.0;0.0;0.0;4.31;92.2;1.59;
2022-02-23 22:00:00;0.0;0.0;0.0;3.21;92.15;1.79;
2022-02-23 23:00:00;0.0;0.0;0.0;2.77;95.7;1.72;
2022-02-24 00:00:00;0.0;0.0;0.0;2.51;92.15;1.72;
2022-02-24 01:00:00;0.0;0.0;0.0;2.18;95.65;1.86;
2022-02-24 02:00:00;0.0;0.0;0.0;1.89;95.65;1.93;
2022-02-24 03:00:00;0.0;0.0;0.0;1.89;95.65;1.86;
2022-02-24 04:00:00;0.0;0.0;0.0;2.48;92.15;1.52;
2022-02-24 05:00:00;0.0;0.0;0.0;3.29;92.15;1.17;
2022-02-24 06:00:00;0.0;0.0;0.0;0.85;99.35;1.79;
2022-02-24 07:00:00;111.0;170.26;79.0;2.07;95.65;1.38;
2022-02-24 08:00:00;306.0;609.09;99.0;5.85;85.7;1.1;
2022-02-24 09:00:00;455.0;757.6;106.0;8.75;79.75;1.17;
2022-02-24 10:00:00;523.0;664.02;163.0;10.82;66.55;1.1;
2022-02-24 11:00:00;526.0;528.71;220.0;12.25;57.65;0.97;
2022-02-24 12:00:00;590.0;841.53;112.0;13.01;53.7;0.76;
2022-02-24 13:00:00;475.0;599.28;169.0;13.52;51.9;0.55;
2022-02-24 14:00:00;308.0;294.77;187.0;13.77;51.9;0.41;
2022-02-24 15:00:00;161.0;134.81;124.0;13.66;51.9;0.21;
2022-02-24 16:00:00;74.0;348.83;35.0;13.15;53.7;0.34;
2022-02-24 17:00:00;0.0;0.0;0.0;11.85;64.35;0.69;
2022-02-24 18:00:00;0.0;0.0;0.0;10.06;71.6;1.03;
2022-02-24 19:00:00;0.0;0.0;0.0;6.6;82.6;1.93;
2022-02-24 20:00:00;0.0;0.0;0.0;5.74;85.65;1.93;
2022-02-24 21:00:00;0.0;0.0;0.0;5.02;85.6;2.0;
2022-02-24 22:00:00;0.0;0.0;0.0;4.34;85.55;1.93;
2022-02-24 23:00:00;0.0;0.0;0.0;3.9;88.8;2.21;
2022-02-25 00:00:00;0.0;0.0;0.0;3.97;85.5;2.48;
2022-02-25 01:00:00;0.0;0.0;0.0;3.99;85.5;2.48;
2022-02-25 02:00:00;0.0;0.0;0.0;3.76;88.75;2.48;
2022-02-25 03:00:00;0.0;0.0;0.0;3.31;88.75;2.21;
2022-02-25 04:00:00;0.0;0.0;0.0;2.68;95.7;1.72;
2022-02-25 05:00:00;0.0;0.0;0.0;2.18;95.65;1.59;
2022-02-25 06:00:00;0.0;0.0;0.0;2.21;99.4;1.24;
2022-02-25 07:00:00;152.0;486.65;58.0;3.32;92.15;0.9;
2022-02-25 08:00:00;316.0;657.66;89.0;5.88;85.7;0.9;
2022-02-25 09:00:00;452.0;729.57;112.0;8.15;82.7;1.24;
2022-02-25 10:00:00;551.0;789.03;119.0;10.26;74.3;1.24;
2022-02-25 11:00:00;591.0;792.73;128.0;11.57;69.25;1.24;
2022-02-25 12:00:00;600.0;874.06;99.0;12.67;64.55;1.38;
2022-02-25 13:00:00;532.0;851.39;93.0;13.29;60.05;1.59;
2022-02-25 14:00:00;408.0;772.92;87.0;13.25;60.05;1.79;
2022-02-25 15:00:00;251.0;648.59;70.0;12.94;57.9;2.28;
2022-02-25 16:00:00;79.0;378.7;35.0;12.13;64.45;2.48;
2022-02-25 17:00:00;0.0;0.0;0.0;10.36;77.1;3.24;
2022-02-25 18:00:00;0.0;0.0;0.0;9.3;79.85;5.31;
2022-02-25 19:00:00;0.0;0.0;0.0;9.25;82.85;6.76;
2022-02-25 20:00:00;0.0;0.0;0.0;7.96;76.8;7.59;
2022-02-25 21:00:00;0.0;0.0;0.0;7.19;73.8;7.24;
2022-02-25 22:00:00;0.0;0.0;0.0;7.11;68.4;5.86;
2022-02-25 23:00:00;0.0;0.0;0.0;7.06;63.35;4.28;
2022-02-26 00:00:00;0.0;0.0;0.0;6.8;63.35;2.76;
2022-02-26 01:00:00;0.0;0.0;0.0;6.3;68.3;1.72;
2022-02-26 02:00:00;0.0;0.0;0.0;5.32;76.4;1.86;
2022-02-26 03:00:00;0.0;0.0;0.0;4.33;79.3;2.28;
2022-02-26 04:00:00;0.0;0.0;0.0;3.23;88.7;2.48;
2022-02-26 05:00:00;0.0;0.0;0.0;2.64;92.15;2.48;
2022-02-26 06:00:00;0.0;0.0;0.0;2.35;92.15;2.41;
2022-02-26 07:00:00;172.0;609.82;51.0;3.56;92.15;2.14;
2022-02-26 08:00:00;348.0;790.26;71.0;6.07;82.55;2.21;
2022-02-26 09:00:00;495.0;876.08;82.0;8.25;71.25;2.28;
2022-02-26 10:00:00;598.0;927.86;85.0;9.97;55.05;2.14;
2022-02-26 11:00:00;641.0;934.92;90.0;11.13;45.7;2.9;
2022-02-26 12:00:00;588.0;769.42;143.0;11.49;39.25;4.21;
2022-02-26 13:00:00;543.0;848.97;101.0;11.39;36.3;4.69;
2022-02-26 14:00:00;429.0;828.34;81.0;11.41;36.3;4.28;
2022-02-26 15:00:00;268.0;722.7;63.0;11.51;34.9;4.0;
2022-02-26 16:00:00;89.0;456.2;34.0;10.84;38.95;2.83;
2022-02-26 17:00:00;0.0;0.0;0.0;9.07;43.4;2.48;
2022-02-26 18:00:00;0.0;0.0;0.0;7.51;50.35;2.62;
2022-02-26 19:00:00;0.0;0.0;0.0;7.28;58.65;3.24;
2022-02-26 20:00:00;0.0;0.0;0.0;7.05;52.2;4.07;
2022-02-26 21:00:00;0.0;0.0;0.0;6.98;42.85;4.55;
2022-02-26 22:00:00;0.0;0.0;0.0;6.78;39.55;4.62;
2022-02-26 23:00:00;0.0;0.0;0.0;6.34;36.5;4.55;
2022-02-27 00:00:00;0.0;0.0;0.0;5.88;36.35;4.21;
2022-02-27 01:00:00;0.0;0.0;0.0;5.37;37.7;3.93;
2022-02-27 02:00:00;0.0;0.0;0.0;4.77;42.3;3.66;
2022-02-27 03:00:00;0.0;0.0;0.0;4.17;43.9;3.31;
2022-02-27 04:00:00;0.0;0.0;0.0;3.6;47.45;3.1;
2022-02-27 05:00:00;0.0;0.0;0.0;3.11;49.25;3.1;
2022-02-27 06:00:00;1.0;0.0;1.0;2.83;51.3;3.24;
2022-02-27 07:00:00;157.0;422.13;71.0;4.53;45.85;3.1;
2022-02-27 08:00:00;345.0;738.95;82.0;7.22;44.6;3.03;
2022-02-27 09:00:00;485.0;805.3;101.0;9.18;32.85;5.17;
2022-02-27 10:00:00;591.0;874.12;103.0;9.83;30.4;7.03;
2022-02-27 11:00:00;633.0;879.49;110.0;10.41;28.3;7.03;
2022-02-27 12:00:00;164.0;0.0;164.0;10.68;30.7;6.62;
2022-02-27 13:00:00;407.0;296.79;251.0;11.0;30.85;6.34;
2022-02-27 14:00:00;253.0;108.26;207.0;11.18;30.85;5.93;
2022-02-27 15:00:00;273.0;725.09;64.0;11.1;30.85;5.24;
2022-02-27 16:00:00;56.0;72.04;47.0;10.5;34.6;3.86;
2022-02-27 17:00:00;0.0;0.0;0.0;9.46;37.2;3.31;
2022-02-27 18:00:00;0.0;0.0;0.0;8.44;41.6;3.1;
2022-02-27 19:00:00;0.0;0.0;0.0;7.49;50.35;3.52;
2022-02-27 20:00:00;0.0;0.0;0.0;7.12;54.3;3.86;
2022-02-27 21:00:00;0.0;0.0;0.0;6.78;54.3;3.79;
2022-02-27 22:00:00;0.0;0.0;0.0;6.21;56.3;3.38;
2022-02-27 23:00:00;0.0;0.0;0.0;5.52;60.75;2.97;
2022-02-28 00:00:00;0.0;0.0;0.0;4.8;65.4;2.62;
2022-02-28 01:00:00;0.0;0.0;0.0;3.8;67.8;2.34;
2022-02-28 02:00:00;0.0;0.0;0.0;2.73;73.1;2.14;
2022-02-28 03:00:00;0.0;0.0;0.0;1.63;78.9;1.93;
2022-02-28 04:00:00;0.0;0.0;0.0;0.64;81.9;2.0;
2022-02-28 05:00:00;0.0;0.0;0.0;-0.05;81.8;2.0;
2022-02-28 06:00:00;4.0;0.0;4.0;-0.61;85.05;1.86;
2022-02-28 07:00:00;168.0;487.83;66.0;1.76;78.9;0.9;
2022-02-28 08:00:00;344.0;714.01;86.0;5.45;68.2;0.62;
2022-02-28 09:00:00;487.0;796.21;103.0;8.37;52.6;0.34;
2022-02-28 10:00:00;592.0;865.74;104.0;9.69;43.55;0.62;
2022-02-28 11:00:00;637.0;883.37;107.0;10.47;42.15;1.1;
2022-02-28 12:00:00;583.0;711.74;164.0;11.0;40.65;1.1;
2022-02-28 13:00:00;551.0;848.06;101.0;11.32;42.3;1.17;
2022-02-28 14:00:00;433.0;805.22;87.0;11.37;42.3;1.52;
2022-02-28 15:00:00;269.0;669.38;73.0;11.11;42.3;2.62;
2022-02-28 16:00:00;85.0;309.4;45.0;8.51;35.49;5.33;
2022-02-28 17:00:00;0.0;0.0;0.0;8.02;40.21;5.01;
2022-02-28 18:00:00;0.0;0.0;0.0;7.53;44.92;4.69;
2022-02-28 19:00:00;0.0;0.0;0.0;7.04;49.64;4.37;
2022-02-28 20:00:00;0.0;0.0;0.0;6.55;54.35;4.05;
2022-02-28 21:00:00;0.0;0.0;0.0;6.06;59.07;3.73;
2022-02-28 22:00:00;0.0;0.0;0.0;5.57;63.79;3.41;
2022-02-28 23:00:00;0.0;0.0;0.0;5.08;68.5;3.09;
2022-03-01 00:00:00;0.0;0.0;0.0;4.59;73.22;2.77;
2022-03-01 01:00:00;0.0;0.0;0.0;4.1;77.93;2.45;
2022-03-01 02:00:00;0.0;0.0;0.0;3.61;82.65;2.13;
2022-03-01 03:00:00;0.0;0.0;0.0;3.12;87.36;1.81;
2022-03-01 04:00:00;0.0;0.0;0.0;2.64;92.08;1.49;
2022-03-01 05:00:00;0.0;0.0;0.0;2.15;96.8;1.17;
2022-03-01 06:00:00;6.0;0.0;6.0;1.66;100.0;0.85;
2022-03-01 07:00:00;123.0;149.19;91.0;1.17;100.0;0.53;
2022-03-01 08:00:00;225.0;147.22;171.0;5.35;95.75;0.97;
2022-03-01 09:00:00;255.0;59.46;226.0;7.71;82.7;1.38;
2022-03-01 10:00:00;256.0;22.84;243.0;9.82;74.3;1.86;
2022-03-01 11:00:00;343.0;79.3;295.0;10.92;69.15;2.41;
2022-03-01 12:00:00;0.0;0.0;0.0;11.87;64.45;2.9;
2022-03-01 13:00:00;522.0;709.49;142.0;12.82;60.05;3.24;
2022-03-01 14:00:00;409.0;669.78;118.0;13.45;55.75;4.14;
2022-03-01 15:00:00;251.0;524.61;95.0;13.31;55.75;3.24;
2022-03-01 16:00:00;84.0;269.41;48.0;12.67;59.95;0.97;
2022-03-01 17:00:00;0.0;0.0;0.0;11.63;64.35;0.41;
2022-03-01 18:00:00;0.0;0.0;0.0;10.24;69.1;0.76;
2022-03-01 19:00:00;0.0;0.0;0.0;7.97;85.85;2.0;
2022-03-01 20:00:00;0.0;0.0;0.0;7.19;85.8;2.28;
2022-03-01 21:00:00;0.0;0.0;0.0;6.76;85.75;2.62;
2022-03-01 22:00:00;0.0;0.0;0.0;6.9;85.75;2.62;
2022-03-01 23:00:00;0.0;0.0;0.0;7.06;85.75;2.48;
2022-03-02 00:00:00;0.0;0.0;0.0;6.51;88.95;2.48;
2022-03-02 01:00:00;0.0;0.0;0.0;6.7;85.75;2.21;
2022-03-02 02:00:00;0.0;0.0;0.0;6.51;88.95;2.14;
2022-03-02 03:00:00;0.0;0.0;0.0;6.47;88.95;2.0;
2022-03-02 04:00:00;0.0;0.0;0.0;6.41;88.95;1.72;
2022-03-02 05:00:00;0.0;0.0;0.0;6.28;88.95;1.52;
2022-03-02 06:00:00;8.0;0.0;8.0;6.16;92.3;1.1;
2022-03-02 07:00:00;46.0;0.0;46.0;6.97;89.0;0.76;
2022-03-02 08:00:00;105.0;0.0;105.0;8.75;79.85;0.41;
2022-03-02 09:00:00;107.0;0.0;107.0;10.45;77.15;0.21;
2022-03-02 10:00:00;150.0;0.0;150.0;11.34;71.85;0.21;
2022-03-02 11:00:00;125.0;0.0;125.0;12.68;69.45;0.9;
2022-03-02 12:00:00;0.0;0.0;0.0;13.2;69.55;1.52;
2022-03-02 13:00:00;379.0;216.44;262.0;13.53;69.55;1.93;
2022-03-02 14:00:00;339.0;334.68;192.0;13.5;69.55;2.07;
2022-03-02 15:00:00;257.0;539.91;94.0;13.63;69.55;3.03;
2022-03-02 16:00:00;90.0;304.44;48.0;13.02;69.55;3.17;
2022-03-02 17:00:00;0.0;0.0;0.0;11.8;71.95;3.59;
2022-03-02 18:00:00;0.0;0.0;0.0;10.82;74.45;3.79;
2022-03-02 19:00:00;0.0;0.0;0.0;9.55;85.95;3.31;
2022-03-02 20:00:00;0.0;0.0;0.0;8.92;85.95;3.17;
2022-03-02 21:00:00;0.0;0.0;0.0;8.25;89.1;2.55;
2022-03-02 22:00:00;0.0;0.0;0.0;7.29;92.35;2.0;
2022-03-02 23:00:00;0.0;0.0;0.0;6.06;95.75;1.59;
2022-03-03 00:00:00;0.0;0.0;0.0;5.38;95.75;1.52;
2022-03-03 01:00:00;0.0;0.0;0.0;5.29;95.75;1.24;
2022-03-03 02:00:00;0.0;0.0;0.0;4.99;99.4;1.03;
2022-03-03 03:00:00;0.0;0.0;0.0;3.66;100.0;1.38;
2022-03-03 04:00:00;0.0;0.0;0.0;2.89;100.0;1.79;
2022-03-03 05:00:00;0.0;0.0;0.0;3.06;100.0;1.86;
2022-03-03 06:00:00;12.0;19.26;11.0;3.96;100.0;1.79;
2022-03-03 07:00:00;111.0;75.42;94.0;5.8;95.75;2.28;
2022-03-03 08:00:00;143.0;10.59;139.0;8.0;89.05;2.48;
2022-03-03 09:00:00;188.0;8.02;184.0;10.11;79.95;2.48;
2022-03-03 10:00:00;182.0;0.0;182.0;11.97;66.85;3.24;
2022-03-03 11:00:00;308.0;40.59;283.0;13.31;62.3;3.59;
2022-03-03 12:00:00;0.0;0.0;0.0;14.01;60.2;3.93;
2022-03-03 13:00:00;454.0;403.29;234.0;14.03;58.0;4.28;
2022-03-03 14:00:00;417.0;657.71;125.0;13.56;57.9;4.28;
2022-03-03 15:00:00;268.0;574.36;92.0;12.81;57.9;3.79;
2022-03-03 16:00:00;89.0;253.02;53.0;12.16;62.1;3.1;
2022-03-03 17:00:00;0.0;0.0;0.0;10.57;71.7;2.55;
2022-03-03 18:00:00;0.0;0.0;0.0;9.13;79.85;2.41;
2022-03-03 19:00:00;0.0;0.0;0.0;8.56;95.85;2.28;
2022-03-03 20:00:00;0.0;0.0;0.0;7.84;92.4;1.86;
2022-03-03 21:00:00;0.0;0.0;0.0;6.75;92.35;1.86;
2022-03-03 22:00:00;0.0;0.0;0.0;5.86;95.75;2.14;
2022-03-03 23:00:00;0.0;0.0;0.0;5.61;95.75;2.21;
2022-03-04 00:00:00;0.0;0.0;0.0;5.33;95.75;2.34;
2022-03-04 01:00:00;0.0;0.0;0.0;5.23;95.75;2.28;
2022-03-04 02:00:00;0.0;0.0;0.0;5.23;92.25;2.21;
2022-03-04 03:00:00;0.0;0.0;0.0;5.16;92.25;2.14;
2022-03-04 04:00:00;0.0;0.0;0.0;5.0;95.75;1.93;
2022-03-04 05:00:00;0.0;0.0;0.0;4.57;95.75;1.66;
2022-03-04 06:00:00;6.0;0.0;6.0;3.91;95.7;1.52;
2022-03-04 07:00:00;106.0;56.29;93.0;5.77;88.9;1.1;
2022-03-04 08:00:00;296.0;354.75;160.0;8.32;71.35;0.9;
2022-03-04 09:00:00;326.0;158.65;246.0;9.82;64.0;0.97;
2022-03-04 10:00:00;368.0;131.54;291.0;11.18;61.85;1.03;
2022-03-04 11:00:00;560.0;524.77;234.0;12.32;55.65;1.45;
2022-03-04 12:00:00;331.0;65.65;291.0;13.15;53.7;1.66;
2022-03-04 13:00:00;308.0;79.93;264.0;13.26;55.75;1.72;
2022-03-04 14:00:00;177.0;13.37;171.0;13.16;55.75;2.14;
2022-03-04 15:00:00;63.0;0.0;63.0;12.61;57.75;2.55;
2022-03-04 16:00:00;38.0;0.0;38.0;11.66;66.75;2.41;
2022-03-04 17:00:00;0.0;0.0;0.0;10.4;74.4;2.69;
2022-03-04 18:00:00;0.0;0.0;0.0;9.33;85.95;3.31;
2022-03-04 19:00:00;0.0;0.0;0.0;9.06;89.1;4.69;
2022-03-04 20:00:00;0.0;0.0;0.0;8.92;89.1;6.34;
2022-03-04 21:00:00;0.0;0.0;0.0;8.52;82.75;8.97;
2022-03-04 22:00:00;0.0;0.0;0.0;7.54;82.65;9.38;
2022-03-04 23:00:00;0.0;0.0;0.0;7.14;82.6;8.69;
2022-03-05 00:00:00;0.0;0.0;0.0;7.08;73.8;8.0;
2022-03-05 01:00:00;0.0;0.0;0.0;7.53;63.5;7.52;
2022-03-05 02:00:00;0.0;0.0;0.0;7.88;52.45;7.03;
2022-03-05 03:00:00;0.0;0.0;0.0;8.15;46.65;6.41;
2022-03-05 04:00:00;0.0;0.0;0.0;8.21;41.6;5.93;
2022-03-05 05:00:00;0.0;0.0;0.0;8.06;41.45;5.86;
2022-03-05 06:00:00;32.0;222.78;18.0;7.93;41.45;5.66;
2022-03-05 07:00:00;154.0;219.88;102.0;8.14;41.45;5.93;
2022-03-05 08:00:00;379.0;722.47;98.0;8.81;41.7;5.52;
2022-03-05 09:00:00;510.0;749.31;128.0;9.75;38.85;6.0;
2022-03-05 10:00:00;621.0;837.8;126.0;10.82;33.4;6.9;
2022-03-05 11:00:00;659.0;834.77;136.0;11.58;33.55;6.9;
2022-03-05 12:00:00;603.0;668.92;192.0;12.38;30.05;7.17;
2022-03-05 13:00:00;559.0;747.25;144.0;12.97;26.75;7.24;
2022-03-05 14:00:00;440.0;701.38;122.0;13.18;25.7;7.03;
2022-03-05 15:00:00;262.0;462.87;116.0;12.95;25.7;5.93;
2022-03-05 16:00:00;108.0;371.16;52.0;12.05;28.75;5.45;
2022-03-05 17:00:00;0.0;0.0;0.0;10.62;28.3;5.38;
2022-03-05 18:00:00;0.0;0.0;0.0;9.61;28.05;5.52;
2022-03-05 19:00:00;0.0;0.0;0.0;8.94;29.05;5.1;
2022-03-05 20:00:00;0.0;0.0;0.0;8.07;31.25;4.41;
2022-03-05 21:00:00;0.0;0.0;0.0;7.3;33.75;4.07;
2022-03-05 22:00:00;0.0;0.0;0.0;6.67;36.5;3.86;
2022-03-05 23:00:00;0.0;0.0;0.0;6.09;42.55;3.66;
2022-03-06 00:00:00;0.0;0.0;0.0;5.43;44.15;3.45;
2022-03-06 01:00:00;0.0;0.0;0.0;4.81;45.85;3.24;
2022-03-06 02:00:00;0.0;0.0;0.0;4.26;47.6;3.1;
2022-03-06 03:00:00;0.0;0.0;0.0;3.73;49.4;3.03;
2022-03-06 04:00:00;0.0;0.0;0.0;3.23;49.25;2.97;
2022-03-06 05:00:00;0.0;0.0;0.0;2.83;49.15;2.97;
2022-03-06 06:00:00;36.0;219.42;21.0;2.53;51.15;2.97;
2022-03-06 07:00:00;210.0;565.94;73.0;5.13;53.8;3.45;
2022-03-06 08:00:00;380.0;694.49;106.0;7.91;46.65;3.17;
2022-03-06 09:00:00;519.0;752.9;131.0;9.85;35.85;4.21;
2022-03-06 10:00:00;607.0;751.33;159.0;10.84;32.1;5.1;
2022-03-06 11:00:00;647.0;751.81;172.0;11.46;31.0;5.03;
2022-03-06 12:00:00;586.0;577.86;228.0;11.91;32.35;4.83;
2022-03-06 13:00:00;557.0;705.02;162.0;12.18;33.7;4.62;
2022-03-06 14:00:00;446.0;689.85;130.0;12.28;32.5;4.07;
2022-03-06 15:00:00;292.0;622.08;93.0;12.2;32.35;3.03;
2022-03-06 16:00:00;116.0;425.38;50.0;11.56;39.25;1.38;
2022-03-06 17:00:00;0.0;0.0;0.0;10.34;51.1;0.62;
2022-03-06 18:00:00;0.0;0.0;0.0;9.63;43.55;0.62;
2022-03-06 19:00:00;0.0;0.0;0.0;8.21;50.6;0.28;
2022-03-06 20:00:00;0.0;0.0;0.0;7.31;54.4;0.97;
2022-03-06 21:00:00;0.0;0.0;0.0;4.06;73.3;1.72;
2022-03-06 22:00:00;0.0;0.0;0.0;2.68;79.0;2.14;
2022-03-06 23:00:00;0.0;0.0;0.0;2.44;76.0;2.07;
2022-03-07 00:00:00;0.0;0.0;0.0;3.3;73.2;1.59;
2022-03-07 01:00:00;0.0;0.0;0.0;4.89;65.4;0.97;
2022-03-07 02:00:00;0.0;0.0;0.0;4.6;67.9;0.83;
2022-03-07 03:00:00;0.0;0.0;0.0;2.38;76.0;1.38;
2022-03-07 04:00:00;0.0;0.0;0.0;0.47;85.15;1.79;
2022-03-07 05:00:00;0.0;0.0;0.0;-0.32;88.45;1.93;
2022-03-07 06:00:00;38.0;189.39;24.0;-0.54;88.45;1.93;
2022-03-07 07:00:00;208.0;528.89;77.0;2.69;88.65;1.72;
2022-03-07 08:00:00;376.0;657.27;113.0;7.54;68.5;2.28;
2022-03-07 09:00:00;509.0;694.96;147.0;9.31;54.9;3.1;
2022-03-07 10:00:00;601.0;722.94;166.0;10.39;49.2;3.24;
2022-03-07 11:00:00;643.0;737.73;173.0;11.12;45.7;3.17;
2022-03-07 12:00:00;590.0;590.76;221.0;11.63;42.4;3.03;
2022-03-07 13:00:00;558.0;706.01;159.0;11.93;40.95;3.03;
2022-03-07 14:00:00;443.0;674.26;131.0;11.97;40.95;2.97;
2022-03-07 15:00:00;288.0;585.8;98.0;11.74;39.4;2.55;
2022-03-07 16:00:00;117.0;407.74;52.0;11.21;44.1;1.66;
2022-03-07 17:00:00;0.0;0.0;0.0;9.8;51.0;2.21;
2022-03-07 18:00:00;0.0;0.0;0.0;7.74;58.9;2.69;
2022-03-07 19:00:00;0.0;0.0;0.0;6.82;61.0;2.62;
2022-03-07 20:00:00;0.0;0.0;0.0;5.88;65.65;2.48;
2022-03-07 21:00:00;0.0;0.0;0.0;4.95;73.45;2.34;
2022-03-07 22:00:00;0.0;0.0;0.0;4.19;73.4;2.48;
2022-03-07 23:00:00;0.0;0.0;0.0;3.77;73.3;2.76;
2022-03-08 00:00:00;0.0;0.0;0.0;3.66;70.5;3.03;
2022-03-08 01:00:00;0.0;0.0;0.0;3.71;70.5;3.24;
2022-03-08 02:00:00;0.0;0.0;0.0;3.75;67.8;3.24;
2022-03-08 03:00:00;0.0;0.0;0.0;3.67;67.8;3.17;
2022-03-08 04:00:00;0.0;0.0;0.0;3.4;70.4;3.03;
2022-03-08 05:00:00;0.0;0.0;0.0;2.95;76.0;2.83;
2022-03-08 06:00:00;43.0;226.37;25.0;2.43;76.0;2.62;
2022-03-08 07:00:00;216.0;532.91;81.0;5.42;70.8;3.66;
2022-03-08 08:00:00;384.0;655.55;118.0;7.99;58.9;4.55;
2022-03-08 09:00:00;517.0;687.63;155.0;9.3;48.95;6.0;
2022-03-08 10:00:00;609.0;711.53;177.0;10.25;42.15;6.21;
2022-03-08 11:00:00;655.0;741.02;179.0;11.04;40.65;6.0;
2022-03-08 12:00:00;601.0;593.94;227.0;11.63;39.25;5.72;
2022-03-08 13:00:00;568.0;708.77;164.0;11.98;37.9;5.31;
2022-03-08 14:00:00;459.0;708.22;128.0;12.14;37.9;4.76;
2022-03-08 15:00:00;300.0;617.45;97.0;12.02;37.9;3.93;
2022-03-08 16:00:00;125.0;439.93;53.0;11.39;42.4;2.07;
2022-03-08 17:00:00;0.0;0.0;0.0;10.11;51.0;1.38;
2022-03-08 18:00:00;0.0;0.0;0.0;7.55;63.5;2.0;
2022-03-08 19:00:00;0.0;0.0;0.0;5.65;70.85;2.14;
2022-03-08 20:00:00;0.0;0.0;0.0;4.64;76.3;2.48;
2022-03-08 21:00:00;0.0;0.0;0.0;4.26;79.2;2.69;
2022-03-08 22:00:00;0.0;0.0;0.0;3.97;79.15;2.69;
2022-03-08 23:00:00;0.0;0.0;0.0;3.47;82.2;2.55;
2022-03-09 00:00:00;0.0;0.0;0.0;2.9;82.15;2.55;
2022-03-09 01:00:00;0.0;0.0;0.0;2.42;79.0;2.48;
2022-03-09 02:00:00;0.0;0.0;0.0;2.05;82.05;2.41;
2022-03-09 03:00:00;0.0;0.0;0.0;1.67;82.05;2.34;
2022-03-09 04:00:00;0.0;0.0;0.0;1.33;82.0;2.28;
2022-03-09 05:00:00;0.0;0.0;0.0;1.07;85.2;2.28;
2022-03-09 06:00:00;44.0;187.92;28.0;0.88;85.2;2.21;
2022-03-09 07:00:00;197.0;378.39;99.0;3.74;85.45;1.93;
2022-03-09 08:00:00;375.0;605.24;126.0;7.96;63.6;2.76;
2022-03-09 09:00:00;502.0;627.81;168.0;9.2;54.9;3.52;
2022-03-09 10:00:00;560.0;543.61;227.0;10.12;52.95;3.38;
2022-03-09 11:00:00;552.0;413.83;284.0;10.52;53.1;2.83;
2022-03-09 12:00:00;435.0;178.02;322.0;10.88;51.25;2.48;
2022-03-09 13:00:00;386.0;170.48;288.0;11.03;51.25;2.34;
2022-03-09 14:00:00;314.0;177.97;230.0;11.1;51.25;2.41;
2022-03-09 15:00:00;209.0;168.08;153.0;10.9;49.3;2.34;
2022-03-09 16:00:00;61.0;23.83;57.0;10.38;51.1;1.79;
2022-03-09 17:00:00;0.0;0.0;0.0;9.34;57.05;1.38;
2022-03-09 18:00:00;0.0;0.0;0.0;7.36;73.9;1.17;
2022-03-09 19:00:00;0.0;0.0;0.0;6.81;68.4;0.9;
2022-03-09 20:00:00;0.0;0.0;0.0;5.54;76.4;1.1;
2022-03-09 21:00:00;0.0;0.0;0.0;4.26;79.2;1.31;
2022-03-09 22:00:00;0.0;0.0;0.0;3.18;85.4;1.45;
2022-03-09 23:00:00;0.0;0.0;0.0;2.07;88.65;1.72;
2022-03-10 00:00:00;0.0;0.0;0.0;1.48;88.6;1.93;
2022-03-10 01:00:00;0.0;0.0;0.0;1.12;88.6;1.93;
2022-03-10 02:00:00;0.0;0.0;0.0;0.76;88.55;1.93;
2022-03-10 03:00:00;0.0;0.0;0.0;0.55;92.0;1.79;
2022-03-10 04:00:00;0.0;0.0;0.0;0.94;88.55;1.38;
2022-03-10 05:00:00;0.0;0.0;0.0;1.0;92.05;1.31;
2022-03-10 06:00:00;47.0;176.21;31.0;0.25;92.0;1.52;
2022-03-10 07:00:00;215.0;476.06;89.0;3.28;92.15;1.1;
2022-03-10 08:00:00;384.0;621.03;125.0;7.51;76.7;1.1;
2022-03-10 09:00:00;519.0;678.99;154.0;9.97;64.0;1.31;
2022-03-10 10:00:00;610.0;703.9;175.0;11.54;55.4;1.24;
2022-03-10 11:00:00;662.0;762.81;164.0;12.64;51.65;1.17;
2022-03-10 12:00:00;625.0;676.8;192.0;13.46;51.75;1.1;
2022-03-10 13:00:00;571.0;714.23;157.0;14.02;50.0;1.1;
2022-03-10 14:00:00;456.0;684.06;130.0;14.35;48.25;1.17;
2022-03-10 15:00:00;302.0;604.34;98.0;14.41;48.25;1.17;
2022-03-10 16:00:00;126.0;400.94;57.0;14.06;51.9;0.76;
2022-03-10 17:00:00;0.0;0.0;0.0;13.03;55.75;0.14;
2022-03-10 18:00:00;0.0;0.0;0.0;11.31;59.7;0.76;
2022-03-10 19:00:00;0.0;0.0;0.0;6.56;82.55;1.79;
2022-03-10 20:00:00;0.0;0.0;0.0;5.2;85.6;2.0;
2022-03-10 21:00:00;0.0;0.0;0.0;4.49;92.2;1.79;
2022-03-10 22:00:00;0.0;0.0;0.0;4.31;88.8;1.59;
2022-03-10 23:00:00;0.0;0.0;0.0;4.26;88.8;1.38;
2022-03-11 00:00:00;0.0;0.0;0.0;4.93;85.55;1.1;
2022-03-11 01:00:00;0.0;0.0;0.0;5.15;85.6;0.97;
2022-03-11 02:00:00;0.0;0.0;0.0;4.67;85.55;1.03;
2022-03-11 03:00:00;0.0;0.0;0.0;4.39;88.8;0.97;
2022-03-11 04:00:00;0.0;0.0;0.0;4.44;88.8;0.76;
2022-03-11 05:00:00;0.0;0.0;0.0;4.14;88.8;0.62;
2022-03-11 06:00:00;30.0;20.73;28.0;3.91;92.15;0.41;
2022-03-11 07:00:00;139.0;81.37;117.0;5.43;92.25;0.34;
2022-03-11 08:00:00;391.0;634.01;123.0;9.21;74.2;0.34;
2022-03-11 09:00:00;524.0;679.41;155.0;11.7;62.1;0.62;
2022-03-11 10:00:00;618.0;718.65;170.0;13.53;55.75;1.03;
2022-03-11 11:00:00;667.0;762.84;165.0;14.88;50.25;1.17;
2022-03-11 12:00:00;633.0;690.16;188.0;15.83;45.15;1.24;
2022-03-11 13:00:00;582.0;742.61;148.0;16.38;42.05;1.31;
2022-03-11 14:00:00;463.0;698.37;127.0;16.54;42.05;1.1;
2022-03-11 15:00:00;301.0;573.24;105.0;16.35;42.05;0.41;
2022-03-11 16:00:00;129.0;391.41;60.0;15.4;48.55;1.93;
2022-03-11 17:00:00;0.0;0.0;0.0;12.54;57.75;3.52;
2022-03-11 18:00:00;0.0;0.0;0.0;10.21;66.55;3.79;
2022-03-11 19:00:00;0.0;0.0;0.0;10.24;66.55;2.69;
2022-03-11 20:00:00;0.0;0.0;0.0;9.36;71.5;2.21;
2022-03-11 21:00:00;0.0;0.0;0.0;8.33;76.85;2.21;
2022-03-11 22:00:00;0.0;0.0;0.0;7.81;79.7;2.21;
2022-03-11 23:00:00;0.0;0.0;0.0;7.04;85.75;2.34;
2022-03-12 00:00:00;0.0;0.0;0.0;6.32;88.95;2.55;
2022-03-12 01:00:00;0.0;0.0;0.0;5.7;92.3;2.41;
2022-03-12 02:00:00;0.0;0.0;0.0;4.87;95.75;2.07;
2022-03-12 03:00:00;0.0;0.0;0.0;4.48;95.75;1.52;
2022-03-12 04:00:00;0.0;0.0;0.0;4.97;92.25;1.1;
2022-03-12 05:00:00;0.0;0.0;0.0;5.06;92.25;0.69;
2022-03-12 06:00:00;62.0;273.97;34.0;4.28;95.75;0.9;
2022-03-12 07:00:00;235.0;536.07;87.0;6.61;88.95;0.9;
2022-03-12 08:00:00;407.0;674.66;118.0;9.67;71.5;0.83;
2022-03-12 09:00:00;539.0;707.17;151.0;11.43;47.6;1.24;
2022-03-12 10:00:00;631.0;731.57;171.0;12.38;38.0;1.31;
2022-03-12 11:00:00;680.0;776.46;165.0;13.01;35.3;0.9;
2022-03-12 12:00:00;646.0;701.8;190.0;13.57;36.7;0.62;
2022-03-12 13:00:00;587.0;728.14;158.0;13.89;34.1;0.55;
2022-03-12 14:00:00;474.0;714.5;127.0;14.02;34.1;0.55;
2022-03-12 15:00:00;314.0;612.27;102.0;13.86;32.8;0.9;
2022-03-12 16:00:00;130.0;365.73;64.0;13.36;36.7;1.24;
2022-03-12 17:00:00;0.0;0.0;0.0;12.07;42.55;1.45;
2022-03-12 18:00:00;0.0;0.0;0.0;9.51;54.9;1.86;
2022-03-12 19:00:00;0.0;0.0;0.0;7.65;71.15;2.07;
2022-03-12 20:00:00;0.0;0.0;0.0;6.3;73.7;2.21;
2022-03-12 21:00:00;0.0;0.0;0.0;5.31;79.35;2.28;
2022-03-12 22:00:00;0.0;0.0;0.0;4.52;85.5;2.21;
2022-03-12 23:00:00;0.0;0.0;0.0;4.03;85.45;1.93;
2022-03-13 00:00:00;0.0;0.0;0.0;4.0;85.45;1.72;
2022-03-13 01:00:00;0.0;0.0;0.0;3.34;85.4;1.79;
2022-03-13 02:00:00;0.0;0.0;0.0;2.68;85.35;1.79;
2022-03-13 03:00:00;0.0;0.0;0.0;2.2;82.15;1.72;
2022-03-13 04:00:00;0.0;0.0;0.0;2.38;82.15;1.45;
2022-03-13 05:00:00;0.0;0.0;0.0;3.48;76.1;1.03;
2022-03-13 06:00:00;62.0;222.36;38.0;3.81;73.3;0.48;
2022-03-13 07:00:00;236.0;510.98;92.0;4.1;92.15;0.9;
2022-03-13 08:00:00;405.0;645.12;125.0;8.49;66.15;1.1;
2022-03-13 09:00:00;541.0;701.91;152.0;10.95;53.25;1.79;
2022-03-13 10:00:00;636.0;741.14;166.0;12.66;44.35;2.55;
2022-03-13 11:00:00;681.0;770.45;166.0;13.59;42.8;2.48;
2022-03-13 12:00:00;649.0;707.19;186.0;14.1;42.95;2.28;
2022-03-13 13:00:00;595.0;750.97;149.0;14.3;43.1;2.14;
2022-03-13 14:00:00;475.0;707.93;128.0;14.19;42.95;2.28;
2022-03-13 15:00:00;312.0;584.78;107.0;13.52;46.2;3.24;
2022-03-13 16:00:00;137.0;400.84;63.0;12.22;49.7;3.66;
2022-03-13 17:00:00;0.0;0.0;0.0;10.16;57.15;3.38;
2022-03-13 18:00:00;0.0;0.0;0.0;8.33;61.3;2.76;
2022-03-13 19:00:00;0.0;0.0;0.0;7.56;65.95;2.55;
2022-03-13 20:00:00;0.0;0.0;0.0;6.62;70.95;2.34;
2022-03-13 21:00:00;0.0;0.0;0.0;5.71;73.65;2.21;
2022-03-13 22:00:00;0.0;0.0;0.0;4.77;79.3;2.28;
2022-03-13 23:00:00;0.0;0.0;0.0;4.27;85.5;2.34;
2022-03-14 00:00:00;0.0;0.0;0.0;4.14;85.5;2.48;
2022-03-14 01:00:00;0.0;0.0;0.0;4.14;88.8;2.48;
2022-03-14 02:00:00;0.0;0.0;0.0;3.98;92.15;2.41;
2022-03-14 03:00:00;0.0;0.0;0.0;3.82;95.7;2.34;
2022-03-14 04:00:00;0.0;0.0;0.0;3.66;95.7;2.28;
2022-03-14 05:00:00;0.0;0.0;0.0;3.64;95.7;2.21;
2022-03-14 06:00:00;73.0;316.67;37.0;3.69;95.7;2.07;
2022-03-14 07:00:00;215.0;347.77;115.0;5.92;92.3;2.14;
2022-03-14 08:00:00;388.0;539.02;151.0;8.64;79.75;2.41;
2022-03-14 09:00:00;541.0;684.25;158.0;10.55;69.1;2.76;
2022-03-14 10:00:00;596.0;581.69;224.0;11.86;59.85;2.62;
2022-03-14 11:00:00;675.0;736.36;179.0;12.68;53.6;2.55;
2022-03-14 12:00:00;622.0;601.86;225.0;13.14;51.75;2.41;
2022-03-14 13:00:00;467.0;310.73;281.0;13.43;51.75;2.55;
2022-03-14 14:00:00;471.0;675.25;137.0;13.44;51.75;2.62;
2022-03-14 15:00:00;333.0;681.99;91.0;13.16;51.75;2.76;
2022-03-14 16:00:00;140.0;407.96;63.0;12.1;57.65;2.76;
2022-03-14 17:00:00;0.0;0.0;0.0;10.56;64.1;2.76;
2022-03-14 18:00:00;0.0;0.0;0.0;8.63;74.05;2.69;
2022-03-14 19:00:00;0.0;0.0;0.0;7.77;79.7;2.34;
2022-03-14 20:00:00;0.0;0.0;0.0;7.01;85.75;2.21;
2022-03-14 21:00:00;0.0;0.0;0.0;6.16;88.95;2.28;
2022-03-14 22:00:00;0.0;0.0;0.0;5.69;92.3;2.41;
2022-03-14 23:00:00;0.0;0.0;0.0;5.71;92.3;2.41;
2022-03-15 00:00:00;0.0;0.0;0.0;5.37;95.75;2.48;
2022-03-15 01:00:00;0.0;0.0;0.0;5.17;92.25;2.62;
2022-03-15 02:00:00;0.0;0.0;0.0;5.32;95.75;2.76;
2022-03-15 03:00:00;0.0;0.0;0.0;5.52;95.75;2.83;
2022-03-15 04:00:00;0.0;0.0;0.0;5.5;95.75;2.9;
2022-03-15 05:00:00;0.0;0.0;0.0;5.67;92.3;3.03;
2022-03-15 06:00:00;60.0;125.57;45.0;5.89;92.3;3.17;
2022-03-15 07:00:00;240.0;477.35;100.0;7.22;82.65;3.24;
2022-03-15 08:00:00;405.0;601.78;137.0;9.07;76.95;4.21;
2022-03-15 09:00:00;544.0;681.11;159.0;10.63;66.55;5.17;
2022-03-15 10:00:00;640.0;731.95;168.0;11.43;59.7;5.52;
2022-03-15 11:00:00;684.0;760.27;168.0;11.75;57.65;5.52;
2022-03-15 12:00:00;660.0;725.34;178.0;11.98;57.65;5.66;
2022-03-15 13:00:00;491.0;368.01;269.0;11.96;57.65;5.79;
2022-03-15 14:00:00;355.0;234.43;238.0;12.0;55.5;6.0;
2022-03-15 15:00:00;226.0;169.87;165.0;11.58;57.55;5.59;
2022-03-15 16:00:00;99.0;103.7;79.0;11.1;61.85;5.03;
2022-03-15 17:00:00;0.0;0.0;0.0;10.33;64.1;4.69;
2022-03-15 18:00:00;0.0;0.0;0.0;9.38;71.5;4.48;
2022-03-15 19:00:00;0.0;0.0;0.0;8.87;79.85;4.34;
2022-03-15 20:00:00;0.0;0.0;0.0;8.65;85.9;4.48;
2022-03-15 21:00:00;0.0;0.0;0.0;8.53;85.9;4.41;
2022-03-15 22:00:00;0.0;0.0;0.0;8.44;85.9;4.69;
2022-03-15 23:00:00;0.0;0.0;0.0;8.31;85.9;4.83;
2022-03-16 00:00:00;0.0;0.0;0.0;8.27;82.75;4.69;
2022-03-16 01:00:00;0.0;0.0;0.0;8.2;85.9;4.62;
2022-03-16 02:00:00;0.0;0.0;0.0;8.08;89.05;4.55;
2022-03-16 03:00:00;0.0;0.0;0.0;8.0;89.05;4.69;
2022-03-16 04:00:00;0.0;0.0;0.0;7.88;89.05;4.76;
2022-03-16 05:00:00;0.0;0.0;0.0;7.91;89.05;4.69;
2022-03-16 06:00:00;19.0;0.0;19.0;8.04;89.05;4.69;
2022-03-16 07:00:00;31.0;0.0;31.0;8.02;92.4;4.62;
2022-03-16 08:00:00;65.0;0.0;65.0;8.18;89.1;4.69;
2022-03-16 09:00:00;165.0;0.0;165.0;8.28;89.1;5.1;
2022-03-16 10:00:00;114.0;0.0;114.0;8.5;89.1;5.45;
2022-03-16 11:00:00;187.0;0.0;187.0;8.7;85.95;5.72;
2022-03-16 12:00:00;90.0;0.0;90.0;9.03;89.1;6.14;
2022-03-16 13:00:00;97.0;0.0;97.0;9.17;85.95;6.14;
2022-03-16 14:00:00;94.0;0.0;94.0;9.07;89.1;6.14;
2022-03-16 15:00:00;69.0;0.0;69.0;8.99;89.1;6.0;
2022-03-16 16:00:00;39.0;0.0;39.0;9.0;89.1;5.86;
2022-03-16 17:00:00;0.0;0.0;0.0;8.95;89.1;5.93;
2022-03-16 18:00:00;0.0;0.0;0.0;8.83;89.1;6.0;
2022-03-16 19:00:00;0.0;0.0;0.0;8.74;85.95;5.93;
2022-03-16 20:00:00;0.0;0.0;0.0;8.66;89.1;6.21;
2022-03-16 21:00:00;0.0;0.0;0.0;8.52;89.1;6.41;
2022-03-16 22:00:00;0.0;0.0;0.0;8.33;85.9;6.41;
2022-03-16 23:00:00;0.0;0.0;0.0;8.31;85.9;6.28;
2022-03-17 00:00:00;0.0;0.0;0.0;8.42;85.9;6.0;
2022-03-17 01:00:00;0.0;0.0;0.0;8.59;85.9;5.66;
2022-03-17 02:00:00;0.0;0.0;0.0;8.74;85.95;5.45;
2022-03-17 03:00:00;0.0;0.0;0.0;8.91;85.95;5.38;
2022-03-17 04:00:00;0.0;0.0;0.0;9.09;82.85;5.17;
2022-03-17 05:00:00;0.0;0.0;0.0;9.39;79.9;4.97;
2022-03-17 06:00:00;26.0;0.0;26.0;9.59;79.9;4.76;
2022-03-17 07:00:00;40.0;0.0;40.0;10.0;82.95;4.62;
2022-03-17 08:00:00;180.0;13.14;174.0;10.87;77.2;4.55;
2022-03-17 09:00:00;260.0;26.03;245.0;12.43;69.45;4.97;
2022-03-17 10:00:00;304.0;27.46;286.0;13.78;62.45;5.38;
2022-03-17 11:00:00;481.0;200.33;343.0;15.1;58.25;5.45;
2022-03-17 12:00:00;513.0;283.3;322.0;15.68;56.25;5.1;
2022-03-17 13:00:00;357.0;96.33;298.0;15.79;54.35;4.62;
2022-03-17 14:00:00;208.0;15.75;200.0;15.99;54.35;4.14;
2022-03-17 15:00:00;89.0;0.0;89.0;15.53;58.35;3.45;
2022-03-17 16:00:00;72.0;19.9;68.0;14.77;60.4;2.48;
2022-03-17 17:00:00;0.0;0.0;0.0;13.24;69.55;2.07;
2022-03-17 18:00:00;0.0;0.0;0.0;11.31;74.55;2.0;
2022-03-17 19:00:00;0.0;0.0;0.0;10.4;80.05;1.86;
2022-03-17 20:00:00;0.0;0.0;0.0;9.31;85.95;1.86;
2022-03-17 21:00:00;0.0;0.0;0.0;8.19;89.1;1.66;
2022-03-17 22:00:00;0.0;0.0;0.0;7.26;92.35;1.66;
2022-03-17 23:00:00;0.0;0.0;0.0;6.68;92.35;1.72;
2022-03-18 00:00:00;0.0;0.0;0.0;6.0;95.75;1.86;
2022-03-18 01:00:00;0.0;0.0;0.0;5.48;95.75;1.93;
2022-03-18 02:00:00;0.0;0.0;0.0;5.15;95.75;1.79;
2022-03-18 03:00:00;0.0;0.0;0.0;4.87;95.75;1.66;
2022-03-18 04:00:00;0.0;0.0;0.0;4.72;92.25;1.38;
2022-03-18 05:00:00;0.0;0.0;0.0;3.91;99.4;1.45;
2022-03-18 06:00:00;76.0;168.09;53.0;3.36;99.4;1.52;
2022-03-18 07:00:00;261.0;515.25;101.0;8.23;79.75;0.41;
2022-03-18 08:00:00;448.0;724.69;113.0;11.02;69.15;0.69;
2022-03-18 09:00:00;598.0;821.72;120.0;12.81;57.9;1.03;
2022-03-18 10:00:00;704.0;886.92;118.0;14.01;53.85;1.38;
2022-03-18 11:00:00;748.0;912.24;115.0;14.84;50.25;1.59;
2022-03-18 12:00:00;729.0;905.75;114.0;15.37;48.55;1.66;
2022-03-18 13:00:00;649.0;863.82;116.0;15.69;48.55;1.79;
2022-03-18 14:00:00;505.0;749.68;121.0;15.71;48.55;1.86;
2022-03-18 15:00:00;341.0;645.68;101.0;15.46;48.55;1.72;
2022-03-18 16:00:00;159.0;453.52;66.0;14.92;50.25;1.52;
2022-03-18 17:00:00;0.0;0.0;0.0;13.56;57.9;1.86;
2022-03-18 18:00:00;0.0;0.0;0.0;11.39;64.35;2.0;
2022-03-18 19:00:00;0.0;0.0;0.0;9.48;71.5;1.86;
2022-03-18 20:00:00;0.0;0.0;0.0;7.91;79.7;1.45;
2022-03-18 21:00:00;0.0;0.0;0.0;8.45;76.85;0.83;
2022-03-18 22:00:00;0.0;0.0;0.0;8.05;79.7;0.41;
2022-03-18 23:00:00;0.0;0.0;0.0;7.61;82.65;0.41;
2022-03-19 00:00:00;0.0;0.0;0.0;7.19;79.65;0.76;
2022-03-19 01:00:00;0.0;0.0;0.0;6.91;82.6;0.55;
2022-03-19 02:00:00;0.0;0.0;0.0;6.58;82.55;0.41;
2022-03-19 03:00:00;0.0;0.0;0.0;5.88;85.65;0.97;
2022-03-19 04:00:00;0.0;0.0;0.0;5.48;85.6;0.97;
2022-03-19 05:00:00;0.0;0.0;0.0;5.81;82.5;0.83;
2022-03-19 06:00:00;77.0;154.24;55.0;5.67;82.5;0.55;
2022-03-19 07:00:00;288.0;641.86;85.0;6.62;92.3;0.07;
2022-03-19 08:00:00;459.0;743.77;111.0;10.79;69.15;0.41;
2022-03-19 09:00:00;595.0;786.85;133.0;13.15;55.75;0.97;
2022-03-19 10:00:00;606.0;531.58;252.0;14.41;50.1;1.31;
2022-03-19 11:00:00;747.0;888.55;126.0;15.24;45.05;1.59;
2022-03-19 12:00:00;732.0;892.14;122.0;15.79;45.15;1.79;
2022-03-19 13:00:00;650.0;849.49;122.0;16.02;45.15;2.0;
2022-03-19 14:00:00;515.0;766.65;119.0;16.03;45.15;2.14;
2022-03-19 15:00:00;348.0;654.52;102.0;15.68;46.75;2.28;
2022-03-19 16:00:00;165.0;468.69;67.0;14.86;50.25;2.28;
2022-03-19 17:00:00;0.0;0.0;0.0;13.01;55.75;2.41;
2022-03-19 18:00:00;0.0;0.0;0.0;10.84;64.25;2.48;
2022-03-19 19:00:00;0.0;0.0;0.0;9.75;69.0;2.34;
2022-03-19 20:00:00;0.0;0.0;0.0;8.55;76.85;2.14;
2022-03-19 21:00:00;0.0;0.0;0.0;7.5;82.65;1.93;
2022-03-19 22:00:00;0.0;0.0;0.0;6.5;85.7;1.86;
2022-03-19 23:00:00;0.0;0.0;0.0;5.98;88.9;1.86;
2022-03-20 00:00:00;0.0;0.0;0.0;5.57;92.25;1.93;
2022-03-20 01:00:00;0.0;0.0;0.0;5.31;92.25;2.07;
2022-03-20 02:00:00;0.0;0.0;0.0;4.96;92.25;2.07;
2022-03-20 03:00:00;0.0;0.0;0.0;4.43;95.75;2.14;
2022-03-20 04:00:00;0.0;0.0;0.0;4.0;95.7;2.07;
2022-03-20 05:00:00;0.0;0.0;0.0;3.64;95.7;2.0;
2022-03-20 06:00:00;90.0;229.04;56.0;3.77;95.7;1.86;
2022-03-20 07:00:00;278.0;552.79;100.0;7.74;85.85;1.59;
2022-03-20 08:00:00;455.0;701.18;123.0;11.43;69.25;2.07;
2022-03-20 09:00:00;624.0;865.72;111.0;13.15;60.05;2.41;
2022-03-20 10:00:00;723.0;908.89;113.0;14.51;53.95;2.69;
2022-03-20 11:00:00;739.0;846.76;143.0;15.35;48.55;2.76;
2022-03-20 12:00:00;720.0;839.54;142.0;15.99;46.9;2.97;
2022-03-20 13:00:00;643.0;809.86;136.0;16.24;45.15;3.1;
2022-03-20 14:00:00;499.0;679.71;145.0;16.07;45.15;3.38;
2022-03-20 15:00:00;342.0;602.69;113.0;15.45;46.75;3.72;
2022-03-20 16:00:00;165.0;441.12;71.0;14.3;52.0;3.24;
2022-03-20 17:00:00;6.0;0.0;6.0;12.58;57.75;2.76;
2022-03-20 18:00:00;0.0;0.0;0.0;10.73;64.25;2.55;
2022-03-20 19:00:00;0.0;0.0;0.0;9.42;77.0;2.21;
2022-03-20 20:00:00;0.0;0.0;0.0;8.59;82.75;2.07;
2022-03-20 21:00:00;0.0;0.0;0.0;7.76;82.7;2.07;
2022-03-20 22:00:00;0.0;0.0;0.0;7.3;85.8;2.21;
2022-03-20 23:00:00;0.0;0.0;0.0;6.96;89.0;2.34;
2022-03-21 00:00:00;0.0;0.0;0.0;6.94;89.0;2.41;
2022-03-21 01:00:00;0.0;0.0;0.0;7.21;89.0;2.28;
2022-03-21 02:00:00;0.0;0.0;0.0;6.95;92.35;2.14;
2022-03-21 03:00:00;0.0;0.0;0.0;6.71;92.35;1.93;
2022-03-21 04:00:00;0.0;0.0;0.0;6.74;92.35;1.72;
2022-03-21 05:00:00;0.0;0.0;0.0;6.8;92.35;1.59;
2022-03-21 06:00:00;54.0;19.45;51.0;6.83;95.8;1.31;
2022-03-21 07:00:00;129.0;18.31;123.0;8.35;89.1;1.45;
2022-03-21 08:00:00;291.0;129.42;229.0;10.36;80.05;1.52;
2022-03-21 09:00:00;371.0;127.1;295.0;11.14;77.2;1.38;
2022-03-21 10:00:00;640.0;621.01;220.0;11.95;69.35;1.45;
2022-03-21 11:00:00;703.0;722.37;191.0;12.99;64.65;1.59;
2022-03-21 12:00:00;421.0;106.76;347.0;13.65;64.65;1.59;
2022-03-21 13:00:00;456.0;234.74;308.0;14.19;62.45;1.45;
2022-03-21 14:00:00;393.0;287.59;242.0;14.2;60.2;1.45;
2022-03-21 15:00:00;176.0;39.06;161.0;14.01;60.2;1.59;
2022-03-21 16:00:00;84.0;23.03;79.0;13.34;62.3;1.86;
2022-03-21 17:00:00;2.0;0.0;2.0;12.43;66.95;1.93;
2022-03-21 18:00:00;0.0;0.0;0.0;11.49;71.85;1.86;
2022-03-21 19:00:00;0.0;0.0;0.0;10.85;74.45;1.17;
2022-03-21 20:00:00;0.0;0.0;0.0;10.2;80.05;1.1;
2022-03-21 21:00:00;0.0;0.0;0.0;9.62;85.95;1.17;
2022-03-21 22:00:00;0.0;0.0;0.0;9.24;89.15;1.38;
2022-03-21 23:00:00;0.0;0.0;0.0;8.92;92.45;1.59;
2022-03-22 00:00:00;0.0;0.0;0.0;8.6;92.4;1.79;
2022-03-22 01:00:00;0.0;0.0;0.0;8.48;95.85;1.79;
2022-03-22 02:00:00;0.0;0.0;0.0;8.43;95.85;1.86;
2022-03-22 03:00:00;0.0;0.0;0.0;8.38;95.85;2.14;
2022-03-22 04:00:00;0.0;0.0;0.0;8.2;92.4;2.69;
2022-03-22 05:00:00;0.0;0.0;0.0;8.13;95.8;3.17;
2022-03-22 06:00:00;26.0;0.0;26.0;8.3;92.4;3.52;
2022-03-22 07:00:00;103.0;3.0;102.0;8.95;89.1;3.72;
2022-03-22 08:00:00;163.0;4.13;161.0;10.08;86.0;4.9;
2022-03-22 09:00:00;170.0;0.0;170.0;11.27;80.15;5.03;
2022-03-22 10:00:00;272.0;8.8;266.0;11.64;80.15;5.24;
2022-03-22 11:00:00;295.0;11.21;287.0;11.82;77.35;5.72;
2022-03-22 12:00:00;172.0;0.0;172.0;12.46;74.7;5.66;
2022-03-22 13:00:00;535.0;425.27;265.0;12.58;74.7;6.07;
2022-03-22 14:00:00;509.0;712.31;132.0;12.83;69.55;5.72;
2022-03-22 15:00:00;337.0;551.39;123.0;13.01;67.05;5.38;
2022-03-22 16:00:00;97.0;49.76;86.0;12.87;64.65;4.55;
2022-03-22 17:00:00;3.0;0.0;3.0;11.84;69.35;3.17;
2022-03-22 18:00:00;0.0;0.0;0.0;10.47;77.15;2.69;
2022-03-22 19:00:00;0.0;0.0;0.0;9.62;79.9;2.34;
2022-03-22 20:00:00;0.0;0.0;0.0;9.24;79.9;2.41;
2022-03-22 21:00:00;0.0;0.0;0.0;8.91;79.85;2.34;
2022-03-22 22:00:00;0.0;0.0;0.0;8.48;79.75;2.07;
2022-03-22 23:00:00;0.0;0.0;0.0;8.07;82.7;1.79;
2022-03-23 00:00:00;0.0;0.0;0.0;7.85;82.7;1.52;
2022-03-23 01:00:00;0.0;0.0;0.0;7.56;85.8;1.59;
2022-03-23 02:00:00;0.0;0.0;0.0;7.28;85.8;1.79;
2022-03-23 03:00:00;0.0;0.0;0.0;6.71;85.75;2.0;
2022-03-23 04:00:00;0.0;0.0;0.0;6.13;92.3;2.14;
2022-03-23 05:00:00;0.0;0.0;0.0;5.6;95.75;2.21;
2022-03-23 06:00:00;108.0;283.37;61.0;5.71;92.3;2.0;
2022-03-23 07:00:00;291.0;545.5;106.0;9.43;79.9;1.86;
2022-03-23 08:00:00;466.0;687.52;129.0;11.89;66.85;2.41;
2022-03-23 09:00:00;605.0;754.11;146.0;13.28;62.3;2.55;
2022-03-23 10:00:00;698.0;790.91;155.0;14.17;60.2;2.41;
2022-03-23 11:00:00;753.0;851.75;141.0;15.02;56.15;2.69;
2022-03-23 12:00:00;741.0;867.04;132.0;15.46;52.25;2.76;
2022-03-23 13:00:00;659.0;825.95;131.0;15.48;50.35;2.62;
2022-03-23 14:00:00;528.0;757.35;124.0;15.37;50.35;2.55;
2022-03-23 15:00:00;359.0;640.08;108.0;15.17;52.15;2.41;
2022-03-23 16:00:00;174.0;440.05;75.0;14.62;53.95;2.07;
2022-03-23 17:00:00;12.0;46.13;10.0;13.51;60.05;1.72;
2022-03-23 18:00:00;0.0;0.0;0.0;11.54;66.75;2.0;
2022-03-23 19:00:00;0.0;0.0;0.0;9.98;79.95;1.86;
2022-03-23 20:00:00;0.0;0.0;0.0;8.35;85.9;1.52;
2022-03-23 21:00:00;0.0;0.0;0.0;8.05;85.85;1.1;
2022-03-23 22:00:00;0.0;0.0;0.0;8.39;85.9;0.48;
2022-03-23 23:00:00;0.0;0.0;0.0;7.75;89.05;0.14;
2022-03-24 00:00:00;0.0;0.0;0.0;7.08;92.35;0.34;
2022-03-24 01:00:00;0.0;0.0;0.0;6.53;95.8;0.28;
2022-03-24 02:00:00;0.0;0.0;0.0;6.12;99.4;0.48;
2022-03-24 03:00:00;0.0;0.0;0.0;5.6;99.4;0.83;
2022-03-24 04:00:00;0.0;0.0;0.0;4.45;100.0;1.1;
2022-03-24 05:00:00;0.0;0.0;0.0;3.87;100.0;1.17;
2022-03-24 06:00:00;75.0;58.26;65.0;4.06;100.0;0.97;
2022-03-24 07:00:00;213.0;162.41;157.0;8.43;89.1;1.66;
2022-03-24 08:00:00;448.0;581.02;160.0;11.69;71.85;2.28;
2022-03-24 09:00:00;599.0;710.14;163.0;13.43;64.65;2.76;
2022-03-24 10:00:00;672.0;678.13;203.0;14.66;58.1;2.97;
2022-03-24 11:00:00;581.0;335.95;338.0;15.43;54.25;3.31;
2022-03-24 12:00:00;705.0;736.97;184.0;15.81;52.4;3.66;
2022-03-24 13:00:00;579.0;526.73;240.0;15.83;52.4;3.72;
2022-03-24 14:00:00;455.0;448.31;214.0;15.42;54.25;3.72;
2022-03-24 15:00:00;356.0;608.38;115.0;14.77;58.25;3.79;
2022-03-24 16:00:00;158.0;297.08;90.0;13.88;67.15;3.66;
2022-03-24 17:00:00;12.0;21.16;11.0;12.75;72.1;3.17;
2022-03-24 18:00:00;0.0;0.0;0.0;11.49;83.1;2.9;
2022-03-24 19:00:00;0.0;0.0;0.0;10.91;86.1;3.03;
2022-03-24 20:00:00;0.0;0.0;0.0;10.27;89.25;3.17;
2022-03-24 21:00:00;0.0;0.0;0.0;10.08;92.5;3.52;
2022-03-24 22:00:00;0.0;0.0;0.0;9.97;92.5;4.0;
2022-03-24 23:00:00;0.0;0.0;0.0;9.95;92.5;4.34;
2022-03-25 00:00:00;0.0;0.0;0.0;9.89;92.5;4.55;
2022-03-25 01:00:00;0.0;0.0;0.0;10.05;89.2;4.76;
2022-03-25 02:00:00;0.0;0.0;0.0;10.27;80.05;4.9;
2022-03-25 03:00:00;0.0;0.0;0.0;10.47;77.15;5.03;
2022-03-25 04:00:00;0.0;0.0;0.0;10.5;74.4;5.03;
2022-03-25 05:00:00;0.0;0.0;0.0;10.28;74.4;5.31;
2022-03-25 06:00:00;34.0;0.0;34.0;10.09;77.1;5.66;
2022-03-25 07:00:00;90.0;0.0;90.0;10.87;80.1;5.79;
2022-03-25 08:00:00;68.0;0.0;68.0;10.56;86.05;6.69;
2022-03-25 09:00:00;93.0;0.0;93.0;10.62;89.25;6.55;
2022-03-25 10:00:00;144.0;0.0;144.0;10.68;89.25;6.9;
2022-03-25 11:00:00;141.0;0.0;141.0;10.9;86.1;7.52;
2022-03-25 12:00:00;137.0;0.0;137.0;11.28;86.15;8.0;
2022-03-25 13:00:00;102.0;0.0;102.0;11.27;86.15;8.14;
2022-03-25 14:00:00;70.0;0.0;70.0;11.3;86.15;8.21;
2022-03-25 15:00:00;77.0;0.0;77.0;11.31;86.15;8.14;
2022-03-25 16:00:00;126.0;120.28;98.0;11.35;86.15;7.93;
2022-03-25 17:00:00;11.0;19.56;10.0;11.21;86.15;7.45;
2022-03-25 18:00:00;0.0;0.0;0.0;10.98;89.3;6.48;
2022-03-25 19:00:00;0.0;0.0;0.0;10.49;92.5;6.41;
2022-03-25 20:00:00;0.0;0.0;0.0;10.51;92.5;5.86;
2022-03-25 21:00:00;0.0;0.0;0.0;10.38;92.5;5.72;
2022-03-25 22:00:00;0.0;0.0;0.0;10.32;92.5;5.38;
2022-03-25 23:00:00;0.0;0.0;0.0;10.32;92.5;5.03;
2022-03-26 00:00:00;0.0;0.0;0.0;10.29;92.5;4.83;
2022-03-26 01:00:00;0.0;0.0;0.0;10.34;92.5;4.55;
2022-03-26 02:00:00;0.0;0.0;0.0;10.34;92.5;4.0;
2022-03-26 03:00:00;0.0;0.0;0.0;10.27;92.5;3.17;
2022-03-26 04:00:00;0.0;0.0;0.0;10.26;92.5;2.28;
2022-03-26 05:00:00;0.0;0.0;0.0;10.33;95.9;0.9;
2022-03-26 06:00:00;87.0;81.88;72.0;10.35;95.9;0.34;
2022-03-26 07:00:00;194.0;98.28;159.0;10.61;99.4;0.28;
2022-03-26 08:00:00;294.0;110.54;238.0;11.38;95.9;0.28;
2022-03-26 09:00:00;279.0;24.02;264.0;11.97;95.95;0.76;
2022-03-26 10:00:00;163.0;0.0;163.0;12.51;89.4;1.03;
2022-03-26 11:00:00;269.0;4.09;266.0;12.99;86.3;0.9;
2022-03-26 12:00:00;307.0;16.76;295.0;13.47;86.3;1.1;
2022-03-26 13:00:00;335.0;52.14;301.0;13.74;83.35;1.17;
2022-03-26 14:00:00;126.0;0.0;126.0;13.87;83.35;0.62;
2022-03-26 15:00:00;81.0;0.0;81.0;14.01;83.35;0.76;
2022-03-26 16:00:00;116.0;80.29;97.0;13.88;83.35;1.38;
2022-03-26 17:00:00;13.0;18.18;12.0;13.14;89.4;1.45;
2022-03-26 18:00:00;0.0;0.0;0.0;12.2;95.95;1.59;
2022-03-26 19:00:00;0.0;0.0;0.0;12.25;89.4;1.45;
2022-03-26 20:00:00;0.0;0.0;0.0;11.46;95.9;1.52;
2022-03-26 21:00:00;0.0;0.0;0.0;11.01;95.9;1.38;
2022-03-26 22:00:00;0.0;0.0;0.0;10.1;99.4;1.66;
2022-03-26 23:00:00;0.0;0.0;0.0;9.45;99.4;1.52;
2022-03-27 00:00:00;0.0;0.0;0.0;9.18;95.85;1.52;
2022-03-27 01:00:00;0.0;0.0;0.0;9.22;95.85;1.45;
2022-03-27 02:00:00;0.0;0.0;0.0;9.36;99.4;1.17;
2022-03-27 03:00:00;0.0;0.0;0.0;9.52;99.4;0.97;
2022-03-27 04:00:00;0.0;0.0;0.0;9.66;99.4;1.03;
2022-03-27 05:00:00;0.0;0.0;0.0;9.52;99.4;1.17;
2022-03-27 06:00:00;63.0;10.58;61.0;9.45;95.85;1.24;
2022-03-27 07:00:00;50.0;0.0;50.0;10.33;95.9;1.52;
2022-03-27 08:00:00;126.0;0.0;126.0;11.58;92.55;1.72;
2022-03-27 09:00:00;233.0;4.76;230.0;12.98;83.25;2.34;
2022-03-27 10:00:00;528.0;264.67;341.0;13.1;80.35;2.69;
2022-03-27 11:00:00;693.0;607.47;245.0;13.94;64.75;3.79;
2022-03-27 12:00:00;615.0;433.12;303.0;14.63;56.0;4.69;
2022-03-27 13:00:00;453.0;196.55;324.0;14.29;52.0;4.83;
2022-03-27 14:00:00;383.0;218.27;263.0;14.07;53.85;4.41;
2022-03-27 15:00:00;362.0;593.22;120.0;13.83;53.85;3.31;
2022-03-27 16:00:00;147.0;191.27;101.0;13.18;55.75;1.59;
2022-03-27 17:00:00;14.0;16.99;13.0;12.61;59.95;0.55;
2022-03-27 18:00:00;0.0;0.0;0.0;11.05;71.75;1.24;
2022-03-27 19:00:00;0.0;0.0;0.0;9.83;77.1;1.59;
2022-03-27 20:00:00;0.0;0.0;0.0;8.81;79.85;1.45;
2022-03-27 21:00:00;0.0;0.0;0.0;7.63;85.8;1.86;
2022-03-27 22:00:00;0.0;0.0;0.0;6.82;85.75;2.21;
2022-03-27 23:00:00;0.0;0.0;0.0;6.37;88.95;2.41;
2022-03-28 00:00:00;0.0;0.0;0.0;6.25;88.95;2.41;
2022-03-28 01:00:00;0.0;0.0;0.0;5.89;92.3;2.28;
2022-03-28 02:00:00;0.0;0.0;0.0;5.2;88.85;2.14;
2022-03-28 03:00:00;0.0;0.0;0.0;4.5;92.2;2.0;
2022-03-28 04:00:00;0.0;0.0;0.0;4.33;92.2;1.66;
2022-03-28 05:00:00;0.0;0.0;0.0;4.28;92.2;1.45;
2022-03-28 06:00:00;153.0;477.71;60.0;4.85;92.25;1.1;
2022-03-28 07:00:00;349.0;705.13;90.0;9.04;85.95;0.76;
2022-03-28 08:00:00;530.0;821.38;105.0;12.69;66.95;1.17;
2022-03-28 09:00:00;675.0;883.75;114.0;14.58;52.0;2.14;
2022-03-28 10:00:00;775.0;930.51;113.0;15.5;43.4;2.62;
2022-03-28 11:00:00;815.0;944.6;114.0;16.01;40.35;2.14;
2022-03-28 12:00:00;792.0;936.89;113.0;16.4;39.0;1.59;
2022-03-28 13:00:00;710.0;905.38;112.0;16.72;40.5;1.66;
2022-03-28 14:00:00;573.0;837.9;109.0;16.85;40.6;1.72;
2022-03-28 15:00:00;399.0;728.48;99.0;16.75;42.15;1.79;
2022-03-28 16:00:00;207.0;552.54;72.0;16.33;45.3;1.72;
2022-03-28 17:00:00;23.0;63.79;19.0;14.75;52.15;2.28;
2022-03-28 18:00:00;0.0;0.0;0.0;12.36;57.75;2.83;
2022-03-28 19:00:00;0.0;0.0;0.0;11.48;59.7;2.76;
2022-03-28 20:00:00;0.0;0.0;0.0;10.5;59.5;2.76;
2022-03-28 21:00:00;0.0;0.0;0.0;9.72;59.35;2.41;
2022-03-28 22:00:00;0.0;0.0;0.0;8.7;63.8;2.14;
2022-03-28 23:00:00;0.0;0.0;0.0;7.56;71.15;1.86;
2022-03-29 00:00:00;0.0;0.0;0.0;7.27;68.5;1.38;
2022-03-29 01:00:00;0.0;0.0;0.0;5.92;76.5;1.72;
2022-03-29 02:00:00;0.0;0.0;0.0;5.19;79.35;2.0;
2022-03-29 03:00:00;0.0;0.0;0.0;4.78;85.55;2.0;
2022-03-29 04:00:00;0.0;0.0;0.0;4.38;88.8;2.07;
2022-03-29 05:00:00;0.0;0.0;0.0;4.08;92.15;1.86;
2022-03-29 06:00:00;153.0;444.14;64.0;5.6;88.85;1.24;
2022-03-29 07:00:00;339.0;640.99;100.0;9.48;79.9;1.1;
2022-03-29 08:00:00;486.0;635.08;154.0;12.08;66.85;1.45;
2022-03-29 09:00:00;596.0;604.78;209.0;14.01;58.0;1.52;
2022-03-29 10:00:00;737.0;820.91;149.0;15.59;52.25;1.38;
2022-03-29 11:00:00;724.0;668.28;225.0;16.75;45.45;1.38;
2022-03-29 12:00:00;732.0;755.76;181.0;17.57;43.9;1.38;
2022-03-29 13:00:00;659.0;744.79;164.0;18.07;42.45;1.52;
2022-03-29 14:00:00;383.0;204.41;269.0;18.22;44.05;1.45;
2022-03-29 15:00:00;61.0;0.0;61.0;17.94;44.05;1.31;
2022-03-29 16:00:00;42.0;0.0;42.0;16.87;52.65;1.86;
2022-03-29 17:00:00;19.0;30.06;17.0;15.05;62.65;2.48;
2022-03-29 18:00:00;0.0;0.0;0.0;13.16;67.05;2.28;
2022-03-29 19:00:00;0.0;0.0;0.0;11.26;71.85;2.21;
2022-03-29 20:00:00;0.0;0.0;0.0;10.29;77.15;2.07;
2022-03-29 21:00:00;0.0;0.0;0.0;9.84;82.95;1.03;
2022-03-29 22:00:00;0.0;0.0;0.0;10.44;74.4;0.41;
2022-03-29 23:00:00;0.0;0.0;0.0;10.24;74.4;0.28;
2022-03-30 00:00:00;0.0;0.0;0.0;9.3;79.9;0.69;
2022-03-30 01:00:00;0.0;0.0;0.0;8.98;82.85;0.48;
2022-03-30 02:00:00;0.0;0.0;0.0;8.48;85.9;0.55;
2022-03-30 03:00:00;0.0;0.0;0.0;7.67;85.85;0.9;
2022-03-30 04:00:00;0.0;0.0;0.0;7.54;89.0;0.76;
2022-03-30 05:00:00;0.0;0.0;0.0;6.68;89.0;1.03;
2022-03-30 06:00:00;156.0;436.74;66.0;7.0;92.35;0.9;
2022-03-30 07:00:00;344.0;642.21;101.0;10.96;71.75;1.93;
2022-03-30 08:00:00;515.0;740.42;124.0;13.13;60.05;2.9;
2022-03-30 09:00:00;648.0;782.99;143.0;14.96;56.15;3.79;
2022-03-30 10:00:00;736.0;807.13;154.0;16.69;54.45;4.48;
2022-03-30 11:00:00;773.0;819.99;157.0;18.03;54.85;5.03;
2022-03-30 12:00:00;610.0;389.99;324.0;19.13;53.15;5.66;
2022-03-30 13:00:00;550.0;385.83;292.0;19.9;51.5;6.28;
2022-03-30 14:00:00;552.0;751.39;130.0;20.15;51.5;6.41;
2022-03-30 15:00:00;376.0;605.53;122.0;20.33;48.05;6.9;
2022-03-30 16:00:00;193.0;420.8;87.0;19.72;53.25;7.24;
2022-03-30 17:00:00;23.0;42.65;20.0;18.78;49.45;7.79;
2022-03-30 18:00:00;0.0;0.0;0.0;17.97;49.15;7.1;
2022-03-30 19:00:00;0.0;0.0;0.0;17.46;56.75;4.55;
2022-03-30 20:00:00;0.0;0.0;0.0;15.02;67.35;2.76;
2022-03-30 21:00:00;0.0;0.0;0.0;12.69;80.3;2.83;
2022-03-30 22:00:00;0.0;0.0;0.0;11.35;86.15;2.62;
2022-03-30 23:00:00;0.0;0.0;0.0;10.68;92.5;2.14;
2022-03-31 00:00:00;0.0;0.0;0.0;9.99;95.9;1.66;
2022-03-31 01:00:00;0.0;0.0;0.0;9.06;99.4;1.45;
2022-03-31 02:00:00;0.0;0.0;0.0;8.44;99.4;1.45;
2022-03-31 03:00:00;0.0;0.0;0.0;8.06;99.4;1.72;
2022-03-31 04:00:00;0.0;0.0;0.0;7.93;99.4;1.38;
2022-03-31 05:00:00;0.0;0.0;0.0;7.44;99.4;1.52;
2022-03-31 06:00:00;88.0;37.78;80.0;8.35;95.85;1.17;
2022-03-31 07:00:00;136.0;7.82;133.0;11.86;92.6;0.48;
2022-03-31 08:00:00;303.0;93.75;253.0;14.1;86.35;0.28;
2022-03-31 09:00:00;616.0;650.79;193.0;16.26;72.65;1.52;
2022-03-31 10:00:00;726.0;760.51;174.0;18.11;63.3;2.41;
2022-03-31 11:00:00;774.0;815.13;158.0;19.54;55.2;2.9;
2022-03-31 12:00:00;756.0;818.88;152.0;20.65;51.65;3.52;
2022-03-31 13:00:00;674.0;780.41;149.0;21.26;51.75;3.93;
2022-03-31 14:00:00;550.0;737.4;133.0;21.52;51.9;4.0;
2022-03-31 15:00:00;360.0;507.97;145.0;21.52;53.75;4.07;
2022-03-31 16:00:00;213.0;543.7;74.0;20.04;61.16;4.0;
2022-03-31 17:00:00;27.0;67.44;22.0;19.1;62.08;3.85;
2022-03-31 18:00:00;0.0;0.0;0.0;18.16;63.01;3.7;
2022-03-31 19:00:00;0.0;0.0;0.0;17.22;63.94;3.56;
2022-03-31 20:00:00;0.0;0.0;0.0;16.27;64.87;3.41;
2022-03-31 21:00:00;0.0;0.0;0.0;15.33;65.79;3.26;
2022-03-31 22:00:00;0.0;0.0;0.0;14.39;66.72;3.12;
2022-03-31 23:00:00;0.0;0.0;0.0;13.45;67.65;2.97;
2022-04-01 00:00:00;0.0;0.0;0.0;12.5;68.58;2.82;
2022-04-01 01:00:00;0.0;0.0;0.0;11.56;69.5;2.68;
2022-04-01 02:00:00;0.0;0.0;0.0;10.62;70.43;2.53;
2022-04-01 03:00:00;0.0;0.0;0.0;9.68;71.36;2.38;
2022-04-01 04:00:00;0.0;0.0;0.0;8.73;72.29;2.24;
2022-04-01 05:00:00;5.0;0.0;5.0;7.79;73.21;2.09;
2022-04-01 06:00:00;161.0;386.47;77.0;6.85;74.14;1.94;
2022-04-01 07:00:00;347.0;585.65;119.0;5.91;75.07;1.8;
2022-04-01 08:00:00;521.0;707.43;140.0;17.19;43.8;3.31;
2022-04-01 09:00:00;660.0;766.47;158.0;19.33;36.8;4.14;
2022-04-01 10:00:00;755.0;813.12;161.0;20.58;32.1;4.21;
2022-04-01 11:00:00;774.0;765.65;192.0;21.41;30.0;4.07;
2022-04-01 12:00:00;744.0;730.67;202.0;21.95;29.05;3.93;
2022-04-01 13:00:00;671.0;719.66;184.0;22.22;27.95;3.72;
2022-04-01 14:00:00;567.0;757.02;136.0;22.23;27.95;3.66;
2022-04-01 15:00:00;397.0;655.74;117.0;21.87;27.85;3.66;
2022-04-01 16:00:00;203.0;435.64;90.0;21.09;28.8;3.38;
2022-04-01 17:00:00;24.0;25.67;22.0;19.66;33.05;2.41;
2022-04-01 18:00:00;0.0;0.0;0.0;17.33;40.6;2.28;
2022-04-01 19:00:00;0.0;0.0;0.0;15.46;54.25;1.86;
2022-04-01 20:00:00;0.0;0.0;0.0;14.07;58.1;1.59;
2022-04-01 21:00:00;0.0;0.0;0.0;14.4;52.15;1.24;
2022-04-01 22:00:00;0.0;0.0;0.0;14.92;48.55;0.83;
2022-04-01 23:00:00;0.0;0.0;0.0;10.76;71.7;2.07;
2022-04-02 00:00:00;0.0;0.0;0.0;10.35;74.4;2.55;
2022-04-02 01:00:00;0.0;0.0;0.0;10.49;77.15;2.76;
2022-04-02 02:00:00;0.0;0.0;0.0;10.54;80.05;2.83;
2022-04-02 03:00:00;0.0;0.0;0.0;10.54;80.05;2.83;
2022-04-02 04:00:00;0.0;0.0;0.0;10.6;80.05;2.62;
2022-04-02 05:00:00;3.0;0.0;3.0;10.42;80.05;2.41;
2022-04-02 06:00:00;118.0;112.14;93.0;10.92;77.2;1.93;
2022-04-02 07:00:00;280.0;263.48;176.0;14.22;62.55;2.14;
2022-04-02 08:00:00;395.0;255.64;256.0;16.92;52.65;2.55;
2022-04-02 09:00:00;498.0;277.33;315.0;18.51;45.85;2.48;
2022-04-02 10:00:00;559.0;273.41;358.0;19.93;41.45;2.28;
2022-04-02 11:00:00;611.0;327.0;361.0;20.79;40.1;2.28;
2022-04-02 12:00:00;618.0;378.05;336.0;21.45;36.15;2.28;
2022-04-02 13:00:00;514.0;273.27;328.0;21.75;36.15;2.41;
2022-04-02 14:00:00;361.0;141.33;280.0;21.86;34.85;2.55;
2022-04-02 15:00:00;257.0;127.69;202.0;21.32;34.7;2.83;
2022-04-02 16:00:00;126.0;64.62;109.0;20.58;35.9;3.24;
2022-04-02 17:00:00;20.0;12.24;19.0;18.92;41.15;3.17;
2022-04-02 18:00:00;0.0;0.0;0.0;16.8;50.6;2.9;
2022-04-02 19:00:00;0.0;0.0;0.0;16.32;48.65;2.69;
2022-04-02 20:00:00;0.0;0.0;0.0;15.31;52.25;2.21;
2022-04-02 21:00:00;0.0;0.0;0.0;13.92;62.55;1.45;
2022-04-02 22:00:00;0.0;0.0;0.0;13.68;64.75;0.83;
2022-04-02 23:00:00;0.0;0.0;0.0;13.43;64.75;0.55;
2022-04-03 00:00:00;0.0;0.0;0.0;12.94;69.55;0.62;
2022-04-03 01:00:00;0.0;0.0;0.0;12.42;72.05;0.55;
2022-04-03 02:00:00;0.0;0.0;0.0;11.87;71.95;0.34;
2022-04-03 03:00:00;0.0;0.0;0.0;11.43;74.55;0.34;
2022-04-03 04:00:00;0.0;0.0;0.0;10.76;80.05;0.62;
2022-04-03 05:00:00;9.0;0.0;9.0;10.44;80.05;0.69;
2022-04-03 06:00:00;88.0;26.26;82.0;11.3;74.55;0.48;
2022-04-03 07:00:00;255.0;177.46;184.0;13.5;64.75;0.48;
2022-04-03 08:00:00;519.0;677.75;147.0;14.94;56.25;1.1;
2022-04-03 09:00:00;626.0;631.83;206.0;16.1;52.4;1.38;
2022-04-03 10:00:00;723.0;696.17;208.0;17.34;45.55;1.17;
2022-04-03 11:00:00;410.0;55.93;367.0;18.39;41.05;1.38;
2022-04-03 12:00:00;633.0;411.99;324.0;19.17;41.15;1.93;
2022-04-03 13:00:00;292.0;16.07;281.0;19.71;38.35;2.28;
2022-04-03 14:00:00;199.0;3.47;197.0;17.89;47.4;2.9;
2022-04-03 15:00:00;195.0;32.23;181.0;16.85;56.6;3.59;
2022-04-03 16:00:00;94.0;11.25;91.0;16.25;60.65;3.66;
2022-04-03 17:00:00;16.0;0.0;16.0;16.16;58.45;3.24;
2022-04-03 18:00:00;0.0;0.0;0.0;15.09;60.5;2.9;
2022-04-03 19:00:00;0.0;0.0;0.0;13.9;69.75;2.55;
2022-04-03 20:00:00;0.0;0.0;0.0;13.36;69.65;2.48;
2022-04-03 21:00:00;0.0;0.0;0.0;12.84;72.1;2.48;
2022-04-03 22:00:00;0.0;0.0;0.0;12.32;72.05;2.48;
2022-04-03 23:00:00;0.0;0.0;0.0;11.52;77.3;2.48;
2022-04-04 00:00:00;0.0;0.0;0.0;10.98;80.1;2.55;
2022-04-04 01:00:00;0.0;0.0;0.0;11.06;80.1;2.55;
2022-04-04 02:00:00;0.0;0.0;0.0;10.95;83.05;2.76;
2022-04-04 03:00:00;0.0;0.0;0.0;10.95;83.05;3.1;
2022-04-04 04:00:00;0.0;0.0;0.0;10.98;86.1;3.59;
2022-04-04 05:00:00;3.0;0.0;3.0;11.32;83.1;4.14;
2022-04-04 06:00:00;84.0;17.09;80.0;12.04;80.2;4.48;
2022-04-04 07:00:00;187.0;41.93;170.0;13.54;74.85;5.59;
2022-04-04 08:00:00;300.0;74.01;259.0;15.58;62.75;6.28;
2022-04-04 09:00:00;568.0;439.11;274.0;17.52;52.75;6.69;
2022-04-04 10:00:00;388.0;52.4;349.0;19.04;45.95;6.55;
2022-04-04 11:00:00;406.0;53.03;365.0;20.0;44.6;6.41;
2022-04-04 12:00:00;610.0;354.08;343.0;20.68;40.1;6.62;
2022-04-04 13:00:00;76.0;0.0;76.0;20.0;44.6;6.34;
2022-04-04 14:00:00;253.0;22.39;240.0;19.82;46.1;6.69;
2022-04-04 15:00:00;107.0;0.0;107.0;17.13;60.85;5.72;
2022-04-04 16:00:00;42.0;0.0;42.0;15.06;77.8;5.17;
2022-04-04 17:00:00;8.0;0.0;8.0;13.97;86.4;5.24;
2022-04-04 18:00:00;0.0;0.0;0.0;13.37;89.45;5.1;
2022-04-04 19:00:00;0.0;0.0;0.0;12.79;95.95;4.07;
2022-04-04 20:00:00;0.0;0.0;0.0;12.04;89.35;4.14;
2022-04-04 21:00:00;0.0;0.0;0.0;10.48;89.25;5.38;
2022-04-04 22:00:00;0.0;0.0;0.0;9.58;89.15;4.97;
2022-04-04 23:00:00;0.0;0.0;0.0;9.27;85.95;4.07;
2022-04-05 00:00:00;0.0;0.0;0.0;8.96;85.95;3.66;
2022-04-05 01:00:00;0.0;0.0;0.0;8.71;92.4;3.59;
2022-04-05 02:00:00;0.0;0.0;0.0;8.63;89.1;3.45;
2022-04-05 03:00:00;0.0;0.0;0.0;8.44;89.1;3.31;
2022-04-05 04:00:00;0.0;0.0;0.0;8.42;89.1;3.31;
2022-04-05 05:00:00;8.0;0.0;8.0;8.33;89.1;3.45;
2022-04-05 06:00:00;49.0;0.0;49.0;8.7;92.4;3.52;
2022-04-05 07:00:00;194.0;46.26;175.0;9.55;92.45;2.9;
2022-04-05 08:00:00;219.0;10.73;213.0;10.13;89.2;3.45;
2022-04-05 09:00:00;166.0;0.0;166.0;11.12;80.1;4.07;
2022-04-05 10:00:00;131.0;0.0;131.0;12.23;74.6;3.72;
2022-04-05 11:00:00;193.0;0.0;193.0;12.89;67.05;3.52;
2022-04-05 12:00:00;353.0;26.38;333.0;13.36;64.75;3.45;
2022-04-05 13:00:00;175.0;0.0;175.0;13.7;64.75;2.9;
2022-04-05 14:00:00;111.0;0.0;111.0;14.52;60.4;2.34;
2022-04-05 15:00:00;104.0;0.0;104.0;14.97;58.35;1.72;
2022-04-05 16:00:00;135.0;76.62;114.0;15.04;58.35;1.24;
2022-04-05 17:00:00;48.0;182.97;31.0;14.75;60.4;0.28;
2022-04-05 18:00:00;0.0;0.0;0.0;13.75;67.15;1.31;
2022-04-05 19:00:00;0.0;0.0;0.0;12.21;74.6;1.79;
2022-04-05 20:00:00;0.0;0.0;0.0;11.34;80.15;1.79;
2022-04-05 21:00:00;0.0;0.0;0.0;10.93;83.05;1.66;
2022-04-05 22:00:00;0.0;0.0;0.0;10.32;86.05;1.66;
2022-04-05 23:00:00;0.0;0.0;0.0;9.78;89.2;1.52;
2022-04-06 00:00:00;0.0;0.0;0.0;9.43;92.45;1.45;
2022-04-06 01:00:00;0.0;0.0;0.0;8.95;95.85;1.59;
2022-04-06 02:00:00;0.0;0.0;0.0;8.58;95.85;1.66;
2022-04-06 03:00:00;0.0;0.0;0.0;8.07;99.4;1.52;
2022-04-06 04:00:00;0.0;0.0;0.0;8.17;99.4;1.24;
2022-04-06 05:00:00;18.0;31.89;16.0;7.79;99.4;1.31;
2022-04-06 06:00:00;98.0;28.58;91.0;9.12;99.4;1.45;
2022-04-06 07:00:00;214.0;69.73;185.0;11.52;83.1;2.0;
2022-04-06 08:00:00;282.0;49.65;254.0;13.03;77.5;2.14;
2022-04-06 09:00:00;353.0;53.02;317.0;14.43;64.95;1.93;
2022-04-06 10:00:00;388.0;46.47;353.0;15.39;60.5;1.86;
2022-04-06 11:00:00;199.0;0.0;199.0;16.02;58.45;2.41;
2022-04-06 12:00:00;291.0;5.25;287.0;16.65;54.45;2.55;
2022-04-06 13:00:00;524.0;273.0;334.0;16.89;48.9;2.48;
2022-04-06 14:00:00;477.0;382.7;252.0;16.8;50.6;2.97;
2022-04-06 15:00:00;324.0;285.22;197.0;16.48;48.8;3.59;
2022-04-06 16:00:00;176.0;205.26;119.0;15.87;48.65;3.93;
2022-04-06 17:00:00;34.0;41.4;30.0;14.72;54.1;3.45;
2022-04-06 18:00:00;0.0;0.0;0.0;12.89;62.3;3.03;
2022-04-06 19:00:00;0.0;0.0;0.0;11.81;71.95;2.41;
2022-04-06 20:00:00;0.0;0.0;0.0;11.11;80.1;2.14;
2022-04-06 21:00:00;0.0;0.0;0.0;10.33;86.05;2.07;
2022-04-06 22:00:00;0.0;0.0;0.0;9.94;89.2;2.14;
2022-04-06 23:00:00;0.0;0.0;0.0;9.64;95.85;2.34;
2022-04-07 00:00:00;0.0;0.0;0.0;9.42;95.85;2.48;
2022-04-07 01:00:00;0.0;0.0;0.0;9.31;95.85;2.41;
2022-04-07 02:00:00;0.0;0.0;0.0;9.17;95.85;2.34;
2022-04-07 03:00:00;0.0;0.0;0.0;8.96;95.85;2.28;
2022-04-07 04:00:00;0.0;0.0;0.0;8.74;99.4;2.07;
2022-04-07 05:00:00;3.0;0.0;3.0;8.56;95.85;1.86;
2022-04-07 06:00:00;32.0;0.0;32.0;9.73;95.85;1.38;
2022-04-07 07:00:00;239.0;104.49;195.0;12.1;86.2;2.9;
2022-04-07 08:00:00;110.0;0.0;110.0;13.08;74.75;2.9;
2022-04-07 09:00:00;706.0;832.3;137.0;14.3;67.25;2.76;
2022-04-07 10:00:00;747.0;707.52;211.0;15.47;60.5;2.76;
2022-04-07 11:00:00;829.0;865.56;149.0;16.25;58.45;3.03;
2022-04-07 12:00:00;757.0;711.61;212.0;16.58;54.45;3.52;
2022-04-07 13:00:00;405.0;87.18;344.0;17.1;50.75;3.59;
2022-04-07 14:00:00;556.0;640.71;177.0;17.29;48.9;3.45;
2022-04-07 15:00:00;338.0;318.61;195.0;16.98;47.15;3.31;
2022-04-07 16:00:00;113.0;24.89;106.0;15.81;54.25;3.03;
2022-04-07 17:00:00;48.0;129.59;35.0;15.09;56.25;2.14;
2022-04-07 18:00:00;0.0;0.0;0.0;13.66;62.45;2.0;
2022-04-07 19:00:00;0.0;0.0;0.0;12.67;74.7;0.48;
2022-04-07 20:00:00;0.0;0.0;0.0;11.03;83.05;1.17;
2022-04-07 21:00:00;0.0;0.0;0.0;9.56;89.15;1.66;
2022-04-07 22:00:00;0.0;0.0;0.0;8.88;89.1;2.21;
2022-04-07 23:00:00;0.0;0.0;0.0;8.99;92.45;2.48;
2022-04-08 00:00:00;0.0;0.0;0.0;8.89;92.45;2.62;
2022-04-08 01:00:00;0.0;0.0;0.0;8.72;95.85;2.9;
2022-04-08 02:00:00;0.0;0.0;0.0;8.53;95.85;3.17;
2022-04-08 03:00:00;0.0;0.0;0.0;8.28;92.4;3.17;
2022-04-08 04:00:00;0.0;0.0;0.0;8.01;92.4;3.1;
2022-04-08 05:00:00;31.0;108.42;23.0;7.69;92.35;3.17;
2022-04-08 06:00:00;152.0;168.18;109.0;8.48;85.9;3.03;
2022-04-08 07:00:00;164.0;14.08;158.0;10.37;80.05;4.07;
2022-04-08 08:00:00;397.0;210.9;276.0;12.23;71.95;4.21;
2022-04-08 09:00:00;539.0;319.66;319.0;14.24;62.55;3.93;
2022-04-08 10:00:00;591.0;297.95;364.0;15.99;56.35;3.24;
2022-04-08 11:00:00;427.0;59.52;380.0;17.24;52.65;2.48;
2022-04-08 12:00:00;423.0;64.96;373.0;17.96;47.4;2.0;
2022-04-08 13:00:00;443.0;130.81;351.0;18.4;45.85;2.0;
2022-04-08 14:00:00;286.0;38.65;263.0;18.02;47.4;2.21;
2022-04-08 15:00:00;159.0;6.63;156.0;17.64;49.05;2.48;
2022-04-08 16:00:00;158.0;119.36;124.0;17.07;50.75;2.41;
2022-04-08 17:00:00;49.0;125.01;36.0;16.3;56.35;2.14;
2022-04-08 18:00:00;0.0;0.0;0.0;14.86;60.5;1.93;
2022-04-08 19:00:00;0.0;0.0;0.0;13.17;86.3;1.31;
2022-04-08 20:00:00;0.0;0.0;0.0;12.29;92.6;1.66;
2022-04-08 21:00:00;0.0;0.0;0.0;11.43;92.55;1.93;
2022-04-08 22:00:00;0.0;0.0;0.0;10.63;95.9;2.0;
2022-04-08 23:00:00;0.0;0.0;0.0;10.18;95.9;2.0;
2022-04-09 00:00:00;0.0;0.0;0.0;9.8;92.5;2.14;
2022-04-09 01:00:00;0.0;0.0;0.0;9.59;95.85;2.28;
2022-04-09 02:00:00;0.0;0.0;0.0;9.56;95.85;2.34;
2022-04-09 03:00:00;0.0;0.0;0.0;9.49;92.45;2.41;
2022-04-09 04:00:00;0.0;0.0;0.0;9.41;92.45;2.34;
2022-04-09 05:00:00;3.0;0.0;3.0;9.31;92.45;2.14;
2022-04-09 06:00:00;161.0;195.42;110.0;10.04;92.5;1.79;
2022-04-09 07:00:00;134.0;2.32;133.0;12.36;83.25;2.14;
2022-04-09 08:00:00;312.0;72.6;270.0;14.27;77.65;2.48;
2022-04-09 09:00:00;308.0;21.65;293.0;16.24;65.15;2.62;
2022-04-09 10:00:00;218.0;0.0;218.0;17.43;56.75;2.07;
2022-04-09 11:00:00;409.0;47.88;371.0;18.37;53.0;1.1;
2022-04-09 12:00:00;368.0;31.03;344.0;19.0;51.25;0.69;
2022-04-09 13:00:00;349.0;41.02;320.0;19.32;53.15;1.24;
2022-04-09 14:00:00;375.0;140.32;291.0;19.49;53.25;1.72;
2022-04-09 15:00:00;415.0;636.16;125.0;18.7;56.95;2.07;
2022-04-09 16:00:00;206.0;319.0;114.0;16.5;67.65;2.28;
2022-04-09 17:00:00;53.0;139.33;38.0;16.21;67.55;1.45;
2022-04-09 18:00:00;0.0;0.0;0.0;15.09;69.9;1.93;
2022-04-09 19:00:00;0.0;0.0;0.0;13.75;77.6;1.17;
2022-04-09 20:00:00;0.0;0.0;0.0;12.56;83.25;1.1;
2022-04-09 21:00:00;0.0;0.0;0.0;11.54;89.3;1.31;
2022-04-09 22:00:00;0.0;0.0;0.0;10.78;89.3;1.31;
2022-04-09 23:00:00;0.0;0.0;0.0;10.11;92.5;1.31;
2022-04-10 00:00:00;0.0;0.0;0.0;10.27;92.5;1.03;
2022-04-10 01:00:00;0.0;0.0;0.0;10.67;89.25;0.83;
2022-04-10 02:00:00;0.0;0.0;0.0;10.61;89.25;0.34;
2022-04-10 03:00:00;0.0;0.0;0.0;10.26;92.5;0.14;
2022-04-10 04:00:00;0.0;0.0;0.0;9.91;92.5;0.07;
2022-04-10 05:00:00;23.0;11.81;22.0;9.47;95.85;0.28;
2022-04-10 06:00:00;160.0;172.79;114.0;10.16;99.4;0.28;
2022-04-10 07:00:00;341.0;373.61;178.0;12.73;83.25;0.76;
2022-04-10 08:00:00;441.0;296.59;268.0;14.51;72.4;0.48;
2022-04-10 09:00:00;688.0;735.77;175.0;15.92;67.55;0.28;
2022-04-10 10:00:00;775.0;764.61;186.0;17.51;58.8;0.21;
2022-04-10 11:00:00;532.0;159.23;405.0;18.35;56.85;0.41;
2022-04-10 12:00:00;690.0;491.5;308.0;19.26;53.15;0.48;
2022-04-10 13:00:00;605.0;433.48;297.0;19.51;49.55;0.69;
2022-04-10 14:00:00;468.0;325.53;272.0;18.99;53.15;1.03;
2022-04-10 15:00:00;237.0;65.31;207.0;17.63;63.2;2.0;
2022-04-10 16:00:00;178.0;174.71;127.0;16.19;70.0;2.0;
2022-04-10 17:00:00;40.0;35.94;36.0;15.96;67.55;0.41;
2022-04-10 18:00:00;0.0;0.0;0.0;15.01;75.1;1.03;
2022-04-10 19:00:00;0.0;0.0;0.0;13.74;77.6;1.72;
2022-04-10 20:00:00;0.0;0.0;0.0;12.65;86.25;2.0;
2022-04-10 21:00:00;0.0;0.0;0.0;12.32;89.4;2.21;
2022-04-10 22:00:00;0.0;0.0;0.0;11.99;92.6;1.93;
2022-04-10 23:00:00;0.0;0.0;0.0;11.76;95.9;1.93;
2022-04-11 00:00:00;0.0;0.0;0.0;11.6;95.9;1.86;
2022-04-11 01:00:00;0.0;0.0;0.0;11.41;95.9;1.66;
2022-04-11 02:00:00;0.0;0.0;0.0;11.42;95.9;1.52;
2022-04-11 03:00:00;0.0;0.0;0.0;11.44;95.9;1.31;
2022-04-11 04:00:00;0.0;0.0;0.0;11.46;95.9;1.31;
2022-04-11 05:00:00;21.0;0.0;21.0;11.48;95.9;1.52;
2022-04-11 06:00:00;40.0;0.0;40.0;11.76;92.55;1.72;
2022-04-11 07:00:00;92.0;0.0;92.0;11.93;92.6;1.24;
2022-04-11 08:00:00;143.0;0.0;143.0;12.46;92.6;2.0;
2022-04-11 09:00:00;101.0;0.0;101.0;13.04;92.65;2.48;
2022-04-11 10:00:00;116.0;0.0;116.0;13.51;86.35;3.38;
2022-04-11 11:00:00;239.0;0.0;239.0;13.9;83.4;4.21;
2022-04-11 12:00:00;338.0;16.65;325.0;13.13;80.35;4.62;
2022-04-11 13:00:00;303.0;15.41;292.0;13.64;77.6;5.38;
2022-04-11 14:00:00;320.0;64.4;281.0;13.96;74.95;5.38;
2022-04-11 15:00:00;279.0;136.14;216.0;13.93;72.3;4.9;
2022-04-11 16:00:00;76.0;0.0;76.0;13.38;72.2;4.41;
2022-04-11 17:00:00;10.0;0.0;10.0;13.09;77.5;3.59;
2022-04-11 18:00:00;0.0;0.0;0.0;12.42;80.3;2.69;
2022-04-11 19:00:00;0.0;0.0;0.0;12.47;83.25;2.28;
2022-04-11 20:00:00;0.0;0.0;0.0;11.65;92.55;2.21;
2022-04-11 21:00:00;0.0;0.0;0.0;11.23;92.55;2.34;
2022-04-11 22:00:00;0.0;0.0;0.0;11.09;92.55;2.28;
2022-04-11 23:00:00;0.0;0.0;0.0;10.63;92.5;2.21;
2022-04-12 00:00:00;0.0;0.0;0.0;10.6;89.25;2.21;
2022-04-12 01:00:00;0.0;0.0;0.0;10.37;86.05;2.28;
2022-04-12 02:00:00;0.0;0.0;0.0;10.16;86.0;2.41;
2022-04-12 03:00:00;0.0;0.0;0.0;9.83;82.95;2.76;
2022-04-12 04:00:00;0.0;0.0;0.0;9.43;82.9;2.9;
2022-04-12 05:00:00;28.0;20.96;26.0;9.13;85.95;2.62;
2022-04-12 06:00:00;112.0;28.93;104.0;9.36;89.15;2.14;
2022-04-12 07:00:00;222.0;56.04;197.0;11.73;74.55;3.31;
2022-04-12 08:00:00;378.0;150.19;289.0;12.88;62.3;3.86;
2022-04-12 09:00:00;557.0;328.63;325.0;13.24;60.05;4.14;
2022-04-12 10:00:00;796.0;807.95;167.0;13.47;58.0;4.21;
2022-04-12 11:00:00;484.0;99.34;404.0;13.48;55.9;4.14;
2022-04-12 12:00:00;238.0;0.0;238.0;13.51;55.9;4.21;
2022-04-12 13:00:00;131.0;0.0;131.0;13.22;57.9;3.93;
2022-04-12 14:00:00;69.0;0.0;69.0;12.18;64.45;3.52;
2022-04-12 15:00:00;85.0;0.0;85.0;11.57;69.25;2.9;
2022-04-12 16:00:00;55.0;0.0;55.0;11.19;71.75;2.21;
2022-04-12 17:00:00;16.0;0.0;16.0;10.76;77.15;1.45;
2022-04-12 18:00:00;0.0;0.0;0.0;10.34;80.05;1.17;
2022-04-12 19:00:00;0.0;0.0;0.0;11.05;69.15;1.72;
2022-04-12 20:00:00;0.0;0.0;0.0;10.54;74.4;1.45;
2022-04-12 21:00:00;0.0;0.0;0.0;10.22;79.95;0.97;
2022-04-12 22:00:00;0.0;0.0;0.0;10.12;79.95;0.62;
2022-04-12 23:00:00;0.0;0.0;0.0;9.47;82.9;1.03;
2022-04-13 00:00:00;0.0;0.0;0.0;9.02;85.95;1.45;
2022-04-13 01:00:00;0.0;0.0;0.0;8.76;82.85;1.72;
2022-04-13 02:00:00;0.0;0.0;0.0;8.49;85.9;1.93;
2022-04-13 03:00:00;0.0;0.0;0.0;8.55;85.9;2.0;
2022-04-13 04:00:00;0.0;0.0;0.0;8.4;85.9;2.0;
2022-04-13 05:00:00;6.0;0.0;6.0;8.44;85.9;1.93;
2022-04-13 06:00:00;80.0;3.55;79.0;9.26;79.9;1.79;
2022-04-13 07:00:00;163.0;6.65;160.0;11.06;74.45;2.55;
2022-04-13 08:00:00;163.0;0.0;163.0;12.1;62.1;3.31;
2022-04-13 09:00:00;174.0;0.0;174.0;13.04;55.75;3.45;
2022-04-13 10:00:00;427.0;62.62;378.0;13.96;50.1;3.45;
2022-04-13 11:00:00;418.0;45.73;381.0;14.79;46.6;3.45;
2022-04-13 12:00:00;551.0;194.14;398.0;15.48;45.05;3.24;
2022-04-13 13:00:00;426.0;97.09;356.0;15.34;45.05;2.97;
2022-04-13 14:00:00;443.0;244.97;293.0;15.42;43.4;2.83;
2022-04-13 15:00:00;423.0;598.47;142.0;15.18;43.4;2.69;
2022-04-13 16:00:00;263.0;588.73;85.0;14.78;44.9;2.62;
2022-04-13 17:00:00;65.0;171.93;44.0;14.02;46.5;2.21;
2022-04-13 18:00:00;0.0;0.0;0.0;12.39;51.65;2.0;
2022-04-13 19:00:00;0.0;0.0;0.0;10.98;69.15;1.24;
2022-04-13 20:00:00;0.0;0.0;0.0;10.51;69.1;0.83;
2022-04-13 21:00:00;0.0;0.0;0.0;9.99;69.0;0.83;
2022-04-13 22:00:00;0.0;0.0;0.0;8.8;76.95;1.17;
2022-04-13 23:00:00;0.0;0.0;0.0;7.93;82.7;1.59;
2022-04-14 00:00:00;0.0;0.0;0.0;7.83;85.85;1.79;
2022-04-14 01:00:00;0.0;0.0;0.0;7.96;85.85;2.14;
2022-04-14 02:00:00;0.0;0.0;0.0;8.21;82.7;2.48;
2022-04-14 03:00:00;0.0;0.0;0.0;8.06;79.7;2.83;
2022-04-14 04:00:00;0.0;0.0;0.0;7.61;79.65;2.83;
2022-04-14 05:00:00;5.0;0.0;5.0;8.0;76.8;2.76;
2022-04-14 06:00:00;21.0;0.0;21.0;9.36;71.5;2.76;
2022-04-14 07:00:00;169.0;8.78;165.0;9.95;79.95;3.59;
2022-04-14 08:00:00;346.0;93.08;290.0;10.53;77.15;4.28;
2022-04-14 09:00:00;364.0;46.19;331.0;10.94;74.45;5.17;
2022-04-14 10:00:00;335.0;13.99;324.0;11.35;69.25;5.45;
2022-04-14 11:00:00;309.0;4.92;305.0;11.57;69.25;5.45;
2022-04-14 12:00:00;411.0;48.01;373.0;12.19;66.85;5.66;
2022-04-14 13:00:00;537.0;255.4;352.0;12.34;62.2;5.52;
2022-04-14 14:00:00;298.0;38.98;274.0;12.58;57.75;5.59;
2022-04-14 15:00:00;191.0;16.92;183.0;12.52;57.75;5.24;
2022-04-14 16:00:00;75.0;0.0;75.0;12.55;59.95;4.21;
2022-04-14 17:00:00;45.0;31.81;41.0;12.22;64.45;2.83;
2022-04-14 18:00:00;0.0;0.0;0.0;11.28;69.15;2.07;
2022-04-14 19:00:00;0.0;0.0;0.0;11.27;71.75;3.03;
2022-04-14 20:00:00;0.0;0.0;0.0;10.88;71.75;3.24;
2022-04-14 21:00:00;0.0;0.0;0.0;10.66;74.4;3.45;
2022-04-14 22:00:00;0.0;0.0;0.0;10.33;74.4;3.45;
2022-04-14 23:00:00;0.0;0.0;0.0;9.67;77.0;3.24;
2022-04-15 00:00:00;0.0;0.0;0.0;9.04;76.95;2.9;
2022-04-15 01:00:00;0.0;0.0;0.0;8.4;79.75;2.62;
2022-04-15 02:00:00;0.0;0.0;0.0;7.73;85.8;2.41;
2022-04-15 03:00:00;0.0;0.0;0.0;7.3;85.8;2.14;
2022-04-15 04:00:00;0.0;0.0;0.0;6.87;89.0;2.07;
2022-04-15 05:00:00;66.0;261.02;37.0;6.82;89.0;1.93;
2022-04-15 06:00:00;252.0;576.12;84.0;8.42;82.75;1.59;
2022-04-15 07:00:00;438.0;703.69;114.0;11.53;71.85;1.86;
2022-04-15 08:00:00;602.0;762.3;140.0;13.48;60.2;2.48;
2022-04-15 09:00:00;472.0;154.47;361.0;14.64;52.15;3.93;
2022-04-15 10:00:00;502.0;127.79;401.0;15.52;50.35;4.62;
2022-04-15 11:00:00;536.0;144.53;418.0;16.39;45.3;4.55;
2022-04-15 12:00:00;841.0;870.39;149.0;16.88;43.8;4.21;
2022-04-15 13:00:00;749.0;820.41;152.0;17.28;43.8;3.59;
2022-04-15 14:00:00;611.0;748.07;148.0;17.47;42.3;3.1;
2022-04-15 15:00:00;452.0;695.11;121.0;17.59;40.75;2.69;
2022-04-15 16:00:00;263.0;549.85;93.0;17.28;42.15;2.28;
2022-04-15 17:00:00;80.0;270.71;45.0;16.55;45.3;1.38;
2022-04-15 18:00:00;0.0;0.0;0.0;14.56;60.4;1.24;
2022-04-15 19:00:00;0.0;0.0;0.0;12.05;69.35;1.72;
2022-04-15 20:00:00;0.0;0.0;0.0;11.46;66.75;1.38;
2022-04-15 21:00:00;0.0;0.0;0.0;11.71;66.75;1.1;
2022-04-15 22:00:00;0.0;0.0;0.0;11.16;69.15;1.03;
2022-04-15 23:00:00;0.0;0.0;0.0;10.87;69.15;0.97;
2022-04-16 00:00:00;0.0;0.0;0.0;10.54;71.7;0.97;
2022-04-16 01:00:00;0.0;0.0;0.0;8.13;85.85;1.45;
2022-04-16 02:00:00;0.0;0.0;0.0;6.89;92.35;1.86;
2022-04-16 03:00:00;0.0;0.0;0.0;6.71;95.8;1.93;
2022-04-16 04:00:00;0.0;0.0;0.0;6.37;92.3;1.93;
2022-04-16 05:00:00;60.0;154.88;42.0;6.48;92.3;1.59;
2022-04-16 06:00:00;231.0;418.21;107.0;9.64;85.95;0.83;
2022-04-16 07:00:00;420.0;599.92;141.0;13.1;72.1;1.59;
2022-04-16 08:00:00;590.0;704.43;160.0;15.22;60.5;1.86;
2022-04-16 09:00:00;722.0;752.77;178.0;16.64;52.5;1.59;
2022-04-16 10:00:00;826.0;834.86;163.0;17.67;45.55;1.45;
2022-04-16 11:00:00;825.0;743.91;215.0;18.27;42.45;1.17;
2022-04-16 12:00:00;817.0;796.55;181.0;18.65;41.05;0.9;
2022-04-16 13:00:00;736.0;770.21;173.0;18.97;38.2;0.69;
2022-04-16 14:00:00;578.0;609.16;199.0;19.16;38.2;0.62;
2022-04-16 15:00:00;443.0;644.48;134.0;19.17;38.2;0.48;
2022-04-16 16:00:00;243.0;412.73;114.0;18.97;36.8;0.62;
2022-04-16 17:00:00;89.0;346.28;43.0;18.12;42.45;1.1;
2022-04-16 18:00:00;0.0;0.0;0.0;15.96;48.65;2.0;
2022-04-16 19:00:00;0.0;0.0;0.0;13.9;50.1;2.28;
2022-04-16 20:00:00;0.0;0.0;0.0;12.5;53.6;2.28;
2022-04-16 21:00:00;0.0;0.0;0.0;11.33;57.55;2.0;
2022-04-16 22:00:00;0.0;0.0;0.0;10.19;66.45;1.72;
2022-04-16 23:00:00;0.0;0.0;0.0;9.85;66.45;1.52;
2022-04-17 00:00:00;0.0;0.0;0.0;9.94;64.0;1.31;
2022-04-17 01:00:00;0.0;0.0;0.0;10.97;59.6;0.83;
2022-04-17 02:00:00;0.0;0.0;0.0;10.69;61.75;0.48;
2022-04-17 03:00:00;0.0;0.0;0.0;10.24;64.0;0.62;
2022-04-17 04:00:00;0.0;0.0;0.0;9.59;66.35;0.83;
2022-04-17 05:00:00;30.0;0.0;30.0;8.95;68.8;0.76;
2022-04-17 06:00:00;235.0;418.15;109.0;10.25;71.6;0.34;
2022-04-17 07:00:00;419.0;577.05;148.0;13.13;67.05;0.34;
2022-04-17 08:00:00;590.0;689.76;166.0;15.97;56.35;0.41;
2022-04-17 09:00:00;733.0;781.65;165.0;18.03;49.15;0.48;
2022-04-17 10:00:00;828.0;834.7;162.0;19.37;42.85;0.83;
2022-04-17 11:00:00;855.0;833.01;169.0;19.99;39.95;0.83;
2022-04-17 12:00:00;833.0;835.62;163.0;20.54;38.65;0.76;
2022-04-17 13:00:00;738.0;769.53;173.0;21.01;36.0;0.9;
2022-04-17 14:00:00;609.0;721.16;158.0;21.27;36.0;0.97;
2022-04-17 15:00:00;453.0;677.43;126.0;21.19;34.7;1.03;
2022-04-17 16:00:00;263.0;519.13;99.0;20.81;35.9;1.45;
2022-04-17 17:00:00;85.0;271.32;48.0;19.67;42.85;1.79;
2022-04-17 18:00:00;0.0;0.0;0.0;17.24;50.75;2.41;
2022-04-17 19:00:00;0.0;0.0;0.0;15.69;58.35;2.21;
2022-04-17 20:00:00;0.0;0.0;0.0;13.7;64.75;2.14;
2022-04-17 21:00:00;0.0;0.0;0.0;12.03;71.95;2.0;
2022-04-17 22:00:00;0.0;0.0;0.0;10.96;77.2;1.86;
2022-04-17 23:00:00;0.0;0.0;0.0;10.23;79.95;1.79;
2022-04-18 00:00:00;0.0;0.0;0.0;9.18;85.95;2.07;
2022-04-18 01:00:00;0.0;0.0;0.0;9.07;89.1;2.48;
2022-04-18 02:00:00;0.0;0.0;0.0;9.3;85.95;2.62;
2022-04-18 03:00:00;0.0;0.0;0.0;9.44;89.15;2.55;
2022-04-18 04:00:00;0.0;0.0;0.0;9.31;85.95;2.55;
2022-04-18 05:00:00;74.0;229.68;45.0;9.42;85.95;2.41;
2022-04-18 06:00:00;247.0;470.45;103.0;11.6;77.3;2.07;
2022-04-18 07:00:00;433.0;626.41;136.0;15.32;60.5;2.69;
2022-04-18 08:00:00;604.0;731.92;151.0;17.26;50.75;3.24;
2022-04-18 09:00:00;745.0;804.81;157.0;18.66;44.2;3.66;
2022-04-18 10:00:00;836.0;845.84;158.0;19.65;39.8;3.86;
2022-04-18 11:00:00;858.0;831.95;170.0;20.31;38.5;4.0;
2022-04-18 12:00:00;831.0;823.51;168.0;20.7;35.9;4.07;
2022-04-18 13:00:00;717.0;687.54;210.0;20.81;35.9;4.28;
2022-04-18 14:00:00;602.0;680.93;174.0;20.59;34.55;4.34;
2022-04-18 15:00:00;458.0;687.36;124.0;20.15;34.45;4.21;
2022-04-18 16:00:00;272.0;554.43;95.0;19.49;35.6;3.86;
2022-04-18 17:00:00;90.0;307.4;47.0;18.46;39.55;2.9;
2022-04-18 18:00:00;0.0;0.0;0.0;16.52;47.0;2.48;
2022-04-18 19:00:00;0.0;0.0;0.0;14.84;52.25;2.41;
2022-04-18 20:00:00;0.0;0.0;0.0;13.47;60.2;2.28;
2022-04-18 21:00:00;0.0;0.0;0.0;12.36;66.95;2.07;
2022-04-18 22:00:00;0.0;0.0;0.0;11.42;74.55;2.14;
2022-04-18 23:00:00;0.0;0.0;0.0;10.77;80.05;2.21;
2022-04-19 00:00:00;0.0;0.0;0.0;10.47;80.05;2.41;
2022-04-19 01:00:00;0.0;0.0;0.0;10.41;83.0;2.48;
2022-04-19 02:00:00;0.0;0.0;0.0;10.09;86.0;2.48;
2022-04-19 03:00:00;0.0;0.0;0.0;9.73;85.95;2.55;
2022-04-19 04:00:00;0.0;0.0;0.0;9.42;85.95;2.48;
2022-04-19 05:00:00;84.0;304.9;44.0;9.33;82.9;2.28;
2022-04-19 06:00:00;262.0;537.35;95.0;11.77;80.15;1.79;
2022-04-19 07:00:00;450.0;674.95;127.0;16.15;60.65;2.83;
2022-04-19 08:00:00;619.0;755.94;148.0;17.68;50.85;3.03;
2022-04-19 09:00:00;756.0;818.27;155.0;18.89;44.3;3.1;
2022-04-19 10:00:00;848.0;856.95;158.0;19.71;41.3;3.45;
2022-04-19 11:00:00;865.0;829.75;176.0;20.43;37.25;3.45;
2022-04-19 12:00:00;838.0;821.44;174.0;20.81;35.9;3.31;
2022-04-19 13:00:00;751.0;780.49;173.0;21.18;34.7;3.24;
2022-04-19 14:00:00;625.0;747.21;153.0;20.92;33.45;3.1;
2022-04-19 15:00:00;469.0;709.46;122.0;20.48;34.55;2.76;
2022-04-19 16:00:00;279.0;570.45;95.0;20.24;34.45;2.21;
2022-04-19 17:00:00;97.0;348.74;47.0;19.39;38.35;1.52;
2022-04-19 18:00:00;0.0;0.0;0.0;17.1;52.65;1.52;
2022-04-19 19:00:00;0.0;0.0;0.0;14.94;56.25;1.66;
2022-04-19 20:00:00;0.0;0.0;0.0;14.36;54.1;1.31;
2022-04-19 21:00:00;0.0;0.0;0.0;14.11;53.95;1.17;
2022-04-19 22:00:00;0.0;0.0;0.0;13.4;55.9;1.17;
2022-04-19 23:00:00;0.0;0.0;0.0;12.91;57.9;0.97;
2022-04-20 00:00:00;0.0;0.0;0.0;12.3;59.95;0.62;
2022-04-20 01:00:00;0.0;0.0;0.0;11.65;64.35;0.21;
2022-04-20 02:00:00;0.0;0.0;0.0;11.07;66.65;0.48;
2022-04-20 03:00:00;0.0;0.0;0.0;10.38;69.1;0.97;
2022-04-20 04:00:00;0.0;0.0;0.0;8.27;79.75;1.31;
2022-04-20 05:00:00;88.0;308.7;46.0;7.55;85.8;1.38;
2022-04-20 06:00:00;268.0;545.32;96.0;10.72;77.15;0.76;
2022-04-20 07:00:00;456.0;681.29;127.0;15.67;60.5;0.62;
2022-04-20 08:00:00;625.0;762.19;147.0;18.26;51.0;0.9;
2022-04-20 09:00:00;763.0;822.19;156.0;20.07;44.6;1.45;
2022-04-20 10:00:00;855.0;861.85;158.0;21.56;38.9;2.21;
2022-04-20 11:00:00;876.0;848.01;169.0;22.58;33.85;3.1;
2022-04-20 12:00:00;844.0;825.61;174.0;23.12;30.4;3.66;
2022-04-20 13:00:00;762.0;800.09;167.0;23.31;28.25;3.86;
2022-04-20 14:00:00;631.0;753.03;153.0;23.22;27.2;3.93;
2022-04-20 15:00:00;474.0;717.1;121.0;22.86;27.05;3.86;
2022-04-20 16:00:00;281.0;561.63;98.0;22.19;26.95;3.66;
2022-04-20 17:00:00;93.0;279.2;52.0;20.92;31.05;2.69;
2022-04-20 18:00:00;0.0;0.0;0.0;18.65;38.1;2.28;
2022-04-20 19:00:00;0.0;0.0;0.0;16.66;48.8;2.21;
2022-04-20 20:00:00;0.0;0.0;0.0;14.4;58.25;1.93;
2022-04-20 21:00:00;0.0;0.0;0.0;13.77;60.2;1.59;
2022-04-20 22:00:00;0.0;0.0;0.0;14.02;58.1;1.31;
2022-04-20 23:00:00;0.0;0.0;0.0;14.54;54.1;1.1;
2022-04-21 00:00:00;0.0;0.0;0.0;14.23;56.0;0.9;
2022-04-21 01:00:00;0.0;0.0;0.0;13.46;58.0;0.9;
2022-04-21 02:00:00;0.0;0.0;0.0;12.78;64.55;0.34;
2022-04-21 03:00:00;0.0;0.0;0.0;12.15;66.85;0.34;
2022-04-21 04:00:00;0.0;0.0;0.0;11.5;69.25;0.28;
2022-04-21 05:00:00;62.0;71.0;52.0;11.1;71.75;0.55;
2022-04-21 06:00:00;255.0;425.05;119.0;12.3;66.95;0.28;
2022-04-21 07:00:00;322.0;180.63;234.0;16.3;60.65;1.1;
2022-04-21 08:00:00;583.0;579.91;217.0;18.59;49.3;1.45;
2022-04-21 09:00:00;761.0;792.46;173.0;20.29;43.0;1.17;
2022-04-21 10:00:00;860.0;859.39;162.0;21.43;37.5;1.59;
2022-04-21 11:00:00;852.0;750.31;224.0;22.44;32.6;2.48;
2022-04-21 12:00:00;803.0;676.36;252.0;22.89;30.3;3.03;
2022-04-21 13:00:00;708.0;603.97;257.0;23.13;27.2;3.45;
2022-04-21 14:00:00;587.0;569.12;224.0;22.87;27.05;4.0;
2022-04-21 15:00:00;454.0;601.56;156.0;22.11;25.95;4.48;
2022-04-21 16:00:00;251.0;364.64;131.0;21.01;27.7;4.55;
2022-04-21 17:00:00;70.0;86.49;57.0;19.4;33.05;3.66;
2022-04-21 18:00:00;0.0;0.0;0.0;17.13;40.6;2.97;
2022-04-21 19:00:00;0.0;0.0;0.0;15.15;48.55;2.97;
2022-04-21 20:00:00;0.0;0.0;0.0;13.84;60.3;2.83;
2022-04-21 21:00:00;0.0;0.0;0.0;12.92;69.55;2.83;
2022-04-21 22:00:00;0.0;0.0;0.0;12.34;80.3;2.9;
2022-04-21 23:00:00;0.0;0.0;0.0;11.9;86.2;2.97;
2022-04-22 00:00:00;0.0;0.0;0.0;11.69;92.55;2.97;
2022-04-22 01:00:00;0.0;0.0;0.0;11.54;92.55;2.97;
2022-04-22 02:00:00;0.0;0.0;0.0;11.41;92.55;3.1;
2022-04-22 03:00:00;0.0;0.0;0.0;11.46;92.55;2.97;
2022-04-22 04:00:00;0.0;0.0;0.0;11.48;95.9;2.9;
2022-04-22 05:00:00;84.0;206.08;54.0;11.86;92.6;3.03;
2022-04-22 06:00:00;142.0;40.07;129.0;13.53;86.35;3.17;
2022-04-22 07:00:00;255.0;67.16;222.0;15.05;83.5;4.21;
2022-04-22 08:00:00;417.0;170.06;309.0;15.89;77.85;4.83;
2022-04-22 09:00:00;581.0;316.5;345.0;17.06;70.2;5.03;
2022-04-22 10:00:00;682.0;399.7;356.0;17.49;70.3;5.24;
2022-04-22 11:00:00;615.0;235.66;417.0;18.25;63.3;5.79;
2022-04-22 12:00:00;671.0;371.76;367.0;18.43;56.95;6.0;
2022-04-22 13:00:00;465.0;122.71;373.0;18.61;56.95;6.14;
2022-04-22 14:00:00;372.0;98.31;309.0;18.36;56.95;6.55;
2022-04-22 15:00:00;160.0;2.01;159.0;17.54;63.2;6.69;
2022-04-22 16:00:00;99.0;3.01;98.0;16.4;72.65;6.41;
2022-04-22 17:00:00;44.0;6.5;43.0;15.67;77.8;5.86;
2022-04-22 18:00:00;0.0;0.0;0.0;15.01;80.6;5.24;
2022-04-22 19:00:00;0.0;0.0;0.0;14.28;83.4;4.62;
2022-04-22 20:00:00;0.0;0.0;0.0;13.89;83.4;4.69;
2022-04-22 21:00:00;0.0;0.0;0.0;13.5;89.45;4.69;
2022-04-22 22:00:00;0.0;0.0;0.0;13.35;92.65;4.97;
2022-04-22 23:00:00;0.0;0.0;0.0;13.43;92.65;4.9;
2022-04-23 00:00:00;0.0;0.0;0.0;13.34;89.45;4.83;
2022-04-23 01:00:00;0.0;0.0;0.0;13.28;92.65;4.62;
2022-04-23 02:00:00;0.0;0.0;0.0;13.07;92.65;4.48;
2022-04-23 03:00:00;0.0;0.0;0.0;12.88;92.65;4.41;
2022-04-23 04:00:00;0.0;0.0;0.0;12.91;92.65;4.0;
2022-04-23 05:00:00;10.0;0.0;10.0;13.01;95.95;3.59;
2022-04-23 06:00:00;51.0;0.0;51.0;13.15;95.95;3.31;
2022-04-23 07:00:00;229.0;40.36;209.0;14.15;96.0;3.66;
2022-04-23 08:00:00;55.0;0.0;55.0;14.6;96.0;3.93;
2022-04-23 09:00:00;135.0;0.0;135.0;15.0;92.75;4.83;
2022-04-23 10:00:00;103.0;0.0;103.0;14.72;96.0;4.62;
2022-04-23 11:00:00;129.0;0.0;129.0;14.72;96.0;4.76;
2022-04-23 12:00:00;134.0;0.0;134.0;14.81;96.0;4.14;
2022-04-23 13:00:00;121.0;0.0;121.0;15.0;92.75;3.45;
2022-04-23 14:00:00;250.0;10.87;243.0;14.74;96.0;2.9;
2022-04-23 15:00:00;201.0;17.95;192.0;15.54;92.75;3.86;
2022-04-23 16:00:00;43.0;0.0;43.0;16.01;89.6;3.38;
2022-04-23 17:00:00;17.0;0.0;17.0;15.67;92.75;2.69;
2022-04-23 18:00:00;0.0;0.0;0.0;15.21;92.75;2.41;
2022-04-23 19:00:00;0.0;0.0;0.0;14.64;96.0;2.34;
2022-04-23 20:00:00;0.0;0.0;0.0;14.47;92.7;2.07;
2022-04-23 21:00:00;0.0;0.0;0.0;14.09;92.7;2.0;
2022-04-23 22:00:00;0.0;0.0;0.0;14.01;92.7;2.0;
2022-04-23 23:00:00;0.0;0.0;0.0;13.84;92.7;2.14;
2022-04-24 00:00:00;0.0;0.0;0.0;13.57;92.65;2.21;
2022-04-24 01:00:00;0.0;0.0;0.0;13.32;92.65;2.14;
2022-04-24 02:00:00;0.0;0.0;0.0;12.94;92.65;2.0;
2022-04-24 03:00:00;0.0;0.0;0.0;12.81;92.65;1.86;
2022-04-24 04:00:00;0.0;0.0;0.0;12.52;92.6;1.79;
2022-04-24 05:00:00;12.0;0.0;12.0;12.41;95.95;1.45;
2022-04-24 06:00:00;208.0;192.09;144.0;14.17;92.7;1.03;
2022-04-24 07:00:00;453.0;642.54;132.0;16.96;83.65;2.0;
2022-04-24 08:00:00;606.0;683.07;167.0;18.39;75.55;1.72;
2022-04-24 09:00:00;729.0;716.05;190.0;19.62;70.65;1.03;
2022-04-24 10:00:00;480.0;93.65;403.0;20.7;66.05;0.48;
2022-04-24 11:00:00;629.0;259.91;409.0;21.63;61.85;1.17;
2022-04-24 12:00:00;869.0;897.14;130.0;22.57;57.9;2.28;
2022-04-24 13:00:00;696.0;603.48;240.0;22.42;57.9;2.9;
2022-04-24 14:00:00;121.0;0.0;121.0;22.33;57.75;3.24;
2022-04-24 15:00:00;112.0;0.0;112.0;21.67;59.7;3.45;
2022-04-24 16:00:00;285.0;549.12;99.0;20.52;66.05;2.97;
2022-04-24 17:00:00;84.0;143.25;61.0;19.33;73.05;1.72;
2022-04-24 18:00:00;0.0;0.0;0.0;18.26;78.15;0.83;
2022-04-24 19:00:00;0.0;0.0;0.0;16.74;86.55;0.97;
2022-04-24 20:00:00;0.0;0.0;0.0;15.47;89.55;1.17;
2022-04-24 21:00:00;0.0;0.0;0.0;13.93;92.7;1.45;
2022-04-24 22:00:00;0.0;0.0;0.0;12.78;95.95;1.52;
2022-04-24 23:00:00;0.0;0.0;0.0;12.02;95.95;1.52;
2022-04-25 00:00:00;0.0;0.0;0.0;11.12;99.35;1.72;
2022-04-25 01:00:00;0.0;0.0;0.0;10.72;100.0;1.79;
2022-04-25 02:00:00;0.0;0.0;0.0;10.51;99.4;1.86;
2022-04-25 03:00:00;0.0;0.0;0.0;10.5;99.4;1.79;
2022-04-25 04:00:00;0.0;0.0;0.0;10.18;100.0;1.79;
2022-04-25 05:00:00;59.0;31.39;54.0;10.51;99.4;1.59;
2022-04-25 06:00:00;132.0;20.75;125.0;13.25;99.4;2.14;
2022-04-25 07:00:00;289.0;109.22;234.0;14.79;92.7;1.66;
2022-04-25 08:00:00;504.0;341.9;283.0;16.25;89.6;2.07;
2022-04-25 09:00:00;664.0;503.85;283.0;18.04;78.15;2.07;
2022-04-25 10:00:00;782.0;642.08;252.0;19.75;68.2;1.93;
2022-04-25 11:00:00;809.0;648.63;258.0;20.77;61.6;2.34;
2022-04-25 12:00:00;730.0;498.4;318.0;21.62;57.65;2.62;
2022-04-25 13:00:00;570.0;280.82;357.0;21.67;57.65;2.83;
2022-04-25 14:00:00;457.0;229.36;308.0;21.42;57.65;3.1;
2022-04-25 15:00:00;74.0;0.0;74.0;21.01;59.6;3.45;
2022-04-25 16:00:00;154.0;43.87;139.0;20.28;63.7;3.66;
2022-04-25 17:00:00;48.0;6.1;47.0;19.02;70.55;3.17;
2022-04-25 18:00:00;0.0;0.0;0.0;17.43;80.85;3.03;
2022-04-25 19:00:00;0.0;0.0;0.0;14.78;89.5;3.31;
2022-04-25 20:00:00;0.0;0.0;0.0;14.31;89.5;3.38;
2022-04-25 21:00:00;0.0;0.0;0.0;13.86;92.7;3.31;
2022-04-25 22:00:00;0.0;0.0;0.0;13.96;92.7;3.31;
2022-04-25 23:00:00;0.0;0.0;0.0;14.0;92.7;2.83;
2022-04-26 00:00:00;0.0;0.0;0.0;14.2;96.0;2.41;
2022-04-26 01:00:00;0.0;0.0;0.0;14.44;92.7;2.48;
2022-04-26 02:00:00;0.0;0.0;0.0;14.59;92.7;2.48;
2022-04-26 03:00:00;0.0;0.0;0.0;14.62;96.0;2.41;
2022-04-26 04:00:00;0.0;0.0;0.0;14.63;96.0;2.21;
2022-04-26 05:00:00;29.0;0.0;29.0;14.63;96.0;2.34;
2022-04-26 06:00:00;91.0;0.0;91.0;15.03;92.75;2.55;
2022-04-26 07:00:00;316.0;155.68;237.0;15.89;89.6;1.52;
2022-04-26 08:00:00;551.0;463.08;250.0;17.51;80.85;1.03;
2022-04-26 09:00:00;579.0;296.23;354.0;19.43;68.2;1.52;
2022-04-26 10:00:00;633.0;290.86;392.0;20.48;61.6;2.28;
2022-04-26 11:00:00;485.0;79.77;417.0;21.68;57.65;2.97;
2022-04-26 12:00:00;98.0;0.0;98.0;22.28;53.85;3.72;
2022-04-26 13:00:00;767.0;801.25;157.0;20.37;65.95;4.21;
2022-04-26 14:00:00;513.0;350.96;284.0;19.88;63.7;3.31;
2022-04-26 15:00:00;239.0;41.13;218.0;20.89;55.55;2.62;
2022-04-26 16:00:00;147.0;31.88;136.0;21.25;48.2;2.76;
2022-04-26 17:00:00;10.0;0.0;10.0;20.6;46.35;2.76;
2022-04-26 18:00:00;0.0;0.0;0.0;18.04;51.0;2.83;
2022-04-26 19:00:00;0.0;0.0;0.0;15.31;75.1;0.76;
2022-04-26 20:00:00;0.0;0.0;0.0;13.7;83.35;1.52;
2022-04-26 21:00:00;0.0;0.0;0.0;12.52;86.25;1.72;
2022-04-26 22:00:00;0.0;0.0;0.0;11.87;86.2;2.14;
2022-04-26 23:00:00;0.0;0.0;0.0;11.4;83.1;2.41;
2022-04-27 00:00:00;0.0;0.0;0.0;11.23;83.05;2.62;
2022-04-27 01:00:00;0.0;0.0;0.0;10.97;83.05;3.31;
2022-04-27 02:00:00;0.0;0.0;0.0;10.5;86.05;2.76;
2022-04-27 03:00:00;0.0;0.0;0.0;10.06;89.2;2.21;
2022-04-27 04:00:00;0.0;0.0;0.0;9.31;92.45;2.07;
2022-04-27 05:00:00;123.0;410.49;54.0;9.28;95.85;1.72;
2022-04-27 06:00:00;309.0;624.84;93.0;10.73;92.5;1.72;
2022-04-27 07:00:00;490.0;713.92;125.0;13.27;80.35;2.21;
2022-04-27 08:00:00;659.0;792.6;141.0;15.06;67.45;2.14;
2022-04-27 09:00:00;800.0;865.21;140.0;16.81;60.75;1.86;
2022-04-27 10:00:00;886.0;892.19;144.0;18.47;49.3;1.79;
2022-04-27 11:00:00;902.0;866.3;161.0;19.73;42.85;1.93;
2022-04-27 12:00:00;873.0;856.65;160.0;20.7;35.9;2.14;
2022-04-27 13:00:00;780.0;808.81;162.0;21.27;33.45;2.34;
2022-04-27 14:00:00;654.0;772.13;148.0;21.65;31.15;2.69;
2022-04-27 15:00:00;495.0;724.51;123.0;21.74;30.0;3.17;
2022-04-27 16:00:00;292.0;517.06;112.0;21.44;31.15;3.1;
2022-04-27 17:00:00;89.0;123.09;68.0;20.46;38.65;2.07;
2022-04-27 18:00:00;0.0;0.0;0.0;18.49;54.95;0.97;
2022-04-27 19:00:00;0.0;0.0;0.0;16.33;58.6;1.93;
2022-04-27 20:00:00;0.0;0.0;0.0;14.83;60.5;2.07;
2022-04-27 21:00:00;0.0;0.0;0.0;13.88;60.3;2.62;
2022-04-27 22:00:00;0.0;0.0;0.0;12.93;64.65;2.48;
2022-04-27 23:00:00;0.0;0.0;0.0;11.73;74.55;2.0;
2022-04-28 00:00:00;0.0;0.0;0.0;10.75;80.05;1.66;
2022-04-28 01:00:00;0.0;0.0;0.0;10.68;80.05;1.24;
2022-04-28 02:00:00;0.0;0.0;0.0;9.2;89.1;1.72;
2022-04-28 03:00:00;0.0;0.0;0.0;9.02;92.45;1.79;
2022-04-28 04:00:00;0.0;0.0;0.0;8.93;92.45;2.0;
2022-04-28 05:00:00;114.0;301.69;62.0;9.82;92.5;2.14;
2022-04-28 06:00:00;126.0;11.44;122.0;12.3;86.25;2.48;
2022-04-28 07:00:00;254.0;50.49;228.0;13.72;83.35;3.24;
2022-04-28 08:00:00;185.0;0.0;185.0;14.29;77.65;4.0;
2022-04-28 09:00:00;132.0;0.0;132.0;13.01;83.25;4.76;
2022-04-28 10:00:00;77.0;0.0;77.0;11.91;80.2;5.93;
2022-04-28 11:00:00;141.0;0.0;141.0;10.99;83.05;4.9;
2022-04-28 12:00:00;867.0;840.65;165.0;10.58;83.0;4.21;
2022-04-28 13:00:00;816.0;902.43;124.0;10.75;83.0;3.79;
2022-04-28 14:00:00;680.0;850.92;120.0;11.05;77.2;3.72;
2022-04-28 15:00:00;471.0;621.67;150.0;11.33;69.25;3.79;
2022-04-28 16:00:00;250.0;290.43;148.0;11.51;66.75;3.72;
2022-04-28 17:00:00;127.0;408.23;56.0;11.15;66.65;2.9;
2022-04-28 18:00:00;0.0;0.0;0.0;10.53;66.55;2.14;
2022-04-28 19:00:00;0.0;0.0;0.0;10.75;61.75;1.93;
2022-04-28 20:00:00;0.0;0.0;0.0;9.92;64.0;1.86;
2022-04-28 21:00:00;0.0;0.0;0.0;9.03;66.25;2.14;
2022-04-28 22:00:00;0.0;0.0;0.0;8.74;68.7;2.48;
2022-04-28 23:00:00;0.0;0.0;0.0;8.38;71.35;2.69;
2022-04-29 00:00:00;0.0;0.0;0.0;8.53;74.05;3.31;
2022-04-29 01:00:00;0.0;0.0;0.0;8.16;79.7;4.07;
2022-04-29 02:00:00;0.0;0.0;0.0;7.68;85.8;4.14;
2022-04-29 03:00:00;0.0;0.0;0.0;7.49;85.8;3.86;
2022-04-29 04:00:00;0.0;0.0;0.0;7.63;89.0;3.52;
2022-04-29 05:00:00;17.0;0.0;17.0;8.08;85.85;3.79;
2022-04-29 06:00:00;49.0;0.0;49.0;8.55;85.9;4.48;
2022-04-29 07:00:00;202.0;11.57;196.0;9.69;89.15;4.55;
2022-04-29 08:00:00;114.0;0.0;114.0;10.42;86.05;4.83;
2022-04-29 09:00:00;181.0;0.0;181.0;10.63;89.25;4.21;
2022-04-29 10:00:00;130.0;0.0;130.0;11.52;77.3;4.28;
2022-04-29 11:00:00;216.0;0.0;216.0;11.48;80.15;3.03;
2022-04-29 12:00:00;214.0;0.0;214.0;12.81;67.05;2.83;
2022-04-29 13:00:00;240.0;0.0;240.0;13.26;62.3;1.86;
2022-04-29 14:00:00;250.0;7.57;245.0;13.5;60.2;1.17;
2022-04-29 15:00:00;150.0;0.0;150.0;13.59;60.2;1.59;
2022-04-29 16:00:00;166.0;50.81;148.0;13.57;60.2;1.66;
2022-04-29 17:00:00;65.0;28.22;60.0;13.3;60.2;1.45;
2022-04-29 18:00:00;0.0;0.0;0.0;12.49;66.95;1.79;
2022-04-29 19:00:00;0.0;0.0;0.0;11.5;69.25;1.86;
2022-04-29 20:00:00;0.0;0.0;0.0;10.56;74.4;1.86;
2022-04-29 21:00:00;0.0;0.0;0.0;9.6;77.0;2.41;
2022-04-29 22:00:00;0.0;0.0;0.0;8.86;79.85;2.76;
2022-04-29 23:00:00;0.0;0.0;0.0;8.68;79.75;2.76;
2022-04-30 00:00:00;0.0;0.0;0.0;8.35;76.85;2.69;
2022-04-30 01:00:00;0.0;0.0;0.0;8.05;76.8;2.55;
2022-04-30 02:00:00;0.0;0.0;0.0;7.74;79.65;2.55;
2022-04-30 03:00:00;0.0;0.0;0.0;7.36;76.7;2.55;
2022-04-30 04:00:00;0.0;0.0;0.0;6.83;79.55;2.62;
2022-04-30 05:00:00;68.0;27.68;63.0;7.07;79.55;2.55;
2022-04-30 06:00:00;288.0;453.18;126.0;9.34;71.5;2.48;
2022-04-30 07:00:00;512.0;760.2;115.0;12.62;64.55;2.83;
2022-04-30 08:00:00;680.0;831.7;128.0;14.89;58.35;3.17;
2022-04-30 09:00:00;771.0;760.12;184.0;16.81;56.5;3.31;
2022-04-30 10:00:00;876.0;851.91;160.0;18.27;51.0;3.1;
2022-04-30 11:00:00;937.0;940.12;125.0;19.34;45.95;2.76;
2022-04-30 12:00:00;857.0;799.6;185.0;20.16;43.0;2.41;
2022-04-30 13:00:00;461.0;102.31;382.0;20.71;40.1;2.28;
2022-04-30 14:00:00;584.0;510.88;245.0;20.88;40.1;1.93;
2022-04-30 15:00:00;254.0;47.89;229.0;20.62;40.1;1.1;
2022-04-30 16:00:00;296.0;506.6;115.0;16.52;56.07;2.05;
2022-04-30 17:00:00;83.0;72.04;70.0;16.35;58.66;2.04;
2022-04-30 18:00:00;0.0;0.0;0.0;16.18;61.26;2.04;
2022-04-30 19:00:00;0.0;0.0;0.0;16.01;63.86;2.03;
2022-04-30 20:00:00;0.0;0.0;0.0;15.84;66.45;2.03;
2022-04-30 21:00:00;0.0;0.0;0.0;15.67;69.05;2.02;
2022-04-30 22:00:00;0.0;0.0;0.0;15.51;71.65;2.01;
2022-04-30 23:00:00;0.0;0.0;0.0;15.34;74.24;2.01;
2022-05-01 00:00:00;0.0;0.0;0.0;15.17;76.84;2.0;
2022-05-01 01:00:00;0.0;0.0;0.0;15.0;79.44;2.0;
2022-05-01 02:00:00;0.0;0.0;0.0;14.83;82.03;1.99;
2022-05-01 03:00:00;0.0;0.0;0.0;14.66;84.63;1.98;
2022-05-01 04:00:00;0.0;0.0;0.0;14.49;87.23;1.98;
2022-05-01 05:00:00;109.0;194.92;73.0;14.32;89.82;1.97;
2022-05-01 06:00:00;281.0;406.93;134.0;14.15;92.42;1.96;
2022-05-01 07:00:00;458.0;534.51;177.0;13.98;95.02;1.96;
2022-05-01 08:00:00;568.0;460.32;261.0;18.03;72.9;2.55;
2022-05-01 09:00:00;605.0;317.32;359.0;19.41;68.1;2.48;
2022-05-01 10:00:00;550.0;147.05;426.0;20.2;61.5;2.41;
2022-05-01 11:00:00;676.0;304.71;412.0;21.19;55.55;2.69;
2022-05-01 12:00:00;85.0;0.0;85.0;21.52;50.05;2.83;
2022-05-01 13:00:00;121.0;0.0;121.0;22.23;46.75;2.9;
2022-05-01 14:00:00;154.0;0.0;154.0;22.3;45.1;3.1;
2022-05-01 15:00:00;430.0;432.5;203.0;22.07;41.95;3.31;
2022-05-01 16:00:00;296.0;494.06;118.0;21.5;41.85;3.38;
2022-05-01 17:00:00;123.0;321.17;64.0;20.71;46.35;3.38;
2022-05-01 18:00:00;0.0;0.0;0.0;19.45;53.15;2.83;
2022-05-01 19:00:00;0.0;0.0;0.0;18.25;63.3;2.62;
2022-05-01 20:00:00;0.0;0.0;0.0;17.17;70.2;2.48;
2022-05-01 21:00:00;0.0;0.0;0.0;16.35;75.25;2.28;
2022-05-01 22:00:00;0.0;0.0;0.0;15.48;80.65;2.34;
2022-05-01 23:00:00;0.0;0.0;0.0;14.84;89.5;2.55;
2022-05-02 00:00:00;0.0;0.0;0.0;14.48;89.5;2.69;
2022-05-02 01:00:00;0.0;0.0;0.0;14.41;89.5;2.83;
2022-05-02 02:00:00;0.0;0.0;0.0;14.31;92.7;2.83;
2022-05-02 03:00:00;0.0;0.0;0.0;14.11;92.7;2.83;
2022-05-02 04:00:00;0.0;0.0;0.0;13.91;89.5;2.83;
2022-05-02 05:00:00;73.0;37.11;66.0;14.6;83.45;2.76;
2022-05-02 06:00:00;85.0;0.0;85.0;16.41;75.25;3.1;
2022-05-02 07:00:00;239.0;32.13;222.0;16.79;83.65;3.79;
2022-05-02 08:00:00;315.0;34.32;292.0;17.4;80.8;4.28;
2022-05-02 09:00:00;142.0;0.0;142.0;17.31;83.65;4.34;
2022-05-02 10:00:00;380.0;21.28;362.0;16.94;83.65;4.55;
2022-05-02 11:00:00;178.0;0.0;178.0;17.06;83.65;4.55;
2022-05-02 12:00:00;77.0;0.0;77.0;17.0;83.65;4.55;
2022-05-02 13:00:00;70.0;0.0;70.0;16.67;83.65;4.28;
2022-05-02 14:00:00;58.0;0.0;58.0;16.89;83.65;4.0;
2022-05-02 15:00:00;274.0;68.23;238.0;16.1;86.55;3.1;
2022-05-02 16:00:00;202.0;112.87;161.0;16.22;86.55;3.17;
2022-05-02 17:00:00;79.0;53.5;69.0;16.33;86.55;2.28;
2022-05-02 18:00:00;0.0;0.0;0.0;15.65;89.6;1.31;
2022-05-02 19:00:00;0.0;0.0;0.0;14.42;92.7;1.17;
2022-05-02 20:00:00;0.0;0.0;0.0;14.04;96.0;1.72;
2022-05-02 21:00:00;0.0;0.0;0.0;13.72;95.95;2.28;
2022-05-02 22:00:00;0.0;0.0;0.0;13.37;95.95;2.55;
2022-05-02 23:00:00;0.0;0.0;0.0;13.12;92.65;2.62;
2022-05-03 00:00:00;0.0;0.0;0.0;12.94;89.4;2.48;
2022-05-03 01:00:00;0.0;0.0;0.0;13.03;89.4;2.07;
2022-05-03 02:00:00;0.0;0.0;0.0;12.69;89.4;1.72;
2022-05-03 03:00:00;0.0;0.0;0.0;12.87;89.4;1.24;
2022-05-03 04:00:00;0.0;0.0;0.0;12.85;86.25;1.03;
2022-05-03 05:00:00;29.0;0.0;29.0;12.73;86.25;1.03;
2022-05-03 06:00:00;176.0;56.99;155.0;13.48;80.4;1.31;
2022-05-03 07:00:00;338.0;163.4;251.0;15.16;80.6;1.17;
2022-05-03 08:00:00;523.0;329.8;301.0;16.16;75.25;1.17;
2022-05-03 09:00:00;466.0;103.71;385.0;16.9;70.2;1.17;
2022-05-03 10:00:00;459.0;62.45;406.0;17.27;70.2;0.97;
2022-05-03 11:00:00;380.0;17.21;365.0;17.94;63.3;0.55;
2022-05-03 12:00:00;318.0;4.72;314.0;18.95;57.1;0.62;
2022-05-03 13:00:00;436.0;76.94;376.0;19.4;51.25;1.38;
2022-05-03 14:00:00;444.0;175.74;326.0;19.32;49.45;1.72;
2022-05-03 15:00:00;97.0;0.0;97.0;19.39;49.45;1.66;
2022-05-03 16:00:00;34.0;0.0;34.0;19.58;47.8;1.93;
2022-05-03 17:00:00;106.0;157.82;76.0;19.13;49.45;2.07;
2022-05-03 18:00:00;0.0;0.0;0.0;17.8;58.8;2.0;
2022-05-03 19:00:00;0.0;0.0;0.0;15.67;75.15;1.93;
2022-05-03 20:00:00;0.0;0.0;0.0;14.83;83.45;1.66;
2022-05-03 21:00:00;0.0;0.0;0.0;14.21;86.4;1.79;
2022-05-03 22:00:00;0.0;0.0;0.0;14.23;89.5;1.59;
2022-05-03 23:00:00;0.0;0.0;0.0;14.07;86.4;1.72;
2022-05-04 00:00:00;0.0;0.0;0.0;13.66;89.45;1.93;
2022-05-04 01:00:00;0.0;0.0;0.0;13.3;92.65;1.79;
2022-05-04 02:00:00;0.0;0.0;0.0;13.51;89.45;2.07;
2022-05-04 03:00:00;0.0;0.0;0.0;13.63;89.45;2.41;
2022-05-04 04:00:00;0.0;0.0;0.0;13.55;92.65;2.76;
2022-05-04 05:00:00;21.0;0.0;21.0;13.75;92.65;3.17;
2022-05-04 06:00:00;28.0;0.0;28.0;14.21;92.7;3.31;
2022-05-04 07:00:00;55.0;0.0;55.0;15.23;92.75;3.72;
2022-05-04 08:00:00;97.0;0.0;97.0;15.52;89.6;3.66;
2022-05-04 09:00:00;120.0;0.0;120.0;16.1;89.65;4.14;
2022-05-04 10:00:00;128.0;0.0;128.0;16.1;89.65;4.55;
2022-05-04 11:00:00;111.0;0.0;111.0;16.5;86.6;4.97;
2022-05-04 12:00:00;152.0;0.0;152.0;16.84;89.65;4.97;
2022-05-04 13:00:00;307.0;8.95;300.0;16.61;89.65;4.21;
2022-05-04 14:00:00;59.0;0.0;59.0;16.93;89.65;2.62;
2022-05-04 15:00:00;463.0;545.88;172.0;16.79;86.6;2.0;
2022-05-04 16:00:00;226.0;170.68;163.0;16.83;86.6;2.0;
2022-05-04 17:00:00;106.0;155.24;76.0;16.33;89.65;1.24;
2022-05-04 18:00:00;0.0;0.0;0.0;15.77;89.6;1.31;
2022-05-04 19:00:00;0.0;0.0;0.0;14.09;96.0;1.93;
2022-05-04 20:00:00;0.0;0.0;0.0;13.78;99.4;1.45;
2022-05-04 21:00:00;0.0;0.0;0.0;13.31;99.4;1.24;
2022-05-04 22:00:00;0.0;0.0;0.0;12.67;99.4;1.24;
2022-05-04 23:00:00;0.0;0.0;0.0;11.98;99.4;1.1;
2022-05-05 00:00:00;0.0;0.0;0.0;11.52;99.4;1.1;
2022-05-05 01:00:00;0.0;0.0;0.0;10.85;100.0;1.38;
2022-05-05 02:00:00;0.0;0.0;0.0;10.29;100.0;1.45;
2022-05-05 03:00:00;0.0;0.0;0.0;10.4;99.4;1.17;
2022-05-05 04:00:00;0.0;0.0;0.0;10.36;99.4;1.1;
2022-05-05 05:00:00;99.0;100.02;79.0;11.69;99.4;1.17;
2022-05-05 06:00:00;242.0;202.43;166.0;12.59;95.95;0.97;
2022-05-05 07:00:00;378.0;243.11;247.0;14.11;89.5;1.1;
2022-05-05 08:00:00;641.0;664.17;190.0;15.61;86.5;1.24;
2022-05-05 09:00:00;554.0;212.34;387.0;16.83;83.65;1.31;
2022-05-05 10:00:00;620.0;233.08;421.0;17.94;78.15;1.03;
2022-05-05 11:00:00;687.0;312.63;413.0;18.79;75.55;1.24;
2022-05-05 12:00:00;711.0;399.83;370.0;19.53;68.2;1.59;
2022-05-05 13:00:00;535.0;187.34;388.0;19.71;65.85;1.79;
2022-05-05 14:00:00;399.0;106.43;327.0;19.63;65.85;2.21;
2022-05-05 15:00:00;233.0;26.13;219.0;18.55;70.45;2.83;
2022-05-05 16:00:00;28.0;0.0;28.0;17.84;75.4;2.62;
2022-05-05 17:00:00;12.0;0.0;12.0;17.01;78.0;1.31;
2022-05-05 18:00:00;0.0;0.0;0.0;16.57;80.8;0.69;
2022-05-05 19:00:00;0.0;0.0;0.0;15.13;83.5;0.97;
2022-05-05 20:00:00;0.0;0.0;0.0;13.76;89.45;1.38;
2022-05-05 21:00:00;0.0;0.0;0.0;13.25;92.65;1.31;
2022-05-05 22:00:00;0.0;0.0;0.0;12.89;92.65;1.24;
2022-05-05 23:00:00;0.0;0.0;0.0;12.2;95.95;1.17;
2022-05-06 00:00:00;0.0;0.0;0.0;12.19;95.95;0.97;
2022-05-06 01:00:00;0.0;0.0;0.0;11.59;95.9;1.17;
2022-05-06 02:00:00;0.0;0.0;0.0;11.07;99.35;1.24;
2022-05-06 03:00:00;0.0;0.0;0.0;10.75;99.4;1.31;
2022-05-06 04:00:00;5.0;0.0;5.0;10.29;99.4;1.31;
2022-05-06 05:00:00;143.0;353.72;71.0;10.94;99.35;0.9;
2022-05-06 06:00:00;331.0;591.38;107.0;13.75;92.65;1.1;
2022-05-06 07:00:00;512.0;697.52;134.0;15.04;89.55;1.59;
2022-05-06 08:00:00;632.0;620.36;209.0;16.66;78.0;1.72;
2022-05-06 09:00:00;621.0;326.96;363.0;18.17;70.35;1.38;
2022-05-06 10:00:00;670.0;311.83;403.0;19.34;63.5;1.1;
2022-05-06 11:00:00;763.0;456.3;362.0;20.25;57.3;0.97;
2022-05-06 12:00:00;800.0;601.03;286.0;20.84;55.45;0.9;
2022-05-06 13:00:00;657.0;407.86;336.0;21.34;53.6;1.03;
2022-05-06 14:00:00;660.0;733.44;162.0;21.54;51.9;1.52;
2022-05-06 15:00:00;488.0;614.79;157.0;21.73;50.05;1.86;
2022-05-06 16:00:00;322.0;570.91;108.0;21.38;49.95;1.72;
2022-05-06 17:00:00;149.0;426.11;64.0;20.95;53.5;1.45;
2022-05-06 18:00:00;0.0;0.0;0.0;19.53;63.6;1.17;
2022-05-06 19:00:00;0.0;0.0;0.0;18.44;68.05;0.76;
2022-05-06 20:00:00;0.0;0.0;0.0;17.79;70.3;0.21;
2022-05-06 21:00:00;0.0;0.0;0.0;14.69;83.45;1.52;
2022-05-06 22:00:00;0.0;0.0;0.0;14.06;86.4;1.93;
2022-05-06 23:00:00;0.0;0.0;0.0;13.83;92.65;1.86;
2022-05-07 00:00:00;0.0;0.0;0.0;13.23;92.65;1.86;
2022-05-07 01:00:00;0.0;0.0;0.0;12.72;95.95;1.86;
2022-05-07 02:00:00;0.0;0.0;0.0;12.33;95.95;1.72;
2022-05-07 03:00:00;0.0;0.0;0.0;11.82;99.4;1.59;
2022-05-07 04:00:00;6.0;0.0;6.0;11.24;99.35;1.59;
2022-05-07 05:00:00;155.0;425.0;67.0;12.04;95.95;1.1;
2022-05-07 06:00:00;338.0;609.91;105.0;15.14;89.55;0.9;
2022-05-07 07:00:00;521.0;717.55;130.0;17.99;78.15;0.97;
2022-05-07 08:00:00;675.0;761.01;154.0;20.03;70.7;1.1;
2022-05-07 09:00:00;816.0;838.78;152.0;21.54;61.85;0.76;
2022-05-07 10:00:00;898.0;865.32;155.0;22.69;54.0;0.14;
2022-05-07 11:00:00;921.0;861.42;162.0;23.46;50.45;0.0;
2022-05-07 12:00:00;887.0;840.84;166.0;23.92;45.5;0.14;
2022-05-07 13:00:00;804.0;815.84;160.0;24.17;41.0;0.41;
2022-05-07 14:00:00;671.0;758.7;154.0;24.33;39.55;0.9;
2022-05-07 15:00:00;510.0;695.01;134.0;24.24;39.55;1.52;
2022-05-07 16:00:00;338.0;630.19;100.0;24.03;39.55;1.86;
2022-05-07 17:00:00;134.0;296.22;74.0;23.32;47.0;1.72;
2022-05-07 18:00:00;0.0;0.0;0.0;21.44;53.6;2.07;
2022-05-07 19:00:00;0.0;0.0;0.0;19.34;57.1;2.48;
2022-05-07 20:00:00;0.0;0.0;0.0;17.84;63.2;2.62;
2022-05-07 21:00:00;0.0;0.0;0.0;16.86;63.05;2.62;
2022-05-07 22:00:00;0.0;0.0;0.0;16.02;62.95;2.62;
2022-05-07 23:00:00;0.0;0.0;0.0;15.35;65.05;2.69;
2022-05-08 00:00:00;0.0;0.0;0.0;14.78;64.95;2.62;
2022-05-08 01:00:00;0.0;0.0;0.0;14.19;64.85;2.55;
2022-05-08 02:00:00;0.0;0.0;0.0;13.64;67.15;2.55;
2022-05-08 03:00:00;0.0;0.0;0.0;13.12;72.1;2.48;
2022-05-08 04:00:00;8.0;0.0;8.0;12.61;77.45;2.34;
2022-05-08 05:00:00;134.0;247.06;82.0;12.84;83.25;1.79;
2022-05-08 06:00:00;328.0;542.6;119.0;15.92;67.65;1.66;
2022-05-08 07:00:00;464.0;480.09;201.0;18.83;65.65;2.28;
2022-05-08 08:00:00;660.0;698.4;180.0;21.1;53.6;2.76;
2022-05-08 09:00:00;677.0;440.75;327.0;22.95;48.55;3.38;
2022-05-08 10:00:00;778.0;530.8;321.0;24.47;44.05;3.86;
2022-05-08 11:00:00;783.0;490.18;350.0;25.75;39.95;4.41;
2022-05-08 12:00:00;800.0;589.74;293.0;26.65;36.2;4.83;
2022-05-08 13:00:00;743.0;620.22;252.0;27.32;35.05;5.1;
2022-05-08 14:00:00;641.0;646.36;199.0;27.57;35.05;5.17;
2022-05-08 15:00:00;499.0;642.05;150.0;27.51;33.8;5.24;
2022-05-08 16:00:00;325.0;559.85;112.0;27.07;36.3;4.76;
2022-05-08 17:00:00;126.0;218.88;81.0;25.92;41.4;3.93;
2022-05-08 18:00:00;3.0;0.0;3.0;24.14;44.05;3.86;
2022-05-08 19:00:00;0.0;0.0;0.0;22.92;50.3;4.21;
2022-05-08 20:00:00;0.0;0.0;0.0;21.71;53.75;4.55;
2022-05-08 21:00:00;0.0;0.0;0.0;20.58;55.45;4.62;
2022-05-08 22:00:00;0.0;0.0;0.0;19.68;53.25;4.41;
2022-05-08 23:00:00;0.0;0.0;0.0;18.92;53.0;4.28;
2022-05-09 00:00:00;0.0;0.0;0.0;18.36;52.9;4.07;
2022-05-09 01:00:00;0.0;0.0;0.0;17.73;54.7;3.86;
2022-05-09 02:00:00;0.0;0.0;0.0;17.15;56.6;3.45;
2022-05-09 03:00:00;0.0;0.0;0.0;16.54;58.7;2.83;
2022-05-09 04:00:00;9.0;0.0;9.0;15.96;62.95;2.41;
2022-05-09 05:00:00;121.0;159.02;87.0;15.82;72.55;1.93;
2022-05-09 06:00:00;306.0;419.83;143.0;17.8;67.85;1.86;
2022-05-09 07:00:00;497.0;606.58;163.0;20.49;57.45;2.62;
2022-05-09 08:00:00;574.0;423.27;282.0;22.08;55.8;2.97;
2022-05-09 09:00:00;720.0;547.4;284.0;23.55;52.35;3.31;
2022-05-09 10:00:00;825.0;651.04;263.0;24.99;50.8;3.86;
2022-05-09 11:00:00;873.0;721.6;234.0;26.28;46.15;4.0;
2022-05-09 12:00:00;757.0;483.82;340.0;27.47;41.8;4.14;
2022-05-09 13:00:00;763.0;681.45;222.0;28.35;36.45;4.21;
2022-05-09 14:00:00;627.0;594.59;219.0;28.8;32.9;4.21;
2022-05-09 15:00:00;427.0;364.39;228.0;28.75;32.9;3.86;
2022-05-09 16:00:00;220.0;125.26;172.0;28.29;36.45;2.48;
2022-05-09 17:00:00;65.0;9.59;63.0;26.77;47.9;0.76;
2022-05-09 18:00:00;6.0;0.0;6.0;24.72;50.8;2.0;
2022-05-09 19:00:00;0.0;0.0;0.0;22.02;59.8;2.41;
2022-05-09 20:00:00;0.0;0.0;0.0;20.13;73.2;1.72;
2022-05-09 21:00:00;0.0;0.0;0.0;19.34;78.3;0.9;
2022-05-09 22:00:00;0.0;0.0;0.0;17.59;83.7;1.79;
2022-05-09 23:00:00;0.0;0.0;0.0;17.08;89.65;2.48;
2022-05-10 00:00:00;0.0;0.0;0.0;16.84;89.65;2.69;
2022-05-10 01:00:00;0.0;0.0;0.0;16.68;89.65;2.69;
2022-05-10 02:00:00;0.0;0.0;0.0;16.43;89.65;2.55;
2022-05-10 03:00:00;0.0;0.0;0.0;16.05;89.65;2.41;
2022-05-10 04:00:00;12.0;46.87;10.0;15.75;92.75;2.28;
2022-05-10 05:00:00;162.0;419.27;71.0;16.26;89.65;2.0;
2022-05-10 06:00:00;330.0;526.55;124.0;18.67;83.8;2.21;
2022-05-10 07:00:00;510.0;646.96;152.0;20.59;75.85;1.52;
2022-05-10 08:00:00;672.0;726.48;169.0;22.13;66.35;1.31;
2022-05-10 09:00:00;792.0;753.61;190.0;23.38;62.15;1.38;
2022-05-10 10:00:00;871.0;776.49;199.0;24.67;56.35;1.24;
2022-05-10 11:00:00;897.0;782.95;202.0;25.62;52.85;0.83;
2022-05-10 12:00:00;869.0;775.45;199.0;26.36;49.45;0.55;
2022-05-10 13:00:00;793.0;766.25;183.0;27.04;43.3;0.83;
2022-05-10 14:00:00;667.0;723.3;169.0;27.58;43.3;1.24;
2022-05-10 15:00:00;507.0;656.19;147.0;27.75;40.35;1.38;
2022-05-10 16:00:00;329.0;551.89;116.0;27.68;38.95;1.24;
2022-05-10 17:00:00;149.0;354.49;74.0;27.06;41.8;0.28;
2022-05-10 18:00:00;7.0;0.0;7.0;25.06;54.55;1.17;
2022-05-10 19:00:00;0.0;0.0;0.0;22.06;61.95;2.55;
2022-05-10 20:00:00;0.0;0.0;0.0;20.49;68.4;2.55;
2022-05-10 21:00:00;0.0;0.0;0.0;19.54;75.7;2.41;
2022-05-10 22:00:00;0.0;0.0;0.0;18.58;81.0;2.0;
2022-05-10 23:00:00;0.0;0.0;0.0;17.74;86.65;1.31;
2022-05-11 00:00:00;0.0;0.0;0.0;18.57;78.25;0.34;
2022-05-11 01:00:00;0.0;0.0;0.0;16.82;83.65;0.97;
2022-05-11 02:00:00;0.0;0.0;0.0;15.29;92.75;1.38;
2022-05-11 03:00:00;0.0;0.0;0.0;14.36;96.0;2.0;
2022-05-11 04:00:00;7.0;0.0;7.0;14.19;96.0;2.07;
2022-05-11 05:00:00;48.0;0.0;48.0;15.27;92.75;2.07;
2022-05-11 06:00:00;175.0;38.06;160.0;17.52;80.85;2.48;
2022-05-11 07:00:00;270.0;46.76;244.0;19.55;73.15;2.83;
2022-05-11 08:00:00;555.0;367.01;300.0;21.03;66.15;3.24;
2022-05-11 09:00:00;683.0;446.9;325.0;22.69;57.9;3.24;
2022-05-11 10:00:00;798.0;574.02;300.0;24.04;50.7;3.31;
2022-05-11 11:00:00;865.0;694.59;247.0;25.17;45.9;3.31;
2022-05-11 12:00:00;856.0;740.11;215.0;26.12;41.55;3.45;
2022-05-11 13:00:00;773.0;702.8;212.0;26.92;40.25;3.66;
2022-05-11 14:00:00;597.0;492.19;257.0;27.46;38.95;3.79;
2022-05-11 15:00:00;511.0;673.22;140.0;27.54;38.95;3.79;
2022-05-11 16:00:00;325.0;524.91;121.0;27.28;38.95;3.79;
2022-05-11 17:00:00;143.0;298.35;79.0;26.47;41.55;3.17;
2022-05-11 18:00:00;6.0;0.0;6.0;24.77;45.75;2.9;
2022-05-11 19:00:00;0.0;0.0;0.0;22.77;50.3;3.24;
2022-05-11 20:00:00;0.0;0.0;0.0;21.63;51.9;3.38;
2022-05-11 21:00:00;0.0;0.0;0.0;20.56;53.5;3.38;
2022-05-11 22:00:00;0.0;0.0;0.0;19.61;55.2;3.31;
2022-05-11 23:00:00;0.0;0.0;0.0;18.76;56.95;3.31;
2022-05-12 00:00:00;0.0;0.0;0.0;18.06;58.9;3.24;
2022-05-12 01:00:00;0.0;0.0;0.0;17.41;65.35;3.03;
2022-05-12 02:00:00;0.0;0.0;0.0;16.91;65.35;2.83;
2022-05-12 03:00:00;0.0;0.0;0.0;16.39;67.65;2.62;
2022-05-12 04:00:00;16.0;60.76;13.0;15.93;70.1;2.41;
2022-05-12 05:00:00;158.0;353.87;79.0;16.19;75.25;2.14;
2022-05-12 06:00:00;317.0;443.41;141.0;18.27;70.35;2.55;
2022-05-12 07:00:00;491.0;558.58;179.0;20.37;68.3;3.72;
2022-05-12 08:00:00;645.0;628.27;207.0;21.82;61.85;3.86;
2022-05-12 09:00:00;687.0;455.65;321.0;23.37;56.0;3.59;
2022-05-12 10:00:00;815.0;619.81;276.0;24.81;50.8;3.52;
2022-05-12 11:00:00;845.0;638.07;276.0;25.99;47.65;3.59;
2022-05-12 12:00:00;771.0;512.6;326.0;26.84;43.15;3.59;
2022-05-12 13:00:00;747.0;624.73;247.0;27.41;41.8;3.59;
2022-05-12 14:00:00;629.0;590.16;220.0;27.61;41.8;3.24;
2022-05-12 15:00:00;515.0;679.29;139.0;27.78;40.35;2.62;
2022-05-12 16:00:00;326.0;521.34;122.0;27.73;40.35;2.07;
2022-05-12 17:00:00;149.0;326.55;78.0;26.99;44.7;0.9;
2022-05-12 18:00:00;10.0;22.86;9.0;25.62;49.3;0.83;
2022-05-12 19:00:00;0.0;0.0;0.0;22.51;59.95;1.66;
2022-05-12 20:00:00;0.0;0.0;0.0;20.53;68.4;1.86;
2022-05-12 21:00:00;0.0;0.0;0.0;20.09;68.3;1.31;
2022-05-12 22:00:00;0.0;0.0;0.0;20.63;66.05;0.62;
2022-05-12 23:00:00;0.0;0.0;0.0;18.44;78.15;1.24;
2022-05-13 00:00:00;0.0;0.0;0.0;17.16;86.6;1.59;
2022-05-13 01:00:00;0.0;0.0;0.0;16.52;86.6;1.79;
2022-05-13 02:00:00;0.0;0.0;0.0;16.41;92.8;1.79;
2022-05-13 03:00:00;0.0;0.0;0.0;16.13;92.8;1.72;
2022-05-13 04:00:00;19.0;76.07;15.0;15.9;96.0;1.59;
2022-05-13 05:00:00;158.0;340.4;81.0;16.88;92.8;1.38;
2022-05-13 06:00:00;332.0;515.47;126.0;19.66;83.9;1.72;
2022-05-13 07:00:00;474.0;491.95;198.0;21.32;78.55;2.34;
2022-05-13 08:00:00;630.0;577.62;226.0;22.87;68.75;1.66;
2022-05-13 09:00:00;750.0;623.32;248.0;23.95;66.65;1.17;
2022-05-13 10:00:00;875.0;792.77;184.0;24.86;62.45;1.03;
2022-05-13 11:00:00;795.0;514.71;335.0;25.64;56.6;0.62;
2022-05-13 12:00:00;858.0;747.05;208.0;26.59;51.3;0.14;
2022-05-13 13:00:00;784.0;737.78;192.0;27.21;46.4;0.55;
2022-05-13 14:00:00;671.0;736.43;159.0;27.39;44.8;0.83;
2022-05-13 15:00:00;506.0;642.18;149.0;27.65;44.8;0.69;
2022-05-13 16:00:00;329.0;528.02;121.0;26.51;46.15;0.83;
2022-05-13 17:00:00;152.0;335.91;78.0;25.99;49.3;1.79;
2022-05-13 18:00:00;15.0;64.01;12.0;24.6;52.6;2.34;
2022-05-13 19:00:00;0.0;0.0;0.0;23.1;62.15;1.38;
2022-05-13 20:00:00;0.0;0.0;0.0;21.04;68.5;1.59;
2022-05-13 21:00:00;0.0;0.0;0.0;19.93;73.15;1.31;
2022-05-13 22:00:00;0.0;0.0;0.0;18.94;75.55;1.45;
2022-05-13 23:00:00;0.0;0.0;0.0;17.86;80.85;2.21;
2022-05-14 00:00:00;0.0;0.0;0.0;17.27;83.65;2.28;
2022-05-14 01:00:00;0.0;0.0;0.0;16.53;83.65;2.07;
2022-05-14 02:00:00;0.0;0.0;0.0;15.83;86.5;1.86;
2022-05-14 03:00:00;0.0;0.0;0.0;15.22;89.55;1.86;
2022-05-14 04:00:00;22.0;89.77;17.0;14.69;89.5;1.79;
2022-05-14 05:00:00;163.0;357.96;81.0;15.72;86.5;1.17;
2022-05-14 06:00:00;325.0;462.39;139.0;18.78;72.95;1.03;
2022-05-14 07:00:00;522.0;674.44;142.0;21.14;66.15;0.41;
2022-05-14 08:00:00;677.0;729.75;165.0;23.17;58.0;0.28;
2022-05-14 09:00:00;800.0;771.62;177.0;25.03;49.2;0.41;
2022-05-14 10:00:00;884.0;808.19;178.0;26.52;44.7;0.69;
2022-05-14 11:00:00;910.0;816.21;179.0;27.83;41.8;1.03;
2022-05-14 12:00:00;872.0;779.8;192.0;28.91;37.9;1.52;
2022-05-14 13:00:00;537.0;174.04;397.0;29.65;34.35;2.28;
2022-05-14 14:00:00;656.0;672.49;187.0;30.18;31.0;3.52;
2022-05-14 15:00:00;491.0;566.02;175.0;29.56;28.75;4.0;
2022-05-14 16:00:00;169.0;30.26;157.0;28.94;32.9;4.0;
2022-05-14 17:00:00;76.0;13.44;73.0;27.96;35.05;3.72;
2022-05-14 18:00:00;2.0;0.0;2.0;26.47;36.05;3.38;
2022-05-14 19:00:00;0.0;0.0;0.0;24.62;38.3;2.83;
2022-05-14 20:00:00;0.0;0.0;0.0;23.42;39.3;2.76;
2022-05-14 21:00:00;0.0;0.0;0.0;21.75;46.6;1.93;
2022-05-14 22:00:00;0.0;0.0;0.0;21.59;41.85;1.1;
2022-05-14 23:00:00;0.0;0.0;0.0;19.63;47.8;1.52;
2022-05-15 00:00:00;0.0;0.0;0.0;17.64;52.75;2.41;
2022-05-15 01:00:00;0.0;0.0;0.0;17.44;50.85;2.9;
2022-05-15 02:00:00;0.0;0.0;0.0;17.1;56.6;3.03;
2022-05-15 03:00:00;0.0;0.0;0.0;16.64;58.7;2.9;
2022-05-15 04:00:00;20.0;68.13;16.0;16.46;63.05;2.69;
2022-05-15 05:00:00;167.0;362.3;83.0;16.87;70.2;2.34;
2022-05-15 06:00:00;292.0;293.98;173.0;18.29;65.55;2.69;
2022-05-15 07:00:00;503.0;558.57;187.0;20.47;59.5;3.38;
2022-05-15 08:00:00;613.0;485.99;271.0;21.91;44.95;3.66;
2022-05-15 09:00:00;486.0;102.55;403.0;23.21;36.55;3.79;
2022-05-15 10:00:00;774.0;482.05;352.0;23.91;29.45;4.76;
2022-05-15 11:00:00;460.0;43.46;421.0;23.71;29.45;5.52;
2022-05-15 12:00:00;355.0;9.15;347.0;23.04;32.75;4.9;
2022-05-15 13:00:00;812.0;780.01;183.0;22.44;40.5;4.07;
2022-05-15 14:00:00;194.0;0.0;194.0;20.08;51.5;4.9;
2022-05-15 15:00:00;90.0;0.0;90.0;19.85;55.2;4.07;
2022-05-15 16:00:00;348.0;583.86;115.0;19.77;53.25;3.93;
2022-05-15 17:00:00;168.0;411.63;75.0;19.84;53.25;3.52;
2022-05-15 18:00:00;18.0;75.47;14.0;18.79;56.95;2.9;
2022-05-15 19:00:00;0.0;0.0;0.0;18.5;47.55;2.48;
2022-05-15 20:00:00;0.0;0.0;0.0;17.18;54.6;2.07;
2022-05-15 21:00:00;0.0;0.0;0.0;16.0;58.6;1.79;
2022-05-15 22:00:00;0.0;0.0;0.0;14.81;67.35;1.72;
2022-05-15 23:00:00;0.0;0.0;0.0;14.03;69.75;1.79;
2022-05-16 00:00:00;0.0;0.0;0.0;13.59;69.65;1.86;
2022-05-16 01:00:00;0.0;0.0;0.0;12.71;74.7;1.72;
2022-05-16 02:00:00;0.0;0.0;0.0;12.29;77.35;1.59;
2022-05-16 03:00:00;0.0;0.0;0.0;11.87;74.6;1.45;
2022-05-16 04:00:00;30.0;178.45;19.0;11.37;80.1;1.45;
2022-05-16 05:00:00;188.0;494.6;72.0;12.55;77.45;1.03;
2022-05-16 06:00:00;368.0;633.55;110.0;15.79;60.65;0.97;
2022-05-16 07:00:00;546.0;720.13;137.0;17.03;63.05;0.21;
2022-05-16 08:00:00;704.0;777.89;155.0;18.77;53.0;1.59;
2022-05-16 09:00:00;831.0;820.96;165.0;19.74;46.1;2.14;
2022-05-16 10:00:00;896.0;803.66;191.0;20.3;43.0;1.93;
2022-05-16 11:00:00;907.0;763.98;220.0;20.88;41.55;1.93;
2022-05-16 12:00:00;904.0;831.31;176.0;21.37;40.2;1.66;
2022-05-16 13:00:00;778.0;669.28;237.0;21.9;38.9;1.45;
2022-05-16 14:00:00;683.0;724.03;175.0;22.12;37.65;1.72;
2022-05-16 15:00:00;542.0;726.6;133.0;22.16;37.65;1.72;
2022-05-16 16:00:00;358.0;617.55;110.0;21.77;37.5;1.93;
2022-05-16 17:00:00;170.0;406.66;77.0;20.97;38.75;2.48;
2022-05-16 18:00:00;18.0;53.57;15.0;19.54;46.1;3.17;
2022-05-16 19:00:00;0.0;0.0;0.0;17.57;54.7;3.52;
2022-05-16 20:00:00;0.0;0.0;0.0;16.67;58.7;3.17;
2022-05-16 21:00:00;0.0;0.0;0.0;16.2;60.75;2.41;
2022-05-16 22:00:00;0.0;0.0;0.0;15.28;67.45;2.0;
2022-05-16 23:00:00;0.0;0.0;0.0;14.28;72.3;1.86;
2022-05-17 00:00:00;0.0;0.0;0.0;13.14;80.35;1.59;
2022-05-17 01:00:00;0.0;0.0;0.0;13.02;80.35;1.1;
2022-05-17 02:00:00;0.0;0.0;0.0;13.34;80.35;0.83;
2022-05-17 03:00:00;0.0;0.0;0.0;13.2;80.35;0.41;
2022-05-17 04:00:00;26.0;108.58;19.0;12.85;83.25;0.41;
2022-05-17 05:00:00;95.0;33.74;87.0;13.3;83.25;0.62;
2022-05-17 06:00:00;171.0;24.42;161.0;15.04;69.9;0.9;
2022-05-17 07:00:00;296.0;64.9;259.0;15.8;80.65;0.9;
2022-05-17 08:00:00;307.0;19.78;293.0;17.74;72.8;0.97;
2022-05-17 09:00:00;444.0;67.64;389.0;19.04;63.5;1.38;
2022-05-17 10:00:00;653.0;257.11;427.0;20.28;53.35;1.86;
2022-05-17 11:00:00;682.0;274.15;435.0;21.26;46.5;2.55;
2022-05-17 12:00:00;771.0;485.47;345.0;22.14;41.95;3.17;
2022-05-17 13:00:00;705.0;481.35;315.0;22.59;37.75;3.45;
2022-05-17 14:00:00;688.0;751.77;159.0;22.85;37.75;3.45;
2022-05-17 15:00:00;514.0;622.85;162.0;22.14;40.5;3.45;
2022-05-17 16:00:00;353.0;596.44;112.0;22.16;40.5;2.9;
2022-05-17 17:00:00;168.0;384.59;79.0;21.92;44.95;1.93;
2022-05-17 18:00:00;19.0;50.88;16.0;20.77;59.5;1.17;
2022-05-17 19:00:00;0.0;0.0;0.0;19.53;53.25;1.24;
2022-05-17 20:00:00;0.0;0.0;0.0;17.96;61.05;1.59;
2022-05-17 21:00:00;0.0;0.0;0.0;16.8;70.2;1.86;
2022-05-17 22:00:00;0.0;0.0;0.0;16.17;75.25;2.97;
2022-05-17 23:00:00;0.0;0.0;0.0;16.15;77.95;3.66;
2022-05-18 00:00:00;0.0;0.0;0.0;16.46;80.8;3.38;
2022-05-18 01:00:00;0.0;0.0;0.0;16.31;86.55;2.9;
2022-05-18 02:00:00;0.0;0.0;0.0;15.73;89.6;2.76;
2022-05-18 03:00:00;0.0;0.0;0.0;15.03;89.55;2.55;
2022-05-18 04:00:00;34.0;193.45;21.0;14.65;89.5;2.48;
2022-05-18 05:00:00;194.0;504.98;73.0;15.47;77.85;2.55;
2022-05-18 06:00:00;376.0;650.74;108.0;17.7;58.8;3.72;
2022-05-18 07:00:00;549.0;716.61;139.0;19.53;39.8;5.31;
2022-05-18 08:00:00;714.0;793.42;151.0;20.44;34.45;5.17;
2022-05-18 09:00:00;837.0;824.72;165.0;21.12;31.05;4.76;
2022-05-18 10:00:00;922.0;859.57;165.0;21.72;30.0;4.21;
2022-05-18 11:00:00;944.0;855.27;172.0;22.28;29.05;3.79;
2022-05-18 12:00:00;915.0;847.32;170.0;22.66;29.2;3.66;
2022-05-18 13:00:00;837.0;833.68;160.0;22.88;29.2;3.52;
2022-05-18 14:00:00;709.0;790.72;151.0;22.68;29.2;3.52;
2022-05-18 15:00:00;545.0;720.88;136.0;22.35;30.15;3.93;
2022-05-18 16:00:00;359.0;600.23;115.0;21.95;30.0;3.86;
2022-05-18 17:00:00;166.0;346.01;85.0;21.41;31.05;2.9;
2022-05-18 18:00:00;19.0;48.49;16.0;20.33;37.1;1.52;
2022-05-18 19:00:00;0.0;0.0;0.0;18.23;40.9;2.07;
2022-05-18 20:00:00;0.0;0.0;0.0;16.79;47.15;2.0;
2022-05-18 21:00:00;0.0;0.0;0.0;15.71;52.4;1.86;
2022-05-18 22:00:00;0.0;0.0;0.0;15.06;50.35;1.66;
2022-05-18 23:00:00;0.0;0.0;0.0;14.56;52.15;1.59;
2022-05-19 00:00:00;0.0;0.0;0.0;13.86;55.9;1.66;
2022-05-19 01:00:00;0.0;0.0;0.0;13.42;53.85;1.59;
2022-05-19 02:00:00;0.0;0.0;0.0;13.1;53.7;1.59;
2022-05-19 03:00:00;0.0;0.0;0.0;12.5;55.65;1.72;
2022-05-19 04:00:00;33.0;157.51;22.0;12.1;62.1;1.79;
2022-05-19 05:00:00;194.0;491.71;75.0;13.55;62.45;1.45;
2022-05-19 06:00:00;371.0;620.76;114.0;17.73;43.9;1.66;
2022-05-19 07:00:00;549.0;712.42;140.0;19.22;39.65;1.59;
2022-05-19 08:00:00;710.0;778.76;156.0;20.67;37.25;1.93;
2022-05-19 09:00:00;836.0;820.57;166.0;21.77;34.85;1.59;
2022-05-19 10:00:00;916.0;844.39;171.0;22.72;33.85;1.03;
2022-05-19 11:00:00;942.0;851.52;172.0;23.69;32.9;0.9;
2022-05-19 12:00:00;914.0;843.43;171.0;24.38;33.0;1.17;
2022-05-19 13:00:00;841.0;841.66;156.0;24.9;31.95;1.66;
2022-05-19 14:00:00;708.0;787.11;151.0;25.27;32.1;2.0;
2022-05-19 15:00:00;549.0;728.67;134.0;25.22;32.1;2.14;
2022-05-19 16:00:00;362.0;606.49;114.0;24.85;33.15;2.62;
2022-05-19 17:00:00;177.0;413.96;79.0;23.8;36.7;3.1;
2022-05-19 18:00:00;23.0;61.78;19.0;22.26;40.5;2.76;
2022-05-19 19:00:00;0.0;0.0;0.0;20.29;43.0;2.14;
2022-05-19 20:00:00;0.0;0.0;0.0;18.48;49.3;2.0;
2022-05-19 21:00:00;0.0;0.0;0.0;16.75;58.7;1.79;
2022-05-19 22:00:00;0.0;0.0;0.0;15.79;62.85;1.59;
2022-05-19 23:00:00;0.0;0.0;0.0;15.41;60.65;1.38;
2022-05-20 00:00:00;0.0;0.0;0.0;15.92;56.5;1.03;
2022-05-20 01:00:00;0.0;0.0;0.0;15.84;58.45;0.62;
2022-05-20 02:00:00;0.0;0.0;0.0;13.97;67.25;1.17;
2022-05-20 03:00:00;0.0;0.0;0.0;12.68;77.45;1.38;
2022-05-20 04:00:00;33.0;138.17;23.0;12.52;80.3;1.31;
2022-05-20 05:00:00;188.0;450.23;78.0;14.8;72.4;0.83;
2022-05-20 06:00:00;362.0;584.01;119.0;18.28;63.3;0.83;
2022-05-20 07:00:00;545.0;701.41;141.0;20.61;63.8;1.38;
2022-05-20 08:00:00;708.0;778.28;153.0;22.62;50.3;1.66;
2022-05-20 09:00:00;829.0;810.4;166.0;24.18;42.5;2.14;
2022-05-20 10:00:00;913.0;845.17;166.0;25.42;39.85;2.55;
2022-05-20 11:00:00;940.0;852.26;168.0;26.38;36.05;2.83;
2022-05-20 12:00:00;916.0;855.47;161.0;27.03;33.8;2.97;
2022-05-20 13:00:00;834.0;830.04;157.0;27.41;33.8;3.1;
2022-05-20 14:00:00;711.0;796.24;146.0;27.47;32.65;2.97;
2022-05-20 15:00:00;548.0;725.94;133.0;27.36;32.65;2.83;
2022-05-20 16:00:00;366.0;620.02;111.0;26.96;33.7;2.9;
2022-05-20 17:00:00;181.0;434.54;77.0;26.15;33.55;2.97;
2022-05-20 18:00:00;24.0;59.2;20.0;24.73;38.3;2.41;
2022-05-20 19:00:00;0.0;0.0;0.0;22.45;43.5;2.34;
2022-05-20 20:00:00;0.0;0.0;0.0;20.79;49.8;2.41;
2022-05-20 21:00:00;0.0;0.0;0.0;19.41;57.1;2.21;
2022-05-20 22:00:00;0.0;0.0;0.0;18.06;65.55;1.93;
2022-05-20 23:00:00;0.0;0.0;0.0;17.26;72.7;1.52;
2022-05-21 00:00:00;0.0;0.0;0.0;18.16;63.3;1.03;
2022-05-21 01:00:00;0.0;0.0;0.0;18.29;63.3;0.69;
2022-05-21 02:00:00;0.0;0.0;0.0;17.66;65.45;0.9;
2022-05-21 03:00:00;0.0;0.0;0.0;15.88;72.55;1.31;
2022-05-21 04:00:00;34.0;133.66;24.0;14.82;80.55;1.59;
2022-05-21 05:00:00;183.0;413.75;81.0;17.23;67.75;0.83;
2022-05-21 06:00:00;360.0;574.05;120.0;20.28;57.3;0.69;
2022-05-21 07:00:00;536.0;671.53;148.0;23.04;56.0;0.9;
2022-05-21 08:00:00;696.0;748.51;161.0;24.86;50.8;1.31;
2022-05-21 09:00:00;819.0;789.35;172.0;26.2;46.15;1.52;
2022-05-21 10:00:00;897.0;813.24;177.0;27.41;43.3;1.86;
2022-05-21 11:00:00;923.0;819.98;179.0;28.31;40.5;1.93;
2022-05-21 12:00:00;881.0;769.1;201.0;28.93;39.25;1.93;
2022-05-21 13:00:00;820.0;798.93;167.0;29.35;36.7;2.0;
2022-05-21 14:00:00;687.0;733.69;165.0;29.58;35.6;2.07;
2022-05-21 15:00:00;527.0;655.32;151.0;29.53;36.7;2.48;
2022-05-21 16:00:00;344.0;514.99;131.0;28.9;36.6;2.62;
2022-05-21 17:00:00;164.0;305.93;90.0;27.81;40.35;2.9;
2022-05-21 18:00:00;23.0;42.65;20.0;26.14;44.55;2.62;
2022-05-21 19:00:00;0.0;0.0;0.0;23.73;52.35;2.14;
2022-05-21 20:00:00;0.0;0.0;0.0;21.99;59.8;1.86;
2022-05-21 21:00:00;0.0;0.0;0.0;20.38;68.3;1.66;
2022-05-21 22:00:00;0.0;0.0;0.0;19.02;73.05;1.66;
2022-05-21 23:00:00;0.0;0.0;0.0;18.23;78.15;1.59;
2022-05-22 00:00:00;0.0;0.0;0.0;18.0;78.15;1.45;
2022-05-22 01:00:00;0.0;0.0;0.0;18.23;78.15;1.17;
2022-05-22 02:00:00;0.0;0.0;0.0;18.86;75.55;0.83;
2022-05-22 03:00:00;0.0;0.0;0.0;18.61;75.55;0.69;
2022-05-22 04:00:00;37.0;155.52;25.0;17.05;80.8;1.17;
2022-05-22 05:00:00;166.0;285.55;95.0;18.29;78.15;0.9;
2022-05-22 06:00:00;342.0;478.59;141.0;21.79;61.85;1.24;
2022-05-22 07:00:00;519.0;603.97;169.0;24.79;54.45;1.79;
2022-05-22 08:00:00;686.0;716.16;173.0;26.97;47.9;2.34;
2022-05-22 09:00:00;812.0;770.89;179.0;28.77;42.05;2.48;
2022-05-22 10:00:00;899.0;818.69;173.0;30.28;36.95;2.14;
2022-05-22 11:00:00;925.0;825.26;175.0;31.51;33.55;1.72;
2022-05-22 12:00:00;897.0;817.45;173.0;32.32;30.45;1.31;
2022-05-22 13:00:00;826.0;814.4;159.0;32.83;29.55;1.24;
2022-05-22 14:00:00;616.0;499.07;260.0;33.12;27.65;1.31;
2022-05-22 15:00:00;501.0;547.04;186.0;32.99;28.5;2.0;
2022-05-22 16:00:00;316.0;377.51;159.0;31.95;29.3;2.9;
2022-05-22 17:00:00;189.0;462.36;76.0;29.09;40.75;2.21;
2022-05-22 18:00:00;19.0;13.69;18.0;27.63;56.95;1.17;
2022-05-22 19:00:00;0.0;0.0;0.0;27.2;38.95;0.97;
2022-05-22 20:00:00;0.0;0.0;0.0;27.13;36.3;0.07;
2022-05-22 21:00:00;0.0;0.0;0.0;26.23;38.7;0.83;
2022-05-22 22:00:00;0.0;0.0;0.0;23.88;48.8;1.24;
2022-05-22 23:00:00;0.0;0.0;0.0;22.72;54.0;1.31;
2022-05-23 00:00:00;0.0;0.0;0.0;23.49;48.8;0.48;
2022-05-23 01:00:00;0.0;0.0;0.0;22.84;52.1;0.69;
2022-05-23 02:00:00;0.0;0.0;0.0;19.54;68.2;1.59;
2022-05-23 03:00:00;0.0;0.0;0.0;17.62;80.85;1.86;
2022-05-23 04:00:00;39.0;163.72;26.0;17.44;80.85;2.07;
2022-05-23 05:00:00;179.0;367.02;87.0;18.92;81.0;1.59;
2022-05-23 06:00:00;377.0;637.75;108.0;23.34;62.15;1.38;
2022-05-23 07:00:00;554.0;729.61;130.0;25.69;58.55;1.17;
2022-05-23 08:00:00;526.0;273.05;330.0;27.67;51.45;1.45;
2022-05-23 09:00:00;238.0;0.0;238.0;29.21;45.2;1.66;
2022-05-23 10:00:00;242.0;0.0;242.0;30.28;39.65;2.07;
2022-05-23 11:00:00;494.0;65.92;434.0;31.05;35.85;2.28;
2022-05-23 12:00:00;639.0;236.71;429.0;31.73;33.7;2.21;
2022-05-23 13:00:00;0.0;0.0;0.0;32.0;33.7;2.62;
2022-05-23 14:00:00;699.0;766.29;151.0;31.97;32.55;3.17;
2022-05-23 15:00:00;540.0;697.43;137.0;30.37;34.5;2.76;
2022-05-23 16:00:00;360.0;583.56;116.0;29.82;34.35;1.59;
2022-05-23 17:00:00;176.0;364.58;86.0;29.36;39.35;1.45;
2022-05-23 18:00:00;26.0;52.82;22.0;27.85;43.3;2.0;
2022-05-23 19:00:00;0.0;0.0;0.0;25.68;52.85;1.52;
2022-05-23 20:00:00;0.0;0.0;0.0;23.53;60.15;1.79;
2022-05-23 21:00:00;0.0;0.0;0.0;21.97;66.25;1.93;
2022-05-23 22:00:00;0.0;0.0;0.0;20.98;70.9;1.93;
2022-05-23 23:00:00;0.0;0.0;0.0;20.44;75.75;1.72;
2022-05-24 00:00:00;0.0;0.0;0.0;20.17;75.75;1.52;
2022-05-24 01:00:00;0.0;0.0;0.0;19.4;81.05;1.59;
2022-05-24 02:00:00;0.0;0.0;0.0;18.98;83.85;1.59;
2022-05-24 03:00:00;0.0;0.0;0.0;19.01;83.85;1.38;
2022-05-24 04:00:00;37.0;122.62;27.0;19.14;83.85;1.17;
2022-05-24 05:00:00;180.0;364.23;88.0;21.27;73.35;0.55;
2022-05-24 06:00:00;354.0;528.9;130.0;23.96;64.4;0.69;
2022-05-24 07:00:00;533.0;659.02;149.0;25.69;52.85;0.76;
2022-05-24 08:00:00;695.0;745.23;159.0;27.51;46.4;0.97;
2022-05-24 09:00:00;817.0;786.52;169.0;28.8;43.55;0.9;
2022-05-24 10:00:00;904.0;833.07;163.0;29.77;39.5;0.97;
2022-05-24 11:00:00;931.0;840.32;165.0;30.75;35.85;1.17;
2022-05-24 12:00:00;898.0;820.37;169.0;31.42;34.75;1.31;
2022-05-24 13:00:00;827.0;818.51;154.0;31.87;32.55;1.66;
2022-05-24 14:00:00;698.0;763.01;151.0;32.08;31.55;2.14;
2022-05-24 15:00:00;540.0;693.33;138.0;31.8;30.35;2.76;
2022-05-24 16:00:00;357.0;566.24;119.0;30.06;32.15;2.69;
2022-05-24 17:00:00;178.0;369.07;86.0;29.26;35.45;2.07;
2022-05-24 18:00:00;36.0;140.39;25.0;27.59;53.2;1.31;
2022-05-24 19:00:00;0.0;0.0;0.0;25.81;52.85;1.24;
2022-05-24 20:00:00;0.0;0.0;0.0;23.95;60.15;1.52;
2022-05-24 21:00:00;0.0;0.0;0.0;23.91;56.15;1.17;
2022-05-24 22:00:00;0.0;0.0;0.0;24.31;52.5;0.76;
2022-05-24 23:00:00;0.0;0.0;0.0;22.94;59.95;1.03;
2022-05-25 00:00:00;0.0;0.0;0.0;21.43;66.15;1.24;
2022-05-25 01:00:00;0.0;0.0;0.0;22.28;59.8;0.55;
2022-05-25 02:00:00;0.0;0.0;0.0;21.86;61.85;0.28;
2022-05-25 03:00:00;0.0;0.0;0.0;21.39;63.9;0.62;
2022-05-25 04:00:00;37.0;107.66;28.0;19.2;78.3;1.24;
2022-05-25 05:00:00;186.0;396.98;85.0;21.26;68.5;0.62;
2022-05-25 06:00:00;356.0;531.57;130.0;23.91;60.15;0.69;
2022-05-25 07:00:00;529.0;635.11;158.0;24.68;66.85;0.28;
2022-05-25 08:00:00;693.0;735.51;163.0;26.69;56.85;0.14;
2022-05-25 09:00:00;819.0;787.73;169.0;28.44;49.8;0.21;
2022-05-25 10:00:00;901.0;822.91;168.0;29.72;42.3;0.69;
2022-05-25 11:00:00;928.0;830.35;170.0;30.79;38.4;1.1;
2022-05-25 12:00:00;895.0;811.22;173.0;31.54;34.75;1.38;
2022-05-25 13:00:00;817.0;786.63;169.0;32.05;33.7;1.52;
2022-05-25 14:00:00;690.0;733.35;163.0;32.26;32.65;1.59;
2022-05-25 15:00:00;511.0;575.85;176.0;32.2;32.65;1.72;
2022-05-25 16:00:00;318.0;366.89;163.0;30.75;35.85;0.41;
2022-05-25 17:00:00;151.0;198.69;101.0;26.02;52.95;2.07;
2022-05-25 18:00:00;22.0;12.36;21.0;23.06;71.25;1.52;
2022-05-25 19:00:00;0.0;0.0;0.0;24.84;56.35;1.72;
2022-05-25 20:00:00;0.0;0.0;0.0;23.44;71.25;1.24;
2022-05-25 21:00:00;0.0;0.0;0.0;22.02;76.1;1.52;
2022-05-25 22:00:00;0.0;0.0;0.0;20.98;81.3;1.45;
2022-05-25 23:00:00;0.0;0.0;0.0;20.23;86.85;1.45;
2022-05-26 00:00:00;0.0;0.0;0.0;19.42;92.9;1.52;
2022-05-26 01:00:00;0.0;0.0;0.0;18.82;96.1;1.72;
2022-05-26 02:00:00;0.0;0.0;0.0;18.49;92.85;1.66;
2022-05-26 03:00:00;0.0;0.0;0.0;18.33;96.05;1.45;
2022-05-26 04:00:00;32.0;58.45;27.0;18.56;96.1;1.1;
2022-05-26 05:00:00;160.0;226.42;102.0;19.56;96.1;0.9;
2022-05-26 06:00:00;334.0;419.5;155.0;22.11;84.15;1.59;
2022-05-26 07:00:00;475.0;433.79;221.0;23.03;78.85;1.1;
2022-05-26 08:00:00;498.0;217.49;341.0;24.39;73.85;1.72;
2022-05-26 09:00:00;750.0;582.07;269.0;26.06;60.7;1.52;
2022-05-26 10:00:00;788.0;516.85;327.0;27.77;53.2;1.03;
2022-05-26 11:00:00;864.0;655.28;265.0;28.36;49.8;0.55;
2022-05-26 12:00:00;470.0;58.34;418.0;28.86;46.65;0.83;
2022-05-26 13:00:00;567.0;202.36;400.0;29.35;45.2;0.62;
2022-05-26 14:00:00;536.0;294.32;324.0;29.16;42.2;0.07;
2022-05-26 15:00:00;48.0;0.0;48.0;28.32;44.95;2.97;
2022-05-26 16:00:00;33.0;0.0;33.0;25.5;60.45;3.03;
2022-05-26 17:00:00;45.0;0.0;45.0;25.04;60.45;1.1;
2022-05-26 18:00:00;22.0;11.99;21.0;24.4;64.5;1.72;
2022-05-26 19:00:00;0.0;0.0;0.0;21.07;84.05;0.55;
2022-05-26 20:00:00;0.0;0.0;0.0;20.79;92.95;0.21;
2022-05-26 21:00:00;0.0;0.0;0.0;20.17;89.85;0.69;
2022-05-26 22:00:00;0.0;0.0;0.0;19.22;96.1;1.45;
2022-05-26 23:00:00;0.0;0.0;0.0;19.16;96.1;1.86;
2022-05-27 00:00:00;0.0;0.0;0.0;19.12;96.1;1.79;
2022-05-27 01:00:00;0.0;0.0;0.0;19.22;99.4;1.66;
2022-05-27 02:00:00;0.0;0.0;0.0;18.95;96.1;1.17;
2022-05-27 03:00:00;0.0;0.0;0.0;19.26;96.1;0.55;
2022-05-27 04:00:00;20.0;11.44;19.0;18.89;92.85;0.48;
2022-05-27 05:00:00;164.0;236.61;103.0;19.27;86.8;1.59;
2022-05-27 06:00:00;264.0;170.5;191.0;18.56;89.75;1.59;
2022-05-27 07:00:00;501.0;516.32;198.0;20.57;78.5;1.03;
2022-05-27 08:00:00;545.0;304.26;325.0;21.26;75.95;1.66;
2022-05-27 09:00:00;549.0;174.02;405.0;21.77;73.45;2.34;
2022-05-27 10:00:00;866.0;716.62;226.0;22.05;71.05;2.55;
2022-05-27 11:00:00;804.0;501.47;345.0;23.1;68.85;2.14;
2022-05-27 12:00:00;81.0;0.0;81.0;23.63;66.65;2.0;
2022-05-27 13:00:00;92.0;0.0;92.0;22.57;73.6;2.21;
2022-05-27 14:00:00;63.0;0.0;63.0;20.63;78.5;3.03;
2022-05-27 15:00:00;72.0;0.0;72.0;20.82;78.5;2.48;
2022-05-27 16:00:00;171.0;21.1;162.0;21.22;75.95;2.0;
2022-05-27 17:00:00;71.0;3.9;70.0;20.56;78.5;1.72;
2022-05-27 18:00:00;23.0;11.64;22.0;19.56;86.85;2.0;
2022-05-27 19:00:00;0.0;0.0;0.0;19.34;86.8;2.14;
2022-05-27 20:00:00;0.0;0.0;0.0;18.21;89.75;2.55;
2022-05-27 21:00:00;0.0;0.0;0.0;17.5;92.85;2.62;
2022-05-27 22:00:00;0.0;0.0;0.0;16.84;92.8;2.62;
2022-05-27 23:00:00;0.0;0.0;0.0;16.39;96.05;2.48;
2022-05-28 00:00:00;0.0;0.0;0.0;16.11;96.05;2.0;
2022-05-28 01:00:00;0.0;0.0;0.0;15.61;96.0;1.45;
2022-05-28 02:00:00;0.0;0.0;0.0;15.16;96.0;1.17;
2022-05-28 03:00:00;0.0;0.0;0.0;14.92;96.0;1.17;
2022-05-28 04:00:00;42.0;123.39;31.0;15.23;96.0;1.52;
2022-05-28 05:00:00;154.0;173.51;109.0;15.82;96.0;1.93;
2022-05-28 06:00:00;254.0;137.36;195.0;17.0;89.65;2.14;
2022-05-28 07:00:00;493.0;467.63;218.0;18.65;81.0;1.66;
2022-05-28 08:00:00;663.0;602.06;227.0;20.14;70.7;2.07;
2022-05-28 09:00:00;817.0;753.09;193.0;21.44;63.9;2.76;
2022-05-28 10:00:00;575.0;142.03;448.0;21.9;61.85;3.38;
2022-05-28 11:00:00;876.0;657.97;273.0;22.96;52.1;3.52;
2022-05-28 12:00:00;124.0;0.0;124.0;23.3;48.7;4.07;
2022-05-28 13:00:00;90.0;0.0;90.0;19.1;73.05;5.52;
2022-05-28 14:00:00;93.0;0.0;93.0;16.03;77.95;6.14;
2022-05-28 15:00:00;142.0;0.0;142.0;14.28;83.4;4.21;
2022-05-28 16:00:00;52.0;0.0;52.0;13.83;86.35;1.93;
2022-05-28 17:00:00;37.0;0.0;37.0;14.3;80.45;0.34;
2022-05-28 18:00:00;8.0;0.0;8.0;14.39;77.65;1.17;
2022-05-28 19:00:00;0.0;0.0;0.0;13.16;83.25;1.45;
2022-05-28 20:00:00;0.0;0.0;0.0;13.01;83.25;2.0;
2022-05-28 21:00:00;0.0;0.0;0.0;12.88;86.25;1.93;
2022-05-28 22:00:00;0.0;0.0;0.0;12.75;86.25;1.31;
2022-05-28 23:00:00;0.0;0.0;0.0;12.43;86.25;0.97;
2022-05-29 00:00:00;0.0;0.0;0.0;11.86;92.55;1.72;
2022-05-29 01:00:00;0.0;0.0;0.0;11.86;92.55;2.07;
2022-05-29 02:00:00;0.0;0.0;0.0;12.01;89.35;1.86;
2022-05-29 03:00:00;0.0;0.0;0.0;11.92;89.35;1.59;
2022-05-29 04:00:00;30.0;33.04;27.0;11.72;92.55;1.38;
2022-05-29 05:00:00;125.0;72.85;106.0;12.38;89.35;1.72;
2022-05-29 06:00:00;373.0;564.05;130.0;13.19;83.25;1.86;
2022-05-29 07:00:00;508.0;505.75;210.0;14.19;77.65;2.55;
2022-05-29 08:00:00;213.0;0.0;213.0;15.28;72.45;2.9;
2022-05-29 09:00:00;208.0;0.0;208.0;16.07;65.25;3.31;
2022-05-29 10:00:00;502.0;73.73;436.0;16.67;63.05;4.0;
2022-05-29 11:00:00;422.0;23.98;400.0;17.45;58.8;4.48;
2022-05-29 12:00:00;585.0;149.7;451.0;18.19;54.85;4.83;
2022-05-29 13:00:00;468.0;78.36;403.0;18.78;49.3;4.9;
2022-05-29 14:00:00;338.0;31.72;315.0;18.98;45.95;4.97;
2022-05-29 15:00:00;435.0;288.6;265.0;19.01;44.3;5.03;
2022-05-29 16:00:00;192.0;34.83;177.0;18.67;47.55;5.1;
2022-05-29 17:00:00;166.0;230.22;106.0;18.0;51.0;4.76;
2022-05-29 18:00:00;25.0;11.04;24.0;17.19;56.6;4.07;
2022-05-29 19:00:00;0.0;0.0;0.0;16.13;62.95;3.59;
2022-05-29 20:00:00;0.0;0.0;0.0;15.14;67.45;3.24;
2022-05-29 21:00:00;0.0;0.0;0.0;14.53;69.85;2.97;
2022-05-29 22:00:00;0.0;0.0;0.0;14.02;72.3;2.76;
2022-05-29 23:00:00;0.0;0.0;0.0;13.78;74.85;2.55;
2022-05-30 00:00:00;0.0;0.0;0.0;13.22;77.5;2.48;
2022-05-30 01:00:00;0.0;0.0;0.0;12.39;77.45;2.41;
2022-05-30 02:00:00;0.0;0.0;0.0;11.75;83.1;2.28;
2022-05-30 03:00:00;0.0;0.0;0.0;11.15;83.05;2.28;
2022-05-30 04:00:00;15.0;0.0;15.0;10.83;86.05;2.34;
2022-05-30 05:00:00;198.0;411.94;90.0;12.01;80.2;2.07;
2022-05-30 06:00:00;302.0;263.88;188.0;14.31;72.3;1.72;
2022-05-30 07:00:00;568.0;730.15;137.0;16.86;72.7;0.28;
2022-05-30 08:00:00;732.0;806.91;146.0;18.61;70.45;1.38;
2022-05-30 09:00:00;849.0;827.15;162.0;19.77;65.85;2.34;
2022-05-30 10:00:00;882.0;723.07;234.0;20.03;59.35;2.97;
2022-05-30 11:00:00;281.0;0.0;281.0;19.57;61.4;3.38;
2022-05-30 12:00:00;185.0;0.0;185.0;20.75;55.45;3.17;
2022-05-30 13:00:00;362.0;18.05;347.0;21.03;46.5;2.97;
2022-05-30 14:00:00;715.0;763.81;160.0;21.4;44.85;2.69;
2022-05-30 15:00:00;567.0;729.56;136.0;21.57;41.85;2.41;
2022-05-30 16:00:00;388.0;631.15;115.0;21.54;40.35;2.28;
2022-05-30 17:00:00;198.0;418.68;88.0;21.01;41.7;2.48;
2022-05-30 18:00:00;43.0;118.41;32.0;19.77;49.55;2.62;
2022-05-30 19:00:00;0.0;0.0;0.0;18.17;61.05;2.83;
2022-05-30 20:00:00;0.0;0.0;0.0;16.93;63.05;2.83;
2022-05-30 21:00:00;0.0;0.0;0.0;16.07;65.25;2.55;
2022-05-30 22:00:00;0.0;0.0;0.0;15.65;67.55;2.34;
2022-05-30 23:00:00;0.0;0.0;0.0;14.92;67.45;2.21;
2022-05-31 00:00:00;0.0;0.0;0.0;14.32;74.95;2.0;
2022-05-31 01:00:00;0.0;0.0;0.0;13.39;77.6;1.93;
2022-05-31 02:00:00;0.0;0.0;0.0;13.04;80.35;1.86;
2022-05-31 03:00:00;0.0;0.0;0.0;12.44;86.25;1.86;
2022-05-31 04:00:00;44.0;127.91;32.0;12.34;89.35;1.86;
2022-05-31 05:00:00;183.0;315.06;100.0;13.62;86.35;1.52;
2022-05-31 06:00:00;377.0;586.44;123.0;16.7;72.7;1.45;
2022-05-31 07:00:00;545.0;654.51;158.0;18.28;67.95;0.69;
2022-05-31 08:00:00;710.0;753.64;162.0;19.95;61.4;0.69;
2022-05-31 09:00:00;814.0;737.27;201.0;21.32;55.55;0.0;
2022-05-31 10:00:00;828.0;587.45;301.0;22.11;48.45;0.48;
2022-05-31 11:00:00;748.0;366.46;411.0;22.73;43.65;0.69;
2022-05-31 12:00:00;760.0;431.23;373.0;23.38;40.75;0.97;
2022-05-31 13:00:00;642.0;310.05;384.0;23.5;39.45;1.03;
2022-05-31 14:00:00;521.0;243.1;344.0;23.78;38.05;0.62;
2022-05-31 15:00:00;362.0;138.41;280.0;23.62;39.45;0.41;
2022-05-31 16:00:00;148.0;6.91;145.0;20.69;64.42;0.86;
2022-05-31 17:00:00;76.0;3.78;75.0;20.29;65.3;0.87;
2022-05-31 18:00:00;15.0;0.0;15.0;19.89;66.18;0.89;
2022-05-31 19:00:00;0.0;0.0;0.0;19.49;67.06;0.9;
2022-05-31 20:00:00;0.0;0.0;0.0;19.08;67.93;0.91;
2022-05-31 21:00:00;0.0;0.0;0.0;18.68;68.81;0.92;
2022-05-31 22:00:00;0.0;0.0;0.0;18.28;69.69;0.93;
2022-05-31 23:00:00;0.0;0.0;0.0;17.88;70.56;0.95;
2022-06-01 00:00:00;0.0;0.0;0.0;17.48;71.44;0.96;
2022-06-01 01:00:00;0.0;0.0;0.0;17.08;72.32;0.97;
2022-06-01 02:00:00;0.0;0.0;0.0;16.68;73.2;0.98;
2022-06-01 03:00:00;0.0;0.0;0.0;16.28;74.07;1.0;
2022-06-01 04:00:00;46.0;134.81;33.0;15.87;74.95;1.01;
2022-06-01 05:00:00;209.0;470.44;84.0;15.47;75.83;1.02;
2022-06-01 06:00:00;385.0;609.07;120.0;15.07;76.7;1.03;
2022-06-01 07:00:00;562.0;706.55;143.0;14.67;77.58;1.04;
2022-06-01 08:00:00;716.0;760.19;162.0;21.79;44.95;0.48;
2022-06-01 09:00:00;844.0;812.68;167.0;23.16;42.25;0.21;
2022-06-01 10:00:00;918.0;824.46;177.0;24.38;38.15;0.34;
2022-06-01 11:00:00;925.0;777.04;209.0;25.5;34.5;1.45;
2022-06-01 12:00:00;878.0;711.47;238.0;26.06;32.25;1.93;
2022-06-01 13:00:00;662.0;342.7;376.0;26.33;31.2;2.28;
2022-06-01 14:00:00;459.0;140.92;356.0;26.1;30.1;2.62;
2022-06-01 15:00:00;483.0;416.36;235.0;25.7;31.1;2.9;
2022-06-01 16:00:00;387.0;607.29;121.0;25.12;32.1;3.31;
2022-06-01 17:00:00;204.0;431.66;88.0;24.56;34.25;3.38;
2022-06-01 18:00:00;46.0;120.78;34.0;23.58;35.4;2.76;
2022-06-01 19:00:00;0.0;0.0;0.0;22.15;39.05;2.76;
2022-06-01 20:00:00;0.0;0.0;0.0;20.68;44.7;2.76;
2022-06-01 21:00:00;0.0;0.0;0.0;19.56;47.8;2.55;
2022-06-01 22:00:00;0.0;0.0;0.0;18.46;51.15;2.34;
2022-06-01 23:00:00;0.0;0.0;0.0;17.27;56.75;2.14;
2022-06-02 00:00:00;0.0;0.0;0.0;16.21;60.75;2.07;
2022-06-02 01:00:00;0.0;0.0;0.0;15.63;65.15;1.86;
2022-06-02 02:00:00;0.0;0.0;0.0;15.88;62.85;1.52;
2022-06-02 03:00:00;0.0;0.0;0.0;17.38;52.75;0.97;
2022-06-02 04:00:00;35.0;40.99;31.0;17.56;51.0;0.41;
2022-06-02 05:00:00;121.0;56.24;106.0;17.79;52.9;0.62;
2022-06-02 06:00:00;187.0;29.82;174.0;19.9;47.8;0.62;
2022-06-02 07:00:00;387.0;180.2;280.0;22.19;40.5;0.41;
2022-06-02 08:00:00;629.0;485.28;275.0;24.12;34.25;0.76;
2022-06-02 09:00:00;795.0;668.06;238.0;25.6;32.25;1.1;
2022-06-02 10:00:00;767.0;439.12;372.0;26.8;30.25;1.31;
2022-06-02 11:00:00;896.0;693.92;256.0;27.68;29.4;1.24;
2022-06-02 12:00:00;919.0;823.95;177.0;28.43;29.55;0.97;
2022-06-02 13:00:00;792.0;655.73;244.0;29.03;28.65;0.9;
2022-06-02 14:00:00;528.0;248.55;346.0;28.91;28.65;0.97;
2022-06-02 15:00:00;505.0;483.94;216.0;27.45;31.5;2.21;
2022-06-02 16:00:00;282.0;191.03;198.0;26.09;33.55;2.0;
2022-06-02 17:00:00;64.0;0.0;64.0;24.28;45.6;0.69;
2022-06-02 18:00:00;17.0;0.0;17.0;23.56;50.55;0.28;
2022-06-02 19:00:00;0.0;0.0;0.0;21.11;61.7;2.14;
2022-06-02 20:00:00;0.0;0.0;0.0;20.08;65.95;1.72;
2022-06-02 21:00:00;0.0;0.0;0.0;18.59;78.25;1.59;
2022-06-02 22:00:00;0.0;0.0;0.0;17.81;80.9;1.31;
2022-06-02 23:00:00;0.0;0.0;0.0;18.45;78.25;0.9;
2022-06-03 00:00:00;0.0;0.0;0.0;16.43;89.65;1.52;
2022-06-03 01:00:00;0.0;0.0;0.0;15.9;89.6;1.66;
2022-06-03 02:00:00;0.0;0.0;0.0;15.51;89.6;1.59;
2022-06-03 03:00:00;0.0;0.0;0.0;15.16;92.75;1.52;
2022-06-03 04:00:00;38.0;60.82;32.0;14.87;96.0;1.45;
2022-06-03 05:00:00;200.0;407.32;91.0;16.5;89.65;1.03;
2022-06-03 06:00:00;384.0;597.64;123.0;19.61;75.7;0.9;
2022-06-03 07:00:00;526.0;568.57;188.0;21.02;68.4;1.24;
2022-06-03 08:00:00;700.0;708.11;183.0;22.77;55.9;1.31;
2022-06-03 09:00:00;825.0;761.03;190.0;24.49;47.25;1.45;
2022-06-03 10:00:00;893.0;753.14;215.0;26.04;39.95;1.66;
2022-06-03 11:00:00;935.0;804.89;192.0;27.35;35.05;2.07;
2022-06-03 12:00:00;919.0;823.09;177.0;28.42;30.65;2.41;
2022-06-03 13:00:00;827.0;761.22;190.0;29.16;28.65;2.62;
2022-06-03 14:00:00;695.0;681.63;195.0;28.56;30.65;3.79;
2022-06-03 15:00:00;524.0;546.22;197.0;26.73;34.9;3.86;
2022-06-03 16:00:00;252.0;117.81;200.0;26.3;34.8;2.76;
2022-06-03 17:00:00;19.0;0.0;19.0;25.95;37.2;2.76;
2022-06-03 18:00:00;52.0;154.84;36.0;24.94;42.65;2.62;
2022-06-03 19:00:00;0.0;0.0;0.0;23.27;50.45;2.69;
2022-06-03 20:00:00;0.0;0.0;0.0;22.15;53.85;2.21;
2022-06-03 21:00:00;0.0;0.0;0.0;21.07;55.55;2.69;
2022-06-03 22:00:00;0.0;0.0;0.0;20.12;55.3;2.9;
2022-06-03 23:00:00;0.0;0.0;0.0;19.34;55.05;2.83;
2022-06-04 00:00:00;0.0;0.0;0.0;18.59;54.95;2.76;
2022-06-04 01:00:00;0.0;0.0;0.0;17.83;56.85;2.69;
2022-06-04 02:00:00;0.0;0.0;0.0;17.2;58.8;2.55;
2022-06-04 03:00:00;0.0;0.0;0.0;16.59;63.05;2.34;
2022-06-04 04:00:00;47.0;130.49;34.0;16.09;67.65;2.07;
2022-06-04 05:00:00;71.0;0.0;71.0;17.18;67.85;1.86;
2022-06-04 06:00:00;87.0;0.0;87.0;19.56;59.25;2.69;
2022-06-04 07:00:00;49.0;0.0;49.0;20.66;57.45;3.79;
2022-06-04 08:00:00;96.0;0.0;96.0;20.05;61.5;3.45;
2022-06-04 09:00:00;129.0;0.0;129.0;19.21;73.05;2.41;
2022-06-04 10:00:00;139.0;0.0;139.0;18.89;86.75;1.66;
2022-06-04 11:00:00;112.0;0.0;112.0;18.96;89.75;1.93;
2022-06-04 12:00:00;125.0;0.0;125.0;19.13;89.8;2.69;
2022-06-04 13:00:00;75.0;0.0;75.0;19.66;89.85;3.38;
2022-06-04 14:00:00;93.0;0.0;93.0;19.61;89.85;3.86;
2022-06-04 15:00:00;59.0;0.0;59.0;19.47;89.8;3.93;
2022-06-04 16:00:00;34.0;0.0;34.0;19.2;86.8;3.45;
2022-06-04 17:00:00;27.0;0.0;27.0;19.01;86.8;3.79;
2022-06-04 18:00:00;10.0;0.0;10.0;18.34;89.75;4.48;
2022-06-04 19:00:00;0.0;0.0;0.0;17.16;92.85;4.97;
2022-06-04 20:00:00;0.0;0.0;0.0;17.34;92.85;4.83;
2022-06-04 21:00:00;0.0;0.0;0.0;17.59;89.75;4.0;
2022-06-04 22:00:00;0.0;0.0;0.0;17.81;92.85;3.31;
2022-06-04 23:00:00;0.0;0.0;0.0;17.72;89.75;3.1;
2022-06-05 00:00:00;0.0;0.0;0.0;17.68;89.75;3.03;
2022-06-05 01:00:00;0.0;0.0;0.0;17.67;89.75;3.38;
2022-06-05 02:00:00;0.0;0.0;0.0;17.71;89.75;3.66;
2022-06-05 03:00:00;0.0;0.0;0.0;17.45;89.7;4.07;
2022-06-05 04:00:00;8.0;0.0;8.0;16.61;89.65;4.21;
2022-06-05 05:00:00;43.0;0.0;43.0;16.13;86.55;4.14;
2022-06-05 06:00:00;226.0;77.62;192.0;16.87;78.0;4.55;
2022-06-05 07:00:00;419.0;250.16;270.0;17.96;83.75;3.1;
2022-06-05 08:00:00;593.0;397.98;302.0;19.52;73.15;3.1;
2022-06-05 09:00:00;669.0;363.85;365.0;20.78;66.05;2.76;
2022-06-05 10:00:00;766.0;443.72;366.0;21.78;61.85;2.28;
2022-06-05 11:00:00;849.0;581.89;311.0;22.76;57.9;1.66;
2022-06-05 12:00:00;869.0;690.86;245.0;23.43;56.0;0.97;
2022-06-05 13:00:00;707.0;441.05;337.0;24.03;52.35;0.48;
2022-06-05 14:00:00;673.0;612.79;222.0;24.48;50.7;0.41;
2022-06-05 15:00:00;535.0;591.87;179.0;23.91;52.35;0.07;
2022-06-05 16:00:00;369.0;508.37;143.0;23.34;54.1;0.9;
2022-06-05 17:00:00;217.0;474.78;86.0;22.96;57.9;1.72;
2022-06-05 18:00:00;52.0;140.13;37.0;22.11;61.95;1.93;
2022-06-05 19:00:00;0.0;0.0;0.0;21.46;68.5;1.24;
2022-06-05 20:00:00;0.0;0.0;0.0;19.45;81.05;1.38;
2022-06-05 21:00:00;0.0;0.0;0.0;19.44;78.3;0.83;
2022-06-05 22:00:00;0.0;0.0;0.0;19.32;78.3;0.07;
2022-06-05 23:00:00;0.0;0.0;0.0;18.43;81.0;0.69;
2022-06-06 00:00:00;0.0;0.0;0.0;16.57;86.6;1.17;
2022-06-06 01:00:00;0.0;0.0;0.0;15.55;92.75;1.72;
2022-06-06 02:00:00;0.0;0.0;0.0;15.24;96.0;2.07;
2022-06-06 03:00:00;0.0;0.0;0.0;15.27;96.0;2.14;
2022-06-06 04:00:00;21.0;0.0;21.0;15.49;96.0;1.86;
2022-06-06 05:00:00;130.0;74.14;110.0;17.12;92.85;1.52;
2022-06-06 06:00:00;376.0;567.79;127.0;19.75;83.9;2.14;
2022-06-06 07:00:00;483.0;426.12;229.0;21.07;78.55;1.93;
2022-06-06 08:00:00;604.0;426.44;292.0;22.39;71.05;1.66;
2022-06-06 09:00:00;743.0;535.89;295.0;23.51;66.55;1.59;
2022-06-06 10:00:00;784.0;484.47;347.0;24.52;60.25;1.52;
2022-06-06 11:00:00;882.0;669.03;263.0;25.43;54.55;1.52;
2022-06-06 12:00:00;786.0;484.5;348.0;26.1;49.45;1.45;
2022-06-06 13:00:00;194.0;0.0;194.0;26.77;44.7;1.31;
2022-06-06 14:00:00;586.0;370.35;313.0;26.93;41.65;1.45;
2022-06-06 15:00:00;554.0;663.55;154.0;26.94;40.25;1.86;
2022-06-06 16:00:00;387.0;587.36;125.0;26.6;40.25;2.34;
2022-06-06 17:00:00;189.0;295.43;107.0;25.45;47.5;2.0;
2022-06-06 18:00:00;62.0;220.61;38.0;23.96;56.15;1.1;
2022-06-06 19:00:00;0.0;0.0;0.0;22.31;68.7;0.41;
2022-06-06 20:00:00;0.0;0.0;0.0;21.38;66.15;0.0;
2022-06-06 21:00:00;0.0;0.0;0.0;19.82;75.7;0.83;
2022-06-06 22:00:00;0.0;0.0;0.0;17.99;83.75;1.31;
2022-06-06 23:00:00;0.0;0.0;0.0;17.3;86.65;1.38;
2022-06-07 00:00:00;0.0;0.0;0.0;17.05;86.65;1.24;
2022-06-07 01:00:00;0.0;0.0;0.0;16.88;89.65;1.03;
2022-06-07 02:00:00;0.0;0.0;0.0;16.73;89.65;0.97;
2022-06-07 03:00:00;0.0;0.0;0.0;16.87;89.65;0.83;
2022-06-07 04:00:00;25.0;9.81;24.0;17.04;86.65;0.62;
2022-06-07 05:00:00;208.0;447.62;87.0;17.71;86.7;0.41;
2022-06-07 06:00:00;340.0;403.2;163.0;19.47;83.85;0.48;
2022-06-07 07:00:00;533.0;606.91;171.0;21.56;71.0;0.9;
2022-06-07 08:00:00;694.0;704.9;178.0;22.99;62.05;1.45;
2022-06-07 09:00:00;800.0;701.82;213.0;24.52;54.35;1.86;
2022-06-07 10:00:00;757.0;428.8;370.0;25.81;46.0;2.48;
2022-06-07 11:00:00;701.0;289.47;433.0;26.85;43.15;3.52;
2022-06-07 12:00:00;529.0;97.26;441.0;24.84;52.6;4.55;
2022-06-07 13:00:00;220.0;0.0;220.0;25.03;52.6;3.93;
2022-06-07 14:00:00;505.0;209.96;350.0;25.61;47.65;3.72;
2022-06-07 15:00:00;402.0;203.61;279.0;26.03;46.0;3.79;
2022-06-07 16:00:00;315.0;283.79;188.0;26.14;43.05;3.72;
2022-06-07 17:00:00;117.0;39.41;106.0;25.53;49.2;2.34;
2022-06-07 18:00:00;43.0;54.32;37.0;23.63;60.15;0.28;
2022-06-07 19:00:00;0.0;0.0;0.0;21.43;70.9;1.17;
2022-06-07 20:00:00;0.0;0.0;0.0;20.18;78.45;1.1;
2022-06-07 21:00:00;0.0;0.0;0.0;19.28;83.85;1.38;
2022-06-07 22:00:00;0.0;0.0;0.0;18.29;86.75;1.86;
2022-06-07 23:00:00;0.0;0.0;0.0;17.93;89.75;2.28;
2022-06-08 00:00:00;0.0;0.0;0.0;17.74;92.85;2.41;
2022-06-08 01:00:00;0.0;0.0;0.0;17.84;92.85;2.0;
2022-06-08 02:00:00;0.0;0.0;0.0;17.66;92.85;1.52;
2022-06-08 03:00:00;0.0;0.0;0.0;17.27;96.05;1.45;
2022-06-08 04:00:00;13.0;0.0;13.0;17.14;96.05;2.0;
2022-06-08 05:00:00;32.0;0.0;32.0;17.58;92.85;2.48;
2022-06-08 06:00:00;135.0;2.28;134.0;18.51;89.75;2.76;
2022-06-08 07:00:00;251.0;21.78;238.0;19.75;86.85;1.1;
2022-06-08 08:00:00;201.0;0.0;201.0;20.63;81.2;1.66;
2022-06-08 09:00:00;165.0;0.0;165.0;21.75;78.65;2.55;
2022-06-08 10:00:00;214.0;0.0;214.0;23.0;71.15;3.03;
2022-06-08 11:00:00;196.0;0.0;196.0;22.64;68.75;3.45;
2022-06-08 12:00:00;494.0;70.68;430.0;22.63;71.15;4.0;
2022-06-08 13:00:00;75.0;0.0;75.0;21.61;73.45;4.21;
2022-06-08 14:00:00;77.0;0.0;77.0;21.75;68.6;3.45;
2022-06-08 15:00:00;141.0;0.0;141.0;21.94;64.0;3.1;
2022-06-08 16:00:00;196.0;35.64;180.0;22.21;59.8;2.83;
2022-06-08 17:00:00;212.0;434.7;90.0;21.71;64.0;2.97;
2022-06-08 18:00:00;5.0;0.0;5.0;20.83;70.8;3.24;
2022-06-08 19:00:00;0.0;0.0;0.0;18.89;89.75;2.07;
2022-06-08 20:00:00;0.0;0.0;0.0;18.39;89.75;2.07;
2022-06-08 21:00:00;0.0;0.0;0.0;18.01;89.75;2.0;
2022-06-08 22:00:00;0.0;0.0;0.0;17.62;92.85;2.07;
2022-06-08 23:00:00;0.0;0.0;0.0;17.22;92.85;2.34;
2022-06-09 00:00:00;0.0;0.0;0.0;16.91;96.05;2.41;
2022-06-09 01:00:00;0.0;0.0;0.0;16.82;92.8;2.28;
2022-06-09 02:00:00;0.0;0.0;0.0;16.55;92.8;2.14;
2022-06-09 03:00:00;0.0;0.0;0.0;16.28;92.8;2.07;
2022-06-09 04:00:00;45.0;87.36;36.0;16.26;92.8;2.0;
2022-06-09 05:00:00;37.0;0.0;37.0;16.82;89.65;1.93;
2022-06-09 06:00:00;46.0;0.0;46.0;17.65;83.75;1.93;
2022-06-09 07:00:00;248.0;20.1;236.0;18.01;81.0;1.79;
2022-06-09 08:00:00;545.0;288.02;334.0;19.17;78.3;2.14;
2022-06-09 09:00:00;749.0;548.35;290.0;20.25;73.2;2.34;
2022-06-09 10:00:00;872.0;700.73;239.0;21.41;68.5;2.28;
2022-06-09 11:00:00;935.0;809.13;185.0;22.2;64.1;2.14;
2022-06-09 12:00:00;905.0;789.02;190.0;22.67;62.05;2.28;
2022-06-09 13:00:00;834.0;779.79;177.0;23.14;62.15;2.69;
2022-06-09 14:00:00;131.0;0.0;131.0;23.27;62.15;3.1;
2022-06-09 15:00:00;54.0;0.0;54.0;23.01;62.05;3.03;
2022-06-09 16:00:00;70.0;0.0;70.0;20.81;73.3;2.55;
2022-06-09 17:00:00;166.0;170.15;118.0;20.11;75.75;2.62;
2022-06-09 18:00:00;13.0;0.0;13.0;19.49;81.05;0.83;
2022-06-09 19:00:00;0.0;0.0;0.0;18.21;83.8;1.79;
2022-06-09 20:00:00;0.0;0.0;0.0;17.37;86.65;2.07;
2022-06-09 21:00:00;0.0;0.0;0.0;16.8;89.65;1.93;
2022-06-09 22:00:00;0.0;0.0;0.0;16.16;89.65;1.66;
2022-06-09 23:00:00;0.0;0.0;0.0;15.66;92.75;0.9;
2022-06-10 00:00:00;0.0;0.0;0.0;15.42;92.75;0.55;
2022-06-10 01:00:00;0.0;0.0;0.0;15.38;92.75;0.55;
2022-06-10 02:00:00;0.0;0.0;0.0;15.33;92.75;0.55;
2022-06-10 03:00:00;0.0;0.0;0.0;13.82;99.4;1.31;
2022-06-10 04:00:00;60.0;232.08;36.0;13.62;99.4;1.24;
2022-06-10 05:00:00;213.0;467.9;86.0;15.28;96.0;1.1;
2022-06-10 06:00:00;311.0;281.92;187.0;16.23;92.8;1.1;
2022-06-10 07:00:00;550.0;656.39;158.0;17.53;80.9;1.52;
2022-06-10 08:00:00;719.0;764.22;159.0;19.21;75.65;1.31;
2022-06-10 09:00:00;722.0;475.33;324.0;20.25;68.3;0.9;
2022-06-10 10:00:00;679.0;275.54;430.0;21.39;63.9;0.76;
2022-06-10 11:00:00;740.0;343.97;421.0;22.35;57.75;0.76;
2022-06-10 12:00:00;531.0;94.84;445.0;22.22;57.75;0.21;
2022-06-10 13:00:00;447.0;60.47;396.0;22.34;57.75;0.76;
2022-06-10 14:00:00;582.0;349.39;323.0;22.02;61.85;1.66;
2022-06-10 15:00:00;80.0;0.0;80.0;21.59;61.85;2.55;
2022-06-10 16:00:00;413.0;666.68;112.0;19.82;73.15;2.21;
2022-06-10 17:00:00;230.0;507.97;86.0;18.9;81.0;1.03;
2022-06-10 18:00:00;66.0;225.98;40.0;18.64;83.8;0.28;
2022-06-10 19:00:00;0.0;0.0;0.0;16.77;86.6;0.21;
2022-06-10 20:00:00;0.0;0.0;0.0;16.23;89.65;0.97;
2022-06-10 21:00:00;0.0;0.0;0.0;15.48;92.75;1.52;
2022-06-10 22:00:00;0.0;0.0;0.0;15.03;96.0;1.66;
2022-06-10 23:00:00;0.0;0.0;0.0;14.96;99.4;1.66;
2022-06-11 00:00:00;0.0;0.0;0.0;14.9;96.0;1.66;
2022-06-11 01:00:00;0.0;0.0;0.0;14.55;96.0;1.52;
2022-06-11 02:00:00;0.0;0.0;0.0;14.4;99.35;1.31;
2022-06-11 03:00:00;0.0;0.0;0.0;14.15;96.0;1.59;
2022-06-11 04:00:00;56.0;192.84;36.0;14.16;96.0;1.86;
2022-06-11 05:00:00;189.0;316.62;103.0;14.77;96.0;2.48;
2022-06-11 06:00:00;207.0;50.0;185.0;15.51;92.75;2.34;
2022-06-11 07:00:00;275.0;35.16;254.0;16.96;89.65;1.03;
2022-06-11 08:00:00;682.0;649.48;206.0;18.01;83.8;1.24;
2022-06-11 09:00:00;779.0;623.28;257.0;19.01;86.75;1.31;
2022-06-11 10:00:00;266.0;0.0;266.0;19.94;83.9;1.45;
2022-06-11 11:00:00;332.0;3.23;329.0;20.53;78.45;1.72;
2022-06-11 12:00:00;511.0;79.35;439.0;21.36;70.9;1.79;
2022-06-11 13:00:00;821.0;727.41;207.0;21.6;66.25;1.86;
2022-06-11 14:00:00;402.0;72.76;348.0;21.55;64.0;2.07;
2022-06-11 15:00:00;320.0;70.64;277.0;21.31;66.15;2.41;
2022-06-11 16:00:00;107.0;0.0;107.0;19.93;73.15;2.41;
2022-06-11 17:00:00;114.0;28.09;106.0;19.29;78.3;1.93;
2022-06-11 18:00:00;48.0;68.71;40.0;19.06;78.3;1.03;
2022-06-11 19:00:00;0.0;0.0;0.0;18.46;81.0;0.97;
2022-06-11 20:00:00;0.0;0.0;0.0;17.46;86.65;1.52;
2022-06-11 21:00:00;0.0;0.0;0.0;16.75;86.6;1.66;
2022-06-11 22:00:00;0.0;0.0;0.0;15.87;92.75;1.45;
2022-06-11 23:00:00;0.0;0.0;0.0;15.39;92.75;1.1;
2022-06-12 00:00:00;0.0;0.0;0.0;15.83;92.75;0.69;
2022-06-12 01:00:00;0.0;0.0;0.0;15.46;96.0;0.07;
2022-06-12 02:00:00;0.0;0.0;0.0;14.96;99.4;0.48;
2022-06-12 03:00:00;0.0;0.0;0.0;14.67;96.0;0.34;
2022-06-12 04:00:00;26.0;9.62;25.0;14.34;99.35;0.21;
2022-06-12 05:00:00;137.0;92.0;112.0;14.96;99.4;0.28;
2022-06-12 06:00:00;378.0;565.87;129.0;17.43;86.65;0.62;
2022-06-12 07:00:00;570.0;726.54;136.0;19.29;78.3;0.9;
2022-06-12 08:00:00;726.0;783.12;152.0;20.82;68.4;1.03;
2022-06-12 09:00:00;855.0;836.88;154.0;22.15;57.75;1.45;
2022-06-12 10:00:00;926.0;839.39;167.0;23.2;52.25;1.86;
2022-06-12 11:00:00;929.0;785.39;200.0;24.17;48.95;2.48;
2022-06-12 12:00:00;920.0;817.24;178.0;24.71;45.75;2.9;
2022-06-12 13:00:00;854.0;816.77;164.0;25.17;42.75;3.1;
2022-06-12 14:00:00;733.0;776.5;156.0;25.61;41.4;2.9;
2022-06-12 15:00:00;578.0;713.42;143.0;25.69;42.9;2.76;
2022-06-12 16:00:00;400.0;610.33;123.0;25.7;42.9;2.69;
2022-06-12 17:00:00;225.0;471.97;90.0;25.19;47.5;1.93;
2022-06-12 18:00:00;62.0;169.87;42.0;23.59;68.95;0.9;
2022-06-12 19:00:00;0.0;0.0;0.0;22.51;57.75;0.14;
2022-06-12 20:00:00;0.0;0.0;0.0;20.01;73.15;1.03;
2022-06-12 21:00:00;0.0;0.0;0.0;17.96;80.9;1.79;
2022-06-12 22:00:00;0.0;0.0;0.0;17.0;80.85;2.0;
2022-06-12 23:00:00;0.0;0.0;0.0;16.48;86.55;2.14;
2022-06-13 00:00:00;0.0;0.0;0.0;16.07;86.55;2.14;
2022-06-13 01:00:00;0.0;0.0;0.0;15.92;86.5;2.28;
2022-06-13 02:00:00;0.0;0.0;0.0;15.76;86.5;2.41;
2022-06-13 03:00:00;0.0;0.0;0.0;15.67;86.5;2.48;
2022-06-13 04:00:00;41.0;57.68;35.0;15.64;83.55;2.55;
2022-06-13 05:00:00;198.0;371.66;97.0;16.81;80.8;2.14;
2022-06-13 06:00:00;379.0;572.72;127.0;19.1;73.05;2.21;
2022-06-13 07:00:00;560.0;694.77;145.0;21.24;66.15;2.76;
2022-06-13 08:00:00;716.0;759.92;159.0;22.93;59.95;2.48;
2022-06-13 09:00:00;844.0;812.92;163.0;24.28;54.35;2.69;
2022-06-13 10:00:00;924.0;836.99;167.0;25.42;49.2;2.97;
2022-06-13 11:00:00;948.0;833.56;174.0;26.22;46.15;2.76;
2022-06-13 12:00:00;894.0;746.35;216.0;26.92;44.7;2.41;
2022-06-13 13:00:00;794.0;648.18;246.0;27.31;43.3;2.07;
2022-06-13 14:00:00;724.0;752.79;164.0;27.64;40.5;1.93;
2022-06-13 15:00:00;552.0;620.59;173.0;27.66;40.5;1.86;
2022-06-13 16:00:00;276.0;153.87;206.0;27.36;43.3;2.14;
2022-06-13 17:00:00;99.0;13.93;95.0;25.79;51.05;2.48;
2022-06-13 18:00:00;15.0;0.0;15.0;24.42;58.2;2.28;
2022-06-13 19:00:00;0.0;0.0;0.0;21.48;73.35;2.83;
2022-06-13 20:00:00;0.0;0.0;0.0;19.91;83.9;3.45;
2022-06-13 21:00:00;0.0;0.0;0.0;18.82;92.85;3.59;
2022-06-13 22:00:00;0.0;0.0;0.0;18.34;92.85;2.97;
2022-06-13 23:00:00;0.0;0.0;0.0;18.06;92.85;2.48;
2022-06-14 00:00:00;0.0;0.0;0.0;17.82;92.85;2.41;
2022-06-14 01:00:00;0.0;0.0;0.0;17.58;92.85;2.55;
2022-06-14 02:00:00;0.0;0.0;0.0;17.5;92.85;2.55;
2022-06-14 03:00:00;0.0;0.0;0.0;17.17;92.85;2.41;
2022-06-14 04:00:00;39.0;48.05;34.0;16.97;96.05;2.48;
2022-06-14 05:00:00;173.0;235.56;109.0;17.24;96.05;2.28;
2022-06-14 06:00:00;156.0;9.09;152.0;18.03;89.75;2.55;
2022-06-14 07:00:00;404.0;216.0;275.0;18.84;78.25;3.31;
2022-06-14 08:00:00;484.0;180.1;352.0;20.55;68.4;2.76;
2022-06-14 09:00:00;502.0;111.01;409.0;22.01;64.0;2.07;
2022-06-14 10:00:00;646.0;228.84;439.0;23.03;62.05;1.24;
2022-06-14 11:00:00;830.0;532.93;335.0;23.59;60.15;0.76;
2022-06-14 12:00:00;935.0;856.0;157.0;24.28;60.25;0.62;
2022-06-14 13:00:00;836.0;777.72;178.0;24.6;60.35;1.17;
2022-06-14 14:00:00;718.0;738.58;168.0;24.62;58.35;1.93;
2022-06-14 15:00:00;569.0;686.71;149.0;22.93;71.15;2.76;
2022-06-14 16:00:00;395.0;585.58;128.0;22.74;68.75;2.62;
2022-06-14 17:00:00;213.0;391.93;100.0;22.48;71.05;2.34;
2022-06-14 18:00:00;43.0;33.31;39.0;21.82;71.0;1.86;
2022-06-14 19:00:00;0.0;0.0;0.0;21.64;78.65;1.79;
2022-06-14 20:00:00;0.0;0.0;0.0;20.6;84.05;1.79;
2022-06-14 21:00:00;0.0;0.0;0.0;19.65;86.85;1.93;
2022-06-14 22:00:00;0.0;0.0;0.0;19.08;89.8;2.0;
2022-06-14 23:00:00;0.0;0.0;0.0;18.52;92.85;2.0;
2022-06-15 00:00:00;0.0;0.0;0.0;18.23;92.85;1.59;
2022-06-15 01:00:00;0.0;0.0;0.0;17.7;96.05;1.24;
2022-06-15 02:00:00;0.0;0.0;0.0;17.09;96.05;1.03;
2022-06-15 03:00:00;0.0;0.0;0.0;16.66;96.05;1.03;
2022-06-15 04:00:00;51.0;134.64;37.0;16.27;99.4;1.24;
2022-06-15 05:00:00;106.0;29.46;98.0;17.84;96.05;0.97;
2022-06-15 06:00:00;206.0;50.03;184.0;19.77;89.85;1.03;
2022-06-15 07:00:00;527.0;589.55;175.0;21.06;78.55;0.34;
2022-06-15 08:00:00;302.0;16.38;290.0;21.94;73.45;0.69;
2022-06-15 09:00:00;338.0;11.94;328.0;22.73;68.75;0.97;
2022-06-15 10:00:00;210.0;0.0;210.0;22.82;71.15;0.62;
2022-06-15 11:00:00;257.0;0.0;257.0;23.13;71.25;0.76;
2022-06-15 12:00:00;396.0;19.8;378.0;23.27;73.7;1.31;
2022-06-15 13:00:00;289.0;2.36;287.0;23.47;73.7;1.79;
2022-06-15 14:00:00;220.0;0.0;220.0;23.36;73.7;2.0;
2022-06-15 15:00:00;87.0;0.0;87.0;23.25;71.25;2.41;
2022-06-15 16:00:00;75.0;0.0;75.0;22.79;76.15;2.48;
2022-06-15 17:00:00;78.0;3.46;77.0;22.17;78.7;1.66;
2022-06-15 18:00:00;8.0;0.0;8.0;21.82;81.35;0.9;
2022-06-15 19:00:00;0.0;0.0;0.0;20.86;86.9;0.97;
2022-06-15 20:00:00;0.0;0.0;0.0;20.17;89.85;1.1;
2022-06-15 21:00:00;0.0;0.0;0.0;19.64;92.9;1.17;
2022-06-15 22:00:00;0.0;0.0;0.0;19.4;96.1;1.17;
2022-06-15 23:00:00;0.0;0.0;0.0;19.3;96.1;1.24;
2022-06-16 00:00:00;0.0;0.0;0.0;19.12;92.9;1.17;
2022-06-16 01:00:00;0.0;0.0;0.0;18.54;96.1;0.9;
2022-06-16 02:00:00;0.0;0.0;0.0;18.13;92.85;0.55;
2022-06-16 03:00:00;0.0;0.0;0.0;17.71;92.85;0.62;
2022-06-16 04:00:00;5.0;0.0;5.0;17.37;96.05;0.69;
2022-06-16 05:00:00;20.0;0.0;20.0;18.29;92.85;0.55;
2022-06-16 06:00:00;239.0;102.39;194.0;19.32;86.8;0.69;
2022-06-16 07:00:00;447.0;325.05;253.0;21.22;84.05;1.52;
2022-06-16 08:00:00;661.0;600.57;221.0;22.36;76.1;1.93;
2022-06-16 09:00:00;810.0;738.96;191.0;23.25;68.85;1.59;
2022-06-16 10:00:00;674.0;276.33;424.0;23.93;66.65;1.03;
2022-06-16 11:00:00;676.0;249.66;444.0;24.7;62.45;0.76;
2022-06-16 12:00:00;683.0;284.73;424.0;25.55;60.45;0.07;
2022-06-16 13:00:00;465.0;75.55;401.0;25.91;56.6;0.83;
2022-06-16 14:00:00;520.0;227.87;350.0;25.94;56.6;1.45;
2022-06-16 15:00:00;494.0;422.33;235.0;24.87;62.45;1.52;
2022-06-16 16:00:00;384.0;535.15;139.0;24.05;68.95;1.72;
2022-06-16 17:00:00;217.0;413.36;97.0;23.49;68.85;1.24;
2022-06-16 18:00:00;63.0;155.55;44.0;23.07;71.25;0.28;
2022-06-16 19:00:00;0.0;0.0;0.0;21.83;78.65;1.31;
2022-06-16 20:00:00;0.0;0.0;0.0;20.37;83.95;1.24;
2022-06-16 21:00:00;0.0;0.0;0.0;19.54;83.9;1.66;
2022-06-16 22:00:00;0.0;0.0;0.0;19.14;86.8;1.66;
2022-06-16 23:00:00;0.0;0.0;0.0;18.9;89.75;1.31;
2022-06-17 00:00:00;0.0;0.0;0.0;18.67;89.75;1.17;
2022-06-17 01:00:00;0.0;0.0;0.0;18.67;86.75;0.97;
2022-06-17 02:00:00;0.0;0.0;0.0;18.82;86.75;0.48;
2022-06-17 03:00:00;0.0;0.0;0.0;17.94;89.75;0.76;
2022-06-17 04:00:00;24.0;0.0;24.0;17.02;92.85;0.41;
2022-06-17 05:00:00;44.0;0.0;44.0;17.69;96.05;0.21;
2022-06-17 06:00:00;272.0;173.05;196.0;20.06;86.85;0.55;
2022-06-17 07:00:00;514.0;539.78;192.0;21.36;84.05;1.31;
2022-06-17 08:00:00;384.0;64.17;337.0;21.76;81.35;1.72;
2022-06-17 09:00:00;438.0;58.5;389.0;22.56;76.15;2.0;
2022-06-17 10:00:00;551.0;118.27;444.0;23.41;76.2;1.86;
2022-06-17 11:00:00;451.0;36.58;417.0;24.06;69.05;1.86;
2022-06-17 12:00:00;761.0;428.59;371.0;24.61;66.85;1.72;
2022-06-17 13:00:00;457.0;68.43;399.0;24.86;66.85;1.66;
2022-06-17 14:00:00;503.0;196.87;356.0;25.35;60.45;1.93;
2022-06-17 15:00:00;141.0;0.0;141.0;24.35;66.75;1.93;
2022-06-17 16:00:00;152.0;4.36;150.0;22.39;76.1;1.93;
2022-06-17 17:00:00;220.0;425.85;96.0;21.48;84.05;1.17;
2022-06-17 18:00:00;68.0;195.05;44.0;21.29;81.3;0.9;
2022-06-17 19:00:00;0.0;0.0;0.0;21.14;73.35;2.14;
2022-06-17 20:00:00;0.0;0.0;0.0;20.23;78.45;2.21;
2022-06-17 21:00:00;0.0;0.0;0.0;19.56;81.1;2.55;
2022-06-17 22:00:00;0.0;0.0;0.0;18.94;86.75;2.9;
2022-06-17 23:00:00;0.0;0.0;0.0;18.42;83.8;2.83;
2022-06-18 00:00:00;0.0;0.0;0.0;17.95;86.7;2.9;
2022-06-18 01:00:00;0.0;0.0;0.0;17.61;86.7;3.1;
2022-06-18 02:00:00;0.0;0.0;0.0;17.21;86.65;3.17;
2022-06-18 03:00:00;0.0;0.0;0.0;16.82;89.65;3.1;
2022-06-18 04:00:00;45.0;87.18;36.0;16.6;89.65;3.1;
2022-06-18 05:00:00;213.0;472.95;85.0;17.43;89.7;2.9;
2022-06-18 06:00:00;389.0;617.62;118.0;18.89;83.8;3.38;
2022-06-18 07:00:00;563.0;707.83;141.0;20.77;75.85;4.07;
2022-06-18 08:00:00;717.0;762.15;159.0;22.3;71.05;4.07;
2022-06-18 09:00:00;828.0;770.28;183.0;23.67;62.25;4.0;
2022-06-18 10:00:00;922.0;829.01;172.0;24.85;56.35;3.86;
2022-06-18 11:00:00;936.0;800.39;192.0;25.64;51.05;3.86;
2022-06-18 12:00:00;864.0;656.98;266.0;26.25;47.75;3.79;
2022-06-18 13:00:00;835.0;758.22;192.0;26.52;46.15;3.59;
2022-06-18 14:00:00;568.0;307.8;338.0;26.94;43.15;3.59;
2022-06-18 15:00:00;498.0;416.48;242.0;26.76;41.65;3.79;
2022-06-18 16:00:00;306.0;222.03;204.0;26.15;43.05;3.79;
2022-06-18 17:00:00;219.0;404.12;101.0;25.33;45.9;3.72;
2022-06-18 18:00:00;75.0;250.29;44.0;23.94;48.8;3.52;
2022-06-18 19:00:00;0.0;0.0;0.0;22.08;55.8;2.9;
2022-06-18 20:00:00;0.0;0.0;0.0;20.92;59.5;2.83;
2022-06-18 21:00:00;0.0;0.0;0.0;20.19;57.3;2.97;
2022-06-18 22:00:00;0.0;0.0;0.0;19.73;57.2;3.1;
2022-06-18 23:00:00;0.0;0.0;0.0;19.15;59.15;3.03;
2022-06-19 00:00:00;0.0;0.0;0.0;18.51;63.4;2.83;
2022-06-19 01:00:00;0.0;0.0;0.0;17.88;65.55;2.76;
2022-06-19 02:00:00;0.0;0.0;0.0;17.23;67.85;2.76;
2022-06-19 03:00:00;0.0;0.0;0.0;16.64;70.2;2.55;
2022-06-19 04:00:00;47.0;106.99;36.0;16.22;75.25;2.34;
2022-06-19 05:00:00;216.0;488.56;84.0;17.07;75.4;2.07;
2022-06-19 06:00:00;386.0;604.58;121.0;19.04;70.55;2.34;
2022-06-19 07:00:00;561.0;699.94;144.0;20.38;73.2;1.59;
2022-06-19 08:00:00;714.0;754.31;162.0;21.97;66.25;2.07;
2022-06-19 09:00:00;776.0;612.8;263.0;23.33;58.0;2.62;
2022-06-19 10:00:00;888.0;735.12;223.0;24.26;52.5;2.76;
2022-06-19 11:00:00;883.0;650.81;278.0;25.06;50.8;2.76;
2022-06-19 12:00:00;856.0;632.66;280.0;25.7;47.65;2.83;
2022-06-19 13:00:00;702.0;406.64;357.0;26.03;47.65;2.48;
2022-06-19 14:00:00;616.0;414.58;306.0;25.17;50.95;2.41;
2022-06-19 15:00:00;490.0;390.06;250.0;24.78;54.45;1.52;
2022-06-19 16:00:00;36.0;0.0;36.0;23.9;58.1;1.86;
2022-06-19 17:00:00;35.0;0.0;35.0;21.94;73.45;2.07;
2022-06-19 18:00:00;7.0;0.0;7.0;21.34;78.55;1.24;
2022-06-19 19:00:00;0.0;0.0;0.0;21.58;68.6;1.93;
2022-06-19 20:00:00;0.0;0.0;0.0;20.1;78.45;1.66;
2022-06-19 21:00:00;0.0;0.0;0.0;18.62;89.75;1.45;
2022-06-19 22:00:00;0.0;0.0;0.0;17.62;89.75;1.45;
2022-06-19 23:00:00;0.0;0.0;0.0;16.95;96.05;1.59;
2022-06-20 00:00:00;0.0;0.0;0.0;16.46;96.05;1.59;
2022-06-20 01:00:00;0.0;0.0;0.0;16.0;92.8;1.59;
2022-06-20 02:00:00;0.0;0.0;0.0;15.61;96.0;1.59;
2022-06-20 03:00:00;0.0;0.0;0.0;15.29;96.0;1.45;
2022-06-20 04:00:00;56.0;195.51;36.0;15.18;96.0;1.31;
2022-06-20 05:00:00;207.0;441.33;88.0;16.79;96.05;0.83;
2022-06-20 06:00:00;392.0;630.44;116.0;19.58;81.1;0.97;
2022-06-20 07:00:00;564.0;712.26;140.0;19.73;75.7;0.97;
2022-06-20 08:00:00;723.0;776.59;155.0;21.33;68.5;0.97;
2022-06-20 09:00:00;848.0;819.73;162.0;22.82;59.95;0.83;
2022-06-20 10:00:00;930.0;843.58;167.0;24.12;50.7;0.55;
2022-06-20 11:00:00;945.0;817.53;185.0;25.14;45.9;0.28;
2022-06-20 12:00:00;937.0;845.58;167.0;25.86;42.9;0.28;
2022-06-20 13:00:00;853.0;801.19;173.0;26.46;41.55;0.55;
2022-06-20 14:00:00;734.0;761.83;164.0;26.82;38.85;0.83;
2022-06-20 15:00:00;590.0;730.69;140.0;27.01;38.85;1.24;
2022-06-20 16:00:00;410.0;620.76;124.0;26.96;38.85;1.45;
2022-06-20 17:00:00;237.0;501.05;90.0;26.52;43.05;0.97;
2022-06-20 18:00:00;72.0;215.6;45.0;25.56;50.95;0.14;
2022-06-20 19:00:00;0.0;0.0;0.0;23.64;62.25;1.1;
2022-06-20 20:00:00;0.0;0.0;0.0;21.97;64.0;1.24;
2022-06-20 21:00:00;0.0;0.0;0.0;20.44;70.7;1.38;
2022-06-20 22:00:00;0.0;0.0;0.0;19.32;73.05;1.45;
2022-06-20 23:00:00;0.0;0.0;0.0;19.01;73.05;1.31;
2022-06-21 00:00:00;0.0;0.0;0.0;19.84;68.2;0.9;
2022-06-21 01:00:00;0.0;0.0;0.0;19.36;73.05;0.28;
2022-06-21 02:00:00;0.0;0.0;0.0;18.76;75.55;0.34;
2022-06-21 03:00:00;0.0;0.0;0.0;17.62;78.15;0.83;
2022-06-21 04:00:00;41.0;59.0;35.0;16.21;86.55;1.17;
2022-06-21 05:00:00;145.0;122.67;112.0;17.28;89.7;0.97;
2022-06-21 06:00:00;167.0;16.01;160.0;20.44;81.15;1.17;
2022-06-21 07:00:00;492.0;455.65;221.0;22.55;71.15;0.9;
2022-06-21 08:00:00;544.0;288.66;333.0;24.24;64.5;1.1;
2022-06-21 09:00:00;794.0;671.81;232.0;25.7;58.55;1.24;
2022-06-21 10:00:00;894.0;759.71;207.0;26.79;51.3;1.1;
2022-06-21 11:00:00;824.0;513.12;347.0;27.57;48.0;1.24;
2022-06-21 12:00:00;566.0;125.17;452.0;28.06;44.95;2.0;
2022-06-21 13:00:00;579.0;191.99;416.0;26.21;52.95;2.34;
2022-06-21 14:00:00;548.0;268.5;347.0;26.62;49.55;2.28;
2022-06-21 15:00:00;581.0;704.14;147.0;26.72;47.9;2.34;
2022-06-21 16:00:00;405.0;604.84;126.0;26.45;49.45;2.14;
2022-06-21 17:00:00;205.0;312.97;113.0;26.01;52.85;1.52;
2022-06-21 18:00:00;64.0;143.1;46.0;24.79;66.85;1.17;
2022-06-21 19:00:00;0.0;0.0;0.0;23.21;66.55;2.0;
2022-06-21 20:00:00;0.0;0.0;0.0;21.54;73.45;1.93;
2022-06-21 21:00:00;0.0;0.0;0.0;20.27;83.95;1.52;
2022-06-21 22:00:00;0.0;0.0;0.0;21.05;73.35;0.76;
2022-06-21 23:00:00;0.0;0.0;0.0;20.06;78.45;0.97;
2022-06-22 00:00:00;0.0;0.0;0.0;17.99;89.75;1.52;
2022-06-22 01:00:00;0.0;0.0;0.0;17.94;92.85;1.24;
2022-06-22 02:00:00;0.0;0.0;0.0;18.6;89.75;0.9;
2022-06-22 03:00:00;0.0;0.0;0.0;18.79;92.85;0.69;
2022-06-22 04:00:00;54.0;178.2;36.0;18.54;92.85;0.69;
2022-06-22 05:00:00;146.0;126.71;112.0;19.22;92.9;0.07;
2022-06-22 06:00:00;355.0;471.91;149.0;21.71;81.35;0.34;
2022-06-22 07:00:00;556.0;693.43;144.0;24.24;64.5;1.93;
2022-06-22 08:00:00;713.0;758.42;159.0;26.08;56.7;1.93;
2022-06-22 09:00:00;837.0;801.27;167.0;27.69;49.8;1.79;
2022-06-22 10:00:00;923.0;836.21;167.0;28.92;42.2;1.72;
2022-06-22 11:00:00;944.0;821.91;180.0;29.63;36.85;1.59;
2022-06-22 12:00:00;906.0;776.21;199.0;30.18;34.5;1.66;
2022-06-22 13:00:00;852.0;805.42;168.0;30.34;33.3;1.59;
2022-06-22 14:00:00;730.0;755.73;164.0;30.44;33.3;1.31;
2022-06-22 15:00:00;584.0;713.38;144.0;30.48;33.3;1.17;
2022-06-22 16:00:00;406.0;604.2;127.0;30.43;33.3;1.03;
2022-06-22 17:00:00;233.0;482.24;91.0;29.57;46.75;1.17;
2022-06-22 18:00:00;63.0;134.64;46.0;27.73;61.0;1.1;
2022-06-22 19:00:00;0.0;0.0;0.0;25.69;58.55;1.72;
2022-06-22 20:00:00;0.0;0.0;0.0;23.59;62.25;1.93;
2022-06-22 21:00:00;0.0;0.0;0.0;22.44;61.95;1.79;
2022-06-22 22:00:00;0.0;0.0;0.0;22.15;57.75;1.45;
2022-06-22 23:00:00;0.0;0.0;0.0;23.31;48.7;0.9;
2022-06-23 00:00:00;0.0;0.0;0.0;22.97;52.1;0.55;
2022-06-23 01:00:00;0.0;0.0;0.0;19.85;73.15;1.66;
2022-06-23 02:00:00;0.0;0.0;0.0;19.68;75.7;2.14;
2022-06-23 03:00:00;0.0;0.0;0.0;20.13;75.75;2.21;
2022-06-23 04:00:00;15.0;0.0;15.0;20.27;83.95;2.0;
2022-06-23 05:00:00;173.0;242.95;108.0;21.33;84.05;1.45;
2022-06-23 06:00:00;357.0;486.48;145.0;24.55;69.05;1.31;
2022-06-23 07:00:00;544.0;658.82;153.0;26.13;58.7;0.69;
2022-06-23 08:00:00;698.0;722.01;171.0;27.72;48.15;0.41;
2022-06-23 09:00:00;829.0;786.12;172.0;28.9;43.65;0.21;
2022-06-23 10:00:00;910.0;809.91;178.0;29.84;39.5;0.07;
2022-06-23 11:00:00;940.0;818.78;179.0;30.42;36.95;0.34;
2022-06-23 12:00:00;928.0;834.36;168.0;31.08;35.85;0.76;
2022-06-23 13:00:00;840.0;779.36;178.0;31.27;35.95;1.03;
2022-06-23 14:00:00;724.0;740.76;169.0;31.52;34.75;1.03;
2022-06-23 15:00:00;576.0;690.26;150.0;31.32;35.95;1.52;
2022-06-23 16:00:00;402.0;592.84;128.0;30.7;37.1;2.48;
2022-06-23 17:00:00;231.0;471.38;92.0;29.43;43.65;3.17;
2022-06-23 18:00:00;67.0;165.82;46.0;27.7;44.95;3.17;
2022-06-23 19:00:00;0.0;0.0;0.0;26.15;49.45;2.69;
2022-06-23 20:00:00;0.0;0.0;0.0;24.79;52.6;2.62;
2022-06-23 21:00:00;0.0;0.0;0.0;23.71;54.2;2.62;
2022-06-23 22:00:00;0.0;0.0;0.0;22.95;57.9;2.55;
2022-06-23 23:00:00;0.0;0.0;0.0;22.19;59.8;2.55;
2022-06-24 00:00:00;0.0;0.0;0.0;22.17;64.1;2.76;
2022-06-24 01:00:00;0.0;0.0;0.0;22.41;66.35;3.17;
2022-06-24 02:00:00;0.0;0.0;0.0;22.35;66.35;3.38;
2022-06-24 03:00:00;0.0;0.0;0.0;21.85;68.6;3.24;
2022-06-24 04:00:00;35.0;40.24;31.0;21.62;71.0;3.1;
2022-06-24 05:00:00;188.0;337.45;98.0;22.28;68.7;2.9;
2022-06-24 06:00:00;362.0;519.56;136.0;23.76;62.25;3.31;
2022-06-24 07:00:00;538.0;642.75;157.0;25.24;54.55;3.93;
2022-06-24 08:00:00;699.0;729.46;167.0;26.18;49.45;4.0;
2022-06-24 09:00:00;826.0;781.77;173.0;27.07;46.25;4.07;
2022-06-24 10:00:00;906.0;805.76;178.0;27.89;43.4;4.21;
2022-06-24 11:00:00;937.0;814.61;180.0;28.25;40.65;4.28;
2022-06-24 12:00:00;925.0;829.97;169.0;28.3;40.65;4.41;
2022-06-24 13:00:00;838.0;775.71;179.0;28.54;40.65;4.55;
2022-06-24 14:00:00;721.0;737.86;168.0;28.22;39.25;4.97;
2022-06-24 15:00:00;574.0;686.68;150.0;27.79;39.1;5.17;
2022-06-24 16:00:00;399.0;579.42;131.0;27.02;40.25;5.17;
2022-06-24 17:00:00;229.0;457.29;94.0;25.95;44.45;4.62;
2022-06-24 18:00:00;67.0;157.56;47.0;24.82;47.4;4.14;
2022-06-24 19:00:00;0.0;0.0;0.0;23.41;52.25;2.9;
2022-06-24 20:00:00;0.0;0.0;0.0;22.6;55.9;2.97;
2022-06-24 21:00:00;0.0;0.0;0.0;21.97;64.0;3.38;
2022-06-24 22:00:00;0.0;0.0;0.0;21.63;66.25;3.66;
2022-06-24 23:00:00;0.0;0.0;0.0;20.83;75.85;3.72;
2022-06-25 00:00:00;0.0;0.0;0.0;20.0;83.9;3.52;
2022-06-25 01:00:00;0.0;0.0;0.0;19.45;89.8;3.24;
2022-06-25 02:00:00;0.0;0.0;0.0;19.14;89.8;2.83;
2022-06-25 03:00:00;0.0;0.0;0.0;18.88;92.85;2.55;
2022-06-25 04:00:00;46.0;121.88;34.0;18.56;92.85;2.41;
2022-06-25 05:00:00;157.0;180.6;109.0;19.3;92.9;2.48;
2022-06-25 06:00:00;210.0;59.89;184.0;20.74;84.05;3.03;
2022-06-25 07:00:00;494.0;483.11;208.0;23.58;71.35;3.31;
2022-06-25 08:00:00;594.0;418.58;289.0;24.92;66.85;2.62;
2022-06-25 09:00:00;798.0;709.17;206.0;25.41;62.55;2.48;
2022-06-25 10:00:00;857.0;679.85;243.0;26.15;58.7;2.62;
2022-06-25 11:00:00;783.0;440.22;374.0;26.56;58.7;2.97;
2022-06-25 12:00:00;832.0;592.87;292.0;26.6;56.85;3.59;
2022-06-25 13:00:00;713.0;444.9;335.0;26.49;58.7;4.0;
2022-06-25 14:00:00;713.0;719.01;174.0;25.85;60.6;4.69;
2022-06-25 15:00:00;561.0;647.55;161.0;25.61;58.55;4.55;
2022-06-25 16:00:00;390.0;540.19;140.0;25.08;58.45;4.14;
2022-06-25 17:00:00;165.0;138.76;124.0;24.29;62.35;3.72;
2022-06-25 18:00:00;49.0;47.19;43.0;23.32;66.55;3.86;
2022-06-25 19:00:00;0.0;0.0;0.0;22.51;71.05;4.41;
2022-06-25 20:00:00;0.0;0.0;0.0;21.21;78.55;4.76;
2022-06-25 21:00:00;0.0;0.0;0.0;20.61;81.2;3.93;
2022-06-25 22:00:00;0.0;0.0;0.0;20.32;83.95;3.52;
2022-06-25 23:00:00;0.0;0.0;0.0;19.94;83.9;3.1;
2022-06-26 00:00:00;0.0;0.0;0.0;19.53;83.9;2.9;
2022-06-26 01:00:00;0.0;0.0;0.0;19.29;89.8;2.62;
2022-06-26 02:00:00;0.0;0.0;0.0;19.15;89.8;2.34;
2022-06-26 03:00:00;0.0;0.0;0.0;18.87;92.85;2.14;
2022-06-26 04:00:00;30.0;20.52;28.0;18.59;92.85;2.07;
2022-06-26 05:00:00;70.0;3.78;69.0;19.49;92.9;2.0;
2022-06-26 06:00:00;50.0;0.0;50.0;21.43;81.3;2.62;
2022-06-26 07:00:00;510.0;551.46;184.0;22.45;76.1;1.38;
2022-06-26 08:00:00;686.0;706.1;172.0;24.18;69.05;0.9;
2022-06-26 09:00:00;816.0;769.59;174.0;25.59;60.6;0.62;
2022-06-26 10:00:00;896.0;794.26;179.0;27.03;56.85;0.62;
2022-06-26 11:00:00;922.0;792.4;186.0;28.11;49.95;0.76;
2022-06-26 12:00:00;915.0;819.13;169.0;28.89;48.4;0.97;
2022-06-26 13:00:00;825.0;752.08;186.0;29.35;46.75;1.1;
2022-06-26 14:00:00;714.0;726.89;169.0;29.73;45.35;1.45;
2022-06-26 15:00:00;565.0;666.79;153.0;29.83;45.35;2.07;
2022-06-26 16:00:00;386.0;524.84;143.0;29.4;46.75;2.69;
2022-06-26 17:00:00;221.0;416.03;98.0;28.13;49.95;3.59;
2022-06-26 18:00:00;64.0;133.59;47.0;26.66;58.8;3.86;
2022-06-26 19:00:00;0.0;0.0;0.0;25.01;64.6;2.9;
2022-06-26 20:00:00;0.0;0.0;0.0;23.95;68.95;2.69;
2022-06-26 21:00:00;0.0;0.0;0.0;23.35;71.25;2.55;
2022-06-26 22:00:00;0.0;0.0;0.0;22.68;76.15;2.21;
2022-06-26 23:00:00;0.0;0.0;0.0;21.94;81.35;2.07;
2022-06-27 00:00:00;0.0;0.0;0.0;21.27;84.05;1.79;
2022-06-27 01:00:00;0.0;0.0;0.0;20.41;89.85;1.66;
2022-06-27 02:00:00;0.0;0.0;0.0;19.67;92.9;1.72;
2022-06-27 03:00:00;0.0;0.0;0.0;19.29;96.1;1.86;
2022-06-27 04:00:00;33.0;31.14;30.0;19.18;96.1;1.86;
2022-06-27 05:00:00;191.0;379.18;91.0;20.7;92.95;1.59;
2022-06-27 06:00:00;359.0;522.91;133.0;23.47;81.5;1.79;
2022-06-27 07:00:00;490.0;474.36;210.0;24.9;71.5;0.9;
2022-06-27 08:00:00;678.0;672.45;189.0;26.31;62.8;0.21;
2022-06-27 09:00:00;820.0;776.14;173.0;27.59;56.95;0.69;
2022-06-27 10:00:00;901.0;801.3;178.0;28.81;51.8;0.76;
2022-06-27 11:00:00;828.0;539.56;327.0;29.68;48.5;0.69;
2022-06-27 12:00:00;761.0;428.3;371.0;30.5;45.45;0.69;
2022-06-27 13:00:00;794.0;652.06;240.0;31.1;42.6;0.55;
2022-06-27 14:00:00;654.0;528.12;258.0;31.4;39.9;0.48;
2022-06-27 15:00:00;482.0;372.17;252.0;31.57;39.9;0.9;
2022-06-27 16:00:00;400.0;583.0;130.0;31.28;39.9;1.66;
2022-06-27 17:00:00;220.0;398.99;102.0;30.46;42.45;2.21;
2022-06-27 18:00:00;64.0;141.42;46.0;28.88;48.4;2.76;
2022-06-27 19:00:00;0.0;0.0;0.0;27.42;53.2;2.41;
2022-06-27 20:00:00;0.0;0.0;0.0;25.86;58.55;2.48;
2022-06-27 21:00:00;0.0;0.0;0.0;24.93;58.35;2.62;
2022-06-27 22:00:00;0.0;0.0;0.0;24.27;58.2;2.48;
2022-06-27 23:00:00;0.0;0.0;0.0;23.39;62.15;2.07;
2022-06-28 00:00:00;0.0;0.0;0.0;22.28;71.05;1.66;
2022-06-28 01:00:00;0.0;0.0;0.0;22.19;71.05;1.17;
2022-06-28 02:00:00;0.0;0.0;0.0;22.21;71.05;0.76;
2022-06-28 03:00:00;0.0;0.0;0.0;20.77;81.2;1.17;
2022-06-28 04:00:00;27.0;10.51;26.0;19.85;89.85;1.38;
2022-06-28 05:00:00;171.0;258.96;103.0;21.27;86.95;1.1;
2022-06-28 06:00:00;346.0;463.89;146.0;24.52;73.85;1.24;
2022-06-28 07:00:00;522.0;597.29;170.0;25.85;60.6;0.69;
2022-06-28 08:00:00;679.0;682.84;183.0;27.48;56.95;0.83;
2022-06-28 09:00:00;809.0;750.34;184.0;28.99;51.8;0.97;
2022-06-28 10:00:00;893.0;787.32;183.0;30.33;48.65;0.9;
2022-06-28 11:00:00;924.0;796.16;185.0;31.47;44.2;0.62;
2022-06-28 12:00:00;884.0;733.76;216.0;32.33;41.55;0.34;
2022-06-28 13:00:00;828.0;755.71;186.0;32.89;37.65;0.55;
2022-06-28 14:00:00;705.0;690.82;187.0;33.32;35.25;0.55;
2022-06-28 15:00:00;568.0;669.85;154.0;33.36;34.05;0.48;
2022-06-28 16:00:00;390.0;539.76;140.0;33.29;34.05;0.9;
2022-06-28 17:00:00;222.0;412.5;100.0;32.24;41.55;1.66;
2022-06-28 18:00:00;64.0;133.64;47.0;30.71;42.6;2.48;
2022-06-28 19:00:00;0.0;0.0;0.0;28.15;49.95;2.69;
2022-06-28 20:00:00;0.0;0.0;0.0;26.6;58.8;3.17;
2022-06-28 21:00:00;0.0;0.0;0.0;25.7;60.6;2.97;
2022-06-28 22:00:00;0.0;0.0;0.0;25.07;62.45;2.55;
2022-06-28 23:00:00;0.0;0.0;0.0;24.16;64.5;2.07;
2022-06-29 00:00:00;0.0;0.0;0.0;23.22;71.25;1.17;
2022-06-29 01:00:00;0.0;0.0;0.0;24.03;62.25;0.07;
2022-06-29 02:00:00;0.0;0.0;0.0;23.05;66.45;0.62;
2022-06-29 03:00:00;0.0;0.0;0.0;21.67;73.45;0.97;
2022-06-29 04:00:00;37.0;63.88;31.0;19.92;86.85;1.66;
2022-06-29 05:00:00;186.0;359.62;92.0;21.78;78.65;1.66;
2022-06-29 06:00:00;358.0;527.88;131.0;24.47;64.5;2.14;
2022-06-29 07:00:00;532.0;644.2;153.0;26.78;47.9;2.48;
2022-06-29 08:00:00;689.0;720.86;166.0;28.48;40.65;3.03;
2022-06-29 09:00:00;817.0;773.8;173.0;29.88;36.85;3.38;
2022-06-29 10:00:00;902.0;808.87;173.0;30.9;34.6;3.79;
2022-06-29 11:00:00;929.0;807.27;180.0;31.76;34.9;4.41;
2022-06-29 12:00:00;918.0;822.96;169.0;32.42;35.0;4.69;
2022-06-29 13:00:00;832.0;768.77;179.0;32.73;36.35;4.83;
2022-06-29 14:00:00;721.0;740.22;166.0;32.81;36.35;4.69;
2022-06-29 15:00:00;555.0;622.95;170.0;32.78;37.65;4.41;
2022-06-29 16:00:00;388.0;528.99;143.0;32.41;38.8;3.86;
2022-06-29 17:00:00;195.0;263.8;117.0;31.73;40.0;3.1;
2022-06-29 18:00:00;71.0;196.78;46.0;30.51;48.65;1.93;
2022-06-29 19:00:00;0.0;0.0;0.0;28.48;55.3;2.34;
2022-06-29 20:00:00;0.0;0.0;0.0;26.94;60.8;3.38;
2022-06-29 21:00:00;0.0;0.0;0.0;25.61;64.8;4.07;
2022-06-29 22:00:00;0.0;0.0;0.0;24.84;66.85;4.21;
2022-06-29 23:00:00;0.0;0.0;0.0;24.21;69.05;4.21;
2022-06-30 00:00:00;0.0;0.0;0.0;23.74;71.35;4.07;
2022-06-30 01:00:00;0.0;0.0;0.0;23.46;73.7;3.79;
2022-06-30 02:00:00;0.0;0.0;0.0;23.2;71.25;3.38;
2022-06-30 03:00:00;0.0;0.0;0.0;22.97;73.6;2.97;
2022-06-30 04:00:00;35.0;54.0;30.0;22.59;73.6;2.69;
2022-06-30 05:00:00;191.0;399.82;87.0;23.27;71.25;2.62;
2022-06-30 06:00:00;360.0;550.32;124.0;24.75;64.6;3.45;
2022-06-30 07:00:00;530.0;648.76;149.0;26.08;56.7;4.0;
2022-06-30 08:00:00;622.0;513.37;250.0;27.25;55.05;3.59;
2022-06-30 09:00:00;811.0;766.07;174.0;28.07;53.35;3.38;
2022-06-30 10:00:00;816.0;585.11;289.0;28.83;50.05;3.31;
2022-06-30 11:00:00;724.0;334.27;414.0;29.36;51.8;3.24;
2022-06-30 12:00:00;802.0;529.76;320.0;29.88;50.2;2.9;
2022-06-30 13:00:00;730.0;493.39;311.0;30.39;48.65;2.21;
2022-06-30 14:00:00;671.0;588.27;230.0;31.03;45.6;2.0;
2022-06-30 15:00:00;459.0;318.8;262.0;30.61;47.0;2.76;
2022-06-30 16:00:00;341.0;339.06;184.0;28.88;59.87;2.94;
2022-06-30 17:00:00;217.0;389.15;102.0;28.37;61.22;3.05;
2022-06-30 18:00:00;60.0;110.42;46.0;27.85;62.57;3.17;
2022-06-30 19:00:00;0.0;0.0;0.0;27.34;63.92;3.28;
2022-06-30 20:00:00;0.0;0.0;0.0;26.82;65.27;3.39;
2022-06-30 21:00:00;0.0;0.0;0.0;26.3;66.62;3.5;
2022-06-30 22:00:00;0.0;0.0;0.0;25.79;67.97;3.62;
2022-06-30 23:00:00;0.0;0.0;0.0;25.27;69.32;3.73;
2022-07-01 00:00:00;0.0;0.0;0.0;24.75;70.68;3.84;
2022-07-01 01:00:00;0.0;0.0;0.0;24.24;72.03;3.95;
2022-07-01 02:00:00;0.0;0.0;0.0;23.72;73.38;4.07;
2022-07-01 03:00:00;0.0;0.0;0.0;23.2;74.73;4.18;
2022-07-01 04:00:00;41.0;97.19;32.0;22.69;76.08;4.29;
2022-07-01 05:00:00;183.0;346.0;93.0;22.17;77.43;4.4;
2022-07-01 06:00:00;354.0;517.67;132.0;21.66;78.78;4.51;
2022-07-01 07:00:00;411.0;255.42;261.0;21.14;80.13;4.63;
2022-07-01 08:00:00;635.0;550.63;236.0;25.79;58.55;4.0;
2022-07-01 09:00:00;620.0;289.83;379.0;26.93;54.95;3.59;
2022-07-01 10:00:00;800.0;541.81;312.0;27.99;53.35;3.1;
2022-07-01 11:00:00;809.0;503.56;342.0;28.74;50.05;3.17;
2022-07-01 12:00:00;853.0;653.96;258.0;28.62;51.65;3.66;
2022-07-01 13:00:00;790.0;648.83;239.0;28.43;49.95;4.21;
2022-07-01 14:00:00;695.0;664.31;197.0;28.35;49.95;4.48;
2022-07-01 15:00:00;566.0;669.97;152.0;27.37;51.45;5.1;
2022-07-01 16:00:00;398.0;580.95;129.0;26.46;52.95;4.97;
2022-07-01 17:00:00;216.0;382.38;103.0;25.57;54.55;4.83;
2022-07-01 18:00:00;57.0;86.76;46.0;24.64;56.35;4.48;
2022-07-01 19:00:00;0.0;0.0;0.0;24.09;66.75;3.52;
2022-07-01 20:00:00;0.0;0.0;0.0;23.46;71.25;3.24;
2022-07-01 21:00:00;0.0;0.0;0.0;23.09;73.7;2.97;
2022-07-01 22:00:00;0.0;0.0;0.0;22.82;76.15;2.9;
2022-07-01 23:00:00;0.0;0.0;0.0;22.74;76.15;2.9;
2022-07-02 00:00:00;0.0;0.0;0.0;22.5;78.7;3.17;
2022-07-02 01:00:00;0.0;0.0;0.0;22.39;76.1;3.1;
2022-07-02 02:00:00;0.0;0.0;0.0;22.14;71.05;3.1;
2022-07-02 03:00:00;0.0;0.0;0.0;21.86;71.0;2.9;
2022-07-02 04:00:00;28.0;21.93;26.0;21.61;71.0;2.76;
2022-07-02 05:00:00;161.0;227.99;102.0;21.73;68.6;3.1;
2022-07-02 06:00:00;283.0;233.86;183.0;22.1;66.35;3.38;
2022-07-02 07:00:00;509.0;568.09;176.0;23.48;66.55;3.1;
2022-07-02 08:00:00;664.0;650.85;193.0;24.84;60.35;2.55;
2022-07-02 09:00:00;720.0;511.6;295.0;26.1;56.7;2.0;
2022-07-02 10:00:00;703.0;338.87;398.0;27.75;51.55;1.38;
2022-07-02 11:00:00;771.0;427.22;375.0;28.95;46.75;1.24;
2022-07-02 12:00:00;716.0;349.64;398.0;29.84;45.35;1.59;
2022-07-02 13:00:00;677.0;374.57;359.0;29.79;45.35;2.62;
2022-07-02 14:00:00;636.0;489.68;269.0;29.72;46.9;2.97;
2022-07-02 15:00:00;540.0;573.02;186.0;29.64;46.9;3.17;
2022-07-02 16:00:00;375.0;477.47;154.0;29.09;48.4;3.66;
2022-07-02 17:00:00;207.0;328.51;110.0;27.67;53.35;4.55;
2022-07-02 18:00:00;56.0;86.99;45.0;26.15;58.7;3.93;
2022-07-02 19:00:00;0.0;0.0;0.0;25.7;62.65;2.48;
2022-07-02 20:00:00;0.0;0.0;0.0;24.63;69.15;2.41;
2022-07-02 21:00:00;0.0;0.0;0.0;23.78;76.3;2.14;
2022-07-02 22:00:00;0.0;0.0;0.0;23.13;78.85;1.72;
2022-07-02 23:00:00;0.0;0.0;0.0;22.47;87.05;1.52;
2022-07-03 00:00:00;0.0;0.0;0.0;21.78;89.95;1.45;
2022-07-03 01:00:00;0.0;0.0;0.0;21.43;93.0;1.45;
2022-07-03 02:00:00;0.0;0.0;0.0;21.34;93.0;1.52;
2022-07-03 03:00:00;0.0;0.0;0.0;21.06;93.0;1.72;
2022-07-03 04:00:00;11.0;0.0;11.0;21.17;93.0;1.66;
2022-07-03 05:00:00;98.0;27.2;91.0;22.59;84.25;1.79;
2022-07-03 06:00:00;196.0;49.26;175.0;23.64;78.9;2.0;
2022-07-03 07:00:00;209.0;6.84;205.0;25.6;74.0;1.52;
2022-07-03 08:00:00;467.0;174.35;341.0;26.44;67.15;1.17;
2022-07-03 09:00:00;670.0;397.64;340.0;27.24;63.0;0.76;
2022-07-03 10:00:00;476.0;63.38;419.0;28.07;61.0;0.97;
2022-07-03 11:00:00;696.0;291.45;426.0;28.47;59.1;1.03;
2022-07-03 12:00:00;756.0;432.29;363.0;28.92;59.2;0.97;
2022-07-03 13:00:00;736.0;513.74;300.0;29.0;59.2;0.9;
2022-07-03 14:00:00;555.0;297.64;332.0;29.42;57.4;0.97;
2022-07-03 15:00:00;386.0;161.93;286.0;29.62;57.4;1.1;
2022-07-03 16:00:00;369.0;456.12;158.0;28.7;57.3;0.55;
2022-07-03 17:00:00;194.0;264.46;116.0;25.85;71.65;1.03;
2022-07-03 18:00:00;72.0;214.28;45.0;25.23;74.0;1.72;
2022-07-03 19:00:00;0.0;0.0;0.0;25.54;71.6;1.93;
2022-07-03 20:00:00;0.0;0.0;0.0;24.9;73.95;1.52;
2022-07-03 21:00:00;0.0;0.0;0.0;24.18;76.35;2.07;
2022-07-03 22:00:00;0.0;0.0;0.0;23.19;81.5;1.86;
2022-07-03 23:00:00;0.0;0.0;0.0;22.47;87.05;1.31;
2022-07-04 00:00:00;0.0;0.0;0.0;21.85;89.95;1.38;
2022-07-04 01:00:00;0.0;0.0;0.0;21.54;93.0;1.86;
2022-07-04 02:00:00;0.0;0.0;0.0;20.79;92.95;2.69;
2022-07-04 03:00:00;0.0;0.0;0.0;20.37;96.1;2.48;
2022-07-04 04:00:00;4.0;0.0;4.0;20.44;96.1;1.66;
2022-07-04 05:00:00;72.0;3.91;71.0;20.81;92.95;1.31;
2022-07-04 06:00:00;212.0;70.59;182.0;21.68;87.0;1.03;
2022-07-04 07:00:00;529.0;654.32;147.0;22.66;81.45;1.45;
2022-07-04 08:00:00;528.0;281.31;325.0;23.31;76.2;1.86;
2022-07-04 09:00:00;802.0;749.07;181.0;24.61;69.15;1.86;
2022-07-04 10:00:00;883.0;773.35;188.0;26.14;62.8;1.79;
2022-07-04 11:00:00;905.0;752.82;208.0;27.87;57.05;1.45;
2022-07-04 12:00:00;910.0;811.07;173.0;29.12;53.55;0.97;
2022-07-04 13:00:00;838.0;789.78;168.0;29.89;51.9;0.48;
2022-07-04 14:00:00;719.0;741.05;164.0;30.23;48.65;0.41;
2022-07-04 15:00:00;569.0;680.44;149.0;30.49;47.0;0.62;
2022-07-04 16:00:00;400.0;588.42;128.0;30.49;47.0;0.83;
2022-07-04 17:00:00;224.0;438.0;95.0;29.77;50.2;2.07;
2022-07-04 18:00:00;61.0;119.56;46.0;27.58;58.9;2.41;
2022-07-04 19:00:00;0.0;0.0;0.0;26.53;64.95;2.21;
2022-07-04 20:00:00;0.0;0.0;0.0;25.16;71.6;2.48;
2022-07-04 21:00:00;0.0;0.0;0.0;24.19;76.35;2.28;
2022-07-04 22:00:00;0.0;0.0;0.0;23.31;84.25;2.0;
2022-07-04 23:00:00;0.0;0.0;0.0;22.45;90.0;1.72;
2022-07-05 00:00:00;0.0;0.0;0.0;21.57;93.0;1.52;
2022-07-05 01:00:00;0.0;0.0;0.0;20.98;99.4;1.52;
2022-07-05 02:00:00;0.0;0.0;0.0;20.58;96.15;1.59;
2022-07-05 03:00:00;0.0;0.0;0.0;20.34;99.4;1.66;
2022-07-05 04:00:00;31.0;46.22;27.0;20.16;99.4;1.52;
2022-07-05 05:00:00;174.0;310.56;95.0;21.63;96.15;1.1;
2022-07-05 06:00:00;333.0;436.78;148.0;24.34;81.65;1.45;
2022-07-05 07:00:00;538.0;683.2;140.0;24.78;79.05;1.66;
2022-07-05 08:00:00;681.0;709.19;170.0;26.08;74.1;1.24;
2022-07-05 09:00:00;799.0;737.82;188.0;27.35;65.1;0.76;
2022-07-05 10:00:00;880.0;760.64;197.0;28.52;59.1;1.03;
2022-07-05 11:00:00;906.0;755.48;207.0;29.29;55.5;1.1;
2022-07-05 12:00:00;897.0;778.47;190.0;30.09;55.5;1.17;
2022-07-05 13:00:00;150.0;0.0;150.0;30.66;50.45;1.72;
2022-07-05 14:00:00;515.0;216.41;353.0;30.91;48.75;2.41;
2022-07-05 15:00:00;555.0;625.73;169.0;30.67;47.15;3.03;
2022-07-05 16:00:00;371.0;456.87;160.0;27.66;57.05;3.45;
2022-07-05 17:00:00;231.0;472.77;92.0;26.78;60.8;1.93;
2022-07-05 18:00:00;62.0;128.17;46.0;26.05;67.05;2.07;
2022-07-05 19:00:00;0.0;0.0;0.0;23.94;76.3;1.93;
2022-07-05 20:00:00;0.0;0.0;0.0;23.07;81.45;2.14;
2022-07-05 21:00:00;0.0;0.0;0.0;22.47;84.15;1.86;
2022-07-05 22:00:00;0.0;0.0;0.0;21.81;89.95;1.52;
2022-07-05 23:00:00;0.0;0.0;0.0;21.21;93.0;1.31;
2022-07-06 00:00:00;0.0;0.0;0.0;20.6;92.95;1.24;
2022-07-06 01:00:00;0.0;0.0;0.0;20.19;96.1;1.31;
2022-07-06 02:00:00;0.0;0.0;0.0;20.03;99.4;1.17;
2022-07-06 03:00:00;0.0;0.0;0.0;19.93;99.4;0.97;
2022-07-06 04:00:00;30.0;35.35;27.0;19.67;99.4;0.83;
2022-07-06 05:00:00;193.0;447.02;80.0;20.86;96.15;0.69;
2022-07-06 06:00:00;370.0;613.61;111.0;22.55;87.05;0.97;
2022-07-06 07:00:00;546.0;712.26;132.0;23.97;73.75;1.72;
2022-07-06 08:00:00;695.0;752.01;154.0;25.39;66.95;1.59;
2022-07-06 09:00:00;817.0;785.83;167.0;26.4;60.7;1.24;
2022-07-06 10:00:00;890.0;789.18;182.0;27.4;56.95;1.24;
2022-07-06 11:00:00;922.0;798.19;184.0;28.36;53.45;1.45;
2022-07-06 12:00:00;864.0;684.19;243.0;29.12;48.4;2.14;
2022-07-06 13:00:00;836.0;783.51;172.0;29.45;43.8;2.69;
2022-07-06 14:00:00;606.0;406.34;302.0;29.42;42.3;2.62;
2022-07-06 15:00:00;123.0;0.0;123.0;29.2;40.9;2.83;
2022-07-06 16:00:00;248.0;95.37;204.0;28.85;42.2;2.9;
2022-07-06 17:00:00;150.0;95.43;122.0;28.16;43.55;2.21;
2022-07-06 18:00:00;64.0;145.04;46.0;26.86;67.2;0.97;
2022-07-06 19:00:00;0.0;0.0;0.0;25.22;64.7;1.24;
2022-07-06 20:00:00;0.0;0.0;0.0;23.71;76.3;1.31;
2022-07-06 21:00:00;0.0;0.0;0.0;22.61;78.75;1.59;
2022-07-06 22:00:00;0.0;0.0;0.0;22.11;81.4;1.93;
2022-07-06 23:00:00;0.0;0.0;0.0;21.52;86.95;1.93;
2022-07-07 00:00:00;0.0;0.0;0.0;20.91;89.9;1.66;
2022-07-07 01:00:00;0.0;0.0;0.0;20.49;92.95;1.45;
2022-07-07 02:00:00;0.0;0.0;0.0;20.91;89.9;1.03;
2022-07-07 03:00:00;0.0;0.0;0.0;21.48;86.95;0.76;
2022-07-07 04:00:00;39.0;120.34;29.0;21.34;86.95;0.62;
2022-07-07 05:00:00;194.0;453.95;80.0;21.84;87.0;0.48;
2022-07-07 06:00:00;369.0;613.44;111.0;23.79;76.3;0.55;
2022-07-07 07:00:00;545.0;712.2;132.0;25.2;76.5;0.34;
2022-07-07 08:00:00;694.0;753.24;153.0;26.54;69.4;0.55;
2022-07-07 09:00:00;816.0;786.79;166.0;27.15;65.1;0.83;
2022-07-07 10:00:00;894.0;801.08;176.0;27.92;61.0;1.1;
2022-07-07 11:00:00;922.0;799.88;183.0;28.55;57.15;1.31;
2022-07-07 12:00:00;882.0;736.45;214.0;28.9;53.55;0.9;
2022-07-07 13:00:00;845.0;805.25;163.0;29.35;50.2;0.76;
2022-07-07 14:00:00;717.0;735.65;167.0;29.62;50.2;0.69;
2022-07-07 15:00:00;532.0;539.03;200.0;29.6;50.2;0.48;
2022-07-07 16:00:00;269.0;134.56;207.0;29.09;51.8;0.76;
2022-07-07 17:00:00;119.0;34.16;109.0;26.54;62.8;2.48;
2022-07-07 18:00:00;47.0;48.67;41.0;24.28;76.35;0.97;
2022-07-07 19:00:00;0.0;0.0;0.0;26.4;58.7;0.55;
2022-07-07 20:00:00;0.0;0.0;0.0;25.25;64.7;0.83;
2022-07-07 21:00:00;0.0;0.0;0.0;23.39;78.85;1.24;
2022-07-07 22:00:00;0.0;0.0;0.0;22.27;84.15;1.59;
2022-07-07 23:00:00;0.0;0.0;0.0;22.15;81.4;2.21;
2022-07-08 00:00:00;0.0;0.0;0.0;22.41;84.15;3.03;
2022-07-08 01:00:00;0.0;0.0;0.0;22.16;84.15;2.76;
2022-07-08 02:00:00;0.0;0.0;0.0;21.9;87.0;2.21;
2022-07-08 03:00:00;0.0;0.0;0.0;21.38;89.95;2.07;
2022-07-08 04:00:00;20.0;12.31;19.0;21.08;89.95;1.79;
2022-07-08 05:00:00;124.0;92.22;101.0;21.9;87.0;1.52;
2022-07-08 06:00:00;315.0;365.15;162.0;23.89;76.3;1.45;
2022-07-08 07:00:00;517.0;615.39;161.0;23.82;76.3;2.07;
2022-07-08 08:00:00;645.0;591.35;221.0;25.62;62.65;1.52;
2022-07-08 09:00:00;754.0;601.14;258.0;27.32;49.7;0.69;
2022-07-08 10:00:00;858.0;695.77;235.0;28.45;45.05;0.34;
2022-07-08 11:00:00;920.0;790.77;190.0;29.26;42.3;0.55;
2022-07-08 12:00:00;920.0;831.84;166.0;29.69;40.9;0.62;
2022-07-08 13:00:00;844.0;799.89;167.0;30.19;38.3;0.48;
2022-07-08 14:00:00;728.0;761.63;159.0;30.5;38.3;0.76;
2022-07-08 15:00:00;573.0;690.68;148.0;30.57;36.95;0.83;
2022-07-08 16:00:00;400.0;591.18;128.0;30.3;36.95;0.55;
2022-07-08 17:00:00;184.0;219.22;120.0;29.47;39.5;1.38;
2022-07-08 18:00:00;62.0;138.94;45.0;28.07;44.95;2.0;
2022-07-08 19:00:00;0.0;0.0;0.0;26.21;46.15;3.24;
2022-07-08 20:00:00;0.0;0.0;0.0;25.04;56.35;3.38;
2022-07-08 21:00:00;0.0;0.0;0.0;24.32;62.35;2.83;
2022-07-08 22:00:00;0.0;0.0;0.0;23.52;68.85;2.41;
2022-07-08 23:00:00;0.0;0.0;0.0;22.83;73.6;2.41;
2022-07-09 00:00:00;0.0;0.0;0.0;22.19;78.7;2.34;
2022-07-09 01:00:00;0.0;0.0;0.0;21.61;81.35;2.21;
2022-07-09 02:00:00;0.0;0.0;0.0;21.12;81.3;1.86;
2022-07-09 03:00:00;0.0;0.0;0.0;20.47;89.85;1.66;
2022-07-09 04:00:00;28.0;50.4;24.0;19.99;92.9;1.45;
2022-07-09 05:00:00;160.0;254.4;97.0;20.88;89.9;1.17;
2022-07-09 06:00:00;361.0;586.99;116.0;23.3;73.7;1.31;
2022-07-09 07:00:00;534.0;681.06;141.0;24.58;66.75;1.24;
2022-07-09 08:00:00;688.0;739.1;159.0;25.91;58.55;0.69;
2022-07-09 09:00:00;810.0;771.84;174.0;27.29;51.45;0.41;
2022-07-09 10:00:00;893.0;795.99;181.0;28.47;45.05;0.62;
2022-07-09 11:00:00;931.0;816.39;178.0;29.31;40.9;0.62;
2022-07-09 12:00:00;901.0;787.21;188.0;29.71;39.5;0.55;
2022-07-09 13:00:00;803.0;682.25;226.0;30.19;36.95;0.48;
2022-07-09 14:00:00;720.0;742.17;166.0;29.97;38.15;0.83;
2022-07-09 15:00:00;570.0;681.67;151.0;30.12;38.15;1.59;
2022-07-09 16:00:00;393.0;561.66;135.0;29.4;39.5;2.07;
2022-07-09 17:00:00;221.0;426.0;97.0;28.31;43.55;2.48;
2022-07-09 18:00:00;62.0;148.35;44.0;27.4;48.0;2.55;
2022-07-09 19:00:00;0.0;0.0;0.0;26.27;51.2;2.07;
2022-07-09 20:00:00;0.0;0.0;0.0;24.8;56.35;2.34;
2022-07-09 21:00:00;0.0;0.0;0.0;23.87;62.25;2.34;
2022-07-09 22:00:00;0.0;0.0;0.0;23.16;66.55;2.14;
2022-07-09 23:00:00;0.0;0.0;0.0;22.15;73.55;1.79;
2022-07-10 00:00:00;0.0;0.0;0.0;21.43;81.3;1.59;
2022-07-10 01:00:00;0.0;0.0;0.0;20.84;84.05;1.59;
2022-07-10 02:00:00;0.0;0.0;0.0;20.8;84.05;1.52;
2022-07-10 03:00:00;0.0;0.0;0.0;20.34;86.85;1.52;
2022-07-10 04:00:00;30.0;64.59;25.0;20.12;86.85;1.52;
2022-07-10 05:00:00;180.0;402.76;81.0;21.26;86.95;1.17;
2022-07-10 06:00:00;344.0;529.21;124.0;24.61;64.6;1.45;
2022-07-10 07:00:00;520.0;648.07;147.0;25.56;66.95;2.28;
2022-07-10 08:00:00;649.0;625.68;202.0;27.13;55.05;2.48;
2022-07-10 09:00:00;727.0;545.65;278.0;28.18;48.25;2.55;
2022-07-10 10:00:00;797.0;551.75;304.0;29.11;43.65;2.41;
2022-07-10 11:00:00;803.0;502.43;340.0;30.33;39.65;2.34;
2022-07-10 12:00:00;824.0;591.17;289.0;31.11;37.1;2.34;
2022-07-10 13:00:00;725.0;485.18;315.0;31.63;34.75;2.41;
2022-07-10 14:00:00;620.0;451.88;283.0;32.11;33.7;2.48;
2022-07-10 15:00:00;550.0;620.59;169.0;31.84;33.7;2.34;
2022-07-10 16:00:00;189.0;26.17;177.0;31.05;35.85;2.07;
2022-07-10 17:00:00;188.0;248.17;116.0;29.9;40.9;1.93;
2022-07-10 18:00:00;19.0;0.0;19.0;28.86;51.8;0.48;
2022-07-10 19:00:00;0.0;0.0;0.0;25.85;60.6;2.0;
2022-07-10 20:00:00;0.0;0.0;0.0;24.09;71.4;2.48;
2022-07-10 21:00:00;0.0;0.0;0.0;22.93;81.45;3.17;
2022-07-10 22:00:00;0.0;0.0;0.0;22.1;84.15;3.59;
2022-07-10 23:00:00;0.0;0.0;0.0;21.56;89.95;3.45;
2022-07-11 00:00:00;0.0;0.0;0.0;21.28;89.95;3.31;
2022-07-11 01:00:00;0.0;0.0;0.0;20.93;92.95;3.24;
2022-07-11 02:00:00;0.0;0.0;0.0;20.63;92.95;3.1;
2022-07-11 03:00:00;0.0;0.0;0.0;20.45;96.1;3.17;
2022-07-11 04:00:00;0.0;0.0;0.0;20.21;96.1;3.38;
2022-07-11 05:00:00;0.0;0.0;0.0;20.38;96.1;3.45;
2022-07-11 06:00:00;0.0;0.0;0.0;20.69;92.95;3.86;
2022-07-11 07:00:00;0.0;0.0;0.0;21.0;89.9;3.86;
2022-07-11 08:00:00;425.0;123.41;337.0;21.43;86.95;4.0;
2022-07-11 09:00:00;462.0;87.62;390.0;21.25;86.95;4.14;
2022-07-11 10:00:00;408.0;28.01;383.0;21.31;86.95;4.21;
2022-07-11 11:00:00;120.0;0.0;120.0;21.89;84.1;4.21;
2022-07-11 12:00:00;81.0;0.0;81.0;22.21;81.4;3.79;
2022-07-11 13:00:00;87.0;0.0;87.0;22.46;81.4;3.72;
2022-07-11 14:00:00;200.0;0.0;200.0;22.72;78.75;3.52;
2022-07-11 15:00:00;99.0;0.0;99.0;23.12;76.2;3.03;
2022-07-11 16:00:00;264.0;131.12;204.0;23.15;76.2;2.97;
2022-07-11 17:00:00;111.0;24.22;104.0;22.47;84.15;3.03;
2022-07-11 18:00:00;20.0;0.0;20.0;21.79;84.1;2.97;
2022-07-11 19:00:00;0.0;0.0;0.0;22.92;78.75;2.14;
2022-07-11 20:00:00;0.0;0.0;0.0;21.92;84.1;2.62;
2022-07-11 21:00:00;0.0;0.0;0.0;21.48;86.95;2.62;
2022-07-11 22:00:00;0.0;0.0;0.0;21.08;86.95;2.41;
2022-07-11 23:00:00;0.0;0.0;0.0;20.62;89.9;2.48;
2022-07-12 00:00:00;0.0;0.0;0.0;20.42;92.95;2.48;
2022-07-12 01:00:00;0.0;0.0;0.0;19.85;96.1;2.34;
2022-07-12 02:00:00;0.0;0.0;0.0;19.54;92.9;2.28;
2022-07-12 03:00:00;0.0;0.0;0.0;19.47;96.1;2.07;
2022-07-12 04:00:00;8.0;0.0;8.0;19.31;96.1;1.66;
2022-07-12 05:00:00;127.0;119.85;98.0;19.55;96.1;1.52;
2022-07-12 06:00:00;340.0;519.14;126.0;20.15;92.95;1.52;
2022-07-12 07:00:00;509.0;614.93;157.0;21.7;81.35;2.55;
2022-07-12 08:00:00;620.0;536.76;238.0;22.82;76.15;2.48;
2022-07-12 09:00:00;764.0;655.7;226.0;23.85;71.35;1.93;
2022-07-12 10:00:00;531.0;108.81;434.0;24.37;69.05;1.86;
2022-07-12 11:00:00;681.0;270.74;432.0;25.36;66.95;1.79;
2022-07-12 12:00:00;516.0;88.56;436.0;25.94;67.05;1.38;
2022-07-12 13:00:00;545.0;160.05;410.0;26.56;64.95;1.03;
2022-07-12 14:00:00;481.0;167.97;356.0;26.9;62.9;0.76;
2022-07-12 15:00:00;208.0;4.9;205.0;26.87;62.9;0.83;
2022-07-12 16:00:00;347.0;374.5;176.0;26.4;64.95;0.9;
2022-07-12 17:00:00;221.0;448.02;92.0;26.4;62.8;1.17;
2022-07-12 18:00:00;54.0;101.96;42.0;25.91;67.05;0.9;
2022-07-12 19:00:00;0.0;0.0;0.0;23.76;73.75;1.66;
2022-07-12 20:00:00;0.0;0.0;0.0;22.49;81.4;1.24;
2022-07-12 21:00:00;0.0;0.0;0.0;21.84;87.0;0.69;
2022-07-12 22:00:00;0.0;0.0;0.0;21.56;84.1;0.55;
2022-07-12 23:00:00;0.0;0.0;0.0;21.23;86.95;0.48;
2022-07-13 00:00:00;0.0;0.0;0.0;20.28;92.95;0.76;
2022-07-13 01:00:00;0.0;0.0;0.0;20.0;96.1;1.31;
2022-07-13 02:00:00;0.0;0.0;0.0;19.65;96.1;1.52;
2022-07-13 03:00:00;0.0;0.0;0.0;19.47;96.1;1.59;
2022-07-13 04:00:00;33.0;126.5;24.0;18.87;96.1;0.83;
2022-07-13 05:00:00;148.0;216.69;96.0;19.67;96.1;0.07;
2022-07-13 06:00:00;325.0;448.35;141.0;21.19;89.95;0.69;
2022-07-13 07:00:00;493.0;551.86;178.0;22.12;81.4;0.34;
2022-07-13 08:00:00;655.0;654.7;190.0;23.94;76.3;1.17;
2022-07-13 09:00:00;777.0;694.55;208.0;25.11;69.25;1.72;
2022-07-13 10:00:00;779.0;509.92;325.0;26.24;64.95;1.86;
2022-07-13 11:00:00;794.0;483.28;350.0;27.18;60.9;1.72;
2022-07-13 12:00:00;664.0;262.62;427.0;27.68;59.0;1.31;
2022-07-13 13:00:00;757.0;567.29;279.0;28.39;57.15;0.83;
2022-07-13 14:00:00;674.0;608.11;222.0;28.82;53.55;0.69;
2022-07-13 15:00:00;557.0;649.47;160.0;29.08;53.55;0.55;
2022-07-13 16:00:00;380.0;520.27;143.0;28.99;51.8;0.62;
2022-07-13 17:00:00;213.0;397.63;99.0;28.28;55.3;1.1;
2022-07-13 18:00:00;52.0;86.0;42.0;27.27;60.9;1.24;
2022-07-13 19:00:00;0.0;0.0;0.0;26.29;69.4;1.66;
2022-07-13 20:00:00;0.0;0.0;0.0;24.83;76.45;2.14;
2022-07-13 21:00:00;0.0;0.0;0.0;23.91;81.55;2.07;
2022-07-13 22:00:00;0.0;0.0;0.0;23.09;84.25;1.93;
2022-07-13 23:00:00;0.0;0.0;0.0;22.55;93.05;1.86;
2022-07-14 00:00:00;0.0;0.0;0.0;21.89;96.15;1.59;
2022-07-14 01:00:00;0.0;0.0;0.0;21.21;96.15;1.52;
2022-07-14 02:00:00;0.0;0.0;0.0;20.7;99.4;1.38;
2022-07-14 03:00:00;0.0;0.0;0.0;20.33;99.4;1.38;
2022-07-14 04:00:00;23.0;43.52;20.0;20.23;99.4;1.17;
2022-07-14 05:00:00;156.0;277.4;90.0;21.47;99.4;0.83;
2022-07-14 06:00:00;334.0;504.25;128.0;24.13;84.35;0.9;
2022-07-14 07:00:00;516.0;655.39;143.0;24.66;71.5;2.41;
2022-07-14 08:00:00;673.0;723.79;160.0;26.31;67.15;2.0;
2022-07-14 09:00:00;799.0;767.78;171.0;27.69;61.0;1.45;
2022-07-14 10:00:00;882.0;793.97;176.0;28.76;57.3;1.24;
2022-07-14 11:00:00;886.0;721.37;224.0;29.63;55.5;1.17;
2022-07-14 12:00:00;902.0;809.78;172.0;30.09;55.5;1.1;
2022-07-14 13:00:00;822.0;766.34;177.0;30.44;52.05;1.52;
2022-07-14 14:00:00;688.0;662.79;196.0;30.68;50.45;1.86;
2022-07-14 15:00:00;562.0;676.81;149.0;30.56;52.05;2.0;
2022-07-14 16:00:00;407.0;642.66;115.0;29.81;51.9;1.52;
2022-07-14 17:00:00;209.0;381.95;100.0;29.34;51.9;1.45;
2022-07-14 18:00:00;40.0;34.85;36.0;28.36;59.1;1.59;
2022-07-14 19:00:00;0.0;0.0;0.0;26.93;74.25;1.24;
2022-07-14 20:00:00;0.0;0.0;0.0;25.91;76.6;1.72;
2022-07-14 21:00:00;0.0;0.0;0.0;25.12;79.1;1.72;
2022-07-14 22:00:00;0.0;0.0;0.0;24.44;84.35;1.66;
2022-07-14 23:00:00;0.0;0.0;0.0;23.73;87.15;1.79;
2022-07-15 00:00:00;0.0;0.0;0.0;23.11;93.05;1.31;
2022-07-15 01:00:00;0.0;0.0;0.0;22.64;93.05;0.97;
2022-07-15 02:00:00;0.0;0.0;0.0;22.07;96.15;1.38;
2022-07-15 03:00:00;0.0;0.0;0.0;21.79;96.15;1.59;
2022-07-15 04:00:00;23.0;45.0;20.0;21.27;99.4;2.07;
2022-07-15 05:00:00;150.0;250.19;91.0;21.45;99.4;1.52;
2022-07-15 06:00:00;328.0;484.48;131.0;22.44;93.05;0.69;
2022-07-15 07:00:00;506.0;622.12;153.0;23.37;81.5;1.31;
2022-07-15 08:00:00;660.0;688.58;173.0;24.96;73.95;0.76;
2022-07-15 09:00:00;789.0;744.55;181.0;26.45;67.15;1.1;
2022-07-15 10:00:00;876.0;782.65;181.0;27.52;63.0;1.1;
2022-07-15 11:00:00;895.0;750.58;207.0;28.46;59.1;0.76;
2022-07-15 12:00:00;853.0;678.53;242.0;29.14;55.5;0.55;
2022-07-15 13:00:00;786.0;661.38;230.0;29.5;55.5;0.76;
2022-07-15 14:00:00;677.0;627.29;212.0;29.85;55.5;1.03;
2022-07-15 15:00:00;502.0;461.34;221.0;29.79;55.5;1.38;
2022-07-15 16:00:00;366.0;467.88;154.0;28.05;61.0;1.72;
2022-07-15 17:00:00;198.0;320.47;107.0;27.01;65.0;1.31;
2022-07-15 18:00:00;38.0;26.51;35.0;26.57;67.15;1.1;
2022-07-15 19:00:00;0.0;0.0;0.0;25.46;74.0;2.28;
2022-07-15 20:00:00;0.0;0.0;0.0;24.51;78.95;1.66;
2022-07-15 21:00:00;0.0;0.0;0.0;23.26;87.1;1.24;
2022-07-15 22:00:00;0.0;0.0;0.0;22.83;90.05;1.1;
2022-07-15 23:00:00;0.0;0.0;0.0;22.34;93.05;0.97;
2022-07-16 00:00:00;0.0;0.0;0.0;21.67;93.0;1.52;
2022-07-16 01:00:00;0.0;0.0;0.0;21.32;93.0;1.66;
2022-07-16 02:00:00;0.0;0.0;0.0;21.03;96.15;1.79;
2022-07-16 03:00:00;0.0;0.0;0.0;20.69;92.95;1.79;
2022-07-16 04:00:00;28.0;108.79;21.0;20.37;92.95;1.45;
2022-07-16 05:00:00;169.0;389.43;78.0;21.08;89.95;1.03;
2022-07-16 06:00:00;332.0;516.48;123.0;22.06;87.0;1.24;
2022-07-16 07:00:00;499.0;604.61;157.0;23.61;76.3;0.69;
2022-07-16 08:00:00;649.0;657.51;185.0;24.7;71.5;0.69;
2022-07-16 09:00:00;797.0;774.02;166.0;25.92;64.8;0.07;
2022-07-16 10:00:00;724.0;401.45;368.0;26.75;62.9;0.55;
2022-07-16 11:00:00;574.0;137.63;448.0;27.33;60.9;0.9;
2022-07-16 12:00:00;872.0;741.6;205.0;27.57;65.1;0.97;
2022-07-16 13:00:00;103.0;0.0;103.0;27.42;65.1;0.97;
2022-07-16 14:00:00;90.0;0.0;90.0;26.56;69.4;0.97;
2022-07-16 15:00:00;63.0;0.0;63.0;26.44;69.4;1.03;
2022-07-16 16:00:00;51.0;0.0;51.0;25.9;71.65;1.93;
2022-07-16 17:00:00;48.0;0.0;48.0;25.33;74.0;2.55;
2022-07-16 18:00:00;31.0;8.97;30.0;24.58;78.95;2.21;
2022-07-16 19:00:00;0.0;0.0;0.0;23.26;84.25;0.83;
2022-07-16 20:00:00;0.0;0.0;0.0;22.35;90.0;1.38;
2022-07-16 21:00:00;0.0;0.0;0.0;21.3;96.15;1.79;
2022-07-16 22:00:00;0.0;0.0;0.0;20.71;96.15;0.9;
2022-07-16 23:00:00;0.0;0.0;0.0;20.71;96.15;1.52;
2022-07-17 00:00:00;0.0;0.0;0.0;20.36;99.4;1.17;
2022-07-17 01:00:00;0.0;0.0;0.0;19.88;100.0;1.38;
2022-07-17 02:00:00;0.0;0.0;0.0;19.62;99.4;1.72;
2022-07-17 03:00:00;0.0;0.0;0.0;19.67;99.4;1.66;
2022-07-17 04:00:00;18.0;16.14;17.0;19.59;99.4;1.79;
2022-07-17 05:00:00;149.0;254.89;90.0;19.85;99.4;2.83;
2022-07-17 06:00:00;320.0;454.48;137.0;20.46;96.1;2.9;
2022-07-17 07:00:00;0.0;0.0;0.0;21.83;87.0;2.14;
2022-07-17 08:00:00;680.0;749.9;152.0;23.34;81.5;2.28;
2022-07-17 09:00:00;809.0;796.26;161.0;25.05;73.95;2.34;
2022-07-17 10:00:00;894.0;823.26;165.0;26.49;64.95;2.21;
2022-07-17 11:00:00;919.0;810.44;178.0;27.65;59.0;1.86;
2022-07-17 12:00:00;425.0;32.28;396.0;28.52;55.3;1.31;
2022-07-17 13:00:00;759.0;580.81;272.0;29.14;50.2;0.97;
2022-07-17 14:00:00;714.0;745.6;163.0;29.59;46.9;0.55;
2022-07-17 15:00:00;557.0;664.34;154.0;29.81;45.35;0.69;
2022-07-17 16:00:00;356.0;428.56;163.0;29.7;45.35;0.83;
2022-07-17 17:00:00;208.0;395.24;97.0;29.16;48.5;1.1;
2022-07-17 18:00:00;57.0;155.04;40.0;27.25;74.3;0.55;
2022-07-17 19:00:00;0.0;0.0;0.0;26.19;71.75;1.03;
2022-07-17 20:00:00;0.0;0.0;0.0;26.06;67.05;0.76;
2022-07-17 21:00:00;0.0;0.0;0.0;24.68;71.5;0.9;
2022-07-17 22:00:00;0.0;0.0;0.0;23.98;76.3;0.83;
2022-07-17 23:00:00;0.0;0.0;0.0;23.43;78.85;0.76;
2022-07-18 00:00:00;0.0;0.0;0.0;22.82;78.75;0.41;
2022-07-18 01:00:00;0.0;0.0;0.0;22.21;81.4;0.28;
2022-07-18 02:00:00;0.0;0.0;0.0;21.52;86.95;0.41;
2022-07-18 03:00:00;0.0;0.0;0.0;20.77;89.9;0.21;
2022-07-18 04:00:00;14.0;16.8;13.0;20.11;92.95;0.21;
2022-07-18 05:00:00;165.0;375.18;79.0;20.39;96.1;0.28;
2022-07-18 06:00:00;348.0;591.59;111.0;22.92;81.45;0.41;
2022-07-18 07:00:00;532.0;718.83;128.0;24.08;84.35;0.9;
2022-07-18 08:00:00;685.0;760.19;151.0;26.1;76.6;0.9;
2022-07-18 09:00:00;811.0;795.23;165.0;27.85;67.4;0.69;
2022-07-18 10:00:00;896.0;822.22;169.0;29.36;57.4;0.69;
2022-07-18 11:00:00;931.0;832.33;171.0;30.54;52.05;0.97;
2022-07-18 12:00:00;922.0;849.4;160.0;31.54;44.2;1.31;
2022-07-18 13:00:00;845.0;816.91;161.0;32.12;40.0;1.72;
2022-07-18 14:00:00;724.0;767.19;158.0;32.27;37.5;2.07;
2022-07-18 15:00:00;568.0;695.57;147.0;32.21;37.5;2.14;
2022-07-18 16:00:00;397.0;612.7;122.0;31.96;40.0;2.21;
2022-07-18 17:00:00;216.0;447.8;91.0;30.99;53.9;1.52;
2022-07-18 18:00:00;51.0;111.37;39.0;29.47;65.5;0.76;
2022-07-18 19:00:00;0.0;0.0;0.0;27.44;65.1;1.17;
2022-07-18 20:00:00;0.0;0.0;0.0;27.89;53.35;0.62;
2022-07-18 21:00:00;0.0;0.0;0.0;26.8;56.85;0.28;
2022-07-18 22:00:00;0.0;0.0;0.0;25.92;60.6;0.41;
2022-07-18 23:00:00;0.0;0.0;0.0;25.0;66.85;0.34;
2022-07-19 00:00:00;0.0;0.0;0.0;24.04;71.35;0.34;
2022-07-19 01:00:00;0.0;0.0;0.0;22.08;78.7;1.03;
2022-07-19 02:00:00;0.0;0.0;0.0;20.44;92.95;1.45;
2022-07-19 03:00:00;0.0;0.0;0.0;20.01;92.9;1.66;
2022-07-19 04:00:00;15.0;17.53;14.0;19.87;96.1;1.66;
2022-07-19 05:00:00;156.0;326.1;82.0;21.04;96.15;1.31;
2022-07-19 06:00:00;326.0;504.36;125.0;24.09;81.65;1.45;
2022-07-19 07:00:00;496.0;601.62;159.0;25.78;79.15;0.9;
2022-07-19 08:00:00;658.0;693.51;172.0;27.37;74.3;1.1;
2022-07-19 09:00:00;775.0;707.91;201.0;28.55;69.75;1.03;
2022-07-19 10:00:00;871.0;775.92;186.0;29.39;63.4;0.76;
2022-07-19 11:00:00;910.0;798.4;182.0;30.33;59.45;0.55;
2022-07-19 12:00:00;877.0;751.22;204.0;31.03;55.75;0.48;
2022-07-19 13:00:00;790.0;675.8;225.0;31.73;49.0;0.34;
2022-07-19 14:00:00;699.0;708.82;177.0;32.0;47.4;0.41;
2022-07-19 15:00:00;560.0;682.33;148.0;32.14;44.3;0.55;
2022-07-19 16:00:00;382.0;561.24;131.0;31.89;42.85;1.24;
2022-07-19 17:00:00;203.0;378.59;98.0;30.96;47.15;2.07;
2022-07-19 18:00:00;47.0;85.11;38.0;29.15;55.5;2.21;
2022-07-19 19:00:00;0.0;0.0;0.0;27.72;67.4;2.07;
2022-07-19 20:00:00;0.0;0.0;0.0;26.04;76.6;2.14;
2022-07-19 21:00:00;0.0;0.0;0.0;24.83;81.7;2.07;
2022-07-19 22:00:00;0.0;0.0;0.0;23.87;87.15;1.86;
2022-07-19 23:00:00;0.0;0.0;0.0;23.05;93.05;1.72;
2022-07-20 00:00:00;0.0;0.0;0.0;22.38;93.05;1.72;
2022-07-20 01:00:00;0.0;0.0;0.0;21.81;93.0;1.59;
2022-07-20 02:00:00;0.0;0.0;0.0;21.71;93.0;1.17;
2022-07-20 03:00:00;0.0;0.0;0.0;22.3;90.0;0.62;
2022-07-20 04:00:00;12.0;0.0;12.0;21.3;96.15;0.83;
2022-07-20 05:00:00;140.0;240.44;86.0;21.89;96.15;0.83;
2022-07-20 06:00:00;308.0;431.38;137.0;24.78;81.7;1.1;
2022-07-20 07:00:00;491.0;601.9;155.0;26.63;74.25;2.0;
2022-07-20 08:00:00;660.0;716.67;159.0;28.04;69.65;1.59;
2022-07-20 09:00:00;787.0;762.39;170.0;29.22;63.4;1.03;
2022-07-20 10:00:00;866.0;778.29;180.0;29.9;61.35;0.55;
2022-07-20 11:00:00;910.0;809.44;173.0;30.44;59.45;0.28;
2022-07-20 12:00:00;892.0;803.72;173.0;30.88;55.75;0.34;
2022-07-20 13:00:00;808.0;748.74;183.0;31.2;52.25;0.07;
2022-07-20 14:00:00;698.0;722.41;167.0;30.93;53.9;0.76;
2022-07-20 15:00:00;357.0;127.84;280.0;28.78;59.2;2.48;
2022-07-20 16:00:00;34.0;0.0;34.0;28.13;63.2;2.34;
2022-07-20 17:00:00;103.0;21.78;97.0;28.01;67.4;2.14;
2022-07-20 18:00:00;5.0;0.0;5.0;27.5;69.6;1.66;
2022-07-20 19:00:00;0.0;0.0;0.0;25.88;74.1;2.41;
2022-07-20 20:00:00;0.0;0.0;0.0;25.2;79.1;2.48;
2022-07-20 21:00:00;0.0;0.0;0.0;24.57;84.35;2.0;
2022-07-20 22:00:00;0.0;0.0;0.0;24.14;84.35;2.14;
2022-07-20 23:00:00;0.0;0.0;0.0;23.44;87.1;3.52;
2022-07-21 00:00:00;0.0;0.0;0.0;22.58;84.25;2.69;
2022-07-21 01:00:00;0.0;0.0;0.0;22.06;87.0;1.24;
2022-07-21 02:00:00;0.0;0.0;0.0;21.32;89.95;1.17;
2022-07-21 03:00:00;0.0;0.0;0.0;20.92;92.95;1.66;
2022-07-21 04:00:00;7.0;0.0;7.0;20.73;89.9;1.86;
2022-07-21 05:00:00;14.0;0.0;14.0;21.13;84.05;1.72;
2022-07-21 06:00:00;196.0;73.56;167.0;22.53;78.7;1.24;
2022-07-21 07:00:00;111.0;0.0;111.0;23.4;71.25;2.0;
2022-07-21 08:00:00;129.0;0.0;129.0;24.85;64.6;2.07;
2022-07-21 09:00:00;339.0;17.33;325.0;26.27;60.7;2.14;
2022-07-21 10:00:00;704.0;372.74;376.0;27.4;58.9;1.79;
2022-07-21 11:00:00;904.0;797.46;179.0;27.97;59.0;0.76;
2022-07-21 12:00:00;880.0;782.55;181.0;28.17;57.15;0.48;
2022-07-21 13:00:00;135.0;0.0;135.0;28.18;57.15;0.48;
2022-07-21 14:00:00;357.0;44.99;324.0;28.38;59.1;0.83;
2022-07-21 15:00:00;573.0;742.48;127.0;28.31;59.1;0.55;
2022-07-21 16:00:00;39.0;0.0;39.0;27.69;61.0;0.62;
2022-07-21 17:00:00;155.0;153.58;113.0;24.16;73.85;1.72;
2022-07-21 18:00:00;46.0;98.58;36.0;22.01;87.0;0.9;
2022-07-21 19:00:00;0.0;0.0;0.0;23.57;81.5;2.34;
2022-07-21 20:00:00;0.0;0.0;0.0;22.77;81.45;2.83;
2022-07-21 21:00:00;0.0;0.0;0.0;22.01;84.1;2.62;
2022-07-21 22:00:00;0.0;0.0;0.0;21.52;86.95;2.21;
2022-07-21 23:00:00;0.0;0.0;0.0;20.74;86.9;1.79;
2022-07-22 00:00:00;0.0;0.0;0.0;20.07;92.95;0.83;
2022-07-22 01:00:00;0.0;0.0;0.0;19.92;96.1;1.24;
2022-07-22 02:00:00;0.0;0.0;0.0;19.7;96.1;2.14;
2022-07-22 03:00:00;0.0;0.0;0.0;19.36;96.1;2.0;
2022-07-22 04:00:00;13.0;20.29;12.0;19.03;96.1;1.38;
2022-07-22 05:00:00;145.0;291.21;81.0;19.57;96.1;1.38;
2022-07-22 06:00:00;322.0;515.28;120.0;20.75;89.9;1.93;
2022-07-22 07:00:00;438.0;405.92;213.0;22.85;76.15;1.93;
2022-07-22 08:00:00;511.0;286.11;312.0;24.25;71.4;1.72;
2022-07-22 09:00:00;780.0;744.33;180.0;25.65;64.8;1.45;
2022-07-22 10:00:00;840.0;700.08;225.0;26.9;58.8;1.66;
2022-07-22 11:00:00;908.0;805.32;177.0;27.83;55.15;1.59;
2022-07-22 12:00:00;885.0;788.26;182.0;28.4;51.65;1.45;
2022-07-22 13:00:00;797.0;712.82;204.0;29.02;48.4;1.38;
2022-07-22 14:00:00;585.0;385.23;303.0;29.36;46.9;1.59;
2022-07-22 15:00:00;123.0;0.0;123.0;29.38;45.35;1.72;
2022-07-22 16:00:00;230.0;83.73;193.0;29.17;45.35;1.72;
2022-07-22 17:00:00;89.0;11.05;86.0;28.54;45.05;1.86;
2022-07-22 18:00:00;28.0;10.09;27.0;26.35;64.95;1.03;
2022-07-22 19:00:00;0.0;0.0;0.0;24.63;73.95;1.86;
2022-07-22 20:00:00;0.0;0.0;0.0;23.69;76.3;1.59;
2022-07-22 21:00:00;0.0;0.0;0.0;22.77;84.25;1.38;
2022-07-22 22:00:00;0.0;0.0;0.0;21.97;89.95;1.17;
2022-07-22 23:00:00;0.0;0.0;0.0;22.17;84.15;0.69;
2022-07-23 00:00:00;0.0;0.0;0.0;21.28;89.95;0.9;
2022-07-23 01:00:00;0.0;0.0;0.0;20.51;96.1;1.52;
2022-07-23 02:00:00;0.0;0.0;0.0;20.43;96.1;1.66;
2022-07-23 03:00:00;0.0;0.0;0.0;20.35;96.1;1.45;
2022-07-23 04:00:00;4.0;0.0;4.0;20.14;96.1;1.24;
2022-07-23 05:00:00;58.0;4.6;57.0;20.74;92.95;1.31;
2022-07-23 06:00:00;95.0;0.0;95.0;22.14;84.15;1.31;
2022-07-23 07:00:00;491.0;617.45;150.0;22.55;84.15;1.72;
2022-07-23 08:00:00;669.0;749.6;149.0;24.13;71.4;2.07;
2022-07-23 09:00:00;795.0;788.13;161.0;25.48;66.95;2.07;
2022-07-23 10:00:00;876.0;803.94;171.0;26.91;58.8;2.07;
2022-07-23 11:00:00;911.0;814.35;173.0;28.11;53.35;1.86;
2022-07-23 12:00:00;902.0;831.12;162.0;28.97;48.4;1.86;
2022-07-23 13:00:00;826.0;798.41;163.0;29.54;45.35;1.93;
2022-07-23 14:00:00;709.0;758.47;155.0;29.79;43.8;2.0;
2022-07-23 15:00:00;530.0;594.41;175.0;29.81;43.8;1.59;
2022-07-23 16:00:00;345.0;420.52;160.0;29.64;43.8;1.52;
2022-07-23 17:00:00;213.0;479.15;84.0;28.79;48.4;1.66;
2022-07-23 18:00:00;51.0;175.71;34.0;27.28;56.95;1.72;
2022-07-23 19:00:00;0.0;0.0;0.0;26.01;62.65;2.14;
2022-07-23 20:00:00;0.0;0.0;0.0;24.62;69.15;1.72;
2022-07-23 21:00:00;0.0;0.0;0.0;23.75;73.75;1.17;
2022-07-23 22:00:00;0.0;0.0;0.0;23.04;76.15;1.17;
2022-07-23 23:00:00;0.0;0.0;0.0;21.68;81.35;1.45;
2022-07-24 00:00:00;0.0;0.0;0.0;20.92;84.05;1.66;
2022-07-24 01:00:00;0.0;0.0;0.0;20.39;86.85;1.72;
2022-07-24 02:00:00;0.0;0.0;0.0;20.15;86.85;1.52;
2022-07-24 03:00:00;0.0;0.0;0.0;20.44;86.85;1.24;
2022-07-24 04:00:00;7.0;0.0;7.0;21.14;81.3;0.9;
2022-07-24 05:00:00;146.0;321.24;77.0;21.68;78.65;0.41;
2022-07-24 06:00:00;325.0;547.1;113.0;23.9;73.75;0.34;
2022-07-24 07:00:00;509.0;681.56;134.0;25.62;67.05;0.83;
2022-07-24 08:00:00;664.0;735.72;155.0;27.38;56.95;1.24;
2022-07-24 09:00:00;793.0;783.57;164.0;28.75;50.05;1.24;
2022-07-24 10:00:00;879.0;809.97;170.0;29.65;46.9;1.17;
2022-07-24 11:00:00;894.0;770.41;197.0;30.47;43.95;1.03;
2022-07-24 12:00:00;820.0;607.53;280.0;31.01;41.15;0.69;
2022-07-24 13:00:00;825.0;793.9;167.0;31.23;38.55;0.62;
2022-07-24 14:00:00;704.0;743.76;162.0;31.27;37.25;0.76;
2022-07-24 15:00:00;546.0;661.76;152.0;31.33;37.25;0.9;
2022-07-24 16:00:00;378.0;577.78;125.0;31.04;38.4;1.03;
2022-07-24 17:00:00;197.0;393.32;92.0;30.38;47.0;0.83;
2022-07-24 18:00:00;42.0;95.48;33.0;29.84;48.5;0.41;
2022-07-24 19:00:00;0.0;0.0;0.0;27.31;60.9;1.31;
2022-07-24 20:00:00;0.0;0.0;0.0;25.25;66.95;1.66;
2022-07-24 21:00:00;0.0;0.0;0.0;24.25;66.75;1.79;
2022-07-24 22:00:00;0.0;0.0;0.0;23.39;71.25;1.86;
2022-07-24 23:00:00;0.0;0.0;0.0;22.66;71.15;1.66;
2022-07-25 00:00:00;0.0;0.0;0.0;22.19;73.55;1.52;
2022-07-25 01:00:00;0.0;0.0;0.0;22.72;66.45;1.1;
2022-07-25 02:00:00;0.0;0.0;0.0;23.67;58.1;0.21;
2022-07-25 03:00:00;0.0;0.0;0.0;22.96;64.2;0.76;
2022-07-25 04:00:00;6.0;0.0;6.0;21.09;81.3;1.31;
2022-07-25 05:00:00;111.0;122.5;85.0;21.5;86.95;1.03;
2022-07-25 06:00:00;287.0;368.66;145.0;24.49;69.05;0.83;
2022-07-25 07:00:00;480.0;583.83;160.0;26.55;71.75;1.72;
2022-07-25 08:00:00;645.0;687.02;171.0;28.12;63.1;1.59;
2022-07-25 09:00:00;772.0;731.59;186.0;29.09;55.4;1.03;
2022-07-25 10:00:00;686.0;341.07;388.0;29.75;51.9;0.48;
2022-07-25 11:00:00;742.0;399.72;381.0;30.28;50.3;0.14;
2022-07-25 12:00:00;858.0;719.06;220.0;30.83;48.75;0.48;
2022-07-25 13:00:00;807.0;756.8;181.0;31.4;45.7;0.76;
2022-07-25 14:00:00;704.0;749.7;159.0;31.56;45.7;1.24;
2022-07-25 15:00:00;548.0;677.39;146.0;31.36;45.7;1.66;
2022-07-25 16:00:00;378.0;589.79;121.0;31.09;47.15;2.0;
2022-07-25 17:00:00;197.0;404.39;90.0;29.83;50.2;1.59;
2022-07-25 18:00:00;38.0;76.37;31.0;28.76;59.2;1.38;
2022-07-25 19:00:00;0.0;0.0;0.0;28.54;59.1;0.9;
2022-07-25 20:00:00;0.0;0.0;0.0;26.91;65.0;0.97;
2022-07-25 21:00:00;0.0;0.0;0.0;25.39;74.0;1.17;
2022-07-25 22:00:00;0.0;0.0;0.0;24.25;78.95;1.24;
2022-07-25 23:00:00;0.0;0.0;0.0;23.36;84.25;1.38;
2022-07-26 00:00:00;0.0;0.0;0.0;22.69;87.1;1.38;
2022-07-26 01:00:00;0.0;0.0;0.0;22.53;90.0;1.31;
2022-07-26 02:00:00;0.0;0.0;0.0;22.13;90.0;1.24;
2022-07-26 03:00:00;0.0;0.0;0.0;22.09;90.0;1.03;
2022-07-26 04:00:00;3.0;0.0;3.0;21.54;93.0;1.03;
2022-07-26 05:00:00;112.0;133.55;84.0;22.35;90.0;0.76;
2022-07-26 06:00:00;262.0;271.67;158.0;24.74;79.05;0.9;
2022-07-26 07:00:00;410.0;337.01;226.0;26.38;76.65;1.31;
2022-07-26 08:00:00;576.0;468.02;254.0;27.8;69.65;2.28;
2022-07-26 09:00:00;764.0;714.45;193.0;27.89;65.2;3.1;
2022-07-26 10:00:00;793.0;585.98;282.0;28.61;61.1;3.59;
2022-07-26 11:00:00;706.0;334.99;404.0;29.37;51.9;3.31;
2022-07-26 12:00:00;887.0;808.47;171.0;30.04;50.2;2.76;
2022-07-26 13:00:00;632.0;316.19;371.0;30.65;45.45;2.21;
2022-07-26 14:00:00;689.0;714.37;171.0;30.42;43.95;1.86;
2022-07-26 15:00:00;238.0;16.91;228.0;30.05;43.8;1.93;
2022-07-26 16:00:00;259.0;147.63;195.0;29.08;45.2;1.86;
2022-07-26 17:00:00;145.0;133.52;110.0;28.74;45.2;1.03;
2022-07-26 18:00:00;46.0;157.35;32.0;27.4;65.1;1.1;
2022-07-26 19:00:00;0.0;0.0;0.0;26.16;71.75;1.1;
2022-07-26 20:00:00;0.0;0.0;0.0;25.67;67.05;0.9;
2022-07-26 21:00:00;0.0;0.0;0.0;24.86;71.5;0.9;
2022-07-26 22:00:00;0.0;0.0;0.0;23.63;76.3;1.03;
2022-07-26 23:00:00;0.0;0.0;0.0;22.0;87.0;1.31;
2022-07-27 00:00:00;0.0;0.0;0.0;21.48;89.95;1.24;
2022-07-27 01:00:00;0.0;0.0;0.0;21.62;87.0;0.97;
2022-07-27 02:00:00;0.0;0.0;0.0;21.94;87.0;0.55;
2022-07-27 03:00:00;0.0;0.0;0.0;21.41;89.95;0.14;
2022-07-27 04:00:00;3.0;0.0;3.0;20.86;92.95;0.62;
2022-07-27 05:00:00;142.0;333.29;73.0;20.9;92.95;0.62;
2022-07-27 06:00:00;324.0;567.78;108.0;23.89;78.9;0.62;
2022-07-27 07:00:00;506.0;695.1;128.0;25.76;62.65;0.76;
2022-07-27 08:00:00;660.0;741.96;151.0;27.72;49.8;0.9;
2022-07-27 09:00:00;790.0;790.08;160.0;29.17;42.3;0.69;
2022-07-27 10:00:00;872.0;806.6;170.0;30.37;38.3;0.41;
2022-07-27 11:00:00;912.0;827.94;167.0;31.23;35.95;0.14;
2022-07-27 12:00:00;903.0;845.1;156.0;31.9;33.7;0.07;
2022-07-27 13:00:00;822.0;801.29;162.0;32.26;32.65;0.07;
2022-07-27 14:00:00;700.0;749.45;158.0;32.55;31.55;0.14;
2022-07-27 15:00:00;548.0;685.52;144.0;32.52;31.55;0.0;
2022-07-27 16:00:00;374.0;589.05;120.0;32.16;32.55;0.14;
2022-07-27 17:00:00;205.0;473.82;82.0;31.26;39.9;0.55;
2022-07-27 18:00:00;37.0;81.22;30.0;29.53;55.5;1.03;
2022-07-27 19:00:00;0.0;0.0;0.0;27.47;58.9;1.59;
2022-07-27 20:00:00;0.0;0.0;0.0;25.77;64.8;1.79;
2022-07-27 21:00:00;0.0;0.0;0.0;24.58;76.35;1.66;
2022-07-27 22:00:00;0.0;0.0;0.0;23.74;78.9;1.45;
2022-07-27 23:00:00;0.0;0.0;0.0;23.16;81.5;1.45;
2022-07-28 00:00:00;0.0;0.0;0.0;22.8;84.25;1.38;
2022-07-28 01:00:00;0.0;0.0;0.0;22.87;84.25;1.03;
2022-07-28 02:00:00;0.0;0.0;0.0;23.47;81.5;0.69;
2022-07-28 03:00:00;0.0;0.0;0.0;23.01;84.25;0.28;
2022-07-28 04:00:00;3.0;0.0;3.0;22.63;84.25;0.48;
2022-07-28 05:00:00;124.0;225.09;78.0;22.85;84.25;0.55;
2022-07-28 06:00:00;301.0;470.89;123.0;24.9;73.95;0.83;
2022-07-28 07:00:00;483.0;629.61;142.0;26.69;67.2;0.55;
2022-07-28 08:00:00;638.0;690.04;166.0;28.6;59.1;1.24;
2022-07-28 09:00:00;683.0;495.27;289.0;30.12;53.7;2.28;
2022-07-28 10:00:00;854.0;776.01;180.0;31.21;50.55;2.83;
2022-07-28 11:00:00;893.0;797.24;177.0;31.98;47.4;3.17;
2022-07-28 12:00:00;884.0;813.91;166.0;32.52;45.95;3.31;
2022-07-28 13:00:00;809.0;781.19;167.0;32.8;44.55;3.1;
2022-07-28 14:00:00;685.0;719.64;166.0;33.14;44.55;3.24;
2022-07-28 15:00:00;520.0;597.81;169.0;32.16;47.4;3.72;
2022-07-28 16:00:00;327.0;387.13;161.0;31.38;48.9;3.45;
2022-07-28 17:00:00;122.0;73.94;103.0;30.16;55.6;1.72;
2022-07-28 18:00:00;29.0;36.01;26.0;29.07;69.85;0.69;
2022-07-28 19:00:00;0.0;0.0;0.0;27.54;71.9;1.17;
2022-07-28 20:00:00;0.0;0.0;0.0;26.17;74.15;1.52;
2022-07-28 21:00:00;0.0;0.0;0.0;25.35;79.1;1.72;
2022-07-28 22:00:00;0.0;0.0;0.0;24.7;79.05;1.93;
2022-07-28 23:00:00;0.0;0.0;0.0;24.09;81.65;1.79;
2022-07-29 00:00:00;0.0;0.0;0.0;23.42;87.1;1.52;
2022-07-29 01:00:00;0.0;0.0;0.0;23.14;87.1;1.31;
2022-07-29 02:00:00;0.0;0.0;0.0;22.71;90.05;1.24;
2022-07-29 03:00:00;0.0;0.0;0.0;22.13;93.05;1.38;
2022-07-29 04:00:00;1.0;0.0;1.0;21.98;96.15;1.31;
2022-07-29 05:00:00;106.0;128.93;80.0;22.72;93.05;0.97;
2022-07-29 06:00:00;200.0;103.85;161.0;24.97;81.7;0.97;
2022-07-29 07:00:00;329.0;155.74;245.0;26.17;76.65;1.59;
2022-07-29 08:00:00;538.0;390.05;272.0;27.86;69.65;0.97;
2022-07-29 09:00:00;737.0;670.34;205.0;29.36;61.35;0.69;
2022-07-29 10:00:00;789.0;609.18;261.0;30.68;57.6;0.69;
2022-07-29 11:00:00;724.0;389.37;375.0;31.56;55.85;0.76;
2022-07-29 12:00:00;532.0;119.27;427.0;32.38;52.5;0.69;
2022-07-29 13:00:00;598.0;269.55;377.0;32.56;52.5;0.69;
2022-07-29 14:00:00;415.0;105.68;339.0;32.89;50.9;0.76;
2022-07-29 15:00:00;492.0;512.93;192.0;32.91;50.9;0.69;
2022-07-29 16:00:00;343.0;476.19;140.0;32.46;50.8;0.69;
2022-07-29 17:00:00;177.0;334.37;92.0;31.18;54.05;0.62;
2022-07-29 18:00:00;28.0;37.35;25.0;30.37;70.0;0.41;
2022-07-29 19:00:00;0.0;0.0;0.0;30.16;57.5;0.34;
2022-07-29 20:00:00;0.0;0.0;0.0;28.63;65.4;0.83;
2022-07-29 21:00:00;0.0;0.0;0.0;26.73;76.7;1.31;
2022-07-29 22:00:00;0.0;0.0;0.0;26.45;79.2;1.03;
2022-07-29 23:00:00;0.0;0.0;0.0;27.2;71.9;0.62;
2022-07-30 00:00:00;0.0;0.0;0.0;26.72;74.25;0.41;
2022-07-30 01:00:00;0.0;0.0;0.0;25.72;79.15;0.83;
2022-07-30 02:00:00;0.0;0.0;0.0;25.19;81.75;0.9;
2022-07-30 03:00:00;0.0;0.0;0.0;24.95;84.4;0.83;
2022-07-30 04:00:00;1.0;0.0;1.0;24.54;87.2;0.9;
2022-07-30 05:00:00;115.0;191.02;77.0;24.3;87.2;0.9;
2022-07-30 06:00:00;289.0;431.57;128.0;27.02;74.25;1.03;
2022-07-30 07:00:00;474.0;614.41;144.0;28.55;67.5;0.62;
2022-07-30 08:00:00;639.0;707.47;158.0;30.11;63.4;0.97;
2022-07-30 09:00:00;767.0;755.35;169.0;31.25;55.85;1.17;
2022-07-30 10:00:00;853.0;783.93;175.0;32.4;50.8;1.1;
2022-07-30 11:00:00;883.0;783.71;182.0;33.19;44.7;0.9;
2022-07-30 12:00:00;865.0;778.65;181.0;34.17;41.95;0.83;
2022-07-30 13:00:00;799.0;766.59;172.0;34.66;39.3;0.97;
2022-07-30 14:00:00;686.0;736.43;158.0;34.84;36.9;1.38;
2022-07-30 15:00:00;531.0;660.92;146.0;34.76;36.9;1.79;
2022-07-30 16:00:00;358.0;554.62;123.0;33.95;36.6;2.55;
2022-07-30 17:00:00;180.0;362.0;89.0;32.46;41.55;2.97;
2022-07-30 18:00:00;32.0;77.67;26.0;31.03;48.75;2.55;
2022-07-30 19:00:00;0.0;0.0;0.0;31.37;55.85;0.62;
2022-07-30 20:00:00;0.0;0.0;0.0;29.51;63.4;0.9;
2022-07-30 21:00:00;0.0;0.0;0.0;27.5;74.3;1.31;
2022-07-30 22:00:00;0.0;0.0;0.0;26.66;76.7;1.24;
2022-07-30 23:00:00;0.0;0.0;0.0;26.6;79.2;0.97;
2022-07-31 00:00:00;0.0;0.0;0.0;26.4;79.2;0.76;
2022-07-31 01:00:00;0.0;0.0;0.0;25.56;84.45;0.83;
2022-07-31 02:00:00;0.0;0.0;0.0;24.18;90.1;1.17;
2022-07-31 03:00:00;0.0;0.0;0.0;23.55;96.2;1.31;
2022-07-31 04:00:00;0.0;0.0;0.0;23.22;96.2;1.38;
2022-07-31 05:00:00;123.0;254.88;73.0;24.25;90.1;0.97;
2022-07-31 06:00:00;298.0;491.18;116.0;27.24;79.35;0.83;
2022-07-31 07:00:00;480.0;641.36;137.0;29.48;63.4;1.45;
2022-07-31 08:00:00;637.0;708.2;157.0;31.17;54.05;1.03;
2022-07-31 09:00:00;770.0;766.11;165.0;32.61;47.5;0.76;
2022-07-31 10:00:00;856.0;794.93;170.0;33.76;41.95;0.76;
2022-07-31 11:00:00;891.0;805.54;172.0;34.65;39.3;1.03;
2022-07-31 12:00:00;882.0;821.45;162.0;35.31;35.8;1.24;
2022-07-31 13:00:00;806.0;788.14;163.0;35.81;33.55;1.45;
2022-07-31 14:00:00;685.0;735.93;159.0;36.13;32.45;1.66;
2022-07-31 15:00:00;527.0;651.63;149.0;35.99;32.45;1.72;
2022-07-31 16:00:00;235.0;114.0;187.0;32.84;47.03;1.15;
2022-07-31 17:00:00;104.0;44.27;93.0;32.32;49.66;1.13;
2022-07-31 18:00:00;26.0;40.49;23.0;31.81;52.29;1.1;
2022-07-31 19:00:00;0.0;0.0;0.0;31.29;54.92;1.08;
2022-07-31 20:00:00;0.0;0.0;0.0;30.78;57.55;1.06;
2022-07-31 21:00:00;0.0;0.0;0.0;30.26;60.18;1.04;
2022-07-31 22:00:00;0.0;0.0;0.0;29.75;62.81;1.01;
2022-07-31 23:00:00;0.0;0.0;0.0;29.23;65.44;0.99;
2022-08-01 00:00:00;0.0;0.0;0.0;28.72;68.06;0.97;
2022-08-01 01:00:00;0.0;0.0;0.0;28.2;70.69;0.94;
2022-08-01 02:00:00;0.0;0.0;0.0;27.69;73.32;0.92;
2022-08-01 03:00:00;0.0;0.0;0.0;27.17;75.95;0.9;
2022-08-01 04:00:00;0.0;0.0;0.0;26.66;78.58;0.88;
2022-08-01 05:00:00;100.0;131.2;75.0;26.14;81.21;0.85;
2022-08-01 06:00:00;283.0;440.61;122.0;25.63;83.84;0.83;
2022-08-01 07:00:00;465.0;603.65;145.0;25.11;86.47;0.81;
2022-08-01 08:00:00;629.0;699.4;158.0;30.51;65.6;0.62;
2022-08-01 09:00:00;765.0;767.55;162.0;32.12;59.75;1.1;
2022-08-01 10:00:00;846.0;785.78;171.0;33.52;52.75;0.97;
2022-08-01 11:00:00;891.0;818.12;164.0;34.54;48.0;0.62;
2022-08-01 12:00:00;872.0;812.68;163.0;35.41;42.3;0.48;
2022-08-01 13:00:00;800.0;789.89;159.0;36.04;39.7;0.69;
2022-08-01 14:00:00;683.0;747.84;152.0;36.25;37.25;1.38;
2022-08-01 15:00:00;524.0;662.67;143.0;35.03;38.15;2.55;
2022-08-01 16:00:00;354.0;568.11;118.0;33.75;41.95;2.41;
2022-08-01 17:00:00;179.0;404.42;81.0;32.83;47.65;2.14;
2022-08-01 18:00:00;25.0;59.29;21.0;31.83;54.15;2.14;
2022-08-01 19:00:00;0.0;0.0;0.0;30.53;63.5;1.31;
2022-08-01 20:00:00;0.0;0.0;0.0;28.91;69.85;1.31;
2022-08-01 21:00:00;0.0;0.0;0.0;27.87;76.85;1.31;
2022-08-01 22:00:00;0.0;0.0;0.0;27.1;79.35;1.38;
2022-08-01 23:00:00;0.0;0.0;0.0;26.75;81.9;1.24;
2022-08-02 00:00:00;0.0;0.0;0.0;26.85;81.9;0.97;
2022-08-02 01:00:00;0.0;0.0;0.0;26.28;84.55;0.97;
2022-08-02 02:00:00;0.0;0.0;0.0;25.02;93.15;1.45;
2022-08-02 03:00:00;0.0;0.0;0.0;24.99;93.15;1.79;
2022-08-02 04:00:00;0.0;0.0;0.0;25.25;90.2;2.07;
2022-08-02 05:00:00;11.0;0.0;11.0;25.95;90.2;2.07;
2022-08-02 06:00:00;45.0;0.0;45.0;28.02;82.05;2.55;
2022-08-02 07:00:00;250.0;49.27;224.0;23.95;84.35;2.28;
2022-08-02 08:00:00;302.0;31.29;281.0;25.72;71.65;3.38;
2022-08-02 09:00:00;716.0;635.59;218.0;27.53;63.0;2.41;
2022-08-02 10:00:00;660.0;331.4;376.0;28.54;57.15;2.14;
2022-08-02 11:00:00;866.0;774.9;179.0;28.95;55.4;2.14;
2022-08-02 12:00:00;794.0;613.6;260.0;28.82;59.2;1.93;
2022-08-02 13:00:00;786.0;768.63;164.0;29.63;55.5;1.93;
2022-08-02 14:00:00;677.0;746.2;149.0;30.43;53.8;1.66;
2022-08-02 15:00:00;518.0;658.8;141.0;30.85;52.15;1.93;
2022-08-02 16:00:00;346.0;555.19;117.0;30.26;53.8;2.41;
2022-08-02 17:00:00;172.0;380.56;81.0;29.46;55.4;3.03;
2022-08-02 18:00:00;24.0;62.48;20.0;28.69;53.55;3.1;
2022-08-02 19:00:00;0.0;0.0;0.0;27.53;60.9;2.62;
2022-08-02 20:00:00;0.0;0.0;0.0;26.76;62.9;2.34;
2022-08-02 21:00:00;0.0;0.0;0.0;26.2;67.15;2.28;
2022-08-02 22:00:00;0.0;0.0;0.0;25.69;69.3;2.14;
2022-08-02 23:00:00;0.0;0.0;0.0;25.18;71.6;2.0;
2022-08-03 00:00:00;0.0;0.0;0.0;24.35;78.95;2.14;
2022-08-03 01:00:00;0.0;0.0;0.0;24.13;76.35;1.93;
2022-08-03 02:00:00;0.0;0.0;0.0;23.88;78.9;1.86;
2022-08-03 03:00:00;0.0;0.0;0.0;23.0;87.1;2.9;
2022-08-03 04:00:00;0.0;0.0;0.0;22.01;89.95;3.38;
2022-08-03 05:00:00;38.0;0.0;38.0;22.01;87.0;2.55;
2022-08-03 06:00:00;226.0;205.47;152.0;22.89;81.45;2.28;
2022-08-03 07:00:00;432.0;491.16;174.0;22.9;84.25;2.34;
2022-08-03 08:00:00;384.0;107.63;312.0;23.55;81.5;2.14;
2022-08-03 09:00:00;348.0;26.88;327.0;24.18;76.35;1.66;
2022-08-03 10:00:00;250.0;0.0;250.0;24.65;73.95;0.48;
2022-08-03 11:00:00;176.0;0.0;176.0;24.51;76.35;1.03;
2022-08-03 12:00:00;146.0;0.0;146.0;23.9;81.55;0.9;
2022-08-03 13:00:00;98.0;0.0;98.0;23.72;84.35;0.41;
2022-08-03 14:00:00;60.0;0.0;60.0;25.06;79.05;1.03;
2022-08-03 15:00:00;325.0;112.38;261.0;26.31;69.4;1.31;
2022-08-03 16:00:00;136.0;7.33;133.0;26.29;69.4;2.0;
2022-08-03 17:00:00;172.0;394.36;79.0;24.34;81.65;1.93;
2022-08-03 18:00:00;26.0;82.68;21.0;23.0;93.05;2.14;
2022-08-03 19:00:00;0.0;0.0;0.0;21.54;93.0;1.52;
2022-08-03 20:00:00;0.0;0.0;0.0;21.0;96.15;1.52;
2022-08-03 21:00:00;0.0;0.0;0.0;20.52;99.4;2.07;
2022-08-03 22:00:00;0.0;0.0;0.0;19.93;99.4;2.41;
2022-08-03 23:00:00;0.0;0.0;0.0;19.32;99.4;1.86;
2022-08-04 00:00:00;0.0;0.0;0.0;19.07;96.1;1.31;
2022-08-04 01:00:00;0.0;0.0;0.0;19.27;96.1;1.93;
2022-08-04 02:00:00;0.0;0.0;0.0;18.95;99.4;2.97;
2022-08-04 03:00:00;0.0;0.0;0.0;18.49;96.1;3.03;
2022-08-04 04:00:00;0.0;0.0;0.0;18.04;89.75;3.17;
2022-08-04 05:00:00;11.0;0.0;11.0;17.81;92.85;2.9;
2022-08-04 06:00:00;125.0;11.19;121.0;17.87;92.85;2.69;
2022-08-04 07:00:00;478.0;667.51;129.0;19.65;81.1;2.97;
2022-08-04 08:00:00;571.0;510.0;231.0;21.07;73.35;2.48;
2022-08-04 09:00:00;732.0;675.06;206.0;22.2;68.7;2.62;
2022-08-04 10:00:00;597.0;218.12;411.0;21.89;73.45;3.17;
2022-08-04 11:00:00;431.0;38.54;397.0;20.79;78.5;4.14;
2022-08-04 12:00:00;257.0;0.0;257.0;21.07;78.55;4.0;
2022-08-04 13:00:00;86.0;0.0;86.0;21.78;78.65;3.86;
2022-08-04 14:00:00;61.0;0.0;61.0;21.93;78.65;3.86;
2022-08-04 15:00:00;304.0;81.18;258.0;22.02;78.65;3.52;
2022-08-04 16:00:00;212.0;83.68;178.0;22.3;76.1;2.97;
2022-08-04 17:00:00;117.0;98.95;94.0;22.06;76.1;1.86;
2022-08-04 18:00:00;2.0;0.0;2.0;21.47;81.3;0.69;
2022-08-04 19:00:00;0.0;0.0;0.0;19.93;92.9;1.1;
2022-08-04 20:00:00;0.0;0.0;0.0;19.38;96.1;1.86;
2022-08-04 21:00:00;0.0;0.0;0.0;19.06;96.1;1.93;
2022-08-04 22:00:00;0.0;0.0;0.0;18.81;99.4;1.86;
2022-08-04 23:00:00;0.0;0.0;0.0;18.62;99.4;1.31;
2022-08-05 00:00:00;0.0;0.0;0.0;18.48;99.4;0.97;
2022-08-05 01:00:00;0.0;0.0;0.0;18.21;99.4;0.97;
2022-08-05 02:00:00;0.0;0.0;0.0;18.1;99.4;0.62;
2022-08-05 03:00:00;0.0;0.0;0.0;17.9;99.4;0.9;
2022-08-05 04:00:00;0.0;0.0;0.0;17.78;99.4;0.9;
2022-08-05 05:00:00;11.0;0.0;11.0;18.01;96.1;0.62;
2022-08-05 06:00:00;39.0;0.0;39.0;19.05;96.1;0.34;
2022-08-05 07:00:00;451.0;566.92;156.0;21.53;84.05;1.72;
2022-08-05 08:00:00;644.0;758.64;140.0;22.81;73.6;1.86;
2022-08-05 09:00:00;777.0;810.84;147.0;23.62;64.4;2.21;
2022-08-05 10:00:00;704.0;415.03;351.0;24.26;58.2;2.62;
2022-08-05 11:00:00;579.0;165.9;433.0;25.18;50.95;3.31;
2022-08-05 12:00:00;626.0;247.83;412.0;25.42;49.2;3.79;
2022-08-05 13:00:00;699.0;508.74;291.0;25.64;47.65;3.86;
2022-08-05 14:00:00;566.0;403.02;284.0;25.63;47.65;3.45;
2022-08-05 15:00:00;303.0;81.61;257.0;25.72;47.65;3.03;
2022-08-05 16:00:00;319.0;439.1;142.0;25.49;49.2;2.41;
2022-08-05 17:00:00;175.0;436.76;75.0;25.02;52.6;1.72;
2022-08-05 18:00:00;17.0;37.65;15.0;23.79;60.15;1.38;
2022-08-05 19:00:00;0.0;0.0;0.0;22.55;64.2;2.14;
2022-08-05 20:00:00;0.0;0.0;0.0;21.93;68.6;2.21;
2022-08-05 21:00:00;0.0;0.0;0.0;21.39;70.9;2.21;
2022-08-05 22:00:00;0.0;0.0;0.0;20.6;75.85;2.0;
2022-08-05 23:00:00;0.0;0.0;0.0;19.84;81.1;1.93;
2022-08-06 00:00:00;0.0;0.0;0.0;19.29;83.85;1.79;
2022-08-06 01:00:00;0.0;0.0;0.0;18.81;89.75;1.59;
2022-08-06 02:00:00;0.0;0.0;0.0;18.65;89.75;1.38;
2022-08-06 03:00:00;0.0;0.0;0.0;18.22;86.75;1.52;
2022-08-06 04:00:00;0.0;0.0;0.0;18.06;86.75;1.52;
2022-08-06 05:00:00;71.0;45.46;63.0;18.71;89.75;1.66;
2022-08-06 06:00:00;134.0;19.88;127.0;21.16;78.55;2.0;
2022-08-06 07:00:00;472.0;666.23;127.0;23.49;73.7;1.24;
2022-08-06 08:00:00;494.0;311.18;288.0;25.14;64.7;1.52;
2022-08-06 09:00:00;696.0;584.74;243.0;26.4;58.7;1.93;
2022-08-06 10:00:00;861.0;841.68;147.0;27.56;55.05;2.34;
2022-08-06 11:00:00;897.0;853.3;148.0;28.26;49.95;2.9;
2022-08-06 12:00:00;877.0;847.76;147.0;28.72;48.4;3.1;
2022-08-06 13:00:00;795.0;801.84;154.0;28.84;48.4;2.83;
2022-08-06 14:00:00;679.0;767.66;144.0;29.04;48.4;2.69;
2022-08-06 15:00:00;519.0;688.52;133.0;28.93;48.4;2.69;
2022-08-06 16:00:00;345.0;585.3;111.0;28.51;49.95;2.21;
2022-08-06 17:00:00;168.0;412.61;75.0;27.76;55.15;1.1;
2022-08-06 18:00:00;14.0;20.28;13.0;26.67;67.2;0.34;
2022-08-06 19:00:00;0.0;0.0;0.0;25.04;73.95;0.97;
2022-08-06 20:00:00;0.0;0.0;0.0;24.04;76.3;1.1;
2022-08-06 21:00:00;0.0;0.0;0.0;22.67;78.75;1.38;
2022-08-06 22:00:00;0.0;0.0;0.0;21.72;84.1;1.59;
2022-08-06 23:00:00;0.0;0.0;0.0;21.26;84.05;1.79;
2022-08-07 00:00:00;0.0;0.0;0.0;21.21;84.05;2.07;
2022-08-07 01:00:00;0.0;0.0;0.0;21.03;86.9;2.14;
2022-08-07 02:00:00;0.0;0.0;0.0;20.74;86.9;1.93;
2022-08-07 03:00:00;0.0;0.0;0.0;20.23;89.85;1.72;
2022-08-07 04:00:00;0.0;0.0;0.0;19.82;92.9;1.52;
2022-08-07 05:00:00;95.0;156.07;68.0;20.2;89.85;1.17;
2022-08-07 06:00:00;285.0;515.28;105.0;23.07;81.5;0.97;
2022-08-07 07:00:00;467.0;650.11;132.0;25.0;79.05;1.45;
2022-08-07 08:00:00;633.0;738.33;146.0;26.86;67.2;1.93;
2022-08-07 09:00:00;765.0;789.74;155.0;28.35;57.15;2.62;
2022-08-07 10:00:00;848.0;807.31;165.0;29.34;51.8;3.59;
2022-08-07 11:00:00;855.0;739.06;208.0;29.86;45.35;3.93;
2022-08-07 12:00:00;868.0;824.56;160.0;30.37;42.45;3.72;
2022-08-07 13:00:00;795.0;800.73;157.0;30.7;41.15;3.45;
2022-08-07 14:00:00;672.0;747.77;153.0;30.83;39.75;3.17;
2022-08-07 15:00:00;514.0;670.84;140.0;30.84;39.75;2.97;
2022-08-07 16:00:00;339.0;565.08;115.0;30.47;43.95;2.62;
2022-08-07 17:00:00;162.0;392.36;75.0;29.64;50.2;2.07;
2022-08-07 18:00:00;12.0;22.02;11.0;28.02;55.15;2.28;
2022-08-07 19:00:00;0.0;0.0;0.0;26.24;58.7;2.48;
2022-08-07 20:00:00;0.0;0.0;0.0;25.16;58.45;2.55;
2022-08-07 21:00:00;0.0;0.0;0.0;24.39;60.25;2.48;
2022-08-07 22:00:00;0.0;0.0;0.0;23.82;62.25;2.34;
2022-08-07 23:00:00;0.0;0.0;0.0;22.93;66.45;2.21;
2022-08-08 00:00:00;0.0;0.0;0.0;22.17;68.7;1.93;
2022-08-08 01:00:00;0.0;0.0;0.0;21.45;75.95;1.72;
2022-08-08 02:00:00;0.0;0.0;0.0;21.43;75.95;1.45;
2022-08-08 03:00:00;0.0;0.0;0.0;20.86;78.5;1.45;
2022-08-08 04:00:00;0.0;0.0;0.0;19.94;83.9;1.66;
2022-08-08 05:00:00;98.0;188.26;66.0;20.05;86.85;1.66;
2022-08-08 06:00:00;285.0;522.29;104.0;23.17;73.7;1.38;
2022-08-08 07:00:00;468.0;659.23;130.0;26.5;60.7;1.79;
2022-08-08 08:00:00;632.0;736.49;148.0;28.83;51.8;2.07;
2022-08-08 09:00:00;768.0;797.34;154.0;30.54;45.45;2.48;
2022-08-08 10:00:00;847.0;804.8;168.0;31.7;37.35;2.97;
2022-08-08 11:00:00;887.0;825.85;166.0;32.37;35.0;3.17;
2022-08-08 12:00:00;872.0;831.66;160.0;32.8;33.95;3.38;
2022-08-08 13:00:00;794.0;798.42;160.0;33.0;33.95;3.45;
2022-08-08 14:00:00;677.0;765.42;148.0;32.95;35.15;3.45;
2022-08-08 15:00:00;512.0;669.31;141.0;32.7;36.35;3.31;
2022-08-08 16:00:00;339.0;572.63;114.0;32.15;40.15;2.62;
2022-08-08 17:00:00;161.0;399.09;74.0;31.03;48.75;2.14;
2022-08-08 18:00:00;10.0;0.0;10.0;29.23;51.8;2.34;
2022-08-08 19:00:00;0.0;0.0;0.0;27.38;56.95;2.07;
2022-08-08 20:00:00;0.0;0.0;0.0;25.76;62.65;2.21;
2022-08-08 21:00:00;0.0;0.0;0.0;24.64;64.6;2.14;
2022-08-08 22:00:00;0.0;0.0;0.0;23.83;66.65;2.14;
2022-08-08 23:00:00;0.0;0.0;0.0;23.2;68.85;2.14;
2022-08-09 00:00:00;0.0;0.0;0.0;22.65;71.15;2.0;
2022-08-09 01:00:00;0.0;0.0;0.0;22.19;73.55;1.72;
2022-08-09 02:00:00;0.0;0.0;0.0;22.54;73.55;1.31;
2022-08-09 03:00:00;0.0;0.0;0.0;23.17;66.55;0.9;
2022-08-09 04:00:00;0.0;0.0;0.0;23.16;66.55;0.69;
2022-08-09 05:00:00;95.0;185.69;64.0;22.7;71.15;0.62;
2022-08-09 06:00:00;280.0;512.0;104.0;24.08;73.85;0.55;
2022-08-09 07:00:00;460.0;641.02;133.0;26.43;67.15;0.97;
2022-08-09 08:00:00;626.0;730.09;148.0;28.29;57.15;1.24;
2022-08-09 09:00:00;757.0;780.28;158.0;29.59;55.4;1.17;
2022-08-09 10:00:00;840.0;797.57;169.0;30.88;48.75;0.9;
2022-08-09 11:00:00;880.0;820.14;166.0;31.82;45.85;1.03;
2022-08-09 12:00:00;865.0;824.81;161.0;32.45;42.95;1.31;
2022-08-09 13:00:00;783.0;781.01;165.0;32.71;41.65;1.59;
2022-08-09 14:00:00;667.0;748.43;152.0;32.84;41.65;1.72;
2022-08-09 15:00:00;508.0;669.67;139.0;32.62;42.95;1.45;
2022-08-09 16:00:00;332.0;565.02;112.0;32.19;42.95;1.52;
2022-08-09 17:00:00;155.0;378.22;74.0;31.08;53.9;1.52;
2022-08-09 18:00:00;9.0;0.0;9.0;29.37;59.2;1.86;
2022-08-09 19:00:00;0.0;0.0;0.0;27.44;65.1;2.14;
2022-08-09 20:00:00;0.0;0.0;0.0;25.96;71.65;2.21;
2022-08-09 21:00:00;0.0;0.0;0.0;25.11;74.0;2.07;
2022-08-09 22:00:00;0.0;0.0;0.0;24.01;81.55;1.79;
2022-08-09 23:00:00;0.0;0.0;0.0;23.34;84.25;1.31;
2022-08-10 00:00:00;0.0;0.0;0.0;24.39;76.35;0.48;
2022-08-10 01:00:00;0.0;0.0;0.0;23.98;78.9;0.48;
2022-08-10 02:00:00;0.0;0.0;0.0;22.2;87.05;1.1;
2022-08-10 03:00:00;0.0;0.0;0.0;21.52;93.0;1.24;
2022-08-10 04:00:00;0.0;0.0;0.0;21.58;89.95;1.1;
2022-08-10 05:00:00;87.0;146.45;63.0;22.14;87.05;0.83;
2022-08-10 06:00:00;265.0;448.77;112.0;24.67;79.05;0.55;
2022-08-10 07:00:00;448.0;614.79;136.0;26.91;74.25;1.24;
2022-08-10 08:00:00;608.0;694.55;155.0;28.32;65.3;1.1;
2022-08-10 09:00:00;745.0;764.46;160.0;29.5;61.25;0.83;
2022-08-10 10:00:00;822.0;772.47;174.0;30.66;55.75;0.76;
2022-08-10 11:00:00;861.0;793.71;172.0;31.64;50.7;0.83;
2022-08-10 12:00:00;846.0;799.18;166.0;32.34;47.5;0.97;
2022-08-10 13:00:00;769.0;764.81;166.0;32.93;43.1;1.17;
2022-08-10 14:00:00;651.0;722.62;156.0;33.09;41.65;1.38;
2022-08-10 15:00:00;494.0;644.58;141.0;32.96;41.65;1.72;
2022-08-10 16:00:00;320.0;526.3;117.0;32.44;42.95;1.24;
2022-08-10 17:00:00;144.0;328.19;75.0;30.07;53.7;1.66;
2022-08-10 18:00:00;7.0;0.0;7.0;28.73;55.4;1.79;
2022-08-10 19:00:00;0.0;0.0;0.0;28.23;69.75;0.9;
2022-08-10 20:00:00;0.0;0.0;0.0;26.36;76.65;1.17;
2022-08-10 21:00:00;0.0;0.0;0.0;25.01;84.4;1.66;
2022-08-10 22:00:00;0.0;0.0;0.0;24.11;87.2;1.66;
2022-08-10 23:00:00;0.0;0.0;0.0;23.6;90.1;1.38;
2022-08-11 00:00:00;0.0;0.0;0.0;24.0;87.15;0.9;
2022-08-11 01:00:00;0.0;0.0;0.0;24.13;84.35;0.07;
2022-08-11 02:00:00;0.0;0.0;0.0;23.56;87.15;0.41;
2022-08-11 03:00:00;0.0;0.0;0.0;23.06;90.05;0.55;
2022-08-11 04:00:00;0.0;0.0;0.0;22.54;96.15;0.69;
2022-08-11 05:00:00;81.0;124.38;61.0;22.51;96.15;0.69;
2022-08-11 06:00:00;257.0;420.01;115.0;25.17;81.75;0.62;
2022-08-11 07:00:00;439.0;596.23;138.0;27.39;74.3;1.24;
2022-08-11 08:00:00;588.0;637.22;174.0;28.82;65.4;0.9;
2022-08-11 09:00:00;733.0;745.96;164.0;30.1;59.35;0.55;
2022-08-11 10:00:00;814.0;765.19;174.0;30.96;55.75;0.55;
2022-08-11 11:00:00;853.0;785.66;173.0;31.49;54.05;0.9;
2022-08-11 12:00:00;838.0;791.13;167.0;31.64;52.4;1.24;
2022-08-11 13:00:00;761.0;757.48;166.0;31.67;52.4;1.45;
2022-08-11 14:00:00;643.0;714.26;156.0;31.84;52.4;1.38;
2022-08-11 15:00:00;484.0;624.78;144.0;31.71;52.4;1.1;
2022-08-11 16:00:00;311.0;507.88;117.0;31.33;54.05;1.1;
2022-08-11 17:00:00;141.0;324.86;74.0;30.74;55.75;0.69;
2022-08-11 18:00:00;5.0;0.0;5.0;29.5;69.85;0.21;
2022-08-11 19:00:00;0.0;0.0;0.0;27.35;71.9;1.86;
2022-08-11 20:00:00;0.0;0.0;0.0;26.45;76.65;1.66;
2022-08-11 21:00:00;0.0;0.0;0.0;25.46;84.45;1.31;
2022-08-11 22:00:00;0.0;0.0;0.0;25.18;84.45;0.9;
2022-08-11 23:00:00;0.0;0.0;0.0;25.25;81.75;0.62;
2022-08-12 00:00:00;0.0;0.0;0.0;23.85;90.1;1.03;
2022-08-12 01:00:00;0.0;0.0;0.0;23.03;96.15;1.38;
2022-08-12 02:00:00;0.0;0.0;0.0;22.72;96.15;1.31;
2022-08-12 03:00:00;0.0;0.0;0.0;22.53;99.4;1.38;
2022-08-12 04:00:00;0.0;0.0;0.0;22.42;96.15;1.24;
2022-08-12 05:00:00;77.0;107.8;60.0;22.83;96.15;0.97;
2022-08-12 06:00:00;259.0;444.49;110.0;25.32;87.3;1.03;
2022-08-12 07:00:00;439.0;605.39;135.0;26.28;76.65;1.38;
2022-08-12 08:00:00;599.0;686.11;155.0;27.83;67.4;1.52;
2022-08-12 09:00:00;731.0;745.79;164.0;29.04;61.25;1.31;
2022-08-12 10:00:00;813.0;765.12;175.0;30.35;53.8;1.03;
2022-08-12 11:00:00;865.0;819.34;158.0;31.01;50.45;1.24;
2022-08-12 12:00:00;840.0;802.02;162.0;31.69;47.4;1.38;
2022-08-12 13:00:00;759.0;757.83;166.0;31.93;45.85;1.59;
2022-08-12 14:00:00;640.0;713.27;156.0;31.94;45.85;1.31;
2022-08-12 15:00:00;481.0;623.32;144.0;32.1;45.85;1.31;
2022-08-12 16:00:00;308.0;505.08;117.0;31.8;45.85;1.66;
2022-08-12 17:00:00;116.0;173.14;81.0;30.96;50.45;2.21;
2022-08-12 18:00:00;2.0;0.0;2.0;29.46;57.3;2.48;
2022-08-12 19:00:00;0.0;0.0;0.0;28.27;63.2;1.93;
2022-08-12 20:00:00;0.0;0.0;0.0;27.12;67.3;2.0;
2022-08-12 21:00:00;0.0;0.0;0.0;26.27;74.15;2.0;
2022-08-12 22:00:00;0.0;0.0;0.0;25.61;76.6;1.79;
2022-08-12 23:00:00;0.0;0.0;0.0;24.8;84.4;1.31;
2022-08-13 00:00:00;0.0;0.0;0.0;24.41;87.2;1.03;
2022-08-13 01:00:00;0.0;0.0;0.0;24.06;90.1;0.97;
2022-08-13 02:00:00;0.0;0.0;0.0;23.46;93.05;1.24;
2022-08-13 03:00:00;0.0;0.0;0.0;23.16;93.05;1.45;
2022-08-13 04:00:00;0.0;0.0;0.0;23.06;93.05;1.79;
2022-08-13 05:00:00;73.0;97.04;58.0;23.21;90.05;2.28;
2022-08-13 06:00:00;239.0;349.06;123.0;24.39;84.35;1.66;
2022-08-13 07:00:00;428.0;570.64;143.0;26.82;76.7;0.69;
2022-08-13 08:00:00;588.0;657.84;164.0;27.8;72.0;0.97;
2022-08-13 09:00:00;723.0;732.46;168.0;28.81;65.4;1.66;
2022-08-13 10:00:00;804.0;749.45;181.0;29.45;65.4;2.0;
2022-08-13 11:00:00;833.0;746.34;191.0;30.03;61.35;1.1;
2022-08-13 12:00:00;800.0;697.91;212.0;30.96;55.75;1.38;
2022-08-13 13:00:00;488.0;143.7;376.0;31.9;49.0;2.07;
2022-08-13 14:00:00;639.0;719.75;153.0;32.42;45.95;2.41;
2022-08-13 15:00:00;363.0;227.17;241.0;32.5;44.45;2.28;
2022-08-13 16:00:00;303.0;499.66;116.0;32.27;44.45;2.21;
2022-08-13 17:00:00;131.0;298.0;72.0;31.43;48.9;2.0;
2022-08-13 18:00:00;0.0;0.0;0.0;29.78;57.4;1.52;
2022-08-13 19:00:00;0.0;0.0;0.0;28.01;74.4;1.24;
2022-08-13 20:00:00;0.0;0.0;0.0;26.93;79.3;0.97;
2022-08-13 21:00:00;0.0;0.0;0.0;26.27;79.2;1.03;
2022-08-13 22:00:00;0.0;0.0;0.0;25.97;81.8;0.97;
2022-08-13 23:00:00;0.0;0.0;0.0;25.16;84.45;1.03;
2022-08-14 00:00:00;0.0;0.0;0.0;25.05;87.25;0.83;
2022-08-14 01:00:00;0.0;0.0;0.0;24.15;87.2;0.9;
2022-08-14 02:00:00;0.0;0.0;0.0;23.39;93.05;1.66;
2022-08-14 03:00:00;0.0;0.0;0.0;23.43;93.05;1.86;
2022-08-14 04:00:00;0.0;0.0;0.0;23.24;93.05;1.72;
2022-08-14 05:00:00;71.0;92.45;57.0;23.3;93.05;1.59;
2022-08-14 06:00:00;238.0;355.18;121.0;24.74;87.25;1.86;
2022-08-14 07:00:00;422.0;547.61;150.0;26.47;76.65;2.55;
2022-08-14 08:00:00;580.0;634.05;173.0;27.68;69.65;1.86;
2022-08-14 09:00:00;706.0;682.0;191.0;28.17;65.3;1.31;
2022-08-14 10:00:00;768.0;645.63;233.0;28.35;65.3;0.76;
2022-08-14 11:00:00;774.0;580.79;276.0;28.99;65.4;0.41;
2022-08-14 12:00:00;755.0;576.47;271.0;29.46;63.3;0.14;
2022-08-14 13:00:00;727.0;677.59;201.0;29.77;63.4;0.41;
2022-08-14 14:00:00;536.0;395.94;270.0;29.12;63.3;0.83;
2022-08-14 15:00:00;460.0;562.5;160.0;26.99;67.2;2.41;
2022-08-14 16:00:00;299.0;488.83;118.0;26.26;67.15;2.76;
2022-08-14 17:00:00;137.0;361.33;67.0;25.66;71.65;2.69;
2022-08-14 18:00:00;0.0;0.0;0.0;24.9;73.95;2.07;
2022-08-14 19:00:00;0.0;0.0;0.0;23.67;84.35;0.34;
2022-08-14 20:00:00;0.0;0.0;0.0;23.39;87.1;0.83;
2022-08-14 21:00:00;0.0;0.0;0.0;22.84;93.05;0.48;
2022-08-14 22:00:00;0.0;0.0;0.0;22.42;96.15;0.62;
2022-08-14 23:00:00;0.0;0.0;0.0;21.97;96.15;0.83;
2022-08-15 00:00:00;0.0;0.0;0.0;22.37;93.05;0.14;
2022-08-15 01:00:00;0.0;0.0;0.0;21.85;96.15;0.48;
2022-08-15 02:00:00;0.0;0.0;0.0;21.25;99.4;0.69;
2022-08-15 03:00:00;0.0;0.0;0.0;21.13;96.15;0.69;
2022-08-15 04:00:00;0.0;0.0;0.0;20.99;99.4;0.69;
2022-08-15 05:00:00;91.0;256.3;53.0;21.1;96.15;0.55;
2022-08-15 06:00:00;258.0;474.78;103.0;22.77;93.05;0.41;
2022-08-15 07:00:00;442.0;637.74;127.0;24.43;78.95;0.69;
2022-08-15 08:00:00;606.0;721.17;145.0;25.87;71.65;0.55;
2022-08-15 09:00:00;737.0;773.43;155.0;27.31;63.0;0.76;
2022-08-15 10:00:00;815.0;782.11;169.0;28.41;59.1;0.62;
2022-08-15 11:00:00;850.0;793.3;172.0;29.5;55.4;0.48;
2022-08-15 12:00:00;834.0;798.46;166.0;30.33;52.05;0.48;
2022-08-15 13:00:00;755.0;764.49;164.0;30.85;50.45;0.62;
2022-08-15 14:00:00;642.0;739.16;148.0;31.17;47.25;0.83;
2022-08-15 15:00:00;480.0;647.71;137.0;31.2;45.7;1.03;
2022-08-15 16:00:00;305.0;532.49;110.0;30.89;47.15;1.03;
2022-08-15 17:00:00;122.0;264.0;72.0;29.65;50.2;1.66;
2022-08-15 18:00:00;0.0;0.0;0.0;28.36;53.45;2.0;
2022-08-15 19:00:00;0.0;0.0;0.0;26.95;62.9;2.14;
2022-08-15 20:00:00;0.0;0.0;0.0;26.03;67.05;2.14;
2022-08-15 21:00:00;0.0;0.0;0.0;25.27;69.25;2.07;
2022-08-15 22:00:00;0.0;0.0;0.0;24.52;73.85;1.86;
2022-08-15 23:00:00;0.0;0.0;0.0;23.91;78.9;1.38;
2022-08-16 00:00:00;0.0;0.0;0.0;23.21;81.5;1.1;
2022-08-16 01:00:00;0.0;0.0;0.0;22.77;84.25;0.97;
2022-08-16 02:00:00;0.0;0.0;0.0;22.37;87.05;0.97;
2022-08-16 03:00:00;0.0;0.0;0.0;22.0;89.95;1.1;
2022-08-16 04:00:00;0.0;0.0;0.0;21.6;89.95;1.1;
2022-08-16 05:00:00;79.0;172.32;54.0;21.82;93.0;0.76;
2022-08-16 06:00:00;259.0;494.57;99.0;23.8;81.55;0.69;
2022-08-16 07:00:00;439.0;635.26;127.0;25.99;76.6;2.07;
2022-08-16 08:00:00;600.0;710.08;148.0;27.33;67.3;1.66;
2022-08-16 09:00:00;735.0;773.52;155.0;28.62;59.2;1.17;
2022-08-16 10:00:00;808.0;771.35;173.0;29.62;55.5;0.83;
2022-08-16 11:00:00;810.0;684.43;227.0;30.62;53.8;0.83;
2022-08-16 12:00:00;799.0;706.6;210.0;31.2;50.55;0.97;
2022-08-16 13:00:00;727.0;684.62;200.0;31.47;50.55;0.83;
2022-08-16 14:00:00;614.0;657.38;177.0;31.6;48.9;0.62;
2022-08-16 15:00:00;483.0;671.49;130.0;31.54;47.25;0.69;
2022-08-16 16:00:00;293.0;486.12;117.0;29.47;55.4;1.31;
2022-08-16 17:00:00;122.0;291.92;68.0;27.83;63.1;1.93;
2022-08-16 18:00:00;0.0;0.0;0.0;27.11;67.3;1.66;
2022-08-16 19:00:00;0.0;0.0;0.0;27.04;65.0;2.0;
2022-08-16 20:00:00;0.0;0.0;0.0;26.11;67.15;1.59;
2022-08-16 21:00:00;0.0;0.0;0.0;25.02;79.05;1.17;
2022-08-16 22:00:00;0.0;0.0;0.0;24.47;81.65;1.03;
2022-08-16 23:00:00;0.0;0.0;0.0;23.82;84.35;1.1;
2022-08-17 00:00:00;0.0;0.0;0.0;22.98;90.05;1.17;
2022-08-17 01:00:00;0.0;0.0;0.0;22.71;90.05;0.97;
2022-08-17 02:00:00;0.0;0.0;0.0;22.38;93.05;0.97;
2022-08-17 03:00:00;0.0;0.0;0.0;22.29;93.05;0.9;
2022-08-17 04:00:00;0.0;0.0;0.0;22.23;93.05;0.76;
2022-08-17 05:00:00;80.0;190.3;53.0;22.32;93.05;0.69;
2022-08-17 06:00:00;229.0;330.7;123.0;23.92;87.15;0.62;
2022-08-17 07:00:00;414.0;534.49;153.0;25.52;76.5;1.59;
2022-08-17 08:00:00;466.0;291.88;281.0;26.75;67.2;1.24;
2022-08-17 09:00:00;693.0;650.52;207.0;27.69;61.0;0.62;
2022-08-17 10:00:00;704.0;477.78;312.0;28.28;59.1;0.28;
2022-08-17 11:00:00;635.0;282.72;395.0;29.09;57.3;0.07;
2022-08-17 12:00:00;576.0;209.53;402.0;29.35;57.3;0.41;
2022-08-17 13:00:00;698.0;600.21;238.0;29.03;57.3;0.62;
2022-08-17 14:00:00;572.0;520.33;228.0;28.54;61.1;0.62;
2022-08-17 15:00:00;475.0;653.56;134.0;27.18;65.1;0.69;
2022-08-17 16:00:00;192.0;100.61;156.0;26.99;67.2;1.03;
2022-08-17 17:00:00;123.0;321.34;65.0;26.39;69.4;1.03;
2022-08-17 18:00:00;0.0;0.0;0.0;25.41;74.0;1.86;
2022-08-17 19:00:00;0.0;0.0;0.0;25.98;74.1;0.76;
2022-08-17 20:00:00;0.0;0.0;0.0;24.9;79.05;0.97;
2022-08-17 21:00:00;0.0;0.0;0.0;23.94;84.35;1.1;
2022-08-17 22:00:00;0.0;0.0;0.0;22.88;84.25;1.03;
2022-08-17 23:00:00;0.0;0.0;0.0;22.04;96.15;0.55;
2022-08-18 00:00:00;0.0;0.0;0.0;21.93;93.0;0.48;
2022-08-18 01:00:00;0.0;0.0;0.0;21.38;96.15;0.76;
2022-08-18 02:00:00;0.0;0.0;0.0;20.87;96.15;0.97;
2022-08-18 03:00:00;0.0;0.0;0.0;20.6;96.15;0.83;
2022-08-18 04:00:00;0.0;0.0;0.0;20.66;96.15;0.76;
2022-08-18 05:00:00;29.0;0.0;29.0;20.77;96.15;0.83;
2022-08-18 06:00:00;34.0;0.0;34.0;21.42;93.0;1.24;
2022-08-18 07:00:00;176.0;10.3;171.0;22.48;93.05;0.83;
2022-08-18 08:00:00;494.0;372.4;259.0;22.53;93.05;1.52;
2022-08-18 09:00:00;277.0;6.72;272.0;22.04;89.95;2.55;
2022-08-18 10:00:00;760.0;638.44;238.0;21.25;89.95;1.72;
2022-08-18 11:00:00;726.0;472.86;326.0;22.23;81.4;0.14;
2022-08-18 12:00:00;820.0;785.72;170.0;24.08;76.35;0.34;
2022-08-18 13:00:00;737.0;739.22;173.0;25.7;69.3;0.83;
2022-08-18 14:00:00;627.0;725.59;150.0;26.6;62.9;0.55;
2022-08-18 15:00:00;463.0;623.87;140.0;26.82;60.8;0.41;
2022-08-18 16:00:00;293.0;523.31;108.0;26.71;60.8;0.69;
2022-08-18 17:00:00;118.0;306.95;64.0;26.31;60.7;1.24;
2022-08-18 18:00:00;0.0;0.0;0.0;25.42;66.95;1.1;
2022-08-18 19:00:00;0.0;0.0;0.0;23.9;78.9;1.72;
2022-08-18 20:00:00;0.0;0.0;0.0;23.0;84.25;1.59;
2022-08-18 21:00:00;0.0;0.0;0.0;22.2;87.05;1.38;
2022-08-18 22:00:00;0.0;0.0;0.0;21.41;93.0;1.1;
2022-08-18 23:00:00;0.0;0.0;0.0;21.97;89.95;0.55;
2022-08-19 00:00:00;0.0;0.0;0.0;21.45;93.0;0.07;
2022-08-19 01:00:00;0.0;0.0;0.0;20.13;96.1;0.9;
2022-08-19 02:00:00;0.0;0.0;0.0;19.78;99.4;0.97;
2022-08-19 03:00:00;0.0;0.0;0.0;19.87;99.4;0.76;
2022-08-19 04:00:00;0.0;0.0;0.0;19.54;96.1;0.76;
2022-08-19 05:00:00;72.0;155.06;51.0;19.69;99.4;0.55;
2022-08-19 06:00:00;251.0;483.3;99.0;21.28;93.0;0.41;
2022-08-19 07:00:00;421.0;582.27;140.0;21.64;81.35;0.76;
2022-08-19 08:00:00;586.0;686.04;155.0;23.27;76.2;0.34;
2022-08-19 09:00:00;724.0;759.24;161.0;24.93;71.5;0.21;
2022-08-19 10:00:00;797.0;749.93;186.0;26.32;62.8;0.0;
2022-08-19 11:00:00;830.0;760.49;189.0;27.32;56.95;0.21;
2022-08-19 12:00:00;786.0;684.45;222.0;28.03;53.35;0.34;
2022-08-19 13:00:00;735.0;732.1;179.0;28.47;51.65;0.34;
2022-08-19 14:00:00;608.0;662.49;175.0;28.75;48.4;0.55;
2022-08-19 15:00:00;460.0;617.16;143.0;28.98;48.4;0.62;
2022-08-19 16:00:00;288.0;515.57;108.0;28.78;46.75;0.48;
2022-08-19 17:00:00;122.0;361.98;60.0;28.02;55.15;0.76;
2022-08-19 18:00:00;0.0;0.0;0.0;26.58;62.8;1.38;
2022-08-19 19:00:00;0.0;0.0;0.0;25.46;69.25;2.55;
2022-08-19 20:00:00;0.0;0.0;0.0;24.61;73.95;2.62;
2022-08-19 21:00:00;0.0;0.0;0.0;24.02;81.55;2.41;
2022-08-19 22:00:00;0.0;0.0;0.0;23.55;84.25;2.14;
2022-08-19 23:00:00;0.0;0.0;0.0;23.13;84.25;2.0;
2022-08-20 00:00:00;0.0;0.0;0.0;22.73;87.1;1.79;
2022-08-20 01:00:00;0.0;0.0;0.0;22.31;90.0;1.66;
2022-08-20 02:00:00;0.0;0.0;0.0;22.02;93.0;1.52;
2022-08-20 03:00:00;0.0;0.0;0.0;21.77;93.0;1.45;
2022-08-20 04:00:00;0.0;0.0;0.0;21.4;96.15;1.38;
2022-08-20 05:00:00;64.0;113.48;49.0;21.39;96.15;1.31;
2022-08-20 06:00:00;255.0;520.13;93.0;23.51;87.1;1.31;
2022-08-20 07:00:00;423.0;614.98;128.0;25.32;79.1;1.93;
2022-08-20 08:00:00;582.0;690.75;150.0;26.84;69.5;1.72;
2022-08-20 09:00:00;711.0;743.21;162.0;28.09;63.1;1.45;
2022-08-20 10:00:00;762.0;667.65;220.0;29.11;55.4;1.24;
2022-08-20 11:00:00;677.0;379.86;358.0;29.73;51.9;1.24;
2022-08-20 12:00:00;736.0;564.15;273.0;30.34;50.3;1.1;
2022-08-20 13:00:00;571.0;305.6;340.0;30.79;48.75;1.1;
2022-08-20 14:00:00;564.0;534.08;217.0;31.1;48.75;1.31;
2022-08-20 15:00:00;454.0;622.22;137.0;31.01;48.75;1.79;
2022-08-20 16:00:00;282.0;510.63;106.0;30.46;52.05;2.34;
2022-08-20 17:00:00;109.0;288.18;61.0;29.31;57.3;2.69;
2022-08-20 18:00:00;0.0;0.0;0.0;27.58;63.0;2.9;
2022-08-20 19:00:00;0.0;0.0;0.0;26.11;64.95;2.76;
2022-08-20 20:00:00;0.0;0.0;0.0;25.21;66.95;2.55;
2022-08-20 21:00:00;0.0;0.0;0.0;24.53;71.4;2.28;
2022-08-20 22:00:00;0.0;0.0;0.0;23.98;71.35;2.0;
2022-08-20 23:00:00;0.0;0.0;0.0;23.42;76.2;1.79;
2022-08-21 00:00:00;0.0;0.0;0.0;22.69;78.75;1.59;
2022-08-21 01:00:00;0.0;0.0;0.0;22.05;81.4;1.45;
2022-08-21 02:00:00;0.0;0.0;0.0;21.63;84.1;1.59;
2022-08-21 03:00:00;0.0;0.0;0.0;21.35;89.95;1.72;
2022-08-21 04:00:00;0.0;0.0;0.0;21.17;89.95;1.79;
2022-08-21 05:00:00;65.0;131.86;48.0;21.13;89.95;1.59;
2022-08-21 06:00:00;243.0;470.17;98.0;23.61;81.55;1.17;
2022-08-21 07:00:00;426.0;631.34;125.0;26.04;74.1;1.38;
2022-08-21 08:00:00;587.0;708.39;146.0;27.66;63.1;1.38;
2022-08-21 09:00:00;721.0;771.95;153.0;29.06;57.3;1.52;
2022-08-21 10:00:00;795.0;770.26;172.0;30.2;52.05;1.66;
2022-08-21 11:00:00;828.0;781.71;174.0;31.09;50.45;1.59;
2022-08-21 12:00:00;811.0;785.49;169.0;31.79;45.85;1.38;
2022-08-21 13:00:00;715.0;696.6;191.0;32.34;44.45;1.17;
2022-08-21 14:00:00;599.0;665.87;169.0;32.67;41.65;1.1;
2022-08-21 15:00:00;453.0;629.43;135.0;32.7;41.65;1.03;
2022-08-21 16:00:00;280.0;517.44;104.0;32.31;42.95;1.03;
2022-08-21 17:00:00;105.0;278.16;60.0;31.24;48.9;1.52;
2022-08-21 18:00:00;0.0;0.0;0.0;29.23;57.3;2.34;
2022-08-21 19:00:00;0.0;0.0;0.0;27.1;63.0;2.97;
2022-08-21 20:00:00;0.0;0.0;0.0;26.08;69.3;2.83;
2022-08-21 21:00:00;0.0;0.0;0.0;25.4;69.25;2.41;
2022-08-21 22:00:00;0.0;0.0;0.0;24.77;71.5;2.0;
2022-08-21 23:00:00;0.0;0.0;0.0;24.1;76.35;1.66;
2022-08-22 00:00:00;0.0;0.0;0.0;23.2;81.5;1.38;
2022-08-22 01:00:00;0.0;0.0;0.0;22.58;84.25;1.31;
2022-08-22 02:00:00;0.0;0.0;0.0;22.02;93.0;1.45;
2022-08-22 03:00:00;0.0;0.0;0.0;21.74;93.0;1.59;
2022-08-22 04:00:00;0.0;0.0;0.0;21.55;93.0;1.59;
2022-08-22 05:00:00;61.0;119.39;46.0;21.58;93.0;1.45;
2022-08-22 06:00:00;238.0;458.55;98.0;24.19;87.2;1.17;
2022-08-22 07:00:00;413.0;593.07;132.0;26.37;76.65;0.9;
2022-08-22 08:00:00;577.0;685.88;152.0;28.07;67.4;0.9;
2022-08-22 09:00:00;710.0;749.11;161.0;29.49;61.25;0.76;
2022-08-22 10:00:00;787.0;755.78;178.0;30.7;53.9;0.62;
2022-08-22 11:00:00;819.0;766.72;180.0;31.71;50.7;0.48;
2022-08-22 12:00:00;784.0;717.55;200.0;32.49;47.5;0.55;
2022-08-22 13:00:00;702.0;668.0;202.0;33.15;43.2;0.9;
2022-08-22 14:00:00;588.0;638.87;178.0;33.43;40.4;1.24;
2022-08-22 15:00:00;431.0;547.02;157.0;33.56;40.4;1.45;
2022-08-22 16:00:00;273.0;503.69;104.0;33.17;40.4;1.52;
2022-08-22 17:00:00;102.0;286.78;57.0;31.9;49.0;0.76;
2022-08-22 18:00:00;0.0;0.0;0.0;29.74;63.4;0.69;
2022-08-22 19:00:00;0.0;0.0;0.0;28.08;67.4;2.41;
2022-08-22 20:00:00;0.0;0.0;0.0;27.08;74.25;2.28;
2022-08-22 21:00:00;0.0;0.0;0.0;26.34;76.65;2.0;
2022-08-22 22:00:00;0.0;0.0;0.0;25.74;79.15;2.34;
2022-08-22 23:00:00;0.0;0.0;0.0;25.56;81.75;2.76;
2022-08-23 00:00:00;0.0;0.0;0.0;25.11;84.45;3.17;
2022-08-23 01:00:00;0.0;0.0;0.0;24.92;84.4;3.59;
2022-08-23 02:00:00;0.0;0.0;0.0;24.48;84.35;3.31;
2022-08-23 03:00:00;0.0;0.0;0.0;23.99;81.55;3.45;
2022-08-23 04:00:00;0.0;0.0;0.0;23.48;81.5;2.83;
2022-08-23 05:00:00;43.0;32.69;39.0;23.21;81.5;1.86;
2022-08-23 06:00:00;171.0;142.29;128.0;23.9;81.55;1.79;
2022-08-23 07:00:00;349.0;335.58;191.0;26.07;71.65;2.9;
2022-08-23 08:00:00;561.0;642.13;165.0;27.57;63.0;3.86;
2022-08-23 09:00:00;703.0;741.2;162.0;28.67;55.4;4.14;
2022-08-23 10:00:00;742.0;631.62;235.0;29.51;55.4;4.14;
2022-08-23 11:00:00;647.0;334.88;369.0;30.09;51.9;4.14;
2022-08-23 12:00:00;776.0;710.78;200.0;30.55;52.05;4.07;
2022-08-23 13:00:00;638.0;490.12;273.0;30.0;51.9;3.93;
2022-08-23 14:00:00;454.0;257.19;290.0;28.93;57.3;3.72;
2022-08-23 15:00:00;436.0;594.17;141.0;28.64;55.4;3.45;
2022-08-23 16:00:00;202.0;178.33;143.0;27.97;59.0;2.83;
2022-08-23 17:00:00;35.0;0.0;35.0;26.34;69.4;2.0;
2022-08-23 18:00:00;0.0;0.0;0.0;25.35;74.0;2.14;
2022-08-23 19:00:00;0.0;0.0;0.0;23.66;84.35;1.03;
2022-08-23 20:00:00;0.0;0.0;0.0;22.63;93.05;1.45;
2022-08-23 21:00:00;0.0;0.0;0.0;22.31;96.15;1.86;
2022-08-23 22:00:00;0.0;0.0;0.0;22.22;93.05;2.21;
2022-08-23 23:00:00;0.0;0.0;0.0;22.07;87.05;2.07;
2022-08-24 00:00:00;0.0;0.0;0.0;22.13;81.4;2.41;
2022-08-24 01:00:00;0.0;0.0;0.0;22.26;78.7;2.62;
2022-08-24 02:00:00;0.0;0.0;0.0;22.1;78.7;2.76;
2022-08-24 03:00:00;0.0;0.0;0.0;22.37;76.1;2.69;
2022-08-24 04:00:00;0.0;0.0;0.0;22.1;73.55;2.55;
2022-08-24 05:00:00;59.0;126.01;44.0;22.01;76.0;2.34;
2022-08-24 06:00:00;233.0;458.07;96.0;22.88;73.6;2.21;
2022-08-24 07:00:00;352.0;348.43;189.0;24.34;66.75;2.48;
2022-08-24 08:00:00;585.0;726.71;139.0;25.81;60.6;3.86;
2022-08-24 09:00:00;676.0;647.98;205.0;26.68;58.8;4.62;
2022-08-24 10:00:00;591.0;270.15;375.0;26.8;58.8;4.41;
2022-08-24 11:00:00;716.0;483.78;316.0;27.52;56.95;4.41;
2022-08-24 12:00:00;552.0;195.84;394.0;27.95;55.15;4.41;
2022-08-24 13:00:00;595.0;377.94;315.0;28.09;55.15;4.28;
2022-08-24 14:00:00;386.0;131.02;303.0;27.6;53.35;3.72;
2022-08-24 15:00:00;427.0;558.92;152.0;26.76;56.85;3.03;
2022-08-24 16:00:00;108.0;6.13;106.0;26.34;56.7;2.97;
2022-08-24 17:00:00;47.0;13.61;45.0;25.9;56.6;2.83;
2022-08-24 18:00:00;0.0;0.0;0.0;24.32;62.35;2.21;
2022-08-24 19:00:00;0.0;0.0;0.0;24.61;62.45;2.07;
2022-08-24 20:00:00;0.0;0.0;0.0;23.98;64.4;2.62;
2022-08-24 21:00:00;0.0;0.0;0.0;23.57;62.25;3.1;
2022-08-24 22:00:00;0.0;0.0;0.0;23.28;62.15;3.52;
2022-08-24 23:00:00;0.0;0.0;0.0;22.86;64.2;3.38;
2022-08-25 00:00:00;0.0;0.0;0.0;22.37;64.1;3.03;
2022-08-25 01:00:00;0.0;0.0;0.0;21.85;64.0;2.97;
2022-08-25 02:00:00;0.0;0.0;0.0;21.56;64.0;2.69;
2022-08-25 03:00:00;0.0;0.0;0.0;21.11;66.15;2.41;
2022-08-25 04:00:00;0.0;0.0;0.0;20.49;70.7;2.28;
2022-08-25 05:00:00;61.0;155.56;43.0;20.11;70.7;2.14;
2022-08-25 06:00:00;240.0;503.48;91.0;21.3;70.9;1.93;
2022-08-25 07:00:00;422.0;647.63;121.0;23.1;62.15;2.28;
2022-08-25 08:00:00;585.0;727.01;141.0;24.74;54.45;2.62;
2022-08-25 09:00:00;717.0;781.96;151.0;25.94;51.05;2.34;
2022-08-25 10:00:00;791.0;779.79;170.0;26.81;47.9;2.0;
2022-08-25 11:00:00;824.0;790.59;173.0;27.53;46.4;1.72;
2022-08-25 12:00:00;801.0;784.4;171.0;28.09;44.95;1.45;
2022-08-25 13:00:00;720.0;746.34;170.0;28.52;42.05;1.03;
2022-08-25 14:00:00;603.0;721.49;149.0;28.66;40.75;0.69;
2022-08-25 15:00:00;444.0;642.07;131.0;28.69;40.75;0.14;
2022-08-25 16:00:00;266.0;516.71;100.0;28.49;42.05;0.28;
2022-08-25 17:00:00;90.0;260.69;53.0;28.01;44.95;0.48;
2022-08-25 18:00:00;0.0;0.0;0.0;26.09;60.7;0.97;
2022-08-25 19:00:00;0.0;0.0;0.0;24.09;60.25;2.14;
2022-08-25 20:00:00;0.0;0.0;0.0;23.03;68.75;2.14;
2022-08-25 21:00:00;0.0;0.0;0.0;22.27;73.55;2.0;
2022-08-25 22:00:00;0.0;0.0;0.0;21.52;78.55;1.93;
2022-08-25 23:00:00;0.0;0.0;0.0;20.75;84.05;1.66;
2022-08-26 00:00:00;0.0;0.0;0.0;20.34;86.85;1.38;
2022-08-26 01:00:00;0.0;0.0;0.0;20.48;86.85;1.1;
2022-08-26 02:00:00;0.0;0.0;0.0;21.24;81.3;0.69;
2022-08-26 03:00:00;0.0;0.0;0.0;20.76;84.05;0.41;
2022-08-26 04:00:00;0.0;0.0;0.0;20.01;89.85;0.76;
2022-08-26 05:00:00;64.0;213.57;40.0;19.44;92.9;0.76;
2022-08-26 06:00:00;241.0;522.59;88.0;21.19;86.95;0.41;
2022-08-26 07:00:00;393.0;539.3;144.0;23.93;73.75;0.41;
2022-08-26 08:00:00;553.0;628.63;171.0;25.75;62.65;0.28;
2022-08-26 09:00:00;684.0;689.59;187.0;27.14;56.95;0.28;
2022-08-26 10:00:00;767.0;717.41;198.0;28.46;51.65;0.83;
2022-08-26 11:00:00;803.0;742.69;194.0;29.57;50.05;1.52;
2022-08-26 12:00:00;759.0;670.46;223.0;30.3;45.45;2.0;
2022-08-26 13:00:00;431.0;103.69;355.0;30.78;44.05;2.48;
2022-08-26 14:00:00;535.0;496.04;225.0;30.93;44.05;2.76;
2022-08-26 15:00:00;413.0;528.09;158.0;30.78;44.05;2.76;
2022-08-26 16:00:00;253.0;470.96;104.0;30.37;47.0;2.28;
2022-08-26 17:00:00;84.0;233.9;52.0;29.63;50.2;1.1;
2022-08-26 18:00:00;0.0;0.0;0.0;28.3;55.3;0.14;
2022-08-26 19:00:00;0.0;0.0;0.0;25.64;69.3;1.24;
2022-08-26 20:00:00;0.0;0.0;0.0;24.54;73.85;2.14;
2022-08-26 21:00:00;0.0;0.0;0.0;24.04;78.9;2.28;
2022-08-26 22:00:00;0.0;0.0;0.0;23.83;81.55;2.14;
2022-08-26 23:00:00;0.0;0.0;0.0;23.39;84.25;1.59;
2022-08-27 00:00:00;0.0;0.0;0.0;23.04;87.1;1.03;
2022-08-27 01:00:00;0.0;0.0;0.0;22.87;87.1;0.9;
2022-08-27 02:00:00;0.0;0.0;0.0;22.05;90.0;1.45;
2022-08-27 03:00:00;0.0;0.0;0.0;21.82;93.0;1.86;
2022-08-27 04:00:00;0.0;0.0;0.0;21.9;96.15;2.0;
2022-08-27 05:00:00;37.0;27.52;34.0;22.06;93.05;2.0;
2022-08-27 06:00:00;197.0;290.07;113.0;23.28;87.1;2.0;
2022-08-27 07:00:00;318.0;261.66;198.0;25.27;81.75;2.83;
2022-08-27 08:00:00;464.0;348.99;253.0;26.56;74.15;3.31;
2022-08-27 09:00:00;571.0;376.27;301.0;27.58;69.6;3.45;
2022-08-27 10:00:00;592.0;289.93;363.0;28.36;63.2;3.38;
2022-08-27 11:00:00;672.0;407.85;339.0;28.84;59.2;3.24;
2022-08-27 12:00:00;462.0;96.77;385.0;29.04;59.2;2.83;
2022-08-27 13:00:00;569.0;345.74;317.0;29.46;59.2;2.34;
2022-08-27 14:00:00;564.0;626.84;175.0;29.69;55.5;2.0;
2022-08-27 15:00:00;421.0;600.18;134.0;29.62;57.3;2.34;
2022-08-27 16:00:00;242.0;436.71;106.0;29.15;55.4;2.9;
2022-08-27 17:00:00;77.0;197.53;51.0;28.33;57.15;3.03;
2022-08-27 18:00:00;0.0;0.0;0.0;27.04;62.9;2.62;
2022-08-27 19:00:00;0.0;0.0;0.0;25.66;69.3;1.86;
2022-08-27 20:00:00;0.0;0.0;0.0;24.83;73.95;1.79;
2022-08-27 21:00:00;0.0;0.0;0.0;24.04;81.55;1.59;
2022-08-27 22:00:00;0.0;0.0;0.0;23.2;84.25;1.31;
2022-08-27 23:00:00;0.0;0.0;0.0;22.51;90.0;1.45;
2022-08-28 00:00:00;0.0;0.0;0.0;22.13;90.0;1.52;
2022-08-28 01:00:00;0.0;0.0;0.0;21.82;93.0;1.59;
2022-08-28 02:00:00;0.0;0.0;0.0;21.56;93.0;1.66;
2022-08-28 03:00:00;0.0;0.0;0.0;21.47;96.15;1.72;
2022-08-28 04:00:00;0.0;0.0;0.0;21.38;96.15;1.66;
2022-08-28 05:00:00;43.0;66.25;36.0;21.4;96.15;1.66;
2022-08-28 06:00:00;206.0;352.67;105.0;23.2;87.1;1.66;
2022-08-28 07:00:00;345.0;362.24;180.0;25.38;76.5;2.55;
2022-08-28 08:00:00;534.0;590.21;179.0;26.72;71.85;2.69;
2022-08-28 09:00:00;633.0;557.13;235.0;27.65;65.2;2.69;
2022-08-28 10:00:00;536.0;198.35;380.0;28.17;61.1;2.69;
2022-08-28 11:00:00;72.0;0.0;72.0;28.94;57.3;2.55;
2022-08-28 12:00:00;512.0;157.86;387.0;29.77;51.9;2.41;
2022-08-28 13:00:00;565.0;343.57;316.0;30.17;48.65;1.86;
2022-08-28 14:00:00;559.0;624.87;174.0;29.47;51.8;2.28;
2022-08-28 15:00:00;411.0;572.4;140.0;29.53;53.55;3.03;
2022-08-28 16:00:00;249.0;499.35;96.0;28.98;53.55;3.59;
2022-08-28 17:00:00;71.0;181.99;48.0;27.96;59.0;3.72;
2022-08-28 18:00:00;0.0;0.0;0.0;26.62;67.2;3.31;
2022-08-28 19:00:00;0.0;0.0;0.0;25.61;76.6;2.83;
2022-08-28 20:00:00;0.0;0.0;0.0;24.94;81.7;2.48;
2022-08-28 21:00:00;0.0;0.0;0.0;24.1;84.35;2.34;
2022-08-28 22:00:00;0.0;0.0;0.0;23.36;93.05;2.07;
2022-08-28 23:00:00;0.0;0.0;0.0;22.76;93.05;1.72;
2022-08-29 00:00:00;0.0;0.0;0.0;22.35;93.05;1.45;
2022-08-29 01:00:00;0.0;0.0;0.0;22.01;93.0;1.31;
2022-08-29 02:00:00;0.0;0.0;0.0;22.19;87.05;0.97;
2022-08-29 03:00:00;0.0;0.0;0.0;21.92;89.95;1.03;
2022-08-29 04:00:00;0.0;0.0;0.0;21.23;89.95;1.17;
2022-08-29 05:00:00;32.0;19.55;30.0;20.79;92.95;1.31;
2022-08-29 06:00:00;126.0;49.44;112.0;22.63;84.25;1.38;
2022-08-29 07:00:00;227.0;68.53;196.0;25.18;66.95;1.93;
2022-08-29 08:00:00;541.0;633.43;162.0;26.73;60.8;1.93;
2022-08-29 09:00:00;663.0;672.16;185.0;28.35;55.3;2.14;
2022-08-29 10:00:00;282.0;5.11;278.0;29.48;53.55;2.9;
2022-08-29 11:00:00;281.0;2.47;279.0;30.06;51.9;3.38;
2022-08-29 12:00:00;201.0;0.0;201.0;31.04;47.15;3.72;
2022-08-29 13:00:00;326.0;27.76;306.0;32.0;44.3;4.07;
2022-08-29 14:00:00;553.0;619.66;174.0;32.31;38.8;4.55;
2022-08-29 15:00:00;422.0;640.16;122.0;30.09;48.5;3.45;
2022-08-29 16:00:00;181.0;172.57;129.0;29.83;50.2;1.59;
2022-08-29 17:00:00;41.0;24.78;38.0;28.65;57.3;2.48;
2022-08-29 18:00:00;0.0;0.0;0.0;26.44;71.75;3.86;
2022-08-29 19:00:00;0.0;0.0;0.0;24.02;90.1;3.52;
2022-08-29 20:00:00;0.0;0.0;0.0;23.92;90.1;3.03;
2022-08-29 21:00:00;0.0;0.0;0.0;23.66;90.1;2.14;
2022-08-29 22:00:00;0.0;0.0;0.0;23.24;93.05;2.69;
2022-08-29 23:00:00;0.0;0.0;0.0;22.48;93.05;3.1;
2022-08-30 00:00:00;0.0;0.0;0.0;21.73;93.0;3.03;
2022-08-30 01:00:00;0.0;0.0;0.0;21.39;93.0;2.14;
2022-08-30 02:00:00;0.0;0.0;0.0;21.02;92.95;1.93;
2022-08-30 03:00:00;0.0;0.0;0.0;20.57;92.95;2.21;
2022-08-30 04:00:00;0.0;0.0;0.0;20.2;92.95;2.55;
2022-08-30 05:00:00;12.0;0.0;12.0;20.17;92.95;2.76;
2022-08-30 06:00:00;180.0;235.78;114.0;20.77;89.9;3.1;
2022-08-30 07:00:00;207.0;42.3;188.0;23.39;87.1;2.48;
2022-08-30 08:00:00;162.0;0.0;162.0;26.45;71.75;3.45;
2022-08-30 09:00:00;342.0;40.97;313.0;27.62;63.1;4.69;
2022-08-30 10:00:00;291.0;6.41;286.0;26.13;64.95;5.86;
2022-08-30 11:00:00;640.0;353.76;355.0;27.35;56.95;6.62;
2022-08-30 12:00:00;772.0;767.85;170.0;28.28;42.05;6.0;
2022-08-30 13:00:00;547.0;312.73;323.0;29.0;36.7;5.24;
2022-08-30 14:00:00;391.0;169.67;288.0;29.29;35.45;4.97;
2022-08-30 15:00:00;302.0;196.22;211.0;29.14;33.05;4.9;
2022-08-30 16:00:00;239.0;486.2;95.0;28.39;32.9;4.76;
2022-08-30 17:00:00;10.0;0.0;10.0;26.97;37.5;3.79;
2022-08-30 18:00:00;0.0;0.0;0.0;25.23;42.75;3.1;
2022-08-30 19:00:00;0.0;0.0;0.0;24.22;47.25;2.34;
2022-08-30 20:00:00;0.0;0.0;0.0;23.05;50.45;2.28;
2022-08-30 21:00:00;0.0;0.0;0.0;22.25;53.85;2.41;
2022-08-30 22:00:00;0.0;0.0;0.0;21.77;55.65;2.55;
2022-08-30 23:00:00;0.0;0.0;0.0;21.14;57.55;2.62;
2022-08-31 00:00:00;0.0;0.0;0.0;20.48;63.7;2.48;
2022-08-31 01:00:00;0.0;0.0;0.0;20.05;63.7;2.28;
2022-08-31 02:00:00;0.0;0.0;0.0;19.48;70.55;1.79;
2022-08-31 03:00:00;0.0;0.0;0.0;19.1;73.05;1.17;
2022-08-31 04:00:00;0.0;0.0;0.0;20.0;68.2;0.21;
2022-08-31 05:00:00;18.0;0.0;18.0;18.53;78.25;0.83;
2022-08-31 06:00:00;64.0;0.0;64.0;19.51;78.3;1.24;
2022-08-31 07:00:00;142.0;2.24;141.0;20.25;75.75;0.9;
2022-08-31 08:00:00;221.0;8.45;216.0;21.61;71.0;1.24;
2022-08-31 09:00:00;327.0;31.23;305.0;23.02;66.45;1.79;
2022-08-31 10:00:00;197.0;0.0;197.0;24.26;58.2;1.93;
2022-08-31 11:00:00;205.0;0.0;205.0;24.73;56.35;2.21;
2022-08-31 12:00:00;135.0;0.0;135.0;24.35;60.25;2.21;
2022-08-31 13:00:00;106.0;0.0;106.0;22.53;71.05;2.0;
2022-08-31 14:00:00;112.0;0.0;112.0;21.11;81.3;1.31;
2022-08-31 15:00:00;68.0;0.0;68.0;19.91;86.85;1.17;
2022-08-31 16:00:00;161.0;116.85;127.0;17.24;95.44;2.06;
2022-08-31 17:00:00;32.0;9.06;31.0;17.53;94.02;2.13;
2022-08-31 18:00:00;0.0;0.0;0.0;17.81;92.6;2.21;
2022-08-31 19:00:00;0.0;0.0;0.0;18.1;91.18;2.28;
2022-08-31 20:00:00;0.0;0.0;0.0;18.38;89.76;2.36;
2022-08-31 21:00:00;0.0;0.0;0.0;18.66;88.35;2.43;
2022-08-31 22:00:00;0.0;0.0;0.0;18.95;86.93;2.51;
2022-08-31 23:00:00;0.0;0.0;0.0;19.23;85.51;2.58;
2022-09-01 00:00:00;0.0;0.0;0.0;19.52;84.09;2.66;
2022-09-01 01:00:00;0.0;0.0;0.0;19.8;82.67;2.73;
2022-09-01 02:00:00;0.0;0.0;0.0;20.08;81.25;2.81;
2022-09-01 03:00:00;0.0;0.0;0.0;20.37;79.84;2.88;
2022-09-01 04:00:00;0.0;0.0;0.0;20.65;78.42;2.96;
2022-09-01 05:00:00;5.0;0.0;5.0;20.94;77.0;3.03;
2022-09-01 06:00:00;19.0;0.0;19.0;21.22;75.58;3.11;
2022-09-01 07:00:00;296.0;219.74;198.0;21.5;74.16;3.19;
2022-09-01 08:00:00;447.0;326.06;254.0;22.31;68.7;4.34;
2022-09-01 09:00:00;653.0;648.65;196.0;22.93;62.05;4.41;
2022-09-01 10:00:00;538.0;210.01;375.0;23.99;54.2;5.03;
2022-09-01 11:00:00;691.0;480.11;306.0;24.85;50.8;5.45;
2022-09-01 12:00:00;653.0;433.34;315.0;25.25;49.2;5.24;
2022-09-01 13:00:00;491.0;210.69;341.0;25.33;49.2;4.97;
2022-09-01 14:00:00;538.0;587.64;184.0;25.46;49.2;4.55;
2022-09-01 15:00:00;396.0;560.13;139.0;25.24;49.2;4.14;
2022-09-01 16:00:00;110.0;17.18;105.0;24.75;49.05;3.72;
2022-09-01 17:00:00;61.0;172.23;42.0;24.08;52.5;2.9;
2022-09-01 18:00:00;0.0;0.0;0.0;23.04;56.0;2.14;
2022-09-01 19:00:00;0.0;0.0;0.0;22.54;59.95;2.41;
2022-09-01 20:00:00;0.0;0.0;0.0;21.78;64.0;2.48;
2022-09-01 21:00:00;0.0;0.0;0.0;21.32;66.15;2.48;
2022-09-01 22:00:00;0.0;0.0;0.0;20.76;66.05;2.34;
2022-09-01 23:00:00;0.0;0.0;0.0;20.31;68.3;2.21;
2022-09-02 00:00:00;0.0;0.0;0.0;19.74;70.65;2.07;
2022-09-02 01:00:00;0.0;0.0;0.0;19.18;73.05;1.86;
2022-09-02 02:00:00;0.0;0.0;0.0;18.31;78.15;1.86;
2022-09-02 03:00:00;0.0;0.0;0.0;17.8;80.85;2.07;
2022-09-02 04:00:00;0.0;0.0;0.0;17.56;80.85;2.07;
2022-09-02 05:00:00;28.0;21.72;26.0;17.28;80.85;2.0;
2022-09-02 06:00:00;133.0;76.82;112.0;18.82;81.0;1.59;
2022-09-02 07:00:00;389.0;605.31;121.0;21.85;61.85;3.1;
2022-09-02 08:00:00;532.0;614.95;170.0;23.0;52.25;3.45;
2022-09-02 09:00:00;675.0;730.21;163.0;23.81;48.8;2.9;
2022-09-02 10:00:00;778.0;819.3;145.0;24.66;45.75;2.48;
2022-09-02 11:00:00;783.0;754.29;181.0;25.39;44.3;1.79;
2022-09-02 12:00:00;750.0;717.86;193.0;26.12;41.55;1.31;
2022-09-02 13:00:00;681.0;722.19;170.0;26.36;40.1;1.31;
2022-09-02 14:00:00;560.0;687.63;149.0;26.44;40.1;1.38;
2022-09-02 15:00:00;402.0;608.17;126.0;26.44;40.1;1.79;
2022-09-02 16:00:00;224.0;451.49;95.0;26.01;41.4;2.41;
2022-09-02 17:00:00;61.0;219.35;38.0;25.08;42.75;2.48;
2022-09-02 18:00:00;0.0;0.0;0.0;23.43;50.45;2.69;
2022-09-02 19:00:00;0.0;0.0;0.0;22.8;55.9;2.83;
2022-09-02 20:00:00;0.0;0.0;0.0;21.78;61.85;2.62;
2022-09-02 21:00:00;0.0;0.0;0.0;21.12;66.15;2.41;
2022-09-02 22:00:00;0.0;0.0;0.0;20.73;68.4;2.14;
2022-09-02 23:00:00;0.0;0.0;0.0;20.42;70.7;1.66;
2022-09-03 00:00:00;0.0;0.0;0.0;19.84;75.7;1.59;
2022-09-03 01:00:00;0.0;0.0;0.0;19.37;78.3;1.72;
2022-09-03 02:00:00;0.0;0.0;0.0;19.24;78.3;1.79;
2022-09-03 03:00:00;0.0;0.0;0.0;19.01;78.3;1.93;
2022-09-03 04:00:00;0.0;0.0;0.0;19.12;78.3;2.0;
2022-09-03 05:00:00;19.0;0.0;19.0;19.24;81.05;2.0;
2022-09-03 06:00:00;126.0;62.95;109.0;20.22;78.45;2.0;
2022-09-03 07:00:00;326.0;336.75;178.0;22.42;71.05;2.21;
2022-09-03 08:00:00;358.0;140.08;276.0;24.04;60.25;2.48;
2022-09-03 09:00:00;546.0;351.12;301.0;25.24;54.55;2.69;
2022-09-03 10:00:00;565.0;265.28;361.0;26.01;52.85;2.62;
2022-09-03 11:00:00;471.0;104.5;388.0;26.19;51.2;2.28;
2022-09-03 12:00:00;278.0;3.89;275.0;26.63;47.9;2.55;
2022-09-03 13:00:00;524.0;287.29;322.0;26.52;47.75;2.9;
2022-09-03 14:00:00;378.0;161.91;282.0;26.02;49.3;3.24;
2022-09-03 15:00:00;124.0;0.0;124.0;25.7;49.3;3.38;
2022-09-03 16:00:00;135.0;67.76;116.0;25.32;50.95;3.31;
2022-09-03 17:00:00;56.0;201.31;36.0;24.74;52.6;2.41;
2022-09-03 18:00:00;0.0;0.0;0.0;23.4;60.05;1.86;
2022-09-03 19:00:00;0.0;0.0;0.0;22.36;78.7;2.21;
2022-09-03 20:00:00;0.0;0.0;0.0;21.2;86.95;1.72;
2022-09-03 21:00:00;0.0;0.0;0.0;20.61;89.9;0.55;
2022-09-03 22:00:00;0.0;0.0;0.0;20.27;96.1;0.76;
2022-09-03 23:00:00;0.0;0.0;0.0;19.79;99.4;1.24;
2022-09-04 00:00:00;0.0;0.0;0.0;19.45;99.4;1.72;
2022-09-04 01:00:00;0.0;0.0;0.0;19.18;96.1;1.79;
2022-09-04 02:00:00;0.0;0.0;0.0;18.86;99.4;1.66;
2022-09-04 03:00:00;0.0;0.0;0.0;18.8;99.4;1.45;
2022-09-04 04:00:00;0.0;0.0;0.0;18.58;99.4;1.31;
2022-09-04 05:00:00;32.0;58.68;27.0;18.49;99.4;0.9;
2022-09-04 06:00:00;196.0;382.39;94.0;19.71;96.1;0.76;
2022-09-04 07:00:00;377.0;577.71;125.0;22.1;84.15;1.66;
2022-09-04 08:00:00;539.0;675.21;146.0;23.52;76.3;2.0;
2022-09-04 09:00:00;652.0;672.61;185.0;24.81;66.85;2.34;
2022-09-04 10:00:00;736.0;713.39;190.0;25.66;60.6;2.07;
2022-09-04 11:00:00;699.0;525.08;284.0;26.6;56.85;1.45;
2022-09-04 12:00:00;709.0;613.61;238.0;27.35;55.05;0.83;
2022-09-04 13:00:00;591.0;459.49;270.0;27.82;53.35;0.76;
2022-09-04 14:00:00;494.0;467.59;219.0;28.06;55.15;0.48;
2022-09-04 15:00:00;389.0;590.56;127.0;28.07;55.15;0.55;
2022-09-04 16:00:00;214.0;439.93;93.0;27.41;55.05;0.83;
2022-09-04 17:00:00;48.0;138.6;35.0;26.39;60.7;1.38;
2022-09-04 18:00:00;0.0;0.0;0.0;25.26;66.95;1.72;
2022-09-04 19:00:00;0.0;0.0;0.0;24.36;69.05;2.28;
2022-09-04 20:00:00;0.0;0.0;0.0;23.43;76.2;2.14;
2022-09-04 21:00:00;0.0;0.0;0.0;22.62;81.45;1.79;
2022-09-04 22:00:00;0.0;0.0;0.0;21.75;87.0;1.52;
2022-09-04 23:00:00;0.0;0.0;0.0;20.87;92.95;1.31;
2022-09-05 00:00:00;0.0;0.0;0.0;20.07;96.1;1.45;
2022-09-05 01:00:00;0.0;0.0;0.0;19.63;96.1;1.59;
2022-09-05 02:00:00;0.0;0.0;0.0;19.37;99.4;1.72;
2022-09-05 03:00:00;0.0;0.0;0.0;19.11;96.1;1.66;
2022-09-05 04:00:00;0.0;0.0;0.0;18.77;99.4;1.52;
2022-09-05 05:00:00;32.0;61.16;27.0;18.72;99.4;1.38;
2022-09-05 06:00:00;198.0;410.03;90.0;20.51;92.95;0.76;
2022-09-05 07:00:00;375.0;577.51;125.0;23.54;84.35;1.38;
2022-09-05 08:00:00;539.0;687.78;141.0;24.92;76.45;1.38;
2022-09-05 09:00:00;660.0;712.21;168.0;26.14;64.95;0.97;
2022-09-05 10:00:00;737.0;727.36;183.0;27.16;56.95;0.76;
2022-09-05 11:00:00;750.0;684.14;212.0;27.85;53.35;0.97;
2022-09-05 12:00:00;713.0;638.0;226.0;28.56;49.95;1.1;
2022-09-05 13:00:00;674.0;744.92;157.0;28.97;49.95;1.17;
2022-09-05 14:00:00;548.0;694.4;143.0;29.16;46.75;1.45;
2022-09-05 15:00:00;387.0;599.8;124.0;29.14;46.75;1.72;
2022-09-05 16:00:00;209.0;437.64;91.0;28.76;48.25;1.79;
2022-09-05 17:00:00;39.0;79.37;32.0;27.7;51.55;1.45;
2022-09-05 18:00:00;0.0;0.0;0.0;26.29;58.7;1.93;
2022-09-05 19:00:00;0.0;0.0;0.0;25.4;62.55;1.52;
2022-09-05 20:00:00;0.0;0.0;0.0;24.19;69.05;2.0;
2022-09-05 21:00:00;0.0;0.0;0.0;23.36;76.2;1.86;
2022-09-05 22:00:00;0.0;0.0;0.0;22.63;78.75;1.86;
2022-09-05 23:00:00;0.0;0.0;0.0;21.98;87.0;1.79;
2022-09-06 00:00:00;0.0;0.0;0.0;21.23;89.95;1.38;
2022-09-06 01:00:00;0.0;0.0;0.0;21.63;87.0;0.83;
2022-09-06 02:00:00;0.0;0.0;0.0;20.59;92.95;1.1;
2022-09-06 03:00:00;0.0;0.0;0.0;19.94;99.4;1.31;
2022-09-06 04:00:00;0.0;0.0;0.0;19.72;99.4;1.45;
2022-09-06 05:00:00;29.0;51.1;25.0;19.68;99.4;1.52;
2022-09-06 06:00:00;186.0;353.8;94.0;21.45;96.15;1.24;
2022-09-06 07:00:00;0.0;0.0;0.0;23.58;78.9;1.1;
2022-09-06 08:00:00;528.0;664.04;146.0;25.4;66.95;1.38;
2022-09-06 09:00:00;647.0;689.69;173.0;26.85;58.8;0.83;
2022-09-06 10:00:00;727.0;717.76;183.0;28.14;55.15;0.34;
2022-09-06 11:00:00;716.0;599.45;247.0;29.15;50.05;0.14;
2022-09-06 12:00:00;695.0;604.73;236.0;29.77;48.5;0.48;
2022-09-06 13:00:00;663.0;733.97;157.0;30.29;47.0;0.76;
2022-09-06 14:00:00;535.0;670.94;147.0;30.46;45.45;0.97;
2022-09-06 15:00:00;373.0;565.49;128.0;30.46;43.95;1.03;
2022-09-06 16:00:00;200.0;412.61;91.0;29.21;46.75;0.41;
2022-09-06 17:00:00;39.0;109.01;30.0;28.54;51.55;0.76;
2022-09-06 18:00:00;0.0;0.0;0.0;26.98;58.8;1.45;
2022-09-06 19:00:00;0.0;0.0;0.0;25.98;64.8;3.03;
2022-09-06 20:00:00;0.0;0.0;0.0;25.13;64.7;2.69;
2022-09-06 21:00:00;0.0;0.0;0.0;24.78;66.85;2.14;
2022-09-06 22:00:00;0.0;0.0;0.0;23.83;73.75;1.38;
2022-09-06 23:00:00;0.0;0.0;0.0;22.95;78.75;2.55;
2022-09-07 00:00:00;0.0;0.0;0.0;22.36;84.15;3.72;
2022-09-07 01:00:00;0.0;0.0;0.0;21.72;87.0;3.79;
2022-09-07 02:00:00;0.0;0.0;0.0;21.41;89.95;2.41;
2022-09-07 03:00:00;0.0;0.0;0.0;21.04;89.95;1.79;
2022-09-07 04:00:00;0.0;0.0;0.0;20.72;92.95;1.93;
2022-09-07 05:00:00;25.0;40.11;22.0;20.58;92.95;1.72;
2022-09-07 06:00:00;193.0;428.6;83.0;21.62;87.0;1.45;
2022-09-07 07:00:00;330.0;403.59;158.0;24.72;81.7;1.45;
2022-09-07 08:00:00;509.0;605.08;163.0;25.48;76.5;1.86;
2022-09-07 09:00:00;546.0;387.61;281.0;26.5;71.75;2.21;
2022-09-07 10:00:00;629.0;442.91;295.0;27.7;65.2;2.0;
2022-09-07 11:00:00;622.0;371.32;333.0;28.35;63.1;1.59;
2022-09-07 12:00:00;561.0;283.58;347.0;28.82;61.1;1.38;
2022-09-07 13:00:00;587.0;498.01;246.0;28.89;61.1;1.52;
2022-09-07 14:00:00;82.0;0.0;82.0;28.54;63.1;1.31;
2022-09-07 15:00:00;369.0;574.79;123.0;27.64;61.0;1.93;
2022-09-07 16:00:00;194.0;405.94;89.0;27.1;63.0;2.28;
2022-09-07 17:00:00;39.0;143.07;28.0;26.46;69.4;2.48;
2022-09-07 18:00:00;0.0;0.0;0.0;25.25;76.5;2.62;
2022-09-07 19:00:00;0.0;0.0;0.0;23.55;81.55;2.76;
2022-09-07 20:00:00;0.0;0.0;0.0;23.04;81.5;2.76;
2022-09-07 21:00:00;0.0;0.0;0.0;22.64;84.25;2.83;
2022-09-07 22:00:00;0.0;0.0;0.0;22.35;90.0;2.97;
2022-09-07 23:00:00;0.0;0.0;0.0;22.12;90.0;3.31;
2022-09-08 00:00:00;0.0;0.0;0.0;22.03;90.0;3.52;
2022-09-08 01:00:00;0.0;0.0;0.0;21.91;93.0;3.31;
2022-09-08 02:00:00;0.0;0.0;0.0;21.76;89.95;2.83;
2022-09-08 03:00:00;0.0;0.0;0.0;21.55;89.95;2.69;
2022-09-08 04:00:00;0.0;0.0;0.0;21.63;93.0;2.55;
2022-09-08 05:00:00;5.0;0.0;5.0;21.58;93.0;2.21;
2022-09-08 06:00:00;49.0;0.0;49.0;21.0;89.95;3.03;
2022-09-08 07:00:00;174.0;23.65;164.0;22.86;93.05;2.07;
2022-09-08 08:00:00;89.0;0.0;89.0;22.94;90.05;3.03;
2022-09-08 09:00:00;518.0;320.56;300.0;24.09;78.95;2.9;
2022-09-08 10:00:00;653.0;507.83;272.0;25.58;74.1;1.72;
2022-09-08 11:00:00;738.0;694.92;200.0;26.52;69.4;0.34;
2022-09-08 12:00:00;665.0;542.51;258.0;27.48;65.1;0.76;
2022-09-08 13:00:00;603.0;555.9;225.0;28.09;63.1;1.03;
2022-09-08 14:00:00;347.0;137.26;269.0;28.41;59.0;1.1;
2022-09-08 15:00:00;33.0;0.0;33.0;28.16;59.0;1.1;
2022-09-08 16:00:00;52.0;0.0;52.0;26.95;60.8;1.17;
2022-09-08 17:00:00;3.0;0.0;3.0;25.99;67.05;1.31;
2022-09-08 18:00:00;0.0;0.0;0.0;24.72;73.95;1.59;
2022-09-08 19:00:00;0.0;0.0;0.0;24.66;73.95;2.21;
2022-09-08 20:00:00;0.0;0.0;0.0;23.6;78.9;1.59;
2022-09-08 21:00:00;0.0;0.0;0.0;21.93;89.95;2.62;
2022-09-08 22:00:00;0.0;0.0;0.0;21.63;89.95;2.69;
2022-09-08 23:00:00;0.0;0.0;0.0;21.57;89.95;2.0;
2022-09-09 00:00:00;0.0;0.0;0.0;21.08;93.0;2.14;
2022-09-09 01:00:00;0.0;0.0;0.0;20.7;92.95;2.55;
2022-09-09 02:00:00;0.0;0.0;0.0;20.36;92.95;2.76;
2022-09-09 03:00:00;0.0;0.0;0.0;20.0;89.85;2.76;
2022-09-09 04:00:00;0.0;0.0;0.0;19.88;92.9;2.55;
2022-09-09 05:00:00;25.0;58.99;21.0;19.77;92.9;1.93;
2022-09-09 06:00:00;178.0;348.25;91.0;20.24;92.95;2.07;
2022-09-09 07:00:00;371.0;615.24;113.0;21.56;81.35;2.55;
2022-09-09 08:00:00;537.0;718.79;131.0;22.85;76.15;3.38;
2022-09-09 09:00:00;628.0;637.22;197.0;23.67;68.95;3.38;
2022-09-09 10:00:00;738.0;771.75;162.0;24.23;66.75;3.24;
2022-09-09 11:00:00;729.0;658.43;222.0;24.72;64.6;3.03;
2022-09-09 12:00:00;612.0;395.58;317.0;25.07;62.55;2.48;
2022-09-09 13:00:00;660.0;756.83;149.0;25.59;60.6;2.21;
2022-09-09 14:00:00;538.0;722.72;131.0;25.87;60.6;2.21;
2022-09-09 15:00:00;371.0;615.89;114.0;25.26;62.55;1.93;
2022-09-09 16:00:00;187.0;404.01;87.0;24.65;64.6;2.0;
2022-09-09 17:00:00;29.0;91.71;23.0;23.96;68.95;1.59;
2022-09-09 18:00:00;0.0;0.0;0.0;23.07;71.25;1.45;
2022-09-09 19:00:00;0.0;0.0;0.0;22.77;76.15;1.79;
2022-09-09 20:00:00;0.0;0.0;0.0;21.68;81.35;1.72;
2022-09-09 21:00:00;0.0;0.0;0.0;20.97;86.9;1.79;
2022-09-09 22:00:00;0.0;0.0;0.0;20.57;84.05;2.34;
2022-09-09 23:00:00;0.0;0.0;0.0;20.41;86.85;3.1;
2022-09-10 00:00:00;0.0;0.0;0.0;20.05;86.85;3.38;
2022-09-10 01:00:00;0.0;0.0;0.0;19.83;89.85;2.97;
2022-09-10 02:00:00;0.0;0.0;0.0;19.32;89.8;2.48;
2022-09-10 03:00:00;0.0;0.0;0.0;19.02;89.8;2.14;
2022-09-10 04:00:00;0.0;0.0;0.0;18.71;92.85;1.93;
2022-09-10 05:00:00;15.0;0.0;15.0;18.39;96.05;2.07;
2022-09-10 06:00:00;166.0;276.0;98.0;19.15;92.9;2.0;
2022-09-10 07:00:00;372.0;629.97;110.0;20.32;86.85;1.45;
2022-09-10 08:00:00;542.0;742.93;125.0;22.11;71.05;1.52;
2022-09-10 09:00:00;670.0;790.89;138.0;23.85;60.15;1.79;
2022-09-10 10:00:00;749.0;810.87;147.0;24.82;54.45;1.66;
2022-09-10 11:00:00;778.0;821.37;149.0;25.79;51.05;1.52;
2022-09-10 12:00:00;741.0;790.6;155.0;26.53;49.45;1.24;
2022-09-10 13:00:00;673.0;804.07;134.0;26.74;47.9;1.17;
2022-09-10 14:00:00;542.0;747.31;125.0;26.67;46.25;1.45;
2022-09-10 15:00:00;368.0;619.13;113.0;25.23;52.75;1.66;
2022-09-10 16:00:00;188.0;438.22;82.0;24.28;58.2;2.28;
2022-09-10 17:00:00;26.0;100.59;20.0;23.28;62.15;1.72;
2022-09-10 18:00:00;0.0;0.0;0.0;22.53;66.45;1.38;
2022-09-10 19:00:00;0.0;0.0;0.0;22.67;66.45;2.07;
2022-09-10 20:00:00;0.0;0.0;0.0;21.85;71.0;2.28;
2022-09-10 21:00:00;0.0;0.0;0.0;21.19;75.95;2.48;
2022-09-10 22:00:00;0.0;0.0;0.0;20.49;81.2;2.55;
2022-09-10 23:00:00;0.0;0.0;0.0;19.6;86.85;2.41;
2022-09-11 00:00:00;0.0;0.0;0.0;19.02;89.8;2.07;
2022-09-11 01:00:00;0.0;0.0;0.0;18.48;89.75;1.52;
2022-09-11 02:00:00;0.0;0.0;0.0;18.24;92.85;1.52;
2022-09-11 03:00:00;0.0;0.0;0.0;18.01;86.7;2.07;
2022-09-11 04:00:00;0.0;0.0;0.0;17.82;83.7;2.28;
2022-09-11 05:00:00;6.0;0.0;6.0;17.9;80.85;2.21;
2022-09-11 06:00:00;161.0;263.47;97.0;18.46;78.25;1.72;
2022-09-11 07:00:00;365.0;611.05;113.0;21.15;70.9;1.86;
2022-09-11 08:00:00;535.0;731.57;127.0;22.8;62.05;1.79;
2022-09-11 09:00:00;666.0;789.36;138.0;24.2;54.35;1.66;
2022-09-11 10:00:00;745.0;809.84;147.0;25.22;49.2;1.59;
2022-09-11 11:00:00;769.0;808.91;153.0;25.82;46.0;1.31;
2022-09-11 12:00:00;732.0;776.52;160.0;26.18;44.55;0.9;
2022-09-11 13:00:00;664.0;791.96;137.0;26.6;41.65;0.9;
2022-09-11 14:00:00;527.0;714.54;132.0;26.68;40.25;0.83;
2022-09-11 15:00:00;362.0;615.14;112.0;26.58;40.25;0.9;
2022-09-11 16:00:00;184.0;452.97;77.0;26.31;41.55;0.83;
2022-09-11 17:00:00;22.0;74.29;18.0;25.53;44.45;0.55;
2022-09-11 18:00:00;0.0;0.0;0.0;23.77;58.1;0.76;
2022-09-11 19:00:00;0.0;0.0;0.0;21.68;61.85;2.07;
2022-09-11 20:00:00;0.0;0.0;0.0;20.61;66.05;2.28;
2022-09-11 21:00:00;0.0;0.0;0.0;19.76;73.15;2.14;
2022-09-11 22:00:00;0.0;0.0;0.0;18.91;78.25;1.93;
2022-09-11 23:00:00;0.0;0.0;0.0;18.73;78.25;1.38;
2022-09-12 00:00:00;0.0;0.0;0.0;19.65;73.15;0.9;
2022-09-12 01:00:00;0.0;0.0;0.0;18.67;78.25;0.97;
2022-09-12 02:00:00;0.0;0.0;0.0;17.2;83.7;1.17;
2022-09-12 03:00:00;0.0;0.0;0.0;16.52;86.6;1.24;
2022-09-12 04:00:00;0.0;0.0;0.0;15.98;89.65;1.38;
2022-09-12 05:00:00;19.0;34.95;17.0;15.71;92.75;1.52;
2022-09-12 06:00:00;185.0;446.91;78.0;17.56;89.7;1.03;
2022-09-12 07:00:00;363.0;613.85;112.0;21.71;76.0;1.17;
2022-09-12 08:00:00;528.0;716.5;131.0;23.66;62.25;1.31;
2022-09-12 09:00:00;654.0;762.3;147.0;25.01;56.35;1.52;
2022-09-12 10:00:00;705.0;682.22;204.0;25.8;49.3;1.31;
2022-09-12 11:00:00;734.0;701.28;203.0;26.67;44.7;0.76;
2022-09-12 12:00:00;714.0;721.33;186.0;27.14;41.8;0.21;
2022-09-12 13:00:00;648.0;750.96;152.0;27.67;39.1;0.21;
2022-09-12 14:00:00;516.0;683.03;142.0;27.78;37.75;0.48;
2022-09-12 15:00:00;357.0;606.12;114.0;27.52;38.95;0.97;
2022-09-12 16:00:00;177.0;425.12;79.0;27.03;41.65;1.66;
2022-09-12 17:00:00;18.0;41.66;16.0;25.65;47.65;2.14;
2022-09-12 18:00:00;0.0;0.0;0.0;23.69;56.15;2.48;
2022-09-12 19:00:00;0.0;0.0;0.0;22.74;66.45;2.69;
2022-09-12 20:00:00;0.0;0.0;0.0;21.9;76.0;2.34;
2022-09-12 21:00:00;0.0;0.0;0.0;21.09;78.55;2.0;
2022-09-12 22:00:00;0.0;0.0;0.0;20.07;86.85;1.59;
2022-09-12 23:00:00;0.0;0.0;0.0;19.24;92.9;1.45;
2022-09-13 00:00:00;0.0;0.0;0.0;18.53;92.85;1.52;
2022-09-13 01:00:00;0.0;0.0;0.0;18.04;92.85;1.72;
2022-09-13 02:00:00;0.0;0.0;0.0;17.75;96.05;1.72;
2022-09-13 03:00:00;0.0;0.0;0.0;17.45;96.05;1.66;
2022-09-13 04:00:00;0.0;0.0;0.0;17.23;96.05;1.45;
2022-09-13 05:00:00;16.0;18.63;15.0;17.03;92.85;1.38;
2022-09-13 06:00:00;171.0;373.01;83.0;18.42;96.05;0.9;
2022-09-13 07:00:00;348.0;562.48;120.0;21.82;81.35;0.83;
2022-09-13 08:00:00;511.0;677.66;138.0;23.9;66.65;0.83;
2022-09-13 09:00:00;638.0;733.46;153.0;25.62;54.7;0.55;
2022-09-13 10:00:00;710.0;735.34;173.0;26.98;47.9;0.9;
2022-09-13 11:00:00;733.0;729.27;184.0;28.05;44.95;1.38;
2022-09-13 12:00:00;704.0;720.48;180.0;28.81;42.05;1.1;
2022-09-13 13:00:00;630.0;720.07;158.0;29.31;40.75;1.03;
2022-09-13 14:00:00;494.0;628.83;153.0;29.54;40.75;1.03;
2022-09-13 15:00:00;339.0;553.91;120.0;29.47;40.75;0.69;
2022-09-13 16:00:00;154.0;293.61;88.0;28.99;42.05;0.34;
2022-09-13 17:00:00;18.0;94.89;14.0;27.93;46.5;1.1;
2022-09-13 18:00:00;0.0;0.0;0.0;25.78;54.7;2.14;
2022-09-13 19:00:00;0.0;0.0;0.0;24.39;62.35;2.48;
2022-09-13 20:00:00;0.0;0.0;0.0;23.5;66.65;2.41;
2022-09-13 21:00:00;0.0;0.0;0.0;22.85;73.6;2.14;
2022-09-13 22:00:00;0.0;0.0;0.0;22.17;76.1;1.79;
2022-09-13 23:00:00;0.0;0.0;0.0;21.46;84.05;1.1;
2022-09-14 00:00:00;0.0;0.0;0.0;21.9;78.65;0.48;
2022-09-14 01:00:00;0.0;0.0;0.0;21.41;81.3;0.14;
2022-09-14 02:00:00;0.0;0.0;0.0;19.8;89.85;1.03;
2022-09-14 03:00:00;0.0;0.0;0.0;19.41;92.9;1.1;
2022-09-14 04:00:00;0.0;0.0;0.0;19.3;92.9;1.03;
2022-09-14 05:00:00;13.0;19.96;12.0;19.37;92.9;0.83;
2022-09-14 06:00:00;101.0;51.64;89.0;20.01;92.95;0.62;
2022-09-14 07:00:00;314.0;420.63;145.0;21.77;78.65;1.59;
2022-09-14 08:00:00;398.0;290.82;239.0;23.59;66.65;2.76;
2022-09-14 09:00:00;249.0;9.13;243.0;24.55;60.35;2.9;
2022-09-14 10:00:00;516.0;236.87;344.0;26.0;56.6;2.69;
2022-09-14 11:00:00;477.0;148.32;366.0;27.24;53.2;1.93;
2022-09-14 12:00:00;324.0;24.91;306.0;28.66;51.65;2.34;
2022-09-14 13:00:00;470.0;261.36;300.0;29.64;48.5;3.1;
2022-09-14 14:00:00;465.0;543.82;173.0;28.7;55.3;3.93;
2022-09-14 15:00:00;260.0;228.32;171.0;26.64;65.0;2.34;
2022-09-14 16:00:00;25.0;0.0;25.0;25.92;69.3;1.38;
2022-09-14 17:00:00;9.0;0.0;9.0;25.43;74.0;2.21;
2022-09-14 18:00:00;0.0;0.0;0.0;24.8;73.95;2.62;
2022-09-14 19:00:00;0.0;0.0;0.0;24.97;69.15;2.21;
2022-09-14 20:00:00;0.0;0.0;0.0;24.49;69.05;2.76;
2022-09-14 21:00:00;0.0;0.0;0.0;24.29;69.05;3.03;
2022-09-14 22:00:00;0.0;0.0;0.0;23.84;71.35;2.9;
2022-09-14 23:00:00;0.0;0.0;0.0;23.31;73.7;2.83;
2022-09-15 00:00:00;0.0;0.0;0.0;22.88;76.15;2.41;
2022-09-15 01:00:00;0.0;0.0;0.0;22.53;76.15;2.28;
2022-09-15 02:00:00;0.0;0.0;0.0;22.35;78.7;2.21;
2022-09-15 03:00:00;0.0;0.0;0.0;22.2;81.4;1.93;
2022-09-15 04:00:00;0.0;0.0;0.0;22.12;81.4;2.14;
2022-09-15 05:00:00;10.0;0.0;10.0;22.12;81.4;2.41;
2022-09-15 06:00:00;100.0;52.44;88.0;22.75;78.75;2.14;
2022-09-15 07:00:00;151.0;15.07;145.0;24.71;66.85;3.24;
2022-09-15 08:00:00;102.0;0.0;102.0;25.82;62.65;3.03;
2022-09-15 09:00:00;591.0;596.85;201.0;27.38;56.95;3.45;
2022-09-15 10:00:00;434.0;114.97;351.0;28.65;51.65;3.66;
2022-09-15 11:00:00;314.0;16.13;302.0;29.34;50.05;3.93;
2022-09-15 12:00:00;77.0;0.0;77.0;29.53;50.05;4.14;
2022-09-15 13:00:00;60.0;0.0;60.0;26.94;60.8;4.28;
2022-09-15 14:00:00;118.0;0.0;118.0;26.93;58.8;3.03;
2022-09-15 15:00:00;101.0;0.0;101.0;27.91;53.35;3.31;
2022-09-15 16:00:00;95.0;56.27;83.0;28.15;49.8;3.59;
2022-09-15 17:00:00;7.0;0.0;7.0;27.25;51.45;2.97;
2022-09-15 18:00:00;0.0;0.0;0.0;25.89;56.6;2.62;
2022-09-15 19:00:00;0.0;0.0;0.0;24.23;69.05;2.34;
2022-09-15 20:00:00;0.0;0.0;0.0;23.54;71.35;2.34;
2022-09-15 21:00:00;0.0;0.0;0.0;22.87;73.6;2.28;
2022-09-15 22:00:00;0.0;0.0;0.0;22.15;76.1;2.07;
2022-09-15 23:00:00;0.0;0.0;0.0;21.51;78.65;2.0;
2022-09-16 00:00:00;0.0;0.0;0.0;21.74;78.65;0.83;
2022-09-16 01:00:00;0.0;0.0;0.0;20.88;84.05;0.9;
2022-09-16 02:00:00;0.0;0.0;0.0;20.35;89.85;1.86;
2022-09-16 03:00:00;0.0;0.0;0.0;20.34;89.85;2.41;
2022-09-16 04:00:00;0.0;0.0;0.0;20.29;89.85;2.48;
2022-09-16 05:00:00;9.0;0.0;9.0;19.9;92.9;2.48;
2022-09-16 06:00:00;112.0;93.22;91.0;20.4;89.85;3.17;
2022-09-16 07:00:00;306.0;405.54;146.0;21.52;76.0;2.62;
2022-09-16 08:00:00;491.0;649.08;141.0;22.6;68.75;2.62;
2022-09-16 09:00:00;619.0;717.52;153.0;24.17;62.35;2.48;
2022-09-16 10:00:00;686.0;706.4;179.0;25.44;56.5;2.28;
2022-09-16 11:00:00;707.0;701.94;188.0;26.66;51.3;1.72;
2022-09-16 12:00:00;671.0;666.25;196.0;27.24;49.7;1.1;
2022-09-16 13:00:00;497.0;340.51;279.0;27.77;48.15;0.97;
2022-09-16 14:00:00;370.0;248.97;239.0;27.62;48.15;1.03;
2022-09-16 15:00:00;281.0;338.13;153.0;27.03;51.3;1.38;
2022-09-16 16:00:00;117.0;144.63;87.0;25.43;60.45;2.55;
2022-09-16 17:00:00;5.0;0.0;5.0;23.66;73.75;2.76;
2022-09-16 18:00:00;0.0;0.0;0.0;22.34;84.15;2.0;
2022-09-16 19:00:00;0.0;0.0;0.0;20.98;89.9;3.93;
2022-09-16 20:00:00;0.0;0.0;0.0;20.21;89.85;4.21;
2022-09-16 21:00:00;0.0;0.0;0.0;20.06;86.85;4.34;
2022-09-16 22:00:00;0.0;0.0;0.0;19.84;86.85;4.41;
2022-09-16 23:00:00;0.0;0.0;0.0;19.28;86.8;4.41;
2022-09-17 00:00:00;0.0;0.0;0.0;18.72;89.75;4.69;
2022-09-17 01:00:00;0.0;0.0;0.0;18.44;86.7;4.97;
2022-09-17 02:00:00;0.0;0.0;0.0;18.17;83.75;5.24;
2022-09-17 03:00:00;0.0;0.0;0.0;17.47;83.7;5.45;
2022-09-17 04:00:00;0.0;0.0;0.0;17.14;78.1;5.79;
2022-09-17 05:00:00;1.0;0.0;1.0;16.86;78.0;6.69;
2022-09-17 06:00:00;15.0;0.0;15.0;16.43;77.95;7.38;
2022-09-17 07:00:00;38.0;0.0;38.0;14.61;86.45;8.83;
2022-09-17 08:00:00;56.0;0.0;56.0;14.41;83.45;8.34;
2022-09-17 09:00:00;57.0;0.0;57.0;14.31;83.4;6.21;
2022-09-17 10:00:00;113.0;0.0;113.0;14.99;80.6;3.45;
2022-09-17 11:00:00;156.0;0.0;156.0;15.13;80.6;1.38;
2022-09-17 12:00:00;317.0;22.6;301.0;16.21;70.1;0.69;
2022-09-17 13:00:00;627.0;763.72;142.0;17.43;60.95;1.17;
2022-09-17 14:00:00;476.0;620.29;153.0;18.17;54.85;1.52;
2022-09-17 15:00:00;327.0;587.32;108.0;18.35;54.85;2.07;
2022-09-17 16:00:00;151.0;401.79;70.0;18.36;52.9;2.9;
2022-09-17 17:00:00;0.0;0.0;0.0;17.6;56.75;2.9;
2022-09-17 18:00:00;0.0;0.0;0.0;16.5;58.7;2.83;
2022-09-17 19:00:00;0.0;0.0;0.0;15.54;62.85;2.62;
2022-09-17 20:00:00;0.0;0.0;0.0;14.91;64.95;2.62;
2022-09-17 21:00:00;0.0;0.0;0.0;14.33;67.25;2.41;
2022-09-17 22:00:00;0.0;0.0;0.0;13.78;69.65;2.34;
2022-09-17 23:00:00;0.0;0.0;0.0;13.25;69.55;2.41;
2022-09-18 00:00:00;0.0;0.0;0.0;12.79;72.05;2.34;
2022-09-18 01:00:00;0.0;0.0;0.0;12.29;71.95;2.21;
2022-09-18 02:00:00;0.0;0.0;0.0;11.76;71.85;2.07;
2022-09-18 03:00:00;0.0;0.0;0.0;11.35;69.15;2.21;
2022-09-18 04:00:00;0.0;0.0;0.0;11.14;66.65;2.28;
2022-09-18 05:00:00;7.0;0.0;7.0;10.83;69.1;2.21;
2022-09-18 06:00:00;169.0;440.25;73.0;11.42;74.55;1.59;
2022-09-18 07:00:00;353.0;635.35;107.0;14.69;58.25;1.38;
2022-09-18 08:00:00;523.0;750.6;124.0;16.78;50.75;1.79;
2022-09-18 09:00:00;658.0;818.54;133.0;18.65;49.3;2.0;
2022-09-18 10:00:00;737.0;839.05;142.0;20.27;44.6;2.07;
2022-09-18 11:00:00;767.0;860.04;139.0;21.67;40.35;2.41;
2022-09-18 12:00:00;731.0;837.65;142.0;22.78;33.85;2.9;
2022-09-18 13:00:00;646.0;816.08;132.0;23.45;30.4;3.38;
2022-09-18 14:00:00;505.0;737.51;125.0;23.59;28.35;3.45;
2022-09-18 15:00:00;335.0;629.11;104.0;23.51;28.35;3.38;
2022-09-18 16:00:00;151.0;418.9;69.0;22.85;32.6;2.41;
2022-09-18 17:00:00;0.0;0.0;0.0;21.39;37.35;1.79;
2022-09-18 18:00:00;0.0;0.0;0.0;19.25;45.95;2.0;
2022-09-18 19:00:00;0.0;0.0;0.0;17.8;42.3;2.76;
2022-09-18 20:00:00;0.0;0.0;0.0;17.06;40.75;2.9;
2022-09-18 21:00:00;0.0;0.0;0.0;16.45;45.45;2.76;
2022-09-18 22:00:00;0.0;0.0;0.0;15.8;52.4;2.76;
2022-09-18 23:00:00;0.0;0.0;0.0;15.31;58.35;2.76;
2022-09-19 00:00:00;0.0;0.0;0.0;14.79;64.95;2.69;
2022-09-19 01:00:00;0.0;0.0;0.0;14.31;72.3;2.48;
2022-09-19 02:00:00;0.0;0.0;0.0;13.95;72.3;2.48;
2022-09-19 03:00:00;0.0;0.0;0.0;13.64;77.6;2.34;
2022-09-19 04:00:00;0.0;0.0;0.0;13.22;80.35;2.14;
2022-09-19 05:00:00;6.0;0.0;6.0;12.67;83.25;1.86;
2022-09-19 06:00:00;163.0;424.4;72.0;13.22;86.3;1.24;
2022-09-19 07:00:00;341.0;599.79;111.0;16.33;70.1;0.83;
2022-09-19 08:00:00;508.0;716.32;130.0;18.69;63.4;1.52;
2022-09-19 09:00:00;640.0;784.57;140.0;20.54;55.45;1.72;
2022-09-19 10:00:00;714.0;791.75;156.0;22.11;50.2;1.93;
2022-09-19 11:00:00;743.0;813.18;153.0;23.35;43.75;1.93;
2022-09-19 12:00:00;703.0;774.85;162.0;24.25;35.5;2.41;
2022-09-19 13:00:00;621.0;758.9;147.0;24.42;31.85;2.9;
2022-09-19 14:00:00;486.0;688.59;135.0;24.19;33.0;3.17;
2022-09-19 15:00:00;320.0;580.97;110.0;23.61;35.4;3.38;
2022-09-19 16:00:00;142.0;389.71;68.0;22.53;42.1;3.1;
2022-09-19 17:00:00;0.0;0.0;0.0;20.8;49.8;2.97;
2022-09-19 18:00:00;0.0;0.0;0.0;19.2;55.05;2.9;
2022-09-19 19:00:00;0.0;0.0;0.0;18.93;54.95;2.28;
2022-09-19 20:00:00;0.0;0.0;0.0;17.77;60.95;2.48;
2022-09-19 21:00:00;0.0;0.0;0.0;17.2;60.95;2.76;
2022-09-19 22:00:00;0.0;0.0;0.0;16.75;63.05;2.55;
2022-09-19 23:00:00;0.0;0.0;0.0;16.37;65.25;2.34;
2022-09-20 00:00:00;0.0;0.0;0.0;16.05;67.65;2.62;
2022-09-20 01:00:00;0.0;0.0;0.0;16.19;65.25;2.9;
2022-09-20 02:00:00;0.0;0.0;0.0;15.92;65.15;2.9;
2022-09-20 03:00:00;0.0;0.0;0.0;15.63;65.15;2.69;
2022-09-20 04:00:00;0.0;0.0;0.0;15.32;65.05;2.48;
2022-09-20 05:00:00;4.0;0.0;4.0;15.05;67.45;2.48;
2022-09-20 06:00:00;157.0;398.55;73.0;15.64;67.55;2.34;
2022-09-20 07:00:00;330.0;568.85;114.0;17.82;63.2;2.55;
2022-09-20 08:00:00;489.0;662.49;142.0;19.79;55.2;3.31;
2022-09-20 09:00:00;613.0;717.05;159.0;20.81;49.8;3.45;
2022-09-20 10:00:00;684.0;718.19;181.0;21.32;46.5;3.17;
2022-09-20 11:00:00;569.0;328.78;332.0;21.51;44.95;2.83;
2022-09-20 12:00:00;507.0;246.68;336.0;21.64;44.95;2.69;
2022-09-20 13:00:00;512.0;406.91;260.0;21.65;44.95;2.55;
2022-09-20 14:00:00;422.0;450.22;195.0;21.41;46.5;2.48;
2022-09-20 15:00:00;309.0;559.42;110.0;21.15;46.5;2.48;
2022-09-20 16:00:00;135.0;374.99;66.0;21.03;46.5;2.69;
2022-09-20 17:00:00;0.0;0.0;0.0;19.88;51.4;2.28;
2022-09-20 18:00:00;0.0;0.0;0.0;18.49;54.95;2.28;
2022-09-20 19:00:00;0.0;0.0;0.0;17.67;56.75;2.14;
2022-09-20 20:00:00;0.0;0.0;0.0;16.54;58.7;2.14;
2022-09-20 21:00:00;0.0;0.0;0.0;15.59;62.85;2.21;
2022-09-20 22:00:00;0.0;0.0;0.0;15.06;62.75;2.28;
2022-09-20 23:00:00;0.0;0.0;0.0;15.21;62.75;2.76;
2022-09-21 00:00:00;0.0;0.0;0.0;15.4;62.75;3.59;
2022-09-21 01:00:00;0.0;0.0;0.0;15.78;62.85;4.14;
2022-09-21 02:00:00;0.0;0.0;0.0;16.33;58.6;4.0;
2022-09-21 03:00:00;0.0;0.0;0.0;16.61;52.65;3.72;
2022-09-21 04:00:00;0.0;0.0;0.0;16.83;48.9;3.31;
2022-09-21 05:00:00;1.0;0.0;1.0;16.99;45.55;3.1;
2022-09-21 06:00:00;152.0;381.49;73.0;17.2;45.55;3.17;
2022-09-21 07:00:00;257.0;234.08;169.0;17.08;56.75;3.66;
2022-09-21 08:00:00;360.0;215.45;248.0;18.25;49.15;4.83;
2022-09-21 09:00:00;485.0;308.44;291.0;19.16;41.15;5.24;
2022-09-21 10:00:00;483.0;195.42;347.0;19.81;38.35;5.31;
2022-09-21 11:00:00;707.0;721.96;190.0;20.14;35.75;5.17;
2022-09-21 12:00:00;668.0;687.34;195.0;20.23;35.75;4.83;
2022-09-21 13:00:00;591.0;682.43;172.0;20.28;34.45;4.41;
2022-09-21 14:00:00;464.0;641.76;144.0;20.09;34.45;4.0;
2022-09-21 15:00:00;303.0;548.63;111.0;19.76;34.3;3.59;
2022-09-21 16:00:00;130.0;364.93;65.0;19.09;36.8;3.03;
2022-09-21 17:00:00;0.0;0.0;0.0;17.88;42.3;2.07;
2022-09-21 18:00:00;0.0;0.0;0.0;16.45;47.15;1.72;
2022-09-21 19:00:00;0.0;0.0;0.0;15.11;56.25;1.52;
2022-09-21 20:00:00;0.0;0.0;0.0;14.4;60.3;1.24;
2022-09-21 21:00:00;0.0;0.0;0.0;13.08;64.65;1.59;
2022-09-21 22:00:00;0.0;0.0;0.0;12.16;69.35;1.79;
2022-09-21 23:00:00;0.0;0.0;0.0;11.77;71.85;1.93;
2022-09-22 00:00:00;0.0;0.0;0.0;11.5;69.25;1.93;
2022-09-22 01:00:00;0.0;0.0;0.0;11.24;71.75;2.0;
2022-09-22 02:00:00;0.0;0.0;0.0;11.24;71.75;2.0;
2022-09-22 03:00:00;0.0;0.0;0.0;11.05;74.45;1.93;
2022-09-22 04:00:00;0.0;0.0;0.0;10.72;77.15;1.86;
2022-09-22 05:00:00;0.0;0.0;0.0;10.5;80.05;1.79;
2022-09-22 06:00:00;158.0;452.35;66.0;11.65;80.15;1.38;
2022-09-22 07:00:00;324.0;558.95;116.0;15.9;60.65;1.93;
2022-09-22 08:00:00;479.0;635.84;151.0;17.94;52.75;2.21;
2022-09-22 09:00:00;583.0;613.03;200.0;19.28;44.3;1.72;
2022-09-22 10:00:00;661.0;650.82;211.0;19.91;41.3;1.59;
2022-09-22 11:00:00;641.0;522.97;269.0;20.11;41.45;1.93;
2022-09-22 12:00:00;471.0;188.85;342.0;20.07;41.45;2.07;
2022-09-22 13:00:00;476.0;323.68;279.0;19.84;44.45;2.0;
2022-09-22 14:00:00;354.0;247.44;232.0;19.96;44.45;2.07;
2022-09-22 15:00:00;287.0;479.39;122.0;19.79;44.45;2.34;
2022-09-22 16:00:00;125.0;354.19;64.0;19.3;45.95;2.69;
2022-09-22 17:00:00;0.0;0.0;0.0;18.05;51.0;2.34;
2022-09-22 18:00:00;0.0;0.0;0.0;16.49;56.6;2.28;
2022-09-22 19:00:00;0.0;0.0;0.0;15.83;60.65;2.28;
2022-09-22 20:00:00;0.0;0.0;0.0;14.8;67.35;1.86;
2022-09-22 21:00:00;0.0;0.0;0.0;13.72;72.2;1.38;
2022-09-22 22:00:00;0.0;0.0;0.0;14.78;64.95;0.62;
2022-09-22 23:00:00;0.0;0.0;0.0;13.5;69.65;0.97;
2022-09-23 00:00:00;0.0;0.0;0.0;11.63;83.1;1.38;
2022-09-23 01:00:00;0.0;0.0;0.0;10.93;86.1;1.52;
2022-09-23 02:00:00;0.0;0.0;0.0;10.77;89.25;1.52;
2022-09-23 03:00:00;0.0;0.0;0.0;10.57;89.25;1.45;
2022-09-23 04:00:00;0.0;0.0;0.0;10.58;89.25;1.31;
2022-09-23 05:00:00;0.0;0.0;0.0;10.77;89.25;1.1;
2022-09-23 06:00:00;149.0;405.69;68.0;12.06;80.2;0.76;
2022-09-23 07:00:00;320.0;556.63;115.0;15.46;72.55;1.03;
2022-09-23 08:00:00;480.0;658.42;143.0;17.89;63.2;1.03;
2022-09-23 09:00:00;604.0;712.32;162.0;19.39;51.25;0.69;
2022-09-23 10:00:00;670.0;697.33;191.0;20.3;44.6;0.41;
2022-09-23 11:00:00;693.0;706.29;194.0;21.05;40.2;0.62;
2022-09-23 12:00:00;647.0;646.04;209.0;21.52;38.9;0.76;
2022-09-23 13:00:00;583.0;694.57;164.0;22.16;36.3;0.97;
2022-09-23 14:00:00;448.0;613.43;149.0;22.23;36.3;1.03;
2022-09-23 15:00:00;284.0;493.5;117.0;22.1;35.0;1.1;
2022-09-23 16:00:00;102.0;204.42;68.0;21.68;36.15;0.97;
2022-09-23 17:00:00;0.0;0.0;0.0;20.45;44.6;0.9;
2022-09-23 18:00:00;0.0;0.0;0.0;18.38;54.85;1.59;
2022-09-23 19:00:00;0.0;0.0;0.0;17.21;52.75;2.62;
2022-09-23 20:00:00;0.0;0.0;0.0;16.56;54.6;2.62;
2022-09-23 21:00:00;0.0;0.0;0.0;16.07;56.5;2.48;
2022-09-23 22:00:00;0.0;0.0;0.0;15.6;58.45;2.21;
2022-09-23 23:00:00;0.0;0.0;0.0;14.83;64.95;1.86;
2022-09-24 00:00:00;0.0;0.0;0.0;14.28;72.3;1.45;
2022-09-24 01:00:00;0.0;0.0;0.0;15.04;65.05;0.76;
2022-09-24 02:00:00;0.0;0.0;0.0;14.2;69.75;0.83;
2022-09-24 03:00:00;0.0;0.0;0.0;13.12;77.5;1.17;
2022-09-24 04:00:00;0.0;0.0;0.0;12.6;80.3;1.31;
2022-09-24 05:00:00;0.0;0.0;0.0;12.36;86.2;1.17;
2022-09-24 06:00:00;85.0;51.04;75.0;13.3;83.25;0.76;
2022-09-24 07:00:00;181.0;63.11;158.0;16.07;72.65;0.9;
2022-09-24 08:00:00;365.0;259.96;233.0;17.94;70.3;1.1;
2022-09-24 09:00:00;368.0;111.97;299.0;19.37;61.3;0.83;
2022-09-24 10:00:00;524.0;303.37;317.0;20.5;53.5;0.41;
2022-09-24 11:00:00;217.0;0.0;217.0;21.06;49.95;0.55;
2022-09-24 12:00:00;131.0;0.0;131.0;20.96;51.65;0.55;
2022-09-24 13:00:00;186.0;0.0;186.0;19.81;59.25;0.62;
2022-09-24 14:00:00;197.0;16.6;189.0;18.02;78.15;1.38;
2022-09-24 15:00:00;85.0;0.0;85.0;17.21;83.7;1.66;
2022-09-24 16:00:00;41.0;0.0;41.0;16.74;86.6;1.79;
2022-09-24 17:00:00;0.0;0.0;0.0;16.27;89.65;2.21;
2022-09-24 18:00:00;0.0;0.0;0.0;15.84;89.6;2.55;
2022-09-24 19:00:00;0.0;0.0;0.0;15.32;89.55;2.14;
2022-09-24 20:00:00;0.0;0.0;0.0;15.26;89.55;2.34;
2022-09-24 21:00:00;0.0;0.0;0.0;15.24;92.75;2.07;
2022-09-24 22:00:00;0.0;0.0;0.0;15.42;92.75;2.0;
2022-09-24 23:00:00;0.0;0.0;0.0;15.6;92.75;1.93;
2022-09-25 00:00:00;0.0;0.0;0.0;15.62;92.75;1.59;
2022-09-25 01:00:00;0.0;0.0;0.0;15.54;92.75;1.66;
2022-09-25 02:00:00;0.0;0.0;0.0;15.36;96.0;1.86;
2022-09-25 03:00:00;0.0;0.0;0.0;15.21;92.75;2.07;
2022-09-25 04:00:00;0.0;0.0;0.0;15.19;89.55;1.93;
2022-09-25 05:00:00;0.0;0.0;0.0;15.05;86.5;1.59;
2022-09-25 06:00:00;119.0;223.78;76.0;15.21;86.5;1.52;
2022-09-25 07:00:00;170.0;49.93;152.0;15.79;83.55;1.52;
2022-09-25 08:00:00;170.0;3.97;168.0;16.58;75.3;1.66;
2022-09-25 09:00:00;265.0;21.25;252.0;17.03;72.8;1.93;
2022-09-25 10:00:00;426.0;137.22;333.0;17.7;72.8;1.72;
2022-09-25 11:00:00;353.0;47.36;320.0;18.58;68.05;1.1;
2022-09-25 12:00:00;336.0;46.43;305.0;18.7;70.45;1.1;
2022-09-25 13:00:00;364.0;129.98;287.0;18.9;70.45;1.03;
2022-09-25 14:00:00;138.0;0.0;138.0;18.96;70.45;1.03;
2022-09-25 15:00:00;177.0;97.92;145.0;18.98;68.1;1.17;
2022-09-25 16:00:00;58.0;25.89;54.0;18.89;70.45;1.38;
2022-09-25 17:00:00;0.0;0.0;0.0;18.39;72.9;1.1;
2022-09-25 18:00:00;0.0;0.0;0.0;17.57;78.1;1.24;
2022-09-25 19:00:00;0.0;0.0;0.0;17.25;80.85;1.59;
2022-09-25 20:00:00;0.0;0.0;0.0;16.41;86.55;1.45;
2022-09-25 21:00:00;0.0;0.0;0.0;15.71;89.6;1.17;
2022-09-25 22:00:00;0.0;0.0;0.0;15.54;92.75;0.9;
2022-09-25 23:00:00;0.0;0.0;0.0;15.33;96.0;1.31;
2022-09-26 00:00:00;0.0;0.0;0.0;14.86;96.0;1.66;
2022-09-26 01:00:00;0.0;0.0;0.0;14.86;96.0;1.79;
2022-09-26 02:00:00;0.0;0.0;0.0;14.63;96.0;1.72;
2022-09-26 03:00:00;0.0;0.0;0.0;14.18;96.0;1.59;
2022-09-26 04:00:00;0.0;0.0;0.0;13.79;99.4;1.59;
2022-09-26 05:00:00;0.0;0.0;0.0;13.35;99.4;1.59;
2022-09-26 06:00:00;123.0;265.45;73.0;13.53;95.95;1.24;
2022-09-26 07:00:00;132.0;11.22;128.0;14.84;89.5;1.45;
2022-09-26 08:00:00;256.0;60.05;226.0;16.6;86.6;0.62;
2022-09-26 09:00:00;441.0;253.49;287.0;18.37;78.15;0.34;
2022-09-26 10:00:00;647.0;689.35;183.0;19.8;68.2;0.83;
2022-09-26 11:00:00;685.0;754.51;163.0;21.02;61.7;0.97;
2022-09-26 12:00:00;633.0;673.26;187.0;21.54;59.7;0.62;
2022-09-26 13:00:00;555.0;667.86;163.0;21.77;59.7;0.69;
2022-09-26 14:00:00;429.0;620.64;137.0;21.93;61.85;1.38;
2022-09-26 15:00:00;259.0;451.75;114.0;21.73;59.7;2.0;
2022-09-26 16:00:00;102.0;322.97;54.0;19.7;73.15;1.66;
2022-09-26 17:00:00;0.0;0.0;0.0;18.62;81.0;1.31;
2022-09-26 18:00:00;0.0;0.0;0.0;17.77;86.65;1.59;
2022-09-26 19:00:00;0.0;0.0;0.0;18.23;72.9;1.72;
2022-09-26 20:00:00;0.0;0.0;0.0;17.22;75.4;1.66;
2022-09-26 21:00:00;0.0;0.0;0.0;16.67;75.3;1.24;
2022-09-26 22:00:00;0.0;0.0;0.0;16.77;75.3;0.83;
2022-09-26 23:00:00;0.0;0.0;0.0;16.54;75.3;0.41;
2022-09-27 00:00:00;0.0;0.0;0.0;16.11;77.95;0.14;
2022-09-27 01:00:00;0.0;0.0;0.0;15.42;80.65;0.55;
2022-09-27 02:00:00;0.0;0.0;0.0;14.53;86.45;0.97;
2022-09-27 03:00:00;0.0;0.0;0.0;13.86;92.65;1.1;
2022-09-27 04:00:00;0.0;0.0;0.0;13.65;92.65;0.97;
2022-09-27 05:00:00;0.0;0.0;0.0;13.27;92.65;1.03;
2022-09-27 06:00:00;108.0;178.81;75.0;13.29;95.95;1.1;
2022-09-27 07:00:00;272.0;382.81;137.0;16.1;83.6;1.31;
2022-09-27 08:00:00;403.0;413.79;198.0;17.69;78.1;0.55;
2022-09-27 09:00:00;583.0;716.27;151.0;19.16;70.55;1.38;
2022-09-27 10:00:00;645.0;691.18;183.0;20.76;61.6;2.28;
2022-09-27 11:00:00;666.0;698.81;186.0;21.57;55.65;3.24;
2022-09-27 12:00:00;627.0;664.92;190.0;22.44;52.0;3.38;
2022-09-27 13:00:00;388.0;180.58;283.0;22.82;45.25;3.17;
2022-09-27 14:00:00;401.0;512.05;163.0;22.87;40.6;2.83;
2022-09-27 15:00:00;210.0;222.11;140.0;22.94;39.15;2.55;
2022-09-27 16:00:00;101.0;357.32;50.0;22.22;43.5;1.24;
2022-09-27 17:00:00;0.0;0.0;0.0;20.65;57.45;0.76;
2022-09-27 18:00:00;0.0;0.0;0.0;18.2;67.95;1.03;
2022-09-27 19:00:00;0.0;0.0;0.0;16.65;75.3;2.14;
2022-09-27 20:00:00;0.0;0.0;0.0;17.42;70.3;0.69;
2022-09-27 21:00:00;0.0;0.0;0.0;15.31;80.6;1.24;
2022-09-27 22:00:00;0.0;0.0;0.0;14.15;89.5;2.28;
2022-09-27 23:00:00;0.0;0.0;0.0;14.08;89.5;2.48;
2022-09-28 00:00:00;0.0;0.0;0.0;13.97;92.7;2.34;
2022-09-28 01:00:00;0.0;0.0;0.0;13.82;92.65;2.28;
2022-09-28 02:00:00;0.0;0.0;0.0;13.65;92.65;2.07;
2022-09-28 03:00:00;0.0;0.0;0.0;13.29;92.65;1.86;
2022-09-28 04:00:00;0.0;0.0;0.0;12.73;95.95;1.59;
2022-09-28 05:00:00;0.0;0.0;0.0;12.45;95.95;1.45;
2022-09-28 06:00:00;128.0;354.14;64.0;12.95;92.65;1.31;
2022-09-28 07:00:00;152.0;34.42;140.0;15.94;77.95;1.17;
2022-09-28 08:00:00;161.0;2.04;160.0;17.36;72.8;0.97;
2022-09-28 09:00:00;166.0;0.0;166.0;18.67;70.45;0.83;
2022-09-28 10:00:00;527.0;349.55;295.0;19.8;63.6;1.1;
2022-09-28 11:00:00;361.0;60.13;320.0;21.18;55.55;1.38;
2022-09-28 12:00:00;575.0;513.83;240.0;22.13;52.0;1.52;
2022-09-28 13:00:00;429.0;283.0;266.0;22.2;50.2;0.55;
2022-09-28 14:00:00;239.0;67.52;208.0;22.17;52.0;1.52;
2022-09-28 15:00:00;145.0;51.72;129.0;21.96;53.75;2.34;
2022-09-28 16:00:00;22.0;0.0;22.0;21.2;57.55;2.48;
2022-09-28 17:00:00;0.0;0.0;0.0;19.89;65.85;2.34;
2022-09-28 18:00:00;0.0;0.0;0.0;18.47;72.95;1.93;
2022-09-28 19:00:00;0.0;0.0;0.0;16.66;86.6;2.14;
2022-09-28 20:00:00;0.0;0.0;0.0;15.93;92.75;2.55;
2022-09-28 21:00:00;0.0;0.0;0.0;15.36;92.75;2.07;
2022-09-28 22:00:00;0.0;0.0;0.0;14.81;96.0;1.86;
2022-09-28 23:00:00;0.0;0.0;0.0;14.38;96.0;1.59;
2022-09-29 00:00:00;0.0;0.0;0.0;13.82;95.95;1.45;
2022-09-29 01:00:00;0.0;0.0;0.0;13.64;95.95;1.38;
2022-09-29 02:00:00;0.0;0.0;0.0;13.32;99.4;1.66;
2022-09-29 03:00:00;0.0;0.0;0.0;13.39;99.4;1.59;
2022-09-29 04:00:00;0.0;0.0;0.0;13.24;95.95;1.45;
2022-09-29 05:00:00;0.0;0.0;0.0;13.18;95.95;1.45;
2022-09-29 06:00:00;111.0;231.81;70.0;13.67;95.95;1.52;
2022-09-29 07:00:00;259.0;356.87;136.0;15.12;89.55;1.1;
2022-09-29 08:00:00;442.0;620.1;140.0;17.66;80.85;1.66;
2022-09-29 09:00:00;532.0;558.71;200.0;19.49;70.65;1.72;
2022-09-29 10:00:00;560.0;450.7;263.0;20.8;66.05;1.52;
2022-09-29 11:00:00;636.0;639.71;203.0;21.94;59.7;1.52;
2022-09-29 12:00:00;373.0;92.78;313.0;22.5;54.0;1.79;
2022-09-29 13:00:00;243.0;19.28;232.0;22.47;55.8;2.21;
2022-09-29 14:00:00;207.0;33.08;192.0;21.14;61.7;3.31;
2022-09-29 15:00:00;140.0;46.13;126.0;21.47;59.6;3.79;
2022-09-29 16:00:00;60.0;76.35;50.0;21.06;57.55;3.72;
2022-09-29 17:00:00;0.0;0.0;0.0;20.03;59.35;3.45;
2022-09-29 18:00:00;0.0;0.0;0.0;19.0;63.5;3.1;
2022-09-29 19:00:00;0.0;0.0;0.0;18.24;78.15;1.59;
2022-09-29 20:00:00;0.0;0.0;0.0;17.6;78.1;2.21;
2022-09-29 21:00:00;0.0;0.0;0.0;16.82;80.8;1.45;
2022-09-29 22:00:00;0.0;0.0;0.0;15.82;86.5;0.83;
2022-09-29 23:00:00;0.0;0.0;0.0;15.51;86.5;0.76;
2022-09-30 00:00:00;0.0;0.0;0.0;15.78;83.55;0.41;
2022-09-30 01:00:00;0.0;0.0;0.0;15.41;86.5;0.14;
2022-09-30 02:00:00;0.0;0.0;0.0;15.1;86.5;0.21;
2022-09-30 03:00:00;0.0;0.0;0.0;14.44;86.45;0.62;
2022-09-30 04:00:00;0.0;0.0;0.0;14.21;89.5;0.55;
2022-09-30 05:00:00;0.0;0.0;0.0;14.11;89.5;0.55;
2022-09-30 06:00:00;32.0;0.0;32.0;14.13;92.7;0.69;
2022-09-30 07:00:00;130.0;14.68;125.0;15.62;83.55;2.0;
2022-09-30 08:00:00;188.0;12.43;182.0;16.89;78.0;2.28;
2022-09-30 09:00:00;221.0;6.78;217.0;18.35;70.35;2.34;
2022-09-30 10:00:00;146.0;0.0;146.0;19.19;63.5;2.41;
2022-09-30 11:00:00;162.0;0.0;162.0;19.14;63.5;2.55;
2022-09-30 12:00:00;69.0;0.0;69.0;17.9;80.85;2.14;
2022-09-30 13:00:00;58.0;0.0;58.0;17.51;83.7;2.07;
2022-09-30 14:00:00;84.0;0.0;84.0;17.29;83.7;1.86;
2022-09-30 15:00:00;66.0;0.0;66.0;17.02;86.65;1.79;
2022-09-30 16:00:00;14.0;0.0;14.0;16.68;92.21;2.68;
2022-09-30 17:00:00;0.0;0.0;0.0;16.4;92.67;2.59;
2022-09-30 18:00:00;0.0;0.0;0.0;16.12;93.14;2.49;
2022-09-30 19:00:00;0.0;0.0;0.0;15.84;93.6;2.4;
2022-09-30 20:00:00;0.0;0.0;0.0;15.56;94.07;2.3;
2022-09-30 21:00:00;0.0;0.0;0.0;15.28;94.53;2.21;
2022-09-30 22:00:00;0.0;0.0;0.0;15.0;94.99;2.12;
2022-09-30 23:00:00;0.0;0.0;0.0;14.72;95.46;2.02;
2022-10-01 00:00:00;0.0;0.0;0.0;14.44;95.92;1.93;
2022-10-01 01:00:00;0.0;0.0;0.0;14.16;96.39;1.83;
2022-10-01 02:00:00;0.0;0.0;0.0;13.88;96.85;1.74;
2022-10-01 03:00:00;0.0;0.0;0.0;13.6;97.32;1.64;
2022-10-01 04:00:00;0.0;0.0;0.0;13.32;97.78;1.55;
2022-10-01 05:00:00;0.0;0.0;0.0;13.04;98.24;1.45;
2022-10-01 06:00:00;84.0;100.53;67.0;12.76;98.71;1.36;
2022-10-01 07:00:00;236.0;285.23;140.0;12.48;99.17;1.27;
2022-10-01 08:00:00;430.0;614.44;136.0;17.09;86.6;1.52;
2022-10-01 09:00:00;573.0;765.57;125.0;19.19;78.3;1.66;
2022-10-01 10:00:00;656.0;820.76;123.0;20.81;68.4;1.38;
2022-10-01 11:00:00;681.0;841.39;120.0;21.99;59.8;1.17;
2022-10-01 12:00:00;631.0;782.95;133.0;22.9;57.9;1.31;
2022-10-01 13:00:00;539.0;734.71;128.0;23.43;54.1;1.52;
2022-10-01 14:00:00;400.0;633.46;120.0;23.62;52.35;1.66;
2022-10-01 15:00:00;213.0;332.3;116.0;23.57;52.35;1.72;
2022-10-01 16:00:00;59.0;108.98;46.0;22.9;57.9;1.45;
2022-10-01 17:00:00;0.0;0.0;0.0;21.3;63.9;1.45;
2022-10-01 18:00:00;0.0;0.0;0.0;19.16;73.05;1.38;
2022-10-01 19:00:00;0.0;0.0;0.0;17.64;83.7;1.31;
2022-10-01 20:00:00;0.0;0.0;0.0;17.32;83.65;1.03;
2022-10-01 21:00:00;0.0;0.0;0.0;17.33;83.65;0.83;
2022-10-01 22:00:00;0.0;0.0;0.0;16.73;83.65;0.69;
2022-10-01 23:00:00;0.0;0.0;0.0;15.1;92.75;1.1;
2022-10-02 00:00:00;0.0;0.0;0.0;13.88;99.4;1.45;
2022-10-02 01:00:00;0.0;0.0;0.0;13.44;95.95;1.66;
2022-10-02 02:00:00;0.0;0.0;0.0;13.29;99.4;1.79;
2022-10-02 03:00:00;0.0;0.0;0.0;13.16;99.4;1.79;
2022-10-02 04:00:00;0.0;0.0;0.0;12.95;95.95;1.72;
2022-10-02 05:00:00;0.0;0.0;0.0;12.72;99.4;1.72;
2022-10-02 06:00:00;112.0;326.9;58.0;13.03;95.95;1.52;
2022-10-02 07:00:00;283.0;562.44;96.0;16.44;86.6;1.24;
2022-10-02 08:00:00;445.0;695.94;115.0;19.05;81.05;1.38;
2022-10-02 09:00:00;577.0;790.53;118.0;21.07;70.9;1.38;
2022-10-02 10:00:00;654.0;825.36;122.0;22.53;62.05;1.17;
2022-10-02 11:00:00;678.0;844.85;119.0;23.65;54.2;1.03;
2022-10-02 12:00:00;638.0;819.71;121.0;24.43;52.5;1.03;
2022-10-02 13:00:00;544.0;769.16;118.0;24.87;50.8;1.03;
2022-10-02 14:00:00;405.0;676.12;110.0;24.99;50.8;0.9;
2022-10-02 15:00:00;245.0;566.22;83.0;24.76;50.8;0.69;
2022-10-02 16:00:00;72.0;273.21;41.0;24.06;54.35;0.69;
2022-10-02 17:00:00;0.0;0.0;0.0;22.21;64.1;1.24;
2022-10-02 18:00:00;0.0;0.0;0.0;19.84;75.7;1.38;
2022-10-02 19:00:00;0.0;0.0;0.0;17.92;80.85;1.93;
2022-10-02 20:00:00;0.0;0.0;0.0;16.83;83.65;1.79;
2022-10-02 21:00:00;0.0;0.0;0.0;15.9;89.6;1.52;
2022-10-02 22:00:00;0.0;0.0;0.0;15.97;86.55;1.1;
2022-10-02 23:00:00;0.0;0.0;0.0;16.55;83.65;0.55;
2022-10-03 00:00:00;0.0;0.0;0.0;16.08;86.55;0.21;
2022-10-03 01:00:00;0.0;0.0;0.0;15.52;89.6;0.07;
2022-10-03 02:00:00;0.0;0.0;0.0;15.03;92.75;0.07;
2022-10-03 03:00:00;0.0;0.0;0.0;14.63;96.0;0.28;
2022-10-03 04:00:00;0.0;0.0;0.0;14.22;99.35;0.41;
2022-10-03 05:00:00;0.0;0.0;0.0;13.85;100.0;0.41;
2022-10-03 06:00:00;101.0;248.06;61.0;13.99;99.35;0.21;
2022-10-03 07:00:00;258.0;432.45;116.0;15.65;92.75;0.14;
2022-10-03 08:00:00;429.0;647.03;125.0;18.32;83.75;0.14;
2022-10-03 09:00:00;554.0;732.6;132.0;20.9;70.8;0.14;
2022-10-03 10:00:00;646.0;819.12;122.0;22.85;62.05;0.41;
2022-10-03 11:00:00;677.0;860.58;112.0;24.15;56.25;0.69;
2022-10-03 12:00:00;642.0;853.92;108.0;25.04;52.75;0.62;
2022-10-03 13:00:00;542.0;782.42;113.0;25.64;52.85;0.62;
2022-10-03 14:00:00;399.0;678.1;107.0;25.92;51.05;0.69;
2022-10-03 15:00:00;223.0;453.04;96.0;25.74;51.05;0.34;
2022-10-03 16:00:00;62.0;204.32;40.0;24.96;56.35;0.76;
2022-10-03 17:00:00;0.0;0.0;0.0;22.99;62.15;1.79;
2022-10-03 18:00:00;0.0;0.0;0.0;21.0;68.5;2.21;
2022-10-03 19:00:00;0.0;0.0;0.0;19.16;75.65;1.93;
2022-10-03 20:00:00;0.0;0.0;0.0;18.48;78.25;1.66;
2022-10-03 21:00:00;0.0;0.0;0.0;17.78;83.7;1.24;
2022-10-03 22:00:00;0.0;0.0;0.0;17.63;83.7;0.9;
2022-10-03 23:00:00;0.0;0.0;0.0;17.39;86.6;0.9;
2022-10-04 00:00:00;0.0;0.0;0.0;16.63;86.6;1.17;
2022-10-04 01:00:00;0.0;0.0;0.0;16.97;86.6;0.76;
2022-10-04 02:00:00;0.0;0.0;0.0;17.18;86.6;0.48;
2022-10-04 03:00:00;0.0;0.0;0.0;16.08;89.65;0.83;
2022-10-04 04:00:00;0.0;0.0;0.0;16.53;83.65;0.21;
2022-10-04 05:00:00;0.0;0.0;0.0;15.92;86.55;0.34;
2022-10-04 06:00:00;62.0;38.14;56.0;15.83;92.75;0.83;
2022-10-04 07:00:00;181.0;120.29;142.0;18.26;96.05;0.21;
2022-10-04 08:00:00;229.0;55.86;203.0;20.19;83.95;0.48;
2022-10-04 09:00:00;368.0;169.75;271.0;21.99;71.05;0.34;
2022-10-04 10:00:00;234.0;6.3;230.0;23.44;66.55;0.28;
2022-10-04 11:00:00;549.0;455.95;252.0;24.68;60.35;0.69;
2022-10-04 12:00:00;537.0;509.69;221.0;25.33;58.45;0.83;
2022-10-04 13:00:00;380.0;239.53;250.0;25.77;56.6;1.31;
2022-10-04 14:00:00;133.0;2.35;132.0;26.04;52.95;1.59;
2022-10-04 15:00:00;184.0;254.95;114.0;25.89;54.7;1.24;
2022-10-04 16:00:00;43.0;68.69;36.0;24.95;60.35;0.76;
2022-10-04 17:00:00;0.0;0.0;0.0;23.21;68.85;1.1;
2022-10-04 18:00:00;0.0;0.0;0.0;21.36;78.55;1.79;
2022-10-04 19:00:00;0.0;0.0;0.0;19.96;86.85;2.07;
2022-10-04 20:00:00;0.0;0.0;0.0;19.38;92.9;2.07;
2022-10-04 21:00:00;0.0;0.0;0.0;18.76;96.1;1.93;
2022-10-04 22:00:00;0.0;0.0;0.0;18.14;96.05;1.66;
2022-10-04 23:00:00;0.0;0.0;0.0;17.62;96.05;1.45;
2022-10-05 00:00:00;0.0;0.0;0.0;17.12;99.4;1.1;
2022-10-05 01:00:00;0.0;0.0;0.0;16.7;96.05;1.1;
2022-10-05 02:00:00;0.0;0.0;0.0;16.29;99.4;1.03;
2022-10-05 03:00:00;0.0;0.0;0.0;16.28;99.4;0.83;
2022-10-05 04:00:00;0.0;0.0;0.0;16.15;96.05;0.83;
2022-10-05 05:00:00;0.0;0.0;0.0;15.85;99.4;0.83;
2022-10-05 06:00:00;53.0;19.57;50.0;16.04;96.05;0.41;
2022-10-05 07:00:00;173.0;103.11;140.0;17.98;96.05;0.41;
2022-10-05 08:00:00;289.0;164.83;213.0;19.37;89.8;0.34;
2022-10-05 09:00:00;403.0;250.54;261.0;20.82;84.05;0.55;
2022-10-05 10:00:00;583.0;642.94;178.0;22.66;71.15;1.24;
2022-10-05 11:00:00;649.0;817.04;121.0;23.97;64.4;2.14;
2022-10-05 12:00:00;618.0;823.3;112.0;24.86;60.35;2.76;
2022-10-05 13:00:00;510.0;718.57;124.0;25.46;56.5;3.03;
2022-10-05 14:00:00;283.0;226.6;188.0;25.65;54.7;2.55;
2022-10-05 15:00:00;207.0;424.08;93.0;25.53;54.7;1.72;
2022-10-05 16:00:00;51.0;166.38;35.0;24.64;58.35;0.62;
2022-10-05 17:00:00;0.0;0.0;0.0;22.73;71.15;0.9;
2022-10-05 18:00:00;0.0;0.0;0.0;20.76;78.5;1.86;
2022-10-05 19:00:00;0.0;0.0;0.0;19.62;86.85;2.0;
2022-10-05 20:00:00;0.0;0.0;0.0;18.83;92.85;2.0;
2022-10-05 21:00:00;0.0;0.0;0.0;18.4;96.05;2.0;
2022-10-05 22:00:00;0.0;0.0;0.0;18.0;92.85;1.79;
2022-10-05 23:00:00;0.0;0.0;0.0;17.69;96.05;1.72;
2022-10-06 00:00:00;0.0;0.0;0.0;17.4;99.4;1.66;
2022-10-06 01:00:00;0.0;0.0;0.0;17.06;96.05;1.45;
2022-10-06 02:00:00;0.0;0.0;0.0;16.58;96.05;1.38;
2022-10-06 03:00:00;0.0;0.0;0.0;16.18;96.05;1.17;
2022-10-06 04:00:00;0.0;0.0;0.0;16.15;96.05;1.03;
2022-10-06 05:00:00;0.0;0.0;0.0;16.24;99.4;0.97;
2022-10-06 06:00:00;44.0;6.7;43.0;16.53;96.05;1.03;
2022-10-06 07:00:00;126.0;22.16;119.0;18.16;96.05;2.21;
2022-10-06 08:00:00;260.0;109.49;210.0;18.91;92.85;2.21;
2022-10-06 09:00:00;478.0;491.02;202.0;20.22;83.95;1.52;
2022-10-06 10:00:00;374.0;115.2;302.0;21.33;78.55;1.52;
2022-10-06 11:00:00;303.0;34.32;281.0;21.9;78.65;2.0;
2022-10-06 12:00:00;472.0;336.5;267.0;21.32;78.55;2.48;
2022-10-06 13:00:00;264.0;50.79;237.0;20.35;83.95;3.24;
2022-10-06 14:00:00;189.0;38.69;173.0;18.91;92.85;3.93;
2022-10-06 15:00:00;44.0;0.0;44.0;17.98;86.7;4.69;
2022-10-06 16:00:00;24.0;11.05;23.0;17.23;89.65;4.76;
2022-10-06 17:00:00;0.0;0.0;0.0;16.52;86.6;4.97;
2022-10-06 18:00:00;0.0;0.0;0.0;16.01;89.65;5.1;
2022-10-06 19:00:00;0.0;0.0;0.0;16.11;86.55;4.28;
2022-10-06 20:00:00;0.0;0.0;0.0;15.98;86.55;3.79;
2022-10-06 21:00:00;0.0;0.0;0.0;15.72;89.6;3.45;
2022-10-06 22:00:00;0.0;0.0;0.0;15.6;89.6;3.24;
2022-10-06 23:00:00;0.0;0.0;0.0;15.39;89.55;3.03;
2022-10-07 00:00:00;0.0;0.0;0.0;15.34;86.5;3.03;
2022-10-07 01:00:00;0.0;0.0;0.0;15.12;86.5;3.1;
2022-10-07 02:00:00;0.0;0.0;0.0;14.87;86.45;3.03;
2022-10-07 03:00:00;0.0;0.0;0.0;14.62;83.45;2.97;
2022-10-07 04:00:00;0.0;0.0;0.0;14.28;83.4;2.97;
2022-10-07 05:00:00;0.0;0.0;0.0;14.06;83.4;2.9;
2022-10-07 06:00:00;103.0;378.48;48.0;14.02;83.4;2.76;
2022-10-07 07:00:00;272.0;590.38;88.0;15.6;75.15;2.41;
2022-10-07 08:00:00;431.0;709.84;110.0;17.39;70.2;3.31;
2022-10-07 09:00:00;557.0;785.8;119.0;18.72;61.2;4.21;
2022-10-07 10:00:00;633.0;817.7;126.0;19.62;55.2;4.41;
2022-10-07 11:00:00;642.0;794.19;137.0;20.36;53.35;4.34;
2022-10-07 12:00:00;598.0;751.89;144.0;20.6;49.8;4.21;
2022-10-07 13:00:00;520.0;760.37;120.0;20.72;49.8;4.0;
2022-10-07 14:00:00;382.0;676.64;106.0;20.52;49.8;3.72;
2022-10-07 15:00:00;219.0;551.7;77.0;20.21;49.7;3.38;
2022-10-07 16:00:00;51.0;247.69;30.0;19.4;55.05;2.34;
2022-10-07 17:00:00;0.0;0.0;0.0;17.9;60.95;2.07;
2022-10-07 18:00:00;0.0;0.0;0.0;16.52;65.35;2.07;
2022-10-07 19:00:00;0.0;0.0;0.0;15.59;67.55;2.21;
2022-10-07 20:00:00;0.0;0.0;0.0;14.95;69.9;2.41;
2022-10-07 21:00:00;0.0;0.0;0.0;14.48;72.4;2.55;
2022-10-07 22:00:00;0.0;0.0;0.0;14.17;74.95;2.69;
2022-10-07 23:00:00;0.0;0.0;0.0;13.83;77.6;2.62;
2022-10-08 00:00:00;0.0;0.0;0.0;13.32;77.5;2.48;
2022-10-08 01:00:00;0.0;0.0;0.0;12.89;77.5;2.28;
2022-10-08 02:00:00;0.0;0.0;0.0;12.38;83.15;2.14;
2022-10-08 03:00:00;0.0;0.0;0.0;11.85;83.1;2.07;
2022-10-08 04:00:00;0.0;0.0;0.0;11.37;83.1;2.0;
2022-10-08 05:00:00;0.0;0.0;0.0;10.86;89.25;1.86;
2022-10-08 06:00:00;100.0;382.2;46.0;10.7;89.25;1.59;
2022-10-08 07:00:00;270.0;592.01;88.0;14.0;80.45;1.45;
2022-10-08 08:00:00;429.0;710.23;111.0;16.35;67.65;1.79;
2022-10-08 09:00:00;552.0;774.42;124.0;17.96;58.9;2.0;
2022-10-08 10:00:00;634.0;829.18;124.0;18.99;55.05;2.14;
2022-10-08 11:00:00;643.0;803.92;136.0;19.89;53.25;2.28;
2022-10-08 12:00:00;598.0;762.02;142.0;20.51;49.8;2.28;
2022-10-08 13:00:00;519.0;770.41;118.0;20.75;48.05;2.34;
2022-10-08 14:00:00;380.0;686.14;104.0;20.74;48.05;2.41;
2022-10-08 15:00:00;219.0;576.06;74.0;20.29;49.7;2.34;
2022-10-08 16:00:00;48.0;252.7;28.0;19.34;55.05;1.86;
2022-10-08 17:00:00;0.0;0.0;0.0;17.66;63.2;2.14;
2022-10-08 18:00:00;0.0;0.0;0.0;16.12;67.65;2.0;
2022-10-08 19:00:00;0.0;0.0;0.0;14.65;77.75;1.52;
2022-10-08 20:00:00;0.0;0.0;0.0;13.45;83.35;1.38;
2022-10-08 21:00:00;0.0;0.0;0.0;12.52;86.25;1.45;
2022-10-08 22:00:00;0.0;0.0;0.0;11.68;89.3;1.66;
2022-10-08 23:00:00;0.0;0.0;0.0;11.33;92.55;1.86;
2022-10-09 00:00:00;0.0;0.0;0.0;11.18;92.55;2.0;
2022-10-09 01:00:00;0.0;0.0;0.0;11.22;89.3;2.21;
2022-10-09 02:00:00;0.0;0.0;0.0;11.22;89.3;2.28;
2022-10-09 03:00:00;0.0;0.0;0.0;11.33;89.3;2.34;
2022-10-09 04:00:00;0.0;0.0;0.0;11.44;86.15;2.41;
2022-10-09 05:00:00;0.0;0.0;0.0;11.53;86.15;2.48;
2022-10-09 06:00:00;95.0;357.04;46.0;11.84;89.3;2.34;
2022-10-09 07:00:00;264.0;583.83;87.0;14.43;80.55;2.14;
2022-10-09 08:00:00;402.0;600.11;136.0;16.95;70.2;2.9;
2022-10-09 09:00:00;475.0;479.99;212.0;18.61;63.4;3.79;
2022-10-09 10:00:00;563.0;580.26;209.0;19.61;57.2;3.93;
2022-10-09 11:00:00;573.0;562.8;221.0;20.12;53.35;3.79;
2022-10-09 12:00:00;520.0;485.66;232.0;20.42;53.35;3.79;
2022-10-09 13:00:00;457.0;524.31;187.0;20.31;51.5;3.66;
2022-10-09 14:00:00;327.0;433.66;155.0;20.15;51.5;3.59;
2022-10-09 15:00:00;165.0;239.77;106.0;19.65;53.25;3.24;
2022-10-09 16:00:00;34.0;95.18;27.0;18.73;59.05;2.34;
2022-10-09 17:00:00;0.0;0.0;0.0;17.32;65.35;2.07;
2022-10-09 18:00:00;0.0;0.0;0.0;16.18;67.65;2.0;
2022-10-09 19:00:00;0.0;0.0;0.0;15.77;70.0;2.34;
2022-10-09 20:00:00;0.0;0.0;0.0;15.46;70.0;2.62;
2022-10-09 21:00:00;0.0;0.0;0.0;15.21;72.45;2.83;
2022-10-09 22:00:00;0.0;0.0;0.0;14.94;69.9;2.97;
2022-10-09 23:00:00;0.0;0.0;0.0;14.72;72.4;2.97;
2022-10-10 00:00:00;0.0;0.0;0.0;14.46;69.85;3.03;
2022-10-10 01:00:00;0.0;0.0;0.0;14.15;69.75;2.97;
2022-10-10 02:00:00;0.0;0.0;0.0;13.81;69.65;2.9;
2022-10-10 03:00:00;0.0;0.0;0.0;13.42;69.65;2.83;
2022-10-10 04:00:00;0.0;0.0;0.0;13.05;72.1;2.76;
2022-10-10 05:00:00;0.0;0.0;0.0;12.82;74.7;2.76;
2022-10-10 06:00:00;59.0;67.58;50.0;12.91;72.1;2.69;
2022-10-10 07:00:00;217.0;311.14;124.0;14.61;69.85;2.69;
2022-10-10 08:00:00;403.0;626.8;128.0;16.67;60.85;3.79;
2022-10-10 09:00:00;518.0;671.99;153.0;17.94;56.85;4.21;
2022-10-10 10:00:00;585.0;687.53;169.0;18.71;54.95;4.14;
2022-10-10 11:00:00;597.0;670.73;181.0;19.35;51.25;4.21;
2022-10-10 12:00:00;579.0;736.9;146.0;19.85;49.55;4.41;
2022-10-10 13:00:00;501.0;747.91;120.0;19.94;47.8;4.48;
2022-10-10 14:00:00;285.0;278.76;176.0;19.8;47.8;4.55;
2022-10-10 15:00:00;159.0;228.74;104.0;19.33;51.25;4.41;
2022-10-10 16:00:00;32.0;117.67;24.0;18.42;56.85;3.31;
2022-10-10 17:00:00;0.0;0.0;0.0;17.08;63.05;2.9;
2022-10-10 18:00:00;0.0;0.0;0.0;16.09;65.25;2.83;
2022-10-10 19:00:00;0.0;0.0;0.0;15.74;67.55;3.17;
2022-10-10 20:00:00;0.0;0.0;0.0;15.38;69.9;3.31;
2022-10-10 21:00:00;0.0;0.0;0.0;15.2;69.9;3.38;
2022-10-10 22:00:00;0.0;0.0;0.0;14.75;69.85;3.17;
2022-10-10 23:00:00;0.0;0.0;0.0;14.35;72.3;2.97;
2022-10-11 00:00:00;0.0;0.0;0.0;14.01;69.75;2.76;
2022-10-11 01:00:00;0.0;0.0;0.0;13.89;69.65;2.55;
2022-10-11 02:00:00;0.0;0.0;0.0;13.66;69.65;2.41;
2022-10-11 03:00:00;0.0;0.0;0.0;13.46;69.65;2.41;
2022-10-11 04:00:00;0.0;0.0;0.0;13.27;72.1;2.41;
2022-10-11 05:00:00;0.0;0.0;0.0;12.97;72.1;2.48;
2022-10-11 06:00:00;53.0;46.48;47.0;13.11;74.75;2.34;
2022-10-11 07:00:00;132.0;40.73;120.0;14.89;75.0;2.0;
2022-10-11 08:00:00;170.0;13.82;164.0;17.32;63.05;3.03;
2022-10-11 09:00:00;245.0;27.86;230.0;18.37;54.85;4.41;
2022-10-11 10:00:00;484.0;368.3;263.0;18.75;51.15;4.97;
2022-10-11 11:00:00;508.0;400.01;262.0;18.87;51.15;5.03;
2022-10-11 12:00:00;578.0;771.22;129.0;18.48;51.15;4.55;
2022-10-11 13:00:00;451.0;561.62;168.0;18.89;51.15;4.62;
2022-10-11 14:00:00;129.0;5.19;127.0;18.64;49.3;4.14;
2022-10-11 15:00:00;200.0;562.01;68.0;18.12;52.9;3.52;
2022-10-11 16:00:00;36.0;224.09;22.0;17.44;54.7;2.21;
2022-10-11 17:00:00;0.0;0.0;0.0;16.43;58.7;1.86;
2022-10-11 18:00:00;0.0;0.0;0.0;15.79;62.85;1.66;
2022-10-11 19:00:00;0.0;0.0;0.0;14.82;69.85;2.07;
2022-10-11 20:00:00;0.0;0.0;0.0;14.67;69.85;2.0;
2022-10-11 21:00:00;0.0;0.0;0.0;14.44;69.85;1.93;
2022-10-11 22:00:00;0.0;0.0;0.0;14.22;72.3;1.79;
2022-10-11 23:00:00;0.0;0.0;0.0;13.73;74.85;1.66;
2022-10-12 00:00:00;0.0;0.0;0.0;13.07;77.5;1.52;
2022-10-12 01:00:00;0.0;0.0;0.0;12.26;83.15;1.72;
2022-10-12 02:00:00;0.0;0.0;0.0;11.62;86.15;1.86;
2022-10-12 03:00:00;0.0;0.0;0.0;11.22;89.3;1.72;
2022-10-12 04:00:00;0.0;0.0;0.0;10.76;89.25;1.66;
2022-10-12 05:00:00;0.0;0.0;0.0;10.4;89.25;1.66;
2022-10-12 06:00:00;80.0;288.0;44.0;10.3;92.5;1.66;
2022-10-12 07:00:00;239.0;506.4;92.0;13.28;89.4;1.03;
2022-10-12 08:00:00;397.0;663.34;112.0;16.07;72.65;1.38;
2022-10-12 09:00:00;515.0;729.03;126.0;17.77;65.45;1.52;
2022-10-12 10:00:00;597.0;793.25;125.0;19.0;55.05;1.72;
2022-10-12 11:00:00;605.0;769.16;136.0;20.02;51.5;1.66;
2022-10-12 12:00:00;561.0;728.16;141.0;20.6;48.05;1.52;
2022-10-12 13:00:00;461.0;636.05;144.0;21.06;46.5;1.66;
2022-10-12 14:00:00;335.0;576.51;116.0;21.23;46.5;1.66;
2022-10-12 15:00:00;175.0;405.53;82.0;20.99;46.5;1.66;
2022-10-12 16:00:00;26.0;122.79;19.0;20.19;51.5;1.1;
2022-10-12 17:00:00;0.0;0.0;0.0;18.36;65.55;0.9;
2022-10-12 18:00:00;0.0;0.0;0.0;16.39;70.1;1.03;
2022-10-12 19:00:00;0.0;0.0;0.0;14.67;80.55;1.72;
2022-10-12 20:00:00;0.0;0.0;0.0;13.95;83.4;1.66;
2022-10-12 21:00:00;0.0;0.0;0.0;14.37;83.4;1.1;
2022-10-12 22:00:00;0.0;0.0;0.0;14.65;83.45;0.83;
2022-10-12 23:00:00;0.0;0.0;0.0;14.09;86.4;0.55;
2022-10-13 00:00:00;0.0;0.0;0.0;12.66;92.6;1.03;
2022-10-13 01:00:00;0.0;0.0;0.0;11.2;99.35;1.38;
2022-10-13 02:00:00;0.0;0.0;0.0;10.94;99.35;1.45;
2022-10-13 03:00:00;0.0;0.0;0.0;11.02;99.35;1.45;
2022-10-13 04:00:00;0.0;0.0;0.0;10.83;99.4;1.66;
2022-10-13 05:00:00;0.0;0.0;0.0;10.95;99.35;1.66;
2022-10-13 06:00:00;70.0;198.53;46.0;11.42;95.9;1.59;
2022-10-13 07:00:00;225.0;430.14;102.0;13.85;99.4;1.24;
2022-10-13 08:00:00;392.0;656.36;113.0;16.13;86.55;1.72;
2022-10-13 09:00:00;508.0;707.3;134.0;18.68;75.55;2.28;
2022-10-13 10:00:00;591.0;786.47;127.0;19.99;65.95;2.28;
2022-10-13 11:00:00;538.0;522.73;222.0;20.84;59.5;2.55;
2022-10-13 12:00:00;542.0;663.27;163.0;21.51;50.05;3.17;
2022-10-13 13:00:00;458.0;639.07;143.0;21.69;44.95;3.38;
2022-10-13 14:00:00;320.0;515.57;127.0;21.59;41.85;3.38;
2022-10-13 15:00:00;179.0;473.59;73.0;21.09;41.7;3.24;
2022-10-13 16:00:00;25.0;155.06;17.0;19.76;49.55;2.48;
2022-10-13 17:00:00;0.0;0.0;0.0;17.84;56.75;2.41;
2022-10-13 18:00:00;0.0;0.0;0.0;16.48;63.05;2.21;
2022-10-13 19:00:00;0.0;0.0;0.0;15.43;75.15;2.14;
2022-10-13 20:00:00;0.0;0.0;0.0;14.42;83.45;2.21;
2022-10-13 21:00:00;0.0;0.0;0.0;13.9;86.4;2.28;
2022-10-13 22:00:00;0.0;0.0;0.0;13.78;89.45;2.48;
2022-10-13 23:00:00;0.0;0.0;0.0;14.32;83.4;2.76;
2022-10-14 00:00:00;0.0;0.0;0.0;14.47;75.0;3.1;
2022-10-14 01:00:00;0.0;0.0;0.0;14.42;69.85;3.31;
2022-10-14 02:00:00;0.0;0.0;0.0;14.3;64.85;3.38;
2022-10-14 03:00:00;0.0;0.0;0.0;14.32;60.3;3.31;
2022-10-14 04:00:00;0.0;0.0;0.0;14.05;58.1;3.1;
2022-10-14 05:00:00;0.0;0.0;0.0;13.83;58.0;2.69;
2022-10-14 06:00:00;49.0;59.95;42.0;13.87;58.0;2.34;
2022-10-14 07:00:00;135.0;56.82;119.0;14.53;64.95;2.21;
2022-10-14 08:00:00;198.0;40.43;181.0;15.44;56.35;3.03;
2022-10-14 09:00:00;282.0;68.71;246.0;16.13;52.5;3.1;
2022-10-14 10:00:00;470.0;360.73;259.0;16.67;50.75;2.9;
2022-10-14 11:00:00;600.0;777.6;134.0;17.27;50.75;2.76;
2022-10-14 12:00:00;372.0;164.3;279.0;17.7;49.05;2.48;
2022-10-14 13:00:00;252.0;57.44;224.0;17.98;47.4;2.41;
2022-10-14 14:00:00;340.0;656.1;98.0;17.93;49.05;2.48;
2022-10-14 15:00:00;179.0;503.75;69.0;17.4;50.75;2.62;
2022-10-14 16:00:00;21.0;129.79;15.0;16.34;52.5;2.34;
2022-10-14 17:00:00;0.0;0.0;0.0;14.67;58.25;2.34;
2022-10-14 18:00:00;0.0;0.0;0.0;13.58;62.45;2.14;
2022-10-14 19:00:00;0.0;0.0;0.0;12.48;66.95;1.93;
2022-10-14 20:00:00;0.0;0.0;0.0;11.51;71.85;1.86;
2022-10-14 21:00:00;0.0;0.0;0.0;10.68;77.15;1.86;
2022-10-14 22:00:00;0.0;0.0;0.0;10.13;82.95;2.0;
2022-10-14 23:00:00;0.0;0.0;0.0;9.74;85.95;2.07;
2022-10-15 00:00:00;0.0;0.0;0.0;9.34;89.1;2.14;
2022-10-15 01:00:00;0.0;0.0;0.0;9.05;89.1;2.14;
2022-10-15 02:00:00;0.0;0.0;0.0;8.8;89.1;2.07;
2022-10-15 03:00:00;0.0;0.0;0.0;8.49;89.1;2.0;
2022-10-15 04:00:00;0.0;0.0;0.0;7.99;89.05;1.93;
2022-10-15 05:00:00;0.0;0.0;0.0;7.52;92.35;1.79;
2022-10-15 06:00:00;76.0;346.29;37.0;7.36;92.35;1.66;
2022-10-15 07:00:00;240.0;566.3;83.0;10.44;83.0;1.38;
2022-10-15 08:00:00;396.0;692.51;108.0;13.41;67.15;1.45;
2022-10-15 09:00:00;516.0;757.08;123.0;15.44;56.35;1.38;
2022-10-15 10:00:00;582.0;762.24;140.0;16.75;47.15;1.03;
2022-10-15 11:00:00;593.0;740.69;153.0;17.71;42.3;0.9;
2022-10-15 12:00:00;551.0;711.67;152.0;18.37;40.9;0.69;
2022-10-15 13:00:00;472.0;726.17;122.0;18.76;39.55;0.69;
2022-10-15 14:00:00;333.0;624.68;106.0;18.87;39.55;0.9;
2022-10-15 15:00:00;175.0;502.47;68.0;18.52;39.55;1.24;
2022-10-15 16:00:00;18.0;122.2;13.0;17.54;43.9;1.66;
2022-10-15 17:00:00;0.0;0.0;0.0;15.46;50.5;2.34;
2022-10-15 18:00:00;0.0;0.0;0.0;13.79;60.2;2.41;
2022-10-15 19:00:00;0.0;0.0;0.0;12.63;66.95;2.14;
2022-10-15 20:00:00;0.0;0.0;0.0;11.62;74.55;2.0;
2022-10-15 21:00:00;0.0;0.0;0.0;10.53;80.05;1.79;
2022-10-15 22:00:00;0.0;0.0;0.0;9.78;85.95;1.52;
2022-10-15 23:00:00;0.0;0.0;0.0;9.74;85.95;1.24;
2022-10-16 00:00:00;0.0;0.0;0.0;10.03;82.95;0.97;
2022-10-16 01:00:00;0.0;0.0;0.0;9.14;85.95;1.03;
2022-10-16 02:00:00;0.0;0.0;0.0;7.75;95.8;1.24;
2022-10-16 03:00:00;0.0;0.0;0.0;6.93;95.8;1.31;
2022-10-16 04:00:00;0.0;0.0;0.0;6.47;95.8;1.45;
2022-10-16 05:00:00;0.0;0.0;0.0;6.24;95.8;1.52;
2022-10-16 06:00:00;71.0;304.23;38.0;6.22;95.8;1.52;
2022-10-16 07:00:00;233.0;542.41;85.0;9.34;95.85;0.97;
2022-10-16 08:00:00;391.0;690.56;107.0;13.25;77.5;0.97;
2022-10-16 09:00:00;511.0;756.44;122.0;15.67;67.55;1.1;
2022-10-16 10:00:00;581.0;777.65;134.0;16.99;60.85;1.03;
2022-10-16 11:00:00;588.0;740.48;152.0;17.99;54.85;1.03;
2022-10-16 12:00:00;552.0;740.14;141.0;18.65;51.15;0.97;
2022-10-16 13:00:00;466.0;726.04;120.0;18.96;49.45;1.03;
2022-10-16 14:00:00;329.0;634.15;102.0;18.99;49.45;1.24;
2022-10-16 15:00:00;170.0;501.02;66.0;18.61;51.15;1.52;
2022-10-16 16:00:00;11.0;0.0;11.0;17.53;56.75;1.79;
2022-10-16 17:00:00;0.0;0.0;0.0;15.46;65.15;2.41;
2022-10-16 18:00:00;0.0;0.0;0.0;13.95;72.3;2.41;
2022-10-16 19:00:00;0.0;0.0;0.0;12.73;77.45;2.14;
2022-10-16 20:00:00;0.0;0.0;0.0;11.69;86.15;1.86;
2022-10-16 21:00:00;0.0;0.0;0.0;10.53;92.5;1.52;
2022-10-16 22:00:00;0.0;0.0;0.0;10.81;89.25;1.03;
2022-10-16 23:00:00;0.0;0.0;0.0;10.97;89.3;0.28;
2022-10-17 00:00:00;0.0;0.0;0.0;10.2;95.9;0.76;
2022-10-17 01:00:00;0.0;0.0;0.0;8.19;99.4;1.24;
2022-10-17 02:00:00;0.0;0.0;0.0;7.51;99.4;1.31;
2022-10-17 03:00:00;0.0;0.0;0.0;7.26;100.0;1.31;
2022-10-17 04:00:00;0.0;0.0;0.0;7.13;100.0;1.1;
2022-10-17 05:00:00;0.0;0.0;0.0;7.2;100.0;0.97;
2022-10-17 06:00:00;56.0;153.39;40.0;7.3;100.0;0.83;
2022-10-17 07:00:00;196.0;316.62;111.0;8.8;99.4;0.28;
2022-10-17 08:00:00;375.0;632.03;118.0;10.54;95.9;0.14;
2022-10-17 09:00:00;494.0;706.73;134.0;12.82;89.4;0.0;
2022-10-17 10:00:00;568.0;752.97;139.0;14.85;77.75;0.34;
2022-10-17 11:00:00;585.0;760.82;141.0;16.5;65.35;0.48;
2022-10-17 12:00:00;546.0;745.51;136.0;17.47;58.8;0.48;
2022-10-17 13:00:00;413.0;503.01;176.0;18.05;54.85;0.55;
2022-10-17 14:00:00;272.0;348.87;149.0;18.24;54.85;0.62;
2022-10-17 15:00:00;160.0;449.92;69.0;17.98;52.9;0.9;
2022-10-17 16:00:00;9.0;0.0;9.0;17.15;58.7;1.45;
2022-10-17 17:00:00;0.0;0.0;0.0;15.31;67.45;2.21;
2022-10-17 18:00:00;0.0;0.0;0.0;13.84;80.4;2.21;
2022-10-17 19:00:00;0.0;0.0;0.0;12.66;83.25;1.86;
2022-10-17 20:00:00;0.0;0.0;0.0;11.9;86.2;1.66;
2022-10-17 21:00:00;0.0;0.0;0.0;10.91;92.55;1.45;
2022-10-17 22:00:00;0.0;0.0;0.0;10.57;95.9;1.1;
2022-10-17 23:00:00;0.0;0.0;0.0;10.92;95.9;0.76;
2022-10-18 00:00:00;0.0;0.0;0.0;10.6;99.4;0.55;
2022-10-18 01:00:00;0.0;0.0;0.0;9.84;100.0;0.9;
2022-10-18 02:00:00;0.0;0.0;0.0;8.89;99.4;1.1;
2022-10-18 03:00:00;0.0;0.0;0.0;8.21;100.0;1.03;
2022-10-18 04:00:00;0.0;0.0;0.0;8.24;100.0;0.9;
2022-10-18 05:00:00;0.0;0.0;0.0;8.27;100.0;0.97;
2022-10-18 06:00:00;44.0;79.89;36.0;8.69;99.4;0.97;
2022-10-18 07:00:00;199.0;374.92;100.0;10.4;95.9;0.55;
2022-10-18 08:00:00;263.0;186.58;188.0;12.43;89.4;0.21;
2022-10-18 09:00:00;466.0;622.37;152.0;14.99;77.8;0.34;
2022-10-18 10:00:00;486.0;467.52;222.0;16.77;67.75;0.62;
2022-10-18 11:00:00;266.0;27.66;250.0;18.05;61.05;1.17;
2022-10-18 12:00:00;133.0;0.0;133.0;18.54;59.05;1.66;
2022-10-18 13:00:00;62.0;0.0;62.0;18.7;56.95;1.66;
2022-10-18 14:00:00;55.0;0.0;55.0;18.55;56.95;1.45;
2022-10-18 15:00:00;14.0;0.0;14.0;18.17;56.85;2.48;
2022-10-18 16:00:00;6.0;0.0;6.0;16.76;63.05;3.59;
2022-10-18 17:00:00;0.0;0.0;0.0;14.74;77.75;4.07;
2022-10-18 18:00:00;0.0;0.0;0.0;13.79;83.35;4.41;
2022-10-18 19:00:00;0.0;0.0;0.0;12.99;64.65;4.41;
2022-10-18 20:00:00;0.0;0.0;0.0;12.58;62.2;4.07;
2022-10-18 21:00:00;0.0;0.0;0.0;11.87;64.35;3.31;
2022-10-18 22:00:00;0.0;0.0;0.0;11.08;66.65;2.41;
2022-10-18 23:00:00;0.0;0.0;0.0;10.22;74.3;1.1;
2022-10-19 00:00:00;0.0;0.0;0.0;10.61;69.1;0.55;
2022-10-19 01:00:00;0.0;0.0;0.0;7.59;89.0;1.86;
2022-10-19 02:00:00;0.0;0.0;0.0;7.26;92.35;1.93;
2022-10-19 03:00:00;0.0;0.0;0.0;7.03;92.35;2.07;
2022-10-19 04:00:00;0.0;0.0;0.0;6.93;92.35;2.14;
2022-10-19 05:00:00;0.0;0.0;0.0;6.83;89.0;2.07;
2022-10-19 06:00:00;62.0;312.65;32.0;6.62;92.3;1.93;
2022-10-19 07:00:00;217.0;516.1;83.0;9.07;92.45;1.52;
2022-10-19 08:00:00;342.0;498.33;144.0;12.4;72.05;1.86;
2022-10-19 09:00:00;487.0;718.5;128.0;14.43;60.4;2.28;
2022-10-19 10:00:00;551.0;721.92;147.0;15.76;52.4;2.07;
2022-10-19 11:00:00;558.0;687.42;164.0;16.59;42.15;1.38;
2022-10-19 12:00:00;523.0;686.02;153.0;17.09;40.6;0.83;
2022-10-19 13:00:00;438.0;671.06;129.0;17.31;37.65;0.9;
2022-10-19 14:00:00;309.0;605.4;102.0;17.13;37.65;1.59;
2022-10-19 15:00:00;153.0;464.08;64.0;16.5;37.65;2.48;
2022-10-19 16:00:00;0.0;0.0;0.0;15.25;45.05;2.76;
2022-10-19 17:00:00;0.0;0.0;0.0;13.43;55.9;3.03;
2022-10-19 18:00:00;0.0;0.0;0.0;12.31;64.45;2.76;
2022-10-19 19:00:00;0.0;0.0;0.0;11.96;69.35;2.07;
2022-10-19 20:00:00;0.0;0.0;0.0;10.91;77.2;3.17;
2022-10-19 21:00:00;0.0;0.0;0.0;9.56;85.95;3.24;
2022-10-19 22:00:00;0.0;0.0;0.0;9.14;89.1;2.21;
2022-10-19 23:00:00;0.0;0.0;0.0;8.98;89.1;1.45;
2022-10-20 00:00:00;0.0;0.0;0.0;8.59;92.4;0.83;
2022-10-20 01:00:00;0.0;0.0;0.0;8.2;92.4;0.9;
2022-10-20 02:00:00;0.0;0.0;0.0;7.67;92.35;1.72;
2022-10-20 03:00:00;0.0;0.0;0.0;7.26;92.35;1.59;
2022-10-20 04:00:00;0.0;0.0;0.0;7.48;85.8;1.72;
2022-10-20 05:00:00;0.0;0.0;0.0;7.54;82.65;2.0;
2022-10-20 06:00:00;57.0;283.33;31.0;7.45;79.65;2.48;
2022-10-20 07:00:00;228.0;611.26;72.0;8.84;74.05;2.9;
2022-10-20 08:00:00;393.0;776.73;88.0;10.6;59.5;4.07;
2022-10-20 09:00:00;468.0;630.59;156.0;11.01;49.3;5.17;
2022-10-20 10:00:00;570.0;804.24;124.0;12.14;39.4;5.17;
2022-10-20 11:00:00;564.0;714.83;158.0;12.81;36.55;5.17;
2022-10-20 12:00:00;522.0;685.31;156.0;13.22;33.95;5.17;
2022-10-20 13:00:00;440.0;685.46;128.0;13.2;31.4;5.03;
2022-10-20 14:00:00;301.0;573.27;108.0;13.12;30.15;4.83;
2022-10-20 15:00:00;138.0;348.3;73.0;12.63;30.05;4.41;
2022-10-20 16:00:00;0.0;0.0;0.0;11.69;33.55;3.38;
2022-10-20 17:00:00;0.0;0.0;0.0;10.42;37.45;2.76;
2022-10-20 18:00:00;0.0;0.0;0.0;9.48;41.85;2.55;
2022-10-20 19:00:00;0.0;0.0;0.0;9.29;46.95;4.21;
2022-10-20 20:00:00;0.0;0.0;0.0;9.16;45.15;4.28;
2022-10-20 21:00:00;0.0;0.0;0.0;8.71;48.65;3.86;
2022-10-20 22:00:00;0.0;0.0;0.0;8.63;52.6;3.52;
2022-10-20 23:00:00;0.0;0.0;0.0;8.4;54.65;3.17;
2022-10-21 00:00:00;0.0;0.0;0.0;7.75;61.1;2.55;
2022-10-21 01:00:00;0.0;0.0;0.0;6.94;63.35;2.14;
2022-10-21 02:00:00;0.0;0.0;0.0;5.84;65.75;2.07;
2022-10-21 03:00:00;0.0;0.0;0.0;5.27;70.8;2.14;
2022-10-21 04:00:00;0.0;0.0;0.0;4.69;70.7;2.21;
2022-10-21 05:00:00;0.0;0.0;0.0;4.3;73.4;2.07;
2022-10-21 06:00:00;59.0;365.43;27.0;3.84;76.25;1.86;
2022-10-21 07:00:00;164.0;211.34;111.0;5.66;70.85;1.59;
2022-10-21 08:00:00;211.0;77.32;181.0;8.87;52.7;1.79;
2022-10-21 09:00:00;295.0;108.19;242.0;10.99;40.65;2.41;
2022-10-21 10:00:00;552.0;749.76;140.0;12.23;37.9;3.1;
2022-10-21 11:00:00;553.0;689.43;165.0;13.12;33.95;3.66;
2022-10-21 12:00:00;511.0;661.86;161.0;13.64;30.3;3.93;
2022-10-21 13:00:00;434.0;684.58;126.0;13.87;28.0;3.93;
2022-10-21 14:00:00;303.0;615.46;99.0;13.69;28.0;4.07;
2022-10-21 15:00:00;146.0;473.77;60.0;13.1;31.4;3.93;
2022-10-21 16:00:00;0.0;0.0;0.0;11.95;36.45;2.97;
2022-10-21 17:00:00;0.0;0.0;0.0;10.34;43.7;2.62;
2022-10-21 18:00:00;0.0;0.0;0.0;9.19;48.8;2.62;
2022-10-21 19:00:00;0.0;0.0;0.0;9.05;50.7;3.17;
2022-10-21 20:00:00;0.0;0.0;0.0;8.65;52.6;3.24;
2022-10-21 21:00:00;0.0;0.0;0.0;8.34;52.45;3.38;
2022-10-21 22:00:00;0.0;0.0;0.0;8.08;50.45;3.31;
2022-10-21 23:00:00;0.0;0.0;0.0;7.75;52.35;3.31;
2022-10-22 00:00:00;0.0;0.0;0.0;7.77;50.35;3.24;
2022-10-22 01:00:00;0.0;0.0;0.0;7.69;48.4;3.24;
2022-10-22 02:00:00;0.0;0.0;0.0;7.98;43.1;3.1;
2022-10-22 03:00:00;0.0;0.0;0.0;8.56;38.4;3.17;
2022-10-22 04:00:00;0.0;0.0;0.0;8.78;36.9;3.03;
2022-10-22 05:00:00;0.0;0.0;0.0;8.57;35.45;2.83;
2022-10-22 06:00:00;33.0;59.98;28.0;8.63;36.9;2.62;
2022-10-22 07:00:00;64.0;0.0;64.0;9.45;38.7;2.41;
2022-10-22 08:00:00;151.0;13.04;146.0;9.95;37.3;2.48;
2022-10-22 09:00:00;362.0;278.34;227.0;11.0;34.75;2.83;
2022-10-22 10:00:00;239.0;20.2;228.0;11.62;33.55;2.55;
2022-10-22 11:00:00;138.0;0.0;138.0;11.61;37.75;2.0;
2022-10-22 12:00:00;151.0;0.0;151.0;11.42;44.1;2.21;
2022-10-22 13:00:00;92.0;0.0;92.0;10.41;66.55;2.41;
2022-10-22 14:00:00;58.0;0.0;58.0;9.93;74.3;3.1;
2022-10-22 15:00:00;50.0;5.67;49.0;9.71;71.5;3.38;
2022-10-22 16:00:00;0.0;0.0;0.0;9.65;68.9;2.9;
2022-10-22 17:00:00;0.0;0.0;0.0;9.28;68.8;2.07;
2022-10-22 18:00:00;0.0;0.0;0.0;9.2;66.25;1.31;
2022-10-22 19:00:00;0.0;0.0;0.0;9.49;77.0;1.03;
2022-10-22 20:00:00;0.0;0.0;0.0;9.21;85.95;1.1;
2022-10-22 21:00:00;0.0;0.0;0.0;8.99;82.85;1.24;
2022-10-22 22:00:00;0.0;0.0;0.0;8.74;82.75;1.31;
2022-10-22 23:00:00;0.0;0.0;0.0;8.4;76.85;1.38;
2022-10-23 00:00:00;0.0;0.0;0.0;8.4;74.05;1.31;
2022-10-23 01:00:00;0.0;0.0;0.0;8.32;73.95;1.24;
2022-10-23 02:00:00;0.0;0.0;0.0;7.89;76.8;1.31;
2022-10-23 03:00:00;0.0;0.0;0.0;7.42;82.65;1.24;
2022-10-23 04:00:00;0.0;0.0;0.0;7.59;85.8;0.97;
2022-10-23 05:00:00;0.0;0.0;0.0;7.61;89.0;0.9;
2022-10-23 06:00:00;48.0;265.3;27.0;7.8;92.35;0.97;
2022-10-23 07:00:00;206.0;558.1;71.0;9.2;82.85;0.55;
2022-10-23 08:00:00;222.0;118.84;177.0;11.34;61.85;0.97;
2022-10-23 09:00:00;250.0;60.4;221.0;13.05;51.75;1.24;
2022-10-23 10:00:00;408.0;291.04;251.0;14.36;48.25;1.31;
2022-10-23 11:00:00;485.0;497.75;210.0;15.28;46.75;1.59;
2022-10-23 12:00:00;102.0;0.0;102.0;15.46;45.15;1.86;
2022-10-23 13:00:00;402.0;614.31;132.0;15.42;46.9;2.0;
2022-10-23 14:00:00;184.0;115.19;147.0;14.95;50.35;2.21;
2022-10-23 15:00:00;48.0;5.83;47.0;14.19;56.0;2.48;
2022-10-23 16:00:00;0.0;0.0;0.0;13.28;64.65;2.55;
2022-10-23 17:00:00;0.0;0.0;0.0;12.45;66.95;2.41;
2022-10-23 18:00:00;0.0;0.0;0.0;11.65;71.85;2.21;
2022-10-23 19:00:00;0.0;0.0;0.0;11.69;71.85;1.93;
2022-10-23 20:00:00;0.0;0.0;0.0;11.08;77.2;1.66;
2022-10-23 21:00:00;0.0;0.0;0.0;9.76;82.9;1.66;
2022-10-23 22:00:00;0.0;0.0;0.0;9.09;85.95;1.59;
2022-10-23 23:00:00;0.0;0.0;0.0;8.91;85.95;1.66;
2022-10-24 00:00:00;0.0;0.0;0.0;9.54;82.9;1.72;
2022-10-24 01:00:00;0.0;0.0;0.0;10.21;86.0;2.14;
2022-10-24 02:00:00;0.0;0.0;0.0;10.24;92.5;2.69;
2022-10-24 03:00:00;0.0;0.0;0.0;10.27;92.5;3.52;
2022-10-24 04:00:00;0.0;0.0;0.0;10.06;89.2;4.07;
2022-10-24 05:00:00;0.0;0.0;0.0;9.72;92.45;4.07;
2022-10-24 06:00:00;20.0;13.34;19.0;9.4;89.15;3.66;
2022-10-24 07:00:00;94.0;25.27;88.0;9.7;92.45;3.24;
2022-10-24 08:00:00;52.0;0.0;52.0;10.34;89.2;3.31;
2022-10-24 09:00:00;101.0;0.0;101.0;11.39;74.55;4.28;
2022-10-24 10:00:00;193.0;5.61;190.0;12.35;66.85;4.76;
2022-10-24 11:00:00;344.0;135.19;270.0;13.18;57.9;4.9;
2022-10-24 12:00:00;460.0;549.44;178.0;13.53;53.85;4.69;
2022-10-24 13:00:00;265.0;131.22;208.0;13.59;53.85;4.41;
2022-10-24 14:00:00;161.0;69.59;139.0;13.35;55.75;4.07;
2022-10-24 15:00:00;48.0;6.0;47.0;12.94;55.75;3.86;
2022-10-24 16:00:00;0.0;0.0;0.0;12.47;59.95;2.97;
2022-10-24 17:00:00;0.0;0.0;0.0;12.07;62.1;2.55;
2022-10-24 18:00:00;0.0;0.0;0.0;11.55;64.35;2.34;
2022-10-24 19:00:00;0.0;0.0;0.0;11.01;74.45;2.69;
2022-10-24 20:00:00;0.0;0.0;0.0;10.84;77.15;2.76;
2022-10-24 21:00:00;0.0;0.0;0.0;10.37;80.05;2.9;
2022-10-24 22:00:00;0.0;0.0;0.0;9.93;82.95;2.97;
2022-10-24 23:00:00;0.0;0.0;0.0;9.75;85.95;2.9;
2022-10-25 00:00:00;0.0;0.0;0.0;9.73;85.95;2.69;
2022-10-25 01:00:00;0.0;0.0;0.0;9.88;82.95;2.76;
2022-10-25 02:00:00;0.0;0.0;0.0;9.87;86.0;2.9;
2022-10-25 03:00:00;0.0;0.0;0.0;9.86;82.95;2.97;
2022-10-25 04:00:00;0.0;0.0;0.0;9.91;82.95;2.97;
2022-10-25 05:00:00;0.0;0.0;0.0;9.85;89.15;3.03;
2022-10-25 06:00:00;15.0;0.0;15.0;9.87;82.95;3.1;
2022-10-25 07:00:00;126.0;107.3;101.0;10.92;77.2;3.03;
2022-10-25 08:00:00;147.0;16.25;141.0;12.13;74.6;3.03;
2022-10-25 09:00:00;73.0;0.0;73.0;13.3;69.55;3.59;
2022-10-25 10:00:00;102.0;0.0;102.0;14.66;64.95;4.14;
2022-10-25 11:00:00;132.0;0.0;132.0;15.61;62.85;4.21;
2022-10-25 12:00:00;97.0;0.0;97.0;15.79;62.85;4.34;
2022-10-25 13:00:00;106.0;0.0;106.0;15.29;65.05;4.28;
2022-10-25 14:00:00;79.0;0.0;79.0;14.98;67.45;4.21;
2022-10-25 15:00:00;48.0;6.18;47.0;14.72;69.85;3.79;
2022-10-25 16:00:00;0.0;0.0;0.0;14.13;72.3;3.66;
2022-10-25 17:00:00;0.0;0.0;0.0;13.78;77.6;3.66;
2022-10-25 18:00:00;0.0;0.0;0.0;13.33;80.35;3.45;
2022-10-25 19:00:00;0.0;0.0;0.0;12.63;83.25;3.59;
2022-10-25 20:00:00;0.0;0.0;0.0;12.73;83.25;3.93;
2022-10-25 21:00:00;0.0;0.0;0.0;12.85;83.25;4.21;
2022-10-25 22:00:00;0.0;0.0;0.0;12.9;80.35;4.48;
2022-10-25 23:00:00;0.0;0.0;0.0;12.77;83.25;4.97;
2022-10-26 00:00:00;0.0;0.0;0.0;12.71;80.3;5.31;
2022-10-26 01:00:00;0.0;0.0;0.0;12.41;80.3;5.52;
2022-10-26 02:00:00;0.0;0.0;0.0;12.11;86.2;5.45;
2022-10-26 03:00:00;0.0;0.0;0.0;12.01;86.2;5.45;
2022-10-26 04:00:00;0.0;0.0;0.0;11.87;89.3;5.17;
2022-10-26 05:00:00;0.0;0.0;0.0;11.77;89.3;5.1;
2022-10-26 06:00:00;15.0;0.0;15.0;11.71;92.55;5.24;
2022-10-26 07:00:00;31.0;0.0;31.0;11.68;92.55;5.93;
2022-10-26 08:00:00;29.0;0.0;29.0;11.76;92.55;6.0;
2022-10-26 09:00:00;223.0;42.96;203.0;12.12;89.35;5.93;
2022-10-26 10:00:00;57.0;0.0;57.0;12.6;86.25;6.07;
2022-10-26 11:00:00;107.0;0.0;107.0;13.18;83.25;6.48;
2022-10-26 12:00:00;145.0;0.0;145.0;13.58;80.4;6.21;
2022-10-26 13:00:00;158.0;9.43;154.0;14.11;80.45;6.21;
2022-10-26 14:00:00;97.0;3.27;96.0;13.7;80.4;5.45;
2022-10-26 15:00:00;49.0;6.37;48.0;13.29;83.25;4.76;
2022-10-26 16:00:00;0.0;0.0;0.0;12.8;89.4;4.9;
2022-10-26 17:00:00;0.0;0.0;0.0;12.39;89.4;4.62;
2022-10-26 18:00:00;0.0;0.0;0.0;12.4;92.6;4.34;
2022-10-26 19:00:00;0.0;0.0;0.0;12.59;92.6;3.59;
2022-10-26 20:00:00;0.0;0.0;0.0;12.69;95.95;3.45;
2022-10-26 21:00:00;0.0;0.0;0.0;12.7;92.6;3.31;
2022-10-26 22:00:00;0.0;0.0;0.0;12.8;92.6;3.1;
2022-10-26 23:00:00;0.0;0.0;0.0;12.81;92.6;3.03;
2022-10-27 00:00:00;0.0;0.0;0.0;13.01;89.4;2.9;
2022-10-27 01:00:00;0.0;0.0;0.0;13.14;92.65;2.69;
2022-10-27 02:00:00;0.0;0.0;0.0;13.25;92.65;2.41;
2022-10-27 03:00:00;0.0;0.0;0.0;13.34;92.65;2.14;
2022-10-27 04:00:00;0.0;0.0;0.0;13.28;92.65;2.0;
2022-10-27 05:00:00;0.0;0.0;0.0;13.33;92.65;2.07;
2022-10-27 06:00:00;6.0;0.0;6.0;13.3;92.65;2.14;
2022-10-27 07:00:00;74.0;8.93;72.0;13.33;86.3;1.52;
2022-10-27 08:00:00;130.0;8.33;127.0;14.05;80.45;1.66;
2022-10-27 09:00:00;187.0;15.19;180.0;14.39;80.45;1.79;
2022-10-27 10:00:00;219.0;17.33;210.0;15.36;77.8;1.79;
2022-10-27 11:00:00;299.0;84.56;254.0;16.0;72.65;1.79;
2022-10-27 12:00:00;236.0;36.14;218.0;16.62;70.2;1.93;
2022-10-27 13:00:00;105.0;0.0;105.0;17.04;72.7;1.93;
2022-10-27 14:00:00;166.0;102.86;135.0;17.24;72.7;1.93;
2022-10-27 15:00:00;95.0;229.81;60.0;17.23;72.7;1.79;
2022-10-27 16:00:00;0.0;0.0;0.0;16.65;72.7;1.52;
2022-10-27 17:00:00;0.0;0.0;0.0;15.53;77.85;1.72;
2022-10-27 18:00:00;0.0;0.0;0.0;14.41;83.45;1.66;
2022-10-27 19:00:00;0.0;0.0;0.0;14.46;89.5;1.17;
2022-10-27 20:00:00;0.0;0.0;0.0;14.09;89.5;1.38;
2022-10-27 21:00:00;0.0;0.0;0.0;13.92;89.5;1.45;
2022-10-27 22:00:00;0.0;0.0;0.0;13.71;92.65;1.38;
2022-10-27 23:00:00;0.0;0.0;0.0;13.32;95.95;1.45;
2022-10-28 00:00:00;0.0;0.0;0.0;13.06;95.95;1.38;
2022-10-28 01:00:00;0.0;0.0;0.0;12.89;95.95;1.1;
2022-10-28 02:00:00;0.0;0.0;0.0;13.11;95.95;0.9;
2022-10-28 03:00:00;0.0;0.0;0.0;12.69;99.4;1.24;
2022-10-28 04:00:00;0.0;0.0;0.0;13.0;95.95;1.31;
2022-10-28 05:00:00;0.0;0.0;0.0;13.35;99.4;1.66;
2022-10-28 06:00:00;17.0;17.21;16.0;13.32;99.4;2.0;
2022-10-28 07:00:00;98.0;50.08;87.0;13.96;92.7;2.28;
2022-10-28 08:00:00;142.0;16.89;136.0;14.7;89.5;2.62;
2022-10-28 09:00:00;149.0;2.19;148.0;15.12;86.5;2.69;
2022-10-28 10:00:00;178.0;3.89;176.0;15.71;80.65;2.76;
2022-10-28 11:00:00;251.0;36.04;232.0;16.16;77.95;2.41;
2022-10-28 12:00:00;125.0;0.0;125.0;16.17;77.95;2.55;
2022-10-28 13:00:00;160.0;12.07;155.0;15.98;77.95;2.83;
2022-10-28 14:00:00;174.0;131.5;135.0;15.55;80.65;2.9;
2022-10-28 15:00:00;103.0;345.35;52.0;15.14;80.6;2.97;
2022-10-28 16:00:00;0.0;0.0;0.0;14.41;83.45;2.62;
2022-10-28 17:00:00;0.0;0.0;0.0;13.89;86.35;2.28;
2022-10-28 18:00:00;0.0;0.0;0.0;13.5;86.35;1.79;
2022-10-28 19:00:00;0.0;0.0;0.0;13.16;89.4;2.07;
2022-10-28 20:00:00;0.0;0.0;0.0;12.92;89.4;2.21;
2022-10-28 21:00:00;0.0;0.0;0.0;12.6;92.6;1.72;
2022-10-28 22:00:00;0.0;0.0;0.0;12.18;95.95;1.31;
2022-10-28 23:00:00;0.0;0.0;0.0;11.48;95.9;1.66;
2022-10-29 00:00:00;0.0;0.0;0.0;11.0;95.9;1.72;
2022-10-29 01:00:00;0.0;0.0;0.0;10.56;99.4;1.72;
2022-10-29 02:00:00;0.0;0.0;0.0;10.35;99.4;1.52;
2022-10-29 03:00:00;0.0;0.0;0.0;9.8;99.4;1.38;
2022-10-29 04:00:00;0.0;0.0;0.0;9.79;99.4;1.1;
2022-10-29 05:00:00;0.0;0.0;0.0;9.85;99.4;1.03;
2022-10-29 06:00:00;20.0;55.67;17.0;9.69;99.4;0.97;
2022-10-29 07:00:00;171.0;469.33;70.0;10.53;99.4;1.1;
2022-10-29 08:00:00;326.0;667.28;92.0;12.07;92.6;0.97;
2022-10-29 09:00:00;445.0;758.16;103.0;14.05;83.4;0.97;
2022-10-29 10:00:00;472.0;610.29;161.0;15.44;70.0;1.31;
2022-10-29 11:00:00;355.0;187.67;257.0;16.33;65.25;1.31;
2022-10-29 12:00:00;461.0;659.76;139.0;16.99;60.85;1.38;
2022-10-29 13:00:00;385.0;674.02;109.0;17.34;58.7;1.59;
2022-10-29 14:00:00;237.0;448.89;106.0;17.08;56.6;1.79;
2022-10-29 15:00:00;68.0;76.85;57.0;16.58;58.7;1.72;
2022-10-29 16:00:00;0.0;0.0;0.0;15.29;67.45;2.0;
2022-10-29 17:00:00;0.0;0.0;0.0;13.75;74.85;2.28;
2022-10-29 18:00:00;0.0;0.0;0.0;12.56;83.25;2.28;
2022-10-29 19:00:00;0.0;0.0;0.0;11.7;92.55;1.72;
2022-10-29 20:00:00;0.0;0.0;0.0;11.07;95.9;1.66;
2022-10-29 21:00:00;0.0;0.0;0.0;10.83;95.9;1.66;
2022-10-29 22:00:00;0.0;0.0;0.0;10.51;95.9;1.66;
2022-10-29 23:00:00;0.0;0.0;0.0;10.15;95.9;1.59;
2022-10-30 00:00:00;0.0;0.0;0.0;9.95;95.9;1.79;
2022-10-30 01:00:00;0.0;0.0;0.0;10.28;95.9;1.72;
2022-10-30 02:00:00;0.0;0.0;0.0;10.22;95.9;2.0;
2022-10-30 03:00:00;0.0;0.0;0.0;10.49;95.9;1.93;
2022-10-30 04:00:00;0.0;0.0;0.0;10.73;95.9;2.14;
2022-10-30 05:00:00;0.0;0.0;0.0;10.72;95.9;2.41;
2022-10-30 06:00:00;2.0;0.0;2.0;11.02;92.55;2.48;
2022-10-30 07:00:00;29.0;0.0;29.0;11.69;95.9;3.52;
2022-10-30 08:00:00;49.0;0.0;49.0;11.98;92.6;3.52;
2022-10-30 09:00:00;48.0;0.0;48.0;12.06;92.6;3.93;
2022-10-30 10:00:00;144.0;0.0;144.0;12.26;95.95;4.48;
2022-10-30 11:00:00;63.0;0.0;63.0;12.44;92.6;4.97;
2022-10-30 12:00:00;76.0;0.0;76.0;12.42;92.6;5.38;
2022-10-30 13:00:00;84.0;0.0;84.0;12.28;92.6;5.66;
2022-10-30 14:00:00;85.0;3.48;84.0;11.98;89.35;5.66;
2022-10-30 15:00:00;60.0;57.69;52.0;11.78;92.55;5.79;
2022-10-30 16:00:00;0.0;0.0;0.0;11.63;89.3;6.14;
2022-10-30 17:00:00;0.0;0.0;0.0;11.57;89.3;6.41;
2022-10-30 18:00:00;0.0;0.0;0.0;11.5;89.3;6.76;
2022-10-30 19:00:00;0.0;0.0;0.0;11.15;89.3;6.28;
2022-10-30 20:00:00;0.0;0.0;0.0;11.22;89.3;6.48;
2022-10-30 21:00:00;0.0;0.0;0.0;11.22;89.3;6.55;
2022-10-30 22:00:00;0.0;0.0;0.0;11.19;89.3;6.48;
2022-10-30 23:00:00;0.0;0.0;0.0;11.19;89.3;6.28;
2022-10-31 00:00:00;0.0;0.0;0.0;11.2;89.3;6.14;
2022-10-31 01:00:00;0.0;0.0;0.0;11.27;89.3;5.79;
2022-10-31 02:00:00;0.0;0.0;0.0;11.32;86.1;5.38;
2022-10-31 03:00:00;0.0;0.0;0.0;11.48;83.1;4.97;
2022-10-31 04:00:00;0.0;0.0;0.0;11.78;80.15;4.69;
2022-10-31 05:00:00;0.0;0.0;0.0;12.05;77.35;4.34;
2022-10-31 06:00:00;11.0;0.0;11.0;12.29;77.35;4.0;
2022-10-31 07:00:00;111.0;116.31;87.0;12.03;77.35;3.72;
2022-10-31 08:00:00;168.0;55.65;149.0;12.9;69.55;3.72;
2022-10-31 09:00:00;373.0;468.83;166.0;14.24;67.25;3.45;
2022-10-31 10:00:00;418.0;434.14;201.0;15.29;60.5;4.21;
2022-10-31 11:00:00;521.0;815.8;103.0;16.26;54.45;5.31;
2022-10-31 12:00:00;480.0;792.39;101.0;16.75;50.75;5.38;
2022-10-31 13:00:00;387.0;732.65;94.0;16.98;50.75;5.31;
2022-10-31 14:00:00;253.0;619.3;78.0;16.74;50.75;4.55;
2022-10-31 15:00:00;97.0;379.82;46.0;16.47;52.65;4.28;
2022-10-31 16:00:00;0.0;0.0;0.0;14.01;54.29;3.78;
2022-10-31 17:00:00;0.0;0.0;0.0;13.72;57.33;3.64;
2022-10-31 18:00:00;0.0;0.0;0.0;13.43;60.38;3.51;
2022-10-31 19:00:00;0.0;0.0;0.0;13.14;63.43;3.37;
2022-10-31 20:00:00;0.0;0.0;0.0;12.85;66.48;3.24;
2022-10-31 21:00:00;0.0;0.0;0.0;12.56;69.53;3.1;
2022-10-31 22:00:00;0.0;0.0;0.0;12.27;72.57;2.97;
2022-10-31 23:00:00;0.0;0.0;0.0;11.98;75.62;2.83;
2022-11-01 00:00:00;0.0;0.0;0.0;11.69;78.67;2.7;
2022-11-01 01:00:00;0.0;0.0;0.0;11.4;81.72;2.56;
2022-11-01 02:00:00;0.0;0.0;0.0;11.11;84.77;2.42;
2022-11-01 03:00:00;0.0;0.0;0.0;10.82;87.81;2.29;
2022-11-01 04:00:00;0.0;0.0;0.0;10.53;90.86;2.15;
2022-11-01 05:00:00;0.0;0.0;0.0;10.25;93.91;2.02;
2022-11-01 06:00:00;2.0;0.0;2.0;9.96;96.96;1.88;
2022-11-01 07:00:00;14.0;0.0;14.0;9.67;100.0;1.75;
2022-11-01 08:00:00;59.0;0.0;59.0;11.3;92.55;2.34;
2022-11-01 09:00:00;47.0;0.0;47.0;11.83;92.6;2.62;
2022-11-01 10:00:00;61.0;0.0;61.0;12.51;95.95;2.76;
2022-11-01 11:00:00;82.0;0.0;82.0;13.1;95.95;3.17;
2022-11-01 12:00:00;69.0;0.0;69.0;13.76;95.95;3.79;
2022-11-01 13:00:00;92.0;0.0;92.0;14.18;96.0;4.28;
2022-11-01 14:00:00;87.0;3.6;86.0;14.4;96.0;4.41;
2022-11-01 15:00:00;43.0;15.39;41.0;14.46;96.0;4.0;
2022-11-01 16:00:00;0.0;0.0;0.0;14.59;99.35;3.79;
2022-11-01 17:00:00;0.0;0.0;0.0;14.78;96.0;3.72;
2022-11-01 18:00:00;0.0;0.0;0.0;14.92;96.0;3.38;
2022-11-01 19:00:00;0.0;0.0;0.0;14.22;96.0;0.55;
2022-11-01 20:00:00;0.0;0.0;0.0;13.74;95.95;2.83;
2022-11-01 21:00:00;0.0;0.0;0.0;12.95;89.4;4.62;
2022-11-01 22:00:00;0.0;0.0;0.0;12.43;86.25;5.17;
2022-11-01 23:00:00;0.0;0.0;0.0;11.95;83.15;5.24;
2022-11-02 00:00:00;0.0;0.0;0.0;11.27;83.1;5.1;
2022-11-02 01:00:00;0.0;0.0;0.0;10.89;86.1;4.48;
2022-11-02 02:00:00;0.0;0.0;0.0;10.32;86.05;3.72;
2022-11-02 03:00:00;0.0;0.0;0.0;9.9;86.0;3.24;
2022-11-02 04:00:00;0.0;0.0;0.0;9.32;89.15;2.83;
2022-11-02 05:00:00;0.0;0.0;0.0;8.73;89.1;2.41;
2022-11-02 06:00:00;10.0;0.0;10.0;8.32;92.4;2.14;
2022-11-02 07:00:00;162.0;526.54;58.0;9.28;92.45;1.72;
2022-11-02 08:00:00;313.0;707.37;78.0;11.56;86.15;1.79;
2022-11-02 09:00:00;433.0;807.78;84.0;13.73;74.85;1.38;
2022-11-02 10:00:00;504.0;850.67;87.0;15.48;67.45;0.9;
2022-11-02 11:00:00;519.0;857.33;88.0;16.75;62.95;0.62;
2022-11-02 12:00:00;478.0;836.26;86.0;17.44;58.8;0.69;
2022-11-02 13:00:00;383.0;770.59;82.0;17.69;58.8;1.24;
2022-11-02 14:00:00;236.0;570.15;80.0;17.43;58.8;1.79;
2022-11-02 15:00:00;48.0;31.81;44.0;16.56;65.25;1.72;
2022-11-02 16:00:00;0.0;0.0;0.0;14.92;75.0;1.72;
2022-11-02 17:00:00;0.0;0.0;0.0;13.56;83.35;1.52;
2022-11-02 18:00:00;0.0;0.0;0.0;12.18;92.6;1.31;
2022-11-02 19:00:00;0.0;0.0;0.0;11.21;92.55;1.86;
2022-11-02 20:00:00;0.0;0.0;0.0;10.45;92.5;2.07;
2022-11-02 21:00:00;0.0;0.0;0.0;10.19;95.9;2.28;
2022-11-02 22:00:00;0.0;0.0;0.0;10.19;95.9;2.28;
2022-11-02 23:00:00;0.0;0.0;0.0;9.84;95.9;2.14;
2022-11-03 00:00:00;0.0;0.0;0.0;9.6;95.85;1.86;
2022-11-03 01:00:00;0.0;0.0;0.0;9.28;95.85;1.79;
2022-11-03 02:00:00;0.0;0.0;0.0;8.94;95.85;1.79;
2022-11-03 03:00:00;0.0;0.0;0.0;8.75;95.85;2.0;
2022-11-03 04:00:00;0.0;0.0;0.0;8.94;95.85;2.14;
2022-11-03 05:00:00;0.0;0.0;0.0;9.18;95.85;2.21;
2022-11-03 06:00:00;5.0;0.0;5.0;9.43;95.85;2.34;
2022-11-03 07:00:00;34.0;0.0;34.0;10.47;92.5;2.76;
2022-11-03 08:00:00;84.0;0.0;84.0;11.61;89.3;2.97;
2022-11-03 09:00:00;70.0;0.0;70.0;12.51;86.25;3.24;
2022-11-03 10:00:00;78.0;0.0;78.0;13.83;83.4;2.9;
2022-11-03 11:00:00;212.0;18.07;203.0;14.33;89.5;2.48;
2022-11-03 12:00:00;180.0;10.77;175.0;15.0;86.45;2.21;
2022-11-03 13:00:00;132.0;5.18;130.0;15.52;83.5;2.34;
2022-11-03 14:00:00;65.0;0.0;65.0;15.14;89.5;2.34;
2022-11-03 15:00:00;7.0;0.0;7.0;14.55;92.7;2.41;
2022-11-03 16:00:00;0.0;0.0;0.0;13.94;89.5;2.62;
2022-11-03 17:00:00;0.0;0.0;0.0;13.49;92.65;2.21;
2022-11-03 18:00:00;0.0;0.0;0.0;13.42;92.65;2.07;
2022-11-03 19:00:00;0.0;0.0;0.0;14.39;89.5;2.9;
2022-11-03 20:00:00;0.0;0.0;0.0;14.12;89.5;2.97;
2022-11-03 21:00:00;0.0;0.0;0.0;14.03;92.7;2.69;
2022-11-03 22:00:00;0.0;0.0;0.0;13.99;92.7;2.62;
2022-11-03 23:00:00;0.0;0.0;0.0;14.08;92.7;2.76;
2022-11-04 00:00:00;0.0;0.0;0.0;14.31;92.7;3.59;
2022-11-04 01:00:00;0.0;0.0;0.0;14.74;92.7;4.9;
2022-11-04 02:00:00;0.0;0.0;0.0;14.72;86.4;6.21;
2022-11-04 03:00:00;0.0;0.0;0.0;13.37;77.6;6.28;
2022-11-04 04:00:00;0.0;0.0;0.0;11.47;80.15;4.76;
2022-11-04 05:00:00;0.0;0.0;0.0;10.2;86.0;3.66;
2022-11-04 06:00:00;7.0;0.0;7.0;9.63;85.95;3.24;
2022-11-04 07:00:00;152.0;508.59;56.0;10.11;95.9;1.45;
2022-11-04 08:00:00;287.0;603.53;92.0;12.36;83.25;1.17;
2022-11-04 09:00:00;419.0;785.46;87.0;14.2;74.95;1.59;
2022-11-04 10:00:00;493.0;844.57;87.0;15.74;65.05;3.24;
2022-11-04 11:00:00;509.0;853.51;88.0;16.32;58.6;4.21;
2022-11-04 12:00:00;434.0;674.74;124.0;16.72;54.45;4.28;
2022-11-04 13:00:00;333.0;537.25;128.0;16.91;50.75;4.07;
2022-11-04 14:00:00;235.0;615.18;72.0;16.22;56.35;3.31;
2022-11-04 15:00:00;69.0;204.16;45.0;15.34;62.75;2.21;
2022-11-04 16:00:00;0.0;0.0;0.0;13.55;69.65;2.0;
2022-11-04 17:00:00;0.0;0.0;0.0;12.02;77.35;2.0;
2022-11-04 18:00:00;0.0;0.0;0.0;10.96;83.05;2.0;
2022-11-04 19:00:00;0.0;0.0;0.0;10.29;86.05;1.86;
2022-11-04 20:00:00;0.0;0.0;0.0;9.27;89.15;1.66;
2022-11-04 21:00:00;0.0;0.0;0.0;8.41;92.4;1.86;
2022-11-04 22:00:00;0.0;0.0;0.0;8.09;92.4;1.93;
2022-11-04 23:00:00;0.0;0.0;0.0;7.75;92.4;1.86;
2022-11-05 00:00:00;0.0;0.0;0.0;7.41;92.35;1.79;
2022-11-05 01:00:00;0.0;0.0;0.0;7.23;92.35;1.66;
2022-11-05 02:00:00;0.0;0.0;0.0;6.77;95.8;1.59;
2022-11-05 03:00:00;0.0;0.0;0.0;6.52;95.8;1.31;
2022-11-05 04:00:00;0.0;0.0;0.0;6.5;95.8;1.17;
2022-11-05 05:00:00;0.0;0.0;0.0;6.15;99.4;1.38;
2022-11-05 06:00:00;5.0;0.0;5.0;5.93;95.75;1.52;
2022-11-05 07:00:00;143.0;439.26;62.0;6.99;95.8;1.24;
2022-11-05 08:00:00;296.0;678.02;80.0;9.64;82.9;1.03;
2022-11-05 09:00:00;413.0;770.26;91.0;12.0;71.95;1.31;
2022-11-05 10:00:00;493.0;852.88;87.0;13.78;60.3;1.79;
2022-11-05 11:00:00;510.0;869.84;85.0;14.93;56.15;2.21;
2022-11-05 12:00:00;465.0;828.8;88.0;15.7;52.25;2.41;
2022-11-05 13:00:00;222.0;114.01;179.0;16.1;48.65;2.55;
2022-11-05 14:00:00;130.0;65.19;113.0;16.05;48.65;2.76;
2022-11-05 15:00:00;56.0;96.84;45.0;15.28;54.25;2.21;
2022-11-05 16:00:00;0.0;0.0;0.0;13.67;60.2;2.41;
2022-11-05 17:00:00;0.0;0.0;0.0;12.36;64.55;2.55;
2022-11-05 18:00:00;0.0;0.0;0.0;11.45;71.85;2.69;
2022-11-05 19:00:00;0.0;0.0;0.0;11.75;71.95;3.86;
2022-11-05 20:00:00;0.0;0.0;0.0;11.57;74.55;3.86;
2022-11-05 21:00:00;0.0;0.0;0.0;11.4;71.85;3.86;
2022-11-05 22:00:00;0.0;0.0;0.0;11.13;74.45;3.86;
2022-11-05 23:00:00;0.0;0.0;0.0;11.18;71.75;4.07;
2022-11-06 00:00:00;0.0;0.0;0.0;11.5;66.75;4.28;
2022-11-06 01:00:00;0.0;0.0;0.0;11.5;66.75;4.21;
2022-11-06 02:00:00;0.0;0.0;0.0;11.07;66.65;3.93;
2022-11-06 03:00:00;0.0;0.0;0.0;10.9;66.65;3.72;
2022-11-06 04:00:00;0.0;0.0;0.0;10.73;66.65;3.59;
2022-11-06 05:00:00;0.0;0.0;0.0;10.37;69.1;3.59;
2022-11-06 06:00:00;0.0;0.0;0.0;10.22;71.6;3.45;
2022-11-06 07:00:00;75.0;38.87;68.0;10.55;69.1;4.21;
2022-11-06 08:00:00;194.0;156.01;145.0;11.45;66.75;3.79;
2022-11-06 09:00:00;401.0;742.55;94.0;12.85;55.75;4.34;
2022-11-06 10:00:00;472.0;791.26;99.0;14.09;50.1;5.52;
2022-11-06 11:00:00;492.0;822.32;94.0;14.53;50.1;5.59;
2022-11-06 12:00:00;457.0;821.54;87.0;14.77;48.4;5.31;
2022-11-06 13:00:00;355.0;713.47;89.0;14.83;48.4;4.97;
2022-11-06 14:00:00;220.0;568.9;74.0;14.62;50.1;4.55;
2022-11-06 15:00:00;69.0;264.31;40.0;14.07;50.1;3.52;
2022-11-06 16:00:00;0.0;0.0;0.0;12.98;53.7;2.97;
2022-11-06 17:00:00;0.0;0.0;0.0;11.76;57.65;2.83;
2022-11-06 18:00:00;0.0;0.0;0.0;10.96;61.85;2.9;
2022-11-06 19:00:00;0.0;0.0;0.0;10.79;61.85;3.38;
2022-11-06 20:00:00;0.0;0.0;0.0;10.47;64.1;3.17;
2022-11-06 21:00:00;0.0;0.0;0.0;10.21;66.45;2.9;
2022-11-06 22:00:00;0.0;0.0;0.0;10.2;66.45;2.9;
2022-11-06 23:00:00;0.0;0.0;0.0;9.87;66.45;2.21;
2022-11-07 00:00:00;0.0;0.0;0.0;9.71;71.5;2.21;
2022-11-07 01:00:00;0.0;0.0;0.0;9.83;69.0;2.55;
2022-11-07 02:00:00;0.0;0.0;0.0;9.76;69.0;2.41;
2022-11-07 03:00:00;0.0;0.0;0.0;9.5;71.5;2.48;
2022-11-07 04:00:00;0.0;0.0;0.0;8.65;85.9;1.45;
2022-11-07 05:00:00;0.0;0.0;0.0;8.71;82.85;1.59;
2022-11-07 06:00:00;0.0;0.0;0.0;8.52;89.1;2.41;
2022-11-07 07:00:00;64.0;17.07;61.0;8.83;76.95;1.66;
2022-11-07 08:00:00;56.0;0.0;56.0;10.67;69.1;1.52;
2022-11-07 09:00:00;67.0;0.0;67.0;11.49;64.35;1.1;
2022-11-07 10:00:00;54.0;0.0;54.0;12.76;57.9;0.97;
2022-11-07 11:00:00;88.0;0.0;88.0;13.36;58.0;1.59;
2022-11-07 12:00:00;70.0;0.0;70.0;13.94;53.95;1.59;
2022-11-07 13:00:00;97.0;0.0;97.0;14.18;53.95;0.9;
2022-11-07 14:00:00;103.0;23.75;97.0;14.22;53.95;0.69;
2022-11-07 15:00:00;15.0;0.0;15.0;13.74;58.0;0.83;
2022-11-07 16:00:00;0.0;0.0;0.0;13.07;60.05;1.24;
2022-11-07 17:00:00;0.0;0.0;0.0;12.0;66.85;1.45;
2022-11-07 18:00:00;0.0;0.0;0.0;11.2;71.75;1.38;
2022-11-07 19:00:00;0.0;0.0;0.0;10.24;77.15;0.62;
2022-11-07 20:00:00;0.0;0.0;0.0;9.91;77.1;0.62;
2022-11-07 21:00:00;0.0;0.0;0.0;9.66;77.0;0.62;
2022-11-07 22:00:00;0.0;0.0;0.0;8.66;82.75;1.03;
2022-11-07 23:00:00;0.0;0.0;0.0;9.37;74.2;0.41;
2022-11-08 00:00:00;0.0;0.0;0.0;9.0;76.95;0.28;
2022-11-08 01:00:00;0.0;0.0;0.0;7.77;85.85;0.97;
2022-11-08 02:00:00;0.0;0.0;0.0;8.47;79.75;0.41;
2022-11-08 03:00:00;0.0;0.0;0.0;7.85;82.7;0.76;
2022-11-08 04:00:00;0.0;0.0;0.0;7.04;89.0;1.79;
2022-11-08 05:00:00;0.0;0.0;0.0;7.3;85.8;1.66;
2022-11-08 06:00:00;0.0;0.0;0.0;8.37;79.75;1.72;
2022-11-08 07:00:00;14.0;0.0;14.0;9.11;89.1;2.69;
2022-11-08 08:00:00;36.0;0.0;36.0;10.73;86.1;3.45;
2022-11-08 09:00:00;34.0;0.0;34.0;11.6;83.1;5.03;
2022-11-08 10:00:00;59.0;0.0;59.0;11.65;80.15;6.14;
2022-11-08 11:00:00;92.0;0.0;92.0;11.95;74.6;6.21;
2022-11-08 12:00:00;158.0;4.53;156.0;11.91;71.95;5.66;
2022-11-08 13:00:00;120.0;2.74;119.0;12.1;69.35;5.66;
2022-11-08 14:00:00;52.0;0.0;52.0;12.22;66.85;5.31;
2022-11-08 15:00:00;31.0;9.78;30.0;12.31;64.55;4.97;
2022-11-08 16:00:00;0.0;0.0;0.0;12.36;62.2;4.76;
2022-11-08 17:00:00;0.0;0.0;0.0;12.42;62.2;4.62;
2022-11-08 18:00:00;0.0;0.0;0.0;12.25;64.45;4.62;
2022-11-08 19:00:00;0.0;0.0;0.0;12.56;64.55;4.48;
2022-11-08 20:00:00;0.0;0.0;0.0;12.08;64.45;4.55;
2022-11-08 21:00:00;0.0;0.0;0.0;11.63;66.75;4.41;
2022-11-08 22:00:00;0.0;0.0;0.0;11.1;69.15;4.07;
2022-11-08 23:00:00;0.0;0.0;0.0;10.52;71.7;3.93;
2022-11-09 00:00:00;0.0;0.0;0.0;10.1;74.3;3.72;
2022-11-09 01:00:00;0.0;0.0;0.0;9.81;71.6;3.66;
2022-11-09 02:00:00;0.0;0.0;0.0;9.56;74.2;3.66;
2022-11-09 03:00:00;0.0;0.0;0.0;9.56;71.5;3.79;
2022-11-09 04:00:00;0.0;0.0;0.0;9.65;71.5;3.93;
2022-11-09 05:00:00;0.0;0.0;0.0;9.48;71.5;4.07;
2022-11-09 06:00:00;0.0;0.0;0.0;9.61;71.5;4.21;
2022-11-09 07:00:00;47.0;0.0;47.0;10.21;69.0;4.07;
2022-11-09 08:00:00;189.0;172.9;137.0;11.05;66.65;3.93;
2022-11-09 09:00:00;150.0;10.0;146.0;11.89;59.85;5.24;
2022-11-09 10:00:00;289.0;146.36;222.0;12.67;57.75;5.24;
2022-11-09 11:00:00;267.0;89.26;225.0;13.43;55.9;4.76;
2022-11-09 12:00:00;147.0;2.29;146.0;13.77;53.95;4.28;
2022-11-09 13:00:00;250.0;238.7;164.0;13.99;53.95;4.14;
2022-11-09 14:00:00;88.0;12.26;85.0;14.01;53.95;3.93;
2022-11-09 15:00:00;18.0;0.0;18.0;13.6;55.9;3.17;
2022-11-09 16:00:00;0.0;0.0;0.0;12.6;62.2;2.9;
2022-11-09 17:00:00;0.0;0.0;0.0;12.11;64.45;2.83;
2022-11-09 18:00:00;0.0;0.0;0.0;11.9;64.45;3.03;
2022-11-09 19:00:00;0.0;0.0;0.0;11.86;59.85;3.86;
2022-11-09 20:00:00;0.0;0.0;0.0;11.63;62.0;3.52;
2022-11-09 21:00:00;0.0;0.0;0.0;11.47;62.0;3.31;
2022-11-09 22:00:00;0.0;0.0;0.0;11.39;62.0;3.24;
2022-11-09 23:00:00;0.0;0.0;0.0;11.57;64.35;2.97;
2022-11-10 00:00:00;0.0;0.0;0.0;11.6;64.35;2.41;
2022-11-10 01:00:00;0.0;0.0;0.0;11.56;64.35;2.28;
2022-11-10 02:00:00;0.0;0.0;0.0;11.38;64.35;2.28;
2022-11-10 03:00:00;0.0;0.0;0.0;10.97;66.65;1.93;
2022-11-10 04:00:00;0.0;0.0;0.0;10.35;69.1;1.59;
2022-11-10 05:00:00;0.0;0.0;0.0;9.71;74.2;1.45;
2022-11-10 06:00:00;0.0;0.0;0.0;9.23;74.2;1.59;
2022-11-10 07:00:00;82.0;98.17;66.0;9.91;79.95;0.97;
2022-11-10 08:00:00;166.0;111.34;133.0;11.93;69.35;0.9;
2022-11-10 09:00:00;343.0;538.67;130.0;13.0;67.05;1.1;
2022-11-10 10:00:00;110.0;0.0;110.0;14.04;62.55;0.76;
2022-11-10 11:00:00;214.0;32.18;199.0;15.13;62.65;0.76;
2022-11-10 12:00:00;248.0;101.6;204.0;15.97;58.45;0.76;
2022-11-10 13:00:00;93.0;0.0;93.0;16.48;56.5;1.03;
2022-11-10 14:00:00;74.0;4.15;73.0;16.57;56.5;1.17;
2022-11-10 15:00:00;25.0;0.0;25.0;16.05;58.45;0.9;
2022-11-10 16:00:00;0.0;0.0;0.0;14.64;72.3;0.83;
2022-11-10 17:00:00;0.0;0.0;0.0;13.25;72.1;0.9;
2022-11-10 18:00:00;0.0;0.0;0.0;11.62;80.15;1.17;
2022-11-10 19:00:00;0.0;0.0;0.0;11.22;77.2;0.9;
2022-11-10 20:00:00;0.0;0.0;0.0;10.01;82.95;1.79;
2022-11-10 21:00:00;0.0;0.0;0.0;9.84;82.95;1.93;
2022-11-10 22:00:00;0.0;0.0;0.0;9.61;89.15;1.86;
2022-11-10 23:00:00;0.0;0.0;0.0;9.38;89.15;1.79;
2022-11-11 00:00:00;0.0;0.0;0.0;9.07;92.45;1.59;
2022-11-11 01:00:00;0.0;0.0;0.0;8.85;92.45;1.45;
2022-11-11 02:00:00;0.0;0.0;0.0;8.7;95.85;1.52;
2022-11-11 03:00:00;0.0;0.0;0.0;8.59;95.85;1.52;
2022-11-11 04:00:00;0.0;0.0;0.0;8.7;95.85;1.59;
2022-11-11 05:00:00;0.0;0.0;0.0;8.64;95.85;1.52;
2022-11-11 06:00:00;0.0;0.0;0.0;8.45;95.85;1.31;
2022-11-11 07:00:00;109.0;327.49;57.0;9.6;95.85;0.9;
2022-11-11 08:00:00;245.0;530.72;90.0;11.84;86.2;0.55;
2022-11-11 09:00:00;355.0;634.23;107.0;13.22;80.35;1.24;
2022-11-11 10:00:00;419.0;672.69;117.0;14.24;74.95;1.59;
2022-11-11 11:00:00;431.0;666.86;123.0;15.12;72.4;1.72;
2022-11-11 12:00:00;241.0;93.26;201.0;15.67;72.45;1.59;
2022-11-11 13:00:00;313.0;604.54;100.0;15.97;70.0;1.79;
2022-11-11 14:00:00;187.0;455.05;79.0;15.92;70.0;2.07;
2022-11-11 15:00:00;50.0;185.26;33.0;15.28;72.45;1.79;
2022-11-11 16:00:00;0.0;0.0;0.0;13.83;77.65;2.21;
2022-11-11 17:00:00;0.0;0.0;0.0;12.59;83.25;2.21;
2022-11-11 18:00:00;0.0;0.0;0.0;11.59;86.15;2.0;
2022-11-11 19:00:00;0.0;0.0;0.0;10.72;83.0;2.0;
2022-11-11 20:00:00;0.0;0.0;0.0;10.04;89.2;1.59;
2022-11-11 21:00:00;0.0;0.0;0.0;9.34;92.45;1.1;
2022-11-11 22:00:00;0.0;0.0;0.0;9.11;92.45;0.97;
2022-11-11 23:00:00;0.0;0.0;0.0;8.18;95.8;1.17;
2022-11-12 00:00:00;0.0;0.0;0.0;8.31;92.4;0.83;
2022-11-12 01:00:00;0.0;0.0;0.0;7.96;95.8;0.83;
2022-11-12 02:00:00;0.0;0.0;0.0;7.54;99.4;0.9;
2022-11-12 03:00:00;0.0;0.0;0.0;7.55;99.4;0.76;
2022-11-12 04:00:00;0.0;0.0;0.0;7.5;99.4;0.48;
2022-11-12 05:00:00;0.0;0.0;0.0;6.95;99.4;0.41;
2022-11-12 06:00:00;0.0;0.0;0.0;7.19;99.4;0.48;
2022-11-12 07:00:00;90.0;181.09;62.0;8.1;99.4;0.76;
2022-11-12 08:00:00;48.0;0.0;48.0;10.68;92.5;0.97;
2022-11-12 09:00:00;105.0;0.0;105.0;12.76;83.25;1.24;
2022-11-12 10:00:00;85.0;0.0;85.0;14.31;77.65;1.38;
2022-11-12 11:00:00;369.0;391.14;190.0;15.05;77.75;1.52;
2022-11-12 12:00:00;378.0;571.97;135.0;15.65;75.1;1.52;
2022-11-12 13:00:00;298.0;525.13;115.0;15.98;72.55;1.38;
2022-11-12 14:00:00;186.0;462.03;78.0;16.04;72.55;1.03;
2022-11-12 15:00:00;53.0;260.0;30.0;15.55;75.1;0.97;
2022-11-12 16:00:00;0.0;0.0;0.0;14.49;83.4;1.52;
2022-11-12 17:00:00;0.0;0.0;0.0;13.06;89.4;1.66;
2022-11-12 18:00:00;0.0;0.0;0.0;11.7;95.9;1.59;
2022-11-12 19:00:00;0.0;0.0;0.0;10.34;95.9;1.24;
2022-11-12 20:00:00;0.0;0.0;0.0;9.52;99.4;1.24;
2022-11-12 21:00:00;0.0;0.0;0.0;8.99;99.4;0.9;
2022-11-12 22:00:00;0.0;0.0;0.0;9.13;99.4;0.34;
2022-11-12 23:00:00;0.0;0.0;0.0;9.07;99.4;0.41;
2022-11-13 00:00:00;0.0;0.0;0.0;9.02;99.4;0.55;
2022-11-13 01:00:00;0.0;0.0;0.0;9.12;99.4;0.48;
2022-11-13 02:00:00;0.0;0.0;0.0;9.47;99.4;0.76;
2022-11-13 03:00:00;0.0;0.0;0.0;9.5;99.4;0.83;
2022-11-13 04:00:00;0.0;0.0;0.0;9.58;99.4;0.62;
2022-11-13 05:00:00;0.0;0.0;0.0;9.65;99.4;0.48;
2022-11-13 06:00:00;0.0;0.0;0.0;9.63;99.4;0.07;
2022-11-13 07:00:00;62.0;39.87;56.0;9.21;99.4;1.03;
2022-11-13 08:00:00;114.0;21.16;108.0;9.9;95.9;0.48;
2022-11-13 09:00:00;162.0;23.54;153.0;10.65;95.9;0.34;
2022-11-13 10:00:00;159.0;6.81;156.0;11.67;89.3;0.41;
2022-11-13 11:00:00;132.0;0.0;132.0;12.81;83.25;0.55;
2022-11-13 12:00:00;112.0;0.0;112.0;13.68;80.4;0.76;
2022-11-13 13:00:00;140.0;17.41;134.0;14.22;77.65;0.83;
2022-11-13 14:00:00;85.0;13.03;82.0;14.55;77.65;1.24;
2022-11-13 15:00:00;37.0;82.1;30.0;14.22;77.65;1.66;
2022-11-13 16:00:00;0.0;0.0;0.0;13.24;83.25;2.07;
2022-11-13 17:00:00;0.0;0.0;0.0;12.39;83.25;2.28;
2022-11-13 18:00:00;0.0;0.0;0.0;11.96;86.2;2.21;
2022-11-13 19:00:00;0.0;0.0;0.0;10.75;92.55;2.0;
2022-11-13 20:00:00;0.0;0.0;0.0;10.73;92.55;1.93;
2022-11-13 21:00:00;0.0;0.0;0.0;10.63;95.9;1.86;
2022-11-13 22:00:00;0.0;0.0;0.0;10.71;95.9;1.93;
2022-11-13 23:00:00;0.0;0.0;0.0;10.99;95.9;1.93;
2022-11-14 00:00:00;0.0;0.0;0.0;11.26;92.55;1.93;
2022-11-14 01:00:00;0.0;0.0;0.0;11.41;95.9;2.07;
2022-11-14 02:00:00;0.0;0.0;0.0;11.56;95.9;2.07;
2022-11-14 03:00:00;0.0;0.0;0.0;11.77;92.6;1.86;
2022-11-14 04:00:00;0.0;0.0;0.0;11.69;95.9;1.79;
2022-11-14 05:00:00;0.0;0.0;0.0;11.69;95.9;1.72;
2022-11-14 06:00:00;0.0;0.0;0.0;11.59;95.9;1.86;
2022-11-14 07:00:00;29.0;0.0;29.0;12.06;99.4;1.59;
2022-11-14 08:00:00;48.0;0.0;48.0;13.07;95.95;2.07;
2022-11-14 09:00:00;134.0;5.29;132.0;13.8;92.7;2.62;
2022-11-14 10:00:00;192.0;25.22;181.0;14.3;96.0;2.97;
2022-11-14 11:00:00;201.0;26.7;189.0;14.25;96.0;3.72;
2022-11-14 12:00:00;223.0;74.35;192.0;14.12;92.7;4.0;
2022-11-14 13:00:00;208.0;146.6;158.0;13.83;92.7;4.07;
2022-11-14 14:00:00;131.0;145.46;98.0;13.77;89.5;4.48;
2022-11-14 15:00:00;39.0;109.54;30.0;13.59;89.45;4.69;
2022-11-14 16:00:00;0.0;0.0;0.0;13.18;92.65;4.41;
2022-11-14 17:00:00;0.0;0.0;0.0;12.71;92.6;4.28;
2022-11-14 18:00:00;0.0;0.0;0.0;12.64;89.4;4.48;
2022-11-14 19:00:00;0.0;0.0;0.0;12.93;86.3;4.55;
2022-11-14 20:00:00;0.0;0.0;0.0;12.66;86.25;4.62;
2022-11-14 21:00:00;0.0;0.0;0.0;12.41;86.25;4.76;
2022-11-14 22:00:00;0.0;0.0;0.0;11.98;89.35;4.9;
2022-11-14 23:00:00;0.0;0.0;0.0;11.92;89.35;4.97;
2022-11-15 00:00:00;0.0;0.0;0.0;11.83;89.35;5.1;
2022-11-15 01:00:00;0.0;0.0;0.0;11.8;89.35;5.31;
2022-11-15 02:00:00;0.0;0.0;0.0;11.76;89.35;5.45;
2022-11-15 03:00:00;0.0;0.0;0.0;11.66;92.55;5.45;
2022-11-15 04:00:00;0.0;0.0;0.0;11.57;89.3;5.52;
2022-11-15 05:00:00;0.0;0.0;0.0;11.48;89.3;5.52;
2022-11-15 06:00:00;0.0;0.0;0.0;11.4;89.3;5.52;
2022-11-15 07:00:00;41.0;7.03;40.0;12.06;83.15;5.86;
2022-11-15 08:00:00;109.0;21.81;103.0;12.54;83.25;5.86;
2022-11-15 09:00:00;38.0;0.0;38.0;13.1;80.35;5.66;
2022-11-15 10:00:00;155.0;4.63;153.0;13.7;77.6;5.79;
2022-11-15 11:00:00;210.0;38.17;193.0;14.07;72.3;6.0;
2022-11-15 12:00:00;84.0;0.0;84.0;14.35;67.25;5.86;
2022-11-15 13:00:00;27.0;0.0;27.0;14.28;67.25;5.45;
2022-11-15 14:00:00;86.0;22.36;81.0;14.17;67.25;4.9;
2022-11-15 15:00:00;18.0;0.0;18.0;13.83;64.85;4.48;
2022-11-15 16:00:00;0.0;0.0;0.0;13.33;64.75;4.14;
2022-11-15 17:00:00;0.0;0.0;0.0;12.9;67.05;3.79;
2022-11-15 18:00:00;0.0;0.0;0.0;12.48;69.45;3.45;
2022-11-15 19:00:00;0.0;0.0;0.0;12.52;69.45;3.79;
2022-11-15 20:00:00;0.0;0.0;0.0;12.23;71.95;3.45;
2022-11-15 21:00:00;0.0;0.0;0.0;11.87;71.95;3.31;
2022-11-15 22:00:00;0.0;0.0;0.0;11.61;74.55;3.31;
2022-11-15 23:00:00;0.0;0.0;0.0;11.3;74.55;3.38;
2022-11-16 00:00:00;0.0;0.0;0.0;11.07;77.2;3.38;
2022-11-16 01:00:00;0.0;0.0;0.0;10.79;77.2;3.24;
2022-11-16 02:00:00;0.0;0.0;0.0;10.58;77.15;3.1;
2022-11-16 03:00:00;0.0;0.0;0.0;10.28;77.15;2.9;
2022-11-16 04:00:00;0.0;0.0;0.0;10.0;79.95;2.83;
2022-11-16 05:00:00;0.0;0.0;0.0;9.69;79.9;2.69;
2022-11-16 06:00:00;0.0;0.0;0.0;9.42;79.9;2.55;
2022-11-16 07:00:00;71.0;115.66;55.0;10.23;80.05;3.52;
2022-11-16 08:00:00;43.0;0.0;43.0;10.73;80.1;3.66;
2022-11-16 09:00:00;88.0;0.0;88.0;10.81;83.05;3.72;
2022-11-16 10:00:00;92.0;0.0;92.0;10.67;89.25;3.52;
2022-11-16 11:00:00;151.0;2.27;150.0;10.93;86.1;3.24;
2022-11-16 12:00:00;108.0;0.0;108.0;10.85;86.1;3.17;
2022-11-16 13:00:00;59.0;0.0;59.0;10.71;89.25;3.24;
2022-11-16 14:00:00;63.0;0.0;63.0;10.48;86.05;2.97;
2022-11-16 15:00:00;4.0;0.0;4.0;10.38;86.05;2.69;
2022-11-16 16:00:00;0.0;0.0;0.0;10.24;86.05;2.28;
2022-11-16 17:00:00;0.0;0.0;0.0;10.22;89.2;2.07;
2022-11-16 18:00:00;0.0;0.0;0.0;10.23;86.05;2.07;
2022-11-16 19:00:00;0.0;0.0;0.0;10.34;77.15;1.72;
2022-11-16 20:00:00;0.0;0.0;0.0;10.39;83.0;1.66;
2022-11-16 21:00:00;0.0;0.0;0.0;10.36;86.05;1.93;
2022-11-16 22:00:00;0.0;0.0;0.0;10.24;86.05;2.14;
2022-11-16 23:00:00;0.0;0.0;0.0;10.15;89.2;2.14;
2022-11-17 00:00:00;0.0;0.0;0.0;10.11;92.5;2.0;
2022-11-17 01:00:00;0.0;0.0;0.0;10.06;92.5;1.72;
2022-11-17 02:00:00;0.0;0.0;0.0;10.02;92.5;1.59;
2022-11-17 03:00:00;0.0;0.0;0.0;9.98;92.5;1.38;
2022-11-17 04:00:00;0.0;0.0;0.0;9.95;92.5;1.17;
2022-11-17 05:00:00;0.0;0.0;0.0;9.93;92.5;1.38;
2022-11-17 06:00:00;0.0;0.0;0.0;9.92;89.2;1.52;
2022-11-17 07:00:00;13.0;0.0;13.0;10.16;89.2;1.79;
2022-11-17 08:00:00;110.0;26.22;103.0;10.65;86.05;1.52;
2022-11-17 09:00:00;141.0;13.67;136.0;11.18;83.05;1.52;
2022-11-17 10:00:00;148.0;4.72;146.0;12.19;77.35;1.59;
2022-11-17 11:00:00;265.0;127.97;209.0;12.83;72.1;1.66;
2022-11-17 12:00:00;343.0;485.51;146.0;13.42;69.65;1.45;
2022-11-17 13:00:00;310.0;704.76;77.0;13.74;72.2;1.03;
2022-11-17 14:00:00;148.0;271.54;89.0;13.83;69.75;1.1;
2022-11-17 15:00:00;35.0;122.48;26.0;13.77;69.75;1.1;
2022-11-17 16:00:00;0.0;0.0;0.0;13.24;74.75;0.9;
2022-11-17 17:00:00;0.0;0.0;0.0;12.34;83.25;0.9;
2022-11-17 18:00:00;0.0;0.0;0.0;11.56;89.3;0.97;
2022-11-17 19:00:00;0.0;0.0;0.0;11.09;89.3;1.52;
2022-11-17 20:00:00;0.0;0.0;0.0;10.88;89.3;1.66;
2022-11-17 21:00:00;0.0;0.0;0.0;10.71;92.5;1.66;
2022-11-17 22:00:00;0.0;0.0;0.0;10.53;92.5;1.72;
2022-11-17 23:00:00;0.0;0.0;0.0;10.52;92.5;1.52;
2022-11-18 00:00:00;0.0;0.0;0.0;10.4;92.5;1.45;
2022-11-18 01:00:00;0.0;0.0;0.0;10.49;95.9;1.38;
2022-11-18 02:00:00;0.0;0.0;0.0;10.3;92.5;1.45;
2022-11-18 03:00:00;0.0;0.0;0.0;10.27;92.5;1.52;
2022-11-18 04:00:00;0.0;0.0;0.0;10.37;92.5;1.52;
2022-11-18 05:00:00;0.0;0.0;0.0;10.05;95.9;1.59;
2022-11-18 06:00:00;0.0;0.0;0.0;10.21;95.9;1.52;
2022-11-18 07:00:00;87.0;314.3;46.0;10.08;95.9;1.45;
2022-11-18 08:00:00;225.0;566.56;76.0;11.44;89.3;1.52;
2022-11-18 09:00:00;340.0;696.59;88.0;12.98;83.25;1.86;
2022-11-18 10:00:00;409.0;752.33;93.0;13.75;77.6;2.28;
2022-11-18 11:00:00;405.0;661.56;118.0;14.33;72.3;2.69;
2022-11-18 12:00:00;396.0;775.73;84.0;14.88;69.85;2.83;
2022-11-18 13:00:00;282.0;543.81;104.0;14.88;67.35;2.69;
2022-11-18 14:00:00;151.0;308.0;85.0;14.68;69.75;2.55;
2022-11-18 15:00:00;32.0;98.88;25.0;14.06;69.75;2.21;
2022-11-18 16:00:00;0.0;0.0;0.0;13.02;72.1;1.93;
2022-11-18 17:00:00;0.0;0.0;0.0;11.94;77.35;1.93;
2022-11-18 18:00:00;0.0;0.0;0.0;11.07;83.05;1.59;
2022-11-18 19:00:00;0.0;0.0;0.0;9.85;89.2;1.31;
2022-11-18 20:00:00;0.0;0.0;0.0;8.58;95.85;1.66;
2022-11-18 21:00:00;0.0;0.0;0.0;7.93;92.4;1.86;
2022-11-18 22:00:00;0.0;0.0;0.0;7.57;95.8;1.72;
2022-11-18 23:00:00;0.0;0.0;0.0;7.85;92.4;1.31;
2022-11-19 00:00:00;0.0;0.0;0.0;6.87;95.8;1.59;
2022-11-19 01:00:00;0.0;0.0;0.0;6.33;95.8;1.72;
2022-11-19 02:00:00;0.0;0.0;0.0;7.3;92.35;1.1;
2022-11-19 03:00:00;0.0;0.0;0.0;7.26;92.35;1.1;
2022-11-19 04:00:00;0.0;0.0;0.0;6.7;95.8;1.24;
2022-11-19 05:00:00;0.0;0.0;0.0;7.46;95.8;0.9;
2022-11-19 06:00:00;0.0;0.0;0.0;5.84;99.4;1.38;
2022-11-19 07:00:00;45.0;23.7;42.0;6.74;95.8;1.17;
2022-11-19 08:00:00;83.0;3.86;82.0;8.94;92.45;1.31;
2022-11-19 09:00:00;105.0;0.0;105.0;10.57;86.05;1.31;
2022-11-19 10:00:00;176.0;19.22;168.0;12.0;80.2;1.45;
2022-11-19 11:00:00;100.0;0.0;100.0;13.35;74.85;2.0;
2022-11-19 12:00:00;104.0;0.0;104.0;14.28;72.3;2.34;
2022-11-19 13:00:00;105.0;3.09;104.0;14.82;69.85;2.48;
2022-11-19 14:00:00;49.0;0.0;49.0;14.71;72.3;2.28;
2022-11-19 15:00:00;5.0;0.0;5.0;13.97;72.3;1.66;
2022-11-19 16:00:00;0.0;0.0;0.0;12.5;80.3;2.0;
2022-11-19 17:00:00;0.0;0.0;0.0;10.95;86.1;2.14;
2022-11-19 18:00:00;0.0;0.0;0.0;9.9;92.5;2.21;
2022-11-19 19:00:00;0.0;0.0;0.0;8.87;95.85;1.86;
2022-11-19 20:00:00;0.0;0.0;0.0;8.21;95.85;1.93;
2022-11-19 21:00:00;0.0;0.0;0.0;7.67;99.4;2.0;
2022-11-19 22:00:00;0.0;0.0;0.0;7.28;99.4;2.0;
2022-11-19 23:00:00;0.0;0.0;0.0;6.96;99.4;1.93;
2022-11-20 00:00:00;0.0;0.0;0.0;6.76;99.4;1.86;
2022-11-20 01:00:00;0.0;0.0;0.0;6.77;99.4;1.59;
2022-11-20 02:00:00;0.0;0.0;0.0;6.87;99.4;1.59;
2022-11-20 03:00:00;0.0;0.0;0.0;6.83;99.4;1.52;
2022-11-20 04:00:00;0.0;0.0;0.0;6.76;99.4;1.52;
2022-11-20 05:00:00;0.0;0.0;0.0;6.54;99.4;1.59;
2022-11-20 06:00:00;0.0;0.0;0.0;6.47;99.4;1.59;
2022-11-20 07:00:00;43.0;16.29;41.0;6.52;99.4;1.38;
2022-11-20 08:00:00;96.0;15.68;92.0;7.08;99.4;1.31;
2022-11-20 09:00:00;118.0;2.83;117.0;7.88;95.8;1.24;
2022-11-20 10:00:00;115.0;0.0;115.0;9.16;89.1;1.24;
2022-11-20 11:00:00;127.0;0.0;127.0;10.42;83.0;1.24;
2022-11-20 12:00:00;108.0;0.0;108.0;11.69;77.3;1.24;
2022-11-20 13:00:00;120.0;9.34;117.0;12.38;72.05;0.97;
2022-11-20 14:00:00;71.0;9.59;69.0;12.62;72.05;0.69;
2022-11-20 15:00:00;17.0;0.0;17.0;12.3;72.05;0.48;
2022-11-20 16:00:00;0.0;0.0;0.0;11.45;74.55;0.28;
2022-11-20 17:00:00;0.0;0.0;0.0;10.51;80.05;0.28;
2022-11-20 18:00:00;0.0;0.0;0.0;9.6;85.95;0.41;
2022-11-20 19:00:00;0.0;0.0;0.0;5.41;99.4;1.38;
2022-11-20 20:00:00;0.0;0.0;0.0;4.83;99.4;1.45;
2022-11-20 21:00:00;0.0;0.0;0.0;4.39;99.4;1.38;
2022-11-20 22:00:00;0.0;0.0;0.0;4.11;100.0;1.24;
2022-11-20 23:00:00;0.0;0.0;0.0;4.15;100.0;1.1;
2022-11-21 00:00:00;0.0;0.0;0.0;4.15;100.0;1.31;
2022-11-21 01:00:00;0.0;0.0;0.0;4.25;99.4;1.17;
2022-11-21 02:00:00;0.0;0.0;0.0;4.5;99.4;1.1;
2022-11-21 03:00:00;0.0;0.0;0.0;4.63;99.4;1.03;
2022-11-21 04:00:00;0.0;0.0;0.0;4.64;99.4;1.17;
2022-11-21 05:00:00;0.0;0.0;0.0;4.63;99.4;1.38;
2022-11-21 06:00:00;0.0;0.0;0.0;4.59;99.4;1.45;
2022-11-21 07:00:00;39.0;16.81;37.0;4.33;99.4;1.24;
2022-11-21 08:00:00;82.0;3.98;81.0;4.8;95.75;1.1;
2022-11-21 09:00:00;65.0;0.0;65.0;5.9;92.3;0.97;
2022-11-21 10:00:00;75.0;0.0;75.0;7.34;85.8;0.83;
2022-11-21 11:00:00;72.0;0.0;72.0;8.79;82.85;0.69;
2022-11-21 12:00:00;63.0;0.0;63.0;9.88;79.95;0.48;
2022-11-21 13:00:00;75.0;0.0;75.0;10.66;77.15;0.21;
2022-11-21 14:00:00;51.0;0.0;51.0;10.88;74.45;0.41;
2022-11-21 15:00:00;14.0;0.0;14.0;10.47;77.15;1.03;
2022-11-21 16:00:00;0.0;0.0;0.0;9.21;85.95;1.93;
2022-11-21 17:00:00;0.0;0.0;0.0;8.22;89.1;2.07;
2022-11-21 18:00:00;0.0;0.0;0.0;7.82;92.4;1.93;
2022-11-21 19:00:00;0.0;0.0;0.0;7.32;89.0;2.0;
2022-11-21 20:00:00;0.0;0.0;0.0;7.44;89.0;1.93;
2022-11-21 21:00:00;0.0;0.0;0.0;7.64;92.35;2.21;
2022-11-21 22:00:00;0.0;0.0;0.0;7.89;89.05;2.28;
2022-11-21 23:00:00;0.0;0.0;0.0;8.02;89.05;2.28;
2022-11-22 00:00:00;0.0;0.0;0.0;8.03;89.05;2.34;
2022-11-22 01:00:00;0.0;0.0;0.0;8.23;89.1;2.55;
2022-11-22 02:00:00;0.0;0.0;0.0;8.3;89.1;2.76;
2022-11-22 03:00:00;0.0;0.0;0.0;8.37;89.1;2.83;
2022-11-22 04:00:00;0.0;0.0;0.0;8.67;89.1;2.83;
2022-11-22 05:00:00;0.0;0.0;0.0;8.79;89.1;2.76;
2022-11-22 06:00:00;0.0;0.0;0.0;9.06;89.1;2.76;
2022-11-22 07:00:00;30.0;0.0;30.0;9.6;92.45;2.97;
2022-11-22 08:00:00;99.0;24.24;93.0;9.96;92.5;2.9;
2022-11-22 09:00:00;124.0;8.66;121.0;10.3;89.25;2.83;
2022-11-22 10:00:00;138.0;4.94;136.0;10.72;92.5;2.83;
2022-11-22 11:00:00;182.0;23.83;172.0;11.5;86.15;3.17;
2022-11-22 12:00:00;134.0;5.14;132.0;12.01;83.15;3.24;
2022-11-22 13:00:00;68.0;0.0;68.0;12.21;83.15;3.31;
2022-11-22 14:00:00;58.0;0.0;58.0;11.94;83.15;3.03;
2022-11-22 15:00:00;4.0;0.0;4.0;11.48;86.15;2.97;
2022-11-22 16:00:00;0.0;0.0;0.0;11.03;86.1;2.83;
2022-11-22 17:00:00;0.0;0.0;0.0;10.81;86.1;2.76;
2022-11-22 18:00:00;0.0;0.0;0.0;10.71;86.05;2.9;
2022-11-22 19:00:00;0.0;0.0;0.0;10.72;86.05;3.17;
2022-11-22 20:00:00;0.0;0.0;0.0;10.64;86.05;3.79;
2022-11-22 21:00:00;0.0;0.0;0.0;10.53;83.0;4.14;
2022-11-22 22:00:00;0.0;0.0;0.0;10.62;77.15;4.28;
2022-11-22 23:00:00;0.0;0.0;0.0;10.53;74.4;4.21;
2022-11-23 00:00:00;0.0;0.0;0.0;10.37;71.7;4.14;
2022-11-23 01:00:00;0.0;0.0;0.0;9.97;71.6;4.0;
2022-11-23 02:00:00;0.0;0.0;0.0;9.84;69.0;4.0;
2022-11-23 03:00:00;0.0;0.0;0.0;9.52;68.9;3.93;
2022-11-23 04:00:00;0.0;0.0;0.0;9.23;68.9;3.79;
2022-11-23 05:00:00;0.0;0.0;0.0;9.25;68.9;3.86;
2022-11-23 06:00:00;0.0;0.0;0.0;9.09;71.4;4.0;
2022-11-23 07:00:00;69.0;250.85;41.0;9.95;66.45;4.83;
2022-11-23 08:00:00;204.0;524.85;76.0;10.89;61.85;4.76;
2022-11-23 09:00:00;288.0;475.53;125.0;11.78;57.65;5.38;
2022-11-23 10:00:00;377.0;669.88;108.0;12.35;55.65;5.86;
2022-11-23 11:00:00;396.0;691.89;108.0;12.77;51.75;5.66;
2022-11-23 12:00:00;357.0;645.36;108.0;12.9;51.75;5.38;
2022-11-23 13:00:00;283.0;633.85;85.0;12.83;51.75;5.1;
2022-11-23 14:00:00;160.0;472.89;65.0;12.52;51.65;4.41;
2022-11-23 15:00:00;27.0;118.69;20.0;11.83;53.5;3.1;
2022-11-23 16:00:00;0.0;0.0;0.0;10.32;59.5;2.55;
2022-11-23 17:00:00;0.0;0.0;0.0;9.24;63.9;2.48;
2022-11-23 18:00:00;0.0;0.0;0.0;8.3;68.7;2.69;
2022-11-23 19:00:00;0.0;0.0;0.0;8.28;71.35;2.9;
2022-11-23 20:00:00;0.0;0.0;0.0;7.8;71.25;2.9;
2022-11-23 21:00:00;0.0;0.0;0.0;7.33;73.9;2.83;
2022-11-23 22:00:00;0.0;0.0;0.0;6.88;76.65;2.69;
2022-11-23 23:00:00;0.0;0.0;0.0;6.39;79.5;2.55;
2022-11-24 00:00:00;0.0;0.0;0.0;5.88;82.5;2.48;
2022-11-24 01:00:00;0.0;0.0;0.0;5.48;82.4;2.48;
2022-11-24 02:00:00;0.0;0.0;0.0;5.11;85.55;2.41;
2022-11-24 03:00:00;0.0;0.0;0.0;4.8;85.55;2.28;
2022-11-24 04:00:00;0.0;0.0;0.0;4.4;88.8;2.21;
2022-11-24 05:00:00;0.0;0.0;0.0;4.1;88.75;2.14;
2022-11-24 06:00:00;0.0;0.0;0.0;3.69;88.75;2.14;
2022-11-24 07:00:00;71.0;305.48;38.0;3.8;88.75;2.28;
2022-11-24 08:00:00;209.0;582.73;69.0;6.05;82.5;1.86;
2022-11-24 09:00:00;317.0;669.23;90.0;8.68;68.7;2.14;
2022-11-24 10:00:00;382.0;700.79;103.0;9.95;61.65;2.28;
2022-11-24 11:00:00;392.0;670.68;115.0;10.71;57.3;2.07;
2022-11-24 12:00:00;358.0;650.38;109.0;11.08;53.25;2.0;
2022-11-24 13:00:00;284.0;642.55;85.0;11.14;51.25;2.28;
2022-11-24 14:00:00;159.0;473.46;65.0;10.81;51.25;2.21;
2022-11-24 15:00:00;25.0;105.37;19.0;9.87;57.15;1.86;
2022-11-24 16:00:00;0.0;0.0;0.0;8.25;63.7;2.28;
2022-11-24 17:00:00;0.0;0.0;0.0;6.99;71.05;2.21;
2022-11-24 18:00:00;0.0;0.0;0.0;6.15;76.5;2.07;
2022-11-24 19:00:00;0.0;0.0;0.0;5.54;79.35;1.72;
2022-11-24 20:00:00;0.0;0.0;0.0;5.06;82.35;2.0;
2022-11-24 21:00:00;0.0;0.0;0.0;4.85;82.35;2.21;
2022-11-24 22:00:00;0.0;0.0;0.0;4.84;79.3;2.21;
2022-11-24 23:00:00;0.0;0.0;0.0;4.81;79.3;2.41;
2022-11-25 00:00:00;0.0;0.0;0.0;5.03;82.35;2.76;
2022-11-25 01:00:00;0.0;0.0;0.0;5.68;79.35;2.97;
2022-11-25 02:00:00;0.0;0.0;0.0;6.03;79.4;2.97;
2022-11-25 03:00:00;0.0;0.0;0.0;6.35;79.5;2.9;
2022-11-25 04:00:00;0.0;0.0;0.0;7.0;76.65;3.1;
2022-11-25 05:00:00;0.0;0.0;0.0;7.53;73.9;3.52;
2022-11-25 06:00:00;0.0;0.0;0.0;7.78;71.25;3.79;
2022-11-25 07:00:00;20.0;0.0;20.0;7.78;73.95;4.21;
2022-11-25 08:00:00;39.0;0.0;39.0;8.35;71.35;4.34;
2022-11-25 09:00:00;43.0;0.0;43.0;8.43;71.35;4.69;
2022-11-25 10:00:00;82.0;0.0;82.0;8.41;71.35;4.76;
2022-11-25 11:00:00;58.0;0.0;58.0;8.2;76.8;4.55;
2022-11-25 12:00:00;60.0;0.0;60.0;7.66;82.65;4.28;
2022-11-25 13:00:00;42.0;0.0;42.0;7.65;85.8;4.0;
2022-11-25 14:00:00;14.0;0.0;14.0;7.86;85.85;3.72;
2022-11-25 15:00:00;3.0;0.0;3.0;7.95;89.05;3.38;
2022-11-25 16:00:00;0.0;0.0;0.0;7.98;85.85;3.03;
2022-11-25 17:00:00;0.0;0.0;0.0;8.03;89.05;2.62;
2022-11-25 18:00:00;0.0;0.0;0.0;8.01;85.85;2.14;
2022-11-25 19:00:00;0.0;0.0;0.0;7.29;89.0;1.45;
2022-11-25 20:00:00;0.0;0.0;0.0;7.16;92.35;1.79;
2022-11-25 21:00:00;0.0;0.0;0.0;7.01;92.35;1.86;
2022-11-25 22:00:00;0.0;0.0;0.0;6.88;92.35;1.66;
2022-11-25 23:00:00;0.0;0.0;0.0;6.72;92.35;1.86;
2022-11-26 00:00:00;0.0;0.0;0.0;6.44;95.8;2.41;
2022-11-26 01:00:00;0.0;0.0;0.0;6.16;99.4;2.69;
2022-11-26 02:00:00;0.0;0.0;0.0;5.96;95.75;2.62;
2022-11-26 03:00:00;0.0;0.0;0.0;5.92;95.75;2.69;
2022-11-26 04:00:00;0.0;0.0;0.0;5.92;95.75;2.83;
2022-11-26 05:00:00;0.0;0.0;0.0;5.98;95.75;3.03;
2022-11-26 06:00:00;0.0;0.0;0.0;6.08;95.75;3.03;
2022-11-26 07:00:00;12.0;0.0;12.0;5.85;95.75;3.17;
2022-11-26 08:00:00;18.0;0.0;18.0;6.1;95.75;3.24;
2022-11-26 09:00:00;246.0;303.96;145.0;6.79;89.0;3.38;
2022-11-26 10:00:00;232.0;117.5;186.0;8.0;85.85;3.72;
2022-11-26 11:00:00;351.0;498.99;148.0;9.25;77.0;3.66;
2022-11-26 12:00:00;360.0;715.78;90.0;10.19;77.1;3.45;
2022-11-26 13:00:00;273.0;623.62;83.0;10.85;71.75;3.24;
2022-11-26 14:00:00;154.0;478.98;61.0;10.9;71.75;2.83;
2022-11-26 15:00:00;20.0;75.18;16.0;10.24;74.4;1.86;
2022-11-26 16:00:00;0.0;0.0;0.0;9.04;82.85;1.66;
2022-11-26 17:00:00;0.0;0.0;0.0;7.71;89.05;1.45;
2022-11-26 18:00:00;0.0;0.0;0.0;6.97;92.35;0.9;
2022-11-26 19:00:00;0.0;0.0;0.0;5.99;92.3;1.38;
2022-11-26 20:00:00;0.0;0.0;0.0;7.06;89.0;0.48;
2022-11-26 21:00:00;0.0;0.0;0.0;6.49;92.3;0.55;
2022-11-26 22:00:00;0.0;0.0;0.0;4.89;95.75;1.24;
2022-11-26 23:00:00;0.0;0.0;0.0;3.81;99.4;1.52;
2022-11-27 00:00:00;0.0;0.0;0.0;3.44;95.7;1.86;
2022-11-27 01:00:00;0.0;0.0;0.0;4.6;99.4;1.93;
2022-11-27 02:00:00;0.0;0.0;0.0;4.94;95.75;2.07;
2022-11-27 03:00:00;0.0;0.0;0.0;5.45;92.25;2.34;
2022-11-27 04:00:00;0.0;0.0;0.0;5.86;88.9;2.76;
2022-11-27 05:00:00;0.0;0.0;0.0;6.18;85.7;2.97;
2022-11-27 06:00:00;0.0;0.0;0.0;6.32;85.7;3.1;
2022-11-27 07:00:00;66.0;348.28;32.0;7.02;82.6;3.24;
2022-11-27 08:00:00;171.0;352.48;90.0;8.62;79.75;2.97;
2022-11-27 09:00:00;264.0;407.35;130.0;10.26;74.4;2.21;
2022-11-27 10:00:00;367.0;679.84;103.0;11.61;66.75;2.41;
2022-11-27 11:00:00;395.0;745.27;94.0;12.21;66.85;2.14;
2022-11-27 12:00:00;361.0;723.55;90.0;12.6;64.55;1.45;
2022-11-27 13:00:00;278.0;658.23;79.0;12.8;62.3;1.03;
2022-11-27 14:00:00;157.0;520.45;57.0;12.55;64.55;0.83;
2022-11-27 15:00:00;18.0;58.25;15.0;11.88;69.35;1.17;
2022-11-27 16:00:00;0.0;0.0;0.0;10.67;77.15;1.79;
2022-11-27 17:00:00;0.0;0.0;0.0;9.91;79.95;1.66;
2022-11-27 18:00:00;0.0;0.0;0.0;9.3;79.9;1.79;
2022-11-27 19:00:00;0.0;0.0;0.0;8.28;89.1;2.28;
2022-11-27 20:00:00;0.0;0.0;0.0;8.19;95.8;2.07;
2022-11-27 21:00:00;0.0;0.0;0.0;8.17;95.8;2.0;
2022-11-27 22:00:00;0.0;0.0;0.0;8.21;92.4;2.07;
2022-11-27 23:00:00;0.0;0.0;0.0;8.11;95.8;1.79;
2022-11-28 00:00:00;0.0;0.0;0.0;8.0;95.8;1.1;
2022-11-28 01:00:00;0.0;0.0;0.0;8.32;89.1;0.28;
2022-11-28 02:00:00;0.0;0.0;0.0;7.1;95.8;1.31;
2022-11-28 03:00:00;0.0;0.0;0.0;6.3;95.8;1.72;
2022-11-28 04:00:00;0.0;0.0;0.0;5.38;95.75;1.66;
2022-11-28 05:00:00;0.0;0.0;0.0;4.7;95.75;1.52;
2022-11-28 06:00:00;0.0;0.0;0.0;4.22;99.4;1.24;
2022-11-28 07:00:00;48.0;127.27;36.0;4.55;99.4;1.31;
2022-11-28 08:00:00;164.0;313.52;93.0;7.04;89.0;0.41;
2022-11-28 09:00:00;306.0;684.67;83.0;8.72;82.85;0.41;
2022-11-28 10:00:00;379.0;752.76;89.0;9.82;77.1;0.9;
2022-11-28 11:00:00;389.0;725.63;98.0;10.25;71.7;1.45;
2022-11-28 12:00:00;271.0;268.83;171.0;10.06;74.3;0.9;
2022-11-28 13:00:00;106.0;6.66;104.0;9.75;71.6;0.76;
2022-11-28 14:00:00;30.0;0.0;30.0;8.88;74.15;1.59;
2022-11-28 15:00:00;11.0;0.0;11.0;7.36;82.65;2.48;
2022-11-28 16:00:00;0.0;0.0;0.0;6.27;88.95;2.9;
2022-11-28 17:00:00;0.0;0.0;0.0;5.6;92.25;3.1;
2022-11-28 18:00:00;0.0;0.0;0.0;5.05;95.75;3.1;
2022-11-28 19:00:00;0.0;0.0;0.0;4.5;92.2;3.1;
2022-11-28 20:00:00;0.0;0.0;0.0;4.15;92.15;3.17;
2022-11-28 21:00:00;0.0;0.0;0.0;3.94;88.75;2.97;
2022-11-28 22:00:00;0.0;0.0;0.0;3.64;82.25;2.97;
2022-11-28 23:00:00;0.0;0.0;0.0;3.14;82.2;2.83;
2022-11-29 00:00:00;0.0;0.0;0.0;2.71;79.1;2.34;
2022-11-29 01:00:00;0.0;0.0;0.0;2.19;79.0;1.79;
2022-11-29 02:00:00;0.0;0.0;0.0;1.89;85.3;1.52;
2022-11-29 03:00:00;0.0;0.0;0.0;1.76;85.3;1.93;
2022-11-29 04:00:00;0.0;0.0;0.0;1.7;88.65;2.0;
2022-11-29 05:00:00;0.0;0.0;0.0;1.79;88.65;2.0;
2022-11-29 06:00:00;0.0;0.0;0.0;1.75;88.65;2.21;
2022-11-29 07:00:00;54.0;230.72;33.0;1.63;92.05;2.21;
2022-11-29 08:00:00;162.0;304.65;94.0;3.98;92.15;1.93;
2022-11-29 09:00:00;253.0;359.64;137.0;6.08;79.4;2.55;
2022-11-29 10:00:00;227.0;109.87;185.0;7.75;66.05;3.52;
2022-11-29 11:00:00;255.0;148.13;196.0;8.94;56.9;4.14;
2022-11-29 12:00:00;176.0;37.89;162.0;9.44;50.85;4.14;
2022-11-29 13:00:00;106.0;6.71;104.0;9.62;47.05;3.66;
2022-11-29 14:00:00;103.0;111.44;82.0;9.29;47.05;2.55;
2022-11-29 15:00:00;4.0;0.0;4.0;8.49;54.65;1.86;
2022-11-29 16:00:00;0.0;0.0;0.0;6.58;63.25;2.55;
2022-11-29 17:00:00;0.0;0.0;0.0;5.32;70.8;2.62;
2022-11-29 18:00:00;0.0;0.0;0.0;4.4;76.25;2.55;
2022-11-29 19:00:00;0.0;0.0;0.0;3.91;85.45;2.14;
2022-11-29 20:00:00;0.0;0.0;0.0;3.03;88.7;2.21;
2022-11-29 21:00:00;0.0;0.0;0.0;2.46;88.65;2.28;
2022-11-29 22:00:00;0.0;0.0;0.0;1.87;82.05;2.55;
2022-11-29 23:00:00;0.0;0.0;0.0;1.59;75.85;2.76;
2022-11-30 00:00:00;0.0;0.0;0.0;1.22;67.4;2.76;
2022-11-30 01:00:00;0.0;0.0;0.0;0.79;64.65;2.9;
2022-11-30 02:00:00;0.0;0.0;0.0;0.56;62.0;3.17;
2022-11-30 03:00:00;0.0;0.0;0.0;0.31;59.6;3.24;
2022-11-30 04:00:00;0.0;0.0;0.0;0.02;59.45;3.17;
2022-11-30 05:00:00;0.0;0.0;0.0;-0.17;59.45;3.31;
2022-11-30 06:00:00;0.0;0.0;0.0;-0.29;57.1;3.38;
2022-11-30 07:00:00;38.0;68.32;32.0;0.38;59.6;3.31;
2022-11-30 08:00:00;173.0;404.48;84.0;2.13;57.6;3.31;
2022-11-30 09:00:00;306.0;698.02;83.0;4.55;51.55;3.86;
2022-11-30 10:00:00;378.0;759.14;90.0;6.6;44.45;4.21;
2022-11-30 11:00:00;393.0;750.66;96.0;8.14;41.45;4.55;
2022-11-30 12:00:00;357.0;716.24;94.0;9.13;37.05;4.83;
2022-11-30 13:00:00;266.0;584.57;93.0;9.62;35.75;4.83;
2022-11-30 14:00:00;146.0;423.01;67.0;9.4;37.2;4.76;
2022-11-30 15:00:00;22.0;169.96;14.0;8.4;38.4;4.41;
2022-11-30 16:00:00;0.0;0.0;0.0;6.85;37.51;4.84;
2022-11-30 17:00:00;0.0;0.0;0.0;6.44;42.45;4.56;
2022-11-30 18:00:00;0.0;0.0;0.0;6.03;47.39;4.28;
2022-11-30 19:00:00;0.0;0.0;0.0;5.61;52.33;4.0;
2022-11-30 20:00:00;0.0;0.0;0.0;5.2;57.27;3.73;
2022-11-30 21:00:00;0.0;0.0;0.0;4.79;62.22;3.45;
2022-11-30 22:00:00;0.0;0.0;0.0;4.38;67.16;3.17;
2022-11-30 23:00:00;0.0;0.0;0.0;3.97;72.1;2.89;
2022-12-01 00:00:00;0.0;0.0;0.0;3.56;77.04;2.62;
2022-12-01 01:00:00;0.0;0.0;0.0;3.14;81.98;2.34;
2022-12-01 02:00:00;0.0;0.0;0.0;2.73;86.92;2.06;
2022-12-01 03:00:00;0.0;0.0;0.0;2.32;91.86;1.78;
2022-12-01 04:00:00;0.0;0.0;0.0;1.91;96.8;1.51;
2022-12-01 05:00:00;0.0;0.0;0.0;1.5;100.0;1.23;
2022-12-01 06:00:00;0.0;0.0;0.0;1.09;100.0;0.95;
2022-12-01 07:00:00;30.0;23.61;28.0;0.68;100.0;0.67;
2022-12-01 08:00:00;164.0;382.59;81.0;4.87;99.4;0.97;
2022-12-01 09:00:00;288.0;644.55;84.0;6.55;95.8;0.97;
2022-12-01 10:00:00;347.0;639.96;106.0;7.93;89.05;0.97;
2022-12-01 11:00:00;343.0;521.47;138.0;8.92;85.95;1.1;
2022-12-01 12:00:00;346.0;706.91;88.0;9.83;79.95;1.31;
2022-12-01 13:00:00;268.0;659.76;74.0;10.11;79.95;1.17;
2022-12-01 14:00:00;146.0;469.79;59.0;10.21;77.15;1.17;
2022-12-01 15:00:00;18.0;87.3;14.0;9.35;82.9;1.59;
2022-12-01 16:00:00;0.0;0.0;0.0;7.56;89.0;2.0;
2022-12-01 17:00:00;0.0;0.0;0.0;6.26;92.3;1.93;
2022-12-01 18:00:00;0.0;0.0;0.0;5.34;95.75;1.79;
2022-12-01 19:00:00;0.0;0.0;0.0;4.46;99.4;1.17;
2022-12-01 20:00:00;0.0;0.0;0.0;4.3;99.4;0.76;
2022-12-01 21:00:00;0.0;0.0;0.0;2.9;100.0;1.72;
2022-12-01 22:00:00;0.0;0.0;0.0;2.77;99.4;1.86;
2022-12-01 23:00:00;0.0;0.0;0.0;2.55;99.4;1.66;
2022-12-02 00:00:00;0.0;0.0;0.0;2.56;99.4;1.1;
2022-12-02 01:00:00;0.0;0.0;0.0;3.16;99.4;0.62;
2022-12-02 02:00:00;0.0;0.0;0.0;2.17;95.7;0.76;
2022-12-02 03:00:00;0.0;0.0;0.0;2.07;99.4;0.97;
2022-12-02 04:00:00;0.0;0.0;0.0;2.09;99.4;1.03;
2022-12-02 05:00:00;0.0;0.0;0.0;2.33;99.4;0.69;
2022-12-02 06:00:00;0.0;0.0;0.0;2.42;99.4;0.55;
2022-12-02 07:00:00;54.0;367.36;24.0;2.05;99.4;0.28;
2022-12-02 08:00:00;174.0;504.82;66.0;3.52;100.0;0.07;
2022-12-02 09:00:00;286.0;660.05;79.0;5.35;95.75;0.21;
2022-12-02 10:00:00;361.0;754.21;79.0;7.18;85.8;0.55;
2022-12-02 11:00:00;377.0;744.82;86.0;8.73;82.85;0.83;
2022-12-02 12:00:00;345.0;724.82;82.0;10.04;79.95;0.9;
2022-12-02 13:00:00;270.0;691.16;68.0;10.65;80.05;0.76;
2022-12-02 14:00:00;149.0;533.36;51.0;10.65;80.05;0.55;
2022-12-02 15:00:00;20.0;156.66;13.0;10.19;80.05;0.48;
2022-12-02 16:00:00;0.0;0.0;0.0;9.26;85.95;0.34;
2022-12-02 17:00:00;0.0;0.0;0.0;8.43;89.1;0.34;
2022-12-02 18:00:00;0.0;0.0;0.0;7.76;92.4;0.28;
2022-12-02 19:00:00;0.0;0.0;0.0;4.61;100.0;1.24;
2022-12-02 20:00:00;0.0;0.0;0.0;4.17;100.0;1.24;
2022-12-02 21:00:00;0.0;0.0;0.0;3.59;100.0;1.17;
2022-12-02 22:00:00;0.0;0.0;0.0;2.92;100.0;1.03;
2022-12-02 23:00:00;0.0;0.0;0.0;2.66;99.4;0.76;
2022-12-03 00:00:00;0.0;0.0;0.0;2.81;100.0;0.97;
2022-12-03 01:00:00;0.0;0.0;0.0;3.07;100.0;1.31;
2022-12-03 02:00:00;0.0;0.0;0.0;3.35;100.0;1.31;
2022-12-03 03:00:00;0.0;0.0;0.0;3.39;100.0;1.03;
2022-12-03 04:00:00;0.0;0.0;0.0;3.22;100.0;0.69;
2022-12-03 05:00:00;0.0;0.0;0.0;3.1;100.0;0.62;
2022-12-03 06:00:00;0.0;0.0;0.0;3.02;100.0;0.83;
2022-12-03 07:00:00;37.0;101.65;29.0;2.99;100.0;0.83;
2022-12-03 08:00:00;92.0;37.91;84.0;3.64;99.4;0.62;
2022-12-03 09:00:00;162.0;67.56;141.0;4.71;99.4;0.62;
2022-12-03 10:00:00;223.0;121.19;178.0;5.97;95.75;0.76;
2022-12-03 11:00:00;179.0;30.9;167.0;7.58;92.35;0.83;
2022-12-03 12:00:00;162.0;27.71;152.0;9.05;85.95;0.69;
2022-12-03 13:00:00;152.0;72.27;131.0;9.91;79.95;0.62;
2022-12-03 14:00:00;94.0;93.2;77.0;10.24;77.15;0.55;
2022-12-03 15:00:00;14.0;45.81;12.0;9.85;79.95;0.34;
2022-12-03 16:00:00;0.0;0.0;0.0;8.96;85.95;0.21;
2022-12-03 17:00:00;0.0;0.0;0.0;7.9;92.4;0.62;
2022-12-03 18:00:00;0.0;0.0;0.0;6.74;95.8;0.83;
2022-12-03 19:00:00;0.0;0.0;0.0;6.15;95.8;0.76;
2022-12-03 20:00:00;0.0;0.0;0.0;6.05;99.4;0.34;
2022-12-03 21:00:00;0.0;0.0;0.0;5.41;99.4;0.55;
2022-12-03 22:00:00;0.0;0.0;0.0;4.84;99.4;0.76;
2022-12-03 23:00:00;0.0;0.0;0.0;4.87;99.4;0.62;
2022-12-04 00:00:00;0.0;0.0;0.0;4.61;100.0;0.76;
2022-12-04 01:00:00;0.0;0.0;0.0;4.67;99.4;0.69;
2022-12-04 02:00:00;0.0;0.0;0.0;4.66;99.4;0.83;
2022-12-04 03:00:00;0.0;0.0;0.0;4.7;99.4;1.03;
2022-12-04 04:00:00;0.0;0.0;0.0;4.46;100.0;1.17;
2022-12-04 05:00:00;0.0;0.0;0.0;4.11;100.0;1.1;
2022-12-04 06:00:00;0.0;0.0;0.0;3.85;100.0;1.24;
2022-12-04 07:00:00;30.0;52.76;26.0;4.35;100.0;1.31;
2022-12-04 08:00:00;88.0;28.82;82.0;4.75;99.4;0.97;
2022-12-04 09:00:00;126.0;16.23;121.0;5.56;99.4;0.9;
2022-12-04 10:00:00;148.0;13.56;143.0;6.82;92.35;0.97;
2022-12-04 11:00:00;164.0;18.13;157.0;7.86;85.85;1.03;
2022-12-04 12:00:00;165.0;33.43;153.0;8.68;82.85;0.9;
2022-12-04 13:00:00;133.0;38.06;122.0;9.11;82.85;0.76;
2022-12-04 14:00:00;92.0;88.3;76.0;9.19;79.9;0.76;
2022-12-04 15:00:00;15.0;70.17;12.0;8.85;82.85;0.41;
2022-12-04 16:00:00;0.0;0.0;0.0;8.16;89.05;1.17;
2022-12-04 17:00:00;0.0;0.0;0.0;7.42;92.35;1.38;
2022-12-04 18:00:00;0.0;0.0;0.0;6.9;92.35;1.52;
2022-12-04 19:00:00;0.0;0.0;0.0;6.75;92.35;1.24;
2022-12-04 20:00:00;0.0;0.0;0.0;6.53;95.8;1.31;
2022-12-04 21:00:00;0.0;0.0;0.0;6.18;92.3;1.31;
2022-12-04 22:00:00;0.0;0.0;0.0;6.2;92.3;1.1;
2022-12-04 23:00:00;0.0;0.0;0.0;6.35;92.3;1.03;
2022-12-05 00:00:00;0.0;0.0;0.0;6.28;92.3;1.03;
2022-12-05 01:00:00;0.0;0.0;0.0;6.32;92.3;1.03;
2022-12-05 02:00:00;0.0;0.0;0.0;6.19;92.3;1.03;
2022-12-05 03:00:00;0.0;0.0;0.0;6.27;92.3;0.83;
2022-12-05 04:00:00;0.0;0.0;0.0;6.21;92.3;0.76;
2022-12-05 05:00:00;0.0;0.0;0.0;6.17;92.3;0.62;
2022-12-05 06:00:00;0.0;0.0;0.0;6.28;92.3;0.55;
2022-12-05 07:00:00;38.0;164.37;26.0;6.35;95.8;0.97;
2022-12-05 08:00:00;44.0;0.0;44.0;7.07;92.35;0.83;
2022-12-05 09:00:00;152.0;55.64;135.0;7.96;89.05;0.97;
2022-12-05 10:00:00;137.0;8.19;134.0;9.11;85.95;1.24;
2022-12-05 11:00:00;239.0;140.59;185.0;10.23;77.15;1.59;
2022-12-05 12:00:00;138.0;11.2;134.0;10.65;77.15;1.86;
2022-12-05 13:00:00;113.0;13.91;109.0;10.95;74.45;1.93;
2022-12-05 14:00:00;111.0;194.35;76.0;10.77;71.75;2.07;
2022-12-05 15:00:00;18.0;143.0;12.0;10.0;79.95;1.79;
2022-12-05 16:00:00;0.0;0.0;0.0;8.56;85.9;2.0;
2022-12-05 17:00:00;0.0;0.0;0.0;7.64;92.35;1.79;
2022-12-05 18:00:00;0.0;0.0;0.0;6.73;92.35;1.66;
2022-12-05 19:00:00;0.0;0.0;0.0;5.53;99.4;1.86;
2022-12-05 20:00:00;0.0;0.0;0.0;5.03;99.4;1.86;
2022-12-05 21:00:00;0.0;0.0;0.0;4.59;100.0;1.72;
2022-12-05 22:00:00;0.0;0.0;0.0;3.96;100.0;1.66;
2022-12-05 23:00:00;0.0;0.0;0.0;3.51;100.0;1.72;
2022-12-06 00:00:00;0.0;0.0;0.0;3.1;100.0;1.86;
2022-12-06 01:00:00;0.0;0.0;0.0;2.81;100.0;1.79;
2022-12-06 02:00:00;0.0;0.0;0.0;2.47;99.4;1.45;
2022-12-06 03:00:00;0.0;0.0;0.0;2.38;99.4;1.1;
2022-12-06 04:00:00;0.0;0.0;0.0;2.76;100.0;0.76;
2022-12-06 05:00:00;0.0;0.0;0.0;2.89;100.0;0.62;
2022-12-06 06:00:00;0.0;0.0;0.0;2.54;99.4;0.76;
2022-12-06 07:00:00;28.0;56.91;24.0;3.31;100.0;0.48;
2022-12-06 08:00:00;86.0;29.59;80.0;3.99;100.0;0.48;
2022-12-06 09:00:00;113.0;9.9;110.0;4.69;99.4;0.62;
2022-12-06 10:00:00;121.0;2.75;120.0;5.79;95.75;0.76;
2022-12-06 11:00:00;136.0;5.23;134.0;6.57;92.3;0.83;
2022-12-06 12:00:00;137.0;11.25;133.0;7.63;89.0;0.69;
2022-12-06 13:00:00;123.0;27.94;115.0;8.39;82.75;0.41;
2022-12-06 14:00:00;29.0;0.0;29.0;8.81;79.85;0.07;
2022-12-06 15:00:00;12.0;24.23;11.0;8.55;82.75;0.48;
2022-12-06 16:00:00;0.0;0.0;0.0;7.49;89.0;1.1;
2022-12-06 17:00:00;0.0;0.0;0.0;6.37;95.8;0.97;
2022-12-06 18:00:00;0.0;0.0;0.0;6.23;92.3;0.41;
2022-12-06 19:00:00;0.0;0.0;0.0;5.3;99.4;0.55;
2022-12-06 20:00:00;0.0;0.0;0.0;4.99;99.4;0.48;
2022-12-06 21:00:00;0.0;0.0;0.0;4.68;99.4;0.34;
2022-12-06 22:00:00;0.0;0.0;0.0;4.25;100.0;0.14;
2022-12-06 23:00:00;0.0;0.0;0.0;3.41;100.0;0.28;
2022-12-07 00:00:00;0.0;0.0;0.0;3.14;99.4;0.41;
2022-12-07 01:00:00;0.0;0.0;0.0;2.93;100.0;0.48;
2022-12-07 02:00:00;0.0;0.0;0.0;3.28;100.0;0.62;
2022-12-07 03:00:00;0.0;0.0;0.0;3.47;100.0;0.55;
2022-12-07 04:00:00;0.0;0.0;0.0;3.23;100.0;0.55;
2022-12-07 05:00:00;0.0;0.0;0.0;3.26;100.0;0.55;
2022-12-07 06:00:00;0.0;0.0;0.0;3.39;100.0;0.41;
2022-12-07 07:00:00;29.0;88.69;23.0;4.56;100.0;0.28;
2022-12-07 08:00:00;64.0;4.99;63.0;5.2;95.75;0.28;
2022-12-07 09:00:00;103.0;3.33;102.0;6.66;92.35;0.48;
2022-12-07 10:00:00;141.0;11.05;137.0;8.01;89.05;0.55;
2022-12-07 11:00:00;165.0;23.67;156.0;9.3;82.9;0.55;
2022-12-07 12:00:00;156.0;28.25;146.0;10.07;79.95;0.34;
2022-12-07 13:00:00;109.0;14.03;105.0;10.54;77.15;0.28;
2022-12-07 14:00:00;81.0;56.1;71.0;10.62;77.15;0.34;
2022-12-07 15:00:00;20.0;221.06;11.0;10.23;77.15;0.48;
2022-12-07 16:00:00;0.0;0.0;0.0;9.23;85.95;0.55;
2022-12-07 17:00:00;0.0;0.0;0.0;8.4;89.1;0.69;
2022-12-07 18:00:00;0.0;0.0;0.0;6.94;95.8;1.1;
2022-12-07 19:00:00;0.0;0.0;0.0;6.6;99.4;0.48;
2022-12-07 20:00:00;0.0;0.0;0.0;5.71;95.75;0.97;
2022-12-07 21:00:00;0.0;0.0;0.0;5.5;99.4;1.03;
2022-12-07 22:00:00;0.0;0.0;0.0;5.16;95.75;1.38;
2022-12-07 23:00:00;0.0;0.0;0.0;4.97;99.4;1.52;
2022-12-08 00:00:00;0.0;0.0;0.0;4.64;99.4;1.38;
2022-12-08 01:00:00;0.0;0.0;0.0;4.21;100.0;1.38;
2022-12-08 02:00:00;0.0;0.0;0.0;3.89;100.0;1.31;
2022-12-08 03:00:00;0.0;0.0;0.0;3.68;100.0;1.31;
2022-12-08 04:00:00;0.0;0.0;0.0;3.52;100.0;1.31;
2022-12-08 05:00:00;0.0;0.0;0.0;3.74;100.0;1.38;
2022-12-08 06:00:00;0.0;0.0;0.0;3.89;100.0;1.38;
2022-12-08 07:00:00;0.0;0.0;0.0;4.32;100.0;0.97;
2022-12-08 08:00:00;102.0;91.01;84.0;4.78;99.4;1.1;
2022-12-08 09:00:00;125.0;23.46;118.0;5.81;95.75;1.1;
2022-12-08 10:00:00;155.0;22.22;147.0;7.04;92.35;1.1;
2022-12-08 11:00:00;191.0;52.84;171.0;8.67;82.85;1.17;
2022-12-08 12:00:00;177.0;53.89;158.0;9.78;77.1;1.45;
2022-12-08 13:00:00;176.0;161.96;130.0;10.66;74.4;1.59;
2022-12-08 14:00:00;103.0;157.75;75.0;10.75;71.75;1.59;
2022-12-08 15:00:00;16.0;99.35;12.0;10.06;77.1;1.45;
2022-12-08 16:00:00;0.0;0.0;0.0;8.77;82.85;1.86;
2022-12-08 17:00:00;0.0;0.0;0.0;7.35;92.35;1.79;
2022-12-08 18:00:00;0.0;0.0;0.0;6.25;95.8;1.72;
2022-12-08 19:00:00;0.0;0.0;0.0;4.97;99.4;1.59;
2022-12-08 20:00:00;0.0;0.0;0.0;4.13;99.4;1.38;
2022-12-08 21:00:00;0.0;0.0;0.0;3.64;100.0;1.24;
2022-12-08 22:00:00;0.0;0.0;0.0;3.75;100.0;0.9;
2022-12-08 23:00:00;0.0;0.0;0.0;3.4;100.0;0.41;
2022-12-09 00:00:00;0.0;0.0;0.0;3.21;99.4;0.28;
2022-12-09 01:00:00;0.0;0.0;0.0;3.46;100.0;0.34;
2022-12-09 02:00:00;0.0;0.0;0.0;3.23;100.0;0.41;
2022-12-09 03:00:00;0.0;0.0;0.0;3.23;100.0;0.62;
2022-12-09 04:00:00;0.0;0.0;0.0;3.39;100.0;0.9;
2022-12-09 05:00:00;0.0;0.0;0.0;3.43;100.0;0.9;
2022-12-09 06:00:00;0.0;0.0;0.0;3.48;100.0;0.9;
2022-12-09 07:00:00;25.0;63.86;21.0;2.77;100.0;0.76;
2022-12-09 08:00:00;94.0;66.52;81.0;3.87;100.0;0.55;
2022-12-09 09:00:00;121.0;20.26;115.0;5.24;95.75;0.62;
2022-12-09 10:00:00;149.0;16.76;143.0;6.16;92.3;0.69;
2022-12-09 11:00:00;94.0;0.0;94.0;7.37;89.0;0.9;
2022-12-09 12:00:00;47.0;0.0;47.0;8.94;79.85;1.17;
2022-12-09 13:00:00;121.0;28.26;113.0;9.51;79.9;1.03;
2022-12-09 14:00:00;83.0;62.19;72.0;9.71;77.1;0.97;
2022-12-09 15:00:00;12.0;0.0;12.0;9.28;79.9;0.76;
2022-12-09 16:00:00;0.0;0.0;0.0;8.1;92.4;0.76;
2022-12-09 17:00:00;0.0;0.0;0.0;7.07;92.35;0.76;
2022-12-09 18:00:00;0.0;0.0;0.0;5.83;95.75;1.03;
2022-12-09 19:00:00;0.0;0.0;0.0;4.44;100.0;1.59;
2022-12-09 20:00:00;0.0;0.0;0.0;4.27;100.0;1.86;
2022-12-09 21:00:00;0.0;0.0;0.0;4.11;100.0;1.86;
2022-12-09 22:00:00;0.0;0.0;0.0;4.07;100.0;1.59;
2022-12-09 23:00:00;0.0;0.0;0.0;4.11;100.0;1.45;
2022-12-10 00:00:00;0.0;0.0;0.0;3.99;100.0;1.31;
2022-12-10 01:00:00;0.0;0.0;0.0;3.92;100.0;1.24;
2022-12-10 02:00:00;0.0;0.0;0.0;3.66;99.4;1.45;
2022-12-10 03:00:00;0.0;0.0;0.0;3.55;100.0;1.24;
2022-12-10 04:00:00;0.0;0.0;0.0;3.38;100.0;1.03;
2022-12-10 05:00:00;0.0;0.0;0.0;3.06;100.0;1.03;
2022-12-10 06:00:00;0.0;0.0;0.0;2.61;99.4;0.9;
2022-12-10 07:00:00;28.0;116.14;21.0;2.5;99.4;1.1;
2022-12-10 08:00:00;98.0;77.66;83.0;3.68;99.4;0.9;
2022-12-10 09:00:00;137.0;37.4;126.0;5.66;92.3;0.83;
2022-12-10 10:00:00;166.0;33.68;154.0;7.89;85.85;0.83;
2022-12-10 11:00:00;183.0;42.63;167.0;9.91;77.1;0.62;
2022-12-10 12:00:00;188.0;71.41;163.0;11.18;74.45;0.41;
2022-12-10 13:00:00;173.0;145.27;132.0;11.84;69.35;0.21;
2022-12-10 14:00:00;101.0;141.75;76.0;11.79;69.35;0.14;
2022-12-10 15:00:00;10.0;0.0;10.0;11.24;71.85;0.21;
2022-12-10 16:00:00;0.0;0.0;0.0;10.17;79.95;0.28;
2022-12-10 17:00:00;0.0;0.0;0.0;8.92;82.85;0.62;
2022-12-10 18:00:00;0.0;0.0;0.0;7.73;89.05;0.76;
2022-12-10 19:00:00;0.0;0.0;0.0;4.83;95.75;1.17;
2022-12-10 20:00:00;0.0;0.0;0.0;3.85;99.4;1.24;
2022-12-10 21:00:00;0.0;0.0;0.0;3.31;99.4;1.17;
2022-12-10 22:00:00;0.0;0.0;0.0;3.22;99.4;0.97;
2022-12-10 23:00:00;0.0;0.0;0.0;3.2;99.4;0.69;
2022-12-11 00:00:00;0.0;0.0;0.0;2.58;99.4;0.55;
2022-12-11 01:00:00;0.0;0.0;0.0;1.66;95.65;0.41;
2022-12-11 02:00:00;0.0;0.0;0.0;0.73;99.35;0.28;
2022-12-11 03:00:00;0.0;0.0;0.0;0.55;99.4;0.34;
2022-12-11 04:00:00;0.0;0.0;0.0;1.21;95.65;0.41;
2022-12-11 05:00:00;0.0;0.0;0.0;1.0;99.35;0.76;
2022-12-11 06:00:00;0.0;0.0;0.0;1.22;99.4;1.03;
2022-12-11 07:00:00;24.0;86.22;19.0;1.09;99.35;0.55;
2022-12-11 08:00:00;95.0;68.06;82.0;1.95;99.4;0.55;
2022-12-11 09:00:00;117.0;13.69;113.0;3.04;100.0;1.03;
2022-12-11 10:00:00;151.0;19.74;144.0;4.62;99.4;1.24;
2022-12-11 11:00:00;145.0;8.02;142.0;6.32;92.3;1.38;
2022-12-11 12:00:00;132.0;8.59;129.0;7.51;89.0;1.66;
2022-12-11 13:00:00;131.0;39.07;120.0;8.13;82.7;1.72;
2022-12-11 14:00:00;84.0;62.51;73.0;8.1;82.7;1.72;
2022-12-11 15:00:00;9.0;0.0;9.0;7.51;85.8;1.31;
2022-12-11 16:00:00;0.0;0.0;0.0;6.08;95.75;1.03;
2022-12-11 17:00:00;0.0;0.0;0.0;5.41;95.75;0.62;
2022-12-11 18:00:00;0.0;0.0;0.0;4.75;99.4;0.34;
2022-12-11 19:00:00;0.0;0.0;0.0;4.47;100.0;0.48;
2022-12-11 20:00:00;0.0;0.0;0.0;3.78;100.0;0.34;
2022-12-11 21:00:00;0.0;0.0;0.0;3.11;100.0;0.21;
2022-12-11 22:00:00;0.0;0.0;0.0;2.2;95.7;0.14;
2022-12-11 23:00:00;0.0;0.0;0.0;1.79;99.4;0.28;
2022-12-12 00:00:00;0.0;0.0;0.0;1.11;95.65;0.69;
2022-12-12 01:00:00;0.0;0.0;0.0;0.4;99.4;0.97;
2022-12-12 02:00:00;0.0;0.0;0.0;0.65;99.35;0.9;
2022-12-12 03:00:00;0.0;0.0;0.0;0.48;99.4;0.97;
2022-12-12 04:00:00;0.0;0.0;0.0;0.65;95.65;0.76;
2022-12-12 05:00:00;0.0;0.0;0.0;1.22;95.65;0.62;
2022-12-12 06:00:00;0.0;0.0;0.0;0.87;99.35;0.9;
2022-12-12 07:00:00;18.0;17.92;17.0;0.34;99.4;0.83;
2022-12-12 08:00:00;101.0;105.86;81.0;1.08;99.35;0.48;
2022-12-12 09:00:00;137.0;41.34;125.0;2.67;99.4;0.62;
2022-12-12 10:00:00;175.0;48.16;158.0;4.34;99.4;0.76;
2022-12-12 11:00:00;183.0;45.61;166.0;6.07;92.3;0.69;
2022-12-12 12:00:00;176.0;54.58;157.0;7.4;82.65;0.69;
2022-12-12 13:00:00;163.0;117.47;130.0;8.25;79.75;0.55;
2022-12-12 14:00:00;102.0;153.67;75.0;8.56;79.75;0.28;
2022-12-12 15:00:00;11.0;0.0;11.0;8.1;79.7;0.69;
2022-12-12 16:00:00;0.0;0.0;0.0;6.37;88.95;1.45;
2022-12-12 17:00:00;0.0;0.0;0.0;4.65;95.75;1.72;
2022-12-12 18:00:00;0.0;0.0;0.0;3.26;99.4;1.52;
2022-12-12 19:00:00;0.0;0.0;0.0;2.59;99.4;1.24;
2022-12-12 20:00:00;0.0;0.0;0.0;2.09;99.4;0.76;
2022-12-12 21:00:00;0.0;0.0;0.0;2.02;99.4;0.34;
2022-12-12 22:00:00;0.0;0.0;0.0;2.11;95.7;0.28;
2022-12-12 23:00:00;0.0;0.0;0.0;2.08;99.4;0.28;
2022-12-13 00:00:00;0.0;0.0;0.0;2.42;99.4;0.28;
2022-12-13 01:00:00;0.0;0.0;0.0;2.64;99.4;0.28;
2022-12-13 02:00:00;0.0;0.0;0.0;2.49;99.4;0.41;
2022-12-13 03:00:00;0.0;0.0;0.0;2.77;99.4;0.48;
2022-12-13 04:00:00;0.0;0.0;0.0;2.81;100.0;0.69;
2022-12-13 05:00:00;0.0;0.0;0.0;2.71;100.0;0.62;
2022-12-13 06:00:00;0.0;0.0;0.0;2.58;99.4;0.62;
2022-12-13 07:00:00;25.0;148.93;17.0;2.95;100.0;0.48;
2022-12-13 08:00:00;111.0;165.8;80.0;3.31;99.4;0.55;
2022-12-13 09:00:00;150.0;72.78;129.0;3.96;99.4;0.55;
2022-12-13 10:00:00;153.0;22.76;145.0;5.31;95.75;0.34;
2022-12-13 11:00:00;54.0;0.0;54.0;6.15;88.95;0.34;
2022-12-13 12:00:00;103.0;0.0;103.0;6.84;89.0;0.41;
2022-12-13 13:00:00;60.0;0.0;60.0;7.74;85.85;0.34;
2022-12-13 14:00:00;131.0;404.44;60.0;7.82;85.85;0.48;
2022-12-13 15:00:00;11.0;0.0;11.0;7.66;85.85;0.76;
2022-12-13 16:00:00;0.0;0.0;0.0;6.99;92.35;1.31;
2022-12-13 17:00:00;0.0;0.0;0.0;6.44;92.3;1.31;
2022-12-13 18:00:00;0.0;0.0;0.0;5.91;95.75;1.52;
2022-12-13 19:00:00;0.0;0.0;0.0;5.77;92.3;1.17;
2022-12-13 20:00:00;0.0;0.0;0.0;5.41;95.75;1.31;
2022-12-13 21:00:00;0.0;0.0;0.0;5.16;95.75;1.24;
2022-12-13 22:00:00;0.0;0.0;0.0;5.08;99.4;1.1;
2022-12-13 23:00:00;0.0;0.0;0.0;4.69;95.75;1.17;
2022-12-14 00:00:00;0.0;0.0;0.0;4.45;99.4;1.17;
2022-12-14 01:00:00;0.0;0.0;0.0;4.38;99.4;1.1;
2022-12-14 02:00:00;0.0;0.0;0.0;4.32;99.4;1.1;
2022-12-14 03:00:00;0.0;0.0;0.0;4.43;99.4;1.03;
2022-12-14 04:00:00;0.0;0.0;0.0;4.55;95.75;1.17;
2022-12-14 05:00:00;0.0;0.0;0.0;4.55;95.75;1.31;
2022-12-14 06:00:00;0.0;0.0;0.0;4.45;95.75;1.38;
2022-12-14 07:00:00;27.0;232.02;15.0;4.31;92.2;1.1;
2022-12-14 08:00:00;91.0;75.62;77.0;5.13;92.25;0.9;
2022-12-14 09:00:00;107.0;10.46;104.0;6.19;82.55;0.83;
2022-12-14 10:00:00;171.0;45.7;155.0;7.2;79.65;0.83;
2022-12-14 11:00:00;271.0;280.69;167.0;8.26;74.05;0.83;
2022-12-14 12:00:00;250.0;271.19;156.0;8.68;71.4;0.83;
2022-12-14 13:00:00;164.0;128.52;128.0;9.06;71.4;0.76;
2022-12-14 14:00:00;76.0;39.88;69.0;9.28;66.35;0.69;
2022-12-14 15:00:00;12.0;0.0;12.0;8.94;68.8;0.76;
2022-12-14 16:00:00;0.0;0.0;0.0;8.21;74.05;1.1;
2022-12-14 17:00:00;0.0;0.0;0.0;6.76;82.6;1.31;
2022-12-14 18:00:00;0.0;0.0;0.0;6.13;88.9;1.17;
2022-12-14 19:00:00;0.0;0.0;0.0;5.33;92.25;1.45;
2022-12-14 20:00:00;0.0;0.0;0.0;4.48;99.4;1.59;
2022-12-14 21:00:00;0.0;0.0;0.0;4.13;95.75;1.52;
2022-12-14 22:00:00;0.0;0.0;0.0;3.59;100.0;1.38;
2022-12-14 23:00:00;0.0;0.0;0.0;2.93;100.0;1.52;
2022-12-15 00:00:00;0.0;0.0;0.0;3.21;99.4;1.38;
2022-12-15 01:00:00;0.0;0.0;0.0;2.95;100.0;1.59;
2022-12-15 02:00:00;0.0;0.0;0.0;3.53;100.0;1.52;
2022-12-15 03:00:00;0.0;0.0;0.0;3.48;100.0;1.45;
2022-12-15 04:00:00;0.0;0.0;0.0;3.29;100.0;1.38;
2022-12-15 05:00:00;0.0;0.0;0.0;3.12;99.4;1.38;
2022-12-15 06:00:00;0.0;0.0;0.0;3.06;100.0;1.38;
2022-12-15 07:00:00;25.0;180.64;16.0;2.9;100.0;1.03;
2022-12-15 08:00:00;105.0;141.78;79.0;3.47;100.0;0.9;
2022-12-15 09:00:00;184.0;185.71;131.0;4.53;100.0;1.03;
2022-12-15 10:00:00;319.0;633.41;98.0;5.81;95.75;0.69;
2022-12-15 11:00:00;259.0;229.98;174.0;7.14;92.35;0.41;
2022-12-15 12:00:00;304.0;551.93;113.0;8.24;85.9;0.62;
2022-12-15 13:00:00;220.0;400.16;108.0;8.85;82.85;0.76;
2022-12-15 14:00:00;125.0;341.69;65.0;9.09;82.85;0.62;
2022-12-15 15:00:00;18.0;173.71;11.0;8.78;82.85;0.28;
2022-12-15 16:00:00;0.0;0.0;0.0;8.1;89.05;0.0;
2022-12-15 17:00:00;0.0;0.0;0.0;7.44;92.35;0.07;
2022-12-15 18:00:00;0.0;0.0;0.0;6.79;95.8;0.34;
2022-12-15 19:00:00;0.0;0.0;0.0;5.41;99.4;0.83;
2022-12-15 20:00:00;0.0;0.0;0.0;4.94;99.4;0.83;
2022-12-15 21:00:00;0.0;0.0;0.0;4.47;100.0;0.76;
2022-12-15 22:00:00;0.0;0.0;0.0;4.01;100.0;0.41;
2022-12-15 23:00:00;0.0;0.0;0.0;3.83;100.0;0.34;
2022-12-16 00:00:00;0.0;0.0;0.0;3.91;100.0;0.34;
2022-12-16 01:00:00;0.0;0.0;0.0;3.85;100.0;0.28;
2022-12-16 02:00:00;0.0;0.0;0.0;3.43;100.0;0.55;
2022-12-16 03:00:00;0.0;0.0;0.0;3.48;100.0;0.48;
2022-12-16 04:00:00;0.0;0.0;0.0;3.48;100.0;0.41;
2022-12-16 05:00:00;0.0;0.0;0.0;3.55;100.0;0.34;
2022-12-16 06:00:00;0.0;0.0;0.0;3.34;100.0;0.41;
2022-12-16 07:00:00;22.0;145.76;15.0;4.04;100.0;0.76;
2022-12-16 08:00:00;73.0;27.51;68.0;4.52;100.0;0.69;
2022-12-16 09:00:00;146.0;70.43;126.0;5.25;95.75;0.69;
2022-12-16 10:00:00;308.0;572.18;109.0;6.46;92.3;0.62;
2022-12-16 11:00:00;257.0;230.47;172.0;8.0;85.85;0.55;
2022-12-16 12:00:00;225.0;182.28;162.0;9.31;77.0;0.55;
2022-12-16 13:00:00;261.0;707.68;63.0;10.04;77.1;0.48;
2022-12-16 14:00:00;101.0;153.58;74.0;10.17;77.1;0.34;
2022-12-16 15:00:00;17.0;147.22;11.0;9.83;77.1;0.41;
2022-12-16 16:00:00;0.0;0.0;0.0;8.82;79.85;0.41;
2022-12-16 17:00:00;0.0;0.0;0.0;7.95;85.85;0.34;
2022-12-16 18:00:00;0.0;0.0;0.0;7.17;89.0;0.34;
2022-12-16 19:00:00;0.0;0.0;0.0;6.55;95.8;0.62;
2022-12-16 20:00:00;0.0;0.0;0.0;5.83;95.75;0.69;
2022-12-16 21:00:00;0.0;0.0;0.0;4.7;99.4;0.97;
2022-12-16 22:00:00;0.0;0.0;0.0;4.94;99.4;0.69;
2022-12-16 23:00:00;0.0;0.0;0.0;4.93;99.4;0.48;
2022-12-17 00:00:00;0.0;0.0;0.0;4.46;100.0;0.48;
2022-12-17 01:00:00;0.0;0.0;0.0;4.09;100.0;0.0;
2022-12-17 02:00:00;0.0;0.0;0.0;3.72;100.0;0.34;
2022-12-17 03:00:00;0.0;0.0;0.0;3.36;100.0;0.14;
2022-12-17 04:00:00;0.0;0.0;0.0;3.35;100.0;0.07;
2022-12-17 05:00:00;0.0;0.0;0.0;3.19;99.4;0.21;
2022-12-17 06:00:00;0.0;0.0;0.0;3.33;100.0;0.28;
2022-12-17 07:00:00;15.0;43.17;13.0;2.44;99.4;0.76;
2022-12-17 08:00:00;154.0;599.31;46.0;3.66;99.4;0.62;
2022-12-17 09:00:00;180.0;176.87;130.0;5.09;99.4;0.55;
2022-12-17 10:00:00;199.0;103.81;163.0;6.95;89.0;0.34;
2022-12-17 11:00:00;202.0;81.49;172.0;8.79;79.85;0.55;
2022-12-17 12:00:00;216.0;153.49;163.0;10.21;71.7;0.76;
2022-12-17 13:00:00;215.0;368.11;112.0;10.88;69.15;0.69;
2022-12-17 14:00:00;148.0;590.49;44.0;10.92;69.15;0.48;
2022-12-17 15:00:00;14.0;48.4;12.0;10.45;71.7;0.62;
2022-12-17 16:00:00;0.0;0.0;0.0;8.47;85.9;1.1;
2022-12-17 17:00:00;0.0;0.0;0.0;6.58;92.3;1.38;
2022-12-17 18:00:00;0.0;0.0;0.0;5.42;95.75;1.45;
2022-12-17 19:00:00;0.0;0.0;0.0;6.68;89.0;0.41;
2022-12-17 20:00:00;0.0;0.0;0.0;5.93;95.75;0.28;
2022-12-17 21:00:00;0.0;0.0;0.0;5.28;99.4;0.28;
2022-12-17 22:00:00;0.0;0.0;0.0;4.64;99.4;0.83;
2022-12-17 23:00:00;0.0;0.0;0.0;2.46;99.4;1.1;
2022-12-18 00:00:00;0.0;0.0;0.0;1.8;99.4;0.97;
2022-12-18 01:00:00;0.0;0.0;0.0;2.25;99.4;0.76;
2022-12-18 02:00:00;0.0;0.0;0.0;2.77;100.0;0.97;
2022-12-18 03:00:00;0.0;0.0;0.0;3.12;99.4;1.03;
2022-12-18 04:00:00;0.0;0.0;0.0;3.25;100.0;1.03;
2022-12-18 05:00:00;0.0;0.0;0.0;3.36;100.0;1.1;
2022-12-18 06:00:00;0.0;0.0;0.0;3.21;100.0;1.38;
2022-12-18 07:00:00;17.0;67.07;14.0;1.94;99.4;0.97;
2022-12-18 08:00:00;106.0;167.8;76.0;2.57;99.4;0.97;
2022-12-18 09:00:00;188.0;216.68;127.0;3.89;99.4;0.9;
2022-12-18 10:00:00;246.0;257.28;157.0;5.3;95.75;0.97;
2022-12-18 11:00:00;349.0;715.42;86.0;6.94;95.8;1.24;
2022-12-18 12:00:00;327.0;721.5;78.0;8.61;89.1;1.38;
2022-12-18 13:00:00;252.0;650.12;70.0;9.49;85.95;1.38;
2022-12-18 14:00:00;141.0;509.73;51.0;10.01;82.95;1.52;
2022-12-18 15:00:00;16.0;95.23;12.0;9.49;85.95;1.45;
2022-12-18 16:00:00;0.0;0.0;0.0;8.47;92.4;1.45;
2022-12-18 17:00:00;0.0;0.0;0.0;7.06;99.4;1.38;
2022-12-18 18:00:00;0.0;0.0;0.0;5.81;99.4;1.45;
2022-12-18 19:00:00;0.0;0.0;0.0;7.02;99.4;0.34;
2022-12-18 20:00:00;0.0;0.0;0.0;6.51;99.4;0.21;
2022-12-18 21:00:00;0.0;0.0;0.0;5.67;95.75;0.14;
2022-12-18 22:00:00;0.0;0.0;0.0;4.82;99.4;0.28;
2022-12-18 23:00:00;0.0;0.0;0.0;4.13;99.4;0.41;
2022-12-19 00:00:00;0.0;0.0;0.0;4.07;100.0;0.28;
2022-12-19 01:00:00;0.0;0.0;0.0;3.98;100.0;0.34;
2022-12-19 02:00:00;0.0;0.0;0.0;3.95;100.0;0.28;
2022-12-19 03:00:00;0.0;0.0;0.0;3.79;100.0;0.28;
2022-12-19 04:00:00;0.0;0.0;0.0;3.68;99.4;0.34;
2022-12-19 05:00:00;0.0;0.0;0.0;3.68;100.0;0.48;
2022-12-19 06:00:00;0.0;0.0;0.0;3.83;100.0;0.55;
2022-12-19 07:00:00;19.0;138.78;13.0;3.27;99.4;0.69;
2022-12-19 08:00:00;110.0;202.84;74.0;3.64;99.4;0.55;
2022-12-19 09:00:00;187.0;217.5;126.0;4.59;100.0;0.41;
2022-12-19 10:00:00;226.0;185.41;162.0;5.98;95.75;0.55;
2022-12-19 11:00:00;225.0;136.16;175.0;7.65;92.35;1.03;
2022-12-19 12:00:00;186.0;78.25;159.0;8.98;89.1;1.31;
2022-12-19 13:00:00;144.0;71.37;124.0;10.01;82.95;1.24;
2022-12-19 14:00:00;93.0;107.27;74.0;10.48;83.0;1.31;
2022-12-19 15:00:00;15.0;70.1;12.0;10.01;86.0;1.24;
2022-12-19 16:00:00;0.0;0.0;0.0;8.65;92.4;1.52;
2022-12-19 17:00:00;0.0;0.0;0.0;7.0;99.4;1.59;
2022-12-19 18:00:00;0.0;0.0;0.0;5.7;99.4;1.59;
2022-12-19 19:00:00;0.0;0.0;0.0;4.75;99.4;1.59;
2022-12-19 20:00:00;0.0;0.0;0.0;3.94;100.0;1.93;
2022-12-19 21:00:00;0.0;0.0;0.0;3.51;100.0;1.59;
2022-12-19 22:00:00;0.0;0.0;0.0;3.26;100.0;1.03;
2022-12-19 23:00:00;0.0;0.0;0.0;3.15;99.4;0.9;
2022-12-20 00:00:00;0.0;0.0;0.0;3.85;100.0;0.9;
2022-12-20 01:00:00;0.0;0.0;0.0;4.05;100.0;1.1;
2022-12-20 02:00:00;0.0;0.0;0.0;4.17;99.4;1.31;
2022-12-20 03:00:00;0.0;0.0;0.0;4.16;99.4;1.38;
2022-12-20 04:00:00;0.0;0.0;0.0;4.24;100.0;1.24;
2022-12-20 05:00:00;0.0;0.0;0.0;4.27;100.0;1.03;
2022-12-20 06:00:00;0.0;0.0;0.0;4.2;99.4;1.03;
2022-12-20 07:00:00;15.0;71.7;12.0;3.51;100.0;1.17;
2022-12-20 08:00:00;95.0;113.46;75.0;4.02;100.0;1.17;
2022-12-20 09:00:00;156.0;100.17;128.0;5.14;95.75;1.17;
2022-12-20 10:00:00;190.0;87.07;160.0;6.5;95.8;1.03;
2022-12-20 11:00:00;208.0;98.12;172.0;7.92;95.8;0.9;
2022-12-20 12:00:00;185.0;75.34;159.0;9.02;92.45;0.69;
2022-12-20 13:00:00;148.0;78.4;126.0;9.92;89.2;0.41;
2022-12-20 14:00:00;86.0;73.12;73.0;10.14;89.2;0.28;
2022-12-20 15:00:00;13.0;45.77;11.0;9.77;89.2;0.69;
2022-12-20 16:00:00;0.0;0.0;0.0;8.56;95.85;1.45;
2022-12-20 17:00:00;0.0;0.0;0.0;7.29;99.4;1.79;
2022-12-20 18:00:00;0.0;0.0;0.0;6.44;99.4;1.72;
2022-12-20 19:00:00;0.0;0.0;0.0;5.35;99.4;1.86;
2022-12-20 20:00:00;0.0;0.0;0.0;5.25;99.4;1.59;
2022-12-20 21:00:00;0.0;0.0;0.0;4.95;99.4;1.31;
2022-12-20 22:00:00;0.0;0.0;0.0;5.06;99.4;0.97;
2022-12-20 23:00:00;0.0;0.0;0.0;5.25;99.4;0.97;
2022-12-21 00:00:00;0.0;0.0;0.0;4.78;99.4;1.24;
2022-12-21 01:00:00;0.0;0.0;0.0;4.93;99.4;0.9;
2022-12-21 02:00:00;0.0;0.0;0.0;4.55;100.0;1.03;
2022-12-21 03:00:00;0.0;0.0;0.0;4.62;100.0;0.97;
2022-12-21 04:00:00;0.0;0.0;0.0;4.38;100.0;1.03;
2022-12-21 05:00:00;0.0;0.0;0.0;4.09;100.0;0.97;
2022-12-21 06:00:00;0.0;0.0;0.0;4.06;100.0;0.62;
2022-12-21 07:00:00;6.0;0.0;6.0;4.76;99.4;0.21;
2022-12-21 08:00:00;96.0;125.58;74.0;5.1;99.4;0.28;
2022-12-21 09:00:00;116.0;21.53;110.0;6.36;95.8;0.55;
2022-12-21 10:00:00;114.0;2.91;113.0;7.16;92.35;0.62;
2022-12-21 11:00:00;152.0;19.09;145.0;7.93;92.4;0.76;
2022-12-21 12:00:00;51.0;0.0;51.0;9.03;89.1;0.9;
2022-12-21 13:00:00;107.0;14.23;103.0;9.62;85.95;0.9;
2022-12-21 14:00:00;40.0;0.0;40.0;10.07;82.95;0.62;
2022-12-21 15:00:00;3.0;0.0;3.0;9.75;82.95;0.41;
2022-12-21 16:00:00;0.0;0.0;0.0;8.53;89.1;1.31;
2022-12-21 17:00:00;0.0;0.0;0.0;7.52;95.8;1.52;
2022-12-21 18:00:00;0.0;0.0;0.0;7.17;92.35;1.38;
2022-12-21 19:00:00;0.0;0.0;0.0;6.92;95.8;1.17;
2022-12-21 20:00:00;0.0;0.0;0.0;6.7;95.8;0.97;
2022-12-21 21:00:00;0.0;0.0;0.0;6.41;95.8;0.9;
2022-12-21 22:00:00;0.0;0.0;0.0;6.63;99.4;0.41;
2022-12-21 23:00:00;0.0;0.0;0.0;6.55;99.4;0.0;
2022-12-22 00:00:00;0.0;0.0;0.0;6.26;95.8;0.34;
2022-12-22 01:00:00;0.0;0.0;0.0;5.7;95.75;0.76;
2022-12-22 02:00:00;0.0;0.0;0.0;4.79;99.4;0.97;
2022-12-22 03:00:00;0.0;0.0;0.0;4.91;99.4;0.76;
2022-12-22 04:00:00;0.0;0.0;0.0;4.65;99.4;0.9;
2022-12-22 05:00:00;0.0;0.0;0.0;4.48;100.0;0.9;
2022-12-22 06:00:00;0.0;0.0;0.0;4.73;99.4;0.69;
2022-12-22 07:00:00;4.0;0.0;4.0;4.85;99.4;0.69;
2022-12-22 08:00:00;75.0;40.18;68.0;5.39;95.75;0.76;
2022-12-22 09:00:00;144.0;71.94;124.0;6.14;95.8;0.55;
2022-12-22 10:00:00;168.0;49.47;151.0;7.58;95.8;0.48;
2022-12-22 11:00:00;138.0;8.18;135.0;9.3;89.15;0.48;
2022-12-22 12:00:00;152.0;26.04;143.0;10.57;86.05;0.55;
2022-12-22 13:00:00;108.0;14.2;104.0;11.6;83.1;0.76;
2022-12-22 14:00:00;78.0;44.57;70.0;11.9;80.2;0.97;
2022-12-22 15:00:00;6.0;0.0;6.0;11.67;83.1;0.97;
2022-12-22 16:00:00;0.0;0.0;0.0;10.29;89.25;0.76;
2022-12-22 17:00:00;0.0;0.0;0.0;8.95;95.85;1.17;
2022-12-22 18:00:00;0.0;0.0;0.0;8.29;95.85;1.31;
2022-12-22 19:00:00;0.0;0.0;0.0;6.88;99.4;1.24;
2022-12-22 20:00:00;0.0;0.0;0.0;6.15;95.8;1.17;
2022-12-22 21:00:00;0.0;0.0;0.0;5.79;99.4;0.76;
2022-12-22 22:00:00;0.0;0.0;0.0;5.55;99.4;0.62;
2022-12-22 23:00:00;0.0;0.0;0.0;5.65;95.75;0.28;
2022-12-23 00:00:00;0.0;0.0;0.0;5.75;99.4;0.28;
2022-12-23 01:00:00;0.0;0.0;0.0;5.79;99.4;0.69;
2022-12-23 02:00:00;0.0;0.0;0.0;5.54;99.4;0.9;
2022-12-23 03:00:00;0.0;0.0;0.0;5.47;99.4;0.97;
2022-12-23 04:00:00;0.0;0.0;0.0;5.6;99.4;1.03;
2022-12-23 05:00:00;0.0;0.0;0.0;5.4;99.4;1.1;
2022-12-23 06:00:00;0.0;0.0;0.0;5.58;99.4;0.97;
2022-12-23 07:00:00;9.0;0.0;9.0;4.66;99.4;1.03;
2022-12-23 08:00:00;76.0;46.15;68.0;5.45;99.4;1.1;
2022-12-23 09:00:00;98.0;7.21;96.0;6.68;95.8;1.24;
2022-12-23 10:00:00;61.0;0.0;61.0;8.08;95.8;1.45;
2022-12-23 11:00:00;112.0;0.0;112.0;9.17;92.45;1.45;
2022-12-23 12:00:00;114.0;2.89;113.0;10.23;86.05;1.1;
2022-12-23 13:00:00;51.0;0.0;51.0;10.84;83.05;0.69;
2022-12-23 14:00:00;59.0;5.54;58.0;11.01;83.05;0.41;
2022-12-23 15:00:00;10.0;0.0;10.0;10.61;86.05;1.24;
2022-12-23 16:00:00;0.0;0.0;0.0;9.0;92.45;2.07;
2022-12-23 17:00:00;0.0;0.0;0.0;8.0;95.8;2.07;
2022-12-23 18:00:00;0.0;0.0;0.0;7.54;95.8;1.86;
2022-12-23 19:00:00;0.0;0.0;0.0;7.33;95.8;1.93;
2022-12-23 20:00:00;0.0;0.0;0.0;7.3;95.8;2.0;
2022-12-23 21:00:00;0.0;0.0;0.0;7.25;95.8;1.93;
2022-12-23 22:00:00;0.0;0.0;0.0;6.79;95.8;1.86;
2022-12-23 23:00:00;0.0;0.0;0.0;6.7;95.8;1.72;
2022-12-24 00:00:00;0.0;0.0;0.0;6.46;99.4;1.59;
2022-12-24 01:00:00;0.0;0.0;0.0;6.51;99.4;1.38;
2022-12-24 02:00:00;0.0;0.0;0.0;6.42;99.4;1.17;
2022-12-24 03:00:00;0.0;0.0;0.0;6.75;95.8;0.97;
2022-12-24 04:00:00;0.0;0.0;0.0;7.02;95.8;0.83;
2022-12-24 05:00:00;0.0;0.0;0.0;6.97;95.8;0.76;
2022-12-24 06:00:00;0.0;0.0;0.0;6.86;95.8;0.69;
2022-12-24 07:00:00;4.0;0.0;4.0;6.28;95.8;0.48;
2022-12-24 08:00:00;51.0;5.79;50.0;6.76;92.35;0.28;
2022-12-24 09:00:00;114.0;21.66;108.0;7.49;92.35;0.14;
2022-12-24 10:00:00;167.0;46.61;151.0;8.45;89.1;0.07;
2022-12-24 11:00:00;188.0;59.94;166.0;9.33;85.95;0.41;
2022-12-24 12:00:00;256.0;294.31;154.0;10.0;86.0;0.76;
2022-12-24 13:00:00;170.0;141.17;130.0;10.52;86.05;1.1;
2022-12-24 14:00:00;83.0;55.05;73.0;10.72;83.05;1.24;
2022-12-24 15:00:00;21.0;124.0;15.0;10.44;86.05;0.55;
2022-12-24 16:00:00;0.0;0.0;0.0;9.63;92.45;0.55;
2022-12-24 17:00:00;0.0;0.0;0.0;8.81;92.45;0.62;
2022-12-24 18:00:00;0.0;0.0;0.0;7.74;95.8;1.1;
2022-12-24 19:00:00;0.0;0.0;0.0;7.64;99.4;1.38;
2022-12-24 20:00:00;0.0;0.0;0.0;7.62;99.4;1.79;
2022-12-24 21:00:00;0.0;0.0;0.0;7.49;95.8;2.14;
2022-12-24 22:00:00;0.0;0.0;0.0;7.01;95.8;2.41;
2022-12-24 23:00:00;0.0;0.0;0.0;6.81;95.8;2.34;
2022-12-25 00:00:00;0.0;0.0;0.0;6.5;95.8;2.21;
2022-12-25 01:00:00;0.0;0.0;0.0;6.5;95.8;1.93;
2022-12-25 02:00:00;0.0;0.0;0.0;6.15;95.8;1.79;
2022-12-25 03:00:00;0.0;0.0;0.0;5.79;95.75;1.59;
2022-12-25 04:00:00;0.0;0.0;0.0;5.72;95.75;1.24;
2022-12-25 05:00:00;0.0;0.0;0.0;5.47;99.4;0.9;
2022-12-25 06:00:00;0.0;0.0;0.0;5.34;99.4;0.62;
2022-12-25 07:00:00;9.0;0.0;9.0;4.89;99.4;0.48;
2022-12-25 08:00:00;71.0;34.89;65.0;5.43;99.4;0.69;
2022-12-25 09:00:00;109.0;14.46;105.0;6.12;99.4;0.55;
2022-12-25 10:00:00;118.0;2.91;117.0;6.72;95.8;0.41;
2022-12-25 11:00:00;104.0;0.0;104.0;7.95;92.4;0.62;
2022-12-25 12:00:00;116.0;2.88;115.0;9.01;89.1;0.69;
2022-12-25 13:00:00;99.0;7.03;97.0;9.73;82.95;0.62;
2022-12-25 14:00:00;66.0;16.4;63.0;9.97;86.0;0.48;
2022-12-25 15:00:00;20.0;100.35;15.0;9.67;85.95;0.48;
2022-12-25 16:00:00;0.0;0.0;0.0;8.46;92.4;1.03;
2022-12-25 17:00:00;0.0;0.0;0.0;6.55;99.4;1.24;
2022-12-25 18:00:00;0.0;0.0;0.0;5.62;99.4;1.1;
2022-12-25 19:00:00;0.0;0.0;0.0;5.56;99.4;0.62;
2022-12-25 20:00:00;0.0;0.0;0.0;5.14;95.75;0.48;
2022-12-25 21:00:00;0.0;0.0;0.0;4.51;100.0;0.55;
2022-12-25 22:00:00;0.0;0.0;0.0;4.57;100.0;0.14;
2022-12-25 23:00:00;0.0;0.0;0.0;4.0;100.0;0.21;
2022-12-26 00:00:00;0.0;0.0;0.0;3.66;99.4;0.34;
2022-12-26 01:00:00;0.0;0.0;0.0;4.03;100.0;0.55;
2022-12-26 02:00:00;0.0;0.0;0.0;4.05;100.0;0.83;
2022-12-26 03:00:00;0.0;0.0;0.0;4.42;100.0;1.1;
2022-12-26 04:00:00;0.0;0.0;0.0;4.68;99.4;1.31;
2022-12-26 05:00:00;0.0;0.0;0.0;4.84;99.4;1.38;
2022-12-26 06:00:00;0.0;0.0;0.0;5.01;99.4;1.45;
2022-12-26 07:00:00;8.0;0.0;8.0;5.06;99.4;1.17;
2022-12-26 08:00:00;69.0;29.16;64.0;5.34;99.4;1.24;
2022-12-26 09:00:00;94.0;3.62;93.0;6.24;95.8;1.59;
2022-12-26 10:00:00;90.0;0.0;90.0;6.99;95.8;1.72;
2022-12-26 11:00:00;96.0;0.0;96.0;7.88;92.4;1.93;
2022-12-26 12:00:00;106.0;0.0;106.0;9.08;89.1;2.21;
2022-12-26 13:00:00;95.0;3.5;94.0;9.84;82.95;2.28;
2022-12-26 14:00:00;56.0;5.43;55.0;10.01;82.95;2.28;
2022-12-26 15:00:00;13.0;19.47;12.0;9.35;85.95;1.79;
2022-12-26 16:00:00;0.0;0.0;0.0;7.92;92.4;2.14;
2022-12-26 17:00:00;0.0;0.0;0.0;6.88;95.8;2.07;
2022-12-26 18:00:00;0.0;0.0;0.0;6.55;99.4;2.0;
2022-12-26 19:00:00;0.0;0.0;0.0;5.78;95.75;1.79;
2022-12-26 20:00:00;0.0;0.0;0.0;5.29;99.4;1.66;
2022-12-26 21:00:00;0.0;0.0;0.0;4.71;99.4;1.59;
2022-12-26 22:00:00;0.0;0.0;0.0;4.48;100.0;1.45;
2022-12-26 23:00:00;0.0;0.0;0.0;4.27;100.0;1.45;
2022-12-27 00:00:00;0.0;0.0;0.0;4.04;100.0;1.45;
2022-12-27 01:00:00;0.0;0.0;0.0;3.97;100.0;1.52;
2022-12-27 02:00:00;0.0;0.0;0.0;3.95;100.0;1.52;
2022-12-27 03:00:00;0.0;0.0;0.0;3.6;100.0;1.31;
2022-12-27 04:00:00;0.0;0.0;0.0;3.61;100.0;1.17;
2022-12-27 05:00:00;0.0;0.0;0.0;3.31;100.0;1.03;
2022-12-27 06:00:00;0.0;0.0;0.0;3.36;100.0;1.03;
2022-12-27 07:00:00;8.0;0.0;8.0;2.92;100.0;0.9;
2022-12-27 08:00:00;74.0;40.92;67.0;3.18;99.4;0.83;
2022-12-27 09:00:00;97.0;7.24;95.0;4.19;99.4;0.83;
2022-12-27 10:00:00;89.0;0.0;89.0;5.17;95.75;0.9;
2022-12-27 11:00:00;91.0;0.0;91.0;6.37;92.3;0.97;
2022-12-27 12:00:00;98.0;0.0;98.0;7.72;85.85;1.03;
2022-12-27 13:00:00;93.0;3.49;92.0;8.65;82.75;1.03;
2022-12-27 14:00:00;59.0;5.38;58.0;8.79;79.85;1.03;
2022-12-27 15:00:00;14.0;18.86;13.0;8.33;82.75;0.76;
2022-12-27 16:00:00;0.0;0.0;0.0;7.02;92.35;0.62;
2022-12-27 17:00:00;0.0;0.0;0.0;6.3;92.3;0.62;
2022-12-27 18:00:00;0.0;0.0;0.0;5.41;99.4;0.76;
2022-12-27 19:00:00;0.0;0.0;0.0;4.4;100.0;0.07;
2022-12-27 20:00:00;0.0;0.0;0.0;3.91;100.0;0.28;
2022-12-27 21:00:00;0.0;0.0;0.0;3.19;99.4;0.62;
2022-12-27 22:00:00;0.0;0.0;0.0;2.06;99.4;1.03;
2022-12-27 23:00:00;0.0;0.0;0.0;1.46;99.4;1.24;
2022-12-28 00:00:00;0.0;0.0;0.0;1.1;95.65;1.38;
2022-12-28 01:00:00;0.0;0.0;0.0;1.11;95.65;1.24;
2022-12-28 02:00:00;0.0;0.0;0.0;1.13;99.4;1.31;
2022-12-28 03:00:00;0.0;0.0;0.0;1.07;99.35;1.31;
2022-12-28 04:00:00;0.0;0.0;0.0;1.35;99.4;1.24;
2022-12-28 05:00:00;0.0;0.0;0.0;1.42;99.4;1.1;
2022-12-28 06:00:00;0.0;0.0;0.0;1.4;99.4;1.1;
2022-12-28 07:00:00;8.0;0.0;8.0;1.35;99.4;1.24;
2022-12-28 08:00:00;78.0;52.69;69.0;1.59;99.4;1.38;
2022-12-28 09:00:00;123.0;32.57;114.0;2.37;95.7;1.45;
2022-12-28 10:00:00;114.0;2.91;113.0;3.7;95.7;1.59;
2022-12-28 11:00:00;112.0;0.0;112.0;5.58;92.25;1.59;
2022-12-28 12:00:00;117.0;2.86;116.0;7.29;82.65;1.72;
2022-12-28 13:00:00;108.0;10.42;105.0;8.48;76.85;1.79;
2022-12-28 14:00:00;75.0;26.69;70.0;8.78;74.15;1.72;
2022-12-28 15:00:00;17.0;36.51;15.0;8.05;79.7;1.59;
2022-12-28 16:00:00;0.0;0.0;0.0;6.52;88.95;1.93;
2022-12-28 17:00:00;0.0;0.0;0.0;5.06;99.4;1.86;
2022-12-28 18:00:00;0.0;0.0;0.0;3.99;100.0;1.86;
2022-12-28 19:00:00;0.0;0.0;0.0;3.07;100.0;1.86;
2022-12-28 20:00:00;0.0;0.0;0.0;2.1;99.4;1.79;
2022-12-28 21:00:00;0.0;0.0;0.0;1.75;99.4;1.59;
2022-12-28 22:00:00;0.0;0.0;0.0;1.17;99.4;1.52;
2022-12-28 23:00:00;0.0;0.0;0.0;0.94;99.35;1.45;
2022-12-29 00:00:00;0.0;0.0;0.0;0.59;99.4;1.31;
2022-12-29 01:00:00;0.0;0.0;0.0;1.07;99.35;1.52;
2022-12-29 02:00:00;0.0;0.0;0.0;1.14;95.65;1.66;
2022-12-29 03:00:00;0.0;0.0;0.0;1.25;95.65;1.79;
2022-12-29 04:00:00;0.0;0.0;0.0;1.18;95.65;1.66;
2022-12-29 05:00:00;0.0;0.0;0.0;1.16;95.65;1.45;
2022-12-29 06:00:00;0.0;0.0;0.0;0.91;99.35;1.31;
2022-12-29 07:00:00;8.0;0.0;8.0;0.19;95.65;1.52;
2022-12-29 08:00:00;81.0;64.47;70.0;0.64;95.65;1.72;
2022-12-29 09:00:00;126.0;36.17;116.0;1.84;95.65;1.79;
2022-12-29 10:00:00;150.0;23.23;142.0;3.42;99.4;1.79;
2022-12-29 11:00:00;167.0;27.03;157.0;5.72;88.9;1.93;
2022-12-29 12:00:00;182.0;59.8;161.0;7.59;82.65;2.14;
2022-12-29 13:00:00;167.0;110.55;135.0;8.6;76.85;2.21;
2022-12-29 14:00:00;96.0;84.66;80.0;8.84;74.15;2.07;
2022-12-29 15:00:00;21.0;70.64;17.0;7.98;79.7;1.86;
2022-12-29 16:00:00;0.0;0.0;0.0;6.25;88.95;2.34;
2022-12-29 17:00:00;0.0;0.0;0.0;4.91;95.75;2.28;
2022-12-29 18:00:00;0.0;0.0;0.0;4.03;99.4;2.0;
2022-12-29 19:00:00;0.0;0.0;0.0;3.54;100.0;2.0;
2022-12-29 20:00:00;0.0;0.0;0.0;2.95;100.0;1.79;
2022-12-29 21:00:00;0.0;0.0;0.0;2.51;99.4;1.45;
2022-12-29 22:00:00;0.0;0.0;0.0;1.83;99.4;1.17;
2022-12-29 23:00:00;0.0;0.0;0.0;0.92;99.35;1.38;
2022-12-30 00:00:00;0.0;0.0;0.0;0.59;95.65;1.52;
2022-12-30 01:00:00;0.0;0.0;0.0;0.6;95.65;1.86;
2022-12-30 02:00:00;0.0;0.0;0.0;1.1;92.05;2.07;
2022-12-30 03:00:00;0.0;0.0;0.0;1.49;92.05;2.55;
2022-12-30 04:00:00;0.0;0.0;0.0;2.3;92.15;2.69;
2022-12-30 05:00:00;0.0;0.0;0.0;2.56;92.15;2.62;
2022-12-30 06:00:00;0.0;0.0;0.0;2.44;92.15;2.69;
2022-12-30 07:00:00;9.0;0.0;9.0;2.95;95.7;2.83;
2022-12-30 08:00:00;141.0;545.17;48.0;4.47;92.2;2.83;
2022-12-30 09:00:00;265.0;740.75;60.0;6.63;88.95;2.69;
2022-12-30 10:00:00;349.0;828.83;63.0;8.29;76.85;3.17;
2022-12-30 11:00:00;370.0;795.38;75.0;9.32;68.9;3.79;
2022-12-30 12:00:00;343.0;749.02;79.0;9.62;66.35;4.0;
2022-12-30 13:00:00;260.0;597.86;86.0;9.67;61.55;4.07;
2022-12-30 14:00:00;156.0;513.63;58.0;9.24;61.55;3.59;
2022-12-30 15:00:00;33.0;290.2;16.0;8.26;63.7;3.03;
2022-12-30 16:00:00;0.0;0.0;0.0;6.44;73.7;2.76;
2022-12-30 17:00:00;0.0;0.0;0.0;5.3;76.4;2.69;
2022-12-30 18:00:00;0.0;0.0;0.0;4.35;79.2;2.69;
2022-12-30 19:00:00;0.0;0.0;0.0;4.35;79.2;2.97;
2022-12-30 20:00:00;0.0;0.0;0.0;3.82;82.25;3.03;
2022-12-30 21:00:00;0.0;0.0;0.0;3.36;82.2;3.03;
2022-12-30 22:00:00;0.0;0.0;0.0;3.09;85.35;2.9;
2022-12-30 23:00:00;0.0;0.0;0.0;2.66;82.15;2.9;
2022-12-31 00:00:00;0.0;0.0;0.0;2.32;79.0;2.9;
2022-12-31 01:00:00;0.0;0.0;0.0;2.12;79.0;2.83;
2022-12-31 02:00:00;0.0;0.0;0.0;1.83;78.95;2.76;
2022-12-31 03:00:00;0.0;0.0;0.0;1.37;82.0;2.62;
2022-12-31 04:00:00;0.0;0.0;0.0;0.87;81.95;2.62;
2022-12-31 05:00:00;0.0;0.0;0.0;0.54;85.15;2.41;
2022-12-31 06:00:00;0.0;0.0;0.0;0.12;81.9;2.34;
2022-12-31 07:00:00;8.0;0.0;8.0;-0.27;88.45;2.07;
2022-12-31 08:00:00;94.0;123.05;73.0;0.02;92.0;1.66;
2022-12-31 09:00:00;238.0;519.6;94.0;3.15;79.1;1.52;
2022-12-31 10:00:00;345.0;792.37;71.0;5.12;70.7;1.72;
2022-12-31 11:00:00;362.0;731.24;90.0;6.17;60.85;1.72;
2022-12-31 12:00:00;246.0;217.6;169.0;6.78;54.3;1.52;
2022-12-31 13:00:00;240.0;437.27;112.0;6.8;52.2;1.38;
2022-12-31 14:00:00;130.0;254.27;81.0;6.7;52.2;1.45;
2022-12-31 15:00:00;7.0;0.0;7.0;6.05;58.45;1.45;
2022-12-31 16:00:00;0.0;0.0;0.0;4.51;68.23;1.83;
2022-12-31 17:00:00;0.0;0.0;0.0;3.94;70.56;1.81;
2022-12-31 18:00:00;0.0;0.0;0.0;3.37;72.89;1.78;
2022-12-31 19:00:00;0.0;0.0;0.0;2.8;75.23;1.75;
2022-12-31 20:00:00;0.0;0.0;0.0;2.23;77.56;1.72;
2022-12-31 21:00:00;0.0;0.0;0.0;1.66;79.9;1.7;
2022-12-31 22:00:00;0.0;0.0;0.0;1.09;82.23;1.67;
2022-12-31 23:00:00;0.0;0.0;0.0;0.52;84.56;1.64;
