Unnamed: 0;ghi;dni;dhi;temp_air;rh;ws10;TECHNOLOGYNAME_hydro_inflow
2022-01-01 00:00:00;0.0;0.0;0.0;3.85;86.25;1.89;
2022-01-01 01:00:00;0.0;0.0;0.0;3.96;86.81;1.93;
2022-01-01 02:00:00;0.0;0.0;0.0;4.08;87.38;1.97;
2022-01-01 03:00:00;0.0;0.0;0.0;4.2;87.94;2.01;
2022-01-01 04:00:00;0.0;0.0;0.0;4.31;88.51;2.05;
2022-01-01 05:00:00;0.0;0.0;0.0;4.43;89.07;2.09;
2022-01-01 06:00:00;0.0;0.0;0.0;4.55;89.64;2.13;
2022-01-01 07:00:00;2.0;0.0;2.0;4.66;90.21;2.17;
2022-01-01 08:00:00;43.0;0.0;43.0;5.25;92.25;2.55;
2022-01-01 09:00:00;22.0;0.0;22.0;5.63;92.3;2.76;
2022-01-01 10:00:00;100.0;0.0;100.0;5.76;92.3;2.9;
2022-01-01 11:00:00;47.0;0.0;47.0;5.83;92.3;2.83;
2022-01-01 12:00:00;78.0;0.0;78.0;5.83;92.3;2.69;
2022-01-01 13:00:00;96.0;3.43;95.0;5.82;92.3;2.07;
2022-01-01 14:00:00;37.0;0.0;37.0;5.79;92.3;2.69;
2022-01-01 15:00:00;3.0;0.0;3.0;5.58;92.3;3.45;
2022-01-01 16:00:00;0.0;0.0;0.0;5.19;92.25;2.9;
2022-01-01 17:00:00;0.0;0.0;0.0;4.58;92.25;2.41;
2022-01-01 18:00:00;0.0;0.0;0.0;3.85;95.7;2.34;
2022-01-01 19:00:00;0.0;0.0;0.0;3.27;95.7;2.34;
2022-01-01 20:00:00;0.0;0.0;0.0;2.76;95.7;1.24;
2022-01-01 21:00:00;0.0;0.0;0.0;2.35;95.65;0.69;
2022-01-01 22:00:00;0.0;0.0;0.0;0.33;100.0;1.38;
2022-01-01 23:00:00;0.0;0.0;0.0;0.17;100.0;0.9;
2022-01-02 00:00:00;0.0;0.0;0.0;0.12;100.0;0.55;
2022-01-02 01:00:00;0.0;0.0;0.0;-0.62;99.4;0.76;
2022-01-02 02:00:00;0.0;0.0;0.0;-0.59;99.4;1.17;
2022-01-02 03:00:00;0.0;0.0;0.0;-0.08;99.4;1.38;
2022-01-02 04:00:00;0.0;0.0;0.0;0.59;99.4;1.52;
2022-01-02 05:00:00;0.0;0.0;0.0;0.79;100.0;1.93;
2022-01-02 06:00:00;0.0;0.0;0.0;0.87;99.35;2.48;
2022-01-02 07:00:00;1.0;0.0;1.0;1.85;99.4;2.97;
2022-01-02 08:00:00;98.0;147.83;73.0;2.6;95.7;2.83;
2022-01-02 09:00:00;212.0;355.33;114.0;3.68;88.75;2.62;
2022-01-02 10:00:00;302.0;527.8;120.0;5.58;79.4;2.48;
2022-01-02 11:00:00;376.0;826.35;69.0;7.54;71.25;2.41;
2022-01-02 12:00:00;358.0;833.28;63.0;9.08;66.25;2.34;
2022-01-02 13:00:00;282.0;756.24;60.0;9.97;61.65;2.0;
2022-01-02 14:00:00;51.0;0.0;51.0;10.06;64.0;1.86;
2022-01-02 15:00:00;21.0;0.0;21.0;8.86;71.35;2.28;
2022-01-02 16:00:00;0.0;0.0;0.0;6.59;76.65;2.55;
2022-01-02 17:00:00;0.0;0.0;0.0;4.81;82.35;2.55;
2022-01-02 18:00:00;0.0;0.0;0.0;3.38;85.45;2.28;
2022-01-02 19:00:00;0.0;0.0;0.0;3.69;85.45;0.9;
2022-01-02 20:00:00;0.0;0.0;0.0;2.64;88.65;1.1;
2022-01-02 21:00:00;0.0;0.0;0.0;1.57;88.6;1.17;
2022-01-02 22:00:00;0.0;0.0;0.0;2.07;88.65;0.28;
2022-01-02 23:00:00;0.0;0.0;0.0;1.73;88.6;0.0;
2022-01-03 00:00:00;0.0;0.0;0.0;0.98;88.55;0.9;
2022-01-03 01:00:00;0.0;0.0;0.0;0.03;92.0;1.1;
2022-01-03 02:00:00;0.0;0.0;0.0;0.01;88.45;0.76;
2022-01-03 03:00:00;0.0;0.0;0.0;-0.04;88.45;0.41;
2022-01-03 04:00:00;0.0;0.0;0.0;-0.25;91.95;0.41;
2022-01-03 05:00:00;0.0;0.0;0.0;-0.53;91.95;0.76;
2022-01-03 06:00:00;0.0;0.0;0.0;-0.37;91.95;0.55;
2022-01-03 07:00:00;9.0;0.0;9.0;1.4;92.05;0.34;
2022-01-03 08:00:00;141.0;566.1;45.0;1.43;92.05;0.41;
2022-01-03 09:00:00;77.0;0.0;77.0;3.14;88.7;0.9;
2022-01-03 10:00:00;262.0;312.17;154.0;4.94;76.4;0.55;
2022-01-03 11:00:00;129.0;2.68;128.0;6.07;70.95;0.21;
2022-01-03 12:00:00;125.0;5.62;123.0;6.98;65.95;0.55;
2022-01-03 13:00:00;95.0;3.38;94.0;7.51;63.6;2.41;
2022-01-03 14:00:00;71.0;0.0;71.0;7.11;65.95;2.07;
2022-01-03 15:00:00;8.0;0.0;8.0;6.48;71.05;1.52;
2022-01-03 16:00:00;0.0;0.0;0.0;5.44;82.5;0.69;
2022-01-03 17:00:00;0.0;0.0;0.0;4.73;82.35;0.62;
2022-01-03 18:00:00;0.0;0.0;0.0;2.79;92.15;1.24;
2022-01-03 19:00:00;0.0;0.0;0.0;2.11;95.65;1.52;
2022-01-03 20:00:00;0.0;0.0;0.0;0.02;95.6;1.86;
2022-01-03 21:00:00;0.0;0.0;0.0;-1.01;95.6;2.14;
2022-01-03 22:00:00;0.0;0.0;0.0;-1.04;95.6;2.28;
2022-01-03 23:00:00;0.0;0.0;0.0;-0.76;95.6;2.0;
2022-01-04 00:00:00;0.0;0.0;0.0;0.0;88.45;1.59;
2022-01-04 01:00:00;0.0;0.0;0.0;0.59;88.5;1.38;
2022-01-04 02:00:00;0.0;0.0;0.0;0.61;85.15;1.31;
2022-01-04 03:00:00;0.0;0.0;0.0;-0.02;85.1;1.52;
2022-01-04 04:00:00;0.0;0.0;0.0;0.73;85.15;1.24;
2022-01-04 05:00:00;0.0;0.0;0.0;0.62;85.15;1.03;
2022-01-04 06:00:00;0.0;0.0;0.0;0.52;88.5;1.1;
2022-01-04 07:00:00;4.0;0.0;4.0;1.62;88.6;0.76;
2022-01-04 08:00:00;110.0;240.94;69.0;1.96;92.1;0.83;
2022-01-04 09:00:00;127.0;36.04;117.0;3.9;85.5;1.24;
2022-01-04 10:00:00;243.0;239.04;160.0;5.45;85.65;1.66;
2022-01-04 11:00:00;342.0;616.68;111.0;6.7;82.6;1.72;
2022-01-04 12:00:00;347.0;765.96;73.0;7.54;79.7;1.52;
2022-01-04 13:00:00;264.0;607.84;83.0;8.14;76.85;1.38;
2022-01-04 14:00:00;81.0;0.0;81.0;8.23;76.85;1.24;
2022-01-04 15:00:00;19.0;0.0;19.0;7.67;79.7;0.97;
2022-01-04 16:00:00;0.0;0.0;0.0;6.22;88.95;0.97;
2022-01-04 17:00:00;0.0;0.0;0.0;4.96;92.25;1.03;
2022-01-04 18:00:00;0.0;0.0;0.0;3.61;95.7;1.31;
2022-01-04 19:00:00;0.0;0.0;0.0;2.75;99.4;1.66;
2022-01-04 20:00:00;0.0;0.0;0.0;2.55;95.7;1.59;
2022-01-04 21:00:00;0.0;0.0;0.0;1.83;99.4;1.72;
2022-01-04 22:00:00;0.0;0.0;0.0;1.2;100.0;1.86;
2022-01-04 23:00:00;0.0;0.0;0.0;1.29;100.0;1.52;
2022-01-05 00:00:00;0.0;0.0;0.0;1.29;100.0;1.31;
2022-01-05 01:00:00;0.0;0.0;0.0;0.25;100.0;1.66;
2022-01-05 02:00:00;0.0;0.0;0.0;-0.48;99.4;1.72;
2022-01-05 03:00:00;0.0;0.0;0.0;-0.66;100.0;1.72;
2022-01-05 04:00:00;0.0;0.0;0.0;-0.56;99.4;1.66;
2022-01-05 05:00:00;0.0;0.0;0.0;-0.72;100.0;1.66;
2022-01-05 06:00:00;0.0;0.0;0.0;-0.54;99.4;1.59;
2022-01-05 07:00:00;8.0;0.0;8.0;-0.79;99.4;0.9;
2022-01-05 08:00:00;82.0;70.23;70.0;0.84;95.65;0.69;
2022-01-05 09:00:00;163.0;129.25;127.0;3.38;88.75;0.55;
2022-01-05 10:00:00;255.0;286.86;155.0;6.12;82.55;0.62;
2022-01-05 11:00:00;333.0;563.38;121.0;8.01;74.05;1.24;
2022-01-05 12:00:00;284.0;380.83;147.0;9.28;71.4;1.59;
2022-01-05 13:00:00;167.0;103.32;136.0;9.73;71.5;1.86;
2022-01-05 14:00:00;33.0;0.0;33.0;9.55;74.2;1.86;
2022-01-05 15:00:00;4.0;0.0;4.0;8.99;79.85;1.59;
2022-01-05 16:00:00;0.0;0.0;0.0;8.02;82.75;1.93;
2022-01-05 17:00:00;0.0;0.0;0.0;7.15;89.0;2.0;
2022-01-05 18:00:00;0.0;0.0;0.0;6.62;92.35;1.86;
2022-01-05 19:00:00;0.0;0.0;0.0;6.76;89.0;1.45;
2022-01-05 20:00:00;0.0;0.0;0.0;6.3;88.95;1.66;
2022-01-05 21:00:00;0.0;0.0;0.0;5.95;88.95;1.59;
2022-01-05 22:00:00;0.0;0.0;0.0;5.9;88.95;1.52;
2022-01-05 23:00:00;0.0;0.0;0.0;5.88;92.3;1.45;
2022-01-06 00:00:00;0.0;0.0;0.0;5.54;92.3;1.45;
2022-01-06 01:00:00;0.0;0.0;0.0;5.46;92.3;1.31;
2022-01-06 02:00:00;0.0;0.0;0.0;5.36;95.75;1.45;
2022-01-06 03:00:00;0.0;0.0;0.0;5.54;95.75;1.45;
2022-01-06 04:00:00;0.0;0.0;0.0;5.45;92.3;1.72;
2022-01-06 05:00:00;0.0;0.0;0.0;5.41;92.3;1.86;
2022-01-06 06:00:00;0.0;0.0;0.0;5.36;95.75;2.0;
2022-01-06 07:00:00;3.0;0.0;3.0;4.92;92.25;1.31;
2022-01-06 08:00:00;84.0;75.72;71.0;5.57;92.3;0.97;
2022-01-06 09:00:00;157.0;107.26;127.0;6.52;92.35;0.9;
2022-01-06 10:00:00;224.0;168.52;165.0;8.27;85.9;1.17;
2022-01-06 11:00:00;330.0;539.49;126.0;8.97;85.95;1.45;
2022-01-06 12:00:00;347.0;754.41;74.0;9.66;85.95;1.66;
2022-01-06 13:00:00;271.0;648.1;75.0;10.3;86.0;1.86;
2022-01-06 14:00:00;50.0;0.0;50.0;10.53;83.0;2.07;
2022-01-06 15:00:00;22.0;0.0;22.0;9.91;89.15;2.07;
2022-01-06 16:00:00;0.0;0.0;0.0;9.05;92.45;2.28;
2022-01-06 17:00:00;0.0;0.0;0.0;8.17;92.4;2.34;
2022-01-06 18:00:00;0.0;0.0;0.0;8.03;92.4;2.28;
2022-01-06 19:00:00;0.0;0.0;0.0;7.66;95.8;1.79;
2022-01-06 20:00:00;0.0;0.0;0.0;7.25;95.8;1.86;
2022-01-06 21:00:00;0.0;0.0;0.0;7.01;95.8;1.93;
2022-01-06 22:00:00;0.0;0.0;0.0;7.07;95.8;1.93;
2022-01-06 23:00:00;0.0;0.0;0.0;6.97;95.8;1.79;
2022-01-07 00:00:00;0.0;0.0;0.0;7.15;95.8;1.59;
2022-01-07 01:00:00;0.0;0.0;0.0;6.9;99.4;1.72;
2022-01-07 02:00:00;0.0;0.0;0.0;6.98;95.8;1.93;
2022-01-07 03:00:00;0.0;0.0;0.0;7.45;95.8;2.0;
2022-01-07 04:00:00;0.0;0.0;0.0;7.66;95.8;2.07;
2022-01-07 05:00:00;0.0;0.0;0.0;8.19;95.85;2.0;
2022-01-07 06:00:00;0.0;0.0;0.0;8.59;99.4;2.28;
2022-01-07 07:00:00;2.0;0.0;2.0;8.4;95.85;2.9;
2022-01-07 08:00:00;55.0;5.79;54.0;9.24;99.4;3.1;
2022-01-07 09:00:00;65.0;0.0;65.0;10.5;95.9;3.93;
2022-01-07 10:00:00;77.0;0.0;77.0;11.61;92.55;4.07;
2022-01-07 11:00:00;53.0;0.0;53.0;12.34;92.6;3.86;
2022-01-07 12:00:00;31.0;0.0;31.0;12.69;92.6;3.66;
2022-01-07 13:00:00;58.0;0.0;58.0;12.67;92.6;4.07;
2022-01-07 14:00:00;42.0;0.0;42.0;12.51;92.6;3.66;
2022-01-07 15:00:00;13.0;0.0;13.0;12.28;95.95;3.31;
2022-01-07 16:00:00;0.0;0.0;0.0;11.83;99.4;3.38;
2022-01-07 17:00:00;0.0;0.0;0.0;11.63;95.9;3.45;
2022-01-07 18:00:00;0.0;0.0;0.0;11.5;95.9;3.45;
2022-01-07 19:00:00;0.0;0.0;0.0;10.92;99.4;3.17;
2022-01-07 20:00:00;0.0;0.0;0.0;11.01;95.9;3.31;
2022-01-07 21:00:00;0.0;0.0;0.0;11.05;95.9;3.59;
2022-01-07 22:00:00;0.0;0.0;0.0;11.08;95.9;3.72;
2022-01-07 23:00:00;0.0;0.0;0.0;11.25;95.9;3.72;
2022-01-08 00:00:00;0.0;0.0;0.0;11.37;99.35;3.72;
2022-01-08 01:00:00;0.0;0.0;0.0;11.47;95.9;3.86;
2022-01-08 02:00:00;0.0;0.0;0.0;11.57;95.9;3.93;
2022-01-08 03:00:00;0.0;0.0;0.0;11.58;95.9;4.07;
2022-01-08 04:00:00;0.0;0.0;0.0;11.47;95.9;4.21;
2022-01-08 05:00:00;0.0;0.0;0.0;11.38;95.9;4.41;
2022-01-08 06:00:00;0.0;0.0;0.0;11.33;95.9;4.62;
2022-01-08 07:00:00;5.0;0.0;5.0;11.54;95.9;3.93;
2022-01-08 08:00:00;50.0;0.0;50.0;11.67;95.9;4.41;
2022-01-08 09:00:00;105.0;10.62;102.0;11.88;95.9;4.69;
2022-01-08 10:00:00;126.0;5.66;124.0;12.25;92.6;4.62;
2022-01-08 11:00:00;112.0;0.0;112.0;12.51;89.4;5.03;
2022-01-08 12:00:00;203.0;90.05;170.0;12.69;89.4;4.83;
2022-01-08 13:00:00;169.0;97.56;139.0;12.91;89.4;4.69;
2022-01-08 14:00:00;69.0;0.0;69.0;12.78;89.4;5.1;
2022-01-08 15:00:00;25.0;0.0;25.0;12.66;89.4;4.97;
2022-01-08 16:00:00;0.0;0.0;0.0;12.5;89.4;5.24;
2022-01-08 17:00:00;0.0;0.0;0.0;12.45;92.6;5.38;
2022-01-08 18:00:00;0.0;0.0;0.0;12.33;92.6;5.52;
2022-01-08 19:00:00;0.0;0.0;0.0;12.23;95.95;4.9;
2022-01-08 20:00:00;0.0;0.0;0.0;12.28;95.95;5.03;
2022-01-08 21:00:00;0.0;0.0;0.0;12.26;95.95;5.24;
2022-01-08 22:00:00;0.0;0.0;0.0;12.18;95.95;5.59;
2022-01-08 23:00:00;0.0;0.0;0.0;12.12;92.6;5.93;
2022-01-09 00:00:00;0.0;0.0;0.0;12.13;92.6;5.79;
2022-01-09 01:00:00;0.0;0.0;0.0;12.07;92.6;5.45;
2022-01-09 02:00:00;0.0;0.0;0.0;11.91;95.9;5.1;
2022-01-09 03:00:00;0.0;0.0;0.0;11.83;99.4;4.62;
2022-01-09 04:00:00;0.0;0.0;0.0;11.91;99.4;4.69;
2022-01-09 05:00:00;0.0;0.0;0.0;12.06;95.95;4.55;
2022-01-09 06:00:00;0.0;0.0;0.0;12.09;95.95;4.0;
2022-01-09 07:00:00;0.0;0.0;0.0;11.77;99.4;2.97;
2022-01-09 08:00:00;129.0;400.34;59.0;11.67;99.4;2.28;
2022-01-09 09:00:00;243.0;553.08;86.0;12.29;95.95;1.79;
2022-01-09 10:00:00;120.0;2.81;119.0;13.04;89.4;1.72;
2022-01-09 11:00:00;41.0;0.0;41.0;14.01;83.4;1.79;
2022-01-09 12:00:00;43.0;0.0;43.0;14.16;83.4;1.59;
2022-01-09 13:00:00;216.0;254.69;137.0;14.57;77.75;1.86;
2022-01-09 14:00:00;80.0;0.0;80.0;14.4;80.45;1.45;
2022-01-09 15:00:00;6.0;0.0;6.0;12.18;86.2;2.0;
2022-01-09 16:00:00;0.0;0.0;0.0;10.9;92.5;1.86;
2022-01-09 17:00:00;0.0;0.0;0.0;10.06;95.9;1.72;
2022-01-09 18:00:00;0.0;0.0;0.0;9.44;95.85;1.59;
2022-01-09 19:00:00;0.0;0.0;0.0;9.66;99.4;1.86;
2022-01-09 20:00:00;0.0;0.0;0.0;9.05;99.4;1.72;
2022-01-09 21:00:00;0.0;0.0;0.0;8.22;99.4;1.66;
2022-01-09 22:00:00;0.0;0.0;0.0;7.4;99.4;1.72;
2022-01-09 23:00:00;0.0;0.0;0.0;6.79;99.4;1.72;
2022-01-10 00:00:00;0.0;0.0;0.0;6.43;95.8;1.66;
2022-01-10 01:00:00;0.0;0.0;0.0;5.96;95.8;1.66;
2022-01-10 02:00:00;0.0;0.0;0.0;5.35;99.4;1.52;
2022-01-10 03:00:00;0.0;0.0;0.0;4.79;99.4;1.31;
2022-01-10 04:00:00;0.0;0.0;0.0;4.33;99.4;1.45;
2022-01-10 05:00:00;0.0;0.0;0.0;4.31;99.4;1.59;
2022-01-10 06:00:00;0.0;0.0;0.0;4.03;95.75;1.79;
2022-01-10 07:00:00;0.0;0.0;0.0;4.82;99.4;1.86;
2022-01-10 08:00:00;103.0;158.96;75.0;5.09;95.75;2.07;
2022-01-10 09:00:00;145.0;63.05;127.0;6.2;95.8;2.48;
2022-01-10 10:00:00;166.0;33.59;154.0;7.38;92.35;2.41;
2022-01-10 11:00:00;192.0;46.56;174.0;9.16;85.95;2.21;
2022-01-10 12:00:00;162.0;24.23;153.0;10.43;79.95;2.28;
2022-01-10 13:00:00;167.0;79.88;142.0;11.15;74.45;2.34;
2022-01-10 14:00:00;67.0;0.0;67.0;11.37;74.45;2.34;
2022-01-10 15:00:00;24.0;0.0;24.0;10.88;77.15;1.86;
2022-01-10 16:00:00;0.0;0.0;0.0;9.45;79.9;2.14;
2022-01-10 17:00:00;0.0;0.0;0.0;7.95;85.9;2.0;
2022-01-10 18:00:00;0.0;0.0;0.0;6.83;92.35;1.52;
2022-01-10 19:00:00;0.0;0.0;0.0;7.02;89.0;1.1;
2022-01-10 20:00:00;0.0;0.0;0.0;7.44;89.05;0.34;
2022-01-10 21:00:00;0.0;0.0;0.0;6.94;92.35;0.55;
2022-01-10 22:00:00;0.0;0.0;0.0;5.22;95.75;1.24;
2022-01-10 23:00:00;0.0;0.0;0.0;4.48;95.75;1.72;
2022-01-11 00:00:00;0.0;0.0;0.0;3.92;95.75;2.0;
2022-01-11 01:00:00;0.0;0.0;0.0;3.69;99.4;2.14;
2022-01-11 02:00:00;0.0;0.0;0.0;3.58;99.4;2.14;
2022-01-11 03:00:00;0.0;0.0;0.0;3.38;95.7;2.14;
2022-01-11 04:00:00;0.0;0.0;0.0;3.3;99.4;2.07;
2022-01-11 05:00:00;0.0;0.0;0.0;3.3;99.4;2.07;
2022-01-11 06:00:00;0.0;0.0;0.0;4.05;95.75;1.86;
2022-01-11 07:00:00;3.0;0.0;3.0;5.34;95.75;1.93;
2022-01-11 08:00:00;74.0;33.79;68.0;6.3;95.8;2.07;
2022-01-11 09:00:00;107.0;10.44;104.0;7.97;89.1;2.69;
2022-01-11 10:00:00;106.0;0.0;106.0;8.98;85.95;3.03;
2022-01-11 11:00:00;100.0;0.0;100.0;9.73;82.9;2.83;
2022-01-11 12:00:00;181.0;45.43;164.0;10.11;79.95;2.55;
2022-01-11 13:00:00;128.0;15.83;123.0;10.39;77.1;2.41;
2022-01-11 14:00:00;69.0;0.0;69.0;10.28;74.3;2.48;
2022-01-11 15:00:00;30.0;0.0;30.0;9.83;77.0;2.21;
2022-01-11 16:00:00;0.0;0.0;0.0;8.9;82.75;2.41;
2022-01-11 17:00:00;0.0;0.0;0.0;7.87;82.7;2.62;
2022-01-11 18:00:00;0.0;0.0;0.0;7.28;82.65;2.9;
2022-01-11 19:00:00;0.0;0.0;0.0;7.05;82.65;2.9;
2022-01-11 20:00:00;0.0;0.0;0.0;6.8;85.75;2.97;
2022-01-11 21:00:00;0.0;0.0;0.0;6.37;85.7;3.03;
2022-01-11 22:00:00;0.0;0.0;0.0;6.37;85.7;2.97;
2022-01-11 23:00:00;0.0;0.0;0.0;5.86;85.65;2.83;
2022-01-12 00:00:00;0.0;0.0;0.0;5.38;88.85;2.76;
2022-01-12 01:00:00;0.0;0.0;0.0;5.09;85.6;2.69;
2022-01-12 02:00:00;0.0;0.0;0.0;4.66;88.85;2.76;
2022-01-12 03:00:00;0.0;0.0;0.0;4.36;88.8;2.69;
2022-01-12 04:00:00;0.0;0.0;0.0;4.05;85.5;2.69;
2022-01-12 05:00:00;0.0;0.0;0.0;3.72;88.75;2.69;
2022-01-12 06:00:00;0.0;0.0;0.0;3.45;85.45;2.62;
2022-01-12 07:00:00;11.0;0.0;11.0;3.75;88.75;2.48;
2022-01-12 08:00:00;118.0;245.71;74.0;4.6;85.55;2.28;
2022-01-12 09:00:00;235.0;442.75;107.0;7.29;79.65;2.34;
2022-01-12 10:00:00;361.0;813.12;67.0;8.98;71.4;2.9;
2022-01-12 11:00:00;394.0;824.95;71.0;10.08;61.65;3.52;
2022-01-12 12:00:00;382.0;846.23;63.0;10.55;59.5;3.52;
2022-01-12 13:00:00;307.0;762.13;64.0;10.79;57.3;3.31;
2022-01-12 14:00:00;54.0;0.0;54.0;10.66;57.3;2.76;
2022-01-12 15:00:00;29.0;0.0;29.0;9.92;63.9;2.14;
2022-01-12 16:00:00;0.0;0.0;0.0;8.37;66.15;2.28;
2022-01-12 17:00:00;0.0;0.0;0.0;6.85;73.8;2.28;
2022-01-12 18:00:00;0.0;0.0;0.0;5.55;76.5;2.28;
2022-01-12 19:00:00;0.0;0.0;0.0;4.92;82.4;2.34;
2022-01-12 20:00:00;0.0;0.0;0.0;4.1;85.5;2.34;
2022-01-12 21:00:00;0.0;0.0;0.0;3.43;85.45;2.28;
2022-01-12 22:00:00;0.0;0.0;0.0;2.81;92.15;2.14;
2022-01-12 23:00:00;0.0;0.0;0.0;2.36;95.65;2.0;
2022-01-13 00:00:00;0.0;0.0;0.0;2.52;92.15;1.72;
2022-01-13 01:00:00;0.0;0.0;0.0;3.06;88.7;1.45;
2022-01-13 02:00:00;0.0;0.0;0.0;3.24;88.7;1.38;
2022-01-13 03:00:00;0.0;0.0;0.0;2.93;88.7;1.38;
2022-01-13 04:00:00;0.0;0.0;0.0;2.75;92.15;1.45;
2022-01-13 05:00:00;0.0;0.0;0.0;2.69;92.15;1.52;
2022-01-13 06:00:00;0.0;0.0;0.0;3.1;88.7;1.66;
2022-01-13 07:00:00;5.0;0.0;5.0;3.64;88.75;1.72;
2022-01-13 08:00:00;75.0;33.2;69.0;4.3;88.8;1.59;
2022-01-13 09:00:00;110.0;10.31;107.0;7.08;76.7;1.52;
2022-01-13 10:00:00;144.0;10.99;140.0;8.83;71.35;1.93;
2022-01-13 11:00:00;262.0;185.2;189.0;9.92;63.9;2.62;
2022-01-13 12:00:00;304.0;384.36;158.0;10.21;59.35;2.62;
2022-01-13 13:00:00;244.0;335.48;136.0;10.23;59.35;2.55;
2022-01-13 14:00:00;77.0;0.0;77.0;10.18;59.35;2.41;
2022-01-13 15:00:00;32.0;0.0;32.0;9.6;63.9;1.79;
2022-01-13 16:00:00;0.0;0.0;0.0;8.41;68.7;1.86;
2022-01-13 17:00:00;0.0;0.0;0.0;7.16;73.9;2.0;
2022-01-13 18:00:00;0.0;0.0;0.0;6.29;79.5;2.14;
2022-01-13 19:00:00;0.0;0.0;0.0;5.09;88.85;2.07;
2022-01-13 20:00:00;0.0;0.0;0.0;4.16;88.8;2.07;
2022-01-13 21:00:00;0.0;0.0;0.0;3.39;88.75;2.21;
2022-01-13 22:00:00;0.0;0.0;0.0;3.19;88.7;2.41;
2022-01-13 23:00:00;0.0;0.0;0.0;3.16;88.7;2.48;
2022-01-14 00:00:00;0.0;0.0;0.0;3.21;88.7;2.41;
2022-01-14 01:00:00;0.0;0.0;0.0;3.11;88.7;2.34;
2022-01-14 02:00:00;0.0;0.0;0.0;2.88;88.7;2.41;
2022-01-14 03:00:00;0.0;0.0;0.0;3.0;88.7;2.34;
2022-01-14 04:00:00;0.0;0.0;0.0;2.53;92.15;2.48;
2022-01-14 05:00:00;0.0;0.0;0.0;2.4;88.65;2.41;
2022-01-14 06:00:00;0.0;0.0;0.0;2.17;92.1;2.48;
2022-01-14 07:00:00;16.0;95.87;12.0;2.28;95.65;2.21;
2022-01-14 08:00:00;152.0;564.5;49.0;3.21;88.7;2.0;
2022-01-14 09:00:00;276.0;723.12;64.0;6.22;76.55;2.21;
2022-01-14 10:00:00;365.0;808.06;69.0;7.57;66.05;2.76;
2022-01-14 11:00:00;398.0;818.86;73.0;8.18;61.3;2.55;
2022-01-14 12:00:00;385.0;828.03;68.0;8.41;61.3;2.34;
2022-01-14 13:00:00;313.0;759.78;66.0;8.44;61.3;2.41;
2022-01-14 14:00:00;57.0;0.0;57.0;8.15;61.3;2.41;
2022-01-14 15:00:00;25.0;0.0;25.0;7.65;63.6;1.93;
2022-01-14 16:00:00;0.0;0.0;0.0;6.33;70.95;2.14;
2022-01-14 17:00:00;0.0;0.0;0.0;5.25;76.4;2.21;
2022-01-14 18:00:00;0.0;0.0;0.0;4.61;79.3;2.07;
2022-01-14 19:00:00;0.0;0.0;0.0;4.18;82.3;2.14;
2022-01-14 20:00:00;0.0;0.0;0.0;3.92;82.3;2.28;
2022-01-14 21:00:00;0.0;0.0;0.0;3.9;82.3;2.41;
2022-01-14 22:00:00;0.0;0.0;0.0;3.74;85.45;2.55;
2022-01-14 23:00:00;0.0;0.0;0.0;4.1;79.2;2.62;
2022-01-15 00:00:00;0.0;0.0;0.0;4.23;79.2;2.62;
2022-01-15 01:00:00;0.0;0.0;0.0;4.49;76.3;2.76;
2022-01-15 02:00:00;0.0;0.0;0.0;4.38;79.2;2.83;
2022-01-15 03:00:00;0.0;0.0;0.0;4.2;79.2;2.83;
2022-01-15 04:00:00;0.0;0.0;0.0;4.09;76.25;2.69;
2022-01-15 05:00:00;0.0;0.0;0.0;4.01;76.25;2.48;
2022-01-15 06:00:00;0.0;0.0;0.0;3.66;79.15;2.28;
2022-01-15 07:00:00;8.0;0.0;8.0;2.35;88.65;2.21;
2022-01-15 08:00:00;83.0;48.83;74.0;3.36;85.4;1.72;
2022-01-15 09:00:00;119.0;16.93;114.0;5.11;73.55;1.93;
2022-01-15 10:00:00;155.0;16.27;149.0;6.2;68.3;1.79;
2022-01-15 11:00:00;263.0;170.12;195.0;6.8;68.4;1.38;
2022-01-15 12:00:00;250.0;163.25;187.0;7.35;65.95;0.69;
2022-01-15 13:00:00;288.0;551.23;107.0;7.64;63.6;0.48;
2022-01-15 14:00:00;100.0;0.0;100.0;7.7;63.6;0.62;
2022-01-15 15:00:00;35.0;0.0;35.0;7.37;65.95;0.69;
2022-01-15 16:00:00;0.0;0.0;0.0;6.46;68.4;1.38;
2022-01-15 17:00:00;0.0;0.0;0.0;5.21;76.4;1.79;
2022-01-15 18:00:00;0.0;0.0;0.0;4.76;79.3;1.79;
2022-01-15 19:00:00;0.0;0.0;0.0;4.51;88.85;1.1;
2022-01-15 20:00:00;0.0;0.0;0.0;4.67;88.85;0.9;
2022-01-15 21:00:00;0.0;0.0;0.0;4.54;88.85;0.83;
2022-01-15 22:00:00;0.0;0.0;0.0;4.99;85.6;0.55;
2022-01-15 23:00:00;0.0;0.0;0.0;4.96;88.85;0.48;
2022-01-16 00:00:00;0.0;0.0;0.0;4.76;92.25;0.55;
2022-01-16 01:00:00;0.0;0.0;0.0;4.53;92.25;0.83;
2022-01-16 02:00:00;0.0;0.0;0.0;4.48;92.25;1.17;
2022-01-16 03:00:00;0.0;0.0;0.0;4.3;95.75;1.38;
2022-01-16 04:00:00;0.0;0.0;0.0;4.07;95.75;1.31;
2022-01-16 05:00:00;0.0;0.0;0.0;3.78;95.7;1.1;
2022-01-16 06:00:00;0.0;0.0;0.0;3.56;95.7;0.55;
2022-01-16 07:00:00;9.0;0.0;9.0;3.58;95.7;0.41;
2022-01-16 08:00:00;60.0;5.37;59.0;4.06;95.75;0.41;
2022-01-16 09:00:00;70.0;0.0;70.0;4.73;92.25;0.76;
2022-01-16 10:00:00;66.0;0.0;66.0;5.3;88.85;1.31;
2022-01-16 11:00:00;69.0;0.0;69.0;6.18;82.55;1.86;
2022-01-16 12:00:00;100.0;0.0;100.0;7.45;73.95;2.48;
2022-01-16 13:00:00;113.0;3.01;112.0;7.91;76.8;2.48;
2022-01-16 14:00:00;61.0;0.0;61.0;8.14;71.35;2.48;
2022-01-16 15:00:00;33.0;0.0;33.0;7.9;73.95;2.0;
2022-01-16 16:00:00;0.0;0.0;0.0;6.61;79.55;2.41;
2022-01-16 17:00:00;0.0;0.0;0.0;5.48;85.65;2.55;
2022-01-16 18:00:00;0.0;0.0;0.0;4.86;88.85;2.41;
2022-01-16 19:00:00;0.0;0.0;0.0;3.07;92.15;1.79;
2022-01-16 20:00:00;0.0;0.0;0.0;2.41;95.7;1.24;
2022-01-16 21:00:00;0.0;0.0;0.0;1.72;99.4;0.9;
2022-01-16 22:00:00;0.0;0.0;0.0;2.15;95.65;0.14;
2022-01-16 23:00:00;0.0;0.0;0.0;0.64;100.0;0.97;
2022-01-17 00:00:00;0.0;0.0;0.0;0.74;100.0;0.9;
2022-01-17 01:00:00;0.0;0.0;0.0;0.38;99.4;0.97;
2022-01-17 02:00:00;0.0;0.0;0.0;0.44;99.4;0.83;
2022-01-17 03:00:00;0.0;0.0;0.0;0.66;100.0;1.31;
2022-01-17 04:00:00;0.0;0.0;0.0;0.72;100.0;1.03;
2022-01-17 05:00:00;0.0;0.0;0.0;0.86;99.35;0.83;
2022-01-17 06:00:00;0.0;0.0;0.0;0.72;100.0;1.24;
2022-01-17 07:00:00;11.0;0.0;11.0;1.39;95.65;1.86;
2022-01-17 08:00:00;33.0;0.0;33.0;1.98;92.1;2.55;
2022-01-17 09:00:00;294.0;786.34;58.0;3.32;88.7;3.93;
2022-01-17 10:00:00;350.0;649.31;107.0;5.08;76.4;4.76;
2022-01-17 11:00:00;413.0;838.04;73.0;7.46;63.6;5.86;
2022-01-17 12:00:00;176.0;25.49;166.0;9.64;57.05;6.34;
2022-01-17 13:00:00;302.0;596.75;102.0;10.9;47.35;6.55;
2022-01-17 14:00:00;47.0;0.0;47.0;10.86;36.0;7.31;
2022-01-17 15:00:00;29.0;0.0;29.0;9.88;28.05;6.9;
2022-01-17 16:00:00;0.0;0.0;0.0;8.38;27.75;6.21;
2022-01-17 17:00:00;0.0;0.0;0.0;7.41;29.85;6.07;
2022-01-17 18:00:00;0.0;0.0;0.0;6.93;31.1;6.28;
2022-01-17 19:00:00;0.0;0.0;0.0;6.94;32.4;5.93;
2022-01-17 20:00:00;0.0;0.0;0.0;6.61;32.25;5.93;
2022-01-17 21:00:00;0.0;0.0;0.0;6.39;33.5;5.66;
2022-01-17 22:00:00;0.0;0.0;0.0;5.77;36.2;5.03;
2022-01-17 23:00:00;0.0;0.0;0.0;4.85;42.3;4.62;
2022-01-18 00:00:00;0.0;0.0;0.0;3.89;45.7;4.28;
2022-01-18 01:00:00;0.0;0.0;0.0;3.03;51.3;4.21;
2022-01-18 02:00:00;0.0;0.0;0.0;2.52;53.25;4.41;
2022-01-18 03:00:00;0.0;0.0;0.0;2.45;49.15;4.41;
2022-01-18 04:00:00;0.0;0.0;0.0;2.28;49.0;4.07;
2022-01-18 05:00:00;0.0;0.0;0.0;1.91;49.0;3.59;
2022-01-18 06:00:00;0.0;0.0;0.0;1.56;50.9;3.24;
2022-01-18 07:00:00;21.0;123.54;15.0;2.0;53.15;2.97;
2022-01-18 08:00:00;160.0;561.37;53.0;2.69;55.45;2.9;
2022-01-18 09:00:00;283.0;687.23;75.0;4.99;53.9;2.62;
2022-01-18 10:00:00;372.0;774.33;80.0;7.32;48.4;2.83;
2022-01-18 11:00:00;402.0;748.44;96.0;8.98;43.4;3.17;
2022-01-18 12:00:00;381.0;712.58;99.0;10.0;40.4;3.38;
2022-01-18 13:00:00;314.0;658.45;91.0;10.45;38.95;3.45;
2022-01-18 14:00:00;64.0;0.0;64.0;10.36;43.7;3.45;
2022-01-18 15:00:00;33.0;0.0;33.0;9.53;45.25;3.24;
2022-01-18 16:00:00;0.0;0.0;0.0;7.65;48.55;3.24;
2022-01-18 17:00:00;0.0;0.0;0.0;6.52;50.2;3.1;
2022-01-18 18:00:00;0.0;0.0;0.0;5.42;54.05;2.97;
2022-01-18 19:00:00;0.0;0.0;0.0;5.3;76.4;2.97;
2022-01-18 20:00:00;0.0;0.0;0.0;4.88;79.3;2.76;
2022-01-18 21:00:00;0.0;0.0;0.0;4.22;82.3;2.55;
2022-01-18 22:00:00;0.0;0.0;0.0;3.88;82.3;2.41;
2022-01-18 23:00:00;0.0;0.0;0.0;3.33;88.7;2.41;
2022-01-19 00:00:00;0.0;0.0;0.0;2.88;88.7;2.28;
2022-01-19 01:00:00;0.0;0.0;0.0;2.28;92.1;2.14;
2022-01-19 02:00:00;0.0;0.0;0.0;1.55;88.6;1.79;
2022-01-19 03:00:00;0.0;0.0;0.0;1.32;88.55;1.52;
2022-01-19 04:00:00;0.0;0.0;0.0;1.41;85.25;1.31;
2022-01-19 05:00:00;0.0;0.0;0.0;1.14;88.55;1.03;
2022-01-19 06:00:00;0.0;0.0;0.0;1.09;88.55;0.9;
2022-01-19 07:00:00;28.0;296.68;13.0;1.93;85.3;0.83;
2022-01-19 08:00:00;171.0;663.48;43.0;2.54;88.65;0.76;
2022-01-19 09:00:00;253.0;465.1;111.0;4.26;82.3;0.76;
2022-01-19 10:00:00;367.0;734.09;88.0;6.66;71.05;1.03;
2022-01-19 11:00:00;401.0;740.13;96.0;7.83;66.05;1.38;
2022-01-19 12:00:00;240.0;117.73;193.0;8.64;63.7;1.79;
2022-01-19 13:00:00;308.0;604.76;101.0;9.08;59.15;2.0;
2022-01-19 14:00:00;60.0;0.0;60.0;8.98;59.15;1.72;
2022-01-19 15:00:00;38.0;0.0;38.0;8.56;63.7;1.38;
2022-01-19 16:00:00;0.0;0.0;0.0;7.09;65.95;2.21;
2022-01-19 17:00:00;0.0;0.0;0.0;5.58;73.65;2.28;
2022-01-19 18:00:00;0.0;0.0;0.0;4.27;82.3;2.21;
2022-01-19 19:00:00;0.0;0.0;0.0;3.65;85.45;1.86;
2022-01-19 20:00:00;0.0;0.0;0.0;3.46;82.25;1.24;
2022-01-19 21:00:00;0.0;0.0;0.0;3.73;82.25;0.97;
2022-01-19 22:00:00;0.0;0.0;0.0;1.35;92.05;1.72;
2022-01-19 23:00:00;0.0;0.0;0.0;0.56;95.65;2.28;
2022-01-20 00:00:00;0.0;0.0;0.0;0.6;95.65;2.34;
2022-01-20 01:00:00;0.0;0.0;0.0;1.08;95.65;2.41;
2022-01-20 02:00:00;0.0;0.0;0.0;1.05;95.65;2.48;
2022-01-20 03:00:00;0.0;0.0;0.0;1.07;95.65;2.28;
2022-01-20 04:00:00;0.0;0.0;0.0;1.15;95.65;2.0;
2022-01-20 05:00:00;0.0;0.0;0.0;0.75;95.65;1.79;
2022-01-20 06:00:00;0.0;0.0;0.0;0.85;95.65;1.38;
2022-01-20 07:00:00;12.0;0.0;12.0;1.78;95.65;2.21;
2022-01-20 08:00:00;91.0;51.19;81.0;2.84;92.15;1.79;
2022-01-20 09:00:00;289.0;707.64;71.0;5.74;82.5;1.45;
2022-01-20 10:00:00;364.0;694.28;98.0;7.41;73.9;1.72;
2022-01-20 11:00:00;243.0;101.1;201.0;8.05;66.15;1.17;
2022-01-20 12:00:00;379.0;667.91;110.0;8.51;66.15;0.34;
2022-01-20 13:00:00;286.0;442.23;133.0;8.71;66.15;0.41;
2022-01-20 14:00:00;112.0;0.0;112.0;8.75;66.15;0.34;
2022-01-20 15:00:00;35.0;0.0;35.0;8.42;66.15;0.34;
2022-01-20 16:00:00;0.0;0.0;0.0;7.12;73.9;1.52;
2022-01-20 17:00:00;0.0;0.0;0.0;5.08;82.4;2.07;
2022-01-20 18:00:00;0.0;0.0;0.0;4.42;85.55;1.24;
2022-01-20 19:00:00;0.0;0.0;0.0;3.7;92.15;2.0;
2022-01-20 20:00:00;0.0;0.0;0.0;3.43;92.15;1.52;
2022-01-20 21:00:00;0.0;0.0;0.0;2.88;92.15;1.59;
2022-01-20 22:00:00;0.0;0.0;0.0;2.78;95.7;1.59;
2022-01-20 23:00:00;0.0;0.0;0.0;3.4;92.15;1.03;
2022-01-21 00:00:00;0.0;0.0;0.0;2.63;95.7;1.24;
2022-01-21 01:00:00;0.0;0.0;0.0;2.37;95.7;1.31;
2022-01-21 02:00:00;0.0;0.0;0.0;1.53;99.4;1.24;
2022-01-21 03:00:00;0.0;0.0;0.0;0.98;99.35;1.72;
2022-01-21 04:00:00;0.0;0.0;0.0;0.86;99.35;1.38;
2022-01-21 05:00:00;0.0;0.0;0.0;0.35;99.4;1.45;
2022-01-21 06:00:00;0.0;0.0;0.0;0.01;99.4;1.66;
2022-01-21 07:00:00;25.0;145.8;17.0;0.34;100.0;1.79;
2022-01-21 08:00:00;167.0;576.1;53.0;1.5;99.4;1.93;
2022-01-21 09:00:00;292.0;707.56;72.0;3.41;88.75;2.07;
2022-01-21 10:00:00;380.0;779.2;79.0;5.16;82.4;2.07;
2022-01-21 11:00:00;415.0;787.86;85.0;6.86;73.8;2.0;
2022-01-21 12:00:00;400.0;777.59;84.0;8.13;66.15;1.79;
2022-01-21 13:00:00;332.0;723.4;79.0;8.97;66.25;1.59;
2022-01-21 14:00:00;63.0;0.0;63.0;9.27;66.25;0.76;
2022-01-21 15:00:00;35.0;0.0;35.0;9.0;66.25;0.28;
2022-01-21 16:00:00;0.0;0.0;0.0;7.41;76.7;1.1;
2022-01-21 17:00:00;0.0;0.0;0.0;4.96;82.4;1.38;
2022-01-21 18:00:00;0.0;0.0;0.0;4.2;85.5;1.24;
2022-01-21 19:00:00;0.0;0.0;0.0;4.99;76.4;1.52;
2022-01-21 20:00:00;0.0;0.0;0.0;5.77;68.2;1.24;
2022-01-21 21:00:00;0.0;0.0;0.0;5.51;68.2;1.31;
2022-01-21 22:00:00;0.0;0.0;0.0;4.95;65.55;1.38;
2022-01-21 23:00:00;0.0;0.0;0.0;3.63;70.5;1.59;
2022-01-22 00:00:00;0.0;0.0;0.0;2.87;73.1;1.66;
2022-01-22 01:00:00;0.0;0.0;0.0;2.27;73.0;1.59;
2022-01-22 02:00:00;0.0;0.0;0.0;1.62;75.85;1.52;
2022-01-22 03:00:00;0.0;0.0;0.0;0.93;78.8;1.66;
2022-01-22 04:00:00;0.0;0.0;0.0;0.71;81.9;1.66;
2022-01-22 05:00:00;0.0;0.0;0.0;1.16;81.95;1.45;
2022-01-22 06:00:00;0.0;0.0;0.0;1.72;82.0;1.17;
2022-01-22 07:00:00;27.0;157.38;18.0;0.81;95.65;2.07;
2022-01-22 08:00:00;165.0;543.57;56.0;2.41;92.15;1.59;
2022-01-22 09:00:00;293.0;710.44;70.0;6.07;76.55;1.52;
2022-01-22 10:00:00;380.0;770.1;80.0;8.36;68.7;1.72;
2022-01-22 11:00:00;411.0;748.14;95.0;9.48;63.9;1.86;
2022-01-22 12:00:00;396.0;741.27;92.0;10.21;59.35;1.72;
2022-01-22 13:00:00;352.0;831.5;58.0;10.51;55.15;1.45;
2022-01-22 14:00:00;89.0;0.0;89.0;10.37;57.15;1.24;
2022-01-22 15:00:00;34.0;0.0;34.0;9.97;59.35;1.1;
2022-01-22 16:00:00;0.0;0.0;0.0;8.42;66.15;1.86;
2022-01-22 17:00:00;0.0;0.0;0.0;6.69;76.65;1.79;
2022-01-22 18:00:00;0.0;0.0;0.0;5.75;82.5;1.52;
2022-01-22 19:00:00;0.0;0.0;0.0;4.6;85.55;1.66;
2022-01-22 20:00:00;0.0;0.0;0.0;4.09;88.8;1.45;
2022-01-22 21:00:00;0.0;0.0;0.0;3.6;92.15;1.52;
2022-01-22 22:00:00;0.0;0.0;0.0;3.38;95.7;1.79;
2022-01-22 23:00:00;0.0;0.0;0.0;3.03;92.15;1.93;
2022-01-23 00:00:00;0.0;0.0;0.0;2.28;95.65;2.07;
2022-01-23 01:00:00;0.0;0.0;0.0;1.59;99.4;2.14;
2022-01-23 02:00:00;0.0;0.0;0.0;0.91;99.35;1.93;
2022-01-23 03:00:00;0.0;0.0;0.0;0.23;99.4;1.86;
2022-01-23 04:00:00;0.0;0.0;0.0;-0.35;99.4;1.72;
2022-01-23 05:00:00;0.0;0.0;0.0;-0.68;99.4;1.66;
2022-01-23 06:00:00;0.0;0.0;0.0;-0.9;99.4;1.66;
2022-01-23 07:00:00;30.0;184.52;19.0;1.01;95.65;0.34;
2022-01-23 08:00:00;170.0;565.74;55.0;1.9;95.65;0.21;
2022-01-23 09:00:00;295.0;694.1;75.0;4.75;88.85;0.62;
2022-01-23 10:00:00;383.0;766.05;82.0;7.12;79.65;0.97;
2022-01-23 11:00:00;419.0;772.32;90.0;8.75;76.85;1.1;
2022-01-23 12:00:00;405.0;763.45;89.0;9.72;71.5;1.59;
2022-01-23 13:00:00;337.0;707.7;84.0;10.25;69.0;2.21;
2022-01-23 14:00:00;85.0;0.0;85.0;10.29;69.0;2.34;
2022-01-23 15:00:00;43.0;0.0;43.0;9.77;71.5;2.0;
2022-01-23 16:00:00;0.0;0.0;0.0;8.12;76.85;2.28;
2022-01-23 17:00:00;0.0;0.0;0.0;6.4;85.7;2.34;
2022-01-23 18:00:00;0.0;0.0;0.0;5.29;88.85;2.21;
2022-01-23 19:00:00;0.0;0.0;0.0;4.35;92.2;2.0;
2022-01-23 20:00:00;0.0;0.0;0.0;3.28;92.15;1.93;
2022-01-23 21:00:00;0.0;0.0;0.0;2.45;92.15;1.93;
2022-01-23 22:00:00;0.0;0.0;0.0;2.1;95.65;1.79;
2022-01-23 23:00:00;0.0;0.0;0.0;2.04;95.65;1.66;
2022-01-24 00:00:00;0.0;0.0;0.0;1.79;99.4;1.59;
2022-01-24 01:00:00;0.0;0.0;0.0;1.29;99.35;1.59;
2022-01-24 02:00:00;0.0;0.0;0.0;0.94;95.65;1.59;
2022-01-24 03:00:00;0.0;0.0;0.0;0.78;99.4;1.59;
2022-01-24 04:00:00;0.0;0.0;0.0;0.62;99.4;1.59;
2022-01-24 05:00:00;0.0;0.0;0.0;0.42;99.4;1.45;
2022-01-24 06:00:00;0.0;0.0;0.0;0.3;100.0;1.1;
2022-01-24 07:00:00;30.0;160.91;20.0;-0.08;99.4;0.41;
2022-01-24 08:00:00;175.0;591.87;53.0;1.32;100.0;0.21;
2022-01-24 09:00:00;300.0;712.21;72.0;3.67;92.15;0.14;
2022-01-24 10:00:00;388.0;769.46;83.0;5.64;85.65;0.21;
2022-01-24 11:00:00;422.0;761.01;95.0;7.53;82.7;0.34;
2022-01-24 12:00:00;410.0;765.93;90.0;9.02;79.85;0.62;
2022-01-24 13:00:00;342.0;713.72;84.0;9.9;77.0;0.62;
2022-01-24 14:00:00;71.0;0.0;71.0;10.02;74.3;0.41;
2022-01-24 15:00:00;41.0;0.0;41.0;9.64;77.0;0.34;
2022-01-24 16:00:00;0.0;0.0;0.0;8.76;79.75;0.9;
2022-01-24 17:00:00;0.0;0.0;0.0;6.68;89.0;1.38;
2022-01-24 18:00:00;0.0;0.0;0.0;5.17;95.75;1.38;
2022-01-24 19:00:00;0.0;0.0;0.0;5.22;92.25;0.69;
2022-01-24 20:00:00;0.0;0.0;0.0;3.83;95.7;1.03;
2022-01-24 21:00:00;0.0;0.0;0.0;1.89;95.65;1.38;
2022-01-24 22:00:00;0.0;0.0;0.0;1.03;100.0;1.38;
2022-01-24 23:00:00;0.0;0.0;0.0;0.69;100.0;1.38;
2022-01-25 00:00:00;0.0;0.0;0.0;0.73;100.0;1.31;
2022-01-25 01:00:00;0.0;0.0;0.0;0.91;99.35;1.17;
2022-01-25 02:00:00;0.0;0.0;0.0;1.05;100.0;1.03;
2022-01-25 03:00:00;0.0;0.0;0.0;0.96;99.35;0.9;
2022-01-25 04:00:00;0.0;0.0;0.0;1.1;100.0;0.69;
2022-01-25 05:00:00;0.0;0.0;0.0;1.29;100.0;0.48;
2022-01-25 06:00:00;0.0;0.0;0.0;1.26;100.0;0.34;
2022-01-25 07:00:00;15.0;0.0;15.0;1.53;99.4;0.34;
2022-01-25 08:00:00;74.0;9.57;72.0;2.16;95.65;0.21;
2022-01-25 09:00:00;105.0;3.09;104.0;3.27;95.7;0.07;
2022-01-25 10:00:00;194.0;42.51;177.0;4.63;92.25;0.0;
2022-01-25 11:00:00;259.0;113.04;210.0;6.14;85.7;0.14;
2022-01-25 12:00:00;211.0;49.79;190.0;7.37;82.65;0.34;
2022-01-25 13:00:00;82.0;0.0;82.0;8.46;79.75;0.62;
2022-01-25 14:00:00;97.0;0.0;97.0;8.69;79.75;0.9;
2022-01-25 15:00:00;54.0;0.0;54.0;8.45;79.75;1.17;
2022-01-25 16:00:00;0.0;0.0;0.0;7.7;82.7;1.66;
2022-01-25 17:00:00;0.0;0.0;0.0;6.81;89.0;1.86;
2022-01-25 18:00:00;0.0;0.0;0.0;6.28;92.3;1.86;
2022-01-25 19:00:00;0.0;0.0;0.0;5.7;88.9;1.24;
2022-01-25 20:00:00;0.0;0.0;0.0;5.47;88.9;1.31;
2022-01-25 21:00:00;0.0;0.0;0.0;5.48;92.3;1.31;
2022-01-25 22:00:00;0.0;0.0;0.0;5.37;95.75;1.45;
2022-01-25 23:00:00;0.0;0.0;0.0;5.42;92.3;1.45;
2022-01-26 00:00:00;0.0;0.0;0.0;4.74;95.75;1.72;
2022-01-26 01:00:00;0.0;0.0;0.0;4.43;95.75;1.59;
2022-01-26 02:00:00;0.0;0.0;0.0;4.02;95.75;1.66;
2022-01-26 03:00:00;0.0;0.0;0.0;3.76;99.4;1.52;
2022-01-26 04:00:00;0.0;0.0;0.0;3.54;95.7;1.45;
2022-01-26 05:00:00;0.0;0.0;0.0;3.49;95.7;1.31;
2022-01-26 06:00:00;0.0;0.0;0.0;3.53;95.7;1.31;
2022-01-26 07:00:00;26.0;74.04;21.0;3.17;99.4;0.62;
2022-01-26 08:00:00;124.0;155.55;91.0;4.04;95.75;0.21;
2022-01-26 09:00:00;186.0;107.11;151.0;5.37;92.25;0.14;
2022-01-26 10:00:00;177.0;24.78;167.0;6.52;85.75;0.69;
2022-01-26 11:00:00;229.0;61.73;202.0;7.82;82.7;1.24;
2022-01-26 12:00:00;323.0;314.71;189.0;8.81;82.75;1.59;
2022-01-26 13:00:00;321.0;543.73;120.0;9.32;82.85;1.93;
2022-01-26 14:00:00;233.0;571.81;77.0;9.38;82.85;2.14;
2022-01-26 15:00:00;36.0;0.0;36.0;8.89;85.9;2.28;
2022-01-26 16:00:00;0.0;0.0;0.0;7.91;89.05;2.14;
2022-01-26 17:00:00;0.0;0.0;0.0;6.84;92.35;2.14;
2022-01-26 18:00:00;0.0;0.0;0.0;6.51;92.35;2.14;
2022-01-26 19:00:00;0.0;0.0;0.0;5.61;95.75;1.72;
2022-01-26 20:00:00;0.0;0.0;0.0;5.47;95.75;1.66;
2022-01-26 21:00:00;0.0;0.0;0.0;5.47;95.75;1.72;
2022-01-26 22:00:00;0.0;0.0;0.0;5.7;95.75;1.72;
2022-01-26 23:00:00;0.0;0.0;0.0;5.68;95.75;1.79;
2022-01-27 00:00:00;0.0;0.0;0.0;5.53;95.75;1.93;
2022-01-27 01:00:00;0.0;0.0;0.0;5.14;95.75;2.07;
2022-01-27 02:00:00;0.0;0.0;0.0;4.88;99.4;2.07;
2022-01-27 03:00:00;0.0;0.0;0.0;5.02;95.75;1.93;
2022-01-27 04:00:00;0.0;0.0;0.0;4.95;95.75;1.86;
2022-01-27 05:00:00;0.0;0.0;0.0;5.12;95.75;1.66;
2022-01-27 06:00:00;0.0;0.0;0.0;4.76;95.75;1.72;
2022-01-27 07:00:00;23.0;28.42;21.0;4.14;95.75;0.97;
2022-01-27 08:00:00;117.0;111.47;93.0;4.95;92.25;0.97;
2022-01-27 09:00:00;175.0;75.7;150.0;6.31;88.95;0.97;
2022-01-27 10:00:00;328.0;395.27;167.0;8.14;82.75;1.1;
2022-01-27 11:00:00;263.0;113.3;213.0;9.65;79.9;1.24;
2022-01-27 12:00:00;288.0;190.74;206.0;10.62;74.4;1.1;
2022-01-27 13:00:00;268.0;267.48;168.0;11.19;71.75;0.83;
2022-01-27 14:00:00;176.0;194.94;122.0;11.37;71.75;0.76;
2022-01-27 15:00:00;51.0;0.0;51.0;11.22;71.75;0.76;
2022-01-27 16:00:00;0.0;0.0;0.0;10.37;79.95;0.83;
2022-01-27 17:00:00;0.0;0.0;0.0;8.89;85.9;0.9;
2022-01-27 18:00:00;0.0;0.0;0.0;8.33;82.75;0.9;
2022-01-27 19:00:00;0.0;0.0;0.0;7.49;85.85;0.83;
2022-01-27 20:00:00;0.0;0.0;0.0;6.36;92.3;1.03;
2022-01-27 21:00:00;0.0;0.0;0.0;4.49;95.75;1.38;
2022-01-27 22:00:00;0.0;0.0;0.0;3.76;99.4;1.38;
2022-01-27 23:00:00;0.0;0.0;0.0;2.91;95.7;1.52;
2022-01-28 00:00:00;0.0;0.0;0.0;2.77;99.4;1.45;
2022-01-28 01:00:00;0.0;0.0;0.0;2.57;99.4;1.31;
2022-01-28 02:00:00;0.0;0.0;0.0;2.3;99.4;0.9;
2022-01-28 03:00:00;0.0;0.0;0.0;1.5;99.4;0.83;
2022-01-28 04:00:00;0.0;0.0;0.0;1.57;99.4;0.62;
2022-01-28 05:00:00;0.0;0.0;0.0;2.11;95.65;0.76;
2022-01-28 06:00:00;0.0;0.0;0.0;1.89;95.65;0.9;
2022-01-28 07:00:00;31.0;81.81;25.0;2.1;95.65;0.97;
2022-01-28 08:00:00;118.0;105.23;95.0;3.15;95.7;0.97;
2022-01-28 09:00:00;206.0;149.79;156.0;4.93;92.25;0.97;
2022-01-28 10:00:00;243.0;111.88;197.0;6.68;92.35;1.03;
2022-01-28 11:00:00;277.0;134.73;217.0;8.49;89.1;1.1;
2022-01-28 12:00:00;387.0;557.5;145.0;9.94;85.95;1.17;
2022-01-28 13:00:00;361.0;740.53;81.0;11.09;77.2;1.24;
2022-01-28 14:00:00;248.0;632.9;70.0;11.52;77.3;1.17;
2022-01-28 15:00:00;43.0;0.0;43.0;11.44;80.1;0.83;
2022-01-28 16:00:00;0.0;0.0;0.0;10.47;89.25;0.41;
2022-01-28 17:00:00;0.0;0.0;0.0;9.24;89.1;0.69;
2022-01-28 18:00:00;0.0;0.0;0.0;8.06;89.1;0.9;
2022-01-28 19:00:00;0.0;0.0;0.0;7.13;92.35;0.62;
2022-01-28 20:00:00;0.0;0.0;0.0;6.14;99.4;0.69;
2022-01-28 21:00:00;0.0;0.0;0.0;5.07;95.75;0.41;
2022-01-28 22:00:00;0.0;0.0;0.0;3.52;95.7;0.41;
2022-01-28 23:00:00;0.0;0.0;0.0;2.81;99.4;0.41;
2022-01-29 00:00:00;0.0;0.0;0.0;2.75;99.4;0.55;
2022-01-29 01:00:00;0.0;0.0;0.0;2.81;99.4;0.83;
2022-01-29 02:00:00;0.0;0.0;0.0;2.78;99.4;0.9;
2022-01-29 03:00:00;0.0;0.0;0.0;3.02;95.7;0.9;
2022-01-29 04:00:00;0.0;0.0;0.0;3.33;99.4;0.76;
2022-01-29 05:00:00;0.0;0.0;0.0;3.34;99.4;0.76;
2022-01-29 06:00:00;0.0;0.0;0.0;3.39;95.7;0.62;
2022-01-29 07:00:00;26.0;26.18;24.0;2.93;95.7;0.62;
2022-01-29 08:00:00;100.0;45.06;90.0;3.46;95.7;0.69;
2022-01-29 09:00:00;147.0;26.67;138.0;4.65;95.75;0.76;
2022-01-29 10:00:00;162.0;9.64;158.0;5.36;95.75;0.69;
2022-01-29 11:00:00;157.0;2.22;156.0;6.36;92.3;0.69;
2022-01-29 12:00:00;152.0;2.28;151.0;7.69;89.05;0.97;
2022-01-29 13:00:00;117.0;0.0;117.0;8.8;89.1;1.31;
2022-01-29 14:00:00;100.0;7.0;98.0;9.56;82.9;1.52;
2022-01-29 15:00:00;53.0;0.0;53.0;9.85;82.9;1.38;
2022-01-29 16:00:00;0.0;0.0;0.0;9.22;85.95;1.17;
2022-01-29 17:00:00;0.0;0.0;0.0;7.77;92.4;1.52;
2022-01-29 18:00:00;0.0;0.0;0.0;6.05;92.3;1.59;
2022-01-29 19:00:00;0.0;0.0;0.0;4.86;99.4;1.17;
2022-01-29 20:00:00;0.0;0.0;0.0;3.96;95.75;1.24;
2022-01-29 21:00:00;0.0;0.0;0.0;3.55;99.4;1.1;
2022-01-29 22:00:00;0.0;0.0;0.0;3.72;99.4;0.83;
2022-01-29 23:00:00;0.0;0.0;0.0;2.88;95.7;0.55;
2022-01-30 00:00:00;0.0;0.0;0.0;2.43;95.7;0.48;
2022-01-30 01:00:00;0.0;0.0;0.0;2.46;95.7;0.41;
2022-01-30 02:00:00;0.0;0.0;0.0;2.61;99.4;0.48;
2022-01-30 03:00:00;0.0;0.0;0.0;3.01;95.7;0.41;
2022-01-30 04:00:00;0.0;0.0;0.0;3.34;99.4;0.48;
2022-01-30 05:00:00;0.0;0.0;0.0;3.71;99.4;0.76;
2022-01-30 06:00:00;0.0;0.0;0.0;3.76;99.4;0.97;
2022-01-30 07:00:00;19.0;0.0;19.0;4.01;95.75;1.03;
2022-01-30 08:00:00;58.0;0.0;58.0;4.52;95.75;0.97;
2022-01-30 09:00:00;40.0;0.0;40.0;5.49;92.3;0.76;
2022-01-30 10:00:00;37.0;0.0;37.0;6.73;92.35;0.62;
2022-01-30 11:00:00;182.0;11.02;177.0;7.62;85.85;0.76;
2022-01-30 12:00:00;128.0;0.0;128.0;8.36;82.75;0.97;
2022-01-30 13:00:00;119.0;0.0;119.0;8.72;82.75;1.31;
2022-01-30 14:00:00;70.0;0.0;70.0;8.88;82.75;1.31;
2022-01-30 15:00:00;30.0;0.0;30.0;8.67;79.75;1.1;
2022-01-30 16:00:00;0.0;0.0;0.0;8.33;79.75;1.03;
2022-01-30 17:00:00;0.0;0.0;0.0;7.32;85.8;1.38;
2022-01-30 18:00:00;0.0;0.0;0.0;6.55;89.0;1.31;
2022-01-30 19:00:00;0.0;0.0;0.0;5.26;95.75;1.17;
2022-01-30 20:00:00;0.0;0.0;0.0;4.19;95.75;1.17;
2022-01-30 21:00:00;0.0;0.0;0.0;4.99;92.25;0.48;
2022-01-30 22:00:00;0.0;0.0;0.0;4.46;95.75;0.41;
2022-01-30 23:00:00;0.0;0.0;0.0;3.91;95.75;0.55;
2022-01-31 00:00:00;0.0;0.0;0.0;3.52;95.7;0.55;
2022-01-31 01:00:00;0.0;0.0;0.0;3.04;95.7;0.69;
2022-01-31 02:00:00;0.0;0.0;0.0;2.5;95.7;0.55;
2022-01-31 03:00:00;0.0;0.0;0.0;2.26;99.4;0.34;
2022-01-31 04:00:00;0.0;0.0;0.0;2.45;95.7;0.21;
2022-01-31 05:00:00;0.0;0.0;0.0;2.61;99.4;0.07;
2022-01-31 06:00:00;0.0;0.0;0.0;2.66;99.4;0.41;
2022-01-31 07:00:00;27.0;24.15;25.0;1.72;99.4;0.21;
2022-01-31 08:00:00;86.0;13.1;83.0;3.19;95.7;0.21;
2022-01-31 09:00:00;84.0;0.0;84.0;5.03;92.25;0.21;
2022-01-31 10:00:00;121.0;0.0;121.0;6.14;88.95;0.41;
2022-01-31 11:00:00;94.0;0.0;94.0;7.86;82.7;0.55;
2022-01-31 12:00:00;260.0;98.43;216.0;8.52;79.75;0.41;
2022-01-31 13:00:00;179.0;30.67;167.0;8.65;79.75;0.48;
2022-01-31 14:00:00;127.0;27.19;119.0;8.65;79.75;0.76;
2022-01-31 15:00:00;61.0;0.0;61.0;8.29;82.75;0.97;
2022-01-31 16:00:00;0.0;0.0;0.0;7.46;88.54;1.01;
2022-01-31 17:00:00;0.0;0.0;0.0;6.96;89.47;1.03;
2022-01-31 18:00:00;0.0;0.0;0.0;6.46;90.41;1.05;
2022-01-31 19:00:00;0.0;0.0;0.0;5.96;91.34;1.07;
2022-01-31 20:00:00;0.0;0.0;0.0;5.46;92.27;1.09;
2022-01-31 21:00:00;0.0;0.0;0.0;4.96;93.21;1.11;
2022-01-31 22:00:00;0.0;0.0;0.0;4.46;94.14;1.13;
2022-01-31 23:00:00;0.0;0.0;0.0;3.97;95.08;1.15;
2022-02-01 00:00:00;0.0;0.0;0.0;3.47;96.01;1.17;
2022-02-01 01:00:00;0.0;0.0;0.0;2.97;96.94;1.2;
2022-02-01 02:00:00;0.0;0.0;0.0;2.47;97.88;1.22;
2022-02-01 03:00:00;0.0;0.0;0.0;1.97;98.81;1.24;
2022-02-01 04:00:00;0.0;0.0;0.0;1.47;99.75;1.26;
2022-02-01 05:00:00;0.0;0.0;0.0;0.97;100.0;1.28;
2022-02-01 06:00:00;0.0;0.0;0.0;0.47;100.0;1.3;
2022-02-01 07:00:00;34.0;58.03;29.0;-0.02;100.0;1.32;
2022-02-01 08:00:00;118.0;77.38;100.0;3.09;99.4;1.93;
2022-02-01 09:00:00;167.0;45.85;151.0;4.35;92.25;1.38;
2022-02-01 10:00:00;196.0;30.43;183.0;5.45;85.65;0.9;
2022-02-01 11:00:00;269.0;97.35;224.0;6.66;85.7;0.76;
2022-02-01 12:00:00;318.0;223.71;217.0;7.45;79.65;0.9;
2022-02-01 13:00:00;226.0;98.56;187.0;8.07;76.8;1.66;
2022-02-01 14:00:00;227.0;358.21;120.0;7.95;76.8;2.28;
2022-02-01 15:00:00;64.0;0.0;64.0;7.58;76.7;2.62;
2022-02-01 16:00:00;0.0;0.0;0.0;6.8;82.55;2.14;
2022-02-01 17:00:00;0.0;0.0;0.0;5.78;85.65;2.0;
2022-02-01 18:00:00;0.0;0.0;0.0;5.36;85.65;1.79;
2022-02-01 19:00:00;0.0;0.0;0.0;4.34;92.25;1.79;
2022-02-01 20:00:00;0.0;0.0;0.0;3.65;99.4;1.59;
2022-02-01 21:00:00;0.0;0.0;0.0;3.07;99.4;1.31;
2022-02-01 22:00:00;0.0;0.0;0.0;3.98;95.75;0.83;
2022-02-01 23:00:00;0.0;0.0;0.0;4.0;95.75;0.55;
2022-02-02 00:00:00;0.0;0.0;0.0;3.81;95.75;0.48;
2022-02-02 01:00:00;0.0;0.0;0.0;3.46;99.4;0.69;
2022-02-02 02:00:00;0.0;0.0;0.0;2.09;99.4;1.1;
2022-02-02 03:00:00;0.0;0.0;0.0;1.51;99.4;1.31;
2022-02-02 04:00:00;0.0;0.0;0.0;1.11;100.0;1.24;
2022-02-02 05:00:00;0.0;0.0;0.0;1.28;99.4;1.45;
2022-02-02 06:00:00;0.0;0.0;0.0;1.31;99.4;1.59;
2022-02-02 07:00:00;45.0;145.05;32.0;1.76;100.0;1.59;
2022-02-02 08:00:00;151.0;203.09;103.0;3.06;95.7;1.52;
2022-02-02 09:00:00;257.0;280.49;158.0;4.82;88.85;1.59;
2022-02-02 10:00:00;341.0;354.57;188.0;6.93;85.75;1.72;
2022-02-02 11:00:00;349.0;282.87;217.0;8.63;79.75;1.79;
2022-02-02 12:00:00;342.0;287.3;211.0;10.21;69.0;1.86;
2022-02-02 13:00:00;371.0;652.15;110.0;11.12;61.85;1.79;
2022-02-02 14:00:00;262.0;567.32;90.0;11.39;57.55;1.72;
2022-02-02 15:00:00;59.0;0.0;59.0;11.12;59.6;1.45;
2022-02-02 16:00:00;0.0;0.0;0.0;10.03;66.45;1.59;
2022-02-02 17:00:00;0.0;0.0;0.0;7.77;79.65;1.72;
2022-02-02 18:00:00;0.0;0.0;0.0;5.34;85.65;1.66;
2022-02-02 19:00:00;0.0;0.0;0.0;3.11;95.7;1.52;
2022-02-02 20:00:00;0.0;0.0;0.0;2.41;95.7;1.38;
2022-02-02 21:00:00;0.0;0.0;0.0;1.72;100.0;1.38;
2022-02-02 22:00:00;0.0;0.0;0.0;1.02;99.35;1.45;
2022-02-02 23:00:00;0.0;0.0;0.0;0.24;100.0;1.59;
2022-02-03 00:00:00;0.0;0.0;0.0;-0.03;99.4;1.45;
2022-02-03 01:00:00;0.0;0.0;0.0;-0.39;99.4;1.38;
2022-02-03 02:00:00;0.0;0.0;0.0;-0.18;99.4;1.31;
2022-02-03 03:00:00;0.0;0.0;0.0;0.45;99.4;1.38;
2022-02-03 04:00:00;0.0;0.0;0.0;0.95;99.35;1.38;
2022-02-03 05:00:00;0.0;0.0;0.0;1.17;99.35;1.17;
2022-02-03 06:00:00;0.0;0.0;0.0;1.28;99.4;1.31;
2022-02-03 07:00:00;35.0;42.93;31.0;1.63;99.4;1.45;
2022-02-03 08:00:00;99.0;24.98;93.0;2.21;99.4;1.31;
2022-02-03 09:00:00;142.0;14.0;137.0;3.13;99.4;1.45;
2022-02-03 10:00:00;152.0;4.59;150.0;4.34;92.25;1.1;
2022-02-03 11:00:00;128.0;0.0;128.0;5.74;88.9;0.48;
2022-02-03 12:00:00;102.0;0.0;102.0;6.78;85.7;0.76;
2022-02-03 13:00:00;92.0;0.0;92.0;7.48;82.65;1.1;
2022-02-03 14:00:00;77.0;0.0;77.0;8.01;79.7;1.03;
2022-02-03 15:00:00;55.0;0.0;55.0;7.82;82.65;1.31;
2022-02-03 16:00:00;0.0;0.0;0.0;6.9;85.75;1.45;
2022-02-03 17:00:00;0.0;0.0;0.0;5.32;88.9;1.86;
2022-02-03 18:00:00;0.0;0.0;0.0;4.14;95.75;1.86;
2022-02-03 19:00:00;0.0;0.0;0.0;3.86;95.75;2.0;
2022-02-03 20:00:00;0.0;0.0;0.0;3.38;95.7;1.93;
2022-02-03 21:00:00;0.0;0.0;0.0;3.23;99.4;1.45;
2022-02-03 22:00:00;0.0;0.0;0.0;3.6;95.7;1.38;
2022-02-03 23:00:00;0.0;0.0;0.0;4.73;92.25;1.1;
2022-02-04 00:00:00;0.0;0.0;0.0;5.23;88.85;0.9;
2022-02-04 01:00:00;0.0;0.0;0.0;5.02;85.6;0.83;
2022-02-04 02:00:00;0.0;0.0;0.0;4.41;82.35;1.03;
2022-02-04 03:00:00;0.0;0.0;0.0;3.78;85.45;1.1;
2022-02-04 04:00:00;0.0;0.0;0.0;2.8;82.2;1.31;
2022-02-04 05:00:00;0.0;0.0;0.0;2.03;85.3;1.45;
2022-02-04 06:00:00;0.0;0.0;0.0;1.36;85.25;1.45;
2022-02-04 07:00:00;55.0;206.57;35.0;2.2;95.65;1.1;
2022-02-04 08:00:00;186.0;376.89;94.0;3.64;92.15;0.41;
2022-02-04 09:00:00;344.0;708.7;88.0;7.38;85.8;0.62;
2022-02-04 10:00:00;429.0;724.67;110.0;10.11;71.6;1.17;
2022-02-04 11:00:00;431.0;555.04;167.0;11.26;59.6;2.21;
2022-02-04 12:00:00;412.0;515.97;172.0;11.63;55.4;2.83;
2022-02-04 13:00:00;356.0;500.72;151.0;11.81;55.4;3.03;
2022-02-04 14:00:00;263.0;496.4;108.0;11.72;53.35;3.03;
2022-02-04 15:00:00;61.0;0.0;61.0;11.23;55.3;2.34;
2022-02-04 16:00:00;0.0;0.0;0.0;9.82;61.55;1.93;
2022-02-04 17:00:00;0.0;0.0;0.0;7.8;71.15;1.86;
2022-02-04 18:00:00;0.0;0.0;0.0;5.45;82.5;1.52;
2022-02-04 19:00:00;0.0;0.0;0.0;3.05;92.15;2.07;
2022-02-04 20:00:00;0.0;0.0;0.0;1.91;92.1;1.86;
2022-02-04 21:00:00;0.0;0.0;0.0;1.05;95.65;1.72;
2022-02-04 22:00:00;0.0;0.0;0.0;0.52;95.65;1.52;
2022-02-04 23:00:00;0.0;0.0;0.0;-0.15;95.6;1.59;
2022-02-05 00:00:00;0.0;0.0;0.0;-0.76;99.4;1.59;
2022-02-05 01:00:00;0.0;0.0;0.0;-1.2;95.6;1.59;
2022-02-05 02:00:00;0.0;0.0;0.0;-1.5;99.4;1.59;
2022-02-05 03:00:00;0.0;0.0;0.0;-1.61;99.4;1.45;
2022-02-05 04:00:00;0.0;0.0;0.0;-1.63;99.4;1.31;
2022-02-05 05:00:00;0.0;0.0;0.0;-1.81;99.4;1.03;
2022-02-05 06:00:00;0.0;0.0;0.0;-1.89;99.4;1.03;
2022-02-05 07:00:00;46.0;89.5;37.0;-0.67;95.6;0.48;
2022-02-05 08:00:00;183.0;330.49;101.0;0.62;95.65;0.34;
2022-02-05 09:00:00;226.0;139.54;175.0;2.4;92.15;0.34;
2022-02-05 10:00:00;289.0;155.18;220.0;4.09;92.2;0.41;
2022-02-05 11:00:00;324.0;177.0;239.0;6.03;82.55;0.62;
2022-02-05 12:00:00;305.0;153.25;233.0;7.75;79.65;1.03;
2022-02-05 13:00:00;402.0;726.92;101.0;9.24;71.4;1.52;
2022-02-05 14:00:00;285.0;612.3;91.0;10.01;66.45;1.86;
2022-02-05 15:00:00;78.0;0.0;78.0;10.16;66.45;1.72;
2022-02-05 16:00:00;0.0;0.0;0.0;9.37;68.9;1.17;
2022-02-05 17:00:00;0.0;0.0;0.0;6.89;82.6;1.31;
2022-02-05 18:00:00;0.0;0.0;0.0;4.72;88.85;1.52;
2022-02-05 19:00:00;0.0;0.0;0.0;2.35;92.15;1.79;
2022-02-05 20:00:00;0.0;0.0;0.0;1.91;92.1;1.52;
2022-02-05 21:00:00;0.0;0.0;0.0;1.28;95.65;1.59;
2022-02-05 22:00:00;0.0;0.0;0.0;0.74;99.4;1.66;
2022-02-05 23:00:00;0.0;0.0;0.0;1.05;95.65;1.52;
2022-02-06 00:00:00;0.0;0.0;0.0;1.3;95.65;1.31;
2022-02-06 01:00:00;0.0;0.0;0.0;0.88;95.65;1.17;
2022-02-06 02:00:00;0.0;0.0;0.0;0.68;99.4;0.9;
2022-02-06 03:00:00;0.0;0.0;0.0;0.47;99.4;0.62;
2022-02-06 04:00:00;0.0;0.0;0.0;0.83;99.35;0.48;
2022-02-06 05:00:00;0.0;0.0;0.0;0.55;99.4;0.69;
2022-02-06 06:00:00;0.0;0.0;0.0;0.04;99.4;0.83;
2022-02-06 07:00:00;36.0;28.74;33.0;0.0;99.4;1.1;
2022-02-06 08:00:00;86.0;7.93;84.0;1.82;95.65;0.97;
2022-02-06 09:00:00;88.0;0.0;88.0;4.22;92.2;1.1;
2022-02-06 10:00:00;46.0;0.0;46.0;6.07;82.55;1.17;
2022-02-06 11:00:00;98.0;0.0;98.0;7.56;79.65;1.03;
2022-02-06 12:00:00;94.0;0.0;94.0;8.34;79.7;0.97;
2022-02-06 13:00:00;63.0;0.0;63.0;8.54;79.75;1.38;
2022-02-06 14:00:00;57.0;0.0;57.0;8.21;89.05;2.0;
2022-02-06 15:00:00;31.0;0.0;31.0;7.7;92.35;2.21;
2022-02-06 16:00:00;2.0;0.0;2.0;6.91;95.8;2.41;
2022-02-06 17:00:00;0.0;0.0;0.0;6.33;95.8;2.34;
2022-02-06 18:00:00;0.0;0.0;0.0;5.98;92.3;2.14;
2022-02-06 19:00:00;0.0;0.0;0.0;5.1;92.25;1.59;
2022-02-06 20:00:00;0.0;0.0;0.0;5.14;95.75;1.72;
2022-02-06 21:00:00;0.0;0.0;0.0;5.16;95.75;1.59;
2022-02-06 22:00:00;0.0;0.0;0.0;5.14;95.75;1.45;
2022-02-06 23:00:00;0.0;0.0;0.0;5.04;95.75;1.45;
2022-02-07 00:00:00;0.0;0.0;0.0;4.94;92.25;1.45;
2022-02-07 01:00:00;0.0;0.0;0.0;4.89;92.25;1.38;
2022-02-07 02:00:00;0.0;0.0;0.0;4.87;92.25;1.17;
2022-02-07 03:00:00;0.0;0.0;0.0;4.81;92.25;1.17;
2022-02-07 04:00:00;0.0;0.0;0.0;4.79;95.75;1.17;
2022-02-07 05:00:00;0.0;0.0;0.0;4.7;95.75;1.17;
2022-02-07 06:00:00;0.0;0.0;0.0;4.93;92.25;1.1;
2022-02-07 07:00:00;33.0;9.23;32.0;4.94;92.25;1.45;
2022-02-07 08:00:00;113.0;39.0;103.0;5.46;92.3;1.86;
2022-02-07 09:00:00;77.0;0.0;77.0;6.36;92.3;1.93;
2022-02-07 10:00:00;109.0;0.0;109.0;7.5;85.8;2.14;
2022-02-07 11:00:00;206.0;16.34;198.0;8.07;85.85;1.93;
2022-02-07 12:00:00;94.0;0.0;94.0;8.76;82.75;1.45;
2022-02-07 13:00:00;141.0;2.36;140.0;9.34;76.95;0.97;
2022-02-07 14:00:00;159.0;55.2;141.0;9.39;74.2;1.03;
2022-02-07 15:00:00;60.0;0.0;60.0;9.2;79.85;1.1;
2022-02-07 16:00:00;6.0;0.0;6.0;8.87;79.85;0.97;
2022-02-07 17:00:00;0.0;0.0;0.0;8.07;85.85;1.24;
2022-02-07 18:00:00;0.0;0.0;0.0;7.33;92.35;1.45;
2022-02-07 19:00:00;0.0;0.0;0.0;6.59;95.8;1.38;
2022-02-07 20:00:00;0.0;0.0;0.0;6.25;95.8;1.45;
2022-02-07 21:00:00;0.0;0.0;0.0;5.73;95.75;1.59;
2022-02-07 22:00:00;0.0;0.0;0.0;5.5;92.3;1.66;
2022-02-07 23:00:00;0.0;0.0;0.0;5.68;95.75;1.59;
2022-02-08 00:00:00;0.0;0.0;0.0;5.64;95.75;1.66;
2022-02-08 01:00:00;0.0;0.0;0.0;5.42;92.3;1.59;
2022-02-08 02:00:00;0.0;0.0;0.0;5.29;95.75;1.31;
2022-02-08 03:00:00;0.0;0.0;0.0;5.04;95.75;1.1;
2022-02-08 04:00:00;0.0;0.0;0.0;4.53;95.75;1.1;
2022-02-08 05:00:00;0.0;0.0;0.0;3.85;95.75;1.17;
2022-02-08 06:00:00;0.0;0.0;0.0;4.03;95.75;0.83;
2022-02-08 07:00:00;19.0;0.0;19.0;4.03;95.75;0.9;
2022-02-08 08:00:00;71.0;0.0;71.0;5.56;95.75;0.21;
2022-02-08 09:00:00;228.0;129.39;179.0;7.48;89.0;0.14;
2022-02-08 10:00:00;120.0;0.0;120.0;8.66;85.9;0.41;
2022-02-08 11:00:00;213.0;18.21;204.0;9.42;79.9;0.83;
2022-02-08 12:00:00;133.0;0.0;133.0;10.12;77.1;1.24;
2022-02-08 13:00:00;170.0;11.67;165.0;10.76;71.7;1.38;
2022-02-08 14:00:00;55.0;0.0;55.0;10.98;69.15;1.31;
2022-02-08 15:00:00;68.0;0.0;68.0;10.99;69.15;1.31;
2022-02-08 16:00:00;3.0;0.0;3.0;10.44;74.4;0.34;
2022-02-08 17:00:00;0.0;0.0;0.0;9.29;85.95;0.9;
2022-02-08 18:00:00;0.0;0.0;0.0;8.59;89.1;1.38;
2022-02-08 19:00:00;0.0;0.0;0.0;7.3;95.8;1.03;
2022-02-08 20:00:00;0.0;0.0;0.0;7.19;95.8;1.17;
2022-02-08 21:00:00;0.0;0.0;0.0;7.08;95.8;1.31;
2022-02-08 22:00:00;0.0;0.0;0.0;7.07;95.8;1.66;
2022-02-08 23:00:00;0.0;0.0;0.0;7.09;95.8;1.93;
2022-02-09 00:00:00;0.0;0.0;0.0;7.13;95.8;2.07;
2022-02-09 01:00:00;0.0;0.0;0.0;7.14;95.8;2.07;
2022-02-09 02:00:00;0.0;0.0;0.0;7.22;99.4;1.86;
2022-02-09 03:00:00;0.0;0.0;0.0;7.13;95.8;1.52;
2022-02-09 04:00:00;0.0;0.0;0.0;6.93;95.8;1.1;
2022-02-09 05:00:00;0.0;0.0;0.0;6.05;95.8;1.31;
2022-02-09 06:00:00;0.0;0.0;0.0;5.06;95.75;1.52;
2022-02-09 07:00:00;42.0;34.36;38.0;4.77;99.4;1.17;
2022-02-09 08:00:00;107.0;22.64;101.0;5.88;92.3;1.1;
2022-02-09 09:00:00;173.0;31.31;161.0;7.42;92.35;1.24;
2022-02-09 10:00:00;243.0;60.46;215.0;8.93;82.85;1.24;
2022-02-09 11:00:00;313.0;136.23;245.0;10.19;77.1;1.38;
2022-02-09 12:00:00;362.0;272.02;229.0;11.29;69.15;1.66;
2022-02-09 13:00:00;297.0;210.11;206.0;11.93;64.45;1.93;
2022-02-09 14:00:00;191.0;110.28;154.0;12.38;64.45;2.34;
2022-02-09 15:00:00;85.0;0.0;85.0;11.92;64.45;2.62;
2022-02-09 16:00:00;11.0;0.0;11.0;10.96;71.75;2.34;
2022-02-09 17:00:00;0.0;0.0;0.0;9.42;82.9;2.34;
2022-02-09 18:00:00;0.0;0.0;0.0;8.43;89.1;2.28;
2022-02-09 19:00:00;0.0;0.0;0.0;7.55;92.35;2.07;
2022-02-09 20:00:00;0.0;0.0;0.0;6.87;92.35;2.28;
2022-02-09 21:00:00;0.0;0.0;0.0;6.69;95.8;2.21;
2022-02-09 22:00:00;0.0;0.0;0.0;6.55;95.8;2.07;
2022-02-09 23:00:00;0.0;0.0;0.0;6.88;95.8;2.0;
2022-02-10 00:00:00;0.0;0.0;0.0;7.04;95.8;2.07;
2022-02-10 01:00:00;0.0;0.0;0.0;6.93;95.8;2.14;
2022-02-10 02:00:00;0.0;0.0;0.0;7.15;95.8;2.0;
2022-02-10 03:00:00;0.0;0.0;0.0;7.47;95.8;1.86;
2022-02-10 04:00:00;0.0;0.0;0.0;7.43;92.35;1.86;
2022-02-10 05:00:00;0.0;0.0;0.0;7.61;92.35;1.79;
2022-02-10 06:00:00;0.0;0.0;0.0;7.57;92.35;1.79;
2022-02-10 07:00:00;58.0;107.79;45.0;7.4;92.35;2.0;
2022-02-10 08:00:00;122.0;40.83;111.0;8.05;92.4;1.86;
2022-02-10 09:00:00;146.0;10.31;142.0;9.28;85.95;2.28;
2022-02-10 10:00:00;70.0;0.0;70.0;9.91;79.95;2.21;
2022-02-10 11:00:00;179.0;3.97;177.0;10.43;77.15;2.07;
2022-02-10 12:00:00;247.0;44.55;225.0;10.93;77.2;1.93;
2022-02-10 13:00:00;330.0;303.69;197.0;11.29;77.2;1.86;
2022-02-10 14:00:00;126.0;8.82;123.0;11.46;74.55;1.72;
2022-02-10 15:00:00;85.0;0.0;85.0;11.48;74.55;1.52;
2022-02-10 16:00:00;13.0;0.0;13.0;10.9;77.2;1.17;
2022-02-10 17:00:00;0.0;0.0;0.0;9.5;85.95;1.38;
2022-02-10 18:00:00;0.0;0.0;0.0;8.01;92.4;1.59;
2022-02-10 19:00:00;0.0;0.0;0.0;7.1;95.8;1.17;
2022-02-10 20:00:00;0.0;0.0;0.0;6.33;95.8;1.38;
2022-02-10 21:00:00;0.0;0.0;0.0;5.92;95.8;1.38;
2022-02-10 22:00:00;0.0;0.0;0.0;6.08;95.8;1.1;
2022-02-10 23:00:00;0.0;0.0;0.0;5.77;99.4;1.03;
2022-02-11 00:00:00;0.0;0.0;0.0;4.58;95.75;1.24;
2022-02-11 01:00:00;0.0;0.0;0.0;4.06;95.75;1.1;
2022-02-11 02:00:00;0.0;0.0;0.0;3.51;99.4;1.24;
2022-02-11 03:00:00;0.0;0.0;0.0;3.51;99.4;1.24;
2022-02-11 04:00:00;0.0;0.0;0.0;3.73;99.4;1.38;
2022-02-11 05:00:00;0.0;0.0;0.0;3.7;99.4;1.59;
2022-02-11 06:00:00;0.0;0.0;0.0;3.71;99.4;1.52;
2022-02-11 07:00:00;58.0;88.09;47.0;3.8;95.75;1.24;
2022-02-11 08:00:00;103.0;14.6;99.0;5.0;92.25;1.66;
2022-02-11 09:00:00;188.0;40.76;172.0;6.77;92.3;1.79;
2022-02-11 10:00:00;230.0;40.19;211.0;8.62;85.9;1.03;
2022-02-11 11:00:00;232.0;25.54;219.0;10.2;79.95;1.1;
2022-02-11 12:00:00;142.0;0.0;142.0;11.29;74.45;0.97;
2022-02-11 13:00:00;324.0;268.74;205.0;12.0;69.35;0.9;
2022-02-11 14:00:00;321.0;689.9;83.0;12.58;64.55;1.31;
2022-02-11 15:00:00;61.0;0.0;61.0;12.65;62.2;1.45;
2022-02-11 16:00:00;14.0;0.0;14.0;11.82;69.25;1.79;
2022-02-11 17:00:00;0.0;0.0;0.0;9.99;74.3;2.21;
2022-02-11 18:00:00;0.0;0.0;0.0;8.27;82.7;2.07;
2022-02-11 19:00:00;0.0;0.0;0.0;6.52;92.3;1.66;
2022-02-11 20:00:00;0.0;0.0;0.0;5.57;92.3;1.52;
2022-02-11 21:00:00;0.0;0.0;0.0;5.6;92.3;1.17;
2022-02-11 22:00:00;0.0;0.0;0.0;5.29;95.75;1.03;
2022-02-11 23:00:00;0.0;0.0;0.0;4.91;95.75;0.83;
2022-02-12 00:00:00;0.0;0.0;0.0;3.35;99.4;1.24;
2022-02-12 01:00:00;0.0;0.0;0.0;3.56;99.4;0.97;
2022-02-12 02:00:00;0.0;0.0;0.0;2.55;99.4;1.03;
2022-02-12 03:00:00;0.0;0.0;0.0;3.06;99.4;0.9;
2022-02-12 04:00:00;0.0;0.0;0.0;3.73;99.4;0.83;
2022-02-12 05:00:00;0.0;0.0;0.0;4.24;95.75;0.9;
2022-02-12 06:00:00;0.0;0.0;0.0;4.23;95.75;1.31;
2022-02-12 07:00:00;38.0;7.74;37.0;5.48;95.75;1.17;
2022-02-12 08:00:00;169.0;161.59;124.0;7.13;99.4;1.38;
2022-02-12 09:00:00;251.0;161.08;187.0;8.41;92.4;2.21;
2022-02-12 10:00:00;176.0;6.28;173.0;9.68;85.95;1.72;
2022-02-12 11:00:00;126.0;0.0;126.0;10.43;80.05;1.24;
2022-02-12 12:00:00;141.0;0.0;141.0;10.48;83.0;1.1;
2022-02-12 13:00:00;44.0;0.0;44.0;10.56;83.0;0.97;
2022-02-12 14:00:00;99.0;0.0;99.0;10.42;83.0;1.45;
2022-02-12 15:00:00;46.0;0.0;46.0;10.12;89.2;1.66;
2022-02-12 16:00:00;10.0;0.0;10.0;9.68;92.45;2.07;
2022-02-12 17:00:00;0.0;0.0;0.0;9.29;95.85;2.48;
2022-02-12 18:00:00;0.0;0.0;0.0;9.14;95.85;2.55;
2022-02-12 19:00:00;0.0;0.0;0.0;8.83;99.4;2.83;
2022-02-12 20:00:00;0.0;0.0;0.0;8.65;99.4;3.52;
2022-02-12 21:00:00;0.0;0.0;0.0;8.44;95.85;3.59;
2022-02-12 22:00:00;0.0;0.0;0.0;8.25;95.8;3.45;
2022-02-12 23:00:00;0.0;0.0;0.0;8.09;92.4;3.24;
2022-02-13 00:00:00;0.0;0.0;0.0;7.88;92.4;3.59;
2022-02-13 01:00:00;0.0;0.0;0.0;7.61;92.35;4.14;
2022-02-13 02:00:00;0.0;0.0;0.0;7.24;92.35;4.14;
2022-02-13 03:00:00;0.0;0.0;0.0;6.91;92.35;3.59;
2022-02-13 04:00:00;0.0;0.0;0.0;6.48;92.3;3.17;
2022-02-13 05:00:00;0.0;0.0;0.0;6.07;92.3;2.69;
2022-02-13 06:00:00;0.0;0.0;0.0;5.66;92.3;2.76;
2022-02-13 07:00:00;64.0;97.27;51.0;5.72;92.3;2.76;
2022-02-13 08:00:00;262.0;695.79;65.0;6.57;92.3;2.76;
2022-02-13 09:00:00;391.0;750.99;89.0;8.06;85.85;3.17;
2022-02-13 10:00:00;491.0;826.86;92.0;9.75;74.2;3.52;
2022-02-13 11:00:00;533.0;838.32;98.0;11.43;64.35;3.86;
2022-02-13 12:00:00;517.0;819.76;100.0;12.99;55.75;4.28;
2022-02-13 13:00:00;454.0;806.41;89.0;14.31;52.0;4.48;
2022-02-13 14:00:00;336.0;719.26;81.0;14.99;46.75;4.55;
2022-02-13 15:00:00;63.0;0.0;63.0;14.69;48.4;4.14;
2022-02-13 16:00:00;18.0;0.0;18.0;13.38;51.75;3.79;
2022-02-13 17:00:00;0.0;0.0;0.0;11.6;57.55;3.31;
2022-02-13 18:00:00;0.0;0.0;0.0;10.12;61.65;2.62;
2022-02-13 19:00:00;0.0;0.0;0.0;8.83;74.05;1.52;
2022-02-13 20:00:00;0.0;0.0;0.0;8.04;73.95;1.24;
2022-02-13 21:00:00;0.0;0.0;0.0;7.82;76.7;0.76;
2022-02-13 22:00:00;0.0;0.0;0.0;7.33;76.65;0.34;
2022-02-13 23:00:00;0.0;0.0;0.0;6.27;79.5;0.83;
2022-02-14 00:00:00;0.0;0.0;0.0;5.19;82.4;1.1;
2022-02-14 01:00:00;0.0;0.0;0.0;3.02;88.7;1.59;
2022-02-14 02:00:00;0.0;0.0;0.0;2.05;95.65;1.86;
2022-02-14 03:00:00;0.0;0.0;0.0;1.66;99.4;2.0;
2022-02-14 04:00:00;0.0;0.0;0.0;1.64;99.4;2.07;
2022-02-14 05:00:00;0.0;0.0;0.0;1.87;95.65;1.79;
2022-02-14 06:00:00;0.0;0.0;0.0;2.21;99.4;1.52;
2022-02-14 07:00:00;96.0;369.17;45.0;3.55;95.7;0.34;
2022-02-14 08:00:00;219.0;368.26;113.0;5.67;95.75;0.62;
2022-02-14 09:00:00;280.0;218.67;191.0;8.45;89.1;0.83;
2022-02-14 10:00:00;366.0;287.16;226.0;10.17;86.0;0.9;
2022-02-14 11:00:00;343.0;160.33;259.0;11.7;77.3;1.03;
2022-02-14 12:00:00;381.0;268.64;243.0;12.43;72.05;0.97;
2022-02-14 13:00:00;211.0;30.6;197.0;12.74;72.05;0.69;
2022-02-14 14:00:00;205.0;105.75;167.0;12.77;72.05;0.14;
2022-02-14 15:00:00;70.0;0.0;70.0;12.61;72.05;0.41;
2022-02-14 16:00:00;13.0;0.0;13.0;12.2;74.6;0.62;
2022-02-14 17:00:00;0.0;0.0;0.0;11.01;83.05;1.1;
2022-02-14 18:00:00;0.0;0.0;0.0;9.13;89.1;1.86;
2022-02-14 19:00:00;0.0;0.0;0.0;7.9;89.05;1.52;
2022-02-14 20:00:00;0.0;0.0;0.0;7.34;92.35;1.52;
2022-02-14 21:00:00;0.0;0.0;0.0;7.03;92.35;1.38;
2022-02-14 22:00:00;0.0;0.0;0.0;6.82;95.8;1.24;
2022-02-14 23:00:00;0.0;0.0;0.0;7.13;92.35;0.9;
2022-02-15 00:00:00;0.0;0.0;0.0;7.44;89.0;0.21;
2022-02-15 01:00:00;0.0;0.0;0.0;7.08;92.35;0.41;
2022-02-15 02:00:00;0.0;0.0;0.0;5.29;95.75;1.31;
2022-02-15 03:00:00;0.0;0.0;0.0;4.81;92.25;1.66;
2022-02-15 04:00:00;0.0;0.0;0.0;4.61;95.75;1.93;
2022-02-15 05:00:00;0.0;0.0;0.0;4.7;95.75;2.14;
2022-02-15 06:00:00;0.0;0.0;0.0;4.97;95.75;2.14;
2022-02-15 07:00:00;28.0;0.0;28.0;6.1;95.8;1.66;
2022-02-15 08:00:00;115.0;17.09;110.0;6.98;99.4;1.24;
2022-02-15 09:00:00;261.0;157.79;196.0;8.33;95.8;1.72;
2022-02-15 10:00:00;326.0;176.62;239.0;9.43;89.15;1.31;
2022-02-15 11:00:00;321.0;117.2;259.0;10.42;86.05;1.31;
2022-02-15 12:00:00;344.0;173.49;254.0;11.15;83.05;1.52;
2022-02-15 13:00:00;390.0;460.52;177.0;11.34;77.2;1.24;
2022-02-15 14:00:00;317.0;557.47;114.0;11.65;74.55;0.97;
2022-02-15 15:00:00;83.0;0.0;83.0;11.7;74.55;0.9;
2022-02-15 16:00:00;22.0;0.0;22.0;11.3;77.2;0.9;
2022-02-15 17:00:00;0.0;0.0;0.0;9.76;85.95;0.83;
2022-02-15 18:00:00;0.0;0.0;0.0;9.24;85.95;0.69;
2022-02-15 19:00:00;0.0;0.0;0.0;8.68;85.9;0.76;
2022-02-15 20:00:00;0.0;0.0;0.0;7.85;89.05;0.21;
2022-02-15 21:00:00;0.0;0.0;0.0;7.16;92.35;0.21;
2022-02-15 22:00:00;0.0;0.0;0.0;6.48;95.8;0.69;
2022-02-15 23:00:00;0.0;0.0;0.0;4.87;95.75;1.17;
2022-02-16 00:00:00;0.0;0.0;0.0;3.89;95.75;1.17;
2022-02-16 01:00:00;0.0;0.0;0.0;4.02;95.75;0.55;
2022-02-16 02:00:00;0.0;0.0;0.0;3.21;100.0;0.34;
2022-02-16 03:00:00;0.0;0.0;0.0;2.97;99.4;0.55;
2022-02-16 04:00:00;0.0;0.0;0.0;2.95;99.4;0.69;
2022-02-16 05:00:00;0.0;0.0;0.0;2.92;99.4;0.55;
2022-02-16 06:00:00;0.0;0.0;0.0;3.1;99.4;0.34;
2022-02-16 07:00:00;105.0;386.74;48.0;3.9;95.75;0.55;
2022-02-16 08:00:00;250.0;514.34;97.0;5.46;92.3;0.76;
2022-02-16 09:00:00;399.0;719.54;99.0;7.58;92.35;1.52;
2022-02-16 10:00:00;499.0;793.73;104.0;9.21;89.1;2.07;
2022-02-16 11:00:00;539.0;803.22;110.0;11.04;77.2;2.07;
2022-02-16 12:00:00;527.0;796.08;110.0;11.86;77.3;2.21;
2022-02-16 13:00:00;462.0;772.2;101.0;12.27;71.95;2.48;
2022-02-16 14:00:00;345.0;693.82;89.0;12.23;69.35;2.69;
2022-02-16 15:00:00;70.0;0.0;70.0;11.93;69.35;2.62;
2022-02-16 16:00:00;24.0;0.0;24.0;10.87;74.45;2.28;
2022-02-16 17:00:00;0.0;0.0;0.0;9.25;82.85;2.34;
2022-02-16 18:00:00;0.0;0.0;0.0;8.64;85.9;2.0;
2022-02-16 19:00:00;0.0;0.0;0.0;7.73;92.35;1.45;
2022-02-16 20:00:00;0.0;0.0;0.0;7.69;89.0;0.83;
2022-02-16 21:00:00;0.0;0.0;0.0;7.6;89.0;0.41;
2022-02-16 22:00:00;0.0;0.0;0.0;7.01;92.35;0.48;
2022-02-16 23:00:00;0.0;0.0;0.0;6.58;95.8;0.76;
2022-02-17 00:00:00;0.0;0.0;0.0;5.49;92.3;1.03;
2022-02-17 01:00:00;0.0;0.0;0.0;4.54;95.75;1.31;
2022-02-17 02:00:00;0.0;0.0;0.0;3.8;95.75;1.72;
2022-02-17 03:00:00;0.0;0.0;0.0;3.72;99.4;2.0;
2022-02-17 04:00:00;0.0;0.0;0.0;3.39;92.15;2.28;
2022-02-17 05:00:00;0.0;0.0;0.0;3.72;95.7;2.21;
2022-02-17 06:00:00;0.0;0.0;0.0;3.72;95.7;2.21;
2022-02-17 07:00:00;118.0;486.47;44.0;4.15;95.75;2.21;
2022-02-17 08:00:00;273.0;641.58;79.0;7.04;85.75;2.14;
2022-02-17 09:00:00;420.0;786.77;88.0;9.16;74.15;2.97;
2022-02-17 10:00:00;512.0;817.48;101.0;10.31;64.0;3.38;
2022-02-17 11:00:00;515.0;650.92;164.0;11.24;59.6;3.38;
2022-02-17 12:00:00;500.0;631.49;166.0;11.55;57.55;3.17;
2022-02-17 13:00:00;450.0;668.8;134.0;11.61;55.4;2.97;
2022-02-17 14:00:00;356.0;716.95;88.0;11.8;53.35;3.03;
2022-02-17 15:00:00;58.0;0.0;58.0;11.43;53.35;3.03;
2022-02-17 16:00:00;22.0;0.0;22.0;10.57;59.5;2.48;
2022-02-17 17:00:00;0.0;0.0;0.0;8.7;71.35;2.62;
2022-02-17 18:00:00;0.0;0.0;0.0;7.6;76.7;2.62;
2022-02-17 19:00:00;0.0;0.0;0.0;7.25;79.55;2.34;
2022-02-17 20:00:00;0.0;0.0;0.0;6.58;82.55;2.62;
2022-02-17 21:00:00;0.0;0.0;0.0;6.47;82.55;2.69;
2022-02-17 22:00:00;0.0;0.0;0.0;6.12;82.55;2.76;
2022-02-17 23:00:00;0.0;0.0;0.0;6.02;79.5;2.76;
2022-02-18 00:00:00;0.0;0.0;0.0;5.68;79.4;2.9;
2022-02-18 01:00:00;0.0;0.0;0.0;5.17;82.4;2.9;
2022-02-18 02:00:00;0.0;0.0;0.0;4.94;79.35;2.76;
2022-02-18 03:00:00;0.0;0.0;0.0;4.35;82.35;2.69;
2022-02-18 04:00:00;0.0;0.0;0.0;3.91;85.5;2.55;
2022-02-18 05:00:00;0.0;0.0;0.0;3.27;88.7;2.48;
2022-02-18 06:00:00;0.0;0.0;0.0;2.99;88.7;2.21;
2022-02-18 07:00:00;124.0;509.83;44.0;3.82;88.8;2.41;
2022-02-18 08:00:00;270.0;575.9;93.0;5.97;79.5;2.55;
2022-02-18 09:00:00;418.0;751.63;97.0;7.77;71.15;3.24;
2022-02-18 10:00:00;508.0;773.73;115.0;8.77;63.7;3.24;
2022-02-18 11:00:00;534.0;707.19;149.0;9.24;61.45;2.76;
2022-02-18 12:00:00;364.0;181.64;267.0;9.76;57.05;2.28;
2022-02-18 13:00:00;117.0;0.0;117.0;9.94;55.05;2.14;
2022-02-18 14:00:00;225.0;118.85;180.0;9.87;55.05;2.0;
2022-02-18 15:00:00;91.0;0.0;91.0;9.59;57.05;2.0;
2022-02-18 16:00:00;27.0;0.0;27.0;8.89;59.15;1.66;
2022-02-18 17:00:00;0.0;0.0;0.0;7.58;68.5;1.66;
2022-02-18 18:00:00;0.0;0.0;0.0;6.08;76.55;1.52;
2022-02-18 19:00:00;0.0;0.0;0.0;6.31;79.5;0.9;
2022-02-18 20:00:00;0.0;0.0;0.0;5.49;79.4;0.97;
2022-02-18 21:00:00;0.0;0.0;0.0;2.92;92.15;1.59;
2022-02-18 22:00:00;0.0;0.0;0.0;2.03;92.1;1.79;
2022-02-18 23:00:00;0.0;0.0;0.0;1.67;95.65;1.72;
2022-02-19 00:00:00;0.0;0.0;0.0;1.87;92.1;1.45;
2022-02-19 01:00:00;0.0;0.0;0.0;1.54;92.05;1.31;
2022-02-19 02:00:00;0.0;0.0;0.0;0.82;92.05;1.38;
2022-02-19 03:00:00;0.0;0.0;0.0;0.39;92.0;1.31;
2022-02-19 04:00:00;0.0;0.0;0.0;0.48;95.65;1.03;
2022-02-19 05:00:00;0.0;0.0;0.0;0.08;95.6;1.1;
2022-02-19 06:00:00;0.0;0.0;0.0;-0.4;95.6;1.17;
2022-02-19 07:00:00;123.0;451.23;50.0;0.06;99.4;1.03;
2022-02-19 08:00:00;286.0;656.27;81.0;3.45;92.15;0.97;
2022-02-19 09:00:00;425.0;758.89;97.0;6.53;82.55;1.17;
2022-02-19 10:00:00;524.0;818.52;104.0;8.65;68.7;1.24;
2022-02-19 11:00:00;556.0;782.39;126.0;9.88;61.65;1.03;
2022-02-19 12:00:00;543.0;777.14;124.0;10.64;57.3;0.9;
2022-02-19 13:00:00;481.0;775.14;107.0;11.1;57.4;0.83;
2022-02-19 14:00:00;363.0;696.24;96.0;11.29;57.4;0.69;
2022-02-19 15:00:00;74.0;0.0;74.0;11.15;55.3;0.34;
2022-02-19 16:00:00;30.0;0.0;30.0;10.65;59.5;0.41;
2022-02-19 17:00:00;0.0;0.0;0.0;9.19;68.8;0.69;
2022-02-19 18:00:00;0.0;0.0;0.0;8.0;71.25;0.48;
2022-02-19 19:00:00;0.0;0.0;0.0;6.46;79.5;0.97;
2022-02-19 20:00:00;0.0;0.0;0.0;5.87;82.55;0.62;
2022-02-19 21:00:00;0.0;0.0;0.0;5.11;88.85;0.62;
2022-02-19 22:00:00;0.0;0.0;0.0;4.41;88.85;0.76;
2022-02-19 23:00:00;0.0;0.0;0.0;3.78;95.7;0.69;
2022-02-20 00:00:00;0.0;0.0;0.0;3.28;99.4;0.55;
2022-02-20 01:00:00;0.0;0.0;0.0;2.84;99.4;0.69;
2022-02-20 02:00:00;0.0;0.0;0.0;2.45;99.4;0.76;
2022-02-20 03:00:00;0.0;0.0;0.0;1.43;99.4;0.83;
2022-02-20 04:00:00;0.0;0.0;0.0;-0.3;100.0;1.03;
2022-02-20 05:00:00;0.0;0.0;0.0;-0.64;99.4;0.83;
2022-02-20 06:00:00;0.0;0.0;0.0;-0.18;99.4;0.83;
2022-02-20 07:00:00;133.0;521.86;46.0;1.1;99.35;1.1;
2022-02-20 08:00:00;180.0;110.25;145.0;4.46;88.85;1.1;
2022-02-20 09:00:00;205.0;34.29;190.0;8.03;76.8;1.17;
2022-02-20 10:00:00;148.0;0.0;148.0;10.36;66.45;1.38;
2022-02-20 11:00:00;314.0;79.31;270.0;11.84;59.7;1.24;
2022-02-20 12:00:00;356.0;156.16;271.0;12.69;55.65;0.9;
2022-02-20 13:00:00;346.0;229.74;234.0;13.34;53.7;0.69;
2022-02-20 14:00:00;306.0;373.39;161.0;13.58;51.9;0.76;
2022-02-20 15:00:00;77.0;0.0;77.0;13.44;51.9;0.9;
2022-02-20 16:00:00;32.0;0.0;32.0;12.79;57.75;0.83;
2022-02-20 17:00:00;0.0;0.0;0.0;11.67;62.0;0.55;
2022-02-20 18:00:00;0.0;0.0;0.0;10.45;66.55;0.41;
2022-02-20 19:00:00;0.0;0.0;0.0;8.72;74.05;0.21;
2022-02-20 20:00:00;0.0;0.0;0.0;8.17;76.8;0.48;
2022-02-20 21:00:00;0.0;0.0;0.0;7.45;79.65;0.9;
2022-02-20 22:00:00;0.0;0.0;0.0;6.67;85.7;1.03;
2022-02-20 23:00:00;0.0;0.0;0.0;6.28;85.7;1.1;
2022-02-21 00:00:00;0.0;0.0;0.0;6.27;88.95;1.1;
2022-02-21 01:00:00;0.0;0.0;0.0;6.56;92.3;0.97;
2022-02-21 02:00:00;0.0;0.0;0.0;6.82;92.3;0.9;
2022-02-21 03:00:00;0.0;0.0;0.0;6.69;92.3;0.9;
2022-02-21 04:00:00;0.0;0.0;0.0;6.59;92.3;0.9;
2022-02-21 05:00:00;0.0;0.0;0.0;6.62;92.3;0.97;
2022-02-21 06:00:00;0.0;0.0;0.0;6.39;92.3;1.1;
2022-02-21 07:00:00;98.0;168.89;69.0;6.97;92.35;0.76;
2022-02-21 08:00:00;154.0;52.7;137.0;9.34;85.95;0.76;
2022-02-21 09:00:00;348.0;366.0;186.0;10.79;80.05;0.76;
2022-02-21 10:00:00;286.0;72.57;248.0;11.85;80.15;0.69;
2022-02-21 11:00:00;452.0;371.39;244.0;12.84;77.45;0.69;
2022-02-21 12:00:00;270.0;41.86;247.0;13.63;69.65;1.03;
2022-02-21 13:00:00;362.0;272.06;228.0;14.26;67.25;1.59;
2022-02-21 14:00:00;177.0;33.06;164.0;13.95;69.75;2.07;
2022-02-21 15:00:00;106.0;0.0;106.0;13.47;72.2;2.14;
2022-02-21 16:00:00;28.0;0.0;28.0;12.78;77.45;1.79;
2022-02-21 17:00:00;0.0;0.0;0.0;11.26;86.1;1.86;
2022-02-21 18:00:00;0.0;0.0;0.0;10.04;89.2;1.66;
2022-02-21 19:00:00;0.0;0.0;0.0;9.64;92.45;1.45;
2022-02-21 20:00:00;0.0;0.0;0.0;8.81;95.85;1.45;
2022-02-21 21:00:00;0.0;0.0;0.0;8.07;95.8;1.24;
2022-02-21 22:00:00;0.0;0.0;0.0;7.79;99.4;1.24;
2022-02-21 23:00:00;0.0;0.0;0.0;7.72;99.4;0.97;
2022-02-22 00:00:00;0.0;0.0;0.0;7.52;99.4;0.83;
2022-02-22 01:00:00;0.0;0.0;0.0;7.84;99.4;0.21;
2022-02-22 02:00:00;0.0;0.0;0.0;7.73;99.4;0.21;
2022-02-22 03:00:00;0.0;0.0;0.0;7.62;99.4;0.41;
2022-02-22 04:00:00;0.0;0.0;0.0;7.45;99.4;0.41;
2022-02-22 05:00:00;0.0;0.0;0.0;7.06;99.4;0.55;
2022-02-22 06:00:00;0.0;0.0;0.0;6.8;100.0;0.41;
2022-02-22 07:00:00;69.0;28.29;64.0;7.78;99.4;0.28;
2022-02-22 08:00:00;118.0;9.15;115.0;8.77;95.85;0.34;
2022-02-22 09:00:00;239.0;71.45;207.0;10.07;89.2;0.55;
2022-02-22 10:00:00;195.0;5.67;192.0;11.51;80.15;0.97;
2022-02-22 11:00:00;417.0;263.57;268.0;12.43;74.7;1.52;
2022-02-22 12:00:00;546.0;762.68;123.0;13.65;67.15;1.93;
2022-02-22 13:00:00;436.0;522.55;176.0;14.2;60.3;1.86;
2022-02-22 14:00:00;319.0;409.52;156.0;14.27;60.3;1.52;
2022-02-22 15:00:00;90.0;0.0;90.0;14.13;60.3;0.97;
2022-02-22 16:00:00;35.0;0.0;35.0;13.52;64.75;0.28;
2022-02-22 17:00:00;0.0;0.0;0.0;11.51;80.15;1.03;
2022-02-22 18:00:00;0.0;0.0;0.0;9.59;85.95;1.38;
2022-02-22 19:00:00;0.0;0.0;0.0;9.44;89.15;1.72;
2022-02-22 20:00:00;0.0;0.0;0.0;8.27;95.8;1.86;
2022-02-22 21:00:00;0.0;0.0;0.0;7.43;95.8;1.79;
2022-02-22 22:00:00;0.0;0.0;0.0;7.21;99.4;1.52;
2022-02-22 23:00:00;0.0;0.0;0.0;7.09;95.8;1.31;
2022-02-23 00:00:00;0.0;0.0;0.0;7.24;99.4;1.03;
2022-02-23 01:00:00;0.0;0.0;0.0;7.56;99.4;0.76;
2022-02-23 02:00:00;0.0;0.0;0.0;7.67;99.4;0.62;
2022-02-23 03:00:00;0.0;0.0;0.0;7.55;99.4;0.62;
2022-02-23 04:00:00;0.0;0.0;0.0;7.52;99.4;0.55;
2022-02-23 05:00:00;0.0;0.0;0.0;7.13;99.4;0.76;
2022-02-23 06:00:00;0.0;0.0;0.0;6.96;99.4;0.9;
2022-02-23 07:00:00;66.0;21.99;62.0;7.89;95.8;0.83;
2022-02-23 08:00:00;126.0;12.01;122.0;9.99;92.5;0.9;
2022-02-23 09:00:00;202.0;26.48;190.0;11.42;86.15;1.03;
2022-02-23 10:00:00;288.0;67.39;252.0;12.66;80.3;1.03;
2022-02-23 11:00:00;405.0;224.33;277.0;13.49;74.85;0.9;
2022-02-23 12:00:00;522.0;623.44;173.0;13.43;74.85;0.55;
2022-02-23 13:00:00;467.0;634.71;148.0;13.83;74.85;0.55;
2022-02-23 14:00:00;333.0;454.24;150.0;14.11;72.3;0.69;
2022-02-23 15:00:00;99.0;0.0;99.0;13.99;69.75;0.9;
2022-02-23 16:00:00;37.0;0.0;37.0;13.25;74.75;0.97;
2022-02-23 17:00:00;0.0;0.0;0.0;11.85;83.1;1.1;
2022-02-23 18:00:00;0.0;0.0;0.0;10.7;86.05;0.62;
2022-02-23 19:00:00;0.0;0.0;0.0;9.54;92.45;0.9;
2022-02-23 20:00:00;0.0;0.0;0.0;9.48;92.45;0.55;
2022-02-23 21:00:00;0.0;0.0;0.0;8.87;95.85;0.34;
2022-02-23 22:00:00;0.0;0.0;0.0;8.4;95.85;0.62;
2022-02-23 23:00:00;0.0;0.0;0.0;7.95;99.4;0.9;
2022-02-24 00:00:00;0.0;0.0;0.0;7.28;99.4;0.9;
2022-02-24 01:00:00;0.0;0.0;0.0;6.95;99.4;0.62;
2022-02-24 02:00:00;0.0;0.0;0.0;6.65;99.4;0.34;
2022-02-24 03:00:00;0.0;0.0;0.0;6.04;95.8;0.41;
2022-02-24 04:00:00;0.0;0.0;0.0;5.26;99.4;0.41;
2022-02-24 05:00:00;0.0;0.0;0.0;4.81;95.75;0.41;
2022-02-24 06:00:00;0.0;0.0;0.0;4.8;99.4;0.48;
2022-02-24 07:00:00;46.0;0.0;46.0;5.93;95.8;0.69;
2022-02-24 08:00:00;154.0;38.43;141.0;8.07;95.8;0.9;
2022-02-24 09:00:00;170.0;6.54;167.0;9.37;92.45;0.76;
2022-02-24 10:00:00;237.0;20.39;226.0;10.37;89.25;0.97;
2022-02-24 11:00:00;351.0;116.34;284.0;12.02;83.15;1.1;
2022-02-24 12:00:00;376.0;171.69;279.0;13.13;80.35;1.45;
2022-02-24 13:00:00;379.0;285.65;234.0;13.79;74.85;1.38;
2022-02-24 14:00:00;282.0;233.01;187.0;13.9;72.3;1.31;
2022-02-24 15:00:00;92.0;0.0;92.0;13.57;72.2;1.45;
2022-02-24 16:00:00;34.0;0.0;34.0;12.8;74.7;1.59;
2022-02-24 17:00:00;0.0;0.0;0.0;11.34;86.1;2.0;
2022-02-24 18:00:00;0.0;0.0;0.0;9.86;89.2;1.79;
2022-02-24 19:00:00;0.0;0.0;0.0;9.67;95.85;1.24;
2022-02-24 20:00:00;0.0;0.0;0.0;8.87;95.85;1.24;
2022-02-24 21:00:00;0.0;0.0;0.0;8.2;99.4;1.1;
2022-02-24 22:00:00;0.0;0.0;0.0;7.86;95.8;0.9;
2022-02-24 23:00:00;0.0;0.0;0.0;7.58;99.4;0.76;
2022-02-25 00:00:00;0.0;0.0;0.0;7.06;99.4;0.97;
2022-02-25 01:00:00;0.0;0.0;0.0;6.37;99.4;1.17;
2022-02-25 02:00:00;0.0;0.0;0.0;6.72;100.0;0.9;
2022-02-25 03:00:00;0.0;0.0;0.0;6.67;100.0;0.97;
2022-02-25 04:00:00;0.0;0.0;0.0;6.94;99.4;1.24;
2022-02-25 05:00:00;0.0;0.0;0.0;7.01;99.4;1.45;
2022-02-25 06:00:00;0.0;0.0;0.0;6.88;99.4;1.31;
2022-02-25 07:00:00;60.0;5.2;59.0;7.93;95.8;2.34;
2022-02-25 08:00:00;61.0;0.0;61.0;8.74;92.4;2.41;
2022-02-25 09:00:00;135.0;0.0;135.0;9.47;89.15;2.48;
2022-02-25 10:00:00;120.0;0.0;120.0;10.35;86.0;2.62;
2022-02-25 11:00:00;139.0;0.0;139.0;11.04;80.1;2.34;
2022-02-25 12:00:00;205.0;3.51;203.0;11.95;74.6;1.93;
2022-02-25 13:00:00;109.0;0.0;109.0;12.06;74.6;2.0;
2022-02-25 14:00:00;70.0;0.0;70.0;12.06;77.35;2.41;
2022-02-25 15:00:00;43.0;0.0;43.0;11.72;83.1;2.55;
2022-02-25 16:00:00;21.0;0.0;21.0;10.89;89.3;2.41;
2022-02-25 17:00:00;0.0;0.0;0.0;10.17;92.5;2.21;
2022-02-25 18:00:00;0.0;0.0;0.0;9.82;95.85;1.79;
2022-02-25 19:00:00;0.0;0.0;0.0;8.83;99.4;2.07;
2022-02-25 20:00:00;0.0;0.0;0.0;8.73;99.4;2.0;
2022-02-25 21:00:00;0.0;0.0;0.0;8.56;95.85;1.79;
2022-02-25 22:00:00;0.0;0.0;0.0;8.49;95.85;1.45;
2022-02-25 23:00:00;0.0;0.0;0.0;8.31;95.8;1.17;
2022-02-26 00:00:00;0.0;0.0;0.0;7.94;95.8;1.03;
2022-02-26 01:00:00;0.0;0.0;0.0;7.41;95.8;1.45;
2022-02-26 02:00:00;0.0;0.0;0.0;7.07;95.8;1.93;
2022-02-26 03:00:00;0.0;0.0;0.0;6.66;99.4;2.34;
2022-02-26 04:00:00;0.0;0.0;0.0;6.98;95.8;2.41;
2022-02-26 05:00:00;0.0;0.0;0.0;6.54;95.8;2.21;
2022-02-26 06:00:00;0.0;0.0;0.0;6.17;95.8;2.0;
2022-02-26 07:00:00;125.0;222.73;81.0;7.11;95.8;2.14;
2022-02-26 08:00:00;320.0;664.76;88.0;8.24;92.4;2.14;
2022-02-26 09:00:00;442.0;664.78;130.0;9.99;82.95;1.86;
2022-02-26 10:00:00;540.0;734.1;136.0;11.53;71.85;1.31;
2022-02-26 11:00:00;612.0;869.57;102.0;12.65;64.55;0.83;
2022-02-26 12:00:00;595.0;851.65;105.0;13.49;55.9;0.55;
2022-02-26 13:00:00;533.0;853.84;91.0;13.9;52.0;0.48;
2022-02-26 14:00:00;405.0;754.75;90.0;14.05;52.0;0.14;
2022-02-26 15:00:00;81.0;0.0;81.0;13.87;53.85;0.34;
2022-02-26 16:00:00;43.0;0.0;43.0;13.31;57.9;0.14;
2022-02-26 17:00:00;0.0;0.0;0.0;12.11;64.45;0.14;
2022-02-26 18:00:00;0.0;0.0;0.0;10.62;71.7;0.69;
2022-02-26 19:00:00;0.0;0.0;0.0;8.92;82.85;1.17;
2022-02-26 20:00:00;0.0;0.0;0.0;9.25;82.85;0.69;
2022-02-26 21:00:00;0.0;0.0;0.0;8.53;85.9;0.41;
2022-02-26 22:00:00;0.0;0.0;0.0;7.86;89.05;0.48;
2022-02-26 23:00:00;0.0;0.0;0.0;7.26;92.35;0.07;
2022-02-27 00:00:00;0.0;0.0;0.0;6.74;95.8;0.28;
2022-02-27 01:00:00;0.0;0.0;0.0;6.24;92.3;0.69;
2022-02-27 02:00:00;0.0;0.0;0.0;4.84;92.25;1.17;
2022-02-27 03:00:00;0.0;0.0;0.0;3.75;99.4;1.24;
2022-02-27 04:00:00;0.0;0.0;0.0;3.46;99.4;1.17;
2022-02-27 05:00:00;0.0;0.0;0.0;3.33;99.4;0.97;
2022-02-27 06:00:00;5.0;0.0;5.0;3.03;99.4;0.97;
2022-02-27 07:00:00;141.0;305.6;79.0;4.77;95.75;0.34;
2022-02-27 08:00:00;272.0;347.06;149.0;6.67;92.3;0.69;
2022-02-27 09:00:00;356.0;286.46;220.0;8.23;89.05;0.55;
2022-02-27 10:00:00;466.0;412.07;237.0;10.4;80.05;0.62;
2022-02-27 11:00:00;616.0;856.69;109.0;12.49;74.7;0.55;
2022-02-27 12:00:00;593.0;814.76;120.0;14.06;67.25;0.69;
2022-02-27 13:00:00;532.0;820.78;103.0;15.1;60.5;0.97;
2022-02-27 14:00:00;414.0;767.46;90.0;15.59;54.35;1.31;
2022-02-27 15:00:00;72.0;0.0;72.0;15.59;50.5;1.72;
2022-02-27 16:00:00;46.0;0.0;46.0;14.79;54.1;1.66;
2022-02-27 17:00:00;0.0;0.0;0.0;12.55;62.2;2.28;
2022-02-27 18:00:00;0.0;0.0;0.0;10.42;69.1;2.21;
2022-02-27 19:00:00;0.0;0.0;0.0;9.06;68.8;2.28;
2022-02-27 20:00:00;0.0;0.0;0.0;7.76;76.7;2.34;
2022-02-27 21:00:00;0.0;0.0;0.0;6.76;79.5;2.07;
2022-02-27 22:00:00;0.0;0.0;0.0;6.5;73.7;1.66;
2022-02-27 23:00:00;0.0;0.0;0.0;6.11;70.95;1.52;
2022-02-28 00:00:00;0.0;0.0;0.0;5.93;68.3;1.38;
2022-02-28 01:00:00;0.0;0.0;0.0;5.64;70.85;1.17;
2022-02-28 02:00:00;0.0;0.0;0.0;5.19;73.55;0.97;
2022-02-28 03:00:00;0.0;0.0;0.0;4.58;79.3;1.03;
2022-02-28 04:00:00;0.0;0.0;0.0;4.33;79.3;0.9;
2022-02-28 05:00:00;0.0;0.0;0.0;3.83;82.3;1.03;
2022-02-28 06:00:00;7.0;0.0;7.0;3.34;85.45;0.97;
2022-02-28 07:00:00;104.0;86.43;86.0;5.67;82.5;0.48;
2022-02-28 08:00:00;244.0;222.31;164.0;7.45;79.65;0.62;
2022-02-28 09:00:00;251.0;60.39;222.0;9.0;76.95;0.97;
2022-02-28 10:00:00;267.0;32.08;249.0;10.44;74.4;1.17;
2022-02-28 11:00:00;399.0;170.81;297.0;11.78;69.25;0.48;
2022-02-28 12:00:00;206.0;3.41;204.0;12.66;64.55;0.48;
2022-02-28 13:00:00;325.0;126.97;258.0;13.65;58.0;0.21;
2022-02-28 14:00:00;384.0;597.23;129.0;13.94;56.0;0.62;
2022-02-28 15:00:00;111.0;0.0;111.0;14.24;56.0;0.97;
2022-02-28 16:00:00;45.0;0.0;45.0;11.19;76.89;2.21;
2022-02-28 17:00:00;0.0;0.0;0.0;10.63;78.79;2.15;
2022-02-28 18:00:00;0.0;0.0;0.0;10.07;80.69;2.09;
2022-02-28 19:00:00;0.0;0.0;0.0;9.51;82.59;2.03;
2022-02-28 20:00:00;0.0;0.0;0.0;8.95;84.5;1.97;
2022-02-28 21:00:00;0.0;0.0;0.0;8.4;86.4;1.91;
2022-02-28 22:00:00;0.0;0.0;0.0;7.84;88.3;1.85;
2022-02-28 23:00:00;0.0;0.0;0.0;7.28;90.2;1.79;
2022-03-01 00:00:00;0.0;0.0;0.0;6.72;92.1;1.73;
2022-03-01 01:00:00;0.0;0.0;0.0;6.16;94.01;1.67;
2022-03-01 02:00:00;0.0;0.0;0.0;5.6;95.91;1.61;
2022-03-01 03:00:00;0.0;0.0;0.0;5.05;97.81;1.55;
2022-03-01 04:00:00;0.0;0.0;0.0;4.49;99.71;1.49;
2022-03-01 05:00:00;0.0;0.0;0.0;3.93;100.0;1.43;
2022-03-01 06:00:00;3.0;0.0;3.0;3.37;100.0;1.36;
2022-03-01 07:00:00;71.0;9.36;69.0;2.81;100.0;1.3;
2022-03-01 08:00:00;80.0;0.0;80.0;7.24;92.35;1.45;
2022-03-01 09:00:00;201.0;16.47;193.0;8.07;89.05;1.93;
2022-03-01 10:00:00;266.0;31.77;248.0;8.8;85.9;2.0;
2022-03-01 11:00:00;239.0;9.96;233.0;10.27;79.95;2.07;
2022-03-01 12:00:00;344.0;94.77;288.0;11.58;71.85;2.0;
2022-03-01 13:00:00;233.0;22.53;221.0;12.18;71.95;1.86;
2022-03-01 14:00:00;90.0;0.0;90.0;12.0;71.95;2.07;
2022-03-01 15:00:00;43.0;0.0;43.0;11.4;77.2;2.34;
2022-03-01 16:00:00;49.0;0.0;49.0;10.64;80.05;2.34;
2022-03-01 17:00:00;0.0;0.0;0.0;9.53;85.95;2.34;
2022-03-01 18:00:00;0.0;0.0;0.0;8.55;92.4;2.21;
2022-03-01 19:00:00;0.0;0.0;0.0;7.89;95.8;1.52;
2022-03-01 20:00:00;0.0;0.0;0.0;7.64;95.8;1.59;
2022-03-01 21:00:00;0.0;0.0;0.0;7.52;95.8;1.66;
2022-03-01 22:00:00;0.0;0.0;0.0;7.41;92.4;1.79;
2022-03-01 23:00:00;0.0;0.0;0.0;7.3;95.8;1.79;
2022-03-02 00:00:00;0.0;0.0;0.0;7.19;95.8;1.79;
2022-03-02 01:00:00;0.0;0.0;0.0;7.11;95.8;1.79;
2022-03-02 02:00:00;0.0;0.0;0.0;7.13;95.8;1.72;
2022-03-02 03:00:00;0.0;0.0;0.0;7.15;95.8;1.66;
2022-03-02 04:00:00;0.0;0.0;0.0;7.12;95.8;1.59;
2022-03-02 05:00:00;0.0;0.0;0.0;7.0;95.8;1.52;
2022-03-02 06:00:00;6.0;0.0;6.0;6.93;95.8;1.45;
2022-03-02 07:00:00;67.0;4.56;66.0;7.15;95.8;0.97;
2022-03-02 08:00:00;120.0;2.7;119.0;8.03;95.8;0.9;
2022-03-02 09:00:00;131.0;0.0;131.0;8.91;92.4;0.83;
2022-03-02 10:00:00;154.0;0.0;154.0;10.15;82.95;0.83;
2022-03-02 11:00:00;232.0;6.58;228.0;11.06;77.2;0.9;
2022-03-02 12:00:00;97.0;0.0;97.0;11.54;74.55;0.83;
2022-03-02 13:00:00;140.0;0.0;140.0;12.07;71.95;0.55;
2022-03-02 14:00:00;155.0;6.87;152.0;12.39;71.95;0.07;
2022-03-02 15:00:00;103.0;0.0;103.0;12.58;69.45;0.34;
2022-03-02 16:00:00;45.0;0.0;45.0;12.13;71.95;0.55;
2022-03-02 17:00:00;0.0;0.0;0.0;11.37;77.2;0.48;
2022-03-02 18:00:00;0.0;0.0;0.0;10.5;80.05;0.28;
2022-03-02 19:00:00;0.0;0.0;0.0;9.74;85.95;1.45;
2022-03-02 20:00:00;0.0;0.0;0.0;9.45;85.95;1.52;
2022-03-02 21:00:00;0.0;0.0;0.0;9.06;89.1;1.52;
2022-03-02 22:00:00;0.0;0.0;0.0;8.52;92.4;1.45;
2022-03-02 23:00:00;0.0;0.0;0.0;7.97;95.8;1.45;
2022-03-03 00:00:00;0.0;0.0;0.0;7.0;95.8;1.52;
2022-03-03 01:00:00;0.0;0.0;0.0;6.5;95.8;1.31;
2022-03-03 02:00:00;0.0;0.0;0.0;6.71;95.8;1.1;
2022-03-03 03:00:00;0.0;0.0;0.0;6.85;99.4;0.9;
2022-03-03 04:00:00;0.0;0.0;0.0;7.07;95.8;0.76;
2022-03-03 05:00:00;0.0;0.0;0.0;7.19;95.8;0.62;
2022-03-03 06:00:00;17.0;57.89;14.0;7.39;95.8;0.55;
2022-03-03 07:00:00;84.0;17.81;80.0;7.21;99.4;0.34;
2022-03-03 08:00:00;102.0;0.0;102.0;8.99;92.45;0.28;
2022-03-03 09:00:00;141.0;0.0;141.0;9.92;85.95;0.62;
2022-03-03 10:00:00;0.0;0.0;0.0;10.93;80.05;0.69;
2022-03-03 11:00:00;248.0;11.42;241.0;11.79;74.55;1.03;
2022-03-03 12:00:00;99.0;0.0;99.0;11.89;74.55;1.45;
2022-03-03 13:00:00;236.0;20.27;225.0;11.89;74.55;1.79;
2022-03-03 14:00:00;151.0;4.53;149.0;12.0;71.95;2.21;
2022-03-03 15:00:00;66.0;0.0;66.0;11.8;74.55;2.28;
2022-03-03 16:00:00;49.0;0.0;49.0;11.22;77.2;2.48;
2022-03-03 17:00:00;0.0;0.0;0.0;9.73;85.95;2.41;
2022-03-03 18:00:00;0.0;0.0;0.0;9.0;89.1;2.14;
2022-03-03 19:00:00;0.0;0.0;0.0;7.8;95.8;1.93;
2022-03-03 20:00:00;0.0;0.0;0.0;7.39;99.4;1.79;
2022-03-03 21:00:00;0.0;0.0;0.0;7.13;99.4;1.52;
2022-03-03 22:00:00;0.0;0.0;0.0;6.7;99.4;1.66;
2022-03-03 23:00:00;0.0;0.0;0.0;6.52;99.4;1.66;
2022-03-04 00:00:00;0.0;0.0;0.0;6.46;99.4;1.79;
2022-03-04 01:00:00;0.0;0.0;0.0;6.35;99.4;2.0;
2022-03-04 02:00:00;0.0;0.0;0.0;6.58;99.4;1.86;
2022-03-04 03:00:00;0.0;0.0;0.0;6.79;99.4;1.86;
2022-03-04 04:00:00;0.0;0.0;0.0;7.08;99.4;2.07;
2022-03-04 05:00:00;0.0;0.0;0.0;7.07;99.4;2.41;
2022-03-04 06:00:00;12.0;0.0;12.0;7.2;99.4;2.62;
2022-03-04 07:00:00;33.0;0.0;33.0;7.63;95.8;2.83;
2022-03-04 08:00:00;64.0;0.0;64.0;8.19;95.8;3.1;
2022-03-04 09:00:00;111.0;0.0;111.0;8.59;92.4;3.45;
2022-03-04 10:00:00;152.0;0.0;152.0;8.81;95.85;2.76;
2022-03-04 11:00:00;75.0;0.0;75.0;9.27;92.45;2.97;
2022-03-04 12:00:00;113.0;0.0;113.0;9.96;89.2;3.17;
2022-03-04 13:00:00;98.0;0.0;98.0;9.59;89.15;3.38;
2022-03-04 14:00:00;37.0;0.0;37.0;9.53;89.15;3.52;
2022-03-04 15:00:00;23.0;0.0;23.0;9.21;89.1;4.21;
2022-03-04 16:00:00;16.0;0.0;16.0;8.81;92.4;4.28;
2022-03-04 17:00:00;0.0;0.0;0.0;8.66;92.4;4.07;
2022-03-04 18:00:00;0.0;0.0;0.0;8.7;92.4;3.24;
2022-03-04 19:00:00;0.0;0.0;0.0;8.96;92.45;1.72;
2022-03-04 20:00:00;0.0;0.0;0.0;8.68;95.85;1.1;
2022-03-04 21:00:00;0.0;0.0;0.0;8.65;92.4;2.0;
2022-03-04 22:00:00;0.0;0.0;0.0;8.6;92.4;2.9;
2022-03-04 23:00:00;0.0;0.0;0.0;8.56;92.4;3.03;
2022-03-05 00:00:00;0.0;0.0;0.0;8.67;92.4;2.69;
2022-03-05 01:00:00;0.0;0.0;0.0;8.8;92.4;2.55;
2022-03-05 02:00:00;0.0;0.0;0.0;8.73;95.85;2.76;
2022-03-05 03:00:00;0.0;0.0;0.0;9.03;95.85;3.17;
2022-03-05 04:00:00;0.0;0.0;0.0;9.43;92.45;3.52;
2022-03-05 05:00:00;0.0;0.0;0.0;9.64;95.85;3.86;
2022-03-05 06:00:00;16.0;15.93;15.0;9.56;95.85;4.62;
2022-03-05 07:00:00;83.0;12.73;80.0;9.44;95.85;3.79;
2022-03-05 08:00:00;73.0;0.0;73.0;9.59;92.45;3.93;
2022-03-05 09:00:00;102.0;0.0;102.0;9.48;89.15;4.48;
2022-03-05 10:00:00;111.0;0.0;111.0;9.51;89.15;4.55;
2022-03-05 11:00:00;194.0;0.0;194.0;9.51;85.95;4.34;
2022-03-05 12:00:00;124.0;0.0;124.0;9.51;85.95;4.14;
2022-03-05 13:00:00;85.0;0.0;85.0;9.59;85.95;4.55;
2022-03-05 14:00:00;110.0;0.0;110.0;9.47;82.9;4.07;
2022-03-05 15:00:00;112.0;0.0;112.0;9.49;82.9;3.72;
2022-03-05 16:00:00;46.0;0.0;46.0;9.49;82.9;3.45;
2022-03-05 17:00:00;0.0;0.0;0.0;8.84;89.1;2.97;
2022-03-05 18:00:00;0.0;0.0;0.0;8.21;95.8;2.76;
2022-03-05 19:00:00;0.0;0.0;0.0;8.19;95.8;1.93;
2022-03-05 20:00:00;0.0;0.0;0.0;7.99;95.8;1.45;
2022-03-05 21:00:00;0.0;0.0;0.0;7.52;95.8;1.03;
2022-03-05 22:00:00;0.0;0.0;0.0;7.16;95.8;0.83;
2022-03-05 23:00:00;0.0;0.0;0.0;6.88;99.4;0.76;
2022-03-06 00:00:00;0.0;0.0;0.0;6.68;95.8;0.97;
2022-03-06 01:00:00;0.0;0.0;0.0;6.63;95.8;1.31;
2022-03-06 02:00:00;0.0;0.0;0.0;6.54;95.8;1.38;
2022-03-06 03:00:00;0.0;0.0;0.0;6.33;95.8;1.52;
2022-03-06 04:00:00;0.0;0.0;0.0;6.03;92.3;1.52;
2022-03-06 05:00:00;0.0;0.0;0.0;5.78;95.75;1.31;
2022-03-06 06:00:00;15.0;0.0;15.0;5.66;95.75;1.03;
2022-03-06 07:00:00;54.0;0.0;54.0;6.22;95.8;0.41;
2022-03-06 08:00:00;66.0;0.0;66.0;7.69;89.05;0.9;
2022-03-06 09:00:00;241.0;33.12;224.0;8.72;82.75;1.59;
2022-03-06 10:00:00;347.0;94.3;291.0;10.03;74.3;2.07;
2022-03-06 11:00:00;308.0;36.56;285.0;10.66;69.1;2.07;
2022-03-06 12:00:00;525.0;429.75;260.0;11.16;64.25;2.28;
2022-03-06 13:00:00;298.0;62.79;263.0;11.54;62.0;2.97;
2022-03-06 14:00:00;327.0;252.5;212.0;11.44;61.85;3.31;
2022-03-06 15:00:00;114.0;0.0;114.0;11.12;61.85;3.1;
2022-03-06 16:00:00;51.0;0.0;51.0;10.68;64.1;2.28;
2022-03-06 17:00:00;0.0;0.0;0.0;9.64;71.5;1.17;
2022-03-06 18:00:00;0.0;0.0;0.0;8.92;76.85;0.21;
2022-03-06 19:00:00;0.0;0.0;0.0;5.96;88.95;1.66;
2022-03-06 20:00:00;0.0;0.0;0.0;5.05;88.85;2.14;
2022-03-06 21:00:00;0.0;0.0;0.0;4.81;92.25;2.34;
2022-03-06 22:00:00;0.0;0.0;0.0;4.3;95.75;2.34;
2022-03-06 23:00:00;0.0;0.0;0.0;3.78;95.7;2.28;
2022-03-07 00:00:00;0.0;0.0;0.0;3.29;95.7;2.21;
2022-03-07 01:00:00;0.0;0.0;0.0;2.92;95.7;2.21;
2022-03-07 02:00:00;0.0;0.0;0.0;2.52;95.7;2.21;
2022-03-07 03:00:00;0.0;0.0;0.0;2.49;95.7;2.21;
2022-03-07 04:00:00;0.0;0.0;0.0;2.48;95.7;2.14;
2022-03-07 05:00:00;0.0;0.0;0.0;2.57;95.7;2.07;
2022-03-07 06:00:00;29.0;67.68;24.0;2.74;95.7;2.07;
2022-03-07 07:00:00;207.0;526.42;77.0;4.2;92.2;1.79;
2022-03-07 08:00:00;380.0;692.16;104.0;7.63;79.7;1.93;
2022-03-07 09:00:00;528.0;797.8;114.0;10.7;66.55;2.28;
2022-03-07 10:00:00;635.0;867.7;115.0;13.09;49.85;2.76;
2022-03-07 11:00:00;681.0;895.4;113.0;14.54;41.65;2.83;
2022-03-07 12:00:00;665.0;887.82;113.0;15.42;37.25;2.9;
2022-03-07 13:00:00;589.0;853.61;109.0;15.88;34.65;2.97;
2022-03-07 14:00:00;462.0;782.41;102.0;16.03;33.5;2.69;
2022-03-07 15:00:00;91.0;0.0;91.0;15.89;34.65;2.28;
2022-03-07 16:00:00;52.0;0.0;52.0;14.97;44.9;1.72;
2022-03-07 17:00:00;0.0;0.0;0.0;12.81;51.65;2.41;
2022-03-07 18:00:00;0.0;0.0;0.0;10.4;59.35;2.48;
2022-03-07 19:00:00;0.0;0.0;0.0;8.88;71.35;1.93;
2022-03-07 20:00:00;0.0;0.0;0.0;7.53;71.25;1.66;
2022-03-07 21:00:00;0.0;0.0;0.0;6.71;73.8;1.52;
2022-03-07 22:00:00;0.0;0.0;0.0;5.82;73.65;1.59;
2022-03-07 23:00:00;0.0;0.0;0.0;4.74;76.3;1.79;
2022-03-08 00:00:00;0.0;0.0;0.0;3.77;79.15;2.0;
2022-03-08 01:00:00;0.0;0.0;0.0;3.3;79.1;1.86;
2022-03-08 02:00:00;0.0;0.0;0.0;2.98;79.1;1.72;
2022-03-08 03:00:00;0.0;0.0;0.0;3.17;79.1;1.45;
2022-03-08 04:00:00;0.0;0.0;0.0;3.14;76.1;1.31;
2022-03-08 05:00:00;0.0;0.0;0.0;3.05;76.1;1.24;
2022-03-08 06:00:00;44.0;251.62;24.0;2.35;82.05;1.24;
2022-03-08 07:00:00;211.0;518.6;80.0;4.51;79.3;1.03;
2022-03-08 08:00:00;385.0;684.98;108.0;8.1;71.25;0.9;
2022-03-08 09:00:00;496.0;631.08;165.0;10.7;59.5;0.34;
2022-03-08 10:00:00;635.0;845.0;124.0;12.48;51.65;0.07;
2022-03-08 11:00:00;682.0;873.93;123.0;13.71;48.15;0.69;
2022-03-08 12:00:00;541.0;432.33;270.0;14.62;46.6;1.31;
2022-03-08 13:00:00;498.0;476.03;228.0;15.25;43.4;1.66;
2022-03-08 14:00:00;394.0;447.53;186.0;15.5;40.35;1.66;
2022-03-08 15:00:00;151.0;0.0;151.0;15.23;41.75;1.17;
2022-03-08 16:00:00;62.0;0.0;62.0;14.45;52.0;0.48;
2022-03-08 17:00:00;0.0;0.0;0.0;12.75;59.95;0.69;
2022-03-08 18:00:00;0.0;0.0;0.0;10.56;66.55;1.03;
2022-03-08 19:00:00;0.0;0.0;0.0;8.41;76.8;1.31;
2022-03-08 20:00:00;0.0;0.0;0.0;7.21;76.7;1.45;
2022-03-08 21:00:00;0.0;0.0;0.0;6.97;76.7;1.24;
2022-03-08 22:00:00;0.0;0.0;0.0;6.08;82.55;1.24;
2022-03-08 23:00:00;0.0;0.0;0.0;6.2;85.7;0.76;
2022-03-09 00:00:00;0.0;0.0;0.0;5.55;85.65;0.48;
2022-03-09 01:00:00;0.0;0.0;0.0;4.29;92.2;0.97;
2022-03-09 02:00:00;0.0;0.0;0.0;2.44;95.7;1.24;
2022-03-09 03:00:00;0.0;0.0;0.0;1.63;95.65;1.38;
2022-03-09 04:00:00;0.0;0.0;0.0;1.59;99.4;1.24;
2022-03-09 05:00:00;0.0;0.0;0.0;1.23;99.35;1.24;
2022-03-09 06:00:00;26.0;23.49;24.0;1.2;99.35;1.1;
2022-03-09 07:00:00;98.0;15.49;94.0;3.67;95.7;1.03;
2022-03-09 08:00:00;180.0;26.83;169.0;7.58;79.7;1.38;
2022-03-09 09:00:00;262.0;41.5;240.0;9.85;77.0;2.07;
2022-03-09 10:00:00;584.0;630.97;199.0;11.26;69.15;3.24;
2022-03-09 11:00:00;272.0;12.4;264.0;12.65;62.2;3.03;
2022-03-09 12:00:00;672.0;868.81;123.0;13.56;58.0;2.76;
2022-03-09 13:00:00;590.0;814.63;124.0;14.29;50.1;2.62;
2022-03-09 14:00:00;55.0;0.0;55.0;14.82;38.55;2.69;
2022-03-09 15:00:00;89.0;0.0;89.0;14.61;31.8;2.55;
2022-03-09 16:00:00;54.0;0.0;54.0;13.59;38.3;1.59;
2022-03-09 17:00:00;0.0;0.0;0.0;11.03;57.4;0.76;
2022-03-09 18:00:00;0.0;0.0;0.0;9.46;52.85;0.21;
2022-03-09 19:00:00;0.0;0.0;0.0;6.98;61.1;1.17;
2022-03-09 20:00:00;0.0;0.0;0.0;5.32;65.55;1.52;
2022-03-09 21:00:00;0.0;0.0;0.0;3.81;67.8;1.86;
2022-03-09 22:00:00;0.0;0.0;0.0;2.55;67.6;2.07;
2022-03-09 23:00:00;0.0;0.0;0.0;1.31;70.05;2.28;
2022-03-10 00:00:00;0.0;0.0;0.0;0.6;67.2;2.48;
2022-03-10 01:00:00;0.0;0.0;0.0;0.23;64.45;2.69;
2022-03-10 02:00:00;0.0;0.0;0.0;0.13;59.45;2.83;
2022-03-10 03:00:00;0.0;0.0;0.0;0.13;59.45;2.97;
2022-03-10 04:00:00;0.0;0.0;0.0;0.07;59.45;2.9;
2022-03-10 05:00:00;0.0;0.0;0.0;-0.32;64.35;2.55;
2022-03-10 06:00:00;55.0;286.35;29.0;-0.9;72.5;2.14;
2022-03-10 07:00:00;235.0;606.11;75.0;1.88;70.2;1.93;
2022-03-10 08:00:00;404.0;716.86;106.0;6.54;54.3;2.21;
2022-03-10 09:00:00;546.0;784.11;126.0;9.01;48.8;2.62;
2022-03-10 10:00:00;641.0;817.08;138.0;10.98;43.95;2.97;
2022-03-10 11:00:00;676.0;809.03;150.0;12.38;39.4;3.31;
2022-03-10 12:00:00;638.0;714.35;183.0;13.33;33.95;3.66;
2022-03-10 13:00:00;424.0;239.23;286.0;13.79;31.55;3.72;
2022-03-10 14:00:00;273.0;92.83;229.0;13.73;30.3;3.38;
2022-03-10 15:00:00;135.0;0.0;135.0;13.48;30.3;2.9;
2022-03-10 16:00:00;52.0;0.0;52.0;12.55;39.5;1.66;
2022-03-10 17:00:00;0.0;0.0;0.0;11.04;55.3;1.03;
2022-03-10 18:00:00;0.0;0.0;0.0;10.08;51.0;0.69;
2022-03-10 19:00:00;0.0;0.0;0.0;9.34;56.9;0.9;
2022-03-10 20:00:00;0.0;0.0;0.0;8.56;59.0;0.9;
2022-03-10 21:00:00;0.0;0.0;0.0;7.63;61.2;1.1;
2022-03-10 22:00:00;0.0;0.0;0.0;4.65;76.3;1.72;
2022-03-10 23:00:00;0.0;0.0;0.0;3.06;79.1;2.07;
2022-03-11 00:00:00;0.0;0.0;0.0;2.39;79.0;1.93;
2022-03-11 01:00:00;0.0;0.0;0.0;1.93;78.95;1.79;
2022-03-11 02:00:00;0.0;0.0;0.0;1.78;82.0;1.59;
2022-03-11 03:00:00;0.0;0.0;0.0;1.77;82.0;1.45;
2022-03-11 04:00:00;0.0;0.0;0.0;1.25;85.2;1.45;
2022-03-11 05:00:00;0.0;0.0;0.0;0.88;85.2;1.38;
2022-03-11 06:00:00;58.0;269.43;32.0;0.61;88.5;1.31;
2022-03-11 07:00:00;226.0;511.7;88.0;2.76;88.65;1.72;
2022-03-11 08:00:00;400.0;671.62;117.0;6.91;68.5;1.79;
2022-03-11 09:00:00;546.0;770.5;129.0;8.97;63.8;1.59;
2022-03-11 10:00:00;644.0;813.17;139.0;10.49;59.5;1.24;
2022-03-11 11:00:00;686.0;828.51;143.0;11.67;55.4;1.03;
2022-03-11 12:00:00;669.0;822.48;141.0;12.58;51.65;0.97;
2022-03-11 13:00:00;595.0;792.56;134.0;13.19;49.85;1.03;
2022-03-11 14:00:00;463.0;695.81;130.0;13.59;48.15;1.72;
2022-03-11 15:00:00;90.0;0.0;90.0;13.27;49.85;2.69;
2022-03-11 16:00:00;54.0;0.0;54.0;12.08;55.5;2.62;
2022-03-11 17:00:00;0.0;0.0;0.0;10.57;64.1;2.14;
2022-03-11 18:00:00;0.0;0.0;0.0;8.69;74.05;2.34;
2022-03-11 19:00:00;0.0;0.0;0.0;8.36;68.6;2.34;
2022-03-11 20:00:00;0.0;0.0;0.0;6.85;73.8;2.41;
2022-03-11 21:00:00;0.0;0.0;0.0;5.21;79.35;2.41;
2022-03-11 22:00:00;0.0;0.0;0.0;3.82;82.25;2.28;
2022-03-11 23:00:00;0.0;0.0;0.0;3.2;79.1;1.93;
2022-03-12 00:00:00;0.0;0.0;0.0;4.1;70.6;1.38;
2022-03-12 01:00:00;0.0;0.0;0.0;5.1;63.05;0.69;
2022-03-12 02:00:00;0.0;0.0;0.0;4.69;65.4;0.34;
2022-03-12 03:00:00;0.0;0.0;0.0;2.93;70.4;1.24;
2022-03-12 04:00:00;0.0;0.0;0.0;0.32;85.1;1.59;
2022-03-12 05:00:00;0.0;0.0;0.0;-0.21;88.45;1.52;
2022-03-12 06:00:00;65.0;322.82;32.0;-0.3;88.45;1.38;
2022-03-12 07:00:00;239.0;562.78;84.0;1.99;88.65;1.59;
2022-03-12 08:00:00;410.0;693.14;114.0;6.91;65.95;1.86;
2022-03-12 09:00:00;553.0;768.15;133.0;9.72;57.05;2.07;
2022-03-12 10:00:00;611.0;657.7;199.0;11.81;45.8;2.41;
2022-03-12 11:00:00;538.0;340.6;313.0;13.13;35.3;3.24;
2022-03-12 12:00:00;631.0;652.28;209.0;13.75;30.3;3.79;
2022-03-12 13:00:00;583.0;717.91;162.0;13.98;29.25;3.86;
2022-03-12 14:00:00;468.0;689.26;135.0;14.02;29.25;3.66;
2022-03-12 15:00:00;134.0;0.0;134.0;13.74;30.3;3.17;
2022-03-12 16:00:00;64.0;0.0;64.0;12.95;36.55;2.21;
2022-03-12 17:00:00;0.0;0.0;0.0;11.27;42.3;2.28;
2022-03-12 18:00:00;0.0;0.0;0.0;9.32;48.8;2.48;
2022-03-12 19:00:00;0.0;0.0;0.0;7.78;52.45;2.34;
2022-03-12 20:00:00;0.0;0.0;0.0;6.22;58.55;2.34;
2022-03-12 21:00:00;0.0;0.0;0.0;4.97;63.05;2.41;
2022-03-12 22:00:00;0.0;0.0;0.0;3.95;67.9;2.14;
2022-03-12 23:00:00;0.0;0.0;0.0;3.32;73.2;2.07;
2022-03-13 00:00:00;0.0;0.0;0.0;2.93;73.2;1.86;
2022-03-13 01:00:00;0.0;0.0;0.0;2.62;76.0;1.72;
2022-03-13 02:00:00;0.0;0.0;0.0;2.24;78.95;1.66;
2022-03-13 03:00:00;0.0;0.0;0.0;1.98;78.95;1.59;
2022-03-13 04:00:00;0.0;0.0;0.0;1.82;82.0;1.45;
2022-03-13 05:00:00;0.0;0.0;0.0;1.62;85.25;1.38;
2022-03-13 06:00:00;67.0;296.37;35.0;1.65;85.25;1.31;
2022-03-13 07:00:00;246.0;586.86;81.0;3.54;82.25;1.24;
2022-03-13 08:00:00;404.0;658.63;119.0;7.37;65.95;1.59;
2022-03-13 09:00:00;528.0;664.47;161.0;9.31;63.8;1.79;
2022-03-13 10:00:00;624.0;715.39;172.0;11.11;59.6;1.86;
2022-03-13 11:00:00;668.0;744.98;172.0;12.62;57.75;1.93;
2022-03-13 12:00:00;637.0;685.66;190.0;13.78;55.9;1.79;
2022-03-13 13:00:00;573.0;683.4;169.0;14.46;56.0;1.52;
2022-03-13 14:00:00;442.0;574.18;162.0;14.67;56.15;0.9;
2022-03-13 15:00:00;130.0;0.0;130.0;14.53;56.15;1.17;
2022-03-13 16:00:00;64.0;0.0;64.0;13.56;60.2;2.34;
2022-03-13 17:00:00;0.0;0.0;0.0;11.16;69.15;2.97;
2022-03-13 18:00:00;0.0;0.0;0.0;8.96;74.15;2.97;
2022-03-13 19:00:00;0.0;0.0;0.0;8.51;74.05;2.76;
2022-03-13 20:00:00;0.0;0.0;0.0;7.46;76.8;2.34;
2022-03-13 21:00:00;0.0;0.0;0.0;6.36;85.7;1.86;
2022-03-13 22:00:00;0.0;0.0;0.0;5.18;92.25;1.79;
2022-03-13 23:00:00;0.0;0.0;0.0;4.28;95.75;1.93;
2022-03-14 00:00:00;0.0;0.0;0.0;4.09;95.75;2.0;
2022-03-14 01:00:00;0.0;0.0;0.0;3.69;95.7;2.14;
2022-03-14 02:00:00;0.0;0.0;0.0;3.79;95.7;2.14;
2022-03-14 03:00:00;0.0;0.0;0.0;3.89;92.2;2.07;
2022-03-14 04:00:00;0.0;0.0;0.0;3.9;92.2;2.0;
2022-03-14 05:00:00;0.0;0.0;0.0;4.37;95.75;1.86;
2022-03-14 06:00:00;30.0;8.79;29.0;4.17;95.75;1.79;
2022-03-14 07:00:00;103.0;10.46;100.0;6.26;92.3;1.38;
2022-03-14 08:00:00;172.0;13.69;166.0;9.74;79.9;1.59;
2022-03-14 09:00:00;213.0;7.17;209.0;11.43;71.75;1.79;
2022-03-14 10:00:00;389.0;113.0;317.0;12.47;64.55;1.86;
2022-03-14 11:00:00;457.0;177.36;338.0;13.18;62.3;1.72;
2022-03-14 12:00:00;560.0;427.79;279.0;13.89;60.2;1.59;
2022-03-14 13:00:00;0.0;0.0;0.0;14.04;58.1;1.52;
2022-03-14 14:00:00;395.0;377.94;209.0;14.09;60.3;1.31;
2022-03-14 15:00:00;147.0;0.0;147.0;13.98;60.3;1.38;
2022-03-14 16:00:00;72.0;0.0;72.0;13.4;67.05;1.52;
2022-03-14 17:00:00;0.0;0.0;0.0;11.92;74.55;2.0;
2022-03-14 18:00:00;0.0;0.0;0.0;10.35;82.95;2.0;
2022-03-14 19:00:00;0.0;0.0;0.0;9.2;89.1;1.59;
2022-03-14 20:00:00;0.0;0.0;0.0;8.12;95.8;1.38;
2022-03-14 21:00:00;0.0;0.0;0.0;7.52;92.4;1.03;
2022-03-14 22:00:00;0.0;0.0;0.0;7.96;95.8;0.83;
2022-03-14 23:00:00;0.0;0.0;0.0;7.5;95.8;0.69;
2022-03-15 00:00:00;0.0;0.0;0.0;5.71;99.4;0.9;
2022-03-15 01:00:00;0.0;0.0;0.0;5.08;99.4;0.97;
2022-03-15 02:00:00;0.0;0.0;0.0;5.01;99.4;1.1;
2022-03-15 03:00:00;0.0;0.0;0.0;4.84;100.0;1.17;
2022-03-15 04:00:00;0.0;0.0;0.0;4.74;99.4;1.17;
2022-03-15 05:00:00;0.0;0.0;0.0;4.66;99.4;1.03;
2022-03-15 06:00:00;67.0;200.8;43.0;4.64;99.4;0.97;
2022-03-15 07:00:00;227.0;403.19;109.0;5.42;95.75;0.55;
2022-03-15 08:00:00;393.0;551.72;148.0;6.7;95.8;0.28;
2022-03-15 09:00:00;518.0;589.28;186.0;8.86;92.4;0.48;
2022-03-15 10:00:00;623.0;683.22;184.0;11.1;77.2;0.28;
2022-03-15 11:00:00;424.0;124.24;340.0;13.04;67.05;0.21;
2022-03-15 12:00:00;520.0;317.33;310.0;14.17;62.55;0.55;
2022-03-15 13:00:00;428.0;224.79;293.0;14.86;60.4;0.62;
2022-03-15 14:00:00;365.0;273.86;229.0;15.17;58.35;0.21;
2022-03-15 15:00:00;286.0;420.15;136.0;14.87;60.4;1.79;
2022-03-15 16:00:00;64.0;0.0;64.0;13.97;64.75;2.69;
2022-03-15 17:00:00;0.0;0.0;0.0;12.46;69.45;2.48;
2022-03-15 18:00:00;0.0;0.0;0.0;10.57;80.05;2.34;
2022-03-15 19:00:00;0.0;0.0;0.0;10.03;82.95;2.14;
2022-03-15 20:00:00;0.0;0.0;0.0;9.28;89.1;2.07;
2022-03-15 21:00:00;0.0;0.0;0.0;8.85;89.1;2.0;
2022-03-15 22:00:00;0.0;0.0;0.0;8.42;92.4;1.72;
2022-03-15 23:00:00;0.0;0.0;0.0;7.73;92.4;1.72;
2022-03-16 00:00:00;0.0;0.0;0.0;6.93;92.35;1.79;
2022-03-16 01:00:00;0.0;0.0;0.0;5.82;95.75;1.59;
2022-03-16 02:00:00;0.0;0.0;0.0;5.48;92.3;1.45;
2022-03-16 03:00:00;0.0;0.0;0.0;4.9;92.25;1.52;
2022-03-16 04:00:00;0.0;0.0;0.0;4.24;95.75;1.59;
2022-03-16 05:00:00;0.0;0.0;0.0;3.7;95.7;1.59;
2022-03-16 06:00:00;84.0;343.13;41.0;3.76;99.4;1.24;
2022-03-16 07:00:00;254.0;539.5;93.0;6.81;92.35;1.31;
2022-03-16 08:00:00;424.0;671.52;122.0;11.33;77.2;1.52;
2022-03-16 09:00:00;563.0;743.52;140.0;13.52;62.45;1.66;
2022-03-16 10:00:00;654.0;767.13;157.0;14.81;50.25;2.28;
2022-03-16 11:00:00;690.0;766.29;168.0;15.52;43.5;2.48;
2022-03-16 12:00:00;665.0;732.02;177.0;15.89;43.5;2.14;
2022-03-16 13:00:00;593.0;703.9;167.0;15.81;41.9;1.72;
2022-03-16 14:00:00;480.0;690.57;134.0;15.81;41.9;1.38;
2022-03-16 15:00:00;321.0;592.37;107.0;15.67;41.9;1.45;
2022-03-16 16:00:00;68.0;0.0;68.0;15.11;45.05;1.72;
2022-03-16 17:00:00;0.0;0.0;0.0;13.69;51.9;1.66;
2022-03-16 18:00:00;0.0;0.0;0.0;11.28;69.15;1.31;
2022-03-16 19:00:00;0.0;0.0;0.0;9.03;76.95;1.66;
2022-03-16 20:00:00;0.0;0.0;0.0;8.67;74.05;1.45;
2022-03-16 21:00:00;0.0;0.0;0.0;8.59;74.05;1.31;
2022-03-16 22:00:00;0.0;0.0;0.0;7.62;76.8;1.31;
2022-03-16 23:00:00;0.0;0.0;0.0;6.37;82.55;1.52;
2022-03-17 00:00:00;0.0;0.0;0.0;5.7;82.5;1.52;
2022-03-17 01:00:00;0.0;0.0;0.0;5.98;79.5;1.31;
2022-03-17 02:00:00;0.0;0.0;0.0;6.29;82.55;1.1;
2022-03-17 03:00:00;0.0;0.0;0.0;6.42;79.55;0.9;
2022-03-17 04:00:00;0.0;0.0;0.0;6.14;82.55;0.69;
2022-03-17 05:00:00;0.0;0.0;0.0;5.6;85.65;0.69;
2022-03-17 06:00:00;76.0;205.91;49.0;5.4;85.65;0.55;
2022-03-17 07:00:00;237.0;404.36;114.0;7.61;85.85;0.34;
2022-03-17 08:00:00;418.0;625.84;133.0;10.29;77.1;0.41;
2022-03-17 09:00:00;557.0;705.06;152.0;12.49;64.55;0.48;
2022-03-17 10:00:00;650.0;742.53;165.0;13.85;60.2;0.62;
2022-03-17 11:00:00;689.0;757.71;169.0;14.85;58.25;0.34;
2022-03-17 12:00:00;671.0;750.57;167.0;15.47;54.25;0.34;
2022-03-17 13:00:00;533.0;483.76;238.0;16.1;48.8;0.62;
2022-03-17 14:00:00;474.0;654.88;143.0;16.21;48.8;0.28;
2022-03-17 15:00:00;257.0;262.67;161.0;15.85;50.5;0.62;
2022-03-17 16:00:00;54.0;0.0;54.0;15.18;54.25;1.45;
2022-03-17 17:00:00;0.0;0.0;0.0;13.82;62.45;1.86;
2022-03-17 18:00:00;0.0;0.0;0.0;12.24;71.95;1.86;
2022-03-17 19:00:00;0.0;0.0;0.0;11.37;77.2;1.31;
2022-03-17 20:00:00;0.0;0.0;0.0;10.34;82.95;1.1;
2022-03-17 21:00:00;0.0;0.0;0.0;9.35;85.95;1.38;
2022-03-17 22:00:00;0.0;0.0;0.0;8.04;89.05;1.79;
2022-03-17 23:00:00;0.0;0.0;0.0;6.92;85.8;1.86;
2022-03-18 00:00:00;0.0;0.0;0.0;5.99;88.95;2.14;
2022-03-18 01:00:00;0.0;0.0;0.0;5.44;88.9;2.0;
2022-03-18 02:00:00;0.0;0.0;0.0;5.21;92.25;1.72;
2022-03-18 03:00:00;0.0;0.0;0.0;4.77;92.25;1.66;
2022-03-18 04:00:00;0.0;0.0;0.0;5.03;88.85;1.38;
2022-03-18 05:00:00;0.0;0.0;0.0;5.76;88.9;0.69;
2022-03-18 06:00:00;50.0;29.21;46.0;5.62;88.9;0.76;
2022-03-18 07:00:00;185.0;141.96;141.0;7.01;89.0;0.34;
2022-03-18 08:00:00;231.0;52.06;207.0;10.64;77.15;1.03;
2022-03-18 09:00:00;367.0;134.51;289.0;12.75;69.45;1.52;
2022-03-18 10:00:00;0.0;0.0;0.0;14.36;64.85;1.86;
2022-03-18 11:00:00;703.0;762.3;176.0;15.57;58.45;2.28;
2022-03-18 12:00:00;688.0;771.85;166.0;16.33;54.45;2.9;
2022-03-18 13:00:00;614.0;743.83;157.0;16.63;50.75;3.45;
2022-03-18 14:00:00;496.0;715.97;131.0;16.31;50.6;3.38;
2022-03-18 15:00:00;329.0;584.29;113.0;15.81;52.4;3.24;
2022-03-18 16:00:00;73.0;0.0;73.0;14.87;58.25;2.97;
2022-03-18 17:00:00;0.0;0.0;0.0;12.97;67.05;2.69;
2022-03-18 18:00:00;0.0;0.0;0.0;11.12;77.2;2.41;
2022-03-18 19:00:00;0.0;0.0;0.0;9.93;85.95;2.14;
2022-03-18 20:00:00;0.0;0.0;0.0;8.61;92.4;1.79;
2022-03-18 21:00:00;0.0;0.0;0.0;7.11;92.35;1.66;
2022-03-18 22:00:00;0.0;0.0;0.0;6.21;95.8;1.66;
2022-03-18 23:00:00;0.0;0.0;0.0;5.36;99.4;1.86;
2022-03-19 00:00:00;0.0;0.0;0.0;5.05;95.75;1.93;
2022-03-19 01:00:00;0.0;0.0;0.0;4.67;99.4;2.21;
2022-03-19 02:00:00;0.0;0.0;0.0;4.75;99.4;2.34;
2022-03-19 03:00:00;0.0;0.0;0.0;4.8;99.4;2.48;
2022-03-19 04:00:00;0.0;0.0;0.0;5.17;95.75;2.48;
2022-03-19 05:00:00;0.0;0.0;0.0;5.48;95.75;2.55;
2022-03-19 06:00:00;11.0;0.0;11.0;5.98;92.3;2.62;
2022-03-19 07:00:00;113.0;9.5;110.0;7.18;95.8;1.24;
2022-03-19 08:00:00;344.0;272.15;217.0;8.89;92.4;1.17;
2022-03-19 09:00:00;581.0;739.72;148.0;10.92;80.05;1.17;
2022-03-19 10:00:00;679.0;792.53;153.0;12.59;69.45;1.45;
2022-03-19 11:00:00;718.0;807.07;156.0;13.95;62.45;1.86;
2022-03-19 12:00:00;578.0;409.65;299.0;14.69;56.15;2.28;
2022-03-19 13:00:00;628.0;783.62;143.0;14.99;52.25;2.48;
2022-03-19 14:00:00;502.0;727.44;128.0;14.84;52.15;3.03;
2022-03-19 15:00:00;318.0;500.21;131.0;13.89;58.0;3.38;
2022-03-19 16:00:00;30.0;0.0;30.0;12.6;66.95;3.24;
2022-03-19 17:00:00;0.0;0.0;0.0;11.25;77.2;3.66;
2022-03-19 18:00:00;0.0;0.0;0.0;9.22;89.1;4.21;
2022-03-19 19:00:00;0.0;0.0;0.0;8.64;89.1;4.83;
2022-03-19 20:00:00;0.0;0.0;0.0;8.1;89.05;3.72;
2022-03-19 21:00:00;0.0;0.0;0.0;7.74;89.05;3.52;
2022-03-19 22:00:00;0.0;0.0;0.0;7.4;85.8;4.48;
2022-03-19 23:00:00;0.0;0.0;0.0;6.99;76.7;5.31;
2022-03-20 00:00:00;0.0;0.0;0.0;6.46;68.4;5.17;
2022-03-20 01:00:00;0.0;0.0;0.0;6.14;63.25;4.9;
2022-03-20 02:00:00;0.0;0.0;0.0;5.68;60.75;4.48;
2022-03-20 03:00:00;0.0;0.0;0.0;5.19;60.65;4.07;
2022-03-20 04:00:00;0.0;0.0;0.0;4.65;62.95;3.72;
2022-03-20 05:00:00;0.0;0.0;0.0;4.1;62.8;3.38;
2022-03-20 06:00:00;89.0;208.63;58.0;4.02;65.3;3.17;
2022-03-20 07:00:00;292.0;625.29;91.0;5.57;60.75;3.86;
2022-03-20 08:00:00;477.0;783.44;107.0;6.98;48.4;5.45;
2022-03-20 09:00:00;624.0;856.48;118.0;7.89;43.1;6.21;
2022-03-20 10:00:00;730.0;920.89;114.0;8.4;38.25;6.69;
2022-03-20 11:00:00;775.0;945.36;112.0;8.9;35.45;7.24;
2022-03-20 12:00:00;755.0;937.58;112.0;9.32;32.85;7.1;
2022-03-20 13:00:00;668.0;885.43;116.0;9.86;29.2;6.97;
2022-03-20 14:00:00;528.0;790.84;118.0;9.91;28.05;6.76;
2022-03-20 15:00:00;354.0;664.06;103.0;9.77;28.05;6.41;
2022-03-20 16:00:00;68.0;0.0;68.0;9.37;29.05;5.45;
2022-03-20 17:00:00;6.0;0.0;6.0;8.43;30.15;4.14;
2022-03-20 18:00:00;0.0;0.0;0.0;7.2;32.4;3.45;
2022-03-20 19:00:00;0.0;0.0;0.0;6.7;33.6;4.69;
2022-03-20 20:00:00;0.0;0.0;0.0;6.32;33.5;4.9;
2022-03-20 21:00:00;0.0;0.0;0.0;5.92;32.15;4.83;
2022-03-20 22:00:00;0.0;0.0;0.0;5.39;34.75;4.41;
2022-03-20 23:00:00;0.0;0.0;0.0;4.85;39.0;3.86;
2022-03-21 00:00:00;0.0;0.0;0.0;4.21;40.45;3.52;
2022-03-21 01:00:00;0.0;0.0;0.0;3.51;42.0;3.17;
2022-03-21 02:00:00;0.0;0.0;0.0;2.8;45.3;2.9;
2022-03-21 03:00:00;0.0;0.0;0.0;2.06;49.0;2.69;
2022-03-21 04:00:00;0.0;0.0;0.0;1.21;55.05;2.41;
2022-03-21 05:00:00;0.0;0.0;0.0;0.28;64.45;2.14;
2022-03-21 06:00:00;120.0;466.29;48.0;-0.1;72.65;1.86;
2022-03-21 07:00:00;299.0;620.44;96.0;4.17;58.05;2.14;
2022-03-21 08:00:00;476.0;742.87;121.0;6.92;39.7;3.03;
2022-03-21 09:00:00;627.0;831.94;131.0;8.19;32.55;4.62;
2022-03-21 10:00:00;713.0;832.22;152.0;8.92;29.05;5.31;
2022-03-21 11:00:00;736.0;782.99;183.0;9.5;30.4;5.45;
2022-03-21 12:00:00;733.0;838.52;154.0;9.94;30.55;5.52;
2022-03-21 13:00:00;659.0;823.39;142.0;10.06;30.55;5.59;
2022-03-21 14:00:00;532.0;778.65;125.0;10.33;29.35;5.24;
2022-03-21 15:00:00;360.0;664.77;106.0;10.67;26.1;4.48;
2022-03-21 16:00:00;71.0;0.0;71.0;10.41;29.35;3.03;
2022-03-21 17:00:00;8.0;0.0;8.0;9.28;35.6;1.79;
2022-03-21 18:00:00;0.0;0.0;0.0;7.11;44.75;1.79;
2022-03-21 19:00:00;0.0;0.0;0.0;5.47;51.95;1.79;
2022-03-21 20:00:00;0.0;0.0;0.0;4.31;58.05;1.72;
2022-03-21 21:00:00;0.0;0.0;0.0;3.74;60.3;1.66;
2022-03-21 22:00:00;0.0;0.0;0.0;3.1;62.6;1.66;
2022-03-21 23:00:00;0.0;0.0;0.0;3.19;60.15;1.52;
2022-03-22 00:00:00;0.0;0.0;0.0;4.15;55.85;1.24;
2022-03-22 01:00:00;0.0;0.0;0.0;4.16;55.85;1.1;
2022-03-22 02:00:00;0.0;0.0;0.0;3.53;57.95;1.17;
2022-03-22 03:00:00;0.0;0.0;0.0;2.6;62.5;1.24;
2022-03-22 04:00:00;0.0;0.0;0.0;1.86;67.5;1.17;
2022-03-22 05:00:00;0.0;0.0;0.0;0.81;75.7;1.24;
2022-03-22 06:00:00;120.0;424.39;52.0;0.1;78.65;1.17;
2022-03-22 07:00:00;296.0;576.72;104.0;2.93;82.2;0.55;
2022-03-22 08:00:00;474.0;719.82;126.0;7.04;56.55;0.83;
2022-03-22 09:00:00;615.0;784.6;143.0;8.76;48.65;1.59;
2022-03-22 10:00:00;706.0;805.3;159.0;9.99;42.0;2.48;
2022-03-22 11:00:00;746.0;818.37;164.0;11.04;40.65;2.97;
2022-03-22 12:00:00;730.0;827.14;155.0;11.94;39.25;3.17;
2022-03-22 13:00:00;652.0;798.64;147.0;12.63;38.0;3.38;
2022-03-22 14:00:00;528.0;757.22;129.0;13.07;36.7;3.59;
2022-03-22 15:00:00;356.0;626.68;114.0;13.16;38.15;3.72;
2022-03-22 16:00:00;82.0;0.0;82.0;12.73;39.5;3.45;
2022-03-22 17:00:00;7.0;0.0;7.0;11.21;45.7;2.9;
2022-03-22 18:00:00;0.0;0.0;0.0;9.19;52.7;2.83;
2022-03-22 19:00:00;0.0;0.0;0.0;8.08;54.55;2.48;
2022-03-22 20:00:00;0.0;0.0;0.0;6.7;61.0;2.21;
2022-03-22 21:00:00;0.0;0.0;0.0;5.14;70.8;1.86;
2022-03-22 22:00:00;0.0;0.0;0.0;4.9;68.1;1.45;
2022-03-22 23:00:00;0.0;0.0;0.0;5.34;68.1;0.97;
2022-03-23 00:00:00;0.0;0.0;0.0;5.26;68.1;0.62;
2022-03-23 01:00:00;0.0;0.0;0.0;4.63;70.7;0.41;
2022-03-23 02:00:00;0.0;0.0;0.0;4.0;73.4;0.76;
2022-03-23 03:00:00;0.0;0.0;0.0;2.06;82.05;1.24;
2022-03-23 04:00:00;0.0;0.0;0.0;1.38;85.25;1.24;
2022-03-23 05:00:00;0.0;0.0;0.0;1.36;85.25;1.1;
2022-03-23 06:00:00;88.0;126.47;67.0;2.3;88.65;0.62;
2022-03-23 07:00:00;156.0;41.34;142.0;4.22;92.2;0.21;
2022-03-23 08:00:00;275.0;87.93;232.0;8.17;71.25;0.48;
2022-03-23 09:00:00;409.0;173.0;304.0;10.78;59.5;0.9;
2022-03-23 10:00:00;555.0;344.85;319.0;12.5;53.6;1.1;
2022-03-23 11:00:00;638.0;480.42;294.0;13.86;50.0;1.17;
2022-03-23 12:00:00;640.0;531.6;268.0;15.02;45.05;1.66;
2022-03-23 13:00:00;627.0;708.33;176.0;15.85;41.9;2.28;
2022-03-23 14:00:00;500.0;636.39;162.0;16.36;39.0;2.55;
2022-03-23 15:00:00;306.0;371.6;161.0;16.41;39.0;2.69;
2022-03-23 16:00:00;91.0;0.0;91.0;15.88;43.5;2.28;
2022-03-23 17:00:00;9.0;0.0;9.0;14.27;50.1;1.79;
2022-03-23 18:00:00;0.0;0.0;0.0;12.08;57.65;1.93;
2022-03-23 19:00:00;0.0;0.0;0.0;9.13;68.8;2.14;
2022-03-23 20:00:00;0.0;0.0;0.0;7.65;76.8;1.72;
2022-03-23 21:00:00;0.0;0.0;0.0;7.19;73.9;1.86;
2022-03-23 22:00:00;0.0;0.0;0.0;6.31;73.7;2.41;
2022-03-23 23:00:00;0.0;0.0;0.0;5.68;73.65;2.62;
2022-03-24 00:00:00;0.0;0.0;0.0;5.31;76.4;2.69;
2022-03-24 01:00:00;0.0;0.0;0.0;5.05;76.4;2.62;
2022-03-24 02:00:00;0.0;0.0;0.0;5.13;79.35;2.9;
2022-03-24 03:00:00;0.0;0.0;0.0;5.47;76.5;3.24;
2022-03-24 04:00:00;0.0;0.0;0.0;6.22;76.55;3.79;
2022-03-24 05:00:00;0.0;0.0;0.0;6.51;76.65;4.14;
2022-03-24 06:00:00;112.0;267.68;66.0;7.15;76.7;4.21;
2022-03-24 07:00:00;259.0;333.99;144.0;8.67;79.75;2.34;
2022-03-24 08:00:00;448.0;570.24;166.0;10.84;71.7;1.59;
2022-03-24 09:00:00;305.0;40.83;280.0;11.59;66.75;2.97;
2022-03-24 10:00:00;438.0;127.64;350.0;10.9;69.1;4.41;
2022-03-24 11:00:00;76.0;0.0;76.0;10.79;69.1;4.21;
2022-03-24 12:00:00;204.0;0.0;204.0;10.81;66.55;2.97;
2022-03-24 13:00:00;349.0;63.96;308.0;10.69;61.75;2.97;
2022-03-24 14:00:00;405.0;289.57;250.0;10.57;59.5;3.86;
2022-03-24 15:00:00;238.0;134.44;185.0;10.33;59.35;3.66;
2022-03-24 16:00:00;76.0;0.0;76.0;10.01;55.05;2.76;
2022-03-24 17:00:00;10.0;0.0;10.0;9.14;59.15;1.72;
2022-03-24 18:00:00;0.0;0.0;0.0;7.71;68.6;1.24;
2022-03-24 19:00:00;0.0;0.0;0.0;5.95;82.55;1.72;
2022-03-24 20:00:00;0.0;0.0;0.0;4.74;85.55;1.72;
2022-03-24 21:00:00;0.0;0.0;0.0;3.7;88.75;2.14;
2022-03-24 22:00:00;0.0;0.0;0.0;3.34;92.15;2.34;
2022-03-24 23:00:00;0.0;0.0;0.0;3.32;92.15;2.41;
2022-03-25 00:00:00;0.0;0.0;0.0;3.25;92.15;2.41;
2022-03-25 01:00:00;0.0;0.0;0.0;3.06;88.7;2.83;
2022-03-25 02:00:00;0.0;0.0;0.0;3.24;88.7;3.24;
2022-03-25 03:00:00;0.0;0.0;0.0;3.04;82.2;3.31;
2022-03-25 04:00:00;0.0;0.0;0.0;2.61;76.0;3.17;
2022-03-25 05:00:00;0.0;0.0;0.0;2.22;73.0;3.03;
2022-03-25 06:00:00;119.0;287.09;68.0;2.39;70.3;2.62;
2022-03-25 07:00:00;308.0;565.73;110.0;5.23;68.1;2.14;
2022-03-25 08:00:00;476.0;663.96;144.0;8.12;61.2;1.59;
2022-03-25 09:00:00;532.0;438.85;261.0;9.99;55.05;1.03;
2022-03-25 10:00:00;709.0;768.92;175.0;11.25;53.25;1.66;
2022-03-25 11:00:00;746.0;781.38;179.0;12.29;51.5;2.34;
2022-03-25 12:00:00;742.0;833.7;151.0;12.92;47.85;2.34;
2022-03-25 13:00:00;368.0;79.02;317.0;13.1;42.8;2.34;
2022-03-25 14:00:00;210.0;9.27;205.0;13.07;41.2;1.86;
2022-03-25 15:00:00;180.0;32.65;167.0;12.6;42.7;1.52;
2022-03-25 16:00:00;77.0;0.0;77.0;11.86;47.6;2.28;
2022-03-25 17:00:00;3.0;0.0;3.0;10.51;57.3;2.69;
2022-03-25 18:00:00;0.0;0.0;0.0;8.81;68.7;2.62;
2022-03-25 19:00:00;0.0;0.0;0.0;7.93;71.25;2.14;
2022-03-25 20:00:00;0.0;0.0;0.0;7.09;76.7;0.83;
2022-03-25 21:00:00;0.0;0.0;0.0;5.17;88.85;1.79;
2022-03-25 22:00:00;0.0;0.0;0.0;4.5;88.85;2.34;
2022-03-25 23:00:00;0.0;0.0;0.0;4.35;95.75;2.48;
2022-03-26 00:00:00;0.0;0.0;0.0;4.23;95.75;2.28;
2022-03-26 01:00:00;0.0;0.0;0.0;3.82;95.7;1.93;
2022-03-26 02:00:00;0.0;0.0;0.0;3.16;95.7;1.86;
2022-03-26 03:00:00;0.0;0.0;0.0;2.36;95.7;1.59;
2022-03-26 04:00:00;0.0;0.0;0.0;2.01;95.65;1.31;
2022-03-26 05:00:00;0.0;0.0;0.0;1.9;95.65;1.1;
2022-03-26 06:00:00;136.0;408.89;61.0;2.84;95.7;0.76;
2022-03-26 07:00:00;315.0;584.86;107.0;5.34;92.25;0.69;
2022-03-26 08:00:00;490.0;712.17;130.0;7.98;79.7;0.48;
2022-03-26 09:00:00;626.0;759.51;153.0;10.0;69.0;0.69;
2022-03-26 10:00:00;718.0;793.46;163.0;11.63;62.0;0.48;
2022-03-26 11:00:00;755.0;806.43;166.0;13.12;55.75;0.55;
2022-03-26 12:00:00;739.0;814.44;158.0;14.33;48.25;1.1;
2022-03-26 13:00:00;665.0;800.45;145.0;15.05;40.2;1.66;
2022-03-26 14:00:00;540.0;756.23;129.0;15.33;37.25;2.21;
2022-03-26 15:00:00;370.0;641.52;112.0;15.4;34.5;3.03;
2022-03-26 16:00:00;77.0;0.0;77.0;14.91;35.75;3.1;
2022-03-26 17:00:00;15.0;0.0;15.0;13.46;41.2;2.69;
2022-03-26 18:00:00;0.0;0.0;0.0;11.27;45.7;2.76;
2022-03-26 19:00:00;0.0;0.0;0.0;10.27;45.4;3.03;
2022-03-26 20:00:00;0.0;0.0;0.0;9.23;48.8;3.1;
2022-03-26 21:00:00;0.0;0.0;0.0;8.47;50.6;2.97;
2022-03-26 22:00:00;0.0;0.0;0.0;7.57;52.45;2.41;
2022-03-26 23:00:00;0.0;0.0;0.0;6.61;58.65;1.66;
2022-03-27 00:00:00;0.0;0.0;0.0;6.57;61.0;1.03;
2022-03-27 01:00:00;0.0;0.0;0.0;6.25;65.75;1.03;
2022-03-27 02:00:00;0.0;0.0;0.0;4.75;79.3;1.52;
2022-03-27 03:00:00;0.0;0.0;0.0;3.63;85.45;1.93;
2022-03-27 04:00:00;0.0;0.0;0.0;3.2;88.7;2.07;
2022-03-27 05:00:00;0.0;0.0;0.0;2.94;92.15;2.21;
2022-03-27 06:00:00;89.0;74.0;75.0;3.98;92.2;2.07;
2022-03-27 07:00:00;296.0;459.49;130.0;7.7;89.05;2.62;
2022-03-27 08:00:00;479.0;655.67;144.0;9.9;79.9;2.48;
2022-03-27 09:00:00;614.0;715.0;165.0;11.37;69.15;1.52;
2022-03-27 10:00:00;374.0;55.36;335.0;12.86;62.2;0.55;
2022-03-27 11:00:00;228.0;0.0;228.0;14.04;56.0;0.14;
2022-03-27 12:00:00;222.0;0.0;222.0;14.95;54.1;1.1;
2022-03-27 13:00:00;206.0;0.0;206.0;15.49;50.5;1.52;
2022-03-27 14:00:00;415.0;299.53;251.0;15.17;52.25;0.62;
2022-03-27 15:00:00;304.0;320.12;174.0;14.27;58.1;2.28;
2022-03-27 16:00:00;101.0;0.0;101.0;12.97;62.3;3.66;
2022-03-27 17:00:00;12.0;0.0;12.0;11.84;69.25;3.45;
2022-03-27 18:00:00;0.0;0.0;0.0;11.16;71.75;2.69;
2022-03-27 19:00:00;0.0;0.0;0.0;11.85;74.55;1.1;
2022-03-27 20:00:00;0.0;0.0;0.0;11.41;74.45;0.76;
2022-03-27 21:00:00;0.0;0.0;0.0;10.24;79.95;0.83;
2022-03-27 22:00:00;0.0;0.0;0.0;9.19;82.85;1.03;
2022-03-27 23:00:00;0.0;0.0;0.0;8.52;85.9;1.1;
2022-03-28 00:00:00;0.0;0.0;0.0;8.11;89.05;1.1;
2022-03-28 01:00:00;0.0;0.0;0.0;7.65;85.85;1.03;
2022-03-28 02:00:00;0.0;0.0;0.0;7.42;85.85;0.97;
2022-03-28 03:00:00;0.0;0.0;0.0;7.03;89.0;1.03;
2022-03-28 04:00:00;0.0;0.0;0.0;5.58;92.3;1.38;
2022-03-28 05:00:00;0.0;0.0;0.0;5.14;95.75;1.45;
2022-03-28 06:00:00;58.0;5.13;57.0;6.42;92.35;1.17;
2022-03-28 07:00:00;283.0;381.61;143.0;9.6;85.95;1.52;
2022-03-28 08:00:00;457.0;553.91;171.0;11.23;77.2;1.72;
2022-03-28 09:00:00;442.0;210.06;309.0;13.17;67.05;1.72;
2022-03-28 10:00:00;365.0;49.34;330.0;14.38;62.55;2.0;
2022-03-28 11:00:00;456.0;116.26;370.0;15.7;56.35;2.48;
2022-03-28 12:00:00;358.0;38.77;330.0;16.31;52.5;2.83;
2022-03-28 13:00:00;279.0;16.72;268.0;16.26;52.5;2.48;
2022-03-28 14:00:00;209.0;9.07;204.0;15.38;58.35;2.34;
2022-03-28 15:00:00;73.0;0.0;73.0;14.43;64.85;2.83;
2022-03-28 16:00:00;99.0;0.0;99.0;13.44;72.1;3.03;
2022-03-28 17:00:00;8.0;0.0;8.0;12.27;80.2;2.76;
2022-03-28 18:00:00;0.0;0.0;0.0;11.4;86.1;2.55;
2022-03-28 19:00:00;0.0;0.0;0.0;10.88;92.5;3.03;
2022-03-28 20:00:00;0.0;0.0;0.0;10.75;92.5;2.9;
2022-03-28 21:00:00;0.0;0.0;0.0;10.68;92.5;2.97;
2022-03-28 22:00:00;0.0;0.0;0.0;10.56;92.5;2.76;
2022-03-28 23:00:00;0.0;0.0;0.0;10.45;92.5;2.41;
2022-03-29 00:00:00;0.0;0.0;0.0;10.4;95.9;2.21;
2022-03-29 01:00:00;0.0;0.0;0.0;10.3;95.9;2.21;
2022-03-29 02:00:00;0.0;0.0;0.0;10.1;95.9;2.34;
2022-03-29 03:00:00;0.0;0.0;0.0;9.97;95.9;2.83;
2022-03-29 04:00:00;0.0;0.0;0.0;9.95;95.9;3.24;
2022-03-29 05:00:00;0.0;0.0;0.0;9.96;92.5;3.17;
2022-03-29 06:00:00;65.0;9.97;63.0;10.16;95.9;3.03;
2022-03-29 07:00:00;43.0;0.0;43.0;10.32;95.9;4.07;
2022-03-29 08:00:00;59.0;0.0;59.0;10.58;92.5;3.38;
2022-03-29 09:00:00;77.0;0.0;77.0;10.92;95.9;3.24;
2022-03-29 10:00:00;119.0;0.0;119.0;11.38;95.9;3.86;
2022-03-29 11:00:00;67.0;0.0;67.0;12.02;95.95;3.17;
2022-03-29 12:00:00;65.0;0.0;65.0;12.08;95.95;3.1;
2022-03-29 13:00:00;80.0;0.0;80.0;12.04;95.95;2.97;
2022-03-29 14:00:00;86.0;0.0;86.0;11.96;95.95;2.9;
2022-03-29 15:00:00;187.0;38.66;171.0;11.79;95.9;3.1;
2022-03-29 16:00:00;97.0;0.0;97.0;11.71;95.9;3.38;
2022-03-29 17:00:00;19.0;0.0;19.0;11.48;92.55;3.52;
2022-03-29 18:00:00;0.0;0.0;0.0;11.2;95.9;3.38;
2022-03-29 19:00:00;0.0;0.0;0.0;10.74;92.5;3.93;
2022-03-29 20:00:00;0.0;0.0;0.0;10.64;92.5;2.83;
2022-03-29 21:00:00;0.0;0.0;0.0;10.53;92.5;1.66;
2022-03-29 22:00:00;0.0;0.0;0.0;10.4;95.9;1.52;
2022-03-29 23:00:00;0.0;0.0;0.0;10.31;92.5;1.45;
2022-03-30 00:00:00;0.0;0.0;0.0;10.19;92.5;1.38;
2022-03-30 01:00:00;0.0;0.0;0.0;9.96;92.5;1.45;
2022-03-30 02:00:00;0.0;0.0;0.0;9.8;92.45;1.45;
2022-03-30 03:00:00;0.0;0.0;0.0;9.75;92.45;1.52;
2022-03-30 04:00:00;0.0;0.0;0.0;9.64;92.45;1.45;
2022-03-30 05:00:00;0.0;0.0;0.0;9.52;92.45;1.52;
2022-03-30 06:00:00;14.0;0.0;14.0;9.44;92.45;1.93;
2022-03-30 07:00:00;181.0;52.91;161.0;9.78;92.45;2.55;
2022-03-30 08:00:00;181.0;3.79;179.0;9.77;89.15;2.97;
2022-03-30 09:00:00;250.0;9.33;244.0;10.54;80.05;3.24;
2022-03-30 10:00:00;608.0;426.98;301.0;11.49;74.55;3.38;
2022-03-30 11:00:00;533.0;216.33;371.0;12.24;71.95;3.38;
2022-03-30 12:00:00;187.0;0.0;187.0;13.73;67.15;3.52;
2022-03-30 13:00:00;372.0;78.05;320.0;14.26;64.85;3.66;
2022-03-30 14:00:00;418.0;293.15;254.0;14.25;64.85;3.86;
2022-03-30 15:00:00;340.0;447.7;153.0;13.79;64.75;3.79;
2022-03-30 16:00:00;79.0;0.0;79.0;13.3;67.05;3.59;
2022-03-30 17:00:00;20.0;0.0;20.0;12.33;69.35;2.83;
2022-03-30 18:00:00;0.0;0.0;0.0;10.92;74.4;2.69;
2022-03-30 19:00:00;0.0;0.0;0.0;10.72;74.4;2.83;
2022-03-30 20:00:00;0.0;0.0;0.0;10.27;74.3;2.9;
2022-03-30 21:00:00;0.0;0.0;0.0;10.36;74.3;3.1;
2022-03-30 22:00:00;0.0;0.0;0.0;10.17;74.3;3.31;
2022-03-30 23:00:00;0.0;0.0;0.0;9.94;71.6;3.52;
2022-03-31 00:00:00;0.0;0.0;0.0;10.13;71.6;3.59;
2022-03-31 01:00:00;0.0;0.0;0.0;10.18;71.6;3.52;
2022-03-31 02:00:00;0.0;0.0;0.0;10.04;71.6;3.31;
2022-03-31 03:00:00;0.0;0.0;0.0;9.96;71.6;3.38;
2022-03-31 04:00:00;0.0;0.0;0.0;9.38;76.95;3.45;
2022-03-31 05:00:00;1.0;0.0;1.0;9.24;76.95;3.59;
2022-03-31 06:00:00;102.0;80.18;85.0;9.56;74.2;3.59;
2022-03-31 07:00:00;138.0;10.43;134.0;10.85;71.7;4.34;
2022-03-31 08:00:00;218.0;15.03;210.0;11.95;66.75;5.31;
2022-03-31 09:00:00;243.0;6.17;239.0;12.37;64.45;5.24;
2022-03-31 10:00:00;146.0;0.0;146.0;12.53;64.55;5.24;
2022-03-31 11:00:00;147.0;0.0;147.0;12.61;66.95;5.17;
2022-03-31 12:00:00;180.0;0.0;180.0;12.46;69.45;4.55;
2022-03-31 13:00:00;154.0;0.0;154.0;12.57;69.45;4.9;
2022-03-31 14:00:00;53.0;0.0;53.0;11.89;80.15;3.72;
2022-03-31 15:00:00;135.0;2.37;134.0;11.29;86.1;4.0;
2022-03-31 16:00:00;69.0;0.0;69.0;10.74;85.45;5.04;
2022-03-31 17:00:00;9.0;0.0;9.0;10.49;86.09;4.8;
2022-03-31 18:00:00;0.0;0.0;0.0;10.25;86.72;4.55;
2022-03-31 19:00:00;0.0;0.0;0.0;10.01;87.36;4.31;
2022-03-31 20:00:00;0.0;0.0;0.0;9.76;88.0;4.07;
2022-03-31 21:00:00;0.0;0.0;0.0;9.52;88.64;3.83;
2022-03-31 22:00:00;0.0;0.0;0.0;9.28;89.28;3.58;
2022-03-31 23:00:00;0.0;0.0;0.0;9.03;89.92;3.34;
2022-04-01 00:00:00;0.0;0.0;0.0;8.79;90.55;3.1;
2022-04-01 01:00:00;0.0;0.0;0.0;8.55;91.19;2.86;
2022-04-01 02:00:00;0.0;0.0;0.0;8.3;91.83;2.61;
2022-04-01 03:00:00;0.0;0.0;0.0;8.06;92.47;2.37;
2022-04-01 04:00:00;0.0;0.0;0.0;7.82;93.11;2.13;
2022-04-01 05:00:00;2.0;0.0;2.0;7.57;93.75;1.88;
2022-04-01 06:00:00;103.0;64.32;89.0;7.33;94.38;1.64;
2022-04-01 07:00:00;301.0;354.82;163.0;7.08;95.02;1.4;
2022-04-01 08:00:00;449.0;420.44;223.0;10.63;86.05;2.55;
2022-04-01 09:00:00;614.0;601.52;221.0;12.99;74.75;2.76;
2022-04-01 10:00:00;772.0;864.81;142.0;15.25;62.75;3.17;
2022-04-01 11:00:00;822.0;913.15;130.0;16.84;45.45;3.52;
2022-04-01 12:00:00;790.0;880.51;139.0;17.48;39.25;3.66;
2022-04-01 13:00:00;708.0;849.74;135.0;17.77;36.55;3.86;
2022-04-01 14:00:00;563.0;751.06;137.0;17.81;35.2;4.14;
2022-04-01 15:00:00;397.0;660.78;116.0;17.36;36.4;4.21;
2022-04-01 16:00:00;80.0;0.0;80.0;16.75;39.15;3.66;
2022-04-01 17:00:00;25.0;0.0;25.0;15.32;41.75;3.38;
2022-04-01 18:00:00;0.0;0.0;0.0;13.43;44.5;3.52;
2022-04-01 19:00:00;0.0;0.0;0.0;12.75;42.7;3.93;
2022-04-01 20:00:00;0.0;0.0;0.0;11.65;47.6;3.59;
2022-04-01 21:00:00;0.0;0.0;0.0;10.6;53.1;3.03;
2022-04-01 22:00:00;0.0;0.0;0.0;9.05;61.45;2.14;
2022-04-01 23:00:00;0.0;0.0;0.0;7.99;66.15;1.52;
2022-04-02 00:00:00;0.0;0.0;0.0;6.92;71.15;1.38;
2022-04-02 01:00:00;0.0;0.0;0.0;6.6;73.8;1.17;
2022-04-02 02:00:00;0.0;0.0;0.0;6.41;73.8;1.1;
2022-04-02 03:00:00;0.0;0.0;0.0;5.47;79.4;1.17;
2022-04-02 04:00:00;0.0;0.0;0.0;4.21;85.5;1.38;
2022-04-02 05:00:00;8.0;0.0;8.0;3.45;88.75;1.59;
2022-04-02 06:00:00;171.0;429.99;75.0;4.96;88.85;1.17;
2022-04-02 07:00:00;361.0;636.49;110.0;9.48;85.95;1.03;
2022-04-02 08:00:00;530.0;727.81;135.0;12.0;77.35;1.17;
2022-04-02 09:00:00;671.0;799.05;145.0;13.68;72.2;0.9;
2022-04-02 10:00:00;755.0;810.21;161.0;15.02;62.75;0.9;
2022-04-02 11:00:00;684.0;498.55;304.0;16.05;54.45;1.1;
2022-04-02 12:00:00;709.0;624.08;245.0;16.82;48.9;1.1;
2022-04-02 13:00:00;654.0;664.91;203.0;17.35;45.55;1.1;
2022-04-02 14:00:00;535.0;632.21;174.0;17.6;42.45;1.38;
2022-04-02 15:00:00;289.0;207.46;200.0;17.54;40.9;1.38;
2022-04-02 16:00:00;111.0;0.0;111.0;17.02;43.9;1.03;
2022-04-02 17:00:00;21.0;0.0;21.0;15.71;52.4;1.79;
2022-04-02 18:00:00;0.0;0.0;0.0;13.29;62.3;2.76;
2022-04-02 19:00:00;0.0;0.0;0.0;11.46;74.55;2.76;
2022-04-02 20:00:00;0.0;0.0;0.0;10.53;77.15;2.48;
2022-04-02 21:00:00;0.0;0.0;0.0;9.79;82.9;1.93;
2022-04-02 22:00:00;0.0;0.0;0.0;9.24;89.1;1.17;
2022-04-02 23:00:00;0.0;0.0;0.0;10.03;82.95;0.48;
2022-04-03 00:00:00;0.0;0.0;0.0;9.24;85.95;0.83;
2022-04-03 01:00:00;0.0;0.0;0.0;7.77;92.4;1.24;
2022-04-03 02:00:00;0.0;0.0;0.0;7.99;89.1;0.9;
2022-04-03 03:00:00;0.0;0.0;0.0;7.92;92.4;0.69;
2022-04-03 04:00:00;0.0;0.0;0.0;7.18;95.8;0.83;
2022-04-03 05:00:00;10.0;21.35;9.0;6.78;95.8;0.83;
2022-04-03 06:00:00;95.0;39.33;86.0;7.41;95.8;0.62;
2022-04-03 07:00:00;182.0;40.03;166.0;9.93;92.45;0.28;
2022-04-03 08:00:00;368.0;193.48;262.0;11.14;89.3;0.28;
2022-04-03 09:00:00;311.0;31.67;290.0;12.32;89.35;0.21;
2022-04-03 10:00:00;408.0;70.48;356.0;13.57;83.35;0.21;
2022-04-03 11:00:00;444.0;86.1;378.0;14.27;83.4;0.0;
2022-04-03 12:00:00;307.0;12.04;298.0;14.72;80.55;0.48;
2022-04-03 13:00:00;209.0;0.0;209.0;14.97;75.0;1.1;
2022-04-03 14:00:00;425.0;278.36;265.0;15.72;65.15;1.45;
2022-04-03 15:00:00;269.0;157.15;201.0;15.87;62.85;1.45;
2022-04-03 16:00:00;114.0;0.0;114.0;15.38;62.75;1.66;
2022-04-03 17:00:00;26.0;0.0;26.0;14.17;67.25;2.28;
2022-04-03 18:00:00;0.0;0.0;0.0;12.3;74.6;2.76;
2022-04-03 19:00:00;0.0;0.0;0.0;11.46;83.05;2.21;
2022-04-03 20:00:00;0.0;0.0;0.0;10.74;80.05;1.93;
2022-04-03 21:00:00;0.0;0.0;0.0;10.29;82.95;1.72;
2022-04-03 22:00:00;0.0;0.0;0.0;10.04;82.95;1.86;
2022-04-03 23:00:00;0.0;0.0;0.0;9.76;85.95;2.0;
2022-04-04 00:00:00;0.0;0.0;0.0;9.53;85.95;2.21;
2022-04-04 01:00:00;0.0;0.0;0.0;9.31;92.45;2.41;
2022-04-04 02:00:00;0.0;0.0;0.0;9.21;92.45;2.21;
2022-04-04 03:00:00;0.0;0.0;0.0;9.24;92.45;2.14;
2022-04-04 04:00:00;0.0;0.0;0.0;9.34;95.85;2.07;
2022-04-04 05:00:00;3.0;0.0;3.0;9.45;92.45;2.0;
2022-04-04 06:00:00;43.0;0.0;43.0;9.84;95.85;1.86;
2022-04-04 07:00:00;145.0;7.41;142.0;10.64;95.9;2.07;
2022-04-04 08:00:00;207.0;7.23;203.0;11.01;89.3;1.79;
2022-04-04 09:00:00;260.0;8.98;254.0;11.83;86.15;2.14;
2022-04-04 10:00:00;189.0;0.0;189.0;12.41;80.2;2.41;
2022-04-04 11:00:00;211.0;0.0;211.0;13.39;72.1;2.07;
2022-04-04 12:00:00;180.0;0.0;180.0;14.35;69.75;1.59;
2022-04-04 13:00:00;121.0;0.0;121.0;14.91;67.35;1.52;
2022-04-04 14:00:00;158.0;0.0;158.0;15.03;67.45;2.0;
2022-04-04 15:00:00;144.0;4.58;142.0;14.73;69.85;2.55;
2022-04-04 16:00:00;42.0;0.0;42.0;14.0;72.3;3.17;
2022-04-04 17:00:00;4.0;0.0;4.0;12.51;83.25;3.38;
2022-04-04 18:00:00;0.0;0.0;0.0;11.35;89.3;3.72;
2022-04-04 19:00:00;0.0;0.0;0.0;11.17;92.55;3.1;
2022-04-04 20:00:00;0.0;0.0;0.0;11.05;92.55;3.17;
2022-04-04 21:00:00;0.0;0.0;0.0;11.03;95.9;2.83;
2022-04-04 22:00:00;0.0;0.0;0.0;10.95;99.4;2.76;
2022-04-04 23:00:00;0.0;0.0;0.0;10.69;99.4;2.69;
2022-04-05 00:00:00;0.0;0.0;0.0;10.56;95.9;2.41;
2022-04-05 01:00:00;0.0;0.0;0.0;10.08;99.4;2.0;
2022-04-05 02:00:00;0.0;0.0;0.0;9.83;99.4;1.79;
2022-04-05 03:00:00;0.0;0.0;0.0;9.49;99.4;1.86;
2022-04-05 04:00:00;0.0;0.0;0.0;9.26;99.4;2.0;
2022-04-05 05:00:00;20.0;51.59;17.0;9.39;100.0;1.93;
2022-04-05 06:00:00;103.0;41.69;93.0;10.3;99.4;1.66;
2022-04-05 07:00:00;193.0;43.86;175.0;11.62;92.55;1.03;
2022-04-05 08:00:00;339.0;123.65;270.0;13.0;83.25;1.03;
2022-04-05 09:00:00;485.0;233.36;328.0;14.57;75.0;1.45;
2022-04-05 10:00:00;476.0;133.9;376.0;15.68;70.0;1.59;
2022-04-05 11:00:00;451.0;87.73;383.0;16.72;65.35;2.0;
2022-04-05 12:00:00;381.0;42.35;349.0;17.37;60.95;2.62;
2022-04-05 13:00:00;599.0;469.64;275.0;17.71;58.9;2.83;
2022-04-05 14:00:00;545.0;644.07;170.0;17.73;56.85;2.9;
2022-04-05 15:00:00;383.0;547.7;142.0;17.6;54.85;2.62;
2022-04-05 16:00:00;98.0;0.0;98.0;17.41;54.7;1.86;
2022-04-05 17:00:00;30.0;0.0;30.0;16.42;60.75;0.41;
2022-04-05 18:00:00;0.0;0.0;0.0;14.55;72.4;0.83;
2022-04-05 19:00:00;0.0;0.0;0.0;13.06;80.35;1.1;
2022-04-05 20:00:00;0.0;0.0;0.0;13.16;80.35;0.83;
2022-04-05 21:00:00;0.0;0.0;0.0;12.38;83.15;0.34;
2022-04-05 22:00:00;0.0;0.0;0.0;10.99;89.3;0.83;
2022-04-05 23:00:00;0.0;0.0;0.0;8.08;95.85;1.93;
2022-04-06 00:00:00;0.0;0.0;0.0;7.87;99.4;2.28;
2022-04-06 01:00:00;0.0;0.0;0.0;7.88;99.4;2.21;
2022-04-06 02:00:00;0.0;0.0;0.0;7.6;95.8;2.14;
2022-04-06 03:00:00;0.0;0.0;0.0;7.36;99.4;2.0;
2022-04-06 04:00:00;0.0;0.0;0.0;7.01;95.8;1.93;
2022-04-06 05:00:00;8.0;0.0;8.0;6.78;99.4;1.79;
2022-04-06 06:00:00;105.0;40.76;95.0;8.7;99.4;1.17;
2022-04-06 07:00:00;243.0;120.31;193.0;12.76;89.4;1.59;
2022-04-06 08:00:00;450.0;369.45;242.0;14.51;80.55;1.52;
2022-04-06 09:00:00;664.0;717.36;178.0;15.81;75.15;1.66;
2022-04-06 10:00:00;780.0;838.6;150.0;17.08;65.45;1.79;
2022-04-06 11:00:00;767.0;703.22;219.0;17.79;61.05;1.79;
2022-04-06 12:00:00;694.0;546.32;279.0;18.32;59.05;1.86;
2022-04-06 13:00:00;604.0;472.85;276.0;18.31;56.95;2.14;
2022-04-06 14:00:00;523.0;544.47;204.0;18.44;56.95;2.28;
2022-04-06 15:00:00;364.0;441.81;168.0;18.28;56.95;2.48;
2022-04-06 16:00:00;119.0;0.0;119.0;17.45;63.2;2.62;
2022-04-06 17:00:00;28.0;0.0;28.0;16.19;67.65;2.41;
2022-04-06 18:00:00;0.0;0.0;0.0;14.27;74.95;2.21;
2022-04-06 19:00:00;0.0;0.0;0.0;13.26;86.3;1.93;
2022-04-06 20:00:00;0.0;0.0;0.0;11.82;92.55;1.38;
2022-04-06 21:00:00;0.0;0.0;0.0;11.43;92.55;0.97;
2022-04-06 22:00:00;0.0;0.0;0.0;10.29;95.9;1.24;
2022-04-06 23:00:00;0.0;0.0;0.0;8.75;99.4;1.66;
2022-04-07 00:00:00;0.0;0.0;0.0;8.19;95.85;1.72;
2022-04-07 01:00:00;0.0;0.0;0.0;8.05;95.85;1.59;
2022-04-07 02:00:00;0.0;0.0;0.0;8.18;95.85;1.38;
2022-04-07 03:00:00;0.0;0.0;0.0;7.51;95.8;1.52;
2022-04-07 04:00:00;0.0;0.0;0.0;6.95;95.8;1.86;
2022-04-07 05:00:00;25.0;57.69;21.0;7.0;95.8;2.14;
2022-04-07 06:00:00;186.0;378.91;91.0;8.78;99.4;1.93;
2022-04-07 07:00:00;378.0;606.02;123.0;12.62;83.25;2.28;
2022-04-07 08:00:00;548.0;709.59;145.0;14.25;69.75;2.62;
2022-04-07 09:00:00;697.0;810.68;144.0;15.34;60.5;2.62;
2022-04-07 10:00:00;783.0;831.09;155.0;16.2;54.45;2.41;
2022-04-07 11:00:00;817.0;842.49;157.0;16.98;52.65;2.28;
2022-04-07 12:00:00;788.0;823.8;159.0;17.52;51.0;2.21;
2022-04-07 13:00:00;711.0;805.84;149.0;17.82;51.0;2.14;
2022-04-07 14:00:00;578.0;741.29;141.0;17.77;49.15;2.21;
2022-04-07 15:00:00;408.0;635.05;124.0;17.36;50.85;2.28;
2022-04-07 16:00:00;90.0;0.0;90.0;16.77;50.75;2.34;
2022-04-07 17:00:00;33.0;0.0;33.0;15.6;58.45;2.0;
2022-04-07 18:00:00;0.0;0.0;0.0;13.72;64.75;2.0;
2022-04-07 19:00:00;0.0;0.0;0.0;12.02;69.35;1.79;
2022-04-07 20:00:00;0.0;0.0;0.0;10.35;82.95;1.45;
2022-04-07 21:00:00;0.0;0.0;0.0;9.23;85.95;1.45;
2022-04-07 22:00:00;0.0;0.0;0.0;8.27;89.1;1.59;
2022-04-07 23:00:00;0.0;0.0;0.0;7.45;89.05;1.86;
2022-04-08 00:00:00;0.0;0.0;0.0;7.0;89.0;1.93;
2022-04-08 01:00:00;0.0;0.0;0.0;6.76;92.35;1.93;
2022-04-08 02:00:00;0.0;0.0;0.0;6.7;92.35;1.72;
2022-04-08 03:00:00;0.0;0.0;0.0;6.42;92.35;1.66;
2022-04-08 04:00:00;0.0;0.0;0.0;5.81;95.75;1.86;
2022-04-08 05:00:00;28.0;66.79;23.0;5.69;95.75;1.93;
2022-04-08 06:00:00;194.0;398.32;92.0;7.76;92.4;1.45;
2022-04-08 07:00:00;384.0;605.75;126.0;12.25;80.2;1.86;
2022-04-08 08:00:00;517.0;558.65;197.0;14.15;62.55;2.62;
2022-04-08 09:00:00;643.0;601.39;230.0;15.49;56.25;2.97;
2022-04-08 10:00:00;779.0;803.99;168.0;16.5;50.6;3.24;
2022-04-08 11:00:00;813.0;814.0;172.0;17.18;47.3;3.72;
2022-04-08 12:00:00;771.0;746.69;198.0;17.51;47.3;4.0;
2022-04-08 13:00:00;700.0;748.83;175.0;17.55;45.7;4.14;
2022-04-08 14:00:00;570.0;687.92;162.0;17.27;45.55;4.0;
2022-04-08 15:00:00;406.0;596.77;137.0;16.75;47.15;3.66;
2022-04-08 16:00:00;108.0;0.0;108.0;15.95;52.4;3.24;
2022-04-08 17:00:00;29.0;0.0;29.0;14.67;60.4;2.69;
2022-04-08 18:00:00;0.0;0.0;0.0;12.79;69.45;2.76;
2022-04-08 19:00:00;0.0;0.0;0.0;11.56;74.55;2.41;
2022-04-08 20:00:00;0.0;0.0;0.0;10.69;80.05;2.28;
2022-04-08 21:00:00;0.0;0.0;0.0;10.04;79.95;2.69;
2022-04-08 22:00:00;0.0;0.0;0.0;9.8;79.9;2.76;
2022-04-08 23:00:00;0.0;0.0;0.0;9.64;77.0;2.34;
2022-04-09 00:00:00;0.0;0.0;0.0;8.85;85.9;1.93;
2022-04-09 01:00:00;0.0;0.0;0.0;8.23;85.9;1.93;
2022-04-09 02:00:00;0.0;0.0;0.0;8.12;85.9;1.45;
2022-04-09 03:00:00;0.0;0.0;0.0;7.55;85.85;2.07;
2022-04-09 04:00:00;0.0;0.0;0.0;7.68;85.85;2.34;
2022-04-09 05:00:00;16.0;0.0;16.0;7.78;85.85;2.07;
2022-04-09 06:00:00;41.0;0.0;41.0;9.03;85.95;1.59;
2022-04-09 07:00:00;161.0;11.6;156.0;12.34;77.35;2.55;
2022-04-09 08:00:00;152.0;0.0;152.0;14.87;67.35;3.38;
2022-04-09 09:00:00;485.0;212.65;338.0;17.39;56.75;4.48;
2022-04-09 10:00:00;658.0;451.44;313.0;18.87;51.25;5.59;
2022-04-09 11:00:00;536.0;174.36;398.0;18.86;51.25;6.48;
2022-04-09 12:00:00;284.0;3.89;281.0;16.95;65.35;5.03;
2022-04-09 13:00:00;117.0;0.0;117.0;15.38;80.6;3.93;
2022-04-09 14:00:00;74.0;0.0;74.0;15.12;80.6;4.28;
2022-04-09 15:00:00;87.0;0.0;87.0;15.05;80.6;4.0;
2022-04-09 16:00:00;105.0;0.0;105.0;14.56;83.45;3.59;
2022-04-09 17:00:00;38.0;0.0;38.0;14.27;86.4;2.55;
2022-04-09 18:00:00;0.0;0.0;0.0;13.07;89.4;1.93;
2022-04-09 19:00:00;0.0;0.0;0.0;11.77;92.55;2.0;
2022-04-09 20:00:00;0.0;0.0;0.0;11.45;95.9;1.86;
2022-04-09 21:00:00;0.0;0.0;0.0;10.98;95.9;1.72;
2022-04-09 22:00:00;0.0;0.0;0.0;10.92;99.4;1.59;
2022-04-09 23:00:00;0.0;0.0;0.0;10.44;99.4;1.52;
2022-04-10 00:00:00;0.0;0.0;0.0;9.98;99.4;0.9;
2022-04-10 01:00:00;0.0;0.0;0.0;9.41;100.0;1.1;
2022-04-10 02:00:00;0.0;0.0;0.0;9.31;100.0;0.9;
2022-04-10 03:00:00;0.0;0.0;0.0;9.06;99.4;0.83;
2022-04-10 04:00:00;0.0;0.0;0.0;8.67;100.0;1.45;
2022-04-10 05:00:00;11.0;0.0;11.0;9.16;100.0;1.03;
2022-04-10 06:00:00;55.0;0.0;55.0;10.4;99.4;1.72;
2022-04-10 07:00:00;0.0;0.0;0.0;11.71;95.9;1.72;
2022-04-10 08:00:00;428.0;271.3;270.0;13.42;89.4;2.14;
2022-04-10 09:00:00;588.0;435.49;285.0;15.18;75.1;2.69;
2022-04-10 10:00:00;654.0;432.05;322.0;16.51;65.35;2.69;
2022-04-10 11:00:00;681.0;437.5;333.0;17.17;58.8;2.55;
2022-04-10 12:00:00;476.0;114.85;387.0;17.73;54.85;3.03;
2022-04-10 13:00:00;480.0;183.53;350.0;18.33;51.15;3.66;
2022-04-10 14:00:00;150.0;0.0;150.0;18.22;49.3;3.79;
2022-04-10 15:00:00;85.0;0.0;85.0;17.99;51.0;3.86;
2022-04-10 16:00:00;47.0;0.0;47.0;17.0;56.6;3.1;
2022-04-10 17:00:00;9.0;0.0;9.0;15.82;62.85;2.48;
2022-04-10 18:00:00;0.0;0.0;0.0;14.48;72.3;2.0;
2022-04-10 19:00:00;0.0;0.0;0.0;13.39;80.35;0.9;
2022-04-10 20:00:00;0.0;0.0;0.0;12.17;83.15;0.97;
2022-04-10 21:00:00;0.0;0.0;0.0;10.71;89.25;1.17;
2022-04-10 22:00:00;0.0;0.0;0.0;10.21;92.5;1.1;
2022-04-10 23:00:00;0.0;0.0;0.0;9.47;92.45;1.1;
2022-04-11 00:00:00;0.0;0.0;0.0;8.4;95.85;1.17;
2022-04-11 01:00:00;0.0;0.0;0.0;7.68;95.8;1.31;
2022-04-11 02:00:00;0.0;0.0;0.0;6.95;95.8;1.38;
2022-04-11 03:00:00;0.0;0.0;0.0;6.15;99.4;1.52;
2022-04-11 04:00:00;0.0;0.0;0.0;5.63;99.4;1.79;
2022-04-11 05:00:00;22.0;10.97;21.0;6.06;99.4;2.0;
2022-04-11 06:00:00;113.0;33.11;104.0;9.03;99.4;2.34;
2022-04-11 07:00:00;118.0;0.0;118.0;12.08;89.35;1.72;
2022-04-11 08:00:00;321.0;76.65;276.0;13.81;83.35;2.55;
2022-04-11 09:00:00;445.0;139.96;347.0;14.66;77.75;3.17;
2022-04-11 10:00:00;0.0;0.0;0.0;15.81;70.0;3.86;
2022-04-11 11:00:00;460.0;83.82;393.0;16.44;65.25;4.34;
2022-04-11 12:00:00;214.0;0.0;214.0;16.63;63.05;4.48;
2022-04-11 13:00:00;277.0;8.43;271.0;16.86;63.05;4.34;
2022-04-11 14:00:00;224.0;6.63;220.0;16.74;63.05;4.21;
2022-04-11 15:00:00;152.0;4.34;150.0;15.94;67.55;3.93;
2022-04-11 16:00:00;31.0;0.0;31.0;15.29;72.45;3.86;
2022-04-11 17:00:00;13.0;0.0;13.0;14.63;75.0;3.93;
2022-04-11 18:00:00;0.0;0.0;0.0;13.96;77.6;3.79;
2022-04-11 19:00:00;0.0;0.0;0.0;12.41;92.6;4.48;
2022-04-11 20:00:00;0.0;0.0;0.0;12.3;92.6;4.9;
2022-04-11 21:00:00;0.0;0.0;0.0;12.23;92.6;4.83;
2022-04-11 22:00:00;0.0;0.0;0.0;12.27;92.6;4.83;
2022-04-11 23:00:00;0.0;0.0;0.0;12.24;92.6;4.97;
2022-04-12 00:00:00;0.0;0.0;0.0;12.14;92.6;4.97;
2022-04-12 01:00:00;0.0;0.0;0.0;12.03;92.6;4.69;
2022-04-12 02:00:00;0.0;0.0;0.0;12.03;92.6;4.28;
2022-04-12 03:00:00;0.0;0.0;0.0;11.99;92.6;3.86;
2022-04-12 04:00:00;0.0;0.0;0.0;12.02;95.95;3.45;
2022-04-12 05:00:00;26.0;10.36;25.0;11.98;95.95;3.17;
2022-04-12 06:00:00;42.0;0.0;42.0;12.71;95.95;3.17;
2022-04-12 07:00:00;88.0;0.0;88.0;13.7;89.45;2.28;
2022-04-12 08:00:00;168.0;0.0;168.0;14.54;83.45;1.86;
2022-04-12 09:00:00;115.0;0.0;115.0;15.49;83.5;1.1;
2022-04-12 10:00:00;194.0;0.0;194.0;15.65;77.85;1.1;
2022-04-12 11:00:00;229.0;0.0;229.0;15.53;80.65;1.24;
2022-04-12 12:00:00;312.0;8.95;305.0;15.69;77.85;1.66;
2022-04-12 13:00:00;411.0;89.47;347.0;15.4;80.6;2.48;
2022-04-12 14:00:00;309.0;54.36;276.0;15.23;80.6;2.97;
2022-04-12 15:00:00;118.0;0.0;118.0;14.77;83.45;3.1;
2022-04-12 16:00:00;94.0;0.0;94.0;14.19;86.4;2.48;
2022-04-12 17:00:00;32.0;0.0;32.0;13.57;89.45;2.07;
2022-04-12 18:00:00;0.0;0.0;0.0;12.91;95.95;1.79;
2022-04-12 19:00:00;0.0;0.0;0.0;12.49;95.95;3.1;
2022-04-12 20:00:00;0.0;0.0;0.0;12.18;95.95;3.17;
2022-04-12 21:00:00;0.0;0.0;0.0;11.9;99.4;2.97;
2022-04-12 22:00:00;0.0;0.0;0.0;11.74;99.4;2.55;
2022-04-12 23:00:00;0.0;0.0;0.0;11.57;95.9;2.14;
2022-04-13 00:00:00;0.0;0.0;0.0;11.23;99.35;1.72;
2022-04-13 01:00:00;0.0;0.0;0.0;10.93;100.0;1.31;
2022-04-13 02:00:00;0.0;0.0;0.0;10.33;100.0;0.9;
2022-04-13 03:00:00;0.0;0.0;0.0;9.78;99.4;0.69;
2022-04-13 04:00:00;0.0;0.0;0.0;8.88;100.0;0.97;
2022-04-13 05:00:00;59.0;245.48;34.0;8.5;99.4;1.17;
2022-04-13 06:00:00;239.0;553.01;83.0;10.05;99.4;1.24;
2022-04-13 07:00:00;429.0;709.94;109.0;12.02;86.2;2.41;
2022-04-13 08:00:00;603.0;804.98;123.0;13.64;77.6;2.48;
2022-04-13 09:00:00;745.0;874.68;125.0;14.91;67.35;2.41;
2022-04-13 10:00:00;814.0;847.98;152.0;16.05;56.5;2.83;
2022-04-13 11:00:00;433.0;57.0;387.0;16.74;52.65;3.24;
2022-04-13 12:00:00;759.0;662.98;238.0;17.28;49.05;3.38;
2022-04-13 13:00:00;701.0;703.94;195.0;17.25;50.85;2.76;
2022-04-13 14:00:00;603.0;758.5;140.0;17.69;49.15;2.41;
2022-04-13 15:00:00;432.0;655.94;125.0;17.88;51.0;2.07;
2022-04-13 16:00:00;89.0;0.0;89.0;17.64;51.0;1.38;
2022-04-13 17:00:00;41.0;0.0;41.0;16.8;58.7;0.28;
2022-04-13 18:00:00;0.0;0.0;0.0;14.59;72.4;1.45;
2022-04-13 19:00:00;0.0;0.0;0.0;12.63;80.3;1.72;
2022-04-13 20:00:00;0.0;0.0;0.0;11.15;89.3;2.14;
2022-04-13 21:00:00;0.0;0.0;0.0;10.09;92.5;2.0;
2022-04-13 22:00:00;0.0;0.0;0.0;9.93;92.45;1.59;
2022-04-13 23:00:00;0.0;0.0;0.0;11.17;86.1;0.9;
2022-04-14 00:00:00;0.0;0.0;0.0;9.27;95.85;1.31;
2022-04-14 01:00:00;0.0;0.0;0.0;7.79;95.8;2.0;
2022-04-14 02:00:00;0.0;0.0;0.0;7.79;95.8;2.14;
2022-04-14 03:00:00;0.0;0.0;0.0;7.86;95.8;2.28;
2022-04-14 04:00:00;0.0;0.0;0.0;8.02;92.4;2.21;
2022-04-14 05:00:00;57.0;186.78;37.0;8.01;95.85;2.07;
2022-04-14 06:00:00;237.0;515.46;89.0;10.07;95.9;1.79;
2022-04-14 07:00:00;425.0;676.15;117.0;13.35;83.25;2.14;
2022-04-14 08:00:00;592.0;754.0;139.0;15.43;72.45;2.76;
2022-04-14 09:00:00;727.0;807.8;151.0;16.86;63.05;2.9;
2022-04-14 10:00:00;787.0;757.04;193.0;17.93;58.9;2.41;
2022-04-14 11:00:00;818.0;766.03;197.0;18.67;55.05;2.07;
2022-04-14 12:00:00;779.0;714.49;215.0;19.22;53.15;1.72;
2022-04-14 13:00:00;698.0;681.24;206.0;19.57;51.4;1.38;
2022-04-14 14:00:00;603.0;749.48;143.0;19.82;51.4;1.24;
2022-04-14 15:00:00;433.0;647.02;128.0;19.86;49.55;1.45;
2022-04-14 16:00:00;101.0;0.0;101.0;19.63;49.55;1.79;
2022-04-14 17:00:00;40.0;0.0;40.0;18.71;57.1;1.59;
2022-04-14 18:00:00;0.0;0.0;0.0;17.03;60.95;2.14;
2022-04-14 19:00:00;0.0;0.0;0.0;14.73;72.4;2.0;
2022-04-14 20:00:00;0.0;0.0;0.0;12.96;83.25;2.21;
2022-04-14 21:00:00;0.0;0.0;0.0;11.67;86.15;2.21;
2022-04-14 22:00:00;0.0;0.0;0.0;10.93;89.25;2.21;
2022-04-14 23:00:00;0.0;0.0;0.0;10.55;86.05;2.14;
2022-04-15 00:00:00;0.0;0.0;0.0;10.24;82.95;2.21;
2022-04-15 01:00:00;0.0;0.0;0.0;10.27;82.95;2.69;
2022-04-15 02:00:00;0.0;0.0;0.0;10.29;79.95;2.41;
2022-04-15 03:00:00;0.0;0.0;0.0;10.39;82.95;2.0;
2022-04-15 04:00:00;0.0;0.0;0.0;10.73;80.05;2.48;
2022-04-15 05:00:00;6.0;0.0;6.0;11.98;71.95;3.03;
2022-04-15 06:00:00;65.0;0.0;65.0;13.37;69.55;3.03;
2022-04-15 07:00:00;101.0;0.0;101.0;15.23;65.05;2.34;
2022-04-15 08:00:00;321.0;67.74;280.0;18.6;55.05;2.41;
2022-04-15 09:00:00;371.0;52.98;333.0;20.58;49.8;3.03;
2022-04-15 10:00:00;365.0;26.63;344.0;21.54;51.75;3.86;
2022-04-15 11:00:00;141.0;0.0;141.0;21.99;51.9;4.69;
2022-04-15 12:00:00;146.0;0.0;146.0;21.15;55.55;4.28;
2022-04-15 13:00:00;144.0;0.0;144.0;19.17;65.75;3.72;
2022-04-15 14:00:00;71.0;0.0;71.0;18.53;65.75;2.69;
2022-04-15 15:00:00;76.0;0.0;76.0;18.57;65.75;2.34;
2022-04-15 16:00:00;120.0;0.0;120.0;18.3;70.45;2.07;
2022-04-15 17:00:00;38.0;0.0;38.0;17.82;75.45;2.0;
2022-04-15 18:00:00;0.0;0.0;0.0;16.79;78.0;2.14;
2022-04-15 19:00:00;0.0;0.0;0.0;16.29;83.6;1.93;
2022-04-15 20:00:00;0.0;0.0;0.0;14.57;89.5;1.59;
2022-04-15 21:00:00;0.0;0.0;0.0;13.84;92.65;1.86;
2022-04-15 22:00:00;0.0;0.0;0.0;13.55;89.45;2.21;
2022-04-15 23:00:00;0.0;0.0;0.0;13.19;92.65;2.21;
2022-04-16 00:00:00;0.0;0.0;0.0;12.96;95.95;1.72;
2022-04-16 01:00:00;0.0;0.0;0.0;12.58;95.95;1.66;
2022-04-16 02:00:00;0.0;0.0;0.0;11.85;99.4;1.86;
2022-04-16 03:00:00;0.0;0.0;0.0;11.44;99.35;1.86;
2022-04-16 04:00:00;0.0;0.0;0.0;11.5;95.9;1.72;
2022-04-16 05:00:00;56.0;110.74;43.0;11.22;99.35;1.59;
2022-04-16 06:00:00;211.0;316.5;117.0;12.78;95.95;1.24;
2022-04-16 07:00:00;393.0;496.9;162.0;15.45;80.6;1.86;
2022-04-16 08:00:00;555.0;598.75;190.0;17.95;67.95;1.93;
2022-04-16 09:00:00;694.0;690.42;196.0;19.67;61.4;1.93;
2022-04-16 10:00:00;790.0;759.76;188.0;20.92;59.5;1.79;
2022-04-16 11:00:00;829.0;798.36;176.0;21.79;55.65;1.52;
2022-04-16 12:00:00;794.0;761.04;188.0;22.32;55.8;1.17;
2022-04-16 13:00:00;676.0;606.41;234.0;22.68;54.0;0.69;
2022-04-16 14:00:00;464.0;291.78;283.0;22.82;54.0;0.69;
2022-04-16 15:00:00;58.0;0.0;58.0;22.52;55.8;1.17;
2022-04-16 16:00:00;133.0;0.0;133.0;21.16;61.7;1.66;
2022-04-16 17:00:00;48.0;0.0;48.0;19.22;73.05;1.38;
2022-04-16 18:00:00;0.0;0.0;0.0;17.86;75.45;1.52;
2022-04-16 19:00:00;0.0;0.0;0.0;17.21;83.7;0.97;
2022-04-16 20:00:00;0.0;0.0;0.0;15.14;89.55;2.0;
2022-04-16 21:00:00;0.0;0.0;0.0;14.07;92.7;1.93;
2022-04-16 22:00:00;0.0;0.0;0.0;13.23;92.65;1.72;
2022-04-16 23:00:00;0.0;0.0;0.0;13.31;95.95;1.24;
2022-04-17 00:00:00;0.0;0.0;0.0;13.52;92.65;0.97;
2022-04-17 01:00:00;0.0;0.0;0.0;13.37;95.95;0.9;
2022-04-17 02:00:00;0.0;0.0;0.0;12.4;99.4;1.17;
2022-04-17 03:00:00;0.0;0.0;0.0;11.97;99.4;1.24;
2022-04-17 04:00:00;0.0;0.0;0.0;11.74;99.4;1.1;
2022-04-17 05:00:00;75.0;277.64;41.0;12.37;99.4;0.62;
2022-04-17 06:00:00;224.0;371.06;112.0;13.28;95.95;0.28;
2022-04-17 07:00:00;371.0;396.2;185.0;16.92;86.6;1.66;
2022-04-17 08:00:00;546.0;552.2;207.0;18.74;75.65;2.28;
2022-04-17 09:00:00;725.0;784.48;156.0;20.12;68.3;3.17;
2022-04-17 10:00:00;810.0;812.7;163.0;20.78;61.6;4.0;
2022-04-17 11:00:00;841.0;822.92;165.0;20.88;57.45;4.07;
2022-04-17 12:00:00;818.0;825.36;158.0;21.45;53.6;3.72;
2022-04-17 13:00:00;740.0;807.22;149.0;21.66;51.9;3.24;
2022-04-17 14:00:00;604.0;734.5;146.0;21.89;50.05;2.34;
2022-04-17 15:00:00;438.0;644.11;128.0;21.86;50.05;1.66;
2022-04-17 16:00:00;97.0;0.0;97.0;21.59;50.05;1.24;
2022-04-17 17:00:00;46.0;0.0;46.0;20.87;57.45;0.76;
2022-04-17 18:00:00;0.0;0.0;0.0;19.69;63.6;0.76;
2022-04-17 19:00:00;0.0;0.0;0.0;19.18;65.75;0.97;
2022-04-17 20:00:00;0.0;0.0;0.0;18.47;68.05;0.21;
2022-04-17 21:00:00;0.0;0.0;0.0;17.73;70.35;0.62;
2022-04-17 22:00:00;0.0;0.0;0.0;16.39;75.25;1.1;
2022-04-17 23:00:00;0.0;0.0;0.0;15.16;80.6;1.17;
2022-04-18 00:00:00;0.0;0.0;0.0;14.14;86.4;1.24;
2022-04-18 01:00:00;0.0;0.0;0.0;13.18;89.4;1.24;
2022-04-18 02:00:00;0.0;0.0;0.0;12.55;92.6;1.17;
2022-04-18 03:00:00;0.0;0.0;0.0;11.95;95.9;1.17;
2022-04-18 04:00:00;0.0;0.0;0.0;11.76;95.9;1.03;
2022-04-18 05:00:00;74.0;219.67;46.0;11.76;95.9;0.97;
2022-04-18 06:00:00;246.0;463.12;104.0;13.35;92.65;0.69;
2022-04-18 07:00:00;432.0;624.5;136.0;17.99;72.9;1.31;
2022-04-18 08:00:00;599.0;716.67;156.0;19.95;63.6;1.93;
2022-04-18 09:00:00;733.0;778.86;165.0;21.2;55.55;3.1;
2022-04-18 10:00:00;818.0;806.44;173.0;21.9;48.3;4.0;
2022-04-18 11:00:00;853.0;829.15;169.0;22.33;43.5;4.07;
2022-04-18 12:00:00;835.0;843.13;158.0;22.7;40.6;3.72;
2022-04-18 13:00:00;748.0;805.05;156.0;22.98;39.15;3.17;
2022-04-18 14:00:00;618.0;754.69;145.0;23.03;37.75;2.76;
2022-04-18 15:00:00;450.0;664.57;128.0;22.79;37.75;2.28;
2022-04-18 16:00:00;97.0;0.0;97.0;22.36;41.95;1.52;
2022-04-18 17:00:00;46.0;0.0;46.0;21.48;53.6;0.34;
2022-04-18 18:00:00;0.0;0.0;0.0;19.62;59.25;1.1;
2022-04-18 19:00:00;0.0;0.0;0.0;17.93;61.05;1.38;
2022-04-18 20:00:00;0.0;0.0;0.0;16.11;65.25;1.52;
2022-04-18 21:00:00;0.0;0.0;0.0;14.87;72.4;1.59;
2022-04-18 22:00:00;0.0;0.0;0.0;13.47;80.35;1.79;
2022-04-18 23:00:00;0.0;0.0;0.0;12.19;86.2;2.0;
2022-04-19 00:00:00;0.0;0.0;0.0;11.56;89.3;2.28;
2022-04-19 01:00:00;0.0;0.0;0.0;11.37;89.3;2.41;
2022-04-19 02:00:00;0.0;0.0;0.0;11.22;89.3;2.48;
2022-04-19 03:00:00;0.0;0.0;0.0;11.03;89.3;2.48;
2022-04-19 04:00:00;0.0;0.0;0.0;10.83;89.25;2.41;
2022-04-19 05:00:00;81.0;264.34;46.0;10.72;92.5;2.14;
2022-04-19 06:00:00;259.0;523.57;96.0;13.38;89.4;1.59;
2022-04-19 07:00:00;446.0;670.97;125.0;18.48;65.65;1.86;
2022-04-19 08:00:00;613.0;753.66;144.0;20.41;57.3;2.34;
2022-04-19 09:00:00;741.0;793.83;159.0;21.81;48.3;2.9;
2022-04-19 10:00:00;826.0;821.47;166.0;22.73;43.65;3.52;
2022-04-19 11:00:00;861.0;841.42;164.0;23.3;40.75;3.72;
2022-04-19 12:00:00;834.0;833.52;162.0;23.63;38.05;3.86;
2022-04-19 13:00:00;755.0;816.49;152.0;23.77;38.05;3.79;
2022-04-19 14:00:00;621.0;755.68;145.0;23.75;38.05;3.45;
2022-04-19 15:00:00;455.0;674.56;126.0;23.57;39.3;2.69;
2022-04-19 16:00:00;95.0;0.0;95.0;23.18;43.75;1.45;
2022-04-19 17:00:00;47.0;0.0;47.0;22.17;57.75;0.28;
2022-04-19 18:00:00;0.0;0.0;0.0;19.91;65.85;1.17;
2022-04-19 19:00:00;0.0;0.0;0.0;17.13;67.85;1.79;
2022-04-19 20:00:00;0.0;0.0;0.0;15.47;75.1;1.93;
2022-04-19 21:00:00;0.0;0.0;0.0;14.49;75.0;1.93;
2022-04-19 22:00:00;0.0;0.0;0.0;13.86;77.6;1.79;
2022-04-19 23:00:00;0.0;0.0;0.0;13.23;80.35;1.72;
2022-04-20 00:00:00;0.0;0.0;0.0;13.02;80.35;1.45;
2022-04-20 01:00:00;0.0;0.0;0.0;12.61;83.25;1.38;
2022-04-20 02:00:00;0.0;0.0;0.0;12.09;86.2;1.38;
2022-04-20 03:00:00;0.0;0.0;0.0;11.76;89.3;1.38;
2022-04-20 04:00:00;0.0;0.0;0.0;11.39;89.3;1.45;
2022-04-20 05:00:00;89.0;305.95;47.0;11.77;86.15;1.38;
2022-04-20 06:00:00;269.0;557.04;93.0;14.23;83.4;1.1;
2022-04-20 07:00:00;453.0;679.4;125.0;19.32;65.75;1.31;
2022-04-20 08:00:00;620.0;759.92;144.0;21.79;55.65;1.59;
2022-04-20 09:00:00;752.0;810.08;155.0;23.61;48.8;2.0;
2022-04-20 10:00:00;833.0;826.52;166.0;24.66;44.15;2.48;
2022-04-20 11:00:00;868.0;846.44;164.0;25.22;41.25;2.34;
2022-04-20 12:00:00;845.0;848.75;158.0;25.61;38.55;1.93;
2022-04-20 13:00:00;761.0;821.14;152.0;25.89;38.55;1.52;
2022-04-20 14:00:00;627.0;761.45;145.0;25.99;38.55;1.17;
2022-04-20 15:00:00;461.0;682.42;126.0;25.88;38.55;0.83;
2022-04-20 16:00:00;96.0;0.0;96.0;25.6;38.55;0.41;
2022-04-20 17:00:00;48.0;0.0;48.0;24.11;69.05;0.62;
2022-04-20 18:00:00;0.0;0.0;0.0;21.67;64.0;1.45;
2022-04-20 19:00:00;0.0;0.0;0.0;19.67;63.6;1.66;
2022-04-20 20:00:00;0.0;0.0;0.0;18.37;65.65;1.66;
2022-04-20 21:00:00;0.0;0.0;0.0;18.46;65.65;1.31;
2022-04-20 22:00:00;0.0;0.0;0.0;18.81;63.5;0.97;
2022-04-20 23:00:00;0.0;0.0;0.0;17.78;67.95;0.9;
2022-04-21 00:00:00;0.0;0.0;0.0;15.85;77.85;1.24;
2022-04-21 01:00:00;0.0;0.0;0.0;13.92;86.35;1.52;
2022-04-21 02:00:00;0.0;0.0;0.0;12.81;89.4;1.72;
2022-04-21 03:00:00;0.0;0.0;0.0;12.28;92.6;1.79;
2022-04-21 04:00:00;0.0;0.0;0.0;11.85;92.55;1.72;
2022-04-21 05:00:00;92.0;302.64;49.0;11.65;92.55;1.66;
2022-04-21 06:00:00;271.0;542.86;97.0;15.01;83.5;0.9;
2022-04-21 07:00:00;456.0;679.57;125.0;19.1;73.05;1.17;
2022-04-21 08:00:00;620.0;748.74;148.0;21.15;63.9;1.31;
2022-04-21 09:00:00;755.0;808.69;156.0;22.7;55.9;1.24;
2022-04-21 10:00:00;840.0;836.52;162.0;23.94;52.35;1.17;
2022-04-21 11:00:00;870.0;844.3;165.0;24.82;45.75;1.17;
2022-04-21 12:00:00;846.0;847.92;157.0;25.45;42.75;1.24;
2022-04-21 13:00:00;767.0;831.18;148.0;25.75;41.4;1.59;
2022-04-21 14:00:00;632.0;770.35;142.0;25.73;41.4;2.07;
2022-04-21 15:00:00;463.0;680.11;127.0;25.29;42.75;2.48;
2022-04-21 16:00:00;95.0;0.0;95.0;24.37;48.95;2.55;
2022-04-21 17:00:00;50.0;0.0;50.0;22.77;57.9;2.62;
2022-04-21 18:00:00;0.0;0.0;0.0;20.48;65.95;2.76;
2022-04-21 19:00:00;0.0;0.0;0.0;18.51;68.05;2.28;
2022-04-21 20:00:00;0.0;0.0;0.0;16.89;75.3;2.07;
2022-04-21 21:00:00;0.0;0.0;0.0;15.35;83.5;2.0;
2022-04-21 22:00:00;0.0;0.0;0.0;14.06;86.4;2.0;
2022-04-21 23:00:00;0.0;0.0;0.0;13.06;92.65;1.86;
2022-04-22 00:00:00;0.0;0.0;0.0;12.56;92.6;1.59;
2022-04-22 01:00:00;0.0;0.0;0.0;12.45;95.95;1.38;
2022-04-22 02:00:00;0.0;0.0;0.0;12.28;95.95;1.24;
2022-04-22 03:00:00;0.0;0.0;0.0;11.17;99.35;1.45;
2022-04-22 04:00:00;0.0;0.0;0.0;10.25;100.0;1.45;
2022-04-22 05:00:00;95.0;306.5;50.0;10.72;100.0;1.38;
2022-04-22 06:00:00;273.0;535.36;99.0;13.64;92.65;1.03;
2022-04-22 07:00:00;457.0;669.66;128.0;17.52;75.45;1.24;
2022-04-22 08:00:00;623.0;747.24;149.0;19.28;68.1;1.17;
2022-04-22 09:00:00;753.0;796.64;160.0;20.78;57.45;1.03;
2022-04-22 10:00:00;842.0;834.23;163.0;21.99;50.05;1.1;
2022-04-22 11:00:00;871.0;843.43;164.0;22.93;45.25;1.31;
2022-04-22 12:00:00;848.0;845.93;158.0;23.56;43.75;1.45;
2022-04-22 13:00:00;769.0;829.15;149.0;23.96;42.35;1.52;
2022-04-22 14:00:00;634.0;768.26;143.0;23.99;43.9;1.72;
2022-04-22 15:00:00;465.0;679.88;127.0;23.61;45.5;2.07;
2022-04-22 16:00:00;97.0;0.0;97.0;22.73;50.3;2.48;
2022-04-22 17:00:00;51.0;0.0;51.0;21.09;59.6;2.62;
2022-04-22 18:00:00;0.0;0.0;0.0;18.78;68.1;2.69;
2022-04-22 19:00:00;0.0;0.0;0.0;17.12;72.8;2.48;
2022-04-22 20:00:00;0.0;0.0;0.0;15.87;80.65;2.07;
2022-04-22 21:00:00;0.0;0.0;0.0;14.56;86.45;1.52;
2022-04-22 22:00:00;0.0;0.0;0.0;13.45;92.65;1.38;
2022-04-22 23:00:00;0.0;0.0;0.0;12.47;95.95;1.59;
2022-04-23 00:00:00;0.0;0.0;0.0;11.83;99.4;1.66;
2022-04-23 01:00:00;0.0;0.0;0.0;11.4;100.0;1.86;
2022-04-23 02:00:00;0.0;0.0;0.0;11.14;99.35;1.86;
2022-04-23 03:00:00;0.0;0.0;0.0;10.92;100.0;1.79;
2022-04-23 04:00:00;0.0;0.0;0.0;10.73;100.0;1.72;
2022-04-23 05:00:00;89.0;211.25;57.0;11.34;100.0;1.45;
2022-04-23 06:00:00;259.0;431.05;117.0;14.44;96.0;1.17;
2022-04-23 07:00:00;436.0;561.12;158.0;17.13;83.7;1.45;
2022-04-23 08:00:00;606.0;675.34;175.0;18.65;75.65;1.1;
2022-04-23 09:00:00;736.0;733.99;187.0;20.18;70.7;0.62;
2022-04-23 10:00:00;813.0;743.93;205.0;21.61;61.85;0.21;
2022-04-23 11:00:00;836.0;736.85;216.0;22.8;55.9;0.07;
2022-04-23 12:00:00;805.0;714.53;220.0;23.74;52.35;0.48;
2022-04-23 13:00:00;743.0;748.6;181.0;24.36;52.5;0.48;
2022-04-23 14:00:00;546.0;459.43;251.0;24.74;50.8;0.55;
2022-04-23 15:00:00;265.0;73.97;228.0;24.83;50.8;0.83;
2022-04-23 16:00:00;142.0;0.0;142.0;24.44;54.35;0.76;
2022-04-23 17:00:00;49.0;0.0;49.0;23.37;60.05;1.31;
2022-04-23 18:00:00;0.0;0.0;0.0;21.29;68.5;2.34;
2022-04-23 19:00:00;0.0;0.0;0.0;18.84;78.3;2.55;
2022-04-23 20:00:00;0.0;0.0;0.0;17.56;83.75;2.34;
2022-04-23 21:00:00;0.0;0.0;0.0;16.63;89.65;1.93;
2022-04-23 22:00:00;0.0;0.0;0.0;15.56;92.75;1.59;
2022-04-23 23:00:00;0.0;0.0;0.0;14.85;96.0;1.86;
2022-04-24 00:00:00;0.0;0.0;0.0;14.33;96.0;1.66;
2022-04-24 01:00:00;0.0;0.0;0.0;13.76;95.95;1.59;
2022-04-24 02:00:00;0.0;0.0;0.0;13.23;99.4;1.59;
2022-04-24 03:00:00;0.0;0.0;0.0;12.96;99.4;1.38;
2022-04-24 04:00:00;0.0;0.0;0.0;12.62;99.4;1.24;
2022-04-24 05:00:00;39.0;0.0;39.0;13.1;95.95;1.17;
2022-04-24 06:00:00;200.0;161.79;146.0;15.33;96.0;1.24;
2022-04-24 07:00:00;410.0;450.45;185.0;18.06;81.0;1.1;
2022-04-24 08:00:00;602.0;663.57;176.0;19.69;73.15;1.59;
2022-04-24 09:00:00;735.0;735.87;182.0;21.06;63.9;1.72;
2022-04-24 10:00:00;825.0;790.91;176.0;22.28;57.75;1.52;
2022-04-24 11:00:00;863.0;824.13;167.0;23.16;56.0;1.45;
2022-04-24 12:00:00;844.0;838.5;155.0;23.81;54.2;1.38;
2022-04-24 13:00:00;761.0;810.7;150.0;24.02;54.2;0.97;
2022-04-24 14:00:00;621.0;728.62;151.0;24.11;52.5;0.41;
2022-04-24 15:00:00;454.0;627.89;138.0;24.17;52.5;0.21;
2022-04-24 16:00:00;110.0;0.0;110.0;23.98;52.35;0.55;
2022-04-24 17:00:00;56.0;0.0;56.0;23.4;58.0;0.62;
2022-04-24 18:00:00;0.0;0.0;0.0;21.65;76.0;0.97;
2022-04-24 19:00:00;0.0;0.0;0.0;19.23;81.05;2.28;
2022-04-24 20:00:00;0.0;0.0;0.0;17.95;86.7;2.21;
2022-04-24 21:00:00;0.0;0.0;0.0;17.02;86.65;2.14;
2022-04-24 22:00:00;0.0;0.0;0.0;16.15;89.65;1.93;
2022-04-24 23:00:00;0.0;0.0;0.0;15.46;92.75;1.72;
2022-04-25 00:00:00;0.0;0.0;0.0;14.82;92.7;1.38;
2022-04-25 01:00:00;0.0;0.0;0.0;15.07;89.55;0.9;
2022-04-25 02:00:00;0.0;0.0;0.0;15.14;92.75;0.34;
2022-04-25 03:00:00;0.0;0.0;0.0;14.58;92.7;0.14;
2022-04-25 04:00:00;0.0;0.0;0.0;13.82;95.95;0.69;
2022-04-25 05:00:00;72.0;74.72;60.0;13.73;95.95;0.83;
2022-04-25 06:00:00;151.0;44.37;136.0;15.82;92.75;0.83;
2022-04-25 07:00:00;224.0;29.79;209.0;18.2;83.8;0.28;
2022-04-25 08:00:00;322.0;48.01;291.0;19.87;78.35;0.34;
2022-04-25 09:00:00;540.0;230.48;366.0;21.32;70.9;0.62;
2022-04-25 10:00:00;821.0;764.75;191.0;22.58;66.45;0.69;
2022-04-25 11:00:00;863.0;816.45;171.0;23.56;62.15;1.38;
2022-04-25 12:00:00;844.0;829.46;160.0;24.32;56.25;2.14;
2022-04-25 13:00:00;766.0;812.89;151.0;24.9;50.8;2.21;
2022-04-25 14:00:00;629.0;742.32;148.0;25.12;47.5;2.14;
2022-04-25 15:00:00;466.0;663.66;130.0;25.19;45.9;1.93;
2022-04-25 16:00:00;101.0;0.0;101.0;25.02;47.4;1.45;
2022-04-25 17:00:00;55.0;0.0;55.0;23.84;56.15;0.76;
2022-04-25 18:00:00;0.0;0.0;0.0;21.73;66.25;1.45;
2022-04-25 19:00:00;0.0;0.0;0.0;20.07;70.7;2.69;
2022-04-25 20:00:00;0.0;0.0;0.0;18.73;73.05;2.34;
2022-04-25 21:00:00;0.0;0.0;0.0;17.29;83.7;1.66;
2022-04-25 22:00:00;0.0;0.0;0.0;17.19;80.85;0.83;
2022-04-25 23:00:00;0.0;0.0;0.0;16.41;86.55;0.97;
2022-04-26 00:00:00;0.0;0.0;0.0;15.38;89.55;1.38;
2022-04-26 01:00:00;0.0;0.0;0.0;14.94;92.7;1.52;
2022-04-26 02:00:00;0.0;0.0;0.0;14.16;92.7;1.52;
2022-04-26 03:00:00;0.0;0.0;0.0;13.76;95.95;1.38;
2022-04-26 04:00:00;0.0;0.0;0.0;13.45;99.4;1.24;
2022-04-26 05:00:00;106.0;284.8;59.0;13.75;95.95;1.03;
2022-04-26 06:00:00;282.0;517.22;105.0;15.93;92.75;0.97;
2022-04-26 07:00:00;463.0;644.46;136.0;18.61;78.3;0.76;
2022-04-26 08:00:00;627.0;733.07;151.0;20.05;73.2;0.69;
2022-04-26 09:00:00;755.0;780.67;163.0;21.35;68.5;0.69;
2022-04-26 10:00:00;837.0;806.57;170.0;22.34;64.1;0.9;
2022-04-26 11:00:00;850.0;771.26;194.0;23.21;58.0;0.9;
2022-04-26 12:00:00;818.0;748.02;199.0;23.88;56.15;0.83;
2022-04-26 13:00:00;687.0;560.97;261.0;24.4;52.5;0.97;
2022-04-26 14:00:00;577.0;548.51;220.0;24.72;49.05;1.17;
2022-04-26 15:00:00;463.0;644.06;135.0;24.82;47.4;0.97;
2022-04-26 16:00:00;103.0;0.0;103.0;24.51;48.95;0.28;
2022-04-26 17:00:00;57.0;0.0;57.0;23.45;56.0;1.59;
2022-04-26 18:00:00;0.0;0.0;0.0;21.46;66.15;2.69;
2022-04-26 19:00:00;0.0;0.0;0.0;20.22;78.45;3.24;
2022-04-26 20:00:00;0.0;0.0;0.0;19.31;81.05;3.45;
2022-04-26 21:00:00;0.0;0.0;0.0;18.84;81.05;3.93;
2022-04-26 22:00:00;0.0;0.0;0.0;18.37;81.0;4.55;
2022-04-26 23:00:00;0.0;0.0;0.0;18.47;75.55;5.52;
2022-04-27 00:00:00;0.0;0.0;0.0;17.9;70.35;5.93;
2022-04-27 01:00:00;0.0;0.0;0.0;17.05;70.3;5.72;
2022-04-27 02:00:00;0.0;0.0;0.0;16.42;70.1;5.59;
2022-04-27 03:00:00;0.0;0.0;0.0;16.12;65.25;5.31;
2022-04-27 04:00:00;0.0;0.0;0.0;15.81;65.15;4.9;
2022-04-27 05:00:00;87.0;123.97;66.0;15.6;65.15;4.55;
2022-04-27 06:00:00;290.0;537.07;104.0;16.21;62.95;4.34;
2022-04-27 07:00:00;454.0;582.91;156.0;16.79;60.85;5.59;
2022-04-27 08:00:00;632.0;729.07;156.0;17.79;56.85;5.52;
2022-04-27 09:00:00;759.0;775.97;168.0;18.68;55.05;5.17;
2022-04-27 10:00:00;850.0;825.25;165.0;19.37;55.05;4.76;
2022-04-27 11:00:00;883.0;845.94;161.0;20.21;53.35;4.41;
2022-04-27 12:00:00;845.0;814.12;169.0;20.64;51.65;4.0;
2022-04-27 13:00:00;759.0;774.08;169.0;20.93;53.5;3.59;
2022-04-27 14:00:00;638.0;749.59;148.0;21.17;51.75;3.31;
2022-04-27 15:00:00;477.0;683.3;127.0;21.13;51.75;3.03;
2022-04-27 16:00:00;101.0;0.0;101.0;20.77;53.5;2.76;
2022-04-27 17:00:00;55.0;0.0;55.0;20.17;57.3;2.0;
2022-04-27 18:00:00;0.0;0.0;0.0;18.98;63.5;1.59;
2022-04-27 19:00:00;0.0;0.0;0.0;17.29;72.8;1.38;
2022-04-27 20:00:00;0.0;0.0;0.0;16.17;75.25;1.17;
2022-04-27 21:00:00;0.0;0.0;0.0;15.92;77.85;1.03;
2022-04-27 22:00:00;0.0;0.0;0.0;15.51;77.85;1.03;
2022-04-27 23:00:00;0.0;0.0;0.0;14.94;83.45;1.03;
2022-04-28 00:00:00;0.0;0.0;0.0;14.5;83.45;0.97;
2022-04-28 01:00:00;0.0;0.0;0.0;14.31;86.4;0.83;
2022-04-28 02:00:00;0.0;0.0;0.0;14.18;86.4;0.69;
2022-04-28 03:00:00;0.0;0.0;0.0;13.71;89.45;0.83;
2022-04-28 04:00:00;0.0;0.0;0.0;12.89;92.6;0.97;
2022-04-28 05:00:00;124.0;385.78;57.0;12.66;92.6;0.9;
2022-04-28 06:00:00;291.0;519.49;109.0;15.48;86.5;0.69;
2022-04-28 07:00:00;468.0;631.09;143.0;18.87;70.55;1.66;
2022-04-28 08:00:00;631.0;714.55;162.0;20.71;63.8;2.21;
2022-04-28 09:00:00;766.0;787.08;164.0;22.03;57.65;2.55;
2022-04-28 10:00:00;847.0;812.66;170.0;23.05;54.0;2.69;
2022-04-28 11:00:00;884.0;844.28;161.0;23.78;50.55;2.76;
2022-04-28 12:00:00;842.0;799.41;176.0;24.26;48.95;2.69;
2022-04-28 13:00:00;777.0;819.67;150.0;24.5;48.95;2.69;
2022-04-28 14:00:00;640.0;749.44;148.0;24.56;47.25;2.76;
2022-04-28 15:00:00;474.0;663.9;132.0;24.22;47.25;2.9;
2022-04-28 16:00:00;103.0;0.0;103.0;23.31;52.25;2.97;
2022-04-28 17:00:00;58.0;0.0;58.0;22.06;59.8;2.55;
2022-04-28 18:00:00;0.0;0.0;0.0;20.23;68.3;2.21;
2022-04-28 19:00:00;0.0;0.0;0.0;18.96;70.55;2.21;
2022-04-28 20:00:00;0.0;0.0;0.0;17.6;75.45;2.0;
2022-04-28 21:00:00;0.0;0.0;0.0;16.46;83.6;1.86;
2022-04-28 22:00:00;0.0;0.0;0.0;15.76;89.6;1.86;
2022-04-28 23:00:00;0.0;0.0;0.0;14.81;92.7;1.79;
2022-04-29 00:00:00;0.0;0.0;0.0;14.27;92.7;1.86;
2022-04-29 01:00:00;0.0;0.0;0.0;14.24;92.7;1.93;
2022-04-29 02:00:00;0.0;0.0;0.0;13.9;95.95;2.14;
2022-04-29 03:00:00;0.0;0.0;0.0;13.78;95.95;2.21;
2022-04-29 04:00:00;0.0;0.0;0.0;13.81;95.95;2.21;
2022-04-29 05:00:00;79.0;67.46;67.0;14.25;92.7;2.0;
2022-04-29 06:00:00;213.0;163.71;155.0;16.69;86.6;1.93;
2022-04-29 07:00:00;202.0;13.5;195.0;18.93;75.65;2.69;
2022-04-29 08:00:00;496.0;300.11;298.0;20.52;70.7;2.83;
2022-04-29 09:00:00;602.0;337.24;343.0;21.77;64.0;2.48;
2022-04-29 10:00:00;524.0;129.18;416.0;22.66;59.95;2.55;
2022-04-29 11:00:00;642.0;268.87;411.0;23.3;58.0;2.48;
2022-04-29 12:00:00;630.0;281.16;395.0;23.81;58.1;2.28;
2022-04-29 13:00:00;767.0;795.94;156.0;24.35;54.35;2.48;
2022-04-29 14:00:00;367.0;84.95;311.0;24.43;54.35;2.97;
2022-04-29 15:00:00;102.0;0.0;102.0;23.87;56.15;2.9;
2022-04-29 16:00:00;154.0;0.0;154.0;23.38;60.05;2.76;
2022-04-29 17:00:00;22.0;0.0;22.0;22.42;66.35;2.34;
2022-04-29 18:00:00;0.0;0.0;0.0;20.8;73.3;2.48;
2022-04-29 19:00:00;0.0;0.0;0.0;19.61;81.1;2.28;
2022-04-29 20:00:00;0.0;0.0;0.0;18.38;83.8;2.48;
2022-04-29 21:00:00;0.0;0.0;0.0;17.48;89.7;2.41;
2022-04-29 22:00:00;0.0;0.0;0.0;16.82;89.65;2.0;
2022-04-29 23:00:00;0.0;0.0;0.0;16.04;89.65;1.38;
2022-04-30 00:00:00;0.0;0.0;0.0;15.86;86.5;1.31;
2022-04-30 01:00:00;0.0;0.0;0.0;14.3;89.5;1.93;
2022-04-30 02:00:00;0.0;0.0;0.0;14.31;89.5;2.55;
2022-04-30 03:00:00;0.0;0.0;0.0;14.3;92.7;2.14;
2022-04-30 04:00:00;0.0;0.0;0.0;14.39;92.7;2.21;
2022-04-30 05:00:00;136.0;428.57;58.0;14.58;86.45;2.34;
2022-04-30 06:00:00;317.0;611.48;98.0;16.11;75.25;2.76;
2022-04-30 07:00:00;498.0;714.24;125.0;17.41;63.2;3.93;
2022-04-30 08:00:00;657.0;767.63;148.0;18.44;51.15;4.41;
2022-04-30 09:00:00;790.0;824.81;154.0;19.39;49.45;4.41;
2022-04-30 10:00:00;868.0;839.19;164.0;20.44;44.6;4.83;
2022-04-30 11:00:00;896.0;846.97;166.0;21.35;40.2;4.83;
2022-04-30 12:00:00;863.0;827.67;169.0;21.72;38.9;4.41;
2022-04-30 13:00:00;750.0;701.02;210.0;22.26;36.3;4.34;
2022-04-30 14:00:00;546.0;407.87;276.0;22.65;35.1;4.21;
2022-04-30 15:00:00;498.0;719.94;123.0;22.47;35.0;4.14;
2022-04-30 16:00:00;103.0;0.0;103.0;19.16;33.0;3.84;
2022-04-30 17:00:00;68.0;0.0;68.0;18.62;37.28;3.63;
2022-04-30 18:00:00;0.0;0.0;0.0;18.09;41.56;3.42;
2022-04-30 19:00:00;0.0;0.0;0.0;17.55;45.85;3.21;
2022-04-30 20:00:00;0.0;0.0;0.0;17.02;50.13;3.0;
2022-04-30 21:00:00;0.0;0.0;0.0;16.48;54.42;2.79;
2022-04-30 22:00:00;0.0;0.0;0.0;15.95;58.7;2.58;
2022-04-30 23:00:00;0.0;0.0;0.0;15.41;62.98;2.36;
2022-05-01 00:00:00;0.0;0.0;0.0;14.88;67.27;2.15;
2022-05-01 01:00:00;0.0;0.0;0.0;14.34;71.55;1.94;
2022-05-01 02:00:00;0.0;0.0;0.0;13.81;75.83;1.73;
2022-05-01 03:00:00;0.0;0.0;0.0;13.27;80.12;1.52;
2022-05-01 04:00:00;0.0;0.0;0.0;12.74;84.4;1.31;
2022-05-01 05:00:00;69.0;26.88;64.0;12.2;88.69;1.1;
2022-05-01 06:00:00;162.0;41.45;147.0;11.67;92.97;0.89;
2022-05-01 07:00:00;355.0;209.23;245.0;11.13;97.25;0.67;
2022-05-01 08:00:00;562.0;448.73;263.0;18.24;70.35;1.66;
2022-05-01 09:00:00;602.0;316.5;357.0;19.84;61.4;2.0;
2022-05-01 10:00:00;811.0;673.62;244.0;21.13;53.6;2.28;
2022-05-01 11:00:00;860.0;746.03;215.0;21.87;51.9;2.28;
2022-05-01 12:00:00;827.0;724.05;218.0;22.54;48.55;2.21;
2022-05-01 13:00:00;748.0;699.94;207.0;23.03;47.0;2.34;
2022-05-01 14:00:00;642.0;725.19;160.0;23.36;45.35;2.97;
2022-05-01 15:00:00;465.0;580.49;161.0;23.26;45.35;2.97;
2022-05-01 16:00:00;157.0;0.0;157.0;22.69;48.55;1.52;
2022-05-01 17:00:00;11.0;0.0;11.0;21.79;55.65;0.97;
2022-05-01 18:00:00;0.0;0.0;0.0;20.12;65.95;1.38;
2022-05-01 19:00:00;0.0;0.0;0.0;18.87;68.05;1.72;
2022-05-01 20:00:00;0.0;0.0;0.0;18.09;70.35;1.86;
2022-05-01 21:00:00;0.0;0.0;0.0;17.45;70.3;2.07;
2022-05-01 22:00:00;0.0;0.0;0.0;17.1;70.3;1.86;
2022-05-01 23:00:00;0.0;0.0;0.0;16.82;72.7;1.31;
2022-05-02 00:00:00;0.0;0.0;0.0;16.42;72.65;0.97;
2022-05-02 01:00:00;0.0;0.0;0.0;15.84;77.85;0.69;
2022-05-02 02:00:00;0.0;0.0;0.0;15.64;75.15;0.48;
2022-05-02 03:00:00;0.0;0.0;0.0;15.2;77.8;0.34;
2022-05-02 04:00:00;0.0;0.0;0.0;14.6;80.55;0.34;
2022-05-02 05:00:00;67.0;21.05;63.0;14.21;83.4;0.48;
2022-05-02 06:00:00;111.0;2.74;110.0;15.53;77.85;0.69;
2022-05-02 07:00:00;65.0;0.0;65.0;16.75;72.7;0.48;
2022-05-02 08:00:00;160.0;0.0;160.0;18.13;67.95;0.55;
2022-05-02 09:00:00;204.0;0.0;204.0;19.1;63.5;0.9;
2022-05-02 10:00:00;372.0;20.13;355.0;19.82;61.4;1.52;
2022-05-02 11:00:00;587.0;178.74;432.0;20.52;57.45;2.14;
2022-05-02 12:00:00;326.0;7.11;320.0;20.44;59.35;2.62;
2022-05-02 13:00:00;112.0;0.0;112.0;19.47;70.55;2.69;
2022-05-02 14:00:00;104.0;0.0;104.0;19.44;73.05;3.31;
2022-05-02 15:00:00;62.0;0.0;62.0;18.97;75.65;3.38;
2022-05-02 16:00:00;27.0;0.0;27.0;17.46;86.65;2.83;
2022-05-02 17:00:00;39.0;0.0;39.0;16.93;89.65;3.03;
2022-05-02 18:00:00;0.0;0.0;0.0;16.34;89.65;3.17;
2022-05-02 19:00:00;0.0;0.0;0.0;15.06;89.55;3.52;
2022-05-02 20:00:00;0.0;0.0;0.0;14.99;89.55;3.38;
2022-05-02 21:00:00;0.0;0.0;0.0;14.98;89.55;3.38;
2022-05-02 22:00:00;0.0;0.0;0.0;14.95;89.55;3.24;
2022-05-02 23:00:00;0.0;0.0;0.0;14.84;92.7;3.03;
2022-05-03 00:00:00;0.0;0.0;0.0;14.82;92.7;2.55;
2022-05-03 01:00:00;0.0;0.0;0.0;14.55;89.5;1.79;
2022-05-03 02:00:00;0.0;0.0;0.0;14.44;92.7;1.17;
2022-05-03 03:00:00;0.0;0.0;0.0;14.0;92.7;0.62;
2022-05-03 04:00:00;0.0;0.0;0.0;14.04;92.7;0.07;
2022-05-03 05:00:00;22.0;0.0;22.0;13.99;96.0;0.41;
2022-05-03 06:00:00;88.0;0.0;88.0;14.85;92.7;0.69;
2022-05-03 07:00:00;360.0;214.09;246.0;16.18;83.6;1.1;
2022-05-03 08:00:00;567.0;454.97;261.0;17.64;83.7;1.17;
2022-05-03 09:00:00;722.0;609.06;247.0;18.63;81.0;1.17;
2022-05-03 10:00:00;637.0;275.04;404.0;19.86;75.7;1.31;
2022-05-03 11:00:00;836.0;673.76;250.0;20.64;70.8;1.66;
2022-05-03 12:00:00;868.0;836.71;160.0;21.3;66.15;1.38;
2022-05-03 13:00:00;760.0;735.21;188.0;21.56;61.85;1.59;
2022-05-03 14:00:00;618.0;629.93;196.0;21.52;61.85;1.79;
2022-05-03 15:00:00;394.0;315.55;227.0;21.46;59.6;1.93;
2022-05-03 16:00:00;132.0;0.0;132.0;20.94;61.6;2.34;
2022-05-03 17:00:00;53.0;0.0;53.0;19.7;68.2;2.55;
2022-05-03 18:00:00;0.0;0.0;0.0;18.25;78.15;2.34;
2022-05-03 19:00:00;0.0;0.0;0.0;17.19;80.85;2.14;
2022-05-03 20:00:00;0.0;0.0;0.0;16.3;86.55;2.34;
2022-05-03 21:00:00;0.0;0.0;0.0;15.61;89.6;2.76;
2022-05-03 22:00:00;0.0;0.0;0.0;15.06;92.75;3.31;
2022-05-03 23:00:00;0.0;0.0;0.0;14.94;92.75;3.79;
2022-05-04 00:00:00;0.0;0.0;0.0;15.03;92.75;3.93;
2022-05-04 01:00:00;0.0;0.0;0.0;15.08;92.75;3.93;
2022-05-04 02:00:00;0.0;0.0;0.0;15.31;96.0;4.0;
2022-05-04 03:00:00;0.0;0.0;0.0;15.19;96.0;4.21;
2022-05-04 04:00:00;0.0;0.0;0.0;15.13;92.75;4.28;
2022-05-04 05:00:00;12.0;0.0;12.0;15.2;92.75;4.34;
2022-05-04 06:00:00;32.0;0.0;32.0;15.27;92.75;4.55;
2022-05-04 07:00:00;44.0;0.0;44.0;15.51;92.75;5.17;
2022-05-04 08:00:00;58.0;0.0;58.0;15.56;89.6;5.17;
2022-05-04 09:00:00;70.0;0.0;70.0;15.8;92.75;5.17;
2022-05-04 10:00:00;98.0;0.0;98.0;16.02;89.65;5.31;
2022-05-04 11:00:00;87.0;0.0;87.0;16.02;89.65;5.59;
2022-05-04 12:00:00;110.0;0.0;110.0;16.05;89.65;5.59;
2022-05-04 13:00:00;103.0;0.0;103.0;16.05;89.65;5.59;
2022-05-04 14:00:00;116.0;0.0;116.0;16.15;89.65;4.97;
2022-05-04 15:00:00;147.0;0.0;147.0;16.25;92.8;4.28;
2022-05-04 16:00:00;44.0;0.0;44.0;16.39;92.8;3.93;
2022-05-04 17:00:00;53.0;0.0;53.0;16.37;92.8;3.79;
2022-05-04 18:00:00;0.0;0.0;0.0;16.18;89.65;3.38;
2022-05-04 19:00:00;0.0;0.0;0.0;15.84;92.75;3.59;
2022-05-04 20:00:00;0.0;0.0;0.0;15.78;92.75;3.38;
2022-05-04 21:00:00;0.0;0.0;0.0;15.55;92.75;3.1;
2022-05-04 22:00:00;0.0;0.0;0.0;15.49;92.75;3.59;
2022-05-04 23:00:00;0.0;0.0;0.0;15.43;92.75;4.0;
2022-05-05 00:00:00;0.0;0.0;0.0;15.29;92.75;4.28;
2022-05-05 01:00:00;0.0;0.0;0.0;15.09;92.75;4.83;
2022-05-05 02:00:00;0.0;0.0;0.0;14.9;92.7;5.38;
2022-05-05 03:00:00;0.0;0.0;0.0;14.95;86.5;5.93;
2022-05-05 04:00:00;0.0;0.0;0.0;15.05;86.5;6.28;
2022-05-05 05:00:00;64.0;9.93;62.0;15.37;86.5;6.28;
2022-05-05 06:00:00;124.0;5.32;122.0;15.9;83.55;6.28;
2022-05-05 07:00:00;485.0;614.2;154.0;16.77;83.65;5.72;
2022-05-05 08:00:00;110.0;0.0;110.0;18.01;75.45;7.24;
2022-05-05 09:00:00;70.0;0.0;70.0;18.79;70.45;7.93;
2022-05-05 10:00:00;77.0;0.0;77.0;19.54;59.25;8.21;
2022-05-05 11:00:00;94.0;0.0;94.0;19.92;59.25;8.28;
2022-05-05 12:00:00;321.0;5.88;316.0;19.98;61.5;8.41;
2022-05-05 13:00:00;467.0;107.29;383.0;19.77;65.85;8.0;
2022-05-05 14:00:00;58.0;0.0;58.0;19.23;68.1;6.97;
2022-05-05 15:00:00;44.0;0.0;44.0;17.49;75.4;5.66;
2022-05-05 16:00:00;142.0;0.0;142.0;16.78;80.8;4.48;
2022-05-05 17:00:00;30.0;0.0;30.0;15.99;86.55;3.31;
2022-05-05 18:00:00;0.0;0.0;0.0;15.46;89.6;2.48;
2022-05-05 19:00:00;0.0;0.0;0.0;15.32;89.55;1.45;
2022-05-05 20:00:00;0.0;0.0;0.0;13.94;89.5;1.79;
2022-05-05 21:00:00;0.0;0.0;0.0;12.94;89.4;2.07;
2022-05-05 22:00:00;0.0;0.0;0.0;12.48;92.6;2.41;
2022-05-05 23:00:00;0.0;0.0;0.0;11.96;95.95;2.55;
2022-05-06 00:00:00;0.0;0.0;0.0;11.45;95.9;2.48;
2022-05-06 01:00:00;0.0;0.0;0.0;11.12;95.9;2.55;
2022-05-06 02:00:00;0.0;0.0;0.0;10.51;95.9;2.76;
2022-05-06 03:00:00;0.0;0.0;0.0;10.1;95.9;2.83;
2022-05-06 04:00:00;6.0;0.0;6.0;9.66;95.85;2.83;
2022-05-06 05:00:00;78.0;24.4;73.0;9.93;92.5;2.69;
2022-05-06 06:00:00;263.0;258.23;165.0;11.52;89.3;3.03;
2022-05-06 07:00:00;328.0;129.15;258.0;13.02;83.25;2.83;
2022-05-06 08:00:00;265.0;8.81;259.0;14.16;77.65;2.55;
2022-05-06 09:00:00;433.0;68.53;379.0;15.31;72.45;2.97;
2022-05-06 10:00:00;673.0;314.7;404.0;16.39;70.1;2.97;
2022-05-06 11:00:00;824.0;599.73;298.0;17.12;65.45;2.97;
2022-05-06 12:00:00;737.0;446.46;356.0;17.08;60.95;2.41;
2022-05-06 13:00:00;604.0;296.7;371.0;17.25;60.95;2.14;
2022-05-06 14:00:00;471.0;209.59;329.0;16.87;65.35;2.28;
2022-05-06 15:00:00;63.0;0.0;63.0;15.64;70.0;2.9;
2022-05-06 16:00:00;39.0;0.0;39.0;14.53;77.75;2.76;
2022-05-06 17:00:00;80.0;0.0;80.0;14.2;77.65;1.59;
2022-05-06 18:00:00;0.0;0.0;0.0;13.76;80.4;0.9;
2022-05-06 19:00:00;0.0;0.0;0.0;12.87;74.7;2.28;
2022-05-06 20:00:00;0.0;0.0;0.0;11.92;74.6;2.28;
2022-05-06 21:00:00;0.0;0.0;0.0;11.21;77.2;2.21;
2022-05-06 22:00:00;0.0;0.0;0.0;10.3;82.95;2.28;
2022-05-06 23:00:00;0.0;0.0;0.0;9.56;82.9;2.21;
2022-05-07 00:00:00;0.0;0.0;0.0;8.89;85.95;2.14;
2022-05-07 01:00:00;0.0;0.0;0.0;8.36;89.05;2.0;
2022-05-07 02:00:00;0.0;0.0;0.0;7.71;92.35;1.93;
2022-05-07 03:00:00;0.0;0.0;0.0;7.11;92.35;1.86;
2022-05-07 04:00:00;3.0;0.0;3.0;6.61;92.35;1.93;
2022-05-07 05:00:00;109.0;115.13;85.0;7.34;95.8;1.45;
2022-05-07 06:00:00;242.0;182.88;172.0;10.37;86.0;1.31;
2022-05-07 07:00:00;368.0;203.67;257.0;12.54;80.3;0.69;
2022-05-07 08:00:00;277.0;11.69;269.0;14.18;72.3;0.34;
2022-05-07 09:00:00;519.0;155.58;396.0;15.32;67.45;0.41;
2022-05-07 10:00:00;348.0;9.33;340.0;16.22;62.95;1.38;
2022-05-07 11:00:00;849.0;664.1;265.0;16.86;63.05;1.72;
2022-05-07 12:00:00;756.0;488.51;338.0;17.29;60.95;1.93;
2022-05-07 13:00:00;482.0;115.53;391.0;17.59;60.95;2.0;
2022-05-07 14:00:00;249.0;5.88;245.0;17.91;63.2;2.14;
2022-05-07 15:00:00;306.0;98.16;253.0;17.72;60.95;2.41;
2022-05-07 16:00:00;50.0;0.0;50.0;17.44;58.8;2.34;
2022-05-07 17:00:00;29.0;0.0;29.0;16.83;60.85;1.72;
2022-05-07 18:00:00;0.0;0.0;0.0;15.82;67.55;1.17;
2022-05-07 19:00:00;0.0;0.0;0.0;14.0;80.45;1.17;
2022-05-07 20:00:00;0.0;0.0;0.0;13.28;86.3;0.41;
2022-05-07 21:00:00;0.0;0.0;0.0;12.09;92.6;1.17;
2022-05-07 22:00:00;0.0;0.0;0.0;11.99;95.95;1.31;
2022-05-07 23:00:00;0.0;0.0;0.0;11.45;95.9;1.66;
2022-05-08 00:00:00;0.0;0.0;0.0;11.38;99.35;1.66;
2022-05-08 01:00:00;0.0;0.0;0.0;11.27;99.35;1.66;
2022-05-08 02:00:00;0.0;0.0;0.0;11.16;99.35;1.59;
2022-05-08 03:00:00;0.0;0.0;0.0;10.97;99.35;1.38;
2022-05-08 04:00:00;1.0;0.0;1.0;10.91;99.35;1.1;
2022-05-08 05:00:00;27.0;0.0;27.0;11.17;99.35;0.97;
2022-05-08 06:00:00;269.0;264.29;167.0;11.95;92.6;1.17;
2022-05-08 07:00:00;501.0;624.19;159.0;13.12;89.4;0.62;
2022-05-08 08:00:00;445.0;157.26;337.0;14.41;89.5;0.69;
2022-05-08 09:00:00;451.0;81.96;386.0;15.48;80.65;0.9;
2022-05-08 10:00:00;440.0;45.37;401.0;16.44;75.3;1.1;
2022-05-08 11:00:00;627.0;210.97;441.0;17.38;72.8;1.17;
2022-05-08 12:00:00;370.0;15.15;357.0;18.07;70.35;1.31;
2022-05-08 13:00:00;669.0;430.41;329.0;18.37;67.95;1.31;
2022-05-08 14:00:00;480.0;221.29;329.0;18.65;63.4;1.66;
2022-05-08 15:00:00;102.0;0.0;102.0;18.03;65.55;1.93;
2022-05-08 16:00:00;170.0;0.0;170.0;17.53;65.45;2.21;
2022-05-08 17:00:00;74.0;0.0;74.0;17.4;65.45;1.66;
2022-05-08 18:00:00;6.0;0.0;6.0;16.46;67.75;1.45;
2022-05-08 19:00:00;0.0;0.0;0.0;14.85;77.75;1.93;
2022-05-08 20:00:00;0.0;0.0;0.0;14.09;80.45;2.07;
2022-05-08 21:00:00;0.0;0.0;0.0;13.51;80.4;2.21;
2022-05-08 22:00:00;0.0;0.0;0.0;12.89;83.25;2.62;
2022-05-08 23:00:00;0.0;0.0;0.0;12.29;83.15;2.9;
2022-05-09 00:00:00;0.0;0.0;0.0;11.62;80.15;3.03;
2022-05-09 01:00:00;0.0;0.0;0.0;11.08;83.05;2.83;
2022-05-09 02:00:00;0.0;0.0;0.0;10.45;83.0;2.48;
2022-05-09 03:00:00;0.0;0.0;0.0;9.81;89.15;2.21;
2022-05-09 04:00:00;10.0;24.26;9.0;9.19;92.45;2.07;
2022-05-09 05:00:00;106.0;88.28;87.0;9.6;92.45;1.66;
2022-05-09 06:00:00;311.0;439.57;140.0;11.84;86.15;1.38;
2022-05-09 07:00:00;517.0;689.98;137.0;14.63;80.55;1.86;
2022-05-09 08:00:00;648.0;655.67;196.0;16.38;72.65;2.48;
2022-05-09 09:00:00;693.0;480.22;311.0;17.63;65.45;3.45;
2022-05-09 10:00:00;379.0;18.57;363.0;18.74;61.2;3.24;
2022-05-09 11:00:00;289.0;1.13;288.0;18.82;59.05;3.17;
2022-05-09 12:00:00;175.0;0.0;175.0;19.44;57.1;3.45;
2022-05-09 13:00:00;240.0;0.0;240.0;19.45;59.15;3.24;
2022-05-09 14:00:00;288.0;17.52;276.0;19.73;59.25;3.17;
2022-05-09 15:00:00;328.0;130.26;257.0;19.78;59.25;3.24;
2022-05-09 16:00:00;126.0;0.0;126.0;19.23;61.3;2.97;
2022-05-09 17:00:00;76.0;0.0;76.0;18.22;67.95;1.66;
2022-05-09 18:00:00;5.0;0.0;5.0;17.32;72.8;0.83;
2022-05-09 19:00:00;0.0;0.0;0.0;15.66;83.55;1.1;
2022-05-09 20:00:00;0.0;0.0;0.0;15.09;89.55;0.69;
2022-05-09 21:00:00;0.0;0.0;0.0;14.87;89.5;0.28;
2022-05-09 22:00:00;0.0;0.0;0.0;13.87;92.65;0.69;
2022-05-09 23:00:00;0.0;0.0;0.0;12.27;95.95;1.59;
2022-05-10 00:00:00;0.0;0.0;0.0;11.82;99.4;1.72;
2022-05-10 01:00:00;0.0;0.0;0.0;11.41;95.9;1.86;
2022-05-10 02:00:00;0.0;0.0;0.0;11.32;99.35;1.93;
2022-05-10 03:00:00;0.0;0.0;0.0;11.04;95.9;1.93;
2022-05-10 04:00:00;1.0;0.0;1.0;10.9;95.9;1.45;
2022-05-10 05:00:00;20.0;0.0;20.0;11.4;95.9;1.24;
2022-05-10 06:00:00;48.0;0.0;48.0;13.3;92.65;1.66;
2022-05-10 07:00:00;46.0;0.0;46.0;14.28;86.4;1.79;
2022-05-10 08:00:00;112.0;0.0;112.0;14.76;83.45;1.45;
2022-05-10 09:00:00;118.0;0.0;118.0;16.14;75.25;1.59;
2022-05-10 10:00:00;0.0;0.0;0.0;16.68;72.7;1.66;
2022-05-10 11:00:00;446.0;42.89;408.0;17.52;70.3;1.59;
2022-05-10 12:00:00;501.0;90.46;423.0;18.68;68.05;1.66;
2022-05-10 13:00:00;601.0;289.52;371.0;19.11;68.1;1.86;
2022-05-10 14:00:00;498.0;259.07;320.0;19.46;70.55;2.0;
2022-05-10 15:00:00;298.0;84.0;252.0;19.58;68.2;2.07;
2022-05-10 16:00:00;62.0;0.0;62.0;19.45;70.55;2.41;
2022-05-10 17:00:00;81.0;0.0;81.0;18.55;75.55;2.0;
2022-05-10 18:00:00;4.0;0.0;4.0;17.59;80.85;2.0;
2022-05-10 19:00:00;0.0;0.0;0.0;15.79;86.5;1.72;
2022-05-10 20:00:00;0.0;0.0;0.0;14.8;92.7;1.86;
2022-05-10 21:00:00;0.0;0.0;0.0;14.31;96.0;1.79;
2022-05-10 22:00:00;0.0;0.0;0.0;14.05;92.7;1.86;
2022-05-10 23:00:00;0.0;0.0;0.0;13.82;95.95;1.93;
2022-05-11 00:00:00;0.0;0.0;0.0;13.59;95.95;1.93;
2022-05-11 01:00:00;0.0;0.0;0.0;13.57;95.95;1.79;
2022-05-11 02:00:00;0.0;0.0;0.0;13.39;99.4;1.72;
2022-05-11 03:00:00;0.0;0.0;0.0;13.26;95.95;1.52;
2022-05-11 04:00:00;3.0;0.0;3.0;12.77;99.4;1.17;
2022-05-11 05:00:00;48.0;0.0;48.0;13.14;95.95;0.97;
2022-05-11 06:00:00;245.0;177.25;175.0;14.57;92.7;1.24;
2022-05-11 07:00:00;179.0;1.8;178.0;16.0;86.55;1.38;
2022-05-11 08:00:00;112.0;0.0;112.0;16.66;86.6;1.66;
2022-05-11 09:00:00;310.0;8.75;303.0;17.2;86.65;1.86;
2022-05-11 10:00:00;105.0;0.0;105.0;17.53;86.65;1.86;
2022-05-11 11:00:00;179.0;0.0;179.0;18.29;83.75;1.52;
2022-05-11 12:00:00;100.0;0.0;100.0;18.61;81.0;1.66;
2022-05-11 13:00:00;408.0;51.47;367.0;18.4;83.75;2.41;
2022-05-11 14:00:00;60.0;0.0;60.0;18.85;83.8;2.76;
2022-05-11 15:00:00;45.0;0.0;45.0;18.81;83.8;2.69;
2022-05-11 16:00:00;31.0;0.0;31.0;18.89;83.8;2.14;
2022-05-11 17:00:00;19.0;0.0;19.0;17.98;86.7;1.24;
2022-05-11 18:00:00;3.0;0.0;3.0;17.29;89.7;1.31;
2022-05-11 19:00:00;0.0;0.0;0.0;15.5;89.6;2.07;
2022-05-11 20:00:00;0.0;0.0;0.0;14.95;89.55;1.79;
2022-05-11 21:00:00;0.0;0.0;0.0;14.2;96.0;1.38;
2022-05-11 22:00:00;0.0;0.0;0.0;13.91;95.95;1.17;
2022-05-11 23:00:00;0.0;0.0;0.0;13.47;95.95;1.24;
2022-05-12 00:00:00;0.0;0.0;0.0;12.94;95.95;1.38;
2022-05-12 01:00:00;0.0;0.0;0.0;12.6;95.95;1.52;
2022-05-12 02:00:00;0.0;0.0;0.0;12.55;95.95;1.59;
2022-05-12 03:00:00;0.0;0.0;0.0;12.52;95.95;2.0;
2022-05-12 04:00:00;5.0;0.0;5.0;12.9;99.4;1.86;
2022-05-12 05:00:00;48.0;0.0;48.0;13.49;95.95;1.66;
2022-05-12 06:00:00;126.0;2.51;125.0;14.53;92.7;2.0;
2022-05-12 07:00:00;497.0;583.49;171.0;15.83;86.5;1.66;
2022-05-12 08:00:00;343.0;44.5;312.0;16.95;78.1;1.03;
2022-05-12 09:00:00;575.0;233.09;388.0;17.77;80.85;0.34;
2022-05-12 10:00:00;613.0;211.92;429.0;18.77;81.0;0.55;
2022-05-12 11:00:00;713.0;346.03;405.0;19.74;75.7;0.83;
2022-05-12 12:00:00;877.0;810.26;175.0;20.12;75.75;0.83;
2022-05-12 13:00:00;302.0;6.26;297.0;20.55;73.3;0.62;
2022-05-12 14:00:00;431.0;138.8;335.0;20.67;66.05;0.76;
2022-05-12 15:00:00;291.0;72.4;251.0;19.83;70.65;1.24;
2022-05-12 16:00:00;30.0;0.0;30.0;17.95;80.85;2.34;
2022-05-12 17:00:00;14.0;0.0;14.0;16.73;83.65;2.07;
2022-05-12 18:00:00;1.0;0.0;1.0;16.24;89.65;0.97;
2022-05-12 19:00:00;0.0;0.0;0.0;15.48;89.6;1.45;
2022-05-12 20:00:00;0.0;0.0;0.0;14.87;96.0;2.14;
2022-05-12 21:00:00;0.0;0.0;0.0;14.23;96.0;2.28;
2022-05-12 22:00:00;0.0;0.0;0.0;13.64;95.95;2.07;
2022-05-12 23:00:00;0.0;0.0;0.0;13.23;95.95;1.93;
2022-05-13 00:00:00;0.0;0.0;0.0;12.98;95.95;1.66;
2022-05-13 01:00:00;0.0;0.0;0.0;12.8;95.95;1.52;
2022-05-13 02:00:00;0.0;0.0;0.0;12.54;95.95;1.59;
2022-05-13 03:00:00;0.0;0.0;0.0;12.3;99.4;1.52;
2022-05-13 04:00:00;16.0;36.59;14.0;12.16;95.95;1.38;
2022-05-13 05:00:00;130.0;158.12;94.0;12.88;95.95;1.52;
2022-05-13 06:00:00;265.0;217.26;178.0;13.83;92.65;1.52;
2022-05-13 07:00:00;288.0;60.58;254.0;15.36;86.5;1.24;
2022-05-13 08:00:00;364.0;58.66;323.0;16.59;80.8;0.97;
2022-05-13 09:00:00;611.0;287.18;380.0;17.61;80.85;1.45;
2022-05-13 10:00:00;633.0;235.56;428.0;18.58;75.55;2.0;
2022-05-13 11:00:00;914.0;827.28;176.0;19.08;70.55;2.62;
2022-05-13 12:00:00;895.0;840.65;165.0;19.53;68.2;3.03;
2022-05-13 13:00:00;804.0;792.99;169.0;20.0;65.95;3.24;
2022-05-13 14:00:00;638.0;609.63;215.0;20.01;61.5;3.52;
2022-05-13 15:00:00;432.0;358.6;233.0;20.08;59.35;3.52;
2022-05-13 16:00:00;39.0;0.0;39.0;18.56;65.65;3.03;
2022-05-13 17:00:00;83.0;0.0;83.0;18.2;70.35;2.0;
2022-05-13 18:00:00;13.0;0.0;13.0;17.04;75.4;2.14;
2022-05-13 19:00:00;0.0;0.0;0.0;15.19;80.6;2.48;
2022-05-13 20:00:00;0.0;0.0;0.0;14.57;83.45;2.41;
2022-05-13 21:00:00;0.0;0.0;0.0;14.14;86.4;2.28;
2022-05-13 22:00:00;0.0;0.0;0.0;13.29;89.4;2.41;
2022-05-13 23:00:00;0.0;0.0;0.0;12.79;92.6;2.41;
2022-05-14 00:00:00;0.0;0.0;0.0;12.24;95.95;2.41;
2022-05-14 01:00:00;0.0;0.0;0.0;11.96;92.6;2.21;
2022-05-14 02:00:00;0.0;0.0;0.0;11.56;92.55;2.14;
2022-05-14 03:00:00;0.0;0.0;0.0;11.01;95.9;2.0;
2022-05-14 04:00:00;25.0;138.47;17.0;10.44;95.9;1.72;
2022-05-14 05:00:00;180.0;464.11;73.0;11.09;95.9;1.31;
2022-05-14 06:00:00;339.0;513.55;132.0;13.2;89.4;1.31;
2022-05-14 07:00:00;286.0;56.78;254.0;15.44;77.85;2.76;
2022-05-14 08:00:00;663.0;657.47;202.0;16.93;70.2;3.24;
2022-05-14 09:00:00;830.0;837.02;155.0;18.1;65.55;3.45;
2022-05-14 10:00:00;733.0;407.02;378.0;18.9;61.2;3.31;
2022-05-14 11:00:00;740.0;380.32;400.0;19.37;59.15;2.97;
2022-05-14 12:00:00;531.0;110.3;435.0;19.28;59.15;2.28;
2022-05-14 13:00:00;556.0;196.81;398.0;19.6;55.2;1.24;
2022-05-14 14:00:00;673.0;716.91;174.0;18.8;61.2;0.97;
2022-05-14 15:00:00;495.0;570.6;177.0;18.06;65.55;1.66;
2022-05-14 16:00:00;113.0;0.0;113.0;17.12;67.85;2.07;
2022-05-14 17:00:00;89.0;0.0;89.0;16.52;72.7;1.59;
2022-05-14 18:00:00;12.0;0.0;12.0;16.24;77.95;1.52;
2022-05-14 19:00:00;0.0;0.0;0.0;15.73;77.85;1.72;
2022-05-14 20:00:00;0.0;0.0;0.0;14.65;86.45;1.31;
2022-05-14 21:00:00;0.0;0.0;0.0;13.78;89.45;1.24;
2022-05-14 22:00:00;0.0;0.0;0.0;13.39;92.65;2.55;
2022-05-14 23:00:00;0.0;0.0;0.0;12.82;92.6;3.45;
2022-05-15 00:00:00;0.0;0.0;0.0;12.69;92.6;3.24;
2022-05-15 01:00:00;0.0;0.0;0.0;12.66;92.6;2.62;
2022-05-15 02:00:00;0.0;0.0;0.0;12.66;92.6;2.55;
2022-05-15 03:00:00;0.0;0.0;0.0;12.49;92.6;2.55;
2022-05-15 04:00:00;5.0;0.0;5.0;12.17;95.95;2.76;
2022-05-15 05:00:00;32.0;0.0;32.0;12.08;95.95;3.17;
2022-05-15 06:00:00;34.0;0.0;34.0;12.21;95.95;2.97;
2022-05-15 07:00:00;74.0;0.0;74.0;13.12;89.4;2.55;
2022-05-15 08:00:00;145.0;0.0;145.0;14.14;83.4;2.9;
2022-05-15 09:00:00;180.0;0.0;180.0;14.87;80.55;3.1;
2022-05-15 10:00:00;211.0;0.0;211.0;15.19;77.8;2.55;
2022-05-15 11:00:00;167.0;0.0;167.0;15.11;77.8;1.86;
2022-05-15 12:00:00;164.0;0.0;164.0;15.17;80.6;1.59;
2022-05-15 13:00:00;162.0;0.0;162.0;15.0;80.6;1.72;
2022-05-15 14:00:00;116.0;0.0;116.0;14.93;80.6;2.69;
2022-05-15 15:00:00;84.0;0.0;84.0;14.8;86.45;3.1;
2022-05-15 16:00:00;33.0;0.0;33.0;14.5;86.45;3.66;
2022-05-15 17:00:00;62.0;0.0;62.0;14.43;83.45;4.14;
2022-05-15 18:00:00;8.0;0.0;8.0;13.84;86.35;4.28;
2022-05-15 19:00:00;0.0;0.0;0.0;13.19;89.4;2.0;
2022-05-15 20:00:00;0.0;0.0;0.0;12.68;92.6;2.55;
2022-05-15 21:00:00;0.0;0.0;0.0;12.14;89.35;3.1;
2022-05-15 22:00:00;0.0;0.0;0.0;11.71;89.3;3.38;
2022-05-15 23:00:00;0.0;0.0;0.0;11.58;86.15;3.17;
2022-05-16 00:00:00;0.0;0.0;0.0;11.56;86.15;2.83;
2022-05-16 01:00:00;0.0;0.0;0.0;11.39;86.15;2.34;
2022-05-16 02:00:00;0.0;0.0;0.0;11.24;89.3;2.07;
2022-05-16 03:00:00;0.0;0.0;0.0;11.09;89.3;1.93;
2022-05-16 04:00:00;3.0;0.0;3.0;10.81;92.5;1.86;
2022-05-16 05:00:00;111.0;67.79;95.0;11.11;92.55;1.52;
2022-05-16 06:00:00;161.0;17.15;154.0;12.55;86.25;1.66;
2022-05-16 07:00:00;187.0;1.76;186.0;13.87;83.35;2.76;
2022-05-16 08:00:00;541.0;307.65;324.0;15.42;75.1;2.9;
2022-05-16 09:00:00;633.0;315.93;377.0;16.98;65.45;2.62;
2022-05-16 10:00:00;699.0;333.37;407.0;18.24;61.05;1.93;
2022-05-16 11:00:00;743.0;382.11;400.0;19.13;51.25;1.38;
2022-05-16 12:00:00;840.0;660.14;263.0;19.9;44.45;1.24;
2022-05-16 13:00:00;760.0;627.22;254.0;20.35;41.45;1.1;
2022-05-16 14:00:00;594.0;449.82;279.0;20.51;38.65;0.55;
2022-05-16 15:00:00;492.0;540.98;188.0;20.6;38.65;1.31;
2022-05-16 16:00:00;137.0;0.0;137.0;20.25;43.0;2.0;
2022-05-16 17:00:00;94.0;0.0;94.0;19.44;53.15;1.66;
2022-05-16 18:00:00;16.0;0.0;16.0;18.09;58.9;1.79;
2022-05-16 19:00:00;0.0;0.0;0.0;16.79;70.2;1.24;
2022-05-16 20:00:00;0.0;0.0;0.0;15.84;70.0;1.03;
2022-05-16 21:00:00;0.0;0.0;0.0;15.03;69.9;0.69;
2022-05-16 22:00:00;0.0;0.0;0.0;13.85;77.6;0.69;
2022-05-16 23:00:00;0.0;0.0;0.0;13.39;80.35;0.55;
2022-05-17 00:00:00;0.0;0.0;0.0;12.79;83.25;0.9;
2022-05-17 01:00:00;0.0;0.0;0.0;10.87;92.5;1.66;
2022-05-17 02:00:00;0.0;0.0;0.0;10.7;92.5;1.72;
2022-05-17 03:00:00;0.0;0.0;0.0;10.61;92.5;1.79;
2022-05-17 04:00:00;31.0;150.21;21.0;10.62;92.5;1.72;
2022-05-17 05:00:00;174.0;372.98;85.0;11.56;89.3;1.38;
2022-05-17 06:00:00;276.0;224.16;184.0;14.17;80.45;1.1;
2022-05-17 07:00:00;404.0;240.23;267.0;16.59;72.7;1.24;
2022-05-17 08:00:00;571.0;369.0;310.0;18.12;67.95;1.24;
2022-05-17 09:00:00;695.0;438.34;339.0;19.47;57.2;1.31;
2022-05-17 10:00:00;876.0;745.16;222.0;20.21;51.5;0.9;
2022-05-17 11:00:00;933.0;841.68;176.0;20.71;48.05;0.28;
2022-05-17 12:00:00;933.0;903.13;142.0;21.08;44.85;0.48;
2022-05-17 13:00:00;840.0;853.29;150.0;21.19;44.85;1.52;
2022-05-17 14:00:00;703.0;787.36;150.0;21.35;43.25;2.34;
2022-05-17 15:00:00;511.0;602.61;171.0;21.15;43.25;2.62;
2022-05-17 16:00:00;130.0;0.0;130.0;20.93;46.35;2.62;
2022-05-17 17:00:00;95.0;0.0;95.0;20.2;53.35;2.14;
2022-05-17 18:00:00;16.0;0.0;16.0;18.8;59.05;1.93;
2022-05-17 19:00:00;0.0;0.0;0.0;16.77;63.05;2.28;
2022-05-17 20:00:00;0.0;0.0;0.0;14.88;72.4;1.93;
2022-05-17 21:00:00;0.0;0.0;0.0;13.64;77.6;1.59;
2022-05-17 22:00:00;0.0;0.0;0.0;12.76;80.3;1.45;
2022-05-17 23:00:00;0.0;0.0;0.0;11.83;86.15;1.38;
2022-05-18 00:00:00;0.0;0.0;0.0;11.26;86.1;1.31;
2022-05-18 01:00:00;0.0;0.0;0.0;11.07;86.1;1.1;
2022-05-18 02:00:00;0.0;0.0;0.0;11.23;86.1;0.97;
2022-05-18 03:00:00;0.0;0.0;0.0;10.68;89.25;0.76;
2022-05-18 04:00:00;17.0;14.43;16.0;10.0;89.2;0.97;
2022-05-18 05:00:00;193.0;493.52;74.0;10.28;95.9;0.9;
2022-05-18 06:00:00;386.0;688.15;102.0;13.22;83.25;0.97;
2022-05-18 07:00:00;574.0;798.46;117.0;15.07;72.45;1.86;
2022-05-18 08:00:00;738.0;857.31;130.0;17.55;65.45;2.0;
2022-05-18 09:00:00;854.0;867.42;148.0;19.7;57.2;2.07;
2022-05-18 10:00:00;931.0;879.05;158.0;21.32;44.85;2.28;
2022-05-18 11:00:00;926.0;804.59;201.0;22.09;37.65;2.34;
2022-05-18 12:00:00;908.0;828.41;181.0;22.38;36.3;1.93;
2022-05-18 13:00:00;840.0;841.46;158.0;22.33;36.3;1.38;
2022-05-18 14:00:00;692.0;733.99;175.0;22.43;36.3;0.97;
2022-05-18 15:00:00;542.0;709.7;140.0;22.17;35.0;0.62;
2022-05-18 16:00:00;118.0;0.0;118.0;21.73;38.9;0.69;
2022-05-18 17:00:00;92.0;0.0;92.0;21.05;44.85;1.17;
2022-05-18 18:00:00;15.0;0.0;15.0;19.26;57.1;1.86;
2022-05-18 19:00:00;0.0;0.0;0.0;18.0;61.05;2.07;
2022-05-18 20:00:00;0.0;0.0;0.0;16.91;63.05;3.31;
2022-05-18 21:00:00;0.0;0.0;0.0;16.52;70.2;3.79;
2022-05-18 22:00:00;0.0;0.0;0.0;16.39;72.65;4.0;
2022-05-18 23:00:00;0.0;0.0;0.0;16.37;67.65;4.48;
2022-05-19 00:00:00;0.0;0.0;0.0;16.2;58.6;4.83;
2022-05-19 01:00:00;0.0;0.0;0.0;16.2;50.6;4.9;
2022-05-19 02:00:00;0.0;0.0;0.0;15.74;50.5;4.41;
2022-05-19 03:00:00;0.0;0.0;0.0;15.33;52.25;3.86;
2022-05-19 04:00:00;3.0;0.0;3.0;14.65;56.15;3.03;
2022-05-19 05:00:00;26.0;0.0;26.0;14.13;64.85;2.14;
2022-05-19 06:00:00;226.0;91.59;188.0;14.58;69.85;1.59;
2022-05-19 07:00:00;442.0;325.6;255.0;16.86;60.85;3.72;
2022-05-19 08:00:00;509.0;230.66;345.0;17.26;50.85;4.28;
2022-05-19 09:00:00;827.0;790.83;182.0;18.04;44.05;4.34;
2022-05-19 10:00:00;885.0;751.43;223.0;18.3;40.9;4.14;
2022-05-19 11:00:00;861.0;623.68;298.0;18.81;39.55;3.79;
2022-05-19 12:00:00;887.0;765.4;214.0;19.0;36.8;3.45;
2022-05-19 13:00:00;813.0;758.33;197.0;19.17;36.8;3.1;
2022-05-19 14:00:00;680.0;690.88;192.0;19.24;36.8;2.55;
2022-05-19 15:00:00;540.0;696.42;144.0;19.13;35.45;1.86;
2022-05-19 16:00:00;100.0;0.0;100.0;18.94;36.7;1.1;
2022-05-19 17:00:00;92.0;0.0;92.0;18.57;39.55;0.76;
2022-05-19 18:00:00;20.0;0.0;20.0;17.75;47.3;0.28;
2022-05-19 19:00:00;0.0;0.0;0.0;16.13;58.6;0.97;
2022-05-19 20:00:00;0.0;0.0;0.0;14.6;64.95;1.17;
2022-05-19 21:00:00;0.0;0.0;0.0;14.39;64.85;0.97;
2022-05-19 22:00:00;0.0;0.0;0.0;14.19;64.85;0.9;
2022-05-19 23:00:00;0.0;0.0;0.0;13.43;69.65;0.9;
2022-05-20 00:00:00;0.0;0.0;0.0;12.29;80.2;1.1;
2022-05-20 01:00:00;0.0;0.0;0.0;11.74;83.1;1.72;
2022-05-20 02:00:00;0.0;0.0;0.0;11.57;83.1;2.14;
2022-05-20 03:00:00;0.0;0.0;0.0;12.28;80.2;2.28;
2022-05-20 04:00:00;17.0;0.0;17.0;12.53;77.45;2.41;
2022-05-20 05:00:00;99.0;32.54;91.0;13.26;80.35;2.28;
2022-05-20 06:00:00;280.0;223.04;187.0;14.73;75.0;2.07;
2022-05-20 07:00:00;447.0;345.35;248.0;16.8;67.75;2.55;
2022-05-20 08:00:00;565.0;349.36;316.0;17.62;65.45;2.55;
2022-05-20 09:00:00;621.0;282.66;390.0;18.18;61.05;2.55;
2022-05-20 10:00:00;839.0;634.52;279.0;18.81;54.95;2.48;
2022-05-20 11:00:00;644.0;212.32;452.0;19.4;53.15;2.21;
2022-05-20 12:00:00;798.0;535.8;326.0;19.5;51.4;2.14;
2022-05-20 13:00:00;832.0;826.7;159.0;19.57;49.55;2.14;
2022-05-20 14:00:00;660.0;631.1;213.0;19.56;49.55;2.14;
2022-05-20 15:00:00;529.0;658.76;153.0;19.43;51.25;2.0;
2022-05-20 16:00:00;115.0;0.0;115.0;19.14;51.25;1.52;
2022-05-20 17:00:00;81.0;0.0;81.0;18.75;53.0;1.17;
2022-05-20 18:00:00;21.0;0.0;21.0;17.85;63.2;1.17;
2022-05-20 19:00:00;0.0;0.0;0.0;16.51;70.2;1.79;
2022-05-20 20:00:00;0.0;0.0;0.0;15.19;77.8;1.66;
2022-05-20 21:00:00;0.0;0.0;0.0;13.71;83.35;1.66;
2022-05-20 22:00:00;0.0;0.0;0.0;12.67;89.4;1.72;
2022-05-20 23:00:00;0.0;0.0;0.0;12.76;89.4;1.45;
2022-05-21 00:00:00;0.0;0.0;0.0;12.58;86.25;1.17;
2022-05-21 01:00:00;0.0;0.0;0.0;13.06;83.25;0.83;
2022-05-21 02:00:00;0.0;0.0;0.0;11.99;86.2;1.03;
2022-05-21 03:00:00;0.0;0.0;0.0;11.14;92.55;1.24;
2022-05-21 04:00:00;33.0;90.96;26.0;10.85;92.5;1.17;
2022-05-21 05:00:00;198.0;487.78;77.0;11.91;89.35;0.76;
2022-05-21 06:00:00;357.0;537.03;132.0;14.98;77.8;0.83;
2022-05-21 07:00:00;529.0;624.54;168.0;17.85;72.8;1.45;
2022-05-21 08:00:00;663.0;620.1;220.0;19.67;63.6;2.07;
2022-05-21 09:00:00;792.0;693.71;224.0;21.1;57.55;2.21;
2022-05-21 10:00:00;901.0;813.28;182.0;22.25;52.0;1.59;
2022-05-21 11:00:00;688.0;275.99;438.0;23.14;47.0;0.41;
2022-05-21 12:00:00;883.0;765.98;207.0;23.51;42.35;0.76;
2022-05-21 13:00:00;788.0;691.34;224.0;22.47;48.45;1.86;
2022-05-21 14:00:00;474.0;180.23;346.0;21.86;51.9;3.17;
2022-05-21 15:00:00;510.0;574.3;181.0;21.76;53.75;3.86;
2022-05-21 16:00:00;167.0;0.0;167.0;21.04;57.55;3.45;
2022-05-21 17:00:00;16.0;0.0;16.0;20.27;63.7;2.41;
2022-05-21 18:00:00;18.0;0.0;18.0;19.33;68.1;1.72;
2022-05-21 19:00:00;0.0;0.0;0.0;17.68;67.85;2.83;
2022-05-21 20:00:00;0.0;0.0;0.0;16.57;70.2;2.41;
2022-05-21 21:00:00;0.0;0.0;0.0;15.5;72.55;1.66;
2022-05-21 22:00:00;0.0;0.0;0.0;15.12;75.1;0.76;
2022-05-21 23:00:00;0.0;0.0;0.0;15.36;69.9;0.14;
2022-05-22 00:00:00;0.0;0.0;0.0;14.83;72.4;0.41;
2022-05-22 01:00:00;0.0;0.0;0.0;14.42;72.4;0.28;
2022-05-22 02:00:00;0.0;0.0;0.0;13.98;74.95;0.21;
2022-05-22 03:00:00;0.0;0.0;0.0;13.61;77.6;0.41;
2022-05-22 04:00:00;43.0;214.37;26.0;13.14;80.35;0.76;
2022-05-22 05:00:00;135.0;119.91;105.0;12.84;86.25;0.76;
2022-05-22 06:00:00;379.0;634.38;112.0;16.05;72.65;0.76;
2022-05-22 07:00:00;566.0;757.22;127.0;18.67;65.65;0.76;
2022-05-22 08:00:00;717.0;793.32;149.0;20.63;59.5;0.97;
2022-05-22 09:00:00;824.0;789.99;176.0;22.1;53.85;1.03;
2022-05-22 10:00:00;911.0;836.8;170.0;23.09;50.45;1.03;
2022-05-22 11:00:00;927.0;818.93;184.0;23.8;47.15;1.17;
2022-05-22 12:00:00;889.0;780.47;199.0;24.28;44.05;1.31;
2022-05-22 13:00:00;815.0;771.88;184.0;24.58;41.15;1.45;
2022-05-22 14:00:00;710.0;789.27;148.0;24.56;39.7;1.52;
2022-05-22 15:00:00;549.0;721.81;134.0;24.4;41.0;1.24;
2022-05-22 16:00:00;135.0;0.0;135.0;24.08;41.0;0.48;
2022-05-22 17:00:00;76.0;0.0;76.0;23.2;45.35;0.69;
2022-05-22 18:00:00;19.0;0.0;19.0;21.61;64.0;1.17;
2022-05-22 19:00:00;0.0;0.0;0.0;19.23;68.1;2.41;
2022-05-22 20:00:00;0.0;0.0;0.0;17.64;72.8;2.41;
2022-05-22 21:00:00;0.0;0.0;0.0;16.33;77.95;2.07;
2022-05-22 22:00:00;0.0;0.0;0.0;15.52;77.85;1.38;
2022-05-22 23:00:00;0.0;0.0;0.0;16.58;70.2;0.28;
2022-05-23 00:00:00;0.0;0.0;0.0;15.33;77.8;0.9;
2022-05-23 01:00:00;0.0;0.0;0.0;13.9;86.35;1.31;
2022-05-23 02:00:00;0.0;0.0;0.0;13.97;83.4;1.1;
2022-05-23 03:00:00;0.0;0.0;0.0;14.11;83.4;0.9;
2022-05-23 04:00:00;33.0;73.57;27.0;13.98;83.4;0.9;
2022-05-23 05:00:00;188.0;404.42;86.0;14.59;86.45;0.55;
2022-05-23 06:00:00;376.0;617.46;115.0;17.4;80.85;0.55;
2022-05-23 07:00:00;561.0;736.16;133.0;19.71;70.65;0.21;
2022-05-23 08:00:00;710.0;772.14;156.0;21.71;57.65;0.21;
2022-05-23 09:00:00;829.0;802.01;170.0;22.99;52.1;0.62;
2022-05-23 10:00:00;907.0;824.21;176.0;23.93;47.15;0.83;
2022-05-23 11:00:00;938.0;842.96;172.0;24.52;42.65;0.69;
2022-05-23 12:00:00;884.0;764.47;207.0;24.88;42.65;0.62;
2022-05-23 13:00:00;789.0;689.76;224.0;25.11;41.25;1.03;
2022-05-23 14:00:00;670.0;652.78;204.0;25.24;41.25;1.31;
2022-05-23 15:00:00;377.0;180.25;273.0;25.21;41.25;1.1;
2022-05-23 16:00:00;143.0;0.0;143.0;24.83;42.65;0.28;
2022-05-23 17:00:00;85.0;0.0;85.0;24.11;47.25;0.41;
2022-05-23 18:00:00;3.0;0.0;3.0;22.41;71.05;0.76;
2022-05-23 19:00:00;0.0;0.0;0.0;19.61;75.7;2.0;
2022-05-23 20:00:00;0.0;0.0;0.0;17.8;86.65;1.86;
2022-05-23 21:00:00;0.0;0.0;0.0;16.56;86.6;1.59;
2022-05-23 22:00:00;0.0;0.0;0.0;15.74;89.6;1.45;
2022-05-23 23:00:00;0.0;0.0;0.0;14.87;92.7;1.52;
2022-05-24 00:00:00;0.0;0.0;0.0;13.94;92.7;1.79;
2022-05-24 01:00:00;0.0;0.0;0.0;13.67;92.65;1.93;
2022-05-24 02:00:00;0.0;0.0;0.0;13.58;92.65;1.93;
2022-05-24 03:00:00;0.0;0.0;0.0;13.29;95.95;1.79;
2022-05-24 04:00:00;5.0;0.0;5.0;13.02;92.65;1.66;
2022-05-24 05:00:00;167.0;259.69;101.0;14.78;92.7;0.97;
2022-05-24 06:00:00;364.0;553.68;129.0;18.13;83.75;0.69;
2022-05-24 07:00:00;550.0;701.6;141.0;20.08;75.75;0.97;
2022-05-24 08:00:00;711.0;776.17;153.0;21.85;66.25;0.83;
2022-05-24 09:00:00;826.0;797.05;170.0;23.18;56.0;0.62;
2022-05-24 10:00:00;908.0;829.73;171.0;24.44;50.7;1.1;
2022-05-24 11:00:00;934.0;837.3;172.0;25.4;44.3;1.93;
2022-05-24 12:00:00;911.0;841.0;165.0;25.97;41.4;2.41;
2022-05-24 13:00:00;835.0;827.32;156.0;26.33;40.1;2.83;
2022-05-24 14:00:00;709.0;783.91;148.0;26.45;40.1;2.9;
2022-05-24 15:00:00;543.0;696.09;140.0;26.36;41.55;2.76;
2022-05-24 16:00:00;124.0;0.0;124.0;26.01;46.0;2.41;
2022-05-24 17:00:00;91.0;0.0;91.0;25.03;52.75;1.93;
2022-05-24 18:00:00;25.0;0.0;25.0;23.61;58.1;2.07;
2022-05-24 19:00:00;0.0;0.0;0.0;21.43;66.15;2.9;
2022-05-24 20:00:00;0.0;0.0;0.0;20.12;68.3;2.83;
2022-05-24 21:00:00;0.0;0.0;0.0;19.17;68.1;2.83;
2022-05-24 22:00:00;0.0;0.0;0.0;18.56;70.45;2.9;
2022-05-24 23:00:00;0.0;0.0;0.0;17.99;70.35;2.76;
2022-05-25 00:00:00;0.0;0.0;0.0;17.0;72.8;2.28;
2022-05-25 01:00:00;0.0;0.0;0.0;15.92;77.85;1.72;
2022-05-25 02:00:00;0.0;0.0;0.0;15.27;77.8;1.38;
2022-05-25 03:00:00;0.0;0.0;0.0;14.52;80.55;1.31;
2022-05-25 04:00:00;37.0;93.28;29.0;13.91;86.35;1.31;
2022-05-25 05:00:00;193.0;417.98;86.0;14.45;83.45;1.1;
2022-05-25 06:00:00;381.0;621.95;116.0;17.31;72.8;1.24;
2022-05-25 07:00:00;568.0;749.44;130.0;19.52;63.6;1.52;
2022-05-25 08:00:00;725.0;806.64;144.0;21.2;59.6;1.72;
2022-05-25 09:00:00;837.0;815.21;165.0;22.71;54.0;2.07;
2022-05-25 10:00:00;920.0;848.78;165.0;24.04;50.7;2.41;
2022-05-25 11:00:00;947.0;855.84;167.0;25.17;49.2;2.76;
2022-05-25 12:00:00;928.0;871.18;154.0;26.09;46.15;3.03;
2022-05-25 13:00:00;847.0;846.43;151.0;26.8;44.7;3.1;
2022-05-25 14:00:00;724.0;812.68;141.0;27.3;44.8;3.1;
2022-05-25 15:00:00;553.0;714.42;138.0;27.53;44.8;3.1;
2022-05-25 16:00:00;118.0;0.0;118.0;27.33;46.4;2.83;
2022-05-25 17:00:00;95.0;0.0;95.0;26.09;49.45;2.97;
2022-05-25 18:00:00;26.0;0.0;26.0;23.97;52.35;3.38;
2022-05-25 19:00:00;0.0;0.0;0.0;22.03;50.2;4.14;
2022-05-25 20:00:00;0.0;0.0;0.0;20.54;48.05;4.0;
2022-05-25 21:00:00;0.0;0.0;0.0;19.1;51.25;3.66;
2022-05-25 22:00:00;0.0;0.0;0.0;17.89;54.7;3.31;
2022-05-25 23:00:00;0.0;0.0;0.0;16.9;56.6;3.1;
2022-05-26 00:00:00;0.0;0.0;0.0;16.03;58.6;2.9;
2022-05-26 01:00:00;0.0;0.0;0.0;15.25;62.75;2.69;
2022-05-26 02:00:00;0.0;0.0;0.0;14.36;67.25;2.34;
2022-05-26 03:00:00;0.0;0.0;0.0;13.49;69.65;2.21;
2022-05-26 04:00:00;39.0;102.6;30.0;12.83;77.45;2.28;
2022-05-26 05:00:00;190.0;376.35;93.0;13.67;77.6;2.0;
2022-05-26 06:00:00;325.0;348.43;176.0;16.3;70.1;1.93;
2022-05-26 07:00:00;553.0;686.21;151.0;19.47;59.25;3.03;
2022-05-26 08:00:00;575.0;353.41;320.0;21.11;51.75;3.66;
2022-05-26 09:00:00;841.0;812.8;170.0;22.38;46.75;4.07;
2022-05-26 10:00:00;924.0;846.51;170.0;23.42;42.25;4.41;
2022-05-26 11:00:00;955.0;865.62;165.0;24.12;41.0;4.55;
2022-05-26 12:00:00;937.0;881.08;153.0;24.69;42.65;4.41;
2022-05-26 13:00:00;855.0;855.8;150.0;25.12;41.25;4.14;
2022-05-26 14:00:00;732.0;823.28;140.0;25.43;41.25;4.07;
2022-05-26 15:00:00;557.0;715.52;140.0;25.58;39.95;3.93;
2022-05-26 16:00:00;114.0;0.0;114.0;25.32;41.25;3.1;
2022-05-26 17:00:00;93.0;0.0;93.0;24.45;48.95;2.21;
2022-05-26 18:00:00;27.0;0.0;27.0;22.87;54.0;2.28;
2022-05-26 19:00:00;0.0;0.0;0.0;20.81;55.45;2.9;
2022-05-26 20:00:00;0.0;0.0;0.0;19.34;61.3;2.97;
2022-05-26 21:00:00;0.0;0.0;0.0;18.18;63.3;2.9;
2022-05-26 22:00:00;0.0;0.0;0.0;17.14;65.45;2.76;
2022-05-26 23:00:00;0.0;0.0;0.0;16.22;67.65;2.76;
2022-05-27 00:00:00;0.0;0.0;0.0;15.45;70.0;2.62;
2022-05-27 01:00:00;0.0;0.0;0.0;14.75;72.4;2.41;
2022-05-27 02:00:00;0.0;0.0;0.0;13.9;77.6;2.21;
2022-05-27 03:00:00;0.0;0.0;0.0;12.96;80.35;1.93;
2022-05-27 04:00:00;42.0;122.8;31.0;12.38;86.2;1.66;
2022-05-27 05:00:00;196.0;416.37;88.0;13.49;86.35;1.1;
2022-05-27 06:00:00;314.0;312.28;180.0;16.26;72.65;1.03;
2022-05-27 07:00:00;540.0;638.68;165.0;18.43;67.95;0.97;
2022-05-27 08:00:00;723.0;795.56;148.0;20.0;63.7;0.69;
2022-05-27 09:00:00;834.0;803.2;170.0;21.37;59.6;0.41;
2022-05-27 10:00:00;917.0;836.44;171.0;22.63;54.0;0.48;
2022-05-27 11:00:00;948.0;855.72;166.0;23.58;50.55;0.55;
2022-05-27 12:00:00;880.0;736.15;224.0;24.12;47.25;0.97;
2022-05-27 13:00:00;102.0;0.0;102.0;24.1;47.25;1.45;
2022-05-27 14:00:00;78.0;0.0;78.0;22.4;59.8;3.17;
2022-05-27 15:00:00;49.0;0.0;49.0;20.19;70.7;3.17;
2022-05-27 16:00:00;37.0;0.0;37.0;20.0;68.3;0.48;
2022-05-27 17:00:00;90.0;0.0;90.0;20.07;70.7;0.83;
2022-05-27 18:00:00;29.0;0.0;29.0;19.64;73.15;1.24;
2022-05-27 19:00:00;0.0;0.0;0.0;18.36;80.9;1.52;
2022-05-27 20:00:00;0.0;0.0;0.0;16.98;83.7;1.86;
2022-05-27 21:00:00;0.0;0.0;0.0;15.9;89.6;1.45;
2022-05-27 22:00:00;0.0;0.0;0.0;15.07;89.55;1.38;
2022-05-27 23:00:00;0.0;0.0;0.0;14.5;89.5;1.38;
2022-05-28 00:00:00;0.0;0.0;0.0;15.06;86.5;0.9;
2022-05-28 01:00:00;0.0;0.0;0.0;15.08;89.55;0.48;
2022-05-28 02:00:00;0.0;0.0;0.0;14.37;92.7;0.41;
2022-05-28 03:00:00;0.0;0.0;0.0;13.89;95.95;0.48;
2022-05-28 04:00:00;34.0;54.74;29.0;13.22;95.95;0.76;
2022-05-28 05:00:00;149.0;153.29;109.0;13.74;95.95;0.9;
2022-05-28 06:00:00;272.0;181.19;194.0;16.8;89.65;1.1;
2022-05-28 07:00:00;395.0;203.95;275.0;19.1;83.85;1.45;
2022-05-28 08:00:00;409.0;88.41;345.0;20.12;81.15;1.24;
2022-05-28 09:00:00;336.0;10.87;327.0;21.26;73.35;0.9;
2022-05-28 10:00:00;577.0;146.7;446.0;21.67;68.6;0.83;
2022-05-28 11:00:00;297.0;1.09;296.0;22.57;66.45;0.83;
2022-05-28 12:00:00;338.0;5.6;333.0;22.91;66.45;1.03;
2022-05-28 13:00:00;526.0;142.74;408.0;23.26;64.3;1.24;
2022-05-28 14:00:00;410.0;91.37;344.0;23.29;62.15;1.17;
2022-05-28 15:00:00;418.0;260.89;265.0;22.16;66.35;1.17;
2022-05-28 16:00:00;33.0;0.0;33.0;20.79;75.85;1.38;
2022-05-28 17:00:00;18.0;0.0;18.0;20.12;78.45;0.14;
2022-05-28 18:00:00;27.0;0.0;27.0;19.65;83.9;0.76;
2022-05-28 19:00:00;0.0;0.0;0.0;19.25;86.8;1.38;
2022-05-28 20:00:00;0.0;0.0;0.0;17.93;96.05;1.79;
2022-05-28 21:00:00;0.0;0.0;0.0;17.27;92.85;1.59;
2022-05-28 22:00:00;0.0;0.0;0.0;16.43;96.05;1.31;
2022-05-28 23:00:00;0.0;0.0;0.0;15.81;96.0;0.9;
2022-05-29 00:00:00;0.0;0.0;0.0;15.93;99.4;0.62;
2022-05-29 01:00:00;0.0;0.0;0.0;15.7;96.0;0.34;
2022-05-29 02:00:00;0.0;0.0;0.0;14.91;99.4;0.76;
2022-05-29 03:00:00;0.0;0.0;0.0;14.37;99.35;1.1;
2022-05-29 04:00:00;35.0;53.77;30.0;14.5;96.0;0.76;
2022-05-29 05:00:00;129.0;83.84;107.0;15.47;96.0;0.76;
2022-05-29 06:00:00;297.0;259.4;185.0;16.71;96.05;1.17;
2022-05-29 07:00:00;507.0;529.23;195.0;19.15;86.8;1.86;
2022-05-29 08:00:00;676.0;662.1;196.0;20.5;84.05;1.72;
2022-05-29 09:00:00;767.0;622.58;251.0;21.6;73.45;1.93;
2022-05-29 10:00:00;365.0;11.19;355.0;21.91;73.45;2.07;
2022-05-29 11:00:00;550.0;108.06;451.0;22.7;68.75;2.14;
2022-05-29 12:00:00;81.0;0.0;81.0;22.78;68.75;2.07;
2022-05-29 13:00:00;160.0;0.0;160.0;22.94;71.15;1.86;
2022-05-29 14:00:00;63.0;0.0;63.0;23.05;66.55;1.59;
2022-05-29 15:00:00;49.0;0.0;49.0;22.65;68.75;1.24;
2022-05-29 16:00:00;53.0;0.0;53.0;21.84;73.45;0.76;
2022-05-29 17:00:00;80.0;0.0;80.0;21.13;75.95;0.34;
2022-05-29 18:00:00;21.0;0.0;21.0;19.76;86.85;1.38;
2022-05-29 19:00:00;0.0;0.0;0.0;18.58;86.75;1.17;
2022-05-29 20:00:00;0.0;0.0;0.0;17.57;92.85;0.76;
2022-05-29 21:00:00;0.0;0.0;0.0;17.2;89.7;0.55;
2022-05-29 22:00:00;0.0;0.0;0.0;16.22;96.05;0.97;
2022-05-29 23:00:00;0.0;0.0;0.0;15.98;92.8;1.17;
2022-05-30 00:00:00;0.0;0.0;0.0;15.67;96.0;0.69;
2022-05-30 01:00:00;0.0;0.0;0.0;15.71;96.0;0.55;
2022-05-30 02:00:00;0.0;0.0;0.0;14.82;96.0;0.97;
2022-05-30 03:00:00;0.0;0.0;0.0;14.57;96.0;0.97;
2022-05-30 04:00:00;21.0;0.0;21.0;14.23;96.0;1.1;
2022-05-30 05:00:00;92.0;15.16;88.0;15.54;96.0;0.69;
2022-05-30 06:00:00;207.0;55.43;183.0;16.9;92.8;0.62;
2022-05-30 07:00:00;257.0;25.4;242.0;18.13;86.7;0.76;
2022-05-30 08:00:00;224.0;1.38;223.0;19.35;81.05;0.62;
2022-05-30 09:00:00;347.0;14.46;335.0;20.33;78.45;0.55;
2022-05-30 10:00:00;607.0;185.48;441.0;21.05;75.95;0.9;
2022-05-30 11:00:00;801.0;491.73;350.0;22.07;73.55;1.59;
2022-05-30 12:00:00;749.0;424.68;369.0;22.6;71.15;2.69;
2022-05-30 13:00:00;610.0;266.46;389.0;22.69;71.15;3.45;
2022-05-30 14:00:00;639.0;543.14;245.0;22.86;68.75;3.31;
2022-05-30 15:00:00;471.0;408.51;230.0;23.0;66.45;3.72;
2022-05-30 16:00:00;149.0;0.0;149.0;22.82;66.45;3.31;
2022-05-30 17:00:00;106.0;0.0;106.0;22.23;68.7;2.76;
2022-05-30 18:00:00;32.0;0.0;32.0;21.37;75.95;0.83;
2022-05-30 19:00:00;0.0;0.0;0.0;20.29;83.95;1.17;
2022-05-30 20:00:00;0.0;0.0;0.0;18.69;89.75;1.52;
2022-05-30 21:00:00;0.0;0.0;0.0;17.77;92.85;1.66;
2022-05-30 22:00:00;0.0;0.0;0.0;17.35;92.85;1.31;
2022-05-30 23:00:00;0.0;0.0;0.0;17.25;92.85;1.03;
2022-05-31 00:00:00;0.0;0.0;0.0;17.12;92.85;1.38;
2022-05-31 01:00:00;0.0;0.0;0.0;16.67;96.05;1.1;
2022-05-31 02:00:00;0.0;0.0;0.0;16.36;96.05;0.97;
2022-05-31 03:00:00;0.0;0.0;0.0;16.18;96.05;0.55;
2022-05-31 04:00:00;22.0;0.0;22.0;16.19;96.05;0.69;
2022-05-31 05:00:00;27.0;0.0;27.0;16.37;96.05;1.72;
2022-05-31 06:00:00;337.0;391.62;167.0;17.3;89.7;2.41;
2022-05-31 07:00:00;456.0;343.13;253.0;18.55;83.8;2.0;
2022-05-31 08:00:00;625.0;480.14;276.0;19.15;78.3;2.41;
2022-05-31 09:00:00;830.0;786.11;177.0;19.14;78.3;3.66;
2022-05-31 10:00:00;251.0;0.0;251.0;19.28;73.05;4.55;
2022-05-31 11:00:00;628.0;184.06;459.0;19.31;68.1;4.48;
2022-05-31 12:00:00;946.0;901.86;138.0;19.69;57.2;4.62;
2022-05-31 13:00:00;872.0;895.65;128.0;20.21;49.7;4.21;
2022-05-31 14:00:00;744.0;850.19;126.0;20.4;47.9;4.0;
2022-05-31 15:00:00;576.0;762.3;125.0;20.31;47.9;3.38;
2022-05-31 16:00:00;106.0;0.0;106.0;16.8;59.6;1.91;
2022-05-31 17:00:00;89.0;0.0;89.0;16.95;61.72;1.94;
2022-05-31 18:00:00;32.0;0.0;32.0;17.11;63.83;1.97;
2022-05-31 19:00:00;0.0;0.0;0.0;17.27;65.95;2.0;
2022-05-31 20:00:00;0.0;0.0;0.0;17.43;68.06;2.03;
2022-05-31 21:00:00;0.0;0.0;0.0;17.59;70.18;2.06;
2022-05-31 22:00:00;0.0;0.0;0.0;17.74;72.29;2.09;
2022-05-31 23:00:00;0.0;0.0;0.0;17.9;74.41;2.12;
2022-06-01 00:00:00;0.0;0.0;0.0;18.06;76.52;2.15;
2022-06-01 01:00:00;0.0;0.0;0.0;18.22;78.63;2.18;
2022-06-01 02:00:00;0.0;0.0;0.0;18.38;80.75;2.21;
2022-06-01 03:00:00;0.0;0.0;0.0;18.53;82.86;2.24;
2022-06-01 04:00:00;28.0;20.54;26.0;18.69;84.98;2.27;
2022-06-01 05:00:00;172.0;244.14;107.0;18.85;87.09;2.3;
2022-06-01 06:00:00;338.0;395.29;166.0;19.01;89.21;2.33;
2022-06-01 07:00:00;517.0;541.74;196.0;19.17;91.32;2.36;
2022-06-01 08:00:00;673.0;627.98;216.0;23.33;64.3;2.34;
2022-06-01 09:00:00;810.0;727.59;205.0;24.66;56.35;2.69;
2022-06-01 10:00:00;885.0;748.22;214.0;25.77;52.85;3.1;
2022-06-01 11:00:00;926.0;799.66;191.0;26.56;49.45;3.45;
2022-06-01 12:00:00;900.0;791.52;190.0;26.85;47.9;3.52;
2022-06-01 13:00:00;813.0;740.45;197.0;27.12;44.8;3.38;
2022-06-01 14:00:00;694.0;701.61;183.0;27.23;44.8;3.24;
2022-06-01 15:00:00;538.0;628.72;165.0;27.31;44.8;3.17;
2022-06-01 16:00:00;147.0;0.0;147.0;27.03;46.25;2.83;
2022-06-01 17:00:00;100.0;0.0;100.0;26.46;51.2;2.28;
2022-06-01 18:00:00;33.0;0.0;33.0;25.08;60.35;1.66;
2022-06-01 19:00:00;0.0;0.0;0.0;23.04;73.6;1.45;
2022-06-01 20:00:00;0.0;0.0;0.0;22.7;68.75;1.03;
2022-06-01 21:00:00;0.0;0.0;0.0;21.04;78.5;1.31;
2022-06-01 22:00:00;0.0;0.0;0.0;19.37;86.8;1.72;
2022-06-01 23:00:00;0.0;0.0;0.0;18.72;83.85;2.07;
2022-06-02 00:00:00;0.0;0.0;0.0;18.63;83.85;2.34;
2022-06-02 01:00:00;0.0;0.0;0.0;18.3;83.8;2.34;
2022-06-02 02:00:00;0.0;0.0;0.0;18.02;86.7;2.21;
2022-06-02 03:00:00;0.0;0.0;0.0;17.44;89.7;2.07;
2022-06-02 04:00:00;33.0;30.41;30.0;17.12;86.65;2.0;
2022-06-02 05:00:00;177.0;265.59;106.0;18.19;86.75;1.72;
2022-06-02 06:00:00;350.0;451.76;153.0;20.32;81.15;1.86;
2022-06-02 07:00:00;530.0;599.96;174.0;22.27;73.55;1.52;
2022-06-02 08:00:00;679.0;656.13;201.0;23.57;71.25;1.52;
2022-06-02 09:00:00;791.0;678.85;226.0;24.69;64.6;1.38;
2022-06-02 10:00:00;875.0;727.49;222.0;25.66;60.6;1.31;
2022-06-02 11:00:00;847.0;592.36;302.0;26.51;56.7;1.45;
2022-06-02 12:00:00;804.0;538.94;320.0;26.85;53.1;1.86;
2022-06-02 13:00:00;709.0;458.51;327.0;27.25;51.45;2.07;
2022-06-02 14:00:00;590.0;396.04;301.0;27.31;51.45;1.93;
2022-06-02 15:00:00;493.0;462.3;218.0;27.19;49.7;1.59;
2022-06-02 16:00:00;194.0;0.0;194.0;27.02;49.55;1.38;
2022-06-02 17:00:00;97.0;0.0;97.0;26.76;51.3;0.97;
2022-06-02 18:00:00;35.0;0.0;35.0;25.42;69.25;0.41;
2022-06-02 19:00:00;0.0;0.0;0.0;23.56;78.85;1.66;
2022-06-02 20:00:00;0.0;0.0;0.0;22.34;84.15;1.66;
2022-06-02 21:00:00;0.0;0.0;0.0;21.4;93.0;1.72;
2022-06-02 22:00:00;0.0;0.0;0.0;20.63;92.95;1.59;
2022-06-02 23:00:00;0.0;0.0;0.0;20.07;96.1;1.24;
2022-06-03 00:00:00;0.0;0.0;0.0;19.58;96.1;1.31;
2022-06-03 01:00:00;0.0;0.0;0.0;18.93;99.4;1.59;
2022-06-03 02:00:00;0.0;0.0;0.0;18.65;96.1;1.45;
2022-06-03 03:00:00;0.0;0.0;0.0;18.24;99.4;1.24;
2022-06-03 04:00:00;19.0;0.0;19.0;18.2;96.1;0.97;
2022-06-03 05:00:00;176.0;260.87;106.0;19.48;100.0;0.48;
2022-06-03 06:00:00;330.0;363.9;171.0;21.2;93.0;0.76;
2022-06-03 07:00:00;481.0;424.14;229.0;23.24;76.2;0.76;
2022-06-03 08:00:00;686.0;680.17;190.0;24.28;71.4;0.62;
2022-06-03 09:00:00;795.0;690.28;220.0;25.34;69.25;0.76;
2022-06-03 10:00:00;894.0;783.64;190.0;26.23;64.95;1.17;
2022-06-03 11:00:00;889.0;703.66;241.0;26.83;62.9;1.24;
2022-06-03 12:00:00;789.0;503.87;336.0;27.34;60.9;1.24;
2022-06-03 13:00:00;708.0;457.87;326.0;27.53;60.9;1.31;
2022-06-03 14:00:00;538.0;279.05;334.0;27.98;59.0;1.38;
2022-06-03 15:00:00;513.0;531.53;196.0;27.95;57.05;1.1;
2022-06-03 16:00:00;148.0;0.0;148.0;27.84;55.15;0.9;
2022-06-03 17:00:00;106.0;0.0;106.0;26.53;62.8;0.55;
2022-06-03 18:00:00;35.0;0.0;35.0;25.32;71.6;0.55;
2022-06-03 19:00:00;0.0;0.0;0.0;24.42;73.85;1.52;
2022-06-03 20:00:00;0.0;0.0;0.0;22.75;81.45;1.79;
2022-06-03 21:00:00;0.0;0.0;0.0;21.68;87.0;1.79;
2022-06-03 22:00:00;0.0;0.0;0.0;20.76;92.95;1.79;
2022-06-03 23:00:00;0.0;0.0;0.0;20.22;96.1;1.72;
2022-06-04 00:00:00;0.0;0.0;0.0;19.67;96.1;1.59;
2022-06-04 01:00:00;0.0;0.0;0.0;20.77;92.95;0.41;
2022-06-04 02:00:00;0.0;0.0;0.0;19.56;96.1;0.9;
2022-06-04 03:00:00;0.0;0.0;0.0;18.83;96.1;1.38;
2022-06-04 04:00:00;21.0;0.0;21.0;19.09;99.4;1.45;
2022-06-04 05:00:00;160.0;181.99;111.0;19.84;99.4;1.1;
2022-06-04 06:00:00;221.0;73.11;189.0;21.32;93.0;1.1;
2022-06-04 07:00:00;145.0;0.0;145.0;21.79;84.1;1.66;
2022-06-04 08:00:00;582.0;382.25;303.0;23.2;76.2;1.59;
2022-06-04 09:00:00;794.0;696.93;213.0;24.26;73.85;1.52;
2022-06-04 10:00:00;86.0;0.0;86.0;24.33;73.85;0.97;
2022-06-04 11:00:00;83.0;0.0;83.0;23.51;78.85;1.38;
2022-06-04 12:00:00;156.0;0.0;156.0;24.66;73.95;1.79;
2022-06-04 13:00:00;484.0;98.16;402.0;25.46;71.6;1.59;
2022-06-04 14:00:00;598.0;419.19;291.0;25.96;67.05;1.38;
2022-06-04 15:00:00;435.0;294.38;259.0;26.09;67.05;1.66;
2022-06-04 16:00:00;61.0;0.0;61.0;24.74;71.5;2.0;
2022-06-04 17:00:00;40.0;0.0;40.0;23.36;78.85;1.45;
2022-06-04 18:00:00;24.0;0.0;24.0;22.29;87.05;1.66;
2022-06-04 19:00:00;0.0;0.0;0.0;22.41;90.0;1.17;
2022-06-04 20:00:00;0.0;0.0;0.0;21.36;93.0;1.1;
2022-06-04 21:00:00;0.0;0.0;0.0;20.25;96.1;1.66;
2022-06-04 22:00:00;0.0;0.0;0.0;19.67;96.1;2.14;
2022-06-04 23:00:00;0.0;0.0;0.0;19.29;99.4;1.93;
2022-06-05 00:00:00;0.0;0.0;0.0;19.03;96.1;2.07;
2022-06-05 01:00:00;0.0;0.0;0.0;18.63;96.1;2.48;
2022-06-05 02:00:00;0.0;0.0;0.0;18.54;92.9;2.55;
2022-06-05 03:00:00;0.0;0.0;0.0;18.18;96.1;2.55;
2022-06-05 04:00:00;17.0;0.0;17.0;17.9;96.05;2.41;
2022-06-05 05:00:00;114.0;40.73;103.0;18.44;96.1;2.48;
2022-06-05 06:00:00;266.0;159.67;196.0;19.6;89.85;2.83;
2022-06-05 07:00:00;454.0;342.6;250.0;21.47;81.3;2.34;
2022-06-05 08:00:00;662.0;603.73;221.0;22.94;76.15;2.41;
2022-06-05 09:00:00;824.0;779.14;174.0;24.39;69.05;2.55;
2022-06-05 10:00:00;896.0;791.34;184.0;25.53;64.7;2.55;
2022-06-05 11:00:00;928.0;809.78;181.0;26.25;58.7;2.83;
2022-06-05 12:00:00;892.0;778.11;191.0;26.84;54.95;3.17;
2022-06-05 13:00:00;821.0;768.7;178.0;27.27;53.2;3.03;
2022-06-05 14:00:00;689.0;688.37;184.0;27.37;53.2;2.41;
2022-06-05 15:00:00;540.0;629.05;163.0;27.44;53.2;1.86;
2022-06-05 16:00:00;367.0;517.25;138.0;27.42;51.45;1.45;
2022-06-05 17:00:00;113.0;0.0;113.0;26.34;56.7;0.55;
2022-06-05 18:00:00;5.0;0.0;5.0;25.51;69.25;0.76;
2022-06-05 19:00:00;0.0;0.0;0.0;22.95;76.15;1.86;
2022-06-05 20:00:00;0.0;0.0;0.0;21.7;84.1;1.52;
2022-06-05 21:00:00;0.0;0.0;0.0;20.89;89.9;0.9;
2022-06-05 22:00:00;0.0;0.0;0.0;20.02;96.1;1.03;
2022-06-05 23:00:00;0.0;0.0;0.0;19.33;96.1;1.45;
2022-06-06 00:00:00;0.0;0.0;0.0;19.02;92.9;1.45;
2022-06-06 01:00:00;0.0;0.0;0.0;18.68;92.9;0.97;
2022-06-06 02:00:00;0.0;0.0;0.0;18.44;96.1;0.9;
2022-06-06 03:00:00;0.0;0.0;0.0;17.86;96.05;1.52;
2022-06-06 04:00:00;30.0;19.47;28.0;17.89;96.05;1.66;
2022-06-06 05:00:00;164.0;192.03;112.0;19.19;96.1;1.38;
2022-06-06 06:00:00;301.0;259.66;187.0;20.65;86.9;1.38;
2022-06-06 07:00:00;482.0;429.54;226.0;22.38;81.4;1.17;
2022-06-06 08:00:00;646.0;555.42;240.0;23.8;73.75;1.17;
2022-06-06 09:00:00;766.0;610.94;256.0;24.99;69.15;1.1;
2022-06-06 10:00:00;786.0;499.81;336.0;25.91;64.8;1.17;
2022-06-06 11:00:00;755.0;392.12;393.0;26.48;62.8;1.31;
2022-06-06 12:00:00;436.0;36.6;403.0;26.95;62.9;1.45;
2022-06-06 13:00:00;158.0;0.0;158.0;27.33;63.0;1.31;
2022-06-06 14:00:00;63.0;0.0;63.0;27.21;60.9;1.45;
2022-06-06 15:00:00;403.0;213.08;275.0;27.27;58.9;1.24;
2022-06-06 16:00:00;372.0;537.94;133.0;25.5;69.25;0.76;
2022-06-06 17:00:00;87.0;0.0;87.0;23.99;76.3;0.69;
2022-06-06 18:00:00;37.0;0.0;37.0;22.7;84.25;0.48;
2022-06-06 19:00:00;0.0;0.0;0.0;21.91;81.35;1.66;
2022-06-06 20:00:00;0.0;0.0;0.0;20.74;84.05;1.52;
2022-06-06 21:00:00;0.0;0.0;0.0;20.33;86.85;1.31;
2022-06-06 22:00:00;0.0;0.0;0.0;19.97;89.85;1.52;
2022-06-06 23:00:00;0.0;0.0;0.0;19.56;89.85;1.79;
2022-06-07 00:00:00;0.0;0.0;0.0;19.22;92.9;1.79;
2022-06-07 01:00:00;0.0;0.0;0.0;18.84;92.9;1.86;
2022-06-07 02:00:00;0.0;0.0;0.0;18.49;92.85;2.07;
2022-06-07 03:00:00;0.0;0.0;0.0;18.18;92.85;2.14;
2022-06-07 04:00:00;31.0;19.32;29.0;17.94;96.05;1.79;
2022-06-07 05:00:00;191.0;338.95;99.0;18.73;92.9;1.59;
2022-06-07 06:00:00;344.0;423.15;158.0;20.05;86.85;1.72;
2022-06-07 07:00:00;492.0;464.41;215.0;21.73;84.1;1.1;
2022-06-07 08:00:00;659.0;598.83;221.0;23.05;76.15;0.76;
2022-06-07 09:00:00;742.0;548.33;284.0;23.96;71.35;0.48;
2022-06-07 10:00:00;750.0;425.13;367.0;24.41;71.4;0.76;
2022-06-07 11:00:00;486.0;58.45;432.0;25.3;66.95;0.9;
2022-06-07 12:00:00;383.0;16.62;368.0;25.92;67.05;0.97;
2022-06-07 13:00:00;471.0;85.87;399.0;26.38;64.95;1.17;
2022-06-07 14:00:00;75.0;0.0;75.0;26.67;60.8;2.14;
2022-06-07 15:00:00;50.0;0.0;50.0;26.16;60.7;2.97;
2022-06-07 16:00:00;66.0;0.0;66.0;24.45;71.4;2.97;
2022-06-07 17:00:00;98.0;0.0;98.0;23.7;73.75;1.86;
2022-06-07 18:00:00;38.0;0.0;38.0;23.1;78.85;1.45;
2022-06-07 19:00:00;0.0;0.0;0.0;22.17;84.15;2.48;
2022-06-07 20:00:00;0.0;0.0;0.0;21.31;89.95;3.03;
2022-06-07 21:00:00;0.0;0.0;0.0;20.83;92.95;3.31;
2022-06-07 22:00:00;0.0;0.0;0.0;20.47;92.95;3.03;
2022-06-07 23:00:00;0.0;0.0;0.0;20.15;92.95;2.28;
2022-06-08 00:00:00;0.0;0.0;0.0;19.23;96.1;0.83;
2022-06-08 01:00:00;0.0;0.0;0.0;18.81;96.1;0.55;
2022-06-08 02:00:00;0.0;0.0;0.0;18.87;96.1;1.52;
2022-06-08 03:00:00;0.0;0.0;0.0;18.88;96.1;1.93;
2022-06-08 04:00:00;10.0;0.0;10.0;18.87;96.1;1.79;
2022-06-08 05:00:00;18.0;0.0;18.0;19.0;96.1;1.79;
2022-06-08 06:00:00;54.0;0.0;54.0;19.62;92.9;2.0;
2022-06-08 07:00:00;210.0;6.7;206.0;19.84;92.9;3.17;
2022-06-08 08:00:00;291.0;12.3;282.0;20.53;92.95;2.97;
2022-06-08 09:00:00;738.0;537.28;289.0;21.03;89.9;2.97;
2022-06-08 10:00:00;609.0;186.38;441.0;21.29;86.95;3.1;
2022-06-08 11:00:00;389.0;15.14;375.0;22.09;81.4;2.97;
2022-06-08 12:00:00;430.0;34.32;399.0;22.79;78.75;2.55;
2022-06-08 13:00:00;546.0;164.4;408.0;23.44;76.2;1.72;
2022-06-08 14:00:00;574.0;355.45;312.0;24.13;71.4;0.62;
2022-06-08 15:00:00;514.0;525.41;197.0;24.43;71.4;0.69;
2022-06-08 16:00:00;382.0;572.4;126.0;24.77;66.85;0.9;
2022-06-08 17:00:00;115.0;0.0;115.0;24.57;69.05;1.38;
2022-06-08 18:00:00;39.0;0.0;39.0;23.49;76.2;2.76;
2022-06-08 19:00:00;0.0;0.0;0.0;21.93;76.0;2.69;
2022-06-08 20:00:00;0.0;0.0;0.0;21.09;78.55;2.34;
2022-06-08 21:00:00;0.0;0.0;0.0;20.51;83.95;2.14;
2022-06-08 22:00:00;0.0;0.0;0.0;20.02;86.85;2.41;
2022-06-08 23:00:00;0.0;0.0;0.0;19.34;89.8;2.62;
2022-06-09 00:00:00;0.0;0.0;0.0;18.86;86.8;2.48;
2022-06-09 01:00:00;0.0;0.0;0.0;18.62;86.8;2.07;
2022-06-09 02:00:00;0.0;0.0;0.0;18.2;89.75;2.21;
2022-06-09 03:00:00;0.0;0.0;0.0;17.86;89.75;2.55;
2022-06-09 04:00:00;43.0;66.81;36.0;17.63;89.75;2.69;
2022-06-09 05:00:00;207.0;436.8;88.0;18.2;86.75;2.48;
2022-06-09 06:00:00;370.0;531.35;136.0;19.7;83.9;2.76;
2022-06-09 07:00:00;537.0;619.58;167.0;21.71;78.65;3.1;
2022-06-09 08:00:00;698.0;718.45;172.0;23.41;71.25;3.03;
2022-06-09 09:00:00;822.0;770.29;178.0;24.76;64.6;2.97;
2022-06-09 10:00:00;899.0;793.93;183.0;25.92;60.6;3.17;
2022-06-09 11:00:00;916.0;772.94;201.0;26.87;56.85;3.38;
2022-06-09 12:00:00;906.0;804.15;179.0;27.64;53.35;3.1;
2022-06-09 13:00:00;830.0;781.85;173.0;28.16;49.95;2.69;
2022-06-09 14:00:00;711.0;741.02;164.0;28.45;49.95;2.76;
2022-06-09 15:00:00;552.0;656.66;155.0;28.44;49.95;2.9;
2022-06-09 16:00:00;382.0;566.17;128.0;28.12;49.95;2.69;
2022-06-09 17:00:00;100.0;0.0;100.0;27.51;58.9;2.0;
2022-06-09 18:00:00;39.0;0.0;39.0;26.22;62.8;2.0;
2022-06-09 19:00:00;0.0;0.0;0.0;24.74;69.15;2.0;
2022-06-09 20:00:00;0.0;0.0;0.0;23.05;73.6;2.28;
2022-06-09 21:00:00;0.0;0.0;0.0;21.92;78.65;2.48;
2022-06-09 22:00:00;0.0;0.0;0.0;21.35;78.55;2.83;
2022-06-09 23:00:00;0.0;0.0;0.0;20.91;81.2;3.24;
2022-06-10 00:00:00;0.0;0.0;0.0;20.37;81.15;3.38;
2022-06-10 01:00:00;0.0;0.0;0.0;19.75;81.1;3.24;
2022-06-10 02:00:00;0.0;0.0;0.0;19.13;83.85;3.03;
2022-06-10 03:00:00;0.0;0.0;0.0;18.54;83.85;2.9;
2022-06-10 04:00:00;43.0;66.49;36.0;18.11;86.75;2.76;
2022-06-10 05:00:00;199.0;381.22;95.0;18.79;83.85;2.41;
2022-06-10 06:00:00;375.0;562.77;127.0;20.27;83.95;2.62;
2022-06-10 07:00:00;557.0;692.97;143.0;22.51;78.7;3.45;
2022-06-10 08:00:00;712.0;757.8;157.0;23.76;71.35;3.66;
2022-06-10 09:00:00;834.0;801.1;164.0;25.25;66.95;3.79;
2022-06-10 10:00:00;907.0;813.53;173.0;26.47;62.8;3.86;
2022-06-10 11:00:00;915.0;770.34;202.0;27.42;58.9;3.59;
2022-06-10 12:00:00;900.0;791.39;184.0;28.16;55.3;3.45;
2022-06-10 13:00:00;829.0;779.87;173.0;28.59;55.3;3.24;
2022-06-10 14:00:00;706.0;729.18;167.0;28.9;51.8;2.76;
2022-06-10 15:00:00;546.0;630.62;164.0;28.98;51.8;1.93;
2022-06-10 16:00:00;389.0;588.94;124.0;28.89;51.8;1.31;
2022-06-10 17:00:00;76.0;0.0;76.0;28.55;55.3;0.69;
2022-06-10 18:00:00;40.0;0.0;40.0;27.15;76.8;0.48;
2022-06-10 19:00:00;0.0;0.0;0.0;25.38;71.6;1.59;
2022-06-10 20:00:00;0.0;0.0;0.0;23.84;78.9;1.86;
2022-06-10 21:00:00;0.0;0.0;0.0;22.46;87.05;1.52;
2022-06-10 22:00:00;0.0;0.0;0.0;21.6;89.95;1.31;
2022-06-10 23:00:00;0.0;0.0;0.0;21.19;89.95;1.17;
2022-06-11 00:00:00;0.0;0.0;0.0;21.07;89.95;0.97;
2022-06-11 01:00:00;0.0;0.0;0.0;21.37;93.0;0.55;
2022-06-11 02:00:00;0.0;0.0;0.0;20.73;92.95;0.41;
2022-06-11 03:00:00;0.0;0.0;0.0;19.18;99.4;1.03;
2022-06-11 04:00:00;36.0;28.39;33.0;18.57;96.1;0.9;
2022-06-11 05:00:00;180.0;267.31;107.0;20.23;96.1;0.55;
2022-06-11 06:00:00;332.0;369.71;169.0;22.14;90.0;0.48;
2022-06-11 07:00:00;525.0;583.99;176.0;25.39;76.5;1.03;
2022-06-11 08:00:00;671.0;640.2;202.0;26.76;69.5;1.1;
2022-06-11 09:00:00;800.0;718.38;199.0;27.85;67.4;1.03;
2022-06-11 10:00:00;880.0;754.49;199.0;28.62;63.2;1.03;
2022-06-11 11:00:00;907.0;761.3;202.0;29.06;61.25;1.03;
2022-06-11 12:00:00;883.0;754.39;200.0;28.8;61.25;0.76;
2022-06-11 13:00:00;791.0;678.18;220.0;28.06;65.2;2.21;
2022-06-11 14:00:00;538.0;274.27;335.0;25.6;76.5;3.66;
2022-06-11 15:00:00;54.0;0.0;54.0;25.37;74.0;1.17;
2022-06-11 16:00:00;42.0;0.0;42.0;25.44;76.5;0.76;
2022-06-11 17:00:00;105.0;0.0;105.0;25.61;74.1;0.97;
2022-06-11 18:00:00;34.0;0.0;34.0;25.35;79.1;0.62;
2022-06-11 19:00:00;0.0;0.0;0.0;23.7;87.15;0.97;
2022-06-11 20:00:00;0.0;0.0;0.0;22.38;96.15;1.1;
2022-06-11 21:00:00;0.0;0.0;0.0;21.75;96.15;0.97;
2022-06-11 22:00:00;0.0;0.0;0.0;22.04;99.4;0.41;
2022-06-11 23:00:00;0.0;0.0;0.0;21.58;96.15;0.28;
2022-06-12 00:00:00;0.0;0.0;0.0;20.34;100.0;0.97;
2022-06-12 01:00:00;0.0;0.0;0.0;20.13;99.4;1.03;
2022-06-12 02:00:00;0.0;0.0;0.0;20.56;99.4;0.62;
2022-06-12 03:00:00;0.0;0.0;0.0;20.55;99.4;0.21;
2022-06-12 04:00:00;14.0;0.0;14.0;20.27;100.0;0.34;
2022-06-12 05:00:00;82.0;3.66;81.0;20.67;99.4;0.48;
2022-06-12 06:00:00;270.0;165.52;197.0;22.08;96.15;0.76;
2022-06-12 07:00:00;343.0;110.42;277.0;24.26;84.35;2.34;
2022-06-12 08:00:00;560.0;328.91;319.0;25.1;79.1;2.14;
2022-06-12 09:00:00;432.0;56.17;385.0;25.57;79.1;1.66;
2022-06-12 10:00:00;287.0;1.11;286.0;26.18;74.15;1.31;
2022-06-12 11:00:00;798.0;480.31;353.0;26.06;74.1;0.41;
2022-06-12 12:00:00;896.0;785.91;184.0;25.98;74.1;1.59;
2022-06-12 13:00:00;795.0;681.13;221.0;26.19;71.75;1.45;
2022-06-12 14:00:00;492.0;188.91;352.0;25.53;71.6;0.83;
2022-06-12 15:00:00;194.0;1.64;193.0;25.22;69.25;0.0;
2022-06-12 16:00:00;94.0;0.0;94.0;23.91;76.3;0.34;
2022-06-12 17:00:00;27.0;0.0;27.0;22.91;81.45;1.45;
2022-06-12 18:00:00;37.0;0.0;37.0;21.21;86.95;2.48;
2022-06-12 19:00:00;0.0;0.0;0.0;22.01;89.95;1.52;
2022-06-12 20:00:00;0.0;0.0;0.0;20.39;92.95;1.31;
2022-06-12 21:00:00;0.0;0.0;0.0;19.33;96.1;0.34;
2022-06-12 22:00:00;0.0;0.0;0.0;18.96;96.1;1.17;
2022-06-12 23:00:00;0.0;0.0;0.0;18.57;96.1;1.86;
2022-06-13 00:00:00;0.0;0.0;0.0;18.46;96.1;1.86;
2022-06-13 01:00:00;0.0;0.0;0.0;18.29;96.1;2.07;
2022-06-13 02:00:00;0.0;0.0;0.0;18.11;96.1;2.21;
2022-06-13 03:00:00;0.0;0.0;0.0;17.93;96.05;2.28;
2022-06-13 04:00:00;45.0;75.34;37.0;17.73;96.05;2.28;
2022-06-13 05:00:00;202.0;398.67;93.0;18.12;92.85;2.14;
2022-06-13 06:00:00;374.0;550.92;131.0;19.37;92.9;2.76;
2022-06-13 07:00:00;0.0;0.0;0.0;20.91;84.05;2.76;
2022-06-13 08:00:00;709.0;749.19;160.0;21.98;78.65;3.03;
2022-06-13 09:00:00;826.0;780.22;173.0;22.82;73.6;3.1;
2022-06-13 10:00:00;874.0;720.82;223.0;23.51;73.7;2.97;
2022-06-13 11:00:00;937.0;822.13;175.0;24.26;69.05;2.76;
2022-06-13 12:00:00;849.0;644.24;265.0;24.7;66.85;2.34;
2022-06-13 13:00:00;832.0;781.34;173.0;24.9;66.85;1.93;
2022-06-13 14:00:00;706.0;718.38;173.0;25.16;60.45;1.45;
2022-06-13 15:00:00;577.0;725.8;135.0;25.31;60.45;1.31;
2022-06-13 16:00:00;406.0;641.54;115.0;25.03;60.35;0.9;
2022-06-13 17:00:00;88.0;0.0;88.0;23.23;68.85;0.62;
2022-06-13 18:00:00;8.0;0.0;8.0;21.35;81.3;1.72;
2022-06-13 19:00:00;0.0;0.0;0.0;22.59;71.15;0.07;
2022-06-13 20:00:00;0.0;0.0;0.0;21.2;84.05;0.97;
2022-06-13 21:00:00;0.0;0.0;0.0;20.1;86.85;1.79;
2022-06-13 22:00:00;0.0;0.0;0.0;19.6;89.85;1.93;
2022-06-13 23:00:00;0.0;0.0;0.0;19.58;89.85;1.59;
2022-06-14 00:00:00;0.0;0.0;0.0;19.79;86.85;1.31;
2022-06-14 01:00:00;0.0;0.0;0.0;19.85;83.9;1.52;
2022-06-14 02:00:00;0.0;0.0;0.0;19.55;81.1;1.59;
2022-06-14 03:00:00;0.0;0.0;0.0;19.54;81.05;1.66;
2022-06-14 04:00:00;6.0;0.0;6.0;19.58;75.7;2.0;
2022-06-14 05:00:00;19.0;0.0;19.0;19.64;75.7;1.86;
2022-06-14 06:00:00;58.0;0.0;58.0;20.28;78.45;1.52;
2022-06-14 07:00:00;204.0;5.02;201.0;22.56;68.7;2.28;
2022-06-14 08:00:00;168.0;0.0;168.0;23.24;60.05;2.48;
2022-06-14 09:00:00;826.0;775.36;177.0;23.49;58.0;2.83;
2022-06-14 10:00:00;866.0;688.55;244.0;23.86;52.35;3.38;
2022-06-14 11:00:00;883.0;668.68;263.0;24.23;47.25;3.24;
2022-06-14 12:00:00;913.0;810.37;178.0;24.52;47.25;3.17;
2022-06-14 13:00:00;847.0;809.16;164.0;25.01;45.75;3.38;
2022-06-14 14:00:00;723.0;757.97;160.0;24.92;47.4;3.17;
2022-06-14 15:00:00;567.0;685.3;149.0;24.66;47.4;2.97;
2022-06-14 16:00:00;395.0;593.82;125.0;24.4;50.7;2.62;
2022-06-14 17:00:00;98.0;0.0;98.0;23.91;54.2;1.79;
2022-06-14 18:00:00;42.0;0.0;42.0;22.93;73.6;0.83;
2022-06-14 19:00:00;0.0;0.0;0.0;22.01;73.45;1.59;
2022-06-14 20:00:00;0.0;0.0;0.0;20.77;78.5;1.86;
2022-06-14 21:00:00;0.0;0.0;0.0;20.05;78.45;2.14;
2022-06-14 22:00:00;0.0;0.0;0.0;19.61;75.7;2.41;
2022-06-14 23:00:00;0.0;0.0;0.0;19.83;73.15;2.48;
2022-06-15 00:00:00;0.0;0.0;0.0;19.59;70.65;2.28;
2022-06-15 01:00:00;0.0;0.0;0.0;18.88;73.05;1.86;
2022-06-15 02:00:00;0.0;0.0;0.0;18.11;78.25;1.45;
2022-06-15 03:00:00;0.0;0.0;0.0;17.81;80.9;1.45;
2022-06-15 04:00:00;40.0;47.03;35.0;17.49;86.65;1.45;
2022-06-15 05:00:00;193.0;325.55;104.0;18.82;81.05;1.17;
2022-06-15 06:00:00;392.0;619.09;119.0;20.38;75.75;1.38;
2022-06-15 07:00:00;574.0;732.87;136.0;22.17;66.35;1.72;
2022-06-15 08:00:00;725.0;777.89;155.0;23.35;54.1;1.86;
2022-06-15 09:00:00;849.0;820.72;162.0;24.02;47.15;2.28;
2022-06-15 10:00:00;924.0;832.32;172.0;24.59;44.15;2.34;
2022-06-15 11:00:00;953.0;839.9;174.0;24.92;44.15;2.41;
2022-06-15 12:00:00;918.0;811.07;182.0;25.22;41.25;2.69;
2022-06-15 13:00:00;852.0;810.94;167.0;25.37;41.25;2.9;
2022-06-15 14:00:00;728.0;759.88;163.0;25.14;41.25;2.76;
2022-06-15 15:00:00;569.0;677.73;155.0;24.99;42.65;2.14;
2022-06-15 16:00:00;398.0;590.3;129.0;24.84;42.65;1.24;
2022-06-15 17:00:00;94.0;0.0;94.0;24.51;45.6;0.48;
2022-06-15 18:00:00;42.0;0.0;42.0;23.27;71.25;0.62;
2022-06-15 19:00:00;0.0;0.0;0.0;22.98;55.9;0.62;
2022-06-15 20:00:00;0.0;0.0;0.0;21.97;59.7;0.41;
2022-06-15 21:00:00;0.0;0.0;0.0;21.0;63.8;0.07;
2022-06-15 22:00:00;0.0;0.0;0.0;20.18;65.95;0.41;
2022-06-15 23:00:00;0.0;0.0;0.0;18.96;73.05;0.9;
2022-06-16 00:00:00;0.0;0.0;0.0;17.98;80.9;1.03;
2022-06-16 01:00:00;0.0;0.0;0.0;18.48;75.55;0.69;
2022-06-16 02:00:00;0.0;0.0;0.0;17.67;80.9;0.83;
2022-06-16 03:00:00;0.0;0.0;0.0;15.77;89.6;1.52;
2022-06-16 04:00:00;41.0;47.06;36.0;16.0;89.6;1.59;
2022-06-16 05:00:00;207.0;420.86;92.0;17.4;86.65;1.31;
2022-06-16 06:00:00;383.0;585.3;125.0;20.72;73.3;1.31;
2022-06-16 07:00:00;546.0;642.69;162.0;22.51;68.7;1.86;
2022-06-16 08:00:00;705.0;728.86;171.0;23.94;58.1;1.93;
2022-06-16 09:00:00;839.0;802.82;167.0;25.03;50.8;1.86;
2022-06-16 10:00:00;919.0;825.59;173.0;25.79;44.45;1.93;
2022-06-16 11:00:00;916.0;753.44;217.0;26.15;41.55;1.79;
2022-06-16 12:00:00;913.0;804.1;183.0;26.53;41.55;1.66;
2022-06-16 13:00:00;830.0;754.79;192.0;26.72;40.25;1.59;
2022-06-16 14:00:00;724.0;753.77;163.0;26.78;40.25;1.45;
2022-06-16 15:00:00;572.0;691.5;149.0;26.83;40.25;1.24;
2022-06-16 16:00:00;398.0;593.44;127.0;26.66;40.25;0.83;
2022-06-16 17:00:00;93.0;0.0;93.0;26.23;44.55;0.76;
2022-06-16 18:00:00;42.0;0.0;42.0;24.73;66.85;0.97;
2022-06-16 19:00:00;0.0;0.0;0.0;23.39;68.85;1.24;
2022-06-16 20:00:00;0.0;0.0;0.0;22.52;66.35;1.03;
2022-06-16 21:00:00;0.0;0.0;0.0;21.69;66.25;1.1;
2022-06-16 22:00:00;0.0;0.0;0.0;20.3;73.2;1.24;
2022-06-16 23:00:00;0.0;0.0;0.0;19.85;75.7;1.24;
2022-06-17 00:00:00;0.0;0.0;0.0;19.19;78.3;1.24;
2022-06-17 01:00:00;0.0;0.0;0.0;18.89;78.3;1.1;
2022-06-17 02:00:00;0.0;0.0;0.0;18.87;78.3;0.9;
2022-06-17 03:00:00;0.0;0.0;0.0;18.44;81.0;0.83;
2022-06-17 04:00:00;17.0;0.0;17.0;18.11;83.8;0.76;
2022-06-17 05:00:00;138.0;87.9;114.0;18.33;89.75;0.34;
2022-06-17 06:00:00;360.0;476.67;150.0;21.65;76.0;0.41;
2022-06-17 07:00:00;540.0;617.81;171.0;24.28;62.35;0.97;
2022-06-17 08:00:00;697.0;701.72;183.0;25.71;52.85;0.76;
2022-06-17 09:00:00;835.0;792.13;172.0;26.57;49.45;0.21;
2022-06-17 10:00:00;914.0;815.58;177.0;27.6;44.8;0.07;
2022-06-17 11:00:00;933.0;798.54;192.0;28.25;40.65;0.41;
2022-06-17 12:00:00;909.0;791.67;190.0;28.44;39.25;0.69;
2022-06-17 13:00:00;826.0;741.32;199.0;28.56;39.25;0.48;
2022-06-17 14:00:00;730.0;765.18;160.0;28.81;36.7;0.34;
2022-06-17 15:00:00;561.0;646.52;165.0;28.84;36.7;0.76;
2022-06-17 16:00:00;393.0;561.68;136.0;28.64;38.0;1.24;
2022-06-17 17:00:00;93.0;0.0;93.0;27.77;48.15;1.1;
2022-06-17 18:00:00;43.0;0.0;43.0;26.11;71.75;0.9;
2022-06-17 19:00:00;0.0;0.0;0.0;24.51;71.4;1.38;
2022-06-17 20:00:00;0.0;0.0;0.0;22.49;76.1;1.66;
2022-06-17 21:00:00;0.0;0.0;0.0;21.09;81.3;1.66;
2022-06-17 22:00:00;0.0;0.0;0.0;20.69;81.2;1.38;
2022-06-17 23:00:00;0.0;0.0;0.0;21.74;76.0;0.83;
2022-06-18 00:00:00;0.0;0.0;0.0;21.36;78.55;0.55;
2022-06-18 01:00:00;0.0;0.0;0.0;20.24;83.95;0.97;
2022-06-18 02:00:00;0.0;0.0;0.0;18.96;89.8;1.31;
2022-06-18 03:00:00;0.0;0.0;0.0;18.7;89.8;1.31;
2022-06-18 04:00:00;6.0;0.0;6.0;18.12;89.75;1.38;
2022-06-18 05:00:00;31.0;0.0;31.0;19.92;92.9;0.76;
2022-06-18 06:00:00;50.0;0.0;50.0;22.95;78.75;0.69;
2022-06-18 07:00:00;167.0;0.0;167.0;24.89;69.15;1.45;
2022-06-18 08:00:00;133.0;0.0;133.0;26.35;60.7;1.93;
2022-06-18 09:00:00;344.0;13.14;333.0;27.65;51.55;2.07;
2022-06-18 10:00:00;725.0;362.97;397.0;28.49;46.65;1.79;
2022-06-18 11:00:00;615.0;167.01;460.0;29.0;42.2;1.45;
2022-06-18 12:00:00;835.0;597.67;292.0;29.44;39.5;1.45;
2022-06-18 13:00:00;825.0;748.0;192.0;29.7;38.15;1.24;
2022-06-18 14:00:00;686.0;634.44;213.0;29.6;38.15;1.24;
2022-06-18 15:00:00;479.0;373.42;250.0;29.36;36.85;1.17;
2022-06-18 16:00:00;398.0;593.39;126.0;29.01;36.7;1.1;
2022-06-18 17:00:00;90.0;0.0;90.0;28.36;45.05;0.9;
2022-06-18 18:00:00;45.0;0.0;45.0;26.88;60.8;1.17;
2022-06-18 19:00:00;0.0;0.0;0.0;25.68;67.05;0.97;
2022-06-18 20:00:00;0.0;0.0;0.0;24.4;71.4;1.03;
2022-06-18 21:00:00;0.0;0.0;0.0;22.51;81.4;1.45;
2022-06-18 22:00:00;0.0;0.0;0.0;21.06;84.05;1.72;
2022-06-18 23:00:00;0.0;0.0;0.0;20.43;89.85;1.86;
2022-06-19 00:00:00;0.0;0.0;0.0;20.17;89.85;2.07;
2022-06-19 01:00:00;0.0;0.0;0.0;20.0;89.85;2.21;
2022-06-19 02:00:00;0.0;0.0;0.0;20.08;86.85;2.14;
2022-06-19 03:00:00;0.0;0.0;0.0;19.64;89.85;2.14;
2022-06-19 04:00:00;40.0;47.39;35.0;19.47;92.9;1.86;
2022-06-19 05:00:00;200.0;389.21;94.0;20.77;89.9;1.45;
2022-06-19 06:00:00;387.0;609.29;119.0;23.86;73.75;1.52;
2022-06-19 07:00:00;540.0;633.56;162.0;24.92;66.85;1.86;
2022-06-19 08:00:00;635.0;516.41;257.0;26.21;58.7;2.14;
2022-06-19 09:00:00;819.0;760.14;183.0;27.47;51.45;2.48;
2022-06-19 10:00:00;907.0;806.75;178.0;27.89;44.95;2.55;
2022-06-19 11:00:00;941.0;826.31;174.0;28.14;40.65;2.34;
2022-06-19 12:00:00;913.0;807.66;179.0;28.41;39.25;2.0;
2022-06-19 13:00:00;844.0;797.23;169.0;28.57;39.25;1.72;
2022-06-19 14:00:00;721.0;746.54;164.0;28.94;36.7;1.52;
2022-06-19 15:00:00;570.0;685.75;149.0;28.99;35.45;1.17;
2022-06-19 16:00:00;397.0;585.87;128.0;28.85;35.45;0.69;
2022-06-19 17:00:00;95.0;0.0;95.0;28.38;42.05;0.9;
2022-06-19 18:00:00;43.0;0.0;43.0;26.9;53.1;1.52;
2022-06-19 19:00:00;0.0;0.0;0.0;25.03;66.85;1.24;
2022-06-19 20:00:00;0.0;0.0;0.0;22.82;73.6;1.59;
2022-06-19 21:00:00;0.0;0.0;0.0;21.49;78.55;1.66;
2022-06-19 22:00:00;0.0;0.0;0.0;20.62;81.2;1.59;
2022-06-19 23:00:00;0.0;0.0;0.0;20.48;83.95;1.38;
2022-06-20 00:00:00;0.0;0.0;0.0;20.21;83.95;1.31;
2022-06-20 01:00:00;0.0;0.0;0.0;19.24;89.8;1.72;
2022-06-20 02:00:00;0.0;0.0;0.0;19.45;89.8;2.07;
2022-06-20 03:00:00;0.0;0.0;0.0;19.45;86.8;2.41;
2022-06-20 04:00:00;36.0;28.55;33.0;19.6;83.9;2.41;
2022-06-20 05:00:00;195.0;356.77;98.0;21.0;84.05;2.07;
2022-06-20 06:00:00;372.0;553.03;129.0;23.94;68.95;2.0;
2022-06-20 07:00:00;550.0;674.26;148.0;25.48;60.45;3.03;
2022-06-20 08:00:00;704.0;739.43;163.0;26.71;51.3;3.45;
2022-06-20 09:00:00;830.0;791.42;168.0;27.42;46.4;3.52;
2022-06-20 10:00:00;909.0;814.57;173.0;28.18;42.05;3.52;
2022-06-20 11:00:00;939.0;823.02;175.0;28.59;42.05;3.38;
2022-06-20 12:00:00;910.0;805.26;178.0;28.98;40.75;3.17;
2022-06-20 13:00:00;841.0;793.34;169.0;29.25;39.5;2.83;
2022-06-20 14:00:00;720.0;743.36;165.0;29.32;39.5;2.55;
2022-06-20 15:00:00;569.0;681.81;150.0;29.23;39.5;2.34;
2022-06-20 16:00:00;396.0;582.81;128.0;28.95;40.75;2.07;
2022-06-20 17:00:00;96.0;0.0;96.0;28.38;46.65;1.52;
2022-06-20 18:00:00;45.0;0.0;45.0;26.92;67.2;0.83;
2022-06-20 19:00:00;0.0;0.0;0.0;25.45;66.95;0.97;
2022-06-20 20:00:00;0.0;0.0;0.0;24.33;66.75;1.03;
2022-06-20 21:00:00;0.0;0.0;0.0;23.12;68.85;1.1;
2022-06-20 22:00:00;0.0;0.0;0.0;22.65;71.15;0.97;
2022-06-20 23:00:00;0.0;0.0;0.0;21.87;76.0;0.97;
2022-06-21 00:00:00;0.0;0.0;0.0;20.46;83.95;1.17;
2022-06-21 01:00:00;0.0;0.0;0.0;19.83;86.85;1.24;
2022-06-21 02:00:00;0.0;0.0;0.0;19.54;83.9;1.17;
2022-06-21 03:00:00;0.0;0.0;0.0;19.32;86.8;1.1;
2022-06-21 04:00:00;43.0;66.93;36.0;18.66;86.8;1.17;
2022-06-21 05:00:00;203.0;420.13;89.0;19.99;89.85;0.83;
2022-06-21 06:00:00;376.0;576.49;123.0;23.35;73.7;0.9;
2022-06-21 07:00:00;553.0;691.58;141.0;25.51;64.7;1.03;
2022-06-21 08:00:00;704.0;748.03;157.0;27.01;56.85;1.38;
2022-06-21 09:00:00;827.0;791.68;165.0;28.24;51.65;1.66;
2022-06-21 10:00:00;901.0;804.73;174.0;29.16;46.9;1.66;
2022-06-21 11:00:00;930.0;813.31;175.0;29.89;46.9;1.66;
2022-06-21 12:00:00;898.0;784.21;185.0;30.29;45.45;1.79;
2022-06-21 13:00:00;825.0;762.35;179.0;30.63;45.45;2.14;
2022-06-21 14:00:00;706.0;712.12;174.0;30.68;44.05;2.69;
2022-06-21 15:00:00;552.0;627.54;166.0;30.11;46.9;2.9;
2022-06-21 16:00:00;347.0;369.19;177.0;29.39;48.5;2.41;
2022-06-21 17:00:00;101.0;0.0;101.0;28.73;53.55;1.93;
2022-06-21 18:00:00;34.0;0.0;34.0;27.41;71.9;0.76;
2022-06-21 19:00:00;0.0;0.0;0.0;26.37;64.95;2.34;
2022-06-21 20:00:00;0.0;0.0;0.0;25.5;66.95;2.07;
2022-06-21 21:00:00;0.0;0.0;0.0;24.59;71.4;0.55;
2022-06-21 22:00:00;0.0;0.0;0.0;22.7;84.25;1.38;
2022-06-21 23:00:00;0.0;0.0;0.0;22.42;90.0;1.66;
2022-06-22 00:00:00;0.0;0.0;0.0;21.57;93.0;2.07;
2022-06-22 01:00:00;0.0;0.0;0.0;20.95;99.4;1.24;
2022-06-22 02:00:00;0.0;0.0;0.0;20.75;99.4;1.1;
2022-06-22 03:00:00;0.0;0.0;0.0;20.52;100.0;1.24;
2022-06-22 04:00:00;16.0;0.0;16.0;20.48;100.0;1.03;
2022-06-22 05:00:00;41.0;0.0;41.0;20.85;99.4;1.93;
2022-06-22 06:00:00;144.0;4.56;142.0;21.05;93.0;2.41;
2022-06-22 07:00:00;101.0;0.0;101.0;21.54;93.0;1.79;
2022-06-22 08:00:00;155.0;0.0;155.0;22.04;87.0;3.03;
2022-06-22 09:00:00;124.0;0.0;124.0;21.79;87.0;4.07;
2022-06-22 10:00:00;350.0;7.75;343.0;21.45;84.05;5.79;
2022-06-22 11:00:00;586.0;138.97;457.0;20.46;81.15;8.34;
2022-06-22 12:00:00;405.0;23.09;384.0;20.46;70.7;8.07;
2022-06-22 13:00:00;495.0;101.46;409.0;20.43;68.3;6.83;
2022-06-22 14:00:00;588.0;366.57;314.0;21.21;63.9;6.69;
2022-06-22 15:00:00;420.0;227.42;280.0;20.89;63.8;5.86;
2022-06-22 16:00:00;386.0;535.77;139.0;20.92;61.6;4.9;
2022-06-22 17:00:00;90.0;0.0;90.0;20.67;61.6;4.07;
2022-06-22 18:00:00;46.0;0.0;46.0;20.11;63.7;3.17;
2022-06-22 19:00:00;0.0;0.0;0.0;20.01;68.2;3.17;
2022-06-22 20:00:00;0.0;0.0;0.0;19.36;68.1;3.03;
2022-06-22 21:00:00;0.0;0.0;0.0;18.84;65.75;2.97;
2022-06-22 22:00:00;0.0;0.0;0.0;18.61;63.5;2.76;
2022-06-22 23:00:00;0.0;0.0;0.0;18.39;65.65;2.48;
2022-06-23 00:00:00;0.0;0.0;0.0;17.65;65.55;2.48;
2022-06-23 01:00:00;0.0;0.0;0.0;17.25;67.85;2.41;
2022-06-23 02:00:00;0.0;0.0;0.0;16.84;67.75;2.28;
2022-06-23 03:00:00;0.0;0.0;0.0;16.48;70.1;2.21;
2022-06-23 04:00:00;44.0;77.44;36.0;16.35;72.65;2.21;
2022-06-23 05:00:00;192.0;333.29;102.0;17.26;70.3;2.0;
2022-06-23 06:00:00;388.0;612.43;120.0;18.53;63.5;2.21;
2022-06-23 07:00:00;566.0;716.45;140.0;19.99;57.2;3.66;
2022-06-23 08:00:00;720.0;769.53;158.0;20.81;48.05;4.07;
2022-06-23 09:00:00;845.0;811.48;167.0;21.08;44.85;3.93;
2022-06-23 10:00:00;920.0;823.91;176.0;21.82;43.4;3.59;
2022-06-23 11:00:00;940.0;806.92;191.0;22.07;43.5;3.24;
2022-06-23 12:00:00;897.0;741.14;223.0;22.59;42.1;2.97;
2022-06-23 13:00:00;821.0;707.65;221.0;22.83;42.1;2.76;
2022-06-23 14:00:00;719.0;714.08;185.0;22.9;42.1;2.69;
2022-06-23 15:00:00;589.0;723.99;143.0;22.9;42.1;2.62;
2022-06-23 16:00:00;406.0;598.04;130.0;22.61;42.1;2.55;
2022-06-23 17:00:00;98.0;0.0;98.0;22.05;44.95;2.55;
2022-06-23 18:00:00;47.0;0.0;47.0;20.91;51.65;2.34;
2022-06-23 19:00:00;0.0;0.0;0.0;19.73;55.2;2.0;
2022-06-23 20:00:00;0.0;0.0;0.0;18.15;65.65;1.59;
2022-06-23 21:00:00;0.0;0.0;0.0;17.21;70.3;1.31;
2022-06-23 22:00:00;0.0;0.0;0.0;16.43;72.65;1.38;
2022-06-23 23:00:00;0.0;0.0;0.0;15.75;75.15;1.38;
2022-06-24 00:00:00;0.0;0.0;0.0;15.02;80.6;1.45;
2022-06-24 01:00:00;0.0;0.0;0.0;14.88;83.45;1.52;
2022-06-24 02:00:00;0.0;0.0;0.0;14.79;83.45;1.66;
2022-06-24 03:00:00;0.0;0.0;0.0;14.72;83.45;1.79;
2022-06-24 04:00:00;16.0;0.0;16.0;14.51;86.45;1.86;
2022-06-24 05:00:00;132.0;81.71;110.0;16.22;83.6;1.66;
2022-06-24 06:00:00;275.0;178.54;197.0;18.95;73.05;2.07;
2022-06-24 07:00:00;434.0;287.91;263.0;20.52;65.95;2.14;
2022-06-24 08:00:00;609.0;439.87;288.0;21.41;59.6;2.07;
2022-06-24 09:00:00;732.0;506.53;309.0;22.32;55.8;1.93;
2022-06-24 10:00:00;778.0;466.36;357.0;23.06;54.0;1.93;
2022-06-24 11:00:00;739.0;343.71;420.0;23.58;50.55;2.0;
2022-06-24 12:00:00;707.0;315.57;420.0;24.19;50.7;2.14;
2022-06-24 13:00:00;709.0;424.5;349.0;24.61;49.05;2.28;
2022-06-24 14:00:00;549.0;270.02;347.0;24.62;49.05;2.55;
2022-06-24 15:00:00;444.0;269.31;278.0;24.57;48.95;2.76;
2022-06-24 16:00:00;314.0;240.3;203.0;24.3;47.25;2.55;
2022-06-24 17:00:00;123.0;0.0;123.0;23.65;48.8;2.41;
2022-06-24 18:00:00;41.0;0.0;41.0;22.25;57.75;2.07;
2022-06-24 19:00:00;0.0;0.0;0.0;21.23;59.6;1.86;
2022-06-24 20:00:00;0.0;0.0;0.0;20.02;65.85;1.93;
2022-06-24 21:00:00;0.0;0.0;0.0;19.0;68.1;1.86;
2022-06-24 22:00:00;0.0;0.0;0.0;18.43;72.95;1.79;
2022-06-24 23:00:00;0.0;0.0;0.0;17.99;75.45;1.72;
2022-06-25 00:00:00;0.0;0.0;0.0;17.51;78.1;1.72;
2022-06-25 01:00:00;0.0;0.0;0.0;17.0;80.8;2.0;
2022-06-25 02:00:00;0.0;0.0;0.0;16.8;80.8;2.21;
2022-06-25 03:00:00;0.0;0.0;0.0;16.62;83.65;2.28;
2022-06-25 04:00:00;7.0;0.0;7.0;16.96;83.65;2.34;
2022-06-25 05:00:00;143.0;115.49;112.0;17.58;80.9;2.41;
2022-06-25 06:00:00;98.0;0.0;98.0;18.21;81.0;2.9;
2022-06-25 07:00:00;217.0;8.43;212.0;18.2;83.8;4.0;
2022-06-25 08:00:00;345.0;37.03;318.0;17.99;83.75;4.14;
2022-06-25 09:00:00;166.0;0.0;166.0;18.01;83.75;4.14;
2022-06-25 10:00:00;683.0;288.11;423.0;18.84;78.3;4.14;
2022-06-25 11:00:00;602.0;151.95;461.0;20.3;75.75;4.21;
2022-06-25 12:00:00;825.0;565.18;311.0;21.64;68.6;3.79;
2022-06-25 13:00:00;840.0;780.49;178.0;22.39;61.95;3.72;
2022-06-25 14:00:00;731.0;763.03;160.0;22.61;54.0;3.66;
2022-06-25 15:00:00;573.0;682.66;152.0;22.54;53.85;3.38;
2022-06-25 16:00:00;407.0;610.05;125.0;22.49;52.0;3.31;
2022-06-25 17:00:00;93.0;0.0;93.0;22.14;52.0;2.97;
2022-06-25 18:00:00;47.0;0.0;47.0;21.35;57.55;2.34;
2022-06-25 19:00:00;0.0;0.0;0.0;20.02;68.2;2.28;
2022-06-25 20:00:00;0.0;0.0;0.0;18.86;70.55;2.41;
2022-06-25 21:00:00;0.0;0.0;0.0;18.07;72.95;2.48;
2022-06-25 22:00:00;0.0;0.0;0.0;17.68;72.9;2.62;
2022-06-25 23:00:00;0.0;0.0;0.0;17.28;75.4;2.76;
2022-06-26 00:00:00;0.0;0.0;0.0;16.94;78.0;2.55;
2022-06-26 01:00:00;0.0;0.0;0.0;16.34;80.75;2.28;
2022-06-26 02:00:00;0.0;0.0;0.0;15.94;83.55;2.0;
2022-06-26 03:00:00;0.0;0.0;0.0;15.1;86.5;2.0;
2022-06-26 04:00:00;10.0;0.0;10.0;14.48;89.5;1.86;
2022-06-26 05:00:00;161.0;183.18;112.0;16.13;83.6;1.38;
2022-06-26 06:00:00;366.0;519.3;140.0;19.08;73.05;1.45;
2022-06-26 07:00:00;566.0;724.12;137.0;21.03;63.8;1.93;
2022-06-26 08:00:00;718.0;768.7;158.0;22.14;53.85;1.86;
2022-06-26 09:00:00;847.0;821.23;162.0;23.1;48.7;1.93;
2022-06-26 10:00:00;919.0;823.66;176.0;24.0;43.9;2.34;
2022-06-26 11:00:00;955.0;842.9;173.0;24.31;41.0;2.41;
2022-06-26 12:00:00;937.0;847.82;166.0;24.71;38.3;2.14;
2022-06-26 13:00:00;854.0;804.0;172.0;24.95;38.3;1.86;
2022-06-26 14:00:00;736.0;765.52;163.0;25.21;37.1;1.38;
2022-06-26 15:00:00;581.0;695.36;152.0;25.32;37.1;1.17;
2022-06-26 16:00:00;398.0;553.48;142.0;25.2;37.1;1.03;
2022-06-26 17:00:00;119.0;0.0;119.0;24.85;39.7;0.97;
2022-06-26 18:00:00;48.0;0.0;48.0;23.32;64.3;0.97;
2022-06-26 19:00:00;0.0;0.0;0.0;21.63;55.65;1.72;
2022-06-26 20:00:00;0.0;0.0;0.0;19.84;63.6;2.0;
2022-06-26 21:00:00;0.0;0.0;0.0;19.01;65.75;2.0;
2022-06-26 22:00:00;0.0;0.0;0.0;18.14;65.65;2.07;
2022-06-26 23:00:00;0.0;0.0;0.0;17.65;70.35;1.93;
2022-06-27 00:00:00;0.0;0.0;0.0;16.92;78.0;1.66;
2022-06-27 01:00:00;0.0;0.0;0.0;16.72;75.3;1.24;
2022-06-27 02:00:00;0.0;0.0;0.0;17.55;70.35;0.76;
2022-06-27 03:00:00;0.0;0.0;0.0;16.68;75.3;0.83;
2022-06-27 04:00:00;46.0;110.29;35.0;14.85;86.45;1.38;
2022-06-27 05:00:00;192.0;360.22;96.0;16.38;86.55;1.03;
2022-06-27 06:00:00;377.0;584.88;123.0;19.29;70.55;0.97;
2022-06-27 07:00:00;558.0;706.54;140.0;21.98;68.6;1.1;
2022-06-27 08:00:00;708.0;750.21;162.0;23.28;58.0;1.03;
2022-06-27 09:00:00;836.0;802.59;167.0;24.31;52.5;1.17;
2022-06-27 10:00:00;913.0;816.27;177.0;25.04;50.8;1.79;
2022-06-27 11:00:00;948.0;835.58;173.0;25.31;49.2;2.48;
2022-06-27 12:00:00;916.0;807.22;182.0;25.78;47.65;2.97;
2022-06-27 13:00:00;848.0;796.91;172.0;25.67;46.0;3.24;
2022-06-27 14:00:00;341.0;28.05;320.0;25.12;45.9;2.9;
2022-06-27 15:00:00;95.0;0.0;95.0;24.17;48.95;2.28;
2022-06-27 16:00:00;145.0;2.16;144.0;24.33;47.25;1.38;
2022-06-27 17:00:00;86.0;0.0;86.0;24.16;47.25;1.52;
2022-06-27 18:00:00;35.0;0.0;35.0;23.11;56.0;2.14;
2022-06-27 19:00:00;0.0;0.0;0.0;20.61;68.4;1.86;
2022-06-27 20:00:00;0.0;0.0;0.0;19.35;78.3;2.41;
2022-06-27 21:00:00;0.0;0.0;0.0;18.88;78.3;2.62;
2022-06-27 22:00:00;0.0;0.0;0.0;18.11;78.25;2.41;
2022-06-27 23:00:00;0.0;0.0;0.0;17.16;80.85;1.59;
2022-06-28 00:00:00;0.0;0.0;0.0;16.21;86.55;1.03;
2022-06-28 01:00:00;0.0;0.0;0.0;15.48;89.55;1.03;
2022-06-28 02:00:00;0.0;0.0;0.0;14.45;92.7;1.31;
2022-06-28 03:00:00;0.0;0.0;0.0;13.66;92.65;1.59;
2022-06-28 04:00:00;44.0;91.23;35.0;13.41;92.65;1.66;
2022-06-28 05:00:00;212.0;489.75;82.0;15.34;89.55;1.1;
2022-06-28 06:00:00;381.0;607.0;118.0;18.87;70.55;0.83;
2022-06-28 07:00:00;557.0;704.22;141.0;20.82;66.05;1.31;
2022-06-28 08:00:00;695.0;712.48;177.0;22.84;54.0;1.59;
2022-06-28 09:00:00;812.0;738.34;197.0;24.28;45.6;2.14;
2022-06-28 10:00:00;906.0;803.36;182.0;25.13;41.25;2.28;
2022-06-28 11:00:00;837.0;547.88;329.0;25.96;39.95;2.0;
2022-06-28 12:00:00;449.0;39.6;413.0;26.65;36.2;1.52;
2022-06-28 13:00:00;320.0;7.07;314.0;26.98;36.2;1.1;
2022-06-28 14:00:00;257.0;2.67;255.0;27.07;36.2;1.31;
2022-06-28 15:00:00;184.0;0.0;184.0;26.34;40.1;1.93;
2022-06-28 16:00:00;98.0;0.0;98.0;25.76;41.4;2.21;
2022-06-28 17:00:00;84.0;0.0;84.0;24.89;47.4;1.93;
2022-06-28 18:00:00;35.0;0.0;35.0;23.65;54.2;1.66;
2022-06-28 19:00:00;0.0;0.0;0.0;22.29;66.35;0.76;
2022-06-28 20:00:00;0.0;0.0;0.0;21.74;61.85;0.62;
2022-06-28 21:00:00;0.0;0.0;0.0;21.65;57.65;0.41;
2022-06-28 22:00:00;0.0;0.0;0.0;21.09;59.6;0.21;
2022-06-28 23:00:00;0.0;0.0;0.0;20.18;65.95;0.76;
2022-06-29 00:00:00;0.0;0.0;0.0;19.49;73.05;0.83;
2022-06-29 01:00:00;0.0;0.0;0.0;19.52;73.05;0.62;
2022-06-29 02:00:00;0.0;0.0;0.0;19.39;73.05;0.34;
2022-06-29 03:00:00;0.0;0.0;0.0;19.07;73.05;0.41;
2022-06-29 04:00:00;52.0;184.66;34.0;18.38;72.95;0.83;
2022-06-29 05:00:00;208.0;476.71;82.0;18.65;75.65;0.55;
2022-06-29 06:00:00;323.0;351.67;171.0;21.64;64.0;1.03;
2022-06-29 07:00:00;529.0;617.18;165.0;23.13;56.0;2.41;
2022-06-29 08:00:00;691.0;716.02;171.0;24.94;50.8;2.83;
2022-06-29 09:00:00;804.0;728.11;198.0;26.49;46.15;2.83;
2022-06-29 10:00:00;507.0;81.05;434.0;27.71;41.95;2.97;
2022-06-29 11:00:00;933.0;812.41;180.0;28.75;39.35;3.1;
2022-06-29 12:00:00;912.0;806.43;179.0;29.47;36.85;2.76;
2022-06-29 13:00:00;849.0;806.45;165.0;29.9;38.15;2.34;
2022-06-29 14:00:00;723.0;746.65;164.0;30.13;38.15;2.07;
2022-06-29 15:00:00;507.0;447.13;231.0;30.34;36.95;2.21;
2022-06-29 16:00:00;399.0;576.82;132.0;30.12;39.5;2.34;
2022-06-29 17:00:00;100.0;0.0;100.0;29.31;43.8;2.14;
2022-06-29 18:00:00;46.0;0.0;46.0;27.74;53.35;1.86;
2022-06-29 19:00:00;0.0;0.0;0.0;25.96;51.05;2.34;
2022-06-29 20:00:00;0.0;0.0;0.0;23.92;64.4;1.72;
2022-06-29 21:00:00;0.0;0.0;0.0;24.93;52.6;0.97;
2022-06-29 22:00:00;0.0;0.0;0.0;24.68;52.6;0.55;
2022-06-29 23:00:00;0.0;0.0;0.0;23.56;60.05;0.69;
2022-06-30 00:00:00;0.0;0.0;0.0;22.6;64.2;0.76;
2022-06-30 01:00:00;0.0;0.0;0.0;21.81;68.6;0.83;
2022-06-30 02:00:00;0.0;0.0;0.0;20.09;78.45;1.17;
2022-06-30 03:00:00;0.0;0.0;0.0;19.18;83.85;1.24;
2022-06-30 04:00:00;46.0;124.71;34.0;18.67;86.8;1.24;
2022-06-30 05:00:00;188.0;361.07;93.0;20.39;86.85;0.76;
2022-06-30 06:00:00;365.0;554.39;126.0;22.47;78.7;0.62;
2022-06-30 07:00:00;543.0;677.67;144.0;25.08;64.6;1.45;
2022-06-30 08:00:00;698.0;743.06;159.0;26.91;56.85;1.72;
2022-06-30 09:00:00;822.0;786.44;168.0;28.64;50.05;1.86;
2022-06-30 10:00:00;903.0;810.94;173.0;29.97;46.9;2.21;
2022-06-30 11:00:00;934.0;819.22;175.0;31.23;39.9;2.83;
2022-06-30 12:00:00;903.0;791.24;184.0;31.95;36.1;2.97;
2022-06-30 13:00:00;840.0;791.25;169.0;32.32;35.0;2.62;
2022-06-30 14:00:00;720.0;741.37;165.0;32.43;35.0;1.86;
2022-06-30 15:00:00;571.0;680.45;151.0;32.31;36.25;1.17;
2022-06-30 16:00:00;401.0;589.82;128.0;28.95;58.7;1.67;
2022-06-30 17:00:00;98.0;0.0;98.0;28.34;60.13;1.92;
2022-06-30 18:00:00;46.0;0.0;46.0;27.72;61.56;2.18;
2022-06-30 19:00:00;0.0;0.0;0.0;27.1;62.99;2.44;
2022-06-30 20:00:00;0.0;0.0;0.0;26.48;64.41;2.69;
2022-06-30 21:00:00;0.0;0.0;0.0;25.86;65.84;2.95;
2022-06-30 22:00:00;0.0;0.0;0.0;25.25;67.27;3.2;
2022-06-30 23:00:00;0.0;0.0;0.0;24.63;68.7;3.46;
2022-07-01 00:00:00;0.0;0.0;0.0;24.01;70.13;3.71;
2022-07-01 01:00:00;0.0;0.0;0.0;23.39;71.56;3.97;
2022-07-01 02:00:00;0.0;0.0;0.0;22.78;72.99;4.23;
2022-07-01 03:00:00;0.0;0.0;0.0;22.16;74.42;4.48;
2022-07-01 04:00:00;17.0;0.0;17.0;21.54;75.85;4.74;
2022-07-01 05:00:00;193.0;401.02;88.0;20.92;77.28;4.99;
2022-07-01 06:00:00;355.0;516.36;133.0;20.3;78.71;5.25;
2022-07-01 07:00:00;524.0;619.33;160.0;19.69;80.14;5.5;
2022-07-01 08:00:00;685.0;717.76;165.0;24.16;58.2;4.21;
2022-07-01 09:00:00;807.0;759.46;176.0;25.06;58.35;4.0;
2022-07-01 10:00:00;863.0;713.64;221.0;25.97;54.7;3.52;
2022-07-01 11:00:00;840.0;582.04;301.0;26.55;54.8;3.24;
2022-07-01 12:00:00;716.0;350.07;398.0;26.51;54.8;3.79;
2022-07-01 13:00:00;638.0;299.59;384.0;26.43;54.8;4.14;
2022-07-01 14:00:00;565.0;315.3;329.0;26.59;54.8;4.21;
2022-07-01 15:00:00;468.0;343.52;256.0;25.98;54.7;4.48;
2022-07-01 16:00:00;394.0;568.35;131.0;25.37;54.55;4.41;
2022-07-01 17:00:00;103.0;0.0;103.0;24.68;56.35;4.28;
2022-07-01 18:00:00;47.0;0.0;47.0;23.95;58.1;3.79;
2022-07-01 19:00:00;0.0;0.0;0.0;23.36;71.25;2.97;
2022-07-01 20:00:00;0.0;0.0;0.0;22.83;73.6;2.76;
2022-07-01 21:00:00;0.0;0.0;0.0;22.53;76.1;2.62;
2022-07-01 22:00:00;0.0;0.0;0.0;22.31;78.7;2.76;
2022-07-01 23:00:00;0.0;0.0;0.0;22.23;76.1;3.03;
2022-07-02 00:00:00;0.0;0.0;0.0;21.98;76.0;3.52;
2022-07-02 01:00:00;0.0;0.0;0.0;21.82;71.0;3.45;
2022-07-02 02:00:00;0.0;0.0;0.0;21.55;68.5;3.38;
2022-07-02 03:00:00;0.0;0.0;0.0;21.31;66.15;3.1;
2022-07-02 04:00:00;32.0;32.09;29.0;21.08;63.9;3.03;
2022-07-02 05:00:00;185.0;357.01;92.0;21.02;66.05;3.31;
2022-07-02 06:00:00;257.0;158.62;189.0;21.07;63.9;3.59;
2022-07-02 07:00:00;241.0;20.46;229.0;22.57;64.2;3.17;
2022-07-02 08:00:00;627.0;534.88;240.0;23.66;62.25;2.9;
2022-07-02 09:00:00;780.0;686.69;210.0;24.72;60.35;2.48;
2022-07-02 10:00:00;867.0;736.39;205.0;26.02;58.55;2.0;
2022-07-02 11:00:00;903.0;759.52;200.0;26.82;54.95;2.07;
2022-07-02 12:00:00;863.0;697.09;230.0;27.27;53.2;2.62;
2022-07-02 13:00:00;696.0;420.01;340.0;27.25;55.05;3.24;
2022-07-02 14:00:00;476.0;160.36;356.0;27.37;55.05;3.24;
2022-07-02 15:00:00;297.0;48.62;267.0;27.44;56.95;3.17;
2022-07-02 16:00:00;310.0;242.13;198.0;26.97;56.85;3.45;
2022-07-02 17:00:00;121.0;0.0;121.0;26.28;58.7;3.66;
2022-07-02 18:00:00;44.0;0.0;44.0;25.37;62.55;3.03;
2022-07-02 19:00:00;0.0;0.0;0.0;24.69;66.85;2.07;
2022-07-02 20:00:00;0.0;0.0;0.0;23.72;73.75;2.0;
2022-07-02 21:00:00;0.0;0.0;0.0;22.83;78.75;1.72;
2022-07-02 22:00:00;0.0;0.0;0.0;22.01;87.0;1.52;
2022-07-02 23:00:00;0.0;0.0;0.0;21.31;89.95;1.24;
2022-07-03 00:00:00;0.0;0.0;0.0;20.92;92.95;1.17;
2022-07-03 01:00:00;0.0;0.0;0.0;20.33;96.1;1.38;
2022-07-03 02:00:00;0.0;0.0;0.0;20.32;96.1;1.52;
2022-07-03 03:00:00;0.0;0.0;0.0;20.23;92.95;1.66;
2022-07-03 04:00:00;7.0;0.0;7.0;20.36;96.1;1.59;
2022-07-03 05:00:00;60.0;0.0;60.0;21.97;87.0;1.66;
2022-07-03 06:00:00;176.0;28.08;164.0;22.87;81.45;1.86;
2022-07-03 07:00:00;276.0;44.41;250.0;24.84;73.95;1.59;
2022-07-03 08:00:00;399.0;87.19;336.0;25.55;71.6;1.38;
2022-07-03 09:00:00;495.0;116.98;398.0;26.49;64.95;1.03;
2022-07-03 10:00:00;629.0;222.64;429.0;27.21;60.9;1.38;
2022-07-03 11:00:00;603.0;163.23;452.0;27.53;63.0;1.31;
2022-07-03 12:00:00;843.0;646.72;256.0;28.09;63.1;1.24;
2022-07-03 13:00:00;677.0;381.21;354.0;28.07;63.1;1.17;
2022-07-03 14:00:00;464.0;144.37;356.0;28.25;61.1;1.03;
2022-07-03 15:00:00;538.0;577.22;182.0;28.32;61.1;1.03;
2022-07-03 16:00:00;363.0;434.79;162.0;27.52;65.1;1.03;
2022-07-03 17:00:00;107.0;0.0;107.0;25.62;71.65;0.21;
2022-07-03 18:00:00;46.0;0.0;46.0;25.0;76.45;1.17;
2022-07-03 19:00:00;0.0;0.0;0.0;24.73;73.95;1.17;
2022-07-03 20:00:00;0.0;0.0;0.0;23.97;81.55;0.97;
2022-07-03 21:00:00;0.0;0.0;0.0;23.09;84.25;1.93;
2022-07-03 22:00:00;0.0;0.0;0.0;22.16;87.05;1.38;
2022-07-03 23:00:00;0.0;0.0;0.0;21.49;93.0;1.38;
2022-07-04 00:00:00;0.0;0.0;0.0;20.9;96.15;1.24;
2022-07-04 01:00:00;0.0;0.0;0.0;20.63;92.95;1.72;
2022-07-04 02:00:00;0.0;0.0;0.0;19.93;99.4;2.14;
2022-07-04 03:00:00;0.0;0.0;0.0;19.8;96.1;1.66;
2022-07-04 04:00:00;7.0;0.0;7.0;19.78;99.4;1.45;
2022-07-04 05:00:00;196.0;438.63;83.0;20.1;96.1;1.17;
2022-07-04 06:00:00;289.0;253.49;181.0;21.11;89.95;0.83;
2022-07-04 07:00:00;555.0;734.26;126.0;23.06;78.75;1.1;
2022-07-04 08:00:00;430.0;120.59;343.0;24.23;71.4;1.52;
2022-07-04 09:00:00;592.0;245.06;389.0;25.44;66.95;1.59;
2022-07-04 10:00:00;895.0;806.6;171.0;26.64;60.8;1.45;
2022-07-04 11:00:00;922.0;803.68;179.0;27.89;57.05;1.31;
2022-07-04 12:00:00;906.0;809.07;172.0;28.76;53.55;0.83;
2022-07-04 13:00:00;826.0;766.29;177.0;29.32;51.9;0.28;
2022-07-04 14:00:00;712.0;727.51;168.0;29.6;50.2;0.41;
2022-07-04 15:00:00;567.0;678.08;149.0;29.7;48.5;0.41;
2022-07-04 16:00:00;394.0;569.33;131.0;29.66;48.5;1.31;
2022-07-04 17:00:00;90.0;0.0;90.0;28.34;55.3;2.34;
2022-07-04 18:00:00;46.0;0.0;46.0;27.1;62.9;1.93;
2022-07-04 19:00:00;0.0;0.0;0.0;25.85;67.05;2.0;
2022-07-04 20:00:00;0.0;0.0;0.0;24.41;76.35;2.34;
2022-07-04 21:00:00;0.0;0.0;0.0;23.43;84.25;2.07;
2022-07-04 22:00:00;0.0;0.0;0.0;22.3;90.0;1.52;
2022-07-04 23:00:00;0.0;0.0;0.0;21.77;93.0;1.1;
2022-07-05 00:00:00;0.0;0.0;0.0;21.62;93.0;0.9;
2022-07-05 01:00:00;0.0;0.0;0.0;20.72;96.15;1.1;
2022-07-05 02:00:00;0.0;0.0;0.0;19.92;99.4;1.31;
2022-07-05 03:00:00;0.0;0.0;0.0;19.49;99.4;1.52;
2022-07-05 04:00:00;4.0;0.0;4.0;19.35;99.4;1.38;
2022-07-05 05:00:00;109.0;46.86;97.0;21.11;96.15;0.83;
2022-07-05 06:00:00;190.0;40.03;173.0;23.69;84.35;1.17;
2022-07-05 07:00:00;429.0;307.03;250.0;24.38;78.95;1.93;
2022-07-05 08:00:00;665.0;656.59;192.0;25.4;76.5;1.66;
2022-07-05 09:00:00;802.0;750.52;181.0;26.52;74.15;1.31;
2022-07-05 10:00:00;868.0;730.34;213.0;27.45;69.6;1.31;
2022-07-05 11:00:00;773.0;429.71;376.0;28.12;65.3;0.9;
2022-07-05 12:00:00;494.0;70.58;430.0;28.8;65.4;0.21;
2022-07-05 13:00:00;665.0;350.85;368.0;29.25;59.35;0.55;
2022-07-05 14:00:00;524.0;235.49;348.0;29.74;55.5;1.52;
2022-07-05 15:00:00;436.0;262.96;274.0;29.69;55.5;2.14;
2022-07-05 16:00:00;302.0;216.68;202.0;26.13;64.95;2.69;
2022-07-05 17:00:00;106.0;0.0;106.0;25.3;69.25;0.97;
2022-07-05 18:00:00;46.0;0.0;46.0;24.92;73.95;1.72;
2022-07-05 19:00:00;0.0;0.0;0.0;24.07;73.75;1.66;
2022-07-05 20:00:00;0.0;0.0;0.0;22.93;81.45;1.52;
2022-07-05 21:00:00;0.0;0.0;0.0;22.41;84.15;0.9;
2022-07-05 22:00:00;0.0;0.0;0.0;22.2;84.15;0.34;
2022-07-05 23:00:00;0.0;0.0;0.0;21.86;87.0;0.21;
2022-07-06 00:00:00;0.0;0.0;0.0;21.32;89.95;0.34;
2022-07-06 01:00:00;0.0;0.0;0.0;20.48;96.1;0.69;
2022-07-06 02:00:00;0.0;0.0;0.0;20.07;92.95;0.76;
2022-07-06 03:00:00;0.0;0.0;0.0;19.45;99.4;0.83;
2022-07-06 04:00:00;36.0;80.32;29.0;19.04;99.4;0.69;
2022-07-06 05:00:00;197.0;455.81;81.0;20.16;96.1;0.55;
2022-07-06 06:00:00;374.0;623.86;110.0;21.86;89.95;0.62;
2022-07-06 07:00:00;536.0;680.77;140.0;23.61;73.75;1.24;
2022-07-06 08:00:00;697.0;759.13;151.0;25.03;66.85;1.03;
2022-07-06 09:00:00;813.0;782.85;166.0;26.09;62.65;0.83;
2022-07-06 10:00:00;900.0;819.16;166.0;26.98;56.85;1.24;
2022-07-06 11:00:00;922.0;805.87;178.0;27.79;51.55;1.66;
2022-07-06 12:00:00;902.0;800.06;177.0;28.37;46.65;2.21;
2022-07-06 13:00:00;757.0;564.97;279.0;28.63;43.65;2.48;
2022-07-06 14:00:00;678.0;617.18;217.0;28.55;43.55;2.48;
2022-07-06 15:00:00;135.0;0.0;135.0;28.15;43.55;2.69;
2022-07-06 16:00:00;300.0;210.41;203.0;27.81;46.5;2.62;
2022-07-06 17:00:00;123.0;0.0;123.0;27.4;49.7;1.86;
2022-07-06 18:00:00;41.0;0.0;41.0;26.28;67.15;1.03;
2022-07-06 19:00:00;0.0;0.0;0.0;24.72;69.15;1.38;
2022-07-06 20:00:00;0.0;0.0;0.0;23.27;78.85;1.24;
2022-07-06 21:00:00;0.0;0.0;0.0;22.35;81.4;1.31;
2022-07-06 22:00:00;0.0;0.0;0.0;21.43;86.95;1.52;
2022-07-06 23:00:00;0.0;0.0;0.0;20.7;89.9;1.66;
2022-07-07 00:00:00;0.0;0.0;0.0;20.21;92.95;1.52;
2022-07-07 01:00:00;0.0;0.0;0.0;19.91;92.9;1.31;
2022-07-07 02:00:00;0.0;0.0;0.0;20.31;89.85;0.97;
2022-07-07 03:00:00;0.0;0.0;0.0;20.91;89.9;0.62;
2022-07-07 04:00:00;31.0;46.85;27.0;20.57;89.9;0.41;
2022-07-07 05:00:00;196.0;458.8;80.0;21.15;86.95;0.41;
2022-07-07 06:00:00;374.0;628.48;109.0;23.21;76.2;0.69;
2022-07-07 07:00:00;531.0;666.86;144.0;24.86;79.05;0.83;
2022-07-07 08:00:00;690.0;742.27;157.0;26.13;69.4;0.9;
2022-07-07 09:00:00;815.0;786.23;166.0;26.64;65.0;0.97;
2022-07-07 10:00:00;902.0;822.17;166.0;27.25;63.0;1.17;
2022-07-07 11:00:00;920.0;797.81;184.0;27.89;59.0;1.24;
2022-07-07 12:00:00;875.0;721.08;222.0;28.5;53.45;1.1;
2022-07-07 13:00:00;820.0;745.09;190.0;28.91;51.8;0.83;
2022-07-07 14:00:00;669.0;584.1;233.0;29.12;51.8;0.28;
2022-07-07 15:00:00;572.0;692.57;146.0;29.07;51.8;0.41;
2022-07-07 16:00:00;162.0;8.69;158.0;27.54;56.95;1.66;
2022-07-07 17:00:00;113.0;0.0;113.0;25.23;66.95;1.93;
2022-07-07 18:00:00;12.0;0.0;12.0;24.71;71.5;0.97;
2022-07-07 19:00:00;0.0;0.0;0.0;26.06;64.8;0.69;
2022-07-07 20:00:00;0.0;0.0;0.0;23.87;76.3;1.24;
2022-07-07 21:00:00;0.0;0.0;0.0;22.72;81.45;1.59;
2022-07-07 22:00:00;0.0;0.0;0.0;22.19;81.4;2.21;
2022-07-07 23:00:00;0.0;0.0;0.0;22.21;81.4;2.9;
2022-07-08 00:00:00;0.0;0.0;0.0;22.18;81.4;3.38;
2022-07-08 01:00:00;0.0;0.0;0.0;21.77;84.1;2.62;
2022-07-08 02:00:00;0.0;0.0;0.0;21.32;86.95;2.0;
2022-07-08 03:00:00;0.0;0.0;0.0;20.65;86.9;1.86;
2022-07-08 04:00:00;18.0;0.0;18.0;20.29;89.85;1.66;
2022-07-08 05:00:00;135.0;123.45;104.0;21.24;86.95;1.45;
2022-07-08 06:00:00;264.0;185.68;186.0;23.29;76.2;1.52;
2022-07-08 07:00:00;492.0;516.47;193.0;23.27;76.2;1.66;
2022-07-08 08:00:00;640.0;578.93;225.0;24.93;66.85;1.1;
2022-07-08 09:00:00;774.0;662.29;228.0;26.5;56.7;0.62;
2022-07-08 10:00:00;870.0;735.76;212.0;27.62;49.7;0.41;
2022-07-08 11:00:00;927.0;812.56;178.0;28.5;46.65;0.48;
2022-07-08 12:00:00;907.0;807.79;176.0;28.97;43.65;0.55;
2022-07-08 13:00:00;831.0;775.2;176.0;29.49;40.9;0.69;
2022-07-08 14:00:00;720.0;748.11;162.0;29.82;40.9;0.9;
2022-07-08 15:00:00;574.0;696.5;146.0;29.77;39.5;0.9;
2022-07-08 16:00:00;284.0;169.65;206.0;29.27;39.5;0.97;
2022-07-08 17:00:00;95.0;0.0;95.0;28.47;45.05;1.66;
2022-07-08 18:00:00;43.0;0.0;43.0;27.16;49.7;2.21;
2022-07-08 19:00:00;0.0;0.0;0.0;25.45;54.55;3.17;
2022-07-08 20:00:00;0.0;0.0;0.0;24.41;64.5;3.31;
2022-07-08 21:00:00;0.0;0.0;0.0;23.66;68.95;2.69;
2022-07-08 22:00:00;0.0;0.0;0.0;22.86;73.6;2.76;
2022-07-08 23:00:00;0.0;0.0;0.0;22.16;78.7;2.55;
2022-07-09 00:00:00;0.0;0.0;0.0;21.48;84.05;2.28;
2022-07-09 01:00:00;0.0;0.0;0.0;20.91;84.05;1.86;
2022-07-09 02:00:00;0.0;0.0;0.0;20.28;86.85;1.52;
2022-07-09 03:00:00;0.0;0.0;0.0;19.47;92.9;1.38;
2022-07-09 04:00:00;34.0;85.73;27.0;19.18;92.9;1.17;
2022-07-09 05:00:00;162.0;256.68;98.0;20.23;92.95;0.97;
2022-07-09 06:00:00;335.0;458.83;143.0;22.79;73.6;1.1;
2022-07-09 07:00:00;528.0;661.5;146.0;23.9;68.95;0.83;
2022-07-09 08:00:00;691.0;746.26;157.0;25.28;60.45;0.41;
2022-07-09 09:00:00;812.0;779.77;170.0;26.67;53.1;0.34;
2022-07-09 10:00:00;904.0;827.2;165.0;27.85;48.15;0.69;
2022-07-09 11:00:00;927.0;813.26;178.0;28.69;42.2;0.76;
2022-07-09 12:00:00;912.0;819.47;171.0;29.13;40.75;0.62;
2022-07-09 13:00:00;832.0;775.79;177.0;29.63;39.5;0.48;
2022-07-09 14:00:00;717.0;738.01;167.0;29.39;39.5;1.03;
2022-07-09 15:00:00;565.0;667.93;155.0;29.32;40.9;1.72;
2022-07-09 16:00:00;371.0;459.69;160.0;27.78;48.15;2.55;
2022-07-09 17:00:00;101.0;0.0;101.0;27.04;53.1;2.41;
2022-07-09 18:00:00;43.0;0.0;43.0;26.24;58.7;2.28;
2022-07-09 19:00:00;0.0;0.0;0.0;25.63;56.6;2.07;
2022-07-09 20:00:00;0.0;0.0;0.0;24.14;64.5;2.14;
2022-07-09 21:00:00;0.0;0.0;0.0;23.05;76.15;1.93;
2022-07-09 22:00:00;0.0;0.0;0.0;22.17;81.4;1.66;
2022-07-09 23:00:00;0.0;0.0;0.0;21.45;86.95;1.45;
2022-07-10 00:00:00;0.0;0.0;0.0;21.36;86.95;1.17;
2022-07-10 01:00:00;0.0;0.0;0.0;20.86;86.9;1.24;
2022-07-10 02:00:00;0.0;0.0;0.0;20.66;89.9;1.24;
2022-07-10 03:00:00;0.0;0.0;0.0;20.15;89.85;1.31;
2022-07-10 04:00:00;3.0;0.0;3.0;20.03;92.9;1.24;
2022-07-10 05:00:00;36.0;0.0;36.0;21.19;89.95;0.9;
2022-07-10 06:00:00;365.0;611.83;110.0;24.03;76.3;1.1;
2022-07-10 07:00:00;494.0;545.16;180.0;24.78;71.5;2.14;
2022-07-10 08:00:00;605.0;491.42;254.0;26.15;62.8;2.0;
2022-07-10 09:00:00;787.0;728.55;188.0;27.05;56.85;2.0;
2022-07-10 10:00:00;696.0;338.41;394.0;27.85;51.55;2.07;
2022-07-10 11:00:00;693.0;292.35;424.0;29.04;48.4;2.14;
2022-07-10 12:00:00;659.0;260.1;424.0;29.8;45.35;2.28;
2022-07-10 13:00:00;668.0;365.1;360.0;30.29;42.45;2.55;
2022-07-10 14:00:00;564.0;322.34;324.0;30.71;39.75;2.48;
2022-07-10 15:00:00;399.0;190.84;282.0;30.36;39.65;2.28;
2022-07-10 16:00:00;296.0;207.35;201.0;29.64;40.9;2.48;
2022-07-10 17:00:00;112.0;0.0;112.0;28.7;43.65;2.14;
2022-07-10 18:00:00;44.0;0.0;44.0;27.21;55.05;1.52;
2022-07-10 19:00:00;0.0;0.0;0.0;24.49;69.05;2.0;
2022-07-10 20:00:00;0.0;0.0;0.0;23.07;78.75;2.69;
2022-07-10 21:00:00;0.0;0.0;0.0;21.92;87.0;3.31;
2022-07-10 22:00:00;0.0;0.0;0.0;21.24;89.95;3.52;
2022-07-10 23:00:00;0.0;0.0;0.0;20.95;92.95;3.45;
2022-07-11 00:00:00;0.0;0.0;0.0;20.54;92.95;3.45;
2022-07-11 01:00:00;0.0;0.0;0.0;20.15;92.95;3.52;
2022-07-11 02:00:00;0.0;0.0;0.0;19.87;96.1;3.31;
2022-07-11 03:00:00;0.0;0.0;0.0;19.75;96.1;3.38;
2022-07-11 04:00:00;0.0;0.0;0.0;19.54;92.9;3.45;
2022-07-11 05:00:00;0.0;0.0;0.0;19.67;96.1;3.31;
2022-07-11 06:00:00;0.0;0.0;0.0;19.99;96.1;3.52;
2022-07-11 07:00:00;0.0;0.0;0.0;20.66;84.05;4.07;
2022-07-11 08:00:00;256.0;5.61;252.0;20.82;84.05;3.86;
2022-07-11 09:00:00;521.0;151.04;397.0;20.63;86.9;3.86;
2022-07-11 10:00:00;505.0;87.5;427.0;20.68;89.9;3.79;
2022-07-11 11:00:00;257.0;0.0;257.0;21.02;89.9;3.93;
2022-07-11 12:00:00;97.0;0.0;97.0;21.18;86.95;3.52;
2022-07-11 13:00:00;165.0;0.0;165.0;21.35;86.95;3.24;
2022-07-11 14:00:00;192.0;0.0;192.0;21.68;81.35;3.24;
2022-07-11 15:00:00;248.0;17.97;237.0;22.1;78.7;2.83;
2022-07-11 16:00:00;177.0;17.5;169.0;22.09;81.4;2.76;
2022-07-11 17:00:00;107.0;0.0;107.0;21.63;84.1;2.41;
2022-07-11 18:00:00;42.0;0.0;42.0;21.2;86.95;2.28;
2022-07-11 19:00:00;0.0;0.0;0.0;22.42;78.7;2.07;
2022-07-11 20:00:00;0.0;0.0;0.0;21.35;84.05;2.48;
2022-07-11 21:00:00;0.0;0.0;0.0;21.06;84.05;2.48;
2022-07-11 22:00:00;0.0;0.0;0.0;20.65;86.9;2.48;
2022-07-11 23:00:00;0.0;0.0;0.0;20.21;89.85;2.62;
2022-07-12 00:00:00;0.0;0.0;0.0;20.07;89.85;2.62;
2022-07-12 01:00:00;0.0;0.0;0.0;19.71;92.9;2.28;
2022-07-12 02:00:00;0.0;0.0;0.0;19.52;92.9;2.0;
2022-07-12 03:00:00;0.0;0.0;0.0;19.43;92.9;2.0;
2022-07-12 04:00:00;14.0;0.0;14.0;19.21;92.9;1.72;
2022-07-12 05:00:00;146.0;192.89;99.0;19.56;89.85;1.59;
2022-07-12 06:00:00;303.0;341.18;162.0;20.29;86.85;1.72;
2022-07-12 07:00:00;488.0;528.94;185.0;21.54;81.3;2.9;
2022-07-12 08:00:00;674.0;716.8;164.0;22.52;76.1;3.17;
2022-07-12 09:00:00;747.0;606.26;250.0;23.5;71.25;2.83;
2022-07-12 10:00:00;824.0;625.62;267.0;23.98;68.95;2.62;
2022-07-12 11:00:00;710.0;319.07;417.0;24.85;66.85;2.14;
2022-07-12 12:00:00;713.0;351.51;396.0;25.41;66.95;1.52;
2022-07-12 13:00:00;596.0;233.96;399.0;26.0;64.8;1.03;
2022-07-12 14:00:00;364.0;45.76;330.0;26.3;62.8;0.69;
2022-07-12 15:00:00;448.0;297.69;266.0;26.32;62.8;0.55;
2022-07-12 16:00:00;383.0;539.18;137.0;26.0;64.8;0.48;
2022-07-12 17:00:00;93.0;0.0;93.0;25.93;62.65;0.34;
2022-07-12 18:00:00;42.0;0.0;42.0;25.59;66.95;0.28;
2022-07-12 19:00:00;0.0;0.0;0.0;24.13;73.85;1.52;
2022-07-12 20:00:00;0.0;0.0;0.0;22.32;84.15;1.38;
2022-07-12 21:00:00;0.0;0.0;0.0;22.1;84.15;0.76;
2022-07-12 22:00:00;0.0;0.0;0.0;21.96;84.1;0.34;
2022-07-12 23:00:00;0.0;0.0;0.0;20.72;89.9;0.83;
2022-07-13 00:00:00;0.0;0.0;0.0;20.77;89.9;0.62;
2022-07-13 01:00:00;0.0;0.0;0.0;19.59;96.1;1.17;
2022-07-13 02:00:00;0.0;0.0;0.0;19.16;96.1;1.45;
2022-07-13 03:00:00;0.0;0.0;0.0;18.98;96.1;1.45;
2022-07-13 04:00:00;17.0;0.0;17.0;18.94;92.9;0.62;
2022-07-13 05:00:00;168.0;339.31;86.0;19.56;96.1;0.48;
2022-07-13 06:00:00;331.0;473.93;136.0;21.04;92.95;0.97;
2022-07-13 07:00:00;490.0;539.2;182.0;21.65;81.35;0.34;
2022-07-13 08:00:00;658.0;666.15;185.0;23.42;76.2;1.17;
2022-07-13 09:00:00;797.0;759.91;175.0;24.51;71.4;1.59;
2022-07-13 10:00:00;855.0;715.24;219.0;25.58;66.95;1.59;
2022-07-13 11:00:00;877.0;695.51;239.0;26.41;62.8;1.38;
2022-07-13 12:00:00;722.0;369.62;389.0;27.02;60.8;0.9;
2022-07-13 13:00:00;596.0;234.21;399.0;27.69;57.05;0.55;
2022-07-13 14:00:00;693.0;677.86;190.0;28.15;53.45;0.48;
2022-07-13 15:00:00;500.0;452.17;224.0;28.35;53.45;0.41;
2022-07-13 16:00:00;382.0;538.28;137.0;28.25;53.45;0.48;
2022-07-13 17:00:00;111.0;0.0;111.0;27.88;55.15;0.97;
2022-07-13 18:00:00;43.0;0.0;43.0;26.93;62.9;1.24;
2022-07-13 19:00:00;0.0;0.0;0.0;25.82;71.65;1.79;
2022-07-13 20:00:00;0.0;0.0;0.0;24.22;76.35;2.0;
2022-07-13 21:00:00;0.0;0.0;0.0;23.19;84.25;1.72;
2022-07-13 22:00:00;0.0;0.0;0.0;22.16;90.0;1.52;
2022-07-13 23:00:00;0.0;0.0;0.0;21.56;93.0;1.31;
2022-07-14 00:00:00;0.0;0.0;0.0;21.45;93.0;0.97;
2022-07-14 01:00:00;0.0;0.0;0.0;20.8;96.15;1.03;
2022-07-14 02:00:00;0.0;0.0;0.0;20.17;96.1;1.17;
2022-07-14 03:00:00;0.0;0.0;0.0;19.95;99.4;1.03;
2022-07-14 04:00:00;31.0;98.3;24.0;20.02;99.4;0.83;
2022-07-14 05:00:00;161.0;300.49;89.0;21.07;93.0;0.62;
2022-07-14 06:00:00;324.0;451.68;139.0;23.52;84.25;0.69;
2022-07-14 07:00:00;494.0;565.37;172.0;24.25;69.05;2.21;
2022-07-14 08:00:00;665.0;701.41;168.0;25.85;64.8;1.86;
2022-07-14 09:00:00;793.0;756.23;175.0;27.13;60.9;1.45;
2022-07-14 10:00:00;884.0;802.87;171.0;28.09;61.0;1.31;
2022-07-14 11:00:00;913.0;802.15;178.0;28.85;57.3;1.1;
2022-07-14 12:00:00;903.0;817.82;167.0;29.3;53.7;1.1;
2022-07-14 13:00:00;824.0;774.82;173.0;29.5;53.7;1.38;
2022-07-14 14:00:00;709.0;736.77;163.0;29.66;53.7;1.52;
2022-07-14 15:00:00;560.0;674.5;149.0;29.6;53.7;1.38;
2022-07-14 16:00:00;380.0;533.06;138.0;29.27;53.7;0.97;
2022-07-14 17:00:00;101.0;0.0;101.0;28.66;55.4;1.1;
2022-07-14 18:00:00;32.0;0.0;32.0;27.66;63.1;1.45;
2022-07-14 19:00:00;0.0;0.0;0.0;26.69;74.25;0.83;
2022-07-14 20:00:00;0.0;0.0;0.0;25.37;76.5;1.66;
2022-07-14 21:00:00;0.0;0.0;0.0;24.42;81.65;1.72;
2022-07-14 22:00:00;0.0;0.0;0.0;23.75;84.35;1.66;
2022-07-14 23:00:00;0.0;0.0;0.0;22.95;90.05;1.59;
2022-07-15 00:00:00;0.0;0.0;0.0;22.41;96.15;1.03;
2022-07-15 01:00:00;0.0;0.0;0.0;22.03;96.15;0.97;
2022-07-15 02:00:00;0.0;0.0;0.0;21.32;99.4;1.1;
2022-07-15 03:00:00;0.0;0.0;0.0;21.05;99.4;1.31;
2022-07-15 04:00:00;17.0;14.51;16.0;20.59;96.15;2.0;
2022-07-15 05:00:00;159.0;294.73;89.0;20.95;96.15;1.59;
2022-07-15 06:00:00;321.0;443.99;140.0;22.27;90.0;0.83;
2022-07-15 07:00:00;423.0;325.81;238.0;22.94;81.45;1.17;
2022-07-15 08:00:00;661.0;688.78;174.0;24.65;71.5;1.17;
2022-07-15 09:00:00;793.0;758.7;174.0;26.07;69.3;1.66;
2022-07-15 10:00:00;851.0;713.75;218.0;27.09;65.0;1.66;
2022-07-15 11:00:00;904.0;780.16;190.0;27.91;59.0;0.9;
2022-07-15 12:00:00;823.0;602.93;281.0;28.51;57.15;0.76;
2022-07-15 13:00:00;759.0;586.28;267.0;28.82;57.3;1.1;
2022-07-15 14:00:00;668.0;604.03;221.0;29.06;57.3;1.17;
2022-07-15 15:00:00;548.0;631.36;164.0;28.81;55.4;1.24;
2022-07-15 16:00:00;390.0;585.35;125.0;27.61;60.9;1.59;
2022-07-15 17:00:00;116.0;0.0;116.0;26.97;62.9;0.97;
2022-07-15 18:00:00;39.0;0.0;39.0;26.59;64.95;0.55;
2022-07-15 19:00:00;0.0;0.0;0.0;25.04;73.95;2.48;
2022-07-15 20:00:00;0.0;0.0;0.0;24.22;76.35;2.62;
2022-07-15 21:00:00;0.0;0.0;0.0;23.53;81.5;1.93;
2022-07-15 22:00:00;0.0;0.0;0.0;23.15;81.5;2.07;
2022-07-15 23:00:00;0.0;0.0;0.0;22.53;84.15;1.79;
2022-07-16 00:00:00;0.0;0.0;0.0;21.45;89.95;1.17;
2022-07-16 01:00:00;0.0;0.0;0.0;20.99;89.9;1.45;
2022-07-16 02:00:00;0.0;0.0;0.0;20.71;89.9;1.86;
2022-07-16 03:00:00;0.0;0.0;0.0;20.32;89.85;1.86;
2022-07-16 04:00:00;30.0;120.11;22.0;19.97;89.85;1.59;
2022-07-16 05:00:00;149.0;242.19;92.0;20.7;89.9;1.03;
2022-07-16 06:00:00;350.0;589.1;111.0;21.8;84.1;1.1;
2022-07-16 07:00:00;511.0;648.35;144.0;23.36;73.7;0.34;
2022-07-16 08:00:00;652.0;670.46;179.0;24.35;66.75;0.48;
2022-07-16 09:00:00;770.0;698.6;201.0;25.52;62.55;0.28;
2022-07-16 10:00:00;649.0;265.35;414.0;26.3;60.7;0.28;
2022-07-16 11:00:00;802.0;520.75;326.0;27.0;58.8;0.76;
2022-07-16 12:00:00;823.0;610.34;275.0;27.3;60.9;1.17;
2022-07-16 13:00:00;102.0;0.0;102.0;27.08;65.0;1.38;
2022-07-16 14:00:00;93.0;0.0;93.0;26.2;67.15;1.38;
2022-07-16 15:00:00;63.0;0.0;63.0;25.09;76.45;1.1;
2022-07-16 16:00:00;39.0;0.0;39.0;24.84;76.45;1.79;
2022-07-16 17:00:00;56.0;0.0;56.0;24.3;78.95;2.28;
2022-07-16 18:00:00;9.0;0.0;9.0;23.69;78.9;1.93;
2022-07-16 19:00:00;0.0;0.0;0.0;22.66;87.1;1.17;
2022-07-16 20:00:00;0.0;0.0;0.0;22.06;90.0;0.76;
2022-07-16 21:00:00;0.0;0.0;0.0;21.07;96.15;2.76;
2022-07-16 22:00:00;0.0;0.0;0.0;20.4;99.4;1.72;
2022-07-16 23:00:00;0.0;0.0;0.0;20.32;99.4;1.59;
2022-07-17 00:00:00;0.0;0.0;0.0;19.9;99.4;1.52;
2022-07-17 01:00:00;0.0;0.0;0.0;19.39;100.0;1.31;
2022-07-17 02:00:00;0.0;0.0;0.0;19.02;99.4;1.72;
2022-07-17 03:00:00;0.0;0.0;0.0;19.05;99.4;1.59;
2022-07-17 04:00:00;17.0;15.57;16.0;19.04;99.4;1.79;
2022-07-17 05:00:00;167.0;377.45;79.0;19.32;99.4;2.28;
2022-07-17 06:00:00;349.0;587.08;112.0;19.95;99.4;2.41;
2022-07-17 07:00:00;0.0;0.0;0.0;21.7;89.95;1.59;
2022-07-17 08:00:00;683.0;760.08;148.0;23.34;81.5;1.72;
2022-07-17 09:00:00;807.0;794.53;161.0;25.03;73.95;1.86;
2022-07-17 10:00:00;896.0;832.26;160.0;26.4;64.95;1.93;
2022-07-17 11:00:00;921.0;820.48;172.0;27.46;60.9;1.72;
2022-07-17 12:00:00;811.0;570.96;299.0;28.13;55.3;1.17;
2022-07-17 13:00:00;765.0;603.35;260.0;28.64;51.8;0.76;
2022-07-17 14:00:00;501.0;204.68;350.0;29.06;50.05;0.69;
2022-07-17 15:00:00;558.0;673.59;150.0;29.19;46.9;1.03;
2022-07-17 16:00:00;300.0;226.7;198.0;29.09;48.4;1.17;
2022-07-17 17:00:00;95.0;0.0;95.0;28.48;55.3;1.1;
2022-07-17 18:00:00;40.0;0.0;40.0;27.02;74.25;0.76;
2022-07-17 19:00:00;0.0;0.0;0.0;25.62;74.1;0.97;
2022-07-17 20:00:00;0.0;0.0;0.0;25.51;71.6;0.55;
2022-07-17 21:00:00;0.0;0.0;0.0;24.55;76.35;0.48;
2022-07-17 22:00:00;0.0;0.0;0.0;23.7;78.9;0.55;
2022-07-17 23:00:00;0.0;0.0;0.0;22.85;84.25;0.76;
2022-07-18 00:00:00;0.0;0.0;0.0;22.24;87.05;0.76;
2022-07-18 01:00:00;0.0;0.0;0.0;21.74;89.95;0.76;
2022-07-18 02:00:00;0.0;0.0;0.0;21.3;93.0;0.62;
2022-07-18 03:00:00;0.0;0.0;0.0;20.65;92.95;0.28;
2022-07-18 04:00:00;16.0;16.19;15.0;20.1;96.1;0.55;
2022-07-18 05:00:00;172.0;415.78;76.0;20.08;96.1;0.62;
2022-07-18 06:00:00;351.0;597.55;111.0;22.44;90.0;0.69;
2022-07-18 07:00:00;518.0;670.33;141.0;23.43;90.05;0.48;
2022-07-18 08:00:00;680.0;749.04;154.0;25.5;81.75;0.48;
2022-07-18 09:00:00;808.0;793.51;164.0;27.23;71.9;0.28;
2022-07-18 10:00:00;898.0;830.11;165.0;28.75;61.25;0.28;
2022-07-18 11:00:00;927.0;829.26;171.0;29.93;55.5;0.55;
2022-07-18 12:00:00;908.0;824.08;170.0;30.94;47.15;1.03;
2022-07-18 13:00:00;828.0;781.29;175.0;31.58;41.3;1.45;
2022-07-18 14:00:00;716.0;753.6;161.0;31.78;38.7;1.72;
2022-07-18 15:00:00;568.0;701.59;144.0;31.73;38.7;1.86;
2022-07-18 16:00:00;395.0;608.82;122.0;31.52;41.3;1.66;
2022-07-18 17:00:00;95.0;0.0;95.0;30.59;53.8;0.9;
2022-07-18 18:00:00;39.0;0.0;39.0;28.97;67.6;0.48;
2022-07-18 19:00:00;0.0;0.0;0.0;27.81;59.0;0.9;
2022-07-18 20:00:00;0.0;0.0;0.0;27.45;56.95;0.21;
2022-07-18 21:00:00;0.0;0.0;0.0;26.46;60.7;0.55;
2022-07-18 22:00:00;0.0;0.0;0.0;25.57;66.95;0.76;
2022-07-18 23:00:00;0.0;0.0;0.0;24.62;69.15;0.62;
2022-07-19 00:00:00;0.0;0.0;0.0;23.66;76.3;0.55;
2022-07-19 01:00:00;0.0;0.0;0.0;21.2;86.95;1.38;
2022-07-19 02:00:00;0.0;0.0;0.0;20.28;92.95;1.72;
2022-07-19 03:00:00;0.0;0.0;0.0;20.13;96.1;1.79;
2022-07-19 04:00:00;14.0;16.87;13.0;20.19;96.1;1.93;
2022-07-19 05:00:00;150.0;275.61;87.0;21.41;96.15;1.59;
2022-07-19 06:00:00;324.0;488.05;129.0;24.27;84.35;1.79;
2022-07-19 07:00:00;497.0;603.0;159.0;26.06;81.8;1.31;
2022-07-19 08:00:00;665.0;718.01;162.0;27.43;74.3;1.38;
2022-07-19 09:00:00;791.0;761.66;174.0;28.31;67.5;1.52;
2022-07-19 10:00:00;860.0;745.2;203.0;29.03;65.4;1.17;
2022-07-19 11:00:00;888.0;740.36;214.0;29.8;61.35;0.76;
2022-07-19 12:00:00;870.0;734.65;213.0;30.37;57.5;0.48;
2022-07-19 13:00:00;806.0;729.75;197.0;30.97;53.9;0.48;
2022-07-19 14:00:00;689.0;680.15;189.0;31.13;52.15;0.69;
2022-07-19 15:00:00;419.0;242.17;273.0;31.23;48.9;0.83;
2022-07-19 16:00:00;379.0;548.35;134.0;30.85;48.75;1.45;
2022-07-19 17:00:00;96.0;0.0;96.0;29.83;55.5;1.93;
2022-07-19 18:00:00;38.0;0.0;38.0;28.29;63.2;1.86;
2022-07-19 19:00:00;0.0;0.0;0.0;27.21;69.6;1.93;
2022-07-19 20:00:00;0.0;0.0;0.0;25.46;79.1;2.0;
2022-07-19 21:00:00;0.0;0.0;0.0;24.18;87.2;1.93;
2022-07-19 22:00:00;0.0;0.0;0.0;23.23;93.05;1.72;
2022-07-19 23:00:00;0.0;0.0;0.0;22.6;93.05;1.59;
2022-07-20 00:00:00;0.0;0.0;0.0;22.2;93.05;1.45;
2022-07-20 01:00:00;0.0;0.0;0.0;21.74;96.15;1.45;
2022-07-20 02:00:00;0.0;0.0;0.0;21.44;99.4;1.31;
2022-07-20 03:00:00;0.0;0.0;0.0;21.05;99.4;1.38;
2022-07-20 04:00:00;13.0;0.0;13.0;20.57;99.4;1.52;
2022-07-20 05:00:00;143.0;247.52;87.0;21.76;96.15;1.31;
2022-07-20 06:00:00;314.0;457.96;132.0;24.95;84.4;1.66;
2022-07-20 07:00:00;489.0;590.76;159.0;26.42;74.15;2.55;
2022-07-20 08:00:00;617.0;573.82;216.0;27.64;67.4;2.41;
2022-07-20 09:00:00;706.0;528.12;279.0;28.65;63.3;1.93;
2022-07-20 10:00:00;830.0;678.24;233.0;29.29;61.35;1.45;
2022-07-20 11:00:00;849.0;651.24;257.0;29.59;61.35;1.03;
2022-07-20 12:00:00;859.0;724.52;212.0;29.85;61.35;0.9;
2022-07-20 13:00:00;676.0;400.86;342.0;29.8;61.35;0.69;
2022-07-20 14:00:00;683.0;681.45;183.0;28.96;65.4;1.31;
2022-07-20 15:00:00;362.0;136.36;280.0;26.93;71.85;1.59;
2022-07-20 16:00:00;67.0;0.0;67.0;27.33;69.6;1.24;
2022-07-20 17:00:00;19.0;0.0;19.0;27.51;69.6;1.93;
2022-07-20 18:00:00;5.0;0.0;5.0;27.03;71.85;1.59;
2022-07-20 19:00:00;0.0;0.0;0.0;25.32;79.1;2.0;
2022-07-20 20:00:00;0.0;0.0;0.0;24.74;81.7;2.07;
2022-07-20 21:00:00;0.0;0.0;0.0;24.16;84.35;1.79;
2022-07-20 22:00:00;0.0;0.0;0.0;23.52;87.1;2.55;
2022-07-20 23:00:00;0.0;0.0;0.0;22.5;87.05;3.66;
2022-07-21 00:00:00;0.0;0.0;0.0;21.72;84.1;2.28;
2022-07-21 01:00:00;0.0;0.0;0.0;21.29;86.95;1.24;
2022-07-21 02:00:00;0.0;0.0;0.0;20.69;89.9;1.59;
2022-07-21 03:00:00;0.0;0.0;0.0;20.31;89.85;2.0;
2022-07-21 04:00:00;15.0;18.47;14.0;20.18;86.85;1.93;
2022-07-21 05:00:00;122.0;142.95;90.0;20.52;86.85;1.66;
2022-07-21 06:00:00;274.0;285.9;161.0;21.89;81.35;1.38;
2022-07-21 07:00:00;103.0;0.0;103.0;23.07;68.85;2.14;
2022-07-21 08:00:00;294.0;20.08;280.0;24.45;64.5;2.28;
2022-07-21 09:00:00;400.0;47.09;362.0;25.7;60.6;2.48;
2022-07-21 10:00:00;698.0;363.01;379.0;26.73;58.8;2.14;
2022-07-21 11:00:00;844.0;639.01;264.0;27.59;58.9;1.24;
2022-07-21 12:00:00;887.0;801.89;172.0;27.49;60.9;0.76;
2022-07-21 13:00:00;500.0;117.81;402.0;27.62;60.9;0.76;
2022-07-21 14:00:00;727.0;808.46;135.0;27.7;61.0;0.9;
2022-07-21 15:00:00;447.0;323.47;253.0;27.51;63.0;0.41;
2022-07-21 16:00:00;34.0;0.0;34.0;26.8;65.0;0.62;
2022-07-21 17:00:00;102.0;0.0;102.0;24.2;76.35;1.1;
2022-07-21 18:00:00;36.0;0.0;36.0;22.92;81.45;0.76;
2022-07-21 19:00:00;0.0;0.0;0.0;23.94;76.3;2.0;
2022-07-21 20:00:00;0.0;0.0;0.0;22.91;81.45;2.55;
2022-07-21 21:00:00;0.0;0.0;0.0;22.11;81.4;2.28;
2022-07-21 22:00:00;0.0;0.0;0.0;21.7;84.1;1.45;
2022-07-21 23:00:00;0.0;0.0;0.0;20.47;92.95;0.69;
2022-07-22 00:00:00;0.0;0.0;0.0;19.82;96.1;1.03;
2022-07-22 01:00:00;0.0;0.0;0.0;19.64;92.9;1.59;
2022-07-22 02:00:00;0.0;0.0;0.0;19.43;96.1;2.14;
2022-07-22 03:00:00;0.0;0.0;0.0;19.06;96.1;1.72;
2022-07-22 04:00:00;13.0;19.41;12.0;18.68;92.9;1.24;
2022-07-22 05:00:00;152.0;329.7;79.0;19.29;96.1;1.38;
2022-07-22 06:00:00;316.0;478.34;128.0;20.47;92.95;1.66;
2022-07-22 07:00:00;505.0;658.08;140.0;22.26;81.4;1.52;
2022-07-22 08:00:00;569.0;430.05;270.0;23.55;76.2;1.31;
2022-07-22 09:00:00;782.0;756.24;173.0;25.02;69.15;0.97;
2022-07-22 10:00:00;880.0;813.9;166.0;26.3;62.8;0.83;
2022-07-22 11:00:00;895.0;779.06;189.0;27.18;58.9;0.62;
2022-07-22 12:00:00;852.0;702.07;227.0;27.81;55.15;0.55;
2022-07-22 13:00:00;764.0;622.62;247.0;28.41;51.65;0.83;
2022-07-22 14:00:00;667.0;626.79;209.0;28.79;48.4;1.17;
2022-07-22 15:00:00;515.0;540.09;192.0;28.88;46.75;1.31;
2022-07-22 16:00:00;327.0;346.6;174.0;28.8;46.75;1.52;
2022-07-22 17:00:00;108.0;0.0;108.0;28.33;48.25;1.52;
2022-07-22 18:00:00;26.0;0.0;26.0;26.87;51.3;0.34;
2022-07-22 19:00:00;0.0;0.0;0.0;24.81;76.45;1.93;
2022-07-22 20:00:00;0.0;0.0;0.0;23.66;78.9;1.86;
2022-07-22 21:00:00;0.0;0.0;0.0;22.68;87.1;1.1;
2022-07-22 22:00:00;0.0;0.0;0.0;21.92;89.95;1.52;
2022-07-22 23:00:00;0.0;0.0;0.0;21.4;89.95;0.83;
2022-07-23 00:00:00;0.0;0.0;0.0;21.24;89.95;0.69;
2022-07-23 01:00:00;0.0;0.0;0.0;20.43;96.1;1.1;
2022-07-23 02:00:00;0.0;0.0;0.0;20.2;96.1;1.1;
2022-07-23 03:00:00;0.0;0.0;0.0;20.2;96.1;1.45;
2022-07-23 04:00:00;2.0;0.0;2.0;20.23;92.95;1.86;
2022-07-23 05:00:00;30.0;0.0;30.0;20.63;92.95;1.52;
2022-07-23 06:00:00;65.0;0.0;65.0;22.29;84.15;1.38;
2022-07-23 07:00:00;500.0;649.64;141.0;23.15;76.2;1.31;
2022-07-23 08:00:00;672.0;759.99;145.0;24.89;66.85;1.59;
2022-07-23 09:00:00;802.0;808.83;152.0;26.27;58.7;1.79;
2022-07-23 10:00:00;893.0;848.46;150.0;27.41;55.05;2.0;
2022-07-23 11:00:00;923.0;847.76;156.0;28.32;49.95;2.07;
2022-07-23 12:00:00;904.0;841.63;156.0;29.03;48.4;2.14;
2022-07-23 13:00:00;823.0;797.5;162.0;29.52;45.35;2.21;
2022-07-23 14:00:00;707.0;757.12;155.0;29.64;45.35;2.21;
2022-07-23 15:00:00;546.0;664.13;150.0;29.7;45.35;1.72;
2022-07-23 16:00:00;173.0;18.2;165.0;29.06;48.4;1.86;
2022-07-23 17:00:00;84.0;0.0;84.0;27.7;55.15;1.72;
2022-07-23 18:00:00;32.0;0.0;32.0;26.44;64.95;1.24;
2022-07-23 19:00:00;0.0;0.0;0.0;25.42;69.25;1.86;
2022-07-23 20:00:00;0.0;0.0;0.0;24.47;76.35;1.03;
2022-07-23 21:00:00;0.0;0.0;0.0;24.48;71.4;0.62;
2022-07-23 22:00:00;0.0;0.0;0.0;22.57;78.75;1.1;
2022-07-23 23:00:00;0.0;0.0;0.0;21.06;86.95;1.52;
2022-07-24 00:00:00;0.0;0.0;0.0;20.4;92.95;1.59;
2022-07-24 01:00:00;0.0;0.0;0.0;20.02;92.9;1.52;
2022-07-24 02:00:00;0.0;0.0;0.0;19.92;92.9;1.38;
2022-07-24 03:00:00;0.0;0.0;0.0;19.98;89.85;1.24;
2022-07-24 04:00:00;9.0;0.0;9.0;20.38;86.85;0.97;
2022-07-24 05:00:00;149.0;332.69;77.0;21.28;84.05;0.48;
2022-07-24 06:00:00;328.0;556.01;112.0;23.55;78.85;0.28;
2022-07-24 07:00:00;498.0;646.64;142.0;25.34;71.6;0.62;
2022-07-24 08:00:00;664.0;736.02;155.0;27.01;62.9;1.1;
2022-07-24 09:00:00;792.0;783.12;164.0;28.39;53.45;1.24;
2022-07-24 10:00:00;882.0;820.26;165.0;29.27;48.5;1.31;
2022-07-24 11:00:00;777.0;472.76;350.0;30.08;45.35;1.24;
2022-07-24 12:00:00;893.0;813.78;171.0;30.61;42.45;1.03;
2022-07-24 13:00:00;813.0;771.23;175.0;30.87;41.15;0.97;
2022-07-24 14:00:00;701.0;742.4;161.0;30.82;41.15;1.03;
2022-07-24 15:00:00;544.0;659.48;152.0;30.88;39.75;1.31;
2022-07-24 16:00:00;374.0;566.98;126.0;30.6;42.45;1.38;
2022-07-24 17:00:00;94.0;0.0;94.0;30.03;48.5;0.55;
2022-07-24 18:00:00;34.0;0.0;34.0;29.56;46.9;0.41;
2022-07-24 19:00:00;0.0;0.0;0.0;27.5;60.9;1.03;
2022-07-24 20:00:00;0.0;0.0;0.0;25.64;64.8;1.31;
2022-07-24 21:00:00;0.0;0.0;0.0;24.55;71.4;1.38;
2022-07-24 22:00:00;0.0;0.0;0.0;23.41;76.2;1.59;
2022-07-24 23:00:00;0.0;0.0;0.0;22.73;76.15;1.52;
2022-07-25 00:00:00;0.0;0.0;0.0;22.47;78.7;1.31;
2022-07-25 01:00:00;0.0;0.0;0.0;23.72;66.65;0.41;
2022-07-25 02:00:00;0.0;0.0;0.0;23.25;66.55;0.55;
2022-07-25 03:00:00;0.0;0.0;0.0;21.53;84.05;1.24;
2022-07-25 04:00:00;8.0;0.0;8.0;21.06;86.95;1.52;
2022-07-25 05:00:00;96.0;65.46;82.0;21.34;89.95;1.17;
2022-07-25 06:00:00;306.0;453.19;131.0;24.33;73.85;0.9;
2022-07-25 07:00:00;461.0;503.25;185.0;26.17;69.4;1.59;
2022-07-25 08:00:00;584.0;482.86;251.0;27.59;63.0;1.59;
2022-07-25 09:00:00;660.0;419.91;324.0;28.5;57.15;1.1;
2022-07-25 10:00:00;824.0;664.78;244.0;29.29;51.9;0.48;
2022-07-25 11:00:00;894.0;783.04;188.0;29.82;51.9;0.34;
2022-07-25 12:00:00;885.0;801.7;175.0;30.43;50.3;0.69;
2022-07-25 13:00:00;806.0;757.04;181.0;30.95;47.15;0.76;
2022-07-25 14:00:00;699.0;740.08;162.0;30.97;45.6;1.24;
2022-07-25 15:00:00;548.0;676.84;147.0;30.85;45.6;1.72;
2022-07-25 16:00:00;118.0;0.0;118.0;30.67;45.6;2.07;
2022-07-25 17:00:00;92.0;0.0;92.0;30.0;51.9;1.45;
2022-07-25 18:00:00;32.0;0.0;32.0;28.43;69.75;1.1;
2022-07-25 19:00:00;0.0;0.0;0.0;28.9;55.4;0.55;
2022-07-25 20:00:00;0.0;0.0;0.0;27.76;59.0;0.07;
2022-07-25 21:00:00;0.0;0.0;0.0;26.81;65.0;0.41;
2022-07-25 22:00:00;0.0;0.0;0.0;25.9;69.3;0.62;
2022-07-25 23:00:00;0.0;0.0;0.0;25.09;73.95;0.76;
2022-07-26 00:00:00;0.0;0.0;0.0;24.39;78.95;0.62;
2022-07-26 01:00:00;0.0;0.0;0.0;23.89;81.55;0.62;
2022-07-26 02:00:00;0.0;0.0;0.0;22.52;90.0;0.9;
2022-07-26 03:00:00;0.0;0.0;0.0;21.63;93.0;1.1;
2022-07-26 04:00:00;6.0;0.0;6.0;20.75;96.15;1.38;
2022-07-26 05:00:00;142.0;312.41;76.0;21.76;93.0;1.1;
2022-07-26 06:00:00;305.0;461.19;128.0;24.63;79.05;1.24;
2022-07-26 07:00:00;436.0;421.02;206.0;26.45;79.2;2.34;
2022-07-26 08:00:00;620.0;610.73;200.0;27.44;71.9;3.24;
2022-07-26 09:00:00;631.0;361.99;342.0;26.98;67.2;3.93;
2022-07-26 10:00:00;795.0;597.17;275.0;28.16;57.15;3.79;
2022-07-26 11:00:00;713.0;352.23;396.0;29.08;50.05;3.17;
2022-07-26 12:00:00;855.0;728.53;211.0;29.64;46.9;2.55;
2022-07-26 13:00:00;715.0;504.94;299.0;30.14;45.35;1.93;
2022-07-26 14:00:00;547.0;313.65;320.0;29.7;45.35;1.72;
2022-07-26 15:00:00;294.0;55.89;261.0;29.36;43.8;1.31;
2022-07-26 16:00:00;111.0;0.0;111.0;29.02;45.2;1.45;
2022-07-26 17:00:00;109.0;0.0;109.0;28.5;49.95;1.17;
2022-07-26 18:00:00;32.0;0.0;32.0;27.18;58.9;1.38;
2022-07-26 19:00:00;0.0;0.0;0.0;25.6;76.5;1.31;
2022-07-26 20:00:00;0.0;0.0;0.0;25.83;67.05;0.83;
2022-07-26 21:00:00;0.0;0.0;0.0;25.32;66.95;0.62;
2022-07-26 22:00:00;0.0;0.0;0.0;22.71;81.45;1.24;
2022-07-26 23:00:00;0.0;0.0;0.0;21.22;89.95;1.66;
2022-07-27 00:00:00;0.0;0.0;0.0;20.91;89.9;1.45;
2022-07-27 01:00:00;0.0;0.0;0.0;21.21;86.95;1.1;
2022-07-27 02:00:00;0.0;0.0;0.0;21.82;84.1;0.55;
2022-07-27 03:00:00;0.0;0.0;0.0;21.32;86.95;0.34;
2022-07-27 04:00:00;5.0;0.0;5.0;20.74;89.9;0.76;
2022-07-27 05:00:00;144.0;345.11;72.0;20.32;92.95;0.83;
2022-07-27 06:00:00;321.0;553.24;110.0;23.48;81.5;0.69;
2022-07-27 07:00:00;489.0;639.57;141.0;25.37;66.95;0.76;
2022-07-27 08:00:00;655.0;729.17;155.0;27.28;55.05;0.83;
2022-07-27 09:00:00;779.0;765.81;169.0;28.69;45.2;0.69;
2022-07-27 10:00:00;868.0;804.33;169.0;29.88;42.3;0.34;
2022-07-27 11:00:00;898.0;803.76;176.0;30.68;38.4;0.0;
2022-07-27 12:00:00;884.0;809.29;170.0;31.3;35.95;0.14;
2022-07-27 13:00:00;800.0;752.98;181.0;31.67;34.9;0.21;
2022-07-27 14:00:00;685.0;714.87;169.0;31.92;34.9;0.28;
2022-07-27 15:00:00;470.0;411.34;228.0;31.87;33.7;0.14;
2022-07-27 16:00:00;123.0;0.0;123.0;31.37;35.95;0.41;
2022-07-27 17:00:00;106.0;0.0;106.0;30.52;43.95;0.41;
2022-07-27 18:00:00;30.0;0.0;30.0;28.85;61.25;0.9;
2022-07-27 19:00:00;0.0;0.0;0.0;26.81;67.2;1.31;
2022-07-27 20:00:00;0.0;0.0;0.0;25.14;74.0;1.45;
2022-07-27 21:00:00;0.0;0.0;0.0;24.27;76.35;1.31;
2022-07-27 22:00:00;0.0;0.0;0.0;23.85;78.9;1.17;
2022-07-27 23:00:00;0.0;0.0;0.0;23.45;81.5;1.1;
2022-07-28 00:00:00;0.0;0.0;0.0;23.51;81.5;0.97;
2022-07-28 01:00:00;0.0;0.0;0.0;23.46;84.25;0.69;
2022-07-28 02:00:00;0.0;0.0;0.0;23.07;84.25;0.48;
2022-07-28 03:00:00;0.0;0.0;0.0;22.63;87.1;0.34;
2022-07-28 04:00:00;4.0;0.0;4.0;22.11;87.05;0.41;
2022-07-28 05:00:00;124.0;208.78;81.0;22.35;90.0;0.28;
2022-07-28 06:00:00;297.0;445.96;128.0;24.38;78.95;0.41;
2022-07-28 07:00:00;469.0;572.06;159.0;26.48;71.75;0.14;
2022-07-28 08:00:00;633.0;675.74;171.0;28.11;63.1;0.48;
2022-07-28 09:00:00;702.0;548.66;266.0;29.43;55.5;1.66;
2022-07-28 10:00:00;869.0;816.36;161.0;30.52;55.6;2.48;
2022-07-28 11:00:00;880.0;770.75;189.0;31.3;50.55;2.9;
2022-07-28 12:00:00;774.0;525.85;311.0;31.84;49.0;3.1;
2022-07-28 13:00:00;754.0;627.9;239.0;32.09;49.0;2.97;
2022-07-28 14:00:00;693.0;747.43;155.0;32.27;47.5;2.97;
2022-07-28 15:00:00;511.0;571.56;176.0;31.34;48.9;3.59;
2022-07-28 16:00:00;170.0;0.0;170.0;30.3;50.3;2.97;
2022-07-28 17:00:00;81.0;0.0;81.0;29.88;55.5;1.38;
2022-07-28 18:00:00;19.0;0.0;19.0;28.76;67.6;0.76;
2022-07-28 19:00:00;0.0;0.0;0.0;26.89;74.25;1.24;
2022-07-28 20:00:00;0.0;0.0;0.0;25.67;79.15;1.52;
2022-07-28 21:00:00;0.0;0.0;0.0;24.77;81.7;1.52;
2022-07-28 22:00:00;0.0;0.0;0.0;24.18;84.35;1.45;
2022-07-28 23:00:00;0.0;0.0;0.0;23.97;84.35;1.24;
2022-07-29 00:00:00;0.0;0.0;0.0;23.9;84.35;0.97;
2022-07-29 01:00:00;0.0;0.0;0.0;23.35;87.1;0.97;
2022-07-29 02:00:00;0.0;0.0;0.0;22.61;90.05;1.03;
2022-07-29 03:00:00;0.0;0.0;0.0;21.7;93.0;1.38;
2022-07-29 04:00:00;3.0;0.0;3.0;21.51;99.4;1.24;
2022-07-29 05:00:00;98.0;93.48;79.0;22.29;96.15;0.83;
2022-07-29 06:00:00;212.0;132.81;162.0;24.45;84.35;0.69;
2022-07-29 07:00:00;332.0;161.21;245.0;26.29;71.75;1.1;
2022-07-29 08:00:00;598.0;572.15;208.0;27.81;67.4;0.41;
2022-07-29 09:00:00;753.0;724.06;179.0;29.1;63.3;0.28;
2022-07-29 10:00:00;814.0;681.74;224.0;30.18;59.45;0.76;
2022-07-29 11:00:00;811.0;592.36;281.0;30.94;55.75;1.03;
2022-07-29 12:00:00;812.0;637.35;252.0;31.86;52.4;1.1;
2022-07-29 13:00:00;388.0;36.66;358.0;32.15;52.4;1.1;
2022-07-29 14:00:00;647.0;618.64;203.0;32.45;50.8;1.1;
2022-07-29 15:00:00;397.0;231.23;262.0;32.42;49.15;0.9;
2022-07-29 16:00:00;135.0;0.0;135.0;31.9;50.7;0.83;
2022-07-29 17:00:00;94.0;0.0;94.0;30.75;55.75;0.55;
2022-07-29 18:00:00;26.0;0.0;26.0;30.14;63.5;0.28;
2022-07-29 19:00:00;0.0;0.0;0.0;29.94;59.35;0.55;
2022-07-29 20:00:00;0.0;0.0;0.0;29.09;61.25;0.62;
2022-07-29 21:00:00;0.0;0.0;0.0;27.46;69.6;0.97;
2022-07-29 22:00:00;0.0;0.0;0.0;27.21;69.6;0.76;
2022-07-29 23:00:00;0.0;0.0;0.0;27.1;71.85;0.48;
2022-07-30 00:00:00;0.0;0.0;0.0;26.56;74.15;0.69;
2022-07-30 01:00:00;0.0;0.0;0.0;24.91;81.7;1.1;
2022-07-30 02:00:00;0.0;0.0;0.0;24.44;84.35;1.17;
2022-07-30 03:00:00;0.0;0.0;0.0;24.3;81.65;0.97;
2022-07-30 04:00:00;1.0;0.0;1.0;24.21;81.65;0.9;
2022-07-30 05:00:00;123.0;229.41;77.0;24.17;84.35;0.76;
2022-07-30 06:00:00;295.0;457.23;124.0;26.63;71.85;0.9;
2022-07-30 07:00:00;467.0;580.6;155.0;28.38;65.3;0.48;
2022-07-30 08:00:00;632.0;687.23;165.0;29.98;61.35;0.76;
2022-07-30 09:00:00;758.0;733.43;178.0;31.08;55.75;0.9;
2022-07-30 10:00:00;856.0;794.38;170.0;32.18;49.15;0.76;
2022-07-30 11:00:00;881.0;782.86;182.0;32.87;46.1;0.48;
2022-07-30 12:00:00;862.0;777.88;180.0;33.64;43.2;0.62;
2022-07-30 13:00:00;788.0;743.64;181.0;34.07;40.55;0.9;
2022-07-30 14:00:00;677.0;715.54;165.0;34.15;40.55;1.59;
2022-07-30 15:00:00;530.0;660.4;146.0;34.0;39.2;2.34;
2022-07-30 16:00:00;122.0;0.0;122.0;32.71;40.3;3.24;
2022-07-30 17:00:00;86.0;0.0;86.0;31.26;47.25;2.9;
2022-07-30 18:00:00;27.0;0.0;27.0;30.2;53.8;2.48;
2022-07-30 19:00:00;0.0;0.0;0.0;30.7;59.55;0.83;
2022-07-30 20:00:00;0.0;0.0;0.0;28.97;67.6;0.97;
2022-07-30 21:00:00;0.0;0.0;0.0;27.06;76.7;1.31;
2022-07-30 22:00:00;0.0;0.0;0.0;26.22;79.2;1.31;
2022-07-30 23:00:00;0.0;0.0;0.0;25.58;84.45;1.31;
2022-07-31 00:00:00;0.0;0.0;0.0;24.97;87.25;1.31;
2022-07-31 01:00:00;0.0;0.0;0.0;24.23;90.1;1.38;
2022-07-31 02:00:00;0.0;0.0;0.0;23.58;93.1;1.52;
2022-07-31 03:00:00;0.0;0.0;0.0;23.2;96.2;1.59;
2022-07-31 04:00:00;1.0;0.0;1.0;22.9;96.15;1.52;
2022-07-31 05:00:00;121.0;232.63;75.0;23.93;93.1;1.03;
2022-07-31 06:00:00;297.0;481.89;118.0;27.1;76.7;0.83;
2022-07-31 07:00:00;467.0;588.71;152.0;29.17;61.35;1.45;
2022-07-31 08:00:00;632.0;696.77;160.0;30.8;55.75;1.03;
2022-07-31 09:00:00;759.0;744.16;172.0;32.16;49.0;0.62;
2022-07-31 10:00:00;853.0;791.51;171.0;33.26;43.2;0.41;
2022-07-31 11:00:00;873.0;767.7;189.0;34.12;40.55;0.62;
2022-07-31 12:00:00;864.0;786.48;176.0;34.72;36.9;0.69;
2022-07-31 13:00:00;785.0;741.85;181.0;35.24;35.8;0.83;
2022-07-31 14:00:00;670.0;700.97;170.0;35.44;34.6;0.76;
2022-07-31 15:00:00;549.0;728.82;127.0;35.07;35.65;0.9;
2022-07-31 16:00:00;144.0;0.0;144.0;32.88;45.32;0.58;
2022-07-31 17:00:00;98.0;0.0;98.0;32.32;48.19;0.61;
2022-07-31 18:00:00;25.0;0.0;25.0;31.77;51.06;0.64;
2022-07-31 19:00:00;0.0;0.0;0.0;31.22;53.93;0.66;
2022-07-31 20:00:00;0.0;0.0;0.0;30.67;56.8;0.69;
2022-07-31 21:00:00;0.0;0.0;0.0;30.11;59.67;0.72;
2022-07-31 22:00:00;0.0;0.0;0.0;29.56;62.54;0.75;
2022-07-31 23:00:00;0.0;0.0;0.0;29.01;65.41;0.77;
2022-08-01 00:00:00;0.0;0.0;0.0;28.46;68.29;0.8;
2022-08-01 01:00:00;0.0;0.0;0.0;27.91;71.16;0.83;
2022-08-01 02:00:00;0.0;0.0;0.0;27.35;74.03;0.86;
2022-08-01 03:00:00;0.0;0.0;0.0;26.8;76.9;0.89;
2022-08-01 04:00:00;0.0;0.0;0.0;26.25;79.77;0.91;
2022-08-01 05:00:00;108.0;171.79;75.0;25.7;82.64;0.94;
2022-08-01 06:00:00;279.0;412.23;128.0;25.14;85.51;0.97;
2022-08-01 07:00:00;456.0;567.55;155.0;24.59;88.38;1.0;
2022-08-01 08:00:00;629.0;707.22;153.0;30.19;63.5;0.55;
2022-08-01 09:00:00;752.0;744.24;168.0;31.68;57.85;0.83;
2022-08-01 10:00:00;841.0;782.36;170.0;33.02;54.4;0.48;
2022-08-01 11:00:00;880.0;803.84;167.0;34.01;49.5;0.41;
2022-08-01 12:00:00;861.0;798.24;166.0;34.9;43.6;0.9;
2022-08-01 13:00:00;790.0;775.48;162.0;35.22;40.9;1.03;
2022-08-01 14:00:00;670.0;723.98;157.0;34.81;40.8;2.0;
2022-08-01 15:00:00;523.0;667.41;140.0;33.75;40.55;2.14;
2022-08-01 16:00:00;123.0;0.0;123.0;33.29;43.2;1.72;
2022-08-01 17:00:00;85.0;0.0;85.0;32.4;49.15;1.86;
2022-08-01 18:00:00;18.0;0.0;18.0;31.34;54.05;1.79;
2022-08-01 19:00:00;0.0;0.0;0.0;30.27;67.8;0.9;
2022-08-01 20:00:00;0.0;0.0;0.0;29.48;69.85;0.76;
2022-08-01 21:00:00;0.0;0.0;0.0;28.78;72.15;0.76;
2022-08-01 22:00:00;0.0;0.0;0.0;27.87;76.85;0.83;
2022-08-01 23:00:00;0.0;0.0;0.0;27.4;79.35;0.76;
2022-08-02 00:00:00;0.0;0.0;0.0;27.32;79.35;0.48;
2022-08-02 01:00:00;0.0;0.0;0.0;26.86;81.9;0.55;
2022-08-02 02:00:00;0.0;0.0;0.0;24.84;93.15;1.38;
2022-08-02 03:00:00;0.0;0.0;0.0;24.64;93.15;1.72;
2022-08-02 04:00:00;0.0;0.0;0.0;24.95;93.15;2.07;
2022-08-02 05:00:00;27.0;0.0;27.0;25.8;90.2;2.21;
2022-08-02 06:00:00;70.0;0.0;70.0;27.84;79.4;2.76;
2022-08-02 07:00:00;373.0;280.33;225.0;24.4;78.95;2.83;
2022-08-02 08:00:00;440.0;192.3;311.0;25.7;67.05;3.72;
2022-08-02 09:00:00;604.0;345.01;334.0;27.37;58.9;2.62;
2022-08-02 10:00:00;826.0;752.68;182.0;28.39;55.3;2.41;
2022-08-02 11:00:00;764.0;501.74;320.0;28.67;53.55;2.62;
2022-08-02 12:00:00;855.0;792.15;167.0;28.71;57.3;2.41;
2022-08-02 13:00:00;788.0;778.92;159.0;29.52;55.4;2.28;
2022-08-02 14:00:00;671.0;736.44;151.0;29.85;51.9;2.21;
2022-08-02 15:00:00;520.0;668.83;138.0;29.86;51.9;2.55;
2022-08-02 16:00:00;119.0;0.0;119.0;29.14;53.55;2.9;
2022-08-02 17:00:00;81.0;0.0;81.0;28.74;51.8;3.38;
2022-08-02 18:00:00;16.0;0.0;16.0;27.99;55.15;3.31;
2022-08-02 19:00:00;0.0;0.0;0.0;27.08;62.9;2.34;
2022-08-02 20:00:00;0.0;0.0;0.0;26.39;67.15;2.14;
2022-08-02 21:00:00;0.0;0.0;0.0;25.93;69.3;2.41;
2022-08-02 22:00:00;0.0;0.0;0.0;25.49;71.6;2.41;
2022-08-02 23:00:00;0.0;0.0;0.0;25.09;71.6;2.14;
2022-08-03 00:00:00;0.0;0.0;0.0;24.35;76.35;1.66;
2022-08-03 01:00:00;0.0;0.0;0.0;24.08;73.85;2.0;
2022-08-03 02:00:00;0.0;0.0;0.0;23.81;76.3;2.14;
2022-08-03 03:00:00;0.0;0.0;0.0;22.58;84.25;2.62;
2022-08-03 04:00:00;0.0;0.0;0.0;21.49;89.95;2.97;
2022-08-03 05:00:00;11.0;0.0;11.0;21.59;87.0;2.55;
2022-08-03 06:00:00;270.0;390.55;129.0;22.47;87.05;2.14;
2022-08-03 07:00:00;460.0;607.04;141.0;22.64;78.75;2.41;
2022-08-03 08:00:00;603.0;629.72;182.0;23.37;78.85;2.07;
2022-08-03 09:00:00;277.0;5.13;273.0;24.08;73.85;1.38;
2022-08-03 10:00:00;169.0;0.0;169.0;24.79;71.5;0.69;
2022-08-03 11:00:00;141.0;0.0;141.0;25.0;71.5;0.55;
2022-08-03 12:00:00;127.0;0.0;127.0;24.31;76.35;0.48;
2022-08-03 13:00:00;106.0;0.0;106.0;23.71;81.55;0.14;
2022-08-03 14:00:00;68.0;0.0;68.0;24.56;78.95;1.17;
2022-08-03 15:00:00;88.0;0.0;88.0;25.7;69.3;1.52;
2022-08-03 16:00:00;175.0;0.0;175.0;25.23;71.6;2.28;
2022-08-03 17:00:00;20.0;0.0;20.0;23.74;84.35;2.14;
2022-08-03 18:00:00;15.0;0.0;15.0;22.53;90.0;1.86;
2022-08-03 19:00:00;0.0;0.0;0.0;21.38;96.15;0.97;
2022-08-03 20:00:00;0.0;0.0;0.0;20.9;96.15;0.97;
2022-08-03 21:00:00;0.0;0.0;0.0;20.3;96.1;1.38;
2022-08-03 22:00:00;0.0;0.0;0.0;19.79;96.1;1.79;
2022-08-03 23:00:00;0.0;0.0;0.0;19.49;99.4;1.93;
2022-08-04 00:00:00;0.0;0.0;0.0;19.26;96.1;1.45;
2022-08-04 01:00:00;0.0;0.0;0.0;19.31;96.1;0.97;
2022-08-04 02:00:00;0.0;0.0;0.0;19.16;96.1;1.79;
2022-08-04 03:00:00;0.0;0.0;0.0;18.72;99.4;2.0;
2022-08-04 04:00:00;0.0;0.0;0.0;18.33;96.1;2.28;
2022-08-04 05:00:00;34.0;0.0;34.0;18.16;89.75;2.21;
2022-08-04 06:00:00;154.0;36.28;141.0;18.12;89.75;1.86;
2022-08-04 07:00:00;220.0;24.85;207.0;19.93;86.85;2.21;
2022-08-04 08:00:00;604.0;621.39;190.0;21.01;81.2;1.59;
2022-08-04 09:00:00;704.0;591.09;244.0;21.4;75.95;2.41;
2022-08-04 10:00:00;756.0;541.5;295.0;20.7;78.5;3.79;
2022-08-04 11:00:00;347.0;9.08;339.0;20.35;81.15;4.41;
2022-08-04 12:00:00;155.0;0.0;155.0;21.03;78.5;4.0;
2022-08-04 13:00:00;109.0;0.0;109.0;21.56;76.0;3.72;
2022-08-04 14:00:00;189.0;0.0;189.0;22.16;73.55;3.79;
2022-08-04 15:00:00;246.0;26.53;231.0;22.45;73.55;3.52;
2022-08-04 16:00:00;168.0;0.0;168.0;22.71;71.15;3.03;
2022-08-04 17:00:00;54.0;0.0;54.0;22.79;71.15;2.07;
2022-08-04 18:00:00;5.0;0.0;5.0;22.47;76.1;1.24;
2022-08-04 19:00:00;0.0;0.0;0.0;20.55;86.9;1.24;
2022-08-04 20:00:00;0.0;0.0;0.0;19.84;92.9;1.93;
2022-08-04 21:00:00;0.0;0.0;0.0;19.49;96.1;2.07;
2022-08-04 22:00:00;0.0;0.0;0.0;19.23;96.1;1.79;
2022-08-04 23:00:00;0.0;0.0;0.0;18.89;99.4;0.97;
2022-08-05 00:00:00;0.0;0.0;0.0;18.94;99.4;0.41;
2022-08-05 01:00:00;0.0;0.0;0.0;18.25;96.1;0.69;
2022-08-05 02:00:00;0.0;0.0;0.0;17.97;99.4;0.62;
2022-08-05 03:00:00;0.0;0.0;0.0;17.7;96.05;0.83;
2022-08-05 04:00:00;0.0;0.0;0.0;17.72;96.05;0.55;
2022-08-05 05:00:00;21.0;0.0;21.0;17.84;96.05;0.34;
2022-08-05 06:00:00;140.0;22.49;132.0;18.77;92.85;0.28;
2022-08-05 07:00:00;373.0;282.4;226.0;21.92;81.35;1.66;
2022-08-05 08:00:00;637.0;741.06;145.0;23.13;64.3;2.07;
2022-08-05 09:00:00;703.0;592.79;243.0;23.83;58.1;2.28;
2022-08-05 10:00:00;840.0;785.51;173.0;24.31;54.35;2.34;
2022-08-05 11:00:00;596.0;188.99;430.0;25.09;49.2;2.83;
2022-08-05 12:00:00;402.0;30.17;376.0;25.22;47.5;3.24;
2022-08-05 13:00:00;730.0;599.83;250.0;25.44;47.5;3.03;
2022-08-05 14:00:00;652.0;676.04;180.0;25.53;47.5;2.62;
2022-08-05 15:00:00;509.0;638.21;150.0;25.7;46.0;2.14;
2022-08-05 16:00:00;133.0;0.0;133.0;25.52;47.5;1.66;
2022-08-05 17:00:00;76.0;0.0;76.0;25.08;50.95;1.24;
2022-08-05 18:00:00;13.0;0.0;13.0;23.8;62.25;1.31;
2022-08-05 19:00:00;0.0;0.0;0.0;22.51;66.35;2.21;
2022-08-05 20:00:00;0.0;0.0;0.0;21.91;68.6;2.21;
2022-08-05 21:00:00;0.0;0.0;0.0;21.3;70.9;2.07;
2022-08-05 22:00:00;0.0;0.0;0.0;20.24;78.45;1.72;
2022-08-05 23:00:00;0.0;0.0;0.0;19.28;83.85;1.66;
2022-08-06 00:00:00;0.0;0.0;0.0;18.72;86.75;1.45;
2022-08-06 01:00:00;0.0;0.0;0.0;18.48;86.75;1.31;
2022-08-06 02:00:00;0.0;0.0;0.0;18.18;86.75;1.31;
2022-08-06 03:00:00;0.0;0.0;0.0;17.74;89.75;1.38;
2022-08-06 04:00:00;0.0;0.0;0.0;17.57;89.75;1.45;
2022-08-06 05:00:00;59.0;16.9;56.0;18.26;89.75;1.59;
2022-08-06 06:00:00;207.0;155.85;152.0;21.08;75.95;1.86;
2022-08-06 07:00:00;473.0;669.87;126.0;23.63;71.35;1.17;
2022-08-06 08:00:00;630.0;731.63;146.0;25.18;64.7;1.38;
2022-08-06 09:00:00;764.0;792.29;151.0;26.3;58.7;1.66;
2022-08-06 10:00:00;850.0;820.66;155.0;27.42;53.2;2.07;
2022-08-06 11:00:00;890.0;843.55;151.0;28.15;49.95;2.34;
2022-08-06 12:00:00;866.0;826.28;156.0;28.66;48.4;2.41;
2022-08-06 13:00:00;797.0;813.64;148.0;28.9;48.4;2.34;
2022-08-06 14:00:00;677.0;769.35;142.0;28.99;48.4;2.21;
2022-08-06 15:00:00;518.0;688.15;133.0;28.87;48.4;2.14;
2022-08-06 16:00:00;114.0;0.0;114.0;28.51;49.95;1.52;
2022-08-06 17:00:00;76.0;0.0;76.0;27.84;55.15;0.55;
2022-08-06 18:00:00;11.0;0.0;11.0;27.27;56.95;0.21;
2022-08-06 19:00:00;0.0;0.0;0.0;24.77;73.95;1.24;
2022-08-06 20:00:00;0.0;0.0;0.0;23.6;76.3;1.45;
2022-08-06 21:00:00;0.0;0.0;0.0;22.42;81.4;1.72;
2022-08-06 22:00:00;0.0;0.0;0.0;21.83;81.35;2.0;
2022-08-06 23:00:00;0.0;0.0;0.0;21.48;84.05;2.21;
2022-08-07 00:00:00;0.0;0.0;0.0;21.54;81.35;2.34;
2022-08-07 01:00:00;0.0;0.0;0.0;21.26;84.05;2.28;
2022-08-07 02:00:00;0.0;0.0;0.0;20.56;86.9;1.79;
2022-08-07 03:00:00;0.0;0.0;0.0;19.94;92.9;1.59;
2022-08-07 04:00:00;0.0;0.0;0.0;19.35;96.1;1.52;
2022-08-07 05:00:00;75.0;57.32;65.0;19.56;92.9;1.31;
2022-08-07 06:00:00;287.0;519.78;105.0;22.84;81.45;1.17;
2022-08-07 07:00:00;463.0;636.33;135.0;25.29;74.0;1.66;
2022-08-07 08:00:00;633.0;741.88;144.0;27.13;60.9;2.21;
2022-08-07 09:00:00;760.0;780.41;158.0;28.54;53.45;2.9;
2022-08-07 10:00:00;847.0;808.69;164.0;29.29;46.75;3.86;
2022-08-07 11:00:00;877.0;808.05;171.0;29.71;43.8;3.93;
2022-08-07 12:00:00;861.0;813.49;164.0;30.18;41.0;3.66;
2022-08-07 13:00:00;793.0;801.26;156.0;30.4;41.0;3.38;
2022-08-07 14:00:00;669.0;748.0;151.0;30.52;41.0;3.03;
2022-08-07 15:00:00;515.0;679.45;137.0;30.55;41.0;2.83;
2022-08-07 16:00:00;116.0;0.0;116.0;30.17;42.45;2.48;
2022-08-07 17:00:00;78.0;0.0;78.0;29.38;51.8;2.07;
2022-08-07 18:00:00;10.0;0.0;10.0;27.89;53.35;2.34;
2022-08-07 19:00:00;0.0;0.0;0.0;26.22;54.8;2.62;
2022-08-07 20:00:00;0.0;0.0;0.0;25.25;54.55;2.69;
2022-08-07 21:00:00;0.0;0.0;0.0;24.49;56.25;2.69;
2022-08-07 22:00:00;0.0;0.0;0.0;23.99;58.1;2.55;
2022-08-07 23:00:00;0.0;0.0;0.0;23.14;60.05;2.48;
2022-08-08 00:00:00;0.0;0.0;0.0;22.53;66.35;2.28;
2022-08-08 01:00:00;0.0;0.0;0.0;21.76;71.0;2.14;
2022-08-08 02:00:00;0.0;0.0;0.0;21.25;75.95;1.86;
2022-08-08 03:00:00;0.0;0.0;0.0;20.64;78.5;1.72;
2022-08-08 04:00:00;0.0;0.0;0.0;19.96;83.9;1.79;
2022-08-08 05:00:00;106.0;239.14;65.0;19.92;86.85;1.66;
2022-08-08 06:00:00;286.0;518.2;106.0;23.2;73.7;1.38;
2022-08-08 07:00:00;467.0;653.19;132.0;27.01;58.8;2.21;
2022-08-08 08:00:00;636.0;749.21;144.0;29.24;48.4;2.48;
2022-08-08 09:00:00;760.0;777.6;162.0;30.65;39.75;2.83;
2022-08-08 10:00:00;846.0;806.19;167.0;31.47;35.95;3.03;
2022-08-08 11:00:00;886.0;827.5;165.0;31.96;34.9;3.03;
2022-08-08 12:00:00;861.0;811.23;168.0;32.35;33.8;3.17;
2022-08-08 13:00:00;792.0;798.97;159.0;32.52;33.8;3.24;
2022-08-08 14:00:00;672.0;757.01;150.0;32.48;35.0;3.17;
2022-08-08 15:00:00;513.0;679.78;137.0;32.26;36.25;2.9;
2022-08-08 16:00:00;115.0;0.0;115.0;31.74;41.4;2.34;
2022-08-08 17:00:00;76.0;0.0;76.0;30.66;47.15;2.0;
2022-08-08 18:00:00;8.0;0.0;8.0;28.95;51.8;2.21;
2022-08-08 19:00:00;0.0;0.0;0.0;27.14;55.05;2.28;
2022-08-08 20:00:00;0.0;0.0;0.0;25.83;56.6;2.41;
2022-08-08 21:00:00;0.0;0.0;0.0;24.87;60.35;2.48;
2022-08-08 22:00:00;0.0;0.0;0.0;24.06;62.25;2.41;
2022-08-08 23:00:00;0.0;0.0;0.0;23.37;64.3;2.34;
2022-08-09 00:00:00;0.0;0.0;0.0;22.83;68.75;2.28;
2022-08-09 01:00:00;0.0;0.0;0.0;22.29;73.55;2.07;
2022-08-09 02:00:00;0.0;0.0;0.0;21.86;78.65;1.72;
2022-08-09 03:00:00;0.0;0.0;0.0;22.01;78.65;1.31;
2022-08-09 04:00:00;0.0;0.0;0.0;22.42;76.1;0.97;
2022-08-09 05:00:00;100.0;213.78;64.0;22.58;76.15;0.62;
2022-08-09 06:00:00;279.0;499.21;107.0;23.98;81.55;0.41;
2022-08-09 07:00:00;458.0;634.98;134.0;26.89;65.0;0.69;
2022-08-09 08:00:00;629.0;741.35;144.0;28.62;53.55;0.9;
2022-08-09 09:00:00;752.0;769.6;162.0;29.65;50.2;0.76;
2022-08-09 10:00:00;838.0;797.78;168.0;30.81;47.15;0.48;
2022-08-09 11:00:00;877.0;819.49;165.0;31.6;45.7;0.83;
2022-08-09 12:00:00;848.0;792.57;173.0;32.07;44.3;1.24;
2022-08-09 13:00:00;784.0;790.4;160.0;32.26;42.95;1.45;
2022-08-09 14:00:00;664.0;748.7;150.0;32.34;42.95;1.45;
2022-08-09 15:00:00;509.0;678.41;136.0;32.17;41.55;0.97;
2022-08-09 16:00:00;113.0;0.0;113.0;31.73;44.3;1.1;
2022-08-09 17:00:00;76.0;0.0;76.0;30.62;57.5;1.03;
2022-08-09 18:00:00;8.0;0.0;8.0;29.02;61.25;1.45;
2022-08-09 19:00:00;0.0;0.0;0.0;26.87;69.5;1.72;
2022-08-09 20:00:00;0.0;0.0;0.0;25.25;76.5;1.79;
2022-08-09 21:00:00;0.0;0.0;0.0;24.51;81.65;1.45;
2022-08-09 22:00:00;0.0;0.0;0.0;24.67;76.45;0.97;
2022-08-09 23:00:00;0.0;0.0;0.0;24.41;78.95;0.55;
2022-08-10 00:00:00;0.0;0.0;0.0;23.87;78.9;0.48;
2022-08-10 01:00:00;0.0;0.0;0.0;23.1;81.5;0.69;
2022-08-10 02:00:00;0.0;0.0;0.0;21.83;89.95;1.1;
2022-08-10 03:00:00;0.0;0.0;0.0;21.23;93.0;1.31;
2022-08-10 04:00:00;0.0;0.0;0.0;21.19;89.95;1.24;
2022-08-10 05:00:00;83.0;114.93;64.0;21.52;93.0;1.03;
2022-08-10 06:00:00;263.0;433.11;115.0;24.63;79.05;0.83;
2022-08-10 07:00:00;442.0;594.95;140.0;26.93;69.5;1.38;
2022-08-10 08:00:00;613.0;711.98;149.0;28.2;61.1;1.38;
2022-08-10 09:00:00;734.0;741.97;167.0;29.3;57.3;0.97;
2022-08-10 10:00:00;819.0;770.26;174.0;30.3;55.6;0.83;
2022-08-10 11:00:00;857.0;791.87;171.0;31.13;53.9;0.83;
2022-08-10 12:00:00;837.0;785.64;170.0;31.67;50.7;0.9;
2022-08-10 13:00:00;769.0;772.95;161.0;32.2;47.5;1.17;
2022-08-10 14:00:00;650.0;730.17;151.0;32.33;45.95;1.45;
2022-08-10 15:00:00;494.0;649.67;139.0;32.11;45.85;1.59;
2022-08-10 16:00:00;118.0;0.0;118.0;31.56;47.25;0.9;
2022-08-10 17:00:00;74.0;0.0;74.0;29.81;53.7;0.48;
2022-08-10 18:00:00;7.0;0.0;7.0;28.51;63.2;1.17;
2022-08-10 19:00:00;0.0;0.0;0.0;28.83;61.25;0.07;
2022-08-10 20:00:00;0.0;0.0;0.0;27.71;67.4;0.76;
2022-08-10 21:00:00;0.0;0.0;0.0;25.19;81.75;1.31;
2022-08-10 22:00:00;0.0;0.0;0.0;24.47;87.2;1.24;
2022-08-10 23:00:00;0.0;0.0;0.0;24.71;81.7;1.03;
2022-08-11 00:00:00;0.0;0.0;0.0;24.5;84.35;0.83;
2022-08-11 01:00:00;0.0;0.0;0.0;24.34;84.35;0.41;
2022-08-11 02:00:00;0.0;0.0;0.0;24.04;87.15;0.34;
2022-08-11 03:00:00;0.0;0.0;0.0;23.64;84.35;0.69;
2022-08-11 04:00:00;0.0;0.0;0.0;22.66;90.05;0.9;
2022-08-11 05:00:00;86.0;147.94;62.0;22.62;90.05;0.9;
2022-08-11 06:00:00;280.0;540.06;97.0;25.22;81.75;0.76;
2022-08-11 07:00:00;432.0;564.43;147.0;27.25;71.9;1.03;
2022-08-11 08:00:00;590.0;650.07;168.0;28.48;65.3;0.76;
2022-08-11 09:00:00;719.0;710.25;178.0;29.55;63.3;0.69;
2022-08-11 10:00:00;816.0;774.96;169.0;30.15;59.45;0.76;
2022-08-11 11:00:00;845.0;774.56;176.0;30.52;59.45;0.97;
2022-08-11 12:00:00;825.0;769.28;174.0;30.67;57.6;0.97;
2022-08-11 13:00:00;758.0;756.71;165.0;30.7;57.6;1.1;
2022-08-11 14:00:00;636.0;702.72;158.0;30.87;57.6;0.69;
2022-08-11 15:00:00;477.0;598.57;152.0;30.82;55.75;0.69;
2022-08-11 16:00:00;128.0;0.0;128.0;30.8;55.75;0.69;
2022-08-11 17:00:00;76.0;0.0;76.0;30.42;57.5;0.97;
2022-08-11 18:00:00;4.0;0.0;4.0;29.03;69.85;0.97;
2022-08-11 19:00:00;0.0;0.0;0.0;27.12;71.9;1.72;
2022-08-11 20:00:00;0.0;0.0;0.0;26.07;81.8;1.59;
2022-08-11 21:00:00;0.0;0.0;0.0;25.17;87.3;1.17;
2022-08-11 22:00:00;0.0;0.0;0.0;25.94;81.8;0.62;
2022-08-11 23:00:00;0.0;0.0;0.0;25.5;84.45;0.28;
2022-08-12 00:00:00;0.0;0.0;0.0;24.39;90.1;0.9;
2022-08-12 01:00:00;0.0;0.0;0.0;23.1;93.05;1.38;
2022-08-12 02:00:00;0.0;0.0;0.0;22.76;96.15;1.59;
2022-08-12 03:00:00;0.0;0.0;0.0;22.65;93.05;1.66;
2022-08-12 04:00:00;0.0;0.0;0.0;22.48;96.15;1.59;
2022-08-12 05:00:00;85.0;150.84;61.0;22.65;93.05;1.38;
2022-08-12 06:00:00;189.0;133.94;144.0;25.4;84.45;1.45;
2022-08-12 07:00:00;427.0;553.53;149.0;26.38;71.75;1.79;
2022-08-12 08:00:00;598.0;686.69;154.0;27.77;63.1;1.79;
2022-08-12 09:00:00;726.0;736.33;167.0;28.75;59.2;1.52;
2022-08-12 10:00:00;810.0;764.12;174.0;29.83;55.5;0.97;
2022-08-12 11:00:00;848.0;786.22;171.0;30.35;53.8;1.03;
2022-08-12 12:00:00;828.0;780.13;170.0;30.88;50.45;1.24;
2022-08-12 13:00:00;755.0;755.79;165.0;31.02;50.45;1.38;
2022-08-12 14:00:00;637.0;712.03;155.0;30.97;50.45;1.1;
2022-08-12 15:00:00;474.0;598.8;151.0;31.23;48.9;0.97;
2022-08-12 16:00:00;114.0;0.0;114.0;31.0;50.45;1.1;
2022-08-12 17:00:00;69.0;0.0;69.0;30.2;53.8;1.86;
2022-08-12 18:00:00;3.0;0.0;3.0;28.91;59.2;2.07;
2022-08-12 19:00:00;0.0;0.0;0.0;27.74;67.4;1.45;
2022-08-12 20:00:00;0.0;0.0;0.0;26.26;76.65;1.38;
2022-08-12 21:00:00;0.0;0.0;0.0;25.27;81.75;1.52;
2022-08-12 22:00:00;0.0;0.0;0.0;24.6;84.4;1.52;
2022-08-12 23:00:00;0.0;0.0;0.0;25.12;79.1;0.83;
2022-08-13 00:00:00;0.0;0.0;0.0;25.22;79.1;0.34;
2022-08-13 01:00:00;0.0;0.0;0.0;24.76;81.7;0.55;
2022-08-13 02:00:00;0.0;0.0;0.0;23.22;90.05;1.1;
2022-08-13 03:00:00;0.0;0.0;0.0;22.68;93.05;1.45;
2022-08-13 04:00:00;0.0;0.0;0.0;22.52;93.05;1.66;
2022-08-13 05:00:00;78.0;121.82;59.0;22.85;90.05;1.93;
2022-08-13 06:00:00;242.0;357.29;123.0;24.18;81.65;1.59;
2022-08-13 07:00:00;380.0;374.37;193.0;26.33;79.2;1.72;
2022-08-13 08:00:00;584.0;645.99;168.0;26.98;74.25;1.1;
2022-08-13 09:00:00;714.0;707.1;179.0;27.78;69.65;1.66;
2022-08-13 10:00:00;801.0;749.64;179.0;28.46;67.5;1.59;
2022-08-13 11:00:00;839.0;772.39;176.0;29.16;65.4;0.34;
2022-08-13 12:00:00;814.0;754.24;180.0;30.29;59.45;1.24;
2022-08-13 13:00:00;423.0;75.88;364.0;31.13;53.9;1.93;
2022-08-13 14:00:00;608.0;623.52;188.0;31.65;49.0;2.41;
2022-08-13 15:00:00;474.0;617.79;143.0;31.68;45.85;2.48;
2022-08-13 16:00:00;120.0;0.0;120.0;31.39;47.25;2.0;
2022-08-13 17:00:00;74.0;0.0;74.0;30.67;50.45;1.17;
2022-08-13 18:00:00;0.0;0.0;0.0;29.41;61.25;0.14;
2022-08-13 19:00:00;0.0;0.0;0.0;28.36;65.3;0.55;
2022-08-13 20:00:00;0.0;0.0;0.0;26.28;79.2;1.24;
2022-08-13 21:00:00;0.0;0.0;0.0;25.31;84.45;1.59;
2022-08-13 22:00:00;0.0;0.0;0.0;24.79;87.25;1.38;
2022-08-13 23:00:00;0.0;0.0;0.0;25.37;81.75;0.69;
2022-08-14 00:00:00;0.0;0.0;0.0;25.19;81.75;0.34;
2022-08-14 01:00:00;0.0;0.0;0.0;23.12;93.05;1.24;
2022-08-14 02:00:00;0.0;0.0;0.0;22.98;93.05;2.0;
2022-08-14 03:00:00;0.0;0.0;0.0;22.98;93.05;1.93;
2022-08-14 04:00:00;0.0;0.0;0.0;22.69;93.05;1.72;
2022-08-14 05:00:00;58.0;39.26;52.0;22.83;93.05;1.79;
2022-08-14 06:00:00;242.0;372.58;119.0;24.3;84.35;2.28;
2022-08-14 07:00:00;367.0;334.17;201.0;26.01;76.6;2.55;
2022-08-14 08:00:00;579.0;634.62;172.0;27.22;69.6;2.14;
2022-08-14 09:00:00;640.0;485.41;274.0;27.76;67.4;1.72;
2022-08-14 10:00:00;728.0;538.03;283.0;27.92;67.4;0.9;
2022-08-14 11:00:00;775.0;592.55;268.0;28.46;67.5;0.55;
2022-08-14 12:00:00;726.0;507.38;301.0;28.88;65.4;0.0;
2022-08-14 13:00:00;199.0;0.0;199.0;29.02;67.6;0.28;
2022-08-14 14:00:00;62.0;0.0;62.0;28.28;67.5;0.28;
2022-08-14 15:00:00;218.0;20.67;207.0;25.33;76.5;2.0;
2022-08-14 16:00:00;102.0;0.0;102.0;24.75;76.45;2.28;
2022-08-14 17:00:00;73.0;0.0;73.0;24.21;78.95;3.17;
2022-08-14 18:00:00;0.0;0.0;0.0;23.69;78.9;1.66;
2022-08-14 19:00:00;0.0;0.0;0.0;23.95;87.15;0.62;
2022-08-14 20:00:00;0.0;0.0;0.0;23.33;87.1;1.1;
2022-08-14 21:00:00;0.0;0.0;0.0;22.6;90.05;1.03;
2022-08-14 22:00:00;0.0;0.0;0.0;22.12;93.05;1.24;
2022-08-14 23:00:00;0.0;0.0;0.0;21.91;93.0;1.1;
2022-08-15 00:00:00;0.0;0.0;0.0;22.65;90.05;0.34;
2022-08-15 01:00:00;0.0;0.0;0.0;21.72;93.0;0.83;
2022-08-15 02:00:00;0.0;0.0;0.0;21.14;96.15;0.97;
2022-08-15 03:00:00;0.0;0.0;0.0;20.73;96.15;1.03;
2022-08-15 04:00:00;0.0;0.0;0.0;20.35;99.4;1.03;
2022-08-15 05:00:00;96.0;287.37;53.0;20.49;99.4;0.76;
2022-08-15 06:00:00;265.0;507.37;99.0;22.71;87.1;0.55;
2022-08-15 07:00:00;443.0;639.72;127.0;24.38;73.85;1.1;
2022-08-15 08:00:00;612.0;742.2;138.0;25.6;64.8;0.83;
2022-08-15 09:00:00;736.0;774.61;154.0;26.82;60.8;0.69;
2022-08-15 10:00:00;813.0;782.4;168.0;27.95;57.05;0.62;
2022-08-15 11:00:00;851.0;804.41;165.0;28.89;51.8;0.55;
2022-08-15 12:00:00;826.0;787.16;169.0;29.69;50.2;0.69;
2022-08-15 13:00:00;752.0;763.79;163.0;30.19;48.65;0.83;
2022-08-15 14:00:00;639.0;738.01;147.0;30.55;48.65;1.03;
2022-08-15 15:00:00;483.0;664.43;132.0;30.46;47.0;1.24;
2022-08-15 16:00:00;108.0;0.0;108.0;30.23;47.0;1.24;
2022-08-15 17:00:00;66.0;0.0;66.0;29.62;48.5;1.52;
2022-08-15 18:00:00;0.0;0.0;0.0;28.15;53.45;2.0;
2022-08-15 19:00:00;0.0;0.0;0.0;26.38;62.8;2.07;
2022-08-15 20:00:00;0.0;0.0;0.0;25.44;69.25;2.0;
2022-08-15 21:00:00;0.0;0.0;0.0;24.54;73.85;1.79;
2022-08-15 22:00:00;0.0;0.0;0.0;23.49;81.5;1.45;
2022-08-15 23:00:00;0.0;0.0;0.0;23.63;78.9;0.9;
2022-08-16 00:00:00;0.0;0.0;0.0;23.59;76.3;0.76;
2022-08-16 01:00:00;0.0;0.0;0.0;23.61;76.3;0.48;
2022-08-16 02:00:00;0.0;0.0;0.0;23.26;78.85;0.28;
2022-08-16 03:00:00;0.0;0.0;0.0;22.0;87.0;0.97;
2022-08-16 04:00:00;0.0;0.0;0.0;21.24;89.95;1.24;
2022-08-16 05:00:00;87.0;225.35;54.0;21.97;89.95;0.83;
2022-08-16 06:00:00;260.0;496.61;99.0;23.61;81.55;0.55;
2022-08-16 07:00:00;440.0;637.27;127.0;25.68;74.1;2.07;
2022-08-16 08:00:00;605.0;731.21;140.0;26.82;67.2;1.66;
2022-08-16 09:00:00;729.0;762.7;158.0;28.02;61.0;1.24;
2022-08-16 10:00:00;806.0;771.63;172.0;28.89;57.3;0.97;
2022-08-16 11:00:00;834.0;768.3;181.0;29.81;55.5;0.97;
2022-08-16 12:00:00;766.0;618.1;252.0;30.28;53.8;1.17;
2022-08-16 13:00:00;705.0;623.83;226.0;30.6;53.8;1.24;
2022-08-16 14:00:00;595.0;598.73;198.0;30.73;50.45;1.31;
2022-08-16 15:00:00;438.0;495.81;178.0;30.71;50.45;1.38;
2022-08-16 16:00:00;100.0;0.0;100.0;28.34;59.1;1.79;
2022-08-16 17:00:00;66.0;0.0;66.0;27.39;65.1;1.59;
2022-08-16 18:00:00;0.0;0.0;0.0;26.78;67.2;1.1;
2022-08-16 19:00:00;0.0;0.0;0.0;26.4;67.15;2.0;
2022-08-16 20:00:00;0.0;0.0;0.0;25.56;71.6;1.59;
2022-08-16 21:00:00;0.0;0.0;0.0;24.54;81.65;1.24;
2022-08-16 22:00:00;0.0;0.0;0.0;24.09;78.95;1.03;
2022-08-16 23:00:00;0.0;0.0;0.0;23.45;87.1;1.1;
2022-08-17 00:00:00;0.0;0.0;0.0;22.49;93.05;1.45;
2022-08-17 01:00:00;0.0;0.0;0.0;22.13;90.0;1.38;
2022-08-17 02:00:00;0.0;0.0;0.0;21.73;93.0;1.45;
2022-08-17 03:00:00;0.0;0.0;0.0;21.55;93.0;1.45;
2022-08-17 04:00:00;0.0;0.0;0.0;21.32;93.0;1.52;
2022-08-17 05:00:00;92.0;286.27;51.0;21.52;96.15;1.38;
2022-08-17 06:00:00;247.0;429.64;109.0;23.74;84.35;1.17;
2022-08-17 07:00:00;423.0;577.49;141.0;24.97;79.05;1.31;
2022-08-17 08:00:00;565.0;596.99;187.0;26.18;67.15;1.38;
2022-08-17 09:00:00;673.0;591.22;232.0;27.17;60.9;1.1;
2022-08-17 10:00:00;671.0;406.67;338.0;27.65;59.0;0.83;
2022-08-17 11:00:00;637.0;289.26;392.0;28.42;57.15;0.69;
2022-08-17 12:00:00;578.0;216.07;399.0;28.69;55.4;0.34;
2022-08-17 13:00:00;322.0;17.01;309.0;28.34;59.1;0.14;
2022-08-17 14:00:00;67.0;0.0;67.0;27.91;63.1;0.34;
2022-08-17 15:00:00;442.0;526.48;168.0;26.71;65.0;0.34;
2022-08-17 16:00:00;102.0;0.0;102.0;26.66;65.0;0.97;
2022-08-17 17:00:00;30.0;0.0;30.0;26.56;67.15;0.21;
2022-08-17 18:00:00;0.0;0.0;0.0;25.79;69.3;1.38;
2022-08-17 19:00:00;0.0;0.0;0.0;25.79;69.3;0.41;
2022-08-17 20:00:00;0.0;0.0;0.0;24.8;79.05;0.62;
2022-08-17 21:00:00;0.0;0.0;0.0;23.75;81.55;0.83;
2022-08-17 22:00:00;0.0;0.0;0.0;22.98;81.45;0.0;
2022-08-17 23:00:00;0.0;0.0;0.0;22.3;87.05;0.41;
2022-08-18 00:00:00;0.0;0.0;0.0;21.85;93.0;0.9;
2022-08-18 01:00:00;0.0;0.0;0.0;21.14;93.0;1.03;
2022-08-18 02:00:00;0.0;0.0;0.0;20.65;92.95;0.9;
2022-08-18 03:00:00;0.0;0.0;0.0;20.84;92.95;0.69;
2022-08-18 04:00:00;0.0;0.0;0.0;20.67;92.95;0.62;
2022-08-18 05:00:00;8.0;0.0;8.0;20.28;96.1;1.03;
2022-08-18 06:00:00;42.0;0.0;42.0;21.24;89.95;1.45;
2022-08-18 07:00:00;154.0;2.06;153.0;22.27;87.05;1.1;
2022-08-18 08:00:00;208.0;3.17;206.0;22.47;84.15;0.55;
2022-08-18 09:00:00;148.0;0.0;148.0;21.86;87.0;1.72;
2022-08-18 10:00:00;402.0;42.89;367.0;21.04;89.95;1.17;
2022-08-18 11:00:00;564.0;180.1;412.0;21.89;84.1;0.69;
2022-08-18 12:00:00;743.0;569.53;273.0;23.78;76.3;0.83;
2022-08-18 13:00:00;713.0;670.16;203.0;25.39;66.95;0.76;
2022-08-18 14:00:00;611.0;680.22;165.0;26.31;62.8;0.28;
2022-08-18 15:00:00;434.0;503.48;174.0;26.49;60.7;0.21;
2022-08-18 16:00:00;139.0;0.0;139.0;26.38;60.7;0.14;
2022-08-18 17:00:00;70.0;0.0;70.0;26.02;62.65;0.83;
2022-08-18 18:00:00;0.0;0.0;0.0;25.08;69.25;0.83;
2022-08-18 19:00:00;0.0;0.0;0.0;23.44;78.85;1.31;
2022-08-18 20:00:00;0.0;0.0;0.0;22.29;87.05;1.24;
2022-08-18 21:00:00;0.0;0.0;0.0;21.86;87.0;1.03;
2022-08-18 22:00:00;0.0;0.0;0.0;22.09;84.15;0.76;
2022-08-18 23:00:00;0.0;0.0;0.0;21.81;87.0;0.21;
2022-08-19 00:00:00;0.0;0.0;0.0;20.96;92.95;0.69;
2022-08-19 01:00:00;0.0;0.0;0.0;19.79;96.1;1.03;
2022-08-19 02:00:00;0.0;0.0;0.0;19.6;92.9;0.83;
2022-08-19 03:00:00;0.0;0.0;0.0;19.53;92.9;0.62;
2022-08-19 04:00:00;0.0;0.0;0.0;19.11;96.1;0.69;
2022-08-19 05:00:00;81.0;226.7;50.0;19.07;96.1;0.55;
2022-08-19 06:00:00;257.0;514.05;95.0;20.95;89.9;0.55;
2022-08-19 07:00:00;435.0;642.41;125.0;21.64;81.35;0.48;
2022-08-19 08:00:00;602.0;737.76;139.0;23.27;73.7;0.21;
2022-08-19 09:00:00;722.0;759.14;160.0;24.89;69.15;0.21;
2022-08-19 10:00:00;803.0;778.51;170.0;26.21;60.7;0.14;
2022-08-19 11:00:00;841.0;799.1;169.0;27.14;55.05;0.28;
2022-08-19 12:00:00;806.0;754.28;186.0;27.77;51.55;0.62;
2022-08-19 13:00:00;740.0;757.77;166.0;28.1;48.25;0.9;
2022-08-19 14:00:00;605.0;661.19;174.0;28.31;48.25;1.17;
2022-08-19 15:00:00;458.0;616.83;142.0;28.5;48.25;1.24;
2022-08-19 16:00:00;109.0;0.0;109.0;28.24;48.25;1.24;
2022-08-19 17:00:00;60.0;0.0;60.0;27.37;55.05;1.38;
2022-08-19 18:00:00;0.0;0.0;0.0;26.01;62.65;1.66;
2022-08-19 19:00:00;0.0;0.0;0.0;24.96;71.5;2.48;
2022-08-19 20:00:00;0.0;0.0;0.0;24.25;76.35;2.41;
2022-08-19 21:00:00;0.0;0.0;0.0;23.68;78.9;2.14;
2022-08-19 22:00:00;0.0;0.0;0.0;23.13;84.25;1.79;
2022-08-19 23:00:00;0.0;0.0;0.0;22.52;90.0;1.59;
2022-08-20 00:00:00;0.0;0.0;0.0;22.05;90.0;1.38;
2022-08-20 01:00:00;0.0;0.0;0.0;21.73;93.0;1.38;
2022-08-20 02:00:00;0.0;0.0;0.0;21.67;93.0;1.45;
2022-08-20 03:00:00;0.0;0.0;0.0;21.63;89.95;1.45;
2022-08-20 04:00:00;0.0;0.0;0.0;21.37;93.0;1.45;
2022-08-20 05:00:00;68.0;134.85;50.0;21.41;93.0;1.38;
2022-08-20 06:00:00;224.0;346.06;116.0;23.61;81.55;1.45;
2022-08-20 07:00:00;412.0;575.43;136.0;25.19;76.5;2.14;
2022-08-20 08:00:00;586.0;707.51;144.0;26.55;69.4;2.0;
2022-08-20 09:00:00;708.0;740.39;162.0;27.65;61.0;1.66;
2022-08-20 10:00:00;779.0;733.21;185.0;28.55;57.15;1.38;
2022-08-20 11:00:00;785.0;664.81;228.0;29.02;53.55;1.38;
2022-08-20 12:00:00;739.0;585.11;260.0;29.57;53.55;1.38;
2022-08-20 13:00:00;624.0;437.73;294.0;29.96;51.9;1.38;
2022-08-20 14:00:00;527.0;429.03;249.0;30.28;50.3;1.45;
2022-08-20 15:00:00;414.0;464.47;178.0;30.17;50.3;1.93;
2022-08-20 16:00:00;107.0;0.0;107.0;29.66;51.9;2.41;
2022-08-20 17:00:00;60.0;0.0;60.0;28.69;55.4;2.62;
2022-08-20 18:00:00;0.0;0.0;0.0;27.15;60.9;2.69;
2022-08-20 19:00:00;0.0;0.0;0.0;25.79;67.05;2.48;
2022-08-20 20:00:00;0.0;0.0;0.0;24.93;71.5;2.28;
2022-08-20 21:00:00;0.0;0.0;0.0;24.22;73.85;2.0;
2022-08-20 22:00:00;0.0;0.0;0.0;23.41;78.85;1.66;
2022-08-20 23:00:00;0.0;0.0;0.0;22.79;81.45;1.24;
2022-08-21 00:00:00;0.0;0.0;0.0;23.12;78.85;0.83;
2022-08-21 01:00:00;0.0;0.0;0.0;22.4;84.15;0.97;
2022-08-21 02:00:00;0.0;0.0;0.0;21.2;89.95;1.38;
2022-08-21 03:00:00;0.0;0.0;0.0;20.88;92.95;1.59;
2022-08-21 04:00:00;0.0;0.0;0.0;20.73;92.95;1.66;
2022-08-21 05:00:00;68.0;145.93;49.0;20.79;92.95;1.45;
2022-08-21 06:00:00;241.0;462.78;98.0;23.47;87.1;1.03;
2022-08-21 07:00:00;419.0;610.46;128.0;25.92;74.1;1.1;
2022-08-21 08:00:00;587.0;714.01;143.0;27.42;63.0;1.1;
2022-08-21 09:00:00;709.0;747.4;160.0;28.66;57.3;1.38;
2022-08-21 10:00:00;790.0;766.91;171.0;29.66;53.7;1.59;
2022-08-21 11:00:00;822.0;776.36;174.0;30.47;52.05;1.79;
2022-08-21 12:00:00;795.0;758.05;177.0;31.1;50.45;1.79;
2022-08-21 13:00:00;705.0;678.47;196.0;31.58;48.9;1.86;
2022-08-21 14:00:00;607.0;708.07;151.0;31.84;45.85;1.86;
2022-08-21 15:00:00;454.0;641.07;131.0;31.74;45.85;1.86;
2022-08-21 16:00:00;108.0;0.0;108.0;31.24;47.25;1.86;
2022-08-21 17:00:00;60.0;0.0;60.0;30.26;52.05;1.86;
2022-08-21 18:00:00;0.0;0.0;0.0;28.57;57.15;2.48;
2022-08-21 19:00:00;0.0;0.0;0.0;26.85;65.0;2.76;
2022-08-21 20:00:00;0.0;0.0;0.0;25.89;69.3;2.69;
2022-08-21 21:00:00;0.0;0.0;0.0;25.16;71.6;2.28;
2022-08-21 22:00:00;0.0;0.0;0.0;24.3;76.35;1.59;
2022-08-21 23:00:00;0.0;0.0;0.0;23.71;81.55;1.03;
2022-08-22 00:00:00;0.0;0.0;0.0;23.33;84.25;0.97;
2022-08-22 01:00:00;0.0;0.0;0.0;22.29;90.0;1.24;
2022-08-22 02:00:00;0.0;0.0;0.0;21.78;93.0;1.31;
2022-08-22 03:00:00;0.0;0.0;0.0;21.43;93.0;1.45;
2022-08-22 04:00:00;0.0;0.0;0.0;21.3;93.0;1.45;
2022-08-22 05:00:00;66.0;149.73;47.0;21.37;96.15;1.31;
2022-08-22 06:00:00;236.0;441.32;101.0;24.05;87.15;1.1;
2022-08-22 07:00:00;414.0;601.63;129.0;26.46;76.65;1.24;
2022-08-22 08:00:00;580.0;702.84;145.0;27.87;67.4;1.31;
2022-08-22 09:00:00;702.0;736.75;163.0;29.1;61.25;1.31;
2022-08-22 10:00:00;782.0;752.41;177.0;30.18;57.5;1.31;
2022-08-22 11:00:00;819.0;775.77;174.0;31.08;55.75;1.31;
2022-08-22 12:00:00;787.0;741.57;185.0;31.74;50.7;1.38;
2022-08-22 13:00:00;701.0;677.85;195.0;32.28;47.5;1.45;
2022-08-22 14:00:00;511.0;395.33;258.0;32.44;45.95;1.38;
2022-08-22 15:00:00;442.0;610.61;137.0;32.61;44.45;1.17;
2022-08-22 16:00:00;101.0;0.0;101.0;32.27;42.95;0.76;
2022-08-22 17:00:00;58.0;0.0;58.0;31.13;50.55;0.62;
2022-08-22 18:00:00;0.0;0.0;0.0;29.5;61.25;0.69;
2022-08-22 19:00:00;0.0;0.0;0.0;27.5;67.3;2.21;
2022-08-22 20:00:00;0.0;0.0;0.0;26.41;74.15;1.86;
2022-08-22 21:00:00;0.0;0.0;0.0;25.61;79.15;1.79;
2022-08-22 22:00:00;0.0;0.0;0.0;25.16;81.75;2.69;
2022-08-22 23:00:00;0.0;0.0;0.0;25.17;81.75;2.62;
2022-08-23 00:00:00;0.0;0.0;0.0;24.74;84.4;3.24;
2022-08-23 01:00:00;0.0;0.0;0.0;24.49;81.65;3.66;
2022-08-23 02:00:00;0.0;0.0;0.0;23.95;78.9;3.38;
2022-08-23 03:00:00;0.0;0.0;0.0;23.34;78.85;3.31;
2022-08-23 04:00:00;0.0;0.0;0.0;22.92;81.45;2.21;
2022-08-23 05:00:00;69.0;194.19;45.0;22.75;84.25;1.52;
2022-08-23 06:00:00;230.0;419.45;103.0;23.63;78.9;1.59;
2022-08-23 07:00:00;367.0;403.64;177.0;25.76;69.3;3.59;
2022-08-23 08:00:00;564.0;657.52;159.0;27.11;60.9;4.55;
2022-08-23 09:00:00;694.0;721.93;168.0;28.21;55.3;4.83;
2022-08-23 10:00:00;761.0;695.4;204.0;29.01;51.8;4.69;
2022-08-23 11:00:00;711.0;479.38;314.0;29.37;51.8;4.55;
2022-08-23 12:00:00;724.0;562.94;269.0;29.73;51.9;4.41;
2022-08-23 13:00:00;625.0;459.15;284.0;29.21;53.55;4.21;
2022-08-23 14:00:00;522.0;440.35;242.0;28.83;53.55;4.0;
2022-08-23 15:00:00;427.0;561.51;149.0;28.03;57.05;3.52;
2022-08-23 16:00:00;108.0;0.0;108.0;27.62;57.05;2.9;
2022-08-23 17:00:00;9.0;0.0;9.0;26.97;60.8;2.0;
2022-08-23 18:00:00;0.0;0.0;0.0;25.87;64.8;2.41;
2022-08-23 19:00:00;0.0;0.0;0.0;24.04;84.35;1.24;
2022-08-23 20:00:00;0.0;0.0;0.0;23.5;87.1;0.76;
2022-08-23 21:00:00;0.0;0.0;0.0;23.0;90.05;2.07;
2022-08-23 22:00:00;0.0;0.0;0.0;22.77;84.25;2.97;
2022-08-23 23:00:00;0.0;0.0;0.0;22.48;78.7;2.9;
2022-08-24 00:00:00;0.0;0.0;0.0;22.73;76.15;3.1;
2022-08-24 01:00:00;0.0;0.0;0.0;22.78;71.15;3.24;
2022-08-24 02:00:00;0.0;0.0;0.0;22.66;68.75;3.24;
2022-08-24 03:00:00;0.0;0.0;0.0;23.03;66.45;3.45;
2022-08-24 04:00:00;0.0;0.0;0.0;22.82;64.2;3.24;
2022-08-24 05:00:00;42.0;33.26;38.0;22.79;66.45;3.1;
2022-08-24 06:00:00;212.0;320.39;116.0;23.55;64.3;3.17;
2022-08-24 07:00:00;371.0;419.08;175.0;24.61;60.35;3.45;
2022-08-24 08:00:00;555.0;618.31;176.0;25.71;56.6;5.1;
2022-08-24 09:00:00;679.0;664.31;197.0;26.25;56.7;5.45;
2022-08-24 10:00:00;678.0;458.75;312.0;26.4;56.7;5.03;
2022-08-24 11:00:00;754.0;588.02;269.0;26.98;54.95;4.83;
2022-08-24 12:00:00;787.0;749.38;184.0;27.42;53.2;4.69;
2022-08-24 13:00:00;700.0;684.9;194.0;27.62;51.55;4.41;
2022-08-24 14:00:00;600.0;713.97;149.0;27.06;53.1;4.07;
2022-08-24 15:00:00;396.0;434.16;183.0;26.75;53.1;3.31;
2022-08-24 16:00:00;135.0;0.0;135.0;26.1;52.95;3.38;
2022-08-24 17:00:00;27.0;0.0;27.0;25.46;56.5;2.97;
2022-08-24 18:00:00;0.0;0.0;0.0;24.53;58.2;2.83;
2022-08-24 19:00:00;0.0;0.0;0.0;24.64;58.35;2.62;
2022-08-24 20:00:00;0.0;0.0;0.0;24.13;58.2;3.24;
2022-08-24 21:00:00;0.0;0.0;0.0;23.65;58.1;3.86;
2022-08-24 22:00:00;0.0;0.0;0.0;23.12;60.05;3.79;
2022-08-24 23:00:00;0.0;0.0;0.0;22.55;61.95;3.24;
2022-08-25 00:00:00;0.0;0.0;0.0;21.99;64.0;3.03;
2022-08-25 01:00:00;0.0;0.0;0.0;21.47;63.9;3.03;
2022-08-25 02:00:00;0.0;0.0;0.0;21.25;63.9;2.69;
2022-08-25 03:00:00;0.0;0.0;0.0;20.7;66.05;2.48;
2022-08-25 04:00:00;0.0;0.0;0.0;20.11;68.3;2.41;
2022-08-25 05:00:00;65.0;188.16;43.0;19.73;70.65;2.28;
2022-08-25 06:00:00;240.0;499.21;92.0;21.04;68.5;1.93;
2022-08-25 07:00:00;417.0;632.76;123.0;23.25;58.0;2.41;
2022-08-25 08:00:00;584.0;727.95;140.0;24.77;50.8;2.9;
2022-08-25 09:00:00;708.0;761.26;158.0;25.84;47.65;2.76;
2022-08-25 10:00:00;785.0;767.67;175.0;26.64;44.7;2.41;
2022-08-25 11:00:00;817.0;777.95;178.0;27.26;43.3;2.0;
2022-08-25 12:00:00;789.0;756.54;183.0;27.74;41.95;1.59;
2022-08-25 13:00:00;720.0;757.98;163.0;28.1;41.95;1.17;
2022-08-25 14:00:00;594.0;699.69;155.0;28.22;40.65;0.9;
2022-08-25 15:00:00;439.0;633.68;131.0;28.24;40.65;0.41;
2022-08-25 16:00:00;106.0;0.0;106.0;28.0;40.5;0.34;
2022-08-25 17:00:00;53.0;0.0;53.0;27.52;44.8;0.62;
2022-08-25 18:00:00;0.0;0.0;0.0;25.9;58.55;0.83;
2022-08-25 19:00:00;0.0;0.0;0.0;23.58;60.15;1.93;
2022-08-25 20:00:00;0.0;0.0;0.0;22.25;68.7;1.72;
2022-08-25 21:00:00;0.0;0.0;0.0;21.32;75.95;1.66;
2022-08-25 22:00:00;0.0;0.0;0.0;20.63;78.5;1.59;
2022-08-25 23:00:00;0.0;0.0;0.0;20.39;81.15;1.38;
2022-08-26 00:00:00;0.0;0.0;0.0;20.99;78.5;0.97;
2022-08-26 01:00:00;0.0;0.0;0.0;21.27;75.95;0.48;
2022-08-26 02:00:00;0.0;0.0;0.0;20.84;78.5;0.0;
2022-08-26 03:00:00;0.0;0.0;0.0;20.39;81.15;0.41;
2022-08-26 04:00:00;0.0;0.0;0.0;19.67;83.9;0.76;
2022-08-26 05:00:00;23.0;0.0;23.0;19.21;86.8;0.76;
2022-08-26 06:00:00;189.0;228.44;122.0;20.83;86.9;0.41;
2022-08-26 07:00:00;253.0;97.5;208.0;23.76;73.75;0.28;
2022-08-26 08:00:00;384.0;158.19;288.0;25.35;64.7;0.28;
2022-08-26 09:00:00;669.0;649.19;202.0;26.58;60.7;0.07;
2022-08-26 10:00:00;780.0;772.1;169.0;27.92;53.35;0.83;
2022-08-26 11:00:00;803.0;754.35;186.0;29.03;48.4;1.59;
2022-08-26 12:00:00;725.0;580.72;262.0;29.81;46.9;2.0;
2022-08-26 13:00:00;451.0;129.99;356.0;30.45;43.95;2.55;
2022-08-26 14:00:00;572.0;638.74;174.0;30.67;42.6;2.76;
2022-08-26 15:00:00;416.0;554.61;149.0;30.58;43.95;2.83;
2022-08-26 16:00:00;110.0;0.0;110.0;30.18;43.95;2.28;
2022-08-26 17:00:00;52.0;0.0;52.0;29.37;48.4;1.45;
2022-08-26 18:00:00;0.0;0.0;0.0;27.47;56.95;1.45;
2022-08-26 19:00:00;0.0;0.0;0.0;25.29;69.25;1.45;
2022-08-26 20:00:00;0.0;0.0;0.0;24.27;71.4;2.14;
2022-08-26 21:00:00;0.0;0.0;0.0;23.61;76.3;2.14;
2022-08-26 22:00:00;0.0;0.0;0.0;23.16;81.5;1.79;
2022-08-26 23:00:00;0.0;0.0;0.0;22.83;87.1;1.24;
2022-08-27 00:00:00;0.0;0.0;0.0;22.44;90.0;1.24;
2022-08-27 01:00:00;0.0;0.0;0.0;22.39;93.05;1.79;
2022-08-27 02:00:00;0.0;0.0;0.0;22.4;93.05;2.07;
2022-08-27 03:00:00;0.0;0.0;0.0;22.36;93.05;2.28;
2022-08-27 04:00:00;0.0;0.0;0.0;22.4;93.05;2.41;
2022-08-27 05:00:00;25.0;0.0;25.0;22.57;90.05;2.55;
2022-08-27 06:00:00;141.0;75.84;119.0;23.61;84.35;2.62;
2022-08-27 07:00:00;272.0;139.61;208.0;24.99;79.05;3.59;
2022-08-27 08:00:00;378.0;155.69;284.0;26.04;74.1;3.86;
2022-08-27 09:00:00;613.0;492.88;260.0;27.0;67.2;3.86;
2022-08-27 10:00:00;716.0;593.88;248.0;27.55;63.0;3.52;
2022-08-27 11:00:00;782.0;714.63;200.0;27.96;59.0;3.17;
2022-08-27 12:00:00;731.0;620.04;239.0;28.15;57.15;2.76;
2022-08-27 13:00:00;692.0;710.01;176.0;28.57;57.15;2.41;
2022-08-27 14:00:00;567.0;651.36;164.0;28.87;55.4;1.86;
2022-08-27 15:00:00;414.0;574.75;140.0;28.96;55.4;2.14;
2022-08-27 16:00:00;107.0;0.0;107.0;28.58;57.15;2.48;
2022-08-27 17:00:00;50.0;0.0;50.0;27.88;57.05;2.76;
2022-08-27 18:00:00;0.0;0.0;0.0;26.62;62.9;2.48;
2022-08-27 19:00:00;0.0;0.0;0.0;25.52;69.25;1.72;
2022-08-27 20:00:00;0.0;0.0;0.0;24.6;71.5;1.72;
2022-08-27 21:00:00;0.0;0.0;0.0;23.54;81.5;1.45;
2022-08-27 22:00:00;0.0;0.0;0.0;23.13;81.5;0.97;
2022-08-27 23:00:00;0.0;0.0;0.0;22.23;87.05;1.17;
2022-08-28 00:00:00;0.0;0.0;0.0;21.6;89.95;1.31;
2022-08-28 01:00:00;0.0;0.0;0.0;21.2;93.0;1.52;
2022-08-28 02:00:00;0.0;0.0;0.0;20.99;92.95;1.66;
2022-08-28 03:00:00;0.0;0.0;0.0;20.93;92.95;1.72;
2022-08-28 04:00:00;0.0;0.0;0.0;20.79;92.95;1.66;
2022-08-28 05:00:00;43.0;56.17;37.0;20.88;92.95;1.59;
2022-08-28 06:00:00;204.0;341.63;106.0;23.02;84.25;1.59;
2022-08-28 07:00:00;359.0;421.7;167.0;24.92;73.95;2.62;
2022-08-28 08:00:00;551.0;662.63;153.0;26.0;71.65;2.83;
2022-08-28 09:00:00;663.0;663.41;190.0;26.75;65.0;3.1;
2022-08-28 10:00:00;744.0;689.46;203.0;27.06;67.2;3.31;
2022-08-28 11:00:00;778.0;712.85;200.0;27.59;65.1;3.24;
2022-08-28 12:00:00;94.0;0.0;94.0;28.16;61.1;3.03;
2022-08-28 13:00:00;294.0;13.84;284.0;27.89;63.1;2.97;
2022-08-28 14:00:00;578.0;703.3;146.0;26.51;69.4;3.24;
2022-08-28 15:00:00;413.0;593.26;133.0;26.92;69.5;3.72;
2022-08-28 16:00:00;94.0;0.0;94.0;26.74;67.2;3.66;
2022-08-28 17:00:00;44.0;0.0;44.0;26.29;69.4;3.45;
2022-08-28 18:00:00;0.0;0.0;0.0;25.4;74.0;3.1;
2022-08-28 19:00:00;0.0;0.0;0.0;24.63;79.05;2.9;
2022-08-28 20:00:00;0.0;0.0;0.0;24.17;81.65;2.97;
2022-08-28 21:00:00;0.0;0.0;0.0;23.6;84.35;2.83;
2022-08-28 22:00:00;0.0;0.0;0.0;23.07;87.1;2.62;
2022-08-28 23:00:00;0.0;0.0;0.0;22.67;90.05;2.28;
2022-08-29 00:00:00;0.0;0.0;0.0;22.15;90.0;2.0;
2022-08-29 01:00:00;0.0;0.0;0.0;21.7;93.0;1.66;
2022-08-29 02:00:00;0.0;0.0;0.0;21.29;96.15;1.24;
2022-08-29 03:00:00;0.0;0.0;0.0;20.94;96.15;1.1;
2022-08-29 04:00:00;0.0;0.0;0.0;20.72;96.15;1.1;
2022-08-29 05:00:00;39.0;48.35;34.0;20.5;96.1;1.17;
2022-08-29 06:00:00;220.0;458.36;90.0;22.26;87.05;1.17;
2022-08-29 07:00:00;319.0;285.32;190.0;24.37;71.4;1.52;
2022-08-29 08:00:00;533.0;607.57;170.0;26.04;64.8;1.79;
2022-08-29 09:00:00;689.0;760.86;149.0;27.53;58.9;2.0;
2022-08-29 10:00:00;517.0;179.2;377.0;28.59;55.3;2.83;
2022-08-29 11:00:00;596.0;275.03;374.0;28.92;53.55;3.38;
2022-08-29 12:00:00;291.0;6.36;286.0;29.65;51.9;3.72;
2022-08-29 13:00:00;400.0;84.91;339.0;30.12;50.2;4.14;
2022-08-29 14:00:00;260.0;22.96;246.0;30.14;48.65;4.83;
2022-08-29 15:00:00;412.0;610.1;127.0;28.23;59.1;3.59;
2022-08-29 16:00:00;128.0;0.0;128.0;27.23;67.3;2.76;
2022-08-29 17:00:00;46.0;0.0;46.0;26.11;74.15;3.59;
2022-08-29 18:00:00;0.0;0.0;0.0;24.62;81.7;4.07;
2022-08-29 19:00:00;0.0;0.0;0.0;23.47;90.05;3.79;
2022-08-29 20:00:00;0.0;0.0;0.0;23.29;90.05;3.38;
2022-08-29 21:00:00;0.0;0.0;0.0;22.84;93.05;2.83;
2022-08-29 22:00:00;0.0;0.0;0.0;22.41;93.05;3.1;
2022-08-29 23:00:00;0.0;0.0;0.0;21.74;89.95;3.17;
2022-08-30 00:00:00;0.0;0.0;0.0;20.89;92.95;2.76;
2022-08-30 01:00:00;0.0;0.0;0.0;20.48;92.95;2.14;
2022-08-30 02:00:00;0.0;0.0;0.0;20.05;89.85;2.41;
2022-08-30 03:00:00;0.0;0.0;0.0;19.62;92.9;2.48;
2022-08-30 04:00:00;0.0;0.0;0.0;19.46;92.9;2.76;
2022-08-30 05:00:00;9.0;0.0;9.0;19.53;92.9;3.03;
2022-08-30 06:00:00;77.0;3.57;76.0;20.21;89.85;3.24;
2022-08-30 07:00:00;99.0;0.0;99.0;21.71;93.0;1.1;
2022-08-30 08:00:00;244.0;18.51;233.0;24.51;81.65;1.66;
2022-08-30 09:00:00;533.0;308.6;315.0;25.76;71.65;2.55;
2022-08-30 10:00:00;95.0;0.0;95.0;24.78;73.95;3.59;
2022-08-30 11:00:00;714.0;541.39;279.0;25.39;66.95;4.69;
2022-08-30 12:00:00;748.0;706.09;196.0;26.77;54.95;5.59;
2022-08-30 13:00:00;255.0;4.2;252.0;27.89;43.4;5.31;
2022-08-30 14:00:00;518.0;512.29;208.0;28.3;39.25;4.76;
2022-08-30 15:00:00;337.0;309.36;194.0;28.24;36.6;4.34;
2022-08-30 16:00:00;109.0;0.0;109.0;27.81;36.45;4.21;
2022-08-30 17:00:00;33.0;0.0;33.0;26.31;41.55;3.31;
2022-08-30 18:00:00;0.0;0.0;0.0;24.55;47.25;2.83;
2022-08-30 19:00:00;0.0;0.0;0.0;23.34;58.0;1.86;
2022-08-30 20:00:00;0.0;0.0;0.0;22.07;61.95;1.93;
2022-08-30 21:00:00;0.0;0.0;0.0;21.1;66.15;2.0;
2022-08-30 22:00:00;0.0;0.0;0.0;20.6;66.05;2.14;
2022-08-30 23:00:00;0.0;0.0;0.0;19.94;70.65;2.14;
2022-08-31 00:00:00;0.0;0.0;0.0;19.15;73.05;1.93;
2022-08-31 01:00:00;0.0;0.0;0.0;18.45;78.25;1.66;
2022-08-31 02:00:00;0.0;0.0;0.0;18.18;78.25;1.24;
2022-08-31 03:00:00;0.0;0.0;0.0;18.47;75.55;0.83;
2022-08-31 04:00:00;0.0;0.0;0.0;17.66;80.9;1.03;
2022-08-31 05:00:00;39.0;62.12;33.0;17.0;86.65;1.45;
2022-08-31 06:00:00;93.0;10.83;90.0;18.61;83.8;1.45;
2022-08-31 07:00:00;175.0;15.71;168.0;19.67;81.1;0.83;
2022-08-31 08:00:00;194.0;1.69;193.0;21.14;75.95;1.03;
2022-08-31 09:00:00;326.0;31.29;304.0;22.6;68.75;1.79;
2022-08-31 10:00:00;293.0;6.46;288.0;23.72;64.4;2.14;
2022-08-31 11:00:00;165.0;0.0;165.0;24.08;62.35;2.55;
2022-08-31 12:00:00;176.0;0.0;176.0;23.73;64.4;2.48;
2022-08-31 13:00:00;71.0;0.0;71.0;22.76;68.75;2.07;
2022-08-31 14:00:00;106.0;0.0;106.0;21.48;78.55;1.17;
2022-08-31 15:00:00;69.0;0.0;69.0;19.79;83.9;0.41;
2022-08-31 16:00:00;70.0;0.0;70.0;17.49;87.59;2.53;
2022-08-31 17:00:00;39.0;0.0;39.0;17.54;87.83;2.55;
2022-08-31 18:00:00;0.0;0.0;0.0;17.59;88.07;2.58;
2022-08-31 19:00:00;0.0;0.0;0.0;17.64;88.31;2.61;
2022-08-31 20:00:00;0.0;0.0;0.0;17.69;88.55;2.64;
2022-08-31 21:00:00;0.0;0.0;0.0;17.74;88.79;2.67;
2022-08-31 22:00:00;0.0;0.0;0.0;17.79;89.04;2.7;
2022-08-31 23:00:00;0.0;0.0;0.0;17.85;89.28;2.73;
2022-09-01 00:00:00;0.0;0.0;0.0;17.9;89.52;2.76;
2022-09-01 01:00:00;0.0;0.0;0.0;17.95;89.76;2.78;
2022-09-01 02:00:00;0.0;0.0;0.0;18.0;90.0;2.81;
2022-09-01 03:00:00;0.0;0.0;0.0;18.05;90.24;2.84;
2022-09-01 04:00:00;0.0;0.0;0.0;18.1;90.48;2.87;
2022-09-01 05:00:00;54.0;207.07;34.0;18.15;90.72;2.9;
2022-09-01 06:00:00;59.0;0.0;59.0;18.2;90.96;2.93;
2022-09-01 07:00:00;164.0;11.22;159.0;18.25;91.2;2.96;
2022-09-01 08:00:00;231.0;11.84;224.0;19.52;92.9;2.9;
2022-09-01 09:00:00;138.0;0.0;138.0;19.54;89.85;3.45;
2022-09-01 10:00:00;606.0;339.67;343.0;20.39;86.85;3.86;
2022-09-01 11:00:00;554.0;207.57;388.0;21.42;81.3;3.79;
2022-09-01 12:00:00;569.0;261.01;366.0;22.14;78.7;3.79;
2022-09-01 13:00:00;606.0;480.44;265.0;22.44;78.7;3.86;
2022-09-01 14:00:00;335.0;89.93;281.0;22.8;73.6;3.79;
2022-09-01 15:00:00;185.0;19.68;176.0;22.35;73.55;3.72;
2022-09-01 16:00:00;21.0;0.0;21.0;21.31;81.3;2.48;
2022-09-01 17:00:00;10.0;0.0;10.0;20.25;89.85;2.07;
2022-09-01 18:00:00;0.0;0.0;0.0;19.54;92.9;2.28;
2022-09-01 19:00:00;0.0;0.0;0.0;18.54;89.8;2.48;
2022-09-01 20:00:00;0.0;0.0;0.0;18.01;96.05;2.62;
2022-09-01 21:00:00;0.0;0.0;0.0;18.06;89.75;1.93;
2022-09-01 22:00:00;0.0;0.0;0.0;18.22;89.75;1.86;
2022-09-01 23:00:00;0.0;0.0;0.0;18.2;89.75;1.79;
2022-09-02 00:00:00;0.0;0.0;0.0;18.03;89.75;1.72;
2022-09-02 01:00:00;0.0;0.0;0.0;17.53;89.75;2.07;
2022-09-02 02:00:00;0.0;0.0;0.0;17.34;92.85;2.21;
2022-09-02 03:00:00;0.0;0.0;0.0;17.19;92.85;2.07;
2022-09-02 04:00:00;0.0;0.0;0.0;17.09;92.85;2.14;
2022-09-02 05:00:00;7.0;0.0;7.0;17.01;92.8;2.34;
2022-09-02 06:00:00;134.0;76.71;113.0;17.06;89.7;2.34;
2022-09-02 07:00:00;282.0;187.59;199.0;17.23;89.7;2.14;
2022-09-02 08:00:00;489.0;462.79;217.0;17.71;86.7;2.48;
2022-09-02 09:00:00;470.0;191.51;336.0;18.33;83.8;2.83;
2022-09-02 10:00:00;563.0;259.5;363.0;19.31;83.85;2.55;
2022-09-02 11:00:00;749.0;657.1;226.0;20.47;83.95;2.28;
2022-09-02 12:00:00;153.0;0.0;153.0;21.34;81.3;2.14;
2022-09-02 13:00:00;82.0;0.0;82.0;21.89;78.65;2.14;
2022-09-02 14:00:00;110.0;0.0;110.0;22.47;76.1;2.14;
2022-09-02 15:00:00;305.0;225.52;203.0;22.66;71.15;1.93;
2022-09-02 16:00:00;84.0;0.0;84.0;22.59;68.75;1.59;
2022-09-02 17:00:00;38.0;0.0;38.0;22.09;71.05;0.55;
2022-09-02 18:00:00;0.0;0.0;0.0;20.96;84.05;0.62;
2022-09-02 19:00:00;0.0;0.0;0.0;19.27;89.8;1.59;
2022-09-02 20:00:00;0.0;0.0;0.0;18.8;89.8;1.72;
2022-09-02 21:00:00;0.0;0.0;0.0;18.27;89.75;1.86;
2022-09-02 22:00:00;0.0;0.0;0.0;17.78;89.75;1.86;
2022-09-02 23:00:00;0.0;0.0;0.0;17.0;92.8;1.72;
2022-09-03 00:00:00;0.0;0.0;0.0;16.44;96.05;1.52;
2022-09-03 01:00:00;0.0;0.0;0.0;16.3;92.8;1.72;
2022-09-03 02:00:00;0.0;0.0;0.0;15.86;96.0;1.86;
2022-09-03 03:00:00;0.0;0.0;0.0;15.63;92.75;1.93;
2022-09-03 04:00:00;0.0;0.0;0.0;15.43;96.0;1.93;
2022-09-03 05:00:00;45.0;144.92;32.0;15.14;92.75;2.0;
2022-09-03 06:00:00;149.0;129.42;114.0;16.32;92.8;1.93;
2022-09-03 07:00:00;404.0;678.53;106.0;18.38;86.75;2.07;
2022-09-03 08:00:00;568.0;764.85;121.0;20.05;78.45;2.07;
2022-09-03 09:00:00;697.0;811.47;132.0;21.81;71.0;2.28;
2022-09-03 10:00:00;656.0;466.7;298.0;23.03;64.2;2.41;
2022-09-03 11:00:00;737.0;623.69;243.0;23.83;60.15;2.14;
2022-09-03 12:00:00;444.0;92.27;373.0;24.4;56.25;1.79;
2022-09-03 13:00:00;220.0;1.43;219.0;24.56;56.25;1.38;
2022-09-03 14:00:00;340.0;103.22;279.0;24.62;54.45;1.45;
2022-09-03 15:00:00;36.0;0.0;36.0;24.06;58.1;1.72;
2022-09-03 16:00:00;20.0;0.0;20.0;23.11;60.05;1.24;
2022-09-03 17:00:00;5.0;0.0;5.0;22.42;68.7;0.83;
2022-09-03 18:00:00;0.0;0.0;0.0;20.93;75.85;1.31;
2022-09-03 19:00:00;0.0;0.0;0.0;20.41;78.45;0.41;
2022-09-03 20:00:00;0.0;0.0;0.0;19.02;86.8;0.97;
2022-09-03 21:00:00;0.0;0.0;0.0;18.43;86.75;0.97;
2022-09-03 22:00:00;0.0;0.0;0.0;17.58;86.7;1.1;
2022-09-03 23:00:00;0.0;0.0;0.0;17.39;89.7;1.03;
2022-09-04 00:00:00;0.0;0.0;0.0;16.77;89.65;1.1;
2022-09-04 01:00:00;0.0;0.0;0.0;16.0;96.0;1.31;
2022-09-04 02:00:00;0.0;0.0;0.0;15.5;96.0;1.38;
2022-09-04 03:00:00;0.0;0.0;0.0;15.01;96.0;1.45;
2022-09-04 04:00:00;0.0;0.0;0.0;14.69;96.0;1.31;
2022-09-04 05:00:00;40.0;115.95;30.0;14.67;96.0;1.24;
2022-09-04 06:00:00;218.0;524.15;78.0;16.3;96.05;1.03;
2022-09-04 07:00:00;400.0;676.79;105.0;18.72;83.85;1.86;
2022-09-04 08:00:00;567.0;772.71;118.0;20.57;78.5;2.14;
2022-09-04 09:00:00;696.0;819.87;128.0;22.23;71.05;2.21;
2022-09-04 10:00:00;786.0;863.22;127.0;23.57;66.55;2.07;
2022-09-04 11:00:00;824.0;893.25;120.0;24.55;60.25;1.59;
2022-09-04 12:00:00;796.0;884.66;119.0;25.3;56.5;1.17;
2022-09-04 13:00:00;713.0;854.43;118.0;25.72;52.85;0.9;
2022-09-04 14:00:00;579.0;789.92;116.0;25.99;52.85;0.69;
2022-09-04 15:00:00;410.0;687.66;106.0;26.03;51.05;0.69;
2022-09-04 16:00:00;80.0;0.0;80.0;25.77;51.05;0.28;
2022-09-04 17:00:00;34.0;0.0;34.0;24.71;66.85;0.62;
2022-09-04 18:00:00;0.0;0.0;0.0;22.63;76.15;1.1;
2022-09-04 19:00:00;0.0;0.0;0.0;21.07;81.3;1.79;
2022-09-04 20:00:00;0.0;0.0;0.0;19.93;89.85;1.66;
2022-09-04 21:00:00;0.0;0.0;0.0;19.38;89.8;1.31;
2022-09-04 22:00:00;0.0;0.0;0.0;20.06;86.85;0.83;
2022-09-04 23:00:00;0.0;0.0;0.0;19.79;89.85;0.21;
2022-09-05 00:00:00;0.0;0.0;0.0;19.11;92.9;0.55;
2022-09-05 01:00:00;0.0;0.0;0.0;17.56;92.85;1.03;
2022-09-05 02:00:00;0.0;0.0;0.0;17.03;96.05;1.03;
2022-09-05 03:00:00;0.0;0.0;0.0;17.12;96.05;0.9;
2022-09-05 04:00:00;0.0;0.0;0.0;17.0;99.4;0.83;
2022-09-05 05:00:00;37.0;96.66;29.0;17.14;96.05;0.69;
2022-09-05 06:00:00;198.0;409.5;90.0;17.74;96.05;0.34;
2022-09-05 07:00:00;384.0;626.53;113.0;21.59;84.1;0.69;
2022-09-05 08:00:00;547.0;716.65;133.0;23.11;76.2;0.55;
2022-09-05 09:00:00;679.0;781.98;140.0;24.39;71.4;0.34;
2022-09-05 10:00:00;771.0;835.86;136.0;25.2;64.7;0.21;
2022-09-05 11:00:00;801.0;845.49;138.0;26.1;60.7;0.62;
2022-09-05 12:00:00;736.0;726.68;183.0;26.67;58.8;0.76;
2022-09-05 13:00:00;662.0;714.1;168.0;27.07;58.8;0.76;
2022-09-05 14:00:00;553.0;722.6;133.0;27.2;55.05;0.55;
2022-09-05 15:00:00;394.0;643.18;113.0;27.09;56.85;0.21;
2022-09-05 16:00:00;82.0;0.0;82.0;26.26;56.7;0.21;
2022-09-05 17:00:00;32.0;0.0;32.0;25.18;64.7;1.24;
2022-09-05 18:00:00;0.0;0.0;0.0;23.55;76.2;1.72;
2022-09-05 19:00:00;0.0;0.0;0.0;22.28;84.15;1.79;
2022-09-05 20:00:00;0.0;0.0;0.0;21.3;89.95;1.66;
2022-09-05 21:00:00;0.0;0.0;0.0;20.46;96.1;1.52;
2022-09-05 22:00:00;0.0;0.0;0.0;19.91;96.1;1.31;
2022-09-05 23:00:00;0.0;0.0;0.0;19.64;96.1;1.17;
2022-09-06 00:00:00;0.0;0.0;0.0;19.37;99.4;1.03;
2022-09-06 01:00:00;0.0;0.0;0.0;19.44;99.4;0.83;
2022-09-06 02:00:00;0.0;0.0;0.0;19.24;99.4;0.83;
2022-09-06 03:00:00;0.0;0.0;0.0;18.71;96.1;0.97;
2022-09-06 04:00:00;0.0;0.0;0.0;17.7;96.05;1.52;
2022-09-06 05:00:00;33.0;88.29;26.0;17.93;99.4;1.24;
2022-09-06 06:00:00;189.0;368.73;93.0;19.72;96.1;1.1;
2022-09-06 07:00:00;367.0;559.2;127.0;22.17;90.0;1.24;
2022-09-06 08:00:00;535.0;691.32;138.0;23.44;84.25;1.24;
2022-09-06 09:00:00;669.0;767.09;143.0;24.51;76.35;0.97;
2022-09-06 10:00:00;752.0;797.7;149.0;25.47;74.0;0.76;
2022-09-06 11:00:00;772.0;785.77;159.0;26.07;71.65;0.69;
2022-09-06 12:00:00;750.0;787.67;154.0;26.49;67.15;0.69;
2022-09-06 13:00:00;673.0;769.86;144.0;26.66;62.9;1.17;
2022-09-06 14:00:00;528.0;647.25;155.0;26.51;62.8;0.9;
2022-09-06 15:00:00;376.0;588.43;122.0;24.73;69.15;1.59;
2022-09-06 16:00:00;83.0;0.0;83.0;23.7;76.3;1.66;
2022-09-06 17:00:00;27.0;0.0;27.0;22.87;81.45;1.38;
2022-09-06 18:00:00;0.0;0.0;0.0;22.07;84.15;1.79;
2022-09-06 19:00:00;0.0;0.0;0.0;22.4;87.05;2.21;
2022-09-06 20:00:00;0.0;0.0;0.0;21.65;89.95;1.86;
2022-09-06 21:00:00;0.0;0.0;0.0;20.69;92.95;1.17;
2022-09-06 22:00:00;0.0;0.0;0.0;19.99;96.1;1.86;
2022-09-06 23:00:00;0.0;0.0;0.0;19.48;96.1;2.28;
2022-09-07 00:00:00;0.0;0.0;0.0;19.37;96.1;2.34;
2022-09-07 01:00:00;0.0;0.0;0.0;18.89;92.9;2.0;
2022-09-07 02:00:00;0.0;0.0;0.0;18.59;92.9;1.45;
2022-09-07 03:00:00;0.0;0.0;0.0;18.12;92.85;1.1;
2022-09-07 04:00:00;0.0;0.0;0.0;17.79;96.05;1.66;
2022-09-07 05:00:00;3.0;0.0;3.0;17.7;96.05;1.45;
2022-09-07 06:00:00;18.0;0.0;18.0;18.16;96.1;1.24;
2022-09-07 07:00:00;46.0;0.0;46.0;19.77;92.9;0.9;
2022-09-07 08:00:00;164.0;0.0;164.0;20.78;86.9;0.76;
2022-09-07 09:00:00;603.0;555.64;224.0;21.7;81.35;0.34;
2022-09-07 10:00:00;631.0;445.42;296.0;21.96;81.35;0.83;
2022-09-07 11:00:00;562.0;251.28;367.0;22.24;78.7;0.55;
2022-09-07 12:00:00;709.0;675.28;201.0;23.32;76.2;0.76;
2022-09-07 13:00:00;171.0;0.0;171.0;23.37;73.7;0.76;
2022-09-07 14:00:00;70.0;0.0;70.0;23.77;71.35;0.9;
2022-09-07 15:00:00;46.0;0.0;46.0;23.87;71.35;0.41;
2022-09-07 16:00:00;18.0;0.0;18.0;23.73;68.95;0.9;
2022-09-07 17:00:00;4.0;0.0;4.0;22.66;76.15;1.1;
2022-09-07 18:00:00;0.0;0.0;0.0;21.4;84.05;0.97;
2022-09-07 19:00:00;0.0;0.0;0.0;21.09;84.05;1.38;
2022-09-07 20:00:00;0.0;0.0;0.0;20.0;92.9;1.31;
2022-09-07 21:00:00;0.0;0.0;0.0;19.41;96.1;0.97;
2022-09-07 22:00:00;0.0;0.0;0.0;19.71;92.9;0.62;
2022-09-07 23:00:00;0.0;0.0;0.0;19.44;96.1;0.62;
2022-09-08 00:00:00;0.0;0.0;0.0;18.5;96.1;0.83;
2022-09-08 01:00:00;0.0;0.0;0.0;17.85;96.05;0.9;
2022-09-08 02:00:00;0.0;0.0;0.0;17.8;96.05;0.76;
2022-09-08 03:00:00;0.0;0.0;0.0;17.69;96.05;0.76;
2022-09-08 04:00:00;0.0;0.0;0.0;16.71;96.05;0.9;
2022-09-08 05:00:00;37.0;166.04;25.0;16.62;96.05;0.76;
2022-09-08 06:00:00;199.0;473.33;79.0;17.85;96.05;0.55;
2022-09-08 07:00:00;379.0;641.62;108.0;19.97;92.9;1.03;
2022-09-08 08:00:00;546.0;745.63;123.0;21.97;81.35;1.17;
2022-09-08 09:00:00;677.0;804.77;131.0;23.76;66.65;0.97;
2022-09-08 10:00:00;765.0;847.33;131.0;25.01;60.35;1.24;
2022-09-08 11:00:00;805.0;888.72;119.0;25.88;56.6;2.0;
2022-09-08 12:00:00;776.0;878.54;119.0;26.37;52.95;2.41;
2022-09-08 13:00:00;691.0;847.01;117.0;26.47;52.95;2.34;
2022-09-08 14:00:00;556.0;780.63;114.0;26.59;52.95;2.0;
2022-09-08 15:00:00;387.0;672.16;104.0;26.41;52.95;1.59;
2022-09-08 16:00:00;77.0;0.0;77.0;26.0;54.7;1.03;
2022-09-08 17:00:00;25.0;0.0;25.0;25.07;66.85;0.9;
2022-09-08 18:00:00;0.0;0.0;0.0;23.07;73.7;1.1;
2022-09-08 19:00:00;0.0;0.0;0.0;21.09;84.05;1.52;
2022-09-08 20:00:00;0.0;0.0;0.0;20.76;84.05;1.1;
2022-09-08 21:00:00;0.0;0.0;0.0;20.24;86.85;1.03;
2022-09-08 22:00:00;0.0;0.0;0.0;19.65;89.85;1.03;
2022-09-08 23:00:00;0.0;0.0;0.0;19.68;89.85;0.83;
2022-09-09 00:00:00;0.0;0.0;0.0;19.21;89.8;0.76;
2022-09-09 01:00:00;0.0;0.0;0.0;18.16;92.85;0.97;
2022-09-09 02:00:00;0.0;0.0;0.0;17.23;92.85;1.17;
2022-09-09 03:00:00;0.0;0.0;0.0;16.6;92.8;1.38;
2022-09-09 04:00:00;0.0;0.0;0.0;16.42;96.05;1.38;
2022-09-09 05:00:00;30.0;101.82;23.0;16.33;92.8;1.31;
2022-09-09 06:00:00;198.0;479.85;78.0;18.17;86.75;0.76;
2022-09-09 07:00:00;379.0;646.9;108.0;21.84;78.65;0.83;
2022-09-09 08:00:00;543.0;741.44;125.0;23.68;68.95;0.97;
2022-09-09 09:00:00;674.0;800.29;134.0;25.06;66.85;0.76;
2022-09-09 10:00:00;762.0;842.39;135.0;26.06;62.65;0.48;
2022-09-09 11:00:00;803.0;887.06;122.0;26.85;56.85;0.34;
2022-09-09 12:00:00;776.0;885.2;118.0;27.36;55.05;0.48;
2022-09-09 13:00:00;684.0;833.75;123.0;27.72;51.55;0.76;
2022-09-09 14:00:00;549.0;764.58;120.0;27.89;51.55;0.97;
2022-09-09 15:00:00;378.0;652.0;107.0;27.78;51.55;0.69;
2022-09-09 16:00:00;77.0;0.0;77.0;27.42;53.2;0.14;
2022-09-09 17:00:00;23.0;0.0;23.0;26.18;67.15;0.83;
2022-09-09 18:00:00;0.0;0.0;0.0;23.92;76.3;1.52;
2022-09-09 19:00:00;0.0;0.0;0.0;22.29;84.15;2.0;
2022-09-09 20:00:00;0.0;0.0;0.0;21.08;89.95;1.86;
2022-09-09 21:00:00;0.0;0.0;0.0;20.29;92.95;1.59;
2022-09-09 22:00:00;0.0;0.0;0.0;19.94;96.1;1.31;
2022-09-09 23:00:00;0.0;0.0;0.0;20.37;92.95;0.9;
2022-09-10 00:00:00;0.0;0.0;0.0;20.36;96.1;0.48;
2022-09-10 01:00:00;0.0;0.0;0.0;19.74;96.1;0.34;
2022-09-10 02:00:00;0.0;0.0;0.0;18.63;96.1;0.83;
2022-09-10 03:00:00;0.0;0.0;0.0;17.83;99.4;0.9;
2022-09-10 04:00:00;0.0;0.0;0.0;17.91;99.4;0.83;
2022-09-10 05:00:00;19.0;15.33;18.0;17.92;99.4;0.48;
2022-09-10 06:00:00;192.0;466.32;77.0;18.48;96.1;0.21;
2022-09-10 07:00:00;350.0;527.15;131.0;22.38;87.05;1.1;
2022-09-10 08:00:00;527.0;703.32;133.0;24.25;73.85;1.03;
2022-09-10 09:00:00;557.0;433.67;266.0;25.43;69.25;0.83;
2022-09-10 10:00:00;748.0;821.24;140.0;26.44;64.95;0.83;
2022-09-10 11:00:00;784.0;855.32;131.0;27.25;60.9;0.76;
2022-09-10 12:00:00;763.0;866.29;123.0;27.91;57.05;0.83;
2022-09-10 13:00:00;660.0;779.94;139.0;28.35;55.3;1.03;
2022-09-10 14:00:00;530.0;723.11;128.0;28.43;55.3;1.03;
2022-09-10 15:00:00;367.0;628.94;109.0;28.38;53.45;0.76;
2022-09-10 16:00:00;74.0;0.0;74.0;27.9;55.15;0.69;
2022-09-10 17:00:00;20.0;0.0;20.0;26.63;74.25;0.48;
2022-09-10 18:00:00;0.0;0.0;0.0;24.53;78.95;1.03;
2022-09-10 19:00:00;0.0;0.0;0.0;23.03;84.25;1.86;
2022-09-10 20:00:00;0.0;0.0;0.0;21.88;89.95;1.66;
2022-09-10 21:00:00;0.0;0.0;0.0;21.26;93.0;1.38;
2022-09-10 22:00:00;0.0;0.0;0.0;21.61;89.95;0.9;
2022-09-10 23:00:00;0.0;0.0;0.0;21.65;93.0;0.28;
2022-09-11 00:00:00;0.0;0.0;0.0;21.05;93.0;0.21;
2022-09-11 01:00:00;0.0;0.0;0.0;20.26;99.4;0.69;
2022-09-11 02:00:00;0.0;0.0;0.0;18.81;99.4;1.03;
2022-09-11 03:00:00;0.0;0.0;0.0;18.69;96.1;0.83;
2022-09-11 04:00:00;0.0;0.0;0.0;18.8;99.4;0.55;
2022-09-11 05:00:00;16.0;16.22;15.0;18.72;99.4;0.48;
2022-09-11 06:00:00;164.0;292.03;93.0;19.37;99.4;0.34;
2022-09-11 07:00:00;347.0;536.49;126.0;22.94;87.1;1.52;
2022-09-11 08:00:00;513.0;671.95;139.0;24.65;76.45;1.45;
2022-09-11 09:00:00;621.0;659.44;181.0;26.02;71.65;0.76;
2022-09-11 10:00:00;706.0;714.35;180.0;27.1;65.0;0.14;
2022-09-11 11:00:00;737.0;736.34;178.0;27.79;61.0;0.0;
2022-09-11 12:00:00;709.0;728.7;174.0;28.37;57.15;0.28;
2022-09-11 13:00:00;625.0;686.19;170.0;28.72;55.4;0.62;
2022-09-11 14:00:00;503.0;646.43;147.0;28.88;53.55;0.83;
2022-09-11 15:00:00;350.0;580.62;115.0;28.92;53.55;0.69;
2022-09-11 16:00:00;89.0;0.0;89.0;28.59;55.3;0.14;
2022-09-11 17:00:00;18.0;0.0;18.0;27.36;67.3;0.9;
2022-09-11 18:00:00;0.0;0.0;0.0;25.12;74.0;1.59;
2022-09-11 19:00:00;0.0;0.0;0.0;23.79;84.35;1.93;
2022-09-11 20:00:00;0.0;0.0;0.0;22.65;90.05;1.79;
2022-09-11 21:00:00;0.0;0.0;0.0;21.73;96.15;1.52;
2022-09-11 22:00:00;0.0;0.0;0.0;21.41;96.15;1.17;
2022-09-11 23:00:00;0.0;0.0;0.0;21.74;93.0;0.76;
2022-09-12 00:00:00;0.0;0.0;0.0;21.58;96.15;0.62;
2022-09-12 01:00:00;0.0;0.0;0.0;20.85;99.4;0.69;
2022-09-12 02:00:00;0.0;0.0;0.0;20.18;99.4;0.55;
2022-09-12 03:00:00;0.0;0.0;0.0;20.09;99.4;0.48;
2022-09-12 04:00:00;0.0;0.0;0.0;19.86;100.0;0.28;
2022-09-12 05:00:00;24.0;86.05;19.0;19.69;99.4;0.28;
2022-09-12 06:00:00;162.0;296.31;91.0;20.29;99.4;0.34;
2022-09-12 07:00:00;335.0;487.27;136.0;23.25;90.05;1.31;
2022-09-12 08:00:00;504.0;643.82;148.0;24.8;81.7;1.45;
2022-09-12 09:00:00;638.0;737.1;149.0;26.25;74.15;1.45;
2022-09-12 10:00:00;722.0;778.41;152.0;27.46;67.3;1.24;
2022-09-12 11:00:00;765.0;831.99;137.0;28.25;61.1;1.17;
2022-09-12 12:00:00;739.0;832.05;132.0;28.93;57.3;1.03;
2022-09-12 13:00:00;640.0;756.71;142.0;29.39;55.5;0.97;
2022-09-12 14:00:00;487.0;595.83;162.0;29.44;53.7;0.97;
2022-09-12 15:00:00;343.0;566.1;117.0;29.05;55.4;1.59;
2022-09-12 16:00:00;94.0;0.0;94.0;28.37;59.1;2.07;
2022-09-12 17:00:00;10.0;0.0;10.0;26.9;65.0;2.28;
2022-09-12 18:00:00;0.0;0.0;0.0;25.15;71.6;2.21;
2022-09-12 19:00:00;0.0;0.0;0.0;24.1;76.35;2.0;
2022-09-12 20:00:00;0.0;0.0;0.0;23.14;81.5;1.66;
2022-09-12 21:00:00;0.0;0.0;0.0;22.33;87.05;1.52;
2022-09-12 22:00:00;0.0;0.0;0.0;21.66;89.95;1.24;
2022-09-12 23:00:00;0.0;0.0;0.0;21.41;93.0;1.03;
2022-09-13 00:00:00;0.0;0.0;0.0;21.78;89.95;0.69;
2022-09-13 01:00:00;0.0;0.0;0.0;21.67;89.95;0.62;
2022-09-13 02:00:00;0.0;0.0;0.0;20.77;92.95;0.83;
2022-09-13 03:00:00;0.0;0.0;0.0;19.97;99.4;0.83;
2022-09-13 04:00:00;0.0;0.0;0.0;20.0;100.0;0.69;
2022-09-13 05:00:00;16.0;18.34;15.0;19.88;99.4;0.69;
2022-09-13 06:00:00;82.0;16.94;78.0;20.69;96.15;0.55;
2022-09-13 07:00:00;150.0;12.35;145.0;23.0;90.05;1.03;
2022-09-13 08:00:00;105.0;0.0;105.0;24.59;81.65;0.97;
2022-09-13 09:00:00;449.0;204.69;314.0;25.64;74.1;0.55;
2022-09-13 10:00:00;535.0;269.17;339.0;26.63;69.5;0.34;
2022-09-13 11:00:00;586.0;335.81;334.0;27.08;67.2;0.41;
2022-09-13 12:00:00;537.0;275.93;337.0;27.63;61.0;0.28;
2022-09-13 13:00:00;312.0;38.28;287.0;27.62;59.0;0.34;
2022-09-13 14:00:00;228.0;20.36;217.0;27.49;63.0;0.55;
2022-09-13 15:00:00;204.0;76.21;174.0;27.43;60.9;0.83;
2022-09-13 16:00:00;94.0;0.0;94.0;27.08;65.0;0.41;
2022-09-13 17:00:00;4.0;0.0;4.0;26.25;79.2;0.62;
2022-09-13 18:00:00;0.0;0.0;0.0;25.26;76.5;0.76;
2022-09-13 19:00:00;0.0;0.0;0.0;23.37;90.05;1.24;
2022-09-13 20:00:00;0.0;0.0;0.0;22.63;90.05;1.1;
2022-09-13 21:00:00;0.0;0.0;0.0;21.91;96.15;1.17;
2022-09-13 22:00:00;0.0;0.0;0.0;21.24;96.15;1.17;
2022-09-13 23:00:00;0.0;0.0;0.0;20.79;96.15;1.1;
2022-09-14 00:00:00;0.0;0.0;0.0;20.54;99.4;1.03;
2022-09-14 01:00:00;0.0;0.0;0.0;19.88;99.4;1.24;
2022-09-14 02:00:00;0.0;0.0;0.0;19.57;99.4;1.17;
2022-09-14 03:00:00;0.0;0.0;0.0;19.19;99.4;1.24;
2022-09-14 04:00:00;0.0;0.0;0.0;18.83;99.4;1.1;
2022-09-14 05:00:00;15.0;19.63;14.0;18.8;99.4;0.9;
2022-09-14 06:00:00;139.0;184.92;96.0;19.9;100.0;0.62;
2022-09-14 07:00:00;317.0;428.67;145.0;22.02;89.95;0.9;
2022-09-14 08:00:00;480.0;571.9;168.0;24.1;78.95;0.83;
2022-09-14 09:00:00;612.0;668.05;174.0;25.61;67.05;0.55;
2022-09-14 10:00:00;629.0;505.53;263.0;26.79;56.85;0.48;
2022-09-14 11:00:00;664.0;545.6;257.0;27.47;53.2;0.83;
2022-09-14 12:00:00;559.0;331.91;320.0;27.79;51.55;0.76;
2022-09-14 13:00:00;602.0;654.28;178.0;28.2;49.95;1.1;
2022-09-14 14:00:00;460.0;527.29;178.0;28.21;49.95;1.03;
2022-09-14 15:00:00;155.0;0.0;155.0;28.05;53.35;0.97;
2022-09-14 16:00:00;78.0;0.0;78.0;26.4;60.7;1.59;
2022-09-14 17:00:00;8.0;0.0;8.0;25.0;69.15;1.31;
2022-09-14 18:00:00;0.0;0.0;0.0;23.95;73.75;1.79;
2022-09-14 19:00:00;0.0;0.0;0.0;23.13;84.25;1.03;
2022-09-14 20:00:00;0.0;0.0;0.0;22.41;87.05;0.41;
2022-09-14 21:00:00;0.0;0.0;0.0;21.15;93.0;1.38;
2022-09-14 22:00:00;0.0;0.0;0.0;20.57;96.15;1.38;
2022-09-14 23:00:00;0.0;0.0;0.0;20.23;96.1;1.52;
2022-09-15 00:00:00;0.0;0.0;0.0;20.51;99.4;1.93;
2022-09-15 01:00:00;0.0;0.0;0.0;20.29;96.1;2.07;
2022-09-15 02:00:00;0.0;0.0;0.0;20.12;96.1;1.66;
2022-09-15 03:00:00;0.0;0.0;0.0;19.65;96.1;1.38;
2022-09-15 04:00:00;0.0;0.0;0.0;19.5;99.4;1.17;
2022-09-15 05:00:00;3.0;0.0;3.0;19.46;99.4;1.31;
2022-09-15 06:00:00;99.0;48.04;88.0;19.73;96.1;1.17;
2022-09-15 07:00:00;151.0;15.09;145.0;21.81;84.1;2.14;
2022-09-15 08:00:00;398.0;293.47;239.0;23.03;76.15;2.76;
2022-09-15 09:00:00;593.0;609.19;196.0;24.25;71.4;2.62;
2022-09-15 10:00:00;698.0;737.71;167.0;24.89;71.5;2.14;
2022-09-15 11:00:00;751.0;829.43;136.0;25.46;71.6;1.93;
2022-09-15 12:00:00;728.0;840.25;127.0;25.9;71.65;2.21;
2022-09-15 13:00:00;585.0;608.15;194.0;26.06;69.3;2.14;
2022-09-15 14:00:00;459.0;538.33;174.0;26.23;67.15;2.14;
2022-09-15 15:00:00;122.0;0.0;122.0;25.88;69.3;2.07;
2022-09-15 16:00:00;74.0;0.0;74.0;25.22;69.25;1.52;
2022-09-15 17:00:00;7.0;0.0;7.0;24.48;73.85;1.17;
2022-09-15 18:00:00;0.0;0.0;0.0;23.54;81.5;1.24;
2022-09-15 19:00:00;0.0;0.0;0.0;22.34;84.15;1.66;
2022-09-15 20:00:00;0.0;0.0;0.0;21.14;89.95;1.38;
2022-09-15 21:00:00;0.0;0.0;0.0;20.32;96.1;1.31;
2022-09-15 22:00:00;0.0;0.0;0.0;19.65;96.1;1.52;
2022-09-15 23:00:00;0.0;0.0;0.0;19.17;96.1;1.66;
2022-09-16 00:00:00;0.0;0.0;0.0;18.92;96.1;1.45;
2022-09-16 01:00:00;0.0;0.0;0.0;18.53;92.9;1.38;
2022-09-16 02:00:00;0.0;0.0;0.0;18.27;96.1;1.38;
2022-09-16 03:00:00;0.0;0.0;0.0;17.84;96.05;1.52;
2022-09-16 04:00:00;0.0;0.0;0.0;17.55;96.05;1.52;
2022-09-16 05:00:00;10.0;0.0;10.0;17.56;92.85;1.52;
2022-09-16 06:00:00;162.0;363.84;80.0;18.67;92.9;1.31;
2022-09-16 07:00:00;340.0;578.74;112.0;21.89;81.35;2.21;
2022-09-16 08:00:00;504.0;693.3;131.0;23.59;71.35;2.48;
2022-09-16 09:00:00;630.0;750.36;144.0;24.81;69.15;2.41;
2022-09-16 10:00:00;713.0;792.41;146.0;25.58;64.7;2.28;
2022-09-16 11:00:00;743.0;812.82;144.0;26.26;60.7;2.34;
2022-09-16 12:00:00;720.0;824.87;134.0;26.88;60.8;2.62;
2022-09-16 13:00:00;624.0;758.88;140.0;27.11;60.8;2.69;
2022-09-16 14:00:00;474.0;618.33;150.0;27.01;58.8;2.62;
2022-09-16 15:00:00;152.0;0.0;152.0;26.67;58.8;2.41;
2022-09-16 16:00:00;83.0;0.0;83.0;26.02;62.65;2.07;
2022-09-16 17:00:00;1.0;0.0;1.0;24.96;69.15;1.45;
2022-09-16 18:00:00;0.0;0.0;0.0;23.83;76.3;1.59;
2022-09-16 19:00:00;0.0;0.0;0.0;23.19;78.85;1.72;
2022-09-16 20:00:00;0.0;0.0;0.0;22.25;87.05;1.72;
2022-09-16 21:00:00;0.0;0.0;0.0;21.49;93.0;1.59;
2022-09-16 22:00:00;0.0;0.0;0.0;20.84;96.15;1.31;
2022-09-16 23:00:00;0.0;0.0;0.0;20.32;96.1;1.17;
2022-09-17 00:00:00;0.0;0.0;0.0;20.02;99.4;1.1;
2022-09-17 01:00:00;0.0;0.0;0.0;20.12;96.1;0.9;
2022-09-17 02:00:00;0.0;0.0;0.0;20.26;99.4;0.62;
2022-09-17 03:00:00;0.0;0.0;0.0;19.48;99.4;0.83;
2022-09-17 04:00:00;0.0;0.0;0.0;18.77;96.1;1.03;
2022-09-17 05:00:00;11.0;24.93;10.0;18.62;96.1;0.97;
2022-09-17 06:00:00;167.0;428.39;72.0;19.74;96.1;0.76;
2022-09-17 07:00:00;330.0;550.89;115.0;21.63;93.0;1.45;
2022-09-17 08:00:00;488.0;657.09;137.0;22.96;87.1;1.72;
2022-09-17 09:00:00;607.0;700.69;156.0;24.61;76.45;1.59;
2022-09-17 10:00:00;692.0;756.42;154.0;25.53;71.6;1.52;
2022-09-17 11:00:00;710.0;738.72;169.0;25.97;67.05;1.38;
2022-09-17 12:00:00;687.0;755.47;154.0;26.22;64.95;1.31;
2022-09-17 13:00:00;565.0;575.41;201.0;26.67;62.9;1.31;
2022-09-17 14:00:00;435.0;487.91;182.0;26.81;60.8;1.17;
2022-09-17 15:00:00;166.0;0.0;166.0;26.79;60.8;1.45;
2022-09-17 16:00:00;38.0;0.0;38.0;26.32;62.8;1.52;
2022-09-17 17:00:00;0.0;0.0;0.0;25.34;69.25;1.38;
2022-09-17 18:00:00;0.0;0.0;0.0;23.33;81.5;1.24;
2022-09-17 19:00:00;0.0;0.0;0.0;22.33;87.05;1.03;
2022-09-17 20:00:00;0.0;0.0;0.0;21.43;89.95;1.1;
2022-09-17 21:00:00;0.0;0.0;0.0;20.64;89.9;1.24;
2022-09-17 22:00:00;0.0;0.0;0.0;20.24;92.95;1.17;
2022-09-17 23:00:00;0.0;0.0;0.0;19.86;92.9;1.17;
2022-09-18 00:00:00;0.0;0.0;0.0;19.52;96.1;1.17;
2022-09-18 01:00:00;0.0;0.0;0.0;20.41;92.95;0.55;
2022-09-18 02:00:00;0.0;0.0;0.0;19.97;96.1;0.55;
2022-09-18 03:00:00;0.0;0.0;0.0;18.95;96.1;0.97;
2022-09-18 04:00:00;0.0;0.0;0.0;18.35;96.1;1.31;
2022-09-18 05:00:00;1.0;0.0;1.0;18.13;96.1;1.38;
2022-09-18 06:00:00;107.0;87.11;88.0;19.04;96.1;0.97;
2022-09-18 07:00:00;269.0;276.8;162.0;21.78;93.0;0.69;
2022-09-18 08:00:00;377.0;265.88;236.0;23.54;81.5;0.9;
2022-09-18 09:00:00;447.0;232.97;298.0;24.6;71.5;0.9;
2022-09-18 10:00:00;649.0;623.84;208.0;25.19;69.25;0.9;
2022-09-18 11:00:00;293.0;12.37;284.0;25.9;67.05;0.97;
2022-09-18 12:00:00;485.0;215.53;334.0;26.3;67.15;0.9;
2022-09-18 13:00:00;328.0;63.76;288.0;26.51;67.15;1.31;
2022-09-18 14:00:00;268.0;70.17;232.0;26.44;67.15;1.52;
2022-09-18 15:00:00;51.0;0.0;51.0;26.23;64.95;1.03;
2022-09-18 16:00:00;13.0;0.0;13.0;25.13;66.95;1.38;
2022-09-18 17:00:00;0.0;0.0;0.0;23.89;78.9;1.24;
2022-09-18 18:00:00;0.0;0.0;0.0;22.91;84.25;1.17;
2022-09-18 19:00:00;0.0;0.0;0.0;22.73;84.25;0.69;
2022-09-18 20:00:00;0.0;0.0;0.0;21.53;93.0;1.1;
2022-09-18 21:00:00;0.0;0.0;0.0;21.17;89.95;0.97;
2022-09-18 22:00:00;0.0;0.0;0.0;21.61;87.0;0.07;
2022-09-18 23:00:00;0.0;0.0;0.0;20.01;99.4;0.97;
2022-09-19 00:00:00;0.0;0.0;0.0;19.39;99.4;1.24;
2022-09-19 01:00:00;0.0;0.0;0.0;19.13;99.4;1.24;
2022-09-19 02:00:00;0.0;0.0;0.0;19.29;99.4;0.97;
2022-09-19 03:00:00;0.0;0.0;0.0;19.43;99.4;0.76;
2022-09-19 04:00:00;0.0;0.0;0.0;18.63;96.1;0.97;
2022-09-19 05:00:00;5.0;0.0;5.0;18.1;96.1;1.17;
2022-09-19 06:00:00;142.0;284.43;81.0;19.16;96.1;0.83;
2022-09-19 07:00:00;285.0;350.03;151.0;21.99;93.0;1.03;
2022-09-19 08:00:00;470.0;605.99;151.0;23.29;84.25;0.9;
2022-09-19 09:00:00;603.0;711.29;151.0;24.27;81.65;0.55;
2022-09-19 10:00:00;677.0;728.8;165.0;25.2;74.0;0.48;
2022-09-19 11:00:00;693.0;709.5;180.0;26.0;71.65;0.28;
2022-09-19 12:00:00;641.0;625.35;206.0;26.35;69.4;0.62;
2022-09-19 13:00:00;583.0;681.56;159.0;26.68;67.2;0.62;
2022-09-19 14:00:00;459.0;634.46;137.0;26.71;67.2;0.48;
2022-09-19 15:00:00;105.0;0.0;105.0;26.56;67.15;0.41;
2022-09-19 16:00:00;67.0;0.0;67.0;26.23;67.15;0.62;
2022-09-19 17:00:00;0.0;0.0;0.0;25.12;71.6;1.38;
2022-09-19 18:00:00;0.0;0.0;0.0;23.76;81.55;1.31;
2022-09-19 19:00:00;0.0;0.0;0.0;22.84;90.05;1.1;
2022-09-19 20:00:00;0.0;0.0;0.0;23.07;87.1;0.21;
2022-09-19 21:00:00;0.0;0.0;0.0;22.32;90.0;0.28;
2022-09-19 22:00:00;0.0;0.0;0.0;21.62;93.0;0.21;
2022-09-19 23:00:00;0.0;0.0;0.0;21.04;99.4;0.34;
2022-09-20 00:00:00;0.0;0.0;0.0;20.69;96.15;0.62;
2022-09-20 01:00:00;0.0;0.0;0.0;19.54;99.4;0.9;
2022-09-20 02:00:00;0.0;0.0;0.0;18.66;96.1;1.17;
2022-09-20 03:00:00;0.0;0.0;0.0;18.38;96.1;1.24;
2022-09-20 04:00:00;0.0;0.0;0.0;18.24;96.1;1.1;
2022-09-20 05:00:00;4.0;0.0;4.0;18.02;96.1;1.03;
2022-09-20 06:00:00;154.0;389.02;72.0;19.0;96.1;0.76;
2022-09-20 07:00:00;327.0;580.4;107.0;22.69;78.75;1.17;
2022-09-20 08:00:00;488.0;689.02;128.0;24.55;69.05;1.79;
2022-09-20 09:00:00;609.0;739.74;142.0;26.08;60.6;2.14;
2022-09-20 10:00:00;688.0;770.66;150.0;27.14;55.05;2.14;
2022-09-20 11:00:00;716.0;790.73;148.0;27.87;51.55;2.14;
2022-09-20 12:00:00;691.0;800.76;138.0;28.34;49.95;2.28;
2022-09-20 13:00:00;598.0;745.79;138.0;28.44;48.25;2.28;
2022-09-20 14:00:00;467.0;681.33;125.0;28.46;48.25;2.34;
2022-09-20 15:00:00;103.0;0.0;103.0;28.04;49.8;2.34;
2022-09-20 16:00:00;64.0;0.0;64.0;27.21;53.2;1.72;
2022-09-20 17:00:00;0.0;0.0;0.0;25.89;62.65;1.59;
2022-09-20 18:00:00;0.0;0.0;0.0;23.73;76.3;1.24;
2022-09-20 19:00:00;0.0;0.0;0.0;22.48;81.4;1.45;
2022-09-20 20:00:00;0.0;0.0;0.0;21.43;84.05;1.52;
2022-09-20 21:00:00;0.0;0.0;0.0;20.68;86.9;1.52;
2022-09-20 22:00:00;0.0;0.0;0.0;20.21;86.85;1.38;
2022-09-20 23:00:00;0.0;0.0;0.0;19.98;89.85;1.24;
2022-09-21 00:00:00;0.0;0.0;0.0;19.56;86.85;1.17;
2022-09-21 01:00:00;0.0;0.0;0.0;19.3;89.8;1.1;
2022-09-21 02:00:00;0.0;0.0;0.0;18.88;89.8;0.97;
2022-09-21 03:00:00;0.0;0.0;0.0;18.34;89.75;0.97;
2022-09-21 04:00:00;0.0;0.0;0.0;17.64;92.85;1.1;
2022-09-21 05:00:00;3.0;0.0;3.0;17.26;92.85;1.1;
2022-09-21 06:00:00;151.0;386.32;71.0;18.48;92.85;0.69;
2022-09-21 07:00:00;324.0;575.62;108.0;22.26;81.4;0.83;
2022-09-21 08:00:00;481.0;675.01;131.0;24.43;71.4;0.9;
2022-09-21 09:00:00;605.0;733.53;145.0;25.92;64.8;0.97;
2022-09-21 10:00:00;683.0;764.09;153.0;27.02;58.8;0.76;
2022-09-21 11:00:00;710.0;784.79;150.0;27.82;53.35;0.62;
2022-09-21 12:00:00;678.0;773.12;148.0;28.16;49.95;0.9;
2022-09-21 13:00:00;592.0;739.22;140.0;28.67;46.75;1.24;
2022-09-21 14:00:00;461.0;674.88;126.0;28.79;46.75;1.45;
2022-09-21 15:00:00;104.0;0.0;104.0;28.65;45.2;1.52;
2022-09-21 16:00:00;64.0;0.0;64.0;28.03;51.55;1.24;
2022-09-21 17:00:00;0.0;0.0;0.0;26.34;58.7;1.72;
2022-09-21 18:00:00;0.0;0.0;0.0;24.41;69.05;2.0;
2022-09-21 19:00:00;0.0;0.0;0.0;23.03;76.15;1.93;
2022-09-21 20:00:00;0.0;0.0;0.0;22.19;78.7;2.28;
2022-09-21 21:00:00;0.0;0.0;0.0;21.79;84.1;2.14;
2022-09-21 22:00:00;0.0;0.0;0.0;21.16;86.95;1.72;
2022-09-21 23:00:00;0.0;0.0;0.0;20.87;89.9;1.38;
2022-09-22 00:00:00;0.0;0.0;0.0;21.2;84.05;0.76;
2022-09-22 01:00:00;0.0;0.0;0.0;20.79;86.9;0.55;
2022-09-22 02:00:00;0.0;0.0;0.0;20.12;89.85;0.62;
2022-09-22 03:00:00;0.0;0.0;0.0;19.59;92.9;0.69;
2022-09-22 04:00:00;0.0;0.0;0.0;18.47;96.1;1.31;
2022-09-22 05:00:00;0.0;0.0;0.0;18.33;96.1;1.24;
2022-09-22 06:00:00;137.0;304.88;75.0;19.08;96.1;1.03;
2022-09-22 07:00:00;202.0;105.0;163.0;21.52;81.3;0.55;
2022-09-22 08:00:00;315.0;145.77;240.0;23.12;73.7;0.62;
2022-09-22 09:00:00;431.0;223.16;292.0;24.55;71.4;1.24;
2022-09-22 10:00:00;533.0;332.3;304.0;25.59;69.25;1.86;
2022-09-22 11:00:00;537.0;303.34;322.0;26.06;67.05;2.41;
2022-09-22 12:00:00;491.0;254.25;318.0;25.79;69.3;3.17;
2022-09-22 13:00:00;325.0;72.6;281.0;24.73;71.5;4.28;
2022-09-22 14:00:00;311.0;169.12;228.0;23.03;78.75;5.59;
2022-09-22 15:00:00;151.0;0.0;151.0;21.47;81.3;6.0;
2022-09-22 16:00:00;68.0;0.0;68.0;20.53;78.45;5.17;
2022-09-22 17:00:00;0.0;0.0;0.0;19.81;78.35;4.62;
2022-09-22 18:00:00;0.0;0.0;0.0;19.27;75.65;4.55;
2022-09-22 19:00:00;0.0;0.0;0.0;19.26;78.3;4.76;
2022-09-22 20:00:00;0.0;0.0;0.0;18.66;75.65;4.62;
2022-09-22 21:00:00;0.0;0.0;0.0;18.34;75.55;4.21;
2022-09-22 22:00:00;0.0;0.0;0.0;17.94;75.45;3.72;
2022-09-22 23:00:00;0.0;0.0;0.0;17.8;75.45;3.31;
2022-09-23 00:00:00;0.0;0.0;0.0;17.82;72.9;3.1;
2022-09-23 01:00:00;0.0;0.0;0.0;17.92;72.9;2.62;
2022-09-23 02:00:00;0.0;0.0;0.0;18.12;72.95;2.34;
2022-09-23 03:00:00;0.0;0.0;0.0;18.19;72.95;2.14;
2022-09-23 04:00:00;0.0;0.0;0.0;18.46;72.95;1.93;
2022-09-23 05:00:00;0.0;0.0;0.0;18.55;73.05;1.79;
2022-09-23 06:00:00;99.0;95.18;80.0;18.63;75.65;1.79;
2022-09-23 07:00:00;288.0;435.3;128.0;19.68;75.7;2.28;
2022-09-23 08:00:00;452.0;601.41;145.0;21.04;73.3;2.21;
2022-09-23 09:00:00;571.0;657.94;164.0;22.11;71.05;1.93;
2022-09-23 10:00:00;652.0;714.3;163.0;23.16;68.85;1.66;
2022-09-23 11:00:00;667.0;694.67;178.0;24.27;66.75;0.97;
2022-09-23 12:00:00;622.0;635.26;193.0;25.15;62.55;0.55;
2022-09-23 13:00:00;550.0;639.26;166.0;25.67;60.6;0.83;
2022-09-23 14:00:00;437.0;636.92;128.0;25.99;60.6;1.31;
2022-09-23 15:00:00;104.0;0.0;104.0;25.62;60.6;2.28;
2022-09-23 16:00:00;60.0;0.0;60.0;24.57;69.05;2.97;
2022-09-23 17:00:00;0.0;0.0;0.0;23.03;76.15;2.97;
2022-09-23 18:00:00;0.0;0.0;0.0;21.8;81.35;2.55;
2022-09-23 19:00:00;0.0;0.0;0.0;22.06;90.0;2.21;
2022-09-23 20:00:00;0.0;0.0;0.0;21.68;96.15;1.59;
2022-09-23 21:00:00;0.0;0.0;0.0;21.24;99.4;0.83;
2022-09-23 22:00:00;0.0;0.0;0.0;20.66;99.4;0.97;
2022-09-23 23:00:00;0.0;0.0;0.0;20.12;99.4;1.66;
2022-09-24 00:00:00;0.0;0.0;0.0;20.23;96.1;2.55;
2022-09-24 01:00:00;0.0;0.0;0.0;20.38;92.95;2.9;
2022-09-24 02:00:00;0.0;0.0;0.0;20.33;89.85;3.1;
2022-09-24 03:00:00;0.0;0.0;0.0;20.54;83.95;3.03;
2022-09-24 04:00:00;0.0;0.0;0.0;20.45;83.95;2.55;
2022-09-24 05:00:00;0.0;0.0;0.0;19.89;86.85;1.86;
2022-09-24 06:00:00;114.0;173.6;80.0;19.7;92.9;0.97;
2022-09-24 07:00:00;303.0;508.7;118.0;21.32;89.95;2.0;
2022-09-24 08:00:00;293.0;108.61;238.0;22.03;89.95;3.52;
2022-09-24 09:00:00;486.0;359.77;265.0;22.21;59.8;7.52;
2022-09-24 10:00:00;659.0;722.06;168.0;21.47;49.95;8.41;
2022-09-24 11:00:00;666.0;675.2;194.0;21.09;46.5;8.69;
2022-09-24 12:00:00;637.0;678.94;182.0;20.65;46.35;8.14;
2022-09-24 13:00:00;563.0;687.08;154.0;20.29;47.9;7.17;
2022-09-24 14:00:00;357.0;308.65;209.0;19.93;47.8;6.0;
2022-09-24 15:00:00;97.0;0.0;97.0;19.88;46.1;5.66;
2022-09-24 16:00:00;58.0;0.0;58.0;19.59;46.1;4.48;
2022-09-24 17:00:00;0.0;0.0;0.0;18.75;45.95;3.38;
2022-09-24 18:00:00;0.0;0.0;0.0;17.97;49.15;2.83;
2022-09-24 19:00:00;0.0;0.0;0.0;18.2;45.85;5.86;
2022-09-24 20:00:00;0.0;0.0;0.0;17.84;45.7;5.93;
2022-09-24 21:00:00;0.0;0.0;0.0;17.43;45.55;5.59;
2022-09-24 22:00:00;0.0;0.0;0.0;17.03;42.3;4.97;
2022-09-24 23:00:00;0.0;0.0;0.0;16.72;42.15;4.55;
2022-09-25 00:00:00;0.0;0.0;0.0;16.21;42.05;4.21;
2022-09-25 01:00:00;0.0;0.0;0.0;15.69;43.5;3.86;
2022-09-25 02:00:00;0.0;0.0;0.0;15.24;45.05;3.52;
2022-09-25 03:00:00;0.0;0.0;0.0;14.71;46.6;3.24;
2022-09-25 04:00:00;0.0;0.0;0.0;14.31;48.25;3.17;
2022-09-25 05:00:00;0.0;0.0;0.0;14.05;48.25;3.1;
2022-09-25 06:00:00;148.0;442.56;63.0;14.23;52.0;2.97;
2022-09-25 07:00:00;326.0;628.21;100.0;15.9;50.5;3.1;
2022-09-25 08:00:00;486.0;716.73;126.0;17.54;39.4;4.55;
2022-09-25 09:00:00;606.0;747.62;150.0;18.51;35.35;5.17;
2022-09-25 10:00:00;668.0;718.12;183.0;19.05;34.15;5.03;
2022-09-25 11:00:00;690.0;726.07;186.0;19.29;34.15;4.83;
2022-09-25 12:00:00;657.0;715.83;181.0;19.49;35.45;4.83;
2022-09-25 13:00:00;581.0;727.34;152.0;19.47;35.45;4.62;
2022-09-25 14:00:00;453.0;692.22;125.0;19.34;35.45;4.41;
2022-09-25 15:00:00;99.0;0.0;99.0;19.0;34.15;4.0;
2022-09-25 16:00:00;54.0;0.0;54.0;18.41;36.7;2.9;
2022-09-25 17:00:00;0.0;0.0;0.0;17.25;40.75;1.93;
2022-09-25 18:00:00;0.0;0.0;0.0;15.91;46.9;2.14;
2022-09-25 19:00:00;0.0;0.0;0.0;15.23;46.75;2.41;
2022-09-25 20:00:00;0.0;0.0;0.0;14.69;50.25;2.69;
2022-09-25 21:00:00;0.0;0.0;0.0;14.75;50.25;3.31;
2022-09-25 22:00:00;0.0;0.0;0.0;14.94;52.15;3.93;
2022-09-25 23:00:00;0.0;0.0;0.0;15.01;48.55;4.14;
2022-09-26 00:00:00;0.0;0.0;0.0;14.65;48.4;3.93;
2022-09-26 01:00:00;0.0;0.0;0.0;14.22;48.25;3.52;
2022-09-26 02:00:00;0.0;0.0;0.0;13.75;50.0;3.17;
2022-09-26 03:00:00;0.0;0.0;0.0;13.33;51.75;2.9;
2022-09-26 04:00:00;0.0;0.0;0.0;12.81;53.6;2.62;
2022-09-26 05:00:00;0.0;0.0;0.0;12.19;55.5;2.48;
2022-09-26 06:00:00;141.0;403.71;65.0;12.38;59.85;2.48;
2022-09-26 07:00:00;319.0;607.07;103.0;13.89;51.9;3.66;
2022-09-26 08:00:00;477.0;692.57;132.0;15.04;43.4;4.41;
2022-09-26 09:00:00;576.0;642.39;187.0;15.78;41.9;4.14;
2022-09-26 10:00:00;664.0;718.63;182.0;16.45;40.5;3.52;
2022-09-26 11:00:00;682.0;712.42;191.0;16.95;39.15;2.83;
2022-09-26 12:00:00;649.0;701.79;186.0;17.38;39.25;2.41;
2022-09-26 13:00:00;573.0;711.9;157.0;17.65;37.95;1.86;
2022-09-26 14:00:00;443.0;666.45;131.0;17.74;36.55;1.52;
2022-09-26 15:00:00;100.0;0.0;100.0;17.57;36.55;1.1;
2022-09-26 16:00:00;54.0;0.0;54.0;17.17;36.4;0.83;
2022-09-26 17:00:00;0.0;0.0;0.0;16.11;52.5;0.69;
2022-09-26 18:00:00;0.0;0.0;0.0;15.4;45.05;0.48;
2022-09-26 19:00:00;0.0;0.0;0.0;14.3;44.75;0.41;
2022-09-26 20:00:00;0.0;0.0;0.0;13.45;49.85;0.62;
2022-09-26 21:00:00;0.0;0.0;0.0;11.46;59.7;1.24;
2022-09-26 22:00:00;0.0;0.0;0.0;10.03;69.0;1.59;
2022-09-26 23:00:00;0.0;0.0;0.0;9.62;71.5;1.79;
2022-09-27 00:00:00;0.0;0.0;0.0;9.62;68.9;2.0;
2022-09-27 01:00:00;0.0;0.0;0.0;9.61;68.9;2.0;
2022-09-27 02:00:00;0.0;0.0;0.0;9.49;71.5;2.0;
2022-09-27 03:00:00;0.0;0.0;0.0;9.12;74.15;1.93;
2022-09-27 04:00:00;0.0;0.0;0.0;8.68;76.85;1.72;
2022-09-27 05:00:00;0.0;0.0;0.0;8.45;79.75;1.52;
2022-09-27 06:00:00;136.0;390.41;64.0;9.13;82.85;1.17;
2022-09-27 07:00:00;311.0;591.18;103.0;12.36;69.35;1.24;
2022-09-27 08:00:00;467.0;678.18;132.0;15.13;56.25;1.59;
2022-09-27 09:00:00;584.0;707.0;159.0;17.25;50.85;1.79;
2022-09-27 10:00:00;656.0;722.19;175.0;18.99;49.45;1.66;
2022-09-27 11:00:00;668.0;691.29;195.0;20.4;47.9;1.52;
2022-09-27 12:00:00;634.0;679.91;189.0;21.48;46.5;1.38;
2022-09-27 13:00:00;561.0;699.66;156.0;22.23;45.1;1.31;
2022-09-27 14:00:00;432.0;650.86;131.0;22.54;45.1;1.1;
2022-09-27 15:00:00;97.0;0.0;97.0;22.5;45.1;0.83;
2022-09-27 16:00:00;52.0;0.0;52.0;21.95;48.3;0.48;
2022-09-27 17:00:00;0.0;0.0;0.0;20.93;49.8;0.34;
2022-09-27 18:00:00;0.0;0.0;0.0;19.46;57.1;0.48;
2022-09-27 19:00:00;0.0;0.0;0.0;17.09;63.2;1.03;
2022-09-27 20:00:00;0.0;0.0;0.0;14.48;77.65;1.45;
2022-09-27 21:00:00;0.0;0.0;0.0;12.84;86.25;1.72;
2022-09-27 22:00:00;0.0;0.0;0.0;11.61;89.3;1.79;
2022-09-27 23:00:00;0.0;0.0;0.0;11.07;89.3;1.66;
2022-09-28 00:00:00;0.0;0.0;0.0;10.52;92.5;1.72;
2022-09-28 01:00:00;0.0;0.0;0.0;10.11;92.5;1.66;
2022-09-28 02:00:00;0.0;0.0;0.0;9.78;95.85;1.72;
2022-09-28 03:00:00;0.0;0.0;0.0;9.56;92.45;1.66;
2022-09-28 04:00:00;0.0;0.0;0.0;9.49;92.45;1.52;
2022-09-28 05:00:00;0.0;0.0;0.0;9.45;92.45;1.38;
2022-09-28 06:00:00;135.0;409.81;61.0;10.36;92.5;0.97;
2022-09-28 07:00:00;307.0;586.48;103.0;14.04;80.45;0.97;
2022-09-28 08:00:00;465.0;688.09;128.0;17.75;65.55;1.1;
2022-09-28 09:00:00;582.0;717.3;154.0;20.5;55.3;1.31;
2022-09-28 10:00:00;654.0;733.4;169.0;22.43;45.1;1.52;
2022-09-28 11:00:00;664.0;697.86;190.0;23.76;39.45;1.66;
2022-09-28 12:00:00;630.0;686.98;184.0;24.65;36.95;1.79;
2022-09-28 13:00:00;557.0;709.87;150.0;25.16;37.1;1.79;
2022-09-28 14:00:00;430.0;672.12;123.0;25.27;37.1;1.66;
2022-09-28 15:00:00;98.0;0.0;98.0;25.02;38.3;1.52;
2022-09-28 16:00:00;50.0;0.0;50.0;24.08;44.05;1.24;
2022-09-28 17:00:00;0.0;0.0;0.0;21.69;55.65;1.45;
2022-09-28 18:00:00;0.0;0.0;0.0;19.21;63.5;1.52;
2022-09-28 19:00:00;0.0;0.0;0.0;17.9;67.95;1.52;
2022-09-28 20:00:00;0.0;0.0;0.0;16.53;72.7;1.66;
2022-09-28 21:00:00;0.0;0.0;0.0;15.03;80.6;2.07;
2022-09-28 22:00:00;0.0;0.0;0.0;15.21;77.8;2.76;
2022-09-28 23:00:00;0.0;0.0;0.0;16.18;72.65;3.31;
2022-09-29 00:00:00;0.0;0.0;0.0;16.87;67.75;3.66;
2022-09-29 01:00:00;0.0;0.0;0.0;17.38;63.2;3.86;
2022-09-29 02:00:00;0.0;0.0;0.0;17.62;58.9;3.93;
2022-09-29 03:00:00;0.0;0.0;0.0;17.62;58.9;3.79;
2022-09-29 04:00:00;0.0;0.0;0.0;17.62;58.9;3.79;
2022-09-29 05:00:00;0.0;0.0;0.0;17.79;58.9;4.0;
2022-09-29 06:00:00;130.0;401.82;59.0;18.37;61.2;4.07;
2022-09-29 07:00:00;293.0;541.0;107.0;20.0;55.2;4.21;
2022-09-29 08:00:00;447.0;640.55;136.0;21.48;49.95;5.1;
2022-09-29 09:00:00;568.0;699.1;154.0;22.16;48.45;5.59;
2022-09-29 10:00:00;635.0;700.64;175.0;22.55;50.2;5.52;
2022-09-29 11:00:00;648.0;680.82;189.0;22.68;48.55;5.31;
2022-09-29 12:00:00;614.0;669.34;183.0;22.68;48.55;5.17;
2022-09-29 13:00:00;535.0;662.19;159.0;22.6;48.55;5.1;
2022-09-29 14:00:00;411.0;625.21;129.0;22.35;48.45;5.03;
2022-09-29 15:00:00;98.0;0.0;98.0;21.74;48.3;4.62;
2022-09-29 16:00:00;49.0;0.0;49.0;21.07;49.95;3.72;
2022-09-29 17:00:00;0.0;0.0;0.0;19.87;53.25;2.97;
2022-09-29 18:00:00;0.0;0.0;0.0;18.76;53.15;2.76;
2022-09-29 19:00:00;0.0;0.0;0.0;19.05;53.15;3.24;
2022-09-29 20:00:00;0.0;0.0;0.0;18.36;49.3;3.38;
2022-09-29 21:00:00;0.0;0.0;0.0;17.72;47.4;3.52;
2022-09-29 22:00:00;0.0;0.0;0.0;16.94;48.9;3.31;
2022-09-29 23:00:00;0.0;0.0;0.0;16.33;50.6;2.97;
2022-09-30 00:00:00;0.0;0.0;0.0;15.89;52.4;2.69;
2022-09-30 01:00:00;0.0;0.0;0.0;15.15;52.25;2.55;
2022-09-30 02:00:00;0.0;0.0;0.0;14.73;54.1;2.48;
2022-09-30 03:00:00;0.0;0.0;0.0;14.03;56.0;2.55;
2022-09-30 04:00:00;0.0;0.0;0.0;13.52;55.9;2.48;
2022-09-30 05:00:00;0.0;0.0;0.0;13.01;60.05;2.48;
2022-09-30 06:00:00;79.0;69.44;67.0;13.23;62.3;2.28;
2022-09-30 07:00:00;220.0;197.2;153.0;15.44;56.25;2.97;
2022-09-30 08:00:00;437.0;608.83;144.0;16.8;50.75;3.52;
2022-09-30 09:00:00;526.0;544.52;206.0;17.51;49.05;2.97;
2022-09-30 10:00:00;616.0;641.35;198.0;18.29;45.85;2.41;
2022-09-30 11:00:00;646.0;684.48;188.0;19.02;44.3;1.79;
2022-09-30 12:00:00;609.0;662.38;186.0;19.49;44.3;1.31;
2022-09-30 13:00:00;535.0;679.38;153.0;19.96;44.45;0.83;
2022-09-30 14:00:00;407.0;626.49;128.0;20.08;43.0;0.69;
2022-09-30 15:00:00;97.0;0.0;97.0;19.97;44.45;1.1;
2022-09-30 16:00:00;47.0;0.0;47.0;15.89;51.66;1.99;
2022-09-30 17:00:00;0.0;0.0;0.0;15.93;55.35;1.87;
2022-09-30 18:00:00;0.0;0.0;0.0;15.96;59.04;1.75;
2022-09-30 19:00:00;0.0;0.0;0.0;16.0;62.72;1.64;
2022-09-30 20:00:00;0.0;0.0;0.0;16.03;66.41;1.52;
2022-09-30 21:00:00;0.0;0.0;0.0;16.07;70.1;1.4;
2022-09-30 22:00:00;0.0;0.0;0.0;16.1;73.79;1.28;
2022-09-30 23:00:00;0.0;0.0;0.0;16.14;77.47;1.16;
2022-10-01 00:00:00;0.0;0.0;0.0;16.17;81.16;1.04;
2022-10-01 01:00:00;0.0;0.0;0.0;16.2;84.85;0.92;
2022-10-01 02:00:00;0.0;0.0;0.0;16.24;88.53;0.8;
2022-10-01 03:00:00;0.0;0.0;0.0;16.27;92.22;0.68;
2022-10-01 04:00:00;0.0;0.0;0.0;16.31;95.91;0.56;
2022-10-01 05:00:00;0.0;0.0;0.0;16.34;99.59;0.44;
2022-10-01 06:00:00;34.0;0.0;34.0;16.38;100.0;0.32;
2022-10-01 07:00:00;70.0;0.0;70.0;16.41;100.0;0.21;
2022-10-01 08:00:00;127.0;0.0;127.0;19.32;89.85;0.83;
2022-10-01 09:00:00;67.0;0.0;67.0;19.43;89.85;1.1;
2022-10-01 10:00:00;121.0;0.0;121.0;19.67;86.85;0.9;
2022-10-01 11:00:00;115.0;0.0;115.0;19.83;86.85;0.83;
2022-10-01 12:00:00;55.0;0.0;55.0;19.92;86.85;1.03;
2022-10-01 13:00:00;47.0;0.0;47.0;19.9;86.85;1.1;
2022-10-01 14:00:00;56.0;0.0;56.0;19.76;86.85;1.31;
2022-10-01 15:00:00;56.0;0.0;56.0;19.26;89.85;1.52;
2022-10-01 16:00:00;26.0;0.0;26.0;18.83;89.8;1.59;
2022-10-01 17:00:00;0.0;0.0;0.0;18.43;92.85;1.52;
2022-10-01 18:00:00;0.0;0.0;0.0;17.98;96.05;1.66;
2022-10-01 19:00:00;0.0;0.0;0.0;17.15;92.85;1.52;
2022-10-01 20:00:00;0.0;0.0;0.0;16.43;96.05;1.59;
2022-10-01 21:00:00;0.0;0.0;0.0;15.72;96.0;1.66;
2022-10-01 22:00:00;0.0;0.0;0.0;14.91;96.0;1.72;
2022-10-01 23:00:00;0.0;0.0;0.0;14.37;96.0;1.59;
2022-10-02 00:00:00;0.0;0.0;0.0;13.81;99.4;1.45;
2022-10-02 01:00:00;0.0;0.0;0.0;13.2;99.4;1.38;
2022-10-02 02:00:00;0.0;0.0;0.0;12.77;99.4;1.38;
2022-10-02 03:00:00;0.0;0.0;0.0;12.51;100.0;1.38;
2022-10-02 04:00:00;0.0;0.0;0.0;12.22;99.4;1.38;
2022-10-02 05:00:00;0.0;0.0;0.0;11.96;100.0;1.17;
2022-10-02 06:00:00;115.0;357.68;56.0;12.15;99.4;1.03;
2022-10-02 07:00:00;297.0;639.4;85.0;14.66;92.7;0.9;
2022-10-02 08:00:00;459.0;757.47;101.0;16.68;89.65;1.17;
2022-10-02 09:00:00;586.0;826.22;108.0;19.02;75.65;1.38;
2022-10-02 10:00:00;663.0;862.82;109.0;21.06;66.05;1.52;
2022-10-02 11:00:00;594.0;558.49;226.0;22.22;57.75;1.52;
2022-10-02 12:00:00;647.0;856.82;109.0;22.79;55.9;1.66;
2022-10-02 13:00:00;554.0;812.84;106.0;23.07;54.0;1.93;
2022-10-02 14:00:00;413.0;719.05;101.0;23.08;54.0;2.14;
2022-10-02 15:00:00;79.0;0.0;79.0;22.79;52.1;2.14;
2022-10-02 16:00:00;42.0;0.0;42.0;21.94;59.7;1.38;
2022-10-02 17:00:00;0.0;0.0;0.0;20.45;68.3;1.24;
2022-10-02 18:00:00;0.0;0.0;0.0;18.51;72.95;1.72;
2022-10-02 19:00:00;0.0;0.0;0.0;17.24;83.7;2.0;
2022-10-02 20:00:00;0.0;0.0;0.0;16.73;83.65;2.21;
2022-10-02 21:00:00;0.0;0.0;0.0;16.43;86.55;2.28;
2022-10-02 22:00:00;0.0;0.0;0.0;16.04;89.6;2.28;
2022-10-02 23:00:00;0.0;0.0;0.0;15.78;89.6;2.14;
2022-10-03 00:00:00;0.0;0.0;0.0;15.44;89.55;1.93;
2022-10-03 01:00:00;0.0;0.0;0.0;14.75;92.7;1.72;
2022-10-03 02:00:00;0.0;0.0;0.0;14.27;96.0;1.52;
2022-10-03 03:00:00;0.0;0.0;0.0;14.09;96.0;1.38;
2022-10-03 04:00:00;0.0;0.0;0.0;13.71;95.95;1.38;
2022-10-03 05:00:00;0.0;0.0;0.0;13.45;99.4;1.38;
2022-10-03 06:00:00;89.0;149.07;65.0;13.53;95.95;1.24;
2022-10-03 07:00:00;261.0;442.85;116.0;17.14;86.65;1.59;
2022-10-03 08:00:00;432.0;664.15;121.0;19.33;75.7;2.28;
2022-10-03 09:00:00;564.0;766.65;124.0;20.6;63.8;2.9;
2022-10-03 10:00:00;639.0;800.37;129.0;21.37;61.7;3.17;
2022-10-03 11:00:00;680.0;871.85;110.0;21.68;55.65;3.17;
2022-10-03 12:00:00;636.0;836.9;115.0;22.03;55.65;3.03;
2022-10-03 13:00:00;544.0;795.47;110.0;22.12;53.75;2.97;
2022-10-03 14:00:00;407.0;716.97;100.0;21.95;53.75;2.83;
2022-10-03 15:00:00;81.0;0.0;81.0;21.55;55.55;2.69;
2022-10-03 16:00:00;40.0;0.0;40.0;20.77;59.5;2.0;
2022-10-03 17:00:00;0.0;0.0;0.0;19.3;63.6;1.79;
2022-10-03 18:00:00;0.0;0.0;0.0;17.85;72.9;1.86;
2022-10-03 19:00:00;0.0;0.0;0.0;17.22;75.4;2.21;
2022-10-03 20:00:00;0.0;0.0;0.0;16.9;78.0;2.41;
2022-10-03 21:00:00;0.0;0.0;0.0;16.59;75.3;2.62;
2022-10-03 22:00:00;0.0;0.0;0.0;16.27;77.95;2.69;
2022-10-03 23:00:00;0.0;0.0;0.0;16.01;77.85;2.76;
2022-10-04 00:00:00;0.0;0.0;0.0;15.68;77.85;2.69;
2022-10-04 01:00:00;0.0;0.0;0.0;15.54;80.6;2.62;
2022-10-04 02:00:00;0.0;0.0;0.0;15.03;86.45;2.48;
2022-10-04 03:00:00;0.0;0.0;0.0;14.66;86.45;2.34;
2022-10-04 04:00:00;0.0;0.0;0.0;14.24;86.4;2.34;
2022-10-04 05:00:00;0.0;0.0;0.0;13.8;89.45;2.34;
2022-10-04 06:00:00;104.0;292.95;58.0;13.89;89.45;2.21;
2022-10-04 07:00:00;271.0;516.6;104.0;16.37;80.75;2.21;
2022-10-04 08:00:00;433.0;672.58;121.0;18.47;70.45;2.97;
2022-10-04 09:00:00;553.0;734.25;135.0;19.71;63.7;3.66;
2022-10-04 10:00:00;613.0;708.53;165.0;20.43;61.5;3.52;
2022-10-04 11:00:00;675.0;863.37;115.0;20.95;59.5;3.38;
2022-10-04 12:00:00;587.0;665.97;176.0;21.13;57.55;3.24;
2022-10-04 13:00:00;538.0;783.31;115.0;21.13;57.55;2.97;
2022-10-04 14:00:00;401.0;707.72;102.0;21.09;59.5;2.69;
2022-10-04 15:00:00;80.0;0.0;80.0;20.74;59.5;2.34;
2022-10-04 16:00:00;38.0;0.0;38.0;20.0;61.5;1.66;
2022-10-04 17:00:00;0.0;0.0;0.0;18.61;68.1;1.79;
2022-10-04 18:00:00;0.0;0.0;0.0;17.23;75.4;1.79;
2022-10-04 19:00:00;0.0;0.0;0.0;15.94;86.5;1.72;
2022-10-04 20:00:00;0.0;0.0;0.0;14.76;92.7;1.59;
2022-10-04 21:00:00;0.0;0.0;0.0;14.03;95.95;1.72;
2022-10-04 22:00:00;0.0;0.0;0.0;13.61;92.65;1.86;
2022-10-04 23:00:00;0.0;0.0;0.0;13.42;92.65;2.07;
2022-10-05 00:00:00;0.0;0.0;0.0;13.46;92.65;2.21;
2022-10-05 01:00:00;0.0;0.0;0.0;13.51;92.65;2.28;
2022-10-05 02:00:00;0.0;0.0;0.0;13.55;89.45;2.34;
2022-10-05 03:00:00;0.0;0.0;0.0;13.49;92.65;2.41;
2022-10-05 04:00:00;0.0;0.0;0.0;13.4;92.65;2.34;
2022-10-05 05:00:00;0.0;0.0;0.0;13.16;92.65;2.28;
2022-10-05 06:00:00;98.0;267.93;57.0;13.26;92.65;2.14;
2022-10-05 07:00:00;276.0;576.66;92.0;15.49;89.55;1.93;
2022-10-05 08:00:00;431.0;685.57;116.0;17.84;75.45;2.48;
2022-10-05 09:00:00;561.0;781.05;120.0;19.18;65.85;2.69;
2022-10-05 10:00:00;639.0;825.67;121.0;20.04;61.5;2.62;
2022-10-05 11:00:00;631.0;736.66;157.0;20.64;59.5;2.48;
2022-10-05 12:00:00;595.0;724.15;152.0;21.03;57.45;2.34;
2022-10-05 13:00:00;507.0;686.7;140.0;21.21;55.55;2.21;
2022-10-05 14:00:00;376.0;616.63;119.0;21.14;55.55;2.28;
2022-10-05 15:00:00;92.0;0.0;92.0;20.75;55.45;2.21;
2022-10-05 16:00:00;35.0;0.0;35.0;19.86;59.35;1.72;
2022-10-05 17:00:00;0.0;0.0;0.0;18.35;68.05;1.93;
2022-10-05 18:00:00;0.0;0.0;0.0;16.94;75.3;1.86;
2022-10-05 19:00:00;0.0;0.0;0.0;15.72;83.55;1.79;
2022-10-05 20:00:00;0.0;0.0;0.0;14.84;89.5;1.86;
2022-10-05 21:00:00;0.0;0.0;0.0;14.14;89.5;1.93;
2022-10-05 22:00:00;0.0;0.0;0.0;13.7;92.65;2.07;
2022-10-05 23:00:00;0.0;0.0;0.0;13.48;92.65;2.21;
2022-10-06 00:00:00;0.0;0.0;0.0;13.45;92.65;2.28;
2022-10-06 01:00:00;0.0;0.0;0.0;13.48;92.65;2.41;
2022-10-06 02:00:00;0.0;0.0;0.0;13.66;89.45;2.41;
2022-10-06 03:00:00;0.0;0.0;0.0;13.73;89.45;2.48;
2022-10-06 04:00:00;0.0;0.0;0.0;13.97;89.45;2.48;
2022-10-06 05:00:00;0.0;0.0;0.0;14.06;86.4;2.55;
2022-10-06 06:00:00;69.0;73.82;58.0;14.37;86.4;2.48;
2022-10-06 07:00:00;204.0;209.61;138.0;15.47;83.5;2.07;
2022-10-06 08:00:00;400.0;558.21;146.0;16.79;75.3;2.34;
2022-10-06 09:00:00;533.0;694.73;144.0;18.32;68.05;2.9;
2022-10-06 10:00:00;582.0;636.22;186.0;19.31;63.6;2.83;
2022-10-06 11:00:00;492.0;311.79;293.0;19.95;61.5;2.69;
2022-10-06 12:00:00;255.0;16.49;245.0;20.38;63.7;2.48;
2022-10-06 13:00:00;203.0;9.45;198.0;20.75;61.6;2.14;
2022-10-06 14:00:00;200.0;48.65;180.0;20.67;61.6;1.93;
2022-10-06 15:00:00;84.0;0.0;84.0;20.29;61.5;1.72;
2022-10-06 16:00:00;33.0;0.0;33.0;19.53;65.85;1.38;
2022-10-06 17:00:00;0.0;0.0;0.0;18.35;72.95;1.52;
2022-10-06 18:00:00;0.0;0.0;0.0;16.67;80.8;1.24;
2022-10-06 19:00:00;0.0;0.0;0.0;16.87;80.8;0.55;
2022-10-06 20:00:00;0.0;0.0;0.0;16.27;83.6;0.41;
2022-10-06 21:00:00;0.0;0.0;0.0;15.49;89.55;0.48;
2022-10-06 22:00:00;0.0;0.0;0.0;14.86;92.7;0.62;
2022-10-06 23:00:00;0.0;0.0;0.0;14.47;96.0;0.41;
2022-10-07 00:00:00;0.0;0.0;0.0;13.84;95.95;0.34;
2022-10-07 01:00:00;0.0;0.0;0.0;13.31;99.4;0.48;
2022-10-07 02:00:00;0.0;0.0;0.0;13.09;95.95;0.28;
2022-10-07 03:00:00;0.0;0.0;0.0;12.66;99.4;0.14;
2022-10-07 04:00:00;0.0;0.0;0.0;12.45;100.0;0.21;
2022-10-07 05:00:00;0.0;0.0;0.0;11.76;100.0;0.48;
2022-10-07 06:00:00;79.0;151.74;57.0;12.06;99.4;0.62;
2022-10-07 07:00:00;236.0;386.3;116.0;14.52;96.0;0.55;
2022-10-07 08:00:00;374.0;463.86;165.0;16.59;80.8;0.83;
2022-10-07 09:00:00;517.0;657.4;152.0;17.95;75.45;1.24;
2022-10-07 10:00:00;611.0;774.15;133.0;19.25;68.2;1.38;
2022-10-07 11:00:00;497.0;339.63;282.0;20.05;63.7;1.1;
2022-10-07 12:00:00;396.0;171.4;293.0;20.3;63.7;0.76;
2022-10-07 13:00:00;275.0;66.88;240.0;20.23;63.7;0.83;
2022-10-07 14:00:00;315.0;372.46;164.0;20.26;63.7;1.1;
2022-10-07 15:00:00;92.0;0.0;92.0;20.2;63.7;1.45;
2022-10-07 16:00:00;28.0;0.0;28.0;19.54;68.2;2.0;
2022-10-07 17:00:00;0.0;0.0;0.0;18.66;70.55;2.34;
2022-10-07 18:00:00;0.0;0.0;0.0;17.74;78.15;2.28;
2022-10-07 19:00:00;0.0;0.0;0.0;17.66;80.9;2.34;
2022-10-07 20:00:00;0.0;0.0;0.0;17.73;83.75;2.14;
2022-10-07 21:00:00;0.0;0.0;0.0;17.73;86.7;2.07;
2022-10-07 22:00:00;0.0;0.0;0.0;17.58;86.7;2.21;
2022-10-07 23:00:00;0.0;0.0;0.0;17.57;86.7;2.41;
2022-10-08 00:00:00;0.0;0.0;0.0;17.47;89.7;2.48;
2022-10-08 01:00:00;0.0;0.0;0.0;17.09;89.7;2.48;
2022-10-08 02:00:00;0.0;0.0;0.0;17.03;92.8;2.55;
2022-10-08 03:00:00;0.0;0.0;0.0;16.41;92.8;2.55;
2022-10-08 04:00:00;0.0;0.0;0.0;16.33;89.65;2.34;
2022-10-08 05:00:00;0.0;0.0;0.0;16.07;89.65;2.14;
2022-10-08 06:00:00;47.0;21.29;44.0;15.95;92.75;1.93;
2022-10-08 07:00:00;130.0;32.64;120.0;17.38;86.65;1.79;
2022-10-08 08:00:00;298.0;212.97;203.0;18.87;81.05;1.59;
2022-10-08 09:00:00;461.0;465.05;205.0;20.07;78.45;1.24;
2022-10-08 10:00:00;524.0;486.56;226.0;21.33;73.35;0.76;
2022-10-08 11:00:00;450.0;246.88;295.0;22.19;68.7;0.41;
2022-10-08 12:00:00;541.0;604.52;181.0;22.74;66.45;0.14;
2022-10-08 13:00:00;358.0;227.92;240.0;23.05;66.45;0.28;
2022-10-08 14:00:00;329.0;475.29;139.0;23.09;66.45;0.62;
2022-10-08 15:00:00;74.0;0.0;74.0;22.7;66.45;1.24;
2022-10-08 16:00:00;28.0;0.0;28.0;21.98;73.45;1.66;
2022-10-08 17:00:00;0.0;0.0;0.0;20.83;78.5;1.93;
2022-10-08 18:00:00;0.0;0.0;0.0;19.73;83.95;1.86;
2022-10-08 19:00:00;0.0;0.0;0.0;18.3;92.85;1.66;
2022-10-08 20:00:00;0.0;0.0;0.0;17.83;96.05;1.72;
2022-10-08 21:00:00;0.0;0.0;0.0;17.53;96.05;1.79;
2022-10-08 22:00:00;0.0;0.0;0.0;17.18;96.05;1.79;
2022-10-08 23:00:00;0.0;0.0;0.0;16.8;96.05;1.72;
2022-10-09 00:00:00;0.0;0.0;0.0;16.35;96.05;1.66;
2022-10-09 01:00:00;0.0;0.0;0.0;15.97;99.4;1.45;
2022-10-09 02:00:00;0.0;0.0;0.0;15.68;96.0;1.1;
2022-10-09 03:00:00;0.0;0.0;0.0;15.41;99.4;1.03;
2022-10-09 04:00:00;0.0;0.0;0.0;15.3;99.4;0.9;
2022-10-09 05:00:00;0.0;0.0;0.0;15.31;99.4;0.83;
2022-10-09 06:00:00;58.0;58.45;50.0;15.36;99.4;0.69;
2022-10-09 07:00:00;174.0;139.02;132.0;16.61;92.8;0.76;
2022-10-09 08:00:00;217.0;54.35;193.0;17.9;89.75;0.9;
2022-10-09 09:00:00;330.0;128.27;260.0;19.22;83.9;1.17;
2022-10-09 10:00:00;413.0;199.19;292.0;20.78;78.5;1.03;
2022-10-09 11:00:00;599.0;721.17;150.0;21.6;73.35;0.9;
2022-10-09 12:00:00;529.0;571.1;192.0;22.68;66.45;1.31;
2022-10-09 13:00:00;485.0;708.76;122.0;23.27;64.3;1.79;
2022-10-09 14:00:00;137.0;7.61;134.0;23.03;66.45;2.34;
2022-10-09 15:00:00;105.0;0.0;105.0;22.55;68.7;2.83;
2022-10-09 16:00:00;26.0;0.0;26.0;21.52;75.95;2.69;
2022-10-09 17:00:00;0.0;0.0;0.0;20.02;81.15;2.69;
2022-10-09 18:00:00;0.0;0.0;0.0;19.42;86.85;2.48;
2022-10-09 19:00:00;0.0;0.0;0.0;18.93;92.9;1.72;
2022-10-09 20:00:00;0.0;0.0;0.0;18.52;96.1;1.59;
2022-10-09 21:00:00;0.0;0.0;0.0;18.38;96.1;1.59;
2022-10-09 22:00:00;0.0;0.0;0.0;18.19;96.1;1.72;
2022-10-09 23:00:00;0.0;0.0;0.0;17.96;99.4;1.79;
2022-10-10 00:00:00;0.0;0.0;0.0;17.82;96.05;1.79;
2022-10-10 01:00:00;0.0;0.0;0.0;17.78;96.05;1.86;
2022-10-10 02:00:00;0.0;0.0;0.0;17.76;96.05;1.79;
2022-10-10 03:00:00;0.0;0.0;0.0;17.5;99.4;2.0;
2022-10-10 04:00:00;0.0;0.0;0.0;17.55;99.4;1.93;
2022-10-10 05:00:00;0.0;0.0;0.0;17.37;96.05;2.07;
2022-10-10 06:00:00;37.0;7.53;36.0;17.76;96.05;1.93;
2022-10-10 07:00:00;128.0;36.94;117.0;18.6;92.9;2.28;
2022-10-10 08:00:00;147.0;4.58;145.0;19.71;86.85;2.21;
2022-10-10 09:00:00;336.0;146.04;257.0;21.01;84.05;1.79;
2022-10-10 10:00:00;374.0;137.77;291.0;22.04;76.0;1.38;
2022-10-10 11:00:00;483.0;346.64;269.0;22.79;71.15;1.31;
2022-10-10 12:00:00;249.0;18.81;238.0;23.45;68.85;1.45;
2022-10-10 13:00:00;424.0;469.79;186.0;23.57;68.85;1.72;
2022-10-10 14:00:00;347.0;625.49;104.0;23.61;68.85;1.93;
2022-10-10 15:00:00;97.0;0.0;97.0;23.35;68.85;2.0;
2022-10-10 16:00:00;24.0;0.0;24.0;22.42;73.55;2.0;
2022-10-10 17:00:00;0.0;0.0;0.0;21.03;84.05;2.28;
2022-10-10 18:00:00;0.0;0.0;0.0;20.07;86.85;2.41;
2022-10-10 19:00:00;0.0;0.0;0.0;19.2;92.9;1.72;
2022-10-10 20:00:00;0.0;0.0;0.0;18.99;96.1;1.79;
2022-10-10 21:00:00;0.0;0.0;0.0;18.57;96.1;2.07;
2022-10-10 22:00:00;0.0;0.0;0.0;18.58;92.9;2.21;
2022-10-10 23:00:00;0.0;0.0;0.0;18.32;96.1;2.28;
2022-10-11 00:00:00;0.0;0.0;0.0;18.26;96.1;2.28;
2022-10-11 01:00:00;0.0;0.0;0.0;17.97;96.05;2.28;
2022-10-11 02:00:00;0.0;0.0;0.0;17.91;96.05;2.21;
2022-10-11 03:00:00;0.0;0.0;0.0;17.85;96.05;2.14;
2022-10-11 04:00:00;0.0;0.0;0.0;17.89;96.05;2.14;
2022-10-11 05:00:00;0.0;0.0;0.0;17.84;96.05;2.07;
2022-10-11 06:00:00;68.0;147.66;49.0;18.14;92.85;2.14;
2022-10-11 07:00:00;207.0;303.23;118.0;18.97;92.9;2.76;
2022-10-11 08:00:00;238.0;94.8;197.0;19.67;86.85;3.17;
2022-10-11 09:00:00;156.0;0.0;156.0;20.38;86.85;2.97;
2022-10-11 10:00:00;371.0;137.26;289.0;21.32;81.3;2.76;
2022-10-11 11:00:00;322.0;63.71;283.0;22.15;76.1;2.48;
2022-10-11 12:00:00;243.0;17.26;233.0;22.22;76.1;2.14;
2022-10-11 13:00:00;451.0;606.7;147.0;22.48;76.1;2.07;
2022-10-11 14:00:00;318.0;496.22;128.0;22.02;78.65;2.28;
2022-10-11 15:00:00;89.0;0.0;89.0;21.59;81.3;2.41;
2022-10-11 16:00:00;21.0;0.0;21.0;20.78;86.9;1.72;
2022-10-11 17:00:00;0.0;0.0;0.0;19.6;86.85;0.97;
2022-10-11 18:00:00;0.0;0.0;0.0;18.95;92.9;1.31;
2022-10-11 19:00:00;0.0;0.0;0.0;19.88;89.85;0.41;
2022-10-11 20:00:00;0.0;0.0;0.0;19.25;92.9;0.76;
2022-10-11 21:00:00;0.0;0.0;0.0;19.09;92.9;0.69;
2022-10-11 22:00:00;0.0;0.0;0.0;18.74;96.1;0.76;
2022-10-11 23:00:00;0.0;0.0;0.0;18.31;96.1;0.9;
2022-10-12 00:00:00;0.0;0.0;0.0;18.32;96.1;1.03;
2022-10-12 01:00:00;0.0;0.0;0.0;18.19;96.1;1.1;
2022-10-12 02:00:00;0.0;0.0;0.0;18.02;99.4;1.17;
2022-10-12 03:00:00;0.0;0.0;0.0;17.89;99.4;1.1;
2022-10-12 04:00:00;0.0;0.0;0.0;17.94;99.4;1.1;
2022-10-12 05:00:00;0.0;0.0;0.0;17.92;99.4;1.1;
2022-10-12 06:00:00;37.0;8.03;36.0;17.96;99.4;1.38;
2022-10-12 07:00:00;115.0;24.21;108.0;18.1;92.85;0.69;
2022-10-12 08:00:00;189.0;30.38;176.0;19.43;89.85;1.17;
2022-10-12 09:00:00;206.0;11.29;200.0;20.86;81.2;1.1;
2022-10-12 10:00:00;217.0;6.75;213.0;21.51;75.95;0.97;
2022-10-12 11:00:00;484.0;372.41;258.0;22.5;71.05;0.9;
2022-10-12 12:00:00;534.0;656.98;157.0;22.82;68.75;1.03;
2022-10-12 13:00:00;426.0;518.61;169.0;23.15;64.3;1.17;
2022-10-12 14:00:00;329.0;585.7;108.0;23.37;64.3;1.59;
2022-10-12 15:00:00;89.0;0.0;89.0;23.03;68.75;1.52;
2022-10-12 16:00:00;18.0;0.0;18.0;22.22;73.55;1.66;
2022-10-12 17:00:00;0.0;0.0;0.0;20.77;81.2;2.34;
2022-10-12 18:00:00;0.0;0.0;0.0;19.55;89.85;2.41;
2022-10-12 19:00:00;0.0;0.0;0.0;18.78;92.9;1.38;
2022-10-12 20:00:00;0.0;0.0;0.0;18.0;96.05;1.24;
2022-10-12 21:00:00;0.0;0.0;0.0;17.43;99.4;1.59;
2022-10-12 22:00:00;0.0;0.0;0.0;17.23;96.05;1.59;
2022-10-12 23:00:00;0.0;0.0;0.0;17.03;99.4;1.72;
2022-10-13 00:00:00;0.0;0.0;0.0;16.73;96.05;1.66;
2022-10-13 01:00:00;0.0;0.0;0.0;16.64;96.05;1.45;
2022-10-13 02:00:00;0.0;0.0;0.0;16.98;99.4;1.86;
2022-10-13 03:00:00;0.0;0.0;0.0;17.13;96.05;2.07;
2022-10-13 04:00:00;0.0;0.0;0.0;17.39;99.4;2.07;
2022-10-13 05:00:00;0.0;0.0;0.0;17.68;96.05;1.93;
2022-10-13 06:00:00;59.0;116.25;45.0;17.94;96.05;1.86;
2022-10-13 07:00:00;97.0;10.53;94.0;19.0;96.1;3.1;
2022-10-13 08:00:00;135.0;2.36;134.0;20.36;89.85;3.52;
2022-10-13 09:00:00;261.0;53.18;233.0;21.24;84.05;2.97;
2022-10-13 10:00:00;307.0;64.7;269.0;22.03;81.35;2.55;
2022-10-13 11:00:00;119.0;0.0;119.0;22.81;76.15;2.55;
2022-10-13 12:00:00;108.0;0.0;108.0;23.45;73.7;2.28;
2022-10-13 13:00:00;44.0;0.0;44.0;23.16;73.7;1.72;
2022-10-13 14:00:00;40.0;0.0;40.0;22.39;81.4;1.38;
2022-10-13 15:00:00;43.0;0.0;43.0;21.25;89.95;2.34;
2022-10-13 16:00:00;15.0;0.0;15.0;20.32;96.1;3.17;
2022-10-13 17:00:00;0.0;0.0;0.0;19.4;96.1;2.07;
2022-10-13 18:00:00;0.0;0.0;0.0;19.0;96.1;2.07;
2022-10-13 19:00:00;0.0;0.0;0.0;18.47;96.1;1.03;
2022-10-13 20:00:00;0.0;0.0;0.0;18.5;99.4;0.48;
2022-10-13 21:00:00;0.0;0.0;0.0;18.04;99.4;0.9;
2022-10-13 22:00:00;0.0;0.0;0.0;17.73;96.05;0.9;
2022-10-13 23:00:00;0.0;0.0;0.0;17.27;96.05;0.69;
2022-10-14 00:00:00;0.0;0.0;0.0;17.19;96.05;0.34;
2022-10-14 01:00:00;0.0;0.0;0.0;16.97;99.4;0.41;
2022-10-14 02:00:00;0.0;0.0;0.0;15.9;99.4;0.97;
2022-10-14 03:00:00;0.0;0.0;0.0;15.37;99.4;1.24;
2022-10-14 04:00:00;0.0;0.0;0.0;15.51;99.4;0.97;
2022-10-14 05:00:00;0.0;0.0;0.0;15.55;99.4;0.83;
2022-10-14 06:00:00;66.0;189.19;44.0;15.47;99.4;0.69;
2022-10-14 07:00:00;165.0;149.76;123.0;16.05;96.0;0.62;
2022-10-14 08:00:00;360.0;532.59;137.0;17.1;92.85;1.31;
2022-10-14 09:00:00;359.0;214.71;247.0;18.62;83.85;1.45;
2022-10-14 10:00:00;251.0;20.61;239.0;20.11;78.45;0.83;
2022-10-14 11:00:00;391.0;167.69;291.0;20.85;75.85;0.48;
2022-10-14 12:00:00;484.0;484.87;211.0;21.47;73.35;0.48;
2022-10-14 13:00:00;269.0;88.74;226.0;21.94;68.6;0.9;
2022-10-14 14:00:00;316.0;551.5;114.0;22.0;68.6;0.62;
2022-10-14 15:00:00;67.0;0.0;67.0;21.73;66.25;1.45;
2022-10-14 16:00:00;13.0;0.0;13.0;20.52;75.75;2.28;
2022-10-14 17:00:00;0.0;0.0;0.0;19.32;81.1;2.07;
2022-10-14 18:00:00;0.0;0.0;0.0;18.62;83.85;1.38;
2022-10-14 19:00:00;0.0;0.0;0.0;17.79;92.85;1.03;
2022-10-14 20:00:00;0.0;0.0;0.0;17.35;96.05;1.59;
2022-10-14 21:00:00;0.0;0.0;0.0;17.15;92.85;1.66;
2022-10-14 22:00:00;0.0;0.0;0.0;17.13;92.85;2.14;
2022-10-14 23:00:00;0.0;0.0;0.0;16.93;96.05;2.41;
2022-10-15 00:00:00;0.0;0.0;0.0;16.89;92.8;2.28;
2022-10-15 01:00:00;0.0;0.0;0.0;16.67;92.8;2.07;
2022-10-15 02:00:00;0.0;0.0;0.0;16.4;96.05;1.79;
2022-10-15 03:00:00;0.0;0.0;0.0;16.48;96.05;1.31;
2022-10-15 04:00:00;0.0;0.0;0.0;16.3;96.05;0.76;
2022-10-15 05:00:00;0.0;0.0;0.0;16.04;99.4;1.59;
2022-10-15 06:00:00;70.0;267.55;40.0;16.02;96.0;1.52;
2022-10-15 07:00:00;142.0;86.94;118.0;17.38;92.85;0.69;
2022-10-15 08:00:00;90.0;0.0;90.0;18.41;86.75;0.76;
2022-10-15 09:00:00;316.0;133.52;247.0;19.21;81.1;0.41;
2022-10-15 10:00:00;431.0;291.08;263.0;20.09;78.45;0.76;
2022-10-15 11:00:00;299.0;50.75;269.0;20.63;73.3;1.31;
2022-10-15 12:00:00;414.0;288.71;253.0;20.85;73.3;1.1;
2022-10-15 13:00:00;282.0;116.89;226.0;21.27;68.5;0.9;
2022-10-15 14:00:00;156.0;30.49;145.0;21.61;68.5;1.52;
2022-10-15 15:00:00;74.0;0.0;74.0;21.29;68.5;1.66;
2022-10-15 16:00:00;11.0;0.0;11.0;20.73;70.8;1.52;
2022-10-15 17:00:00;0.0;0.0;0.0;19.75;73.2;1.45;
2022-10-15 18:00:00;0.0;0.0;0.0;18.78;78.3;1.31;
2022-10-15 19:00:00;0.0;0.0;0.0;17.64;86.7;1.38;
2022-10-15 20:00:00;0.0;0.0;0.0;17.48;89.7;1.38;
2022-10-15 21:00:00;0.0;0.0;0.0;17.27;89.7;1.38;
2022-10-15 22:00:00;0.0;0.0;0.0;16.79;92.8;1.45;
2022-10-15 23:00:00;0.0;0.0;0.0;16.41;92.8;1.38;
2022-10-16 00:00:00;0.0;0.0;0.0;16.01;96.0;1.52;
2022-10-16 01:00:00;0.0;0.0;0.0;15.82;92.75;1.72;
2022-10-16 02:00:00;0.0;0.0;0.0;15.47;96.0;1.86;
2022-10-16 03:00:00;0.0;0.0;0.0;15.17;92.75;2.0;
2022-10-16 04:00:00;0.0;0.0;0.0;14.82;96.0;2.07;
2022-10-16 05:00:00;0.0;0.0;0.0;14.55;92.7;2.0;
2022-10-16 06:00:00;47.0;74.1;39.0;14.37;96.0;1.72;
2022-10-16 07:00:00;82.0;3.68;81.0;16.02;92.75;1.45;
2022-10-16 08:00:00;140.0;4.88;138.0;17.55;86.65;1.52;
2022-10-16 09:00:00;255.0;50.79;229.0;18.8;81.05;1.72;
2022-10-16 10:00:00;373.0;167.81;277.0;20.09;75.75;2.07;
2022-10-16 11:00:00;405.0;211.66;281.0;21.16;70.9;2.28;
2022-10-16 12:00:00;473.0;487.07;204.0;22.01;68.6;2.62;
2022-10-16 13:00:00;237.0;54.89;211.0;22.47;64.1;3.1;
2022-10-16 14:00:00;213.0;143.52;162.0;22.6;61.95;2.97;
2022-10-16 15:00:00;84.0;0.0;84.0;22.47;61.95;2.83;
2022-10-16 16:00:00;10.0;0.0;10.0;21.44;68.5;2.07;
2022-10-16 17:00:00;0.0;0.0;0.0;20.14;70.7;2.07;
2022-10-16 18:00:00;0.0;0.0;0.0;19.15;73.15;1.72;
2022-10-16 19:00:00;0.0;0.0;0.0;18.22;86.75;1.72;
2022-10-16 20:00:00;0.0;0.0;0.0;17.64;89.75;1.86;
2022-10-16 21:00:00;0.0;0.0;0.0;17.53;89.7;1.86;
2022-10-16 22:00:00;0.0;0.0;0.0;17.48;89.7;2.07;
2022-10-16 23:00:00;0.0;0.0;0.0;17.83;83.75;2.07;
2022-10-17 00:00:00;0.0;0.0;0.0;18.09;81.0;2.14;
2022-10-17 01:00:00;0.0;0.0;0.0;17.66;83.75;2.28;
2022-10-17 02:00:00;0.0;0.0;0.0;17.59;83.75;2.21;
2022-10-17 03:00:00;0.0;0.0;0.0;17.77;83.75;2.07;
2022-10-17 04:00:00;0.0;0.0;0.0;17.91;83.75;2.07;
2022-10-17 05:00:00;0.0;0.0;0.0;17.96;83.75;2.14;
2022-10-17 06:00:00;47.0;96.36;37.0;18.01;83.75;2.21;
2022-10-17 07:00:00;46.0;0.0;46.0;18.72;81.05;2.0;
2022-10-17 08:00:00;114.0;0.0;114.0;19.78;75.75;2.41;
2022-10-17 09:00:00;168.0;1.97;167.0;21.17;73.35;2.9;
2022-10-17 10:00:00;541.0;710.75;138.0;22.49;66.35;4.0;
2022-10-17 11:00:00;586.0;819.82;110.0;23.15;62.15;4.76;
2022-10-17 12:00:00;541.0;782.55;113.0;23.67;62.25;5.1;
2022-10-17 13:00:00;444.0;713.28;110.0;23.92;62.25;5.03;
2022-10-17 14:00:00;308.0;602.93;97.0;23.85;64.4;4.48;
2022-10-17 15:00:00;67.0;0.0;67.0;23.45;66.55;3.52;
2022-10-17 16:00:00;7.0;0.0;7.0;22.37;71.05;2.21;
2022-10-17 17:00:00;0.0;0.0;0.0;20.92;78.5;1.59;
2022-10-17 18:00:00;0.0;0.0;0.0;19.71;81.15;0.97;
2022-10-17 19:00:00;0.0;0.0;0.0;20.05;81.15;0.62;
2022-10-17 20:00:00;0.0;0.0;0.0;18.91;86.8;0.97;
2022-10-17 21:00:00;0.0;0.0;0.0;17.24;89.7;1.31;
2022-10-17 22:00:00;0.0;0.0;0.0;16.37;96.05;1.86;
2022-10-17 23:00:00;0.0;0.0;0.0;16.63;92.8;2.07;
2022-10-18 00:00:00;0.0;0.0;0.0;16.73;92.8;2.14;
2022-10-18 01:00:00;0.0;0.0;0.0;16.85;96.05;2.14;
2022-10-18 02:00:00;0.0;0.0;0.0;17.04;96.05;2.21;
2022-10-18 03:00:00;0.0;0.0;0.0;17.36;96.05;2.28;
2022-10-18 04:00:00;0.0;0.0;0.0;17.57;96.05;2.41;
2022-10-18 05:00:00;0.0;0.0;0.0;17.78;92.85;2.41;
2022-10-18 06:00:00;38.0;50.21;33.0;17.95;92.85;2.34;
2022-10-18 07:00:00;188.0;323.4;103.0;18.7;89.8;1.86;
2022-10-18 08:00:00;260.0;189.93;184.0;20.1;83.95;2.62;
2022-10-18 09:00:00;477.0;704.96;123.0;21.11;78.55;2.9;
2022-10-18 10:00:00;390.0;215.33;269.0;21.73;76.0;3.03;
2022-10-18 11:00:00;390.0;192.92;279.0;22.3;73.55;3.1;
2022-10-18 12:00:00;454.0;444.98;213.0;22.32;73.55;3.03;
2022-10-18 13:00:00;305.0;187.95;218.0;22.49;71.05;2.9;
2022-10-18 14:00:00;288.0;504.94;114.0;22.21;68.7;2.76;
2022-10-18 15:00:00;64.0;0.0;64.0;21.71;71.0;2.48;
2022-10-18 16:00:00;5.0;0.0;5.0;20.83;73.3;1.93;
2022-10-18 17:00:00;0.0;0.0;0.0;19.55;78.35;1.86;
2022-10-18 18:00:00;0.0;0.0;0.0;18.49;83.8;1.59;
2022-10-18 19:00:00;0.0;0.0;0.0;17.88;92.85;1.66;
2022-10-18 20:00:00;0.0;0.0;0.0;17.12;92.85;1.52;
2022-10-18 21:00:00;0.0;0.0;0.0;16.54;96.05;1.45;
2022-10-18 22:00:00;0.0;0.0;0.0;16.18;96.05;1.45;
2022-10-18 23:00:00;0.0;0.0;0.0;15.7;96.0;1.45;
2022-10-19 00:00:00;0.0;0.0;0.0;15.69;96.0;1.24;
2022-10-19 01:00:00;0.0;0.0;0.0;15.3;96.0;1.24;
2022-10-19 02:00:00;0.0;0.0;0.0;15.22;96.0;1.17;
2022-10-19 03:00:00;0.0;0.0;0.0;15.14;96.0;1.1;
2022-10-19 04:00:00;0.0;0.0;0.0;15.01;99.4;0.97;
2022-10-19 05:00:00;0.0;0.0;0.0;14.9;99.4;0.9;
2022-10-19 06:00:00;45.0;104.83;35.0;14.57;96.0;0.76;
2022-10-19 07:00:00;192.0;371.52;96.0;16.72;92.8;0.83;
2022-10-19 08:00:00;327.0;467.79;142.0;19.3;81.1;0.97;
2022-10-19 09:00:00;454.0;619.38;146.0;20.77;75.85;0.76;
2022-10-19 10:00:00;538.0;729.1;132.0;21.78;68.6;0.48;
2022-10-19 11:00:00;530.0;634.91;168.0;22.59;66.35;0.48;
2022-10-19 12:00:00;500.0;652.64;150.0;23.12;66.45;0.83;
2022-10-19 13:00:00;380.0;452.42;173.0;23.65;60.15;1.38;
2022-10-19 14:00:00;251.0;330.11;139.0;23.51;62.15;1.52;
2022-10-19 15:00:00;77.0;0.0;77.0;23.1;66.45;1.03;
2022-10-19 16:00:00;0.0;0.0;0.0;22.43;71.05;0.76;
2022-10-19 17:00:00;0.0;0.0;0.0;20.82;84.05;0.76;
2022-10-19 18:00:00;0.0;0.0;0.0;20.06;81.15;0.62;
2022-10-19 19:00:00;0.0;0.0;0.0;17.59;89.75;1.31;
2022-10-19 20:00:00;0.0;0.0;0.0;16.7;92.8;1.59;
2022-10-19 21:00:00;0.0;0.0;0.0;16.48;96.05;1.59;
2022-10-19 22:00:00;0.0;0.0;0.0;16.31;96.05;1.38;
2022-10-19 23:00:00;0.0;0.0;0.0;16.13;96.05;1.17;
2022-10-20 00:00:00;0.0;0.0;0.0;16.47;96.05;0.83;
2022-10-20 01:00:00;0.0;0.0;0.0;16.47;99.4;0.62;
2022-10-20 02:00:00;0.0;0.0;0.0;16.32;96.05;0.48;
2022-10-20 03:00:00;0.0;0.0;0.0;16.07;96.05;0.41;
2022-10-20 04:00:00;0.0;0.0;0.0;15.85;99.4;0.41;
2022-10-20 05:00:00;0.0;0.0;0.0;15.82;99.4;0.21;
2022-10-20 06:00:00;27.0;10.97;26.0;15.86;99.4;0.07;
2022-10-20 07:00:00;98.0;19.69;93.0;16.3;96.05;0.28;
2022-10-20 08:00:00;181.0;40.94;165.0;17.87;96.05;0.69;
2022-10-20 09:00:00;103.0;0.0;103.0;19.08;89.8;1.1;
2022-10-20 10:00:00;141.0;0.0;141.0;20.69;81.2;1.66;
2022-10-20 11:00:00;242.0;19.47;231.0;21.85;76.0;2.07;
2022-10-20 12:00:00;206.0;9.42;201.0;22.87;68.75;2.34;
2022-10-20 13:00:00;338.0;309.58;198.0;23.16;66.55;2.34;
2022-10-20 14:00:00;230.0;254.48;145.0;23.39;64.3;2.41;
2022-10-20 15:00:00;71.0;0.0;71.0;22.86;66.45;1.86;
2022-10-20 16:00:00;0.0;0.0;0.0;21.97;73.45;0.97;
2022-10-20 17:00:00;0.0;0.0;0.0;20.26;86.85;0.62;
2022-10-20 18:00:00;0.0;0.0;0.0;19.6;81.15;0.34;
2022-10-20 19:00:00;0.0;0.0;0.0;18.24;89.75;0.55;
2022-10-20 20:00:00;0.0;0.0;0.0;17.12;92.85;1.03;
2022-10-20 21:00:00;0.0;0.0;0.0;16.46;96.05;1.52;
2022-10-20 22:00:00;0.0;0.0;0.0;16.14;96.05;1.52;
2022-10-20 23:00:00;0.0;0.0;0.0;15.9;99.4;1.66;
2022-10-21 00:00:00;0.0;0.0;0.0;16.34;96.05;1.79;
2022-10-21 01:00:00;0.0;0.0;0.0;16.37;96.05;2.07;
2022-10-21 02:00:00;0.0;0.0;0.0;16.44;96.05;2.07;
2022-10-21 03:00:00;0.0;0.0;0.0;16.18;92.8;2.07;
2022-10-21 04:00:00;0.0;0.0;0.0;16.13;92.8;2.14;
2022-10-21 05:00:00;0.0;0.0;0.0;16.05;96.0;2.28;
2022-10-21 06:00:00;39.0;91.99;31.0;15.84;96.0;2.28;
2022-10-21 07:00:00;164.0;244.48;103.0;16.38;92.8;1.45;
2022-10-21 08:00:00;322.0;489.49;133.0;18.36;86.75;1.45;
2022-10-21 09:00:00;374.0;336.42;210.0;19.99;78.45;1.52;
2022-10-21 10:00:00;327.0;117.06;263.0;21.34;73.35;1.86;
2022-10-21 11:00:00;422.0;300.13;254.0;22.38;68.7;2.83;
2022-10-21 12:00:00;352.0;190.21;252.0;23.05;64.2;3.03;
2022-10-21 13:00:00;123.0;0.0;123.0;22.92;64.2;2.69;
2022-10-21 14:00:00;163.0;63.87;142.0;22.9;64.2;2.48;
2022-10-21 15:00:00;60.0;0.0;60.0;22.29;66.35;1.79;
2022-10-21 16:00:00;0.0;0.0;0.0;21.46;73.35;0.69;
2022-10-21 17:00:00;0.0;0.0;0.0;19.64;81.15;1.1;
2022-10-21 18:00:00;0.0;0.0;0.0;18.61;83.85;1.79;
2022-10-21 19:00:00;0.0;0.0;0.0;18.29;86.75;2.07;
2022-10-21 20:00:00;0.0;0.0;0.0;18.08;86.75;1.93;
2022-10-21 21:00:00;0.0;0.0;0.0;18.03;89.75;2.07;
2022-10-21 22:00:00;0.0;0.0;0.0;18.07;89.75;2.41;
2022-10-21 23:00:00;0.0;0.0;0.0;17.81;86.7;2.69;
2022-10-22 00:00:00;0.0;0.0;0.0;17.62;86.7;3.59;
2022-10-22 01:00:00;0.0;0.0;0.0;16.96;89.65;4.07;
2022-10-22 02:00:00;0.0;0.0;0.0;16.56;89.65;3.86;
2022-10-22 03:00:00;0.0;0.0;0.0;16.08;83.6;3.17;
2022-10-22 04:00:00;0.0;0.0;0.0;14.86;77.75;3.17;
2022-10-22 05:00:00;0.0;0.0;0.0;13.69;67.15;3.52;
2022-10-22 06:00:00;51.0;277.95;28.0;12.88;55.65;3.79;
2022-10-22 07:00:00;214.0;587.64;70.0;12.91;83.25;0.69;
2022-10-22 08:00:00;367.0;713.1;95.0;15.37;62.75;0.62;
2022-10-22 09:00:00;487.0;787.4;107.0;16.35;50.6;0.28;
2022-10-22 10:00:00;556.0;812.32;116.0;16.5;40.5;1.17;
2022-10-22 11:00:00;566.0;798.79;123.0;16.96;31.15;2.34;
2022-10-22 12:00:00;523.0;768.49;123.0;17.15;25.75;2.69;
2022-10-22 13:00:00;428.0;710.85;114.0;17.5;23.8;3.52;
2022-10-22 14:00:00;237.0;290.46;143.0;17.45;23.8;4.14;
2022-10-22 15:00:00;73.0;0.0;73.0;16.65;28.8;3.79;
2022-10-22 16:00:00;0.0;0.0;0.0;15.16;31.95;4.21;
2022-10-22 17:00:00;0.0;0.0;0.0;13.87;35.45;4.41;
2022-10-22 18:00:00;0.0;0.0;0.0;12.85;36.55;4.14;
2022-10-22 19:00:00;0.0;0.0;0.0;12.54;38.0;3.72;
2022-10-22 20:00:00;0.0;0.0;0.0;12.03;37.9;3.52;
2022-10-22 21:00:00;0.0;0.0;0.0;11.54;37.75;3.72;
2022-10-22 22:00:00;0.0;0.0;0.0;11.25;37.6;4.07;
2022-10-22 23:00:00;0.0;0.0;0.0;11.0;38.95;4.07;
2022-10-23 00:00:00;0.0;0.0;0.0;10.62;38.95;3.93;
2022-10-23 01:00:00;0.0;0.0;0.0;10.52;40.55;4.14;
2022-10-23 02:00:00;0.0;0.0;0.0;10.29;43.7;4.21;
2022-10-23 03:00:00;0.0;0.0;0.0;9.91;47.05;4.07;
2022-10-23 04:00:00;0.0;0.0;0.0;9.49;47.05;3.86;
2022-10-23 05:00:00;0.0;0.0;0.0;9.25;48.95;3.66;
2022-10-23 06:00:00;28.0;38.21;25.0;8.97;52.7;3.52;
2022-10-23 07:00:00;120.0;70.66;103.0;9.68;59.25;3.1;
2022-10-23 08:00:00;111.0;0.0;111.0;11.29;57.4;3.45;
2022-10-23 09:00:00;120.0;0.0;120.0;12.88;51.65;3.45;
2022-10-23 10:00:00;135.0;0.0;135.0;14.08;48.25;3.24;
2022-10-23 11:00:00;280.0;47.32;254.0;14.35;53.95;1.86;
2022-10-23 12:00:00;184.0;3.88;182.0;15.23;50.35;1.66;
2022-10-23 13:00:00;186.0;20.62;177.0;16.36;45.3;1.79;
2022-10-23 14:00:00;133.0;21.98;126.0;16.99;42.15;2.21;
2022-10-23 15:00:00;64.0;0.0;64.0;16.7;45.45;1.31;
2022-10-23 16:00:00;0.0;0.0;0.0;15.51;54.25;1.17;
2022-10-23 17:00:00;0.0;0.0;0.0;14.19;56.0;2.07;
2022-10-23 18:00:00;0.0;0.0;0.0;13.31;62.3;1.72;
2022-10-23 19:00:00;0.0;0.0;0.0;14.22;72.3;0.69;
2022-10-23 20:00:00;0.0;0.0;0.0;13.63;74.85;0.69;
2022-10-23 21:00:00;0.0;0.0;0.0;13.17;77.5;0.28;
2022-10-23 22:00:00;0.0;0.0;0.0;12.59;80.3;0.48;
2022-10-23 23:00:00;0.0;0.0;0.0;11.95;83.1;0.55;
2022-10-24 00:00:00;0.0;0.0;0.0;10.71;86.05;1.03;
2022-10-24 01:00:00;0.0;0.0;0.0;10.26;86.0;1.59;
2022-10-24 02:00:00;0.0;0.0;0.0;9.82;82.9;1.86;
2022-10-24 03:00:00;0.0;0.0;0.0;9.19;77.0;1.79;
2022-10-24 04:00:00;0.0;0.0;0.0;8.47;79.75;1.66;
2022-10-24 05:00:00;0.0;0.0;0.0;7.9;79.7;1.66;
2022-10-24 06:00:00;34.0;107.68;26.0;7.32;82.65;1.45;
2022-10-24 07:00:00;198.0;529.39;73.0;10.75;71.7;0.69;
2022-10-24 08:00:00;344.0;653.13;101.0;13.15;62.3;0.34;
2022-10-24 09:00:00;460.0;725.42;117.0;15.36;56.25;0.14;
2022-10-24 10:00:00;526.0;750.59;127.0;16.96;54.6;0.48;
2022-10-24 11:00:00;539.0;745.9;133.0;18.25;51.15;0.83;
2022-10-24 12:00:00;496.0;713.54;132.0;18.92;49.45;1.03;
2022-10-24 13:00:00;406.0;665.29;119.0;19.3;47.8;1.31;
2022-10-24 14:00:00;279.0;596.59;92.0;19.29;47.8;1.59;
2022-10-24 15:00:00;56.0;0.0;56.0;18.83;51.25;1.66;
2022-10-24 16:00:00;0.0;0.0;0.0;17.21;60.95;2.21;
2022-10-24 17:00:00;0.0;0.0;0.0;15.3;69.9;2.41;
2022-10-24 18:00:00;0.0;0.0;0.0;14.11;77.65;2.41;
2022-10-24 19:00:00;0.0;0.0;0.0;14.12;83.4;3.17;
2022-10-24 20:00:00;0.0;0.0;0.0;13.69;83.35;2.9;
2022-10-24 21:00:00;0.0;0.0;0.0;13.29;83.25;2.76;
2022-10-24 22:00:00;0.0;0.0;0.0;12.74;83.25;2.48;
2022-10-24 23:00:00;0.0;0.0;0.0;12.63;80.3;2.14;
2022-10-25 00:00:00;0.0;0.0;0.0;12.38;83.15;1.72;
2022-10-25 01:00:00;0.0;0.0;0.0;11.54;86.15;1.52;
2022-10-25 02:00:00;0.0;0.0;0.0;11.83;86.15;1.52;
2022-10-25 03:00:00;0.0;0.0;0.0;12.13;83.15;1.66;
2022-10-25 04:00:00;0.0;0.0;0.0;12.13;80.2;1.93;
2022-10-25 05:00:00;0.0;0.0;0.0;12.26;80.2;2.07;
2022-10-25 06:00:00;32.0;114.18;24.0;12.6;77.45;2.21;
2022-10-25 07:00:00;120.0;90.65;99.0;13.56;72.2;2.21;
2022-10-25 08:00:00;218.0;127.94;171.0;14.18;67.25;2.83;
2022-10-25 09:00:00;458.0;743.66;110.0;14.32;67.25;3.1;
2022-10-25 10:00:00;500.0;660.89;152.0;15.24;60.5;3.38;
2022-10-25 11:00:00;532.0;747.4;129.0;15.92;58.45;3.31;
2022-10-25 12:00:00;492.0;728.71;124.0;16.32;56.5;3.03;
2022-10-25 13:00:00;397.0;654.48;118.0;16.35;54.45;2.76;
2022-10-25 14:00:00;271.0;583.56;91.0;16.33;54.45;2.48;
2022-10-25 15:00:00;54.0;0.0;54.0;15.82;56.35;2.28;
2022-10-25 16:00:00;0.0;0.0;0.0;14.79;60.4;1.93;
2022-10-25 17:00:00;0.0;0.0;0.0;13.43;67.05;2.07;
2022-10-25 18:00:00;0.0;0.0;0.0;12.39;71.95;2.28;
2022-10-25 19:00:00;0.0;0.0;0.0;12.56;72.05;2.28;
2022-10-25 20:00:00;0.0;0.0;0.0;12.11;71.95;2.69;
2022-10-25 21:00:00;0.0;0.0;0.0;11.99;74.55;2.83;
2022-10-25 22:00:00;0.0;0.0;0.0;12.08;71.95;2.76;
2022-10-25 23:00:00;0.0;0.0;0.0;11.74;74.55;2.76;
2022-10-26 00:00:00;0.0;0.0;0.0;11.24;77.2;2.62;
2022-10-26 01:00:00;0.0;0.0;0.0;10.68;77.15;2.55;
2022-10-26 02:00:00;0.0;0.0;0.0;10.42;79.95;2.55;
2022-10-26 03:00:00;0.0;0.0;0.0;10.03;79.95;2.34;
2022-10-26 04:00:00;0.0;0.0;0.0;9.53;82.9;2.34;
2022-10-26 05:00:00;0.0;0.0;0.0;9.13;82.9;2.34;
2022-10-26 06:00:00;33.0;151.89;23.0;8.88;85.95;2.41;
2022-10-26 07:00:00;186.0;501.78;72.0;10.83;80.05;2.41;
2022-10-26 08:00:00;328.0;620.37;103.0;13.25;69.55;3.17;
2022-10-26 09:00:00;441.0;691.01;121.0;14.56;60.4;4.0;
2022-10-26 10:00:00;506.0;713.24;134.0;15.41;56.25;4.21;
2022-10-26 11:00:00;521.0;720.81;136.0;16.0;54.35;4.21;
2022-10-26 12:00:00;481.0;702.13;130.0;16.19;52.5;4.0;
2022-10-26 13:00:00;394.0;664.69;114.0;16.16;52.5;3.72;
2022-10-26 14:00:00;264.0;570.0;91.0;16.04;54.35;3.59;
2022-10-26 15:00:00;54.0;0.0;54.0;15.55;56.25;3.17;
2022-10-26 16:00:00;0.0;0.0;0.0;14.37;60.3;2.34;
2022-10-26 17:00:00;0.0;0.0;0.0;13.01;66.95;2.41;
2022-10-26 18:00:00;0.0;0.0;0.0;12.23;69.35;2.48;
2022-10-26 19:00:00;0.0;0.0;0.0;11.9;74.55;2.76;
2022-10-26 20:00:00;0.0;0.0;0.0;11.51;77.2;2.69;
2022-10-26 21:00:00;0.0;0.0;0.0;11.05;77.2;2.62;
2022-10-26 22:00:00;0.0;0.0;0.0;10.62;80.05;2.55;
2022-10-26 23:00:00;0.0;0.0;0.0;10.47;79.95;2.48;
2022-10-27 00:00:00;0.0;0.0;0.0;9.95;82.9;2.55;
2022-10-27 01:00:00;0.0;0.0;0.0;9.58;82.9;2.62;
2022-10-27 02:00:00;0.0;0.0;0.0;9.46;79.9;2.62;
2022-10-27 03:00:00;0.0;0.0;0.0;9.24;79.9;2.69;
2022-10-27 04:00:00;0.0;0.0;0.0;9.12;79.9;2.76;
2022-10-27 05:00:00;0.0;0.0;0.0;9.21;79.9;2.83;
2022-10-27 06:00:00;31.0;162.32;21.0;9.09;79.9;2.9;
2022-10-27 07:00:00;183.0;507.35;70.0;10.29;82.95;2.69;
2022-10-27 08:00:00;324.0;608.92;106.0;12.09;69.35;3.79;
2022-10-27 09:00:00;437.0;676.5;127.0;13.24;62.3;4.48;
2022-10-27 10:00:00;504.0;710.43;137.0;13.91;58.0;4.41;
2022-10-27 11:00:00;519.0;716.34;140.0;14.51;56.0;4.21;
2022-10-27 12:00:00;482.0;713.34;129.0;15.0;52.15;4.07;
2022-10-27 13:00:00;385.0;627.02;124.0;15.11;50.35;4.07;
2022-10-27 14:00:00;260.0;559.22;93.0;14.97;52.15;4.0;
2022-10-27 15:00:00;52.0;0.0;52.0;14.51;53.95;3.38;
2022-10-27 16:00:00;0.0;0.0;0.0;13.57;58.0;2.76;
2022-10-27 17:00:00;0.0;0.0;0.0;12.2;64.45;2.62;
2022-10-27 18:00:00;0.0;0.0;0.0;11.57;66.75;2.69;
2022-10-27 19:00:00;0.0;0.0;0.0;11.02;66.65;3.1;
2022-10-27 20:00:00;0.0;0.0;0.0;10.71;69.1;3.17;
2022-10-27 21:00:00;0.0;0.0;0.0;10.36;71.6;3.1;
2022-10-27 22:00:00;0.0;0.0;0.0;10.05;71.6;2.97;
2022-10-27 23:00:00;0.0;0.0;0.0;9.78;74.2;2.76;
2022-10-28 00:00:00;0.0;0.0;0.0;9.3;74.2;2.62;
2022-10-28 01:00:00;0.0;0.0;0.0;9.06;74.2;2.48;
2022-10-28 02:00:00;0.0;0.0;0.0;8.86;76.95;2.48;
2022-10-28 03:00:00;0.0;0.0;0.0;8.38;76.85;2.55;
2022-10-28 04:00:00;0.0;0.0;0.0;8.73;74.15;2.48;
2022-10-28 05:00:00;0.0;0.0;0.0;8.22;76.85;2.55;
2022-10-28 06:00:00;28.0;156.84;19.0;7.98;76.85;2.48;
2022-10-28 07:00:00;177.0;490.23;70.0;9.25;77.0;2.62;
2022-10-28 08:00:00;317.0;591.5;108.0;10.73;71.7;3.1;
2022-10-28 09:00:00;428.0;659.46;129.0;12.13;64.45;3.72;
2022-10-28 10:00:00;489.0;664.54;149.0;12.9;62.2;3.52;
2022-10-28 11:00:00;500.0;658.32;155.0;13.54;55.9;3.03;
2022-10-28 12:00:00;475.0;708.39;128.0;13.81;55.9;2.69;
2022-10-28 13:00:00;383.0;644.28;118.0;13.89;53.85;2.55;
2022-10-28 14:00:00;256.0;564.97;90.0;13.81;53.85;2.34;
2022-10-28 15:00:00;50.0;0.0;50.0;13.41;55.75;1.93;
2022-10-28 16:00:00;0.0;0.0;0.0;12.43;59.85;1.52;
2022-10-28 17:00:00;0.0;0.0;0.0;10.98;69.1;1.72;
2022-10-28 18:00:00;0.0;0.0;0.0;9.62;74.2;1.79;
2022-10-28 19:00:00;0.0;0.0;0.0;8.35;76.85;1.93;
2022-10-28 20:00:00;0.0;0.0;0.0;7.67;76.8;2.0;
2022-10-28 21:00:00;0.0;0.0;0.0;7.21;79.65;2.07;
2022-10-28 22:00:00;0.0;0.0;0.0;6.95;82.6;2.07;
2022-10-28 23:00:00;0.0;0.0;0.0;7.11;79.65;2.07;
2022-10-29 00:00:00;0.0;0.0;0.0;7.0;79.65;2.07;
2022-10-29 01:00:00;0.0;0.0;0.0;6.53;82.6;2.14;
2022-10-29 02:00:00;0.0;0.0;0.0;6.28;85.7;2.0;
2022-10-29 03:00:00;0.0;0.0;0.0;5.92;88.9;1.93;
2022-10-29 04:00:00;0.0;0.0;0.0;5.77;88.9;1.79;
2022-10-29 05:00:00;0.0;0.0;0.0;5.34;92.25;1.79;
2022-10-29 06:00:00;24.0;131.68;17.0;4.82;92.25;1.72;
2022-10-29 07:00:00;172.0;477.06;70.0;6.67;89.0;1.59;
2022-10-29 08:00:00;314.0;599.41;105.0;10.45;74.3;1.72;
2022-10-29 09:00:00;426.0;671.01;125.0;12.24;64.45;1.93;
2022-10-29 10:00:00;495.0;718.38;131.0;13.38;57.9;1.66;
2022-10-29 11:00:00;510.0;726.28;133.0;14.02;55.9;1.17;
2022-10-29 12:00:00;476.0;732.13;121.0;14.49;53.95;0.9;
2022-10-29 13:00:00;381.0;656.94;114.0;14.7;52.15;0.83;
2022-10-29 14:00:00;253.0;570.78;88.0;14.67;52.15;0.76;
2022-10-29 15:00:00;50.0;0.0;50.0;14.33;52.0;0.83;
2022-10-29 16:00:00;0.0;0.0;0.0;13.19;57.9;1.52;
2022-10-29 17:00:00;0.0;0.0;0.0;11.41;66.65;1.93;
2022-10-29 18:00:00;0.0;0.0;0.0;10.07;71.6;2.0;
2022-10-29 19:00:00;0.0;0.0;0.0;8.88;76.95;2.14;
2022-10-29 20:00:00;0.0;0.0;0.0;8.03;76.85;2.07;
2022-10-29 21:00:00;0.0;0.0;0.0;7.34;82.65;1.93;
2022-10-29 22:00:00;0.0;0.0;0.0;6.78;85.75;1.72;
2022-10-29 23:00:00;0.0;0.0;0.0;6.14;85.7;1.59;
2022-10-30 00:00:00;0.0;0.0;0.0;5.9;88.9;1.45;
2022-10-30 01:00:00;0.0;0.0;0.0;5.86;88.9;1.17;
2022-10-30 02:00:00;0.0;0.0;0.0;5.98;85.7;0.97;
2022-10-30 03:00:00;0.0;0.0;0.0;5.59;85.65;0.97;
2022-10-30 04:00:00;0.0;0.0;0.0;5.3;88.85;0.97;
2022-10-30 05:00:00;0.0;0.0;0.0;5.16;88.85;0.97;
2022-10-30 06:00:00;21.0;122.59;15.0;4.63;88.85;1.17;
2022-10-30 07:00:00;163.0;425.11;74.0;6.64;89.0;0.83;
2022-10-30 08:00:00;308.0;587.16;106.0;10.21;79.95;0.83;
2022-10-30 09:00:00;419.0;658.0;127.0;12.64;64.55;1.1;
2022-10-30 10:00:00;488.0;705.47;134.0;14.12;58.1;1.38;
2022-10-30 11:00:00;508.0;739.1;128.0;15.15;56.25;1.24;
2022-10-30 12:00:00;471.0;731.3;120.0;15.87;56.35;0.97;
2022-10-30 13:00:00;374.0;642.42;116.0;16.24;54.45;0.83;
2022-10-30 14:00:00;247.0;559.07;88.0;16.3;54.45;0.76;
2022-10-30 15:00:00;49.0;0.0;49.0;15.9;56.35;0.69;
2022-10-30 16:00:00;0.0;0.0;0.0;14.54;67.35;0.9;
2022-10-30 17:00:00;0.0;0.0;0.0;12.68;72.05;1.03;
2022-10-30 18:00:00;0.0;0.0;0.0;11.51;77.2;1.1;
2022-10-30 19:00:00;0.0;0.0;0.0;11.48;80.1;0.69;
2022-10-30 20:00:00;0.0;0.0;0.0;9.22;85.95;1.24;
2022-10-30 21:00:00;0.0;0.0;0.0;7.85;92.4;1.38;
2022-10-30 22:00:00;0.0;0.0;0.0;7.66;92.4;1.24;
2022-10-30 23:00:00;0.0;0.0;0.0;8.11;92.4;0.9;
2022-10-31 00:00:00;0.0;0.0;0.0;7.92;95.8;0.76;
2022-10-31 01:00:00;0.0;0.0;0.0;7.43;95.8;0.83;
2022-10-31 02:00:00;0.0;0.0;0.0;6.51;95.8;0.97;
2022-10-31 03:00:00;0.0;0.0;0.0;5.68;95.75;1.1;
2022-10-31 04:00:00;0.0;0.0;0.0;5.56;95.75;1.03;
2022-10-31 05:00:00;0.0;0.0;0.0;5.35;99.4;1.03;
2022-10-31 06:00:00;19.0;111.77;14.0;4.93;99.4;1.17;
2022-10-31 07:00:00;160.0;444.08;69.0;7.17;92.35;0.69;
2022-10-31 08:00:00;307.0;618.75;97.0;10.18;89.2;0.69;
2022-10-31 09:00:00;412.0;658.33;123.0;13.0;80.3;0.9;
2022-10-31 10:00:00;479.0;692.27;135.0;14.82;72.4;0.55;
2022-10-31 11:00:00;496.0;712.83;133.0;15.95;65.15;0.34;
2022-10-31 12:00:00;459.0;707.21;123.0;16.61;58.7;0.62;
2022-10-31 13:00:00;365.0;629.97;115.0;16.95;58.7;0.55;
2022-10-31 14:00:00;240.0;543.25;88.0;16.94;58.7;0.34;
2022-10-31 15:00:00;46.0;0.0;46.0;16.55;60.75;0.07;
2022-10-31 16:00:00;0.0;0.0;0.0;12.61;75.99;0.77;
2022-10-31 17:00:00;0.0;0.0;0.0;12.44;77.87;0.79;
2022-10-31 18:00:00;0.0;0.0;0.0;12.27;79.75;0.81;
2022-10-31 19:00:00;0.0;0.0;0.0;12.1;81.62;0.83;
2022-10-31 20:00:00;0.0;0.0;0.0;11.93;83.5;0.85;
2022-10-31 21:00:00;0.0;0.0;0.0;11.75;85.38;0.87;
2022-10-31 22:00:00;0.0;0.0;0.0;11.58;87.26;0.89;
2022-10-31 23:00:00;0.0;0.0;0.0;11.41;89.13;0.91;
2022-11-01 00:00:00;0.0;0.0;0.0;11.24;91.01;0.93;
2022-11-01 01:00:00;0.0;0.0;0.0;11.07;92.89;0.95;
2022-11-01 02:00:00;0.0;0.0;0.0;10.9;94.77;0.97;
2022-11-01 03:00:00;0.0;0.0;0.0;10.73;96.64;0.99;
2022-11-01 04:00:00;0.0;0.0;0.0;10.56;98.52;1.0;
2022-11-01 05:00:00;0.0;0.0;0.0;10.38;100.0;1.02;
2022-11-01 06:00:00;11.0;24.67;10.0;10.21;100.0;1.04;
2022-11-01 07:00:00;133.0;264.35;80.0;10.04;100.0;1.06;
2022-11-01 08:00:00;207.0;161.3;153.0;13.71;86.35;0.97;
2022-11-01 09:00:00;365.0;469.8;161.0;15.65;77.85;1.03;
2022-11-01 10:00:00;388.0;357.67;212.0;17.09;70.3;1.31;
2022-11-01 11:00:00;220.0;21.81;209.0;18.96;65.65;1.24;
2022-11-01 12:00:00;243.0;59.54;215.0;20.1;59.35;1.86;
2022-11-01 13:00:00;219.0;94.35;182.0;20.71;55.45;2.62;
2022-11-01 14:00:00;97.0;10.9;94.0;20.68;53.5;2.9;
2022-11-01 15:00:00;47.0;0.0;47.0;20.21;57.3;2.28;
2022-11-01 16:00:00;0.0;0.0;0.0;18.84;63.4;2.28;
2022-11-01 17:00:00;0.0;0.0;0.0;17.89;67.85;2.41;
2022-11-01 18:00:00;0.0;0.0;0.0;17.34;67.85;2.83;
2022-11-01 19:00:00;0.0;0.0;0.0;17.08;70.3;2.62;
2022-11-01 20:00:00;0.0;0.0;0.0;17.0;70.3;2.76;
2022-11-01 21:00:00;0.0;0.0;0.0;16.48;72.7;2.9;
2022-11-01 22:00:00;0.0;0.0;0.0;16.23;75.25;2.83;
2022-11-01 23:00:00;0.0;0.0;0.0;15.59;77.85;2.76;
2022-11-02 00:00:00;0.0;0.0;0.0;14.98;80.6;2.62;
2022-11-02 01:00:00;0.0;0.0;0.0;14.28;86.4;2.48;
2022-11-02 02:00:00;0.0;0.0;0.0;13.72;89.45;2.28;
2022-11-02 03:00:00;0.0;0.0;0.0;13.14;92.65;2.07;
2022-11-02 04:00:00;0.0;0.0;0.0;12.53;95.95;1.86;
2022-11-02 05:00:00;0.0;0.0;0.0;11.87;99.4;1.66;
2022-11-02 06:00:00;6.0;0.0;6.0;11.21;99.35;1.45;
2022-11-02 07:00:00;89.0;56.1;78.0;12.87;95.95;0.28;
2022-11-02 08:00:00;123.0;12.11;119.0;14.94;80.6;0.34;
2022-11-02 09:00:00;249.0;109.43;202.0;17.03;72.8;0.28;
2022-11-02 10:00:00;262.0;71.83;227.0;18.41;70.35;0.28;
2022-11-02 11:00:00;211.0;18.02;202.0;19.47;63.6;0.28;
2022-11-02 12:00:00;250.0;75.18;215.0;19.95;63.6;0.21;
2022-11-02 13:00:00;178.0;36.13;164.0;20.02;61.5;0.28;
2022-11-02 14:00:00;53.0;0.0;53.0;19.85;61.4;0.34;
2022-11-02 15:00:00;33.0;0.0;33.0;19.2;65.75;0.62;
2022-11-02 16:00:00;0.0;0.0;0.0;18.2;72.9;1.03;
2022-11-02 17:00:00;0.0;0.0;0.0;17.2;78.1;1.31;
2022-11-02 18:00:00;0.0;0.0;0.0;16.07;83.6;1.38;
2022-11-02 19:00:00;0.0;0.0;0.0;14.78;92.7;1.31;
2022-11-02 20:00:00;0.0;0.0;0.0;13.91;92.7;1.17;
2022-11-02 21:00:00;0.0;0.0;0.0;13.73;95.95;1.03;
2022-11-02 22:00:00;0.0;0.0;0.0;13.69;95.95;1.03;
2022-11-02 23:00:00;0.0;0.0;0.0;13.71;95.95;1.1;
2022-11-03 00:00:00;0.0;0.0;0.0;13.57;95.95;1.03;
2022-11-03 01:00:00;0.0;0.0;0.0;13.73;95.95;0.83;
2022-11-03 02:00:00;0.0;0.0;0.0;13.64;95.95;0.97;
2022-11-03 03:00:00;0.0;0.0;0.0;13.1;95.95;1.1;
2022-11-03 04:00:00;0.0;0.0;0.0;12.93;95.95;0.97;
2022-11-03 05:00:00;0.0;0.0;0.0;13.06;95.95;0.9;
2022-11-03 06:00:00;2.0;0.0;2.0;13.46;95.95;0.76;
2022-11-03 07:00:00;119.0;208.69;79.0;13.59;95.95;0.62;
2022-11-03 08:00:00;114.0;6.14;112.0;14.79;92.7;0.69;
2022-11-03 09:00:00;90.0;0.0;90.0;15.77;86.5;0.9;
2022-11-03 10:00:00;227.0;35.23;210.0;16.46;78.0;0.76;
2022-11-03 11:00:00;394.0;373.89;209.0;17.39;75.4;0.69;
2022-11-03 12:00:00;153.0;2.17;152.0;17.42;72.8;0.21;
2022-11-03 13:00:00;141.0;7.83;138.0;17.68;72.8;0.41;
2022-11-03 14:00:00;91.0;0.0;91.0;17.9;72.8;1.1;
2022-11-03 15:00:00;45.0;0.0;45.0;17.67;72.8;1.45;
2022-11-03 16:00:00;0.0;0.0;0.0;16.95;75.4;1.59;
2022-11-03 17:00:00;0.0;0.0;0.0;16.29;80.75;1.93;
2022-11-03 18:00:00;0.0;0.0;0.0;15.79;86.5;2.07;
2022-11-03 19:00:00;0.0;0.0;0.0;15.05;89.55;1.45;
2022-11-03 20:00:00;0.0;0.0;0.0;14.95;89.55;1.86;
2022-11-03 21:00:00;0.0;0.0;0.0;15.06;92.75;2.34;
2022-11-03 22:00:00;0.0;0.0;0.0;15.43;89.6;2.55;
2022-11-03 23:00:00;0.0;0.0;0.0;15.31;92.75;2.62;
2022-11-04 00:00:00;0.0;0.0;0.0;15.36;92.75;2.97;
2022-11-04 01:00:00;0.0;0.0;0.0;15.51;86.5;3.31;
2022-11-04 02:00:00;0.0;0.0;0.0;15.69;89.6;4.14;
2022-11-04 03:00:00;0.0;0.0;0.0;15.9;89.6;4.97;
2022-11-04 04:00:00;0.0;0.0;0.0;16.0;86.55;5.38;
2022-11-04 05:00:00;0.0;0.0;0.0;16.16;89.65;4.76;
2022-11-04 06:00:00;7.0;0.0;7.0;15.92;89.6;3.86;
2022-11-04 07:00:00;74.0;26.7;69.0;15.36;92.75;2.83;
2022-11-04 08:00:00;37.0;0.0;37.0;16.46;86.6;3.79;
2022-11-04 09:00:00;413.0;776.0;87.0;16.15;77.95;5.72;
2022-11-04 10:00:00;484.0;828.87;88.0;15.73;75.15;6.21;
2022-11-04 11:00:00;496.0;826.4;91.0;16.35;62.95;7.1;
2022-11-04 12:00:00;460.0;822.0;85.0;17.17;54.7;6.9;
2022-11-04 13:00:00;366.0;753.05;81.0;17.69;49.05;5.93;
2022-11-04 14:00:00;72.0;0.0;72.0;17.73;45.55;4.48;
2022-11-04 15:00:00;40.0;0.0;40.0;17.12;47.3;2.34;
2022-11-04 16:00:00;0.0;0.0;0.0;15.73;58.45;1.17;
2022-11-04 17:00:00;0.0;0.0;0.0;14.17;62.55;1.03;
2022-11-04 18:00:00;0.0;0.0;0.0;12.18;69.35;2.48;
2022-11-04 19:00:00;0.0;0.0;0.0;12.34;71.95;2.97;
2022-11-04 20:00:00;0.0;0.0;0.0;12.32;74.6;3.17;
2022-11-04 21:00:00;0.0;0.0;0.0;12.18;77.35;2.97;
2022-11-04 22:00:00;0.0;0.0;0.0;11.82;77.3;2.76;
2022-11-04 23:00:00;0.0;0.0;0.0;11.35;74.45;2.69;
2022-11-05 00:00:00;0.0;0.0;0.0;10.86;71.7;2.76;
2022-11-05 01:00:00;0.0;0.0;0.0;10.36;71.6;2.62;
2022-11-05 02:00:00;0.0;0.0;0.0;10.04;66.45;2.34;
2022-11-05 03:00:00;0.0;0.0;0.0;9.43;66.35;2.14;
2022-11-05 04:00:00;0.0;0.0;0.0;8.88;68.8;2.21;
2022-11-05 05:00:00;0.0;0.0;0.0;9.07;68.8;2.34;
2022-11-05 06:00:00;5.0;0.0;5.0;9.05;66.25;2.62;
2022-11-05 07:00:00;154.0;568.54;50.0;10.44;61.75;2.55;
2022-11-05 08:00:00;304.0;736.2;71.0;12.31;59.85;2.28;
2022-11-05 09:00:00;421.0;820.79;80.0;14.44;50.25;2.41;
2022-11-05 10:00:00;480.0;811.72;96.0;15.9;45.15;2.48;
2022-11-05 11:00:00;492.0;807.57;100.0;17.16;37.8;2.48;
2022-11-05 12:00:00;456.0;808.18;91.0;17.69;36.4;2.14;
2022-11-05 13:00:00;361.0;729.87;88.0;17.8;35.05;1.38;
2022-11-05 14:00:00;72.0;0.0;72.0;17.69;35.05;0.76;
2022-11-05 15:00:00;38.0;0.0;38.0;17.12;37.8;0.28;
2022-11-05 16:00:00;0.0;0.0;0.0;16.16;40.5;0.34;
2022-11-05 17:00:00;0.0;0.0;0.0;15.16;43.4;0.34;
2022-11-05 18:00:00;0.0;0.0;0.0;14.26;46.5;0.07;
2022-11-05 19:00:00;0.0;0.0;0.0;14.05;52.0;0.62;
2022-11-05 20:00:00;0.0;0.0;0.0;12.04;62.1;1.24;
2022-11-05 21:00:00;0.0;0.0;0.0;11.12;66.65;1.24;
2022-11-05 22:00:00;0.0;0.0;0.0;10.66;69.1;1.24;
2022-11-05 23:00:00;0.0;0.0;0.0;10.96;64.25;1.1;
2022-11-06 00:00:00;0.0;0.0;0.0;9.63;71.5;1.24;
2022-11-06 01:00:00;0.0;0.0;0.0;8.45;74.05;1.45;
2022-11-06 02:00:00;0.0;0.0;0.0;7.35;79.65;1.59;
2022-11-06 03:00:00;0.0;0.0;0.0;6.61;82.6;1.66;
2022-11-06 04:00:00;0.0;0.0;0.0;6.36;82.6;1.66;
2022-11-06 05:00:00;0.0;0.0;0.0;6.19;85.7;1.59;
2022-11-06 06:00:00;0.0;0.0;0.0;6.04;82.55;1.52;
2022-11-06 07:00:00;143.0;498.37;54.0;7.39;85.8;2.0;
2022-11-06 08:00:00;286.0;650.68;83.0;11.83;71.85;1.86;
2022-11-06 09:00:00;398.0;730.21;98.0;14.47;58.25;2.07;
2022-11-06 10:00:00;465.0;766.4;106.0;15.81;52.4;2.07;
2022-11-06 11:00:00;471.0;732.12;119.0;16.59;47.15;1.66;
2022-11-06 12:00:00;440.0;753.71;103.0;16.96;43.9;1.1;
2022-11-06 13:00:00;335.0;603.2;112.0;17.07;42.3;0.76;
2022-11-06 14:00:00;104.0;0.0;104.0;16.86;43.8;0.69;
2022-11-06 15:00:00;33.0;0.0;33.0;16.35;47.0;0.48;
2022-11-06 16:00:00;0.0;0.0;0.0;15.3;52.25;0.55;
2022-11-06 17:00:00;0.0;0.0;0.0;14.02;53.95;0.83;
2022-11-06 18:00:00;0.0;0.0;0.0;12.7;59.95;0.97;
2022-11-06 19:00:00;0.0;0.0;0.0;12.02;66.85;1.1;
2022-11-06 20:00:00;0.0;0.0;0.0;12.06;66.85;0.62;
2022-11-06 21:00:00;0.0;0.0;0.0;11.35;71.75;0.48;
2022-11-06 22:00:00;0.0;0.0;0.0;10.13;77.1;0.97;
2022-11-06 23:00:00;0.0;0.0;0.0;8.28;85.85;1.24;
2022-11-07 00:00:00;0.0;0.0;0.0;7.94;85.85;1.1;
2022-11-07 01:00:00;0.0;0.0;0.0;7.83;89.0;1.1;
2022-11-07 02:00:00;0.0;0.0;0.0;8.66;82.75;0.62;
2022-11-07 03:00:00;0.0;0.0;0.0;8.36;82.75;0.62;
2022-11-07 04:00:00;0.0;0.0;0.0;7.68;89.0;0.83;
2022-11-07 05:00:00;0.0;0.0;0.0;6.72;89.0;1.03;
2022-11-07 06:00:00;0.0;0.0;0.0;5.97;92.3;1.24;
2022-11-07 07:00:00;136.0;459.09;56.0;7.52;92.35;0.41;
2022-11-07 08:00:00;277.0;630.89;83.0;10.49;83.0;0.41;
2022-11-07 09:00:00;390.0;721.2;97.0;13.39;72.1;0.76;
2022-11-07 10:00:00;454.0;745.98;108.0;15.18;60.5;0.76;
2022-11-07 11:00:00;464.0;724.43;119.0;16.23;54.45;0.62;
2022-11-07 12:00:00;432.0;745.46;102.0;16.85;50.75;0.48;
2022-11-07 13:00:00;342.0;678.66;94.0;17.13;47.3;0.48;
2022-11-07 14:00:00;75.0;0.0;75.0;17.04;47.3;0.41;
2022-11-07 15:00:00;37.0;0.0;37.0;16.53;48.9;0.21;
2022-11-07 16:00:00;0.0;0.0;0.0;15.54;54.35;0.34;
2022-11-07 17:00:00;0.0;0.0;0.0;14.46;56.15;0.55;
2022-11-07 18:00:00;0.0;0.0;0.0;13.37;64.65;0.62;
2022-11-07 19:00:00;0.0;0.0;0.0;12.37;66.85;0.9;
2022-11-07 20:00:00;0.0;0.0;0.0;11.45;69.25;0.62;
2022-11-07 21:00:00;0.0;0.0;0.0;10.59;74.4;0.55;
2022-11-07 22:00:00;0.0;0.0;0.0;9.87;79.9;0.41;
2022-11-07 23:00:00;0.0;0.0;0.0;9.31;79.85;0.62;
2022-11-08 00:00:00;0.0;0.0;0.0;8.54;82.75;0.9;
2022-11-08 01:00:00;0.0;0.0;0.0;7.96;82.7;0.97;
2022-11-08 02:00:00;0.0;0.0;0.0;6.63;89.0;1.24;
2022-11-08 03:00:00;0.0;0.0;0.0;5.86;88.95;1.31;
2022-11-08 04:00:00;0.0;0.0;0.0;5.67;92.3;1.24;
2022-11-08 05:00:00;0.0;0.0;0.0;5.59;92.3;1.1;
2022-11-08 06:00:00;0.0;0.0;0.0;5.6;92.3;0.97;
2022-11-08 07:00:00;128.0;423.62;56.0;7.22;92.35;0.55;
2022-11-08 08:00:00;263.0;567.55;91.0;9.95;79.95;0.41;
2022-11-08 09:00:00;267.0;191.67;190.0;12.93;69.55;0.34;
2022-11-08 10:00:00;387.0;450.72;180.0;14.52;64.95;0.34;
2022-11-08 11:00:00;449.0;684.7;126.0;15.85;60.65;0.69;
2022-11-08 12:00:00;324.0;278.35;202.0;16.31;60.75;0.83;
2022-11-08 13:00:00;326.0;614.56;104.0;16.53;58.7;0.69;
2022-11-08 14:00:00;80.0;0.0;80.0;16.47;60.85;0.34;
2022-11-08 15:00:00;37.0;0.0;37.0;16.19;62.95;0.62;
2022-11-08 16:00:00;0.0;0.0;0.0;14.82;72.4;1.38;
2022-11-08 17:00:00;0.0;0.0;0.0;12.64;83.25;1.59;
2022-11-08 18:00:00;0.0;0.0;0.0;11.29;89.3;1.52;
2022-11-08 19:00:00;0.0;0.0;0.0;10.93;86.1;1.17;
2022-11-08 20:00:00;0.0;0.0;0.0;9.48;92.45;1.59;
2022-11-08 21:00:00;0.0;0.0;0.0;8.93;92.45;1.79;
2022-11-08 22:00:00;0.0;0.0;0.0;8.84;95.85;1.79;
2022-11-08 23:00:00;0.0;0.0;0.0;8.81;99.4;1.66;
2022-11-09 00:00:00;0.0;0.0;0.0;9.01;95.85;1.52;
2022-11-09 01:00:00;0.0;0.0;0.0;9.73;95.85;1.17;
2022-11-09 02:00:00;0.0;0.0;0.0;10.18;95.9;1.03;
2022-11-09 03:00:00;0.0;0.0;0.0;10.11;95.9;1.1;
2022-11-09 04:00:00;0.0;0.0;0.0;10.24;95.9;0.97;
2022-11-09 05:00:00;0.0;0.0;0.0;10.46;92.5;0.83;
2022-11-09 06:00:00;0.0;0.0;0.0;10.64;92.5;0.83;
2022-11-09 07:00:00;53.0;12.07;51.0;10.99;92.55;0.83;
2022-11-09 08:00:00;126.0;26.79;118.0;12.04;83.15;0.62;
2022-11-09 09:00:00;83.0;0.0;83.0;13.51;77.6;0.41;
2022-11-09 10:00:00;221.0;43.98;201.0;14.54;72.4;0.21;
2022-11-09 11:00:00;346.0;291.03;210.0;15.75;70.0;0.28;
2022-11-09 12:00:00;323.0;304.15;191.0;16.74;67.75;0.62;
2022-11-09 13:00:00;175.0;56.0;155.0;17.18;65.45;0.9;
2022-11-09 14:00:00;82.0;0.0;82.0;17.37;67.85;1.03;
2022-11-09 15:00:00;25.0;0.0;25.0;17.04;67.85;0.55;
2022-11-09 16:00:00;0.0;0.0;0.0;15.83;77.85;0.83;
2022-11-09 17:00:00;0.0;0.0;0.0;14.27;86.4;1.52;
2022-11-09 18:00:00;0.0;0.0;0.0;13.55;89.45;1.52;
2022-11-09 19:00:00;0.0;0.0;0.0;13.35;92.65;1.24;
2022-11-09 20:00:00;0.0;0.0;0.0;13.4;89.45;1.59;
2022-11-09 21:00:00;0.0;0.0;0.0;13.53;89.45;2.0;
2022-11-09 22:00:00;0.0;0.0;0.0;13.53;89.45;2.14;
2022-11-09 23:00:00;0.0;0.0;0.0;13.42;92.65;2.21;
2022-11-10 00:00:00;0.0;0.0;0.0;13.44;92.65;2.41;
2022-11-10 01:00:00;0.0;0.0;0.0;13.28;92.65;2.48;
2022-11-10 02:00:00;0.0;0.0;0.0;13.2;92.65;2.55;
2022-11-10 03:00:00;0.0;0.0;0.0;13.26;92.65;2.62;
2022-11-10 04:00:00;0.0;0.0;0.0;13.29;92.65;2.97;
2022-11-10 05:00:00;0.0;0.0;0.0;13.31;92.65;3.17;
2022-11-10 06:00:00;0.0;0.0;0.0;13.38;92.65;3.17;
2022-11-10 07:00:00;84.0;117.68;65.0;12.75;95.95;1.38;
2022-11-10 08:00:00;67.0;0.0;67.0;13.15;92.65;0.9;
2022-11-10 09:00:00;154.0;12.73;149.0;13.67;89.45;0.83;
2022-11-10 10:00:00;78.0;0.0;78.0;13.93;89.5;1.17;
2022-11-10 11:00:00;88.0;0.0;88.0;14.22;89.5;1.45;
2022-11-10 12:00:00;306.0;258.28;195.0;14.71;86.45;1.38;
2022-11-10 13:00:00;191.0;87.79;160.0;15.43;80.65;2.41;
2022-11-10 14:00:00;101.0;0.0;101.0;16.4;77.95;3.03;
2022-11-10 15:00:00;22.0;0.0;22.0;16.05;75.25;2.41;
2022-11-10 16:00:00;0.0;0.0;0.0;15.24;80.6;2.34;
2022-11-10 17:00:00;0.0;0.0;0.0;14.82;83.45;2.55;
2022-11-10 18:00:00;0.0;0.0;0.0;14.71;83.45;2.41;
2022-11-10 19:00:00;0.0;0.0;0.0;13.77;83.35;2.62;
2022-11-10 20:00:00;0.0;0.0;0.0;13.4;86.3;2.21;
2022-11-10 21:00:00;0.0;0.0;0.0;12.95;86.3;2.07;
2022-11-10 22:00:00;0.0;0.0;0.0;12.33;89.35;2.07;
2022-11-10 23:00:00;0.0;0.0;0.0;12.11;89.35;2.07;
2022-11-11 00:00:00;0.0;0.0;0.0;11.52;89.3;2.21;
2022-11-11 01:00:00;0.0;0.0;0.0;11.07;92.55;1.93;
2022-11-11 02:00:00;0.0;0.0;0.0;10.43;92.5;1.86;
2022-11-11 03:00:00;0.0;0.0;0.0;9.63;95.85;1.72;
2022-11-11 04:00:00;0.0;0.0;0.0;8.82;99.4;1.66;
2022-11-11 05:00:00;0.0;0.0;0.0;8.16;99.4;1.66;
2022-11-11 06:00:00;0.0;0.0;0.0;7.58;99.4;1.52;
2022-11-11 07:00:00;113.0;368.85;55.0;9.1;95.85;1.45;
2022-11-11 08:00:00;255.0;600.16;81.0;11.91;89.35;0.9;
2022-11-11 09:00:00;341.0;543.28;130.0;14.3;80.45;0.76;
2022-11-11 10:00:00;427.0;708.63;111.0;15.86;72.55;0.55;
2022-11-11 11:00:00;375.0;401.2;191.0;16.85;67.75;0.28;
2022-11-11 12:00:00;362.0;476.95;159.0;17.29;63.2;0.21;
2022-11-11 13:00:00;308.0;572.81;108.0;17.53;63.2;0.41;
2022-11-11 14:00:00;103.0;0.0;103.0;17.4;63.2;0.55;
2022-11-11 15:00:00;32.0;0.0;32.0;16.92;65.35;0.48;
2022-11-11 16:00:00;0.0;0.0;0.0;15.73;72.55;0.48;
2022-11-11 17:00:00;0.0;0.0;0.0;14.73;75.0;0.62;
2022-11-11 18:00:00;0.0;0.0;0.0;13.93;77.65;0.41;
2022-11-11 19:00:00;0.0;0.0;0.0;12.51;86.25;0.9;
2022-11-11 20:00:00;0.0;0.0;0.0;11.78;92.55;0.9;
2022-11-11 21:00:00;0.0;0.0;0.0;9.37;95.85;1.52;
2022-11-11 22:00:00;0.0;0.0;0.0;8.36;99.4;1.72;
2022-11-11 23:00:00;0.0;0.0;0.0;7.99;99.4;1.72;
2022-11-12 00:00:00;0.0;0.0;0.0;7.62;99.4;1.86;
2022-11-12 01:00:00;0.0;0.0;0.0;7.37;99.4;1.79;
2022-11-12 02:00:00;0.0;0.0;0.0;7.11;99.4;1.86;
2022-11-12 03:00:00;0.0;0.0;0.0;7.06;99.4;1.93;
2022-11-12 04:00:00;0.0;0.0;0.0;7.39;99.4;1.86;
2022-11-12 05:00:00;0.0;0.0;0.0;7.74;99.4;1.93;
2022-11-12 06:00:00;0.0;0.0;0.0;8.09;99.4;1.86;
2022-11-12 07:00:00;51.0;13.07;49.0;9.34;99.4;1.86;
2022-11-12 08:00:00;117.0;21.01;111.0;10.57;92.5;1.93;
2022-11-12 09:00:00;220.0;101.55;181.0;12.3;86.2;2.21;
2022-11-12 10:00:00;231.0;61.14;204.0;13.76;77.6;2.07;
2022-11-12 11:00:00;220.0;39.61;202.0;15.36;69.9;1.79;
2022-11-12 12:00:00;195.0;30.84;182.0;16.32;67.65;1.59;
2022-11-12 13:00:00;170.0;52.13;152.0;16.81;65.35;1.17;
2022-11-12 14:00:00;101.0;0.0;101.0;16.75;65.35;0.55;
2022-11-12 15:00:00;31.0;0.0;31.0;16.23;67.65;0.76;
2022-11-12 16:00:00;0.0;0.0;0.0;14.72;77.75;1.52;
2022-11-12 17:00:00;0.0;0.0;0.0;12.38;89.35;1.79;
2022-11-12 18:00:00;0.0;0.0;0.0;10.9;92.55;1.72;
2022-11-12 19:00:00;0.0;0.0;0.0;10.15;95.9;1.66;
2022-11-12 20:00:00;0.0;0.0;0.0;10.45;92.5;2.0;
2022-11-12 21:00:00;0.0;0.0;0.0;10.79;89.25;2.55;
2022-11-12 22:00:00;0.0;0.0;0.0;11.32;86.1;2.9;
2022-11-12 23:00:00;0.0;0.0;0.0;11.63;77.3;3.17;
2022-11-13 00:00:00;0.0;0.0;0.0;11.97;71.95;3.24;
2022-11-13 01:00:00;0.0;0.0;0.0;12.07;69.35;3.31;
2022-11-13 02:00:00;0.0;0.0;0.0;12.01;69.35;3.38;
2022-11-13 03:00:00;0.0;0.0;0.0;11.68;74.55;3.45;
2022-11-13 04:00:00;0.0;0.0;0.0;11.42;74.55;3.66;
2022-11-13 05:00:00;0.0;0.0;0.0;11.12;77.2;3.59;
2022-11-13 06:00:00;0.0;0.0;0.0;10.8;77.15;3.45;
2022-11-13 07:00:00;91.0;214.86;59.0;11.48;74.55;4.14;
2022-11-13 08:00:00;238.0;529.56;89.0;12.84;72.05;3.79;
2022-11-13 09:00:00;341.0;595.16;115.0;13.88;64.75;4.76;
2022-11-13 10:00:00;420.0;718.0;106.0;14.67;58.25;4.97;
2022-11-13 11:00:00;428.0;686.32;119.0;15.04;56.25;4.9;
2022-11-13 12:00:00;329.0;361.63;178.0;15.2;56.25;4.55;
2022-11-13 13:00:00;245.0;272.3;152.0;15.37;54.25;4.07;
2022-11-13 14:00:00;95.0;0.0;95.0;15.26;54.25;3.59;
2022-11-13 15:00:00;30.0;0.0;30.0;14.86;58.25;2.62;
2022-11-13 16:00:00;0.0;0.0;0.0;14.01;60.3;2.07;
2022-11-13 17:00:00;0.0;0.0;0.0;13.54;64.75;1.86;
2022-11-13 18:00:00;0.0;0.0;0.0;12.94;69.55;1.72;
2022-11-13 19:00:00;0.0;0.0;0.0;11.65;92.55;1.93;
2022-11-13 20:00:00;0.0;0.0;0.0;11.41;92.55;2.14;
2022-11-13 21:00:00;0.0;0.0;0.0;11.25;95.9;2.62;
2022-11-13 22:00:00;0.0;0.0;0.0;11.03;92.55;2.69;
2022-11-13 23:00:00;0.0;0.0;0.0;11.0;92.55;2.41;
2022-11-14 00:00:00;0.0;0.0;0.0;10.94;92.55;2.34;
2022-11-14 01:00:00;0.0;0.0;0.0;10.77;92.5;2.55;
2022-11-14 02:00:00;0.0;0.0;0.0;10.6;92.5;2.83;
2022-11-14 03:00:00;0.0;0.0;0.0;10.26;92.5;2.83;
2022-11-14 04:00:00;0.0;0.0;0.0;10.36;89.2;2.83;
2022-11-14 05:00:00;0.0;0.0;0.0;10.57;86.05;2.83;
2022-11-14 06:00:00;0.0;0.0;0.0;10.73;86.05;2.76;
2022-11-14 07:00:00;82.0;165.71;58.0;11.13;86.1;2.14;
2022-11-14 08:00:00;229.0;497.92;91.0;11.64;83.1;2.14;
2022-11-14 09:00:00;160.0;21.31;152.0;12.42;77.45;2.34;
2022-11-14 10:00:00;268.0;138.53;208.0;12.92;77.5;2.48;
2022-11-14 11:00:00;276.0;136.73;215.0;13.58;74.85;2.62;
2022-11-14 12:00:00;227.0;82.2;193.0;13.78;74.85;2.41;
2022-11-14 13:00:00;140.0;20.72;133.0;13.9;74.85;1.93;
2022-11-14 14:00:00;79.0;0.0;79.0;13.88;77.6;1.45;
2022-11-14 15:00:00;12.0;0.0;12.0;13.49;77.6;0.97;
2022-11-14 16:00:00;0.0;0.0;0.0;13.05;80.35;1.24;
2022-11-14 17:00:00;0.0;0.0;0.0;12.54;83.25;1.59;
2022-11-14 18:00:00;0.0;0.0;0.0;11.98;86.2;2.07;
2022-11-14 19:00:00;0.0;0.0;0.0;11.63;80.15;2.07;
2022-11-14 20:00:00;0.0;0.0;0.0;11.38;83.05;2.21;
2022-11-14 21:00:00;0.0;0.0;0.0;10.4;83.0;2.28;
2022-11-14 22:00:00;0.0;0.0;0.0;9.93;86.0;2.14;
2022-11-14 23:00:00;0.0;0.0;0.0;9.2;92.45;2.28;
2022-11-15 00:00:00;0.0;0.0;0.0;8.61;95.85;2.34;
2022-11-15 01:00:00;0.0;0.0;0.0;8.12;95.8;2.41;
2022-11-15 02:00:00;0.0;0.0;0.0;7.82;99.4;2.48;
2022-11-15 03:00:00;0.0;0.0;0.0;7.59;95.8;2.34;
2022-11-15 04:00:00;0.0;0.0;0.0;7.33;99.4;2.07;
2022-11-15 05:00:00;0.0;0.0;0.0;6.9;95.8;2.0;
2022-11-15 06:00:00;0.0;0.0;0.0;6.54;95.8;2.0;
2022-11-15 07:00:00;28.0;0.0;28.0;6.92;95.8;1.93;
2022-11-15 08:00:00;89.0;3.66;88.0;8.74;92.4;1.79;
2022-11-15 09:00:00;69.0;0.0;69.0;10.72;83.0;1.59;
2022-11-15 10:00:00;209.0;44.29;190.0;12.11;77.35;1.45;
2022-11-15 11:00:00;176.0;13.57;170.0;13.03;69.55;1.38;
2022-11-15 12:00:00;151.0;7.32;148.0;13.3;72.1;0.62;
2022-11-15 13:00:00;88.0;0.0;88.0;13.32;72.1;0.48;
2022-11-15 14:00:00;36.0;0.0;36.0;13.05;74.75;1.38;
2022-11-15 15:00:00;25.0;0.0;25.0;12.57;80.3;1.59;
2022-11-15 16:00:00;0.0;0.0;0.0;11.88;89.3;1.93;
2022-11-15 17:00:00;0.0;0.0;0.0;11.69;92.55;2.21;
2022-11-15 18:00:00;0.0;0.0;0.0;11.61;92.55;1.86;
2022-11-15 19:00:00;0.0;0.0;0.0;11.0;92.55;1.1;
2022-11-15 20:00:00;0.0;0.0;0.0;11.05;92.55;1.38;
2022-11-15 21:00:00;0.0;0.0;0.0;11.1;92.55;1.59;
2022-11-15 22:00:00;0.0;0.0;0.0;11.2;95.9;1.52;
2022-11-15 23:00:00;0.0;0.0;0.0;11.18;95.9;1.79;
2022-11-16 00:00:00;0.0;0.0;0.0;11.14;95.9;2.28;
2022-11-16 01:00:00;0.0;0.0;0.0;11.16;95.9;2.55;
2022-11-16 02:00:00;0.0;0.0;0.0;11.21;95.9;2.55;
2022-11-16 03:00:00;0.0;0.0;0.0;11.25;95.9;2.69;
2022-11-16 04:00:00;0.0;0.0;0.0;11.21;95.9;2.0;
2022-11-16 05:00:00;0.0;0.0;0.0;11.18;95.9;1.59;
2022-11-16 06:00:00;0.0;0.0;0.0;11.18;95.9;1.45;
2022-11-16 07:00:00;49.0;21.94;46.0;10.62;95.9;1.79;
2022-11-16 08:00:00;64.0;0.0;64.0;10.82;92.5;1.72;
2022-11-16 09:00:00;145.0;13.62;140.0;11.39;86.15;1.38;
2022-11-16 10:00:00;95.0;0.0;95.0;11.7;86.15;1.17;
2022-11-16 11:00:00;254.0;107.26;207.0;12.24;83.15;1.72;
2022-11-16 12:00:00;270.0;197.01;190.0;12.55;80.3;2.34;
2022-11-16 13:00:00;121.0;9.07;118.0;13.1;77.5;2.83;
2022-11-16 14:00:00;94.0;0.0;94.0;13.02;74.75;2.97;
2022-11-16 15:00:00;10.0;0.0;10.0;12.7;77.45;2.83;
2022-11-16 16:00:00;0.0;0.0;0.0;11.77;83.1;2.34;
2022-11-16 17:00:00;0.0;0.0;0.0;10.95;86.1;2.21;
2022-11-16 18:00:00;0.0;0.0;0.0;10.3;92.5;2.21;
2022-11-16 19:00:00;0.0;0.0;0.0;10.4;92.5;2.07;
2022-11-16 20:00:00;0.0;0.0;0.0;10.08;95.9;2.34;
2022-11-16 21:00:00;0.0;0.0;0.0;9.75;95.85;2.07;
2022-11-16 22:00:00;0.0;0.0;0.0;9.36;99.4;1.86;
2022-11-16 23:00:00;0.0;0.0;0.0;8.88;95.85;2.21;
2022-11-17 00:00:00;0.0;0.0;0.0;8.34;99.4;2.14;
2022-11-17 01:00:00;0.0;0.0;0.0;7.84;99.4;2.14;
2022-11-17 02:00:00;0.0;0.0;0.0;7.66;99.4;2.21;
2022-11-17 03:00:00;0.0;0.0;0.0;7.47;99.4;1.93;
2022-11-17 04:00:00;0.0;0.0;0.0;7.36;99.4;1.59;
2022-11-17 05:00:00;0.0;0.0;0.0;7.24;99.4;1.52;
2022-11-17 06:00:00;0.0;0.0;0.0;7.27;99.4;1.66;
2022-11-17 07:00:00;27.0;0.0;27.0;8.07;99.4;1.24;
2022-11-17 08:00:00;127.0;56.64;112.0;9.51;95.85;1.38;
2022-11-17 09:00:00;193.0;74.36;166.0;10.99;89.3;1.72;
2022-11-17 10:00:00;250.0;116.42;201.0;12.53;83.25;1.59;
2022-11-17 11:00:00;252.0;103.61;207.0;14.05;74.95;1.31;
2022-11-17 12:00:00;230.0;101.88;189.0;14.83;72.4;1.31;
2022-11-17 13:00:00;110.0;6.11;108.0;15.15;69.9;0.97;
2022-11-17 14:00:00;18.0;0.0;18.0;15.08;69.9;0.83;
2022-11-17 15:00:00;5.0;0.0;5.0;14.7;72.4;0.9;
2022-11-17 16:00:00;0.0;0.0;0.0;13.85;80.4;1.52;
2022-11-17 17:00:00;0.0;0.0;0.0;13.33;83.25;1.59;
2022-11-17 18:00:00;0.0;0.0;0.0;12.98;86.3;1.72;
2022-11-17 19:00:00;0.0;0.0;0.0;11.48;92.55;2.62;
2022-11-17 20:00:00;0.0;0.0;0.0;11.57;92.55;2.62;
2022-11-17 21:00:00;0.0;0.0;0.0;11.16;95.9;2.76;
2022-11-17 22:00:00;0.0;0.0;0.0;11.28;95.9;2.76;
2022-11-17 23:00:00;0.0;0.0;0.0;11.26;95.9;2.76;
2022-11-18 00:00:00;0.0;0.0;0.0;11.31;95.9;2.55;
2022-11-18 01:00:00;0.0;0.0;0.0;11.31;92.55;2.41;
2022-11-18 02:00:00;0.0;0.0;0.0;11.34;92.55;2.34;
2022-11-18 03:00:00;0.0;0.0;0.0;11.22;95.9;1.93;
2022-11-18 04:00:00;0.0;0.0;0.0;11.01;92.55;1.59;
2022-11-18 05:00:00;0.0;0.0;0.0;11.13;92.55;1.31;
2022-11-18 06:00:00;0.0;0.0;0.0;10.93;92.55;1.17;
2022-11-18 07:00:00;64.0;100.89;51.0;10.73;89.25;1.93;
2022-11-18 08:00:00;152.0;134.2;117.0;11.67;89.3;2.0;
2022-11-18 09:00:00;327.0;634.97;99.0;12.99;77.5;2.76;
2022-11-18 10:00:00;318.0;318.97;185.0;14.1;69.75;3.45;
2022-11-18 11:00:00;414.0;724.68;102.0;14.86;69.85;3.86;
2022-11-18 12:00:00;395.0;787.25;81.0;15.56;65.15;4.07;
2022-11-18 13:00:00;306.0;712.77;75.0;15.87;65.15;3.72;
2022-11-18 14:00:00;64.0;0.0;64.0;15.74;65.15;3.24;
2022-11-18 15:00:00;23.0;0.0;23.0;14.74;69.85;2.41;
2022-11-18 16:00:00;0.0;0.0;0.0;13.04;77.5;2.41;
2022-11-18 17:00:00;0.0;0.0;0.0;11.76;83.1;2.21;
2022-11-18 18:00:00;0.0;0.0;0.0;10.54;89.25;2.0;
2022-11-18 19:00:00;0.0;0.0;0.0;10.82;92.5;0.9;
2022-11-18 20:00:00;0.0;0.0;0.0;10.63;92.5;0.55;
2022-11-18 21:00:00;0.0;0.0;0.0;8.3;99.4;1.45;
2022-11-18 22:00:00;0.0;0.0;0.0;8.15;99.4;1.38;
2022-11-18 23:00:00;0.0;0.0;0.0;7.98;99.4;1.45;
2022-11-19 00:00:00;0.0;0.0;0.0;7.49;99.4;1.72;
2022-11-19 01:00:00;0.0;0.0;0.0;7.34;100.0;1.79;
2022-11-19 02:00:00;0.0;0.0;0.0;7.26;99.4;2.07;
2022-11-19 03:00:00;0.0;0.0;0.0;7.61;99.4;2.21;
2022-11-19 04:00:00;0.0;0.0;0.0;8.08;95.8;2.55;
2022-11-19 05:00:00;0.0;0.0;0.0;9.24;92.45;2.97;
2022-11-19 06:00:00;0.0;0.0;0.0;9.79;92.45;3.03;
2022-11-19 07:00:00;70.0;168.03;49.0;10.07;92.5;2.83;
2022-11-19 08:00:00;145.0;116.8;115.0;10.93;86.1;2.83;
2022-11-19 09:00:00;103.0;0.0;103.0;12.03;80.2;3.31;
2022-11-19 10:00:00;266.0;164.61;198.0;13.08;74.75;3.93;
2022-11-19 11:00:00;316.0;283.48;195.0;13.51;74.85;4.07;
2022-11-19 12:00:00;290.0;280.74;179.0;13.49;72.2;3.86;
2022-11-19 13:00:00;119.0;9.35;116.0;13.38;77.5;3.72;
2022-11-19 14:00:00;60.0;0.0;60.0;12.78;80.3;3.86;
2022-11-19 15:00:00;16.0;0.0;16.0;12.02;86.2;3.72;
2022-11-19 16:00:00;0.0;0.0;0.0;11.51;86.15;3.66;
2022-11-19 17:00:00;0.0;0.0;0.0;11.26;89.3;3.38;
2022-11-19 18:00:00;0.0;0.0;0.0;11.19;89.3;2.76;
2022-11-19 19:00:00;0.0;0.0;0.0;11.1;86.1;3.66;
2022-11-19 20:00:00;0.0;0.0;0.0;10.75;86.05;3.86;
2022-11-19 21:00:00;0.0;0.0;0.0;10.53;83.0;3.66;
2022-11-19 22:00:00;0.0;0.0;0.0;10.23;79.95;3.59;
2022-11-19 23:00:00;0.0;0.0;0.0;9.99;77.1;3.17;
2022-11-20 00:00:00;0.0;0.0;0.0;9.81;77.0;2.83;
2022-11-20 01:00:00;0.0;0.0;0.0;9.39;77.0;2.48;
2022-11-20 02:00:00;0.0;0.0;0.0;8.62;82.75;2.28;
2022-11-20 03:00:00;0.0;0.0;0.0;7.72;85.8;2.07;
2022-11-20 04:00:00;0.0;0.0;0.0;6.67;89.0;1.66;
2022-11-20 05:00:00;0.0;0.0;0.0;5.64;92.3;1.45;
2022-11-20 06:00:00;0.0;0.0;0.0;4.71;92.25;1.52;
2022-11-20 07:00:00;90.0;429.22;38.0;7.27;92.35;0.83;
2022-11-20 08:00:00;225.0;612.74;70.0;7.98;95.8;0.48;
2022-11-20 09:00:00;331.0;688.96;89.0;11.02;83.05;0.55;
2022-11-20 10:00:00;400.0;742.68;96.0;12.53;72.05;0.48;
2022-11-20 11:00:00;420.0;772.63;93.0;13.29;62.3;0.34;
2022-11-20 12:00:00;383.0;749.99;89.0;13.59;58.0;0.21;
2022-11-20 13:00:00;294.0;667.11;82.0;13.61;58.0;0.55;
2022-11-20 14:00:00;72.0;0.0;72.0;13.38;57.9;0.97;
2022-11-20 15:00:00;21.0;0.0;21.0;12.76;62.2;0.97;
2022-11-20 16:00:00;0.0;0.0;0.0;11.52;69.25;1.17;
2022-11-20 17:00:00;0.0;0.0;0.0;9.49;82.9;1.31;
2022-11-20 18:00:00;0.0;0.0;0.0;8.18;89.05;1.45;
2022-11-20 19:00:00;0.0;0.0;0.0;9.26;79.85;0.34;
2022-11-20 20:00:00;0.0;0.0;0.0;8.68;82.75;0.48;
2022-11-20 21:00:00;0.0;0.0;0.0;8.06;82.7;0.41;
2022-11-20 22:00:00;0.0;0.0;0.0;7.7;85.8;0.07;
2022-11-20 23:00:00;0.0;0.0;0.0;7.27;89.0;0.14;
2022-11-21 00:00:00;0.0;0.0;0.0;6.59;89.0;0.76;
2022-11-21 01:00:00;0.0;0.0;0.0;5.96;88.95;0.97;
2022-11-21 02:00:00;0.0;0.0;0.0;5.46;92.3;1.03;
2022-11-21 03:00:00;0.0;0.0;0.0;5.32;95.75;0.97;
2022-11-21 04:00:00;0.0;0.0;0.0;4.84;92.25;0.97;
2022-11-21 05:00:00;0.0;0.0;0.0;5.33;92.3;0.69;
2022-11-21 06:00:00;0.0;0.0;0.0;3.24;99.4;1.24;
2022-11-21 07:00:00;73.0;247.07;44.0;3.57;95.7;0.9;
2022-11-21 08:00:00;213.0;549.91;76.0;5.44;92.3;0.76;
2022-11-21 09:00:00;321.0;647.58;96.0;7.45;92.35;1.38;
2022-11-21 10:00:00;396.0;739.59;96.0;8.99;85.95;1.31;
2022-11-21 11:00:00;416.0;769.58;93.0;10.4;77.15;0.76;
2022-11-21 12:00:00;382.0;756.32;88.0;11.38;71.75;1.03;
2022-11-21 13:00:00;272.0;533.68;104.0;11.69;66.75;0.83;
2022-11-21 14:00:00;81.0;0.0;81.0;11.63;64.35;0.14;
2022-11-21 15:00:00;20.0;0.0;20.0;11.1;66.65;1.1;
2022-11-21 16:00:00;0.0;0.0;0.0;9.6;74.2;2.21;
2022-11-21 17:00:00;0.0;0.0;0.0;8.89;76.95;2.34;
2022-11-21 18:00:00;0.0;0.0;0.0;8.69;82.75;2.69;
2022-11-21 19:00:00;0.0;0.0;0.0;9.06;79.85;2.9;
2022-11-21 20:00:00;0.0;0.0;0.0;9.14;79.85;2.97;
2022-11-21 21:00:00;0.0;0.0;0.0;9.08;82.85;3.31;
2022-11-21 22:00:00;0.0;0.0;0.0;8.65;89.1;3.52;
2022-11-21 23:00:00;0.0;0.0;0.0;8.37;89.1;4.07;
2022-11-22 00:00:00;0.0;0.0;0.0;8.34;92.4;4.21;
2022-11-22 01:00:00;0.0;0.0;0.0;8.41;89.1;4.21;
2022-11-22 02:00:00;0.0;0.0;0.0;8.65;92.4;4.14;
2022-11-22 03:00:00;0.0;0.0;0.0;8.92;92.45;4.9;
2022-11-22 04:00:00;0.0;0.0;0.0;9.53;89.15;5.86;
2022-11-22 05:00:00;0.0;0.0;0.0;10.3;89.2;5.72;
2022-11-22 06:00:00;0.0;0.0;0.0;10.8;92.5;5.52;
2022-11-22 07:00:00;13.0;0.0;13.0;10.36;92.5;3.72;
2022-11-22 08:00:00;28.0;0.0;28.0;10.31;92.5;4.07;
2022-11-22 09:00:00;40.0;0.0;40.0;10.5;92.5;5.59;
2022-11-22 10:00:00;44.0;0.0;44.0;10.35;92.5;7.1;
2022-11-22 11:00:00;45.0;0.0;45.0;9.96;86.0;8.41;
2022-11-22 12:00:00;32.0;0.0;32.0;9.7;85.95;8.28;
2022-11-22 13:00:00;41.0;0.0;41.0;9.54;85.95;7.59;
2022-11-22 14:00:00;44.0;0.0;44.0;9.32;85.95;6.97;
2022-11-22 15:00:00;3.0;0.0;3.0;9.03;85.95;5.79;
2022-11-22 16:00:00;0.0;0.0;0.0;8.76;89.1;4.69;
2022-11-22 17:00:00;0.0;0.0;0.0;8.56;85.9;4.0;
2022-11-22 18:00:00;0.0;0.0;0.0;8.34;89.05;3.52;
2022-11-22 19:00:00;0.0;0.0;0.0;8.29;85.85;3.86;
2022-11-22 20:00:00;0.0;0.0;0.0;8.23;85.85;3.17;
2022-11-22 21:00:00;0.0;0.0;0.0;8.35;89.05;3.38;
2022-11-22 22:00:00;0.0;0.0;0.0;8.41;85.9;3.38;
2022-11-22 23:00:00;0.0;0.0;0.0;8.39;85.9;3.1;
2022-11-23 00:00:00;0.0;0.0;0.0;8.28;89.05;2.69;
2022-11-23 01:00:00;0.0;0.0;0.0;8.12;89.05;2.28;
2022-11-23 02:00:00;0.0;0.0;0.0;7.91;85.85;2.14;
2022-11-23 03:00:00;0.0;0.0;0.0;7.71;89.0;2.34;
2022-11-23 04:00:00;0.0;0.0;0.0;7.39;89.0;2.41;
2022-11-23 05:00:00;0.0;0.0;0.0;6.71;89.0;2.55;
2022-11-23 06:00:00;0.0;0.0;0.0;5.8;88.9;2.62;
2022-11-23 07:00:00;79.0;409.09;34.0;5.95;88.95;2.0;
2022-11-23 08:00:00;210.0;583.45;69.0;7.6;89.0;2.07;
2022-11-23 09:00:00;320.0;688.12;86.0;9.87;79.9;2.21;
2022-11-23 10:00:00;394.0;765.41;89.0;11.72;66.75;2.34;
2022-11-23 11:00:00;421.0;823.37;81.0;12.84;59.95;2.76;
2022-11-23 12:00:00;380.0;781.79;81.0;13.42;53.85;2.69;
2022-11-23 13:00:00;292.0;705.25;74.0;13.66;53.85;2.34;
2022-11-23 14:00:00;60.0;0.0;60.0;13.53;53.85;2.14;
2022-11-23 15:00:00;18.0;0.0;18.0;12.56;59.95;1.79;
2022-11-23 16:00:00;0.0;0.0;0.0;10.75;69.1;1.93;
2022-11-23 17:00:00;0.0;0.0;0.0;8.7;79.75;1.79;
2022-11-23 18:00:00;0.0;0.0;0.0;7.54;85.8;1.52;
2022-11-23 19:00:00;0.0;0.0;0.0;8.49;79.75;0.76;
2022-11-23 20:00:00;0.0;0.0;0.0;7.75;82.65;0.34;
2022-11-23 21:00:00;0.0;0.0;0.0;7.02;85.75;0.62;
2022-11-23 22:00:00;0.0;0.0;0.0;5.47;88.9;1.1;
2022-11-23 23:00:00;0.0;0.0;0.0;4.25;92.2;1.38;
2022-11-24 00:00:00;0.0;0.0;0.0;3.5;92.15;1.45;
2022-11-24 01:00:00;0.0;0.0;0.0;3.1;95.7;1.31;
2022-11-24 02:00:00;0.0;0.0;0.0;3.08;95.7;1.17;
2022-11-24 03:00:00;0.0;0.0;0.0;3.1;95.7;1.24;
2022-11-24 04:00:00;0.0;0.0;0.0;2.99;92.15;1.45;
2022-11-24 05:00:00;0.0;0.0;0.0;3.26;95.7;1.1;
2022-11-24 06:00:00;0.0;0.0;0.0;3.13;92.15;0.9;
2022-11-24 07:00:00;68.0;272.55;39.0;3.26;92.15;1.38;
2022-11-24 08:00:00;208.0;583.95;69.0;5.45;82.5;1.17;
2022-11-24 09:00:00;316.0;677.6;88.0;7.9;76.8;1.17;
2022-11-24 10:00:00;387.0;741.72;94.0;9.84;74.2;1.03;
2022-11-24 11:00:00;415.0;805.48;85.0;11.31;69.15;0.97;
2022-11-24 12:00:00;375.0;761.58;86.0;12.28;66.85;1.03;
2022-11-24 13:00:00;288.0;685.31;78.0;12.72;64.55;0.76;
2022-11-24 14:00:00;60.0;0.0;60.0;12.69;64.55;0.55;
2022-11-24 15:00:00;18.0;0.0;18.0;12.18;66.85;0.69;
2022-11-24 16:00:00;0.0;0.0;0.0;10.17;79.95;0.97;
2022-11-24 17:00:00;0.0;0.0;0.0;7.84;89.0;1.45;
2022-11-24 18:00:00;0.0;0.0;0.0;7.12;85.75;1.31;
2022-11-24 19:00:00;0.0;0.0;0.0;8.07;85.85;0.69;
2022-11-24 20:00:00;0.0;0.0;0.0;7.32;89.0;0.76;
2022-11-24 21:00:00;0.0;0.0;0.0;6.62;85.75;0.83;
2022-11-24 22:00:00;0.0;0.0;0.0;5.99;85.7;0.76;
2022-11-24 23:00:00;0.0;0.0;0.0;4.41;88.85;1.1;
2022-11-25 00:00:00;0.0;0.0;0.0;3.28;95.7;1.24;
2022-11-25 01:00:00;0.0;0.0;0.0;3.53;95.7;1.17;
2022-11-25 02:00:00;0.0;0.0;0.0;3.9;95.75;1.1;
2022-11-25 03:00:00;0.0;0.0;0.0;4.48;95.75;1.24;
2022-11-25 04:00:00;0.0;0.0;0.0;4.94;92.25;1.38;
2022-11-25 05:00:00;0.0;0.0;0.0;5.07;95.75;1.45;
2022-11-25 06:00:00;0.0;0.0;0.0;5.04;92.25;1.66;
2022-11-25 07:00:00;46.0;68.05;39.0;5.72;92.3;2.07;
2022-11-25 08:00:00;212.0;648.26;60.0;7.75;92.35;1.79;
2022-11-25 09:00:00;291.0;537.57;112.0;10.73;83.0;2.0;
2022-11-25 10:00:00;352.0;564.25;131.0;12.17;77.35;2.34;
2022-11-25 11:00:00;386.0;678.89;110.0;13.41;69.65;2.34;
2022-11-25 12:00:00;364.0;727.57;90.0;13.83;69.65;2.34;
2022-11-25 13:00:00;273.0;612.13;87.0;13.86;69.65;2.55;
2022-11-25 14:00:00;68.0;0.0;68.0;13.58;69.65;2.48;
2022-11-25 15:00:00;15.0;0.0;15.0;12.55;77.45;2.21;
2022-11-25 16:00:00;0.0;0.0;0.0;10.98;83.05;2.48;
2022-11-25 17:00:00;0.0;0.0;0.0;10.22;86.0;2.48;
2022-11-25 18:00:00;0.0;0.0;0.0;9.34;89.1;2.62;
2022-11-25 19:00:00;0.0;0.0;0.0;9.48;85.95;3.1;
2022-11-25 20:00:00;0.0;0.0;0.0;9.1;89.1;3.03;
2022-11-25 21:00:00;0.0;0.0;0.0;8.7;89.1;2.9;
2022-11-25 22:00:00;0.0;0.0;0.0;8.55;89.1;2.9;
2022-11-25 23:00:00;0.0;0.0;0.0;8.17;89.05;2.9;
2022-11-26 00:00:00;0.0;0.0;0.0;8.07;89.05;2.97;
2022-11-26 01:00:00;0.0;0.0;0.0;7.99;85.85;2.97;
2022-11-26 02:00:00;0.0;0.0;0.0;7.89;85.85;2.62;
2022-11-26 03:00:00;0.0;0.0;0.0;7.71;89.0;2.41;
2022-11-26 04:00:00;0.0;0.0;0.0;7.34;92.35;2.34;
2022-11-26 05:00:00;0.0;0.0;0.0;6.96;89.0;2.34;
2022-11-26 06:00:00;0.0;0.0;0.0;6.94;85.75;2.62;
2022-11-26 07:00:00;29.0;10.06;28.0;7.95;76.8;2.76;
2022-11-26 08:00:00;207.0;632.08;61.0;9.44;68.9;2.9;
2022-11-26 09:00:00;140.0;21.24;133.0;11.51;59.7;3.24;
2022-11-26 10:00:00;343.0;535.53;135.0;13.46;51.9;3.93;
2022-11-26 11:00:00;284.0;228.01;192.0;14.41;48.4;4.62;
2022-11-26 12:00:00;232.0;141.78;179.0;14.81;50.25;4.62;
2022-11-26 13:00:00;274.0;640.37;81.0;14.68;50.25;4.07;
2022-11-26 14:00:00;61.0;0.0;61.0;14.21;53.95;3.03;
2022-11-26 15:00:00;15.0;0.0;15.0;12.99;57.9;2.41;
2022-11-26 16:00:00;0.0;0.0;0.0;11.31;66.65;2.34;
2022-11-26 17:00:00;0.0;0.0;0.0;9.8;71.5;2.34;
2022-11-26 18:00:00;0.0;0.0;0.0;8.5;76.85;2.28;
2022-11-26 19:00:00;0.0;0.0;0.0;8.21;82.7;2.76;
2022-11-26 20:00:00;0.0;0.0;0.0;7.57;85.8;2.55;
2022-11-26 21:00:00;0.0;0.0;0.0;6.77;85.75;2.34;
2022-11-26 22:00:00;0.0;0.0;0.0;6.04;85.7;2.34;
2022-11-26 23:00:00;0.0;0.0;0.0;5.64;85.65;2.34;
2022-11-27 00:00:00;0.0;0.0;0.0;5.41;85.65;2.41;
2022-11-27 01:00:00;0.0;0.0;0.0;5.21;88.85;2.48;
2022-11-27 02:00:00;0.0;0.0;0.0;4.89;85.6;2.34;
2022-11-27 03:00:00;0.0;0.0;0.0;4.54;88.85;2.34;
2022-11-27 04:00:00;0.0;0.0;0.0;4.34;85.55;2.41;
2022-11-27 05:00:00;0.0;0.0;0.0;4.28;88.8;2.48;
2022-11-27 06:00:00;0.0;0.0;0.0;4.12;88.8;2.34;
2022-11-27 07:00:00;61.0;281.3;34.0;4.33;85.55;2.55;
2022-11-27 08:00:00;193.0;536.1;71.0;6.2;85.7;2.07;
2022-11-27 09:00:00;298.0;619.21;96.0;9.39;71.5;2.14;
2022-11-27 10:00:00;370.0;700.89;100.0;11.03;61.85;2.48;
2022-11-27 11:00:00;396.0;756.47;93.0;11.78;57.55;2.69;
2022-11-27 12:00:00;357.0;714.0;92.0;12.11;55.5;2.55;
2022-11-27 13:00:00;276.0;662.13;78.0;12.17;53.5;2.14;
2022-11-27 14:00:00;61.0;0.0;61.0;11.89;55.4;1.66;
2022-11-27 15:00:00;16.0;0.0;16.0;11.03;57.4;1.31;
2022-11-27 16:00:00;0.0;0.0;0.0;9.14;71.4;1.45;
2022-11-27 17:00:00;0.0;0.0;0.0;7.52;76.7;1.38;
2022-11-27 18:00:00;0.0;0.0;0.0;6.81;76.65;1.31;
2022-11-27 19:00:00;0.0;0.0;0.0;5.17;82.4;1.93;
2022-11-27 20:00:00;0.0;0.0;0.0;4.58;85.55;1.93;
2022-11-27 21:00:00;0.0;0.0;0.0;4.09;85.5;2.07;
2022-11-27 22:00:00;0.0;0.0;0.0;3.96;85.5;2.0;
2022-11-27 23:00:00;0.0;0.0;0.0;3.81;85.5;2.07;
2022-11-28 00:00:00;0.0;0.0;0.0;3.8;88.75;2.07;
2022-11-28 01:00:00;0.0;0.0;0.0;3.57;88.75;2.21;
2022-11-28 02:00:00;0.0;0.0;0.0;3.36;85.45;2.28;
2022-11-28 03:00:00;0.0;0.0;0.0;3.26;88.7;2.28;
2022-11-28 04:00:00;0.0;0.0;0.0;3.09;88.7;2.28;
2022-11-28 05:00:00;0.0;0.0;0.0;2.81;88.7;2.34;
2022-11-28 06:00:00;0.0;0.0;0.0;2.82;88.7;2.28;
2022-11-28 07:00:00;17.0;0.0;17.0;4.6;85.55;2.34;
2022-11-28 08:00:00;75.0;4.46;74.0;6.22;82.55;2.21;
2022-11-28 09:00:00;144.0;30.96;134.0;7.54;76.7;2.34;
2022-11-28 10:00:00;147.0;10.47;143.0;8.28;71.25;2.41;
2022-11-28 11:00:00;178.0;27.66;167.0;8.77;68.7;2.41;
2022-11-28 12:00:00;144.0;10.85;140.0;9.12;63.8;2.41;
2022-11-28 13:00:00;100.0;3.37;99.0;9.18;63.8;2.34;
2022-11-28 14:00:00;60.0;0.0;60.0;8.84;66.15;2.07;
2022-11-28 15:00:00;8.0;0.0;8.0;8.3;68.6;2.0;
2022-11-28 16:00:00;0.0;0.0;0.0;7.62;71.15;2.14;
2022-11-28 17:00:00;0.0;0.0;0.0;7.11;73.8;2.28;
2022-11-28 18:00:00;0.0;0.0;0.0;6.79;73.8;2.34;
2022-11-28 19:00:00;0.0;0.0;0.0;6.81;71.05;1.86;
2022-11-28 20:00:00;0.0;0.0;0.0;6.64;71.05;2.07;
2022-11-28 21:00:00;0.0;0.0;0.0;6.47;71.05;2.21;
2022-11-28 22:00:00;0.0;0.0;0.0;6.36;71.05;2.34;
2022-11-28 23:00:00;0.0;0.0;0.0;6.37;71.05;2.34;
2022-11-29 00:00:00;0.0;0.0;0.0;6.58;71.05;2.41;
2022-11-29 01:00:00;0.0;0.0;0.0;6.57;73.8;2.55;
2022-11-29 02:00:00;0.0;0.0;0.0;6.64;73.8;2.69;
2022-11-29 03:00:00;0.0;0.0;0.0;6.81;76.65;2.76;
2022-11-29 04:00:00;0.0;0.0;0.0;6.98;79.55;2.97;
2022-11-29 05:00:00;0.0;0.0;0.0;6.82;79.55;3.17;
2022-11-29 06:00:00;0.0;0.0;0.0;6.83;82.6;3.24;
2022-11-29 07:00:00;12.0;0.0;12.0;7.18;85.75;3.17;
2022-11-29 08:00:00;90.0;27.15;84.0;7.25;89.0;3.24;
2022-11-29 09:00:00;154.0;46.9;139.0;7.53;85.8;3.24;
2022-11-29 10:00:00;127.0;2.64;126.0;8.1;82.7;3.66;
2022-11-29 11:00:00;203.0;58.24;180.0;8.37;76.85;3.86;
2022-11-29 12:00:00;158.0;21.85;150.0;8.61;74.05;4.07;
2022-11-29 13:00:00;185.0;169.69;135.0;8.64;71.35;4.14;
2022-11-29 14:00:00;78.0;0.0;78.0;8.49;71.35;3.79;
2022-11-29 15:00:00;13.0;0.0;13.0;7.96;71.25;3.17;
2022-11-29 16:00:00;0.0;0.0;0.0;7.3;73.8;3.03;
2022-11-29 17:00:00;0.0;0.0;0.0;6.76;73.8;2.83;
2022-11-29 18:00:00;0.0;0.0;0.0;6.19;73.7;2.83;
2022-11-29 19:00:00;0.0;0.0;0.0;5.9;73.7;3.03;
2022-11-29 20:00:00;0.0;0.0;0.0;5.56;76.5;3.1;
2022-11-29 21:00:00;0.0;0.0;0.0;5.15;76.4;3.1;
2022-11-29 22:00:00;0.0;0.0;0.0;4.97;76.4;3.03;
2022-11-29 23:00:00;0.0;0.0;0.0;4.84;76.4;2.9;
2022-11-30 00:00:00;0.0;0.0;0.0;4.39;79.3;2.9;
2022-11-30 01:00:00;0.0;0.0;0.0;4.08;82.3;2.97;
2022-11-30 02:00:00;0.0;0.0;0.0;3.88;79.2;3.1;
2022-11-30 03:00:00;0.0;0.0;0.0;3.74;82.25;3.03;
2022-11-30 04:00:00;0.0;0.0;0.0;3.61;82.25;2.97;
2022-11-30 05:00:00;0.0;0.0;0.0;3.35;79.15;2.83;
2022-11-30 06:00:00;0.0;0.0;0.0;3.28;82.2;2.69;
2022-11-30 07:00:00;43.0;127.64;32.0;4.39;76.3;2.83;
2022-11-30 08:00:00;150.0;261.71;93.0;5.85;70.95;2.83;
2022-11-30 09:00:00;252.0;385.17;130.0;7.67;65.95;3.31;
2022-11-30 10:00:00;329.0;515.6;135.0;8.71;61.3;4.0;
2022-11-30 11:00:00;342.0;502.15;145.0;8.97;59.15;4.0;
2022-11-30 12:00:00;278.0;321.62;161.0;9.3;56.9;3.72;
2022-11-30 13:00:00;161.0;92.26;134.0;9.41;54.9;3.31;
2022-11-30 14:00:00;78.0;0.0;78.0;9.39;57.05;2.69;
2022-11-30 15:00:00;8.0;0.0;8.0;8.88;59.15;2.14;
2022-11-30 16:00:00;0.0;0.0;0.0;6.74;66.09;2.21;
2022-11-30 17:00:00;0.0;0.0;0.0;6.9;67.15;2.26;
2022-11-30 18:00:00;0.0;0.0;0.0;7.07;68.21;2.32;
2022-11-30 19:00:00;0.0;0.0;0.0;7.24;69.26;2.38;
2022-11-30 20:00:00;0.0;0.0;0.0;7.4;70.32;2.44;
2022-11-30 21:00:00;0.0;0.0;0.0;7.57;71.38;2.5;
2022-11-30 22:00:00;0.0;0.0;0.0;7.74;72.44;2.56;
2022-11-30 23:00:00;0.0;0.0;0.0;7.9;73.5;2.61;
2022-12-01 00:00:00;0.0;0.0;0.0;8.07;74.56;2.67;
2022-12-01 01:00:00;0.0;0.0;0.0;8.24;75.62;2.73;
2022-12-01 02:00:00;0.0;0.0;0.0;8.4;76.68;2.79;
2022-12-01 03:00:00;0.0;0.0;0.0;8.57;77.74;2.85;
2022-12-01 04:00:00;0.0;0.0;0.0;8.74;78.8;2.9;
2022-12-01 05:00:00;0.0;0.0;0.0;8.9;79.86;2.96;
2022-12-01 06:00:00;0.0;0.0;0.0;9.07;80.92;3.02;
2022-12-01 07:00:00;25.0;12.04;24.0;9.24;81.98;3.08;
2022-12-01 08:00:00;102.0;55.89;90.0;9.13;76.95;3.1;
2022-12-01 09:00:00;52.0;0.0;52.0;9.65;74.2;3.1;
2022-12-01 10:00:00;44.0;0.0;44.0;9.93;71.6;3.66;
2022-12-01 11:00:00;60.0;0.0;60.0;10.17;74.3;4.21;
2022-12-01 12:00:00;153.0;22.13;145.0;10.29;69.1;4.41;
2022-12-01 13:00:00;62.0;0.0;62.0;10.27;71.6;4.48;
2022-12-01 14:00:00;58.0;0.0;58.0;9.95;71.6;3.93;
2022-12-01 15:00:00;8.0;0.0;8.0;9.65;71.5;3.79;
2022-12-01 16:00:00;0.0;0.0;0.0;9.24;74.15;3.86;
2022-12-01 17:00:00;0.0;0.0;0.0;8.79;74.15;3.86;
2022-12-01 18:00:00;0.0;0.0;0.0;8.59;79.75;3.79;
2022-12-01 19:00:00;0.0;0.0;0.0;8.33;85.9;3.52;
2022-12-01 20:00:00;0.0;0.0;0.0;8.37;89.1;3.45;
2022-12-01 21:00:00;0.0;0.0;0.0;8.46;89.1;3.24;
2022-12-01 22:00:00;0.0;0.0;0.0;8.55;92.4;3.24;
2022-12-01 23:00:00;0.0;0.0;0.0;8.61;92.4;3.17;
2022-12-02 00:00:00;0.0;0.0;0.0;8.7;92.4;2.97;
2022-12-02 01:00:00;0.0;0.0;0.0;8.75;92.4;2.69;
2022-12-02 02:00:00;0.0;0.0;0.0;8.82;92.45;2.41;
2022-12-02 03:00:00;0.0;0.0;0.0;8.83;92.45;2.21;
2022-12-02 04:00:00;0.0;0.0;0.0;8.8;92.45;2.0;
2022-12-02 05:00:00;0.0;0.0;0.0;8.82;92.45;1.79;
2022-12-02 06:00:00;0.0;0.0;0.0;8.79;92.45;1.38;
2022-12-02 07:00:00;28.0;25.0;26.0;8.2;95.8;1.38;
2022-12-02 08:00:00;77.0;14.17;74.0;8.25;95.8;1.66;
2022-12-02 09:00:00;61.0;0.0;61.0;8.44;92.4;1.79;
2022-12-02 10:00:00;59.0;0.0;59.0;9.03;89.1;1.79;
2022-12-02 11:00:00;146.0;7.74;143.0;9.99;82.95;1.52;
2022-12-02 12:00:00;199.0;91.81;166.0;10.39;80.05;1.31;
2022-12-02 13:00:00;25.0;0.0;25.0;10.8;77.2;1.1;
2022-12-02 14:00:00;20.0;0.0;20.0;11.01;77.2;1.1;
2022-12-02 15:00:00;4.0;0.0;4.0;10.76;83.0;0.83;
2022-12-02 16:00:00;0.0;0.0;0.0;9.98;86.0;1.38;
2022-12-02 17:00:00;0.0;0.0;0.0;9.3;89.15;1.93;
2022-12-02 18:00:00;0.0;0.0;0.0;9.59;89.15;2.62;
2022-12-02 19:00:00;0.0;0.0;0.0;10.41;86.05;4.9;
2022-12-02 20:00:00;0.0;0.0;0.0;10.35;80.05;4.9;
2022-12-02 21:00:00;0.0;0.0;0.0;10.16;77.1;4.48;
2022-12-02 22:00:00;0.0;0.0;0.0;9.76;74.2;4.21;
2022-12-02 23:00:00;0.0;0.0;0.0;9.45;71.5;4.14;
2022-12-03 00:00:00;0.0;0.0;0.0;9.3;66.35;4.28;
2022-12-03 01:00:00;0.0;0.0;0.0;8.97;68.8;4.34;
2022-12-03 02:00:00;0.0;0.0;0.0;8.66;68.7;4.41;
2022-12-03 03:00:00;0.0;0.0;0.0;8.08;68.6;4.14;
2022-12-03 04:00:00;0.0;0.0;0.0;7.62;68.5;3.66;
2022-12-03 05:00:00;0.0;0.0;0.0;7.37;68.5;3.45;
2022-12-03 06:00:00;0.0;0.0;0.0;6.77;68.4;3.31;
2022-12-03 07:00:00;51.0;363.41;23.0;6.95;71.05;3.72;
2022-12-03 08:00:00;186.0;646.62;51.0;7.54;71.15;3.59;
2022-12-03 09:00:00;294.0;727.07;70.0;8.33;63.7;4.55;
2022-12-03 10:00:00;363.0;776.75;77.0;8.91;59.15;4.62;
2022-12-03 11:00:00;381.0;776.56;82.0;9.13;59.15;4.21;
2022-12-03 12:00:00;354.0;786.17;73.0;9.51;54.9;4.0;
2022-12-03 13:00:00;0.0;0.0;0.0;9.49;52.85;3.72;
2022-12-03 14:00:00;46.0;0.0;46.0;9.36;52.85;3.24;
2022-12-03 15:00:00;12.0;0.0;12.0;8.63;56.8;2.34;
2022-12-03 16:00:00;0.0;0.0;0.0;7.21;63.35;2.34;
2022-12-03 17:00:00;0.0;0.0;0.0;6.19;65.65;2.34;
2022-12-03 18:00:00;0.0;0.0;0.0;5.27;68.1;2.41;
2022-12-03 19:00:00;0.0;0.0;0.0;5.49;70.8;2.76;
2022-12-03 20:00:00;0.0;0.0;0.0;5.14;73.45;2.83;
2022-12-03 21:00:00;0.0;0.0;0.0;4.98;73.45;2.76;
2022-12-03 22:00:00;0.0;0.0;0.0;4.75;73.45;2.76;
2022-12-03 23:00:00;0.0;0.0;0.0;4.45;73.45;2.62;
2022-12-04 00:00:00;0.0;0.0;0.0;4.0;76.25;2.55;
2022-12-04 01:00:00;0.0;0.0;0.0;3.56;79.15;2.48;
2022-12-04 02:00:00;0.0;0.0;0.0;3.08;82.2;2.41;
2022-12-04 03:00:00;0.0;0.0;0.0;2.81;82.2;2.34;
2022-12-04 04:00:00;0.0;0.0;0.0;2.5;85.35;2.34;
2022-12-04 05:00:00;0.0;0.0;0.0;2.29;82.15;2.41;
2022-12-04 06:00:00;0.0;0.0;0.0;2.3;82.15;2.55;
2022-12-04 07:00:00;45.0;269.68;25.0;2.96;82.2;2.69;
2022-12-04 08:00:00;182.0;626.38;53.0;4.26;76.3;2.83;
2022-12-04 09:00:00;291.0;723.66;70.0;6.17;70.85;3.79;
2022-12-04 10:00:00;361.0;771.08;79.0;7.34;61.1;4.28;
2022-12-04 11:00:00;380.0;781.03;81.0;8.08;56.7;4.14;
2022-12-04 12:00:00;352.0;781.91;74.0;8.46;54.65;3.38;
2022-12-04 13:00:00;272.0;731.49;63.0;8.59;54.65;2.55;
2022-12-04 14:00:00;47.0;0.0;47.0;8.47;54.65;2.0;
2022-12-04 15:00:00;11.0;0.0;11.0;7.74;61.1;1.52;
2022-12-04 16:00:00;0.0;0.0;0.0;6.15;68.2;2.14;
2022-12-04 17:00:00;0.0;0.0;0.0;4.76;73.45;2.21;
2022-12-04 18:00:00;0.0;0.0;0.0;3.76;76.25;2.14;
2022-12-04 19:00:00;0.0;0.0;0.0;2.91;85.4;1.86;
2022-12-04 20:00:00;0.0;0.0;0.0;2.04;88.65;1.66;
2022-12-04 21:00:00;0.0;0.0;0.0;1.26;88.6;1.86;
2022-12-04 22:00:00;0.0;0.0;0.0;0.97;92.05;2.07;
2022-12-04 23:00:00;0.0;0.0;0.0;0.85;88.55;2.21;
2022-12-05 00:00:00;0.0;0.0;0.0;0.95;92.05;2.34;
2022-12-05 01:00:00;0.0;0.0;0.0;1.37;88.6;2.55;
2022-12-05 02:00:00;0.0;0.0;0.0;1.87;88.65;2.76;
2022-12-05 03:00:00;0.0;0.0;0.0;2.11;92.1;2.62;
2022-12-05 04:00:00;0.0;0.0;0.0;2.19;88.65;2.48;
2022-12-05 05:00:00;0.0;0.0;0.0;2.13;92.1;2.55;
2022-12-05 06:00:00;0.0;0.0;0.0;2.37;88.65;2.62;
2022-12-05 07:00:00;41.0;224.23;25.0;2.7;92.15;2.34;
2022-12-05 08:00:00;178.0;615.15;53.0;3.93;85.5;2.14;
2022-12-05 09:00:00;289.0;729.86;68.0;6.56;79.5;2.34;
2022-12-05 10:00:00;357.0;767.86;78.0;8.14;71.25;2.55;
2022-12-05 11:00:00;377.0;780.08;80.0;9.23;68.8;2.69;
2022-12-05 12:00:00;346.0;757.57;78.0;9.72;66.35;2.9;
2022-12-05 13:00:00;269.0;717.6;65.0;10.07;64.0;2.83;
2022-12-05 14:00:00;47.0;0.0;47.0;9.86;64.0;2.28;
2022-12-05 15:00:00;9.0;0.0;9.0;9.08;68.8;1.86;
2022-12-05 16:00:00;0.0;0.0;0.0;8.0;73.95;2.07;
2022-12-05 17:00:00;0.0;0.0;0.0;7.04;79.55;2.28;
2022-12-05 18:00:00;0.0;0.0;0.0;6.42;82.55;2.28;
2022-12-05 19:00:00;0.0;0.0;0.0;5.79;85.65;1.93;
2022-12-05 20:00:00;0.0;0.0;0.0;5.69;88.85;1.72;
2022-12-05 21:00:00;0.0;0.0;0.0;5.4;88.85;1.59;
2022-12-05 22:00:00;0.0;0.0;0.0;5.19;88.85;1.45;
2022-12-05 23:00:00;0.0;0.0;0.0;4.78;88.85;1.45;
2022-12-06 00:00:00;0.0;0.0;0.0;4.9;88.85;1.31;
2022-12-06 01:00:00;0.0;0.0;0.0;4.96;85.55;1.31;
2022-12-06 02:00:00;0.0;0.0;0.0;5.01;85.55;1.24;
2022-12-06 03:00:00;0.0;0.0;0.0;4.69;85.55;1.17;
2022-12-06 04:00:00;0.0;0.0;0.0;4.48;88.85;0.97;
2022-12-06 05:00:00;0.0;0.0;0.0;4.14;92.2;0.97;
2022-12-06 06:00:00;0.0;0.0;0.0;3.61;92.15;1.03;
2022-12-06 07:00:00;34.0;145.7;24.0;3.13;92.15;1.1;
2022-12-06 08:00:00;121.0;169.53;87.0;4.44;85.55;0.76;
2022-12-06 09:00:00;178.0;126.54;140.0;6.56;79.5;0.69;
2022-12-06 10:00:00;152.0;19.39;145.0;8.09;71.25;0.69;
2022-12-06 11:00:00;96.0;0.0;96.0;9.15;68.8;0.97;
2022-12-06 12:00:00;149.0;19.88;142.0;9.72;66.35;1.17;
2022-12-06 13:00:00;150.0;81.28;127.0;9.93;64.0;1.17;
2022-12-06 14:00:00;70.0;0.0;70.0;9.79;64.0;1.1;
2022-12-06 15:00:00;7.0;0.0;7.0;9.27;68.9;0.76;
2022-12-06 16:00:00;0.0;0.0;0.0;8.04;79.7;0.83;
2022-12-06 17:00:00;0.0;0.0;0.0;6.67;85.7;1.03;
2022-12-06 18:00:00;0.0;0.0;0.0;5.53;88.85;1.24;
2022-12-06 19:00:00;0.0;0.0;0.0;4.05;95.75;1.45;
2022-12-06 20:00:00;0.0;0.0;0.0;3.59;95.7;1.45;
2022-12-06 21:00:00;0.0;0.0;0.0;3.54;95.7;1.38;
2022-12-06 22:00:00;0.0;0.0;0.0;3.31;95.7;1.45;
2022-12-06 23:00:00;0.0;0.0;0.0;3.14;99.4;1.59;
2022-12-07 00:00:00;0.0;0.0;0.0;3.33;95.7;1.59;
2022-12-07 01:00:00;0.0;0.0;0.0;3.06;95.7;1.72;
2022-12-07 02:00:00;0.0;0.0;0.0;3.09;95.7;1.66;
2022-12-07 03:00:00;0.0;0.0;0.0;3.39;92.15;1.52;
2022-12-07 04:00:00;0.0;0.0;0.0;2.58;95.7;1.59;
2022-12-07 05:00:00;0.0;0.0;0.0;2.49;95.7;1.45;
2022-12-07 06:00:00;0.0;0.0;0.0;2.69;95.7;1.24;
2022-12-07 07:00:00;41.0;318.19;20.0;2.28;92.15;1.31;
2022-12-07 08:00:00;155.0;444.44;67.0;3.62;92.15;1.03;
2022-12-07 09:00:00;267.0;614.27;84.0;5.93;79.4;1.03;
2022-12-07 10:00:00;291.0;409.55;144.0;7.72;76.7;1.03;
2022-12-07 11:00:00;322.0;488.21;138.0;9.06;68.8;1.03;
2022-12-07 12:00:00;322.0;638.96;98.0;9.91;66.45;0.97;
2022-12-07 13:00:00;261.0;699.17;64.0;10.4;66.55;0.76;
2022-12-07 14:00:00;47.0;0.0;47.0;10.44;66.55;0.48;
2022-12-07 15:00:00;10.0;0.0;10.0;9.89;71.6;0.62;
2022-12-07 16:00:00;0.0;0.0;0.0;7.75;82.7;1.45;
2022-12-07 17:00:00;0.0;0.0;0.0;5.91;92.3;1.59;
2022-12-07 18:00:00;0.0;0.0;0.0;4.96;92.25;1.38;
2022-12-07 19:00:00;0.0;0.0;0.0;3.74;92.2;1.66;
2022-12-07 20:00:00;0.0;0.0;0.0;3.6;95.7;1.59;
2022-12-07 21:00:00;0.0;0.0;0.0;3.71;95.7;1.31;
2022-12-07 22:00:00;0.0;0.0;0.0;4.29;92.25;0.97;
2022-12-07 23:00:00;0.0;0.0;0.0;2.45;95.7;1.38;
2022-12-08 00:00:00;0.0;0.0;0.0;1.65;99.4;1.59;
2022-12-08 01:00:00;0.0;0.0;0.0;1.86;95.65;1.31;
2022-12-08 02:00:00;0.0;0.0;0.0;2.32;95.7;1.03;
2022-12-08 03:00:00;0.0;0.0;0.0;2.78;95.7;0.76;
2022-12-08 04:00:00;0.0;0.0;0.0;2.77;95.7;0.62;
2022-12-08 05:00:00;0.0;0.0;0.0;2.74;95.7;0.41;
2022-12-08 06:00:00;0.0;0.0;0.0;2.52;95.7;0.48;
2022-12-08 07:00:00;25.0;63.04;21.0;1.04;95.65;1.03;
2022-12-08 08:00:00;91.0;51.14;81.0;2.87;95.7;0.55;
2022-12-08 09:00:00;275.0;693.44;70.0;5.9;85.65;0.48;
2022-12-08 10:00:00;219.0;134.5;171.0;8.4;74.05;0.69;
2022-12-08 11:00:00;363.0;746.39;83.0;9.72;68.9;1.17;
2022-12-08 12:00:00;326.0;670.2;92.0;10.51;66.55;1.52;
2022-12-08 13:00:00;235.0;495.22;96.0;10.87;66.65;1.59;
2022-12-08 14:00:00;52.0;0.0;52.0;10.7;71.7;1.45;
2022-12-08 15:00:00;8.0;0.0;8.0;9.97;74.3;1.38;
2022-12-08 16:00:00;0.0;0.0;0.0;8.8;82.85;1.24;
2022-12-08 17:00:00;0.0;0.0;0.0;7.91;89.05;1.1;
2022-12-08 18:00:00;0.0;0.0;0.0;7.59;92.35;0.9;
2022-12-08 19:00:00;0.0;0.0;0.0;7.98;82.7;0.28;
2022-12-08 20:00:00;0.0;0.0;0.0;7.69;89.0;0.34;
2022-12-08 21:00:00;0.0;0.0;0.0;7.27;92.35;0.55;
2022-12-08 22:00:00;0.0;0.0;0.0;6.74;89.0;0.62;
2022-12-08 23:00:00;0.0;0.0;0.0;6.61;92.3;0.48;
2022-12-09 00:00:00;0.0;0.0;0.0;6.45;92.3;0.14;
2022-12-09 01:00:00;0.0;0.0;0.0;6.26;92.3;0.14;
2022-12-09 02:00:00;0.0;0.0;0.0;6.23;95.8;0.28;
2022-12-09 03:00:00;0.0;0.0;0.0;6.44;92.3;0.34;
2022-12-09 04:00:00;0.0;0.0;0.0;6.72;92.3;0.55;
2022-12-09 05:00:00;0.0;0.0;0.0;6.88;89.0;0.97;
2022-12-09 06:00:00;0.0;0.0;0.0;6.85;89.0;1.45;
2022-12-09 07:00:00;3.0;0.0;3.0;5.9;92.3;1.03;
2022-12-09 08:00:00;101.0;93.18;83.0;6.64;92.3;1.24;
2022-12-09 09:00:00;65.0;0.0;65.0;7.38;89.0;1.45;
2022-12-09 10:00:00;53.0;0.0;53.0;8.27;85.9;1.52;
2022-12-09 11:00:00;65.0;0.0;65.0;8.91;82.85;1.59;
2022-12-09 12:00:00;71.0;0.0;71.0;9.04;82.85;1.86;
2022-12-09 13:00:00;108.0;14.3;104.0;9.13;82.85;2.07;
2022-12-09 14:00:00;73.0;0.0;73.0;8.99;82.85;1.52;
2022-12-09 15:00:00;10.0;0.0;10.0;8.75;85.9;1.03;
2022-12-09 16:00:00;0.0;0.0;0.0;7.91;85.85;1.66;
2022-12-09 17:00:00;0.0;0.0;0.0;6.97;92.35;1.93;
2022-12-09 18:00:00;0.0;0.0;0.0;5.92;92.3;2.14;
2022-12-09 19:00:00;0.0;0.0;0.0;4.97;95.75;1.79;
2022-12-09 20:00:00;0.0;0.0;0.0;4.25;92.25;1.72;
2022-12-09 21:00:00;0.0;0.0;0.0;3.61;99.4;1.72;
2022-12-09 22:00:00;0.0;0.0;0.0;2.97;99.4;1.79;
2022-12-09 23:00:00;0.0;0.0;0.0;2.36;99.4;1.66;
2022-12-10 00:00:00;0.0;0.0;0.0;1.99;99.4;1.52;
2022-12-10 01:00:00;0.0;0.0;0.0;1.61;99.4;1.59;
2022-12-10 02:00:00;0.0;0.0;0.0;1.11;99.35;1.72;
2022-12-10 03:00:00;0.0;0.0;0.0;0.73;95.65;1.66;
2022-12-10 04:00:00;0.0;0.0;0.0;0.54;99.4;1.38;
2022-12-10 05:00:00;0.0;0.0;0.0;0.47;99.4;1.17;
2022-12-10 06:00:00;0.0;0.0;0.0;-0.07;99.4;0.9;
2022-12-10 07:00:00;30.0;170.59;20.0;0.58;99.4;1.52;
2022-12-10 08:00:00;165.0;602.35;50.0;2.3;95.7;1.17;
2022-12-10 09:00:00;275.0;707.0;69.0;5.33;92.25;0.97;
2022-12-10 10:00:00;343.0;744.76;80.0;7.27;85.8;1.03;
2022-12-10 11:00:00;365.0;758.08;83.0;9.09;76.95;1.1;
2022-12-10 12:00:00;337.0;752.88;76.0;10.23;69.0;1.31;
2022-12-10 13:00:00;262.0;709.96;64.0;11.19;64.25;1.45;
2022-12-10 14:00:00;46.0;0.0;46.0;11.32;62.0;0.9;
2022-12-10 15:00:00;11.0;0.0;11.0;10.21;77.1;0.9;
2022-12-10 16:00:00;0.0;0.0;0.0;8.16;76.8;1.24;
2022-12-10 17:00:00;0.0;0.0;0.0;5.45;85.6;1.93;
2022-12-10 18:00:00;0.0;0.0;0.0;3.86;85.5;2.41;
2022-12-10 19:00:00;0.0;0.0;0.0;4.76;68.0;3.52;
2022-12-10 20:00:00;0.0;0.0;0.0;4.64;65.4;3.24;
2022-12-10 21:00:00;0.0;0.0;0.0;4.12;65.3;3.03;
2022-12-10 22:00:00;0.0;0.0;0.0;3.37;67.8;2.83;
2022-12-10 23:00:00;0.0;0.0;0.0;2.46;73.1;2.55;
2022-12-11 00:00:00;0.0;0.0;0.0;1.43;75.85;2.28;
2022-12-11 01:00:00;0.0;0.0;0.0;0.49;81.9;2.21;
2022-12-11 02:00:00;0.0;0.0;0.0;-0.29;81.8;2.07;
2022-12-11 03:00:00;0.0;0.0;0.0;-0.62;81.75;1.86;
2022-12-11 04:00:00;0.0;0.0;0.0;-0.63;81.75;1.59;
2022-12-11 05:00:00;0.0;0.0;0.0;-0.76;78.6;1.52;
2022-12-11 06:00:00;0.0;0.0;0.0;-0.79;78.6;1.45;
2022-12-11 07:00:00;29.0;159.74;20.0;-1.62;84.95;2.21;
2022-12-11 08:00:00;168.0;625.14;50.0;0.2;81.9;1.79;
2022-12-11 09:00:00;281.0;739.45;67.0;4.4;68.0;1.79;
2022-12-11 10:00:00;351.0;776.83;78.0;6.37;58.55;2.07;
2022-12-11 11:00:00;369.0;758.23;88.0;7.34;50.35;1.72;
2022-12-11 12:00:00;340.0;740.71;84.0;7.86;44.85;1.1;
2022-12-11 13:00:00;265.0;711.79;67.0;8.04;44.85;1.03;
2022-12-11 14:00:00;60.0;0.0;60.0;7.78;46.65;0.97;
2022-12-11 15:00:00;8.0;0.0;8.0;6.85;54.3;1.45;
2022-12-11 16:00:00;0.0;0.0;0.0;4.55;65.4;1.72;
2022-12-11 17:00:00;0.0;0.0;0.0;2.56;73.1;1.52;
2022-12-11 18:00:00;0.0;0.0;0.0;1.98;73.0;1.31;
2022-12-11 19:00:00;0.0;0.0;0.0;1.99;70.2;1.17;
2022-12-11 20:00:00;0.0;0.0;0.0;1.04;75.75;1.24;
2022-12-11 21:00:00;0.0;0.0;0.0;0.67;75.7;1.17;
2022-12-11 22:00:00;0.0;0.0;0.0;1.04;75.75;0.76;
2022-12-11 23:00:00;0.0;0.0;0.0;0.79;75.75;0.41;
2022-12-12 00:00:00;0.0;0.0;0.0;0.49;78.75;0.34;
2022-12-12 01:00:00;0.0;0.0;0.0;0.06;81.8;0.62;
2022-12-12 02:00:00;0.0;0.0;0.0;-1.42;88.35;1.1;
2022-12-12 03:00:00;0.0;0.0;0.0;-1.55;88.35;1.24;
2022-12-12 04:00:00;0.0;0.0;0.0;-1.3;88.4;1.38;
2022-12-12 05:00:00;0.0;0.0;0.0;-0.76;85.05;1.31;
2022-12-12 06:00:00;0.0;0.0;0.0;0.15;85.1;1.45;
2022-12-12 07:00:00;8.0;0.0;8.0;1.81;75.95;2.14;
2022-12-12 08:00:00;21.0;0.0;21.0;2.73;73.2;2.55;
2022-12-12 09:00:00;55.0;0.0;55.0;3.3;76.15;2.55;
2022-12-12 10:00:00;49.0;0.0;49.0;3.57;82.25;2.21;
2022-12-12 11:00:00;89.0;0.0;89.0;3.79;82.3;1.93;
2022-12-12 12:00:00;44.0;0.0;44.0;3.87;85.5;1.93;
2022-12-12 13:00:00;28.0;0.0;28.0;3.61;88.75;2.0;
2022-12-12 14:00:00;70.0;0.0;70.0;3.4;92.15;2.28;
2022-12-12 15:00:00;2.0;0.0;2.0;2.91;92.15;2.76;
2022-12-12 16:00:00;0.0;0.0;0.0;2.65;95.7;2.48;
2022-12-12 17:00:00;0.0;0.0;0.0;2.67;95.7;2.41;
2022-12-12 18:00:00;0.0;0.0;0.0;2.25;92.15;2.28;
2022-12-12 19:00:00;0.0;0.0;0.0;2.01;95.65;2.07;
2022-12-12 20:00:00;0.0;0.0;0.0;1.6;95.65;1.79;
2022-12-12 21:00:00;0.0;0.0;0.0;1.16;99.35;1.79;
2022-12-12 22:00:00;0.0;0.0;0.0;0.25;95.65;2.28;
2022-12-12 23:00:00;0.0;0.0;0.0;-0.3;95.6;2.0;
2022-12-13 00:00:00;0.0;0.0;0.0;-1.11;95.6;2.14;
2022-12-13 01:00:00;0.0;0.0;0.0;-1.54;95.6;1.59;
2022-12-13 02:00:00;0.0;0.0;0.0;-2.13;95.55;1.03;
2022-12-13 03:00:00;0.0;0.0;0.0;-2.04;95.55;0.76;
2022-12-13 04:00:00;0.0;0.0;0.0;-2.0;95.55;0.62;
2022-12-13 05:00:00;0.0;0.0;0.0;-1.58;95.6;0.9;
2022-12-13 06:00:00;0.0;0.0;0.0;-0.17;95.6;0.76;
2022-12-13 07:00:00;5.0;0.0;5.0;1.1;95.65;1.79;
2022-12-13 08:00:00;99.0;108.26;79.0;2.01;92.1;2.76;
2022-12-13 09:00:00;45.0;0.0;45.0;3.03;92.15;2.83;
2022-12-13 10:00:00;58.0;0.0;58.0;3.97;92.2;3.24;
2022-12-13 11:00:00;55.0;0.0;55.0;4.22;92.25;3.79;
2022-12-13 12:00:00;42.0;0.0;42.0;3.57;99.4;4.48;
2022-12-13 13:00:00;67.0;0.0;67.0;2.6;99.4;4.69;
2022-12-13 14:00:00;31.0;0.0;31.0;2.6;95.7;4.14;
2022-12-13 15:00:00;2.0;0.0;2.0;3.06;92.15;2.76;
2022-12-13 16:00:00;0.0;0.0;0.0;3.09;92.15;2.83;
2022-12-13 17:00:00;0.0;0.0;0.0;2.58;95.7;3.79;
2022-12-13 18:00:00;0.0;0.0;0.0;2.35;92.15;4.21;
2022-12-13 19:00:00;0.0;0.0;0.0;2.68;92.15;3.59;
2022-12-13 20:00:00;0.0;0.0;0.0;2.35;88.65;2.97;
2022-12-13 21:00:00;0.0;0.0;0.0;2.04;92.1;2.97;
2022-12-13 22:00:00;0.0;0.0;0.0;1.57;92.05;3.38;
2022-12-13 23:00:00;0.0;0.0;0.0;1.05;88.55;3.24;
2022-12-14 00:00:00;0.0;0.0;0.0;0.43;88.5;2.76;
2022-12-14 01:00:00;0.0;0.0;0.0;-0.14;88.45;2.69;
2022-12-14 02:00:00;0.0;0.0;0.0;-0.49;91.95;2.83;
2022-12-14 03:00:00;0.0;0.0;0.0;-0.79;88.45;2.48;
2022-12-14 04:00:00;0.0;0.0;0.0;-1.25;88.4;1.93;
2022-12-14 05:00:00;0.0;0.0;0.0;-1.41;91.9;2.14;
2022-12-14 06:00:00;0.0;0.0;0.0;-1.61;91.9;2.0;
2022-12-14 07:00:00;23.0;139.78;16.0;-1.09;88.4;1.93;
2022-12-14 08:00:00;154.0;563.17;51.0;0.18;88.5;1.17;
2022-12-14 09:00:00;268.0;707.31;67.0;3.83;79.2;0.97;
2022-12-14 10:00:00;345.0;795.35;69.0;6.21;73.65;1.03;
2022-12-14 11:00:00;367.0;798.05;74.0;8.1;66.05;0.9;
2022-12-14 12:00:00;342.0;798.42;68.0;9.36;59.25;1.03;
2022-12-14 13:00:00;263.0;737.12;59.0;9.91;57.15;1.24;
2022-12-14 14:00:00;47.0;0.0;47.0;9.7;63.9;0.97;
2022-12-14 15:00:00;10.0;0.0;10.0;8.64;74.05;0.55;
2022-12-14 16:00:00;0.0;0.0;0.0;7.67;71.15;0.41;
2022-12-14 17:00:00;0.0;0.0;0.0;6.59;73.7;0.21;
2022-12-14 18:00:00;0.0;0.0;0.0;5.45;79.35;0.41;
2022-12-14 19:00:00;0.0;0.0;0.0;4.81;76.3;0.69;
2022-12-14 20:00:00;0.0;0.0;0.0;3.36;79.15;0.97;
2022-12-14 21:00:00;0.0;0.0;0.0;0.66;92.0;1.72;
2022-12-14 22:00:00;0.0;0.0;0.0;-0.28;92.0;2.07;
2022-12-14 23:00:00;0.0;0.0;0.0;-0.24;92.0;2.14;
2022-12-15 00:00:00;0.0;0.0;0.0;-0.19;95.6;2.14;
2022-12-15 01:00:00;0.0;0.0;0.0;-0.29;95.6;2.07;
2022-12-15 02:00:00;0.0;0.0;0.0;-0.27;95.6;2.14;
2022-12-15 03:00:00;0.0;0.0;0.0;-0.17;95.6;2.28;
2022-12-15 04:00:00;0.0;0.0;0.0;0.1;95.6;2.34;
2022-12-15 05:00:00;0.0;0.0;0.0;0.47;92.0;2.34;
2022-12-15 06:00:00;0.0;0.0;0.0;0.8;92.05;2.21;
2022-12-15 07:00:00;22.0;145.28;15.0;1.67;92.05;2.0;
2022-12-15 08:00:00;70.0;22.08;66.0;2.97;88.7;1.52;
2022-12-15 09:00:00;82.0;0.0;82.0;6.27;82.55;0.97;
2022-12-15 10:00:00;102.0;0.0;102.0;7.88;76.8;0.69;
2022-12-15 11:00:00;275.0;311.28;161.0;9.47;71.5;0.76;
2022-12-15 12:00:00;149.0;26.27;140.0;9.92;71.6;0.83;
2022-12-15 13:00:00;86.0;3.62;85.0;10.05;71.6;0.62;
2022-12-15 14:00:00;54.0;0.0;54.0;9.93;71.6;0.34;
2022-12-15 15:00:00;7.0;0.0;7.0;9.32;79.9;0.69;
2022-12-15 16:00:00;0.0;0.0;0.0;8.2;85.85;1.17;
2022-12-15 17:00:00;0.0;0.0;0.0;7.53;89.0;1.17;
2022-12-15 18:00:00;0.0;0.0;0.0;7.06;89.0;1.31;
2022-12-15 19:00:00;0.0;0.0;0.0;5.65;92.25;1.1;
2022-12-15 20:00:00;0.0;0.0;0.0;5.41;92.25;1.03;
2022-12-15 21:00:00;0.0;0.0;0.0;5.39;88.85;0.83;
2022-12-15 22:00:00;0.0;0.0;0.0;4.86;92.25;0.97;
2022-12-15 23:00:00;0.0;0.0;0.0;4.39;92.25;0.97;
2022-12-16 00:00:00;0.0;0.0;0.0;4.39;92.25;0.76;
2022-12-16 01:00:00;0.0;0.0;0.0;4.75;92.25;0.55;
2022-12-16 02:00:00;0.0;0.0;0.0;4.05;95.75;0.83;
2022-12-16 03:00:00;0.0;0.0;0.0;4.12;95.75;0.76;
2022-12-16 04:00:00;0.0;0.0;0.0;4.11;95.75;0.9;
2022-12-16 05:00:00;0.0;0.0;0.0;4.41;92.25;1.17;
2022-12-16 06:00:00;0.0;0.0;0.0;5.36;95.75;1.45;
2022-12-16 07:00:00;5.0;0.0;5.0;5.49;95.75;1.38;
2022-12-16 08:00:00;53.0;5.57;52.0;6.63;92.3;1.31;
2022-12-16 09:00:00;112.0;17.78;107.0;8.61;85.9;1.31;
2022-12-16 10:00:00;167.0;46.42;151.0;9.28;79.9;1.31;
2022-12-16 11:00:00;219.0;125.87;173.0;9.9;79.95;1.38;
2022-12-16 12:00:00;175.0;64.3;153.0;10.09;79.95;1.38;
2022-12-16 13:00:00;76.0;0.0;76.0;10.35;77.15;1.31;
2022-12-16 14:00:00;68.0;0.0;68.0;10.41;77.15;1.1;
2022-12-16 15:00:00;10.0;0.0;10.0;9.65;82.9;1.24;
2022-12-16 16:00:00;0.0;0.0;0.0;8.35;89.1;1.38;
2022-12-16 17:00:00;0.0;0.0;0.0;7.52;92.35;1.45;
2022-12-16 18:00:00;0.0;0.0;0.0;6.93;92.35;1.79;
2022-12-16 19:00:00;0.0;0.0;0.0;6.28;92.3;1.66;
2022-12-16 20:00:00;0.0;0.0;0.0;5.93;95.75;1.86;
2022-12-16 21:00:00;0.0;0.0;0.0;5.73;95.75;1.93;
2022-12-16 22:00:00;0.0;0.0;0.0;6.08;95.75;2.07;
2022-12-16 23:00:00;0.0;0.0;0.0;6.9;92.35;2.21;
2022-12-17 00:00:00;0.0;0.0;0.0;7.34;92.35;2.48;
2022-12-17 01:00:00;0.0;0.0;0.0;7.68;95.8;2.69;
2022-12-17 02:00:00;0.0;0.0;0.0;7.88;92.4;2.9;
2022-12-17 03:00:00;0.0;0.0;0.0;8.14;95.8;2.9;
2022-12-17 04:00:00;0.0;0.0;0.0;8.28;92.4;2.97;
2022-12-17 05:00:00;0.0;0.0;0.0;8.49;92.4;2.97;
2022-12-17 06:00:00;0.0;0.0;0.0;8.9;92.45;3.03;
2022-12-17 07:00:00;2.0;0.0;2.0;9.17;95.85;2.69;
2022-12-17 08:00:00;83.0;61.8;72.0;9.55;92.45;2.83;
2022-12-17 09:00:00;175.0;175.02;126.0;10.66;92.5;2.69;
2022-12-17 10:00:00;115.0;2.91;114.0;11.94;89.35;3.17;
2022-12-17 11:00:00;119.0;2.74;118.0;13.21;86.3;3.52;
2022-12-17 12:00:00;117.0;5.85;115.0;13.91;80.45;3.24;
2022-12-17 13:00:00;138.0;65.11;120.0;14.03;83.4;3.17;
2022-12-17 14:00:00;69.0;0.0;69.0;13.79;86.35;3.1;
2022-12-17 15:00:00;10.0;0.0;10.0;12.78;92.6;3.1;
2022-12-17 16:00:00;0.0;0.0;0.0;11.98;92.6;3.1;
2022-12-17 17:00:00;0.0;0.0;0.0;11.47;95.9;2.97;
2022-12-17 18:00:00;0.0;0.0;0.0;11.33;95.9;2.83;
2022-12-17 19:00:00;0.0;0.0;0.0;10.52;95.9;2.28;
2022-12-17 20:00:00;0.0;0.0;0.0;10.2;99.4;2.34;
2022-12-17 21:00:00;0.0;0.0;0.0;10.06;99.4;2.34;
2022-12-17 22:00:00;0.0;0.0;0.0;10.23;99.4;2.21;
2022-12-17 23:00:00;0.0;0.0;0.0;10.08;99.4;2.28;
2022-12-18 00:00:00;0.0;0.0;0.0;9.91;95.9;2.28;
2022-12-18 01:00:00;0.0;0.0;0.0;9.4;99.4;2.34;
2022-12-18 02:00:00;0.0;0.0;0.0;9.64;99.4;2.14;
2022-12-18 03:00:00;0.0;0.0;0.0;9.45;99.4;2.14;
2022-12-18 04:00:00;0.0;0.0;0.0;9.14;99.4;2.21;
2022-12-18 05:00:00;0.0;0.0;0.0;8.92;99.4;2.21;
2022-12-18 06:00:00;0.0;0.0;0.0;9.06;99.4;2.28;
2022-12-18 07:00:00;4.0;0.0;4.0;8.38;99.4;2.07;
2022-12-18 08:00:00;74.0;39.64;67.0;9.01;99.4;2.0;
2022-12-18 09:00:00;170.0;157.82;126.0;10.14;99.4;2.21;
2022-12-18 10:00:00;192.0;96.26;159.0;11.43;92.55;2.55;
2022-12-18 11:00:00;181.0;52.16;162.0;12.57;89.4;2.41;
2022-12-18 12:00:00;199.0;117.08;159.0;13.46;86.35;2.48;
2022-12-18 13:00:00;159.0;122.93;125.0;13.9;83.4;2.48;
2022-12-18 14:00:00;72.0;0.0;72.0;13.84;86.4;2.14;
2022-12-18 15:00:00;5.0;0.0;5.0;13.48;89.45;2.07;
2022-12-18 16:00:00;0.0;0.0;0.0;12.85;92.65;2.28;
2022-12-18 17:00:00;0.0;0.0;0.0;12.54;92.6;2.41;
2022-12-18 18:00:00;0.0;0.0;0.0;12.35;92.6;2.41;
2022-12-18 19:00:00;0.0;0.0;0.0;11.13;95.9;1.86;
2022-12-18 20:00:00;0.0;0.0;0.0;10.58;95.9;1.86;
2022-12-18 21:00:00;0.0;0.0;0.0;10.03;95.9;1.86;
2022-12-18 22:00:00;0.0;0.0;0.0;9.76;99.4;1.86;
2022-12-18 23:00:00;0.0;0.0;0.0;10.07;95.9;2.07;
2022-12-19 00:00:00;0.0;0.0;0.0;10.43;95.9;2.21;
2022-12-19 01:00:00;0.0;0.0;0.0;10.83;92.55;2.21;
2022-12-19 02:00:00;0.0;0.0;0.0;10.79;92.55;2.28;
2022-12-19 03:00:00;0.0;0.0;0.0;11.09;95.9;2.34;
2022-12-19 04:00:00;0.0;0.0;0.0;11.11;95.9;2.41;
2022-12-19 05:00:00;0.0;0.0;0.0;11.0;95.9;2.34;
2022-12-19 06:00:00;0.0;0.0;0.0;10.81;95.9;2.28;
2022-12-19 07:00:00;9.0;0.0;9.0;10.78;95.9;1.72;
2022-12-19 08:00:00;51.0;5.71;50.0;11.38;95.9;1.86;
2022-12-19 09:00:00;87.0;3.6;86.0;12.15;95.95;2.76;
2022-12-19 10:00:00;100.0;0.0;100.0;12.85;89.4;3.1;
2022-12-19 11:00:00;54.0;0.0;54.0;13.52;89.45;3.38;
2022-12-19 12:00:00;94.0;0.0;94.0;14.3;89.5;3.1;
2022-12-19 13:00:00;22.0;0.0;22.0;14.26;89.5;2.28;
2022-12-19 14:00:00;55.0;0.0;55.0;14.01;89.5;1.45;
2022-12-19 15:00:00;2.0;0.0;2.0;13.61;92.65;1.31;
2022-12-19 16:00:00;0.0;0.0;0.0;12.76;99.4;0.97;
2022-12-19 17:00:00;0.0;0.0;0.0;12.09;99.4;0.55;
2022-12-19 18:00:00;0.0;0.0;0.0;11.56;99.4;0.55;
2022-12-19 19:00:00;0.0;0.0;0.0;10.75;99.4;1.03;
2022-12-19 20:00:00;0.0;0.0;0.0;10.68;99.4;1.45;
2022-12-19 21:00:00;0.0;0.0;0.0;10.57;99.4;1.79;
2022-12-19 22:00:00;0.0;0.0;0.0;10.51;99.4;1.72;
2022-12-19 23:00:00;0.0;0.0;0.0;10.54;99.4;1.93;
2022-12-20 00:00:00;0.0;0.0;0.0;10.25;99.4;1.66;
2022-12-20 01:00:00;0.0;0.0;0.0;10.08;99.4;1.45;
2022-12-20 02:00:00;0.0;0.0;0.0;9.7;99.4;1.38;
2022-12-20 03:00:00;0.0;0.0;0.0;9.27;99.4;1.66;
2022-12-20 04:00:00;0.0;0.0;0.0;8.86;99.4;1.79;
2022-12-20 05:00:00;0.0;0.0;0.0;8.69;99.4;1.45;
2022-12-20 06:00:00;0.0;0.0;0.0;8.42;99.4;1.31;
2022-12-20 07:00:00;2.0;0.0;2.0;8.41;95.85;1.24;
2022-12-20 08:00:00;57.0;11.49;55.0;8.68;95.85;1.17;
2022-12-20 09:00:00;98.0;7.23;96.0;9.95;89.2;1.17;
2022-12-20 10:00:00;135.0;14.64;130.0;11.2;86.1;1.31;
2022-12-20 11:00:00;129.0;5.5;127.0;12.02;83.15;1.31;
2022-12-20 12:00:00;96.0;0.0;96.0;12.14;83.15;1.72;
2022-12-20 13:00:00;52.0;0.0;52.0;12.16;86.2;2.21;
2022-12-20 14:00:00;68.0;0.0;68.0;11.82;89.35;2.62;
2022-12-20 15:00:00;2.0;0.0;2.0;11.28;89.3;3.03;
2022-12-20 16:00:00;0.0;0.0;0.0;11.17;92.55;3.52;
2022-12-20 17:00:00;0.0;0.0;0.0;11.32;89.3;3.86;
2022-12-20 18:00:00;0.0;0.0;0.0;11.6;89.3;4.07;
2022-12-20 19:00:00;0.0;0.0;0.0;11.37;89.3;3.66;
2022-12-20 20:00:00;0.0;0.0;0.0;11.33;89.3;3.52;
2022-12-20 21:00:00;0.0;0.0;0.0;11.18;92.55;3.38;
2022-12-20 22:00:00;0.0;0.0;0.0;11.12;92.55;3.1;
2022-12-20 23:00:00;0.0;0.0;0.0;11.27;92.55;2.97;
2022-12-21 00:00:00;0.0;0.0;0.0;10.88;92.55;2.55;
2022-12-21 01:00:00;0.0;0.0;0.0;10.65;92.5;2.21;
2022-12-21 02:00:00;0.0;0.0;0.0;10.59;92.5;1.93;
2022-12-21 03:00:00;0.0;0.0;0.0;10.69;95.9;2.14;
2022-12-21 04:00:00;0.0;0.0;0.0;10.89;92.55;2.48;
2022-12-21 05:00:00;0.0;0.0;0.0;10.9;92.55;2.21;
2022-12-21 06:00:00;0.0;0.0;0.0;10.96;92.55;2.21;
2022-12-21 07:00:00;4.0;0.0;4.0;11.69;92.55;2.9;
2022-12-21 08:00:00;26.0;0.0;26.0;11.87;92.6;3.17;
2022-12-21 09:00:00;57.0;0.0;57.0;12.07;92.6;3.45;
2022-12-21 10:00:00;199.0;117.33;159.0;12.51;92.6;3.24;
2022-12-21 11:00:00;146.0;13.76;141.0;13.29;95.95;2.21;
2022-12-21 12:00:00;42.0;0.0;42.0;13.32;92.65;4.55;
2022-12-21 13:00:00;234.0;540.1;84.0;12.18;89.35;5.24;
2022-12-21 14:00:00;58.0;0.0;58.0;11.95;80.2;5.1;
2022-12-21 15:00:00;12.0;0.0;12.0;11.2;83.05;5.72;
2022-12-21 16:00:00;0.0;0.0;0.0;10.31;86.05;5.79;
2022-12-21 17:00:00;0.0;0.0;0.0;9.86;86.0;5.72;
2022-12-21 18:00:00;0.0;0.0;0.0;9.47;85.95;5.24;
2022-12-21 19:00:00;0.0;0.0;0.0;9.47;85.95;4.0;
2022-12-21 20:00:00;0.0;0.0;0.0;8.84;89.1;3.45;
2022-12-21 21:00:00;0.0;0.0;0.0;8.17;92.4;2.9;
2022-12-21 22:00:00;0.0;0.0;0.0;7.59;92.35;2.41;
2022-12-21 23:00:00;0.0;0.0;0.0;7.0;95.8;1.86;
2022-12-22 00:00:00;0.0;0.0;0.0;6.62;95.8;2.0;
2022-12-22 01:00:00;0.0;0.0;0.0;6.52;95.8;1.59;
2022-12-22 02:00:00;0.0;0.0;0.0;7.26;92.35;2.07;
2022-12-22 03:00:00;0.0;0.0;0.0;8.29;92.4;3.17;
2022-12-22 04:00:00;0.0;0.0;0.0;9.11;95.85;3.79;
2022-12-22 05:00:00;0.0;0.0;0.0;9.57;92.45;4.14;
2022-12-22 06:00:00;0.0;0.0;0.0;9.73;95.85;4.69;
2022-12-22 07:00:00;2.0;0.0;2.0;8.87;89.1;5.93;
2022-12-22 08:00:00;53.0;5.81;52.0;8.64;89.1;5.72;
2022-12-22 09:00:00;48.0;0.0;48.0;8.98;85.95;4.97;
2022-12-22 10:00:00;74.0;0.0;74.0;9.27;85.95;3.79;
2022-12-22 11:00:00;204.0;93.57;170.0;9.64;85.95;4.41;
2022-12-22 12:00:00;113.0;2.92;112.0;10.21;82.95;4.0;
2022-12-22 13:00:00;108.0;14.37;104.0;11.19;80.1;3.86;
2022-12-22 14:00:00;74.0;0.0;74.0;11.38;77.3;3.31;
2022-12-22 15:00:00;2.0;0.0;2.0;10.79;80.1;2.14;
2022-12-22 16:00:00;0.0;0.0;0.0;9.47;85.95;2.28;
2022-12-22 17:00:00;0.0;0.0;0.0;8.4;89.1;2.55;
2022-12-22 18:00:00;0.0;0.0;0.0;7.68;92.35;2.69;
2022-12-22 19:00:00;0.0;0.0;0.0;7.29;92.35;2.48;
2022-12-22 20:00:00;0.0;0.0;0.0;7.08;92.35;2.83;
2022-12-22 21:00:00;0.0;0.0;0.0;6.91;92.35;2.69;
2022-12-22 22:00:00;0.0;0.0;0.0;6.56;92.3;2.62;
2022-12-22 23:00:00;0.0;0.0;0.0;6.06;92.3;2.41;
2022-12-23 00:00:00;0.0;0.0;0.0;5.42;88.85;2.07;
2022-12-23 01:00:00;0.0;0.0;0.0;4.51;88.85;2.0;
2022-12-23 02:00:00;0.0;0.0;0.0;3.84;88.8;2.0;
2022-12-23 03:00:00;0.0;0.0;0.0;3.03;92.15;2.07;
2022-12-23 04:00:00;0.0;0.0;0.0;2.88;92.15;2.14;
2022-12-23 05:00:00;0.0;0.0;0.0;2.75;92.15;2.34;
2022-12-23 06:00:00;0.0;0.0;0.0;3.3;85.45;2.76;
2022-12-23 07:00:00;9.0;0.0;9.0;5.91;76.5;3.38;
2022-12-23 08:00:00;111.0;233.7;71.0;6.94;68.4;3.86;
2022-12-23 09:00:00;224.0;436.82;104.0;8.95;61.45;4.14;
2022-12-23 10:00:00;323.0;693.52;87.0;11.22;55.3;4.21;
2022-12-23 11:00:00;359.0;775.92;77.0;12.9;49.85;4.48;
2022-12-23 12:00:00;294.0;493.34;125.0;13.57;48.15;4.69;
2022-12-23 13:00:00;217.0;372.63;113.0;13.71;48.15;4.55;
2022-12-23 14:00:00;61.0;0.0;61.0;13.18;49.85;4.21;
2022-12-23 15:00:00;12.0;0.0;12.0;11.82;51.5;4.28;
2022-12-23 16:00:00;0.0;0.0;0.0;10.59;55.15;4.69;
2022-12-23 17:00:00;0.0;0.0;0.0;9.96;55.05;4.55;
2022-12-23 18:00:00;0.0;0.0;0.0;9.23;59.15;4.34;
2022-12-23 19:00:00;0.0;0.0;0.0;9.46;59.25;4.14;
2022-12-23 20:00:00;0.0;0.0;0.0;8.76;63.7;3.93;
2022-12-23 21:00:00;0.0;0.0;0.0;8.1;63.6;3.86;
2022-12-23 22:00:00;0.0;0.0;0.0;7.54;65.95;3.66;
2022-12-23 23:00:00;0.0;0.0;0.0;6.87;68.4;3.45;
2022-12-24 00:00:00;0.0;0.0;0.0;6.3;68.3;3.59;
2022-12-24 01:00:00;0.0;0.0;0.0;5.88;68.2;3.38;
2022-12-24 02:00:00;0.0;0.0;0.0;5.27;68.1;3.03;
2022-12-24 03:00:00;0.0;0.0;0.0;4.64;70.7;2.9;
2022-12-24 04:00:00;0.0;0.0;0.0;4.13;70.6;2.83;
2022-12-24 05:00:00;0.0;0.0;0.0;3.75;67.9;2.83;
2022-12-24 06:00:00;0.0;0.0;0.0;3.27;70.5;2.62;
2022-12-24 07:00:00;10.0;0.0;10.0;3.23;73.3;2.34;
2022-12-24 08:00:00;149.0;633.73;41.0;3.67;79.15;2.0;
2022-12-24 09:00:00;130.0;43.75;118.0;6.44;70.95;1.72;
2022-12-24 10:00:00;311.0;608.53;104.0;8.47;66.15;1.45;
2022-12-24 11:00:00;271.0;283.24;168.0;9.85;61.65;1.24;
2022-12-24 12:00:00;197.0;99.09;163.0;10.64;61.75;1.45;
2022-12-24 13:00:00;98.0;7.14;96.0;10.95;59.6;1.17;
2022-12-24 14:00:00;52.0;0.0;52.0;10.73;61.75;1.24;
2022-12-24 15:00:00;13.0;0.0;13.0;10.12;66.45;1.38;
2022-12-24 16:00:00;0.0;0.0;0.0;8.28;71.35;1.72;
2022-12-24 17:00:00;0.0;0.0;0.0;6.25;82.55;1.86;
2022-12-24 18:00:00;0.0;0.0;0.0;4.89;88.85;2.0;
2022-12-24 19:00:00;0.0;0.0;0.0;4.71;85.55;2.14;
2022-12-24 20:00:00;0.0;0.0;0.0;4.65;82.35;1.79;
2022-12-24 21:00:00;0.0;0.0;0.0;4.69;79.3;1.52;
2022-12-24 22:00:00;0.0;0.0;0.0;3.22;82.25;1.72;
2022-12-24 23:00:00;0.0;0.0;0.0;2.33;85.35;1.93;
2022-12-25 00:00:00;0.0;0.0;0.0;2.36;85.35;1.59;
2022-12-25 01:00:00;0.0;0.0;0.0;3.0;82.2;1.24;
2022-12-25 02:00:00;0.0;0.0;0.0;3.06;82.2;1.03;
2022-12-25 03:00:00;0.0;0.0;0.0;3.05;82.2;0.9;
2022-12-25 04:00:00;0.0;0.0;0.0;2.86;82.2;0.83;
2022-12-25 05:00:00;0.0;0.0;0.0;1.64;88.6;1.1;
2022-12-25 06:00:00;0.0;0.0;0.0;-0.03;95.6;1.45;
2022-12-25 07:00:00;9.0;0.0;9.0;0.63;99.4;0.83;
2022-12-25 08:00:00;141.0;541.83;49.0;1.6;99.4;0.69;
2022-12-25 09:00:00;257.0;697.29;66.0;3.79;88.8;0.41;
2022-12-25 10:00:00;332.0;755.54;75.0;5.78;85.65;0.34;
2022-12-25 11:00:00;362.0;782.99;77.0;7.25;79.65;0.21;
2022-12-25 12:00:00;341.0;788.26;70.0;8.03;76.8;0.21;
2022-12-25 13:00:00;267.0;729.66;62.0;8.67;76.85;0.34;
2022-12-25 14:00:00;49.0;0.0;49.0;8.83;74.15;0.34;
2022-12-25 15:00:00;13.0;0.0;13.0;8.42;76.85;0.07;
2022-12-25 16:00:00;0.0;0.0;0.0;7.49;79.65;0.41;
2022-12-25 17:00:00;0.0;0.0;0.0;6.75;82.6;0.62;
2022-12-25 18:00:00;0.0;0.0;0.0;5.1;92.25;1.1;
2022-12-25 19:00:00;0.0;0.0;0.0;6.33;85.7;0.21;
2022-12-25 20:00:00;0.0;0.0;0.0;3.08;95.7;1.45;
2022-12-25 21:00:00;0.0;0.0;0.0;3.19;95.7;1.38;
2022-12-25 22:00:00;0.0;0.0;0.0;4.24;92.25;0.97;
2022-12-25 23:00:00;0.0;0.0;0.0;3.64;95.7;0.69;
2022-12-26 00:00:00;0.0;0.0;0.0;3.14;95.7;0.55;
2022-12-26 01:00:00;0.0;0.0;0.0;1.62;99.4;1.17;
2022-12-26 02:00:00;0.0;0.0;0.0;0.17;95.65;1.52;
2022-12-26 03:00:00;0.0;0.0;0.0;-0.11;99.4;1.24;
2022-12-26 04:00:00;0.0;0.0;0.0;-0.15;99.4;0.69;
2022-12-26 05:00:00;0.0;0.0;0.0;-0.16;99.4;0.62;
2022-12-26 06:00:00;0.0;0.0;0.0;-0.45;99.4;0.9;
2022-12-26 07:00:00;8.0;0.0;8.0;0.72;92.05;1.59;
2022-12-26 08:00:00;139.0;531.64;49.0;3.12;88.7;0.83;
2022-12-26 09:00:00;255.0;690.52;66.0;4.85;92.25;0.55;
2022-12-26 10:00:00;333.0;761.15;74.0;7.92;76.8;0.55;
2022-12-26 11:00:00;361.0;779.25;77.0;9.66;68.9;0.62;
2022-12-26 12:00:00;339.0;771.92;73.0;10.7;66.55;0.83;
2022-12-26 13:00:00;266.0;716.17;64.0;11.22;66.65;1.17;
2022-12-26 14:00:00;62.0;0.0;62.0;11.09;69.15;1.45;
2022-12-26 15:00:00;14.0;0.0;14.0;9.96;74.3;1.93;
2022-12-26 16:00:00;0.0;0.0;0.0;8.04;82.7;2.28;
2022-12-26 17:00:00;0.0;0.0;0.0;6.89;85.75;2.0;
2022-12-26 18:00:00;0.0;0.0;0.0;6.03;92.3;1.59;
2022-12-26 19:00:00;0.0;0.0;0.0;5.1;95.75;1.66;
2022-12-26 20:00:00;0.0;0.0;0.0;5.06;99.4;1.38;
2022-12-26 21:00:00;0.0;0.0;0.0;4.26;92.25;1.72;
2022-12-26 22:00:00;0.0;0.0;0.0;3.83;95.75;2.0;
2022-12-26 23:00:00;0.0;0.0;0.0;3.48;99.4;1.93;
2022-12-27 00:00:00;0.0;0.0;0.0;3.64;99.4;1.79;
2022-12-27 01:00:00;0.0;0.0;0.0;3.62;99.4;1.79;
2022-12-27 02:00:00;0.0;0.0;0.0;3.24;95.7;1.79;
2022-12-27 03:00:00;0.0;0.0;0.0;2.4;95.7;1.66;
2022-12-27 04:00:00;0.0;0.0;0.0;1.57;99.4;1.66;
2022-12-27 05:00:00;0.0;0.0;0.0;1.4;95.65;1.24;
2022-12-27 06:00:00;0.0;0.0;0.0;1.92;92.1;0.97;
2022-12-27 07:00:00;7.0;0.0;7.0;1.7;95.65;1.31;
2022-12-27 08:00:00;125.0;378.93;61.0;2.3;95.7;1.24;
2022-12-27 09:00:00;231.0;511.67;91.0;5.51;88.85;1.31;
2022-12-27 10:00:00;306.0;593.22;104.0;7.7;79.65;1.38;
2022-12-27 11:00:00;355.0;758.82;78.0;9.34;68.9;1.79;
2022-12-27 12:00:00;334.0;752.49;74.0;10.28;66.55;1.72;
2022-12-27 13:00:00;262.0;695.42;65.0;10.7;69.1;1.52;
2022-12-27 14:00:00;47.0;0.0;47.0;10.57;69.1;1.38;
2022-12-27 15:00:00;14.0;0.0;14.0;9.95;71.6;1.24;
2022-12-27 16:00:00;0.0;0.0;0.0;8.1;82.7;1.45;
2022-12-27 17:00:00;0.0;0.0;0.0;6.22;92.3;1.52;
2022-12-27 18:00:00;0.0;0.0;0.0;4.67;92.25;1.86;
2022-12-27 19:00:00;0.0;0.0;0.0;4.13;95.75;2.14;
2022-12-27 20:00:00;0.0;0.0;0.0;4.24;92.25;2.21;
2022-12-27 21:00:00;0.0;0.0;0.0;4.22;92.25;2.41;
2022-12-27 22:00:00;0.0;0.0;0.0;4.71;92.25;2.55;
2022-12-27 23:00:00;0.0;0.0;0.0;4.91;92.25;2.69;
2022-12-28 00:00:00;0.0;0.0;0.0;5.12;92.25;2.55;
2022-12-28 01:00:00;0.0;0.0;0.0;4.99;92.25;2.34;
2022-12-28 02:00:00;0.0;0.0;0.0;4.38;88.85;2.07;
2022-12-28 03:00:00;0.0;0.0;0.0;4.01;92.2;1.72;
2022-12-28 04:00:00;0.0;0.0;0.0;4.24;85.55;1.38;
2022-12-28 05:00:00;0.0;0.0;0.0;4.8;85.55;0.97;
2022-12-28 06:00:00;0.0;0.0;0.0;5.43;82.4;0.55;
2022-12-28 07:00:00;7.0;0.0;7.0;3.77;85.5;1.31;
2022-12-28 08:00:00;128.0;409.2;59.0;4.54;85.55;0.97;
2022-12-28 09:00:00;259.0;719.92;62.0;6.59;85.7;0.69;
2022-12-28 10:00:00;222.0;170.15;164.0;8.22;76.8;0.83;
2022-12-28 11:00:00;352.0;721.8;88.0;9.02;68.8;1.38;
2022-12-28 12:00:00;331.0;718.48;82.0;9.35;59.25;2.0;
2022-12-28 13:00:00;259.0;653.49;73.0;9.3;54.9;2.21;
2022-12-28 14:00:00;50.0;0.0;50.0;9.06;56.9;1.86;
2022-12-28 15:00:00;15.0;0.0;15.0;8.31;59.0;1.59;
2022-12-28 16:00:00;0.0;0.0;0.0;6.74;68.4;1.52;
2022-12-28 17:00:00;0.0;0.0;0.0;5.3;76.4;1.24;
2022-12-28 18:00:00;0.0;0.0;0.0;5.35;73.55;0.97;
2022-12-28 19:00:00;0.0;0.0;0.0;3.31;88.75;1.79;
2022-12-28 20:00:00;0.0;0.0;0.0;3.71;88.75;1.45;
2022-12-28 21:00:00;0.0;0.0;0.0;3.53;88.75;1.45;
2022-12-28 22:00:00;0.0;0.0;0.0;2.96;88.7;1.52;
2022-12-28 23:00:00;0.0;0.0;0.0;2.96;88.7;1.45;
2022-12-29 00:00:00;0.0;0.0;0.0;3.35;82.25;1.24;
2022-12-29 01:00:00;0.0;0.0;0.0;3.64;82.25;1.03;
2022-12-29 02:00:00;0.0;0.0;0.0;3.67;79.15;0.83;
2022-12-29 03:00:00;0.0;0.0;0.0;3.56;79.15;0.69;
2022-12-29 04:00:00;0.0;0.0;0.0;3.09;82.2;0.69;
2022-12-29 05:00:00;0.0;0.0;0.0;3.09;82.2;0.55;
2022-12-29 06:00:00;0.0;0.0;0.0;2.73;82.2;0.69;
2022-12-29 07:00:00;8.0;0.0;8.0;1.96;78.95;0.69;
2022-12-29 08:00:00;136.0;498.62;52.0;2.26;82.15;0.21;
2022-12-29 09:00:00;253.0;679.34;67.0;4.03;79.2;0.28;
2022-12-29 10:00:00;330.0;735.27;79.0;5.88;70.85;0.28;
2022-12-29 11:00:00;357.0;741.98;85.0;7.12;63.35;0.41;
2022-12-29 12:00:00;340.0;762.08;75.0;7.63;58.8;0.62;
2022-12-29 13:00:00;265.0;685.12;69.0;7.9;54.55;0.69;
2022-12-29 14:00:00;51.0;0.0;51.0;7.71;56.55;0.41;
2022-12-29 15:00:00;14.0;0.0;14.0;7.35;58.8;0.48;
2022-12-29 16:00:00;0.0;0.0;0.0;5.73;70.85;1.31;
2022-12-29 17:00:00;0.0;0.0;0.0;4.26;73.45;1.93;
2022-12-29 18:00:00;0.0;0.0;0.0;3.04;82.2;2.07;
2022-12-29 19:00:00;0.0;0.0;0.0;2.53;88.65;2.14;
2022-12-29 20:00:00;0.0;0.0;0.0;2.02;92.1;2.34;
2022-12-29 21:00:00;0.0;0.0;0.0;1.89;88.65;2.34;
2022-12-29 22:00:00;0.0;0.0;0.0;1.58;92.05;2.28;
2022-12-29 23:00:00;0.0;0.0;0.0;1.6;88.6;2.34;
2022-12-30 00:00:00;0.0;0.0;0.0;1.16;88.55;2.48;
2022-12-30 01:00:00;0.0;0.0;0.0;1.12;88.55;2.34;
2022-12-30 02:00:00;0.0;0.0;0.0;0.82;88.55;2.14;
2022-12-30 03:00:00;0.0;0.0;0.0;0.59;92.0;1.79;
2022-12-30 04:00:00;0.0;0.0;0.0;-0.14;92.0;1.52;
2022-12-30 05:00:00;0.0;0.0;0.0;-0.72;91.95;1.45;
2022-12-30 06:00:00;0.0;0.0;0.0;-1.2;91.95;1.38;
2022-12-30 07:00:00;8.0;0.0;8.0;-1.79;91.9;1.86;
2022-12-30 08:00:00;134.0;480.92;53.0;-0.31;92.0;1.31;
2022-12-30 09:00:00;250.0;649.48;72.0;2.84;88.7;1.17;
2022-12-30 10:00:00;329.0;733.95;78.0;4.85;79.3;1.17;
2022-12-30 11:00:00;356.0;737.32;85.0;6.03;68.2;1.03;
2022-12-30 12:00:00;337.0;736.35;80.0;6.65;65.75;0.83;
2022-12-30 13:00:00;257.0;608.37;82.0;6.96;63.35;0.76;
2022-12-30 14:00:00;69.0;0.0;69.0;6.93;63.35;0.76;
2022-12-30 15:00:00;14.0;0.0;14.0;6.43;68.3;0.62;
2022-12-30 16:00:00;0.0;0.0;0.0;5.25;70.8;0.55;
2022-12-30 17:00:00;0.0;0.0;0.0;3.91;76.25;0.97;
2022-12-30 18:00:00;0.0;0.0;0.0;2.04;85.3;1.31;
2022-12-30 19:00:00;0.0;0.0;0.0;0.58;92.0;1.79;
2022-12-30 20:00:00;0.0;0.0;0.0;-0.19;92.0;2.14;
2022-12-30 21:00:00;0.0;0.0;0.0;-0.38;95.6;2.21;
2022-12-30 22:00:00;0.0;0.0;0.0;-0.52;95.6;2.34;
2022-12-30 23:00:00;0.0;0.0;0.0;-0.45;95.6;2.48;
2022-12-31 00:00:00;0.0;0.0;0.0;-0.24;92.0;2.62;
2022-12-31 01:00:00;0.0;0.0;0.0;-0.08;92.0;2.62;
2022-12-31 02:00:00;0.0;0.0;0.0;-0.05;92.0;2.55;
2022-12-31 03:00:00;0.0;0.0;0.0;-0.11;92.0;2.62;
2022-12-31 04:00:00;0.0;0.0;0.0;-0.16;92.0;2.62;
2022-12-31 05:00:00;0.0;0.0;0.0;-0.25;92.0;2.55;
2022-12-31 06:00:00;0.0;0.0;0.0;-0.43;91.95;2.34;
2022-12-31 07:00:00;2.0;0.0;2.0;-0.92;95.6;2.07;
2022-12-31 08:00:00;111.0;255.18;68.0;-0.11;95.6;1.66;
2022-12-31 09:00:00;175.0;182.17;125.0;2.59;85.35;1.52;
2022-12-31 10:00:00;226.0;183.82;163.0;4.96;79.3;1.52;
2022-12-31 11:00:00;292.0;368.93;156.0;6.9;71.05;1.72;
2022-12-31 12:00:00;330.0;696.3;86.0;8.27;66.15;2.0;
2022-12-31 13:00:00;237.0;459.66;104.0;9.03;63.8;2.07;
2022-12-31 14:00:00;54.0;0.0;54.0;9.08;63.8;1.86;
2022-12-31 15:00:00;18.0;0.0;18.0;8.0;68.6;1.93;
2022-12-31 16:00:00;0.0;0.0;0.0;2.91;81.72;1.58;
2022-12-31 17:00:00;0.0;0.0;0.0;3.03;82.29;1.62;
2022-12-31 18:00:00;0.0;0.0;0.0;3.15;82.85;1.66;
2022-12-31 19:00:00;0.0;0.0;0.0;3.26;83.42;1.7;
2022-12-31 20:00:00;0.0;0.0;0.0;3.38;83.98;1.74;
2022-12-31 21:00:00;0.0;0.0;0.0;3.5;84.55;1.78;
2022-12-31 22:00:00;0.0;0.0;0.0;3.61;85.11;1.82;
2022-12-31 23:00:00;0.0;0.0;0.0;3.73;85.68;1.86;
