Unnamed: 0;ghi;dni;dhi;temp_air;rh;ws10;TECHNOLOGYNAME_hydro_inflow
2022-01-01 00:00:00;0.0;0.0;0.0;-0.38;89.19;1.61;
2022-01-01 01:00:00;0.0;0.0;0.0;-0.31;90.38;1.44;
2022-01-01 02:00:00;0.0;0.0;0.0;-0.24;91.57;1.26;
2022-01-01 03:00:00;0.0;0.0;0.0;-0.18;92.76;1.09;
2022-01-01 04:00:00;0.0;0.0;0.0;-0.11;93.95;0.92;
2022-01-01 05:00:00;0.0;0.0;0.0;-0.04;95.14;0.75;
2022-01-01 06:00:00;0.0;0.0;0.0;0.02;96.33;0.58;
2022-01-01 07:00:00;0.0;0.0;0.0;0.09;97.52;0.41;
2022-01-01 08:00:00;71.0;83.64;59.0;-0.92;99.4;0.9;
2022-01-01 09:00:00;108.0;23.4;102.0;1.62;85.3;0.62;
2022-01-01 10:00:00;121.0;6.01;119.0;3.73;76.15;0.28;
2022-01-01 11:00:00;157.0;19.03;150.0;5.08;73.45;0.07;
2022-01-01 12:00:00;169.0;36.23;156.0;6.06;68.2;0.41;
2022-01-01 13:00:00;172.0;94.67;143.0;6.57;65.75;0.69;
2022-01-01 14:00:00;154.0;322.36;85.0;6.83;65.85;0.97;
2022-01-01 15:00:00;49.0;203.94;31.0;6.55;68.3;1.17;
2022-01-01 16:00:00;0.0;0.0;0.0;5.23;73.55;2.07;
2022-01-01 17:00:00;0.0;0.0;0.0;3.73;82.25;1.93;
2022-01-01 18:00:00;0.0;0.0;0.0;2.32;85.35;1.72;
2022-01-01 19:00:00;0.0;0.0;0.0;1.51;92.05;1.66;
2022-01-01 20:00:00;0.0;0.0;0.0;0.97;95.65;1.45;
2022-01-01 21:00:00;0.0;0.0;0.0;0.81;92.05;1.24;
2022-01-01 22:00:00;0.0;0.0;0.0;0.43;95.65;1.24;
2022-01-01 23:00:00;0.0;0.0;0.0;0.4;92.0;1.1;
2022-01-02 00:00:00;0.0;0.0;0.0;0.18;92.0;1.24;
2022-01-02 01:00:00;0.0;0.0;0.0;0.37;95.65;1.17;
2022-01-02 02:00:00;0.0;0.0;0.0;0.27;95.65;1.24;
2022-01-02 03:00:00;0.0;0.0;0.0;0.77;92.05;1.1;
2022-01-02 04:00:00;0.0;0.0;0.0;1.14;92.05;1.31;
2022-01-02 05:00:00;0.0;0.0;0.0;1.47;95.65;1.24;
2022-01-02 06:00:00;0.0;0.0;0.0;1.68;92.1;1.1;
2022-01-02 07:00:00;0.0;0.0;0.0;1.77;92.1;1.1;
2022-01-02 08:00:00;58.0;34.78;53.0;2.0;95.65;1.31;
2022-01-02 09:00:00;0.0;0.0;0.0;2.21;92.15;1.72;
2022-01-02 10:00:00;37.0;0.0;37.0;2.06;92.1;1.93;
2022-01-02 11:00:00;52.0;0.0;52.0;2.06;95.65;2.21;
2022-01-02 12:00:00;190.0;66.59;166.0;1.7;95.65;2.28;
2022-01-02 13:00:00;81.0;0.0;81.0;1.53;95.65;2.41;
2022-01-02 14:00:00;95.0;37.01;87.0;1.47;95.65;2.41;
2022-01-02 15:00:00;25.0;11.05;24.0;1.53;95.65;2.21;
2022-01-02 16:00:00;0.0;0.0;0.0;1.59;95.65;2.07;
2022-01-02 17:00:00;0.0;0.0;0.0;1.58;95.65;1.93;
2022-01-02 18:00:00;0.0;0.0;0.0;1.55;95.65;1.79;
2022-01-02 19:00:00;0.0;0.0;0.0;1.08;99.35;1.66;
2022-01-02 20:00:00;0.0;0.0;0.0;0.96;99.35;1.31;
2022-01-02 21:00:00;0.0;0.0;0.0;0.82;95.65;0.83;
2022-01-02 22:00:00;0.0;0.0;0.0;0.78;95.65;0.97;
2022-01-02 23:00:00;0.0;0.0;0.0;0.75;95.65;0.9;
2022-01-03 00:00:00;0.0;0.0;0.0;0.64;95.65;0.69;
2022-01-03 01:00:00;0.0;0.0;0.0;0.64;95.65;0.55;
2022-01-03 02:00:00;0.0;0.0;0.0;0.66;95.65;0.55;
2022-01-03 03:00:00;0.0;0.0;0.0;0.53;99.4;0.69;
2022-01-03 04:00:00;0.0;0.0;0.0;0.49;95.65;1.1;
2022-01-03 05:00:00;0.0;0.0;0.0;0.4;95.65;1.17;
2022-01-03 06:00:00;0.0;0.0;0.0;0.24;95.65;1.38;
2022-01-03 07:00:00;0.0;0.0;0.0;0.34;95.65;1.86;
2022-01-03 08:00:00;59.0;34.68;54.0;0.61;95.65;1.52;
2022-01-03 09:00:00;84.0;3.88;83.0;1.23;92.05;0.76;
2022-01-03 10:00:00;61.0;0.0;61.0;2.23;92.15;0.28;
2022-01-03 11:00:00;63.0;0.0;63.0;3.14;92.15;0.21;
2022-01-03 12:00:00;94.0;0.0;94.0;4.04;88.75;1.24;
2022-01-03 13:00:00;106.0;3.22;105.0;4.82;85.55;2.34;
2022-01-03 14:00:00;53.0;0.0;53.0;5.06;85.55;2.62;
2022-01-03 15:00:00;36.0;43.07;32.0;4.74;85.55;2.69;
2022-01-03 16:00:00;0.0;0.0;0.0;4.14;88.8;2.76;
2022-01-03 17:00:00;0.0;0.0;0.0;3.83;92.15;2.97;
2022-01-03 18:00:00;0.0;0.0;0.0;3.52;95.7;2.97;
2022-01-03 19:00:00;0.0;0.0;0.0;2.59;92.15;2.62;
2022-01-03 20:00:00;0.0;0.0;0.0;2.58;95.7;2.55;
2022-01-03 21:00:00;0.0;0.0;0.0;2.66;92.15;2.69;
2022-01-03 22:00:00;0.0;0.0;0.0;2.65;92.15;2.48;
2022-01-03 23:00:00;0.0;0.0;0.0;2.33;92.15;2.28;
2022-01-04 00:00:00;0.0;0.0;0.0;1.86;92.1;2.21;
2022-01-04 01:00:00;0.0;0.0;0.0;1.41;95.65;2.14;
2022-01-04 02:00:00;0.0;0.0;0.0;1.16;95.65;2.34;
2022-01-04 03:00:00;0.0;0.0;0.0;1.01;95.65;2.69;
2022-01-04 04:00:00;0.0;0.0;0.0;0.95;95.65;0.0;
2022-01-04 05:00:00;0.0;0.0;0.0;0.93;95.65;0.0;
2022-01-04 06:00:00;0.0;0.0;0.0;1.05;95.65;2.28;
2022-01-04 07:00:00;0.0;0.0;0.0;1.12;88.6;1.38;
2022-01-04 08:00:00;60.0;34.56;55.0;1.4;92.05;1.31;
2022-01-04 09:00:00;69.0;0.0;69.0;1.84;88.65;1.38;
2022-01-04 10:00:00;67.0;0.0;67.0;2.37;85.35;1.1;
2022-01-04 11:00:00;109.0;0.0;109.0;3.0;82.2;0.9;
2022-01-04 12:00:00;70.0;0.0;70.0;3.43;82.2;0.55;
2022-01-04 13:00:00;67.0;0.0;67.0;3.74;79.15;0.55;
2022-01-04 14:00:00;59.0;0.0;59.0;3.98;79.15;0.55;
2022-01-04 15:00:00;68.0;451.18;25.0;3.91;79.15;0.62;
2022-01-04 16:00:00;0.0;0.0;0.0;3.4;82.2;0.62;
2022-01-04 17:00:00;0.0;0.0;0.0;2.38;85.35;1.24;
2022-01-04 18:00:00;0.0;0.0;0.0;1.25;88.6;1.31;
2022-01-04 19:00:00;0.0;0.0;0.0;1.2;92.05;1.24;
2022-01-04 20:00:00;0.0;0.0;0.0;0.59;95.65;1.38;
2022-01-04 21:00:00;0.0;0.0;0.0;0.62;92.05;1.24;
2022-01-04 22:00:00;0.0;0.0;0.0;-0.02;95.6;1.52;
2022-01-04 23:00:00;0.0;0.0;0.0;-0.78;95.6;1.52;
2022-01-05 00:00:00;0.0;0.0;0.0;-0.98;99.4;1.24;
2022-01-05 01:00:00;0.0;0.0;0.0;-0.98;99.4;0.83;
2022-01-05 02:00:00;0.0;0.0;0.0;-0.95;99.4;0.83;
2022-01-05 03:00:00;0.0;0.0;0.0;-0.54;95.6;0.97;
2022-01-05 04:00:00;0.0;0.0;0.0;-0.23;95.6;1.17;
2022-01-05 05:00:00;0.0;0.0;0.0;-0.2;95.6;1.38;
2022-01-05 06:00:00;0.0;0.0;0.0;-0.26;95.6;1.52;
2022-01-05 07:00:00;0.0;0.0;0.0;0.43;99.4;1.93;
2022-01-05 08:00:00;57.0;27.52;53.0;0.91;95.65;2.0;
2022-01-05 09:00:00;54.0;0.0;54.0;1.48;95.65;1.86;
2022-01-05 10:00:00;65.0;0.0;65.0;2.22;88.65;1.45;
2022-01-05 11:00:00;83.0;0.0;83.0;2.84;88.7;1.38;
2022-01-05 12:00:00;40.0;0.0;40.0;3.73;85.45;1.45;
2022-01-05 13:00:00;194.0;143.06;149.0;4.15;82.3;1.59;
2022-01-05 14:00:00;36.0;0.0;36.0;4.48;82.3;1.72;
2022-01-05 15:00:00;29.0;10.22;28.0;4.46;82.3;1.45;
2022-01-05 16:00:00;0.0;0.0;0.0;3.99;85.45;0.69;
2022-01-05 17:00:00;0.0;0.0;0.0;3.66;85.45;0.07;
2022-01-05 18:00:00;0.0;0.0;0.0;2.89;88.7;0.76;
2022-01-05 19:00:00;0.0;0.0;0.0;1.57;95.65;1.31;
2022-01-05 20:00:00;0.0;0.0;0.0;1.44;95.65;1.38;
2022-01-05 21:00:00;0.0;0.0;0.0;1.67;92.1;1.45;
2022-01-05 22:00:00;0.0;0.0;0.0;2.03;95.65;1.03;
2022-01-05 23:00:00;0.0;0.0;0.0;2.76;88.7;0.55;
2022-01-06 00:00:00;0.0;0.0;0.0;2.98;88.7;0.28;
2022-01-06 01:00:00;0.0;0.0;0.0;2.48;92.15;0.69;
2022-01-06 02:00:00;0.0;0.0;0.0;2.39;92.15;1.17;
2022-01-06 03:00:00;0.0;0.0;0.0;1.92;95.65;1.31;
2022-01-06 04:00:00;0.0;0.0;0.0;1.95;95.65;1.1;
2022-01-06 05:00:00;0.0;0.0;0.0;1.65;92.1;1.24;
2022-01-06 06:00:00;0.0;0.0;0.0;1.01;95.65;1.52;
2022-01-06 07:00:00;0.0;0.0;0.0;2.15;95.7;1.45;
2022-01-06 08:00:00;103.0;335.41;54.0;1.89;95.65;1.45;
2022-01-06 09:00:00;191.0;303.1;112.0;3.35;95.7;1.38;
2022-01-06 10:00:00;222.0;177.04;162.0;5.01;88.85;1.17;
2022-01-06 11:00:00;367.0;750.95;85.0;6.16;79.5;0.9;
2022-01-06 12:00:00;298.0;385.85;156.0;6.86;76.65;0.69;
2022-01-06 13:00:00;301.0;719.48;73.0;7.33;73.9;0.69;
2022-01-06 14:00:00;199.0;629.31;57.0;7.56;71.15;0.9;
2022-01-06 15:00:00;58.0;209.01;37.0;7.28;71.15;1.03;
2022-01-06 16:00:00;0.0;0.0;0.0;6.35;76.55;1.31;
2022-01-06 17:00:00;0.0;0.0;0.0;4.44;88.8;1.38;
2022-01-06 18:00:00;0.0;0.0;0.0;3.51;92.15;1.31;
2022-01-06 19:00:00;0.0;0.0;0.0;1.53;92.05;2.41;
2022-01-06 20:00:00;0.0;0.0;0.0;1.04;95.65;2.28;
2022-01-06 21:00:00;0.0;0.0;0.0;0.29;92.0;2.07;
2022-01-06 22:00:00;0.0;0.0;0.0;-0.24;92.0;1.79;
2022-01-06 23:00:00;0.0;0.0;0.0;0.03;92.0;1.31;
2022-01-07 00:00:00;0.0;0.0;0.0;1.13;88.6;0.41;
2022-01-07 01:00:00;0.0;0.0;0.0;0.37;92.0;0.21;
2022-01-07 02:00:00;0.0;0.0;0.0;-0.52;95.6;0.21;
2022-01-07 03:00:00;0.0;0.0;0.0;-0.94;99.4;0.55;
2022-01-07 04:00:00;0.0;0.0;0.0;-0.88;95.6;0.69;
2022-01-07 05:00:00;0.0;0.0;0.0;-1.19;99.4;0.9;
2022-01-07 06:00:00;0.0;0.0;0.0;-0.73;95.6;0.48;
2022-01-07 07:00:00;0.0;0.0;0.0;-0.32;95.6;1.24;
2022-01-07 08:00:00;44.0;6.8;43.0;0.51;95.65;0.97;
2022-01-07 09:00:00;101.0;11.46;98.0;2.12;88.65;0.97;
2022-01-07 10:00:00;168.0;47.0;152.0;4.08;85.45;1.1;
2022-01-07 11:00:00;166.0;21.2;158.0;5.79;76.5;1.17;
2022-01-07 12:00:00;128.0;2.7;127.0;6.91;71.05;1.45;
2022-01-07 13:00:00;77.0;0.0;77.0;7.09;73.8;1.93;
2022-01-07 14:00:00;32.0;0.0;32.0;7.01;76.65;2.21;
2022-01-07 15:00:00;25.0;0.0;25.0;6.52;82.55;2.41;
2022-01-07 16:00:00;0.0;0.0;0.0;5.68;85.65;2.34;
2022-01-07 17:00:00;0.0;0.0;0.0;5.18;85.6;2.07;
2022-01-07 18:00:00;0.0;0.0;0.0;4.98;85.55;1.31;
2022-01-07 19:00:00;0.0;0.0;0.0;4.47;88.8;1.24;
2022-01-07 20:00:00;0.0;0.0;0.0;4.01;92.15;1.31;
2022-01-07 21:00:00;0.0;0.0;0.0;3.41;92.15;1.79;
2022-01-07 22:00:00;0.0;0.0;0.0;2.96;92.15;1.93;
2022-01-07 23:00:00;0.0;0.0;0.0;2.73;88.7;1.86;
2022-01-08 00:00:00;0.0;0.0;0.0;2.14;92.15;2.07;
2022-01-08 01:00:00;0.0;0.0;0.0;1.27;92.05;1.72;
2022-01-08 02:00:00;0.0;0.0;0.0;0.8;95.65;1.59;
2022-01-08 03:00:00;0.0;0.0;0.0;0.52;95.65;0.97;
2022-01-08 04:00:00;0.0;0.0;0.0;0.22;95.65;0.97;
2022-01-08 05:00:00;0.0;0.0;0.0;-0.09;95.6;0.97;
2022-01-08 06:00:00;0.0;0.0;0.0;0.02;95.6;0.69;
2022-01-08 07:00:00;0.0;0.0;0.0;-0.52;99.4;0.97;
2022-01-08 08:00:00;57.0;27.03;53.0;0.02;99.4;1.66;
2022-01-08 09:00:00;116.0;34.2;107.0;1.31;95.65;1.79;
2022-01-08 10:00:00;101.0;0.0;101.0;2.74;88.7;1.79;
2022-01-08 11:00:00;68.0;0.0;68.0;4.55;88.8;2.14;
2022-01-08 12:00:00;64.0;0.0;64.0;5.94;82.5;2.07;
2022-01-08 13:00:00;38.0;0.0;38.0;6.82;76.65;1.93;
2022-01-08 14:00:00;41.0;0.0;41.0;7.24;73.9;1.93;
2022-01-08 15:00:00;7.0;0.0;7.0;7.06;76.65;1.52;
2022-01-08 16:00:00;0.0;0.0;0.0;6.21;79.5;1.72;
2022-01-08 17:00:00;0.0;0.0;0.0;5.18;85.6;1.86;
2022-01-08 18:00:00;0.0;0.0;0.0;4.71;88.85;1.79;
2022-01-08 19:00:00;0.0;0.0;0.0;4.53;92.2;1.38;
2022-01-08 20:00:00;0.0;0.0;0.0;4.62;92.2;1.45;
2022-01-08 21:00:00;0.0;0.0;0.0;4.6;92.2;1.17;
2022-01-08 22:00:00;0.0;0.0;0.0;4.39;92.2;1.03;
2022-01-08 23:00:00;0.0;0.0;0.0;4.13;95.7;1.1;
2022-01-09 00:00:00;0.0;0.0;0.0;4.25;92.2;1.24;
2022-01-09 01:00:00;0.0;0.0;0.0;4.19;92.2;1.1;
2022-01-09 02:00:00;0.0;0.0;0.0;4.23;95.75;1.17;
2022-01-09 03:00:00;0.0;0.0;0.0;4.27;95.75;1.31;
2022-01-09 04:00:00;0.0;0.0;0.0;4.3;95.75;1.45;
2022-01-09 05:00:00;0.0;0.0;0.0;4.26;95.75;1.31;
2022-01-09 06:00:00;0.0;0.0;0.0;3.98;95.7;1.24;
2022-01-09 07:00:00;0.0;0.0;0.0;3.88;99.4;0.55;
2022-01-09 08:00:00;14.0;0.0;14.0;4.21;95.75;0.55;
2022-01-09 09:00:00;47.0;0.0;47.0;4.75;92.25;0.48;
2022-01-09 10:00:00;54.0;0.0;54.0;5.09;95.75;0.55;
2022-01-09 11:00:00;104.0;0.0;104.0;5.38;92.25;0.55;
2022-01-09 12:00:00;90.0;0.0;90.0;5.56;92.25;0.55;
2022-01-09 13:00:00;75.0;0.0;75.0;5.74;88.9;0.28;
2022-01-09 14:00:00;57.0;0.0;57.0;5.78;88.9;0.14;
2022-01-09 15:00:00;35.0;18.37;33.0;5.75;92.3;0.34;
2022-01-09 16:00:00;0.0;0.0;0.0;5.56;95.75;0.76;
2022-01-09 17:00:00;0.0;0.0;0.0;5.37;95.75;1.1;
2022-01-09 18:00:00;0.0;0.0;0.0;5.3;95.75;1.17;
2022-01-09 19:00:00;0.0;0.0;0.0;4.83;95.75;0.83;
2022-01-09 20:00:00;0.0;0.0;0.0;4.56;99.4;1.24;
2022-01-09 21:00:00;0.0;0.0;0.0;4.19;95.75;1.03;
2022-01-09 22:00:00;0.0;0.0;0.0;3.57;99.4;1.24;
2022-01-09 23:00:00;0.0;0.0;0.0;3.32;99.4;1.24;
2022-01-10 00:00:00;0.0;0.0;0.0;2.63;95.7;0.83;
2022-01-10 01:00:00;0.0;0.0;0.0;2.51;99.4;0.62;
2022-01-10 02:00:00;0.0;0.0;0.0;2.41;95.7;0.9;
2022-01-10 03:00:00;0.0;0.0;0.0;2.26;95.7;0.97;
2022-01-10 04:00:00;0.0;0.0;0.0;2.17;95.7;0.97;
2022-01-10 05:00:00;0.0;0.0;0.0;2.33;95.7;1.03;
2022-01-10 06:00:00;0.0;0.0;0.0;2.44;95.7;0.97;
2022-01-10 07:00:00;0.0;0.0;0.0;2.31;95.7;1.17;
2022-01-10 08:00:00;23.0;0.0;23.0;2.43;95.7;1.24;
2022-01-10 09:00:00;85.0;3.76;84.0;3.37;99.4;0.9;
2022-01-10 10:00:00;70.0;0.0;70.0;4.44;99.4;1.1;
2022-01-10 11:00:00;163.0;18.24;156.0;5.92;95.75;1.24;
2022-01-10 12:00:00;226.0;119.22;181.0;6.93;92.35;1.17;
2022-01-10 13:00:00;85.0;0.0;85.0;7.37;92.35;1.38;
2022-01-10 14:00:00;40.0;0.0;40.0;7.65;92.35;1.59;
2022-01-10 15:00:00;27.0;0.0;27.0;7.53;92.35;0.97;
2022-01-10 16:00:00;0.0;0.0;0.0;7.11;95.8;1.24;
2022-01-10 17:00:00;0.0;0.0;0.0;6.35;95.8;1.45;
2022-01-10 18:00:00;0.0;0.0;0.0;5.65;99.4;1.38;
2022-01-10 19:00:00;0.0;0.0;0.0;5.57;99.4;1.31;
2022-01-10 20:00:00;0.0;0.0;0.0;4.96;99.4;1.45;
2022-01-10 21:00:00;0.0;0.0;0.0;4.69;95.75;1.45;
2022-01-10 22:00:00;0.0;0.0;0.0;4.64;99.4;1.24;
2022-01-10 23:00:00;0.0;0.0;0.0;5.07;99.4;1.1;
2022-01-11 00:00:00;0.0;0.0;0.0;4.64;100.0;1.24;
2022-01-11 01:00:00;0.0;0.0;0.0;4.54;99.4;1.17;
2022-01-11 02:00:00;0.0;0.0;0.0;4.52;99.4;1.17;
2022-01-11 03:00:00;0.0;0.0;0.0;5.22;99.4;1.31;
2022-01-11 04:00:00;0.0;0.0;0.0;5.49;99.4;1.38;
2022-01-11 05:00:00;0.0;0.0;0.0;5.45;99.4;1.24;
2022-01-11 06:00:00;0.0;0.0;0.0;5.5;99.4;0.0;
2022-01-11 07:00:00;0.0;0.0;0.0;6.27;95.8;0.0;
2022-01-11 08:00:00;79.0;112.11;62.0;6.39;95.8;1.45;
2022-01-11 09:00:00;22.0;0.0;22.0;6.7;95.8;1.31;
2022-01-11 10:00:00;30.0;0.0;30.0;7.88;95.8;1.1;
2022-01-11 11:00:00;65.0;0.0;65.0;7.96;95.8;1.31;
2022-01-11 12:00:00;132.0;2.63;131.0;8.23;92.4;2.0;
2022-01-11 13:00:00;51.0;0.0;51.0;8.81;85.95;2.21;
2022-01-11 14:00:00;73.0;4.17;72.0;9.47;82.9;2.0;
2022-01-11 15:00:00;72.0;278.38;40.0;9.45;82.9;1.93;
2022-01-11 16:00:00;0.0;0.0;0.0;8.4;85.9;1.52;
2022-01-11 17:00:00;0.0;0.0;0.0;6.63;95.8;1.52;
2022-01-11 18:00:00;0.0;0.0;0.0;5.07;99.4;1.38;
2022-01-11 19:00:00;0.0;0.0;0.0;5.3;99.4;1.03;
2022-01-11 20:00:00;0.0;0.0;0.0;3.68;99.4;1.52;
2022-01-11 21:00:00;0.0;0.0;0.0;3.78;92.15;2.21;
2022-01-11 22:00:00;0.0;0.0;0.0;4.4;82.3;2.83;
2022-01-11 23:00:00;0.0;0.0;0.0;4.38;73.4;3.17;
2022-01-12 00:00:00;0.0;0.0;0.0;4.31;67.9;2.9;
2022-01-12 01:00:00;0.0;0.0;0.0;3.9;67.8;2.48;
2022-01-12 02:00:00;0.0;0.0;0.0;3.53;70.4;2.21;
2022-01-12 03:00:00;0.0;0.0;0.0;2.78;67.7;2.28;
2022-01-12 04:00:00;0.0;0.0;0.0;2.6;70.3;2.34;
2022-01-12 05:00:00;0.0;0.0;0.0;2.3;70.3;2.28;
2022-01-12 06:00:00;0.0;0.0;0.0;1.69;70.2;2.14;
2022-01-12 07:00:00;0.0;0.0;0.0;2.23;70.3;2.9;
2022-01-12 08:00:00;132.0;627.06;36.0;3.18;67.7;3.24;
2022-01-12 09:00:00;269.0;815.85;49.0;6.42;58.55;3.66;
2022-01-12 10:00:00;368.0;900.07;53.0;9.39;48.95;3.17;
2022-01-12 11:00:00;414.0;921.34;56.0;11.53;42.4;3.59;
2022-01-12 12:00:00;405.0;903.85;59.0;12.73;38.15;3.86;
2022-01-12 13:00:00;344.0;873.64;53.0;13.35;38.3;3.93;
2022-01-12 14:00:00;229.0;728.99;52.0;13.29;38.3;3.72;
2022-01-12 15:00:00;91.0;516.53;30.0;12.28;39.5;3.24;
2022-01-12 16:00:00;0.0;0.0;0.0;10.25;42.15;3.31;
2022-01-12 17:00:00;0.0;0.0;0.0;8.29;43.25;3.66;
2022-01-12 18:00:00;0.0;0.0;0.0;6.99;42.85;3.72;
2022-01-12 19:00:00;0.0;0.0;0.0;6.21;46.25;3.45;
2022-01-12 20:00:00;0.0;0.0;0.0;5.53;49.8;3.38;
2022-01-12 21:00:00;0.0;0.0;0.0;4.89;51.7;3.17;
2022-01-12 22:00:00;0.0;0.0;0.0;4.21;53.65;2.9;
2022-01-12 23:00:00;0.0;0.0;0.0;3.36;57.8;2.48;
2022-01-13 00:00:00;0.0;0.0;0.0;2.41;60.05;2.48;
2022-01-13 01:00:00;0.0;0.0;0.0;1.59;62.25;2.69;
2022-01-13 02:00:00;0.0;0.0;0.0;1.17;59.8;2.97;
2022-01-13 03:00:00;0.0;0.0;0.0;1.05;59.7;3.17;
2022-01-13 04:00:00;0.0;0.0;0.0;1.08;57.35;3.31;
2022-01-13 05:00:00;0.0;0.0;0.0;1.19;53.0;3.38;
2022-01-13 06:00:00;0.0;0.0;0.0;1.23;48.85;3.31;
2022-01-13 07:00:00;0.0;0.0;0.0;1.71;51.0;3.45;
2022-01-13 08:00:00;135.0;633.61;37.0;2.5;53.25;3.31;
2022-01-13 09:00:00;268.0;780.65;56.0;5.08;51.7;3.03;
2022-01-13 10:00:00;364.0;851.74;64.0;8.1;43.1;3.45;
2022-01-13 11:00:00;412.0;879.5;68.0;9.91;37.3;4.0;
2022-01-13 12:00:00;398.0;840.15;74.0;10.87;33.4;3.93;
2022-01-13 13:00:00;340.0;815.14;66.0;11.21;30.85;3.38;
2022-01-13 14:00:00;235.0;739.89;53.0;11.01;32.1;2.69;
2022-01-13 15:00:00;90.0;445.09;36.0;9.94;38.85;2.21;
2022-01-13 16:00:00;0.0;0.0;0.0;7.94;44.85;2.41;
2022-01-13 17:00:00;0.0;0.0;0.0;5.49;53.9;2.21;
2022-01-13 18:00:00;0.0;0.0;0.0;3.65;62.7;1.72;
2022-01-13 19:00:00;0.0;0.0;0.0;4.11;57.95;1.1;
2022-01-13 20:00:00;0.0;0.0;0.0;3.85;57.95;1.1;
2022-01-13 21:00:00;0.0;0.0;0.0;2.4;62.5;1.24;
2022-01-13 22:00:00;0.0;0.0;0.0;1.34;67.4;1.38;
2022-01-13 23:00:00;0.0;0.0;0.0;-0.02;72.65;1.59;
2022-01-14 00:00:00;0.0;0.0;0.0;-0.78;72.6;1.59;
2022-01-14 01:00:00;0.0;0.0;0.0;-1.16;75.45;1.52;
2022-01-14 02:00:00;0.0;0.0;0.0;-1.57;78.45;1.45;
2022-01-14 03:00:00;0.0;0.0;0.0;-1.93;81.55;1.31;
2022-01-14 04:00:00;0.0;0.0;0.0;-2.0;84.85;1.24;
2022-01-14 05:00:00;0.0;0.0;0.0;-2.47;88.25;1.31;
2022-01-14 06:00:00;0.0;0.0;0.0;-2.26;84.85;1.24;
2022-01-14 07:00:00;0.0;0.0;0.0;-0.5;81.75;0.83;
2022-01-14 08:00:00;99.0;223.85;64.0;-0.1;85.1;0.83;
2022-01-14 09:00:00;114.0;21.93;108.0;2.11;75.95;1.1;
2022-01-14 10:00:00;90.0;0.0;90.0;3.43;73.2;1.24;
2022-01-14 11:00:00;174.0;20.31;166.0;4.07;70.5;0.9;
2022-01-14 12:00:00;181.0;30.88;169.0;5.67;60.75;0.76;
2022-01-14 13:00:00;83.0;0.0;83.0;6.39;56.3;0.76;
2022-01-14 14:00:00;95.0;12.04;92.0;6.82;54.3;1.24;
2022-01-14 15:00:00;50.0;40.12;45.0;6.54;58.55;1.31;
2022-01-14 16:00:00;0.0;0.0;0.0;5.64;63.05;1.38;
2022-01-14 17:00:00;0.0;0.0;0.0;4.15;73.4;1.52;
2022-01-14 18:00:00;0.0;0.0;0.0;2.84;79.1;1.52;
2022-01-14 19:00:00;0.0;0.0;0.0;1.96;85.3;1.38;
2022-01-14 20:00:00;0.0;0.0;0.0;1.77;85.3;1.17;
2022-01-14 21:00:00;0.0;0.0;0.0;1.31;88.6;1.31;
2022-01-14 22:00:00;0.0;0.0;0.0;1.19;85.25;1.24;
2022-01-14 23:00:00;0.0;0.0;0.0;0.29;88.5;1.52;
2022-01-15 00:00:00;0.0;0.0;0.0;-0.81;91.95;2.0;
2022-01-15 01:00:00;0.0;0.0;0.0;-1.32;91.95;2.14;
2022-01-15 02:00:00;0.0;0.0;0.0;-1.63;91.9;2.28;
2022-01-15 03:00:00;0.0;0.0;0.0;-1.68;91.9;2.41;
2022-01-15 04:00:00;0.0;0.0;0.0;-1.87;88.35;2.41;
2022-01-15 05:00:00;0.0;0.0;0.0;-2.03;91.85;2.28;
2022-01-15 06:00:00;0.0;0.0;0.0;-2.42;95.55;2.14;
2022-01-15 07:00:00;0.0;0.0;0.0;-2.71;91.85;1.93;
2022-01-15 08:00:00;131.0;543.75;45.0;-2.14;91.85;1.59;
2022-01-15 09:00:00;270.0;776.11;56.0;1.23;78.9;1.72;
2022-01-15 10:00:00;365.0;834.6;67.0;3.96;67.8;2.14;
2022-01-15 11:00:00;413.0;862.36;71.0;6.31;56.3;2.21;
2022-01-15 12:00:00;402.0;834.99;75.0;8.1;48.55;2.21;
2022-01-15 13:00:00;346.0;820.41;65.0;9.12;40.1;2.28;
2022-01-15 14:00:00;235.0;688.84;61.0;9.3;35.75;2.21;
2022-01-15 15:00:00;101.0;539.02;32.0;8.46;41.6;1.86;
2022-01-15 16:00:00;0.0;0.0;0.0;6.36;44.45;2.34;
2022-01-15 17:00:00;0.0;0.0;0.0;3.62;51.3;2.9;
2022-01-15 18:00:00;0.0;0.0;0.0;1.74;49.0;3.03;
2022-01-15 19:00:00;0.0;0.0;0.0;1.03;46.75;2.9;
2022-01-15 20:00:00;0.0;0.0;0.0;-0.15;44.6;2.97;
2022-01-15 21:00:00;0.0;0.0;0.0;-1.03;44.3;3.03;
2022-01-15 22:00:00;0.0;0.0;0.0;-1.55;46.05;2.97;
2022-01-15 23:00:00;0.0;0.0;0.0;-1.75;46.05;2.83;
2022-01-16 00:00:00;0.0;0.0;0.0;-1.97;47.9;2.62;
2022-01-16 01:00:00;0.0;0.0;0.0;-2.25;49.95;2.34;
2022-01-16 02:00:00;0.0;0.0;0.0;-1.86;50.1;2.21;
2022-01-16 03:00:00;0.0;0.0;0.0;-1.82;52.2;2.28;
2022-01-16 04:00:00;0.0;0.0;0.0;-1.63;54.4;2.28;
2022-01-16 05:00:00;0.0;0.0;0.0;-2.23;56.6;2.28;
2022-01-16 06:00:00;0.0;0.0;0.0;-2.72;61.35;2.28;
2022-01-16 07:00:00;0.0;0.0;0.0;-3.02;66.45;2.41;
2022-01-16 08:00:00;142.0;662.18;36.0;-2.15;64.0;2.14;
2022-01-16 09:00:00;273.0;773.42;58.0;2.04;59.95;2.0;
2022-01-16 10:00:00;371.0;839.73;69.0;5.26;46.0;2.55;
2022-01-16 11:00:00;417.0;853.63;76.0;7.1;39.55;3.1;
2022-01-16 12:00:00;408.0;835.95;78.0;8.27;34.05;3.59;
2022-01-16 13:00:00;353.0;826.98;67.0;8.81;30.3;3.79;
2022-01-16 14:00:00;243.0;722.56;58.0;8.82;30.3;3.66;
2022-01-16 15:00:00;106.0;547.68;34.0;7.91;35.3;2.9;
2022-01-16 16:00:00;0.0;0.0;0.0;5.74;40.9;2.97;
2022-01-16 17:00:00;0.0;0.0;0.0;3.68;45.55;3.1;
2022-01-16 18:00:00;0.0;0.0;0.0;2.55;45.3;3.24;
2022-01-16 19:00:00;0.0;0.0;0.0;2.11;39.9;3.31;
2022-01-16 20:00:00;0.0;0.0;0.0;0.99;43.05;3.03;
2022-01-16 21:00:00;0.0;0.0;0.0;-0.14;48.45;2.97;
2022-01-16 22:00:00;0.0;0.0;0.0;-1.09;52.35;2.9;
2022-01-16 23:00:00;0.0;0.0;0.0;-1.66;52.2;2.9;
2022-01-17 00:00:00;0.0;0.0;0.0;-2.02;54.3;2.83;
2022-01-17 01:00:00;0.0;0.0;0.0;-2.28;54.3;2.83;
2022-01-17 02:00:00;0.0;0.0;0.0;-2.43;56.45;2.69;
2022-01-17 03:00:00;0.0;0.0;0.0;-2.67;56.45;2.62;
2022-01-17 04:00:00;0.0;0.0;0.0;-2.98;58.75;2.55;
2022-01-17 05:00:00;0.0;0.0;0.0;-3.49;61.1;2.28;
2022-01-17 06:00:00;0.0;0.0;0.0;-3.37;56.35;1.86;
2022-01-17 07:00:00;0.0;0.0;0.0;-3.99;60.95;2.07;
2022-01-17 08:00:00;145.0;666.23;37.0;-3.32;63.8;2.14;
2022-01-17 09:00:00;275.0;756.19;63.0;0.57;52.75;1.93;
2022-01-17 10:00:00;372.0;822.45;74.0;3.41;47.3;2.0;
2022-01-17 11:00:00;418.0;832.39;83.0;5.22;40.75;2.34;
2022-01-17 12:00:00;407.0;796.49;90.0;6.47;36.35;2.9;
2022-01-17 13:00:00;355.0;810.3;72.0;7.22;32.4;2.97;
2022-01-17 14:00:00;247.0;716.64;61.0;7.41;32.4;2.48;
2022-01-17 15:00:00;110.0;555.59;35.0;6.73;41.15;1.52;
2022-01-17 16:00:00;0.0;0.0;0.0;4.47;51.55;1.59;
2022-01-17 17:00:00;0.0;0.0;0.0;3.77;47.45;1.1;
2022-01-17 18:00:00;0.0;0.0;0.0;3.59;47.3;0.28;
2022-01-17 19:00:00;0.0;0.0;0.0;-0.63;56.95;2.14;
2022-01-17 20:00:00;0.0;0.0;0.0;-1.79;56.7;2.48;
2022-01-17 21:00:00;0.0;0.0;0.0;-2.38;52.05;2.55;
2022-01-17 22:00:00;0.0;0.0;0.0;-2.42;49.8;2.34;
2022-01-17 23:00:00;0.0;0.0;0.0;-3.16;51.8;2.69;
2022-01-18 00:00:00;0.0;0.0;0.0;-3.53;53.9;2.69;
2022-01-18 01:00:00;0.0;0.0;0.0;-3.77;53.9;2.62;
2022-01-18 02:00:00;0.0;0.0;0.0;-4.04;56.1;2.48;
2022-01-18 03:00:00;0.0;0.0;0.0;-4.39;56.1;2.34;
2022-01-18 04:00:00;0.0;0.0;0.0;-4.75;60.85;2.14;
2022-01-18 05:00:00;0.0;0.0;0.0;-4.72;60.85;1.86;
2022-01-18 06:00:00;0.0;0.0;0.0;-4.08;60.95;1.45;
2022-01-18 07:00:00;0.0;0.0;0.0;-4.24;60.95;1.45;
2022-01-18 08:00:00;128.0;438.37;56.0;-3.5;63.7;1.17;
2022-01-18 09:00:00;235.0;438.43;111.0;-0.37;52.6;0.83;
2022-01-18 10:00:00;349.0;660.04;108.0;1.88;41.55;0.76;
2022-01-18 11:00:00;358.0;483.3;162.0;3.18;34.0;0.69;
2022-01-18 12:00:00;387.0;662.8;121.0;3.9;32.75;0.83;
2022-01-18 13:00:00;344.0;714.38;92.0;4.18;31.55;1.17;
2022-01-18 14:00:00;194.0;296.42;116.0;4.08;32.75;1.31;
2022-01-18 15:00:00;68.0;79.37;57.0;3.56;40.15;0.83;
2022-01-18 16:00:00;0.0;0.0;0.0;2.56;45.3;0.69;
2022-01-18 17:00:00;0.0;0.0;0.0;2.12;41.7;0.69;
2022-01-18 18:00:00;0.0;0.0;0.0;1.45;46.9;0.62;
2022-01-18 19:00:00;0.0;0.0;0.0;-1.12;59.2;1.24;
2022-01-18 20:00:00;0.0;0.0;0.0;-1.73;61.55;1.38;
2022-01-18 21:00:00;0.0;0.0;0.0;-1.95;61.45;1.38;
2022-01-18 22:00:00;0.0;0.0;0.0;-2.11;61.45;1.38;
2022-01-18 23:00:00;0.0;0.0;0.0;-2.19;58.95;1.38;
2022-01-19 00:00:00;0.0;0.0;0.0;-2.36;58.95;1.38;
2022-01-19 01:00:00;0.0;0.0;0.0;-2.86;61.35;1.38;
2022-01-19 02:00:00;0.0;0.0;0.0;-3.76;66.35;1.59;
2022-01-19 03:00:00;0.0;0.0;0.0;-4.28;69.05;1.66;
2022-01-19 04:00:00;0.0;0.0;0.0;-4.52;71.85;1.59;
2022-01-19 05:00:00;0.0;0.0;0.0;-4.73;71.85;1.59;
2022-01-19 06:00:00;0.0;0.0;0.0;-4.87;71.85;1.59;
2022-01-19 07:00:00;0.0;0.0;0.0;-4.3;71.95;1.17;
2022-01-19 08:00:00;111.0;258.26;68.0;-2.96;69.25;0.76;
2022-01-19 09:00:00;221.0;353.88;120.0;-0.27;57.1;0.62;
2022-01-19 10:00:00;370.0;806.99;73.0;1.76;41.55;0.76;
2022-01-19 11:00:00;414.0;804.92;85.0;2.94;35.45;0.55;
2022-01-19 12:00:00;409.0;800.5;85.0;3.71;35.6;0.14;
2022-01-19 13:00:00;351.0;766.13;78.0;4.03;35.6;0.21;
2022-01-19 14:00:00;245.0;663.4;68.0;4.07;37.15;0.34;
2022-01-19 15:00:00;106.0;435.85;44.0;3.7;38.7;0.28;
2022-01-19 16:00:00;0.0;0.0;0.0;3.01;40.15;0.28;
2022-01-19 17:00:00;0.0;0.0;0.0;1.8;45.15;0.83;
2022-01-19 18:00:00;0.0;0.0;0.0;-1.09;59.2;1.38;
2022-01-19 19:00:00;0.0;0.0;0.0;-3.49;75.05;1.93;
2022-01-19 20:00:00;0.0;0.0;0.0;-3.9;75.05;1.93;
2022-01-19 21:00:00;0.0;0.0;0.0;-4.1;78.05;1.93;
2022-01-19 22:00:00;0.0;0.0;0.0;-4.28;78.05;1.86;
2022-01-19 23:00:00;0.0;0.0;0.0;-4.23;81.3;1.66;
2022-01-20 00:00:00;0.0;0.0;0.0;-3.95;81.3;1.45;
2022-01-20 01:00:00;0.0;0.0;0.0;-4.06;81.3;1.52;
2022-01-20 02:00:00;0.0;0.0;0.0;-3.92;78.15;1.52;
2022-01-20 03:00:00;0.0;0.0;0.0;-3.85;81.4;1.45;
2022-01-20 04:00:00;0.0;0.0;0.0;-3.43;78.2;1.17;
2022-01-20 05:00:00;0.0;0.0;0.0;-2.69;75.2;0.9;
2022-01-20 06:00:00;0.0;0.0;0.0;-2.58;75.2;0.83;
2022-01-20 07:00:00;0.0;0.0;0.0;-3.92;81.4;1.1;
2022-01-20 08:00:00;130.0;432.31;57.0;-2.87;78.3;0.69;
2022-01-20 09:00:00;258.0;597.01;86.0;-0.31;64.45;0.48;
2022-01-20 10:00:00;365.0;757.33;84.0;1.57;55.2;0.28;
2022-01-20 11:00:00;403.0;723.26;105.0;2.89;49.25;0.34;
2022-01-20 12:00:00;289.0;222.9;198.0;3.81;51.4;0.34;
2022-01-20 13:00:00;219.0;122.22;175.0;4.22;49.55;0.34;
2022-01-20 14:00:00;191.0;262.43;120.0;4.36;51.55;0.41;
2022-01-20 15:00:00;112.0;465.81;44.0;4.06;55.7;0.41;
2022-01-20 16:00:00;0.0;0.0;0.0;3.18;60.15;0.48;
2022-01-20 17:00:00;0.0;0.0;0.0;2.1;62.35;0.69;
2022-01-20 18:00:00;0.0;0.0;0.0;1.19;64.8;0.9;
2022-01-20 19:00:00;0.0;0.0;0.0;-2.64;81.5;1.52;
2022-01-20 20:00:00;0.0;0.0;0.0;-2.88;81.5;1.38;
2022-01-20 21:00:00;0.0;0.0;0.0;-2.96;84.8;1.31;
2022-01-20 22:00:00;0.0;0.0;0.0;-2.82;81.5;1.17;
2022-01-20 23:00:00;0.0;0.0;0.0;-2.48;81.5;0.97;
2022-01-21 00:00:00;0.0;0.0;0.0;-2.42;84.85;0.97;
2022-01-21 01:00:00;0.0;0.0;0.0;-2.7;84.85;0.97;
2022-01-21 02:00:00;0.0;0.0;0.0;-2.93;84.8;1.03;
2022-01-21 03:00:00;0.0;0.0;0.0;-2.74;84.85;0.97;
2022-01-21 04:00:00;0.0;0.0;0.0;-2.3;81.55;0.69;
2022-01-21 05:00:00;0.0;0.0;0.0;-2.56;84.85;0.48;
2022-01-21 06:00:00;0.0;0.0;0.0;-2.8;84.85;0.28;
2022-01-21 07:00:00;0.0;0.0;0.0;-4.34;91.75;1.17;
2022-01-21 08:00:00;141.0;536.97;49.0;-3.4;88.25;1.03;
2022-01-21 09:00:00;274.0;701.27;70.0;-0.13;75.6;1.38;
2022-01-21 10:00:00;374.0;793.8;77.0;2.03;67.5;1.93;
2022-01-21 11:00:00;422.0;818.47;82.0;3.48;65.1;2.21;
2022-01-21 12:00:00;420.0;830.37;78.0;4.55;62.8;2.28;
2022-01-21 13:00:00;364.0;808.24;70.0;5.12;62.95;2.28;
2022-01-21 14:00:00;255.0;692.52;65.0;5.19;63.05;2.14;
2022-01-21 15:00:00;119.0;527.46;40.0;4.56;67.9;1.72;
2022-01-21 16:00:00;0.0;0.0;0.0;2.88;73.2;2.48;
2022-01-21 17:00:00;0.0;0.0;0.0;0.68;81.95;2.48;
2022-01-21 18:00:00;0.0;0.0;0.0;-0.66;88.45;2.28;
2022-01-21 19:00:00;0.0;0.0;0.0;-1.76;88.35;2.21;
2022-01-21 20:00:00;0.0;0.0;0.0;-2.3;88.3;2.07;
2022-01-21 21:00:00;0.0;0.0;0.0;-2.8;88.25;2.07;
2022-01-21 22:00:00;0.0;0.0;0.0;-3.18;91.8;1.93;
2022-01-21 23:00:00;0.0;0.0;0.0;-3.58;91.8;1.86;
2022-01-22 00:00:00;0.0;0.0;0.0;-3.72;91.8;1.72;
2022-01-22 01:00:00;0.0;0.0;0.0;-3.88;91.8;1.72;
2022-01-22 02:00:00;0.0;0.0;0.0;-3.85;91.8;1.66;
2022-01-22 03:00:00;0.0;0.0;0.0;-3.1;91.8;1.24;
2022-01-22 04:00:00;0.0;0.0;0.0;-2.26;88.3;0.97;
2022-01-22 05:00:00;0.0;0.0;0.0;-2.3;88.3;0.97;
2022-01-22 06:00:00;0.0;0.0;0.0;-2.56;91.85;1.03;
2022-01-22 07:00:00;0.0;0.0;0.0;-4.37;95.5;1.45;
2022-01-22 08:00:00;139.0;494.51;53.0;-2.91;91.85;1.03;
2022-01-22 09:00:00;272.0;670.51;75.0;0.23;85.15;0.97;
2022-01-22 10:00:00;373.0;773.79;81.0;2.39;76.0;0.76;
2022-01-22 11:00:00;424.0;814.06;83.0;3.75;70.5;0.28;
2022-01-22 12:00:00;422.0;825.41;79.0;4.69;65.4;0.83;
2022-01-22 13:00:00;367.0;802.55;72.0;5.06;65.4;1.45;
2022-01-22 14:00:00;258.0;690.04;66.0;5.17;63.05;1.79;
2022-01-22 15:00:00;121.0;514.22;42.0;4.76;65.4;1.59;
2022-01-22 16:00:00;0.0;0.0;0.0;3.77;73.3;1.79;
2022-01-22 17:00:00;0.0;0.0;0.0;2.17;76.0;1.86;
2022-01-22 18:00:00;0.0;0.0;0.0;0.86;85.2;1.79;
2022-01-22 19:00:00;0.0;0.0;0.0;-0.91;95.6;1.72;
2022-01-22 20:00:00;0.0;0.0;0.0;-1.34;91.95;1.52;
2022-01-22 21:00:00;0.0;0.0;0.0;-1.71;91.9;1.45;
2022-01-22 22:00:00;0.0;0.0;0.0;-2.06;95.55;1.45;
2022-01-22 23:00:00;0.0;0.0;0.0;-1.98;95.55;1.31;
2022-01-23 00:00:00;0.0;0.0;0.0;-1.46;95.6;1.03;
2022-01-23 01:00:00;0.0;0.0;0.0;-1.48;95.6;1.17;
2022-01-23 02:00:00;0.0;0.0;0.0;-0.95;95.6;1.1;
2022-01-23 03:00:00;0.0;0.0;0.0;-1.5;95.6;1.31;
2022-01-23 04:00:00;0.0;0.0;0.0;-2.15;95.55;1.59;
2022-01-23 05:00:00;0.0;0.0;0.0;-2.69;95.55;1.72;
2022-01-23 06:00:00;0.0;0.0;0.0;-3.23;95.55;1.72;
2022-01-23 07:00:00;5.0;0.0;5.0;-2.91;91.85;1.38;
2022-01-23 08:00:00;145.0;543.61;49.0;-1.21;91.95;0.76;
2022-01-23 09:00:00;279.0;707.52;69.0;1.44;82.0;0.69;
2022-01-23 10:00:00;378.0;788.08;78.0;3.62;79.1;0.69;
2022-01-23 11:00:00;430.0;828.49;80.0;5.11;73.45;1.03;
2022-01-23 12:00:00;428.0;837.07;77.0;6.28;65.75;1.31;
2022-01-23 13:00:00;368.0;791.43;74.0;7.11;63.35;1.45;
2022-01-23 14:00:00;261.0;691.02;66.0;7.46;61.1;0.0;
2022-01-23 15:00:00;130.0;583.96;38.0;7.19;61.1;0.0;
2022-01-23 16:00:00;0.0;0.0;0.0;5.68;68.2;2.0;
2022-01-23 17:00:00;0.0;0.0;0.0;3.09;76.1;2.34;
2022-01-23 18:00:00;0.0;0.0;0.0;1.14;82.0;2.34;
2022-01-23 19:00:00;0.0;0.0;0.0;1.85;75.95;0.9;
2022-01-23 20:00:00;0.0;0.0;0.0;1.44;75.85;0.69;
2022-01-23 21:00:00;0.0;0.0;0.0;0.79;78.8;0.83;
2022-01-23 22:00:00;0.0;0.0;0.0;0.18;81.9;0.76;
2022-01-23 23:00:00;0.0;0.0;0.0;-0.22;81.8;0.76;
2022-01-24 00:00:00;0.0;0.0;0.0;-1.03;85.0;1.1;
2022-01-24 01:00:00;0.0;0.0;0.0;-1.08;85.0;1.03;
2022-01-24 02:00:00;0.0;0.0;0.0;-0.8;85.05;0.9;
2022-01-24 03:00:00;0.0;0.0;0.0;-0.98;88.4;0.62;
2022-01-24 04:00:00;0.0;0.0;0.0;-1.15;85.0;0.55;
2022-01-24 05:00:00;0.0;0.0;0.0;-1.76;88.35;0.97;
2022-01-24 06:00:00;0.0;0.0;0.0;-2.75;88.25;1.31;
2022-01-24 07:00:00;5.0;0.0;5.0;-2.64;91.85;1.31;
2022-01-24 08:00:00;138.0;423.66;62.0;-0.93;91.95;0.9;
2022-01-24 09:00:00;263.0;553.47;97.0;2.06;78.95;0.9;
2022-01-24 10:00:00;380.0;775.89;82.0;5.01;73.45;0.9;
2022-01-24 11:00:00;437.0;842.49;78.0;7.3;65.95;0.76;
2022-01-24 12:00:00;431.0;829.44;80.0;8.84;59.15;0.28;
2022-01-24 13:00:00;337.0;561.98;126.0;9.85;55.05;0.21;
2022-01-24 14:00:00;271.0;733.73;61.0;10.26;55.15;0.14;
2022-01-24 15:00:00;131.0;544.84;43.0;9.94;64.0;0.55;
2022-01-24 16:00:00;0.0;0.0;0.0;8.57;66.15;1.1;
2022-01-24 17:00:00;0.0;0.0;0.0;6.33;73.7;1.45;
2022-01-24 18:00:00;0.0;0.0;0.0;5.04;79.3;1.31;
2022-01-24 19:00:00;0.0;0.0;0.0;4.5;82.3;1.38;
2022-01-24 20:00:00;0.0;0.0;0.0;4.78;79.3;0.9;
2022-01-24 21:00:00;0.0;0.0;0.0;4.27;82.3;0.76;
2022-01-24 22:00:00;0.0;0.0;0.0;3.67;82.25;0.69;
2022-01-24 23:00:00;0.0;0.0;0.0;3.04;85.4;0.48;
2022-01-25 00:00:00;0.0;0.0;0.0;2.57;85.35;0.41;
2022-01-25 01:00:00;0.0;0.0;0.0;2.15;85.35;0.62;
2022-01-25 02:00:00;0.0;0.0;0.0;1.22;85.25;0.97;
2022-01-25 03:00:00;0.0;0.0;0.0;0.54;92.0;0.9;
2022-01-25 04:00:00;0.0;0.0;0.0;0.12;92.0;0.83;
2022-01-25 05:00:00;0.0;0.0;0.0;-0.44;95.6;1.03;
2022-01-25 06:00:00;0.0;0.0;0.0;-0.53;95.6;1.17;
2022-01-25 07:00:00;8.0;0.0;8.0;0.52;95.65;1.03;
2022-01-25 08:00:00;149.0;543.1;50.0;1.62;92.1;0.69;
2022-01-25 09:00:00;283.0;715.85;66.0;3.28;95.7;0.69;
2022-01-25 10:00:00;380.0;781.78;77.0;5.4;92.25;0.76;
2022-01-25 11:00:00;430.0;809.56;82.0;6.34;88.95;0.83;
2022-01-25 12:00:00;424.0;793.71;85.0;7.36;89.0;0.9;
2022-01-25 13:00:00;372.0;785.24;74.0;8.35;85.9;0.76;
2022-01-25 14:00:00;266.0;688.98;66.0;8.99;82.85;0.69;
2022-01-25 15:00:00;130.0;513.47;45.0;9.12;85.95;0.55;
2022-01-25 16:00:00;0.0;0.0;0.0;8.07;92.4;1.31;
2022-01-25 17:00:00;0.0;0.0;0.0;5.73;95.75;1.72;
2022-01-25 18:00:00;0.0;0.0;0.0;3.86;99.4;1.86;
2022-01-25 19:00:00;0.0;0.0;0.0;7.69;85.85;0.76;
2022-01-25 20:00:00;0.0;0.0;0.0;7.32;89.0;0.83;
2022-01-25 21:00:00;0.0;0.0;0.0;6.88;89.0;0.69;
2022-01-25 22:00:00;0.0;0.0;0.0;6.34;92.3;0.83;
2022-01-25 23:00:00;0.0;0.0;0.0;5.42;99.4;1.1;
2022-01-26 00:00:00;0.0;0.0;0.0;2.67;95.7;1.45;
2022-01-26 01:00:00;0.0;0.0;0.0;1.95;99.4;1.31;
2022-01-26 02:00:00;0.0;0.0;0.0;2.03;99.4;1.03;
2022-01-26 03:00:00;0.0;0.0;0.0;2.02;99.4;1.1;
2022-01-26 04:00:00;0.0;0.0;0.0;2.42;99.4;1.17;
2022-01-26 05:00:00;0.0;0.0;0.0;2.86;95.7;1.1;
2022-01-26 06:00:00;0.0;0.0;0.0;3.17;99.4;0.97;
2022-01-26 07:00:00;9.0;0.0;9.0;3.93;100.0;0.83;
2022-01-26 08:00:00;152.0;555.89;49.0;4.24;99.4;0.97;
2022-01-26 09:00:00;277.0;639.59;81.0;5.82;99.4;1.17;
2022-01-26 10:00:00;373.0;713.24;94.0;7.21;92.35;1.1;
2022-01-26 11:00:00;399.0;606.41;136.0;8.42;92.4;0.9;
2022-01-26 12:00:00;407.0;670.35;118.0;9.69;89.15;0.83;
2022-01-26 13:00:00;356.0;654.3;105.0;10.86;83.05;0.83;
2022-01-26 14:00:00;199.0;224.17;133.0;11.62;80.15;0.9;
2022-01-26 15:00:00;118.0;336.05;61.0;11.67;83.1;0.69;
2022-01-26 16:00:00;0.0;0.0;0.0;10.39;89.25;1.03;
2022-01-26 17:00:00;0.0;0.0;0.0;7.95;95.8;1.72;
2022-01-26 18:00:00;0.0;0.0;0.0;6.08;99.4;1.79;
2022-01-26 19:00:00;0.0;0.0;0.0;7.17;92.35;1.86;
2022-01-26 20:00:00;0.0;0.0;0.0;6.68;92.35;1.86;
2022-01-26 21:00:00;0.0;0.0;0.0;6.64;95.8;1.72;
2022-01-26 22:00:00;0.0;0.0;0.0;8.03;92.4;1.31;
2022-01-26 23:00:00;0.0;0.0;0.0;8.28;92.4;0.9;
2022-01-27 00:00:00;0.0;0.0;0.0;7.26;95.8;0.9;
2022-01-27 01:00:00;0.0;0.0;0.0;5.16;99.4;1.38;
2022-01-27 02:00:00;0.0;0.0;0.0;4.0;100.0;1.38;
2022-01-27 03:00:00;0.0;0.0;0.0;3.57;100.0;1.24;
2022-01-27 04:00:00;0.0;0.0;0.0;4.09;100.0;1.24;
2022-01-27 05:00:00;0.0;0.0;0.0;4.35;99.4;1.17;
2022-01-27 06:00:00;0.0;0.0;0.0;4.7;99.4;1.03;
2022-01-27 07:00:00;8.0;0.0;8.0;4.02;100.0;1.17;
2022-01-27 08:00:00;84.0;47.77;75.0;4.69;99.4;0.0;
2022-01-27 09:00:00;98.0;3.23;97.0;6.2;95.8;0.0;
2022-01-27 10:00:00;65.0;0.0;65.0;8.08;99.4;0.9;
2022-01-27 11:00:00;125.0;0.0;125.0;9.12;95.85;0.97;
2022-01-27 12:00:00;87.0;0.0;87.0;10.06;92.5;0.97;
2022-01-27 13:00:00;67.0;0.0;67.0;10.46;89.25;1.03;
2022-01-27 14:00:00;71.0;0.0;71.0;10.86;83.05;1.24;
2022-01-27 15:00:00;39.0;0.0;39.0;10.8;83.05;1.59;
2022-01-27 16:00:00;0.0;0.0;0.0;10.04;89.2;1.72;
2022-01-27 17:00:00;0.0;0.0;0.0;8.92;92.45;1.93;
2022-01-27 18:00:00;0.0;0.0;0.0;8.02;95.8;1.79;
2022-01-27 19:00:00;0.0;0.0;0.0;7.41;95.8;1.72;
2022-01-27 20:00:00;0.0;0.0;0.0;6.89;99.4;1.86;
2022-01-27 21:00:00;0.0;0.0;0.0;6.89;99.4;1.79;
2022-01-27 22:00:00;0.0;0.0;0.0;6.49;99.4;1.93;
2022-01-27 23:00:00;0.0;0.0;0.0;6.63;99.4;1.72;
2022-01-28 00:00:00;0.0;0.0;0.0;6.55;99.4;1.72;
2022-01-28 01:00:00;0.0;0.0;0.0;6.72;99.4;1.79;
2022-01-28 02:00:00;0.0;0.0;0.0;6.92;99.4;1.86;
2022-01-28 03:00:00;0.0;0.0;0.0;7.19;95.8;1.79;
2022-01-28 04:00:00;0.0;0.0;0.0;6.98;99.4;1.79;
2022-01-28 05:00:00;0.0;0.0;0.0;6.93;99.4;1.72;
2022-01-28 06:00:00;0.0;0.0;0.0;7.01;99.4;0.0;
2022-01-28 07:00:00;7.0;0.0;7.0;7.17;99.4;0.0;
2022-01-28 08:00:00;66.0;10.44;64.0;7.45;99.4;0.83;
2022-01-28 09:00:00;124.0;15.96;119.0;8.5;95.85;0.9;
2022-01-28 10:00:00;137.0;2.51;136.0;9.23;89.15;1.03;
2022-01-28 11:00:00;150.0;2.26;149.0;10.53;86.05;0.83;
2022-01-28 12:00:00;174.0;11.38;169.0;11.05;83.05;0.76;
2022-01-28 13:00:00;111.0;0.0;111.0;11.65;80.15;0.83;
2022-01-28 14:00:00;126.0;19.81;120.0;12.2;77.35;0.9;
2022-01-28 15:00:00;72.0;33.72;66.0;12.14;77.35;1.03;
2022-01-28 16:00:00;0.0;0.0;0.0;11.56;80.15;1.59;
2022-01-28 17:00:00;0.0;0.0;0.0;10.44;83.0;1.86;
2022-01-28 18:00:00;0.0;0.0;0.0;9.4;89.15;1.79;
2022-01-28 19:00:00;0.0;0.0;0.0;8.52;95.85;1.38;
2022-01-28 20:00:00;0.0;0.0;0.0;7.53;95.8;1.52;
2022-01-28 21:00:00;0.0;0.0;0.0;6.81;95.8;1.52;
2022-01-28 22:00:00;0.0;0.0;0.0;6.96;95.8;1.45;
2022-01-28 23:00:00;0.0;0.0;0.0;6.68;95.8;1.59;
2022-01-29 00:00:00;0.0;0.0;0.0;6.96;95.8;1.45;
2022-01-29 01:00:00;0.0;0.0;0.0;7.2;92.35;1.52;
2022-01-29 02:00:00;0.0;0.0;0.0;7.04;95.8;1.66;
2022-01-29 03:00:00;0.0;0.0;0.0;7.19;92.35;1.45;
2022-01-29 04:00:00;0.0;0.0;0.0;7.26;95.8;1.31;
2022-01-29 05:00:00;0.0;0.0;0.0;7.31;95.8;1.1;
2022-01-29 06:00:00;0.0;0.0;0.0;7.64;92.35;0.69;
2022-01-29 07:00:00;11.0;22.4;10.0;7.68;92.4;0.97;
2022-01-29 08:00:00;120.0;194.97;82.0;7.97;95.8;0.76;
2022-01-29 09:00:00;236.0;324.96;133.0;9.61;89.15;0.83;
2022-01-29 10:00:00;381.0;708.07;96.0;11.12;83.05;0.9;
2022-01-29 11:00:00;445.0;816.7;81.0;12.26;77.45;1.03;
2022-01-29 12:00:00;435.0;775.48;91.0;13.29;72.2;1.72;
2022-01-29 13:00:00;386.0;782.14;76.0;13.85;69.65;2.0;
2022-01-29 14:00:00;281.0;686.91;70.0;14.22;67.15;2.0;
2022-01-29 15:00:00;148.0;565.48;45.0;13.97;69.65;1.45;
2022-01-29 16:00:00;5.0;0.0;5.0;13.35;69.65;1.38;
2022-01-29 17:00:00;0.0;0.0;0.0;11.54;83.1;1.17;
2022-01-29 18:00:00;0.0;0.0;0.0;11.6;77.3;0.62;
2022-01-29 19:00:00;0.0;0.0;0.0;7.9;92.4;2.0;
2022-01-29 20:00:00;0.0;0.0;0.0;7.67;95.8;1.59;
2022-01-29 21:00:00;0.0;0.0;0.0;8.29;92.4;1.24;
2022-01-29 22:00:00;0.0;0.0;0.0;8.6;92.4;1.03;
2022-01-29 23:00:00;0.0;0.0;0.0;8.6;95.85;0.9;
2022-01-30 00:00:00;0.0;0.0;0.0;8.58;95.85;0.28;
2022-01-30 01:00:00;0.0;0.0;0.0;8.39;95.85;0.76;
2022-01-30 02:00:00;0.0;0.0;0.0;5.47;99.4;1.72;
2022-01-30 03:00:00;0.0;0.0;0.0;4.96;100.0;1.59;
2022-01-30 04:00:00;0.0;0.0;0.0;5.54;100.0;1.38;
2022-01-30 05:00:00;0.0;0.0;0.0;5.73;99.4;1.31;
2022-01-30 06:00:00;0.0;0.0;0.0;6.04;100.0;1.1;
2022-01-30 07:00:00;11.0;0.0;11.0;6.14;99.4;1.66;
2022-01-30 08:00:00;95.0;65.56;82.0;6.43;99.4;1.66;
2022-01-30 09:00:00;43.0;0.0;43.0;7.64;95.8;1.59;
2022-01-30 10:00:00;62.0;0.0;62.0;8.38;92.4;1.52;
2022-01-30 11:00:00;141.0;0.0;141.0;8.9;92.45;1.45;
2022-01-30 12:00:00;48.0;0.0;48.0;9.52;89.15;1.38;
2022-01-30 13:00:00;73.0;0.0;73.0;9.83;89.2;1.38;
2022-01-30 14:00:00;87.0;0.0;87.0;10.36;86.05;1.31;
2022-01-30 15:00:00;30.0;0.0;30.0;9.95;89.2;1.17;
2022-01-30 16:00:00;5.0;0.0;5.0;9.35;92.45;1.31;
2022-01-30 17:00:00;0.0;0.0;0.0;8.51;95.85;1.52;
2022-01-30 18:00:00;0.0;0.0;0.0;8.03;99.4;1.59;
2022-01-30 19:00:00;0.0;0.0;0.0;8.1;99.4;2.07;
2022-01-30 20:00:00;0.0;0.0;0.0;7.92;99.4;2.14;
2022-01-30 21:00:00;0.0;0.0;0.0;7.59;99.4;2.0;
2022-01-30 22:00:00;0.0;0.0;0.0;7.37;99.4;1.66;
2022-01-30 23:00:00;0.0;0.0;0.0;7.09;99.4;1.66;
2022-01-31 00:00:00;0.0;0.0;0.0;6.91;99.4;1.45;
2022-01-31 01:00:00;0.0;0.0;0.0;6.81;99.4;0.97;
2022-01-31 02:00:00;0.0;0.0;0.0;6.56;99.4;1.03;
2022-01-31 03:00:00;0.0;0.0;0.0;6.62;99.4;0.97;
2022-01-31 04:00:00;0.0;0.0;0.0;6.86;95.8;1.38;
2022-01-31 05:00:00;0.0;0.0;0.0;6.42;99.4;0.97;
2022-01-31 06:00:00;0.0;0.0;0.0;6.27;95.8;0.9;
2022-01-31 07:00:00;11.0;0.0;11.0;6.03;99.4;1.1;
2022-01-31 08:00:00;115.0;143.7;86.0;6.68;95.8;0.83;
2022-01-31 09:00:00;106.0;3.08;105.0;8.54;95.85;0.69;
2022-01-31 10:00:00;189.0;31.67;176.0;9.84;86.0;0.9;
2022-01-31 11:00:00;256.0;85.89;217.0;11.13;80.1;1.03;
2022-01-31 12:00:00;285.0;143.72;220.0;12.06;74.6;1.1;
2022-01-31 13:00:00;367.0;614.6;118.0;12.57;72.05;0.9;
2022-01-31 14:00:00;301.0;769.15;58.0;12.47;72.05;0.55;
2022-01-31 15:00:00;162.0;623.95;43.0;12.39;72.05;0.34;
2022-01-31 16:00:00;9.0;0.0;9.0;10.67;87.13;1.23;
2022-01-31 17:00:00;0.0;0.0;0.0;9.9;88.03;1.27;
2022-01-31 18:00:00;0.0;0.0;0.0;9.13;88.93;1.31;
2022-01-31 19:00:00;0.0;0.0;0.0;8.36;89.82;1.34;
2022-01-31 20:00:00;0.0;0.0;0.0;7.59;90.72;1.38;
2022-01-31 21:00:00;0.0;0.0;0.0;6.82;91.61;1.42;
2022-01-31 22:00:00;0.0;0.0;0.0;6.06;92.51;1.46;
2022-01-31 23:00:00;0.0;0.0;0.0;5.29;93.41;1.49;
2022-02-01 00:00:00;0.0;0.0;0.0;4.52;94.3;1.53;
2022-02-01 01:00:00;0.0;0.0;0.0;3.75;95.2;1.57;
2022-02-01 02:00:00;0.0;0.0;0.0;2.98;96.09;1.61;
2022-02-01 03:00:00;0.0;0.0;0.0;2.21;96.99;1.64;
2022-02-01 04:00:00;0.0;0.0;0.0;1.44;97.88;1.68;
2022-02-01 05:00:00;0.0;0.0;0.0;0.67;98.78;1.72;
2022-02-01 06:00:00;0.0;0.0;0.0;-0.1;99.68;1.76;
2022-02-01 07:00:00;17.0;36.87;15.0;-0.87;100.0;1.8;
2022-02-01 08:00:00;101.0;73.03;86.0;1.55;95.65;1.38;
2022-02-01 09:00:00;135.0;18.28;129.0;3.43;88.7;0.9;
2022-02-01 10:00:00;145.0;4.82;143.0;6.09;76.55;0.48;
2022-02-01 11:00:00;130.0;0.0;130.0;8.25;71.35;0.34;
2022-02-01 12:00:00;136.0;0.0;136.0;9.4;68.9;0.83;
2022-02-01 13:00:00;107.0;0.0;107.0;10.32;66.55;1.66;
2022-02-01 14:00:00;114.0;6.24;112.0;10.61;66.65;2.34;
2022-02-01 15:00:00;64.0;10.25;62.0;10.18;69.1;2.62;
2022-02-01 16:00:00;10.0;23.69;9.0;8.68;76.95;2.48;
2022-02-01 17:00:00;0.0;0.0;0.0;6.66;89.0;2.62;
2022-02-01 18:00:00;0.0;0.0;0.0;5.37;95.75;2.62;
2022-02-01 19:00:00;0.0;0.0;0.0;4.57;95.75;2.55;
2022-02-01 20:00:00;0.0;0.0;0.0;4.01;99.4;2.62;
2022-02-01 21:00:00;0.0;0.0;0.0;3.61;95.7;2.55;
2022-02-01 22:00:00;0.0;0.0;0.0;3.41;99.4;2.48;
2022-02-01 23:00:00;0.0;0.0;0.0;3.28;99.4;2.41;
2022-02-02 00:00:00;0.0;0.0;0.0;3.27;95.7;2.28;
2022-02-02 01:00:00;0.0;0.0;0.0;3.24;95.7;2.07;
2022-02-02 02:00:00;0.0;0.0;0.0;3.33;95.7;2.0;
2022-02-02 03:00:00;0.0;0.0;0.0;3.34;99.4;1.72;
2022-02-02 04:00:00;0.0;0.0;0.0;3.4;99.4;1.52;
2022-02-02 05:00:00;0.0;0.0;0.0;3.36;99.4;1.45;
2022-02-02 06:00:00;0.0;0.0;0.0;3.48;99.4;1.66;
2022-02-02 07:00:00;13.0;0.0;13.0;3.42;95.7;2.07;
2022-02-02 08:00:00;38.0;0.0;38.0;3.74;95.7;1.45;
2022-02-02 09:00:00;54.0;0.0;54.0;4.09;92.2;1.1;
2022-02-02 10:00:00;124.0;0.0;124.0;4.62;92.25;2.21;
2022-02-02 11:00:00;89.0;0.0;89.0;5.39;92.25;3.03;
2022-02-02 12:00:00;85.0;0.0;85.0;6.85;85.75;2.83;
2022-02-02 13:00:00;144.0;2.41;143.0;8.27;74.05;2.21;
2022-02-02 14:00:00;107.0;3.08;106.0;9.41;59.25;3.52;
2022-02-02 15:00:00;86.0;40.11;78.0;9.99;37.3;5.93;
2022-02-02 16:00:00;9.0;0.0;9.0;9.93;27.05;6.69;
2022-02-02 17:00:00;0.0;0.0;0.0;9.39;24.8;6.21;
2022-02-02 18:00:00;0.0;0.0;0.0;8.96;24.65;5.72;
2022-02-02 19:00:00;0.0;0.0;0.0;8.43;25.55;5.72;
2022-02-02 20:00:00;0.0;0.0;0.0;8.3;25.55;6.07;
2022-02-02 21:00:00;0.0;0.0;0.0;8.19;25.55;6.07;
2022-02-02 22:00:00;0.0;0.0;0.0;8.01;26.5;5.66;
2022-02-02 23:00:00;0.0;0.0;0.0;7.7;27.6;5.03;
2022-02-03 00:00:00;0.0;0.0;0.0;7.2;29.85;4.41;
2022-02-03 01:00:00;0.0;0.0;0.0;6.63;32.25;3.86;
2022-02-03 02:00:00;0.0;0.0;0.0;6.22;33.5;3.72;
2022-02-03 03:00:00;0.0;0.0;0.0;6.04;33.35;4.28;
2022-02-03 04:00:00;0.0;0.0;0.0;6.15;27.2;5.17;
2022-02-03 05:00:00;0.0;0.0;0.0;5.85;24.9;5.38;
2022-02-03 06:00:00;0.0;0.0;0.0;5.22;24.75;5.1;
2022-02-03 07:00:00;38.0;376.21;15.0;5.51;26.95;5.72;
2022-02-03 08:00:00;189.0;615.4;58.0;5.8;30.7;5.59;
2022-02-03 09:00:00;331.0;743.34;81.0;7.0;33.6;4.83;
2022-02-03 10:00:00;426.0;754.02;107.0;8.21;28.95;5.66;
2022-02-03 11:00:00;490.0;836.89;99.0;9.12;26.9;6.0;
2022-02-03 12:00:00;469.0;734.34;127.0;9.82;25.95;5.93;
2022-02-03 13:00:00;411.0;694.97;120.0;10.21;25.05;5.59;
2022-02-03 14:00:00;97.0;0.0;97.0;10.28;25.05;4.9;
2022-02-03 15:00:00;88.0;34.34;81.0;9.75;29.35;3.59;
2022-02-03 16:00:00;28.0;315.88;12.0;8.38;34.05;2.9;
2022-02-03 17:00:00;0.0;0.0;0.0;6.35;41.0;2.69;
2022-02-03 18:00:00;0.0;0.0;0.0;4.37;47.6;2.55;
2022-02-03 19:00:00;0.0;0.0;0.0;3.96;40.3;2.62;
2022-02-03 20:00:00;0.0;0.0;0.0;2.35;51.0;2.14;
2022-02-03 21:00:00;0.0;0.0;0.0;1.4;55.05;1.86;
2022-02-03 22:00:00;0.0;0.0;0.0;0.54;57.35;1.72;
2022-02-03 23:00:00;0.0;0.0;0.0;-0.13;64.45;1.79;
2022-02-04 00:00:00;0.0;0.0;0.0;-1.01;67.0;1.79;
2022-02-04 01:00:00;0.0;0.0;0.0;-1.2;69.65;1.52;
2022-02-04 02:00:00;0.0;0.0;0.0;-1.27;66.9;1.38;
2022-02-04 03:00:00;0.0;0.0;0.0;-1.71;69.55;1.45;
2022-02-04 04:00:00;0.0;0.0;0.0;-2.25;72.3;1.59;
2022-02-04 05:00:00;0.0;0.0;0.0;-2.7;75.2;1.72;
2022-02-04 06:00:00;0.0;0.0;0.0;-2.88;75.2;1.66;
2022-02-04 07:00:00;38.0;293.54;19.0;-1.31;75.45;1.17;
2022-02-04 08:00:00;187.0;585.95;60.0;0.71;67.3;0.69;
2022-02-04 09:00:00;323.0;693.2;87.0;3.55;62.7;0.69;
2022-02-04 10:00:00;420.0;729.97;108.0;6.34;48.15;1.1;
2022-02-04 11:00:00;483.0;809.81;101.0;8.12;45.0;1.31;
2022-02-04 12:00:00;476.0;784.56;107.0;9.28;45.25;1.59;
2022-02-04 13:00:00;422.0;767.69;97.0;10.4;45.55;1.86;
2022-02-04 14:00:00;229.0;218.57;156.0;10.82;45.7;1.86;
2022-02-04 15:00:00;174.0;542.44;61.0;10.83;47.45;1.45;
2022-02-04 16:00:00;25.0;163.89;16.0;9.89;55.05;1.24;
2022-02-04 17:00:00;0.0;0.0;0.0;7.11;68.5;1.59;
2022-02-04 18:00:00;0.0;0.0;0.0;4.74;76.3;2.28;
2022-02-04 19:00:00;0.0;0.0;0.0;3.44;88.7;2.83;
2022-02-04 20:00:00;0.0;0.0;0.0;2.91;92.15;2.76;
2022-02-04 21:00:00;0.0;0.0;0.0;2.34;92.1;2.48;
2022-02-04 22:00:00;0.0;0.0;0.0;1.61;92.05;2.21;
2022-02-04 23:00:00;0.0;0.0;0.0;1.58;92.05;1.86;
2022-02-05 00:00:00;0.0;0.0;0.0;2.9;88.65;1.45;
2022-02-05 01:00:00;0.0;0.0;0.0;4.15;85.5;1.1;
2022-02-05 02:00:00;0.0;0.0;0.0;4.01;88.75;0.97;
2022-02-05 03:00:00;0.0;0.0;0.0;3.61;85.45;0.97;
2022-02-05 04:00:00;0.0;0.0;0.0;1.95;92.05;1.24;
2022-02-05 05:00:00;0.0;0.0;0.0;-0.35;92.0;1.66;
2022-02-05 06:00:00;0.0;0.0;0.0;-1.33;95.6;1.66;
2022-02-05 07:00:00;30.0;102.32;23.0;-0.39;92.0;1.52;
2022-02-05 08:00:00;77.0;9.06;75.0;0.96;95.65;1.45;
2022-02-05 09:00:00;92.0;0.0;92.0;4.2;85.5;1.31;
2022-02-05 10:00:00;98.0;0.0;98.0;6.26;76.55;1.24;
2022-02-05 11:00:00;274.0;88.18;232.0;7.77;71.25;0.9;
2022-02-05 12:00:00;57.0;0.0;57.0;8.84;68.8;0.28;
2022-02-05 13:00:00;236.0;77.1;203.0;9.74;66.45;1.17;
2022-02-05 14:00:00;205.0;132.9;160.0;10.48;64.1;1.52;
2022-02-05 15:00:00;108.0;79.89;91.0;10.59;64.1;1.1;
2022-02-05 16:00:00;18.0;33.78;16.0;10.24;66.55;0.48;
2022-02-05 17:00:00;0.0;0.0;0.0;7.7;79.7;1.24;
2022-02-05 18:00:00;0.0;0.0;0.0;4.54;88.85;1.93;
2022-02-05 19:00:00;0.0;0.0;0.0;3.96;95.7;2.28;
2022-02-05 20:00:00;0.0;0.0;0.0;4.0;95.7;2.28;
2022-02-05 21:00:00;0.0;0.0;0.0;4.12;92.2;2.48;
2022-02-05 22:00:00;0.0;0.0;0.0;4.07;92.2;2.48;
2022-02-05 23:00:00;0.0;0.0;0.0;4.04;92.2;2.0;
2022-02-06 00:00:00;0.0;0.0;0.0;3.98;95.7;1.79;
2022-02-06 01:00:00;0.0;0.0;0.0;3.64;95.7;1.72;
2022-02-06 02:00:00;0.0;0.0;0.0;3.25;95.7;1.31;
2022-02-06 03:00:00;0.0;0.0;0.0;2.72;99.4;1.79;
2022-02-06 04:00:00;0.0;0.0;0.0;1.92;99.4;2.14;
2022-02-06 05:00:00;0.0;0.0;0.0;1.21;99.35;2.41;
2022-02-06 06:00:00;0.0;0.0;0.0;0.63;92.05;2.48;
2022-02-06 07:00:00;37.0;180.08;24.0;0.0;88.5;2.21;
2022-02-06 08:00:00;197.0;600.66;62.0;0.9;85.2;1.86;
2022-02-06 09:00:00;336.0;710.7;88.0;3.75;70.5;1.86;
2022-02-06 10:00:00;434.0;744.86;109.0;6.09;56.3;1.59;
2022-02-06 11:00:00;490.0;783.92;113.0;7.68;48.55;1.17;
2022-02-06 12:00:00;451.0;596.21;165.0;8.41;43.25;0.62;
2022-02-06 13:00:00;429.0;739.49;109.0;8.69;40.1;0.21;
2022-02-06 14:00:00;250.0;265.12;159.0;8.96;38.55;0.62;
2022-02-06 15:00:00;131.0;156.46;97.0;8.83;38.55;0.55;
2022-02-06 16:00:00;15.0;0.0;15.0;8.22;66.15;0.34;
2022-02-06 17:00:00;0.0;0.0;0.0;5.54;58.3;1.38;
2022-02-06 18:00:00;0.0;0.0;0.0;2.9;67.6;1.86;
2022-02-06 19:00:00;0.0;0.0;0.0;2.41;67.5;2.83;
2022-02-06 20:00:00;0.0;0.0;0.0;3.02;70.3;3.93;
2022-02-06 21:00:00;0.0;0.0;0.0;3.1;79.1;4.21;
2022-02-06 22:00:00;0.0;0.0;0.0;2.58;85.35;4.0;
2022-02-06 23:00:00;0.0;0.0;0.0;2.33;88.65;3.59;
2022-02-07 00:00:00;0.0;0.0;0.0;2.15;88.65;3.17;
2022-02-07 01:00:00;0.0;0.0;0.0;2.0;92.05;2.62;
2022-02-07 02:00:00;0.0;0.0;0.0;1.82;88.6;1.93;
2022-02-07 03:00:00;0.0;0.0;0.0;1.19;92.05;1.45;
2022-02-07 04:00:00;0.0;0.0;0.0;0.47;92.0;1.31;
2022-02-07 05:00:00;0.0;0.0;0.0;0.05;88.5;1.24;
2022-02-07 06:00:00;0.0;0.0;0.0;0.19;88.5;1.03;
2022-02-07 07:00:00;28.0;39.44;25.0;1.09;92.05;0.69;
2022-02-07 08:00:00;106.0;43.69;96.0;1.22;95.65;0.83;
2022-02-07 09:00:00;270.0;311.33;160.0;2.96;92.15;1.1;
2022-02-07 10:00:00;471.0;895.93;76.0;4.44;79.2;1.24;
2022-02-07 11:00:00;515.0;869.01;93.0;6.05;65.65;1.66;
2022-02-07 12:00:00;508.0;844.26;99.0;7.54;52.35;2.21;
2022-02-07 13:00:00;450.0;816.03;93.0;8.76;38.55;3.31;
2022-02-07 14:00:00;334.0;701.32;90.0;9.47;30.4;4.28;
2022-02-07 15:00:00;191.0;567.97;65.0;9.21;28.05;4.21;
2022-02-07 16:00:00;38.0;279.99;19.0;7.94;28.8;4.28;
2022-02-07 17:00:00;0.0;0.0;0.0;6.08;28.35;4.28;
2022-02-07 18:00:00;0.0;0.0;0.0;4.88;29.15;4.21;
2022-02-07 19:00:00;0.0;0.0;0.0;3.71;32.75;3.31;
2022-02-07 20:00:00;0.0;0.0;0.0;2.63;36.85;3.17;
2022-02-07 21:00:00;0.0;0.0;0.0;1.58;39.75;3.03;
2022-02-07 22:00:00;0.0;0.0;0.0;0.54;43.05;2.83;
2022-02-07 23:00:00;0.0;0.0;0.0;-0.5;48.45;2.69;
2022-02-08 00:00:00;0.0;0.0;0.0;-1.54;54.4;2.55;
2022-02-08 01:00:00;0.0;0.0;0.0;-2.58;61.35;2.28;
2022-02-08 02:00:00;0.0;0.0;0.0;-3.4;63.8;2.0;
2022-02-08 03:00:00;0.0;0.0;0.0;-4.03;66.35;2.0;
2022-02-08 04:00:00;0.0;0.0;0.0;-4.41;71.95;2.07;
2022-02-08 05:00:00;0.0;0.0;0.0;-4.66;74.9;2.0;
2022-02-08 06:00:00;0.0;0.0;0.0;-4.88;74.9;1.93;
2022-02-08 07:00:00;53.0;374.9;23.0;-3.24;66.45;1.45;
2022-02-08 08:00:00;213.0;643.5;63.0;-1.1;69.65;0.97;
2022-02-08 09:00:00;354.0;732.33;92.0;2.07;57.6;0.9;
2022-02-08 10:00:00;426.0;615.03;152.0;4.29;51.55;0.9;
2022-02-08 11:00:00;505.0;770.87;127.0;5.9;44.3;1.03;
2022-02-08 12:00:00;518.0;846.19;104.0;6.86;39.55;1.24;
2022-02-08 13:00:00;437.0;691.88;131.0;7.45;35.15;1.38;
2022-02-08 14:00:00;289.0;388.52;152.0;7.6;32.55;1.45;
2022-02-08 15:00:00;213.0;706.71;53.0;7.64;32.55;1.45;
2022-02-08 16:00:00;46.0;373.87;19.0;6.82;52.2;0.76;
2022-02-08 17:00:00;0.0;0.0;0.0;4.78;45.85;1.1;
2022-02-08 18:00:00;0.0;0.0;0.0;1.39;59.7;1.86;
2022-02-08 19:00:00;0.0;0.0;0.0;-0.14;48.45;2.55;
2022-02-08 20:00:00;0.0;0.0;0.0;-1.26;50.2;2.55;
2022-02-08 21:00:00;0.0;0.0;0.0;-1.99;52.2;2.48;
2022-02-08 22:00:00;0.0;0.0;0.0;-2.71;58.85;2.21;
2022-02-08 23:00:00;0.0;0.0;0.0;-3.41;61.2;2.07;
2022-02-09 00:00:00;0.0;0.0;0.0;-3.96;66.35;2.0;
2022-02-09 01:00:00;0.0;0.0;0.0;-4.33;69.05;1.93;
2022-02-09 02:00:00;0.0;0.0;0.0;-4.41;69.05;1.79;
2022-02-09 03:00:00;0.0;0.0;0.0;-4.28;69.05;1.59;
2022-02-09 04:00:00;0.0;0.0;0.0;-4.14;71.95;1.52;
2022-02-09 05:00:00;0.0;0.0;0.0;-4.03;69.15;1.45;
2022-02-09 06:00:00;0.0;0.0;0.0;-4.07;74.95;1.52;
2022-02-09 07:00:00;49.0;237.9;29.0;-3.24;72.1;1.17;
2022-02-09 08:00:00;213.0;610.78;68.0;-1.61;66.8;0.83;
2022-02-09 09:00:00;362.0;761.84;86.0;0.96;57.35;0.76;
2022-02-09 10:00:00;463.0;790.77;107.0;2.82;55.45;0.76;
2022-02-09 11:00:00;518.0;817.92;113.0;4.42;47.6;0.9;
2022-02-09 12:00:00;525.0;858.12;101.0;5.64;42.55;1.1;
2022-02-09 13:00:00;446.0;715.73;126.0;6.45;37.85;1.59;
2022-02-09 14:00:00;44.0;0.0;44.0;6.83;32.25;1.93;
2022-02-09 15:00:00;184.0;419.95;87.0;6.77;27.35;2.07;
2022-02-09 16:00:00;36.0;130.56;26.0;5.81;36.2;1.38;
2022-02-09 17:00:00;0.0;0.0;0.0;2.85;51.15;1.66;
2022-02-09 18:00:00;0.0;0.0;0.0;0.16;52.75;2.14;
2022-02-09 19:00:00;0.0;0.0;0.0;-1.33;46.2;2.69;
2022-02-09 20:00:00;0.0;0.0;0.0;-1.99;44.15;2.97;
2022-02-09 21:00:00;0.0;0.0;0.0;-2.15;40.4;3.1;
2022-02-09 22:00:00;0.0;0.0;0.0;-2.5;40.4;2.9;
2022-02-09 23:00:00;0.0;0.0;0.0;-3.1;43.75;2.55;
2022-02-10 00:00:00;0.0;0.0;0.0;-3.62;47.45;2.21;
2022-02-10 01:00:00;0.0;0.0;0.0;-4.03;49.55;1.93;
2022-02-10 02:00:00;0.0;0.0;0.0;-4.2;56.1;1.72;
2022-02-10 03:00:00;0.0;0.0;0.0;-4.04;58.5;1.52;
2022-02-10 04:00:00;0.0;0.0;0.0;-3.17;56.35;1.17;
2022-02-10 05:00:00;0.0;0.0;0.0;-2.88;54.15;0.97;
2022-02-10 06:00:00;0.0;0.0;0.0;-2.99;56.45;0.9;
2022-02-10 07:00:00;58.0;351.46;27.0;-3.28;63.8;0.97;
2022-02-10 08:00:00;214.0;591.45;71.0;-1.66;64.1;0.62;
2022-02-10 09:00:00;355.0;697.8;99.0;0.82;55.05;0.69;
2022-02-10 10:00:00;456.0;738.55;120.0;2.57;49.15;0.55;
2022-02-10 11:00:00;525.0;837.98;106.0;3.81;45.55;0.48;
2022-02-10 12:00:00;514.0;791.6;119.0;4.59;42.3;0.55;
2022-02-10 13:00:00;460.0;781.05;107.0;5.02;40.6;0.62;
2022-02-10 14:00:00;339.0;629.64;111.0;5.19;36.05;0.55;
2022-02-10 15:00:00;202.0;547.58;73.0;5.04;34.6;0.14;
2022-02-10 16:00:00;51.0;333.39;24.0;4.51;45.7;0.9;
2022-02-10 17:00:00;0.0;0.0;0.0;2.08;51.0;2.34;
2022-02-10 18:00:00;0.0;0.0;0.0;0.32;59.6;2.41;
2022-02-10 19:00:00;0.0;0.0;0.0;-0.41;59.45;2.41;
2022-02-10 20:00:00;0.0;0.0;0.0;-0.35;64.45;2.55;
2022-02-10 21:00:00;0.0;0.0;0.0;0.22;64.55;2.62;
2022-02-10 22:00:00;0.0;0.0;0.0;0.57;64.65;2.62;
2022-02-10 23:00:00;0.0;0.0;0.0;0.66;67.3;2.41;
2022-02-11 00:00:00;0.0;0.0;0.0;0.57;67.3;2.28;
2022-02-11 01:00:00;0.0;0.0;0.0;0.32;72.75;2.48;
2022-02-11 02:00:00;0.0;0.0;0.0;0.23;75.7;2.76;
2022-02-11 03:00:00;0.0;0.0;0.0;0.11;75.7;2.97;
2022-02-11 04:00:00;0.0;0.0;0.0;0.02;75.7;3.31;
2022-02-11 05:00:00;0.0;0.0;0.0;-0.02;78.65;3.59;
2022-02-11 06:00:00;0.0;0.0;0.0;-0.04;78.65;3.79;
2022-02-11 07:00:00;23.0;0.0;23.0;-0.56;81.75;3.79;
2022-02-11 08:00:00;45.0;0.0;45.0;-0.39;78.65;3.93;
2022-02-11 09:00:00;73.0;0.0;73.0;-0.1;78.65;4.55;
2022-02-11 10:00:00;89.0;0.0;89.0;0.09;78.75;4.83;
2022-02-11 11:00:00;90.0;0.0;90.0;0.34;78.75;4.83;
2022-02-11 12:00:00;87.0;0.0;87.0;0.23;85.15;4.83;
2022-02-11 13:00:00;98.0;0.0;98.0;0.12;85.15;4.76;
2022-02-11 14:00:00;57.0;0.0;57.0;0.13;88.5;4.55;
2022-02-11 15:00:00;74.0;4.16;73.0;0.05;88.5;4.48;
2022-02-11 16:00:00;29.0;35.13;26.0;-0.02;92.0;4.28;
2022-02-11 17:00:00;0.0;0.0;0.0;-0.04;92.0;3.72;
2022-02-11 18:00:00;0.0;0.0;0.0;0.0;88.5;2.83;
2022-02-11 19:00:00;0.0;0.0;0.0;-0.03;88.45;2.97;
2022-02-11 20:00:00;0.0;0.0;0.0;-0.02;88.45;2.0;
2022-02-11 21:00:00;0.0;0.0;0.0;-0.25;88.45;1.93;
2022-02-11 22:00:00;0.0;0.0;0.0;-0.54;91.95;2.34;
2022-02-11 23:00:00;0.0;0.0;0.0;-0.92;88.45;2.55;
2022-02-12 00:00:00;0.0;0.0;0.0;-1.24;88.4;2.48;
2022-02-12 01:00:00;0.0;0.0;0.0;-1.4;88.4;2.48;
2022-02-12 02:00:00;0.0;0.0;0.0;-1.62;88.35;2.34;
2022-02-12 03:00:00;0.0;0.0;0.0;-1.71;88.35;2.0;
2022-02-12 04:00:00;0.0;0.0;0.0;-2.11;91.85;1.38;
2022-02-12 05:00:00;0.0;0.0;0.0;-2.16;88.3;0.55;
2022-02-12 06:00:00;0.0;0.0;0.0;-2.14;84.85;0.48;
2022-02-12 07:00:00;45.0;93.05;36.0;-2.25;88.3;0.55;
2022-02-12 08:00:00;130.0;79.76;110.0;-1.92;88.35;0.41;
2022-02-12 09:00:00;62.0;0.0;62.0;-1.47;88.4;0.48;
2022-02-12 10:00:00;92.0;0.0;92.0;-0.27;85.1;0.55;
2022-02-12 11:00:00;204.0;9.81;199.0;0.29;85.15;0.48;
2022-02-12 12:00:00;142.0;0.0;142.0;0.65;88.55;0.28;
2022-02-12 13:00:00;196.0;15.16;189.0;0.9;85.2;0.34;
2022-02-12 14:00:00;177.0;40.36;162.0;1.25;81.95;0.14;
2022-02-12 15:00:00;127.0;81.69;107.0;1.03;85.2;0.62;
2022-02-12 16:00:00;34.0;44.54;30.0;0.26;88.5;1.03;
2022-02-12 17:00:00;0.0;0.0;0.0;-1.26;88.4;1.24;
2022-02-12 18:00:00;0.0;0.0;0.0;-2.42;88.3;1.38;
2022-02-12 19:00:00;0.0;0.0;0.0;-3.03;95.55;1.45;
2022-02-12 20:00:00;0.0;0.0;0.0;-3.29;95.55;1.45;
2022-02-12 21:00:00;0.0;0.0;0.0;-3.03;95.55;1.31;
2022-02-12 22:00:00;0.0;0.0;0.0;-3.35;95.55;1.03;
2022-02-12 23:00:00;0.0;0.0;0.0;-4.35;99.4;0.76;
2022-02-13 00:00:00;0.0;0.0;0.0;-5.27;99.4;0.55;
2022-02-13 01:00:00;0.0;0.0;0.0;-5.73;99.4;0.41;
2022-02-13 02:00:00;0.0;0.0;0.0;-6.09;99.4;0.62;
2022-02-13 03:00:00;0.0;0.0;0.0;-6.66;99.4;0.69;
2022-02-13 04:00:00;0.0;0.0;0.0;-6.56;99.4;0.76;
2022-02-13 05:00:00;0.0;0.0;0.0;-7.47;95.4;1.1;
2022-02-13 06:00:00;0.0;0.0;0.0;-7.75;95.4;1.45;
2022-02-13 07:00:00;39.0;39.56;35.0;-6.37;95.45;0.97;
2022-02-13 08:00:00;107.0;23.5;101.0;-5.51;95.45;1.24;
2022-02-13 09:00:00;141.0;5.25;139.0;-3.36;91.8;1.31;
2022-02-13 10:00:00;124.0;0.0;124.0;-0.23;85.1;1.38;
2022-02-13 11:00:00;123.0;0.0;123.0;1.97;82.0;1.52;
2022-02-13 12:00:00;210.0;9.73;205.0;2.37;82.05;1.79;
2022-02-13 13:00:00;240.0;47.14;218.0;2.95;79.0;1.79;
2022-02-13 14:00:00;201.0;66.4;176.0;3.91;70.5;1.59;
2022-02-13 15:00:00;138.0;100.21;113.0;4.52;65.3;1.45;
2022-02-13 16:00:00;46.0;116.72;35.0;3.53;70.5;1.52;
2022-02-13 17:00:00;0.0;0.0;0.0;0.43;75.7;2.0;
2022-02-13 18:00:00;0.0;0.0;0.0;-1.39;78.5;2.14;
2022-02-13 19:00:00;0.0;0.0;0.0;2.59;73.1;0.55;
2022-02-13 20:00:00;0.0;0.0;0.0;0.65;67.3;1.59;
2022-02-13 21:00:00;0.0;0.0;0.0;-0.89;64.35;2.0;
2022-02-13 22:00:00;0.0;0.0;0.0;-0.99;61.8;1.93;
2022-02-13 23:00:00;0.0;0.0;0.0;-1.0;59.35;1.79;
2022-02-14 00:00:00;0.0;0.0;0.0;-0.86;59.35;1.52;
2022-02-14 01:00:00;0.0;0.0;0.0;-1.31;61.65;1.59;
2022-02-14 02:00:00;0.0;0.0;0.0;-1.36;64.25;1.52;
2022-02-14 03:00:00;0.0;0.0;0.0;-2.14;66.65;1.59;
2022-02-14 04:00:00;0.0;0.0;0.0;-3.54;72.05;1.66;
2022-02-14 05:00:00;0.0;0.0;0.0;-3.56;75.05;1.59;
2022-02-14 06:00:00;0.0;0.0;0.0;-3.63;75.05;1.38;
2022-02-14 07:00:00;47.0;75.78;39.0;-2.81;78.3;0.9;
2022-02-14 08:00:00;118.0;38.45;108.0;-1.07;75.45;0.62;
2022-02-14 09:00:00;166.0;20.73;158.0;1.4;67.3;1.03;
2022-02-14 10:00:00;218.0;25.29;206.0;2.98;60.05;1.31;
2022-02-14 11:00:00;266.0;44.24;243.0;4.42;62.8;1.24;
2022-02-14 12:00:00;271.0;48.18;246.0;6.9;46.4;1.03;
2022-02-14 13:00:00;272.0;86.93;231.0;8.12;41.6;0.9;
2022-02-14 14:00:00;227.0;110.14;185.0;8.67;40.1;0.9;
2022-02-14 15:00:00;142.0;106.24;115.0;8.65;41.7;0.83;
2022-02-14 16:00:00;36.0;40.53;32.0;7.49;52.35;1.31;
2022-02-14 17:00:00;0.0;0.0;0.0;4.05;67.9;1.72;
2022-02-14 18:00:00;0.0;0.0;0.0;3.32;67.7;1.59;
2022-02-14 19:00:00;0.0;0.0;0.0;4.53;70.6;1.1;
2022-02-14 20:00:00;0.0;0.0;0.0;3.91;73.3;0.69;
2022-02-14 21:00:00;0.0;0.0;0.0;3.38;76.1;0.28;
2022-02-14 22:00:00;0.0;0.0;0.0;2.88;76.0;0.48;
2022-02-14 23:00:00;0.0;0.0;0.0;2.38;78.95;0.9;
2022-02-15 00:00:00;0.0;0.0;0.0;1.51;78.9;1.31;
2022-02-15 01:00:00;0.0;0.0;0.0;1.05;81.95;1.24;
2022-02-15 02:00:00;0.0;0.0;0.0;0.56;81.95;1.24;
2022-02-15 03:00:00;0.0;0.0;0.0;0.07;81.9;1.03;
2022-02-15 04:00:00;0.0;0.0;0.0;-0.36;85.1;0.97;
2022-02-15 05:00:00;0.0;0.0;0.0;-0.79;85.05;0.83;
2022-02-15 06:00:00;0.0;0.0;0.0;-0.96;85.05;0.62;
2022-02-15 07:00:00;13.0;0.0;13.0;-1.4;85.0;0.48;
2022-02-15 08:00:00;170.0;185.05;121.0;0.9;81.95;0.07;
2022-02-15 09:00:00;257.0;171.45;190.0;3.29;73.2;0.21;
2022-02-15 10:00:00;297.0;118.87;240.0;5.21;65.55;0.14;
2022-02-15 11:00:00;362.0;182.87;266.0;6.67;61.0;0.28;
2022-02-15 12:00:00;361.0;183.22;265.0;7.79;56.7;0.55;
2022-02-15 13:00:00;346.0;234.98;234.0;8.46;54.65;0.69;
2022-02-15 14:00:00;297.0;321.08;173.0;8.81;52.7;0.76;
2022-02-15 15:00:00;182.0;270.48;112.0;8.88;54.8;0.76;
2022-02-15 16:00:00;57.0;184.22;38.0;8.55;59.0;0.9;
2022-02-15 17:00:00;0.0;0.0;0.0;6.89;65.85;1.31;
2022-02-15 18:00:00;0.0;0.0;0.0;4.96;73.45;1.59;
2022-02-15 19:00:00;0.0;0.0;0.0;2.92;82.15;1.79;
2022-02-15 20:00:00;0.0;0.0;0.0;2.29;85.3;1.79;
2022-02-15 21:00:00;0.0;0.0;0.0;2.01;85.25;1.72;
2022-02-15 22:00:00;0.0;0.0;0.0;1.84;85.25;1.66;
2022-02-15 23:00:00;0.0;0.0;0.0;1.43;88.55;1.59;
2022-02-16 00:00:00;0.0;0.0;0.0;0.55;85.2;1.59;
2022-02-16 01:00:00;0.0;0.0;0.0;0.17;85.15;1.59;
2022-02-16 02:00:00;0.0;0.0;0.0;0.27;85.15;1.52;
2022-02-16 03:00:00;0.0;0.0;0.0;0.18;85.15;1.45;
2022-02-16 04:00:00;0.0;0.0;0.0;-0.05;88.45;1.38;
2022-02-16 05:00:00;0.0;0.0;0.0;-0.38;85.1;1.31;
2022-02-16 06:00:00;0.0;0.0;0.0;-0.68;88.45;1.31;
2022-02-16 07:00:00;76.0;331.2;38.0;-0.83;88.45;0.62;
2022-02-16 08:00:00;196.0;300.44;115.0;1.22;85.2;0.07;
2022-02-16 09:00:00;290.0;265.31;185.0;3.9;79.15;0.14;
2022-02-16 10:00:00;247.0;47.46;224.0;5.92;73.65;0.41;
2022-02-16 11:00:00;335.0;128.29;267.0;7.41;65.95;0.83;
2022-02-16 12:00:00;448.0;412.06;230.0;8.32;61.3;1.1;
2022-02-16 13:00:00;429.0;512.83;182.0;8.65;61.45;1.24;
2022-02-16 14:00:00;219.0;84.39;186.0;8.68;61.45;1.38;
2022-02-16 15:00:00;193.0;318.82;109.0;8.79;59.15;1.38;
2022-02-16 16:00:00;40.0;37.18;36.0;9.35;61.55;1.17;
2022-02-16 17:00:00;0.0;0.0;0.0;8.08;66.15;1.1;
2022-02-16 18:00:00;0.0;0.0;0.0;7.04;71.05;1.17;
2022-02-16 19:00:00;0.0;0.0;0.0;1.1;88.55;2.28;
2022-02-16 20:00:00;0.0;0.0;0.0;0.56;88.55;2.21;
2022-02-16 21:00:00;0.0;0.0;0.0;0.0;92.0;2.07;
2022-02-16 22:00:00;0.0;0.0;0.0;-0.32;92.0;1.93;
2022-02-16 23:00:00;0.0;0.0;0.0;-0.69;91.95;1.86;
2022-02-17 00:00:00;0.0;0.0;0.0;-1.08;91.95;1.86;
2022-02-17 01:00:00;0.0;0.0;0.0;-1.22;91.95;1.86;
2022-02-17 02:00:00;0.0;0.0;0.0;-1.72;91.9;1.86;
2022-02-17 03:00:00;0.0;0.0;0.0;-1.55;95.6;1.79;
2022-02-17 04:00:00;0.0;0.0;0.0;-1.34;91.95;1.72;
2022-02-17 05:00:00;0.0;0.0;0.0;-0.55;91.95;1.52;
2022-02-17 06:00:00;0.0;0.0;0.0;-1.08;91.95;1.59;
2022-02-17 07:00:00;57.0;100.48;45.0;-1.24;91.95;1.72;
2022-02-17 08:00:00;161.0;131.15;125.0;1.22;92.05;1.59;
2022-02-17 09:00:00;220.0;79.84;188.0;2.82;92.15;2.07;
2022-02-17 10:00:00;291.0;100.06;242.0;5.17;82.4;2.62;
2022-02-17 11:00:00;358.0;164.43;270.0;6.5;73.7;3.1;
2022-02-17 12:00:00;273.0;44.93;249.0;7.37;68.5;2.83;
2022-02-17 13:00:00;221.0;24.66;209.0;9.17;59.25;2.62;
2022-02-17 14:00:00;166.0;17.68;159.0;9.09;57.05;2.69;
2022-02-17 15:00:00;224.0;503.44;89.0;8.74;56.9;2.48;
2022-02-17 16:00:00;56.0;124.94;42.0;8.23;59.0;1.79;
2022-02-17 17:00:00;0.0;0.0;0.0;6.83;68.4;1.86;
2022-02-17 18:00:00;0.0;0.0;0.0;3.97;82.25;2.21;
2022-02-17 19:00:00;0.0;0.0;0.0;2.26;85.3;2.28;
2022-02-17 20:00:00;0.0;0.0;0.0;2.02;88.65;2.48;
2022-02-17 21:00:00;0.0;0.0;0.0;1.33;92.05;2.41;
2022-02-17 22:00:00;0.0;0.0;0.0;0.96;92.05;2.41;
2022-02-17 23:00:00;0.0;0.0;0.0;0.8;92.05;2.41;
2022-02-18 00:00:00;0.0;0.0;0.0;-0.22;92.0;2.41;
2022-02-18 01:00:00;0.0;0.0;0.0;-0.35;92.0;2.28;
2022-02-18 02:00:00;0.0;0.0;0.0;-0.78;91.95;2.28;
2022-02-18 03:00:00;0.0;0.0;0.0;-0.93;91.95;2.14;
2022-02-18 04:00:00;0.0;0.0;0.0;-1.35;91.95;1.93;
2022-02-18 05:00:00;0.0;0.0;0.0;-1.67;91.9;1.66;
2022-02-18 06:00:00;0.0;0.0;0.0;-1.72;91.9;1.38;
2022-02-18 07:00:00;51.0;48.31;45.0;-0.4;88.45;0.69;
2022-02-18 08:00:00;213.0;350.72;115.0;1.59;88.6;0.28;
2022-02-18 09:00:00;326.0;369.59;176.0;3.87;85.45;0.55;
2022-02-18 10:00:00;402.0;359.7;224.0;5.64;73.65;0.76;
2022-02-18 11:00:00;486.0;503.36;214.0;6.98;63.35;0.48;
2022-02-18 12:00:00;457.0;407.95;237.0;7.91;54.55;0.41;
2022-02-18 13:00:00;513.0;850.14;95.0;8.42;50.6;0.41;
2022-02-18 14:00:00;393.0;748.5;93.0;8.7;45.15;0.55;
2022-02-18 15:00:00;243.0;615.75;75.0;8.67;45.15;0.62;
2022-02-18 16:00:00;80.0;377.64;36.0;8.16;48.65;1.1;
2022-02-18 17:00:00;0.0;0.0;0.0;6.28;58.55;2.07;
2022-02-18 18:00:00;0.0;0.0;0.0;3.67;70.5;2.07;
2022-02-18 19:00:00;0.0;0.0;0.0;1.87;82.0;1.93;
2022-02-18 20:00:00;0.0;0.0;0.0;1.65;78.9;1.59;
2022-02-18 21:00:00;0.0;0.0;0.0;2.79;73.1;1.1;
2022-02-18 22:00:00;0.0;0.0;0.0;2.04;75.95;0.48;
2022-02-18 23:00:00;0.0;0.0;0.0;1.16;78.8;0.41;
2022-02-19 00:00:00;0.0;0.0;0.0;-0.04;81.8;0.83;
2022-02-19 01:00:00;0.0;0.0;0.0;-1.27;85.0;1.17;
2022-02-19 02:00:00;0.0;0.0;0.0;-2.07;88.3;1.17;
2022-02-19 03:00:00;0.0;0.0;0.0;-1.97;84.95;1.03;
2022-02-19 04:00:00;0.0;0.0;0.0;-2.15;88.3;0.9;
2022-02-19 05:00:00;0.0;0.0;0.0;-2.47;84.85;0.97;
2022-02-19 06:00:00;0.0;0.0;0.0;-3.16;91.8;1.1;
2022-02-19 07:00:00;79.0;232.53;49.0;-2.11;91.85;0.9;
2022-02-19 08:00:00;225.0;393.77;113.0;0.08;88.5;0.69;
2022-02-19 09:00:00;347.0;437.98;167.0;2.71;82.15;0.55;
2022-02-19 10:00:00;421.0;407.96;217.0;5.19;70.8;0.62;
2022-02-19 11:00:00;544.0;720.35;151.0;6.94;65.85;0.69;
2022-02-19 12:00:00;579.0;881.65;99.0;8.23;56.8;0.9;
2022-02-19 13:00:00;532.0;909.97;80.0;9.14;52.85;1.1;
2022-02-19 14:00:00;406.0;783.86;88.0;9.73;49.05;1.52;
2022-02-19 15:00:00;251.0;641.38;73.0;9.95;47.2;2.0;
2022-02-19 16:00:00;86.0;413.29;36.0;9.39;50.85;1.72;
2022-02-19 17:00:00;0.0;0.0;0.0;7.3;65.95;1.45;
2022-02-19 18:00:00;0.0;0.0;0.0;6.59;61.0;0.97;
2022-02-19 19:00:00;0.0;0.0;0.0;5.06;65.55;1.24;
2022-02-19 20:00:00;0.0;0.0;0.0;4.52;70.6;1.24;
2022-02-19 21:00:00;0.0;0.0;0.0;4.85;70.7;1.03;
2022-02-19 22:00:00;0.0;0.0;0.0;4.61;70.7;0.69;
2022-02-19 23:00:00;0.0;0.0;0.0;4.17;73.4;0.41;
2022-02-20 00:00:00;0.0;0.0;0.0;3.19;76.1;1.1;
2022-02-20 01:00:00;0.0;0.0;0.0;-0.51;88.45;2.0;
2022-02-20 02:00:00;0.0;0.0;0.0;-1.54;91.9;2.07;
2022-02-20 03:00:00;0.0;0.0;0.0;-1.66;91.9;1.93;
2022-02-20 04:00:00;0.0;0.0;0.0;-1.61;91.9;1.86;
2022-02-20 05:00:00;0.0;0.0;0.0;-1.8;91.9;1.79;
2022-02-20 06:00:00;0.0;0.0;0.0;-1.66;91.9;1.66;
2022-02-20 07:00:00;94.0;380.83;43.0;-0.77;91.95;1.72;
2022-02-20 08:00:00;105.0;10.36;102.0;3.07;85.4;1.72;
2022-02-20 09:00:00;157.0;7.21;154.0;5.68;73.65;2.07;
2022-02-20 10:00:00;89.0;0.0;89.0;6.8;71.05;2.14;
2022-02-20 11:00:00;108.0;0.0;108.0;7.72;68.6;2.34;
2022-02-20 12:00:00;94.0;0.0;94.0;7.92;71.25;2.48;
2022-02-20 13:00:00;85.0;0.0;85.0;7.9;73.95;2.41;
2022-02-20 14:00:00;60.0;0.0;60.0;8.06;73.95;2.28;
2022-02-20 15:00:00;73.0;0.0;73.0;8.23;74.05;2.0;
2022-02-20 16:00:00;39.0;7.97;38.0;7.85;76.8;1.45;
2022-02-20 17:00:00;0.0;0.0;0.0;6.69;82.6;1.66;
2022-02-20 18:00:00;0.0;0.0;0.0;5.15;92.25;2.0;
2022-02-20 19:00:00;0.0;0.0;0.0;3.96;99.4;2.34;
2022-02-20 20:00:00;0.0;0.0;0.0;3.53;95.7;2.48;
2022-02-20 21:00:00;0.0;0.0;0.0;3.43;99.4;2.55;
2022-02-20 22:00:00;0.0;0.0;0.0;3.52;99.4;2.62;
2022-02-20 23:00:00;0.0;0.0;0.0;3.87;99.4;2.83;
2022-02-21 00:00:00;0.0;0.0;0.0;3.85;99.4;2.9;
2022-02-21 01:00:00;0.0;0.0;0.0;3.88;99.4;2.9;
2022-02-21 02:00:00;0.0;0.0;0.0;3.75;99.4;3.1;
2022-02-21 03:00:00;0.0;0.0;0.0;3.47;99.4;3.52;
2022-02-21 04:00:00;0.0;0.0;0.0;3.04;95.7;4.0;
2022-02-21 05:00:00;0.0;0.0;0.0;2.31;95.65;4.21;
2022-02-21 06:00:00;0.0;0.0;0.0;1.71;95.65;4.69;
2022-02-21 07:00:00;48.0;14.4;46.0;1.95;99.4;4.41;
2022-02-21 08:00:00;79.0;0.0;79.0;1.96;99.4;4.48;
2022-02-21 09:00:00;173.0;14.24;167.0;2.02;92.1;5.24;
2022-02-21 10:00:00;145.0;0.0;145.0;2.06;88.65;5.52;
2022-02-21 11:00:00;151.0;0.0;151.0;2.76;82.15;6.76;
2022-02-21 12:00:00;74.0;0.0;74.0;2.84;79.0;5.93;
2022-02-21 13:00:00;155.0;0.0;155.0;2.91;76.0;5.38;
2022-02-21 14:00:00;80.0;0.0;80.0;2.81;79.0;4.97;
2022-02-21 15:00:00;65.0;0.0;65.0;2.61;79.0;4.41;
2022-02-21 16:00:00;41.0;7.7;40.0;2.16;85.3;3.52;
2022-02-21 17:00:00;0.0;0.0;0.0;1.61;88.6;3.03;
2022-02-21 18:00:00;0.0;0.0;0.0;1.26;92.05;2.83;
2022-02-21 19:00:00;0.0;0.0;0.0;1.0;85.2;3.03;
2022-02-21 20:00:00;0.0;0.0;0.0;0.82;85.2;3.03;
2022-02-21 21:00:00;0.0;0.0;0.0;0.72;85.2;3.1;
2022-02-21 22:00:00;0.0;0.0;0.0;0.68;85.2;3.03;
2022-02-21 23:00:00;0.0;0.0;0.0;0.61;81.95;2.9;
2022-02-22 00:00:00;0.0;0.0;0.0;0.4;85.15;2.69;
2022-02-22 01:00:00;0.0;0.0;0.0;0.23;85.15;2.62;
2022-02-22 02:00:00;0.0;0.0;0.0;-0.03;85.1;2.62;
2022-02-22 03:00:00;0.0;0.0;0.0;-0.05;85.1;2.55;
2022-02-22 04:00:00;0.0;0.0;0.0;-0.19;85.1;2.41;
2022-02-22 05:00:00;0.0;0.0;0.0;-0.29;85.1;2.41;
2022-02-22 06:00:00;0.0;0.0;0.0;-0.4;85.1;2.41;
2022-02-22 07:00:00;94.0;271.01;55.0;-0.82;85.05;2.69;
2022-02-22 08:00:00;216.0;276.88;133.0;-0.01;78.65;3.45;
2022-02-22 09:00:00;426.0;771.16;97.0;0.85;70.05;3.45;
2022-02-22 10:00:00;464.0;509.85;201.0;1.51;67.4;3.31;
2022-02-22 11:00:00;258.0;23.16;245.0;2.24;64.9;3.17;
2022-02-22 12:00:00;182.0;0.0;182.0;2.84;62.5;3.17;
2022-02-22 13:00:00;301.0;91.82;254.0;3.5;60.15;3.03;
2022-02-22 14:00:00;174.0;14.27;168.0;3.89;57.95;2.76;
2022-02-22 15:00:00;138.0;44.59;125.0;3.79;57.95;2.34;
2022-02-22 16:00:00;58.0;52.1;51.0;3.62;60.3;2.0;
2022-02-22 17:00:00;0.0;0.0;0.0;3.03;62.6;1.38;
2022-02-22 18:00:00;0.0;0.0;0.0;2.08;73.0;1.24;
2022-02-22 19:00:00;0.0;0.0;0.0;-0.17;78.65;1.24;
2022-02-22 20:00:00;0.0;0.0;0.0;-0.73;81.75;1.24;
2022-02-22 21:00:00;0.0;0.0;0.0;-1.27;85.0;1.45;
2022-02-22 22:00:00;0.0;0.0;0.0;-1.21;85.0;1.24;
2022-02-22 23:00:00;0.0;0.0;0.0;-1.47;85.0;1.31;
2022-02-23 00:00:00;0.0;0.0;0.0;-1.59;88.35;1.24;
2022-02-23 01:00:00;0.0;0.0;0.0;-1.31;88.4;1.1;
2022-02-23 02:00:00;0.0;0.0;0.0;-1.23;88.4;0.97;
2022-02-23 03:00:00;0.0;0.0;0.0;-0.55;85.05;0.48;
2022-02-23 04:00:00;0.0;0.0;0.0;-0.56;85.05;0.34;
2022-02-23 05:00:00;0.0;0.0;0.0;-1.2;88.4;0.9;
2022-02-23 06:00:00;0.0;0.0;0.0;-1.55;91.9;1.1;
2022-02-23 07:00:00;99.0;295.31;55.0;-2.08;95.55;1.52;
2022-02-23 08:00:00;119.0;13.12;115.0;-0.17;85.1;2.0;
2022-02-23 09:00:00;161.0;6.95;158.0;1.59;75.85;2.69;
2022-02-23 10:00:00;278.0;55.64;249.0;3.22;65.1;3.38;
2022-02-23 11:00:00;235.0;10.59;229.0;4.09;58.05;3.66;
2022-02-23 12:00:00;278.0;33.62;259.0;4.3;60.4;3.59;
2022-02-23 13:00:00;205.0;7.74;201.0;4.07;62.8;3.52;
2022-02-23 14:00:00;145.0;2.35;144.0;4.06;62.8;3.72;
2022-02-23 15:00:00;75.0;0.0;75.0;3.48;76.1;2.14;
2022-02-23 16:00:00;25.0;0.0;25.0;2.59;85.35;1.17;
2022-02-23 17:00:00;0.0;0.0;0.0;1.61;92.05;0.76;
2022-02-23 18:00:00;0.0;0.0;0.0;0.81;95.65;1.03;
2022-02-23 19:00:00;0.0;0.0;0.0;0.57;92.05;1.38;
2022-02-23 20:00:00;0.0;0.0;0.0;0.33;95.65;1.31;
2022-02-23 21:00:00;0.0;0.0;0.0;0.33;95.65;1.1;
2022-02-23 22:00:00;0.0;0.0;0.0;0.33;95.65;1.24;
2022-02-23 23:00:00;0.0;0.0;0.0;0.29;95.65;1.38;
2022-02-24 00:00:00;0.0;0.0;0.0;0.0;95.6;1.45;
2022-02-24 01:00:00;0.0;0.0;0.0;0.31;95.65;1.45;
2022-02-24 02:00:00;0.0;0.0;0.0;0.33;92.0;1.59;
2022-02-24 03:00:00;0.0;0.0;0.0;0.38;92.0;1.45;
2022-02-24 04:00:00;0.0;0.0;0.0;0.28;92.0;1.24;
2022-02-24 05:00:00;0.0;0.0;0.0;0.05;88.5;1.45;
2022-02-24 06:00:00;0.0;0.0;0.0;-0.49;88.45;1.86;
2022-02-24 07:00:00;65.0;45.41;58.0;-0.27;92.0;1.38;
2022-02-24 08:00:00;76.0;0.0;76.0;-0.05;92.0;1.38;
2022-02-24 09:00:00;77.0;0.0;77.0;0.74;88.55;1.79;
2022-02-24 10:00:00;80.0;0.0;80.0;0.97;85.2;2.28;
2022-02-24 11:00:00;80.0;0.0;80.0;1.12;88.55;2.34;
2022-02-24 12:00:00;114.0;0.0;114.0;1.28;88.55;2.34;
2022-02-24 13:00:00;90.0;0.0;90.0;1.35;88.55;2.07;
2022-02-24 14:00:00;88.0;0.0;88.0;1.58;85.25;1.72;
2022-02-24 15:00:00;76.0;0.0;76.0;1.23;92.05;1.17;
2022-02-24 16:00:00;52.0;20.94;49.0;0.82;92.05;0.55;
2022-02-24 17:00:00;0.0;0.0;0.0;0.34;95.65;0.48;
2022-02-24 18:00:00;0.0;0.0;0.0;-0.15;95.6;0.55;
2022-02-24 19:00:00;0.0;0.0;0.0;-0.48;95.6;1.17;
2022-02-24 20:00:00;0.0;0.0;0.0;-0.34;95.6;1.31;
2022-02-24 21:00:00;0.0;0.0;0.0;-0.25;95.6;1.52;
2022-02-24 22:00:00;0.0;0.0;0.0;-0.27;95.6;1.72;
2022-02-24 23:00:00;0.0;0.0;0.0;-0.52;95.6;1.86;
2022-02-25 00:00:00;0.0;0.0;0.0;-0.86;91.95;1.79;
2022-02-25 01:00:00;0.0;0.0;0.0;-0.76;91.95;1.59;
2022-02-25 02:00:00;0.0;0.0;0.0;-0.92;91.95;1.38;
2022-02-25 03:00:00;0.0;0.0;0.0;-0.69;91.95;1.24;
2022-02-25 04:00:00;0.0;0.0;0.0;-1.07;91.95;1.24;
2022-02-25 05:00:00;0.0;0.0;0.0;-1.28;88.4;1.31;
2022-02-25 06:00:00;0.0;0.0;0.0;-1.83;88.35;1.38;
2022-02-25 07:00:00;57.0;18.83;54.0;-1.37;91.95;1.45;
2022-02-25 08:00:00;90.0;0.0;90.0;-0.65;91.95;1.59;
2022-02-25 09:00:00;185.0;15.81;178.0;1.55;88.6;2.14;
2022-02-25 10:00:00;84.0;0.0;84.0;2.45;85.3;2.9;
2022-02-25 11:00:00;353.0;107.41;291.0;3.08;82.2;3.59;
2022-02-25 12:00:00;216.0;5.21;213.0;3.71;82.25;3.59;
2022-02-25 13:00:00;104.0;0.0;104.0;4.11;82.3;3.1;
2022-02-25 14:00:00;134.0;0.0;134.0;4.2;82.3;2.55;
2022-02-25 15:00:00;233.0;346.87;127.0;3.59;85.45;2.0;
2022-02-25 16:00:00;59.0;33.85;54.0;3.13;88.7;2.07;
2022-02-25 17:00:00;0.0;0.0;0.0;2.99;92.15;2.41;
2022-02-25 18:00:00;0.0;0.0;0.0;2.22;92.1;2.83;
2022-02-25 19:00:00;0.0;0.0;0.0;1.79;95.65;1.93;
2022-02-25 20:00:00;0.0;0.0;0.0;1.72;95.65;2.14;
2022-02-25 21:00:00;0.0;0.0;0.0;1.37;95.65;2.41;
2022-02-25 22:00:00;0.0;0.0;0.0;1.39;95.65;2.48;
2022-02-25 23:00:00;0.0;0.0;0.0;1.29;95.65;2.55;
2022-02-26 00:00:00;0.0;0.0;0.0;1.07;92.05;2.34;
2022-02-26 01:00:00;0.0;0.0;0.0;0.36;92.0;2.0;
2022-02-26 02:00:00;0.0;0.0;0.0;0.02;88.5;1.59;
2022-02-26 03:00:00;0.0;0.0;0.0;-0.27;88.45;1.45;
2022-02-26 04:00:00;0.0;0.0;0.0;-1.27;88.4;1.52;
2022-02-26 05:00:00;0.0;0.0;0.0;-3.14;91.8;1.86;
2022-02-26 06:00:00;0.0;0.0;0.0;-4.17;95.5;2.0;
2022-02-26 07:00:00;131.0;510.33;47.0;-3.76;95.5;2.14;
2022-02-26 08:00:00;303.0;704.2;77.0;-2.71;91.85;2.48;
2022-02-26 09:00:00;456.0;812.42;92.0;1.45;85.2;2.83;
2022-02-26 10:00:00;572.0;887.79;95.0;5.0;73.45;3.31;
2022-02-26 11:00:00;641.0;957.82;83.0;6.62;61.0;3.45;
2022-02-26 12:00:00;623.0;898.74;101.0;8.84;50.7;3.24;
2022-02-26 13:00:00;576.0;928.34;82.0;10.22;43.8;2.97;
2022-02-26 14:00:00;453.0;838.93;84.0;10.6;40.65;2.76;
2022-02-26 15:00:00;294.0;712.35;73.0;10.52;40.55;2.62;
2022-02-26 16:00:00;122.0;538.93;40.0;9.76;47.2;2.07;
2022-02-26 17:00:00;0.0;0.0;0.0;7.64;54.55;2.55;
2022-02-26 18:00:00;0.0;0.0;0.0;5.28;63.05;2.55;
2022-02-26 19:00:00;0.0;0.0;0.0;3.34;76.1;1.86;
2022-02-26 20:00:00;0.0;0.0;0.0;1.7;82.0;1.79;
2022-02-26 21:00:00;0.0;0.0;0.0;1.39;81.95;1.52;
2022-02-26 22:00:00;0.0;0.0;0.0;0.45;78.75;1.52;
2022-02-26 23:00:00;0.0;0.0;0.0;-0.89;81.75;1.79;
2022-02-27 00:00:00;0.0;0.0;0.0;-1.57;84.95;1.79;
2022-02-27 01:00:00;0.0;0.0;0.0;-1.37;81.7;1.45;
2022-02-27 02:00:00;0.0;0.0;0.0;-1.46;81.7;1.38;
2022-02-27 03:00:00;0.0;0.0;0.0;-1.26;81.7;1.17;
2022-02-27 04:00:00;0.0;0.0;0.0;-0.56;78.6;0.76;
2022-02-27 05:00:00;0.0;0.0;0.0;-0.31;75.6;0.55;
2022-02-27 06:00:00;0.0;0.0;0.0;-0.41;78.65;0.62;
2022-02-27 07:00:00;100.0;176.57;70.0;-0.59;85.05;0.62;
2022-02-27 08:00:00;250.0;349.34;136.0;1.96;75.85;0.55;
2022-02-27 09:00:00;308.0;189.64;222.0;4.52;67.9;0.34;
2022-02-27 10:00:00;372.0;182.42;273.0;6.35;60.85;0.28;
2022-02-27 11:00:00;298.0;40.82;274.0;7.36;56.55;0.97;
2022-02-27 12:00:00;226.0;6.83;222.0;8.22;50.6;1.31;
2022-02-27 13:00:00;245.0;22.34;233.0;9.04;48.8;1.79;
2022-02-27 14:00:00;174.0;8.99;170.0;8.88;48.8;2.07;
2022-02-27 15:00:00;110.0;6.35;108.0;8.19;54.65;1.79;
2022-02-27 16:00:00;59.0;25.55;55.0;7.68;61.2;1.17;
2022-02-27 17:00:00;0.0;0.0;0.0;6.99;73.8;0.62;
2022-02-27 18:00:00;0.0;0.0;0.0;6.97;65.85;0.48;
2022-02-27 19:00:00;0.0;0.0;0.0;4.44;82.3;1.72;
2022-02-27 20:00:00;0.0;0.0;0.0;3.71;88.75;1.45;
2022-02-27 21:00:00;0.0;0.0;0.0;3.12;88.7;1.59;
2022-02-27 22:00:00;0.0;0.0;0.0;2.69;92.15;1.45;
2022-02-27 23:00:00;0.0;0.0;0.0;2.45;92.1;1.24;
2022-02-28 00:00:00;0.0;0.0;0.0;2.35;92.1;1.17;
2022-02-28 01:00:00;0.0;0.0;0.0;1.7;92.05;1.45;
2022-02-28 02:00:00;0.0;0.0;0.0;1.27;95.65;1.52;
2022-02-28 03:00:00;0.0;0.0;0.0;1.59;95.65;1.59;
2022-02-28 04:00:00;0.0;0.0;0.0;1.74;95.65;1.59;
2022-02-28 05:00:00;0.0;0.0;0.0;1.61;95.65;1.66;
2022-02-28 06:00:00;0.0;0.0;0.0;1.41;99.35;1.45;
2022-02-28 07:00:00;70.0;34.23;64.0;3.3;95.7;0.62;
2022-02-28 08:00:00;171.0;66.31;149.0;4.34;95.75;0.69;
2022-02-28 09:00:00;407.0;533.83;162.0;5.77;85.65;0.76;
2022-02-28 10:00:00;452.0;386.76;240.0;6.77;79.55;0.69;
2022-02-28 11:00:00;486.0;369.14;267.0;8.21;74.05;0.62;
2022-02-28 12:00:00;303.0;45.67;276.0;9.41;68.9;0.76;
2022-02-28 13:00:00;273.0;44.26;249.0;10.36;64.1;1.31;
2022-02-28 14:00:00;244.0;73.41;211.0;10.61;59.6;1.59;
2022-02-28 15:00:00;127.0;15.65;122.0;10.56;61.75;1.38;
2022-02-28 16:00:00;108.0;310.57;58.0;10.21;71.53;0.72;
2022-02-28 17:00:00;0.0;0.0;0.0;9.36;73.84;0.78;
2022-02-28 18:00:00;0.0;0.0;0.0;8.5;76.15;0.83;
2022-02-28 19:00:00;0.0;0.0;0.0;7.65;78.46;0.89;
2022-02-28 20:00:00;0.0;0.0;0.0;6.8;80.77;0.95;
2022-02-28 21:00:00;0.0;0.0;0.0;5.95;83.08;1.0;
2022-02-28 22:00:00;0.0;0.0;0.0;5.09;85.4;1.06;
2022-02-28 23:00:00;0.0;0.0;0.0;4.24;87.71;1.12;
2022-03-01 00:00:00;0.0;0.0;0.0;3.39;90.02;1.17;
2022-03-01 01:00:00;0.0;0.0;0.0;2.54;92.33;1.23;
2022-03-01 02:00:00;0.0;0.0;0.0;1.68;94.64;1.29;
2022-03-01 03:00:00;0.0;0.0;0.0;0.83;96.95;1.35;
2022-03-01 04:00:00;0.0;0.0;0.0;-0.02;99.26;1.4;
2022-03-01 05:00:00;0.0;0.0;0.0;-0.87;100.0;1.46;
2022-03-01 06:00:00;0.0;0.0;0.0;-1.73;100.0;1.52;
2022-03-01 07:00:00;110.0;193.73;75.0;-2.58;100.0;1.57;
2022-03-01 08:00:00;235.0;243.15;153.0;1.59;95.65;1.03;
2022-03-01 09:00:00;274.0;105.51;225.0;3.63;88.75;0.62;
2022-03-01 10:00:00;333.0;104.77;275.0;6.13;82.55;0.21;
2022-03-01 11:00:00;362.0;101.9;301.0;8.42;74.05;0.41;
2022-03-01 12:00:00;511.0;425.84;257.0;10.16;66.45;0.83;
2022-03-01 13:00:00;521.0;635.89;173.0;11.44;64.35;0.97;
2022-03-01 14:00:00;338.0;275.1;213.0;12.04;64.45;1.1;
2022-03-01 15:00:00;194.0;132.66;151.0;12.29;64.45;1.24;
2022-03-01 16:00:00;95.0;163.24;68.0;11.89;69.25;1.24;
2022-03-01 17:00:00;0.0;0.0;0.0;10.97;71.75;1.52;
2022-03-01 18:00:00;0.0;0.0;0.0;9.52;79.9;1.59;
2022-03-01 19:00:00;0.0;0.0;0.0;8.12;89.05;1.45;
2022-03-01 20:00:00;0.0;0.0;0.0;7.49;89.0;1.31;
2022-03-01 21:00:00;0.0;0.0;0.0;7.09;89.0;1.17;
2022-03-01 22:00:00;0.0;0.0;0.0;5.77;88.9;1.31;
2022-03-01 23:00:00;0.0;0.0;0.0;5.01;88.85;1.31;
2022-03-02 00:00:00;0.0;0.0;0.0;4.82;92.25;1.24;
2022-03-02 01:00:00;0.0;0.0;0.0;4.54;88.85;1.17;
2022-03-02 02:00:00;0.0;0.0;0.0;4.06;92.2;1.17;
2022-03-02 03:00:00;0.0;0.0;0.0;3.2;95.7;1.38;
2022-03-02 04:00:00;0.0;0.0;0.0;2.19;95.65;1.52;
2022-03-02 05:00:00;0.0;0.0;0.0;1.7;99.4;1.31;
2022-03-02 06:00:00;0.0;0.0;0.0;1.4;95.65;1.1;
2022-03-02 07:00:00;132.0;338.51;69.0;1.89;95.65;1.45;
2022-03-02 08:00:00;303.0;566.03;109.0;4.63;88.85;1.24;
2022-03-02 09:00:00;460.0;727.75;118.0;6.67;82.6;1.31;
2022-03-02 10:00:00;567.0;778.11;132.0;9.17;74.15;1.45;
2022-03-02 11:00:00;621.0;799.7;138.0;11.49;62.0;1.38;
2022-03-02 12:00:00;597.0;711.35;169.0;13.14;55.75;1.03;
2022-03-02 13:00:00;552.0;744.18;141.0;14.2;50.1;0.83;
2022-03-02 14:00:00;445.0;705.58;121.0;14.79;46.6;0.69;
2022-03-02 15:00:00;292.0;587.1;99.0;14.9;44.9;0.62;
2022-03-02 16:00:00;112.0;270.92;66.0;14.47;46.6;0.14;
2022-03-02 17:00:00;0.0;0.0;0.0;12.64;66.95;1.03;
2022-03-02 18:00:00;0.0;0.0;0.0;9.07;74.15;2.0;
2022-03-02 19:00:00;0.0;0.0;0.0;7.71;82.65;2.21;
2022-03-02 20:00:00;0.0;0.0;0.0;6.69;82.6;2.07;
2022-03-02 21:00:00;0.0;0.0;0.0;6.07;85.7;2.0;
2022-03-02 22:00:00;0.0;0.0;0.0;5.76;88.9;1.72;
2022-03-02 23:00:00;0.0;0.0;0.0;4.9;92.25;1.79;
2022-03-03 00:00:00;0.0;0.0;0.0;5.6;92.3;1.17;
2022-03-03 01:00:00;0.0;0.0;0.0;6.01;88.95;0.83;
2022-03-03 02:00:00;0.0;0.0;0.0;4.24;95.75;1.52;
2022-03-03 03:00:00;0.0;0.0;0.0;3.77;95.7;1.79;
2022-03-03 04:00:00;0.0;0.0;0.0;3.62;95.7;1.66;
2022-03-03 05:00:00;0.0;0.0;0.0;3.55;95.7;1.17;
2022-03-03 06:00:00;0.0;0.0;0.0;4.28;95.75;0.41;
2022-03-03 07:00:00;79.0;36.54;72.0;4.25;95.75;0.76;
2022-03-03 08:00:00;94.0;0.0;94.0;5.79;92.3;1.03;
2022-03-03 09:00:00;84.0;0.0;84.0;7.46;85.8;1.59;
2022-03-03 10:00:00;92.0;0.0;92.0;8.48;82.75;2.41;
2022-03-03 11:00:00;114.0;0.0;114.0;8.8;85.9;2.55;
2022-03-03 12:00:00;95.0;0.0;95.0;8.83;89.1;1.59;
2022-03-03 13:00:00;95.0;0.0;95.0;9.13;89.1;0.9;
2022-03-03 14:00:00;80.0;0.0;80.0;9.07;85.95;0.28;
2022-03-03 15:00:00;53.0;0.0;53.0;8.76;89.1;0.21;
2022-03-03 16:00:00;53.0;5.74;52.0;8.31;92.4;0.34;
2022-03-03 17:00:00;0.0;0.0;0.0;7.79;95.8;0.97;
2022-03-03 18:00:00;0.0;0.0;0.0;7.49;92.35;2.28;
2022-03-03 19:00:00;0.0;0.0;0.0;7.58;92.35;4.41;
2022-03-03 20:00:00;0.0;0.0;0.0;7.37;92.35;4.76;
2022-03-03 21:00:00;0.0;0.0;0.0;7.21;92.35;4.69;
2022-03-03 22:00:00;0.0;0.0;0.0;6.95;92.35;4.97;
2022-03-03 23:00:00;0.0;0.0;0.0;6.58;89.0;5.24;
2022-03-04 00:00:00;0.0;0.0;0.0;6.27;88.95;5.38;
2022-03-04 01:00:00;0.0;0.0;0.0;6.02;88.95;5.24;
2022-03-04 02:00:00;0.0;0.0;0.0;5.79;92.3;4.83;
2022-03-04 03:00:00;0.0;0.0;0.0;5.63;92.3;4.21;
2022-03-04 04:00:00;0.0;0.0;0.0;5.51;88.9;3.38;
2022-03-04 05:00:00;0.0;0.0;0.0;5.38;88.9;2.41;
2022-03-04 06:00:00;0.0;0.0;0.0;5.19;92.25;1.38;
2022-03-04 07:00:00;46.0;0.0;46.0;5.4;88.9;1.03;
2022-03-04 08:00:00;124.0;5.65;122.0;6.14;88.95;1.1;
2022-03-04 09:00:00;83.0;0.0;83.0;6.88;85.75;1.24;
2022-03-04 10:00:00;197.0;1.75;196.0;8.1;73.95;0.76;
2022-03-04 11:00:00;434.0;208.24;306.0;9.01;66.25;1.1;
2022-03-04 12:00:00;372.0;109.47;305.0;9.81;63.9;1.45;
2022-03-04 13:00:00;250.0;21.34;238.0;10.25;59.35;1.59;
2022-03-04 14:00:00;318.0;198.39;225.0;10.72;57.3;1.59;
2022-03-04 15:00:00;213.0;171.66;155.0;10.58;57.3;1.79;
2022-03-04 16:00:00;98.0;140.03;73.0;10.35;59.35;1.79;
2022-03-04 17:00:00;0.0;0.0;0.0;9.32;66.25;1.72;
2022-03-04 18:00:00;0.0;0.0;0.0;8.09;71.25;1.59;
2022-03-04 19:00:00;0.0;0.0;0.0;7.41;76.7;1.38;
2022-03-04 20:00:00;0.0;0.0;0.0;6.67;79.55;1.38;
2022-03-04 21:00:00;0.0;0.0;0.0;6.4;79.55;1.1;
2022-03-04 22:00:00;0.0;0.0;0.0;7.21;76.65;0.48;
2022-03-04 23:00:00;0.0;0.0;0.0;6.84;76.65;0.28;
2022-03-05 00:00:00;0.0;0.0;0.0;5.08;85.6;1.17;
2022-03-05 01:00:00;0.0;0.0;0.0;4.52;88.85;1.93;
2022-03-05 02:00:00;0.0;0.0;0.0;4.91;85.6;2.69;
2022-03-05 03:00:00;0.0;0.0;0.0;4.71;92.25;3.38;
2022-03-05 04:00:00;0.0;0.0;0.0;4.36;88.85;3.66;
2022-03-05 05:00:00;0.0;0.0;0.0;3.84;88.8;3.79;
2022-03-05 06:00:00;0.0;0.0;0.0;3.08;92.15;3.66;
2022-03-05 07:00:00;164.0;483.53;66.0;4.5;82.35;2.55;
2022-03-05 08:00:00;330.0;603.74;113.0;5.87;68.3;3.31;
2022-03-05 09:00:00;497.0;789.18;113.0;7.01;54.3;4.9;
2022-03-05 10:00:00;604.0;827.15;128.0;7.78;41.3;6.21;
2022-03-05 11:00:00;656.0;835.44;138.0;7.95;36.75;6.55;
2022-03-05 12:00:00;637.0;771.18;161.0;8.02;36.75;6.55;
2022-03-05 13:00:00;587.0;795.03;136.0;7.6;41.3;6.07;
2022-03-05 14:00:00;486.0;802.46;106.0;7.09;44.6;5.45;
2022-03-05 15:00:00;322.0;662.9;95.0;6.57;48.25;4.62;
2022-03-05 16:00:00;147.0;492.1;57.0;5.58;58.45;3.59;
2022-03-05 17:00:00;0.0;0.0;0.0;4.19;67.9;2.9;
2022-03-05 18:00:00;0.0;0.0;0.0;2.72;79.0;2.62;
2022-03-05 19:00:00;0.0;0.0;0.0;4.02;35.75;4.28;
2022-03-05 20:00:00;0.0;0.0;0.0;3.67;26.5;4.76;
2022-03-05 21:00:00;0.0;0.0;0.0;3.07;25.25;4.34;
2022-03-05 22:00:00;0.0;0.0;0.0;2.2;28.45;3.38;
2022-03-05 23:00:00;0.0;0.0;0.0;1.15;33.45;2.62;
2022-03-06 00:00:00;0.0;0.0;0.0;-0.27;50.35;1.86;
2022-03-06 01:00:00;0.0;0.0;0.0;0.68;39.45;0.97;
2022-03-06 02:00:00;0.0;0.0;0.0;-0.37;44.45;0.69;
2022-03-06 03:00:00;0.0;0.0;0.0;-1.04;48.15;0.55;
2022-03-06 04:00:00;0.0;0.0;0.0;-1.47;52.2;0.41;
2022-03-06 05:00:00;0.0;0.0;0.0;-1.83;56.6;0.34;
2022-03-06 06:00:00;7.0;0.0;7.0;-2.15;56.6;0.48;
2022-03-06 07:00:00;175.0;537.76;63.0;-2.37;66.6;0.55;
2022-03-06 08:00:00;356.0;725.95;91.0;1.08;57.35;0.76;
2022-03-06 09:00:00;500.0;772.12;120.0;3.8;45.55;0.83;
2022-03-06 10:00:00;609.0;819.35;133.0;5.73;39.25;0.28;
2022-03-06 11:00:00;660.0;823.51;145.0;7.37;36.6;1.24;
2022-03-06 12:00:00;637.0;745.5;173.0;8.9;37.05;2.62;
2022-03-06 13:00:00;591.0;784.65;142.0;9.77;38.7;2.48;
2022-03-06 14:00:00;478.0;733.87;127.0;10.02;38.85;1.45;
2022-03-06 15:00:00;320.0;619.66;105.0;9.89;38.85;0.41;
2022-03-06 16:00:00;147.0;454.0;62.0;9.47;41.85;1.52;
2022-03-06 17:00:00;0.0;0.0;0.0;7.98;48.55;2.34;
2022-03-06 18:00:00;0.0;0.0;0.0;5.72;56.2;2.34;
2022-03-06 19:00:00;0.0;0.0;0.0;4.51;58.2;2.0;
2022-03-06 20:00:00;0.0;0.0;0.0;2.99;67.7;1.31;
2022-03-06 21:00:00;0.0;0.0;0.0;3.19;62.6;0.97;
2022-03-06 22:00:00;0.0;0.0;0.0;0.21;78.65;2.14;
2022-03-06 23:00:00;0.0;0.0;0.0;0.43;69.95;2.97;
2022-03-07 00:00:00;0.0;0.0;0.0;1.09;67.3;3.86;
2022-03-07 01:00:00;0.0;0.0;0.0;1.35;70.1;4.14;
2022-03-07 02:00:00;0.0;0.0;0.0;1.57;75.85;4.07;
2022-03-07 03:00:00;0.0;0.0;0.0;1.49;78.9;3.72;
2022-03-07 04:00:00;0.0;0.0;0.0;1.03;85.2;3.59;
2022-03-07 05:00:00;0.0;0.0;0.0;0.75;92.0;3.52;
2022-03-07 06:00:00;6.0;0.0;6.0;0.51;92.0;3.79;
2022-03-07 07:00:00;51.0;0.0;51.0;1.51;85.25;3.38;
2022-03-07 08:00:00;147.0;13.49;142.0;2.4;79.0;3.66;
2022-03-07 09:00:00;181.0;4.02;179.0;3.25;73.2;4.21;
2022-03-07 10:00:00;400.0;173.93;298.0;3.7;67.8;5.17;
2022-03-07 11:00:00;279.0;17.44;268.0;4.32;58.2;5.66;
2022-03-07 12:00:00;122.0;0.0;122.0;4.88;51.8;5.93;
2022-03-07 13:00:00;251.0;17.33;241.0;5.15;51.8;5.45;
2022-03-07 14:00:00;286.0;103.52;236.0;5.19;51.8;5.38;
2022-03-07 15:00:00;254.0;270.29;159.0;5.13;51.8;5.03;
2022-03-07 16:00:00;141.0;375.9;69.0;5.12;51.8;3.93;
2022-03-07 17:00:00;0.0;0.0;0.0;4.75;51.7;3.31;
2022-03-07 18:00:00;0.0;0.0;0.0;3.94;53.65;2.97;
2022-03-07 19:00:00;0.0;0.0;0.0;3.36;57.95;2.69;
2022-03-07 20:00:00;0.0;0.0;0.0;2.63;60.05;2.97;
2022-03-07 21:00:00;0.0;0.0;0.0;2.02;62.35;3.31;
2022-03-07 22:00:00;0.0;0.0;0.0;1.57;62.25;3.52;
2022-03-07 23:00:00;0.0;0.0;0.0;1.14;62.15;3.59;
2022-03-08 00:00:00;0.0;0.0;0.0;0.75;62.0;3.52;
2022-03-08 01:00:00;0.0;0.0;0.0;0.55;59.6;3.38;
2022-03-08 02:00:00;0.0;0.0;0.0;-0.25;61.8;3.03;
2022-03-08 03:00:00;0.0;0.0;0.0;-0.95;64.25;2.76;
2022-03-08 04:00:00;0.0;0.0;0.0;-1.39;64.1;2.48;
2022-03-08 05:00:00;0.0;0.0;0.0;-2.19;66.65;2.28;
2022-03-08 06:00:00;15.0;91.57;11.0;-2.91;72.1;2.07;
2022-03-08 07:00:00;177.0;469.15;74.0;-1.58;72.4;1.86;
2022-03-08 08:00:00;357.0;680.27;101.0;1.05;50.75;3.03;
2022-03-08 09:00:00;501.0;735.11;131.0;2.12;47.05;3.72;
2022-03-08 10:00:00;611.0;795.73;140.0;3.14;43.6;3.72;
2022-03-08 11:00:00;669.0;831.73;140.0;4.32;42.3;3.66;
2022-03-08 12:00:00;657.0;798.19;152.0;4.99;42.45;3.59;
2022-03-08 13:00:00;599.0;790.26;139.0;5.43;39.25;3.66;
2022-03-08 14:00:00;485.0;740.2;124.0;5.71;37.7;3.66;
2022-03-08 15:00:00;334.0;662.99;98.0;5.61;36.2;3.38;
2022-03-08 16:00:00;157.0;490.2;61.0;5.33;34.75;2.97;
2022-03-08 17:00:00;0.0;0.0;0.0;4.18;42.15;2.34;
2022-03-08 18:00:00;0.0;0.0;0.0;2.41;47.15;2.76;
2022-03-08 19:00:00;0.0;0.0;0.0;1.7;53.0;3.17;
2022-03-08 20:00:00;0.0;0.0;0.0;1.16;52.85;3.59;
2022-03-08 21:00:00;0.0;0.0;0.0;0.86;50.75;3.93;
2022-03-08 22:00:00;0.0;0.0;0.0;0.82;48.7;4.21;
2022-03-08 23:00:00;0.0;0.0;0.0;0.8;46.75;4.48;
2022-03-09 00:00:00;0.0;0.0;0.0;0.43;46.6;4.41;
2022-03-09 01:00:00;0.0;0.0;0.0;0.05;48.45;4.14;
2022-03-09 02:00:00;0.0;0.0;0.0;-0.5;50.35;3.72;
2022-03-09 03:00:00;0.0;0.0;0.0;-1.18;50.2;3.52;
2022-03-09 04:00:00;0.0;0.0;0.0;-1.73;52.2;3.38;
2022-03-09 05:00:00;0.0;0.0;0.0;-2.14;54.3;3.17;
2022-03-09 06:00:00;15.0;40.56;13.0;-2.45;58.85;2.9;
2022-03-09 07:00:00;69.0;4.44;68.0;-0.92;59.2;2.76;
2022-03-09 08:00:00;213.0;86.39;180.0;0.76;46.6;3.79;
2022-03-09 09:00:00;176.0;1.96;175.0;1.81;41.55;4.07;
2022-03-09 10:00:00;121.0;0.0;121.0;2.78;41.7;5.03;
2022-03-09 11:00:00;140.0;0.0;140.0;3.76;38.7;5.66;
2022-03-09 12:00:00;294.0;21.95;280.0;4.14;38.85;6.0;
2022-03-09 13:00:00;162.0;0.0;162.0;3.81;47.45;5.66;
2022-03-09 14:00:00;180.0;4.06;178.0;3.27;55.55;5.45;
2022-03-09 15:00:00;83.0;0.0;83.0;2.61;62.5;5.24;
2022-03-09 16:00:00;49.0;0.0;49.0;2.01;70.2;2.83;
2022-03-09 17:00:00;0.0;0.0;0.0;1.61;75.85;2.83;
2022-03-09 18:00:00;0.0;0.0;0.0;1.09;81.95;2.62;
2022-03-09 19:00:00;0.0;0.0;0.0;0.62;85.15;3.31;
2022-03-09 20:00:00;0.0;0.0;0.0;0.49;85.15;3.66;
2022-03-09 21:00:00;0.0;0.0;0.0;0.35;85.15;3.66;
2022-03-09 22:00:00;0.0;0.0;0.0;0.21;88.45;3.38;
2022-03-09 23:00:00;0.0;0.0;0.0;0.05;88.45;3.1;
2022-03-10 00:00:00;0.0;0.0;0.0;-0.26;95.6;2.76;
2022-03-10 01:00:00;0.0;0.0;0.0;-0.35;95.6;2.41;
2022-03-10 02:00:00;0.0;0.0;0.0;-0.44;95.6;2.07;
2022-03-10 03:00:00;0.0;0.0;0.0;-0.57;95.6;1.93;
2022-03-10 04:00:00;0.0;0.0;0.0;-0.65;95.6;1.79;
2022-03-10 05:00:00;0.0;0.0;0.0;-0.83;99.4;1.45;
2022-03-10 06:00:00;6.0;0.0;6.0;-0.81;99.4;1.17;
2022-03-10 07:00:00;73.0;4.33;72.0;-0.51;95.6;1.59;
2022-03-10 08:00:00;193.0;54.17;172.0;-0.12;92.0;2.0;
2022-03-10 09:00:00;95.0;0.0;95.0;0.26;92.0;2.21;
2022-03-10 10:00:00;90.0;0.0;90.0;0.58;92.0;2.41;
2022-03-10 11:00:00;87.0;0.0;87.0;0.75;92.0;2.21;
2022-03-10 12:00:00;97.0;0.0;97.0;1.06;88.55;2.21;
2022-03-10 13:00:00;87.0;0.0;87.0;0.99;92.05;1.59;
2022-03-10 14:00:00;94.0;0.0;94.0;1.08;92.05;1.31;
2022-03-10 15:00:00;81.0;0.0;81.0;1.03;95.65;1.17;
2022-03-10 16:00:00;61.0;4.89;60.0;0.95;95.65;0.97;
2022-03-10 17:00:00;0.0;0.0;0.0;0.75;99.4;0.97;
2022-03-10 18:00:00;0.0;0.0;0.0;0.43;99.4;1.03;
2022-03-10 19:00:00;0.0;0.0;0.0;0.42;92.0;2.69;
2022-03-10 20:00:00;0.0;0.0;0.0;0.41;92.0;2.76;
2022-03-10 21:00:00;0.0;0.0;0.0;0.39;92.0;2.9;
2022-03-10 22:00:00;0.0;0.0;0.0;0.39;92.0;2.9;
2022-03-10 23:00:00;0.0;0.0;0.0;0.28;92.0;2.69;
2022-03-11 00:00:00;0.0;0.0;0.0;0.24;95.6;2.55;
2022-03-11 01:00:00;0.0;0.0;0.0;0.12;95.6;2.41;
2022-03-11 02:00:00;0.0;0.0;0.0;0.15;95.6;2.28;
2022-03-11 03:00:00;0.0;0.0;0.0;0.06;95.6;2.14;
2022-03-11 04:00:00;0.0;0.0;0.0;-0.01;95.6;2.0;
2022-03-11 05:00:00;0.0;0.0;0.0;-0.06;95.6;1.86;
2022-03-11 06:00:00;13.0;0.0;13.0;-0.49;99.4;1.79;
2022-03-11 07:00:00;81.0;8.45;79.0;-1.07;95.6;1.59;
2022-03-11 08:00:00;133.0;2.54;132.0;-0.17;88.45;1.45;
2022-03-11 09:00:00;190.0;3.85;188.0;1.85;78.95;0.83;
2022-03-11 10:00:00;295.0;32.88;275.0;3.35;70.5;0.41;
2022-03-11 11:00:00;374.0;78.23;323.0;4.46;60.5;0.48;
2022-03-11 12:00:00;465.0;209.89;329.0;5.32;58.3;0.62;
2022-03-11 13:00:00;455.0;274.85;291.0;5.88;54.15;0.69;
2022-03-11 14:00:00;372.0;265.12;239.0;6.42;52.2;0.69;
2022-03-11 15:00:00;268.0;273.5;167.0;6.7;52.2;0.62;
2022-03-11 16:00:00;155.0;383.46;75.0;6.76;52.2;0.76;
2022-03-11 17:00:00;6.0;0.0;6.0;6.36;54.3;1.03;
2022-03-11 18:00:00;0.0;0.0;0.0;5.11;60.65;0.97;
2022-03-11 19:00:00;0.0;0.0;0.0;4.52;65.4;0.48;
2022-03-11 20:00:00;0.0;0.0;0.0;3.31;67.8;0.76;
2022-03-11 21:00:00;0.0;0.0;0.0;2.1;75.95;0.97;
2022-03-11 22:00:00;0.0;0.0;0.0;1.16;78.8;0.76;
2022-03-11 23:00:00;0.0;0.0;0.0;0.53;81.9;0.48;
2022-03-12 00:00:00;0.0;0.0;0.0;0.18;81.8;0.28;
2022-03-12 01:00:00;0.0;0.0;0.0;-0.24;85.05;0.28;
2022-03-12 02:00:00;0.0;0.0;0.0;-0.55;81.75;0.48;
2022-03-12 03:00:00;0.0;0.0;0.0;-0.88;85.0;0.41;
2022-03-12 04:00:00;0.0;0.0;0.0;-1.1;85.0;0.28;
2022-03-12 05:00:00;0.0;0.0;0.0;-1.18;81.7;0.28;
2022-03-12 06:00:00;32.0;180.74;20.0;-1.08;85.0;0.55;
2022-03-12 07:00:00;167.0;272.31;101.0;-0.57;85.05;0.48;
2022-03-12 08:00:00;357.0;568.87;130.0;1.87;75.95;0.21;
2022-03-12 09:00:00;498.0;637.24;163.0;4.09;70.6;0.34;
2022-03-12 10:00:00;611.0;726.69;165.0;5.1;73.55;0.69;
2022-03-12 11:00:00;682.0;820.2;143.0;6.76;63.35;1.03;
2022-03-12 12:00:00;692.0;866.79;126.0;6.9;65.85;1.38;
2022-03-12 13:00:00;618.0;807.96;132.0;6.89;65.85;1.59;
2022-03-12 14:00:00;503.0;756.55;120.0;7.16;63.35;1.59;
2022-03-12 15:00:00;348.0;666.34;99.0;8.1;58.9;1.52;
2022-03-12 16:00:00;169.0;479.21;67.0;9.13;52.7;1.38;
2022-03-12 17:00:00;8.0;0.0;8.0;7.41;63.5;1.52;
2022-03-12 18:00:00;0.0;0.0;0.0;4.25;79.2;2.07;
2022-03-12 19:00:00;0.0;0.0;0.0;2.04;85.3;2.28;
2022-03-12 20:00:00;0.0;0.0;0.0;2.03;85.3;1.79;
2022-03-12 21:00:00;0.0;0.0;0.0;3.06;82.2;1.45;
2022-03-12 22:00:00;0.0;0.0;0.0;3.23;82.2;1.03;
2022-03-12 23:00:00;0.0;0.0;0.0;2.69;85.35;0.69;
2022-03-13 00:00:00;0.0;0.0;0.0;2.21;85.3;0.48;
2022-03-13 01:00:00;0.0;0.0;0.0;1.76;88.6;0.41;
2022-03-13 02:00:00;0.0;0.0;0.0;1.22;88.55;0.55;
2022-03-13 03:00:00;0.0;0.0;0.0;0.51;88.5;0.83;
2022-03-13 04:00:00;0.0;0.0;0.0;0.09;88.45;1.1;
2022-03-13 05:00:00;0.0;0.0;0.0;-0.45;91.95;1.24;
2022-03-13 06:00:00;33.0;138.63;23.0;-1.07;91.95;1.31;
2022-03-13 07:00:00;194.0;423.18;89.0;0.78;92.0;0.9;
2022-03-13 08:00:00;381.0;669.58;110.0;3.26;85.4;1.03;
2022-03-13 09:00:00;529.0;747.24;132.0;3.62;82.25;1.38;
2022-03-13 10:00:00;642.0;820.45;134.0;5.42;70.85;1.45;
2022-03-13 11:00:00;702.0;863.54;130.0;6.61;65.85;1.45;
2022-03-13 12:00:00;712.0;908.81;114.0;7.43;63.5;1.52;
2022-03-13 13:00:00;636.0;847.76;122.0;11.33;51.25;1.45;
2022-03-13 14:00:00;513.0;775.23;117.0;11.57;47.6;1.24;
2022-03-13 15:00:00;355.0;674.52;100.0;11.71;47.6;1.17;
2022-03-13 16:00:00;174.0;488.36;68.0;11.42;47.6;1.38;
2022-03-13 17:00:00;9.0;0.0;9.0;10.16;57.15;2.0;
2022-03-13 18:00:00;0.0;0.0;0.0;7.66;68.5;2.41;
2022-03-13 19:00:00;0.0;0.0;0.0;5.92;76.55;2.28;
2022-03-13 20:00:00;0.0;0.0;0.0;3.94;82.3;2.07;
2022-03-13 21:00:00;0.0;0.0;0.0;4.17;79.2;1.45;
2022-03-13 22:00:00;0.0;0.0;0.0;5.08;73.55;0.55;
2022-03-13 23:00:00;0.0;0.0;0.0;4.23;79.2;0.41;
2022-03-14 00:00:00;0.0;0.0;0.0;2.96;85.4;0.97;
2022-03-14 01:00:00;0.0;0.0;0.0;1.87;85.3;1.1;
2022-03-14 02:00:00;0.0;0.0;0.0;1.26;88.55;1.1;
2022-03-14 03:00:00;0.0;0.0;0.0;0.78;88.5;1.1;
2022-03-14 04:00:00;0.0;0.0;0.0;0.35;85.15;1.1;
2022-03-14 05:00:00;0.0;0.0;0.0;-0.26;91.95;1.03;
2022-03-14 06:00:00;35.0;115.53;26.0;-0.86;91.95;1.03;
2022-03-14 07:00:00;186.0;330.86;102.0;0.15;99.4;0.28;
2022-03-14 08:00:00;335.0;406.9;168.0;4.07;79.2;0.34;
2022-03-14 09:00:00;463.0;452.63;220.0;6.98;71.05;0.34;
2022-03-14 10:00:00;646.0;811.74;139.0;9.26;63.8;0.41;
2022-03-14 11:00:00;710.0;868.78;130.0;11.0;55.3;0.62;
2022-03-14 12:00:00;715.0;901.98;117.0;12.28;51.5;0.97;
2022-03-14 13:00:00;636.0;829.71;129.0;13.18;48.0;1.31;
2022-03-14 14:00:00;520.0;780.05;118.0;13.72;46.35;1.66;
2022-03-14 15:00:00;361.0;679.94;101.0;13.86;46.35;1.93;
2022-03-14 16:00:00;182.0;524.33;66.0;13.53;46.35;1.86;
2022-03-14 17:00:00;16.0;139.97;10.0;12.23;55.5;2.07;
2022-03-14 18:00:00;0.0;0.0;0.0;9.76;63.9;2.69;
2022-03-14 19:00:00;0.0;0.0;0.0;8.14;76.8;2.76;
2022-03-14 20:00:00;0.0;0.0;0.0;6.63;82.6;2.55;
2022-03-14 21:00:00;0.0;0.0;0.0;5.37;85.65;2.0;
2022-03-14 22:00:00;0.0;0.0;0.0;5.27;88.85;1.59;
2022-03-14 23:00:00;0.0;0.0;0.0;4.74;82.35;1.52;
2022-03-15 00:00:00;0.0;0.0;0.0;3.44;82.25;1.86;
2022-03-15 01:00:00;0.0;0.0;0.0;2.15;88.65;2.0;
2022-03-15 02:00:00;0.0;0.0;0.0;1.58;88.6;2.07;
2022-03-15 03:00:00;0.0;0.0;0.0;1.42;85.25;2.14;
2022-03-15 04:00:00;0.0;0.0;0.0;0.99;81.95;2.14;
2022-03-15 05:00:00;0.0;0.0;0.0;0.73;81.9;2.07;
2022-03-15 06:00:00;44.0;203.14;27.0;0.33;78.75;1.93;
2022-03-15 07:00:00;229.0;596.96;74.0;2.57;82.15;1.66;
2022-03-15 08:00:00;411.0;747.38;100.0;6.7;56.45;2.07;
2022-03-15 09:00:00;558.0;807.48;120.0;8.66;48.65;2.28;
2022-03-15 10:00:00;663.0;839.72;134.0;10.23;43.7;2.14;
2022-03-15 11:00:00;712.0;844.25;144.0;11.48;39.25;2.0;
2022-03-15 12:00:00;702.0;826.42;150.0;12.51;36.55;2.0;
2022-03-15 13:00:00;575.0;561.89;229.0;13.33;35.3;2.14;
2022-03-15 14:00:00;513.0;713.66;142.0;13.76;31.55;2.34;
2022-03-15 15:00:00;380.0;744.76;92.0;13.91;30.3;2.14;
2022-03-15 16:00:00;189.0;541.28;67.0;13.57;31.55;1.17;
2022-03-15 17:00:00;21.0;213.12;11.0;12.01;49.6;0.9;
2022-03-15 18:00:00;0.0;0.0;0.0;8.37;56.8;1.79;
2022-03-15 19:00:00;0.0;0.0;0.0;6.1;56.3;2.41;
2022-03-15 20:00:00;0.0;0.0;0.0;4.43;58.2;2.48;
2022-03-15 21:00:00;0.0;0.0;0.0;3.3;62.6;2.28;
2022-03-15 22:00:00;0.0;0.0;0.0;2.45;62.5;2.14;
2022-03-15 23:00:00;0.0;0.0;0.0;1.65;67.4;2.07;
2022-03-16 00:00:00;0.0;0.0;0.0;1.14;70.05;1.93;
2022-03-16 01:00:00;0.0;0.0;0.0;0.66;72.75;1.79;
2022-03-16 02:00:00;0.0;0.0;0.0;-0.32;78.6;1.86;
2022-03-16 03:00:00;0.0;0.0;0.0;-1.3;81.65;1.93;
2022-03-16 04:00:00;0.0;0.0;0.0;-2.02;84.85;1.93;
2022-03-16 05:00:00;0.0;0.0;0.0;-2.41;84.85;1.93;
2022-03-16 06:00:00;46.0;178.8;30.0;-2.51;84.85;1.86;
2022-03-16 07:00:00;145.0;101.72;118.0;0.73;81.9;1.38;
2022-03-16 08:00:00;157.0;7.11;154.0;4.65;62.95;1.52;
2022-03-16 09:00:00;539.0;697.1;157.0;7.35;58.65;1.79;
2022-03-16 10:00:00;664.0;826.32;139.0;10.29;49.05;2.0;
2022-03-16 11:00:00;709.0;812.76;158.0;12.56;39.5;1.93;
2022-03-16 12:00:00;699.0;795.1;164.0;13.94;34.25;1.66;
2022-03-16 13:00:00;635.0;773.6;155.0;14.74;31.8;1.31;
2022-03-16 14:00:00;526.0;757.15;129.0;15.1;29.55;1.45;
2022-03-16 15:00:00;372.0;685.44;104.0;15.12;30.7;2.07;
2022-03-16 16:00:00;194.0;553.3;67.0;14.55;35.75;2.07;
2022-03-16 17:00:00;23.0;176.59;14.0;12.77;44.35;2.48;
2022-03-16 18:00:00;0.0;0.0;0.0;10.38;49.2;2.9;
2022-03-16 19:00:00;0.0;0.0;0.0;8.64;61.3;2.0;
2022-03-16 20:00:00;0.0;0.0;0.0;6.54;65.85;1.72;
2022-03-16 21:00:00;0.0;0.0;0.0;6.0;65.75;1.52;
2022-03-16 22:00:00;0.0;0.0;0.0;6.38;61.0;1.17;
2022-03-16 23:00:00;0.0;0.0;0.0;6.42;58.65;1.03;
2022-03-17 00:00:00;0.0;0.0;0.0;4.78;68.0;1.38;
2022-03-17 01:00:00;0.0;0.0;0.0;3.56;70.5;1.45;
2022-03-17 02:00:00;0.0;0.0;0.0;3.18;73.2;1.31;
2022-03-17 03:00:00;0.0;0.0;0.0;2.62;73.1;1.24;
2022-03-17 04:00:00;0.0;0.0;0.0;1.33;75.85;1.38;
2022-03-17 05:00:00;0.0;0.0;0.0;0.78;81.9;1.38;
2022-03-17 06:00:00;30.0;20.99;28.0;0.64;78.75;1.24;
2022-03-17 07:00:00;173.0;191.74;121.0;3.07;79.1;0.83;
2022-03-17 08:00:00;373.0;502.93;158.0;6.78;65.85;0.41;
2022-03-17 09:00:00;472.0;428.17;235.0;9.82;59.25;0.21;
2022-03-17 10:00:00;554.0;429.22;279.0;11.89;57.55;0.55;
2022-03-17 11:00:00;465.0;165.43;352.0;13.37;57.9;1.66;
2022-03-17 12:00:00;415.0;103.28;345.0;14.5;54.1;2.62;
2022-03-17 13:00:00;584.0;571.08;227.0;14.93;50.35;3.03;
2022-03-17 14:00:00;515.0;694.06;148.0;15.08;50.35;3.24;
2022-03-17 15:00:00;357.0;584.45;126.0;14.97;50.35;3.38;
2022-03-17 16:00:00;179.0;398.04;86.0;14.36;53.95;2.97;
2022-03-17 17:00:00;24.0;163.66;15.0;12.87;62.2;2.69;
2022-03-17 18:00:00;0.0;0.0;0.0;10.77;69.1;2.9;
2022-03-17 19:00:00;0.0;0.0;0.0;9.3;76.95;3.1;
2022-03-17 20:00:00;0.0;0.0;0.0;8.36;79.75;3.03;
2022-03-17 21:00:00;0.0;0.0;0.0;7.76;85.8;2.9;
2022-03-17 22:00:00;0.0;0.0;0.0;7.14;89.0;2.55;
2022-03-17 23:00:00;0.0;0.0;0.0;6.43;89.0;2.07;
2022-03-18 00:00:00;0.0;0.0;0.0;6.44;89.0;1.66;
2022-03-18 01:00:00;0.0;0.0;0.0;6.64;85.75;1.31;
2022-03-18 02:00:00;0.0;0.0;0.0;6.73;85.75;1.17;
2022-03-18 03:00:00;0.0;0.0;0.0;5.92;85.7;1.24;
2022-03-18 04:00:00;0.0;0.0;0.0;6.01;85.7;1.1;
2022-03-18 05:00:00;0.0;0.0;0.0;5.34;88.9;1.24;
2022-03-18 06:00:00;35.0;29.67;32.0;4.92;88.85;1.24;
2022-03-18 07:00:00;123.0;39.71;112.0;8.62;85.9;0.62;
2022-03-18 08:00:00;266.0;138.51;206.0;9.95;79.95;0.97;
2022-03-18 09:00:00;339.0;114.48;275.0;11.49;69.25;2.83;
2022-03-18 10:00:00;466.0;224.45;321.0;12.53;64.55;3.45;
2022-03-18 11:00:00;537.0;299.35;331.0;13.32;60.05;3.72;
2022-03-18 12:00:00;494.0;222.67;342.0;13.74;58.0;3.66;
2022-03-18 13:00:00;370.0;93.69;311.0;13.79;58.0;3.52;
2022-03-18 14:00:00;306.0;91.9;257.0;13.77;58.0;3.45;
2022-03-18 15:00:00;253.0;162.72;188.0;13.27;57.9;3.31;
2022-03-18 16:00:00;134.0;134.6;102.0;12.62;59.95;2.9;
2022-03-18 17:00:00;17.0;33.9;15.0;11.72;64.35;2.69;
2022-03-18 18:00:00;0.0;0.0;0.0;10.26;71.6;2.55;
2022-03-18 19:00:00;0.0;0.0;0.0;9.17;71.4;2.55;
2022-03-18 20:00:00;0.0;0.0;0.0;8.33;76.8;2.28;
2022-03-18 21:00:00;0.0;0.0;0.0;7.31;82.6;2.07;
2022-03-18 22:00:00;0.0;0.0;0.0;6.22;85.7;1.79;
2022-03-18 23:00:00;0.0;0.0;0.0;5.67;85.65;1.59;
2022-03-19 00:00:00;0.0;0.0;0.0;6.24;82.55;1.24;
2022-03-19 01:00:00;0.0;0.0;0.0;7.28;82.6;0.83;
2022-03-19 02:00:00;0.0;0.0;0.0;7.09;82.6;0.69;
2022-03-19 03:00:00;0.0;0.0;0.0;7.09;82.6;0.48;
2022-03-19 04:00:00;0.0;0.0;0.0;6.98;82.6;0.34;
2022-03-19 05:00:00;0.0;0.0;0.0;6.74;82.6;0.28;
2022-03-19 06:00:00;46.0;84.15;37.0;6.57;82.6;0.41;
2022-03-19 07:00:00;234.0;516.35;88.0;8.32;82.7;0.21;
2022-03-19 08:00:00;386.0;546.91;146.0;9.19;82.85;0.14;
2022-03-19 09:00:00;400.0;224.96;273.0;10.46;71.7;0.34;
2022-03-19 10:00:00;574.0;488.25;256.0;11.89;64.45;0.9;
2022-03-19 11:00:00;626.0;520.75;265.0;13.16;60.05;1.93;
2022-03-19 12:00:00;582.0;413.12;298.0;13.68;55.9;2.07;
2022-03-19 13:00:00;433.0;182.87;317.0;14.23;53.95;2.21;
2022-03-19 14:00:00;199.0;5.58;196.0;14.25;53.95;2.21;
2022-03-19 15:00:00;128.0;2.48;127.0;14.16;53.95;1.93;
2022-03-19 16:00:00;89.0;16.54;85.0;13.91;58.0;1.38;
2022-03-19 17:00:00;14.0;15.87;13.0;13.13;64.65;0.9;
2022-03-19 18:00:00;0.0;0.0;0.0;12.09;69.35;0.62;
2022-03-19 19:00:00;0.0;0.0;0.0;10.6;77.15;1.31;
2022-03-19 20:00:00;0.0;0.0;0.0;9.86;82.9;1.72;
2022-03-19 21:00:00;0.0;0.0;0.0;9.6;82.9;1.24;
2022-03-19 22:00:00;0.0;0.0;0.0;9.02;85.95;1.31;
2022-03-19 23:00:00;0.0;0.0;0.0;8.65;85.9;1.24;
2022-03-20 00:00:00;0.0;0.0;0.0;8.64;85.9;0.97;
2022-03-20 01:00:00;0.0;0.0;0.0;8.13;89.05;0.97;
2022-03-20 02:00:00;0.0;0.0;0.0;7.7;92.35;0.97;
2022-03-20 03:00:00;0.0;0.0;0.0;7.49;92.35;0.97;
2022-03-20 04:00:00;0.0;0.0;0.0;7.61;92.35;0.69;
2022-03-20 05:00:00;0.0;0.0;0.0;7.97;85.85;0.07;
2022-03-20 06:00:00;35.0;17.73;33.0;7.59;89.0;0.55;
2022-03-20 07:00:00;63.0;0.0;63.0;8.79;92.4;0.9;
2022-03-20 08:00:00;100.0;0.0;100.0;8.91;95.85;1.1;
2022-03-20 09:00:00;117.0;0.0;117.0;9.73;92.45;1.17;
2022-03-20 10:00:00;108.0;0.0;108.0;10.45;86.05;1.1;
2022-03-20 11:00:00;85.0;0.0;85.0;10.43;89.25;0.97;
2022-03-20 12:00:00;104.0;0.0;104.0;10.64;89.25;0.97;
2022-03-20 13:00:00;96.0;0.0;96.0;10.88;86.1;1.1;
2022-03-20 14:00:00;67.0;0.0;67.0;11.14;86.1;1.17;
2022-03-20 15:00:00;39.0;0.0;39.0;11.24;86.1;1.24;
2022-03-20 16:00:00;43.0;0.0;43.0;10.84;92.5;1.1;
2022-03-20 17:00:00;13.0;0.0;13.0;10.47;92.5;1.03;
2022-03-20 18:00:00;0.0;0.0;0.0;9.97;92.5;0.97;
2022-03-20 19:00:00;0.0;0.0;0.0;9.58;95.85;1.17;
2022-03-20 20:00:00;0.0;0.0;0.0;9.4;95.85;1.24;
2022-03-20 21:00:00;0.0;0.0;0.0;9.33;99.4;1.1;
2022-03-20 22:00:00;0.0;0.0;0.0;9.19;99.4;1.17;
2022-03-20 23:00:00;0.0;0.0;0.0;9.15;99.4;1.24;
2022-03-21 00:00:00;0.0;0.0;0.0;9.13;99.4;1.17;
2022-03-21 01:00:00;0.0;0.0;0.0;9.35;99.4;0.9;
2022-03-21 02:00:00;0.0;0.0;0.0;9.22;95.85;0.9;
2022-03-21 03:00:00;0.0;0.0;0.0;9.19;95.85;0.9;
2022-03-21 04:00:00;0.0;0.0;0.0;9.1;95.85;0.83;
2022-03-21 05:00:00;0.0;0.0;0.0;9.08;95.85;0.83;
2022-03-21 06:00:00;32.0;8.43;31.0;9.1;95.85;0.76;
2022-03-21 07:00:00;53.0;0.0;53.0;8.95;95.85;0.76;
2022-03-21 08:00:00;77.0;0.0;77.0;10.03;92.5;0.76;
2022-03-21 09:00:00;163.0;0.0;163.0;10.36;95.9;0.76;
2022-03-21 10:00:00;77.0;0.0;77.0;10.81;92.5;0.62;
2022-03-21 11:00:00;79.0;0.0;79.0;11.15;89.3;0.62;
2022-03-21 12:00:00;114.0;0.0;114.0;11.81;86.15;0.69;
2022-03-21 13:00:00;116.0;0.0;116.0;12.38;83.15;0.62;
2022-03-21 14:00:00;119.0;0.0;119.0;12.65;80.3;0.48;
2022-03-21 15:00:00;98.0;0.0;98.0;12.69;83.25;0.62;
2022-03-21 16:00:00;46.0;0.0;46.0;12.53;86.25;0.69;
2022-03-21 17:00:00;16.0;0.0;16.0;12.26;92.6;0.69;
2022-03-21 18:00:00;0.0;0.0;0.0;11.75;92.55;0.62;
2022-03-21 19:00:00;0.0;0.0;0.0;10.71;95.9;1.31;
2022-03-21 20:00:00;0.0;0.0;0.0;10.48;95.9;1.38;
2022-03-21 21:00:00;0.0;0.0;0.0;10.29;99.4;1.38;
2022-03-21 22:00:00;0.0;0.0;0.0;10.16;95.9;1.31;
2022-03-21 23:00:00;0.0;0.0;0.0;9.96;95.9;1.03;
2022-03-22 00:00:00;0.0;0.0;0.0;9.86;99.4;0.97;
2022-03-22 01:00:00;0.0;0.0;0.0;9.95;95.9;0.76;
2022-03-22 02:00:00;0.0;0.0;0.0;9.99;95.9;0.69;
2022-03-22 03:00:00;0.0;0.0;0.0;9.94;95.9;0.62;
2022-03-22 04:00:00;0.0;0.0;0.0;9.92;95.9;0.55;
2022-03-22 05:00:00;0.0;0.0;0.0;9.69;99.4;0.62;
2022-03-22 06:00:00;18.0;0.0;18.0;9.63;99.4;0.69;
2022-03-22 07:00:00;36.0;0.0;36.0;10.59;95.9;0.41;
2022-03-22 08:00:00;98.0;0.0;98.0;10.81;99.4;0.34;
2022-03-22 09:00:00;106.0;0.0;106.0;11.1;95.9;0.41;
2022-03-22 10:00:00;94.0;0.0;94.0;11.69;92.55;0.41;
2022-03-22 11:00:00;170.0;0.0;170.0;11.93;89.35;0.62;
2022-03-22 12:00:00;125.0;0.0;125.0;12.15;89.35;0.76;
2022-03-22 13:00:00;125.0;0.0;125.0;12.36;92.6;0.83;
2022-03-22 14:00:00;128.0;0.0;128.0;12.36;92.6;0.83;
2022-03-22 15:00:00;81.0;0.0;81.0;12.3;92.6;0.97;
2022-03-22 16:00:00;41.0;0.0;41.0;12.04;92.6;0.9;
2022-03-22 17:00:00;27.0;53.4;23.0;11.65;99.4;0.76;
2022-03-22 18:00:00;0.0;0.0;0.0;11.14;99.35;0.69;
2022-03-22 19:00:00;0.0;0.0;0.0;10.69;99.4;1.03;
2022-03-22 20:00:00;0.0;0.0;0.0;10.54;99.4;1.03;
2022-03-22 21:00:00;0.0;0.0;0.0;10.42;99.4;0.9;
2022-03-22 22:00:00;0.0;0.0;0.0;10.29;100.0;0.9;
2022-03-22 23:00:00;0.0;0.0;0.0;10.23;100.0;0.97;
2022-03-23 00:00:00;0.0;0.0;0.0;10.16;100.0;1.03;
2022-03-23 01:00:00;0.0;0.0;0.0;10.15;100.0;1.03;
2022-03-23 02:00:00;0.0;0.0;0.0;10.15;99.4;1.03;
2022-03-23 03:00:00;0.0;0.0;0.0;10.12;99.4;1.03;
2022-03-23 04:00:00;0.0;0.0;0.0;10.03;99.4;0.97;
2022-03-23 05:00:00;0.0;0.0;0.0;10.04;99.4;0.83;
2022-03-23 06:00:00;7.0;0.0;7.0;10.13;99.4;0.69;
2022-03-23 07:00:00;31.0;0.0;31.0;10.66;99.4;1.72;
2022-03-23 08:00:00;146.0;2.17;145.0;11.51;92.55;1.59;
2022-03-23 09:00:00;214.0;5.12;211.0;12.3;89.35;1.1;
2022-03-23 10:00:00;366.0;66.95;321.0;13.4;83.25;0.34;
2022-03-23 11:00:00;125.0;0.0;125.0;14.45;72.4;0.41;
2022-03-23 12:00:00;305.0;16.99;293.0;15.18;69.9;0.41;
2022-03-23 13:00:00;464.0;225.35;317.0;16.15;65.25;0.48;
2022-03-23 14:00:00;552.0;789.61;114.0;16.31;62.95;0.55;
2022-03-23 15:00:00;379.0;630.72;114.0;16.35;62.95;0.69;
2022-03-23 16:00:00;208.0;504.17;78.0;16.15;65.25;1.03;
2022-03-23 17:00:00;39.0;177.57;25.0;15.51;70.0;1.31;
2022-03-23 18:00:00;0.0;0.0;0.0;13.75;77.6;1.86;
2022-03-23 19:00:00;0.0;0.0;0.0;11.9;86.2;2.14;
2022-03-23 20:00:00;0.0;0.0;0.0;10.6;92.5;1.72;
2022-03-23 21:00:00;0.0;0.0;0.0;10.22;92.5;1.17;
2022-03-23 22:00:00;0.0;0.0;0.0;9.68;95.85;1.17;
2022-03-23 23:00:00;0.0;0.0;0.0;8.65;99.4;1.31;
2022-03-24 00:00:00;0.0;0.0;0.0;7.65;99.4;1.52;
2022-03-24 01:00:00;0.0;0.0;0.0;7.58;99.4;1.31;
2022-03-24 02:00:00;0.0;0.0;0.0;8.36;99.4;0.83;
2022-03-24 03:00:00;0.0;0.0;0.0;8.16;100.0;0.34;
2022-03-24 04:00:00;0.0;0.0;0.0;7.78;100.0;0.34;
2022-03-24 05:00:00;0.0;0.0;0.0;7.37;99.4;0.62;
2022-03-24 06:00:00;53.0;44.08;47.0;7.34;100.0;0.34;
2022-03-24 07:00:00;169.0;102.73;137.0;9.08;99.4;0.48;
2022-03-24 08:00:00;260.0;92.1;217.0;10.9;92.55;0.34;
2022-03-24 09:00:00;368.0;131.84;290.0;12.82;89.4;0.41;
2022-03-24 10:00:00;582.0;453.27;275.0;14.49;80.55;0.69;
2022-03-24 11:00:00;584.0;363.51;323.0;15.58;77.85;0.83;
2022-03-24 12:00:00;581.0;371.32;317.0;16.29;75.25;0.69;
2022-03-24 13:00:00;476.0;240.59;318.0;16.79;70.2;0.62;
2022-03-24 14:00:00;294.0;62.62;259.0;17.21;67.85;0.83;
2022-03-24 15:00:00;304.0;271.1;189.0;16.41;72.65;0.69;
2022-03-24 16:00:00;137.0;95.49;112.0;15.84;75.15;0.97;
2022-03-24 17:00:00;26.0;24.16;24.0;15.06;77.8;0.9;
2022-03-24 18:00:00;0.0;0.0;0.0;13.76;86.35;1.86;
2022-03-24 19:00:00;0.0;0.0;0.0;12.83;92.6;1.24;
2022-03-24 20:00:00;0.0;0.0;0.0;11.14;95.9;1.59;
2022-03-24 21:00:00;0.0;0.0;0.0;10.44;95.9;1.59;
2022-03-24 22:00:00;0.0;0.0;0.0;10.29;99.4;1.38;
2022-03-24 23:00:00;0.0;0.0;0.0;10.22;99.4;1.17;
2022-03-25 00:00:00;0.0;0.0;0.0;9.89;95.9;1.24;
2022-03-25 01:00:00;0.0;0.0;0.0;9.3;100.0;1.31;
2022-03-25 02:00:00;0.0;0.0;0.0;8.96;99.4;1.45;
2022-03-25 03:00:00;0.0;0.0;0.0;8.69;99.4;1.59;
2022-03-25 04:00:00;0.0;0.0;0.0;8.48;99.4;1.52;
2022-03-25 05:00:00;0.0;0.0;0.0;8.33;100.0;1.45;
2022-03-25 06:00:00;21.0;0.0;21.0;8.62;99.4;1.38;
2022-03-25 07:00:00;123.0;18.92;117.0;9.83;99.4;0.9;
2022-03-25 08:00:00;214.0;31.75;199.0;11.41;92.55;0.55;
2022-03-25 09:00:00;405.0;192.64;290.0;13.26;89.4;0.34;
2022-03-25 10:00:00;127.0;0.0;127.0;14.95;77.8;0.48;
2022-03-25 11:00:00;446.0;117.59;361.0;15.62;75.15;0.9;
2022-03-25 12:00:00;421.0;95.03;353.0;16.4;72.65;0.9;
2022-03-25 13:00:00;100.0;0.0;100.0;16.41;72.65;0.48;
2022-03-25 14:00:00;78.0;0.0;78.0;16.48;67.75;0.48;
2022-03-25 15:00:00;71.0;0.0;71.0;16.17;70.1;0.62;
2022-03-25 16:00:00;38.0;0.0;38.0;16.01;72.65;1.24;
2022-03-25 17:00:00;20.0;0.0;20.0;14.89;80.55;1.24;
2022-03-25 18:00:00;0.0;0.0;0.0;13.36;89.4;1.24;
2022-03-25 19:00:00;0.0;0.0;0.0;12.46;89.4;1.1;
2022-03-25 20:00:00;0.0;0.0;0.0;11.69;92.55;1.31;
2022-03-25 21:00:00;0.0;0.0;0.0;11.22;92.55;1.24;
2022-03-25 22:00:00;0.0;0.0;0.0;10.64;95.9;1.38;
2022-03-25 23:00:00;0.0;0.0;0.0;10.55;95.9;1.31;
2022-03-26 00:00:00;0.0;0.0;0.0;10.74;95.9;1.03;
2022-03-26 01:00:00;0.0;0.0;0.0;11.14;92.55;0.83;
2022-03-26 02:00:00;0.0;0.0;0.0;10.66;95.9;0.97;
2022-03-26 03:00:00;0.0;0.0;0.0;10.37;99.4;1.31;
2022-03-26 04:00:00;0.0;0.0;0.0;10.15;99.4;1.24;
2022-03-26 05:00:00;0.0;0.0;0.0;10.34;99.4;1.31;
2022-03-26 06:00:00;28.0;0.0;28.0;10.64;95.9;1.79;
2022-03-26 07:00:00;48.0;0.0;48.0;11.14;95.9;0.9;
2022-03-26 08:00:00;102.0;0.0;102.0;12.4;89.4;2.0;
2022-03-26 09:00:00;212.0;3.32;210.0;12.96;86.3;3.1;
2022-03-26 10:00:00;62.0;0.0;62.0;14.4;80.45;4.69;
2022-03-26 11:00:00;380.0;50.85;343.0;15.14;72.45;5.86;
2022-03-26 12:00:00;121.0;0.0;121.0;15.14;77.8;5.59;
2022-03-26 13:00:00;60.0;0.0;60.0;15.75;72.55;6.55;
2022-03-26 14:00:00;518.0;595.94;180.0;16.09;67.65;7.45;
2022-03-26 15:00:00;222.0;64.79;194.0;15.43;70.0;7.1;
2022-03-26 16:00:00;228.0;567.45;75.0;15.46;72.55;6.55;
2022-03-26 17:00:00;51.0;253.98;28.0;14.63;75.0;5.45;
2022-03-26 18:00:00;0.0;0.0;0.0;13.44;77.6;4.55;
2022-03-26 19:00:00;0.0;0.0;0.0;13.01;74.75;3.86;
2022-03-26 20:00:00;0.0;0.0;0.0;11.8;83.1;1.79;
2022-03-26 21:00:00;0.0;0.0;0.0;11.1;86.1;0.62;
2022-03-26 22:00:00;0.0;0.0;0.0;8.98;92.45;1.86;
2022-03-26 23:00:00;0.0;0.0;0.0;8.92;92.45;1.24;
2022-03-27 00:00:00;0.0;0.0;0.0;8.51;92.4;1.03;
2022-03-27 01:00:00;0.0;0.0;0.0;7.9;92.4;1.03;
2022-03-27 02:00:00;0.0;0.0;0.0;6.43;92.35;1.24;
2022-03-27 03:00:00;0.0;0.0;0.0;5.48;92.3;1.38;
2022-03-27 04:00:00;0.0;0.0;0.0;4.53;92.25;1.66;
2022-03-27 05:00:00;0.0;0.0;0.0;4.02;92.2;1.66;
2022-03-27 06:00:00;110.0;403.9;48.0;4.39;92.25;1.52;
2022-03-27 07:00:00;276.0;502.21;111.0;7.39;85.8;1.52;
2022-03-27 08:00:00;343.0;235.83;229.0;9.11;76.95;1.72;
2022-03-27 09:00:00;514.0;421.38;258.0;10.27;71.6;1.45;
2022-03-27 10:00:00;732.0;872.27;128.0;11.63;64.35;1.1;
2022-03-27 11:00:00;778.0;876.6;136.0;12.58;59.95;0.9;
2022-03-27 12:00:00;789.0;934.31;112.0;13.93;53.95;0.83;
2022-03-27 13:00:00;693.0;827.3;139.0;15.1;48.55;0.62;
2022-03-27 14:00:00;493.0;462.14;229.0;15.85;45.15;0.34;
2022-03-27 15:00:00;156.0;4.59;154.0;16.07;43.65;0.62;
2022-03-27 16:00:00;209.0;387.56;103.0;15.96;43.65;1.03;
2022-03-27 17:00:00;57.0;307.09;28.0;15.34;48.55;0.34;
2022-03-27 18:00:00;0.0;0.0;0.0;13.54;60.2;0.97;
2022-03-27 19:00:00;0.0;0.0;0.0;13.29;55.75;0.21;
2022-03-27 20:00:00;0.0;0.0;0.0;11.37;61.85;0.97;
2022-03-27 21:00:00;0.0;0.0;0.0;8.91;71.4;1.52;
2022-03-27 22:00:00;0.0;0.0;0.0;7.54;73.9;1.59;
2022-03-27 23:00:00;0.0;0.0;0.0;6.59;73.8;1.52;
2022-03-28 00:00:00;0.0;0.0;0.0;6.32;76.55;1.31;
2022-03-28 01:00:00;0.0;0.0;0.0;5.39;76.5;1.38;
2022-03-28 02:00:00;0.0;0.0;0.0;4.13;82.3;1.79;
2022-03-28 03:00:00;0.0;0.0;0.0;3.43;82.25;2.07;
2022-03-28 04:00:00;0.0;0.0;0.0;2.95;85.4;2.07;
2022-03-28 05:00:00;0.0;0.0;0.0;2.45;88.65;2.0;
2022-03-28 06:00:00;115.0;414.39;49.0;2.87;85.4;1.52;
2022-03-28 07:00:00;311.0;688.25;81.0;7.25;82.6;1.59;
2022-03-28 08:00:00;494.0;816.2;95.0;10.58;69.1;1.52;
2022-03-28 09:00:00;629.0;827.43;122.0;13.15;60.05;1.52;
2022-03-28 10:00:00;718.0;817.31;148.0;15.29;54.25;1.45;
2022-03-28 11:00:00;753.0;786.89;173.0;16.83;47.15;1.52;
2022-03-28 12:00:00;752.0;814.76;158.0;17.84;43.9;1.72;
2022-03-28 13:00:00;656.0;681.14;197.0;18.47;39.55;1.93;
2022-03-28 14:00:00;528.0;580.57;194.0;18.82;38.1;1.86;
2022-03-28 15:00:00;414.0;684.0;113.0;18.78;38.1;2.0;
2022-03-28 16:00:00;241.0;598.5;75.0;18.52;41.05;1.86;
2022-03-28 17:00:00;59.0;284.87;31.0;16.99;50.85;1.93;
2022-03-28 18:00:00;0.0;0.0;0.0;14.56;58.25;2.69;
2022-03-28 19:00:00;0.0;0.0;0.0;11.96;62.1;3.24;
2022-03-28 20:00:00;0.0;0.0;0.0;10.73;69.1;2.97;
2022-03-28 21:00:00;0.0;0.0;0.0;9.72;74.2;2.69;
2022-03-28 22:00:00;0.0;0.0;0.0;8.88;76.95;2.34;
2022-03-28 23:00:00;0.0;0.0;0.0;7.83;89.0;1.93;
2022-03-29 00:00:00;0.0;0.0;0.0;7.08;89.0;1.59;
2022-03-29 01:00:00;0.0;0.0;0.0;7.37;85.8;1.31;
2022-03-29 02:00:00;0.0;0.0;0.0;8.74;82.75;0.76;
2022-03-29 03:00:00;0.0;0.0;0.0;8.46;82.75;0.9;
2022-03-29 04:00:00;0.0;0.0;0.0;6.91;89.0;1.31;
2022-03-29 05:00:00;0.0;0.0;0.0;7.85;89.0;0.97;
2022-03-29 06:00:00;79.0;90.9;64.0;7.01;92.35;1.1;
2022-03-29 07:00:00;270.0;429.68;124.0;9.48;92.45;0.55;
2022-03-29 08:00:00;247.0;50.58;222.0;12.21;77.35;0.41;
2022-03-29 09:00:00;454.0;257.32;295.0;13.86;69.65;1.59;
2022-03-29 10:00:00;270.0;7.12;265.0;15.09;62.75;2.55;
2022-03-29 11:00:00;198.0;0.0;198.0;15.58;58.45;2.76;
2022-03-29 12:00:00;139.0;0.0;139.0;15.47;60.65;3.03;
2022-03-29 13:00:00;152.0;0.0;152.0;15.35;62.75;3.31;
2022-03-29 14:00:00;73.0;0.0;73.0;15.3;62.75;3.79;
2022-03-29 15:00:00;107.0;0.0;107.0;15.19;62.75;3.86;
2022-03-29 16:00:00;109.0;21.34;103.0;14.77;64.95;3.38;
2022-03-29 17:00:00;42.0;68.54;35.0;14.16;67.25;3.24;
2022-03-29 18:00:00;0.0;0.0;0.0;12.98;67.05;2.97;
2022-03-29 19:00:00;0.0;0.0;0.0;11.94;66.85;2.0;
2022-03-29 20:00:00;0.0;0.0;0.0;11.0;77.2;1.24;
2022-03-29 21:00:00;0.0;0.0;0.0;10.66;74.4;0.97;
2022-03-29 22:00:00;0.0;0.0;0.0;10.98;71.75;0.41;
2022-03-29 23:00:00;0.0;0.0;0.0;10.68;74.4;0.69;
2022-03-30 00:00:00;0.0;0.0;0.0;8.44;89.1;1.52;
2022-03-30 01:00:00;0.0;0.0;0.0;8.18;92.4;1.86;
2022-03-30 02:00:00;0.0;0.0;0.0;8.38;89.1;2.07;
2022-03-30 03:00:00;0.0;0.0;0.0;8.9;89.1;2.07;
2022-03-30 04:00:00;0.0;0.0;0.0;9.09;89.1;2.14;
2022-03-30 05:00:00;0.0;0.0;0.0;8.78;92.4;2.48;
2022-03-30 06:00:00;60.0;23.43;56.0;9.03;92.45;2.55;
2022-03-30 07:00:00;210.0;156.36;156.0;10.01;92.5;2.34;
2022-03-30 08:00:00;94.0;0.0;94.0;11.12;89.3;2.76;
2022-03-30 09:00:00;101.0;0.0;101.0;12.3;86.2;3.1;
2022-03-30 10:00:00;122.0;0.0;122.0;13.11;80.35;3.66;
2022-03-30 11:00:00;152.0;0.0;152.0;13.88;77.6;4.69;
2022-03-30 12:00:00;68.0;0.0;68.0;14.5;72.4;5.31;
2022-03-30 13:00:00;201.0;0.0;201.0;13.9;77.6;5.24;
2022-03-30 14:00:00;71.0;0.0;71.0;13.09;83.25;4.97;
2022-03-30 15:00:00;54.0;0.0;54.0;12.67;86.25;4.69;
2022-03-30 16:00:00;101.0;10.53;98.0;11.89;92.55;4.41;
2022-03-30 17:00:00;63.0;273.7;34.0;11.73;89.3;3.72;
2022-03-30 18:00:00;0.0;0.0;0.0;11.14;89.3;2.55;
2022-03-30 19:00:00;0.0;0.0;0.0;9.85;95.85;1.31;
2022-03-30 20:00:00;0.0;0.0;0.0;9.41;95.85;1.38;
2022-03-30 21:00:00;0.0;0.0;0.0;9.19;95.85;1.59;
2022-03-30 22:00:00;0.0;0.0;0.0;8.52;95.85;1.59;
2022-03-30 23:00:00;0.0;0.0;0.0;7.56;95.8;1.66;
2022-03-31 00:00:00;0.0;0.0;0.0;6.72;95.8;1.72;
2022-03-31 01:00:00;0.0;0.0;0.0;6.01;95.8;1.59;
2022-03-31 02:00:00;0.0;0.0;0.0;5.36;95.75;1.38;
2022-03-31 03:00:00;0.0;0.0;0.0;4.48;95.75;1.45;
2022-03-31 04:00:00;0.0;0.0;0.0;3.99;95.75;1.59;
2022-03-31 05:00:00;0.0;0.0;0.0;3.72;99.4;2.0;
2022-03-31 06:00:00;86.0;85.01;71.0;4.44;95.75;2.0;
2022-03-31 07:00:00;213.0;145.34;162.0;6.84;85.75;2.41;
2022-03-31 08:00:00;375.0;275.27;236.0;9.52;74.2;2.62;
2022-03-31 09:00:00;672.0;909.05;101.0;12.21;57.65;2.62;
2022-03-31 10:00:00;772.0;928.36;111.0;14.29;44.75;2.55;
2022-03-31 11:00:00;813.0;921.58;121.0;15.68;36.0;2.76;
2022-03-31 12:00:00;806.0;929.78;116.0;16.54;33.6;3.1;
2022-03-31 13:00:00;746.0;936.94;103.0;17.1;30.1;3.1;
2022-03-31 14:00:00;618.0;878.76;102.0;17.15;28.95;3.31;
2022-03-31 15:00:00;453.0;799.36;92.0;16.84;29.95;2.97;
2022-03-31 16:00:00;251.0;588.71;81.0;12.85;52.23;3.02;
2022-03-31 17:00:00;71.0;337.08;34.0;12.3;54.67;2.88;
2022-03-31 18:00:00;0.0;0.0;0.0;11.76;57.11;2.73;
2022-03-31 19:00:00;0.0;0.0;0.0;11.22;59.54;2.58;
2022-03-31 20:00:00;0.0;0.0;0.0;10.68;61.98;2.43;
2022-03-31 21:00:00;0.0;0.0;0.0;10.14;64.42;2.28;
2022-03-31 22:00:00;0.0;0.0;0.0;9.6;66.86;2.13;
2022-03-31 23:00:00;0.0;0.0;0.0;9.06;69.3;1.98;
2022-04-01 00:00:00;0.0;0.0;0.0;8.52;71.73;1.83;
2022-04-01 01:00:00;0.0;0.0;0.0;7.98;74.17;1.68;
2022-04-01 02:00:00;0.0;0.0;0.0;7.44;76.61;1.53;
2022-04-01 03:00:00;0.0;0.0;0.0;6.9;79.05;1.38;
2022-04-01 04:00:00;0.0;0.0;0.0;6.36;81.49;1.23;
2022-04-01 05:00:00;0.0;0.0;0.0;5.82;83.92;1.08;
2022-04-01 06:00:00;127.0;303.6;70.0;5.28;86.36;0.93;
2022-04-01 07:00:00;316.0;558.22;114.0;4.74;88.8;0.79;
2022-04-01 08:00:00;486.0;651.8;150.0;12.65;62.2;0.55;
2022-04-01 09:00:00;632.0;723.96;170.0;15.1;52.25;0.76;
2022-04-01 10:00:00;730.0;758.14;183.0;17.02;43.9;0.97;
2022-04-01 11:00:00;776.0;771.21;190.0;18.54;41.05;0.9;
2022-04-01 12:00:00;732.0;659.5;237.0;19.72;38.35;0.69;
2022-04-01 13:00:00;675.0;666.84;212.0;20.43;35.75;0.48;
2022-04-01 14:00:00;584.0;719.42;156.0;20.67;34.55;0.41;
2022-04-01 15:00:00;430.0;657.74;128.0;20.67;34.55;0.28;
2022-04-01 16:00:00;248.0;513.08;96.0;20.39;35.75;0.69;
2022-04-01 17:00:00;71.0;264.21;40.0;19.17;44.3;1.72;
2022-04-01 18:00:00;0.0;0.0;0.0;16.73;48.9;2.28;
2022-04-01 19:00:00;0.0;0.0;0.0;14.78;58.25;2.21;
2022-04-01 20:00:00;0.0;0.0;0.0;12.69;64.55;2.34;
2022-04-01 21:00:00;0.0;0.0;0.0;11.02;69.15;2.14;
2022-04-01 22:00:00;0.0;0.0;0.0;9.69;71.5;2.14;
2022-04-01 23:00:00;0.0;0.0;0.0;8.8;74.05;1.93;
2022-04-02 00:00:00;0.0;0.0;0.0;8.02;73.95;1.93;
2022-04-02 01:00:00;0.0;0.0;0.0;7.25;76.65;2.0;
2022-04-02 02:00:00;0.0;0.0;0.0;7.18;73.8;1.79;
2022-04-02 03:00:00;0.0;0.0;0.0;7.24;73.8;1.59;
2022-04-02 04:00:00;0.0;0.0;0.0;6.07;73.7;1.79;
2022-04-02 05:00:00;0.0;0.0;0.0;4.88;79.35;2.14;
2022-04-02 06:00:00;101.0;108.61;80.0;5.33;85.6;1.79;
2022-04-02 07:00:00;267.0;288.6;161.0;10.22;71.6;1.38;
2022-04-02 08:00:00;444.0;455.17;207.0;14.16;52.0;1.66;
2022-04-02 09:00:00;596.0;575.34;226.0;16.9;43.8;1.72;
2022-04-02 10:00:00;513.0;198.3;369.0;18.42;39.4;1.79;
2022-04-02 11:00:00;558.0;222.44;388.0;19.42;36.8;2.55;
2022-04-02 12:00:00;436.0;78.17;377.0;20.17;33.15;3.45;
2022-04-02 13:00:00;517.0;243.46;347.0;20.35;31.95;4.07;
2022-04-02 14:00:00;596.0;749.93;147.0;20.07;30.75;4.62;
2022-04-02 15:00:00;432.0;650.3;131.0;19.65;29.5;4.9;
2022-04-02 16:00:00;255.0;540.08;93.0;18.89;30.35;4.48;
2022-04-02 17:00:00;82.0;363.36;38.0;17.44;31.25;4.21;
2022-04-02 18:00:00;0.0;0.0;0.0;15.31;29.55;4.21;
2022-04-02 19:00:00;0.0;0.0;0.0;13.99;29.25;3.93;
2022-04-02 20:00:00;0.0;0.0;0.0;13.07;29.0;3.86;
2022-04-02 21:00:00;0.0;0.0;0.0;12.16;31.1;3.45;
2022-04-02 22:00:00;0.0;0.0;0.0;11.27;34.75;2.69;
2022-04-02 23:00:00;0.0;0.0;0.0;9.65;47.05;1.86;
2022-04-03 00:00:00;0.0;0.0;0.0;8.21;52.45;1.72;
2022-04-03 01:00:00;0.0;0.0;0.0;6.22;60.85;2.07;
2022-04-03 02:00:00;0.0;0.0;0.0;5.25;65.55;2.34;
2022-04-03 03:00:00;0.0;0.0;0.0;4.64;68.0;2.34;
2022-04-03 04:00:00;0.0;0.0;0.0;4.2;73.4;2.14;
2022-04-03 05:00:00;0.0;0.0;0.0;3.99;76.25;1.93;
2022-04-03 06:00:00;155.0;457.47;64.0;5.12;73.55;1.38;
2022-04-03 07:00:00;345.0;652.05;102.0;9.62;63.9;1.31;
2022-04-03 08:00:00;509.0;686.53;148.0;13.05;48.0;1.45;
2022-04-03 09:00:00;653.0;743.85;171.0;15.24;40.2;1.59;
2022-04-03 10:00:00;743.0;745.78;198.0;16.78;34.9;2.69;
2022-04-03 11:00:00;785.0;748.13;210.0;17.7;26.8;5.17;
2022-04-03 12:00:00;734.0;622.01;262.0;17.81;22.9;6.41;
2022-04-03 13:00:00;686.0;656.53;225.0;17.9;21.15;7.1;
2022-04-03 14:00:00;595.0;710.39;167.0;17.68;21.15;6.83;
2022-04-03 15:00:00;446.0;681.6;128.0;17.34;19.5;7.17;
2022-04-03 16:00:00;266.0;582.94;89.0;16.45;21.0;6.62;
2022-04-03 17:00:00;80.0;296.39;43.0;15.21;24.25;5.45;
2022-04-03 18:00:00;0.0;0.0;0.0;13.4;27.85;4.21;
2022-04-03 19:00:00;0.0;0.0;0.0;11.98;31.1;3.45;
2022-04-03 20:00:00;0.0;0.0;0.0;10.62;37.45;3.03;
2022-04-03 21:00:00;0.0;0.0;0.0;9.72;38.7;3.31;
2022-04-03 22:00:00;0.0;0.0;0.0;9.24;37.05;3.45;
2022-04-03 23:00:00;0.0;0.0;0.0;9.02;34.2;3.66;
2022-04-04 00:00:00;0.0;0.0;0.0;8.39;35.45;3.38;
2022-04-04 01:00:00;0.0;0.0;0.0;7.53;39.7;2.97;
2022-04-04 02:00:00;0.0;0.0;0.0;6.3;46.25;2.48;
2022-04-04 03:00:00;0.0;0.0;0.0;4.81;55.95;2.14;
2022-04-04 04:00:00;0.0;0.0;0.0;3.61;60.3;2.14;
2022-04-04 05:00:00;0.0;0.0;0.0;2.82;67.7;1.93;
2022-04-04 06:00:00;162.0;469.55;66.0;3.93;67.9;1.45;
2022-04-04 07:00:00;351.0;650.79;105.0;9.05;54.8;1.66;
2022-04-04 08:00:00;517.0;693.12;149.0;12.07;40.95;2.21;
2022-04-04 09:00:00;657.0;735.28;177.0;13.93;34.25;2.28;
2022-04-04 10:00:00;751.0;750.68;199.0;15.26;30.7;1.66;
2022-04-04 11:00:00;793.0;753.03;211.0;16.31;28.7;1.1;
2022-04-04 12:00:00;745.0;638.37;258.0;17.03;24.75;0.83;
2022-04-04 13:00:00;689.0;647.27;232.0;17.47;24.75;0.76;
2022-04-04 14:00:00;602.0;715.92;168.0;17.64;23.8;0.9;
2022-04-04 15:00:00;449.0;674.18;132.0;17.55;23.8;1.1;
2022-04-04 16:00:00;267.0;556.49;96.0;17.19;23.8;1.66;
2022-04-04 17:00:00;83.0;295.58;45.0;16.07;28.7;2.14;
2022-04-04 18:00:00;0.0;0.0;0.0;13.75;34.1;2.69;
2022-04-04 19:00:00;0.0;0.0;0.0;12.11;37.9;2.62;
2022-04-04 20:00:00;0.0;0.0;0.0;10.5;42.15;2.34;
2022-04-04 21:00:00;0.0;0.0;0.0;8.73;54.65;1.66;
2022-04-04 22:00:00;0.0;0.0;0.0;7.25;58.65;1.72;
2022-04-04 23:00:00;0.0;0.0;0.0;5.73;60.75;2.28;
2022-04-05 00:00:00;0.0;0.0;0.0;5.12;63.05;2.41;
2022-04-05 01:00:00;0.0;0.0;0.0;4.66;65.4;2.34;
2022-04-05 02:00:00;0.0;0.0;0.0;4.06;67.9;2.14;
2022-04-05 03:00:00;0.0;0.0;0.0;3.54;70.5;1.86;
2022-04-05 04:00:00;0.0;0.0;0.0;3.21;73.2;1.66;
2022-04-05 05:00:00;0.0;0.0;0.0;2.86;76.1;1.59;
2022-04-05 06:00:00;155.0;385.82;74.0;4.54;70.7;0.97;
2022-04-05 07:00:00;344.0;600.06;114.0;8.5;63.7;0.97;
2022-04-05 08:00:00;511.0;666.08;154.0;11.35;51.25;0.9;
2022-04-05 09:00:00;649.0;707.13;184.0;13.29;44.5;0.69;
2022-04-05 10:00:00;750.0;752.87;193.0;14.82;38.55;0.55;
2022-04-05 11:00:00;790.0;750.21;207.0;16.05;32.2;1.1;
2022-04-05 12:00:00;744.0;640.25;253.0;16.98;28.95;1.66;
2022-04-05 13:00:00;687.0;649.43;226.0;17.59;27.85;1.79;
2022-04-05 14:00:00;596.0;701.76;168.0;17.9;27.85;1.79;
2022-04-05 15:00:00;443.0;645.81;137.0;17.88;27.85;2.0;
2022-04-05 16:00:00;263.0;521.04;101.0;17.48;27.85;2.69;
2022-04-05 17:00:00;82.0;264.61;47.0;16.18;32.2;3.17;
2022-04-05 18:00:00;0.0;0.0;0.0;13.73;38.3;3.59;
2022-04-05 19:00:00;0.0;0.0;0.0;12.42;41.1;3.03;
2022-04-05 20:00:00;0.0;0.0;0.0;10.92;45.7;2.48;
2022-04-05 21:00:00;0.0;0.0;0.0;9.24;61.45;1.72;
2022-04-05 22:00:00;0.0;0.0;0.0;9.72;54.9;0.9;
2022-04-05 23:00:00;0.0;0.0;0.0;8.48;61.3;1.17;
2022-04-06 00:00:00;0.0;0.0;0.0;6.76;68.4;1.66;
2022-04-06 01:00:00;0.0;0.0;0.0;6.38;68.4;1.52;
2022-04-06 02:00:00;0.0;0.0;0.0;6.32;70.95;1.38;
2022-04-06 03:00:00;0.0;0.0;0.0;5.76;73.65;1.45;
2022-04-06 04:00:00;0.0;0.0;0.0;5.28;79.35;1.59;
2022-04-06 05:00:00;7.0;0.0;7.0;4.98;79.35;1.72;
2022-04-06 06:00:00;152.0;329.64;81.0;5.9;79.5;1.52;
2022-04-06 07:00:00;340.0;566.24;120.0;9.35;71.4;2.07;
2022-04-06 08:00:00;498.0;608.17;169.0;10.69;64.1;2.34;
2022-04-06 09:00:00;476.0;226.48;326.0;11.49;62.0;2.0;
2022-04-06 10:00:00;601.0;341.27;347.0;12.61;59.95;1.66;
2022-04-06 11:00:00;693.0;477.41;320.0;13.61;55.9;1.24;
2022-04-06 12:00:00;643.0;382.7;348.0;14.82;52.15;1.03;
2022-04-06 13:00:00;658.0;563.33;256.0;15.62;46.9;1.17;
2022-04-06 14:00:00;438.0;226.56;299.0;16.08;45.3;1.45;
2022-04-06 15:00:00;385.0;393.79;197.0;16.55;42.15;1.86;
2022-04-06 16:00:00;231.0;330.66;127.0;16.56;42.15;2.62;
2022-04-06 17:00:00;66.0;110.33;51.0;15.83;45.15;2.41;
2022-04-06 18:00:00;0.0;0.0;0.0;14.23;50.1;2.41;
2022-04-06 19:00:00;0.0;0.0;0.0;12.04;62.1;2.9;
2022-04-06 20:00:00;0.0;0.0;0.0;10.95;69.15;2.9;
2022-04-06 21:00:00;0.0;0.0;0.0;10.23;77.1;2.83;
2022-04-06 22:00:00;0.0;0.0;0.0;9.6;79.9;2.41;
2022-04-06 23:00:00;0.0;0.0;0.0;8.49;85.9;1.66;
2022-04-07 00:00:00;0.0;0.0;0.0;8.77;85.9;0.48;
2022-04-07 01:00:00;0.0;0.0;0.0;7.04;92.35;1.24;
2022-04-07 02:00:00;0.0;0.0;0.0;5.99;92.3;1.79;
2022-04-07 03:00:00;0.0;0.0;0.0;5.23;95.75;1.72;
2022-04-07 04:00:00;0.0;0.0;0.0;4.63;95.75;1.66;
2022-04-07 05:00:00;9.0;0.0;9.0;4.07;99.4;1.59;
2022-04-07 06:00:00;166.0;394.04;79.0;4.86;92.25;1.45;
2022-04-07 07:00:00;358.0;609.58;118.0;9.92;66.45;3.17;
2022-04-07 08:00:00;532.0;696.1;152.0;12.09;26.5;5.59;
2022-04-07 09:00:00;666.0;721.18;185.0;13.05;17.05;5.1;
2022-04-07 10:00:00;763.0;752.02;200.0;13.96;18.0;3.79;
2022-04-07 11:00:00;808.0;763.93;208.0;14.82;18.15;2.69;
2022-04-07 12:00:00;760.0;651.84;255.0;15.46;17.65;2.28;
2022-04-07 13:00:00;706.0;674.72;222.0;15.87;18.4;2.14;
2022-04-07 14:00:00;608.0;701.63;175.0;16.02;17.75;2.21;
2022-04-07 15:00:00;459.0;675.73;134.0;15.98;17.75;2.62;
2022-04-07 16:00:00;275.0;550.15;100.0;15.5;17.65;3.17;
2022-04-07 17:00:00;90.0;286.46;50.0;14.39;19.55;3.03;
2022-04-07 18:00:00;0.0;0.0;0.0;12.11;20.75;2.9;
2022-04-07 19:00:00;0.0;0.0;0.0;12.04;32.35;0.48;
2022-04-07 20:00:00;0.0;0.0;0.0;10.45;34.6;1.1;
2022-04-07 21:00:00;0.0;0.0;0.0;8.84;41.6;1.31;
2022-04-07 22:00:00;0.0;0.0;0.0;8.48;39.95;1.24;
2022-04-07 23:00:00;0.0;0.0;0.0;8.49;39.95;1.03;
2022-04-08 00:00:00;0.0;0.0;0.0;8.74;43.25;0.76;
2022-04-08 01:00:00;0.0;0.0;0.0;8.3;48.55;0.48;
2022-04-08 02:00:00;0.0;0.0;0.0;7.9;50.45;0.62;
2022-04-08 03:00:00;0.0;0.0;0.0;7.55;56.55;0.41;
2022-04-08 04:00:00;0.0;0.0;0.0;7.31;61.0;0.34;
2022-04-08 05:00:00;12.0;45.03;10.0;7.25;63.35;0.62;
2022-04-08 06:00:00;89.0;26.53;83.0;6.7;76.65;1.03;
2022-04-08 07:00:00;145.0;10.03;141.0;8.27;61.2;1.66;
2022-04-08 08:00:00;190.0;3.63;188.0;9.83;57.05;2.0;
2022-04-08 09:00:00;394.0;95.3;330.0;11.09;57.4;2.07;
2022-04-08 10:00:00;365.0;33.2;340.0;11.94;57.65;2.07;
2022-04-08 11:00:00;216.0;0.0;216.0;12.45;55.65;2.21;
2022-04-08 12:00:00;136.0;0.0;136.0;12.28;57.65;2.34;
2022-04-08 13:00:00;98.0;0.0;98.0;12.32;57.65;2.48;
2022-04-08 14:00:00;212.0;3.22;210.0;12.39;57.65;2.34;
2022-04-08 15:00:00;179.0;8.26;175.0;12.43;55.65;2.28;
2022-04-08 16:00:00;157.0;62.18;137.0;12.42;53.6;1.93;
2022-04-08 17:00:00;80.0;181.44;54.0;12.2;55.5;1.38;
2022-04-08 18:00:00;0.0;0.0;0.0;11.61;71.85;0.48;
2022-04-08 19:00:00;0.0;0.0;0.0;10.34;66.45;1.17;
2022-04-08 20:00:00;0.0;0.0;0.0;9.92;66.45;1.17;
2022-04-08 21:00:00;0.0;0.0;0.0;9.22;74.15;1.17;
2022-04-08 22:00:00;0.0;0.0;0.0;8.72;76.85;1.24;
2022-04-08 23:00:00;0.0;0.0;0.0;7.84;79.65;1.45;
2022-04-09 00:00:00;0.0;0.0;0.0;7.26;82.6;1.72;
2022-04-09 01:00:00;0.0;0.0;0.0;7.39;79.65;1.38;
2022-04-09 02:00:00;0.0;0.0;0.0;7.08;82.6;1.31;
2022-04-09 03:00:00;0.0;0.0;0.0;6.92;82.6;0.97;
2022-04-09 04:00:00;0.0;0.0;0.0;6.54;82.6;1.03;
2022-04-09 05:00:00;15.0;40.09;13.0;6.23;85.7;1.1;
2022-04-09 06:00:00;155.0;276.53;91.0;7.13;85.75;0.97;
2022-04-09 07:00:00;234.0;121.31;185.0;9.13;71.4;0.62;
2022-04-09 08:00:00;115.0;0.0;115.0;10.1;66.45;0.34;
2022-04-09 09:00:00;114.0;0.0;114.0;10.32;69.0;0.28;
2022-04-09 10:00:00;101.0;0.0;101.0;10.62;71.7;0.97;
2022-04-09 11:00:00;105.0;0.0;105.0;10.47;80.05;1.38;
2022-04-09 12:00:00;105.0;0.0;105.0;10.4;83.0;1.59;
2022-04-09 13:00:00;106.0;0.0;106.0;10.31;89.2;1.93;
2022-04-09 14:00:00;129.0;0.0;129.0;10.46;86.05;2.28;
2022-04-09 15:00:00;157.0;2.05;156.0;10.39;89.25;2.21;
2022-04-09 16:00:00;95.0;3.08;94.0;10.42;89.25;2.34;
2022-04-09 17:00:00;62.0;61.25;53.0;10.29;92.5;2.21;
2022-04-09 18:00:00;0.0;0.0;0.0;10.08;92.5;2.0;
2022-04-09 19:00:00;0.0;0.0;0.0;9.57;92.45;1.93;
2022-04-09 20:00:00;0.0;0.0;0.0;9.48;92.45;1.72;
2022-04-09 21:00:00;0.0;0.0;0.0;9.42;92.45;1.52;
2022-04-09 22:00:00;0.0;0.0;0.0;9.37;92.45;1.38;
2022-04-09 23:00:00;0.0;0.0;0.0;9.31;95.85;1.17;
2022-04-10 00:00:00;0.0;0.0;0.0;9.24;92.45;0.97;
2022-04-10 01:00:00;0.0;0.0;0.0;9.23;95.85;1.03;
2022-04-10 02:00:00;0.0;0.0;0.0;9.15;95.85;0.97;
2022-04-10 03:00:00;0.0;0.0;0.0;9.1;95.85;0.9;
2022-04-10 04:00:00;0.0;0.0;0.0;9.08;92.45;0.9;
2022-04-10 05:00:00;14.0;18.08;13.0;9.05;92.45;1.03;
2022-04-10 06:00:00;16.0;0.0;16.0;9.24;95.85;0.97;
2022-04-10 07:00:00;84.0;0.0;84.0;8.9;92.45;1.17;
2022-04-10 08:00:00;108.0;0.0;108.0;9.24;92.45;0.9;
2022-04-10 09:00:00;121.0;0.0;121.0;9.58;89.15;0.48;
2022-04-10 10:00:00;120.0;0.0;120.0;9.8;89.15;0.28;
2022-04-10 11:00:00;168.0;0.0;168.0;10.2;89.2;0.34;
2022-04-10 12:00:00;105.0;0.0;105.0;10.47;86.05;0.83;
2022-04-10 13:00:00;99.0;0.0;99.0;11.01;83.05;0.97;
2022-04-10 14:00:00;96.0;0.0;96.0;11.06;86.1;1.03;
2022-04-10 15:00:00;106.0;0.0;106.0;11.04;89.3;1.17;
2022-04-10 16:00:00;97.0;3.04;96.0;10.97;92.55;1.31;
2022-04-10 17:00:00;44.0;6.64;43.0;10.86;95.9;1.17;
2022-04-10 18:00:00;0.0;0.0;0.0;10.74;95.9;1.1;
2022-04-10 19:00:00;0.0;0.0;0.0;10.03;95.9;0.69;
2022-04-10 20:00:00;0.0;0.0;0.0;9.92;95.9;0.83;
2022-04-10 21:00:00;0.0;0.0;0.0;9.83;99.4;0.97;
2022-04-10 22:00:00;0.0;0.0;0.0;9.77;99.4;0.83;
2022-04-10 23:00:00;0.0;0.0;0.0;9.78;99.4;0.9;
2022-04-11 00:00:00;0.0;0.0;0.0;9.73;99.4;0.76;
2022-04-11 01:00:00;0.0;0.0;0.0;9.69;99.4;0.41;
2022-04-11 02:00:00;0.0;0.0;0.0;9.78;99.4;0.07;
2022-04-11 03:00:00;0.0;0.0;0.0;9.7;99.4;0.07;
2022-04-11 04:00:00;0.0;0.0;0.0;9.58;99.4;0.14;
2022-04-11 05:00:00;15.0;16.47;14.0;9.54;95.85;0.28;
2022-04-11 06:00:00;37.0;0.0;37.0;9.86;99.4;0.41;
2022-04-11 07:00:00;87.0;0.0;87.0;10.43;95.9;0.28;
2022-04-11 08:00:00;64.0;0.0;64.0;10.87;99.4;0.62;
2022-04-11 09:00:00;83.0;0.0;83.0;11.4;95.9;0.62;
2022-04-11 10:00:00;111.0;0.0;111.0;11.73;99.4;0.48;
2022-04-11 11:00:00;87.0;0.0;87.0;11.72;95.9;0.21;
2022-04-11 12:00:00;89.0;0.0;89.0;12.69;92.6;0.28;
2022-04-11 13:00:00;114.0;0.0;114.0;13.05;89.4;0.55;
2022-04-11 14:00:00;85.0;0.0;85.0;13.15;89.4;1.31;
2022-04-11 15:00:00;79.0;0.0;79.0;13.21;89.4;1.1;
2022-04-11 16:00:00;133.0;24.08;125.0;13.4;86.3;0.55;
2022-04-11 17:00:00;77.0;123.25;58.0;13.14;89.4;0.62;
2022-04-11 18:00:00;0.0;0.0;0.0;12.85;92.6;0.28;
2022-04-11 19:00:00;0.0;0.0;0.0;12.46;89.4;0.97;
2022-04-11 20:00:00;0.0;0.0;0.0;12.45;86.25;0.48;
2022-04-11 21:00:00;0.0;0.0;0.0;11.05;92.55;0.97;
2022-04-11 22:00:00;0.0;0.0;0.0;10.34;95.9;1.38;
2022-04-11 23:00:00;0.0;0.0;0.0;10.48;92.5;1.72;
2022-04-12 00:00:00;0.0;0.0;0.0;10.09;92.5;1.66;
2022-04-12 01:00:00;0.0;0.0;0.0;10.13;92.5;1.52;
2022-04-12 02:00:00;0.0;0.0;0.0;10.25;92.5;0.69;
2022-04-12 03:00:00;0.0;0.0;0.0;10.74;83.0;0.28;
2022-04-12 04:00:00;0.0;0.0;0.0;9.48;89.15;1.59;
2022-04-12 05:00:00;23.0;60.57;19.0;8.87;92.45;1.52;
2022-04-12 06:00:00;52.0;0.0;52.0;9.28;95.85;1.24;
2022-04-12 07:00:00;110.0;0.0;110.0;10.72;86.05;1.52;
2022-04-12 08:00:00;86.0;0.0;86.0;10.59;80.05;2.34;
2022-04-12 09:00:00;240.0;2.9;238.0;10.67;74.4;2.83;
2022-04-12 10:00:00;709.0;567.79;272.0;11.68;62.0;3.03;
2022-04-12 11:00:00;872.0;940.21;115.0;13.05;53.7;3.03;
2022-04-12 12:00:00;836.0;878.51;139.0;14.16;50.1;2.83;
2022-04-12 13:00:00;668.0;546.8;266.0;14.79;48.4;2.41;
2022-04-12 14:00:00;638.0;797.45;132.0;15.33;45.05;2.28;
2022-04-12 15:00:00;456.0;630.23;142.0;15.4;45.05;2.0;
2022-04-12 16:00:00;296.0;610.82;91.0;15.57;41.9;1.93;
2022-04-12 17:00:00;113.0;399.36;50.0;15.17;45.05;1.72;
2022-04-12 18:00:00;0.0;0.0;0.0;13.41;53.7;2.62;
2022-04-12 19:00:00;0.0;0.0;0.0;12.01;59.85;2.62;
2022-04-12 20:00:00;0.0;0.0;0.0;10.84;66.55;2.69;
2022-04-12 21:00:00;0.0;0.0;0.0;10.03;66.45;2.55;
2022-04-12 22:00:00;0.0;0.0;0.0;9.34;74.15;2.34;
2022-04-12 23:00:00;0.0;0.0;0.0;8.36;79.7;2.14;
2022-04-13 00:00:00;0.0;0.0;0.0;7.55;85.8;1.79;
2022-04-13 01:00:00;0.0;0.0;0.0;6.94;89.0;1.38;
2022-04-13 02:00:00;0.0;0.0;0.0;7.94;82.7;0.83;
2022-04-13 03:00:00;0.0;0.0;0.0;7.82;85.8;0.28;
2022-04-13 04:00:00;0.0;0.0;0.0;7.42;82.65;0.48;
2022-04-13 05:00:00;35.0;182.3;22.0;6.84;85.75;0.83;
2022-04-13 06:00:00;199.0;464.1;82.0;7.47;85.8;0.62;
2022-04-13 07:00:00;396.0;682.19;107.0;10.23;86.0;1.72;
2022-04-13 08:00:00;572.0;776.69;126.0;12.13;74.6;1.72;
2022-04-13 09:00:00;648.0;602.64;230.0;13.82;69.65;1.59;
2022-04-13 10:00:00;655.0;409.74;338.0;14.88;67.35;1.52;
2022-04-13 11:00:00;533.0;147.11;414.0;15.72;65.15;1.66;
2022-04-13 12:00:00;621.0;296.13;385.0;16.26;62.95;1.79;
2022-04-13 13:00:00;742.0;762.23;179.0;16.61;58.7;1.93;
2022-04-13 14:00:00;613.0;680.38;179.0;16.9;56.6;1.72;
2022-04-13 15:00:00;483.0;725.7;119.0;16.8;52.65;1.72;
2022-04-13 16:00:00;295.0;586.95;96.0;15.82;52.4;1.86;
2022-04-13 17:00:00;113.0;371.93;53.0;13.49;67.15;1.59;
2022-04-13 18:00:00;0.0;0.0;0.0;11.89;83.1;1.72;
2022-04-13 19:00:00;0.0;0.0;0.0;11.23;80.1;1.52;
2022-04-13 20:00:00;0.0;0.0;0.0;9.84;85.95;1.66;
2022-04-13 21:00:00;0.0;0.0;0.0;9.45;82.9;1.24;
2022-04-13 22:00:00;0.0;0.0;0.0;9.57;79.9;0.97;
2022-04-13 23:00:00;0.0;0.0;0.0;8.59;85.9;1.17;
2022-04-14 00:00:00;0.0;0.0;0.0;7.36;89.0;1.45;
2022-04-14 01:00:00;0.0;0.0;0.0;6.98;92.35;1.52;
2022-04-14 02:00:00;0.0;0.0;0.0;7.23;92.35;1.38;
2022-04-14 03:00:00;0.0;0.0;0.0;7.4;89.0;1.24;
2022-04-14 04:00:00;0.0;0.0;0.0;6.95;92.35;1.59;
2022-04-14 05:00:00;23.0;26.13;21.0;7.25;95.8;1.79;
2022-04-14 06:00:00;38.0;0.0;38.0;8.2;95.8;1.66;
2022-04-14 07:00:00;186.0;28.01;174.0;10.59;86.05;2.48;
2022-04-14 08:00:00;376.0;164.15;281.0;11.72;77.3;2.9;
2022-04-14 09:00:00;216.0;0.0;216.0;12.73;74.7;3.24;
2022-04-14 10:00:00;99.0;0.0;99.0;12.77;74.7;3.86;
2022-04-14 11:00:00;129.0;0.0;129.0;12.07;80.2;4.14;
2022-04-14 12:00:00;187.0;0.0;187.0;12.23;83.15;3.52;
2022-04-14 13:00:00;68.0;0.0;68.0;11.62;80.15;2.55;
2022-04-14 14:00:00;80.0;0.0;80.0;11.34;86.1;1.66;
2022-04-14 15:00:00;78.0;0.0;78.0;11.07;83.05;0.69;
2022-04-14 16:00:00;76.0;0.0;76.0;10.63;86.05;1.1;
2022-04-14 17:00:00;103.0;254.74;61.0;10.05;86.0;2.9;
2022-04-14 18:00:00;0.0;0.0;0.0;9.02;89.1;3.72;
2022-04-14 19:00:00;0.0;0.0;0.0;8.44;89.1;3.03;
2022-04-14 20:00:00;0.0;0.0;0.0;8.06;92.4;2.34;
2022-04-14 21:00:00;0.0;0.0;0.0;7.52;92.35;2.0;
2022-04-14 22:00:00;0.0;0.0;0.0;7.28;92.35;2.0;
2022-04-14 23:00:00;0.0;0.0;0.0;6.92;92.35;2.0;
2022-04-15 00:00:00;0.0;0.0;0.0;6.44;89.0;2.0;
2022-04-15 01:00:00;0.0;0.0;0.0;6.1;88.95;2.0;
2022-04-15 02:00:00;0.0;0.0;0.0;5.61;92.3;2.07;
2022-04-15 03:00:00;0.0;0.0;0.0;5.2;92.25;1.86;
2022-04-15 04:00:00;0.0;0.0;0.0;5.11;92.25;1.79;
2022-04-15 05:00:00;42.0;183.59;27.0;4.89;88.85;1.79;
2022-04-15 06:00:00;210.0;469.33;87.0;5.86;85.7;1.59;
2022-04-15 07:00:00;410.0;690.35;111.0;8.07;76.8;2.34;
2022-04-15 08:00:00;605.0;845.4;112.0;10.67;64.1;2.41;
2022-04-15 09:00:00;760.0;925.96;110.0;13.27;46.2;2.62;
2022-04-15 10:00:00;859.0;953.31;114.0;15.06;34.5;3.52;
2022-04-15 11:00:00;638.0;287.9;403.0;16.1;28.7;4.0;
2022-04-15 12:00:00;531.0;144.29;415.0;16.6;27.7;3.93;
2022-04-15 13:00:00;779.0;842.58;151.0;16.98;26.8;3.52;
2022-04-15 14:00:00;687.0;896.87;109.0;17.04;25.75;2.62;
2022-04-15 15:00:00;517.0;818.58;101.0;17.02;24.75;2.34;
2022-04-15 16:00:00;322.0;682.43;86.0;16.99;23.8;2.0;
2022-04-15 17:00:00;122.0;397.85;55.0;15.94;33.5;0.97;
2022-04-15 18:00:00;0.0;0.0;0.0;13.43;48.15;1.24;
2022-04-15 19:00:00;0.0;0.0;0.0;11.52;51.35;0.9;
2022-04-15 20:00:00;0.0;0.0;0.0;8.57;59.0;1.93;
2022-04-15 21:00:00;0.0;0.0;0.0;7.08;58.65;2.55;
2022-04-15 22:00:00;0.0;0.0;0.0;6.23;58.55;2.48;
2022-04-15 23:00:00;0.0;0.0;0.0;5.36;58.45;2.41;
2022-04-16 00:00:00;0.0;0.0;0.0;4.54;62.95;2.21;
2022-04-16 01:00:00;0.0;0.0;0.0;3.7;65.2;2.07;
2022-04-16 02:00:00;0.0;0.0;0.0;2.89;67.7;1.93;
2022-04-16 03:00:00;0.0;0.0;0.0;2.07;73.0;2.0;
2022-04-16 04:00:00;0.0;0.0;0.0;1.45;75.85;2.0;
2022-04-16 05:00:00;51.0;276.46;27.0;1.07;78.8;1.86;
2022-04-16 06:00:00;230.0;576.85;76.0;3.61;76.15;1.1;
2022-04-16 07:00:00;432.0;767.56;96.0;8.23;61.2;0.76;
2022-04-16 08:00:00;609.0;842.53;114.0;10.83;53.1;0.62;
2022-04-16 09:00:00;761.0;913.53;116.0;12.87;44.35;0.62;
2022-04-16 10:00:00;870.0;967.79;110.0;14.43;37.15;0.76;
2022-04-16 11:00:00;915.0;981.9;110.0;15.56;33.35;0.9;
2022-04-16 12:00:00;873.0;906.7;141.0;16.42;33.5;1.66;
2022-04-16 13:00:00;790.0;858.93;147.0;17.2;32.5;2.69;
2022-04-16 14:00:00;677.0;850.71;126.0;17.45;32.5;3.17;
2022-04-16 15:00:00;511.0;776.22;114.0;17.16;35.05;3.31;
2022-04-16 16:00:00;317.0;638.65;94.0;16.48;39.15;3.93;
2022-04-16 17:00:00;101.0;191.95;68.0;14.98;46.75;3.86;
2022-04-16 18:00:00;0.0;0.0;0.0;12.94;53.7;3.52;
2022-04-16 19:00:00;0.0;0.0;0.0;11.23;61.85;3.45;
2022-04-16 20:00:00;0.0;0.0;0.0;10.36;66.45;2.97;
2022-04-16 21:00:00;0.0;0.0;0.0;9.63;68.9;2.48;
2022-04-16 22:00:00;0.0;0.0;0.0;8.7;76.85;1.93;
2022-04-16 23:00:00;0.0;0.0;0.0;9.01;74.15;0.9;
2022-04-17 00:00:00;0.0;0.0;0.0;9.45;68.9;0.76;
2022-04-17 01:00:00;0.0;0.0;0.0;6.83;85.75;1.72;
2022-04-17 02:00:00;0.0;0.0;0.0;6.8;85.75;1.86;
2022-04-17 03:00:00;0.0;0.0;0.0;6.61;85.75;2.0;
2022-04-17 04:00:00;0.0;0.0;0.0;6.48;85.75;2.07;
2022-04-17 05:00:00;23.0;10.89;22.0;7.14;85.75;2.0;
2022-04-17 06:00:00;68.0;0.0;68.0;8.37;79.75;1.93;
2022-04-17 07:00:00;182.0;20.35;173.0;9.82;79.9;2.55;
2022-04-17 08:00:00;409.0;212.91;283.0;11.22;71.75;2.9;
2022-04-17 09:00:00;708.0;768.94;162.0;12.38;66.85;2.83;
2022-04-17 10:00:00;759.0;660.29;238.0;13.76;55.9;2.69;
2022-04-17 11:00:00;349.0;13.36;338.0;14.26;52.0;2.0;
2022-04-17 12:00:00;285.0;2.47;283.0;14.96;48.55;1.59;
2022-04-17 13:00:00;137.0;0.0;137.0;15.03;50.35;1.45;
2022-04-17 14:00:00;135.0;0.0;135.0;14.98;50.35;1.93;
2022-04-17 15:00:00;91.0;0.0;91.0;14.34;58.1;2.83;
2022-04-17 16:00:00;112.0;2.84;111.0;13.54;64.75;3.79;
2022-04-17 17:00:00;51.0;5.7;50.0;12.72;72.05;3.72;
2022-04-17 18:00:00;0.0;0.0;0.0;11.66;80.15;3.52;
2022-04-17 19:00:00;0.0;0.0;0.0;10.12;89.2;3.59;
2022-04-17 20:00:00;0.0;0.0;0.0;9.7;89.15;3.59;
2022-04-17 21:00:00;0.0;0.0;0.0;9.53;89.15;3.52;
2022-04-17 22:00:00;0.0;0.0;0.0;9.52;89.15;3.31;
2022-04-17 23:00:00;0.0;0.0;0.0;9.5;89.15;3.24;
2022-04-18 00:00:00;0.0;0.0;0.0;9.46;89.15;3.38;
2022-04-18 01:00:00;0.0;0.0;0.0;9.42;89.15;3.17;
2022-04-18 02:00:00;0.0;0.0;0.0;9.33;92.45;2.83;
2022-04-18 03:00:00;0.0;0.0;0.0;9.22;92.45;2.48;
2022-04-18 04:00:00;0.0;0.0;0.0;9.16;92.45;2.07;
2022-04-18 05:00:00;46.0;134.24;33.0;9.13;92.45;1.93;
2022-04-18 06:00:00;69.0;0.0;69.0;9.24;95.85;1.86;
2022-04-18 07:00:00;123.0;0.0;123.0;9.27;92.45;1.1;
2022-04-18 08:00:00;149.0;0.0;149.0;9.54;89.15;0.41;
2022-04-18 09:00:00;267.0;5.6;263.0;9.98;82.95;0.55;
2022-04-18 10:00:00;306.0;6.31;301.0;10.53;80.05;0.34;
2022-04-18 11:00:00;244.0;0.0;244.0;11.35;77.2;0.69;
2022-04-18 12:00:00;294.0;3.69;291.0;12.11;71.95;0.83;
2022-04-18 13:00:00;524.0;197.34;375.0;12.78;69.45;0.76;
2022-04-18 14:00:00;153.0;0.0;153.0;13.41;64.75;0.97;
2022-04-18 15:00:00;76.0;0.0;76.0;13.16;69.55;1.45;
2022-04-18 16:00:00;45.0;0.0;45.0;12.64;77.45;1.86;
2022-04-18 17:00:00;48.0;5.59;47.0;11.77;89.3;2.41;
2022-04-18 18:00:00;0.0;0.0;0.0;11.28;92.55;2.97;
2022-04-18 19:00:00;0.0;0.0;0.0;10.54;92.5;3.86;
2022-04-18 20:00:00;0.0;0.0;0.0;10.28;92.5;3.59;
2022-04-18 21:00:00;0.0;0.0;0.0;10.11;92.5;4.21;
2022-04-18 22:00:00;0.0;0.0;0.0;10.05;92.5;4.34;
2022-04-18 23:00:00;0.0;0.0;0.0;9.93;89.2;4.69;
2022-04-19 00:00:00;0.0;0.0;0.0;9.46;85.95;4.0;
2022-04-19 01:00:00;0.0;0.0;0.0;8.95;89.1;3.17;
2022-04-19 02:00:00;0.0;0.0;0.0;8.55;89.1;3.17;
2022-04-19 03:00:00;0.0;0.0;0.0;8.23;89.05;2.62;
2022-04-19 04:00:00;0.0;0.0;0.0;8.26;89.05;1.86;
2022-04-19 05:00:00;37.0;39.31;33.0;8.37;85.9;1.45;
2022-04-19 06:00:00;137.0;67.56;118.0;8.85;85.9;1.1;
2022-04-19 07:00:00;283.0;157.35;212.0;10.1;79.95;0.76;
2022-04-19 08:00:00;387.0;156.62;293.0;11.85;71.85;1.31;
2022-04-19 09:00:00;560.0;314.82;334.0;13.53;62.45;2.41;
2022-04-19 10:00:00;787.0;720.8;213.0;14.46;58.25;2.48;
2022-04-19 11:00:00;831.0;741.98;215.0;15.23;56.25;1.66;
2022-04-19 12:00:00;825.0;767.26;198.0;16.47;52.65;1.1;
2022-04-19 13:00:00;789.0;854.7;141.0;17.48;50.85;1.17;
2022-04-19 14:00:00;669.0;821.74;129.0;18.19;47.4;2.41;
2022-04-19 15:00:00;408.0;355.07;223.0;18.2;47.4;3.45;
2022-04-19 16:00:00;311.0;573.69;105.0;17.27;47.3;3.86;
2022-04-19 17:00:00;129.0;372.93;61.0;15.89;52.4;3.38;
2022-04-19 18:00:00;0.0;0.0;0.0;14.28;56.0;2.9;
2022-04-19 19:00:00;0.0;0.0;0.0;13.01;64.65;1.93;
2022-04-19 20:00:00;0.0;0.0;0.0;11.28;77.2;1.59;
2022-04-19 21:00:00;0.0;0.0;0.0;10.13;79.95;1.52;
2022-04-19 22:00:00;0.0;0.0;0.0;8.92;82.85;1.79;
2022-04-19 23:00:00;0.0;0.0;0.0;8.45;85.9;1.79;
2022-04-20 00:00:00;0.0;0.0;0.0;8.78;85.9;1.52;
2022-04-20 01:00:00;0.0;0.0;0.0;8.29;89.05;1.66;
2022-04-20 02:00:00;0.0;0.0;0.0;7.56;89.0;1.79;
2022-04-20 03:00:00;0.0;0.0;0.0;7.14;92.35;1.72;
2022-04-20 04:00:00;0.0;0.0;0.0;7.74;92.35;1.38;
2022-04-20 05:00:00;63.0;272.03;34.0;7.96;89.05;1.17;
2022-04-20 06:00:00;238.0;542.23;83.0;10.03;82.95;0.48;
2022-04-20 07:00:00;432.0;715.56;106.0;12.19;80.2;0.83;
2022-04-20 08:00:00;598.0;776.19;129.0;13.63;72.2;1.31;
2022-04-20 09:00:00;755.0;878.52;121.0;14.96;60.5;1.79;
2022-04-20 10:00:00;602.0;266.29;389.0;15.88;56.35;2.21;
2022-04-20 11:00:00;710.0;423.49;357.0;16.42;54.45;2.07;
2022-04-20 12:00:00;697.0;420.54;352.0;16.67;52.65;1.31;
2022-04-20 13:00:00;584.0;292.94;361.0;17.07;49.05;0.21;
2022-04-20 14:00:00;333.0;46.95;302.0;17.62;49.05;0.14;
2022-04-20 15:00:00;107.0;0.0;107.0;17.73;49.05;0.14;
2022-04-20 16:00:00;124.0;5.52;122.0;17.5;49.05;1.03;
2022-04-20 17:00:00;56.0;5.38;55.0;16.72;56.6;1.72;
2022-04-20 18:00:00;0.0;0.0;0.0;15.38;65.05;1.93;
2022-04-20 19:00:00;0.0;0.0;0.0;14.26;58.1;1.93;
2022-04-20 20:00:00;0.0;0.0;0.0;13.05;64.65;1.72;
2022-04-20 21:00:00;0.0;0.0;0.0;12.06;71.95;1.79;
2022-04-20 22:00:00;0.0;0.0;0.0;11.33;80.1;2.07;
2022-04-20 23:00:00;0.0;0.0;0.0;10.8;86.05;2.0;
2022-04-21 00:00:00;0.0;0.0;0.0;10.6;89.25;1.93;
2022-04-21 01:00:00;0.0;0.0;0.0;10.41;92.5;1.45;
2022-04-21 02:00:00;0.0;0.0;0.0;10.4;92.5;1.1;
2022-04-21 03:00:00;0.0;0.0;0.0;10.36;95.9;1.24;
2022-04-21 04:00:00;0.0;0.0;0.0;10.32;95.9;1.38;
2022-04-21 05:00:00;27.0;8.98;26.0;10.21;95.9;1.38;
2022-04-21 06:00:00;47.0;0.0;47.0;10.25;95.9;1.03;
2022-04-21 07:00:00;65.0;0.0;65.0;10.52;92.5;0.9;
2022-04-21 08:00:00;100.0;0.0;100.0;10.71;92.5;1.45;
2022-04-21 09:00:00;139.0;0.0;139.0;10.85;89.25;1.66;
2022-04-21 10:00:00;235.0;0.0;235.0;11.05;83.05;1.86;
2022-04-21 11:00:00;265.0;0.0;265.0;11.06;83.05;2.14;
2022-04-21 12:00:00;368.0;20.64;351.0;11.16;83.05;2.21;
2022-04-21 13:00:00;312.0;11.78;303.0;11.67;77.3;2.14;
2022-04-21 14:00:00;162.0;0.0;162.0;12.12;74.6;1.79;
2022-04-21 15:00:00;120.0;0.0;120.0;12.46;69.45;1.52;
2022-04-21 16:00:00;174.0;54.71;154.0;12.19;74.6;1.38;
2022-04-21 17:00:00;74.0;37.0;67.0;11.96;77.35;1.59;
2022-04-21 18:00:00;0.0;0.0;0.0;11.32;86.1;1.72;
2022-04-21 19:00:00;0.0;0.0;0.0;11.11;86.1;0.21;
2022-04-21 20:00:00;0.0;0.0;0.0;10.74;89.25;0.41;
2022-04-21 21:00:00;0.0;0.0;0.0;10.44;89.25;0.34;
2022-04-21 22:00:00;0.0;0.0;0.0;8.88;92.45;1.24;
2022-04-21 23:00:00;0.0;0.0;0.0;8.56;95.85;1.52;
2022-04-22 00:00:00;0.0;0.0;0.0;8.48;95.85;1.52;
2022-04-22 01:00:00;0.0;0.0;0.0;8.31;99.4;1.38;
2022-04-22 02:00:00;0.0;0.0;0.0;8.76;95.85;0.62;
2022-04-22 03:00:00;0.0;0.0;0.0;8.39;95.85;0.76;
2022-04-22 04:00:00;0.0;0.0;0.0;8.08;99.4;1.17;
2022-04-22 05:00:00;37.0;17.23;35.0;8.07;99.4;1.17;
2022-04-22 06:00:00;71.0;0.0;71.0;8.94;95.85;0.9;
2022-04-22 07:00:00;101.0;0.0;101.0;10.19;92.5;1.86;
2022-04-22 08:00:00;222.0;4.9;219.0;11.3;86.1;2.21;
2022-04-22 09:00:00;266.0;4.12;263.0;12.42;77.45;2.21;
2022-04-22 10:00:00;344.0;14.87;332.0;13.96;69.75;2.21;
2022-04-22 11:00:00;319.0;4.76;315.0;15.33;65.05;1.93;
2022-04-22 12:00:00;216.0;0.0;216.0;16.18;60.75;2.0;
2022-04-22 13:00:00;505.0;157.7;384.0;17.33;56.75;2.14;
2022-04-22 14:00:00;445.0;177.12;327.0;18.07;54.85;2.14;
2022-04-22 15:00:00;485.0;627.95;152.0;18.44;52.9;2.21;
2022-04-22 16:00:00;287.0;401.36;139.0;18.49;53.0;2.21;
2022-04-22 17:00:00;137.0;373.87;65.0;17.9;60.95;1.86;
2022-04-22 18:00:00;0.0;0.0;0.0;16.4;65.25;2.14;
2022-04-22 19:00:00;0.0;0.0;0.0;14.01;77.65;1.59;
2022-04-22 20:00:00;0.0;0.0;0.0;12.28;86.2;1.52;
2022-04-22 21:00:00;0.0;0.0;0.0;10.88;89.25;1.66;
2022-04-22 22:00:00;0.0;0.0;0.0;9.68;89.15;2.0;
2022-04-22 23:00:00;0.0;0.0;0.0;8.84;92.4;2.34;
2022-04-23 00:00:00;0.0;0.0;0.0;8.35;95.8;2.34;
2022-04-23 01:00:00;0.0;0.0;0.0;7.77;95.8;2.21;
2022-04-23 02:00:00;0.0;0.0;0.0;7.01;95.8;1.93;
2022-04-23 03:00:00;0.0;0.0;0.0;6.34;95.8;1.72;
2022-04-23 04:00:00;0.0;0.0;0.0;5.8;95.75;1.72;
2022-04-23 05:00:00;77.0;314.73;39.0;5.83;92.3;1.72;
2022-04-23 06:00:00;260.0;598.13;81.0;8.58;89.1;1.45;
2022-04-23 07:00:00;455.0;753.97;102.0;11.82;80.15;1.79;
2022-04-23 08:00:00;630.0;834.42;116.0;14.44;67.35;2.0;
2022-04-23 09:00:00;122.0;0.0;122.0;16.99;58.8;2.14;
2022-04-23 10:00:00;879.0;944.33;114.0;19.09;55.05;2.21;
2022-04-23 11:00:00;921.0;957.11;114.0;20.73;49.8;2.28;
2022-04-23 12:00:00;900.0;943.87;117.0;21.81;44.95;2.21;
2022-04-23 13:00:00;820.0;907.53;121.0;22.45;41.95;2.14;
2022-04-23 14:00:00;700.0;880.18;111.0;21.94;43.4;2.48;
2022-04-23 15:00:00;529.0;785.64;110.0;21.43;46.5;3.1;
2022-04-23 16:00:00;335.0;639.93;97.0;20.81;49.8;2.9;
2022-04-23 17:00:00;132.0;301.1;73.0;19.44;61.3;3.03;
2022-04-23 18:00:00;0.0;0.0;0.0;17.23;65.45;3.59;
2022-04-23 19:00:00;0.0;0.0;0.0;14.89;75.0;3.72;
2022-04-23 20:00:00;0.0;0.0;0.0;13.36;77.5;3.45;
2022-04-23 21:00:00;0.0;0.0;0.0;12.24;80.2;2.9;
2022-04-23 22:00:00;0.0;0.0;0.0;11.27;89.3;1.52;
2022-04-23 23:00:00;0.0;0.0;0.0;10.3;92.5;1.31;
2022-04-24 00:00:00;0.0;0.0;0.0;9.58;92.45;2.14;
2022-04-24 01:00:00;0.0;0.0;0.0;9.59;92.45;2.69;
2022-04-24 02:00:00;0.0;0.0;0.0;9.88;95.9;2.9;
2022-04-24 03:00:00;0.0;0.0;0.0;10.25;99.4;2.62;
2022-04-24 04:00:00;0.0;0.0;0.0;10.36;99.4;2.55;
2022-04-24 05:00:00;49.0;47.88;43.0;10.61;95.9;2.34;
2022-04-24 06:00:00;142.0;56.0;125.0;11.6;92.55;2.14;
2022-04-24 07:00:00;263.0;95.29;218.0;13.47;83.35;2.69;
2022-04-24 08:00:00;241.0;9.68;235.0;14.78;77.75;2.41;
2022-04-24 09:00:00;358.0;36.68;331.0;15.57;75.15;1.86;
2022-04-24 10:00:00;540.0;159.83;410.0;16.22;75.25;1.24;
2022-04-24 11:00:00;454.0;57.9;405.0;16.59;72.7;1.17;
2022-04-24 12:00:00;852.0;821.6;168.0;17.82;75.4;1.1;
2022-04-24 13:00:00;754.0;711.41;204.0;18.59;72.95;0.97;
2022-04-24 14:00:00;661.0;758.83;151.0;19.0;70.55;0.83;
2022-04-24 15:00:00;517.0;742.1;119.0;19.04;65.75;0.69;
2022-04-24 16:00:00;323.0;573.25;108.0;18.96;63.4;0.9;
2022-04-24 17:00:00;133.0;301.05;73.0;18.63;63.4;0.97;
2022-04-24 18:00:00;0.0;0.0;0.0;17.87;70.3;0.62;
2022-04-24 19:00:00;0.0;0.0;0.0;16.17;72.65;0.9;
2022-04-24 20:00:00;0.0;0.0;0.0;14.75;75.0;1.03;
2022-04-24 21:00:00;0.0;0.0;0.0;13.94;77.65;1.03;
2022-04-24 22:00:00;0.0;0.0;0.0;13.27;80.35;0.9;
2022-04-24 23:00:00;0.0;0.0;0.0;11.99;83.15;0.97;
2022-04-25 00:00:00;0.0;0.0;0.0;10.4;89.25;1.24;
2022-04-25 01:00:00;0.0;0.0;0.0;9.47;92.45;1.31;
2022-04-25 02:00:00;0.0;0.0;0.0;9.16;95.85;1.24;
2022-04-25 03:00:00;0.0;0.0;0.0;9.07;92.45;1.17;
2022-04-25 04:00:00;0.0;0.0;0.0;9.16;92.45;1.03;
2022-04-25 05:00:00;64.0;123.27;48.0;9.26;92.45;0.83;
2022-04-25 06:00:00;189.0;178.68;134.0;10.52;92.5;0.28;
2022-04-25 07:00:00;395.0;461.99;175.0;13.68;86.35;0.76;
2022-04-25 08:00:00;560.0;562.99;209.0;15.98;77.95;0.97;
2022-04-25 09:00:00;750.0;814.01;148.0;17.94;75.4;1.17;
2022-04-25 10:00:00;839.0;832.76;159.0;19.32;65.75;1.1;
2022-04-25 11:00:00;883.0;854.86;157.0;20.35;59.35;0.83;
2022-04-25 12:00:00;842.0;778.06;192.0;21.18;51.75;0.62;
2022-04-25 13:00:00;776.0;773.23;176.0;21.83;48.3;0.55;
2022-04-25 14:00:00;662.0;748.2;157.0;22.12;45.1;0.69;
2022-04-25 15:00:00;472.0;541.47;180.0;22.17;43.5;0.9;
2022-04-25 16:00:00;281.0;338.47;153.0;22.07;45.1;0.97;
2022-04-25 17:00:00;139.0;330.66;72.0;21.41;53.6;0.76;
2022-04-25 18:00:00;0.0;0.0;0.0;19.69;70.65;0.9;
2022-04-25 19:00:00;0.0;0.0;0.0;19.59;55.2;0.55;
2022-04-25 20:00:00;0.0;0.0;0.0;16.48;63.05;1.52;
2022-04-25 21:00:00;0.0;0.0;0.0;13.81;67.15;2.69;
2022-04-25 22:00:00;0.0;0.0;0.0;12.89;64.55;3.1;
2022-04-25 23:00:00;0.0;0.0;0.0;12.54;59.95;3.31;
2022-04-26 00:00:00;0.0;0.0;0.0;12.13;69.35;3.17;
2022-04-26 01:00:00;0.0;0.0;0.0;11.33;83.05;3.1;
2022-04-26 02:00:00;0.0;0.0;0.0;10.74;89.25;3.1;
2022-04-26 03:00:00;0.0;0.0;0.0;10.3;92.5;2.97;
2022-04-26 04:00:00;0.0;0.0;0.0;10.04;92.5;2.55;
2022-04-26 05:00:00;71.0;156.48;50.0;9.78;92.45;2.0;
2022-04-26 06:00:00;248.0;458.36;105.0;11.32;86.1;1.72;
2022-04-26 07:00:00;426.0;581.15;147.0;13.41;80.35;2.0;
2022-04-26 08:00:00;610.0;741.55;145.0;14.86;75.0;2.14;
2022-04-26 09:00:00;706.0;654.19;220.0;16.18;67.65;2.07;
2022-04-26 10:00:00;775.0;624.62;263.0;17.45;60.95;1.93;
2022-04-26 11:00:00;769.0;523.34;323.0;18.54;54.95;1.93;
2022-04-26 12:00:00;836.0;750.36;207.0;18.96;51.15;2.07;
2022-04-26 13:00:00;810.0;864.19;137.0;19.42;47.65;2.14;
2022-04-26 14:00:00;694.0;842.45;123.0;19.64;44.45;2.14;
2022-04-26 15:00:00;534.0;778.31;112.0;19.64;44.45;2.14;
2022-04-26 16:00:00;341.0;634.74;99.0;19.43;44.3;2.07;
2022-04-26 17:00:00;146.0;364.2;71.0;18.76;49.3;1.86;
2022-04-26 18:00:00;0.0;0.0;0.0;17.2;52.75;2.34;
2022-04-26 19:00:00;0.0;0.0;0.0;15.49;52.4;3.1;
2022-04-26 20:00:00;0.0;0.0;0.0;14.2;53.95;3.24;
2022-04-26 21:00:00;0.0;0.0;0.0;13.34;55.75;3.17;
2022-04-26 22:00:00;0.0;0.0;0.0;12.59;57.75;3.03;
2022-04-26 23:00:00;0.0;0.0;0.0;12.02;59.85;2.9;
2022-04-27 00:00:00;0.0;0.0;0.0;11.84;62.0;2.62;
2022-04-27 01:00:00;0.0;0.0;0.0;11.58;62.0;2.48;
2022-04-27 02:00:00;0.0;0.0;0.0;11.41;62.0;2.48;
2022-04-27 03:00:00;0.0;0.0;0.0;11.23;64.25;2.48;
2022-04-27 04:00:00;0.0;0.0;0.0;11.27;64.25;2.41;
2022-04-27 05:00:00;66.0;101.06;52.0;11.43;64.35;2.14;
2022-04-27 06:00:00;244.0;408.15;115.0;12.05;66.85;1.72;
2022-04-27 07:00:00;464.0;731.57;110.0;13.57;62.45;1.79;
2022-04-27 08:00:00;571.0;572.47;210.0;15.39;54.25;1.86;
2022-04-27 09:00:00;767.0;834.92;144.0;16.57;48.9;1.79;
2022-04-27 10:00:00;874.0;900.63;133.0;17.44;49.05;1.79;
2022-04-27 11:00:00;929.0;949.58;117.0;18.18;47.4;1.72;
2022-04-27 12:00:00;873.0;847.75;160.0;18.92;45.85;1.52;
2022-04-27 13:00:00;801.0;826.6;155.0;19.18;44.3;1.24;
2022-04-27 14:00:00;629.0;600.97;220.0;19.28;44.3;1.03;
2022-04-27 15:00:00;501.0;629.25;158.0;19.13;44.3;0.9;
2022-04-27 16:00:00;243.0;179.54;174.0;19.01;44.3;0.76;
2022-04-27 17:00:00;100.0;76.48;84.0;18.57;49.3;0.83;
2022-04-27 18:00:00;5.0;0.0;5.0;17.41;63.2;1.03;
2022-04-27 19:00:00;0.0;0.0;0.0;15.3;62.75;2.14;
2022-04-27 20:00:00;0.0;0.0;0.0;13.74;69.65;1.93;
2022-04-27 21:00:00;0.0;0.0;0.0;12.46;72.05;1.66;
2022-04-27 22:00:00;0.0;0.0;0.0;11.37;80.1;1.59;
2022-04-27 23:00:00;0.0;0.0;0.0;10.26;86.0;1.66;
2022-04-28 00:00:00;0.0;0.0;0.0;9.65;85.95;1.66;
2022-04-28 01:00:00;0.0;0.0;0.0;9.07;89.1;1.59;
2022-04-28 02:00:00;0.0;0.0;0.0;8.91;89.1;1.45;
2022-04-28 03:00:00;0.0;0.0;0.0;8.73;89.1;1.31;
2022-04-28 04:00:00;0.0;0.0;0.0;9.15;85.95;0.97;
2022-04-28 05:00:00;86.0;245.12;51.0;9.43;82.9;0.48;
2022-04-28 06:00:00;220.0;274.95;132.0;10.98;86.1;0.21;
2022-04-28 07:00:00;442.0;635.75;132.0;13.83;72.2;0.21;
2022-04-28 08:00:00;374.0;107.25;306.0;15.83;62.85;0.76;
2022-04-28 09:00:00;468.0;129.44;371.0;17.29;54.7;1.38;
2022-04-28 10:00:00;543.0;155.01;415.0;18.53;49.3;1.72;
2022-04-28 11:00:00;596.0;192.32;431.0;19.5;46.1;2.28;
2022-04-28 12:00:00;557.0;156.44;425.0;20.14;43.0;2.97;
2022-04-28 13:00:00;477.0;112.21;389.0;20.19;41.45;3.38;
2022-04-28 14:00:00;369.0;68.78;322.0;19.8;41.3;3.93;
2022-04-28 15:00:00;201.0;7.3;197.0;18.91;42.6;4.07;
2022-04-28 16:00:00;104.0;0.0;104.0;17.93;45.55;3.86;
2022-04-28 17:00:00;47.0;0.0;47.0;16.93;47.15;3.86;
2022-04-28 18:00:00;3.0;0.0;3.0;15.57;50.5;3.72;
2022-04-28 19:00:00;0.0;0.0;0.0;14.61;52.15;2.69;
2022-04-28 20:00:00;0.0;0.0;0.0;13.81;55.9;2.69;
2022-04-28 21:00:00;0.0;0.0;0.0;13.14;60.05;2.34;
2022-04-28 22:00:00;0.0;0.0;0.0;12.89;62.2;2.34;
2022-04-28 23:00:00;0.0;0.0;0.0;12.77;62.2;2.41;
2022-04-29 00:00:00;0.0;0.0;0.0;12.64;64.55;2.48;
2022-04-29 01:00:00;0.0;0.0;0.0;12.08;69.35;2.76;
2022-04-29 02:00:00;0.0;0.0;0.0;10.88;86.05;2.62;
2022-04-29 03:00:00;0.0;0.0;0.0;10.45;86.05;2.34;
2022-04-29 04:00:00;0.0;0.0;0.0;10.25;89.2;1.72;
2022-04-29 05:00:00;9.0;0.0;9.0;10.06;89.2;1.52;
2022-04-29 06:00:00;158.0;67.91;136.0;10.54;89.25;1.59;
2022-04-29 07:00:00;110.0;0.0;110.0;11.49;80.15;1.38;
2022-04-29 08:00:00;138.0;0.0;138.0;12.34;74.6;1.1;
2022-04-29 09:00:00;150.0;0.0;150.0;13.38;67.05;0.69;
2022-04-29 10:00:00;298.0;3.62;295.0;14.44;60.4;0.69;
2022-04-29 11:00:00;264.0;0.0;264.0;15.49;58.45;1.1;
2022-04-29 12:00:00;421.0;38.99;388.0;16.27;56.5;1.52;
2022-04-29 13:00:00;649.0;390.15;342.0;16.57;54.6;1.59;
2022-04-29 14:00:00;682.0;784.23;144.0;17.01;52.75;1.59;
2022-04-29 15:00:00;423.0;339.52;236.0;17.3;52.75;1.66;
2022-04-29 16:00:00;218.0;107.59;176.0;17.21;52.75;1.66;
2022-04-29 17:00:00;84.0;32.45;77.0;17.13;52.75;1.86;
2022-04-29 18:00:00;7.0;0.0;7.0;16.06;58.6;1.72;
2022-04-29 19:00:00;0.0;0.0;0.0;14.38;67.25;1.79;
2022-04-29 20:00:00;0.0;0.0;0.0;13.22;74.75;1.86;
2022-04-29 21:00:00;0.0;0.0;0.0;12.59;77.45;1.86;
2022-04-29 22:00:00;0.0;0.0;0.0;11.99;80.2;1.66;
2022-04-29 23:00:00;0.0;0.0;0.0;11.38;89.3;1.31;
2022-04-30 00:00:00;0.0;0.0;0.0;11.38;86.1;1.03;
2022-04-30 01:00:00;0.0;0.0;0.0;10.88;89.25;1.03;
2022-04-30 02:00:00;0.0;0.0;0.0;10.12;92.5;1.31;
2022-04-30 03:00:00;0.0;0.0;0.0;9.73;95.85;1.38;
2022-04-30 04:00:00;0.0;0.0;0.0;9.76;95.85;1.45;
2022-04-30 05:00:00;54.0;26.48;50.0;10.37;95.9;1.45;
2022-04-30 06:00:00;200.0;167.78;145.0;11.81;86.15;1.79;
2022-04-30 07:00:00;357.0;272.83;222.0;12.71;80.3;2.9;
2022-04-30 08:00:00;340.0;63.99;299.0;14.4;67.25;3.59;
2022-04-30 09:00:00;776.0;841.76;140.0;15.56;56.35;3.86;
2022-04-30 10:00:00;878.0;894.75;134.0;16.42;52.5;3.93;
2022-04-30 11:00:00;812.0;609.21;286.0;17.34;47.3;4.41;
2022-04-30 12:00:00;428.0;41.22;393.0;17.6;45.55;4.62;
2022-04-30 13:00:00;204.0;0.0;204.0;17.7;45.55;4.9;
2022-04-30 14:00:00;244.0;2.9;242.0;17.39;45.55;4.97;
2022-04-30 15:00:00;119.0;0.0;119.0;17.37;47.3;4.97;
2022-04-30 16:00:00;169.0;30.51;157.0;14.85;53.33;3.64;
2022-04-30 17:00:00;80.0;22.84;75.0;14.67;57.01;3.45;
2022-04-30 18:00:00;9.0;23.73;8.0;14.48;60.69;3.26;
2022-04-30 19:00:00;0.0;0.0;0.0;14.3;64.37;3.06;
2022-04-30 20:00:00;0.0;0.0;0.0;14.12;68.05;2.87;
2022-04-30 21:00:00;0.0;0.0;0.0;13.93;71.73;2.68;
2022-04-30 22:00:00;0.0;0.0;0.0;13.75;75.41;2.48;
2022-04-30 23:00:00;0.0;0.0;0.0;13.56;79.09;2.29;
2022-05-01 00:00:00;0.0;0.0;0.0;13.38;82.77;2.1;
2022-05-01 01:00:00;0.0;0.0;0.0;13.2;86.45;1.9;
2022-05-01 02:00:00;0.0;0.0;0.0;13.01;90.13;1.71;
2022-05-01 03:00:00;0.0;0.0;0.0;12.83;93.81;1.52;
2022-05-01 04:00:00;0.0;0.0;0.0;12.65;97.49;1.33;
2022-05-01 05:00:00;72.0;90.29;58.0;12.46;100.0;1.13;
2022-05-01 06:00:00;93.0;0.0;93.0;12.28;100.0;0.94;
2022-05-01 07:00:00;41.0;0.0;41.0;12.09;100.0;0.75;
2022-05-01 08:00:00;121.0;0.0;121.0;15.04;89.55;1.1;
2022-05-01 09:00:00;137.0;0.0;137.0;15.6;86.5;1.17;
2022-05-01 10:00:00;141.0;0.0;141.0;16.53;78.0;1.52;
2022-05-01 11:00:00;166.0;0.0;166.0;16.84;78.0;1.72;
2022-05-01 12:00:00;173.0;0.0;173.0;16.76;78.0;1.79;
2022-05-01 13:00:00;135.0;0.0;135.0;16.75;80.8;2.34;
2022-05-01 14:00:00;129.0;0.0;129.0;16.85;80.8;2.14;
2022-05-01 15:00:00;73.0;0.0;73.0;16.48;83.65;1.24;
2022-05-01 16:00:00;37.0;0.0;37.0;15.98;86.55;1.66;
2022-05-01 17:00:00;26.0;0.0;26.0;15.52;86.5;2.41;
2022-05-01 18:00:00;11.0;21.94;10.0;14.77;92.7;2.76;
2022-05-01 19:00:00;0.0;0.0;0.0;13.98;92.7;2.48;
2022-05-01 20:00:00;0.0;0.0;0.0;13.88;95.95;1.93;
2022-05-01 21:00:00;0.0;0.0;0.0;13.49;92.65;1.59;
2022-05-01 22:00:00;0.0;0.0;0.0;13.19;95.95;2.07;
2022-05-01 23:00:00;0.0;0.0;0.0;12.86;95.95;2.14;
2022-05-02 00:00:00;0.0;0.0;0.0;12.56;92.6;1.66;
2022-05-02 01:00:00;0.0;0.0;0.0;12.36;95.95;1.52;
2022-05-02 02:00:00;0.0;0.0;0.0;12.06;95.95;1.31;
2022-05-02 03:00:00;0.0;0.0;0.0;11.59;95.9;0.83;
2022-05-02 04:00:00;0.0;0.0;0.0;11.84;99.4;0.41;
2022-05-02 05:00:00;46.0;6.29;45.0;12.18;95.95;0.21;
2022-05-02 06:00:00;225.0;247.61;142.0;12.72;92.6;0.48;
2022-05-02 07:00:00;380.0;332.88;213.0;13.03;86.3;0.69;
2022-05-02 08:00:00;551.0;468.27;248.0;13.96;80.45;0.97;
2022-05-02 09:00:00;518.0;187.8;375.0;14.75;77.75;1.72;
2022-05-02 10:00:00;417.0;40.62;383.0;15.87;72.55;1.79;
2022-05-02 11:00:00;596.0;184.2;436.0;16.57;65.35;1.52;
2022-05-02 12:00:00;566.0;159.22;430.0;17.22;65.45;1.1;
2022-05-02 13:00:00;725.0;565.09;276.0;17.92;65.45;1.03;
2022-05-02 14:00:00;460.0;174.37;339.0;18.39;63.3;1.45;
2022-05-02 15:00:00;517.0;658.25;149.0;18.68;59.05;2.28;
2022-05-02 16:00:00;357.0;633.77;104.0;18.32;61.05;2.97;
2022-05-02 17:00:00;104.0;66.6;89.0;17.41;63.2;3.03;
2022-05-02 18:00:00;13.0;40.82;11.0;16.0;67.65;2.34;
2022-05-02 19:00:00;0.0;0.0;0.0;14.61;72.4;2.76;
2022-05-02 20:00:00;0.0;0.0;0.0;13.44;77.6;2.9;
2022-05-02 21:00:00;0.0;0.0;0.0;12.53;80.3;2.83;
2022-05-02 22:00:00;0.0;0.0;0.0;11.71;86.15;2.55;
2022-05-02 23:00:00;0.0;0.0;0.0;10.89;89.25;2.41;
2022-05-03 00:00:00;0.0;0.0;0.0;10.4;89.25;2.48;
2022-05-03 01:00:00;0.0;0.0;0.0;10.02;92.5;2.55;
2022-05-03 02:00:00;0.0;0.0;0.0;9.8;92.45;2.48;
2022-05-03 03:00:00;0.0;0.0;0.0;9.56;92.45;2.34;
2022-05-03 04:00:00;0.0;0.0;0.0;9.34;95.85;2.14;
2022-05-03 05:00:00;112.0;356.24;54.0;9.29;95.85;1.72;
2022-05-03 06:00:00;296.0;596.25;94.0;11.48;86.15;1.79;
2022-05-03 07:00:00;481.0;716.84;119.0;13.74;83.35;2.62;
2022-05-03 08:00:00;659.0;818.32;127.0;15.76;72.55;2.76;
2022-05-03 09:00:00;799.0;871.43;133.0;17.42;67.85;2.9;
2022-05-03 10:00:00;884.0;877.74;147.0;18.81;63.4;2.97;
2022-05-03 11:00:00;923.0;888.47;149.0;19.94;57.2;2.9;
2022-05-03 12:00:00;900.0;872.03;153.0;20.71;53.5;2.76;
2022-05-03 13:00:00;826.0;849.4;149.0;21.16;49.95;2.76;
2022-05-03 14:00:00;704.0;806.94;142.0;21.35;49.95;3.17;
2022-05-03 15:00:00;547.0;747.67;127.0;20.82;51.65;3.72;
2022-05-03 16:00:00;363.0;641.66;105.0;20.03;55.3;4.14;
2022-05-03 17:00:00;173.0;442.31;72.0;18.77;61.2;3.72;
2022-05-03 18:00:00;20.0;114.55;14.0;16.93;65.35;3.45;
2022-05-03 19:00:00;0.0;0.0;0.0;14.61;69.85;3.38;
2022-05-03 20:00:00;0.0;0.0;0.0;13.23;74.75;3.17;
2022-05-03 21:00:00;0.0;0.0;0.0;12.25;77.35;3.03;
2022-05-03 22:00:00;0.0;0.0;0.0;11.67;80.15;2.97;
2022-05-03 23:00:00;0.0;0.0;0.0;11.15;86.1;2.83;
2022-05-04 00:00:00;0.0;0.0;0.0;10.8;89.25;2.69;
2022-05-04 01:00:00;0.0;0.0;0.0;10.52;89.25;2.55;
2022-05-04 02:00:00;0.0;0.0;0.0;10.42;89.25;2.28;
2022-05-04 03:00:00;0.0;0.0;0.0;10.12;92.5;2.07;
2022-05-04 04:00:00;0.0;0.0;0.0;9.66;95.85;1.79;
2022-05-04 05:00:00;110.0;312.2;58.0;9.6;95.85;1.31;
2022-05-04 06:00:00;294.0;575.57;97.0;12.27;86.2;1.31;
2022-05-04 07:00:00;476.0;690.66;125.0;14.54;75.0;2.83;
2022-05-04 08:00:00;644.0;768.66;142.0;16.13;70.1;3.24;
2022-05-04 09:00:00;739.0;687.08;212.0;17.47;63.2;3.52;
2022-05-04 10:00:00;618.0;243.4;413.0;17.95;63.2;3.52;
2022-05-04 11:00:00;856.0;706.26;239.0;18.33;61.05;4.0;
2022-05-04 12:00:00;877.0;816.04;176.0;18.65;59.05;4.62;
2022-05-04 13:00:00;810.0;808.05;164.0;18.72;59.05;5.1;
2022-05-04 14:00:00;686.0;753.97;159.0;18.36;58.9;5.24;
2022-05-04 15:00:00;528.0;676.82;146.0;17.79;58.8;5.1;
2022-05-04 16:00:00;357.0;607.5;111.0;17.29;58.8;4.97;
2022-05-04 17:00:00;128.0;138.26;96.0;16.75;60.85;4.41;
2022-05-04 18:00:00;24.0;143.54;16.0;15.84;65.15;3.79;
2022-05-04 19:00:00;0.0;0.0;0.0;14.7;67.35;4.07;
2022-05-04 20:00:00;0.0;0.0;0.0;14.12;69.75;3.45;
2022-05-04 21:00:00;0.0;0.0;0.0;13.77;74.85;3.1;
2022-05-04 22:00:00;0.0;0.0;0.0;13.53;74.85;2.83;
2022-05-04 23:00:00;0.0;0.0;0.0;13.43;74.85;2.69;
2022-05-05 00:00:00;0.0;0.0;0.0;13.21;77.5;2.62;
2022-05-05 01:00:00;0.0;0.0;0.0;13.09;77.5;2.55;
2022-05-05 02:00:00;0.0;0.0;0.0;12.62;80.3;2.55;
2022-05-05 03:00:00;0.0;0.0;0.0;12.31;86.2;2.62;
2022-05-05 04:00:00;0.0;0.0;0.0;12.24;86.2;2.48;
2022-05-05 05:00:00;112.0;305.49;60.0;12.15;86.2;2.48;
2022-05-05 06:00:00;263.0;387.66;129.0;13.09;83.25;2.34;
2022-05-05 07:00:00;221.0;25.42;208.0;15.3;75.1;3.66;
2022-05-05 08:00:00;328.0;48.78;296.0;16.3;70.1;4.14;
2022-05-05 09:00:00;401.0;54.57;359.0;17.3;67.85;4.34;
2022-05-05 10:00:00;416.0;37.88;384.0;18.32;63.3;4.83;
2022-05-05 11:00:00;697.0;333.33;405.0;18.73;61.2;4.83;
2022-05-05 12:00:00;594.0;189.23;431.0;19.23;59.15;5.31;
2022-05-05 13:00:00;554.0;197.05;396.0;19.35;59.15;5.1;
2022-05-05 14:00:00;483.0;205.29;339.0;19.62;59.25;4.9;
2022-05-05 15:00:00;48.0;0.0;48.0;18.86;63.4;4.83;
2022-05-05 16:00:00;50.0;0.0;50.0;17.84;67.85;3.72;
2022-05-05 17:00:00;145.0;217.48;94.0;16.76;72.7;1.45;
2022-05-05 18:00:00;20.0;50.8;17.0;15.93;77.85;0.76;
2022-05-05 19:00:00;0.0;0.0;0.0;14.97;80.6;0.48;
2022-05-05 20:00:00;0.0;0.0;0.0;13.66;86.35;1.03;
2022-05-05 21:00:00;0.0;0.0;0.0;12.88;89.4;1.59;
2022-05-05 22:00:00;0.0;0.0;0.0;12.44;89.4;1.72;
2022-05-05 23:00:00;0.0;0.0;0.0;12.08;89.35;1.38;
2022-05-06 00:00:00;0.0;0.0;0.0;11.63;92.55;1.38;
2022-05-06 01:00:00;0.0;0.0;0.0;10.98;92.55;1.52;
2022-05-06 02:00:00;0.0;0.0;0.0;10.79;95.9;1.45;
2022-05-06 03:00:00;0.0;0.0;0.0;11.01;92.55;1.17;
2022-05-06 04:00:00;0.0;0.0;0.0;10.62;95.9;1.31;
2022-05-06 05:00:00;67.0;34.52;61.0;10.82;99.4;1.59;
2022-05-06 06:00:00;141.0;22.92;133.0;13.18;92.65;1.38;
2022-05-06 07:00:00;405.0;381.03;209.0;14.41;83.4;1.45;
2022-05-06 08:00:00;532.0;385.56;278.0;15.7;75.15;1.59;
2022-05-06 09:00:00;627.0;371.62;340.0;16.82;67.75;1.52;
2022-05-06 10:00:00;764.0;532.36;313.0;17.42;65.45;1.45;
2022-05-06 11:00:00;782.0;504.36;339.0;18.14;63.3;1.03;
2022-05-06 12:00:00;630.0;237.36;425.0;18.61;61.2;1.38;
2022-05-06 13:00:00;622.0;307.15;375.0;18.68;61.2;2.41;
2022-05-06 14:00:00;161.0;0.0;161.0;17.73;67.85;2.9;
2022-05-06 15:00:00;271.0;40.38;248.0;16.97;67.85;2.83;
2022-05-06 16:00:00;178.0;31.66;165.0;16.94;70.2;2.14;
2022-05-06 17:00:00;103.0;50.52;91.0;16.51;70.2;1.52;
2022-05-06 18:00:00;17.0;32.07;15.0;15.42;77.8;0.62;
2022-05-06 19:00:00;0.0;0.0;0.0;14.6;80.55;1.66;
2022-05-06 20:00:00;0.0;0.0;0.0;13.76;86.35;1.38;
2022-05-06 21:00:00;0.0;0.0;0.0;12.87;92.6;1.1;
2022-05-06 22:00:00;0.0;0.0;0.0;12.4;95.95;1.24;
2022-05-06 23:00:00;0.0;0.0;0.0;11.58;95.9;1.66;
2022-05-07 00:00:00;0.0;0.0;0.0;10.97;95.9;1.79;
2022-05-07 01:00:00;0.0;0.0;0.0;10.5;95.9;1.79;
2022-05-07 02:00:00;0.0;0.0;0.0;9.82;99.4;1.86;
2022-05-07 03:00:00;0.0;0.0;0.0;9.11;99.4;1.66;
2022-05-07 04:00:00;0.0;0.0;0.0;8.49;99.4;1.52;
2022-05-07 05:00:00;128.0;394.87;58.0;8.84;99.4;1.1;
2022-05-07 06:00:00;311.0;610.45;96.0;11.34;95.9;1.1;
2022-05-07 07:00:00;496.0;724.83;121.0;13.67;89.45;1.72;
2022-05-07 08:00:00;667.0;804.22;135.0;15.63;77.85;1.38;
2022-05-07 09:00:00;804.0;853.11;143.0;17.2;67.85;0.83;
2022-05-07 10:00:00;872.0;821.62;174.0;18.51;63.4;0.07;
2022-05-07 11:00:00;915.0;846.0;170.0;19.69;59.25;0.41;
2022-05-07 12:00:00;892.0;826.87;176.0;20.52;53.5;0.83;
2022-05-07 13:00:00;815.0;791.13;177.0;21.19;49.95;1.1;
2022-05-07 14:00:00;697.0;751.86;166.0;21.55;46.6;1.24;
2022-05-07 15:00:00;541.0;690.36;146.0;21.53;44.95;1.38;
2022-05-07 16:00:00;374.0;643.57;108.0;21.35;46.5;1.38;
2022-05-07 17:00:00;180.0;407.4;82.0;20.62;51.65;1.17;
2022-05-07 18:00:00;30.0;167.63;19.0;19.38;61.3;1.1;
2022-05-07 19:00:00;0.0;0.0;0.0;16.89;70.2;2.48;
2022-05-07 20:00:00;0.0;0.0;0.0;15.6;75.15;2.55;
2022-05-07 21:00:00;0.0;0.0;0.0;14.5;77.75;2.28;
2022-05-07 22:00:00;0.0;0.0;0.0;13.48;83.35;1.59;
2022-05-07 23:00:00;0.0;0.0;0.0;13.55;83.35;0.55;
2022-05-08 00:00:00;0.0;0.0;0.0;13.18;86.3;0.62;
2022-05-08 01:00:00;0.0;0.0;0.0;11.57;92.55;1.24;
2022-05-08 02:00:00;0.0;0.0;0.0;10.92;95.9;1.52;
2022-05-08 03:00:00;0.0;0.0;0.0;10.37;99.4;1.45;
2022-05-08 04:00:00;0.0;0.0;0.0;10.23;99.4;1.17;
2022-05-08 05:00:00;92.0;116.24;71.0;11.02;99.35;0.62;
2022-05-08 06:00:00;253.0;306.75;144.0;12.52;92.6;0.69;
2022-05-08 07:00:00;352.0;215.28;240.0;14.32;83.4;0.34;
2022-05-08 08:00:00;432.0;165.62;322.0;15.6;75.15;0.41;
2022-05-08 09:00:00;657.0;437.44;317.0;16.66;70.2;0.34;
2022-05-08 10:00:00;728.0;442.57;351.0;17.49;67.85;0.69;
2022-05-08 11:00:00;807.0;560.7;312.0;18.37;63.3;1.03;
2022-05-08 12:00:00;767.0;498.78;334.0;19.25;59.15;1.45;
2022-05-08 13:00:00;688.0;443.93;329.0;20.17;53.35;1.79;
2022-05-08 14:00:00;136.0;0.0;136.0;20.34;51.5;2.28;
2022-05-08 15:00:00;233.0;15.66;224.0;20.38;49.7;2.34;
2022-05-08 16:00:00;238.0;120.18;188.0;19.91;53.25;1.79;
2022-05-08 17:00:00;39.0;0.0;39.0;19.21;59.15;1.52;
2022-05-08 18:00:00;15.0;0.0;15.0;18.04;65.55;1.66;
2022-05-08 19:00:00;0.0;0.0;0.0;16.2;72.65;1.31;
2022-05-08 20:00:00;0.0;0.0;0.0;14.9;80.55;1.45;
2022-05-08 21:00:00;0.0;0.0;0.0;14.07;80.45;1.93;
2022-05-08 22:00:00;0.0;0.0;0.0;13.76;83.35;2.14;
2022-05-08 23:00:00;0.0;0.0;0.0;13.28;86.3;2.07;
2022-05-09 00:00:00;0.0;0.0;0.0;12.95;86.3;2.0;
2022-05-09 01:00:00;0.0;0.0;0.0;12.51;89.4;1.86;
2022-05-09 02:00:00;0.0;0.0;0.0;12.21;92.6;1.79;
2022-05-09 03:00:00;0.0;0.0;0.0;11.85;95.9;1.72;
2022-05-09 04:00:00;0.0;0.0;0.0;11.94;92.6;1.24;
2022-05-09 05:00:00;77.0;48.92;68.0;12.3;95.95;1.1;
2022-05-09 06:00:00;177.0;69.76;152.0;13.91;89.45;1.93;
2022-05-09 07:00:00;397.0;340.32;219.0;15.06;83.5;2.28;
2022-05-09 08:00:00;621.0;656.95;183.0;16.58;72.7;2.21;
2022-05-09 09:00:00;744.0;686.22;209.0;17.86;70.3;2.41;
2022-05-09 10:00:00;793.0;607.67;274.0;19.02;63.5;2.14;
2022-05-09 11:00:00;813.0;578.54;301.0;20.15;59.35;2.14;
2022-05-09 12:00:00;778.0;527.43;319.0;20.79;59.5;2.41;
2022-05-09 13:00:00;771.0;672.11;226.0;21.05;57.55;2.07;
2022-05-09 14:00:00;560.0;353.07;309.0;21.21;57.55;1.86;
2022-05-09 15:00:00;507.0;561.37;183.0;21.24;57.55;1.93;
2022-05-09 16:00:00;363.0;589.86;116.0;21.32;57.55;2.07;
2022-05-09 17:00:00;181.0;401.69;82.0;21.03;59.6;2.14;
2022-05-09 18:00:00;33.0;138.8;23.0;19.68;68.2;2.21;
2022-05-09 19:00:00;0.0;0.0;0.0;17.58;75.4;2.9;
2022-05-09 20:00:00;0.0;0.0;0.0;16.19;80.75;2.76;
2022-05-09 21:00:00;0.0;0.0;0.0;15.1;83.5;2.48;
2022-05-09 22:00:00;0.0;0.0;0.0;14.21;89.5;2.28;
2022-05-09 23:00:00;0.0;0.0;0.0;13.42;89.45;2.07;
2022-05-10 00:00:00;0.0;0.0;0.0;12.71;92.6;2.0;
2022-05-10 01:00:00;0.0;0.0;0.0;12.06;95.95;1.79;
2022-05-10 02:00:00;0.0;0.0;0.0;11.35;99.35;1.59;
2022-05-10 03:00:00;0.0;0.0;0.0;11.03;95.9;1.31;
2022-05-10 04:00:00;0.0;0.0;0.0;10.96;95.9;1.17;
2022-05-10 05:00:00;127.0;336.59;64.0;11.26;99.35;0.9;
2022-05-10 06:00:00;305.0;556.28;104.0;13.92;92.65;0.55;
2022-05-10 07:00:00;485.0;669.53;133.0;16.74;80.8;0.41;
2022-05-10 08:00:00;645.0;732.22;155.0;18.96;75.55;0.76;
2022-05-10 09:00:00;777.0;777.57;169.0;20.85;68.4;0.83;
2022-05-10 10:00:00;860.0;789.5;184.0;22.29;61.95;0.76;
2022-05-10 11:00:00;876.0;739.5;220.0;23.39;58.0;0.55;
2022-05-10 12:00:00;869.0;764.61;202.0;24.2;54.35;0.48;
2022-05-10 13:00:00;795.0;729.37;202.0;24.79;52.6;0.62;
2022-05-10 14:00:00;672.0;666.03;197.0;25.16;50.95;0.62;
2022-05-10 15:00:00;530.0;634.91;162.0;25.3;50.95;0.55;
2022-05-10 16:00:00;345.0;476.97;144.0;25.23;50.95;0.41;
2022-05-10 17:00:00;143.0;160.41;103.0;24.94;54.45;0.34;
2022-05-10 18:00:00;25.0;39.89;22.0;23.52;76.3;0.48;
2022-05-10 19:00:00;0.0;0.0;0.0;22.73;64.2;0.76;
2022-05-10 20:00:00;0.0;0.0;0.0;21.15;68.5;0.97;
2022-05-10 21:00:00;0.0;0.0;0.0;19.57;75.7;1.1;
2022-05-10 22:00:00;0.0;0.0;0.0;18.54;78.25;0.97;
2022-05-10 23:00:00;0.0;0.0;0.0;17.51;83.7;0.69;
2022-05-11 00:00:00;0.0;0.0;0.0;16.54;83.65;0.69;
2022-05-11 01:00:00;0.0;0.0;0.0;15.71;86.5;0.83;
2022-05-11 02:00:00;0.0;0.0;0.0;15.09;89.55;0.9;
2022-05-11 03:00:00;0.0;0.0;0.0;14.74;92.7;0.83;
2022-05-11 04:00:00;0.0;0.0;0.0;14.5;92.7;0.83;
2022-05-11 05:00:00;126.0;304.8;68.0;14.71;92.7;0.55;
2022-05-11 06:00:00;296.0;486.0;119.0;16.66;86.6;0.28;
2022-05-11 07:00:00;479.0;634.03;144.0;20.0;75.75;0.48;
2022-05-11 08:00:00;632.0;676.0;178.0;22.16;68.7;0.28;
2022-05-11 09:00:00;769.0;747.3;183.0;23.87;64.4;0.21;
2022-05-11 10:00:00;851.0;758.44;200.0;25.17;58.45;0.0;
2022-05-11 11:00:00;887.0;767.06;205.0;26.13;54.8;0.14;
2022-05-11 12:00:00;869.0;762.83;202.0;26.87;51.3;0.21;
2022-05-11 13:00:00;795.0;728.72;201.0;27.42;48.0;0.28;
2022-05-11 14:00:00;685.0;705.89;180.0;27.71;46.5;0.34;
2022-05-11 15:00:00;523.0;601.36;173.0;27.87;46.5;0.55;
2022-05-11 16:00:00;360.0;544.76;129.0;27.79;46.5;0.69;
2022-05-11 17:00:00;147.0;170.47;104.0;27.31;51.45;0.55;
2022-05-11 18:00:00;27.0;51.07;23.0;25.58;74.1;0.76;
2022-05-11 19:00:00;0.0;0.0;0.0;23.46;71.25;1.24;
2022-05-11 20:00:00;0.0;0.0;0.0;22.67;68.75;1.03;
2022-05-11 21:00:00;0.0;0.0;0.0;21.69;71.0;0.83;
2022-05-11 22:00:00;0.0;0.0;0.0;20.29;75.75;0.97;
2022-05-11 23:00:00;0.0;0.0;0.0;18.82;81.0;1.17;
2022-05-12 00:00:00;0.0;0.0;0.0;17.17;83.7;1.31;
2022-05-12 01:00:00;0.0;0.0;0.0;16.0;86.55;1.52;
2022-05-12 02:00:00;0.0;0.0;0.0;15.42;89.55;1.52;
2022-05-12 03:00:00;0.0;0.0;0.0;14.85;92.7;1.59;
2022-05-12 04:00:00;0.0;0.0;0.0;14.46;89.5;1.59;
2022-05-12 05:00:00;126.0;289.69;70.0;15.11;89.55;1.17;
2022-05-12 06:00:00;298.0;495.96;116.0;18.29;80.9;0.83;
2022-05-12 07:00:00;476.0;623.48;145.0;21.3;73.35;0.97;
2022-05-12 08:00:00;566.0;462.96;254.0;23.24;64.3;1.03;
2022-05-12 09:00:00;685.0;503.62;289.0;24.82;60.35;1.1;
2022-05-12 10:00:00;739.0;466.08;338.0;26.06;54.8;1.1;
2022-05-12 11:00:00;746.0;419.71;372.0;27.1;53.2;1.45;
2022-05-12 12:00:00;755.0;468.99;344.0;28.01;51.55;2.0;
2022-05-12 13:00:00;604.0;269.22;384.0;28.62;51.65;2.28;
2022-05-12 14:00:00;680.0;695.37;181.0;28.89;51.65;2.34;
2022-05-12 15:00:00;490.0;482.56;208.0;28.43;53.35;2.28;
2022-05-12 16:00:00;354.0;513.33;135.0;27.87;55.15;2.0;
2022-05-12 17:00:00;200.0;486.13;76.0;26.86;58.8;1.66;
2022-05-12 18:00:00;29.0;61.41;24.0;25.16;62.55;1.38;
2022-05-12 19:00:00;0.0;0.0;0.0;23.24;71.25;1.38;
2022-05-12 20:00:00;0.0;0.0;0.0;21.51;66.25;2.34;
2022-05-12 21:00:00;0.0;0.0;0.0;20.18;65.95;2.48;
2022-05-12 22:00:00;0.0;0.0;0.0;18.81;70.45;2.28;
2022-05-12 23:00:00;0.0;0.0;0.0;17.77;67.85;2.62;
2022-05-13 00:00:00;0.0;0.0;0.0;17.24;58.8;3.31;
2022-05-13 01:00:00;0.0;0.0;0.0;16.82;54.6;3.93;
2022-05-13 02:00:00;0.0;0.0;0.0;16.72;60.85;4.34;
2022-05-13 03:00:00;0.0;0.0;0.0;16.6;72.7;4.55;
2022-05-13 04:00:00;0.0;0.0;0.0;15.36;86.5;5.72;
2022-05-13 05:00:00;101.0;112.11;79.0;14.41;92.7;6.48;
2022-05-13 06:00:00;123.0;5.41;121.0;14.02;86.4;6.34;
2022-05-13 07:00:00;187.0;5.62;184.0;15.36;86.5;7.03;
2022-05-13 08:00:00;326.0;38.45;300.0;15.04;80.6;7.31;
2022-05-13 09:00:00;454.0;88.79;384.0;14.41;80.45;8.0;
2022-05-13 10:00:00;337.0;6.96;331.0;14.2;69.75;8.69;
2022-05-13 11:00:00;198.0;0.0;198.0;13.54;64.75;8.0;
2022-05-13 12:00:00;150.0;0.0;150.0;13.28;64.65;6.83;
2022-05-13 13:00:00;510.0;125.73;407.0;13.01;64.65;4.69;
2022-05-13 14:00:00;653.0;576.59;238.0;12.48;72.05;2.9;
2022-05-13 15:00:00;395.0;202.82;276.0;12.84;72.05;2.9;
2022-05-13 16:00:00;338.0;412.41;161.0;13.03;64.65;3.03;
2022-05-13 17:00:00;53.0;0.0;53.0;13.04;62.3;3.17;
2022-05-13 18:00:00;42.0;177.59;27.0;12.69;64.55;2.83;
2022-05-13 19:00:00;0.0;0.0;0.0;13.06;64.65;2.83;
2022-05-13 20:00:00;0.0;0.0;0.0;12.42;66.95;2.55;
2022-05-13 21:00:00;0.0;0.0;0.0;12.04;69.35;2.41;
2022-05-13 22:00:00;0.0;0.0;0.0;11.74;71.85;2.28;
2022-05-13 23:00:00;0.0;0.0;0.0;11.84;71.85;2.21;
2022-05-14 00:00:00;0.0;0.0;0.0;11.34;74.45;2.21;
2022-05-14 01:00:00;0.0;0.0;0.0;10.84;77.15;2.28;
2022-05-14 02:00:00;0.0;0.0;0.0;10.54;74.4;2.14;
2022-05-14 03:00:00;0.0;0.0;0.0;10.18;77.1;2.0;
2022-05-14 04:00:00;5.0;0.0;5.0;9.9;79.95;1.79;
2022-05-14 05:00:00;150.0;426.98;65.0;9.89;85.95;1.38;
2022-05-14 06:00:00;333.0;617.88;103.0;11.45;71.85;1.31;
2022-05-14 07:00:00;512.0;705.62;134.0;12.55;66.95;0.55;
2022-05-14 08:00:00;675.0;759.23;160.0;14.03;60.3;0.83;
2022-05-14 09:00:00;804.0;786.96;182.0;15.13;54.25;0.83;
2022-05-14 10:00:00;887.0;796.08;199.0;16.17;48.8;0.83;
2022-05-14 11:00:00;929.0;820.23;195.0;16.94;47.15;0.9;
2022-05-14 12:00:00;906.0;799.84;202.0;17.51;45.55;0.9;
2022-05-14 13:00:00;840.0;796.43;186.0;17.89;45.55;0.97;
2022-05-14 14:00:00;725.0;775.78;165.0;18.48;42.6;1.1;
2022-05-14 15:00:00;569.0;716.44;147.0;18.61;42.6;1.1;
2022-05-14 16:00:00;387.0;604.57;126.0;18.51;42.6;0.97;
2022-05-14 17:00:00;206.0;468.08;84.0;18.2;42.45;0.48;
2022-05-14 18:00:00;47.0;217.21;28.0;17.63;50.85;0.34;
2022-05-14 19:00:00;0.0;0.0;0.0;15.65;52.4;2.14;
2022-05-14 20:00:00;0.0;0.0;0.0;13.51;62.45;2.0;
2022-05-14 21:00:00;0.0;0.0;0.0;12.01;69.35;1.79;
2022-05-14 22:00:00;0.0;0.0;0.0;11.28;74.45;1.93;
2022-05-14 23:00:00;0.0;0.0;0.0;11.26;77.2;1.66;
2022-05-15 00:00:00;0.0;0.0;0.0;10.99;77.2;1.59;
2022-05-15 01:00:00;0.0;0.0;0.0;10.38;82.95;1.66;
2022-05-15 02:00:00;0.0;0.0;0.0;10.07;82.95;1.52;
2022-05-15 03:00:00;0.0;0.0;0.0;10.15;82.95;1.52;
2022-05-15 04:00:00;6.0;0.0;6.0;10.0;86.0;1.52;
2022-05-15 05:00:00;146.0;381.54;69.0;10.92;86.1;1.1;
2022-05-15 06:00:00;317.0;536.38;116.0;12.75;72.05;0.69;
2022-05-15 07:00:00;496.0;646.87;148.0;13.8;69.65;0.55;
2022-05-15 08:00:00;661.0;726.04;167.0;15.14;65.05;0.76;
2022-05-15 09:00:00;788.0;753.49;191.0;16.85;60.85;1.38;
2022-05-15 10:00:00;717.0;382.18;386.0;18.13;56.85;1.72;
2022-05-15 11:00:00;861.0;649.07;279.0;19.44;53.15;1.93;
2022-05-15 12:00:00;849.0;658.73;268.0;20.23;47.9;2.28;
2022-05-15 13:00:00;760.0;579.53;283.0;20.59;46.35;2.83;
2022-05-15 14:00:00;521.0;237.59;349.0;20.55;48.05;3.79;
2022-05-15 15:00:00;545.0;632.52;171.0;20.02;49.7;4.62;
2022-05-15 16:00:00;377.0;561.96;133.0;19.25;53.15;5.1;
2022-05-15 17:00:00;203.0;440.45;87.0;18.33;56.85;4.62;
2022-05-15 18:00:00;49.0;221.14;29.0;17.07;58.8;3.86;
2022-05-15 19:00:00;0.0;0.0;0.0;15.78;67.55;3.1;
2022-05-15 20:00:00;0.0;0.0;0.0;14.77;75.0;1.52;
2022-05-15 21:00:00;0.0;0.0;0.0;13.88;80.4;0.21;
2022-05-15 22:00:00;0.0;0.0;0.0;12.74;89.4;1.17;
2022-05-15 23:00:00;0.0;0.0;0.0;12.45;89.4;1.1;
2022-05-16 00:00:00;0.0;0.0;0.0;12.34;92.6;1.52;
2022-05-16 01:00:00;0.0;0.0;0.0;12.28;80.2;2.76;
2022-05-16 02:00:00;0.0;0.0;0.0;12.09;55.5;4.83;
2022-05-16 03:00:00;0.0;0.0;0.0;12.02;32.35;6.07;
2022-05-16 04:00:00;8.0;0.0;8.0;11.58;25.3;5.66;
2022-05-16 05:00:00;165.0;513.55;60.0;11.14;32.1;4.83;
2022-05-16 06:00:00;345.0;641.66;103.0;11.88;40.8;3.66;
2022-05-16 07:00:00;529.0;736.81;131.0;14.02;37.0;3.66;
2022-05-16 08:00:00;694.0;792.79;153.0;15.46;33.35;4.28;
2022-05-16 09:00:00;834.0;849.95;159.0;16.67;29.95;5.17;
2022-05-16 10:00:00;909.0;828.49;190.0;17.63;27.85;5.79;
2022-05-16 11:00:00;947.0;837.03;195.0;18.45;24.9;6.34;
2022-05-16 12:00:00;918.0;801.1;210.0;18.95;23.15;6.69;
2022-05-16 13:00:00;857.0;813.37;186.0;19.18;22.35;6.83;
2022-05-16 14:00:00;741.0;793.44;165.0;19.19;22.35;6.83;
2022-05-16 15:00:00;587.0;749.78;142.0;18.93;23.15;6.69;
2022-05-16 16:00:00;410.0;682.48;112.0;18.24;24.9;6.21;
2022-05-16 17:00:00;219.0;511.18;83.0;17.26;27.85;5.66;
2022-05-16 18:00:00;53.0;257.06;29.0;15.8;27.45;5.59;
2022-05-16 19:00:00;0.0;0.0;0.0;14.51;24.1;5.59;
2022-05-16 20:00:00;0.0;0.0;0.0;13.67;22.9;5.86;
2022-05-16 21:00:00;0.0;0.0;0.0;12.93;22.75;5.66;
2022-05-16 22:00:00;0.0;0.0;0.0;12.21;24.45;5.1;
2022-05-16 23:00:00;0.0;0.0;0.0;11.43;25.3;4.34;
2022-05-17 00:00:00;0.0;0.0;0.0;10.66;28.3;3.72;
2022-05-17 01:00:00;0.0;0.0;0.0;9.85;31.7;3.03;
2022-05-17 02:00:00;0.0;0.0;0.0;8.77;39.95;2.34;
2022-05-17 03:00:00;0.0;0.0;0.0;7.38;50.35;1.86;
2022-05-17 04:00:00;8.0;0.0;8.0;5.97;63.25;1.93;
2022-05-17 05:00:00;169.0;521.72;61.0;6.12;73.7;1.52;
2022-05-17 06:00:00;348.0;648.29;102.0;9.81;57.05;1.1;
2022-05-17 07:00:00;527.0;722.89;135.0;12.16;49.6;0.9;
2022-05-17 08:00:00;686.0;759.88;166.0;14.09;41.5;1.03;
2022-05-17 09:00:00;829.0;832.96;166.0;15.6;36.0;0.97;
2022-05-17 10:00:00;898.0;793.51;208.0;16.85;33.6;0.69;
2022-05-17 11:00:00;940.0;817.69;204.0;17.89;32.5;0.34;
2022-05-17 12:00:00;917.0;798.4;210.0;18.7;30.35;0.21;
2022-05-17 13:00:00;846.0;780.12;201.0;19.31;29.35;0.41;
2022-05-17 14:00:00;733.0;761.05;179.0;19.75;29.5;0.48;
2022-05-17 15:00:00;581.0;720.18;152.0;19.97;29.5;0.55;
2022-05-17 16:00:00;407.0;658.24;118.0;19.86;28.4;0.83;
2022-05-17 17:00:00;220.0;509.87;83.0;19.42;30.5;0.83;
2022-05-17 18:00:00;56.0;259.75;31.0;18.17;51.0;0.9;
2022-05-17 19:00:00;0.0;0.0;0.0;16.64;45.45;0.83;
2022-05-17 20:00:00;0.0;0.0;0.0;15.98;40.5;0.62;
2022-05-17 21:00:00;0.0;0.0;0.0;14.97;43.4;0.41;
2022-05-17 22:00:00;0.0;0.0;0.0;14.2;46.5;0.9;
2022-05-17 23:00:00;0.0;0.0;0.0;11.77;64.35;1.38;
2022-05-18 00:00:00;0.0;0.0;0.0;10.68;71.7;1.72;
2022-05-18 01:00:00;0.0;0.0;0.0;10.44;71.7;1.52;
2022-05-18 02:00:00;0.0;0.0;0.0;10.13;74.3;1.45;
2022-05-18 03:00:00;0.0;0.0;0.0;9.38;76.95;1.79;
2022-05-18 04:00:00;9.0;0.0;9.0;8.86;76.85;2.0;
2022-05-18 05:00:00;93.0;57.29;81.0;9.4;77.0;1.72;
2022-05-18 06:00:00;88.0;0.0;88.0;12.21;62.1;1.52;
2022-05-18 07:00:00;99.0;0.0;99.0;12.9;62.2;1.52;
2022-05-18 08:00:00;129.0;0.0;129.0;13.8;58.0;0.97;
2022-05-18 09:00:00;674.0;427.5;333.0;14.45;56.15;0.97;
2022-05-18 10:00:00;662.0;276.63;421.0;15.72;52.4;0.97;
2022-05-18 11:00:00;510.0;75.41;442.0;16.89;47.15;1.1;
2022-05-18 12:00:00;617.0;192.74;446.0;17.93;45.55;0.69;
2022-05-18 13:00:00;709.0;442.92;342.0;18.64;42.6;0.76;
2022-05-18 14:00:00;556.0;297.31;339.0;19.23;41.15;0.83;
2022-05-18 15:00:00;563.0;684.14;154.0;19.41;41.15;0.62;
2022-05-18 16:00:00;392.0;609.4;123.0;19.44;41.15;0.28;
2022-05-18 17:00:00;207.0;427.57;91.0;19.23;41.15;0.48;
2022-05-18 18:00:00;52.0;191.76;33.0;18.58;47.55;1.31;
2022-05-18 19:00:00;0.0;0.0;0.0;15.85;50.5;2.21;
2022-05-18 20:00:00;0.0;0.0;0.0;14.04;58.1;2.28;
2022-05-18 21:00:00;0.0;0.0;0.0;12.72;64.55;2.14;
2022-05-18 22:00:00;0.0;0.0;0.0;11.63;69.25;2.14;
2022-05-18 23:00:00;0.0;0.0;0.0;10.89;74.4;2.0;
2022-05-19 00:00:00;0.0;0.0;0.0;9.99;77.1;1.93;
2022-05-19 01:00:00;0.0;0.0;0.0;9.3;85.95;1.59;
2022-05-19 02:00:00;0.0;0.0;0.0;9.31;85.95;1.31;
2022-05-19 03:00:00;0.0;0.0;0.0;9.02;85.95;1.24;
2022-05-19 04:00:00;4.0;0.0;4.0;8.4;89.1;1.38;
2022-05-19 05:00:00;121.0;165.23;86.0;9.62;85.95;1.03;
2022-05-19 06:00:00;312.0;479.39;128.0;12.57;72.05;0.97;
2022-05-19 07:00:00;430.0;378.97;223.0;14.66;64.95;1.17;
2022-05-19 08:00:00;293.0;18.9;280.0;16.17;58.6;1.52;
2022-05-19 09:00:00;460.0;88.83;389.0;17.24;54.7;0.76;
2022-05-19 10:00:00;496.0;80.2;426.0;18.21;52.9;0.55;
2022-05-19 11:00:00;260.0;0.0;260.0;18.85;53.0;0.69;
2022-05-19 12:00:00;240.0;0.0;240.0;19.04;53.15;0.34;
2022-05-19 13:00:00;124.0;0.0;124.0;18.98;55.05;0.62;
2022-05-19 14:00:00;141.0;0.0;141.0;19.14;55.05;1.38;
2022-05-19 15:00:00;90.0;0.0;90.0;19.57;51.4;1.1;
2022-05-19 16:00:00;267.0;146.48;202.0;19.52;51.4;1.17;
2022-05-19 17:00:00;120.0;47.47;107.0;19.47;51.25;1.45;
2022-05-19 18:00:00;34.0;29.45;31.0;18.58;56.95;1.66;
2022-05-19 19:00:00;0.0;0.0;0.0;15.83;67.55;1.79;
2022-05-19 20:00:00;0.0;0.0;0.0;14.62;72.4;1.79;
2022-05-19 21:00:00;0.0;0.0;0.0;13.39;80.35;1.66;
2022-05-19 22:00:00;0.0;0.0;0.0;12.21;86.2;1.59;
2022-05-19 23:00:00;0.0;0.0;0.0;11.65;89.3;1.31;
2022-05-20 00:00:00;0.0;0.0;0.0;11.16;89.3;1.31;
2022-05-20 01:00:00;0.0;0.0;0.0;11.25;92.55;1.17;
2022-05-20 02:00:00;0.0;0.0;0.0;11.43;89.3;1.03;
2022-05-20 03:00:00;0.0;0.0;0.0;11.29;92.55;1.1;
2022-05-20 04:00:00;1.0;0.0;1.0;11.01;92.55;1.17;
2022-05-20 05:00:00;55.0;0.0;55.0;11.93;89.35;0.76;
2022-05-20 06:00:00;240.0;178.82;171.0;13.56;80.4;0.76;
2022-05-20 07:00:00;248.0;32.84;230.0;14.03;86.4;1.31;
2022-05-20 08:00:00;440.0;155.16;333.0;15.61;75.15;1.72;
2022-05-20 09:00:00;93.0;0.0;93.0;16.96;70.3;1.72;
2022-05-20 10:00:00;125.0;0.0;125.0;17.84;67.85;1.31;
2022-05-20 11:00:00;109.0;0.0;109.0;17.02;70.3;0.69;
2022-05-20 12:00:00;102.0;0.0;102.0;16.2;80.75;0.62;
2022-05-20 13:00:00;122.0;0.0;122.0;16.1;80.75;0.97;
2022-05-20 14:00:00;85.0;0.0;85.0;15.99;80.75;0.97;
2022-05-20 15:00:00;84.0;0.0;84.0;15.77;86.5;1.24;
2022-05-20 16:00:00;50.0;0.0;50.0;15.46;86.5;1.66;
2022-05-20 17:00:00;61.0;0.0;61.0;15.38;89.55;2.0;
2022-05-20 18:00:00;23.0;0.0;23.0;15.1;89.55;2.07;
2022-05-20 19:00:00;0.0;0.0;0.0;13.58;92.65;2.55;
2022-05-20 20:00:00;0.0;0.0;0.0;13.27;92.65;2.97;
2022-05-20 21:00:00;0.0;0.0;0.0;12.98;92.65;3.1;
2022-05-20 22:00:00;0.0;0.0;0.0;12.78;95.95;3.45;
2022-05-20 23:00:00;0.0;0.0;0.0;12.58;92.6;3.79;
2022-05-21 00:00:00;0.0;0.0;0.0;12.42;89.4;4.0;
2022-05-21 01:00:00;0.0;0.0;0.0;12.29;92.6;4.48;
2022-05-21 02:00:00;0.0;0.0;0.0;12.11;92.6;4.76;
2022-05-21 03:00:00;0.0;0.0;0.0;11.98;92.6;4.97;
2022-05-21 04:00:00;11.0;21.35;10.0;11.93;92.6;5.24;
2022-05-21 05:00:00;38.0;0.0;38.0;11.93;92.6;5.38;
2022-05-21 06:00:00;43.0;0.0;43.0;11.98;92.6;5.31;
2022-05-21 07:00:00;61.0;0.0;61.0;11.38;95.9;4.62;
2022-05-21 08:00:00;101.0;0.0;101.0;11.52;92.55;4.9;
2022-05-21 09:00:00;109.0;0.0;109.0;11.72;92.55;4.69;
2022-05-21 10:00:00;98.0;0.0;98.0;12.08;92.6;4.55;
2022-05-21 11:00:00;175.0;0.0;175.0;12.72;92.6;4.14;
2022-05-21 12:00:00;177.0;0.0;177.0;13.24;89.4;4.28;
2022-05-21 13:00:00;110.0;0.0;110.0;14.02;86.4;4.14;
2022-05-21 14:00:00;123.0;0.0;123.0;14.28;83.4;3.59;
2022-05-21 15:00:00;113.0;0.0;113.0;14.96;77.8;3.45;
2022-05-21 16:00:00;107.0;0.0;107.0;14.86;83.45;2.76;
2022-05-21 17:00:00;33.0;0.0;33.0;14.4;86.4;2.41;
2022-05-21 18:00:00;58.0;205.03;36.0;13.66;89.45;1.86;
2022-05-21 19:00:00;0.0;0.0;0.0;13.02;89.4;0.28;
2022-05-21 20:00:00;0.0;0.0;0.0;12.67;92.6;0.28;
2022-05-21 21:00:00;0.0;0.0;0.0;12.57;92.6;0.21;
2022-05-21 22:00:00;0.0;0.0;0.0;12.21;92.6;0.34;
2022-05-21 23:00:00;0.0;0.0;0.0;12.06;92.6;0.21;
2022-05-22 00:00:00;0.0;0.0;0.0;11.19;95.9;0.83;
2022-05-22 01:00:00;0.0;0.0;0.0;10.59;99.4;0.97;
2022-05-22 02:00:00;0.0;0.0;0.0;10.64;99.4;0.48;
2022-05-22 03:00:00;0.0;0.0;0.0;10.31;100.0;0.21;
2022-05-22 04:00:00;5.0;0.0;5.0;9.56;99.4;0.07;
2022-05-22 05:00:00;79.0;18.32;75.0;10.29;99.4;0.28;
2022-05-22 06:00:00;275.0;282.28;165.0;11.4;95.9;0.76;
2022-05-22 07:00:00;512.0;670.9;142.0;12.67;86.25;1.1;
2022-05-22 08:00:00;546.0;347.89;305.0;14.07;74.95;1.03;
2022-05-22 09:00:00;742.0;593.42;265.0;15.42;69.9;0.76;
2022-05-22 10:00:00;904.0;843.66;164.0;16.56;63.05;0.62;
2022-05-22 11:00:00;972.0;925.42;132.0;17.51;58.8;1.17;
2022-05-22 12:00:00;962.0;941.32;121.0;18.61;54.95;1.45;
2022-05-22 13:00:00;825.0;744.65;203.0;19.57;51.4;1.79;
2022-05-22 14:00:00;740.0;801.61;149.0;20.12;49.7;2.28;
2022-05-22 15:00:00;604.0;803.61;117.0;20.33;49.7;2.21;
2022-05-22 16:00:00;334.0;324.09;188.0;20.3;49.7;2.48;
2022-05-22 17:00:00;158.0;135.09;120.0;19.93;53.25;2.41;
2022-05-22 18:00:00;9.0;0.0;9.0;18.77;61.2;2.0;
2022-05-22 19:00:00;0.0;0.0;0.0;17.31;63.2;2.14;
2022-05-22 20:00:00;0.0;0.0;0.0;16.37;65.25;2.0;
2022-05-22 21:00:00;0.0;0.0;0.0;15.51;70.0;1.79;
2022-05-22 22:00:00;0.0;0.0;0.0;14.9;77.75;1.45;
2022-05-22 23:00:00;0.0;0.0;0.0;14.63;80.55;1.17;
2022-05-23 00:00:00;0.0;0.0;0.0;14.31;83.4;1.17;
2022-05-23 01:00:00;0.0;0.0;0.0;14.11;80.45;1.1;
2022-05-23 02:00:00;0.0;0.0;0.0;13.47;83.35;1.24;
2022-05-23 03:00:00;0.0;0.0;0.0;12.9;89.4;1.17;
2022-05-23 04:00:00;17.0;58.44;14.0;12.99;83.25;0.83;
2022-05-23 05:00:00;109.0;90.78;89.0;13.71;83.35;0.41;
2022-05-23 06:00:00;315.0;464.94;133.0;15.11;80.6;1.17;
2022-05-23 07:00:00;342.0;150.07;259.0;17.58;75.4;1.1;
2022-05-23 08:00:00;460.0;182.94;333.0;19.67;68.2;1.31;
2022-05-23 09:00:00;622.0;316.7;367.0;21.51;59.7;1.31;
2022-05-23 10:00:00;383.0;18.21;367.0;23.01;57.9;1.31;
2022-05-23 11:00:00;467.0;48.4;423.0;24.37;54.35;1.24;
2022-05-23 12:00:00;781.0;486.11;346.0;25.37;52.75;1.31;
2022-05-23 13:00:00;842.0;812.56;162.0;26.07;49.45;1.45;
2022-05-23 14:00:00;738.0;806.49;142.0;26.48;49.45;1.59;
2022-05-23 15:00:00;598.0;791.17;117.0;26.72;49.55;1.93;
2022-05-23 16:00:00;417.0;689.27;105.0;26.68;49.55;1.93;
2022-05-23 17:00:00;227.0;504.1;84.0;26.11;56.7;1.86;
2022-05-23 18:00:00;66.0;248.82;38.0;24.71;62.45;2.0;
2022-05-23 19:00:00;0.0;0.0;0.0;22.82;68.75;1.79;
2022-05-23 20:00:00;0.0;0.0;0.0;20.39;78.45;1.72;
2022-05-23 21:00:00;0.0;0.0;0.0;19.45;81.05;1.24;
2022-05-23 22:00:00;0.0;0.0;0.0;18.77;83.8;0.62;
2022-05-23 23:00:00;0.0;0.0;0.0;17.45;86.65;0.21;
2022-05-24 00:00:00;0.0;0.0;0.0;15.18;92.75;1.1;
2022-05-24 01:00:00;0.0;0.0;0.0;14.81;92.7;1.31;
2022-05-24 02:00:00;0.0;0.0;0.0;14.37;96.0;1.45;
2022-05-24 03:00:00;0.0;0.0;0.0;13.91;95.95;1.79;
2022-05-24 04:00:00;4.0;0.0;4.0;13.6;92.65;1.79;
2022-05-24 05:00:00;140.0;238.53;87.0;14.54;89.5;1.24;
2022-05-24 06:00:00;344.0;602.85;107.0;17.52;78.1;1.1;
2022-05-24 07:00:00;526.0;721.25;126.0;19.58;78.35;0.34;
2022-05-24 08:00:00;695.0;805.08;135.0;21.67;73.45;0.28;
2022-05-24 09:00:00;837.0;875.41;131.0;23.52;68.85;0.34;
2022-05-24 10:00:00;917.0;879.81;143.0;25.09;62.55;0.55;
2022-05-24 11:00:00;955.0;889.76;145.0;26.34;58.7;0.76;
2022-05-24 12:00:00;937.0;884.8;144.0;27.31;53.2;0.83;
2022-05-24 13:00:00;861.0;851.64;147.0;27.94;48.15;0.55;
2022-05-24 14:00:00;743.0;812.74;141.0;28.28;46.5;0.69;
2022-05-24 15:00:00;586.0;739.51;135.0;28.36;44.95;0.76;
2022-05-24 16:00:00;401.0;611.3;123.0;28.24;43.4;0.41;
2022-05-24 17:00:00;236.0;541.94;81.0;27.76;46.5;0.9;
2022-05-24 18:00:00;67.0;243.33;39.0;25.84;60.6;1.86;
2022-05-24 19:00:00;0.0;0.0;0.0;23.42;56.0;2.21;
2022-05-24 20:00:00;0.0;0.0;0.0;21.12;68.5;1.72;
2022-05-24 21:00:00;0.0;0.0;0.0;20.12;68.3;1.31;
2022-05-24 22:00:00;0.0;0.0;0.0;20.23;65.95;0.83;
2022-05-24 23:00:00;0.0;0.0;0.0;18.98;70.55;0.83;
2022-05-25 00:00:00;0.0;0.0;0.0;15.77;86.5;1.86;
2022-05-25 01:00:00;0.0;0.0;0.0;15.48;86.5;2.28;
2022-05-25 02:00:00;0.0;0.0;0.0;15.46;86.5;2.34;
2022-05-25 03:00:00;0.0;0.0;0.0;15.22;92.75;2.0;
2022-05-25 04:00:00;2.0;0.0;2.0;14.78;92.7;1.93;
2022-05-25 05:00:00;128.0;165.19;91.0;15.76;92.75;1.93;
2022-05-25 06:00:00;254.0;202.67;174.0;18.63;83.8;2.14;
2022-05-25 07:00:00;370.0;201.43;258.0;20.8;73.3;3.38;
2022-05-25 08:00:00;117.0;0.0;117.0;22.06;66.35;3.52;
2022-05-25 09:00:00;73.0;0.0;73.0;23.21;62.15;3.17;
2022-05-25 10:00:00;460.0;53.35;413.0;24.15;58.2;2.34;
2022-05-25 11:00:00;898.0;740.45;223.0;24.81;54.45;1.86;
2022-05-25 12:00:00;907.0;811.06;179.0;24.55;54.45;2.48;
2022-05-25 13:00:00;861.0;850.14;147.0;23.11;62.15;3.59;
2022-05-25 14:00:00;740.0;800.15;146.0;23.5;62.15;2.97;
2022-05-25 15:00:00;583.0;729.09;137.0;23.37;62.15;1.86;
2022-05-25 16:00:00;395.0;575.69;132.0;22.62;59.95;1.72;
2022-05-25 17:00:00;211.0;374.62;103.0;21.16;70.9;1.17;
2022-05-25 18:00:00;71.0;272.22;39.0;20.55;73.3;1.45;
2022-05-25 19:00:00;0.0;0.0;0.0;18.68;83.8;1.72;
2022-05-25 20:00:00;0.0;0.0;0.0;18.03;83.75;2.41;
2022-05-25 21:00:00;0.0;0.0;0.0;17.53;86.65;2.48;
2022-05-25 22:00:00;0.0;0.0;0.0;16.99;83.7;2.48;
2022-05-25 23:00:00;0.0;0.0;0.0;16.57;83.65;2.41;
2022-05-26 00:00:00;0.0;0.0;0.0;16.04;86.55;2.55;
2022-05-26 01:00:00;0.0;0.0;0.0;15.71;86.5;2.41;
2022-05-26 02:00:00;0.0;0.0;0.0;15.39;89.55;2.14;
2022-05-26 03:00:00;0.0;0.0;0.0;15.14;89.55;2.0;
2022-05-26 04:00:00;12.0;0.0;12.0;14.79;92.7;1.86;
2022-05-26 05:00:00;119.0;119.64;92.0;15.18;89.55;1.24;
2022-05-26 06:00:00;324.0;489.62;130.0;16.54;80.8;1.1;
2022-05-26 07:00:00;512.0;658.45;145.0;17.94;78.1;2.28;
2022-05-26 08:00:00;681.0;762.06;149.0;18.65;72.95;2.48;
2022-05-26 09:00:00;807.0;794.93;164.0;19.65;68.2;2.48;
2022-05-26 10:00:00;879.0;776.56;194.0;20.33;65.95;2.41;
2022-05-26 11:00:00;941.0;853.42;162.0;21.14;59.6;2.48;
2022-05-26 12:00:00;0.0;0.0;0.0;21.7;57.65;2.21;
2022-05-26 13:00:00;859.0;839.18;153.0;22.3;55.8;1.86;
2022-05-26 14:00:00;734.0;779.6;154.0;22.57;54.0;1.66;
2022-05-26 15:00:00;573.0;684.56;153.0;22.81;54.0;1.66;
2022-05-26 16:00:00;400.0;588.39;130.0;22.57;54.0;1.66;
2022-05-26 17:00:00;232.0;499.08;87.0;22.31;55.8;1.45;
2022-05-26 18:00:00;70.0;250.04;40.0;21.39;61.7;1.45;
2022-05-26 19:00:00;0.0;0.0;0.0;19.76;65.85;2.48;
2022-05-26 20:00:00;0.0;0.0;0.0;18.79;70.45;2.55;
2022-05-26 21:00:00;0.0;0.0;0.0;17.7;72.8;2.48;
2022-05-26 22:00:00;0.0;0.0;0.0;17.01;72.8;2.34;
2022-05-26 23:00:00;0.0;0.0;0.0;16.29;77.95;2.28;
2022-05-27 00:00:00;0.0;0.0;0.0;15.66;80.65;2.21;
2022-05-27 01:00:00;0.0;0.0;0.0;15.3;80.6;2.14;
2022-05-27 02:00:00;0.0;0.0;0.0;14.79;83.45;1.93;
2022-05-27 03:00:00;0.0;0.0;0.0;14.33;83.4;1.93;
2022-05-27 04:00:00;2.0;0.0;2.0;14.11;83.4;1.79;
2022-05-27 05:00:00;73.0;8.8;71.0;14.46;86.45;1.31;
2022-05-27 06:00:00;191.0;57.84;168.0;15.82;77.85;1.03;
2022-05-27 07:00:00;364.0;184.38;261.0;17.17;75.4;1.38;
2022-05-27 08:00:00;647.0;636.38;202.0;18.22;72.9;0.97;
2022-05-27 09:00:00;800.0;767.93;178.0;19.51;68.2;0.83;
2022-05-27 10:00:00;929.0;902.41;132.0;20.66;63.8;0.76;
2022-05-27 11:00:00;823.0;537.23;332.0;21.46;59.6;0.48;
2022-05-27 12:00:00;749.0;405.5;384.0;22.47;55.8;0.41;
2022-05-27 13:00:00;643.0;297.86;392.0;22.93;55.9;0.48;
2022-05-27 14:00:00;642.0;486.89;279.0;23.29;54.1;0.83;
2022-05-27 15:00:00;151.0;0.0;151.0;22.82;55.9;1.45;
2022-05-27 16:00:00;176.0;13.02;170.0;20.81;66.05;2.14;
2022-05-27 17:00:00;51.0;0.0;51.0;20.16;70.7;1.93;
2022-05-27 18:00:00;20.0;0.0;20.0;19.66;73.15;1.31;
2022-05-27 19:00:00;0.0;0.0;0.0;19.12;75.65;0.9;
2022-05-27 20:00:00;0.0;0.0;0.0;17.84;80.85;1.45;
2022-05-27 21:00:00;0.0;0.0;0.0;16.64;80.8;1.79;
2022-05-27 22:00:00;0.0;0.0;0.0;15.71;86.5;1.17;
2022-05-27 23:00:00;0.0;0.0;0.0;15.9;86.5;0.62;
2022-05-28 00:00:00;0.0;0.0;0.0;15.19;89.55;0.69;
2022-05-28 01:00:00;0.0;0.0;0.0;13.55;95.95;1.38;
2022-05-28 02:00:00;0.0;0.0;0.0;13.21;95.95;1.52;
2022-05-28 03:00:00;0.0;0.0;0.0;12.75;99.4;1.24;
2022-05-28 04:00:00;24.0;82.19;19.0;12.42;95.95;1.1;
2022-05-28 05:00:00;138.0;196.7;93.0;13.86;95.95;0.28;
2022-05-28 06:00:00;308.0;391.01;152.0;15.36;89.55;0.21;
2022-05-28 07:00:00;518.0;668.08;144.0;17.14;78.1;0.62;
2022-05-28 08:00:00;689.0;769.62;150.0;18.72;72.95;0.69;
2022-05-28 09:00:00;828.0;836.01;150.0;20.08;65.95;0.62;
2022-05-28 10:00:00;907.0;839.15;165.0;21.16;63.9;0.69;
2022-05-28 11:00:00;939.0;838.22;172.0;22.01;59.8;0.76;
2022-05-28 12:00:00;927.0;844.31;166.0;22.81;57.9;0.62;
2022-05-28 13:00:00;863.0;836.45;157.0;23.37;54.1;0.62;
2022-05-28 14:00:00;746.0;799.12;149.0;23.89;52.35;0.55;
2022-05-28 15:00:00;587.0;719.57;143.0;24.14;48.95;0.76;
2022-05-28 16:00:00;416.0;641.75;119.0;24.24;48.95;1.59;
2022-05-28 17:00:00;231.0;461.24;95.0;23.85;50.55;1.86;
2022-05-28 18:00:00;73.0;248.67;42.0;22.62;57.9;1.93;
2022-05-28 19:00:00;0.0;0.0;0.0;20.51;63.8;2.83;
2022-05-28 20:00:00;0.0;0.0;0.0;18.65;72.95;3.03;
2022-05-28 21:00:00;0.0;0.0;0.0;17.36;78.1;2.9;
2022-05-28 22:00:00;0.0;0.0;0.0;16.4;83.6;2.62;
2022-05-28 23:00:00;0.0;0.0;0.0;15.68;86.5;2.34;
2022-05-29 00:00:00;0.0;0.0;0.0;15.23;89.55;2.28;
2022-05-29 01:00:00;0.0;0.0;0.0;14.68;92.7;2.21;
2022-05-29 02:00:00;0.0;0.0;0.0;14.3;96.0;2.07;
2022-05-29 03:00:00;0.0;0.0;0.0;14.04;96.0;2.07;
2022-05-29 04:00:00;8.0;0.0;8.0;13.81;95.95;2.21;
2022-05-29 05:00:00;171.0;412.72;76.0;14.42;96.0;2.21;
2022-05-29 06:00:00;351.0;599.7;111.0;16.03;83.6;2.69;
2022-05-29 07:00:00;526.0;689.95;139.0;18.14;78.15;2.69;
2022-05-29 08:00:00;699.0;788.48;146.0;20.08;70.7;2.83;
2022-05-29 09:00:00;839.0;855.95;144.0;21.88;66.25;2.76;
2022-05-29 10:00:00;919.0;859.69;158.0;23.4;60.05;2.76;
2022-05-29 11:00:00;962.0;880.93;155.0;24.69;52.6;2.83;
2022-05-29 12:00:00;945.0;876.48;154.0;25.63;47.65;2.83;
2022-05-29 13:00:00;875.0;856.46;151.0;26.17;44.55;2.97;
2022-05-29 14:00:00;757.0;818.91;144.0;26.33;44.55;3.52;
2022-05-29 15:00:00;603.0;759.63;133.0;25.71;42.9;3.79;
2022-05-29 16:00:00;427.0;669.27;116.0;24.7;49.05;4.0;
2022-05-29 17:00:00;239.0;501.79;90.0;23.7;56.15;3.93;
2022-05-29 18:00:00;80.0;299.41;42.0;22.24;64.1;3.45;
2022-05-29 19:00:00;0.0;0.0;0.0;19.97;70.65;3.52;
2022-05-29 20:00:00;0.0;0.0;0.0;18.48;72.95;3.24;
2022-05-29 21:00:00;0.0;0.0;0.0;17.34;78.1;2.83;
2022-05-29 22:00:00;0.0;0.0;0.0;16.47;80.8;2.62;
2022-05-29 23:00:00;0.0;0.0;0.0;15.77;86.5;2.48;
2022-05-30 00:00:00;0.0;0.0;0.0;15.14;89.55;2.34;
2022-05-30 01:00:00;0.0;0.0;0.0;14.69;89.5;2.14;
2022-05-30 02:00:00;0.0;0.0;0.0;14.26;92.7;2.07;
2022-05-30 03:00:00;0.0;0.0;0.0;13.89;95.95;2.0;
2022-05-30 04:00:00;31.0;172.05;20.0;13.47;92.65;1.79;
2022-05-30 05:00:00;162.0;336.94;84.0;14.34;96.0;1.17;
2022-05-30 06:00:00;337.0;528.22;125.0;17.23;80.85;1.31;
2022-05-30 07:00:00;520.0;667.34;145.0;18.43;80.9;1.1;
2022-05-30 08:00:00;682.0;746.13;158.0;20.13;73.2;1.31;
2022-05-30 09:00:00;829.0;835.32;150.0;21.85;66.25;1.45;
2022-05-30 10:00:00;913.0;849.77;160.0;23.33;60.05;1.52;
2022-05-30 11:00:00;950.0;860.36;161.0;24.43;54.35;1.72;
2022-05-30 12:00:00;938.0;867.66;154.0;25.41;50.95;1.86;
2022-05-30 13:00:00;869.0;846.92;152.0;26.05;47.75;1.93;
2022-05-30 14:00:00;749.0;798.67;150.0;26.48;47.75;2.41;
2022-05-30 15:00:00;594.0;730.22;141.0;26.27;46.15;2.97;
2022-05-30 16:00:00;422.0;651.63;118.0;24.75;49.05;2.69;
2022-05-30 17:00:00;231.0;438.18;100.0;24.14;54.35;2.48;
2022-05-30 18:00:00;82.0;302.07;43.0;23.15;62.15;2.07;
2022-05-30 19:00:00;0.0;0.0;0.0;21.09;68.5;3.45;
2022-05-30 20:00:00;0.0;0.0;0.0;19.55;73.15;3.24;
2022-05-30 21:00:00;0.0;0.0;0.0;18.5;75.55;3.03;
2022-05-30 22:00:00;0.0;0.0;0.0;17.56;80.85;2.69;
2022-05-30 23:00:00;0.0;0.0;0.0;16.99;80.85;2.41;
2022-05-31 00:00:00;0.0;0.0;0.0;16.46;83.65;2.28;
2022-05-31 01:00:00;0.0;0.0;0.0;16.07;86.55;2.21;
2022-05-31 02:00:00;0.0;0.0;0.0;15.77;89.6;2.21;
2022-05-31 03:00:00;0.0;0.0;0.0;15.66;89.6;2.0;
2022-05-31 04:00:00;28.0;122.44;20.0;15.72;92.75;1.59;
2022-05-31 05:00:00;177.0;442.61;74.0;16.45;89.65;1.59;
2022-05-31 06:00:00;265.0;223.65;175.0;17.42;86.65;1.86;
2022-05-31 07:00:00;370.0;193.65;261.0;19.26;81.05;1.03;
2022-05-31 08:00:00;663.0;691.17;177.0;19.89;81.1;1.24;
2022-05-31 09:00:00;811.0;800.05;160.0;20.86;75.85;1.45;
2022-05-31 10:00:00;826.0;623.46;273.0;22.64;66.45;1.86;
2022-05-31 11:00:00;855.0;617.65;288.0;23.87;62.25;1.93;
2022-05-31 12:00:00;811.0;541.65;321.0;24.62;58.35;1.31;
2022-05-31 13:00:00;715.0;442.31;340.0;25.08;56.5;1.38;
2022-05-31 14:00:00;631.0;452.49;291.0;25.13;56.5;1.38;
2022-05-31 15:00:00;556.0;596.51;185.0;25.06;56.5;1.66;
2022-05-31 16:00:00;358.0;375.82;182.0;23.53;66.45;2.64;
2022-05-31 17:00:00;186.0;199.38;126.0;22.62;67.84;2.61;
2022-05-31 18:00:00;66.0;137.15;48.0;21.72;69.22;2.58;
2022-05-31 19:00:00;0.0;0.0;0.0;20.81;70.61;2.55;
2022-05-31 20:00:00;0.0;0.0;0.0;19.91;72.0;2.52;
2022-05-31 21:00:00;0.0;0.0;0.0;19.0;73.38;2.49;
2022-05-31 22:00:00;0.0;0.0;0.0;18.09;74.77;2.45;
2022-05-31 23:00:00;0.0;0.0;0.0;17.19;76.16;2.42;
2022-06-01 00:00:00;0.0;0.0;0.0;16.28;77.54;2.39;
2022-06-01 01:00:00;0.0;0.0;0.0;15.38;78.93;2.36;
2022-06-01 02:00:00;0.0;0.0;0.0;14.47;80.32;2.33;
2022-06-01 03:00:00;0.0;0.0;0.0;13.57;81.7;2.3;
2022-06-01 04:00:00;3.0;0.0;3.0;12.66;83.09;2.27;
2022-06-01 05:00:00;157.0;296.5;88.0;11.75;84.48;2.24;
2022-06-01 06:00:00;261.0;206.26;178.0;10.85;85.86;2.21;
2022-06-01 07:00:00;254.0;31.98;236.0;9.94;87.25;2.18;
2022-06-01 08:00:00;185.0;0.0;185.0;17.93;67.95;2.41;
2022-06-01 09:00:00;296.0;3.69;293.0;19.44;63.6;1.52;
2022-06-01 10:00:00;830.0;617.83;282.0;20.74;57.55;0.55;
2022-06-01 11:00:00;356.0;6.54;350.0;21.6;57.65;1.03;
2022-06-01 12:00:00;325.0;3.32;322.0;22.29;57.75;1.59;
2022-06-01 13:00:00;491.0;90.82;414.0;22.45;57.75;1.31;
2022-06-01 14:00:00;449.0;110.46;366.0;22.64;57.75;0.9;
2022-06-01 15:00:00;339.0;80.39;289.0;22.64;57.75;0.62;
2022-06-01 16:00:00;222.0;49.11;199.0;22.42;57.75;0.9;
2022-06-01 17:00:00;103.0;9.97;100.0;22.03;61.95;0.9;
2022-06-01 18:00:00;39.0;15.24;37.0;21.34;68.6;0.83;
2022-06-01 19:00:00;0.0;0.0;0.0;19.8;75.75;1.66;
2022-06-01 20:00:00;0.0;0.0;0.0;17.67;83.75;1.38;
2022-06-01 21:00:00;0.0;0.0;0.0;18.26;72.95;0.55;
2022-06-01 22:00:00;0.0;0.0;0.0;17.47;75.4;0.48;
2022-06-01 23:00:00;0.0;0.0;0.0;16.39;75.25;0.83;
2022-06-02 00:00:00;0.0;0.0;0.0;14.6;83.4;1.24;
2022-06-02 01:00:00;0.0;0.0;0.0;13.13;86.3;1.31;
2022-06-02 02:00:00;0.0;0.0;0.0;12.44;89.35;1.31;
2022-06-02 03:00:00;0.0;0.0;0.0;11.18;89.3;1.66;
2022-06-02 04:00:00;33.0;180.07;21.0;10.48;92.5;1.93;
2022-06-02 05:00:00;186.0;487.52;72.0;11.56;92.55;1.66;
2022-06-02 06:00:00;359.0;614.8;111.0;14.84;83.45;1.79;
2022-06-02 07:00:00;547.0;745.04;127.0;17.58;72.8;2.07;
2022-06-02 08:00:00;698.0;772.79;154.0;19.88;63.7;2.07;
2022-06-02 09:00:00;829.0;815.25;165.0;21.77;55.8;2.14;
2022-06-02 10:00:00;896.0;779.47;204.0;23.37;50.45;2.41;
2022-06-02 11:00:00;922.0;758.53;225.0;24.53;47.25;2.76;
2022-06-02 12:00:00;922.0;799.42;198.0;25.3;42.75;3.17;
2022-06-02 13:00:00;845.0;751.49;207.0;25.78;39.95;3.59;
2022-06-02 14:00:00;741.0;747.93;178.0;25.91;37.2;3.93;
2022-06-02 15:00:00;589.0;681.63;164.0;25.51;38.45;3.86;
2022-06-02 16:00:00;424.0;625.46;130.0;24.6;42.5;3.66;
2022-06-02 17:00:00;226.0;373.12;113.0;22.87;46.85;3.86;
2022-06-02 18:00:00;85.0;300.06;45.0;21.28;43.4;4.14;
2022-06-02 19:00:00;0.0;0.0;0.0;19.99;39.95;4.83;
2022-06-02 20:00:00;0.0;0.0;0.0;18.87;41.15;4.76;
2022-06-02 21:00:00;0.0;0.0;0.0;17.95;42.45;4.62;
2022-06-02 22:00:00;0.0;0.0;0.0;17.39;43.9;4.69;
2022-06-02 23:00:00;0.0;0.0;0.0;16.66;45.45;4.41;
2022-06-03 00:00:00;0.0;0.0;0.0;15.79;52.4;3.72;
2022-06-03 01:00:00;0.0;0.0;0.0;14.88;58.25;3.24;
2022-06-03 02:00:00;0.0;0.0;0.0;13.95;69.65;3.03;
2022-06-03 03:00:00;0.0;0.0;0.0;13.42;83.25;2.76;
2022-06-03 04:00:00;4.0;0.0;4.0;13.15;89.4;2.62;
2022-06-03 05:00:00;150.0;238.43;94.0;13.59;95.95;2.62;
2022-06-03 06:00:00;279.0;257.25;175.0;14.97;89.5;2.69;
2022-06-03 07:00:00;540.0;731.6;127.0;16.7;83.65;1.79;
2022-06-03 08:00:00;638.0;580.41;229.0;17.36;80.85;2.62;
2022-06-03 09:00:00;487.0;105.5;401.0;18.19;75.55;3.03;
2022-06-03 10:00:00;386.0;16.88;371.0;18.98;78.3;2.69;
2022-06-03 11:00:00;486.0;54.36;436.0;19.97;78.45;2.41;
2022-06-03 12:00:00;868.0;662.9;267.0;20.7;73.35;2.14;
2022-06-03 13:00:00;846.0;769.31;192.0;21.11;70.9;1.72;
2022-06-03 14:00:00;738.0;750.61;172.0;21.47;66.25;1.03;
2022-06-03 15:00:00;596.0;721.6;145.0;21.56;61.85;1.03;
2022-06-03 16:00:00;422.0;625.34;127.0;21.57;57.65;1.31;
2022-06-03 17:00:00;250.0;525.08;90.0;20.67;61.6;2.21;
2022-06-03 18:00:00;89.0;325.18;45.0;19.18;73.05;2.41;
2022-06-03 19:00:00;0.0;0.0;0.0;18.3;72.95;2.34;
2022-06-03 20:00:00;0.0;0.0;0.0;16.68;78.0;2.21;
2022-06-03 21:00:00;0.0;0.0;0.0;15.39;83.5;1.93;
2022-06-03 22:00:00;0.0;0.0;0.0;14.0;92.65;1.66;
2022-06-03 23:00:00;0.0;0.0;0.0;13.02;95.95;1.45;
2022-06-04 00:00:00;0.0;0.0;0.0;12.67;92.6;1.24;
2022-06-04 01:00:00;0.0;0.0;0.0;12.83;92.6;0.9;
2022-06-04 02:00:00;0.0;0.0;0.0;12.81;92.6;0.48;
2022-06-04 03:00:00;0.0;0.0;0.0;12.47;92.6;0.28;
2022-06-04 04:00:00;30.0;101.52;23.0;12.2;92.6;0.34;
2022-06-04 05:00:00;166.0;343.5;85.0;12.48;95.95;0.14;
2022-06-04 06:00:00;323.0;441.89;144.0;14.73;86.45;0.34;
2022-06-04 07:00:00;497.0;559.07;181.0;17.36;78.1;0.48;
2022-06-04 08:00:00;629.0;554.36;238.0;18.91;70.55;0.21;
2022-06-04 09:00:00;817.0;797.95;166.0;20.14;65.95;0.21;
2022-06-04 10:00:00;870.0;720.84;229.0;21.19;61.7;0.41;
2022-06-04 11:00:00;881.0;663.76;270.0;21.89;57.75;0.62;
2022-06-04 12:00:00;906.0;769.12;208.0;22.53;57.75;0.97;
2022-06-04 13:00:00;835.0;737.79;207.0;23.01;55.9;1.1;
2022-06-04 14:00:00;737.0;746.7;173.0;23.4;54.1;1.31;
2022-06-04 15:00:00;589.0;692.79;155.0;23.53;52.25;1.52;
2022-06-04 16:00:00;419.0;610.51;130.0;23.31;52.25;2.14;
2022-06-04 17:00:00;247.0;502.42;93.0;22.4;59.8;2.48;
2022-06-04 18:00:00;81.0;233.15;49.0;20.95;66.15;2.76;
2022-06-04 19:00:00;0.0;0.0;0.0;19.58;65.85;3.03;
2022-06-04 20:00:00;0.0;0.0;0.0;18.2;70.45;3.03;
2022-06-04 21:00:00;0.0;0.0;0.0;17.09;78.0;2.83;
2022-06-04 22:00:00;0.0;0.0;0.0;16.08;83.55;2.48;
2022-06-04 23:00:00;0.0;0.0;0.0;15.05;89.5;2.0;
2022-06-05 00:00:00;0.0;0.0;0.0;13.92;95.95;1.45;
2022-06-05 01:00:00;0.0;0.0;0.0;13.4;95.95;0.9;
2022-06-05 02:00:00;0.0;0.0;0.0;12.6;99.4;1.1;
2022-06-05 03:00:00;0.0;0.0;0.0;12.0;99.4;1.45;
2022-06-05 04:00:00;9.0;0.0;9.0;12.97;95.95;0.83;
2022-06-05 05:00:00;158.0;283.11;91.0;13.75;92.65;0.21;
2022-06-05 06:00:00;291.0;300.64;169.0;15.06;92.7;0.62;
2022-06-05 07:00:00;509.0;611.47;163.0;17.26;80.85;0.62;
2022-06-05 08:00:00;671.0;698.39;178.0;18.8;75.65;0.62;
2022-06-05 09:00:00;802.0;753.28;187.0;20.02;70.7;0.62;
2022-06-05 10:00:00;888.0;776.51;197.0;21.3;61.85;0.83;
2022-06-05 11:00:00;909.0;741.38;226.0;22.14;57.75;1.1;
2022-06-05 12:00:00;894.0;737.55;224.0;22.72;55.8;1.1;
2022-06-05 13:00:00;816.0;681.74;235.0;22.96;54.0;1.31;
2022-06-05 14:00:00;732.0;729.64;180.0;23.3;52.25;1.59;
2022-06-05 15:00:00;586.0;676.9;161.0;23.36;50.45;1.66;
2022-06-05 16:00:00;420.0;608.47;131.0;23.27;50.45;1.52;
2022-06-05 17:00:00;244.0;473.63;98.0;22.84;55.9;1.24;
2022-06-05 18:00:00;85.0;258.77;49.0;22.02;61.95;1.17;
2022-06-05 19:00:00;0.0;0.0;0.0;19.93;65.95;2.69;
2022-06-05 20:00:00;0.0;0.0;0.0;18.3;70.45;2.62;
2022-06-05 21:00:00;0.0;0.0;0.0;17.34;72.8;2.28;
2022-06-05 22:00:00;0.0;0.0;0.0;16.32;77.95;1.72;
2022-06-05 23:00:00;0.0;0.0;0.0;16.37;75.25;0.48;
2022-06-06 00:00:00;0.0;0.0;0.0;14.5;89.5;1.38;
2022-06-06 01:00:00;0.0;0.0;0.0;13.94;92.65;1.66;
2022-06-06 02:00:00;0.0;0.0;0.0;13.54;95.95;1.31;
2022-06-06 03:00:00;0.0;0.0;0.0;14.35;92.7;0.76;
2022-06-06 04:00:00;26.0;56.44;22.0;14.06;95.95;0.69;
2022-06-06 05:00:00;147.0;214.81;96.0;14.64;92.7;0.48;
2022-06-06 06:00:00;229.0;115.64;182.0;16.3;86.55;0.34;
2022-06-06 07:00:00;475.0;480.22;203.0;18.01;80.9;0.55;
2022-06-06 08:00:00;641.0;597.37;219.0;19.1;73.05;0.69;
2022-06-06 09:00:00;787.0;707.5;209.0;19.83;68.3;0.9;
2022-06-06 10:00:00;848.0;664.82;256.0;20.91;63.9;1.1;
2022-06-06 11:00:00;898.0;713.71;240.0;22.02;59.8;1.17;
2022-06-06 12:00:00;907.0;779.77;198.0;22.85;57.9;1.24;
2022-06-06 13:00:00;837.0;746.58;200.0;23.31;56.0;1.1;
2022-06-06 14:00:00;731.0;727.19;180.0;23.67;56.0;0.76;
2022-06-06 15:00:00;585.0;673.86;161.0;23.94;54.2;0.28;
2022-06-06 16:00:00;386.0;451.22;171.0;23.82;52.35;0.76;
2022-06-06 17:00:00;236.0;419.44;106.0;22.84;57.9;1.17;
2022-06-06 18:00:00;75.0;163.21;52.0;21.6;68.6;1.52;
2022-06-06 19:00:00;0.0;0.0;0.0;21.29;66.25;2.34;
2022-06-06 20:00:00;0.0;0.0;0.0;19.72;70.7;2.21;
2022-06-06 21:00:00;0.0;0.0;0.0;18.43;75.55;2.07;
2022-06-06 22:00:00;0.0;0.0;0.0;17.17;83.7;1.72;
2022-06-06 23:00:00;0.0;0.0;0.0;16.61;89.65;2.0;
2022-06-07 00:00:00;0.0;0.0;0.0;16.05;92.75;2.21;
2022-06-07 01:00:00;0.0;0.0;0.0;15.71;92.75;2.34;
2022-06-07 02:00:00;0.0;0.0;0.0;15.65;92.75;2.28;
2022-06-07 03:00:00;0.0;0.0;0.0;15.24;96.0;2.14;
2022-06-07 04:00:00;24.0;41.85;21.0;15.01;99.4;1.72;
2022-06-07 05:00:00;104.0;50.4;92.0;15.48;99.4;0.97;
2022-06-07 06:00:00;301.0;339.08;163.0;17.46;89.7;1.1;
2022-06-07 07:00:00;493.0;545.09;184.0;18.44;83.8;0.48;
2022-06-07 08:00:00;657.0;647.92;199.0;19.91;78.45;0.28;
2022-06-07 09:00:00;802.0;751.14;188.0;21.21;71.0;0.28;
2022-06-07 10:00:00;893.0;790.12;189.0;22.22;68.7;0.76;
2022-06-07 11:00:00;930.0;799.93;192.0;22.83;66.45;0.97;
2022-06-07 12:00:00;915.0;796.69;190.0;23.51;64.3;1.1;
2022-06-07 13:00:00;834.0;734.05;207.0;23.75;62.25;1.03;
2022-06-07 14:00:00;733.0;730.06;179.0;24.29;60.25;0.76;
2022-06-07 15:00:00;550.0;536.07;212.0;24.71;58.2;0.9;
2022-06-07 16:00:00;404.0;523.05;154.0;24.1;58.1;1.17;
2022-06-07 17:00:00;262.0;564.9;86.0;23.21;64.2;0.48;
2022-06-07 18:00:00;62.0;70.1;52.0;22.5;68.7;0.69;
2022-06-07 19:00:00;0.0;0.0;0.0;22.68;66.35;0.41;
2022-06-07 20:00:00;0.0;0.0;0.0;21.1;70.9;0.76;
2022-06-07 21:00:00;0.0;0.0;0.0;18.16;86.7;1.45;
2022-06-07 22:00:00;0.0;0.0;0.0;17.01;89.65;1.31;
2022-06-07 23:00:00;0.0;0.0;0.0;17.61;86.65;0.76;
2022-06-08 00:00:00;0.0;0.0;0.0;17.01;89.65;0.34;
2022-06-08 01:00:00;0.0;0.0;0.0;16.19;89.65;0.48;
2022-06-08 02:00:00;0.0;0.0;0.0;15.6;96.0;0.62;
2022-06-08 03:00:00;0.0;0.0;0.0;15.3;92.75;0.69;
2022-06-08 04:00:00;23.0;27.63;21.0;15.05;96.0;0.62;
2022-06-08 05:00:00;102.0;46.09;91.0;15.24;96.0;0.28;
2022-06-08 06:00:00;312.0;390.23;153.0;17.33;89.7;0.34;
2022-06-08 07:00:00;499.0;572.9;174.0;19.7;81.15;0.9;
2022-06-08 08:00:00;624.0;545.77;238.0;21.08;75.95;0.48;
2022-06-08 09:00:00;522.0;146.73;402.0;22.44;71.05;0.28;
2022-06-08 10:00:00;744.0;418.4;371.0;23.15;68.75;0.9;
2022-06-08 11:00:00;904.0;734.42;226.0;23.9;64.4;1.17;
2022-06-08 12:00:00;851.0;626.95;280.0;24.45;62.35;1.52;
2022-06-08 13:00:00;717.0;431.54;348.0;24.28;62.35;1.79;
2022-06-08 14:00:00;320.0;17.11;307.0;23.49;66.55;2.07;
2022-06-08 15:00:00;222.0;4.75;219.0;23.09;68.75;2.0;
2022-06-08 16:00:00;231.0;52.15;206.0;22.97;68.75;1.52;
2022-06-08 17:00:00;108.0;9.58;105.0;22.79;66.45;1.03;
2022-06-08 18:00:00;8.0;0.0;8.0;22.37;71.05;0.9;
2022-06-08 19:00:00;0.0;0.0;0.0;21.04;70.9;2.07;
2022-06-08 20:00:00;0.0;0.0;0.0;19.55;73.15;2.34;
2022-06-08 21:00:00;0.0;0.0;0.0;18.2;72.95;1.93;
2022-06-08 22:00:00;0.0;0.0;0.0;16.93;78.0;1.45;
2022-06-08 23:00:00;0.0;0.0;0.0;16.63;77.95;0.9;
2022-06-09 00:00:00;0.0;0.0;0.0;15.56;80.6;1.17;
2022-06-09 01:00:00;0.0;0.0;0.0;14.49;89.5;1.52;
2022-06-09 02:00:00;0.0;0.0;0.0;14.02;92.65;1.45;
2022-06-09 03:00:00;0.0;0.0;0.0;13.95;92.65;1.31;
2022-06-09 04:00:00;13.0;0.0;13.0;14.15;92.7;1.1;
2022-06-09 05:00:00;68.0;4.18;67.0;14.94;96.0;0.9;
2022-06-09 06:00:00;31.0;0.0;31.0;16.8;86.6;0.9;
2022-06-09 07:00:00;256.0;33.47;237.0;18.24;75.55;1.03;
2022-06-09 08:00:00;291.0;15.55;280.0;18.96;73.05;1.24;
2022-06-09 09:00:00;341.0;14.67;329.0;19.4;70.65;0.69;
2022-06-09 10:00:00;321.0;3.36;318.0;20.02;70.7;0.97;
2022-06-09 11:00:00;174.0;0.0;174.0;19.95;73.2;1.59;
2022-06-09 12:00:00;105.0;0.0;105.0;19.53;78.35;3.03;
2022-06-09 13:00:00;112.0;0.0;112.0;19.0;83.85;2.9;
2022-06-09 14:00:00;105.0;0.0;105.0;18.63;86.75;1.38;
2022-06-09 15:00:00;68.0;0.0;68.0;18.31;83.8;1.03;
2022-06-09 16:00:00;46.0;0.0;46.0;18.07;83.75;1.17;
2022-06-09 17:00:00;23.0;0.0;23.0;17.9;83.75;1.59;
2022-06-09 18:00:00;64.0;75.39;53.0;17.32;86.65;1.31;
2022-06-09 19:00:00;0.0;0.0;0.0;16.32;86.55;0.83;
2022-06-09 20:00:00;0.0;0.0;0.0;15.49;89.55;1.31;
2022-06-09 21:00:00;0.0;0.0;0.0;14.9;92.7;1.66;
2022-06-09 22:00:00;0.0;0.0;0.0;14.49;92.7;1.45;
2022-06-09 23:00:00;0.0;0.0;0.0;14.09;95.95;1.1;
2022-06-10 00:00:00;0.0;0.0;0.0;13.82;95.95;1.38;
2022-06-10 01:00:00;0.0;0.0;0.0;13.62;99.4;0.97;
2022-06-10 02:00:00;0.0;0.0;0.0;13.81;95.95;0.55;
2022-06-10 03:00:00;0.0;0.0;0.0;13.96;92.65;0.41;
2022-06-10 04:00:00;26.0;54.4;22.0;13.76;92.65;0.28;
2022-06-10 05:00:00;177.0;409.13;79.0;13.94;95.95;0.21;
2022-06-10 06:00:00;293.0;301.36;170.0;14.73;86.45;0.62;
2022-06-10 07:00:00;528.0;685.01;139.0;15.37;89.55;0.34;
2022-06-10 08:00:00;574.0;395.57;294.0;16.2;86.55;0.55;
2022-06-10 09:00:00;529.0;153.94;403.0;17.05;86.6;1.1;
2022-06-10 10:00:00;730.0;383.28;388.0;17.51;83.7;1.72;
2022-06-10 11:00:00;801.0;469.59;367.0;18.3;75.55;2.14;
2022-06-10 12:00:00;927.0;825.57;174.0;19.68;65.85;2.48;
2022-06-10 13:00:00;866.0;818.22;165.0;20.65;59.5;2.83;
2022-06-10 14:00:00;355.0;31.5;331.0;21.18;57.55;2.9;
2022-06-10 15:00:00;585.0;652.86;171.0;21.5;57.65;3.17;
2022-06-10 16:00:00;390.0;446.01;175.0;21.42;57.65;3.31;
2022-06-10 17:00:00;160.0;85.43;133.0;20.8;61.7;3.31;
2022-06-10 18:00:00;85.0;210.27;54.0;19.8;68.3;3.17;
2022-06-10 19:00:00;0.0;0.0;0.0;18.36;72.95;3.17;
2022-06-10 20:00:00;0.0;0.0;0.0;16.93;78.0;2.97;
2022-06-10 21:00:00;0.0;0.0;0.0;15.92;80.65;2.62;
2022-06-10 22:00:00;0.0;0.0;0.0;15.06;83.45;2.41;
2022-06-10 23:00:00;0.0;0.0;0.0;14.43;83.4;2.28;
2022-06-11 00:00:00;0.0;0.0;0.0;13.87;86.35;2.14;
2022-06-11 01:00:00;0.0;0.0;0.0;13.34;89.4;2.0;
2022-06-11 02:00:00;0.0;0.0;0.0;12.81;92.6;2.07;
2022-06-11 03:00:00;0.0;0.0;0.0;12.47;95.95;2.21;
2022-06-11 04:00:00;34.0;135.23;24.0;12.26;95.95;2.14;
2022-06-11 05:00:00;187.0;466.98;75.0;13.25;92.65;1.66;
2022-06-11 06:00:00;361.0;612.19;111.0;15.68;86.5;1.79;
2022-06-11 07:00:00;553.0;764.01;119.0;17.12;83.65;2.62;
2022-06-11 08:00:00;716.0;824.83;132.0;18.99;75.65;2.76;
2022-06-11 09:00:00;0.0;0.0;0.0;20.76;66.15;2.69;
2022-06-11 10:00:00;0.0;0.0;0.0;22.33;64.1;2.48;
2022-06-11 11:00:00;960.0;861.93;163.0;23.6;58.0;2.34;
2022-06-11 12:00:00;945.0;857.9;162.0;24.56;54.35;2.21;
2022-06-11 13:00:00;873.0;826.81;164.0;25.19;50.8;2.07;
2022-06-11 14:00:00;761.0;791.75;157.0;25.55;47.5;2.07;
2022-06-11 15:00:00;618.0;757.2;137.0;25.71;47.5;2.28;
2022-06-11 16:00:00;444.0;670.4;120.0;25.32;49.2;2.69;
2022-06-11 17:00:00;272.0;582.85;87.0;24.37;58.2;2.97;
2022-06-11 18:00:00;92.0;268.69;52.0;22.79;66.45;2.9;
2022-06-11 19:00:00;0.0;0.0;0.0;20.66;78.5;3.03;
2022-06-11 20:00:00;0.0;0.0;0.0;19.2;81.1;2.34;
2022-06-11 21:00:00;0.0;0.0;0.0;18.07;86.7;2.0;
2022-06-11 22:00:00;0.0;0.0;0.0;17.05;92.8;2.0;
2022-06-11 23:00:00;0.0;0.0;0.0;16.13;96.0;1.86;
2022-06-12 00:00:00;0.0;0.0;0.0;15.32;99.4;1.52;
2022-06-12 01:00:00;0.0;0.0;0.0;14.42;99.35;1.17;
2022-06-12 02:00:00;0.0;0.0;0.0;14.1;100.0;1.31;
2022-06-12 03:00:00;0.0;0.0;0.0;14.1;100.0;1.1;
2022-06-12 04:00:00;23.0;26.93;21.0;14.31;99.35;0.9;
2022-06-12 05:00:00;157.0;258.27;95.0;15.16;96.0;1.24;
2022-06-12 06:00:00;331.0;462.65;142.0;16.26;89.65;1.17;
2022-06-12 07:00:00;517.0;630.09;159.0;18.25;81.0;1.24;
2022-06-12 08:00:00;684.0;731.48;166.0;20.16;75.75;0.76;
2022-06-12 09:00:00;821.0;799.85;166.0;21.74;68.7;0.14;
2022-06-12 10:00:00;826.0;593.57;296.0;23.16;68.75;0.69;
2022-06-12 11:00:00;892.0;678.86;264.0;24.31;62.35;0.69;
2022-06-12 12:00:00;933.0;832.19;173.0;25.18;60.35;0.69;
2022-06-12 13:00:00;853.0;770.19;192.0;25.95;52.85;0.69;
2022-06-12 14:00:00;760.0;789.51;157.0;26.36;49.45;0.9;
2022-06-12 15:00:00;614.0;743.38;141.0;26.52;47.75;1.45;
2022-06-12 16:00:00;442.0;658.44;123.0;26.41;47.75;1.79;
2022-06-12 17:00:00;260.0;517.73;95.0;25.98;52.85;1.52;
2022-06-12 18:00:00;95.0;279.55;53.0;24.89;62.45;1.24;
2022-06-12 19:00:00;0.0;0.0;0.0;23.11;68.75;2.14;
2022-06-12 20:00:00;0.0;0.0;0.0;20.92;73.35;2.21;
2022-06-12 21:00:00;0.0;0.0;0.0;19.11;83.85;2.0;
2022-06-12 22:00:00;0.0;0.0;0.0;17.6;89.7;1.72;
2022-06-12 23:00:00;0.0;0.0;0.0;16.53;92.8;1.66;
2022-06-13 00:00:00;0.0;0.0;0.0;15.7;92.75;1.66;
2022-06-13 01:00:00;0.0;0.0;0.0;15.43;96.0;2.07;
2022-06-13 02:00:00;0.0;0.0;0.0;15.39;92.75;2.28;
2022-06-13 03:00:00;0.0;0.0;0.0;15.39;92.75;2.34;
2022-06-13 04:00:00;23.0;26.84;21.0;15.29;92.75;2.21;
2022-06-13 05:00:00;156.0;258.13;94.0;16.22;92.8;1.72;
2022-06-13 06:00:00;320.0;423.42;147.0;18.88;83.85;1.66;
2022-06-13 07:00:00;512.0;626.52;156.0;20.96;75.95;1.72;
2022-06-13 08:00:00;674.0;715.89;167.0;22.3;71.05;1.66;
2022-06-13 09:00:00;0.0;0.0;0.0;23.67;66.55;1.45;
2022-06-13 10:00:00;897.0;810.64;173.0;24.84;60.35;1.31;
2022-06-13 11:00:00;941.0;832.04;171.0;25.8;56.6;1.24;
2022-06-13 12:00:00;921.0;817.5;174.0;26.49;52.95;1.1;
2022-06-13 13:00:00;856.0;798.69;170.0;27.03;51.3;0.97;
2022-06-13 14:00:00;750.0;774.26;158.0;27.36;48.0;0.9;
2022-06-13 15:00:00;603.0;718.68;145.0;27.55;46.4;0.83;
2022-06-13 16:00:00;431.0;626.02;127.0;27.5;46.4;0.69;
2022-06-13 17:00:00;255.0;490.73;98.0;27.26;49.55;0.55;
2022-06-13 18:00:00;84.0;178.18;57.0;26.33;56.7;0.34;
2022-06-13 19:00:00;0.0;0.0;0.0;23.91;64.4;1.66;
2022-06-13 20:00:00;0.0;0.0;0.0;21.75;71.05;1.59;
2022-06-13 21:00:00;0.0;0.0;0.0;20.6;78.5;1.38;
2022-06-13 22:00:00;0.0;0.0;0.0;20.85;68.5;0.9;
2022-06-13 23:00:00;0.0;0.0;0.0;20.68;70.8;0.55;
2022-06-14 00:00:00;0.0;0.0;0.0;20.08;70.7;0.62;
2022-06-14 01:00:00;0.0;0.0;0.0;19.42;73.15;0.48;
2022-06-14 02:00:00;0.0;0.0;0.0;18.78;75.65;0.55;
2022-06-14 03:00:00;0.0;0.0;0.0;17.8;78.15;0.83;
2022-06-14 04:00:00;16.0;0.0;16.0;16.8;83.65;1.03;
2022-06-14 05:00:00;43.0;0.0;43.0;17.29;86.65;0.69;
2022-06-14 06:00:00;135.0;4.9;133.0;19.58;78.35;0.62;
2022-06-14 07:00:00;506.0;615.99;156.0;21.17;73.35;0.48;
2022-06-14 08:00:00;442.0;146.85;338.0;22.77;66.45;0.62;
2022-06-14 09:00:00;771.0;677.57;216.0;23.92;60.15;0.41;
2022-06-14 10:00:00;859.0;714.21;221.0;24.97;56.35;0.48;
2022-06-14 11:00:00;927.0;811.24;176.0;25.96;51.05;0.83;
2022-06-14 12:00:00;913.0;807.24;175.0;26.61;51.2;1.03;
2022-06-14 13:00:00;844.0;774.84;178.0;27.08;49.55;1.03;
2022-06-14 14:00:00;731.0;726.43;175.0;27.29;48.0;1.1;
2022-06-14 15:00:00;181.0;0.0;181.0;27.12;51.3;0.97;
2022-06-14 16:00:00;146.0;2.05;145.0;26.93;53.1;1.52;
2022-06-14 17:00:00;99.0;6.23;97.0;26.0;58.55;2.34;
2022-06-14 18:00:00;28.0;0.0;28.0;24.49;66.75;2.55;
2022-06-14 19:00:00;0.0;0.0;0.0;23.17;71.15;2.69;
2022-06-14 20:00:00;0.0;0.0;0.0;21.5;73.45;2.55;
2022-06-14 21:00:00;0.0;0.0;0.0;20.44;75.85;2.48;
2022-06-14 22:00:00;0.0;0.0;0.0;19.69;78.45;2.48;
2022-06-14 23:00:00;0.0;0.0;0.0;19.03;83.85;2.34;
2022-06-15 00:00:00;0.0;0.0;0.0;18.78;83.85;2.0;
2022-06-15 01:00:00;0.0;0.0;0.0;18.43;86.75;1.93;
2022-06-15 02:00:00;0.0;0.0;0.0;18.02;89.75;2.0;
2022-06-15 03:00:00;0.0;0.0;0.0;17.65;92.85;1.86;
2022-06-15 04:00:00;17.0;0.0;17.0;17.32;92.85;1.66;
2022-06-15 05:00:00;129.0;129.06;98.0;18.12;92.85;1.31;
2022-06-15 06:00:00;302.0;354.97;157.0;20.0;83.95;1.59;
2022-06-15 07:00:00;486.0;538.64;180.0;20.91;78.55;1.72;
2022-06-15 08:00:00;659.0;676.4;180.0;22.31;76.1;1.72;
2022-06-15 09:00:00;788.0;731.27;189.0;23.74;68.95;1.38;
2022-06-15 10:00:00;878.0;771.19;189.0;24.54;66.75;0.97;
2022-06-15 11:00:00;895.0;722.46;226.0;25.28;62.55;1.1;
2022-06-15 12:00:00;849.0;628.66;274.0;25.67;62.55;1.45;
2022-06-15 13:00:00;740.0;487.14;321.0;26.54;58.7;1.93;
2022-06-15 14:00:00;421.0;80.93;359.0;26.97;56.85;2.28;
2022-06-15 15:00:00;117.0;0.0;117.0;26.72;58.7;2.55;
2022-06-15 16:00:00;344.0;278.87;208.0;26.62;58.7;2.69;
2022-06-15 17:00:00;246.0;434.54;106.0;25.93;62.65;2.69;
2022-06-15 18:00:00;97.0;279.42;54.0;24.39;66.75;3.1;
2022-06-15 19:00:00;0.0;0.0;0.0;22.08;71.05;3.24;
2022-06-15 20:00:00;0.0;0.0;0.0;20.6;73.3;2.83;
2022-06-15 21:00:00;0.0;0.0;0.0;19.66;78.35;2.76;
2022-06-15 22:00:00;0.0;0.0;0.0;18.9;78.3;2.48;
2022-06-15 23:00:00;0.0;0.0;0.0;18.38;81.0;2.34;
2022-06-16 00:00:00;0.0;0.0;0.0;17.99;86.7;2.14;
2022-06-16 01:00:00;0.0;0.0;0.0;17.55;89.7;1.93;
2022-06-16 02:00:00;0.0;0.0;0.0;17.26;89.7;1.86;
2022-06-16 03:00:00;0.0;0.0;0.0;17.0;92.8;1.72;
2022-06-16 04:00:00;23.0;26.79;21.0;16.63;96.05;1.24;
2022-06-16 05:00:00;148.0;220.77;95.0;17.65;92.85;0.97;
2022-06-16 06:00:00;311.0;394.3;150.0;18.79;83.85;0.97;
2022-06-16 07:00:00;499.0;589.86;164.0;20.71;75.95;1.1;
2022-06-16 08:00:00;662.0;689.23;174.0;21.93;73.55;1.38;
2022-06-16 09:00:00;800.0;771.59;168.0;23.37;71.25;1.31;
2022-06-16 10:00:00;882.0;784.55;181.0;24.58;66.75;1.52;
2022-06-16 11:00:00;910.0;765.47;201.0;25.56;62.55;1.66;
2022-06-16 12:00:00;917.0;815.28;171.0;26.07;60.6;1.52;
2022-06-16 13:00:00;852.0;797.07;166.0;26.56;58.7;1.31;
2022-06-16 14:00:00;747.0;772.02;155.0;26.95;56.85;1.45;
2022-06-16 15:00:00;601.0;714.14;144.0;27.23;56.85;1.86;
2022-06-16 16:00:00;430.0;620.12;127.0;26.73;60.7;1.93;
2022-06-16 17:00:00;250.0;451.73;104.0;26.15;64.8;2.07;
2022-06-16 18:00:00;88.0;200.07;57.0;25.2;69.15;2.14;
2022-06-16 19:00:00;0.0;0.0;0.0;23.81;68.95;2.41;
2022-06-16 20:00:00;0.0;0.0;0.0;22.52;73.55;2.41;
2022-06-16 21:00:00;0.0;0.0;0.0;21.18;75.95;2.41;
2022-06-16 22:00:00;0.0;0.0;0.0;20.23;75.85;2.0;
2022-06-16 23:00:00;0.0;0.0;0.0;19.31;81.1;1.66;
2022-06-17 00:00:00;0.0;0.0;0.0;18.52;86.75;1.59;
2022-06-17 01:00:00;0.0;0.0;0.0;17.84;86.7;1.45;
2022-06-17 02:00:00;0.0;0.0;0.0;17.63;89.7;1.1;
2022-06-17 03:00:00;0.0;0.0;0.0;17.88;86.7;0.76;
2022-06-17 04:00:00;18.0;13.42;17.0;17.36;89.7;0.9;
2022-06-17 05:00:00;131.0;137.58;98.0;18.11;92.85;0.76;
2022-06-17 06:00:00;313.0;406.79;147.0;20.14;81.15;0.69;
2022-06-17 07:00:00;505.0;621.81;152.0;22.53;73.55;0.41;
2022-06-17 08:00:00;670.0;724.72;157.0;24.15;68.95;0.41;
2022-06-17 09:00:00;802.0;779.0;164.0;25.42;62.55;0.28;
2022-06-17 10:00:00;894.0;815.86;165.0;26.57;56.7;0.07;
2022-06-17 11:00:00;933.0;826.86;167.0;27.48;53.2;0.07;
2022-06-17 12:00:00;914.0;812.8;170.0;28.2;51.55;0.07;
2022-06-17 13:00:00;846.0;782.68;172.0;28.61;49.95;0.14;
2022-06-17 14:00:00;741.0;758.34;159.0;28.97;50.05;0.21;
2022-06-17 15:00:00;574.0;618.07;178.0;29.14;50.05;0.14;
2022-06-17 16:00:00;402.0;494.39;160.0;29.19;50.05;0.34;
2022-06-17 17:00:00;247.0;431.9;107.0;28.89;51.8;0.48;
2022-06-17 18:00:00;87.0;192.4;57.0;28.08;63.1;0.48;
2022-06-17 19:00:00;0.0;0.0;0.0;26.74;69.4;0.9;
2022-06-17 20:00:00;0.0;0.0;0.0;24.58;73.85;1.1;
2022-06-17 21:00:00;0.0;0.0;0.0;23.03;78.75;1.24;
2022-06-17 22:00:00;0.0;0.0;0.0;22.56;76.1;0.97;
2022-06-17 23:00:00;0.0;0.0;0.0;22.42;76.1;0.48;
2022-06-18 00:00:00;0.0;0.0;0.0;21.49;78.65;0.28;
2022-06-18 01:00:00;0.0;0.0;0.0;20.64;81.2;0.34;
2022-06-18 02:00:00;0.0;0.0;0.0;20.03;83.95;0.34;
2022-06-18 03:00:00;0.0;0.0;0.0;19.59;86.85;0.62;
2022-06-18 04:00:00;24.0;26.93;22.0;18.67;89.75;0.9;
2022-06-18 05:00:00;155.0;262.98;92.0;19.19;86.85;0.76;
2022-06-18 06:00:00;320.0;438.98;141.0;21.98;78.7;0.9;
2022-06-18 07:00:00;508.0;627.42;152.0;24.41;71.4;0.55;
2022-06-18 08:00:00;673.0;729.2;157.0;26.14;64.8;0.62;
2022-06-18 09:00:00;810.0;795.01;159.0;27.61;58.9;0.76;
2022-06-18 10:00:00;898.0;821.47;164.0;28.8;53.55;0.83;
2022-06-18 11:00:00;942.0;844.01;160.0;29.69;51.9;0.76;
2022-06-18 12:00:00;929.0;839.85;160.0;30.38;48.75;0.83;
2022-06-18 13:00:00;855.0;798.53;167.0;30.93;45.7;1.03;
2022-06-18 14:00:00;750.0;774.69;155.0;31.22;45.7;0.9;
2022-06-18 15:00:00;604.0;717.16;144.0;31.41;44.3;0.69;
2022-06-18 16:00:00;428.0;605.74;131.0;31.26;44.2;0.69;
2022-06-18 17:00:00;252.0;455.35;104.0;30.26;53.8;1.38;
2022-06-18 18:00:00;91.0;210.43;58.0;28.23;63.1;2.0;
2022-06-18 19:00:00;0.0;0.0;0.0;26.52;62.8;2.0;
2022-06-18 20:00:00;0.0;0.0;0.0;24.54;73.85;1.45;
2022-06-18 21:00:00;0.0;0.0;0.0;23.13;81.45;1.1;
2022-06-18 22:00:00;0.0;0.0;0.0;21.95;81.4;1.17;
2022-06-18 23:00:00;0.0;0.0;0.0;21.53;84.1;0.97;
2022-06-19 00:00:00;0.0;0.0;0.0;20.79;86.95;1.1;
2022-06-19 01:00:00;0.0;0.0;0.0;19.98;89.85;1.38;
2022-06-19 02:00:00;0.0;0.0;0.0;19.6;92.9;1.45;
2022-06-19 03:00:00;0.0;0.0;0.0;19.8;89.85;1.17;
2022-06-19 04:00:00;7.0;0.0;7.0;20.36;86.9;0.69;
2022-06-19 05:00:00;108.0;62.71;93.0;20.19;92.95;1.03;
2022-06-19 06:00:00;226.0;115.37;179.0;22.44;87.05;1.45;
2022-06-19 07:00:00;375.0;206.33;258.0;24.23;76.3;2.48;
2022-06-19 08:00:00;589.0;459.48;264.0;25.56;69.25;2.0;
2022-06-19 09:00:00;798.0;769.55;168.0;26.73;64.95;1.59;
2022-06-19 10:00:00;861.0;724.16;214.0;27.75;63.0;0.97;
2022-06-19 11:00:00;939.0;839.62;161.0;28.65;61.1;0.21;
2022-06-19 12:00:00;926.0;836.36;160.0;29.3;55.5;0.28;
2022-06-19 13:00:00;857.0;806.29;162.0;29.9;52.05;0.34;
2022-06-19 14:00:00;740.0;749.43;164.0;30.11;50.3;0.48;
2022-06-19 15:00:00;583.0;644.79;169.0;30.37;47.15;0.48;
2022-06-19 16:00:00;418.0;557.98;144.0;30.32;45.6;0.48;
2022-06-19 17:00:00;232.0;334.54;123.0;30.12;45.45;0.14;
2022-06-19 18:00:00;82.0;139.56;60.0;28.92;59.2;0.28;
2022-06-19 19:00:00;0.0;0.0;0.0;26.4;76.65;1.03;
2022-06-19 20:00:00;0.0;0.0;0.0;25.77;71.65;0.69;
2022-06-19 21:00:00;0.0;0.0;0.0;24.04;78.9;1.03;
2022-06-19 22:00:00;0.0;0.0;0.0;22.29;84.15;1.31;
2022-06-19 23:00:00;0.0;0.0;0.0;20.83;84.05;1.66;
2022-06-20 00:00:00;0.0;0.0;0.0;20.19;83.95;2.0;
2022-06-20 01:00:00;0.0;0.0;0.0;19.88;81.15;2.21;
2022-06-20 02:00:00;0.0;0.0;0.0;19.5;81.1;2.14;
2022-06-20 03:00:00;0.0;0.0;0.0;18.97;83.85;1.79;
2022-06-20 04:00:00;22.0;27.19;20.0;18.58;86.75;1.59;
2022-06-20 05:00:00;160.0;297.41;89.0;19.61;83.9;1.79;
2022-06-20 06:00:00;196.0;58.98;172.0;21.53;73.45;1.66;
2022-06-20 07:00:00;190.0;3.53;188.0;23.26;71.25;1.52;
2022-06-20 08:00:00;641.0;616.71;205.0;24.52;66.75;1.31;
2022-06-20 09:00:00;321.0;9.78;313.0;25.73;60.45;1.17;
2022-06-20 10:00:00;236.0;0.0;236.0;26.53;54.8;0.0;
2022-06-20 11:00:00;401.0;18.35;384.0;27.43;51.45;1.03;
2022-06-20 12:00:00;94.0;0.0;94.0;28.09;49.8;1.86;
2022-06-20 13:00:00;134.0;0.0;134.0;28.78;46.75;2.28;
2022-06-20 14:00:00;259.0;2.6;257.0;29.14;46.75;2.55;
2022-06-20 15:00:00;72.0;0.0;72.0;28.84;45.2;2.34;
2022-06-20 16:00:00;122.0;0.0;122.0;28.06;48.15;1.59;
2022-06-20 17:00:00;51.0;0.0;51.0;27.43;51.45;1.03;
2022-06-20 18:00:00;53.0;18.94;50.0;25.87;56.6;1.45;
2022-06-20 19:00:00;0.0;0.0;0.0;23.96;62.25;2.21;
2022-06-20 20:00:00;0.0;0.0;0.0;22.44;64.1;2.83;
2022-06-20 21:00:00;0.0;0.0;0.0;21.36;66.25;3.03;
2022-06-20 22:00:00;0.0;0.0;0.0;20.57;70.8;2.83;
2022-06-20 23:00:00;0.0;0.0;0.0;19.68;78.35;2.41;
2022-06-21 00:00:00;0.0;0.0;0.0;18.81;81.05;2.21;
2022-06-21 01:00:00;0.0;0.0;0.0;18.15;89.75;2.07;
2022-06-21 02:00:00;0.0;0.0;0.0;18.12;89.75;1.79;
2022-06-21 03:00:00;0.0;0.0;0.0;17.79;89.75;1.72;
2022-06-21 04:00:00;20.0;13.69;19.0;17.3;92.85;1.79;
2022-06-21 05:00:00;61.0;0.0;61.0;17.87;89.75;1.72;
2022-06-21 06:00:00;123.0;2.46;122.0;18.89;86.8;2.07;
2022-06-21 07:00:00;380.0;211.97;260.0;21.05;75.95;2.28;
2022-06-21 08:00:00;460.0;169.84;340.0;22.21;68.7;2.41;
2022-06-21 09:00:00;779.0;688.17;216.0;23.09;64.2;2.34;
2022-06-21 10:00:00;841.0;647.13;263.0;23.9;60.15;2.48;
2022-06-21 11:00:00;938.0;823.41;175.0;24.61;56.25;2.83;
2022-06-21 12:00:00;905.0;760.74;208.0;25.25;50.95;3.1;
2022-06-21 13:00:00;876.0;835.83;155.0;25.75;47.65;3.17;
2022-06-21 14:00:00;769.0;810.91;145.0;25.9;46.0;3.17;
2022-06-21 15:00:00;621.0;754.03;136.0;25.91;44.45;3.1;
2022-06-21 16:00:00;447.0;660.1;122.0;25.65;45.9;3.24;
2022-06-21 17:00:00;266.0;516.5;97.0;24.84;49.05;3.03;
2022-06-21 18:00:00;101.0;282.98;56.0;23.54;56.0;2.83;
2022-06-21 19:00:00;0.0;0.0;0.0;21.92;57.75;3.03;
2022-06-21 20:00:00;0.0;0.0;0.0;20.47;61.6;2.97;
2022-06-21 21:00:00;0.0;0.0;0.0;19.34;65.85;2.62;
2022-06-21 22:00:00;0.0;0.0;0.0;18.72;70.55;2.34;
2022-06-21 23:00:00;0.0;0.0;0.0;17.9;75.45;2.14;
2022-06-22 00:00:00;0.0;0.0;0.0;17.29;80.85;2.14;
2022-06-22 01:00:00;0.0;0.0;0.0;16.94;83.65;2.21;
2022-06-22 02:00:00;0.0;0.0;0.0;16.69;83.65;1.93;
2022-06-22 03:00:00;0.0;0.0;0.0;16.47;89.65;1.93;
2022-06-22 04:00:00;8.0;0.0;8.0;16.23;89.65;1.72;
2022-06-22 05:00:00;16.0;0.0;16.0;16.91;92.8;1.31;
2022-06-22 06:00:00;191.0;54.22;169.0;19.28;78.35;1.59;
2022-06-22 07:00:00;504.0;610.0;159.0;20.98;75.95;2.83;
2022-06-22 08:00:00;662.0;685.46;178.0;22.01;71.05;2.97;
2022-06-22 09:00:00;815.0;803.41;158.0;23.2;68.75;2.69;
2022-06-22 10:00:00;909.0;841.01;158.0;24.33;62.35;3.1;
2022-06-22 11:00:00;959.0;875.26;148.0;24.92;60.35;3.1;
2022-06-22 12:00:00;942.0;859.96;154.0;25.78;54.7;2.9;
2022-06-22 13:00:00;863.0;807.77;166.0;26.27;52.95;2.62;
2022-06-22 14:00:00;718.0;657.25;212.0;26.52;52.95;2.76;
2022-06-22 15:00:00;557.0;531.31;215.0;26.25;52.85;2.97;
2022-06-22 16:00:00;440.0;637.05;126.0;25.75;52.85;3.24;
2022-06-22 17:00:00;262.0;497.29;99.0;25.02;56.35;3.66;
2022-06-22 18:00:00;98.0;250.65;58.0;23.87;62.25;3.45;
2022-06-22 19:00:00;0.0;0.0;0.0;22.21;66.35;3.59;
2022-06-22 20:00:00;0.0;0.0;0.0;20.71;68.5;3.31;
2022-06-22 21:00:00;0.0;0.0;0.0;19.67;73.15;3.03;
2022-06-22 22:00:00;0.0;0.0;0.0;18.94;75.65;2.76;
2022-06-22 23:00:00;0.0;0.0;0.0;18.42;81.0;2.48;
2022-06-23 00:00:00;0.0;0.0;0.0;17.95;83.75;2.21;
2022-06-23 01:00:00;0.0;0.0;0.0;17.46;86.65;1.93;
2022-06-23 02:00:00;0.0;0.0;0.0;16.91;89.65;1.59;
2022-06-23 03:00:00;0.0;0.0;0.0;16.28;92.8;1.52;
2022-06-23 04:00:00;21.0;13.93;20.0;15.88;96.0;1.45;
2022-06-23 05:00:00;163.0;320.84;87.0;17.15;92.8;1.38;
2022-06-23 06:00:00;322.0;454.21;138.0;18.82;83.85;1.59;
2022-06-23 07:00:00;520.0;677.93;137.0;20.57;78.5;1.93;
2022-06-23 08:00:00;683.0;756.83;149.0;22.14;71.05;2.21;
2022-06-23 09:00:00;814.0;802.57;158.0;23.33;66.55;2.34;
2022-06-23 10:00:00;873.0;748.27;205.0;24.36;62.35;2.69;
2022-06-23 11:00:00;843.0;575.29;310.0;25.19;58.35;3.17;
2022-06-23 12:00:00;900.0;755.15;208.0;25.67;56.5;3.66;
2022-06-23 13:00:00;862.0;806.43;166.0;25.53;56.5;4.14;
2022-06-23 14:00:00;762.0;793.3;151.0;25.47;54.55;4.55;
2022-06-23 15:00:00;612.0;728.14;143.0;24.72;56.25;4.55;
2022-06-23 16:00:00;433.0;604.01;135.0;23.98;58.1;4.62;
2022-06-23 17:00:00;211.0;222.38;138.0;23.23;58.0;4.28;
2022-06-23 18:00:00;109.0;343.62;54.0;22.39;64.1;2.9;
2022-06-23 19:00:00;0.0;0.0;0.0;21.29;64.0;1.79;
2022-06-23 20:00:00;0.0;0.0;0.0;19.82;73.2;2.28;
2022-06-23 21:00:00;0.0;0.0;0.0;18.48;86.75;2.69;
2022-06-23 22:00:00;0.0;0.0;0.0;17.64;92.85;1.79;
2022-06-23 23:00:00;0.0;0.0;0.0;17.23;92.85;1.59;
2022-06-24 00:00:00;0.0;0.0;0.0;16.89;96.05;2.34;
2022-06-24 01:00:00;0.0;0.0;0.0;16.69;92.8;2.69;
2022-06-24 02:00:00;0.0;0.0;0.0;16.39;92.8;2.55;
2022-06-24 03:00:00;0.0;0.0;0.0;16.09;89.6;2.21;
2022-06-24 04:00:00;15.0;0.0;15.0;15.76;83.55;2.21;
2022-06-24 05:00:00;178.0;423.53;78.0;15.96;80.65;2.21;
2022-06-24 06:00:00;357.0;608.38;111.0;17.33;72.8;2.0;
2022-06-24 07:00:00;546.0;747.85;124.0;19.51;59.25;2.9;
2022-06-24 08:00:00;712.0;818.43;135.0;21.0;46.5;3.31;
2022-06-24 09:00:00;0.0;0.0;0.0;22.27;41.95;3.1;
2022-06-24 10:00:00;945.0;904.28;138.0;23.34;39.3;2.83;
2022-06-24 11:00:00;976.0;891.68;150.0;24.12;38.05;2.76;
2022-06-24 12:00:00;446.0;33.83;415.0;24.84;35.65;2.9;
2022-06-24 13:00:00;271.0;0.0;271.0;25.14;35.65;3.03;
2022-06-24 14:00:00;469.0;118.11;378.0;24.34;39.55;3.52;
2022-06-24 15:00:00;566.0;530.68;224.0;24.23;39.45;3.17;
2022-06-24 16:00:00;459.0;686.54;120.0;24.28;36.8;2.9;
2022-06-24 17:00:00;279.0;559.8;95.0;23.92;39.45;2.62;
2022-06-24 18:00:00;108.0;330.32;55.0;22.83;42.1;2.69;
2022-06-24 19:00:00;0.0;0.0;0.0;21.15;37.35;4.14;
2022-06-24 20:00:00;0.0;0.0;0.0;20.18;34.45;4.69;
2022-06-24 21:00:00;0.0;0.0;0.0;19.49;34.3;4.76;
2022-06-24 22:00:00;0.0;0.0;0.0;18.85;35.45;4.55;
2022-06-24 23:00:00;0.0;0.0;0.0;18.14;37.95;4.07;
2022-06-25 00:00:00;0.0;0.0;0.0;17.36;40.75;3.52;
2022-06-25 01:00:00;0.0;0.0;0.0;16.6;45.3;2.97;
2022-06-25 02:00:00;0.0;0.0;0.0;15.59;52.25;2.41;
2022-06-25 03:00:00;0.0;0.0;0.0;14.18;58.1;2.07;
2022-06-25 04:00:00;31.0;114.0;23.0;12.96;72.05;2.07;
2022-06-25 05:00:00;184.0;467.57;74.0;13.5;77.5;1.72;
2022-06-25 06:00:00;356.0;594.74;116.0;16.89;60.85;1.66;
2022-06-25 07:00:00;553.0;764.8;122.0;19.37;49.55;2.14;
2022-06-25 08:00:00;721.0;833.36;134.0;20.91;43.25;2.48;
2022-06-25 09:00:00;858.0;879.44;140.0;22.23;40.5;2.62;
2022-06-25 10:00:00;956.0;919.2;136.0;23.35;37.9;2.55;
2022-06-25 11:00:00;999.0;930.73;137.0;24.25;34.25;2.21;
2022-06-25 12:00:00;981.0;914.5;143.0;24.79;31.95;1.86;
2022-06-25 13:00:00;905.0;872.22;152.0;25.33;29.85;1.52;
2022-06-25 14:00:00;792.0;838.22;146.0;25.57;29.85;1.1;
2022-06-25 15:00:00;642.0;783.24;137.0;25.63;28.75;0.97;
2022-06-25 16:00:00;462.0;684.05;124.0;25.47;29.85;1.17;
2022-06-25 17:00:00;281.0;565.3;95.0;25.11;33.15;1.17;
2022-06-25 18:00:00;62.0;37.32;56.0;23.34;54.1;1.1;
2022-06-25 19:00:00;0.0;0.0;0.0;23.03;42.1;0.41;
2022-06-25 20:00:00;0.0;0.0;0.0;19.86;51.5;2.07;
2022-06-25 21:00:00;0.0;0.0;0.0;19.2;41.3;3.79;
2022-06-25 22:00:00;0.0;0.0;0.0;19.06;36.8;5.31;
2022-06-25 23:00:00;0.0;0.0;0.0;18.57;36.7;5.31;
2022-06-26 00:00:00;0.0;0.0;0.0;17.86;37.95;4.9;
2022-06-26 01:00:00;0.0;0.0;0.0;17.43;40.75;4.55;
2022-06-26 02:00:00;0.0;0.0;0.0;16.83;42.15;4.07;
2022-06-26 03:00:00;0.0;0.0;0.0;16.3;45.3;3.79;
2022-06-26 04:00:00;18.0;14.44;17.0;15.59;50.35;3.38;
2022-06-26 05:00:00;169.0;358.46;85.0;15.75;54.35;2.9;
2022-06-26 06:00:00;286.0;283.12;172.0;16.84;54.6;2.69;
2022-06-26 07:00:00;546.0;751.66;123.0;19.29;55.2;1.93;
2022-06-26 08:00:00;709.0;811.43;138.0;20.72;49.95;1.93;
2022-06-26 09:00:00;853.0;880.02;135.0;21.66;48.3;1.31;
2022-06-26 10:00:00;947.0;907.27;138.0;22.45;45.1;0.83;
2022-06-26 11:00:00;979.0;895.32;150.0;23.18;43.65;0.76;
2022-06-26 12:00:00;915.0;754.15;224.0;23.7;42.25;0.69;
2022-06-26 13:00:00;902.0;873.32;148.0;24.13;39.45;0.76;
2022-06-26 14:00:00;785.0;827.67;147.0;24.43;38.15;1.03;
2022-06-26 15:00:00;636.0;772.11;138.0;24.43;38.15;0.97;
2022-06-26 16:00:00;457.0;671.55;125.0;24.23;38.05;0.9;
2022-06-26 17:00:00;272.0;516.26;102.0;23.21;42.1;2.9;
2022-06-26 18:00:00;92.0;186.38;62.0;21.53;48.3;3.79;
2022-06-26 19:00:00;0.0;0.0;0.0;20.54;53.5;2.62;
2022-06-26 20:00:00;0.0;0.0;0.0;18.9;57.1;2.34;
2022-06-26 21:00:00;0.0;0.0;0.0;17.49;63.2;2.21;
2022-06-26 22:00:00;0.0;0.0;0.0;16.41;67.65;2.41;
2022-06-26 23:00:00;0.0;0.0;0.0;15.96;70.0;2.62;
2022-06-27 00:00:00;0.0;0.0;0.0;15.49;72.45;2.76;
2022-06-27 01:00:00;0.0;0.0;0.0;15.32;72.45;2.69;
2022-06-27 02:00:00;0.0;0.0;0.0;14.93;75.0;2.83;
2022-06-27 03:00:00;0.0;0.0;0.0;14.93;75.0;3.03;
2022-06-27 04:00:00;10.0;0.0;10.0;14.9;77.75;3.17;
2022-06-27 05:00:00;38.0;0.0;38.0;15.67;75.15;3.1;
2022-06-27 06:00:00;152.0;14.94;146.0;16.86;70.2;3.52;
2022-06-27 07:00:00;376.0;202.88;262.0;17.72;70.35;3.31;
2022-06-27 08:00:00;266.0;7.11;261.0;18.74;65.75;3.66;
2022-06-27 09:00:00;594.0;248.99;391.0;19.59;61.4;3.66;
2022-06-27 10:00:00;471.0;57.22;420.0;20.36;57.45;3.59;
2022-06-27 11:00:00;523.0;77.78;451.0;21.26;51.9;3.03;
2022-06-27 12:00:00;636.0;197.57;455.0;21.77;50.2;2.69;
2022-06-27 13:00:00;765.0;515.42;320.0;21.8;50.2;2.0;
2022-06-27 14:00:00;568.0;265.91;363.0;20.67;57.45;1.86;
2022-06-27 15:00:00;55.0;0.0;55.0;18.3;72.95;3.17;
2022-06-27 16:00:00;40.0;0.0;40.0;17.42;78.1;3.45;
2022-06-27 17:00:00;24.0;0.0;24.0;17.06;80.8;3.1;
2022-06-27 18:00:00;96.0;217.27;61.0;16.51;83.6;2.48;
2022-06-27 19:00:00;0.0;0.0;0.0;16.04;89.6;1.66;
2022-06-27 20:00:00;0.0;0.0;0.0;15.12;96.0;0.76;
2022-06-27 21:00:00;0.0;0.0;0.0;14.85;92.7;0.55;
2022-06-27 22:00:00;0.0;0.0;0.0;13.57;99.4;1.24;
2022-06-27 23:00:00;0.0;0.0;0.0;13.09;99.4;1.72;
2022-06-28 00:00:00;0.0;0.0;0.0;13.17;95.95;1.38;
2022-06-28 01:00:00;0.0;0.0;0.0;13.11;99.4;1.38;
2022-06-28 02:00:00;0.0;0.0;0.0;12.74;95.95;1.66;
2022-06-28 03:00:00;0.0;0.0;0.0;12.82;95.95;1.59;
2022-06-28 04:00:00;19.0;14.89;18.0;12.77;95.95;1.24;
2022-06-28 05:00:00;154.0;275.55;90.0;13.28;95.95;0.62;
2022-06-28 06:00:00;304.0;366.85;157.0;14.36;86.4;0.48;
2022-06-28 07:00:00;435.0;356.52;235.0;15.2;77.8;0.28;
2022-06-28 08:00:00;653.0;640.86;203.0;16.61;70.1;1.1;
2022-06-28 09:00:00;586.0;235.68;394.0;17.51;63.2;1.38;
2022-06-28 10:00:00;704.0;331.17;409.0;18.51;56.95;1.52;
2022-06-28 11:00:00;923.0;762.98;217.0;19.24;53.25;1.59;
2022-06-28 12:00:00;883.0;677.98;262.0;20.05;53.35;1.93;
2022-06-28 13:00:00;646.0;271.05;412.0;20.74;49.95;2.0;
2022-06-28 14:00:00;753.0;741.91;181.0;21.13;49.95;2.07;
2022-06-28 15:00:00;609.0;692.75;162.0;21.26;48.3;2.28;
2022-06-28 16:00:00;438.0;594.31;144.0;21.11;49.95;2.34;
2022-06-28 17:00:00;261.0;458.18;110.0;20.59;49.8;1.93;
2022-06-28 18:00:00;98.0;235.84;60.0;19.86;55.3;1.52;
2022-06-28 19:00:00;0.0;0.0;0.0;18.12;63.3;1.72;
2022-06-28 20:00:00;0.0;0.0;0.0;16.61;72.65;1.72;
2022-06-28 21:00:00;0.0;0.0;0.0;15.05;80.55;1.52;
2022-06-28 22:00:00;0.0;0.0;0.0;15.43;75.1;0.97;
2022-06-28 23:00:00;0.0;0.0;0.0;15.54;72.45;0.48;
2022-06-29 00:00:00;0.0;0.0;0.0;15.01;75.0;0.21;
2022-06-29 01:00:00;0.0;0.0;0.0;14.39;77.65;0.83;
2022-06-29 02:00:00;0.0;0.0;0.0;13.8;80.4;0.9;
2022-06-29 03:00:00;0.0;0.0;0.0;13.56;83.25;0.83;
2022-06-29 04:00:00;25.0;60.64;21.0;13.21;83.25;0.28;
2022-06-29 05:00:00;62.0;4.33;61.0;13.44;86.3;0.07;
2022-06-29 06:00:00;228.0;125.11;178.0;15.67;75.15;0.41;
2022-06-29 07:00:00;289.0;66.07;252.0;17.15;72.7;0.69;
2022-06-29 08:00:00;386.0;79.85;330.0;18.41;65.65;0.41;
2022-06-29 09:00:00;413.0;49.14;373.0;19.43;61.4;0.28;
2022-06-29 10:00:00;253.0;0.0;253.0;20.45;57.45;0.48;
2022-06-29 11:00:00;406.0;18.38;389.0;21.25;53.75;0.28;
2022-06-29 12:00:00;216.0;0.0;216.0;21.62;51.9;0.28;
2022-06-29 13:00:00;172.0;0.0;172.0;22.14;50.2;0.55;
2022-06-29 14:00:00;184.0;0.0;184.0;22.49;48.45;0.62;
2022-06-29 15:00:00;323.0;52.69;289.0;22.81;46.85;0.21;
2022-06-29 16:00:00;326.0;206.17;224.0;22.84;45.25;0.21;
2022-06-29 17:00:00;234.0;315.55;130.0;22.78;46.85;0.62;
2022-06-29 18:00:00;99.0;248.34;59.0;22.22;52.0;0.76;
2022-06-29 19:00:00;0.0;0.0;0.0;20.33;68.4;0.9;
2022-06-29 20:00:00;0.0;0.0;0.0;18.19;72.95;1.31;
2022-06-29 21:00:00;0.0;0.0;0.0;16.44;77.95;1.79;
2022-06-29 22:00:00;0.0;0.0;0.0;15.54;80.6;2.14;
2022-06-29 23:00:00;0.0;0.0;0.0;14.66;83.45;2.07;
2022-06-30 00:00:00;0.0;0.0;0.0;13.98;89.45;1.79;
2022-06-30 01:00:00;0.0;0.0;0.0;13.92;89.45;1.45;
2022-06-30 02:00:00;0.0;0.0;0.0;13.87;86.35;1.38;
2022-06-30 03:00:00;0.0;0.0;0.0;13.29;86.3;1.52;
2022-06-30 04:00:00;24.0;61.82;20.0;13.27;86.3;1.45;
2022-06-30 05:00:00;169.0;391.47;79.0;14.99;80.55;0.9;
2022-06-30 06:00:00;340.0;554.59;119.0;17.47;75.4;0.62;
2022-06-30 07:00:00;533.0;726.31;127.0;19.69;65.95;0.69;
2022-06-30 08:00:00;701.0;806.62;136.0;21.46;57.65;0.62;
2022-06-30 09:00:00;841.0;865.66;137.0;22.85;54.0;0.55;
2022-06-30 10:00:00;934.0;893.58;139.0;23.94;48.8;0.34;
2022-06-30 11:00:00;982.0;918.29;133.0;24.83;45.75;0.41;
2022-06-30 12:00:00;966.0;903.37;139.0;25.5;42.75;0.83;
2022-06-30 13:00:00;892.0;860.9;149.0;26.1;41.4;1.1;
2022-06-30 14:00:00;781.0;826.32;144.0;26.51;38.7;1.45;
2022-06-30 15:00:00;635.0;781.08;131.0;26.64;38.7;1.72;
2022-06-30 16:00:00;459.0;687.27;119.0;23.49;53.08;2.05;
2022-06-30 17:00:00;277.0;552.33;95.0;23.1;55.78;1.96;
2022-06-30 18:00:00;104.0;292.07;57.0;22.72;58.49;1.88;
2022-06-30 19:00:00;0.0;0.0;0.0;22.34;61.19;1.8;
2022-06-30 20:00:00;0.0;0.0;0.0;21.96;63.9;1.72;
2022-06-30 21:00:00;0.0;0.0;0.0;21.58;66.61;1.64;
2022-06-30 22:00:00;0.0;0.0;0.0;21.2;69.31;1.56;
2022-06-30 23:00:00;0.0;0.0;0.0;20.81;72.02;1.48;
2022-07-01 00:00:00;0.0;0.0;0.0;20.43;74.72;1.39;
2022-07-01 01:00:00;0.0;0.0;0.0;20.05;77.43;1.31;
2022-07-01 02:00:00;0.0;0.0;0.0;19.67;80.14;1.23;
2022-07-01 03:00:00;0.0;0.0;0.0;19.29;82.84;1.15;
2022-07-01 04:00:00;29.0;126.24;21.0;18.91;85.55;1.07;
2022-07-01 05:00:00;106.0;69.99;90.0;18.52;88.26;0.99;
2022-07-01 06:00:00;244.0;176.19;174.0;18.14;90.96;0.91;
2022-07-01 07:00:00;456.0;458.85;200.0;17.76;93.67;0.82;
2022-07-01 08:00:00;623.0;583.26;215.0;23.38;66.55;0.55;
2022-07-01 09:00:00;764.0;679.41;212.0;24.73;58.35;0.28;
2022-07-01 10:00:00;823.0;627.63;265.0;25.89;54.7;0.83;
2022-07-01 11:00:00;894.0;727.21;222.0;27.01;49.55;1.1;
2022-07-01 12:00:00;899.0;768.19;196.0;28.22;46.5;1.1;
2022-07-01 13:00:00;834.0;737.1;198.0;28.68;43.55;1.03;
2022-07-01 14:00:00;730.0;707.1;185.0;29.26;42.2;1.45;
2022-07-01 15:00:00;580.0;620.0;180.0;29.19;40.75;1.93;
2022-07-01 16:00:00;400.0;460.97;172.0;28.91;40.65;2.21;
2022-07-01 17:00:00;149.0;51.61;132.0;28.1;41.95;2.62;
2022-07-01 18:00:00;91.0;192.93;60.0;26.81;44.7;2.55;
2022-07-01 19:00:00;0.0;0.0;0.0;24.9;50.8;2.48;
2022-07-01 20:00:00;0.0;0.0;0.0;23.44;56.0;2.55;
2022-07-01 21:00:00;0.0;0.0;0.0;22.4;59.8;2.34;
2022-07-01 22:00:00;0.0;0.0;0.0;21.51;61.85;2.21;
2022-07-01 23:00:00;0.0;0.0;0.0;20.78;66.05;2.07;
2022-07-02 00:00:00;0.0;0.0;0.0;20.26;68.3;2.07;
2022-07-02 01:00:00;0.0;0.0;0.0;19.9;73.15;1.93;
2022-07-02 02:00:00;0.0;0.0;0.0;19.18;78.3;1.66;
2022-07-02 03:00:00;0.0;0.0;0.0;18.76;83.8;1.45;
2022-07-02 04:00:00;27.0;112.97;20.0;18.67;83.8;1.45;
2022-07-02 05:00:00;90.0;35.2;82.0;19.6;81.1;1.31;
2022-07-02 06:00:00;69.0;0.0;69.0;20.78;75.85;1.38;
2022-07-02 07:00:00;220.0;14.37;212.0;21.44;78.55;2.07;
2022-07-02 08:00:00;138.0;0.0;138.0;22.36;73.55;2.69;
2022-07-02 09:00:00;125.0;0.0;125.0;23.66;66.65;3.17;
2022-07-02 10:00:00;862.0;733.9;210.0;24.71;60.35;3.1;
2022-07-02 11:00:00;612.0;169.99;455.0;25.78;52.85;3.24;
2022-07-02 12:00:00;858.0;649.34;264.0;26.84;47.9;3.72;
2022-07-02 13:00:00;856.0;797.61;168.0;27.2;46.4;3.79;
2022-07-02 14:00:00;697.0;596.96;237.0;26.89;46.25;4.28;
2022-07-02 15:00:00;474.0;293.03;285.0;26.09;47.75;4.34;
2022-07-02 16:00:00;385.0;400.46;187.0;26.4;46.15;3.79;
2022-07-02 17:00:00;198.0;173.19;141.0;26.25;46.15;2.9;
2022-07-02 18:00:00;105.0;311.81;55.0;24.72;52.6;0.9;
2022-07-02 19:00:00;0.0;0.0;0.0;22.53;62.05;2.76;
2022-07-02 20:00:00;0.0;0.0;0.0;21.71;68.6;2.48;
2022-07-02 21:00:00;0.0;0.0;0.0;21.08;70.9;2.14;
2022-07-02 22:00:00;0.0;0.0;0.0;20.49;73.3;1.79;
2022-07-02 23:00:00;0.0;0.0;0.0;19.73;81.1;1.52;
2022-07-03 00:00:00;0.0;0.0;0.0;19.21;86.8;1.17;
2022-07-03 01:00:00;0.0;0.0;0.0;18.95;83.85;1.1;
2022-07-03 02:00:00;0.0;0.0;0.0;19.14;83.85;0.83;
2022-07-03 03:00:00;0.0;0.0;0.0;19.0;83.85;0.83;
2022-07-03 04:00:00;18.0;33.07;16.0;19.36;83.85;0.69;
2022-07-03 05:00:00;22.0;0.0;22.0;19.64;81.1;0.48;
2022-07-03 06:00:00;164.0;27.87;153.0;20.53;78.5;0.28;
2022-07-03 07:00:00;206.0;9.0;201.0;20.81;81.2;0.76;
2022-07-03 08:00:00;331.0;38.71;304.0;21.61;73.45;1.1;
2022-07-03 09:00:00;370.0;27.13;348.0;22.74;68.75;1.38;
2022-07-03 10:00:00;515.0;94.63;431.0;24.0;58.2;1.72;
2022-07-03 11:00:00;692.0;279.51;434.0;25.23;49.2;2.28;
2022-07-03 12:00:00;514.0;79.84;441.0;26.25;43.05;2.97;
2022-07-03 13:00:00;511.0;105.54;420.0;26.93;38.85;3.72;
2022-07-03 14:00:00;543.0;232.37;364.0;26.99;36.2;4.69;
2022-07-03 15:00:00;356.0;86.85;300.0;26.23;36.05;5.45;
2022-07-03 16:00:00;351.0;281.28;212.0;25.14;39.85;5.72;
2022-07-03 17:00:00;180.0;118.61;141.0;23.94;45.5;5.38;
2022-07-03 18:00:00;64.0;43.77;57.0;22.77;50.3;4.41;
2022-07-03 19:00:00;0.0;0.0;0.0;21.66;59.7;3.38;
2022-07-03 20:00:00;0.0;0.0;0.0;20.93;66.05;3.1;
2022-07-03 21:00:00;0.0;0.0;0.0;20.13;68.3;2.69;
2022-07-03 22:00:00;0.0;0.0;0.0;19.64;70.65;2.14;
2022-07-03 23:00:00;0.0;0.0;0.0;18.89;81.0;1.24;
2022-07-04 00:00:00;0.0;0.0;0.0;19.68;73.15;0.21;
2022-07-04 01:00:00;0.0;0.0;0.0;19.49;73.15;0.34;
2022-07-04 02:00:00;0.0;0.0;0.0;19.1;75.65;0.62;
2022-07-04 03:00:00;0.0;0.0;0.0;17.51;83.7;1.24;
2022-07-04 04:00:00;13.0;0.0;13.0;16.91;86.6;1.31;
2022-07-04 05:00:00;156.0;325.38;83.0;18.31;80.9;0.83;
2022-07-04 06:00:00;340.0;587.28;109.0;20.08;73.2;0.76;
2022-07-04 07:00:00;519.0;698.11;132.0;21.74;71.0;0.48;
2022-07-04 08:00:00;673.0;743.8;155.0;23.0;64.3;1.24;
2022-07-04 09:00:00;813.0;811.24;156.0;24.55;54.45;2.48;
2022-07-04 10:00:00;905.0;837.69;162.0;26.06;38.7;3.72;
2022-07-04 11:00:00;953.0;859.68;160.0;26.19;32.35;4.69;
2022-07-04 12:00:00;942.0;856.78;159.0;26.11;29.05;5.03;
2022-07-04 13:00:00;875.0;828.41;161.0;25.69;27.85;5.1;
2022-07-04 14:00:00;758.0;771.43;164.0;24.92;28.65;4.97;
2022-07-04 15:00:00;621.0;743.26;142.0;24.71;28.65;3.72;
2022-07-04 16:00:00;451.0;662.16;124.0;24.78;26.6;3.17;
2022-07-04 17:00:00;275.0;548.12;95.0;24.51;25.6;2.76;
2022-07-04 18:00:00;110.0;351.3;54.0;23.41;31.55;2.14;
2022-07-04 19:00:00;0.0;0.0;0.0;21.8;32.35;2.62;
2022-07-04 20:00:00;0.0;0.0;0.0;19.97;35.75;2.69;
2022-07-04 21:00:00;0.0;0.0;0.0;18.6;41.05;2.34;
2022-07-04 22:00:00;0.0;0.0;0.0;17.48;45.55;2.28;
2022-07-04 23:00:00;0.0;0.0;0.0;16.38;47.0;2.41;
2022-07-05 00:00:00;0.0;0.0;0.0;15.63;50.5;2.28;
2022-07-05 01:00:00;0.0;0.0;0.0;14.96;54.25;2.14;
2022-07-05 02:00:00;0.0;0.0;0.0;14.3;58.1;2.0;
2022-07-05 03:00:00;0.0;0.0;0.0;14.02;58.1;1.66;
2022-07-05 04:00:00;29.0;192.06;18.0;13.54;64.75;1.59;
2022-07-05 05:00:00;173.0;466.79;69.0;14.58;62.65;1.17;
2022-07-05 06:00:00;354.0;648.12;100.0;17.64;52.75;1.1;
2022-07-05 07:00:00;534.0;744.94;122.0;19.4;47.65;1.17;
2022-07-05 08:00:00;693.0;792.46;142.0;21.28;40.2;1.45;
2022-07-05 09:00:00;833.0;849.28;146.0;22.73;35.1;1.17;
2022-07-05 10:00:00;921.0;864.39;155.0;23.89;32.9;1.03;
2022-07-05 11:00:00;970.0;887.39;152.0;24.9;30.8;1.03;
2022-07-05 12:00:00;954.0;872.59;157.0;25.51;28.9;0.97;
2022-07-05 13:00:00;887.0;843.91;160.0;26.26;26.95;0.76;
2022-07-05 14:00:00;781.0;822.49;148.0;26.73;26.1;0.9;
2022-07-05 15:00:00;630.0;759.22;141.0;26.88;25.2;1.03;
2022-07-05 16:00:00;458.0;680.96;122.0;26.84;25.2;1.17;
2022-07-05 17:00:00;274.0;533.7;99.0;26.56;26.1;1.24;
2022-07-05 18:00:00;111.0;365.25;53.0;25.36;45.9;1.17;
2022-07-05 19:00:00;0.0;0.0;0.0;24.58;33.15;0.9;
2022-07-05 20:00:00;0.0;0.0;0.0;23.04;32.75;0.9;
2022-07-05 21:00:00;0.0;0.0;0.0;21.92;34.85;0.97;
2022-07-05 22:00:00;0.0;0.0;0.0;19.4;44.3;1.66;
2022-07-05 23:00:00;0.0;0.0;0.0;17.97;47.4;2.0;
2022-07-06 00:00:00;0.0;0.0;0.0;17.14;48.9;1.93;
2022-07-06 01:00:00;0.0;0.0;0.0;16.63;47.15;1.79;
2022-07-06 02:00:00;0.0;0.0;0.0;16.33;48.8;1.66;
2022-07-06 03:00:00;0.0;0.0;0.0;15.15;54.25;1.79;
2022-07-06 04:00:00;26.0;143.97;18.0;14.41;60.4;1.72;
2022-07-06 05:00:00;137.0;217.02;89.0;15.43;60.65;1.24;
2022-07-06 06:00:00;324.0;512.28;124.0;18.91;51.15;1.31;
2022-07-06 07:00:00;501.0;638.0;149.0;21.24;41.7;1.59;
2022-07-06 08:00:00;685.0;785.16;140.0;23.02;36.55;1.45;
2022-07-06 09:00:00;656.0;382.46;347.0;24.57;33.15;1.52;
2022-07-06 10:00:00;687.0;314.0;409.0;25.82;32.25;1.66;
2022-07-06 11:00:00;945.0;847.88;164.0;27.06;30.35;1.72;
2022-07-06 12:00:00;941.0;856.7;159.0;28.15;31.6;1.86;
2022-07-06 13:00:00;878.0;839.73;155.0;29.02;31.75;1.93;
2022-07-06 14:00:00;773.0;816.46;145.0;29.7;29.8;2.07;
2022-07-06 15:00:00;623.0;751.97;139.0;29.98;30.9;2.69;
2022-07-06 16:00:00;450.0;661.35;124.0;29.59;29.8;3.86;
2022-07-06 17:00:00;272.0;540.76;95.0;28.24;31.6;4.69;
2022-07-06 18:00:00;107.0;341.58;53.0;26.37;33.55;4.41;
2022-07-06 19:00:00;0.0;0.0;0.0;24.08;39.55;4.14;
2022-07-06 20:00:00;0.0;0.0;0.0;22.28;45.1;3.59;
2022-07-06 21:00:00;0.0;0.0;0.0;21.04;49.95;3.17;
2022-07-06 22:00:00;0.0;0.0;0.0;20.1;55.3;2.76;
2022-07-06 23:00:00;0.0;0.0;0.0;19.35;61.3;2.48;
2022-07-07 00:00:00;0.0;0.0;0.0;18.59;65.65;2.28;
2022-07-07 01:00:00;0.0;0.0;0.0;17.88;70.3;2.21;
2022-07-07 02:00:00;0.0;0.0;0.0;17.28;75.3;2.14;
2022-07-07 03:00:00;0.0;0.0;0.0;16.73;75.3;2.21;
2022-07-07 04:00:00;24.0;130.15;17.0;16.38;80.75;2.21;
2022-07-07 05:00:00;167.0;441.92;70.0;17.08;80.8;2.0;
2022-07-07 06:00:00;344.0;622.33;102.0;19.75;68.2;2.41;
2022-07-07 07:00:00;519.0;714.11;126.0;22.24;57.75;2.55;
2022-07-07 08:00:00;680.0;773.55;144.0;24.43;48.95;2.62;
2022-07-07 09:00:00;814.0;819.21;153.0;26.29;43.05;2.55;
2022-07-07 10:00:00;906.0;846.84;157.0;27.86;40.35;2.41;
2022-07-07 11:00:00;949.0;858.34;159.0;29.19;36.7;2.55;
2022-07-07 12:00:00;939.0;856.18;158.0;30.22;33.3;2.9;
2022-07-07 13:00:00;873.0;827.47;161.0;30.88;32.25;3.24;
2022-07-07 14:00:00;768.0;805.28;149.0;31.09;31.3;3.79;
2022-07-07 15:00:00;619.0;741.69;142.0;30.62;32.25;4.48;
2022-07-07 16:00:00;449.0;660.09;124.0;29.61;34.35;4.97;
2022-07-07 17:00:00;271.0;538.81;95.0;28.41;37.75;4.97;
2022-07-07 18:00:00;106.0;336.97;53.0;26.83;40.25;4.28;
2022-07-07 19:00:00;0.0;0.0;0.0;24.76;45.75;3.24;
2022-07-07 20:00:00;0.0;0.0;0.0;23.1;50.45;2.9;
2022-07-07 21:00:00;0.0;0.0;0.0;21.81;57.65;2.76;
2022-07-07 22:00:00;0.0;0.0;0.0;20.82;61.6;2.69;
2022-07-07 23:00:00;0.0;0.0;0.0;19.98;63.7;2.41;
2022-07-08 00:00:00;0.0;0.0;0.0;19.2;70.55;2.21;
2022-07-08 01:00:00;0.0;0.0;0.0;18.37;75.45;2.0;
2022-07-08 02:00:00;0.0;0.0;0.0;17.53;80.85;1.86;
2022-07-08 03:00:00;0.0;0.0;0.0;16.81;83.65;1.72;
2022-07-08 04:00:00;19.0;77.02;15.0;16.33;86.55;1.52;
2022-07-08 05:00:00;153.0;358.2;75.0;17.64;80.85;0.97;
2022-07-08 06:00:00;327.0;562.93;109.0;20.14;68.3;0.76;
2022-07-08 07:00:00;503.0;675.91;132.0;22.73;62.05;0.97;
2022-07-08 08:00:00;660.0;735.93;151.0;24.67;52.6;1.03;
2022-07-08 09:00:00;796.0;791.77;158.0;26.37;46.15;1.03;
2022-07-08 10:00:00;882.0;808.11;168.0;27.84;43.3;1.17;
2022-07-08 11:00:00;925.0;818.83;172.0;29.14;39.35;1.24;
2022-07-08 12:00:00;880.0;714.18;229.0;30.24;36.95;1.24;
2022-07-08 13:00:00;855.0;800.13;167.0;31.17;34.75;1.66;
2022-07-08 14:00:00;744.0;753.8;165.0;31.51;34.75;2.41;
2022-07-08 15:00:00;367.0;102.72;301.0;31.36;34.75;2.62;
2022-07-08 16:00:00;119.0;0.0;119.0;31.03;35.85;2.76;
2022-07-08 17:00:00;26.0;0.0;26.0;30.08;36.95;2.97;
2022-07-08 18:00:00;99.0;281.35;55.0;28.35;43.4;2.34;
2022-07-08 19:00:00;0.0;0.0;0.0;26.56;47.9;2.55;
2022-07-08 20:00:00;0.0;0.0;0.0;25.07;52.75;3.1;
2022-07-08 21:00:00;0.0;0.0;0.0;23.88;58.1;3.24;
2022-07-08 22:00:00;0.0;0.0;0.0;22.84;64.2;2.97;
2022-07-08 23:00:00;0.0;0.0;0.0;22.03;66.35;2.69;
2022-07-09 00:00:00;0.0;0.0;0.0;21.41;73.35;2.34;
2022-07-09 01:00:00;0.0;0.0;0.0;20.93;75.85;1.93;
2022-07-09 02:00:00;0.0;0.0;0.0;20.56;75.85;1.79;
2022-07-09 03:00:00;0.0;0.0;0.0;20.24;81.15;1.72;
2022-07-09 04:00:00;11.0;0.0;11.0;20.02;81.15;1.1;
2022-07-09 05:00:00;39.0;0.0;39.0;20.49;81.2;0.41;
2022-07-09 06:00:00;65.0;0.0;65.0;21.22;75.95;0.69;
2022-07-09 07:00:00;73.0;0.0;73.0;22.24;76.1;2.9;
2022-07-09 08:00:00;185.0;0.0;185.0;23.04;68.85;3.38;
2022-07-09 09:00:00;744.0;642.51;227.0;23.86;66.65;3.59;
2022-07-09 10:00:00;737.0;432.82;355.0;24.67;60.35;4.21;
2022-07-09 11:00:00;145.0;0.0;145.0;25.56;56.6;4.62;
2022-07-09 12:00:00;127.0;0.0;127.0;26.09;52.95;4.69;
2022-07-09 13:00:00;127.0;0.0;127.0;26.45;52.95;4.41;
2022-07-09 14:00:00;392.0;54.72;350.0;25.79;54.7;3.31;
2022-07-09 15:00:00;460.0;269.52;287.0;24.95;58.35;3.03;
2022-07-09 16:00:00;444.0;661.95;119.0;24.32;58.2;2.21;
2022-07-09 17:00:00;251.0;439.94;108.0;23.44;62.15;0.48;
2022-07-09 18:00:00;97.0;270.28;55.0;22.21;66.35;2.83;
2022-07-09 19:00:00;0.0;0.0;0.0;21.33;70.9;2.07;
2022-07-09 20:00:00;0.0;0.0;0.0;20.06;75.75;2.48;
2022-07-09 21:00:00;0.0;0.0;0.0;19.02;78.3;2.55;
2022-07-09 22:00:00;0.0;0.0;0.0;17.98;78.15;3.1;
2022-07-09 23:00:00;0.0;0.0;0.0;17.49;72.8;2.14;
2022-07-10 00:00:00;0.0;0.0;0.0;17.04;75.3;2.07;
2022-07-10 01:00:00;0.0;0.0;0.0;16.36;75.25;2.28;
2022-07-10 02:00:00;0.0;0.0;0.0;15.56;75.15;2.41;
2022-07-10 03:00:00;0.0;0.0;0.0;14.75;75.0;2.28;
2022-07-10 04:00:00;22.0;166.55;14.0;14.18;74.95;2.34;
2022-07-10 05:00:00;169.0;476.44;67.0;14.59;72.4;2.41;
2022-07-10 06:00:00;348.0;646.02;100.0;17.07;60.85;2.69;
2022-07-10 07:00:00;532.0;752.93;121.0;19.43;51.25;2.69;
2022-07-10 08:00:00;694.0;802.63;141.0;21.19;38.75;2.9;
2022-07-10 09:00:00;831.0;847.55;150.0;22.62;31.45;3.17;
2022-07-10 10:00:00;694.0;315.35;416.0;23.7;28.35;3.03;
2022-07-10 11:00:00;733.0;327.92;432.0;24.5;26.6;2.48;
2022-07-10 12:00:00;843.0;568.1;326.0;25.02;24.8;1.79;
2022-07-10 13:00:00;797.0;581.25;298.0;25.41;24.8;1.38;
2022-07-10 14:00:00;669.0;479.93;301.0;25.69;23.15;1.52;
2022-07-10 15:00:00;461.0;244.87;304.0;25.49;23.9;2.41;
2022-07-10 16:00:00;318.0;177.49;231.0;24.73;23.75;3.79;
2022-07-10 17:00:00;195.0;157.36;144.0;23.04;30.4;4.97;
2022-07-10 18:00:00;89.0;187.94;60.0;21.5;38.9;4.83;
2022-07-10 19:00:00;0.0;0.0;0.0;21.16;31.05;3.38;
2022-07-10 20:00:00;0.0;0.0;0.0;19.74;34.3;3.1;
2022-07-10 21:00:00;0.0;0.0;0.0;18.52;36.7;2.55;
2022-07-10 22:00:00;0.0;0.0;0.0;17.35;40.6;2.34;
2022-07-10 23:00:00;0.0;0.0;0.0;16.6;42.15;2.55;
2022-07-11 00:00:00;0.0;0.0;0.0;15.82;46.9;2.41;
2022-07-11 01:00:00;0.0;0.0;0.0;14.85;52.15;2.21;
2022-07-11 02:00:00;0.0;0.0;0.0;13.91;56.0;2.07;
2022-07-11 03:00:00;0.0;0.0;0.0;13.26;62.3;2.0;
2022-07-11 04:00:00;20.0;130.49;14.0;12.83;72.05;1.86;
2022-07-11 05:00:00;164.0;457.19;67.0;14.41;64.95;1.24;
2022-07-11 06:00:00;343.0;638.53;99.0;17.28;60.85;0.9;
2022-07-11 07:00:00;521.0;729.4;124.0;18.63;56.95;0.9;
2022-07-11 08:00:00;681.0;779.53;145.0;20.12;49.7;0.97;
2022-07-11 09:00:00;821.0;835.12;151.0;21.48;43.4;1.03;
2022-07-11 10:00:00;915.0;863.12;155.0;22.64;39.15;1.1;
2022-07-11 11:00:00;954.0;862.59;163.0;23.62;35.4;0.97;
2022-07-11 12:00:00;945.0;860.07;163.0;24.38;33.0;0.83;
2022-07-11 13:00:00;883.0;844.09;159.0;24.92;30.8;0.69;
2022-07-11 14:00:00;778.0;822.44;148.0;25.39;29.85;0.34;
2022-07-11 15:00:00;623.0;748.04;144.0;25.59;27.85;0.28;
2022-07-11 16:00:00;427.0;555.94;155.0;25.54;26.85;0.69;
2022-07-11 17:00:00;268.0;520.0;100.0;25.24;27.7;1.1;
2022-07-11 18:00:00;111.0;398.4;50.0;24.53;31.95;1.38;
2022-07-11 19:00:00;0.0;0.0;0.0;22.49;40.6;1.59;
2022-07-11 20:00:00;0.0;0.0;0.0;20.12;46.2;2.07;
2022-07-11 21:00:00;0.0;0.0;0.0;18.5;51.15;2.07;
2022-07-11 22:00:00;0.0;0.0;0.0;17.61;56.75;1.93;
2022-07-11 23:00:00;0.0;0.0;0.0;16.66;58.7;1.93;
2022-07-12 00:00:00;0.0;0.0;0.0;15.87;62.85;1.86;
2022-07-12 01:00:00;0.0;0.0;0.0;15.73;62.85;1.59;
2022-07-12 02:00:00;0.0;0.0;0.0;15.18;65.05;1.45;
2022-07-12 03:00:00;0.0;0.0;0.0;14.57;67.35;1.38;
2022-07-12 04:00:00;15.0;68.39;12.0;14.32;72.3;1.24;
2022-07-12 05:00:00;155.0;409.16;69.0;15.83;65.15;0.83;
2022-07-12 06:00:00;335.0;612.65;102.0;17.92;67.85;0.62;
2022-07-12 07:00:00;513.0;711.31;127.0;20.47;53.5;0.34;
2022-07-12 08:00:00;675.0;770.96;146.0;22.31;46.75;0.28;
2022-07-12 09:00:00;810.0;816.46;156.0;23.9;39.45;0.21;
2022-07-12 10:00:00;898.0;832.36;166.0;25.15;34.5;0.41;
2022-07-12 11:00:00;916.0;768.52;212.0;26.12;31.2;0.76;
2022-07-12 12:00:00;938.0;853.19;163.0;26.96;30.25;1.38;
2022-07-12 13:00:00;872.0;825.06;165.0;27.64;28.25;1.86;
2022-07-12 14:00:00;759.0;778.9;163.0;28.0;28.25;1.72;
2022-07-12 15:00:00;423.0;181.4;307.0;28.27;26.4;1.45;
2022-07-12 16:00:00;447.0;661.51;124.0;28.34;26.4;1.79;
2022-07-12 17:00:00;270.0;546.66;94.0;27.7;28.25;2.41;
2022-07-12 18:00:00;104.0;349.08;51.0;26.15;32.35;2.62;
2022-07-12 19:00:00;0.0;0.0;0.0;24.06;38.15;2.69;
2022-07-12 20:00:00;0.0;0.0;0.0;22.09;45.1;2.69;
2022-07-12 21:00:00;0.0;0.0;0.0;20.64;51.65;2.55;
2022-07-12 22:00:00;0.0;0.0;0.0;19.51;57.2;2.41;
2022-07-12 23:00:00;0.0;0.0;0.0;18.67;63.4;2.21;
2022-07-13 00:00:00;0.0;0.0;0.0;17.85;70.3;2.14;
2022-07-13 01:00:00;0.0;0.0;0.0;17.06;75.3;2.07;
2022-07-13 02:00:00;0.0;0.0;0.0;16.27;80.75;1.79;
2022-07-13 03:00:00;0.0;0.0;0.0;16.52;78.0;1.24;
2022-07-13 04:00:00;16.0;95.95;12.0;17.59;75.4;0.28;
2022-07-13 05:00:00;152.0;403.55;68.0;17.55;75.4;0.48;
2022-07-13 06:00:00;328.0;594.52;103.0;19.0;70.55;0.55;
2022-07-13 07:00:00;504.0;695.03;128.0;20.9;66.05;0.55;
2022-07-13 08:00:00;664.0;756.57;146.0;22.82;57.9;0.62;
2022-07-13 09:00:00;799.0;802.78;157.0;24.57;45.75;0.62;
2022-07-13 10:00:00;896.0;841.4;157.0;26.11;38.7;0.83;
2022-07-13 11:00:00;940.0;853.52;159.0;27.4;35.05;0.76;
2022-07-13 12:00:00;926.0;839.73;164.0;28.44;32.75;0.76;
2022-07-13 13:00:00;865.0;822.41;161.0;29.28;29.7;0.76;
2022-07-13 14:00:00;761.0;800.74;149.0;29.85;28.75;0.9;
2022-07-13 15:00:00;609.0;726.71;145.0;30.15;26.9;1.1;
2022-07-13 16:00:00;440.0;646.54;125.0;30.18;26.9;1.45;
2022-07-13 17:00:00;263.0;523.78;95.0;29.79;27.75;2.07;
2022-07-13 18:00:00;99.0;305.76;53.0;28.47;31.6;2.14;
2022-07-13 19:00:00;0.0;0.0;0.0;25.76;34.65;2.76;
2022-07-13 20:00:00;0.0;0.0;0.0;23.63;39.45;3.03;
2022-07-13 21:00:00;0.0;0.0;0.0;22.15;43.5;2.83;
2022-07-13 22:00:00;0.0;0.0;0.0;21.03;46.5;2.41;
2022-07-13 23:00:00;0.0;0.0;0.0;19.87;51.4;2.0;
2022-07-14 00:00:00;0.0;0.0;0.0;18.67;56.95;1.79;
2022-07-14 01:00:00;0.0;0.0;0.0;17.75;63.2;1.66;
2022-07-14 02:00:00;0.0;0.0;0.0;17.04;65.35;1.72;
2022-07-14 03:00:00;0.0;0.0;0.0;16.5;65.35;1.66;
2022-07-14 04:00:00;10.0;0.0;10.0;16.12;72.65;1.59;
2022-07-14 05:00:00;145.0;359.11;71.0;17.44;70.3;1.03;
2022-07-14 06:00:00;321.0;573.64;105.0;20.34;63.7;0.97;
2022-07-14 07:00:00;500.0;689.82;128.0;22.86;55.9;1.17;
2022-07-14 08:00:00;660.0;752.4;146.0;24.89;47.4;0.9;
2022-07-14 09:00:00;794.0;797.86;157.0;26.71;38.85;0.83;
2022-07-14 10:00:00;887.0;825.43;163.0;28.25;33.95;0.83;
2022-07-14 11:00:00;931.0;838.1;165.0;29.53;30.75;0.9;
2022-07-14 12:00:00;922.0;835.12;165.0;30.62;27.0;0.97;
2022-07-14 13:00:00;856.0;806.95;166.0;31.43;26.2;1.03;
2022-07-14 14:00:00;753.0;784.73;154.0;32.08;24.6;1.31;
2022-07-14 15:00:00;605.0;721.61;145.0;32.43;24.6;1.66;
2022-07-14 16:00:00;434.0;629.55;128.0;32.4;23.75;2.07;
2022-07-14 17:00:00;262.0;525.91;94.0;31.8;25.4;2.28;
2022-07-14 18:00:00;98.0;308.8;52.0;30.35;29.95;2.21;
2022-07-14 19:00:00;0.0;0.0;0.0;27.53;30.35;2.55;
2022-07-14 20:00:00;0.0;0.0;0.0;25.48;33.3;2.76;
2022-07-14 21:00:00;0.0;0.0;0.0;23.89;36.7;2.69;
2022-07-14 22:00:00;0.0;0.0;0.0;22.49;39.15;2.28;
2022-07-14 23:00:00;0.0;0.0;0.0;21.05;46.5;1.93;
2022-07-15 00:00:00;0.0;0.0;0.0;19.98;51.5;1.72;
2022-07-15 01:00:00;0.0;0.0;0.0;19.28;53.15;1.66;
2022-07-15 02:00:00;0.0;0.0;0.0;18.59;54.95;1.66;
2022-07-15 03:00:00;0.0;0.0;0.0;18.51;53.0;1.38;
2022-07-15 04:00:00;10.0;0.0;10.0;18.51;54.95;1.17;
2022-07-15 05:00:00;152.0;421.73;66.0;19.69;51.4;0.76;
2022-07-15 06:00:00;329.0;611.34;100.0;21.3;63.9;0.62;
2022-07-15 07:00:00;503.0;695.8;129.0;24.82;45.75;0.41;
2022-07-15 08:00:00;667.0;765.86;145.0;27.0;38.85;0.21;
2022-07-15 09:00:00;803.0;811.79;156.0;28.92;31.75;0.14;
2022-07-15 10:00:00;897.0;839.15;162.0;30.5;27.85;0.41;
2022-07-15 11:00:00;941.0;851.16;164.0;31.75;23.65;0.83;
2022-07-15 12:00:00;932.0;849.32;163.0;32.72;20.65;1.1;
2022-07-15 13:00:00;871.0;832.49;160.0;33.48;18.6;1.45;
2022-07-15 14:00:00;762.0;798.91;153.0;33.96;16.8;1.79;
2022-07-15 15:00:00;616.0;746.45;141.0;34.17;15.7;2.07;
2022-07-15 16:00:00;440.0;645.59;127.0;33.96;16.15;2.41;
2022-07-15 17:00:00;263.0;525.07;96.0;33.15;16.65;2.83;
2022-07-15 18:00:00;97.0;312.1;51.0;31.42;18.15;2.97;
2022-07-15 19:00:00;0.0;0.0;0.0;28.26;20.35;3.45;
2022-07-15 20:00:00;0.0;0.0;0.0;26.23;22.4;3.03;
2022-07-15 21:00:00;0.0;0.0;0.0;24.51;24.65;2.62;
2022-07-15 22:00:00;0.0;0.0;0.0;22.63;30.3;2.14;
2022-07-15 23:00:00;0.0;0.0;0.0;20.98;38.75;1.86;
2022-07-16 00:00:00;0.0;0.0;0.0;20.36;38.5;1.66;
2022-07-16 01:00:00;0.0;0.0;0.0;19.95;36.95;1.52;
2022-07-16 02:00:00;0.0;0.0;0.0;19.63;36.95;1.45;
2022-07-16 03:00:00;0.0;0.0;0.0;20.13;34.45;1.17;
2022-07-16 04:00:00;9.0;0.0;9.0;19.94;38.35;1.1;
2022-07-16 05:00:00;142.0;351.96;71.0;19.34;44.3;1.1;
2022-07-16 06:00:00;321.0;582.42;104.0;20.95;59.5;0.76;
2022-07-16 07:00:00;499.0;686.94;131.0;25.31;38.45;0.9;
2022-07-16 08:00:00;664.0;757.37;149.0;27.67;33.8;0.97;
2022-07-16 09:00:00;799.0;803.18;160.0;29.63;28.75;1.38;
2022-07-16 10:00:00;897.0;841.51;161.0;31.08;25.25;1.66;
2022-07-16 11:00:00;942.0;853.33;164.0;32.24;22.9;1.86;
2022-07-16 12:00:00;933.0;851.44;163.0;33.15;20.05;2.21;
2022-07-16 13:00:00;867.0;822.98;165.0;33.83;19.45;2.55;
2022-07-16 14:00:00;759.0;790.87;157.0;34.27;18.15;2.97;
2022-07-16 15:00:00;602.0;699.04;158.0;34.32;16.9;3.45;
2022-07-16 16:00:00;430.0;599.78;140.0;33.89;16.8;4.0;
2022-07-16 17:00:00;249.0;445.41;108.0;32.81;16.55;4.62;
2022-07-16 18:00:00;86.0;212.75;55.0;31.09;17.5;4.21;
2022-07-16 19:00:00;0.0;0.0;0.0;28.66;23.75;3.45;
2022-07-16 20:00:00;0.0;0.0;0.0;26.83;26.1;2.83;
2022-07-16 21:00:00;0.0;0.0;0.0;25.2;28.75;2.48;
2022-07-16 22:00:00;0.0;0.0;0.0;23.55;32.9;2.28;
2022-07-16 23:00:00;0.0;0.0;0.0;22.03;37.65;2.28;
2022-07-17 00:00:00;0.0;0.0;0.0;20.79;43.1;2.28;
2022-07-17 01:00:00;0.0;0.0;0.0;19.74;46.1;2.14;
2022-07-17 02:00:00;0.0;0.0;0.0;18.95;49.45;2.07;
2022-07-17 03:00:00;0.0;0.0;0.0;18.5;51.15;1.86;
2022-07-17 04:00:00;7.0;0.0;7.0;18.33;58.9;1.66;
2022-07-17 05:00:00;130.0;275.71;75.0;19.24;57.1;1.31;
2022-07-17 06:00:00;305.0;510.07;116.0;22.07;52.0;1.24;
2022-07-17 07:00:00;481.0;633.12;143.0;25.35;42.75;1.31;
2022-07-17 08:00:00;648.0;728.25;154.0;27.43;37.6;1.66;
2022-07-17 09:00:00;781.0;773.18;167.0;29.16;33.05;1.72;
2022-07-17 10:00:00;878.0;814.14;167.0;30.64;30.05;1.86;
2022-07-17 11:00:00;928.0;837.98;165.0;31.93;27.25;2.28;
2022-07-17 12:00:00;919.0;835.91;164.0;32.96;25.65;2.69;
2022-07-17 13:00:00;854.0;807.63;166.0;33.72;24.1;3.17;
2022-07-17 14:00:00;746.0;773.67;158.0;34.21;22.55;3.72;
2022-07-17 15:00:00;602.0;720.94;145.0;34.1;21.8;4.14;
2022-07-17 16:00:00;426.0;605.68;134.0;33.5;23.15;4.55;
2022-07-17 17:00:00;251.0;479.39;100.0;32.35;23.75;4.69;
2022-07-17 18:00:00;90.0;264.01;52.0;30.71;25.15;4.0;
2022-07-17 19:00:00;0.0;0.0;0.0;29.1;28.65;2.97;
2022-07-17 20:00:00;0.0;0.0;0.0;27.29;32.65;2.83;
2022-07-17 21:00:00;0.0;0.0;0.0;25.82;37.2;2.83;
2022-07-17 22:00:00;0.0;0.0;0.0;24.66;39.7;2.62;
2022-07-17 23:00:00;0.0;0.0;0.0;23.55;43.9;2.34;
2022-07-18 00:00:00;0.0;0.0;0.0;22.47;50.2;2.14;
2022-07-18 01:00:00;0.0;0.0;0.0;21.43;55.55;2.0;
2022-07-18 02:00:00;0.0;0.0;0.0;20.53;59.5;1.93;
2022-07-18 03:00:00;0.0;0.0;0.0;19.87;63.6;1.79;
2022-07-18 04:00:00;6.0;0.0;6.0;19.35;73.05;1.72;
2022-07-18 05:00:00;124.0;248.49;75.0;20.21;68.3;1.31;
2022-07-18 06:00:00;297.0;483.12;119.0;23.46;56.0;1.31;
2022-07-18 07:00:00;473.0;612.81;147.0;26.12;49.45;1.24;
2022-07-18 08:00:00;638.0;706.41;160.0;28.18;43.4;1.1;
2022-07-18 09:00:00;770.0;751.94;174.0;29.88;38.15;0.97;
2022-07-18 10:00:00;867.0;793.62;175.0;31.4;33.55;0.97;
2022-07-18 11:00:00;916.0;819.34;171.0;32.76;30.6;1.17;
2022-07-18 12:00:00;907.0;817.06;170.0;33.98;27.8;1.59;
2022-07-18 13:00:00;847.0;800.54;166.0;34.96;24.35;2.21;
2022-07-18 14:00:00;736.0;753.85;164.0;35.55;22.0;2.76;
2022-07-18 15:00:00;590.0;687.7;155.0;35.71;19.9;3.1;
2022-07-18 16:00:00;424.0;609.64;131.0;35.46;19.1;3.38;
2022-07-18 17:00:00;246.0;459.6;102.0;34.58;19.55;3.66;
2022-07-18 18:00:00;86.0;239.33;52.0;32.99;20.65;3.45;
2022-07-18 19:00:00;0.0;0.0;0.0;30.26;25.95;3.38;
2022-07-18 20:00:00;0.0;0.0;0.0;28.4;29.4;2.83;
2022-07-18 21:00:00;0.0;0.0;0.0;26.86;31.35;2.41;
2022-07-18 22:00:00;0.0;0.0;0.0;25.31;34.5;2.21;
2022-07-18 23:00:00;0.0;0.0;0.0;23.89;39.45;2.07;
2022-07-19 00:00:00;0.0;0.0;0.0;22.57;42.1;2.14;
2022-07-19 01:00:00;0.0;0.0;0.0;21.44;48.2;2.0;
2022-07-19 02:00:00;0.0;0.0;0.0;20.59;51.65;1.86;
2022-07-19 03:00:00;0.0;0.0;0.0;20.13;53.35;1.72;
2022-07-19 04:00:00;5.0;0.0;5.0;19.82;59.25;1.59;
2022-07-19 05:00:00;131.0;307.93;71.0;20.97;53.6;1.1;
2022-07-19 06:00:00;304.0;521.42;113.0;23.33;56.0;0.76;
2022-07-19 07:00:00;485.0;660.31;135.0;26.51;44.55;1.17;
2022-07-19 08:00:00;647.0;731.92;153.0;28.67;37.9;1.1;
2022-07-19 09:00:00;785.0;790.06;160.0;30.54;32.15;0.9;
2022-07-19 10:00:00;879.0;817.86;167.0;32.07;28.25;1.1;
2022-07-19 11:00:00;929.0;841.43;165.0;33.32;24.85;1.59;
2022-07-19 12:00:00;915.0;828.18;169.0;34.3;23.4;2.07;
2022-07-19 13:00:00;854.0;811.14;165.0;35.11;22.0;2.55;
2022-07-19 14:00:00;751.0;789.49;153.0;35.53;21.25;2.9;
2022-07-19 15:00:00;598.0;713.02;148.0;35.55;21.25;3.31;
2022-07-19 16:00:00;427.0;620.0;130.0;35.22;21.25;3.66;
2022-07-19 17:00:00;252.0;500.72;96.0;34.34;22.55;4.21;
2022-07-19 18:00:00;90.0;292.66;49.0;32.77;24.75;4.07;
2022-07-19 19:00:00;0.0;0.0;0.0;30.26;28.9;3.79;
2022-07-19 20:00:00;0.0;0.0;0.0;28.44;32.75;3.31;
2022-07-19 21:00:00;0.0;0.0;0.0;26.9;34.9;2.83;
2022-07-19 22:00:00;0.0;0.0;0.0;25.58;37.2;2.55;
2022-07-19 23:00:00;0.0;0.0;0.0;24.34;41.0;2.48;
2022-07-20 00:00:00;0.0;0.0;0.0;23.24;43.75;2.41;
2022-07-20 01:00:00;0.0;0.0;0.0;22.22;46.75;2.28;
2022-07-20 02:00:00;0.0;0.0;0.0;21.17;51.75;2.14;
2022-07-20 03:00:00;0.0;0.0;0.0;20.21;57.3;1.93;
2022-07-20 04:00:00;3.0;0.0;3.0;19.56;65.85;1.79;
2022-07-20 05:00:00;126.0;285.77;71.0;20.3;65.95;1.31;
2022-07-20 06:00:00;302.0;527.29;110.0;23.46;54.1;1.24;
2022-07-20 07:00:00;481.0;657.09;134.0;26.5;46.15;1.72;
2022-07-20 08:00:00;644.0;727.9;154.0;28.7;40.65;1.79;
2022-07-20 09:00:00;782.0;786.58;161.0;30.58;34.6;2.0;
2022-07-20 10:00:00;875.0;814.62;167.0;32.1;29.4;2.55;
2022-07-20 11:00:00;920.0;827.24;170.0;33.41;26.7;3.24;
2022-07-20 12:00:00;912.0;824.94;170.0;34.3;24.25;3.86;
2022-07-20 13:00:00;851.0;808.86;165.0;34.7;23.5;4.21;
2022-07-20 14:00:00;743.0;775.06;157.0;34.9;22.7;4.34;
2022-07-20 15:00:00;592.0;695.66;154.0;34.53;23.4;4.34;
2022-07-20 16:00:00;424.0;617.98;129.0;34.04;24.1;4.69;
2022-07-20 17:00:00;249.0;494.04;96.0;32.71;26.55;5.03;
2022-07-20 18:00:00;93.0;333.27;47.0;31.05;31.15;4.69;
2022-07-20 19:00:00;0.0;0.0;0.0;29.21;31.85;3.93;
2022-07-20 20:00:00;0.0;0.0;0.0;27.54;36.3;3.17;
2022-07-20 21:00:00;0.0;0.0;0.0;26.29;41.55;3.1;
2022-07-20 22:00:00;0.0;0.0;0.0;25.1;45.9;3.17;
2022-07-20 23:00:00;0.0;0.0;0.0;24.13;52.5;3.1;
2022-07-21 00:00:00;0.0;0.0;0.0;23.35;56.0;2.97;
2022-07-21 01:00:00;0.0;0.0;0.0;22.68;59.95;2.69;
2022-07-21 02:00:00;0.0;0.0;0.0;22.0;64.1;2.41;
2022-07-21 03:00:00;0.0;0.0;0.0;21.18;70.9;2.0;
2022-07-21 04:00:00;0.0;0.0;0.0;20.26;81.15;1.45;
2022-07-21 05:00:00;127.0;305.22;69.0;22.12;66.35;0.62;
2022-07-21 06:00:00;302.0;544.34;105.0;23.29;66.55;0.62;
2022-07-21 07:00:00;477.0;651.98;134.0;25.6;54.7;2.76;
2022-07-21 08:00:00;640.0;723.89;154.0;27.42;44.8;2.97;
2022-07-21 09:00:00;778.0;783.12;161.0;29.06;39.35;2.9;
2022-07-21 10:00:00;871.0;811.4;167.0;30.43;34.5;3.24;
2022-07-21 11:00:00;916.0;824.1;170.0;31.49;32.4;4.0;
2022-07-21 12:00:00;907.0;821.73;169.0;32.02;31.4;4.62;
2022-07-21 13:00:00;847.0;804.27;166.0;32.37;30.45;5.17;
2022-07-21 14:00:00;740.0;771.26;158.0;31.72;31.4;5.72;
2022-07-21 15:00:00;592.0;705.38;149.0;30.93;34.6;6.28;
2022-07-21 16:00:00;446.0;712.77;107.0;29.83;38.15;6.14;
2022-07-21 17:00:00;255.0;536.17;90.0;28.49;41.95;5.66;
2022-07-21 18:00:00;9.0;0.0;9.0;27.06;44.8;4.9;
2022-07-21 19:00:00;0.0;0.0;0.0;25.08;50.95;4.41;
2022-07-21 20:00:00;0.0;0.0;0.0;23.71;60.15;3.86;
2022-07-21 21:00:00;0.0;0.0;0.0;22.92;64.2;3.59;
2022-07-21 22:00:00;0.0;0.0;0.0;22.5;66.45;3.17;
2022-07-21 23:00:00;0.0;0.0;0.0;22.09;68.7;2.83;
2022-07-22 00:00:00;0.0;0.0;0.0;21.75;71.0;2.55;
2022-07-22 01:00:00;0.0;0.0;0.0;21.44;73.35;2.41;
2022-07-22 02:00:00;0.0;0.0;0.0;21.19;75.95;2.28;
2022-07-22 03:00:00;0.0;0.0;0.0;20.84;78.5;1.38;
2022-07-22 04:00:00;0.0;0.0;0.0;21.04;78.55;0.55;
2022-07-22 05:00:00;109.0;191.95;73.0;21.52;76.0;0.48;
2022-07-22 06:00:00;281.0;433.76;125.0;22.72;71.15;0.48;
2022-07-22 07:00:00;405.0;372.11;210.0;23.11;71.25;1.1;
2022-07-22 08:00:00;540.0;404.76;269.0;23.69;68.95;0.9;
2022-07-22 09:00:00;769.0;765.7;167.0;25.26;62.55;0.69;
2022-07-22 10:00:00;862.0;794.36;174.0;26.97;53.1;0.34;
2022-07-22 11:00:00;906.0;806.61;177.0;28.49;46.5;0.69;
2022-07-22 12:00:00;898.0;804.07;177.0;29.86;38.15;1.31;
2022-07-22 13:00:00;843.0;800.92;166.0;30.96;34.6;1.86;
2022-07-22 14:00:00;571.0;308.07;339.0;31.67;30.35;2.28;
2022-07-22 15:00:00;563.0;603.48;185.0;31.94;28.25;3.1;
2022-07-22 16:00:00;285.0;143.53;217.0;31.22;28.15;3.86;
2022-07-22 17:00:00;242.0;474.33;97.0;29.95;32.0;4.9;
2022-07-22 18:00:00;82.0;254.5;48.0;28.2;36.45;4.97;
2022-07-22 19:00:00;0.0;0.0;0.0;25.75;44.45;4.14;
2022-07-22 20:00:00;0.0;0.0;0.0;24.55;47.4;3.59;
2022-07-22 21:00:00;0.0;0.0;0.0;23.6;52.35;3.03;
2022-07-22 22:00:00;0.0;0.0;0.0;22.78;57.9;2.76;
2022-07-22 23:00:00;0.0;0.0;0.0;22.02;61.95;2.69;
2022-07-23 00:00:00;0.0;0.0;0.0;21.35;68.5;2.21;
2022-07-23 01:00:00;0.0;0.0;0.0;20.49;75.85;1.45;
2022-07-23 02:00:00;0.0;0.0;0.0;21.16;70.9;0.69;
2022-07-23 03:00:00;0.0;0.0;0.0;19.41;81.05;1.31;
2022-07-23 04:00:00;0.0;0.0;0.0;19.21;78.3;1.24;
2022-07-23 05:00:00;11.0;0.0;11.0;20.58;68.4;0.69;
2022-07-23 06:00:00;280.0;444.94;121.0;22.23;64.1;0.55;
2022-07-23 07:00:00;376.0;289.29;225.0;23.48;62.15;1.31;
2022-07-23 08:00:00;630.0;712.94;154.0;25.14;52.75;2.69;
2022-07-23 09:00:00;759.0;745.69;174.0;26.95;44.7;3.72;
2022-07-23 10:00:00;842.0;743.75;199.0;28.35;40.5;3.66;
2022-07-23 11:00:00;900.0;801.29;177.0;29.63;35.6;3.79;
2022-07-23 12:00:00;873.0;739.49;211.0;30.57;32.25;4.34;
2022-07-23 13:00:00;592.0;220.44;406.0;31.24;30.2;5.52;
2022-07-23 14:00:00;714.0;706.61;183.0;30.93;31.15;6.76;
2022-07-23 15:00:00;614.0;794.09;118.0;30.26;31.0;7.45;
2022-07-23 16:00:00;353.0;343.34;191.0;29.08;33.05;7.66;
2022-07-23 17:00:00;137.0;49.41;122.0;28.24;35.2;7.31;
2022-07-23 18:00:00;31.0;0.0;31.0;26.93;40.25;5.86;
2022-07-23 19:00:00;0.0;0.0;0.0;25.19;47.5;4.48;
2022-07-23 20:00:00;0.0;0.0;0.0;24.09;52.5;3.45;
2022-07-23 21:00:00;0.0;0.0;0.0;23.39;56.0;2.9;
2022-07-23 22:00:00;0.0;0.0;0.0;22.62;57.9;2.62;
2022-07-23 23:00:00;0.0;0.0;0.0;21.95;66.25;2.41;
2022-07-24 00:00:00;0.0;0.0;0.0;21.33;68.5;2.34;
2022-07-24 01:00:00;0.0;0.0;0.0;20.85;73.3;2.21;
2022-07-24 02:00:00;0.0;0.0;0.0;20.54;73.3;1.93;
2022-07-24 03:00:00;0.0;0.0;0.0;20.16;78.45;1.66;
2022-07-24 04:00:00;0.0;0.0;0.0;20.02;81.15;1.31;
2022-07-24 05:00:00;60.0;16.44;57.0;20.64;81.2;0.83;
2022-07-24 06:00:00;91.0;0.0;91.0;22.32;71.05;1.31;
2022-07-24 07:00:00;169.0;3.85;167.0;24.0;64.5;2.21;
2022-07-24 08:00:00;629.0;705.97;159.0;25.13;60.45;1.79;
2022-07-24 09:00:00;771.0;780.57;160.0;26.45;52.95;1.24;
2022-07-24 10:00:00;860.0;794.98;174.0;27.66;48.0;0.83;
2022-07-24 11:00:00;910.0;821.54;170.0;28.78;43.55;0.9;
2022-07-24 12:00:00;897.0;805.66;177.0;30.06;36.95;1.79;
2022-07-24 13:00:00;837.0;789.61;172.0;31.05;33.4;2.34;
2022-07-24 14:00:00;734.0;768.21;158.0;31.47;28.15;2.14;
2022-07-24 15:00:00;585.0;701.69;148.0;31.85;24.5;2.07;
2022-07-24 16:00:00;419.0;630.03;123.0;31.76;22.8;1.93;
2022-07-24 17:00:00;243.0;501.13;92.0;31.34;22.65;2.21;
2022-07-24 18:00:00;81.0;279.57;45.0;30.2;24.1;2.69;
2022-07-24 19:00:00;0.0;0.0;0.0;28.48;32.75;1.24;
2022-07-24 20:00:00;0.0;0.0;0.0;25.97;35.9;2.07;
2022-07-24 21:00:00;0.0;0.0;0.0;24.47;36.8;2.34;
2022-07-24 22:00:00;0.0;0.0;0.0;23.57;36.7;2.28;
2022-07-24 23:00:00;0.0;0.0;0.0;22.58;36.4;2.48;
2022-07-25 00:00:00;0.0;0.0;0.0;22.02;36.3;2.83;
2022-07-25 01:00:00;0.0;0.0;0.0;21.48;36.15;2.97;
2022-07-25 02:00:00;0.0;0.0;0.0;20.96;38.65;3.1;
2022-07-25 03:00:00;0.0;0.0;0.0;20.5;40.1;2.97;
2022-07-25 04:00:00;0.0;0.0;0.0;19.84;47.8;2.69;
2022-07-25 05:00:00;129.0;383.64;60.0;19.59;57.2;2.21;
2022-07-25 06:00:00;304.0;587.01;97.0;22.16;46.75;2.07;
2022-07-25 07:00:00;478.0;678.0;127.0;24.38;39.55;2.55;
2022-07-25 08:00:00;644.0;753.24;144.0;26.08;34.8;2.76;
2022-07-25 09:00:00;781.0;801.56;155.0;27.53;36.3;2.55;
2022-07-25 10:00:00;876.0;830.19;161.0;28.64;36.6;2.21;
2022-07-25 11:00:00;922.0;843.02;164.0;29.82;34.35;1.93;
2022-07-25 12:00:00;908.0;829.52;168.0;30.65;31.15;1.66;
2022-07-25 13:00:00;848.0;812.57;165.0;31.45;29.15;1.24;
2022-07-25 14:00:00;739.0;779.37;156.0;31.96;27.25;0.97;
2022-07-25 15:00:00;593.0;724.78;143.0;32.25;25.5;0.9;
2022-07-25 16:00:00;420.0;630.73;125.0;32.14;24.6;0.97;
2022-07-25 17:00:00;255.0;575.26;83.0;31.91;25.4;1.38;
2022-07-25 18:00:00;60.0;103.0;47.0;31.18;27.15;1.86;
2022-07-25 19:00:00;0.0;0.0;0.0;29.36;35.45;0.76;
2022-07-25 20:00:00;0.0;0.0;0.0;27.96;33.8;0.9;
2022-07-25 21:00:00;0.0;0.0;0.0;26.15;37.35;1.24;
2022-07-25 22:00:00;0.0;0.0;0.0;24.23;42.5;1.45;
2022-07-25 23:00:00;0.0;0.0;0.0;22.77;48.55;1.59;
2022-07-26 00:00:00;0.0;0.0;0.0;21.85;51.9;1.66;
2022-07-26 01:00:00;0.0;0.0;0.0;21.22;55.55;1.86;
2022-07-26 02:00:00;0.0;0.0;0.0;20.67;57.45;2.07;
2022-07-26 03:00:00;0.0;0.0;0.0;20.35;61.5;2.21;
2022-07-26 04:00:00;0.0;0.0;0.0;20.0;65.95;2.28;
2022-07-26 05:00:00;110.0;248.29;66.0;20.51;66.05;2.07;
2022-07-26 06:00:00;281.0;488.26;110.0;23.4;56.0;2.55;
2022-07-26 07:00:00;458.0;614.92;141.0;25.03;54.55;2.21;
2022-07-26 08:00:00;622.0;699.59;159.0;26.76;49.55;2.34;
2022-07-26 09:00:00;764.0;773.91;161.0;28.28;43.4;2.41;
2022-07-26 10:00:00;853.0;789.95;174.0;29.39;39.35;2.07;
2022-07-26 11:00:00;897.0;802.23;177.0;30.52;35.7;1.59;
2022-07-26 12:00:00;889.0;800.73;176.0;31.39;32.4;0.97;
2022-07-26 13:00:00;829.0;783.23;172.0;31.98;30.35;0.83;
2022-07-26 14:00:00;726.0;762.52;157.0;32.22;28.4;1.17;
2022-07-26 15:00:00;578.0;694.8;148.0;32.63;27.55;1.45;
2022-07-26 16:00:00;408.0;601.48;128.0;32.68;26.55;1.59;
2022-07-26 17:00:00;232.0;461.95;95.0;32.47;27.4;1.72;
2022-07-26 18:00:00;71.0;202.33;46.0;31.63;32.55;1.38;
2022-07-26 19:00:00;0.0;0.0;0.0;29.4;39.35;1.17;
2022-07-26 20:00:00;0.0;0.0;0.0;27.78;43.3;1.03;
2022-07-26 21:00:00;0.0;0.0;0.0;26.98;44.7;0.9;
2022-07-26 22:00:00;0.0;0.0;0.0;25.93;47.65;1.03;
2022-07-26 23:00:00;0.0;0.0;0.0;24.87;50.8;1.17;
2022-07-27 00:00:00;0.0;0.0;0.0;24.54;50.8;1.1;
2022-07-27 01:00:00;0.0;0.0;0.0;24.76;50.8;0.55;
2022-07-27 02:00:00;0.0;0.0;0.0;24.28;52.5;0.41;
2022-07-27 03:00:00;0.0;0.0;0.0;23.69;54.2;0.76;
2022-07-27 04:00:00;0.0;0.0;0.0;21.99;59.8;1.17;
2022-07-27 05:00:00;107.0;234.92;66.0;21.32;68.5;1.17;
2022-07-27 06:00:00;278.0;483.07;110.0;23.57;62.25;0.97;
2022-07-27 07:00:00;457.0;625.38;136.0;26.3;49.45;1.59;
2022-07-27 08:00:00;619.0;697.19;159.0;28.26;43.4;1.45;
2022-07-27 09:00:00;756.0;759.04;166.0;29.93;38.15;1.31;
2022-07-27 10:00:00;849.0;788.07;173.0;31.37;34.75;1.38;
2022-07-27 11:00:00;894.0;800.4;177.0;32.59;30.6;1.52;
2022-07-27 12:00:00;886.0;797.77;177.0;33.56;29.65;1.86;
2022-07-27 13:00:00;826.0;781.31;172.0;34.11;26.95;2.14;
2022-07-27 14:00:00;719.0;747.0;163.0;34.61;25.25;2.34;
2022-07-27 15:00:00;575.0;692.28;148.0;34.7;25.25;2.34;
2022-07-27 16:00:00;405.0;597.97;128.0;34.48;26.0;2.48;
2022-07-27 17:00:00;231.0;469.3;93.0;33.47;27.65;3.24;
2022-07-27 18:00:00;71.0;231.77;43.0;31.7;30.35;3.31;
2022-07-27 19:00:00;0.0;0.0;0.0;29.33;36.7;3.03;
2022-07-27 20:00:00;0.0;0.0;0.0;27.45;40.35;2.97;
2022-07-27 21:00:00;0.0;0.0;0.0;25.98;44.45;2.62;
2022-07-27 22:00:00;0.0;0.0;0.0;24.89;47.4;2.21;
2022-07-27 23:00:00;0.0;0.0;0.0;23.89;50.55;1.93;
2022-07-28 00:00:00;0.0;0.0;0.0;22.98;55.9;1.86;
2022-07-28 01:00:00;0.0;0.0;0.0;22.2;57.75;1.93;
2022-07-28 02:00:00;0.0;0.0;0.0;21.51;61.85;1.86;
2022-07-28 03:00:00;0.0;0.0;0.0;20.81;66.05;1.66;
2022-07-28 04:00:00;0.0;0.0;0.0;20.4;73.2;1.24;
2022-07-28 05:00:00;107.0;250.28;64.0;20.87;70.8;0.9;
2022-07-28 06:00:00;276.0;480.75;110.0;23.41;56.0;0.55;
2022-07-28 07:00:00;455.0;622.27;137.0;25.81;52.85;0.62;
2022-07-28 08:00:00;616.0;696.33;158.0;28.0;46.4;0.21;
2022-07-28 09:00:00;754.0;758.32;166.0;29.92;39.5;0.21;
2022-07-28 10:00:00;847.0;786.22;174.0;31.57;33.7;0.41;
2022-07-28 11:00:00;892.0;799.73;177.0;32.81;31.65;0.21;
2022-07-28 12:00:00;889.0;810.63;170.0;33.88;29.8;0.34;
2022-07-28 13:00:00;824.0;780.64;172.0;34.53;27.9;0.97;
2022-07-28 14:00:00;721.0;759.77;157.0;35.14;25.35;1.38;
2022-07-28 15:00:00;570.0;678.44;153.0;35.19;24.5;1.52;
2022-07-28 16:00:00;364.0;416.62;172.0;35.12;24.5;1.31;
2022-07-28 17:00:00;228.0;466.64;92.0;34.79;25.25;0.97;
2022-07-28 18:00:00;70.0;228.89;43.0;33.81;27.8;0.55;
2022-07-28 19:00:00;0.0;0.0;0.0;31.99;33.7;0.34;
2022-07-28 20:00:00;0.0;0.0;0.0;29.88;38.15;0.83;
2022-07-28 21:00:00;0.0;0.0;0.0;27.27;46.4;1.52;
2022-07-28 22:00:00;0.0;0.0;0.0;26.13;49.45;1.59;
2022-07-28 23:00:00;0.0;0.0;0.0;25.03;54.55;1.59;
2022-07-29 00:00:00;0.0;0.0;0.0;24.38;58.2;1.72;
2022-07-29 01:00:00;0.0;0.0;0.0;23.56;58.1;1.86;
2022-07-29 02:00:00;0.0;0.0;0.0;22.98;62.05;1.93;
2022-07-29 03:00:00;0.0;0.0;0.0;22.28;61.95;1.93;
2022-07-29 04:00:00;0.0;0.0;0.0;21.93;64.0;1.86;
2022-07-29 05:00:00;98.0;195.2;65.0;22.01;64.1;1.79;
2022-07-29 06:00:00;263.0;411.34;122.0;24.85;50.8;1.93;
2022-07-29 07:00:00;446.0;583.79;149.0;27.24;49.7;2.62;
2022-07-29 08:00:00;609.0;663.47;174.0;28.68;49.95;2.62;
2022-07-29 09:00:00;741.0;708.51;193.0;29.99;45.35;2.21;
2022-07-29 10:00:00;852.0;793.76;174.0;31.05;41.15;2.0;
2022-07-29 11:00:00;897.0;806.95;177.0;31.86;36.1;1.66;
2022-07-29 12:00:00;888.0;804.4;176.0;32.42;33.8;1.17;
2022-07-29 13:00:00;828.0;787.23;172.0;32.95;31.65;0.97;
2022-07-29 14:00:00;720.0;753.77;162.0;33.3;29.65;1.03;
2022-07-29 15:00:00;572.0;685.82;152.0;33.63;27.8;0.97;
2022-07-29 16:00:00;404.0;604.29;127.0;33.15;26.7;0.62;
2022-07-29 17:00:00;227.0;464.08;93.0;32.95;27.55;0.9;
2022-07-29 18:00:00;71.0;260.83;41.0;32.46;28.4;1.24;
2022-07-29 19:00:00;0.0;0.0;0.0;30.48;34.5;1.59;
2022-07-29 20:00:00;0.0;0.0;0.0;28.48;41.95;1.45;
2022-07-29 21:00:00;0.0;0.0;0.0;26.75;46.25;1.79;
2022-07-29 22:00:00;0.0;0.0;0.0;25.39;54.55;2.07;
2022-07-29 23:00:00;0.0;0.0;0.0;24.44;60.25;1.93;
2022-07-30 00:00:00;0.0;0.0;0.0;23.52;58.1;2.14;
2022-07-30 01:00:00;0.0;0.0;0.0;22.88;57.9;2.34;
2022-07-30 02:00:00;0.0;0.0;0.0;22.36;52.0;2.55;
2022-07-30 03:00:00;0.0;0.0;0.0;21.69;48.3;2.41;
2022-07-30 04:00:00;0.0;0.0;0.0;20.9;53.5;2.14;
2022-07-30 05:00:00;111.0;324.79;57.0;20.77;59.5;1.93;
2022-07-30 06:00:00;285.0;546.68;99.0;23.74;48.8;1.86;
2022-07-30 07:00:00;463.0;665.45;126.0;27.39;35.05;3.03;
2022-07-30 08:00:00;626.0;732.96;147.0;28.77;27.5;4.69;
2022-07-30 09:00:00;767.0;793.28;155.0;29.7;23.15;5.45;
2022-07-30 10:00:00;858.0;811.95;166.0;30.46;21.6;5.52;
2022-07-30 11:00:00;903.0;824.35;169.0;31.01;20.95;5.17;
2022-07-30 12:00:00;890.0;808.38;176.0;31.48;20.3;4.76;
2022-07-30 13:00:00;829.0;791.51;171.0;31.89;19.7;4.62;
2022-07-30 14:00:00;721.0;757.3;162.0;31.99;19.0;5.1;
2022-07-30 15:00:00;575.0;703.19;146.0;31.61;16.95;6.21;
2022-07-30 16:00:00;407.0;629.61;120.0;30.65;16.15;7.24;
2022-07-30 17:00:00;231.0;500.09;88.0;29.43;15.8;7.72;
2022-07-30 18:00:00;67.0;241.12;40.0;28.0;17.4;6.83;
2022-07-30 19:00:00;0.0;0.0;0.0;26.76;17.25;6.69;
2022-07-30 20:00:00;0.0;0.0;0.0;25.15;30.95;6.69;
2022-07-30 21:00:00;0.0;0.0;0.0;22.63;55.9;6.83;
2022-07-30 22:00:00;0.0;0.0;0.0;21.12;61.7;6.76;
2022-07-30 23:00:00;0.0;0.0;0.0;20.27;63.7;6.28;
2022-07-31 00:00:00;0.0;0.0;0.0;19.65;65.85;5.66;
2022-07-31 01:00:00;0.0;0.0;0.0;19.27;68.1;5.38;
2022-07-31 02:00:00;0.0;0.0;0.0;19.27;68.1;5.38;
2022-07-31 03:00:00;0.0;0.0;0.0;19.21;65.75;4.83;
2022-07-31 04:00:00;0.0;0.0;0.0;19.25;63.5;4.41;
2022-07-31 05:00:00;105.0;281.45;59.0;19.36;61.3;4.07;
2022-07-31 06:00:00;222.0;231.01;144.0;19.72;55.2;3.86;
2022-07-31 07:00:00;456.0;638.8;134.0;19.87;55.2;4.62;
2022-07-31 08:00:00;624.0;726.18;151.0;20.8;48.05;4.55;
2022-07-31 09:00:00;760.0;774.57;164.0;21.86;41.85;4.34;
2022-07-31 10:00:00;855.0;803.21;172.0;23.2;34.0;4.07;
2022-07-31 11:00:00;901.0;815.99;176.0;24.31;30.7;3.45;
2022-07-31 12:00:00;887.0;798.82;183.0;25.59;26.85;2.69;
2022-07-31 13:00:00;827.0;781.41;179.0;26.43;26.0;2.0;
2022-07-31 14:00:00;723.0;763.65;161.0;27.04;24.4;1.72;
2022-07-31 15:00:00;576.0;707.63;146.0;27.38;24.4;1.52;
2022-07-31 16:00:00;403.0;611.21;126.0;25.93;14.83;2.08;
2022-07-31 17:00:00;227.0;491.06;88.0;25.49;20.69;2.04;
2022-07-31 18:00:00;66.0;257.25;38.0;25.05;26.55;1.99;
2022-07-31 19:00:00;0.0;0.0;0.0;24.6;32.41;1.95;
2022-07-31 20:00:00;0.0;0.0;0.0;24.16;38.27;1.9;
2022-07-31 21:00:00;0.0;0.0;0.0;23.72;44.13;1.86;
2022-07-31 22:00:00;0.0;0.0;0.0;23.28;49.99;1.81;
2022-07-31 23:00:00;0.0;0.0;0.0;22.84;55.85;1.77;
2022-08-01 00:00:00;0.0;0.0;0.0;22.4;61.71;1.72;
2022-08-01 01:00:00;0.0;0.0;0.0;21.96;67.57;1.68;
2022-08-01 02:00:00;0.0;0.0;0.0;21.52;73.43;1.63;
2022-08-01 03:00:00;0.0;0.0;0.0;21.08;79.29;1.59;
2022-08-01 04:00:00;0.0;0.0;0.0;20.63;85.15;1.54;
2022-08-01 05:00:00;91.0;196.59;60.0;20.19;91.01;1.5;
2022-08-01 06:00:00;259.0;442.24;112.0;19.75;96.87;1.45;
2022-08-01 07:00:00;427.0;544.8;155.0;19.31;100.0;1.41;
2022-08-01 08:00:00;626.0;763.62;132.0;24.2;76.35;0.76;
2022-08-01 09:00:00;764.0;816.67;139.0;25.66;69.25;1.38;
2022-08-01 10:00:00;852.0;824.73;154.0;26.61;60.7;1.52;
2022-08-01 11:00:00;831.0;650.08;256.0;27.45;56.95;1.52;
2022-08-01 12:00:00;898.0;859.53;144.0;28.03;53.35;1.38;
2022-08-01 13:00:00;836.0;840.04;143.0;28.74;51.65;1.1;
2022-08-01 14:00:00;726.0;804.06;138.0;29.11;48.4;0.97;
2022-08-01 15:00:00;577.0;743.45;129.0;28.75;48.25;2.14;
2022-08-01 16:00:00;403.0;650.07;112.0;26.23;62.65;4.9;
2022-08-01 17:00:00;220.0;487.36;85.0;24.52;73.85;4.21;
2022-08-01 18:00:00;60.0;234.62;36.0;24.01;71.4;2.69;
2022-08-01 19:00:00;0.0;0.0;0.0;24.79;69.05;1.59;
2022-08-01 20:00:00;0.0;0.0;0.0;23.41;71.35;1.93;
2022-08-01 21:00:00;0.0;0.0;0.0;22.46;73.6;2.14;
2022-08-01 22:00:00;0.0;0.0;0.0;21.78;78.65;2.28;
2022-08-01 23:00:00;0.0;0.0;0.0;21.61;78.65;2.41;
2022-08-02 00:00:00;0.0;0.0;0.0;21.26;78.55;2.48;
2022-08-02 01:00:00;0.0;0.0;0.0;20.71;81.2;2.41;
2022-08-02 02:00:00;0.0;0.0;0.0;20.37;81.2;2.48;
2022-08-02 03:00:00;0.0;0.0;0.0;20.27;83.95;2.48;
2022-08-02 04:00:00;0.0;0.0;0.0;19.9;83.95;2.34;
2022-08-02 05:00:00;84.0;161.53;59.0;19.89;83.95;2.07;
2022-08-02 06:00:00;221.0;266.89;133.0;21.38;78.65;2.07;
2022-08-02 07:00:00;0.0;0.0;0.0;22.98;71.25;2.07;
2022-08-02 08:00:00;597.0;685.64;155.0;24.36;66.75;2.14;
2022-08-02 09:00:00;675.0;559.51;248.0;25.39;62.55;1.93;
2022-08-02 10:00:00;836.0;801.88;159.0;26.49;56.7;1.72;
2022-08-02 11:00:00;872.0;790.98;174.0;27.05;53.1;1.72;
2022-08-02 12:00:00;887.0;846.77;146.0;27.7;51.45;1.79;
2022-08-02 13:00:00;821.0;816.83;149.0;28.11;49.8;2.07;
2022-08-02 14:00:00;712.0;780.69;143.0;28.22;49.8;2.14;
2022-08-02 15:00:00;561.0;710.08;135.0;28.3;49.8;1.72;
2022-08-02 16:00:00;376.0;548.64;132.0;28.18;49.8;1.45;
2022-08-02 17:00:00;208.0;434.57;89.0;27.93;49.8;1.24;
2022-08-02 18:00:00;56.0;212.38;35.0;27.15;56.85;1.38;
2022-08-02 19:00:00;0.0;0.0;0.0;25.51;60.45;1.86;
2022-08-02 20:00:00;0.0;0.0;0.0;24.12;64.5;1.93;
2022-08-02 21:00:00;0.0;0.0;0.0;22.97;68.85;1.86;
2022-08-02 22:00:00;0.0;0.0;0.0;22.07;76.1;1.59;
2022-08-02 23:00:00;0.0;0.0;0.0;21.16;81.3;1.45;
2022-08-03 00:00:00;0.0;0.0;0.0;20.57;84.05;1.38;
2022-08-03 01:00:00;0.0;0.0;0.0;20.27;86.85;1.24;
2022-08-03 02:00:00;0.0;0.0;0.0;20.21;83.95;1.03;
2022-08-03 03:00:00;0.0;0.0;0.0;20.05;83.95;0.9;
2022-08-03 04:00:00;0.0;0.0;0.0;20.07;83.95;0.83;
2022-08-03 05:00:00;84.0;177.84;57.0;20.59;84.05;0.48;
2022-08-03 06:00:00;260.0;492.31;99.0;21.88;84.15;0.14;
2022-08-03 07:00:00;0.0;0.0;0.0;24.39;69.05;0.48;
2022-08-03 08:00:00;606.0;727.01;139.0;25.87;62.65;0.55;
2022-08-03 09:00:00;746.0;789.76;145.0;27.14;56.85;0.97;
2022-08-03 10:00:00;841.0;820.51;150.0;28.17;53.35;1.24;
2022-08-03 11:00:00;886.0;834.92;151.0;29.17;50.05;1.1;
2022-08-03 12:00:00;850.0;756.11;190.0;29.9;47.0;0.9;
2022-08-03 13:00:00;821.0;825.24;144.0;30.43;44.05;0.83;
2022-08-03 14:00:00;707.0;776.51;143.0;30.82;44.05;0.83;
2022-08-03 15:00:00;557.0;706.65;135.0;30.8;44.05;0.76;
2022-08-03 16:00:00;386.0;613.49;115.0;30.72;42.6;0.41;
2022-08-03 17:00:00;203.0;417.62;90.0;30.3;47.0;0.76;
2022-08-03 18:00:00;44.0;94.37;35.0;29.3;51.8;1.72;
2022-08-03 19:00:00;0.0;0.0;0.0;27.76;56.95;2.0;
2022-08-03 20:00:00;0.0;0.0;0.0;26.49;60.7;2.21;
2022-08-03 21:00:00;0.0;0.0;0.0;25.46;66.95;2.0;
2022-08-03 22:00:00;0.0;0.0;0.0;24.38;71.4;1.72;
2022-08-03 23:00:00;0.0;0.0;0.0;23.6;73.75;1.66;
2022-08-04 00:00:00;0.0;0.0;0.0;22.82;78.75;1.59;
2022-08-04 01:00:00;0.0;0.0;0.0;22.08;81.4;1.52;
2022-08-04 02:00:00;0.0;0.0;0.0;21.59;84.1;1.45;
2022-08-04 03:00:00;0.0;0.0;0.0;21.16;86.95;1.31;
2022-08-04 04:00:00;0.0;0.0;0.0;20.95;86.95;1.17;
2022-08-04 05:00:00;41.0;6.72;40.0;21.42;84.1;0.9;
2022-08-04 06:00:00;212.0;243.6;133.0;23.07;81.5;0.48;
2022-08-04 07:00:00;342.0;264.32;212.0;24.75;76.35;0.9;
2022-08-04 08:00:00;508.0;398.42;253.0;26.38;67.15;1.17;
2022-08-04 09:00:00;719.0;715.63;176.0;27.7;60.9;1.38;
2022-08-04 10:00:00;829.0;797.62;159.0;28.75;57.15;1.45;
2022-08-04 11:00:00;884.0;833.57;152.0;29.7;53.7;1.24;
2022-08-04 12:00:00;880.0;843.06;146.0;30.62;50.45;0.97;
2022-08-04 13:00:00;814.0;812.99;149.0;31.13;48.9;1.1;
2022-08-04 14:00:00;700.0;765.48;146.0;31.63;45.85;1.38;
2022-08-04 15:00:00;548.0;686.46;140.0;31.64;45.85;1.59;
2022-08-04 16:00:00;381.0;604.13;116.0;31.14;45.7;1.66;
2022-08-04 17:00:00;121.0;56.13;106.0;30.36;47.0;1.79;
2022-08-04 18:00:00;49.0;174.34;33.0;28.48;51.65;1.24;
2022-08-04 19:00:00;0.0;0.0;0.0;26.46;67.15;1.1;
2022-08-04 20:00:00;0.0;0.0;0.0;25.27;73.95;1.17;
2022-08-04 21:00:00;0.0;0.0;0.0;25.15;69.15;0.21;
2022-08-04 22:00:00;0.0;0.0;0.0;23.66;73.75;1.31;
2022-08-04 23:00:00;0.0;0.0;0.0;23.48;71.35;1.86;
2022-08-05 00:00:00;0.0;0.0;0.0;23.25;76.2;1.86;
2022-08-05 01:00:00;0.0;0.0;0.0;22.99;76.2;1.66;
2022-08-05 02:00:00;0.0;0.0;0.0;22.36;84.25;1.45;
2022-08-05 03:00:00;0.0;0.0;0.0;22.12;87.05;1.93;
2022-08-05 04:00:00;0.0;0.0;0.0;21.66;89.95;1.1;
2022-08-05 05:00:00;75.0;137.13;55.0;21.68;89.95;0.97;
2022-08-05 06:00:00;144.0;46.65;129.0;21.19;93.0;2.69;
2022-08-05 07:00:00;323.0;208.46;221.0;20.3;92.95;2.07;
2022-08-05 08:00:00;428.0;200.74;300.0;20.5;84.05;2.41;
2022-08-05 09:00:00;131.0;0.0;131.0;22.22;68.7;1.72;
2022-08-05 10:00:00;81.0;0.0;81.0;23.4;56.15;0.9;
2022-08-05 11:00:00;225.0;0.0;225.0;24.6;50.7;2.14;
2022-08-05 12:00:00;888.0;851.08;149.0;25.61;42.75;4.9;
2022-08-05 13:00:00;826.0;832.63;147.0;26.0;37.2;6.21;
2022-08-05 14:00:00;348.0;40.22;319.0;25.95;35.9;6.14;
2022-08-05 15:00:00;202.0;3.38;200.0;25.77;38.45;5.72;
2022-08-05 16:00:00;225.0;75.78;192.0;25.32;39.7;5.1;
2022-08-05 17:00:00;150.0;144.05;112.0;24.53;41.0;4.69;
2022-08-05 18:00:00;21.0;0.0;21.0;23.34;40.9;4.07;
2022-08-05 19:00:00;0.0;0.0;0.0;22.11;43.5;3.17;
2022-08-05 20:00:00;0.0;0.0;0.0;21.23;46.5;2.97;
2022-08-05 21:00:00;0.0;0.0;0.0;20.81;43.25;3.17;
2022-08-05 22:00:00;0.0;0.0;0.0;20.53;43.1;3.31;
2022-08-05 23:00:00;0.0;0.0;0.0;19.93;43.0;3.24;
2022-08-06 00:00:00;0.0;0.0;0.0;19.28;47.65;2.9;
2022-08-06 01:00:00;0.0;0.0;0.0;18.29;51.15;2.34;
2022-08-06 02:00:00;0.0;0.0;0.0;16.99;60.85;1.93;
2022-08-06 03:00:00;0.0;0.0;0.0;16.37;65.25;1.59;
2022-08-06 04:00:00;0.0;0.0;0.0;16.48;65.25;1.31;
2022-08-06 05:00:00;91.0;287.09;50.0;16.28;67.65;1.31;
2022-08-06 06:00:00;273.0;577.23;89.0;17.92;75.45;0.9;
2022-08-06 07:00:00;458.0;710.87;112.0;22.16;52.0;1.79;
2022-08-06 08:00:00;623.0;772.92;132.0;23.64;47.15;2.0;
2022-08-06 09:00:00;772.0;847.23;133.0;24.88;44.15;1.66;
2022-08-06 10:00:00;866.0;867.71;141.0;25.98;42.9;1.24;
2022-08-06 11:00:00;903.0;858.49;153.0;26.86;38.85;0.83;
2022-08-06 12:00:00;899.0;867.28;148.0;27.59;37.6;0.55;
2022-08-06 13:00:00;835.0;848.76;145.0;28.14;36.45;0.69;
2022-08-06 14:00:00;719.0;801.89;143.0;28.45;34.1;0.62;
2022-08-06 15:00:00;559.0;710.35;141.0;28.52;34.1;0.41;
2022-08-06 16:00:00;378.0;576.11;129.0;28.41;32.9;0.48;
2022-08-06 17:00:00;211.0;503.34;80.0;27.96;36.45;0.62;
2022-08-06 18:00:00;43.0;154.2;30.0;26.5;58.7;0.48;
2022-08-06 19:00:00;0.0;0.0;0.0;23.89;54.35;1.66;
2022-08-06 20:00:00;0.0;0.0;0.0;23.15;54.1;1.17;
2022-08-06 21:00:00;0.0;0.0;0.0;23.83;45.6;0.48;
2022-08-06 22:00:00;0.0;0.0;0.0;23.24;48.7;0.21;
2022-08-06 23:00:00;0.0;0.0;0.0;21.02;57.55;1.24;
2022-08-07 00:00:00;0.0;0.0;0.0;18.42;70.45;2.07;
2022-08-07 01:00:00;0.0;0.0;0.0;17.91;72.9;2.28;
2022-08-07 02:00:00;0.0;0.0;0.0;17.93;72.9;2.21;
2022-08-07 03:00:00;0.0;0.0;0.0;17.72;75.4;2.21;
2022-08-07 04:00:00;0.0;0.0;0.0;17.54;75.4;2.14;
2022-08-07 05:00:00;94.0;336.3;47.0;17.32;78.1;1.93;
2022-08-07 06:00:00;254.0;490.58;99.0;19.35;75.7;1.45;
2022-08-07 07:00:00;444.0;671.31;119.0;22.67;59.95;0.97;
2022-08-07 08:00:00;613.0;753.77;136.0;24.62;52.5;0.9;
2022-08-07 09:00:00;760.0;828.58;137.0;26.15;47.65;0.76;
2022-08-07 10:00:00;831.0;786.1;176.0;27.34;41.65;0.69;
2022-08-07 11:00:00;905.0;873.42;144.0;28.19;39.1;0.76;
2022-08-07 12:00:00;891.0;859.31;149.0;28.81;37.9;0.97;
2022-08-07 13:00:00;818.0;818.18;155.0;29.31;36.7;1.45;
2022-08-07 14:00:00;700.0;758.94;157.0;29.48;35.6;1.59;
2022-08-07 15:00:00;581.0;801.22;112.0;29.53;34.35;1.31;
2022-08-07 16:00:00;367.0;545.63;133.0;29.35;35.45;1.03;
2022-08-07 17:00:00;205.0;487.06;80.0;28.84;37.9;0.83;
2022-08-07 18:00:00;40.0;149.18;28.0;27.37;56.95;0.55;
2022-08-07 19:00:00;0.0;0.0;0.0;26.08;44.45;0.9;
2022-08-07 20:00:00;0.0;0.0;0.0;23.52;54.2;1.38;
2022-08-07 21:00:00;0.0;0.0;0.0;21.45;61.85;1.86;
2022-08-07 22:00:00;0.0;0.0;0.0;20.25;68.3;2.0;
2022-08-07 23:00:00;0.0;0.0;0.0;19.49;70.65;2.0;
2022-08-08 00:00:00;0.0;0.0;0.0;19.12;70.55;1.72;
2022-08-08 01:00:00;0.0;0.0;0.0;18.94;70.55;1.52;
2022-08-08 02:00:00;0.0;0.0;0.0;18.19;75.45;1.59;
2022-08-08 03:00:00;0.0;0.0;0.0;17.38;78.1;1.72;
2022-08-08 04:00:00;0.0;0.0;0.0;16.84;80.8;1.72;
2022-08-08 05:00:00;79.0;212.18;50.0;16.79;83.65;1.66;
2022-08-08 06:00:00;258.0;533.34;91.0;19.88;73.2;1.17;
2022-08-08 07:00:00;439.0;664.58;119.0;23.32;60.05;0.55;
2022-08-08 08:00:00;607.0;747.2;136.0;25.18;50.8;0.97;
2022-08-08 09:00:00;754.0;821.86;138.0;26.5;46.15;1.31;
2022-08-08 10:00:00;847.0;842.48;147.0;27.62;41.8;1.24;
2022-08-08 11:00:00;893.0;856.26;149.0;28.46;39.25;1.1;
2022-08-08 12:00:00;884.0;853.69;149.0;29.14;38.0;0.97;
2022-08-08 13:00:00;820.0;834.52;146.0;29.62;36.85;0.97;
2022-08-08 14:00:00;704.0;787.3;143.0;29.92;35.7;0.76;
2022-08-08 15:00:00;551.0;716.26;134.0;30.0;35.7;0.83;
2022-08-08 16:00:00;378.0;622.91;113.0;29.84;36.85;0.9;
2022-08-08 17:00:00;199.0;470.48;80.0;29.28;40.75;1.31;
2022-08-08 18:00:00;41.0;183.04;27.0;27.97;46.5;1.72;
2022-08-08 19:00:00;0.0;0.0;0.0;25.89;54.7;2.07;
2022-08-08 20:00:00;0.0;0.0;0.0;24.04;60.25;2.21;
2022-08-08 21:00:00;0.0;0.0;0.0;22.66;66.45;2.07;
2022-08-08 22:00:00;0.0;0.0;0.0;21.47;71.0;1.93;
2022-08-08 23:00:00;0.0;0.0;0.0;20.42;75.85;1.86;
2022-08-09 00:00:00;0.0;0.0;0.0;19.71;81.1;1.72;
2022-08-09 01:00:00;0.0;0.0;0.0;19.17;86.8;1.66;
2022-08-09 02:00:00;0.0;0.0;0.0;18.64;89.75;1.79;
2022-08-09 03:00:00;0.0;0.0;0.0;18.5;89.75;2.0;
2022-08-09 04:00:00;0.0;0.0;0.0;18.54;86.75;1.66;
2022-08-09 05:00:00;58.0;67.38;49.0;19.03;86.8;1.24;
2022-08-09 06:00:00;222.0;341.65;116.0;20.52;84.05;0.97;
2022-08-09 07:00:00;399.0;509.55;155.0;23.04;71.25;1.52;
2022-08-09 08:00:00;585.0;696.02;148.0;24.76;66.75;1.31;
2022-08-09 09:00:00;712.0;720.11;174.0;26.46;54.8;0.9;
2022-08-09 10:00:00;787.0;692.83;213.0;27.74;49.7;0.55;
2022-08-09 11:00:00;839.0;732.88;204.0;28.57;45.05;0.28;
2022-08-09 12:00:00;854.0;802.66;165.0;29.19;43.65;0.21;
2022-08-09 13:00:00;679.0;453.48;314.0;29.45;43.8;1.03;
2022-08-09 14:00:00;422.0;115.56;340.0;28.63;48.25;1.79;
2022-08-09 15:00:00;314.0;82.91;266.0;28.04;51.55;2.62;
2022-08-09 16:00:00;373.0;625.74;109.0;25.03;71.5;1.79;
2022-08-09 17:00:00;198.0;493.69;75.0;24.0;73.85;1.93;
2022-08-09 18:00:00;28.0;55.21;24.0;23.25;78.85;2.97;
2022-08-09 19:00:00;0.0;0.0;0.0;22.92;71.25;3.1;
2022-08-09 20:00:00;0.0;0.0;0.0;21.0;81.3;1.24;
2022-08-09 21:00:00;0.0;0.0;0.0;20.12;89.85;1.66;
2022-08-09 22:00:00;0.0;0.0;0.0;19.6;89.85;2.28;
2022-08-09 23:00:00;0.0;0.0;0.0;19.33;86.85;2.07;
2022-08-10 00:00:00;0.0;0.0;0.0;19.01;89.8;1.45;
2022-08-10 01:00:00;0.0;0.0;0.0;19.16;89.8;0.28;
2022-08-10 02:00:00;0.0;0.0;0.0;18.44;92.85;0.9;
2022-08-10 03:00:00;0.0;0.0;0.0;18.29;92.85;1.17;
2022-08-10 04:00:00;0.0;0.0;0.0;18.19;96.05;1.17;
2022-08-10 05:00:00;83.0;291.32;45.0;18.69;92.85;1.66;
2022-08-10 06:00:00;259.0;559.57;87.0;19.08;86.8;2.0;
2022-08-10 07:00:00;400.0;497.72;163.0;21.1;70.9;1.86;
2022-08-10 08:00:00;593.0;706.84;151.0;22.33;54.0;2.41;
2022-08-10 09:00:00;725.0;741.29;173.0;23.35;45.5;2.69;
2022-08-10 10:00:00;843.0;837.73;151.0;24.36;41.0;2.83;
2022-08-10 11:00:00;884.0;839.19;159.0;25.25;38.3;2.97;
2022-08-10 12:00:00;879.0;848.37;153.0;26.07;35.9;3.1;
2022-08-10 13:00:00;819.0;840.34;145.0;26.44;34.8;3.1;
2022-08-10 14:00:00;699.0;781.31;147.0;26.38;36.05;2.83;
2022-08-10 15:00:00;551.0;731.4;130.0;25.89;41.4;3.38;
2022-08-10 16:00:00;376.0;635.93;110.0;25.1;47.4;3.38;
2022-08-10 17:00:00;196.0;493.35;75.0;24.25;50.7;3.1;
2022-08-10 18:00:00;18.0;14.64;17.0;23.01;54.1;2.9;
2022-08-10 19:00:00;0.0;0.0;0.0;22.75;52.1;2.69;
2022-08-10 20:00:00;0.0;0.0;0.0;21.33;57.65;3.03;
2022-08-10 21:00:00;0.0;0.0;0.0;20.27;65.95;4.07;
2022-08-10 22:00:00;0.0;0.0;0.0;19.46;68.2;4.48;
2022-08-10 23:00:00;0.0;0.0;0.0;18.82;70.55;3.86;
2022-08-11 00:00:00;0.0;0.0;0.0;18.44;72.95;3.66;
2022-08-11 01:00:00;0.0;0.0;0.0;17.57;78.1;3.86;
2022-08-11 02:00:00;0.0;0.0;0.0;16.56;83.6;3.72;
2022-08-11 03:00:00;0.0;0.0;0.0;16.4;83.6;2.9;
2022-08-11 04:00:00;0.0;0.0;0.0;15.95;83.55;2.48;
2022-08-11 05:00:00;73.0;204.26;47.0;15.77;83.55;2.41;
2022-08-11 06:00:00;257.0;555.06;88.0;16.79;80.8;2.48;
2022-08-11 07:00:00;439.0;680.09;117.0;18.79;59.15;3.24;
2022-08-11 08:00:00;610.0;764.35;134.0;20.4;51.65;3.24;
2022-08-11 09:00:00;754.0;827.32;140.0;21.76;48.3;2.83;
2022-08-11 10:00:00;848.0;847.56;150.0;22.73;45.25;2.48;
2022-08-11 11:00:00;894.0;861.42;152.0;23.38;40.9;2.14;
2022-08-11 12:00:00;880.0;847.55;157.0;24.0;38.15;1.79;
2022-08-11 13:00:00;816.0;828.37;154.0;24.42;38.15;1.52;
2022-08-11 14:00:00;703.0;791.91;146.0;24.76;38.15;1.45;
2022-08-11 15:00:00;548.0;721.78;135.0;24.89;36.95;1.66;
2022-08-11 16:00:00;374.0;636.77;110.0;24.81;38.15;1.86;
2022-08-11 17:00:00;194.0;489.03;76.0;24.33;38.15;1.66;
2022-08-11 18:00:00;30.0;124.78;22.0;23.06;42.25;1.66;
2022-08-11 19:00:00;0.0;0.0;0.0;21.22;46.5;2.21;
2022-08-11 20:00:00;0.0;0.0;0.0;19.69;53.25;2.34;
2022-08-11 21:00:00;0.0;0.0;0.0;18.6;56.95;2.34;
2022-08-11 22:00:00;0.0;0.0;0.0;17.74;60.95;2.41;
2022-08-11 23:00:00;0.0;0.0;0.0;17.36;63.2;2.48;
2022-08-12 00:00:00;0.0;0.0;0.0;16.87;65.35;2.55;
2022-08-12 01:00:00;0.0;0.0;0.0;16.34;65.25;2.48;
2022-08-12 02:00:00;0.0;0.0;0.0;15.69;69.9;2.28;
2022-08-12 03:00:00;0.0;0.0;0.0;15.12;72.4;2.21;
2022-08-12 04:00:00;0.0;0.0;0.0;14.76;72.4;2.14;
2022-08-12 05:00:00;65.0;145.02;47.0;14.39;77.65;2.0;
2022-08-12 06:00:00;249.0;533.92;88.0;16.43;70.1;1.72;
2022-08-12 07:00:00;427.0;656.43;118.0;19.41;61.4;1.66;
2022-08-12 08:00:00;589.0;722.4;141.0;21.12;51.75;1.93;
2022-08-12 09:00:00;698.0;677.37;197.0;22.72;43.65;1.93;
2022-08-12 10:00:00;826.0;816.07;156.0;23.99;38.15;1.79;
2022-08-12 11:00:00;876.0;840.76;154.0;24.96;36.95;1.59;
2022-08-12 12:00:00;871.0;850.31;148.0;25.7;35.8;1.17;
2022-08-12 13:00:00;798.0;808.86;154.0;26.26;35.9;1.1;
2022-08-12 14:00:00;690.0;781.27;143.0;26.66;34.8;1.52;
2022-08-12 15:00:00;536.0;710.39;132.0;26.75;34.8;2.0;
2022-08-12 16:00:00;364.0;620.72;109.0;26.55;36.05;2.07;
2022-08-12 17:00:00;183.0;451.01;76.0;25.84;39.85;2.14;
2022-08-12 18:00:00;26.0;100.3;20.0;24.52;44.05;2.28;
2022-08-12 19:00:00;0.0;0.0;0.0;23.12;48.7;2.48;
2022-08-12 20:00:00;0.0;0.0;0.0;21.91;52.0;2.55;
2022-08-12 21:00:00;0.0;0.0;0.0;20.89;57.55;2.41;
2022-08-12 22:00:00;0.0;0.0;0.0;19.97;61.5;2.28;
2022-08-12 23:00:00;0.0;0.0;0.0;19.24;65.75;2.14;
2022-08-13 00:00:00;0.0;0.0;0.0;18.46;70.45;2.07;
2022-08-13 01:00:00;0.0;0.0;0.0;17.83;72.9;2.0;
2022-08-13 02:00:00;0.0;0.0;0.0;17.12;78.0;2.0;
2022-08-13 03:00:00;0.0;0.0;0.0;16.64;80.75;1.93;
2022-08-13 04:00:00;0.0;0.0;0.0;16.13;83.55;1.86;
2022-08-13 05:00:00;63.0;148.85;45.0;15.76;86.5;1.66;
2022-08-13 06:00:00;236.0;475.57;94.0;18.1;78.15;1.24;
2022-08-13 07:00:00;418.0;634.66;121.0;20.92;66.15;1.1;
2022-08-13 08:00:00;585.0;719.01;141.0;22.77;57.9;1.31;
2022-08-13 09:00:00;730.0;792.35;146.0;24.39;48.95;1.45;
2022-08-13 10:00:00;822.0;813.77;156.0;25.64;45.9;1.45;
2022-08-13 11:00:00;867.0;827.03;159.0;26.7;43.05;1.38;
2022-08-13 12:00:00;857.0;824.83;158.0;27.59;40.35;1.45;
2022-08-13 13:00:00;789.0;794.31;159.0;28.25;39.1;1.59;
2022-08-13 14:00:00;682.0;767.75;147.0;28.63;37.9;1.86;
2022-08-13 15:00:00;531.0;706.04;132.0;28.78;37.9;1.79;
2022-08-13 16:00:00;358.0;606.95;111.0;28.62;37.9;1.79;
2022-08-13 17:00:00;177.0;433.27;76.0;27.99;40.5;2.07;
2022-08-13 18:00:00;24.0;90.18;19.0;26.65;47.75;2.41;
2022-08-13 19:00:00;0.0;0.0;0.0;24.59;54.35;2.55;
2022-08-13 20:00:00;0.0;0.0;0.0;23.22;58.0;2.41;
2022-08-13 21:00:00;0.0;0.0;0.0;22.08;64.1;2.21;
2022-08-13 22:00:00;0.0;0.0;0.0;20.97;68.5;1.86;
2022-08-13 23:00:00;0.0;0.0;0.0;19.87;75.75;1.66;
2022-08-14 00:00:00;0.0;0.0;0.0;18.96;81.05;1.59;
2022-08-14 01:00:00;0.0;0.0;0.0;18.39;83.8;1.52;
2022-08-14 02:00:00;0.0;0.0;0.0;18.07;86.7;1.38;
2022-08-14 03:00:00;0.0;0.0;0.0;18.17;86.7;1.17;
2022-08-14 04:00:00;0.0;0.0;0.0;18.65;83.8;0.97;
2022-08-14 05:00:00;57.0;110.43;44.0;18.97;81.05;0.69;
2022-08-14 06:00:00;225.0;422.84;100.0;19.66;86.85;0.21;
2022-08-14 07:00:00;406.0;599.77;127.0;22.99;66.55;0.34;
2022-08-14 08:00:00;573.0;694.47;146.0;24.99;58.35;0.41;
2022-08-14 09:00:00;720.0;780.19;147.0;26.49;51.2;0.28;
2022-08-14 10:00:00;811.0;801.69;157.0;27.75;49.7;0.07;
2022-08-14 11:00:00;856.0;815.62;160.0;28.87;48.25;0.21;
2022-08-14 12:00:00;846.0;813.45;159.0;29.76;45.35;0.28;
2022-08-14 13:00:00;778.0;783.52;159.0;30.46;42.6;0.14;
2022-08-14 14:00:00;671.0;755.63;147.0;30.88;42.6;0.69;
2022-08-14 15:00:00;519.0;682.15;136.0;31.07;41.3;0.97;
2022-08-14 16:00:00;347.0;583.12;112.0;30.96;39.9;1.03;
2022-08-14 17:00:00;169.0;406.3;76.0;30.21;42.45;1.24;
2022-08-14 18:00:00;21.0;98.05;16.0;28.93;46.75;1.93;
2022-08-14 19:00:00;0.0;0.0;0.0;27.3;62.9;1.66;
2022-08-14 20:00:00;0.0;0.0;0.0;25.55;71.6;1.59;
2022-08-14 21:00:00;0.0;0.0;0.0;24.86;73.95;1.1;
2022-08-14 22:00:00;0.0;0.0;0.0;24.82;71.4;0.83;
2022-08-14 23:00:00;0.0;0.0;0.0;23.78;76.3;1.03;
2022-08-15 00:00:00;0.0;0.0;0.0;23.09;78.85;1.03;
2022-08-15 01:00:00;0.0;0.0;0.0;22.72;81.45;0.83;
2022-08-15 02:00:00;0.0;0.0;0.0;22.34;78.75;0.62;
2022-08-15 03:00:00;0.0;0.0;0.0;21.85;81.4;0.55;
2022-08-15 04:00:00;0.0;0.0;0.0;21.49;84.1;0.48;
2022-08-15 05:00:00;46.0;52.41;40.0;21.0;86.95;0.76;
2022-08-15 06:00:00;212.0;358.83;107.0;21.96;87.05;0.69;
2022-08-15 07:00:00;401.0;586.12;130.0;24.39;71.4;0.97;
2022-08-15 08:00:00;566.0;679.57;150.0;26.03;62.65;0.76;
2022-08-15 09:00:00;682.0;662.77;197.0;27.51;55.05;0.48;
2022-08-15 10:00:00;808.0;800.65;157.0;28.38;49.95;0.48;
2022-08-15 11:00:00;843.0;790.08;171.0;29.23;46.75;0.34;
2022-08-15 12:00:00;0.0;0.0;0.0;30.0;42.45;0.0;
2022-08-15 13:00:00;778.0;791.78;155.0;30.63;41.15;0.07;
2022-08-15 14:00:00;663.0;743.47;150.0;31.13;38.55;0.41;
2022-08-15 15:00:00;514.0;679.55;135.0;31.26;38.55;1.03;
2022-08-15 16:00:00;339.0;558.93;116.0;30.64;39.75;1.86;
2022-08-15 17:00:00;167.0;414.08;74.0;29.36;46.75;2.28;
2022-08-15 18:00:00;21.0;107.61;16.0;28.22;51.55;1.79;
2022-08-15 19:00:00;0.0;0.0;0.0;27.01;56.85;1.38;
2022-08-15 20:00:00;0.0;0.0;0.0;25.52;64.7;1.24;
2022-08-15 21:00:00;0.0;0.0;0.0;25.11;64.6;1.03;
2022-08-15 22:00:00;0.0;0.0;0.0;23.29;71.25;1.59;
2022-08-15 23:00:00;0.0;0.0;0.0;22.47;71.15;1.93;
2022-08-16 00:00:00;0.0;0.0;0.0;21.88;73.55;1.59;
2022-08-16 01:00:00;0.0;0.0;0.0;22.11;73.55;0.97;
2022-08-16 02:00:00;0.0;0.0;0.0;21.4;76.0;1.1;
2022-08-16 03:00:00;0.0;0.0;0.0;21.41;78.65;0.9;
2022-08-16 04:00:00;0.0;0.0;0.0;20.68;84.05;0.97;
2022-08-16 05:00:00;44.0;53.94;38.0;20.29;86.85;1.03;
2022-08-16 06:00:00;78.0;0.0;78.0;21.55;84.1;1.03;
2022-08-16 07:00:00;415.0;659.38;112.0;23.38;71.35;0.76;
2022-08-16 08:00:00;563.0;677.69;150.0;24.81;66.75;0.76;
2022-08-16 09:00:00;706.0;757.11;154.0;26.55;56.7;0.62;
2022-08-16 10:00:00;800.0;788.54;161.0;28.09;49.8;0.9;
2022-08-16 11:00:00;844.0;802.17;164.0;29.23;45.2;1.17;
2022-08-16 12:00:00;834.0;798.99;164.0;30.03;42.45;1.59;
2022-08-16 13:00:00;771.0;779.76;160.0;30.54;41.15;1.86;
2022-08-16 14:00:00;652.0;715.24;161.0;30.75;39.75;1.59;
2022-08-16 15:00:00;508.0;666.19;139.0;30.41;39.75;1.31;
2022-08-16 16:00:00;342.0;592.61;108.0;28.83;46.65;0.62;
2022-08-16 17:00:00;170.0;454.1;70.0;27.02;54.95;0.21;
2022-08-16 18:00:00;15.0;71.68;12.0;26.44;56.7;0.41;
2022-08-16 19:00:00;0.0;0.0;0.0;25.93;62.65;2.07;
2022-08-16 20:00:00;0.0;0.0;0.0;24.82;69.05;2.28;
2022-08-16 21:00:00;0.0;0.0;0.0;23.73;71.35;2.41;
2022-08-16 22:00:00;0.0;0.0;0.0;22.8;73.6;2.55;
2022-08-16 23:00:00;0.0;0.0;0.0;22.0;76.1;2.69;
2022-08-17 00:00:00;0.0;0.0;0.0;21.41;78.65;2.69;
2022-08-17 01:00:00;0.0;0.0;0.0;20.92;78.55;2.48;
2022-08-17 02:00:00;0.0;0.0;0.0;20.38;81.2;2.21;
2022-08-17 03:00:00;0.0;0.0;0.0;19.93;83.95;2.07;
2022-08-17 04:00:00;0.0;0.0;0.0;19.47;89.85;1.72;
2022-08-17 05:00:00;54.0;138.92;39.0;19.13;92.9;1.45;
2022-08-17 06:00:00;224.0;467.61;90.0;20.73;84.05;1.72;
2022-08-17 07:00:00;407.0;632.86;118.0;23.05;76.2;2.21;
2022-08-17 08:00:00;574.0;718.69;138.0;25.0;66.85;2.62;
2022-08-17 09:00:00;716.0;784.75;146.0;26.58;56.7;2.62;
2022-08-17 10:00:00;803.0;794.98;161.0;27.9;51.55;2.34;
2022-08-17 11:00:00;847.0;808.48;164.0;29.07;46.75;2.55;
2022-08-17 12:00:00;832.0;792.37;170.0;29.96;43.95;2.9;
2022-08-17 13:00:00;768.0;774.12;164.0;30.51;41.15;3.1;
2022-08-17 14:00:00;657.0;735.13;155.0;30.66;39.75;3.59;
2022-08-17 15:00:00;507.0;672.73;137.0;30.19;38.3;3.79;
2022-08-17 16:00:00;335.0;573.36;111.0;28.95;43.65;2.62;
2022-08-17 17:00:00;158.0;389.32;74.0;28.03;48.15;2.76;
2022-08-17 18:00:00;11.0;0.0;11.0;26.74;54.8;2.48;
2022-08-17 19:00:00;0.0;0.0;0.0;25.44;58.45;3.31;
2022-08-17 20:00:00;0.0;0.0;0.0;24.18;64.5;3.17;
2022-08-17 21:00:00;0.0;0.0;0.0;23.24;71.25;2.76;
2022-08-17 22:00:00;0.0;0.0;0.0;22.58;76.15;2.48;
2022-08-17 23:00:00;0.0;0.0;0.0;22.08;78.7;2.07;
2022-08-18 00:00:00;0.0;0.0;0.0;21.58;81.35;1.59;
2022-08-18 01:00:00;0.0;0.0;0.0;21.15;84.05;1.86;
2022-08-18 02:00:00;0.0;0.0;0.0;20.81;81.3;2.0;
2022-08-18 03:00:00;0.0;0.0;0.0;20.55;84.05;1.93;
2022-08-18 04:00:00;0.0;0.0;0.0;20.33;84.05;1.79;
2022-08-18 05:00:00;39.0;38.21;35.0;20.03;86.85;1.72;
2022-08-18 06:00:00;146.0;98.76;118.0;20.71;84.05;1.72;
2022-08-18 07:00:00;363.0;440.76;163.0;21.09;84.05;1.72;
2022-08-18 08:00:00;507.0;483.55;215.0;22.24;78.7;1.52;
2022-08-18 09:00:00;681.0;688.25;183.0;23.6;71.35;0.83;
2022-08-18 10:00:00;710.0;531.85;282.0;24.95;69.15;0.62;
2022-08-18 11:00:00;803.0;690.17;222.0;26.07;64.8;0.62;
2022-08-18 12:00:00;744.0;550.27;286.0;27.45;58.9;1.1;
2022-08-18 13:00:00;585.0;296.07;355.0;28.44;53.45;1.52;
2022-08-18 14:00:00;420.0;138.4;326.0;28.74;53.45;2.07;
2022-08-18 15:00:00;446.0;446.87;202.0;26.67;62.8;2.21;
2022-08-18 16:00:00;243.0;183.74;172.0;24.36;76.35;1.38;
2022-08-18 17:00:00;119.0;151.5;87.0;23.72;78.9;1.59;
2022-08-18 18:00:00;6.0;0.0;6.0;22.74;81.45;2.07;
2022-08-18 19:00:00;0.0;0.0;0.0;24.11;71.4;1.52;
2022-08-18 20:00:00;0.0;0.0;0.0;23.24;76.2;1.38;
2022-08-18 21:00:00;0.0;0.0;0.0;22.49;78.75;1.24;
2022-08-18 22:00:00;0.0;0.0;0.0;21.88;81.4;1.17;
2022-08-18 23:00:00;0.0;0.0;0.0;21.33;84.1;1.17;
2022-08-19 00:00:00;0.0;0.0;0.0;21.28;86.95;0.9;
2022-08-19 01:00:00;0.0;0.0;0.0;21.08;86.95;0.9;
2022-08-19 02:00:00;0.0;0.0;0.0;21.51;84.1;0.41;
2022-08-19 03:00:00;0.0;0.0;0.0;20.45;89.9;1.03;
2022-08-19 04:00:00;0.0;0.0;0.0;20.51;86.9;1.86;
2022-08-19 05:00:00;41.0;59.17;35.0;20.28;89.85;2.28;
2022-08-19 06:00:00;194.0;310.24;107.0;20.39;86.9;2.48;
2022-08-19 07:00:00;372.0;501.28;146.0;21.08;89.95;1.31;
2022-08-19 08:00:00;460.0;349.4;250.0;22.06;84.15;1.52;
2022-08-19 09:00:00;543.0;308.01;321.0;23.21;76.2;1.31;
2022-08-19 10:00:00;524.0;167.11;390.0;24.44;71.4;1.17;
2022-08-19 11:00:00;712.0;460.18;326.0;25.23;69.15;0.83;
2022-08-19 12:00:00;664.0;370.29;357.0;26.07;64.8;0.83;
2022-08-19 13:00:00;608.0;351.71;336.0;26.58;60.7;1.1;
2022-08-19 14:00:00;583.0;515.22;235.0;26.9;58.8;1.38;
2022-08-19 15:00:00;479.0;594.13;157.0;26.93;58.8;1.52;
2022-08-19 16:00:00;339.0;630.79;98.0;27.1;58.8;1.52;
2022-08-19 17:00:00;64.0;9.68;62.0;26.86;58.8;1.52;
2022-08-19 18:00:00;7.0;0.0;7.0;26.12;64.8;1.45;
2022-08-19 19:00:00;0.0;0.0;0.0;25.8;69.25;0.48;
2022-08-19 20:00:00;0.0;0.0;0.0;25.64;64.7;0.07;
2022-08-19 21:00:00;0.0;0.0;0.0;25.15;69.15;0.14;
2022-08-19 22:00:00;0.0;0.0;0.0;24.61;71.4;0.07;
2022-08-19 23:00:00;0.0;0.0;0.0;24.14;71.4;0.34;
2022-08-20 00:00:00;0.0;0.0;0.0;23.47;73.75;0.48;
2022-08-20 01:00:00;0.0;0.0;0.0;22.92;78.85;0.41;
2022-08-20 02:00:00;0.0;0.0;0.0;22.34;81.45;0.41;
2022-08-20 03:00:00;0.0;0.0;0.0;21.79;87.0;0.48;
2022-08-20 04:00:00;0.0;0.0;0.0;21.23;93.0;0.69;
2022-08-20 05:00:00;40.0;61.17;34.0;21.0;93.0;0.83;
2022-08-20 06:00:00;112.0;32.45;103.0;21.78;87.0;0.9;
2022-08-20 07:00:00;252.0;118.33;199.0;22.8;84.25;0.83;
2022-08-20 08:00:00;524.0;583.45;175.0;23.51;76.3;1.1;
2022-08-20 09:00:00;339.0;37.61;312.0;24.27;73.85;1.45;
2022-08-20 10:00:00;182.0;0.0;182.0;24.77;73.85;1.59;
2022-08-20 11:00:00;98.0;0.0;98.0;25.6;66.95;0.97;
2022-08-20 12:00:00;177.0;0.0;177.0;26.54;62.8;0.62;
2022-08-20 13:00:00;152.0;0.0;152.0;27.06;60.8;0.83;
2022-08-20 14:00:00;281.0;19.36;268.0;28.23;55.15;1.45;
2022-08-20 15:00:00;64.0;0.0;64.0;27.96;55.15;1.72;
2022-08-20 16:00:00;38.0;0.0;38.0;26.76;62.8;1.52;
2022-08-20 17:00:00;83.0;39.62;75.0;25.23;73.95;0.62;
2022-08-20 18:00:00;5.0;0.0;5.0;24.29;78.95;0.48;
2022-08-20 19:00:00;0.0;0.0;0.0;23.11;84.25;2.21;
2022-08-20 20:00:00;0.0;0.0;0.0;22.44;87.1;2.62;
2022-08-20 21:00:00;0.0;0.0;0.0;21.75;89.95;2.62;
2022-08-20 22:00:00;0.0;0.0;0.0;21.41;89.95;2.34;
2022-08-20 23:00:00;0.0;0.0;0.0;21.16;93.0;1.72;
2022-08-21 00:00:00;0.0;0.0;0.0;20.98;93.0;1.03;
2022-08-21 01:00:00;0.0;0.0;0.0;20.66;96.15;0.69;
2022-08-21 02:00:00;0.0;0.0;0.0;20.75;92.95;0.34;
2022-08-21 03:00:00;0.0;0.0;0.0;20.43;92.95;0.69;
2022-08-21 04:00:00;0.0;0.0;0.0;20.05;96.1;1.24;
2022-08-21 05:00:00;45.0;116.1;34.0;19.65;99.4;1.03;
2022-08-21 06:00:00;87.0;7.29;85.0;20.83;89.95;0.62;
2022-08-21 07:00:00;226.0;69.67;195.0;21.27;89.95;2.14;
2022-08-21 08:00:00;363.0;136.07;282.0;22.55;78.75;2.14;
2022-08-21 09:00:00;529.0;281.12;328.0;24.2;71.4;1.59;
2022-08-21 10:00:00;618.0;325.4;359.0;25.83;62.55;0.76;
2022-08-21 11:00:00;771.0;616.15;258.0;27.04;51.3;0.48;
2022-08-21 12:00:00;791.0;701.56;214.0;28.0;46.5;0.76;
2022-08-21 13:00:00;744.0;740.01;177.0;28.66;42.05;0.97;
2022-08-21 14:00:00;643.0;742.85;147.0;29.16;39.35;1.1;
2022-08-21 15:00:00;493.0;676.5;132.0;29.3;38.0;1.31;
2022-08-21 16:00:00;319.0;570.83;106.0;29.21;36.7;1.45;
2022-08-21 17:00:00;143.0;390.52;66.0;28.63;40.65;1.59;
2022-08-21 18:00:00;0.0;0.0;0.0;27.06;44.7;2.07;
2022-08-21 19:00:00;0.0;0.0;0.0;26.03;51.05;2.41;
2022-08-21 20:00:00;0.0;0.0;0.0;24.98;49.05;3.72;
2022-08-21 21:00:00;0.0;0.0;0.0;24.24;44.05;5.1;
2022-08-21 22:00:00;0.0;0.0;0.0;23.35;42.35;5.1;
2022-08-21 23:00:00;0.0;0.0;0.0;22.4;45.25;4.97;
2022-08-22 00:00:00;0.0;0.0;0.0;21.11;59.6;4.55;
2022-08-22 01:00:00;0.0;0.0;0.0;20.22;73.2;3.72;
2022-08-22 02:00:00;0.0;0.0;0.0;19.76;75.7;3.52;
2022-08-22 03:00:00;0.0;0.0;0.0;19.15;75.65;3.52;
2022-08-22 04:00:00;0.0;0.0;0.0;18.81;73.05;3.24;
2022-08-22 05:00:00;48.0;164.1;33.0;18.45;72.95;2.83;
2022-08-22 06:00:00;222.0;516.47;82.0;19.26;70.55;2.41;
2022-08-22 07:00:00;405.0;663.0;112.0;21.91;55.8;3.24;
2022-08-22 08:00:00;574.0;741.13;135.0;23.43;47.15;3.17;
2022-08-22 09:00:00;718.0;807.52;143.0;24.6;42.5;2.9;
2022-08-22 10:00:00;806.0;817.24;158.0;25.61;39.85;2.48;
2022-08-22 11:00:00;845.0;817.46;167.0;26.5;37.35;2.14;
2022-08-22 12:00:00;829.0;798.5;175.0;27.14;34.9;1.66;
2022-08-22 13:00:00;763.0;778.99;169.0;27.61;33.8;1.1;
2022-08-22 14:00:00;656.0;768.4;146.0;27.94;32.75;1.03;
2022-08-22 15:00:00;502.0;702.76;130.0;28.07;32.75;1.1;
2022-08-22 16:00:00;325.0;599.62;104.0;27.84;33.8;1.17;
2022-08-22 17:00:00;145.0;421.12;64.0;27.16;37.5;1.38;
2022-08-22 18:00:00;0.0;0.0;0.0;25.66;42.75;1.72;
2022-08-22 19:00:00;0.0;0.0;0.0;23.94;44.05;2.34;
2022-08-22 20:00:00;0.0;0.0;0.0;22.52;46.85;2.41;
2022-08-22 21:00:00;0.0;0.0;0.0;21.38;50.05;2.34;
2022-08-22 22:00:00;0.0;0.0;0.0;20.32;55.45;2.28;
2022-08-22 23:00:00;0.0;0.0;0.0;19.36;59.25;2.21;
2022-08-23 00:00:00;0.0;0.0;0.0;18.52;65.65;2.14;
2022-08-23 01:00:00;0.0;0.0;0.0;17.75;72.8;2.0;
2022-08-23 02:00:00;0.0;0.0;0.0;17.03;75.3;1.79;
2022-08-23 03:00:00;0.0;0.0;0.0;16.61;80.75;1.59;
2022-08-23 04:00:00;0.0;0.0;0.0;16.67;80.75;1.31;
2022-08-23 05:00:00;44.0;147.65;31.0;17.48;75.4;0.9;
2022-08-23 06:00:00;212.0;481.5;83.0;19.06;68.1;0.41;
2022-08-23 07:00:00;392.0;628.84;116.0;21.68;61.85;0.34;
2022-08-23 08:00:00;560.0;719.4;136.0;23.87;48.95;0.55;
2022-08-23 09:00:00;698.0;775.66;148.0;25.77;42.75;0.97;
2022-08-23 10:00:00;789.0;797.64;159.0;27.21;37.5;1.31;
2022-08-23 11:00:00;828.0;797.68;169.0;28.28;35.2;1.66;
2022-08-23 12:00:00;816.0;794.55;168.0;29.15;33.05;2.0;
2022-08-23 13:00:00;746.0;760.44;169.0;29.71;32.0;2.28;
2022-08-23 14:00:00;636.0;735.22;151.0;29.97;31.0;2.55;
2022-08-23 15:00:00;488.0;680.01;131.0;29.87;32.0;2.76;
2022-08-23 16:00:00;315.0;579.79;104.0;29.39;33.05;2.62;
2022-08-23 17:00:00;136.0;378.78;65.0;28.43;36.6;2.62;
2022-08-23 18:00:00;0.0;0.0;0.0;26.71;41.55;2.62;
2022-08-23 19:00:00;0.0;0.0;0.0;24.93;47.4;2.69;
2022-08-23 20:00:00;0.0;0.0;0.0;23.67;50.55;2.62;
2022-08-23 21:00:00;0.0;0.0;0.0;22.63;54.0;2.48;
2022-08-23 22:00:00;0.0;0.0;0.0;21.7;57.65;2.41;
2022-08-23 23:00:00;0.0;0.0;0.0;20.91;57.55;2.41;
2022-08-24 00:00:00;0.0;0.0;0.0;20.28;61.5;2.48;
2022-08-24 01:00:00;0.0;0.0;0.0;19.77;63.6;2.55;
2022-08-24 02:00:00;0.0;0.0;0.0;19.28;65.75;2.48;
2022-08-24 03:00:00;0.0;0.0;0.0;18.78;65.75;2.34;
2022-08-24 04:00:00;0.0;0.0;0.0;18.16;70.35;2.14;
2022-08-24 05:00:00;41.0;129.91;30.0;17.47;78.1;1.86;
2022-08-24 06:00:00;209.0;475.95;83.0;18.85;78.3;1.24;
2022-08-24 07:00:00;391.0;635.53;114.0;23.01;58.0;0.62;
2022-08-24 08:00:00;554.0;707.73;139.0;25.27;49.05;0.9;
2022-08-24 09:00:00;695.0;774.74;148.0;26.94;40.25;1.45;
2022-08-24 10:00:00;781.0;783.02;165.0;28.28;37.75;2.0;
2022-08-24 11:00:00;820.0;781.44;177.0;29.27;36.7;2.21;
2022-08-24 12:00:00;803.0;763.53;183.0;29.94;34.5;2.34;
2022-08-24 13:00:00;738.0;744.42;176.0;30.45;33.4;2.62;
2022-08-24 14:00:00;632.0;733.75;151.0;30.59;34.6;2.9;
2022-08-24 15:00:00;478.0;655.06;137.0;30.44;35.85;3.03;
2022-08-24 16:00:00;306.0;559.57;105.0;29.93;36.95;2.97;
2022-08-24 17:00:00;132.0;378.13;63.0;29.04;40.75;2.76;
2022-08-24 18:00:00;0.0;0.0;0.0;27.51;46.4;2.55;
2022-08-24 19:00:00;0.0;0.0;0.0;25.93;51.05;2.9;
2022-08-24 20:00:00;0.0;0.0;0.0;24.83;56.25;3.03;
2022-08-24 21:00:00;0.0;0.0;0.0;23.96;56.25;2.97;
2022-08-24 22:00:00;0.0;0.0;0.0;23.21;60.05;2.9;
2022-08-24 23:00:00;0.0;0.0;0.0;22.51;62.05;2.76;
2022-08-25 00:00:00;0.0;0.0;0.0;21.87;64.1;2.69;
2022-08-25 01:00:00;0.0;0.0;0.0;21.25;68.5;2.62;
2022-08-25 02:00:00;0.0;0.0;0.0;20.79;70.8;2.48;
2022-08-25 03:00:00;0.0;0.0;0.0;20.21;73.2;2.34;
2022-08-25 04:00:00;0.0;0.0;0.0;19.75;75.7;2.21;
2022-08-25 05:00:00;37.0;110.72;28.0;19.21;81.05;2.0;
2022-08-25 06:00:00;203.0;458.82;83.0;20.46;78.5;1.66;
2022-08-25 07:00:00;385.0;623.87;115.0;23.83;62.25;1.66;
2022-08-25 08:00:00;550.0;706.26;138.0;25.79;54.55;2.07;
2022-08-25 09:00:00;687.0;762.47;151.0;27.17;47.9;2.21;
2022-08-25 10:00:00;777.0;781.09;165.0;28.26;44.95;2.14;
2022-08-25 11:00:00;816.0;779.77;177.0;29.15;42.2;2.07;
2022-08-25 12:00:00;799.0;761.99;183.0;29.89;39.65;2.07;
2022-08-25 13:00:00;737.0;756.26;169.0;30.44;39.75;2.21;
2022-08-25 14:00:00;620.0;703.16;162.0;30.76;39.75;2.48;
2022-08-25 15:00:00;472.0;651.09;136.0;30.75;39.75;2.76;
2022-08-25 16:00:00;298.0;533.26;109.0;30.35;42.45;3.03;
2022-08-25 17:00:00;124.0;338.13;64.0;29.46;43.8;3.31;
2022-08-25 18:00:00;0.0;0.0;0.0;27.97;49.8;3.03;
2022-08-25 19:00:00;0.0;0.0;0.0;26.37;52.95;3.38;
2022-08-25 20:00:00;0.0;0.0;0.0;25.31;56.35;3.31;
2022-08-25 21:00:00;0.0;0.0;0.0;24.42;56.25;3.17;
2022-08-25 22:00:00;0.0;0.0;0.0;23.55;58.1;3.1;
2022-08-25 23:00:00;0.0;0.0;0.0;22.82;59.95;3.1;
2022-08-26 00:00:00;0.0;0.0;0.0;22.11;61.95;2.9;
2022-08-26 01:00:00;0.0;0.0;0.0;21.46;64.0;2.55;
2022-08-26 02:00:00;0.0;0.0;0.0;20.71;70.8;2.21;
2022-08-26 03:00:00;0.0;0.0;0.0;19.88;73.2;1.93;
2022-08-26 04:00:00;0.0;0.0;0.0;19.2;81.05;1.66;
2022-08-26 05:00:00;32.0;77.04;26.0;18.96;83.85;1.31;
2022-08-26 06:00:00;197.0;437.44;84.0;21.19;73.35;0.62;
2022-08-26 07:00:00;372.0;579.5;123.0;24.26;60.25;0.83;
2022-08-26 08:00:00;530.0;639.34;159.0;26.15;51.05;1.52;
2022-08-26 09:00:00;675.0;732.99;162.0;27.34;47.9;2.0;
2022-08-26 10:00:00;764.0;749.72;179.0;28.51;43.55;2.0;
2022-08-26 11:00:00;806.0;762.2;184.0;29.5;40.9;1.93;
2022-08-26 12:00:00;793.0;759.26;182.0;30.3;39.65;2.14;
2022-08-26 13:00:00;728.0;740.19;175.0;30.78;38.4;2.34;
2022-08-26 14:00:00;614.0;700.07;161.0;31.01;38.55;2.62;
2022-08-26 15:00:00;464.0;635.4;139.0;30.94;38.55;2.9;
2022-08-26 16:00:00;291.0;517.78;110.0;30.45;39.75;3.31;
2022-08-26 17:00:00;117.0;313.32;63.0;29.51;42.3;3.45;
2022-08-26 18:00:00;0.0;0.0;0.0;28.05;48.15;3.03;
2022-08-26 19:00:00;0.0;0.0;0.0;26.16;51.05;2.76;
2022-08-26 20:00:00;0.0;0.0;0.0;25.05;54.45;2.62;
2022-08-26 21:00:00;0.0;0.0;0.0;24.37;56.25;2.62;
2022-08-26 22:00:00;0.0;0.0;0.0;23.42;58.1;2.69;
2022-08-26 23:00:00;0.0;0.0;0.0;22.71;62.05;2.69;
2022-08-27 00:00:00;0.0;0.0;0.0;21.94;61.95;2.55;
2022-08-27 01:00:00;0.0;0.0;0.0;21.17;66.15;2.28;
2022-08-27 02:00:00;0.0;0.0;0.0;20.27;70.7;2.14;
2022-08-27 03:00:00;0.0;0.0;0.0;19.33;73.15;1.93;
2022-08-27 04:00:00;0.0;0.0;0.0;18.37;81.0;1.59;
2022-08-27 05:00:00;31.0;80.57;25.0;18.77;81.0;1.1;
2022-08-27 06:00:00;191.0;403.78;88.0;20.63;73.3;0.28;
2022-08-27 07:00:00;373.0;586.09;123.0;23.52;58.1;0.41;
2022-08-27 08:00:00;538.0;672.22;150.0;25.7;49.2;0.55;
2022-08-27 09:00:00;681.0;753.53;156.0;27.47;41.8;1.03;
2022-08-27 10:00:00;770.0;770.91;171.0;28.91;36.7;1.31;
2022-08-27 11:00:00;808.0;769.16;183.0;30.09;33.3;1.59;
2022-08-27 12:00:00;791.0;751.56;189.0;30.99;32.4;1.72;
2022-08-27 13:00:00;729.0;745.55;175.0;31.57;31.4;1.79;
2022-08-27 14:00:00;614.0;706.34;160.0;31.91;30.45;2.0;
2022-08-27 15:00:00;463.0;641.21;138.0;31.94;31.55;2.34;
2022-08-27 16:00:00;290.0;533.88;106.0;31.58;32.55;2.55;
2022-08-27 17:00:00;116.0;340.93;59.0;30.73;37.1;2.62;
2022-08-27 18:00:00;0.0;0.0;0.0;29.02;42.2;2.62;
2022-08-27 19:00:00;0.0;0.0;0.0;27.03;41.65;2.41;
2022-08-27 20:00:00;0.0;0.0;0.0;25.57;47.5;2.14;
2022-08-27 21:00:00;0.0;0.0;0.0;24.17;52.5;2.0;
2022-08-27 22:00:00;0.0;0.0;0.0;22.76;59.95;1.86;
2022-08-27 23:00:00;0.0;0.0;0.0;21.8;66.25;1.45;
2022-08-28 00:00:00;0.0;0.0;0.0;22.01;61.95;1.03;
2022-08-28 01:00:00;0.0;0.0;0.0;21.07;66.15;1.1;
2022-08-28 02:00:00;0.0;0.0;0.0;20.74;70.8;0.97;
2022-08-28 03:00:00;0.0;0.0;0.0;20.59;70.8;0.62;
2022-08-28 04:00:00;0.0;0.0;0.0;20.34;70.8;0.28;
2022-08-28 05:00:00;27.0;56.3;23.0;19.95;73.2;0.07;
2022-08-28 06:00:00;172.0;293.84;98.0;20.83;70.9;0.07;
2022-08-28 07:00:00;365.0;566.84;125.0;23.84;60.25;0.76;
2022-08-28 08:00:00;534.0;677.63;145.0;26.19;52.85;0.9;
2022-08-28 09:00:00;677.0;758.44;151.0;28.17;44.95;0.97;
2022-08-28 10:00:00;762.0;763.89;171.0;29.84;39.5;1.1;
2022-08-28 11:00:00;800.0;762.63;183.0;31.17;34.75;1.24;
2022-08-28 12:00:00;787.0;758.9;182.0;32.2;31.55;1.31;
2022-08-28 13:00:00;716.0;723.96;181.0;32.97;28.65;1.38;
2022-08-28 14:00:00;606.0;698.68;160.0;33.37;28.65;1.52;
2022-08-28 15:00:00;452.0;619.34;141.0;33.4;28.65;1.86;
2022-08-28 16:00:00;283.0;524.05;105.0;33.18;28.65;2.21;
2022-08-28 17:00:00;114.0;351.91;57.0;31.92;33.8;1.86;
2022-08-28 18:00:00;0.0;0.0;0.0;29.84;40.9;2.0;
2022-08-28 19:00:00;0.0;0.0;0.0;27.13;51.3;3.59;
2022-08-28 20:00:00;0.0;0.0;0.0;25.53;58.45;3.24;
2022-08-28 21:00:00;0.0;0.0;0.0;24.52;62.35;2.83;
2022-08-28 22:00:00;0.0;0.0;0.0;23.7;66.65;2.55;
2022-08-28 23:00:00;0.0;0.0;0.0;22.98;71.25;2.28;
2022-08-29 00:00:00;0.0;0.0;0.0;22.39;73.6;2.14;
2022-08-29 01:00:00;0.0;0.0;0.0;21.75;78.65;1.79;
2022-08-29 02:00:00;0.0;0.0;0.0;21.07;84.05;1.52;
2022-08-29 03:00:00;0.0;0.0;0.0;20.48;86.9;1.59;
2022-08-29 04:00:00;0.0;0.0;0.0;20.07;89.85;1.72;
2022-08-29 05:00:00;4.0;0.0;4.0;19.84;89.85;1.66;
2022-08-29 06:00:00;174.0;329.89;92.0;21.16;86.95;1.24;
2022-08-29 07:00:00;351.0;528.29;129.0;23.31;76.2;0.9;
2022-08-29 08:00:00;503.0;578.05;173.0;25.38;66.95;1.38;
2022-08-29 09:00:00;618.0;579.47;218.0;27.3;56.85;0.97;
2022-08-29 10:00:00;725.0;668.58;210.0;28.72;49.95;0.34;
2022-08-29 11:00:00;752.0;641.88;235.0;30.05;43.95;0.62;
2022-08-29 12:00:00;747.0;664.27;220.0;31.14;38.55;0.69;
2022-08-29 13:00:00;694.0;681.79;193.0;31.62;37.35;1.03;
2022-08-29 14:00:00;586.0;656.28;170.0;31.96;36.25;1.72;
2022-08-29 15:00:00;438.0;591.11;144.0;30.88;41.15;2.34;
2022-08-29 16:00:00;270.0;481.15;109.0;29.99;43.95;2.41;
2022-08-29 17:00:00;100.0;261.66;59.0;29.2;48.4;2.14;
2022-08-29 18:00:00;0.0;0.0;0.0;27.57;55.05;0.9;
2022-08-29 19:00:00;0.0;0.0;0.0;27.1;60.8;1.93;
2022-08-29 20:00:00;0.0;0.0;0.0;26.14;64.8;2.41;
2022-08-29 21:00:00;0.0;0.0;0.0;25.17;69.15;2.62;
2022-08-29 22:00:00;0.0;0.0;0.0;23.86;73.85;0.34;
2022-08-29 23:00:00;0.0;0.0;0.0;22.31;87.05;2.48;
2022-08-30 00:00:00;0.0;0.0;0.0;21.44;89.95;2.28;
2022-08-30 01:00:00;0.0;0.0;0.0;21.22;93.0;0.97;
2022-08-30 02:00:00;0.0;0.0;0.0;20.65;96.15;3.1;
2022-08-30 03:00:00;0.0;0.0;0.0;20.23;96.1;3.03;
2022-08-30 04:00:00;0.0;0.0;0.0;19.9;92.95;2.76;
2022-08-30 05:00:00;13.0;0.0;13.0;19.81;92.95;2.55;
2022-08-30 06:00:00;37.0;0.0;37.0;19.98;92.95;2.69;
2022-08-30 07:00:00;72.0;0.0;72.0;20.53;92.95;2.41;
2022-08-30 08:00:00;212.0;8.81;207.0;21.44;87.0;2.97;
2022-08-30 09:00:00;479.0;229.98;321.0;22.52;78.75;3.79;
2022-08-30 10:00:00;145.0;0.0;145.0;23.05;76.2;4.07;
2022-08-30 11:00:00;103.0;0.0;103.0;23.21;76.2;4.07;
2022-08-30 12:00:00;287.0;5.07;283.0;22.61;78.75;3.59;
2022-08-30 13:00:00;408.0;84.86;346.0;23.11;78.85;3.31;
2022-08-30 14:00:00;411.0;179.55;298.0;23.52;73.75;2.97;
2022-08-30 15:00:00;404.0;469.0;173.0;24.01;71.4;2.9;
2022-08-30 16:00:00;234.0;312.59;131.0;24.21;71.4;2.76;
2022-08-30 17:00:00;61.0;39.64;55.0;24.07;71.4;1.93;
2022-08-30 18:00:00;0.0;0.0;0.0;23.1;76.2;1.93;
2022-08-30 19:00:00;0.0;0.0;0.0;22.59;73.6;2.41;
2022-08-30 20:00:00;0.0;0.0;0.0;21.81;78.7;2.55;
2022-08-30 21:00:00;0.0;0.0;0.0;21.22;81.3;2.41;
2022-08-30 22:00:00;0.0;0.0;0.0;20.65;84.05;2.34;
2022-08-30 23:00:00;0.0;0.0;0.0;20.35;84.05;2.21;
2022-08-31 00:00:00;0.0;0.0;0.0;19.96;86.85;2.21;
2022-08-31 01:00:00;0.0;0.0;0.0;19.94;83.95;2.28;
2022-08-31 02:00:00;0.0;0.0;0.0;19.83;83.95;2.34;
2022-08-31 03:00:00;0.0;0.0;0.0;19.74;83.9;2.07;
2022-08-31 04:00:00;0.0;0.0;0.0;19.38;83.9;1.52;
2022-08-31 05:00:00;21.0;49.42;18.0;18.63;89.75;1.31;
2022-08-31 06:00:00;171.0;343.02;88.0;19.54;86.85;1.31;
2022-08-31 07:00:00;347.0;526.84;129.0;21.33;81.35;1.45;
2022-08-31 08:00:00;463.0;442.91;213.0;23.0;73.7;1.31;
2022-08-31 09:00:00;649.0;705.0;167.0;24.66;66.75;0.9;
2022-08-31 10:00:00;740.0;736.2;178.0;25.96;58.55;0.34;
2022-08-31 11:00:00;776.0;735.51;189.0;26.79;54.8;0.69;
2022-08-31 12:00:00;758.0;716.78;195.0;27.44;51.45;0.83;
2022-08-31 13:00:00;695.0;710.42;179.0;28.02;48.15;0.83;
2022-08-31 14:00:00;582.0;669.07;164.0;28.26;48.15;0.83;
2022-08-31 15:00:00;435.0;613.16;136.0;28.26;46.5;0.69;
2022-08-31 16:00:00;264.0;499.48;102.0;27.93;52.15;0.8;
2022-08-31 17:00:00;93.0;267.17;54.0;26.9;54.63;0.79;
2022-08-31 18:00:00;0.0;0.0;0.0;25.88;57.1;0.77;
2022-08-31 19:00:00;0.0;0.0;0.0;24.86;59.58;0.75;
2022-08-31 20:00:00;0.0;0.0;0.0;23.84;62.05;0.73;
2022-08-31 21:00:00;0.0;0.0;0.0;22.82;64.53;0.71;
2022-08-31 22:00:00;0.0;0.0;0.0;21.79;67.0;0.69;
2022-08-31 23:00:00;0.0;0.0;0.0;20.77;69.48;0.67;
2022-09-01 00:00:00;0.0;0.0;0.0;19.75;71.95;0.65;
2022-09-01 01:00:00;0.0;0.0;0.0;18.73;74.43;0.63;
2022-09-01 02:00:00;0.0;0.0;0.0;17.7;76.9;0.61;
2022-09-01 03:00:00;0.0;0.0;0.0;16.68;79.38;0.59;
2022-09-01 04:00:00;0.0;0.0;0.0;15.66;81.85;0.57;
2022-09-01 05:00:00;15.0;17.47;14.0;14.64;84.33;0.55;
2022-09-01 06:00:00;196.0;523.8;71.0;13.61;86.8;0.53;
2022-09-01 07:00:00;382.0;689.35;99.0;12.59;89.28;0.51;
2022-09-01 08:00:00;558.0;789.4;115.0;19.84;70.65;1.52;
2022-09-01 09:00:00;699.0;840.77;127.0;21.67;55.65;1.52;
2022-09-01 10:00:00;797.0;876.49;131.0;23.01;48.55;1.24;
2022-09-01 11:00:00;835.0;879.99;136.0;24.01;43.9;1.03;
2022-09-01 12:00:00;836.0;918.85;118.0;24.76;39.7;0.83;
2022-09-01 13:00:00;748.0;851.82;133.0;25.25;37.1;0.97;
2022-09-01 14:00:00;626.0;804.72;127.0;25.46;37.1;1.52;
2022-09-01 15:00:00;462.0;716.84;116.0;25.43;38.45;2.34;
2022-09-01 16:00:00;274.0;560.94;95.0;24.96;41.15;2.48;
2022-09-01 17:00:00;99.0;355.79;49.0;23.98;47.15;2.07;
2022-09-01 18:00:00;0.0;0.0;0.0;22.17;53.85;2.0;
2022-09-01 19:00:00;0.0;0.0;0.0;20.68;63.8;2.34;
2022-09-01 20:00:00;0.0;0.0;0.0;19.61;73.15;2.34;
2022-09-01 21:00:00;0.0;0.0;0.0;18.59;81.0;2.07;
2022-09-01 22:00:00;0.0;0.0;0.0;17.69;86.7;1.66;
2022-09-01 23:00:00;0.0;0.0;0.0;17.14;89.7;1.31;
2022-09-02 00:00:00;0.0;0.0;0.0;18.16;83.8;0.76;
2022-09-02 01:00:00;0.0;0.0;0.0;18.22;83.8;0.14;
2022-09-02 02:00:00;0.0;0.0;0.0;15.95;96.0;1.45;
2022-09-02 03:00:00;0.0;0.0;0.0;15.67;92.75;1.66;
2022-09-02 04:00:00;0.0;0.0;0.0;15.66;92.75;1.79;
2022-09-02 05:00:00;10.0;0.0;10.0;15.9;92.75;1.86;
2022-09-02 06:00:00;91.0;25.5;85.0;16.79;89.65;2.07;
2022-09-02 07:00:00;360.0;613.88;110.0;17.9;75.45;2.41;
2022-09-02 08:00:00;322.0;107.55;262.0;18.97;72.95;2.9;
2022-09-02 09:00:00;392.0;98.98;325.0;19.38;73.05;2.9;
2022-09-02 10:00:00;313.0;13.22;303.0;20.05;70.7;3.03;
2022-09-02 11:00:00;228.0;0.0;228.0;20.1;73.2;2.69;
2022-09-02 12:00:00;147.0;0.0;147.0;21.09;70.9;2.07;
2022-09-02 13:00:00;595.0;416.68;296.0;21.66;71.0;1.66;
2022-09-02 14:00:00;604.0;767.02;132.0;22.02;71.0;0.76;
2022-09-02 15:00:00;441.0;669.94;121.0;22.24;66.35;0.34;
2022-09-02 16:00:00;239.0;388.75;117.0;21.87;68.6;0.97;
2022-09-02 17:00:00;88.0;288.8;49.0;20.37;75.75;1.72;
2022-09-02 18:00:00;0.0;0.0;0.0;19.27;83.85;0.9;
2022-09-02 19:00:00;0.0;0.0;0.0;19.08;83.85;1.1;
2022-09-02 20:00:00;0.0;0.0;0.0;18.24;89.75;1.1;
2022-09-02 21:00:00;0.0;0.0;0.0;17.68;89.75;1.38;
2022-09-02 22:00:00;0.0;0.0;0.0;17.12;89.7;1.79;
2022-09-02 23:00:00;0.0;0.0;0.0;16.63;92.8;1.72;
2022-09-03 00:00:00;0.0;0.0;0.0;16.28;96.05;1.24;
2022-09-03 01:00:00;0.0;0.0;0.0;16.84;92.8;0.83;
2022-09-03 02:00:00;0.0;0.0;0.0;16.91;92.8;0.76;
2022-09-03 03:00:00;0.0;0.0;0.0;15.79;96.0;1.1;
2022-09-03 04:00:00;0.0;0.0;0.0;15.26;96.0;1.17;
2022-09-03 05:00:00;8.0;0.0;8.0;15.44;96.0;0.97;
2022-09-03 06:00:00;171.0;392.36;80.0;16.63;92.8;0.34;
2022-09-03 07:00:00;355.0;604.05;111.0;18.09;89.75;0.14;
2022-09-03 08:00:00;525.0;710.5;131.0;19.64;81.1;0.14;
2022-09-03 09:00:00;656.0;751.33;150.0;20.97;75.85;0.07;
2022-09-03 10:00:00;685.0;576.64;251.0;22.22;68.7;0.21;
2022-09-03 11:00:00;739.0;635.61;239.0;23.09;64.3;0.21;
2022-09-03 12:00:00;757.0;737.24;187.0;23.86;60.15;0.41;
2022-09-03 13:00:00;716.0;803.53;143.0;24.47;56.25;0.28;
2022-09-03 14:00:00;592.0;745.19;137.0;24.8;52.6;0.48;
2022-09-03 15:00:00;441.0;685.6;117.0;25.03;52.6;0.69;
2022-09-03 16:00:00;253.0;505.69;97.0;24.88;50.8;0.76;
2022-09-03 17:00:00;84.0;285.7;47.0;24.46;54.35;0.48;
2022-09-03 18:00:00;0.0;0.0;0.0;23.49;58.0;0.14;
2022-09-03 19:00:00;0.0;0.0;0.0;22.82;64.2;0.76;
2022-09-03 20:00:00;0.0;0.0;0.0;20.77;75.85;1.17;
2022-09-03 21:00:00;0.0;0.0;0.0;19.38;83.85;1.31;
2022-09-03 22:00:00;0.0;0.0;0.0;18.41;86.75;1.38;
2022-09-03 23:00:00;0.0;0.0;0.0;17.8;86.7;1.31;
2022-09-04 00:00:00;0.0;0.0;0.0;17.5;86.7;1.17;
2022-09-04 01:00:00;0.0;0.0;0.0;16.95;92.8;1.17;
2022-09-04 02:00:00;0.0;0.0;0.0;16.44;92.8;1.31;
2022-09-04 03:00:00;0.0;0.0;0.0;15.91;96.0;1.52;
2022-09-04 04:00:00;0.0;0.0;0.0;15.57;96.0;1.72;
2022-09-04 05:00:00;9.0;0.0;9.0;15.4;96.0;1.72;
2022-09-04 06:00:00;170.0;415.67;75.0;16.66;92.8;1.24;
2022-09-04 07:00:00;351.0;604.09;109.0;20.1;78.45;0.76;
2022-09-04 08:00:00;519.0;703.96;131.0;22.12;66.35;0.69;
2022-09-04 09:00:00;659.0;776.14;139.0;23.79;58.1;0.48;
2022-09-04 10:00:00;753.0;810.45;146.0;25.0;54.45;0.41;
2022-09-04 11:00:00;799.0;836.83;144.0;25.91;51.05;0.34;
2022-09-04 12:00:00;799.0;877.83;124.0;26.67;47.9;0.34;
2022-09-04 13:00:00;711.0;807.25;139.0;27.22;46.4;0.28;
2022-09-04 14:00:00;587.0;747.84;134.0;27.55;44.8;0.41;
2022-09-04 15:00:00;431.0;667.46;119.0;27.61;43.4;0.62;
2022-09-04 16:00:00;245.0;484.98;98.0;27.44;44.8;1.03;
2022-09-04 17:00:00;76.0;242.08;46.0;26.68;49.55;1.59;
2022-09-04 18:00:00;0.0;0.0;0.0;24.73;58.35;2.28;
2022-09-04 19:00:00;0.0;0.0;0.0;22.82;64.2;2.41;
2022-09-04 20:00:00;0.0;0.0;0.0;21.64;68.6;2.34;
2022-09-04 21:00:00;0.0;0.0;0.0;20.58;75.85;2.14;
2022-09-04 22:00:00;0.0;0.0;0.0;19.5;83.85;1.86;
2022-09-04 23:00:00;0.0;0.0;0.0;18.48;86.75;1.59;
2022-09-05 00:00:00;0.0;0.0;0.0;18.02;86.75;1.38;
2022-09-05 01:00:00;0.0;0.0;0.0;17.97;89.75;1.17;
2022-09-05 02:00:00;0.0;0.0;0.0;18.31;86.75;0.97;
2022-09-05 03:00:00;0.0;0.0;0.0;18.32;86.75;0.62;
2022-09-05 04:00:00;0.0;0.0;0.0;18.12;86.75;0.55;
2022-09-05 05:00:00;6.0;0.0;6.0;17.75;89.75;0.62;
2022-09-05 06:00:00;158.0;342.0;81.0;18.24;86.75;0.34;
2022-09-05 07:00:00;341.0;566.41;116.0;20.07;81.15;0.62;
2022-09-05 08:00:00;513.0;693.74;133.0;22.39;71.05;0.41;
2022-09-05 09:00:00;657.0;775.75;140.0;24.21;58.2;0.41;
2022-09-05 10:00:00;746.0;801.09;149.0;25.64;52.85;0.41;
2022-09-05 11:00:00;795.0;837.26;143.0;26.71;49.55;0.41;
2022-09-05 12:00:00;791.0;865.74;129.0;27.58;48.0;0.55;
2022-09-05 13:00:00;703.0;796.88;142.0;28.35;43.55;0.76;
2022-09-05 14:00:00;583.0;747.28;134.0;28.87;40.75;0.97;
2022-09-05 15:00:00;426.0;666.29;118.0;28.99;39.35;1.17;
2022-09-05 16:00:00;239.0;473.68;98.0;28.71;38.0;1.1;
2022-09-05 17:00:00;72.0;236.68;44.0;27.63;46.5;0.9;
2022-09-05 18:00:00;0.0;0.0;0.0;25.25;54.55;1.1;
2022-09-05 19:00:00;0.0;0.0;0.0;23.01;59.95;1.79;
2022-09-05 20:00:00;0.0;0.0;0.0;21.84;61.85;2.0;
2022-09-05 21:00:00;0.0;0.0;0.0;20.76;63.8;2.0;
2022-09-05 22:00:00;0.0;0.0;0.0;19.8;65.85;1.93;
2022-09-05 23:00:00;0.0;0.0;0.0;18.92;70.45;1.79;
2022-09-06 00:00:00;0.0;0.0;0.0;18.12;68.05;1.93;
2022-09-06 01:00:00;0.0;0.0;0.0;17.56;70.35;1.93;
2022-09-06 02:00:00;0.0;0.0;0.0;17.08;72.8;1.79;
2022-09-06 03:00:00;0.0;0.0;0.0;16.89;75.3;1.59;
2022-09-06 04:00:00;0.0;0.0;0.0;17.58;70.35;1.17;
2022-09-06 05:00:00;7.0;0.0;7.0;18.61;68.05;0.48;
2022-09-06 06:00:00;167.0;423.94;73.0;18.48;70.45;0.41;
2022-09-06 07:00:00;345.0;599.22;109.0;20.8;66.05;0.14;
2022-09-06 08:00:00;487.0;597.08;162.0;22.79;62.05;0.14;
2022-09-06 09:00:00;632.0;703.0;166.0;24.27;58.2;0.41;
2022-09-06 10:00:00;738.0;788.99;153.0;25.53;54.55;0.83;
2022-09-06 11:00:00;778.0;802.89;156.0;26.51;49.45;1.17;
2022-09-06 12:00:00;774.0;831.21;142.0;27.07;46.25;1.24;
2022-09-06 13:00:00;691.0;773.58;150.0;27.56;44.8;1.1;
2022-09-06 14:00:00;565.0;703.15;146.0;27.72;43.4;1.1;
2022-09-06 15:00:00;170.0;10.94;165.0;27.15;44.8;1.52;
2022-09-06 16:00:00;194.0;242.99;123.0;26.3;47.75;1.72;
2022-09-06 17:00:00;73.0;292.98;40.0;24.92;54.45;1.86;
2022-09-06 18:00:00;0.0;0.0;0.0;23.55;60.05;1.86;
2022-09-06 19:00:00;0.0;0.0;0.0;22.36;68.7;2.41;
2022-09-06 20:00:00;0.0;0.0;0.0;21.85;71.0;2.14;
2022-09-06 21:00:00;0.0;0.0;0.0;20.81;78.5;1.66;
2022-09-06 22:00:00;0.0;0.0;0.0;19.69;86.85;1.72;
2022-09-06 23:00:00;0.0;0.0;0.0;19.47;89.8;2.07;
2022-09-07 00:00:00;0.0;0.0;0.0;19.2;89.8;2.48;
2022-09-07 01:00:00;0.0;0.0;0.0;19.02;86.8;2.28;
2022-09-07 02:00:00;0.0;0.0;0.0;18.89;89.75;1.86;
2022-09-07 03:00:00;0.0;0.0;0.0;18.72;89.75;2.14;
2022-09-07 04:00:00;0.0;0.0;0.0;18.56;86.75;2.9;
2022-09-07 05:00:00;1.0;0.0;1.0;18.18;83.8;3.03;
2022-09-07 06:00:00;17.0;0.0;17.0;18.23;86.75;3.17;
2022-09-07 07:00:00;46.0;0.0;46.0;16.8;86.6;2.34;
2022-09-07 08:00:00;45.0;0.0;45.0;16.78;86.6;2.07;
2022-09-07 09:00:00;74.0;0.0;74.0;16.91;86.6;1.86;
2022-09-07 10:00:00;192.0;0.0;192.0;17.34;83.7;1.93;
2022-09-07 11:00:00;232.0;0.0;232.0;18.19;75.55;2.07;
2022-09-07 12:00:00;366.0;38.36;337.0;19.05;73.05;2.0;
2022-09-07 13:00:00;578.0;434.75;276.0;19.5;73.05;2.14;
2022-09-07 14:00:00;521.0;558.48;191.0;20.0;73.15;2.21;
2022-09-07 15:00:00;266.0;128.4;208.0;20.2;70.7;2.28;
2022-09-07 16:00:00;215.0;387.22;104.0;20.31;70.7;2.34;
2022-09-07 17:00:00;64.0;233.79;39.0;19.98;75.7;2.34;
2022-09-07 18:00:00;0.0;0.0;0.0;19.33;78.3;2.0;
2022-09-07 19:00:00;0.0;0.0;0.0;19.74;75.7;1.79;
2022-09-07 20:00:00;0.0;0.0;0.0;18.9;83.8;1.52;
2022-09-07 21:00:00;0.0;0.0;0.0;18.68;83.8;1.52;
2022-09-07 22:00:00;0.0;0.0;0.0;18.36;83.8;1.86;
2022-09-07 23:00:00;0.0;0.0;0.0;18.19;83.8;2.07;
2022-09-08 00:00:00;0.0;0.0;0.0;18.0;83.8;2.0;
2022-09-08 01:00:00;0.0;0.0;0.0;18.03;83.8;1.86;
2022-09-08 02:00:00;0.0;0.0;0.0;18.01;81.0;2.0;
2022-09-08 03:00:00;0.0;0.0;0.0;18.14;81.0;1.86;
2022-09-08 04:00:00;0.0;0.0;0.0;17.99;83.75;1.66;
2022-09-08 05:00:00;1.0;0.0;1.0;17.76;83.75;1.59;
2022-09-08 06:00:00;128.0;190.85;87.0;18.07;83.8;1.38;
2022-09-08 07:00:00;332.0;573.67;110.0;19.76;83.9;1.52;
2022-09-08 08:00:00;504.0;701.63;127.0;21.01;78.5;1.66;
2022-09-08 09:00:00;638.0;755.04;143.0;22.47;71.05;2.0;
2022-09-08 10:00:00;710.0;729.12;175.0;23.8;62.25;2.55;
2022-09-08 11:00:00;769.0;804.99;152.0;24.86;58.35;2.83;
2022-09-08 12:00:00;744.0;778.43;159.0;25.48;54.55;2.55;
2022-09-08 13:00:00;666.0;727.65;164.0;25.91;52.85;2.28;
2022-09-08 14:00:00;560.0;723.77;136.0;26.1;49.45;2.21;
2022-09-08 15:00:00;404.0;640.7;118.0;26.15;49.45;2.21;
2022-09-08 16:00:00;220.0;441.14;96.0;25.94;51.05;2.14;
2022-09-08 17:00:00;55.0;167.99;38.0;24.95;56.35;1.52;
2022-09-08 18:00:00;0.0;0.0;0.0;23.11;66.55;1.38;
2022-09-08 19:00:00;0.0;0.0;0.0;21.2;75.95;1.86;
2022-09-08 20:00:00;0.0;0.0;0.0;19.89;83.9;2.0;
2022-09-08 21:00:00;0.0;0.0;0.0;18.92;89.75;2.0;
2022-09-08 22:00:00;0.0;0.0;0.0;18.19;89.75;1.93;
2022-09-08 23:00:00;0.0;0.0;0.0;17.6;89.75;1.79;
2022-09-09 00:00:00;0.0;0.0;0.0;17.1;89.7;1.66;
2022-09-09 01:00:00;0.0;0.0;0.0;16.96;92.8;1.45;
2022-09-09 02:00:00;0.0;0.0;0.0;16.92;92.8;1.31;
2022-09-09 03:00:00;0.0;0.0;0.0;16.38;92.8;1.38;
2022-09-09 04:00:00;0.0;0.0;0.0;15.72;96.0;1.31;
2022-09-09 05:00:00;2.0;0.0;2.0;15.69;96.0;0.9;
2022-09-09 06:00:00;147.0;340.66;75.0;17.06;92.85;0.48;
2022-09-09 07:00:00;324.0;547.58;114.0;20.51;83.95;1.31;
2022-09-09 08:00:00;491.0;668.83;134.0;22.32;71.05;1.24;
2022-09-09 09:00:00;629.0;740.92;146.0;23.88;62.25;1.1;
2022-09-09 10:00:00;720.0;776.89;153.0;25.03;58.35;0.9;
2022-09-09 11:00:00;706.0;620.51;233.0;25.79;52.85;0.48;
2022-09-09 12:00:00;741.0;784.45;155.0;26.26;51.2;0.14;
2022-09-09 13:00:00;666.0;748.81;153.0;26.59;51.2;0.21;
2022-09-09 14:00:00;547.0;699.14;141.0;26.68;47.9;0.14;
2022-09-09 15:00:00;386.0;585.03;128.0;26.68;47.9;0.28;
2022-09-09 16:00:00;230.0;537.24;82.0;26.51;51.2;0.55;
2022-09-09 17:00:00;39.0;62.88;33.0;25.95;54.7;0.48;
2022-09-09 18:00:00;0.0;0.0;0.0;24.9;58.35;0.48;
2022-09-09 19:00:00;0.0;0.0;0.0;22.77;73.6;1.31;
2022-09-09 20:00:00;0.0;0.0;0.0;23.42;66.55;0.62;
2022-09-09 21:00:00;0.0;0.0;0.0;22.7;68.75;0.21;
2022-09-09 22:00:00;0.0;0.0;0.0;22.08;71.05;0.62;
2022-09-09 23:00:00;0.0;0.0;0.0;21.1;75.95;0.9;
2022-09-10 00:00:00;0.0;0.0;0.0;20.71;78.5;0.76;
2022-09-10 01:00:00;0.0;0.0;0.0;20.17;81.15;0.55;
2022-09-10 02:00:00;0.0;0.0;0.0;19.73;83.9;0.55;
2022-09-10 03:00:00;0.0;0.0;0.0;19.08;86.8;0.48;
2022-09-10 04:00:00;0.0;0.0;0.0;18.59;89.75;0.21;
2022-09-10 05:00:00;2.0;0.0;2.0;18.33;89.75;0.28;
2022-09-10 06:00:00;122.0;182.82;84.0;18.11;89.75;0.14;
2022-09-10 07:00:00;310.0;492.1;123.0;20.34;83.95;0.62;
2022-09-10 08:00:00;466.0;573.39;162.0;22.38;76.1;0.55;
2022-09-10 09:00:00;600.0;649.54;179.0;24.25;64.5;0.28;
2022-09-10 10:00:00;699.0;721.9;175.0;25.61;56.6;0.55;
2022-09-10 11:00:00;677.0;546.15;263.0;26.55;54.8;0.83;
2022-09-10 12:00:00;634.0;466.01;288.0;27.33;49.7;0.9;
2022-09-10 13:00:00;390.0;94.09;326.0;27.93;48.15;0.83;
2022-09-10 14:00:00;357.0;144.21;274.0;28.25;45.05;1.03;
2022-09-10 15:00:00;214.0;57.4;189.0;28.07;46.5;1.72;
2022-09-10 16:00:00;206.0;418.77;93.0;27.68;46.5;1.03;
2022-09-10 17:00:00;35.0;44.63;31.0;26.73;56.85;0.41;
2022-09-10 18:00:00;0.0;0.0;0.0;25.65;58.55;0.34;
2022-09-10 19:00:00;0.0;0.0;0.0;23.72;71.35;0.48;
2022-09-10 20:00:00;0.0;0.0;0.0;23.45;73.7;0.07;
2022-09-10 21:00:00;0.0;0.0;0.0;22.77;76.15;0.48;
2022-09-10 22:00:00;0.0;0.0;0.0;22.41;78.7;0.34;
2022-09-10 23:00:00;0.0;0.0;0.0;22.1;78.7;0.14;
2022-09-11 00:00:00;0.0;0.0;0.0;21.28;84.05;0.62;
2022-09-11 01:00:00;0.0;0.0;0.0;20.1;89.85;1.66;
2022-09-11 02:00:00;0.0;0.0;0.0;19.78;92.9;1.59;
2022-09-11 03:00:00;0.0;0.0;0.0;19.31;96.1;1.66;
2022-09-11 04:00:00;0.0;0.0;0.0;18.95;99.4;1.52;
2022-09-11 05:00:00;0.0;0.0;0.0;18.84;99.4;1.45;
2022-09-11 06:00:00;122.0;195.75;82.0;19.16;96.1;1.31;
2022-09-11 07:00:00;187.0;69.06;161.0;20.92;86.9;1.66;
2022-09-11 08:00:00;418.0;404.51;205.0;22.6;76.15;1.66;
2022-09-11 09:00:00;326.0;54.32;291.0;23.96;71.35;1.59;
2022-09-11 10:00:00;160.0;0.0;160.0;24.9;66.85;1.72;
2022-09-11 11:00:00;148.0;0.0;148.0;25.7;62.65;1.66;
2022-09-11 12:00:00;557.0;296.8;338.0;26.11;60.7;1.52;
2022-09-11 13:00:00;264.0;10.37;257.0;26.73;58.8;1.24;
2022-09-11 14:00:00;382.0;201.63;267.0;26.83;58.8;1.24;
2022-09-11 15:00:00;371.0;567.3;127.0;26.95;58.8;1.24;
2022-09-11 16:00:00;199.0;405.07;92.0;26.42;60.7;1.03;
2022-09-11 17:00:00;38.0;95.47;30.0;25.77;62.65;1.24;
2022-09-11 18:00:00;0.0;0.0;0.0;24.58;69.15;1.45;
2022-09-11 19:00:00;0.0;0.0;0.0;22.78;76.15;1.38;
2022-09-11 20:00:00;0.0;0.0;0.0;21.39;84.05;1.52;
2022-09-11 21:00:00;0.0;0.0;0.0;21.6;81.35;0.9;
2022-09-11 22:00:00;0.0;0.0;0.0;21.96;81.35;0.34;
2022-09-11 23:00:00;0.0;0.0;0.0;21.55;81.35;0.41;
2022-09-12 00:00:00;0.0;0.0;0.0;20.98;86.9;0.76;
2022-09-12 01:00:00;0.0;0.0;0.0;19.76;89.85;1.1;
2022-09-12 02:00:00;0.0;0.0;0.0;19.31;92.9;1.1;
2022-09-12 03:00:00;0.0;0.0;0.0;19.09;92.9;1.03;
2022-09-12 04:00:00;0.0;0.0;0.0;18.71;96.1;0.9;
2022-09-12 05:00:00;0.0;0.0;0.0;18.53;96.1;0.9;
2022-09-12 06:00:00;135.0;303.78;74.0;18.87;99.4;0.69;
2022-09-12 07:00:00;317.0;563.12;107.0;20.26;89.85;1.03;
2022-09-12 08:00:00;484.0;678.9;129.0;22.36;81.4;0.76;
2022-09-12 09:00:00;619.0;744.69;142.0;24.25;71.4;0.55;
2022-09-12 10:00:00;709.0;780.18;149.0;25.93;62.65;0.9;
2022-09-12 11:00:00;747.0;795.3;151.0;27.04;56.85;1.31;
2022-09-12 12:00:00;737.0;810.11;143.0;27.83;51.55;1.45;
2022-09-12 13:00:00;656.0;762.27;145.0;28.37;49.95;1.45;
2022-09-12 14:00:00;535.0;709.61;134.0;28.59;48.25;1.31;
2022-09-12 15:00:00;379.0;621.77;115.0;28.52;48.25;1.17;
2022-09-12 16:00:00;197.0;414.03;90.0;28.14;49.95;1.31;
2022-09-12 17:00:00;38.0;115.46;29.0;27.23;55.05;1.24;
2022-09-12 18:00:00;0.0;0.0;0.0;25.35;64.7;1.72;
2022-09-12 19:00:00;0.0;0.0;0.0;23.62;71.35;2.0;
2022-09-12 20:00:00;0.0;0.0;0.0;22.28;78.7;2.07;
2022-09-12 21:00:00;0.0;0.0;0.0;21.33;84.05;2.14;
2022-09-12 22:00:00;0.0;0.0;0.0;20.57;86.9;2.0;
2022-09-12 23:00:00;0.0;0.0;0.0;19.92;92.9;1.93;
2022-09-13 00:00:00;0.0;0.0;0.0;19.33;96.1;1.72;
2022-09-13 01:00:00;0.0;0.0;0.0;18.87;96.1;1.66;
2022-09-13 02:00:00;0.0;0.0;0.0;18.67;96.1;1.52;
2022-09-13 03:00:00;0.0;0.0;0.0;19.35;92.9;1.1;
2022-09-13 04:00:00;0.0;0.0;0.0;20.04;89.85;0.69;
2022-09-13 05:00:00;0.0;0.0;0.0;20.1;89.85;0.62;
2022-09-13 06:00:00;127.0;263.62;75.0;20.21;89.85;0.55;
2022-09-13 07:00:00;305.0;509.02;117.0;21.48;84.05;1.45;
2022-09-13 08:00:00;474.0;652.91;135.0;23.51;76.2;1.45;
2022-09-13 09:00:00;610.0;727.23;147.0;25.42;66.95;1.17;
2022-09-13 10:00:00;704.0;772.06;153.0;27.06;58.8;0.97;
2022-09-13 11:00:00;741.0;786.56;155.0;28.26;53.45;1.03;
2022-09-13 12:00:00;734.0;812.59;142.0;29.08;50.05;1.31;
2022-09-13 13:00:00;653.0;763.49;145.0;29.6;50.05;1.66;
2022-09-13 14:00:00;528.0;702.03;135.0;29.83;48.5;1.93;
2022-09-13 15:00:00;373.0;613.3;116.0;29.76;46.9;2.0;
2022-09-13 16:00:00;186.0;371.99;92.0;29.27;50.05;1.93;
2022-09-13 17:00:00;31.0;83.25;25.0;28.19;53.45;1.52;
2022-09-13 18:00:00;0.0;0.0;0.0;26.17;60.7;1.66;
2022-09-13 19:00:00;0.0;0.0;0.0;24.3;69.05;2.28;
2022-09-13 20:00:00;0.0;0.0;0.0;23.22;73.7;2.28;
2022-09-13 21:00:00;0.0;0.0;0.0;22.3;78.7;2.21;
2022-09-13 22:00:00;0.0;0.0;0.0;21.61;81.35;2.28;
2022-09-13 23:00:00;0.0;0.0;0.0;21.09;84.05;2.34;
2022-09-14 00:00:00;0.0;0.0;0.0;20.57;86.9;2.21;
2022-09-14 01:00:00;0.0;0.0;0.0;20.05;89.85;2.07;
2022-09-14 02:00:00;0.0;0.0;0.0;19.52;92.9;1.86;
2022-09-14 03:00:00;0.0;0.0;0.0;19.02;96.1;1.59;
2022-09-14 04:00:00;0.0;0.0;0.0;19.15;92.9;1.24;
2022-09-14 05:00:00;0.0;0.0;0.0;19.49;96.1;1.03;
2022-09-14 06:00:00;128.0;283.98;73.0;20.18;89.85;0.62;
2022-09-14 07:00:00;304.0;519.51;114.0;22.77;76.15;0.48;
2022-09-14 08:00:00;472.0;653.75;135.0;25.12;64.7;0.76;
2022-09-14 09:00:00;611.0;739.63;143.0;26.82;54.95;1.31;
2022-09-14 10:00:00;698.0;763.89;156.0;27.84;49.8;2.07;
2022-09-14 11:00:00;743.0;799.38;151.0;28.69;46.75;2.55;
2022-09-14 12:00:00;735.0;826.21;137.0;29.15;45.2;2.76;
2022-09-14 13:00:00;646.0;755.7;147.0;29.41;45.2;2.9;
2022-09-14 14:00:00;522.0;692.56;138.0;29.38;45.2;3.1;
2022-09-14 15:00:00;374.0;638.51;110.0;29.05;46.75;3.03;
2022-09-14 16:00:00;175.0;319.94;96.0;28.5;48.25;2.69;
2022-09-14 17:00:00;32.0;120.89;24.0;27.39;53.2;1.93;
2022-09-14 18:00:00;0.0;0.0;0.0;25.67;60.6;2.07;
2022-09-14 19:00:00;0.0;0.0;0.0;24.22;69.05;2.0;
2022-09-14 20:00:00;0.0;0.0;0.0;23.02;76.15;2.07;
2022-09-14 21:00:00;0.0;0.0;0.0;21.93;81.35;2.0;
2022-09-14 22:00:00;0.0;0.0;0.0;20.98;86.9;1.86;
2022-09-14 23:00:00;0.0;0.0;0.0;20.14;89.85;1.79;
2022-09-15 00:00:00;0.0;0.0;0.0;19.42;96.1;1.66;
2022-09-15 01:00:00;0.0;0.0;0.0;19.21;92.9;1.45;
2022-09-15 02:00:00;0.0;0.0;0.0;19.53;89.85;1.1;
2022-09-15 03:00:00;0.0;0.0;0.0;19.51;92.9;0.97;
2022-09-15 04:00:00;0.0;0.0;0.0;19.47;92.9;0.9;
2022-09-15 05:00:00;0.0;0.0;0.0;19.34;92.9;0.83;
2022-09-15 06:00:00;127.0;294.61;71.0;19.62;89.85;0.48;
2022-09-15 07:00:00;300.0;505.4;117.0;21.59;81.35;0.28;
2022-09-15 08:00:00;472.0;662.46;133.0;23.82;68.95;0.34;
2022-09-15 09:00:00;606.0;723.6;151.0;25.6;56.6;0.48;
2022-09-15 10:00:00;699.0;771.28;155.0;26.97;49.55;0.76;
2022-09-15 11:00:00;739.0;796.1;153.0;27.93;44.95;1.03;
2022-09-15 12:00:00;728.0;810.85;145.0;28.56;42.05;1.1;
2022-09-15 13:00:00;638.0;740.21;153.0;28.95;40.75;1.24;
2022-09-15 14:00:00;520.0;699.34;136.0;29.04;40.75;1.38;
2022-09-15 15:00:00;364.0;610.52;115.0;28.81;40.75;1.38;
2022-09-15 16:00:00;199.0;514.27;75.0;28.28;42.05;1.31;
2022-09-15 17:00:00;9.0;0.0;9.0;27.26;48.0;1.31;
2022-09-15 18:00:00;0.0;0.0;0.0;25.41;56.5;1.59;
2022-09-15 19:00:00;0.0;0.0;0.0;23.51;64.3;2.0;
2022-09-15 20:00:00;0.0;0.0;0.0;22.15;71.05;1.72;
2022-09-15 21:00:00;0.0;0.0;0.0;21.31;78.55;1.59;
2022-09-15 22:00:00;0.0;0.0;0.0;21.11;75.95;1.31;
2022-09-15 23:00:00;0.0;0.0;0.0;20.39;81.15;1.45;
2022-09-16 00:00:00;0.0;0.0;0.0;19.37;89.8;1.79;
2022-09-16 01:00:00;0.0;0.0;0.0;18.78;92.85;1.72;
2022-09-16 02:00:00;0.0;0.0;0.0;19.99;86.85;0.9;
2022-09-16 03:00:00;0.0;0.0;0.0;19.2;86.8;1.1;
2022-09-16 04:00:00;0.0;0.0;0.0;19.78;86.85;0.76;
2022-09-16 05:00:00;0.0;0.0;0.0;19.16;89.8;0.9;
2022-09-16 06:00:00;116.0;235.96;72.0;18.78;92.85;0.97;
2022-09-16 07:00:00;285.0;449.19;124.0;21.01;84.05;1.72;
2022-09-16 08:00:00;455.0;612.29;144.0;22.73;73.6;1.66;
2022-09-16 09:00:00;595.0;710.62;151.0;24.84;62.45;1.38;
2022-09-16 10:00:00;683.0;745.99;160.0;26.46;54.8;0.69;
2022-09-16 11:00:00;727.0;783.26;154.0;27.63;48.15;0.21;
2022-09-16 12:00:00;715.0;798.13;145.0;28.43;45.05;0.41;
2022-09-16 13:00:00;629.0;738.37;149.0;28.79;43.65;0.14;
2022-09-16 14:00:00;503.0;660.32;144.0;29.16;42.2;0.69;
2022-09-16 15:00:00;351.0;584.28;116.0;29.13;40.75;0.48;
2022-09-16 16:00:00;190.0;492.99;74.0;28.64;42.2;1.31;
2022-09-16 17:00:00;26.0;110.41;20.0;27.64;48.15;1.45;
2022-09-16 18:00:00;0.0;0.0;0.0;25.55;64.7;1.24;
2022-09-16 19:00:00;0.0;0.0;0.0;23.48;68.85;1.66;
2022-09-16 20:00:00;0.0;0.0;0.0;22.44;73.55;1.59;
2022-09-16 21:00:00;0.0;0.0;0.0;21.94;73.45;1.52;
2022-09-16 22:00:00;0.0;0.0;0.0;21.93;71.0;1.24;
2022-09-16 23:00:00;0.0;0.0;0.0;22.82;66.45;0.62;
2022-09-17 00:00:00;0.0;0.0;0.0;22.3;68.7;0.28;
2022-09-17 01:00:00;0.0;0.0;0.0;21.77;73.45;0.48;
2022-09-17 02:00:00;0.0;0.0;0.0;21.0;78.5;0.62;
2022-09-17 03:00:00;0.0;0.0;0.0;20.61;78.5;0.69;
2022-09-17 04:00:00;0.0;0.0;0.0;20.14;81.15;0.76;
2022-09-17 05:00:00;0.0;0.0;0.0;19.79;83.9;0.76;
2022-09-17 06:00:00;120.0;284.41;68.0;19.89;83.9;0.69;
2022-09-17 07:00:00;297.0;529.98;109.0;21.08;84.05;1.45;
2022-09-17 08:00:00;462.0;658.6;130.0;23.12;71.25;1.72;
2022-09-17 09:00:00;598.0;732.96;143.0;25.04;64.6;1.59;
2022-09-17 10:00:00;680.0;746.27;160.0;26.6;56.85;0.9;
2022-09-17 11:00:00;719.0;773.06;157.0;27.88;51.55;0.28;
2022-09-17 12:00:00;711.0;797.98;145.0;28.83;46.75;0.28;
2022-09-17 13:00:00;625.0;738.09;149.0;29.51;43.65;0.55;
2022-09-17 14:00:00;501.0;672.57;139.0;29.97;39.5;0.76;
2022-09-17 15:00:00;348.0;592.64;113.0;29.89;38.15;1.24;
2022-09-17 16:00:00;169.0;374.8;83.0;29.36;39.35;1.59;
2022-09-17 17:00:00;17.0;41.32;15.0;28.0;44.95;1.66;
2022-09-17 18:00:00;0.0;0.0;0.0;25.84;52.85;2.07;
2022-09-17 19:00:00;0.0;0.0;0.0;23.98;68.95;1.93;
2022-09-17 20:00:00;0.0;0.0;0.0;22.73;73.6;1.93;
2022-09-17 21:00:00;0.0;0.0;0.0;21.62;78.65;1.93;
2022-09-17 22:00:00;0.0;0.0;0.0;20.82;84.05;2.21;
2022-09-17 23:00:00;0.0;0.0;0.0;20.48;86.85;2.28;
2022-09-18 00:00:00;0.0;0.0;0.0;20.27;83.95;2.34;
2022-09-18 01:00:00;0.0;0.0;0.0;20.06;83.95;2.28;
2022-09-18 02:00:00;0.0;0.0;0.0;19.67;86.85;2.21;
2022-09-18 03:00:00;0.0;0.0;0.0;19.3;86.8;2.07;
2022-09-18 04:00:00;0.0;0.0;0.0;18.65;89.75;1.86;
2022-09-18 05:00:00;0.0;0.0;0.0;18.08;89.75;1.72;
2022-09-18 06:00:00;113.0;245.56;69.0;18.35;89.75;1.45;
2022-09-18 07:00:00;289.0;507.12;111.0;21.91;78.65;1.24;
2022-09-18 08:00:00;453.0;631.71;137.0;24.04;66.65;1.38;
2022-09-18 09:00:00;587.0;708.61;150.0;25.73;54.7;1.86;
2022-09-18 10:00:00;674.0;743.72;159.0;26.99;49.55;2.48;
2022-09-18 11:00:00;710.0;757.23;163.0;27.81;44.95;2.41;
2022-09-18 12:00:00;697.0;773.74;152.0;28.31;42.05;2.14;
2022-09-18 13:00:00;615.0;723.79;152.0;28.63;40.75;2.14;
2022-09-18 14:00:00;492.0;656.97;142.0;28.68;40.75;2.21;
2022-09-18 15:00:00;336.0;555.23;119.0;28.48;42.05;2.21;
2022-09-18 16:00:00;159.0;330.95;85.0;27.89;44.95;2.14;
2022-09-18 17:00:00;13.0;23.55;12.0;26.72;49.55;2.0;
2022-09-18 18:00:00;0.0;0.0;0.0;24.82;56.35;2.21;
2022-09-18 19:00:00;0.0;0.0;0.0;23.91;62.25;2.55;
2022-09-18 20:00:00;0.0;0.0;0.0;23.07;64.3;2.69;
2022-09-18 21:00:00;0.0;0.0;0.0;22.39;68.7;2.76;
2022-09-18 22:00:00;0.0;0.0;0.0;21.88;68.6;2.76;
2022-09-18 23:00:00;0.0;0.0;0.0;21.4;70.9;2.9;
2022-09-19 00:00:00;0.0;0.0;0.0;20.95;70.8;3.24;
2022-09-19 01:00:00;0.0;0.0;0.0;20.66;68.4;3.24;
2022-09-19 02:00:00;0.0;0.0;0.0;20.34;68.3;3.03;
2022-09-19 03:00:00;0.0;0.0;0.0;19.62;68.2;3.03;
2022-09-19 04:00:00;0.0;0.0;0.0;19.15;68.1;3.03;
2022-09-19 05:00:00;0.0;0.0;0.0;18.78;70.45;2.83;
2022-09-19 06:00:00;83.0;79.77;69.0;18.88;70.45;2.48;
2022-09-19 07:00:00;219.0;190.06;153.0;20.14;63.7;3.17;
2022-09-19 08:00:00;352.0;261.92;222.0;21.25;61.7;3.31;
2022-09-19 09:00:00;168.0;0.0;168.0;22.1;57.75;3.52;
2022-09-19 10:00:00;302.0;21.8;287.0;23.2;56.0;3.38;
2022-09-19 11:00:00;633.0;518.32;261.0;24.19;52.5;2.9;
2022-09-19 12:00:00;661.0;666.28;195.0;24.74;50.8;2.76;
2022-09-19 13:00:00;486.0;316.81;285.0;25.49;47.5;2.48;
2022-09-19 14:00:00;460.0;538.65;176.0;25.76;46.0;2.34;
2022-09-19 15:00:00;311.0;446.63;139.0;25.63;46.0;2.41;
2022-09-19 16:00:00;123.0;142.38;92.0;25.16;45.9;2.41;
2022-09-19 17:00:00;9.0;0.0;9.0;24.14;50.7;2.34;
2022-09-19 18:00:00;0.0;0.0;0.0;22.67;55.9;2.28;
2022-09-19 19:00:00;0.0;0.0;0.0;21.37;68.5;2.0;
2022-09-19 20:00:00;0.0;0.0;0.0;20.47;73.2;2.14;
2022-09-19 21:00:00;0.0;0.0;0.0;19.9;75.7;2.07;
2022-09-19 22:00:00;0.0;0.0;0.0;19.32;78.3;1.93;
2022-09-19 23:00:00;0.0;0.0;0.0;18.9;81.0;1.72;
2022-09-20 00:00:00;0.0;0.0;0.0;18.3;83.8;1.52;
2022-09-20 01:00:00;0.0;0.0;0.0;17.99;86.7;1.38;
2022-09-20 02:00:00;0.0;0.0;0.0;17.71;86.7;1.79;
2022-09-20 03:00:00;0.0;0.0;0.0;17.81;86.7;1.59;
2022-09-20 04:00:00;0.0;0.0;0.0;17.48;89.7;1.52;
2022-09-20 05:00:00;0.0;0.0;0.0;17.21;89.7;1.45;
2022-09-20 06:00:00;84.0;93.12;68.0;17.58;89.75;1.03;
2022-09-20 07:00:00;67.0;0.0;67.0;19.15;86.8;1.31;
2022-09-20 08:00:00;158.0;2.03;157.0;20.43;81.15;1.45;
2022-09-20 09:00:00;407.0;192.3;290.0;21.45;73.35;1.52;
2022-09-20 10:00:00;511.0;285.22;316.0;22.61;64.2;1.45;
2022-09-20 11:00:00;649.0;584.85;232.0;23.53;62.15;1.24;
2022-09-20 12:00:00;651.0;652.36;198.0;23.95;60.15;0.97;
2022-09-20 13:00:00;509.0;392.59;262.0;24.39;58.2;0.76;
2022-09-20 14:00:00;481.0;659.38;137.0;24.59;56.35;0.69;
2022-09-20 15:00:00;297.0;405.94;143.0;24.66;56.35;0.76;
2022-09-20 16:00:00;132.0;212.42;87.0;23.66;60.15;0.69;
2022-09-20 17:00:00;7.0;0.0;7.0;22.33;68.7;0.9;
2022-09-20 18:00:00;0.0;0.0;0.0;21.42;73.35;0.83;
2022-09-20 19:00:00;0.0;0.0;0.0;21.34;73.35;1.24;
2022-09-20 20:00:00;0.0;0.0;0.0;20.41;81.15;0.9;
2022-09-20 21:00:00;0.0;0.0;0.0;20.62;75.85;0.62;
2022-09-20 22:00:00;0.0;0.0;0.0;20.42;75.75;0.55;
2022-09-20 23:00:00;0.0;0.0;0.0;19.32;83.85;1.03;
2022-09-21 00:00:00;0.0;0.0;0.0;18.86;86.75;1.1;
2022-09-21 01:00:00;0.0;0.0;0.0;19.24;83.85;0.69;
2022-09-21 02:00:00;0.0;0.0;0.0;19.17;83.85;0.34;
2022-09-21 03:00:00;0.0;0.0;0.0;18.78;86.75;0.48;
2022-09-21 04:00:00;0.0;0.0;0.0;17.63;89.75;1.03;
2022-09-21 05:00:00;0.0;0.0;0.0;17.22;92.85;1.45;
2022-09-21 06:00:00;53.0;11.9;51.0;17.27;92.85;1.17;
2022-09-21 07:00:00;25.0;0.0;25.0;18.47;92.85;0.48;
2022-09-21 08:00:00;50.0;0.0;50.0;19.55;86.85;0.83;
2022-09-21 09:00:00;146.0;0.0;146.0;20.42;83.95;0.9;
2022-09-21 10:00:00;60.0;0.0;60.0;21.58;76.0;0.76;
2022-09-21 11:00:00;432.0;122.84;345.0;22.38;73.55;0.69;
2022-09-21 12:00:00;640.0;635.37;202.0;23.35;68.85;0.34;
2022-09-21 13:00:00;528.0;466.47;237.0;23.9;66.65;0.48;
2022-09-21 14:00:00;355.0;226.68;238.0;24.21;64.5;0.83;
2022-09-21 15:00:00;280.0;350.64;149.0;24.2;62.35;0.97;
2022-09-21 16:00:00;134.0;252.49;82.0;23.89;64.4;0.69;
2022-09-21 17:00:00;4.0;0.0;4.0;22.49;68.7;0.62;
2022-09-21 18:00:00;0.0;0.0;0.0;21.62;71.0;1.1;
2022-09-21 19:00:00;0.0;0.0;0.0;20.8;73.3;1.1;
2022-09-21 20:00:00;0.0;0.0;0.0;19.91;81.1;0.9;
2022-09-21 21:00:00;0.0;0.0;0.0;19.95;78.35;0.62;
2022-09-21 22:00:00;0.0;0.0;0.0;19.32;83.85;0.76;
2022-09-21 23:00:00;0.0;0.0;0.0;18.67;86.75;0.9;
2022-09-22 00:00:00;0.0;0.0;0.0;18.57;86.75;0.83;
2022-09-22 01:00:00;0.0;0.0;0.0;17.88;89.75;1.1;
2022-09-22 02:00:00;0.0;0.0;0.0;17.8;92.85;1.38;
2022-09-22 03:00:00;0.0;0.0;0.0;17.62;92.85;1.31;
2022-09-22 04:00:00;0.0;0.0;0.0;17.52;92.85;0.9;
2022-09-22 05:00:00;0.0;0.0;0.0;17.42;96.05;0.76;
2022-09-22 06:00:00;19.0;0.0;19.0;17.72;92.85;0.62;
2022-09-22 07:00:00;55.0;0.0;55.0;18.43;92.85;1.31;
2022-09-22 08:00:00;121.0;0.0;121.0;19.04;86.8;1.45;
2022-09-22 09:00:00;124.0;0.0;124.0;20.02;81.15;0.76;
2022-09-22 10:00:00;178.0;0.0;178.0;20.87;78.5;0.69;
2022-09-22 11:00:00;157.0;0.0;157.0;21.86;73.45;0.69;
2022-09-22 12:00:00;118.0;0.0;118.0;22.25;73.55;0.62;
2022-09-22 13:00:00;206.0;1.62;205.0;22.54;73.55;1.38;
2022-09-22 14:00:00;138.0;0.0;138.0;22.54;71.05;1.1;
2022-09-22 15:00:00;240.0;209.34;163.0;22.49;68.7;1.1;
2022-09-22 16:00:00;83.0;39.99;75.0;21.06;73.35;1.38;
2022-09-22 17:00:00;0.0;0.0;0.0;20.15;78.45;0.48;
2022-09-22 18:00:00;0.0;0.0;0.0;19.41;86.8;0.97;
2022-09-22 19:00:00;0.0;0.0;0.0;18.37;89.75;0.55;
2022-09-22 20:00:00;0.0;0.0;0.0;18.13;92.85;0.34;
2022-09-22 21:00:00;0.0;0.0;0.0;17.99;96.05;0.48;
2022-09-22 22:00:00;0.0;0.0;0.0;18.03;89.75;0.55;
2022-09-22 23:00:00;0.0;0.0;0.0;17.75;92.85;0.41;
2022-09-23 00:00:00;0.0;0.0;0.0;17.83;89.75;0.07;
2022-09-23 01:00:00;0.0;0.0;0.0;17.65;89.75;0.0;
2022-09-23 02:00:00;0.0;0.0;0.0;17.47;89.7;0.21;
2022-09-23 03:00:00;0.0;0.0;0.0;17.01;89.7;0.41;
2022-09-23 04:00:00;0.0;0.0;0.0;16.65;92.8;0.48;
2022-09-23 05:00:00;0.0;0.0;0.0;15.99;96.05;0.62;
2022-09-23 06:00:00;71.0;62.26;61.0;16.21;99.4;0.28;
2022-09-23 07:00:00;122.0;15.06;117.0;17.59;89.75;0.21;
2022-09-23 08:00:00;111.0;0.0;111.0;18.39;83.8;0.07;
2022-09-23 09:00:00;175.0;0.0;175.0;19.73;75.7;0.97;
2022-09-23 10:00:00;518.0;323.78;301.0;21.04;66.15;1.59;
2022-09-23 11:00:00;479.0;198.95;340.0;22.18;61.95;1.59;
2022-09-23 12:00:00;580.0;466.74;263.0;23.15;56.0;1.79;
2022-09-23 13:00:00;536.0;520.3;217.0;23.64;54.2;2.07;
2022-09-23 14:00:00;459.0;627.8;142.0;23.89;54.2;2.14;
2022-09-23 15:00:00;310.0;555.19;109.0;23.81;52.35;2.41;
2022-09-23 16:00:00;134.0;314.2;73.0;23.39;54.1;2.14;
2022-09-23 17:00:00;0.0;0.0;0.0;22.5;59.8;1.31;
2022-09-23 18:00:00;0.0;0.0;0.0;21.13;68.5;0.97;
2022-09-23 19:00:00;0.0;0.0;0.0;20.38;75.75;0.34;
2022-09-23 20:00:00;0.0;0.0;0.0;20.18;75.75;0.34;
2022-09-23 21:00:00;0.0;0.0;0.0;19.44;81.05;0.69;
2022-09-23 22:00:00;0.0;0.0;0.0;18.52;83.8;0.97;
2022-09-23 23:00:00;0.0;0.0;0.0;18.41;83.8;0.9;
2022-09-24 00:00:00;0.0;0.0;0.0;17.99;86.7;0.97;
2022-09-24 01:00:00;0.0;0.0;0.0;17.95;86.7;0.9;
2022-09-24 02:00:00;0.0;0.0;0.0;18.06;83.8;0.55;
2022-09-24 03:00:00;0.0;0.0;0.0;17.79;86.7;0.76;
2022-09-24 04:00:00;0.0;0.0;0.0;16.71;92.8;1.31;
2022-09-24 05:00:00;0.0;0.0;0.0;16.82;92.8;1.38;
2022-09-24 06:00:00;26.0;0.0;26.0;17.45;92.85;1.17;
2022-09-24 07:00:00;74.0;0.0;74.0;19.04;83.85;1.31;
2022-09-24 08:00:00;169.0;6.3;166.0;20.33;78.45;1.38;
2022-09-24 09:00:00;204.0;3.38;202.0;21.35;73.35;1.38;
2022-09-24 10:00:00;155.0;0.0;155.0;22.56;64.2;0.69;
2022-09-24 11:00:00;472.0;191.7;339.0;23.37;62.15;0.48;
2022-09-24 12:00:00;295.0;20.77;281.0;23.91;62.25;0.9;
2022-09-24 13:00:00;379.0;139.87;294.0;24.09;58.2;1.86;
2022-09-24 14:00:00;441.0;568.79;157.0;22.62;71.15;2.69;
2022-09-24 15:00:00;202.0;115.09;161.0;21.87;78.65;2.14;
2022-09-24 16:00:00;83.0;53.12;73.0;21.69;78.65;1.66;
2022-09-24 17:00:00;0.0;0.0;0.0;21.12;81.3;1.79;
2022-09-24 18:00:00;0.0;0.0;0.0;20.21;89.85;1.72;
2022-09-24 19:00:00;0.0;0.0;0.0;18.77;96.1;1.93;
2022-09-24 20:00:00;0.0;0.0;0.0;18.39;92.85;1.93;
2022-09-24 21:00:00;0.0;0.0;0.0;18.24;92.85;1.86;
2022-09-24 22:00:00;0.0;0.0;0.0;17.99;96.05;1.66;
2022-09-24 23:00:00;0.0;0.0;0.0;17.6;96.05;1.66;
2022-09-25 00:00:00;0.0;0.0;0.0;17.27;96.05;2.14;
2022-09-25 01:00:00;0.0;0.0;0.0;17.28;96.05;2.07;
2022-09-25 02:00:00;0.0;0.0;0.0;17.29;96.05;2.21;
2022-09-25 03:00:00;0.0;0.0;0.0;17.01;96.05;2.21;
2022-09-25 04:00:00;0.0;0.0;0.0;16.91;99.4;2.21;
2022-09-25 05:00:00;0.0;0.0;0.0;16.75;99.4;2.0;
2022-09-25 06:00:00;17.0;0.0;17.0;16.42;99.4;2.0;
2022-09-25 07:00:00;158.0;61.7;138.0;15.88;92.75;2.69;
2022-09-25 08:00:00;82.0;0.0;82.0;15.85;96.0;1.86;
2022-09-25 09:00:00;166.0;0.0;166.0;15.61;92.75;1.93;
2022-09-25 10:00:00;108.0;0.0;108.0;16.14;86.55;1.45;
2022-09-25 11:00:00;525.0;288.86;326.0;17.09;78.1;1.93;
2022-09-25 12:00:00;80.0;0.0;80.0;17.96;72.9;2.76;
2022-09-25 13:00:00;60.0;0.0;60.0;17.66;65.55;3.38;
2022-09-25 14:00:00;144.0;0.0;144.0;17.9;52.9;2.21;
2022-09-25 15:00:00;111.0;2.85;110.0;17.92;49.15;1.45;
2022-09-25 16:00:00;62.0;10.97;60.0;17.52;49.15;0.76;
2022-09-25 17:00:00;0.0;0.0;0.0;16.42;60.75;1.03;
2022-09-25 18:00:00;0.0;0.0;0.0;14.91;64.95;1.31;
2022-09-25 19:00:00;0.0;0.0;0.0;13.56;64.75;2.48;
2022-09-25 20:00:00;0.0;0.0;0.0;13.14;69.55;1.79;
2022-09-25 21:00:00;0.0;0.0;0.0;12.33;74.6;1.66;
2022-09-25 22:00:00;0.0;0.0;0.0;11.58;77.3;1.59;
2022-09-25 23:00:00;0.0;0.0;0.0;11.21;77.2;1.59;
2022-09-26 00:00:00;0.0;0.0;0.0;10.69;77.15;1.72;
2022-09-26 01:00:00;0.0;0.0;0.0;10.46;71.7;2.21;
2022-09-26 02:00:00;0.0;0.0;0.0;10.58;66.55;2.55;
2022-09-26 03:00:00;0.0;0.0;0.0;10.66;61.75;2.55;
2022-09-26 04:00:00;0.0;0.0;0.0;10.13;64.0;2.34;
2022-09-26 05:00:00;0.0;0.0;0.0;9.37;68.8;2.14;
2022-09-26 06:00:00;111.0;408.77;50.0;9.1;74.15;1.86;
2022-09-26 07:00:00;293.0;633.94;90.0;11.97;57.65;1.66;
2022-09-26 08:00:00;199.0;19.23;190.0;14.58;46.6;1.66;
2022-09-26 09:00:00;277.0;30.89;259.0;16.39;40.5;1.66;
2022-09-26 10:00:00;265.0;9.14;259.0;17.62;33.9;1.45;
2022-09-26 11:00:00;582.0;404.98;305.0;18.43;32.75;1.38;
2022-09-26 12:00:00;629.0;599.69;231.0;19.0;32.75;1.45;
2022-09-26 13:00:00;540.0;519.41;230.0;19.17;30.5;1.24;
2022-09-26 14:00:00;452.0;592.21;163.0;19.36;28.25;1.38;
2022-09-26 15:00:00;306.0;562.95;112.0;19.16;28.25;1.72;
2022-09-26 16:00:00;100.0;136.02;76.0;18.52;30.35;1.52;
2022-09-26 17:00:00;0.0;0.0;0.0;16.95;42.15;1.1;
2022-09-26 18:00:00;0.0;0.0;0.0;15.05;43.4;1.24;
2022-09-26 19:00:00;0.0;0.0;0.0;13.23;44.5;1.86;
2022-09-26 20:00:00;0.0;0.0;0.0;12.04;45.95;1.86;
2022-09-26 21:00:00;0.0;0.0;0.0;11.4;45.7;1.72;
2022-09-26 22:00:00;0.0;0.0;0.0;10.98;45.7;1.66;
2022-09-26 23:00:00;0.0;0.0;0.0;9.79;54.9;1.86;
2022-09-27 00:00:00;0.0;0.0;0.0;8.59;61.3;1.93;
2022-09-27 01:00:00;0.0;0.0;0.0;8.11;66.05;1.93;
2022-09-27 02:00:00;0.0;0.0;0.0;8.53;63.7;1.45;
2022-09-27 03:00:00;0.0;0.0;0.0;9.7;59.25;0.97;
2022-09-27 04:00:00;0.0;0.0;0.0;9.52;59.25;0.76;
2022-09-27 05:00:00;0.0;0.0;0.0;9.37;63.8;0.76;
2022-09-27 06:00:00;103.0;364.52;50.0;9.2;63.8;0.62;
2022-09-27 07:00:00;284.0;616.6;89.0;9.84;74.2;0.9;
2022-09-27 08:00:00;444.0;698.4;120.0;12.69;55.65;0.9;
2022-09-27 09:00:00;559.0;686.45;162.0;14.5;46.6;1.45;
2022-09-27 10:00:00;602.0;569.27;231.0;15.95;43.5;1.93;
2022-09-27 11:00:00;584.0;434.44;289.0;16.96;40.6;2.0;
2022-09-27 12:00:00;646.0;697.09;187.0;17.73;39.4;2.07;
2022-09-27 13:00:00;576.0;696.7;164.0;18.09;41.05;2.21;
2022-09-27 14:00:00;458.0;667.59;136.0;17.86;44.05;2.62;
2022-09-27 15:00:00;300.0;572.61;106.0;17.24;49.05;3.45;
2022-09-27 16:00:00;128.0;392.85;61.0;16.15;56.5;3.72;
2022-09-27 17:00:00;0.0;0.0;0.0;15.07;62.75;3.03;
2022-09-27 18:00:00;0.0;0.0;0.0;13.98;69.75;2.41;
2022-09-27 19:00:00;0.0;0.0;0.0;12.92;77.45;1.93;
2022-09-27 20:00:00;0.0;0.0;0.0;12.08;80.2;1.66;
2022-09-27 21:00:00;0.0;0.0;0.0;11.14;86.1;1.79;
2022-09-27 22:00:00;0.0;0.0;0.0;10.35;89.2;2.0;
2022-09-27 23:00:00;0.0;0.0;0.0;9.63;89.15;1.93;
2022-09-28 00:00:00;0.0;0.0;0.0;8.92;92.45;1.86;
2022-09-28 01:00:00;0.0;0.0;0.0;8.44;92.4;2.07;
2022-09-28 02:00:00;0.0;0.0;0.0;8.09;95.8;2.21;
2022-09-28 03:00:00;0.0;0.0;0.0;7.78;92.4;2.07;
2022-09-28 04:00:00;0.0;0.0;0.0;7.47;92.4;2.07;
2022-09-28 05:00:00;0.0;0.0;0.0;7.34;92.35;2.41;
2022-09-28 06:00:00;98.0;346.19;49.0;7.64;89.05;2.34;
2022-09-28 07:00:00;276.0;592.47;91.0;10.35;86.0;1.72;
2022-09-28 08:00:00;438.0;693.9;119.0;13.68;64.75;1.93;
2022-09-28 09:00:00;562.0;724.87;146.0;16.11;50.6;1.93;
2022-09-28 10:00:00;642.0;731.06;169.0;17.99;42.45;2.07;
2022-09-28 11:00:00;659.0;689.86;194.0;19.33;38.2;2.07;
2022-09-28 12:00:00;639.0;691.98;187.0;20.26;34.45;1.86;
2022-09-28 13:00:00;566.0;679.33;168.0;20.83;33.3;1.86;
2022-09-28 14:00:00;446.0;637.78;142.0;21.09;32.2;1.93;
2022-09-28 15:00:00;291.0;552.58;107.0;21.04;33.45;1.93;
2022-09-28 16:00:00;115.0;315.79;63.0;20.43;38.5;1.86;
2022-09-28 17:00:00;0.0;0.0;0.0;18.54;47.55;1.79;
2022-09-28 18:00:00;0.0;0.0;0.0;16.26;56.5;2.21;
2022-09-28 19:00:00;0.0;0.0;0.0;15.01;60.5;2.41;
2022-09-28 20:00:00;0.0;0.0;0.0;13.87;69.65;2.21;
2022-09-28 21:00:00;0.0;0.0;0.0;12.99;74.75;1.79;
2022-09-28 22:00:00;0.0;0.0;0.0;12.98;77.5;1.45;
2022-09-28 23:00:00;0.0;0.0;0.0;14.17;72.3;0.9;
2022-09-29 00:00:00;0.0;0.0;0.0;13.16;77.5;1.03;
2022-09-29 01:00:00;0.0;0.0;0.0;10.45;89.25;1.79;
2022-09-29 02:00:00;0.0;0.0;0.0;9.76;92.45;1.86;
2022-09-29 03:00:00;0.0;0.0;0.0;9.74;92.45;1.52;
2022-09-29 04:00:00;0.0;0.0;0.0;9.86;89.15;1.24;
2022-09-29 05:00:00;0.0;0.0;0.0;10.43;86.05;0.9;
2022-09-29 06:00:00;91.0;305.08;49.0;10.73;86.05;0.48;
2022-09-29 07:00:00;204.0;227.1;134.0;13.62;83.35;0.21;
2022-09-29 08:00:00;364.0;395.17;184.0;15.85;75.15;0.34;
2022-09-29 09:00:00;565.0;772.71;125.0;17.84;65.55;0.76;
2022-09-29 10:00:00;629.0;731.79;159.0;19.39;57.1;1.03;
2022-09-29 11:00:00;642.0;675.6;190.0;20.54;49.8;1.38;
2022-09-29 12:00:00;613.0;645.14;195.0;21.25;48.2;1.66;
2022-09-29 13:00:00;529.0;582.39;191.0;21.93;44.95;1.86;
2022-09-29 14:00:00;330.0;233.56;220.0;22.24;43.5;2.14;
2022-09-29 15:00:00;188.0;119.2;149.0;22.23;41.95;2.14;
2022-09-29 16:00:00;60.0;25.19;56.0;21.56;44.95;1.72;
2022-09-29 17:00:00;0.0;0.0;0.0;19.91;53.25;1.72;
2022-09-29 18:00:00;0.0;0.0;0.0;17.86;61.05;1.93;
2022-09-29 19:00:00;0.0;0.0;0.0;16.95;70.2;1.38;
2022-09-29 20:00:00;0.0;0.0;0.0;15.81;77.85;1.45;
2022-09-29 21:00:00;0.0;0.0;0.0;15.07;80.6;1.38;
2022-09-29 22:00:00;0.0;0.0;0.0;15.28;80.6;1.1;
2022-09-29 23:00:00;0.0;0.0;0.0;15.91;75.15;0.76;
2022-09-30 00:00:00;0.0;0.0;0.0;15.75;77.85;0.55;
2022-09-30 01:00:00;0.0;0.0;0.0;15.28;80.6;0.55;
2022-09-30 02:00:00;0.0;0.0;0.0;14.76;83.45;0.55;
2022-09-30 03:00:00;0.0;0.0;0.0;14.18;86.4;0.76;
2022-09-30 04:00:00;0.0;0.0;0.0;13.57;86.35;0.76;
2022-09-30 05:00:00;0.0;0.0;0.0;13.36;89.4;0.69;
2022-09-30 06:00:00;75.0;171.93;52.0;13.28;89.4;0.41;
2022-09-30 07:00:00;255.0;529.29;94.0;14.39;92.7;0.07;
2022-09-30 08:00:00;412.0;638.24;124.0;16.83;78.0;0.14;
2022-09-30 09:00:00;523.0;628.4;168.0;18.38;72.95;0.07;
2022-09-30 10:00:00;619.0;713.74;164.0;19.72;65.85;0.62;
2022-09-30 11:00:00;633.0;662.66;193.0;20.84;57.45;0.97;
2022-09-30 12:00:00;615.0;676.91;180.0;21.53;53.6;1.24;
2022-09-30 13:00:00;542.0;661.05;162.0;21.93;51.9;1.52;
2022-09-30 14:00:00;421.0;603.95;140.0;21.89;50.05;1.59;
2022-09-30 15:00:00;268.0;504.09;106.0;22.11;46.75;1.52;
2022-09-30 16:00:00;100.0;261.53;60.0;20.4;58.18;0.68;
2022-09-30 17:00:00;0.0;0.0;0.0;19.63;61.43;0.71;
2022-09-30 18:00:00;0.0;0.0;0.0;18.87;64.69;0.75;
2022-09-30 19:00:00;0.0;0.0;0.0;18.11;67.94;0.78;
2022-09-30 20:00:00;0.0;0.0;0.0;17.35;71.19;0.82;
2022-09-30 21:00:00;0.0;0.0;0.0;16.58;74.45;0.86;
2022-09-30 22:00:00;0.0;0.0;0.0;15.82;77.7;0.89;
2022-09-30 23:00:00;0.0;0.0;0.0;15.06;80.95;0.93;
2022-10-01 00:00:00;0.0;0.0;0.0;14.3;84.2;0.96;
2022-10-01 01:00:00;0.0;0.0;0.0;13.53;87.46;1.0;
2022-10-01 02:00:00;0.0;0.0;0.0;12.77;90.71;1.03;
2022-10-01 03:00:00;0.0;0.0;0.0;12.01;93.96;1.07;
2022-10-01 04:00:00;0.0;0.0;0.0;11.24;97.22;1.1;
2022-10-01 05:00:00;0.0;0.0;0.0;10.48;100.0;1.14;
2022-10-01 06:00:00;56.0;52.33;49.0;9.72;100.0;1.17;
2022-10-01 07:00:00;224.0;345.19;119.0;8.96;100.0;1.21;
2022-10-01 08:00:00;399.0;582.84;136.0;14.65;83.45;0.69;
2022-10-01 09:00:00;515.0;607.16;172.0;16.18;77.95;0.62;
2022-10-01 10:00:00;619.0;727.85;155.0;17.82;72.8;0.55;
2022-10-01 11:00:00;639.0;697.29;176.0;18.69;70.45;0.48;
2022-10-01 12:00:00;636.0;773.39;139.0;19.72;65.85;0.48;
2022-10-01 13:00:00;543.0;674.96;155.0;20.43;63.7;0.48;
2022-10-01 14:00:00;431.0;668.43;120.0;20.83;61.6;0.41;
2022-10-01 15:00:00;286.0;619.23;87.0;21.04;59.6;0.48;
2022-10-01 16:00:00;107.0;346.53;54.0;20.91;59.5;0.55;
2022-10-01 17:00:00;0.0;0.0;0.0;19.59;70.65;0.9;
2022-10-01 18:00:00;0.0;0.0;0.0;17.95;75.45;0.9;
2022-10-01 19:00:00;0.0;0.0;0.0;16.7;80.8;0.97;
2022-10-01 20:00:00;0.0;0.0;0.0;16.4;80.75;0.83;
2022-10-01 21:00:00;0.0;0.0;0.0;15.73;83.55;0.9;
2022-10-01 22:00:00;0.0;0.0;0.0;15.0;86.5;0.97;
2022-10-01 23:00:00;0.0;0.0;0.0;13.25;92.65;1.24;
2022-10-02 00:00:00;0.0;0.0;0.0;12.59;95.95;1.24;
2022-10-02 01:00:00;0.0;0.0;0.0;11.75;99.4;0.9;
2022-10-02 02:00:00;0.0;0.0;0.0;11.59;99.4;0.9;
2022-10-02 03:00:00;0.0;0.0;0.0;11.31;100.0;0.9;
2022-10-02 04:00:00;0.0;0.0;0.0;11.15;99.35;0.83;
2022-10-02 05:00:00;0.0;0.0;0.0;11.33;100.0;0.97;
2022-10-02 06:00:00;77.0;215.61;49.0;11.44;99.4;0.97;
2022-10-02 07:00:00;262.0;599.78;82.0;12.68;99.4;0.48;
2022-10-02 08:00:00;423.0;711.48;105.0;14.16;92.7;0.48;
2022-10-02 09:00:00;549.0;763.75;121.0;16.56;80.8;0.76;
2022-10-02 10:00:00;639.0;812.4;125.0;18.74;75.55;0.62;
2022-10-02 11:00:00;678.0;848.35;119.0;20.42;68.3;0.28;
2022-10-02 12:00:00;642.0;804.94;129.0;21.59;61.85;0.34;
2022-10-02 13:00:00;565.0;781.64;120.0;22.3;59.8;0.48;
2022-10-02 14:00:00;440.0;726.75;106.0;22.72;57.9;0.34;
2022-10-02 15:00:00;278.0;602.08;88.0;22.78;57.9;0.21;
2022-10-02 16:00:00;97.0;285.5;55.0;22.51;57.9;0.48;
2022-10-02 17:00:00;0.0;0.0;0.0;21.2;66.15;1.03;
2022-10-02 18:00:00;0.0;0.0;0.0;18.93;81.0;1.17;
2022-10-02 19:00:00;0.0;0.0;0.0;16.65;83.65;1.79;
2022-10-02 20:00:00;0.0;0.0;0.0;15.57;89.6;1.59;
2022-10-02 21:00:00;0.0;0.0;0.0;15.02;89.55;1.45;
2022-10-02 22:00:00;0.0;0.0;0.0;14.99;89.55;1.24;
2022-10-02 23:00:00;0.0;0.0;0.0;15.28;89.55;0.83;
2022-10-03 00:00:00;0.0;0.0;0.0;14.72;89.5;0.83;
2022-10-03 01:00:00;0.0;0.0;0.0;13.84;95.95;0.97;
2022-10-03 02:00:00;0.0;0.0;0.0;13.42;92.65;0.97;
2022-10-03 03:00:00;0.0;0.0;0.0;12.77;99.4;0.9;
2022-10-03 04:00:00;0.0;0.0;0.0;12.49;99.4;0.76;
2022-10-03 05:00:00;0.0;0.0;0.0;12.11;99.4;0.69;
2022-10-03 06:00:00;72.0;190.58;48.0;11.8;100.0;0.62;
2022-10-03 07:00:00;254.0;577.68;83.0;13.85;99.4;0.76;
2022-10-03 08:00:00;408.0;668.72;112.0;15.88;89.6;0.62;
2022-10-03 09:00:00;543.0;759.23;121.0;18.37;80.9;0.48;
2022-10-03 10:00:00;632.0;807.5;125.0;20.42;70.7;0.28;
2022-10-03 11:00:00;667.0;832.01;123.0;21.97;64.0;0.34;
2022-10-03 12:00:00;631.0;789.58;132.0;22.91;57.9;0.62;
2022-10-03 13:00:00;493.0;517.93;201.0;23.57;54.2;0.76;
2022-10-03 14:00:00;417.0;649.94;122.0;23.65;54.2;0.55;
2022-10-03 15:00:00;220.0;290.52;130.0;23.63;52.35;0.9;
2022-10-03 16:00:00;28.0;0.0;28.0;23.22;56.0;1.1;
2022-10-03 17:00:00;0.0;0.0;0.0;21.49;66.25;1.17;
2022-10-03 18:00:00;0.0;0.0;0.0;19.87;70.65;1.1;
2022-10-03 19:00:00;0.0;0.0;0.0;18.83;75.55;1.17;
2022-10-03 20:00:00;0.0;0.0;0.0;17.71;80.85;1.59;
2022-10-03 21:00:00;0.0;0.0;0.0;18.88;75.55;0.28;
2022-10-03 22:00:00;0.0;0.0;0.0;16.75;83.65;1.38;
2022-10-03 23:00:00;0.0;0.0;0.0;15.82;89.6;1.52;
2022-10-04 00:00:00;0.0;0.0;0.0;15.46;89.6;1.45;
2022-10-04 01:00:00;0.0;0.0;0.0;15.62;89.6;1.03;
2022-10-04 02:00:00;0.0;0.0;0.0;15.2;92.75;1.1;
2022-10-04 03:00:00;0.0;0.0;0.0;14.64;96.0;1.31;
2022-10-04 04:00:00;0.0;0.0;0.0;14.45;96.0;1.17;
2022-10-04 05:00:00;0.0;0.0;0.0;14.45;96.0;0.83;
2022-10-04 06:00:00;47.0;40.99;42.0;13.96;96.0;0.97;
2022-10-04 07:00:00;119.0;27.41;111.0;15.8;92.75;0.62;
2022-10-04 08:00:00;215.0;54.76;191.0;18.49;83.8;0.62;
2022-10-04 09:00:00;309.0;90.71;259.0;20.48;73.3;0.76;
2022-10-04 10:00:00;313.0;48.15;283.0;22.1;64.1;0.97;
2022-10-04 11:00:00;653.0;813.9;125.0;23.34;58.0;1.38;
2022-10-04 12:00:00;400.0;150.01;306.0;24.21;52.5;1.66;
2022-10-04 13:00:00;147.0;0.0;147.0;24.65;50.8;1.66;
2022-10-04 14:00:00;54.0;0.0;54.0;24.71;50.8;1.52;
2022-10-04 15:00:00;144.0;55.92;127.0;24.55;49.05;1.66;
2022-10-04 16:00:00;67.0;103.31;53.0;23.91;54.2;1.45;
2022-10-04 17:00:00;0.0;0.0;0.0;22.44;59.8;1.79;
2022-10-04 18:00:00;0.0;0.0;0.0;20.34;70.7;1.72;
2022-10-04 19:00:00;0.0;0.0;0.0;18.71;81.0;2.0;
2022-10-04 20:00:00;0.0;0.0;0.0;17.53;86.65;1.79;
2022-10-04 21:00:00;0.0;0.0;0.0;16.63;86.6;1.72;
2022-10-04 22:00:00;0.0;0.0;0.0;16.15;89.65;1.38;
2022-10-04 23:00:00;0.0;0.0;0.0;16.51;86.6;0.97;
2022-10-05 00:00:00;0.0;0.0;0.0;16.6;86.6;0.69;
2022-10-05 01:00:00;0.0;0.0;0.0;14.82;96.0;1.31;
2022-10-05 02:00:00;0.0;0.0;0.0;14.21;96.0;1.45;
2022-10-05 03:00:00;0.0;0.0;0.0;13.89;96.0;1.38;
2022-10-05 04:00:00;0.0;0.0;0.0;13.48;95.95;1.38;
2022-10-05 05:00:00;0.0;0.0;0.0;13.51;95.95;1.17;
2022-10-05 06:00:00;65.0;177.94;44.0;13.46;95.95;1.1;
2022-10-05 07:00:00;212.0;357.96;109.0;15.03;92.75;0.76;
2022-10-05 08:00:00;338.0;380.25;173.0;16.69;83.65;0.69;
2022-10-05 09:00:00;492.0;590.91;169.0;19.03;78.3;1.1;
2022-10-05 10:00:00;551.0;551.66;210.0;21.11;68.5;1.31;
2022-10-05 11:00:00;632.0;762.9;141.0;22.65;62.05;1.17;
2022-10-05 12:00:00;565.0;589.11;199.0;23.67;58.1;0.9;
2022-10-05 13:00:00;531.0;729.16;128.0;24.16;54.35;0.83;
2022-10-05 14:00:00;407.0;662.13;114.0;24.58;52.6;0.62;
2022-10-05 15:00:00;248.0;529.75;90.0;24.64;52.6;0.62;
2022-10-05 16:00:00;71.0;154.15;51.0;24.3;54.35;1.17;
2022-10-05 17:00:00;0.0;0.0;0.0;22.86;62.05;1.38;
2022-10-05 18:00:00;0.0;0.0;0.0;22.13;64.1;0.34;
2022-10-05 19:00:00;0.0;0.0;0.0;19.2;75.65;2.14;
2022-10-05 20:00:00;0.0;0.0;0.0;18.28;80.9;2.28;
2022-10-05 21:00:00;0.0;0.0;0.0;17.76;86.65;1.86;
2022-10-05 22:00:00;0.0;0.0;0.0;17.12;89.65;1.72;
2022-10-05 23:00:00;0.0;0.0;0.0;16.79;89.65;1.52;
2022-10-06 00:00:00;0.0;0.0;0.0;16.69;89.65;1.38;
2022-10-06 01:00:00;0.0;0.0;0.0;16.03;89.65;1.52;
2022-10-06 02:00:00;0.0;0.0;0.0;16.0;89.65;1.52;
2022-10-06 03:00:00;0.0;0.0;0.0;15.88;92.75;1.38;
2022-10-06 04:00:00;0.0;0.0;0.0;15.74;92.75;1.24;
2022-10-06 05:00:00;0.0;0.0;0.0;15.61;92.75;1.17;
2022-10-06 06:00:00;28.0;0.0;28.0;16.01;89.65;0.9;
2022-10-06 07:00:00;144.0;81.11;121.0;17.44;89.7;1.24;
2022-10-06 08:00:00;217.0;62.86;190.0;18.79;83.8;1.24;
2022-10-06 09:00:00;227.0;18.45;217.0;20.1;75.75;1.17;
2022-10-06 10:00:00;412.0;189.16;296.0;21.19;68.5;1.24;
2022-10-06 11:00:00;443.0;211.45;308.0;21.99;64.1;1.52;
2022-10-06 12:00:00;156.0;0.0;156.0;22.98;59.95;1.31;
2022-10-06 13:00:00;256.0;34.73;237.0;23.3;58.0;0.9;
2022-10-06 14:00:00;298.0;226.63;199.0;23.29;58.0;0.9;
2022-10-06 15:00:00;103.0;10.26;100.0;23.27;60.05;1.31;
2022-10-06 16:00:00;7.0;0.0;7.0;22.72;62.05;2.48;
2022-10-06 17:00:00;0.0;0.0;0.0;19.43;83.85;4.14;
2022-10-06 18:00:00;0.0;0.0;0.0;17.88;92.85;4.69;
2022-10-06 19:00:00;0.0;0.0;0.0;17.18;89.65;4.21;
2022-10-06 20:00:00;0.0;0.0;0.0;16.45;83.65;4.21;
2022-10-06 21:00:00;0.0;0.0;0.0;16.09;86.55;3.72;
2022-10-06 22:00:00;0.0;0.0;0.0;15.84;86.5;3.24;
2022-10-06 23:00:00;0.0;0.0;0.0;15.6;86.5;2.83;
2022-10-07 00:00:00;0.0;0.0;0.0;15.23;86.5;2.62;
2022-10-07 01:00:00;0.0;0.0;0.0;14.97;86.5;2.62;
2022-10-07 02:00:00;0.0;0.0;0.0;14.76;89.5;2.69;
2022-10-07 03:00:00;0.0;0.0;0.0;14.46;86.45;2.62;
2022-10-07 04:00:00;0.0;0.0;0.0;14.47;86.45;2.48;
2022-10-07 05:00:00;0.0;0.0;0.0;14.35;86.4;2.28;
2022-10-07 06:00:00;37.0;18.18;35.0;14.22;86.4;2.21;
2022-10-07 07:00:00;171.0;168.23;124.0;15.17;86.5;1.93;
2022-10-07 08:00:00;408.0;731.57;97.0;15.83;80.65;2.28;
2022-10-07 09:00:00;530.0;766.79;118.0;16.6;72.7;2.28;
2022-10-07 10:00:00;608.0;782.5;132.0;17.17;70.2;2.28;
2022-10-07 11:00:00;645.0;817.96;127.0;18.52;63.4;2.41;
2022-10-07 12:00:00;612.0;786.2;132.0;19.58;57.2;2.55;
2022-10-07 13:00:00;534.0;760.72;122.0;20.28;53.35;2.55;
2022-10-07 14:00:00;409.0;702.73;106.0;20.55;51.65;2.55;
2022-10-07 15:00:00;250.0;582.28;83.0;20.4;53.35;2.55;
2022-10-07 16:00:00;75.0;262.02;44.0;19.78;55.2;2.21;
2022-10-07 17:00:00;0.0;0.0;0.0;18.14;61.05;2.28;
2022-10-07 18:00:00;0.0;0.0;0.0;16.41;70.1;2.34;
2022-10-07 19:00:00;0.0;0.0;0.0;15.46;72.55;2.34;
2022-10-07 20:00:00;0.0;0.0;0.0;14.66;75.0;2.41;
2022-10-07 21:00:00;0.0;0.0;0.0;14.03;77.65;2.41;
2022-10-07 22:00:00;0.0;0.0;0.0;13.35;83.25;2.41;
2022-10-07 23:00:00;0.0;0.0;0.0;12.78;86.25;2.28;
2022-10-08 00:00:00;0.0;0.0;0.0;12.11;89.35;2.14;
2022-10-08 01:00:00;0.0;0.0;0.0;11.54;89.3;2.0;
2022-10-08 02:00:00;0.0;0.0;0.0;11.13;92.55;1.86;
2022-10-08 03:00:00;0.0;0.0;0.0;10.95;89.3;1.66;
2022-10-08 04:00:00;0.0;0.0;0.0;10.88;89.3;1.45;
2022-10-08 05:00:00;0.0;0.0;0.0;11.24;89.3;1.17;
2022-10-08 06:00:00;53.0;122.63;40.0;11.42;86.15;1.03;
2022-10-08 07:00:00;226.0;497.88;89.0;13.16;92.65;0.41;
2022-10-08 08:00:00;383.0;622.81;121.0;15.47;75.15;0.62;
2022-10-08 09:00:00;523.0;751.01;123.0;17.04;70.2;0.9;
2022-10-08 10:00:00;607.0;788.91;131.0;18.27;65.55;1.24;
2022-10-08 11:00:00;647.0;834.26;123.0;19.43;61.3;1.52;
2022-10-08 12:00:00;613.0;801.46;128.0;20.09;57.3;1.66;
2022-10-08 13:00:00;520.0;720.08;134.0;20.91;53.5;1.72;
2022-10-08 14:00:00;402.0;688.56;109.0;20.89;53.5;2.07;
2022-10-08 15:00:00;243.0;569.16;83.0;20.65;53.5;2.34;
2022-10-08 16:00:00;80.0;372.84;38.0;19.99;57.3;2.21;
2022-10-08 17:00:00;0.0;0.0;0.0;18.11;65.55;2.28;
2022-10-08 18:00:00;0.0;0.0;0.0;16.58;70.2;2.14;
2022-10-08 19:00:00;0.0;0.0;0.0;15.36;77.8;2.14;
2022-10-08 20:00:00;0.0;0.0;0.0;14.54;80.55;2.07;
2022-10-08 21:00:00;0.0;0.0;0.0;13.65;83.35;2.14;
2022-10-08 22:00:00;0.0;0.0;0.0;12.95;86.3;2.07;
2022-10-08 23:00:00;0.0;0.0;0.0;12.41;89.4;1.93;
2022-10-09 00:00:00;0.0;0.0;0.0;11.95;89.35;1.86;
2022-10-09 01:00:00;0.0;0.0;0.0;11.53;92.55;1.93;
2022-10-09 02:00:00;0.0;0.0;0.0;11.38;92.55;1.79;
2022-10-09 03:00:00;0.0;0.0;0.0;11.08;92.55;1.79;
2022-10-09 04:00:00;0.0;0.0;0.0;10.81;95.9;1.66;
2022-10-09 05:00:00;0.0;0.0;0.0;10.47;95.9;1.59;
2022-10-09 06:00:00;38.0;39.22;34.0;10.38;95.9;1.45;
2022-10-09 07:00:00;162.0;151.33;121.0;12.59;95.95;0.62;
2022-10-09 08:00:00;338.0;415.66;165.0;15.22;83.5;0.69;
2022-10-09 09:00:00;496.0;649.74;153.0;17.06;75.3;1.03;
2022-10-09 10:00:00;561.0;619.98;190.0;18.45;65.65;1.45;
2022-10-09 11:00:00;605.0;691.91;174.0;19.64;57.2;1.86;
2022-10-09 12:00:00;509.0;431.84;250.0;20.13;53.35;2.0;
2022-10-09 13:00:00;446.0;431.66;217.0;20.39;51.5;2.14;
2022-10-09 14:00:00;283.0;200.05;199.0;20.48;48.05;2.34;
2022-10-09 15:00:00;156.0;116.17;124.0;20.08;47.9;2.48;
2022-10-09 16:00:00;40.0;37.38;36.0;19.25;53.15;2.07;
2022-10-09 17:00:00;0.0;0.0;0.0;17.61;58.8;2.21;
2022-10-09 18:00:00;0.0;0.0;0.0;16.33;62.95;2.14;
2022-10-09 19:00:00;0.0;0.0;0.0;15.6;65.15;2.34;
2022-10-09 20:00:00;0.0;0.0;0.0;14.78;69.85;2.34;
2022-10-09 21:00:00;0.0;0.0;0.0;14.36;72.3;2.41;
2022-10-09 22:00:00;0.0;0.0;0.0;13.79;74.85;2.41;
2022-10-09 23:00:00;0.0;0.0;0.0;13.85;77.6;2.28;
2022-10-10 00:00:00;0.0;0.0;0.0;13.2;80.35;2.21;
2022-10-10 01:00:00;0.0;0.0;0.0;12.92;80.35;2.14;
2022-10-10 02:00:00;0.0;0.0;0.0;12.7;83.25;2.14;
2022-10-10 03:00:00;0.0;0.0;0.0;12.13;86.2;2.21;
2022-10-10 04:00:00;0.0;0.0;0.0;11.91;86.2;2.0;
2022-10-10 05:00:00;0.0;0.0;0.0;12.02;86.2;1.72;
2022-10-10 06:00:00;54.0;183.81;36.0;11.97;86.2;1.66;
2022-10-10 07:00:00;219.0;506.23;84.0;13.38;86.3;1.86;
2022-10-10 08:00:00;354.0;517.34;141.0;14.72;77.75;2.28;
2022-10-10 09:00:00;316.0;118.51;254.0;16.06;65.25;2.28;
2022-10-10 10:00:00;534.0;542.61;212.0;17.35;60.85;2.34;
2022-10-10 11:00:00;627.0;804.58;130.0;18.42;54.85;2.55;
2022-10-10 12:00:00;603.0;804.22;125.0;18.94;51.15;2.62;
2022-10-10 13:00:00;515.0;746.7;123.0;19.33;49.45;2.55;
2022-10-10 14:00:00;380.0;632.42;118.0;19.32;49.45;2.41;
2022-10-10 15:00:00;220.0;478.1;91.0;19.13;47.65;2.14;
2022-10-10 16:00:00;56.0;167.6;39.0;18.49;51.15;1.66;
2022-10-10 17:00:00;0.0;0.0;0.0;17.14;58.7;1.79;
2022-10-10 18:00:00;0.0;0.0;0.0;15.43;62.85;1.66;
2022-10-10 19:00:00;0.0;0.0;0.0;13.88;74.85;1.86;
2022-10-10 20:00:00;0.0;0.0;0.0;12.68;80.3;1.79;
2022-10-10 21:00:00;0.0;0.0;0.0;11.86;86.15;1.72;
2022-10-10 22:00:00;0.0;0.0;0.0;11.47;83.1;1.59;
2022-10-10 23:00:00;0.0;0.0;0.0;11.22;86.1;1.45;
2022-10-11 00:00:00;0.0;0.0;0.0;11.64;83.1;1.1;
2022-10-11 01:00:00;0.0;0.0;0.0;12.15;80.2;0.83;
2022-10-11 02:00:00;0.0;0.0;0.0;11.93;80.2;0.76;
2022-10-11 03:00:00;0.0;0.0;0.0;11.29;86.1;0.9;
2022-10-11 04:00:00;0.0;0.0;0.0;10.95;86.1;0.9;
2022-10-11 05:00:00;0.0;0.0;0.0;11.29;86.1;0.69;
2022-10-11 06:00:00;48.0;149.15;34.0;11.29;86.1;0.34;
2022-10-11 07:00:00;212.0;476.36;87.0;12.68;86.25;0.21;
2022-10-11 08:00:00;377.0;663.05;107.0;14.31;80.45;0.34;
2022-10-11 09:00:00;513.0;765.8;116.0;15.87;72.55;0.62;
2022-10-11 10:00:00;609.0;848.01;110.0;17.36;65.35;1.17;
2022-10-11 11:00:00;639.0;862.04;111.0;18.75;56.95;1.79;
2022-10-11 12:00:00;601.0;816.67;120.0;19.49;51.4;2.07;
2022-10-11 13:00:00;516.0;768.11;117.0;19.66;49.55;2.14;
2022-10-11 14:00:00;384.0;677.78;107.0;19.66;47.8;2.07;
2022-10-11 15:00:00;221.0;514.73;85.0;19.52;47.8;1.72;
2022-10-11 16:00:00;54.0;187.73;36.0;18.82;51.15;1.17;
2022-10-11 17:00:00;0.0;0.0;0.0;17.06;63.05;1.17;
2022-10-11 18:00:00;0.0;0.0;0.0;15.66;65.15;0.97;
2022-10-11 19:00:00;0.0;0.0;0.0;14.23;72.3;1.24;
2022-10-11 20:00:00;0.0;0.0;0.0;13.25;77.5;1.31;
2022-10-11 21:00:00;0.0;0.0;0.0;12.66;80.3;1.17;
2022-10-11 22:00:00;0.0;0.0;0.0;12.66;80.3;0.97;
2022-10-11 23:00:00;0.0;0.0;0.0;12.49;80.3;0.62;
2022-10-12 00:00:00;0.0;0.0;0.0;12.26;83.15;0.48;
2022-10-12 01:00:00;0.0;0.0;0.0;11.87;86.15;0.69;
2022-10-12 02:00:00;0.0;0.0;0.0;11.14;86.1;0.9;
2022-10-12 03:00:00;0.0;0.0;0.0;10.68;89.25;0.9;
2022-10-12 04:00:00;0.0;0.0;0.0;9.72;95.85;0.69;
2022-10-12 05:00:00;0.0;0.0;0.0;9.11;95.85;0.9;
2022-10-12 06:00:00;45.0;144.79;32.0;8.64;99.4;1.03;
2022-10-12 07:00:00;212.0;503.66;82.0;10.91;95.9;1.17;
2022-10-12 08:00:00;360.0;588.55;123.0;13.06;86.3;0.69;
2022-10-12 09:00:00;491.0;693.09;135.0;14.85;77.75;0.28;
2022-10-12 10:00:00;535.0;577.62;198.0;16.8;70.2;0.34;
2022-10-12 11:00:00;502.0;393.56;263.0;18.48;61.2;0.83;
2022-10-12 12:00:00;560.0;675.13;166.0;19.73;55.2;0.97;
2022-10-12 13:00:00;475.0;609.01;162.0;20.42;51.5;0.76;
2022-10-12 14:00:00;375.0;664.81;107.0;20.72;49.8;0.62;
2022-10-12 15:00:00;202.0;413.69;95.0;20.59;48.05;0.62;
2022-10-12 16:00:00;42.0;99.58;33.0;20.04;51.5;0.21;
2022-10-12 17:00:00;0.0;0.0;0.0;18.62;59.05;0.69;
2022-10-12 18:00:00;0.0;0.0;0.0;15.29;72.45;1.79;
2022-10-12 19:00:00;0.0;0.0;0.0;14.17;74.95;1.66;
2022-10-12 20:00:00;0.0;0.0;0.0;13.37;80.35;1.52;
2022-10-12 21:00:00;0.0;0.0;0.0;14.07;74.95;1.03;
2022-10-12 22:00:00;0.0;0.0;0.0;12.38;83.25;1.31;
2022-10-12 23:00:00;0.0;0.0;0.0;11.2;89.3;1.31;
2022-10-13 00:00:00;0.0;0.0;0.0;10.77;92.5;1.24;
2022-10-13 01:00:00;0.0;0.0;0.0;10.42;92.5;1.17;
2022-10-13 02:00:00;0.0;0.0;0.0;10.08;92.5;1.1;
2022-10-13 03:00:00;0.0;0.0;0.0;9.58;95.85;1.24;
2022-10-13 04:00:00;0.0;0.0;0.0;9.01;95.85;1.38;
2022-10-13 05:00:00;0.0;0.0;0.0;9.05;95.85;1.24;
2022-10-13 06:00:00;10.0;0.0;10.0;8.73;99.4;1.31;
2022-10-13 07:00:00;186.0;338.85;100.0;10.38;95.9;0.9;
2022-10-13 08:00:00;310.0;361.68;166.0;12.41;89.4;1.1;
2022-10-13 09:00:00;475.0;636.73;151.0;14.47;80.55;1.31;
2022-10-13 10:00:00;566.0;726.13;146.0;17.19;72.7;1.59;
2022-10-13 11:00:00;620.0;833.8;118.0;19.17;63.5;1.93;
2022-10-13 12:00:00;595.0;833.61;113.0;20.42;59.35;2.21;
2022-10-13 13:00:00;498.0;741.46;121.0;21.09;53.6;2.34;
2022-10-13 14:00:00;363.0;623.78;115.0;21.3;53.6;2.48;
2022-10-13 15:00:00;208.0;493.84;83.0;20.99;53.6;2.62;
2022-10-13 16:00:00;43.0;129.52;32.0;20.06;59.35;2.21;
2022-10-13 17:00:00;0.0;0.0;0.0;18.25;67.95;2.55;
2022-10-13 18:00:00;0.0;0.0;0.0;16.75;72.7;2.55;
2022-10-13 19:00:00;0.0;0.0;0.0;15.14;80.6;2.41;
2022-10-13 20:00:00;0.0;0.0;0.0;14.26;86.4;2.41;
2022-10-13 21:00:00;0.0;0.0;0.0;13.53;86.35;2.34;
2022-10-13 22:00:00;0.0;0.0;0.0;12.9;89.4;2.21;
2022-10-13 23:00:00;0.0;0.0;0.0;12.21;92.6;2.14;
2022-10-14 00:00:00;0.0;0.0;0.0;11.69;92.55;2.14;
2022-10-14 01:00:00;0.0;0.0;0.0;11.31;92.55;2.14;
2022-10-14 02:00:00;0.0;0.0;0.0;10.87;92.55;2.21;
2022-10-14 03:00:00;0.0;0.0;0.0;10.58;92.5;2.21;
2022-10-14 04:00:00;0.0;0.0;0.0;10.32;95.9;2.28;
2022-10-14 05:00:00;0.0;0.0;0.0;10.14;95.9;2.21;
2022-10-14 06:00:00;40.0;134.83;29.0;10.34;95.9;2.14;
2022-10-14 07:00:00;200.0;468.98;83.0;12.07;92.6;1.79;
2022-10-14 08:00:00;359.0;637.75;108.0;14.0;83.4;2.48;
2022-10-14 09:00:00;481.0;696.36;130.0;15.95;70.1;2.55;
2022-10-14 10:00:00;564.0;748.19;135.0;17.36;67.75;2.48;
2022-10-14 11:00:00;602.0;794.18;128.0;18.37;58.9;2.48;
2022-10-14 12:00:00;571.0;771.61;129.0;18.78;54.95;2.34;
2022-10-14 13:00:00;489.0;733.62;120.0;18.8;54.95;2.34;
2022-10-14 14:00:00;357.0;627.44;111.0;18.97;53.15;2.55;
2022-10-14 15:00:00;199.0;464.4;84.0;18.6;54.95;2.83;
2022-10-14 16:00:00;42.0;150.9;30.0;17.75;58.8;2.69;
2022-10-14 17:00:00;0.0;0.0;0.0;16.04;62.95;2.69;
2022-10-14 18:00:00;0.0;0.0;0.0;14.86;69.85;2.69;
2022-10-14 19:00:00;0.0;0.0;0.0;13.83;67.15;2.55;
2022-10-14 20:00:00;0.0;0.0;0.0;13.15;67.05;2.48;
2022-10-14 21:00:00;0.0;0.0;0.0;12.39;69.45;2.48;
2022-10-14 22:00:00;0.0;0.0;0.0;11.84;74.55;2.48;
2022-10-14 23:00:00;0.0;0.0;0.0;11.16;74.45;2.41;
2022-10-15 00:00:00;0.0;0.0;0.0;10.75;77.15;2.28;
2022-10-15 01:00:00;0.0;0.0;0.0;10.16;79.95;2.28;
2022-10-15 02:00:00;0.0;0.0;0.0;9.64;82.9;2.14;
2022-10-15 03:00:00;0.0;0.0;0.0;9.03;85.95;1.86;
2022-10-15 04:00:00;0.0;0.0;0.0;8.57;89.1;1.52;
2022-10-15 05:00:00;0.0;0.0;0.0;8.95;85.95;1.1;
2022-10-15 06:00:00;38.0;142.0;27.0;9.84;82.9;0.76;
2022-10-15 07:00:00;204.0;518.08;77.0;10.34;89.2;0.21;
2022-10-15 08:00:00;364.0;668.39;104.0;12.5;74.7;0.34;
2022-10-15 09:00:00;491.0;741.13;121.0;14.19;69.75;0.9;
2022-10-15 10:00:00;570.0;767.13;134.0;15.54;60.65;1.24;
2022-10-15 11:00:00;608.0;814.71;126.0;16.86;54.6;1.52;
2022-10-15 12:00:00;579.0;803.57;123.0;17.82;50.85;1.66;
2022-10-15 13:00:00;493.0;753.72;118.0;18.41;49.15;1.59;
2022-10-15 14:00:00;365.0;680.31;102.0;18.54;45.85;1.52;
2022-10-15 15:00:00;207.0;549.17;74.0;18.36;47.4;1.45;
2022-10-15 16:00:00;42.0;202.23;27.0;17.63;49.05;1.31;
2022-10-15 17:00:00;0.0;0.0;0.0;15.9;56.35;1.66;
2022-10-15 18:00:00;0.0;0.0;0.0;13.64;67.15;1.66;
2022-10-15 19:00:00;0.0;0.0;0.0;11.69;74.55;1.93;
2022-10-15 20:00:00;0.0;0.0;0.0;10.4;80.05;1.79;
2022-10-15 21:00:00;0.0;0.0;0.0;9.88;79.95;1.59;
2022-10-15 22:00:00;0.0;0.0;0.0;9.95;79.95;1.24;
2022-10-15 23:00:00;0.0;0.0;0.0;9.98;77.1;0.97;
2022-10-16 00:00:00;0.0;0.0;0.0;9.68;79.9;0.62;
2022-10-16 01:00:00;0.0;0.0;0.0;8.97;82.85;0.48;
2022-10-16 02:00:00;0.0;0.0;0.0;8.31;85.85;0.41;
2022-10-16 03:00:00;0.0;0.0;0.0;7.76;89.0;0.34;
2022-10-16 04:00:00;0.0;0.0;0.0;7.34;85.8;0.34;
2022-10-16 05:00:00;0.0;0.0;0.0;7.04;89.0;0.28;
2022-10-16 06:00:00;32.0;95.45;25.0;6.79;92.3;0.28;
2022-10-16 07:00:00;167.0;265.8;103.0;8.48;89.1;0.14;
2022-10-16 08:00:00;294.0;322.58;170.0;11.26;77.2;0.14;
2022-10-16 09:00:00;418.0;432.84;204.0;13.54;64.75;0.14;
2022-10-16 10:00:00;566.0;759.8;138.0;15.11;58.35;0.41;
2022-10-16 11:00:00;607.0;821.96;125.0;16.4;54.45;0.55;
2022-10-16 12:00:00;578.0;809.44;123.0;17.42;50.75;0.69;
2022-10-16 13:00:00;491.0;760.0;117.0;18.04;47.4;0.9;
2022-10-16 14:00:00;361.0;679.54;102.0;18.27;45.7;1.17;
2022-10-16 15:00:00;201.0;536.35;74.0;18.09;44.05;1.38;
2022-10-16 16:00:00;37.0;174.23;25.0;17.19;48.9;1.45;
2022-10-16 17:00:00;0.0;0.0;0.0;15.27;54.25;2.0;
2022-10-16 18:00:00;0.0;0.0;0.0;13.27;64.65;2.0;
2022-10-16 19:00:00;0.0;0.0;0.0;11.59;71.85;1.66;
2022-10-16 20:00:00;0.0;0.0;0.0;10.22;79.95;1.45;
2022-10-16 21:00:00;0.0;0.0;0.0;9.85;79.9;1.03;
2022-10-16 22:00:00;0.0;0.0;0.0;9.29;82.85;0.9;
2022-10-16 23:00:00;0.0;0.0;0.0;8.21;89.05;0.97;
2022-10-17 00:00:00;0.0;0.0;0.0;7.71;89.0;0.9;
2022-10-17 01:00:00;0.0;0.0;0.0;7.62;89.0;0.69;
2022-10-17 02:00:00;0.0;0.0;0.0;7.38;89.0;0.55;
2022-10-17 03:00:00;0.0;0.0;0.0;7.19;92.35;0.48;
2022-10-17 04:00:00;0.0;0.0;0.0;7.14;92.35;0.48;
2022-10-17 05:00:00;0.0;0.0;0.0;7.21;92.35;0.41;
2022-10-17 06:00:00;17.0;0.0;17.0;7.14;92.35;0.34;
2022-10-17 07:00:00;155.0;228.41;101.0;8.26;92.4;0.55;
2022-10-17 08:00:00;241.0;160.61;180.0;11.0;77.2;0.62;
2022-10-17 09:00:00;424.0;484.09;187.0;13.35;69.55;0.55;
2022-10-17 10:00:00;529.0;639.48;172.0;14.8;62.65;0.21;
2022-10-17 11:00:00;559.0;662.44;174.0;16.05;54.45;0.34;
2022-10-17 12:00:00;535.0;666.33;164.0;16.91;50.75;0.76;
2022-10-17 13:00:00;407.0;425.31;200.0;17.45;47.3;0.9;
2022-10-17 14:00:00;350.0;660.05;102.0;17.68;47.3;1.03;
2022-10-17 15:00:00;189.0;488.27;76.0;17.47;47.3;0.9;
2022-10-17 16:00:00;36.0;235.71;21.0;16.44;50.75;0.9;
2022-10-17 17:00:00;0.0;0.0;0.0;14.75;60.4;1.31;
2022-10-17 18:00:00;0.0;0.0;0.0;12.86;72.05;1.1;
2022-10-17 19:00:00;0.0;0.0;0.0;12.21;71.95;0.55;
2022-10-17 20:00:00;0.0;0.0;0.0;10.68;80.05;0.83;
2022-10-17 21:00:00;0.0;0.0;0.0;9.21;89.1;1.1;
2022-10-17 22:00:00;0.0;0.0;0.0;8.56;89.1;1.03;
2022-10-17 23:00:00;0.0;0.0;0.0;8.06;92.4;1.03;
2022-10-18 00:00:00;0.0;0.0;0.0;7.7;95.8;0.9;
2022-10-18 01:00:00;0.0;0.0;0.0;7.68;92.35;0.76;
2022-10-18 02:00:00;0.0;0.0;0.0;7.55;92.35;0.62;
2022-10-18 03:00:00;0.0;0.0;0.0;7.13;95.8;0.48;
2022-10-18 04:00:00;0.0;0.0;0.0;6.81;99.4;0.41;
2022-10-18 05:00:00;0.0;0.0;0.0;6.33;99.4;0.34;
2022-10-18 06:00:00;27.0;76.87;22.0;5.9;95.8;0.21;
2022-10-18 07:00:00;160.0;271.51;97.0;7.99;99.4;0.76;
2022-10-18 08:00:00;219.0;114.61;176.0;9.65;92.45;0.76;
2022-10-18 09:00:00;429.0;524.0;175.0;11.88;80.2;0.48;
2022-10-18 10:00:00;544.0;726.65;142.0;14.1;69.75;0.21;
2022-10-18 11:00:00;587.0;802.11;125.0;15.96;62.95;0.83;
2022-10-18 12:00:00;561.0;801.51;119.0;17.52;58.8;0.97;
2022-10-18 13:00:00;440.0;581.73;160.0;18.48;54.95;1.03;
2022-10-18 14:00:00;290.0;361.81;156.0;19.12;51.25;0.83;
2022-10-18 15:00:00;185.0;490.87;74.0;19.36;47.65;1.24;
2022-10-18 16:00:00;30.0;153.96;21.0;18.44;44.05;2.76;
2022-10-18 17:00:00;0.0;0.0;0.0;16.8;34.9;5.24;
2022-10-18 18:00:00;0.0;0.0;0.0;15.51;25.35;6.83;
2022-10-18 19:00:00;0.0;0.0;0.0;14.79;26.1;6.83;
2022-10-18 20:00:00;0.0;0.0;0.0;14.21;27.05;6.83;
2022-10-18 21:00:00;0.0;0.0;0.0;13.67;29.15;6.48;
2022-10-18 22:00:00;0.0;0.0;0.0;12.81;32.5;5.38;
2022-10-18 23:00:00;0.0;0.0;0.0;11.81;40.8;4.14;
2022-10-19 00:00:00;0.0;0.0;0.0;10.98;49.3;2.83;
2022-10-19 01:00:00;0.0;0.0;0.0;10.01;61.65;1.93;
2022-10-19 02:00:00;0.0;0.0;0.0;8.82;74.05;1.24;
2022-10-19 03:00:00;0.0;0.0;0.0;8.14;73.95;1.1;
2022-10-19 04:00:00;0.0;0.0;0.0;7.72;76.7;1.17;
2022-10-19 05:00:00;0.0;0.0;0.0;7.62;76.7;1.03;
2022-10-19 06:00:00;15.0;0.0;15.0;7.76;76.7;0.83;
2022-10-19 07:00:00;84.0;13.18;81.0;7.87;79.7;0.97;
2022-10-19 08:00:00;176.0;40.48;161.0;11.02;59.6;1.1;
2022-10-19 09:00:00;205.0;16.67;197.0;13.13;51.75;1.17;
2022-10-19 10:00:00;398.0;228.03;273.0;14.61;46.6;0.62;
2022-10-19 11:00:00;580.0;763.87;144.0;15.64;41.9;0.14;
2022-10-19 12:00:00;548.0;737.89;145.0;16.28;37.55;0.48;
2022-10-19 13:00:00;471.0;729.03;124.0;16.58;34.9;0.62;
2022-10-19 14:00:00;344.0;657.48;104.0;16.69;34.9;0.69;
2022-10-19 15:00:00;187.0;525.18;71.0;16.4;36.15;0.97;
2022-10-19 16:00:00;27.0;168.73;18.0;15.34;41.75;1.31;
2022-10-19 17:00:00;0.0;0.0;0.0;13.12;51.75;1.45;
2022-10-19 18:00:00;0.0;0.0;0.0;11.38;57.55;1.03;
2022-10-19 19:00:00;0.0;0.0;0.0;11.38;53.35;0.69;
2022-10-19 20:00:00;0.0;0.0;0.0;8.49;66.15;1.93;
2022-10-19 21:00:00;0.0;0.0;0.0;8.15;66.05;2.9;
2022-10-19 22:00:00;0.0;0.0;0.0;8.65;61.3;3.52;
2022-10-19 23:00:00;0.0;0.0;0.0;8.98;61.45;3.79;
2022-10-20 00:00:00;0.0;0.0;0.0;8.68;68.7;3.45;
2022-10-20 01:00:00;0.0;0.0;0.0;8.49;74.05;3.24;
2022-10-20 02:00:00;0.0;0.0;0.0;7.98;82.7;2.9;
2022-10-20 03:00:00;0.0;0.0;0.0;7.21;92.35;2.21;
2022-10-20 04:00:00;0.0;0.0;0.0;6.35;95.8;2.0;
2022-10-20 05:00:00;0.0;0.0;0.0;5.66;92.3;2.28;
2022-10-20 06:00:00;32.0;264.44;17.0;5.52;92.3;2.62;
2022-10-20 07:00:00;187.0;519.6;71.0;6.34;82.55;3.66;
2022-10-20 08:00:00;313.0;475.51;139.0;7.4;76.7;4.55;
2022-10-20 09:00:00;468.0;726.27;123.0;8.26;73.95;5.17;
2022-10-20 10:00:00;525.0;655.45;169.0;8.89;68.8;4.14;
2022-10-20 11:00:00;570.0;746.12;148.0;10.12;61.65;2.76;
2022-10-20 12:00:00;431.0;325.4;255.0;10.94;53.25;1.93;
2022-10-20 13:00:00;465.0;724.51;124.0;11.44;47.6;0.97;
2022-10-20 14:00:00;341.0;675.47;98.0;11.74;45.8;0.76;
2022-10-20 15:00:00;183.0;537.83;67.0;11.56;44.1;1.38;
2022-10-20 16:00:00;24.0;144.97;17.0;10.66;49.2;1.45;
2022-10-20 17:00:00;0.0;0.0;0.0;8.88;56.9;2.14;
2022-10-20 18:00:00;0.0;0.0;0.0;7.38;63.5;2.07;
2022-10-20 19:00:00;0.0;0.0;0.0;6.96;54.3;2.34;
2022-10-20 20:00:00;0.0;0.0;0.0;6.0;56.3;2.34;
2022-10-20 21:00:00;0.0;0.0;0.0;5.11;60.65;2.28;
2022-10-20 22:00:00;0.0;0.0;0.0;4.09;70.6;1.59;
2022-10-20 23:00:00;0.0;0.0;0.0;3.4;76.15;1.17;
2022-10-21 00:00:00;0.0;0.0;0.0;2.73;82.15;1.17;
2022-10-21 01:00:00;0.0;0.0;0.0;2.16;82.05;1.45;
2022-10-21 02:00:00;0.0;0.0;0.0;2.56;79.0;1.24;
2022-10-21 03:00:00;0.0;0.0;0.0;2.27;82.05;1.17;
2022-10-21 04:00:00;0.0;0.0;0.0;0.86;85.2;1.45;
2022-10-21 05:00:00;0.0;0.0;0.0;-0.05;88.45;1.66;
2022-10-21 06:00:00;10.0;0.0;10.0;-0.38;88.45;1.38;
2022-10-21 07:00:00;118.0;95.96;97.0;0.71;95.65;0.69;
2022-10-21 08:00:00;255.0;232.5;171.0;2.67;82.15;0.76;
2022-10-21 09:00:00;415.0;491.3;184.0;4.78;70.7;1.17;
2022-10-21 10:00:00;541.0;739.64;143.0;6.62;63.25;1.52;
2022-10-21 11:00:00;568.0;751.22;147.0;8.02;54.55;1.31;
2022-10-21 12:00:00;533.0;711.32;152.0;8.93;50.7;1.17;
2022-10-21 13:00:00;457.0;704.79;129.0;9.5;47.05;0.9;
2022-10-21 14:00:00;335.0;657.24;102.0;9.68;45.25;0.69;
2022-10-21 15:00:00;177.0;512.96;69.0;9.34;46.95;0.9;
2022-10-21 16:00:00;21.0;161.67;14.0;7.95;50.45;0.28;
2022-10-21 17:00:00;0.0;0.0;0.0;6.18;56.3;0.41;
2022-10-21 18:00:00;0.0;0.0;0.0;4.52;65.4;0.62;
2022-10-21 19:00:00;0.0;0.0;0.0;4.16;62.8;0.83;
2022-10-21 20:00:00;0.0;0.0;0.0;3.15;67.7;0.83;
2022-10-21 21:00:00;0.0;0.0;0.0;1.52;75.85;1.1;
2022-10-21 22:00:00;0.0;0.0;0.0;0.54;78.75;1.79;
2022-10-21 23:00:00;0.0;0.0;0.0;0.37;75.7;2.28;
2022-10-22 00:00:00;0.0;0.0;0.0;-0.07;78.65;2.14;
2022-10-22 01:00:00;0.0;0.0;0.0;-0.54;78.6;1.86;
2022-10-22 02:00:00;0.0;0.0;0.0;-1.06;81.7;1.66;
2022-10-22 03:00:00;0.0;0.0;0.0;-1.37;81.65;1.79;
2022-10-22 04:00:00;0.0;0.0;0.0;-1.43;75.35;1.86;
2022-10-22 05:00:00;0.0;0.0;0.0;-1.58;72.4;2.07;
2022-10-22 06:00:00;20.0;82.69;16.0;-1.9;75.3;2.28;
2022-10-22 07:00:00;185.0;568.96;63.0;-0.12;69.85;1.86;
2022-10-22 08:00:00;342.0;698.18;93.0;3.01;57.8;1.1;
2022-10-22 09:00:00;482.0;831.68;95.0;5.2;51.8;0.9;
2022-10-22 10:00:00;529.0;716.6;147.0;6.91;50.2;1.66;
2022-10-22 11:00:00;555.0;727.58;151.0;8.51;45.0;2.34;
2022-10-22 12:00:00;523.0;701.37;151.0;9.72;41.85;2.76;
2022-10-22 13:00:00;297.0;149.95;228.0;10.41;38.95;2.34;
2022-10-22 14:00:00;174.0;51.53;156.0;10.71;38.95;1.52;
2022-10-22 15:00:00;181.0;588.91;60.0;10.27;42.0;0.69;
2022-10-22 16:00:00;12.0;0.0;12.0;8.67;45.0;1.1;
2022-10-22 17:00:00;0.0;0.0;0.0;7.0;46.4;1.17;
2022-10-22 18:00:00;0.0;0.0;0.0;5.76;51.95;1.31;
2022-10-22 19:00:00;0.0;0.0;0.0;6.43;41.0;2.48;
2022-10-22 20:00:00;0.0;0.0;0.0;5.62;46.1;2.0;
2022-10-22 21:00:00;0.0;0.0;0.0;4.53;51.7;1.59;
2022-10-22 22:00:00;0.0;0.0;0.0;4.35;53.8;1.03;
2022-10-22 23:00:00;0.0;0.0;0.0;4.74;49.65;0.48;
2022-10-23 00:00:00;0.0;0.0;0.0;4.28;53.65;0.34;
2022-10-23 01:00:00;0.0;0.0;0.0;3.18;60.15;1.03;
2022-10-23 02:00:00;0.0;0.0;0.0;1.61;72.95;1.45;
2022-10-23 03:00:00;0.0;0.0;0.0;1.4;72.95;1.24;
2022-10-23 04:00:00;0.0;0.0;0.0;1.91;73.0;0.83;
2022-10-23 05:00:00;0.0;0.0;0.0;1.63;75.85;0.69;
2022-10-23 06:00:00;21.0;181.01;13.0;-0.07;85.1;1.24;
2022-10-23 07:00:00;174.0;523.79;64.0;1.97;82.05;1.52;
2022-10-23 08:00:00;323.0;642.06;97.0;4.2;76.25;1.31;
2022-10-23 09:00:00;442.0;694.94;122.0;6.39;70.95;1.38;
2022-10-23 10:00:00;515.0;706.37;142.0;8.61;61.3;1.45;
2022-10-23 11:00:00;541.0;718.02;146.0;10.46;53.1;1.59;
2022-10-23 12:00:00;510.0;691.17;147.0;11.57;49.45;1.38;
2022-10-23 13:00:00;435.0;681.39;125.0;12.29;47.75;1.17;
2022-10-23 14:00:00;311.0;604.32;103.0;12.56;46.1;1.38;
2022-10-23 15:00:00;160.0;463.96;67.0;12.21;49.6;1.79;
2022-10-23 16:00:00;10.0;0.0;10.0;11.18;55.3;2.28;
2022-10-23 17:00:00;0.0;0.0;0.0;9.65;59.25;2.97;
2022-10-23 18:00:00;0.0;0.0;0.0;8.36;63.7;3.31;
2022-10-23 19:00:00;0.0;0.0;0.0;7.15;71.05;2.55;
2022-10-23 20:00:00;0.0;0.0;0.0;6.69;73.7;2.41;
2022-10-23 21:00:00;0.0;0.0;0.0;6.13;76.55;1.79;
2022-10-23 22:00:00;0.0;0.0;0.0;5.64;82.5;1.1;
2022-10-23 23:00:00;0.0;0.0;0.0;5.51;79.4;0.76;
2022-10-24 00:00:00;0.0;0.0;0.0;5.35;79.4;0.0;
2022-10-24 01:00:00;0.0;0.0;0.0;4.31;85.55;0.69;
2022-10-24 02:00:00;0.0;0.0;0.0;3.44;92.15;0.83;
2022-10-24 03:00:00;0.0;0.0;0.0;3.55;92.15;1.52;
2022-10-24 04:00:00;0.0;0.0;0.0;4.05;88.8;2.97;
2022-10-24 05:00:00;0.0;0.0;0.0;5.35;85.65;4.07;
2022-10-24 06:00:00;15.0;74.98;12.0;6.35;92.3;4.76;
2022-10-24 07:00:00;107.0;92.42;88.0;6.98;92.35;4.55;
2022-10-24 08:00:00;71.0;0.0;71.0;7.52;92.35;4.9;
2022-10-24 09:00:00;69.0;0.0;69.0;7.77;92.35;4.9;
2022-10-24 10:00:00;103.0;0.0;103.0;8.03;89.05;4.34;
2022-10-24 11:00:00;134.0;0.0;134.0;8.54;85.9;3.72;
2022-10-24 12:00:00;102.0;0.0;102.0;9.12;79.85;3.38;
2022-10-24 13:00:00;206.0;31.13;192.0;9.38;77.0;3.03;
2022-10-24 14:00:00;141.0;20.64;134.0;9.49;74.2;2.97;
2022-10-24 15:00:00;80.0;30.69;74.0;9.41;74.2;2.76;
2022-10-24 16:00:00;2.0;0.0;2.0;8.98;76.95;2.41;
2022-10-24 17:00:00;0.0;0.0;0.0;8.19;82.7;2.34;
2022-10-24 18:00:00;0.0;0.0;0.0;7.64;85.8;2.14;
2022-10-24 19:00:00;0.0;0.0;0.0;7.74;92.35;2.21;
2022-10-24 20:00:00;0.0;0.0;0.0;7.76;95.8;2.21;
2022-10-24 21:00:00;0.0;0.0;0.0;7.84;92.4;2.28;
2022-10-24 22:00:00;0.0;0.0;0.0;7.79;95.8;2.34;
2022-10-24 23:00:00;0.0;0.0;0.0;7.74;92.35;2.28;
2022-10-25 00:00:00;0.0;0.0;0.0;7.62;92.35;2.21;
2022-10-25 01:00:00;0.0;0.0;0.0;7.56;92.35;2.07;
2022-10-25 02:00:00;0.0;0.0;0.0;7.49;92.35;1.93;
2022-10-25 03:00:00;0.0;0.0;0.0;7.52;92.35;1.86;
2022-10-25 04:00:00;0.0;0.0;0.0;7.6;92.35;1.66;
2022-10-25 05:00:00;0.0;0.0;0.0;7.62;92.35;1.45;
2022-10-25 06:00:00;10.0;0.0;10.0;7.53;92.35;1.45;
2022-10-25 07:00:00;91.0;49.71;81.0;8.05;95.8;1.52;
2022-10-25 08:00:00;203.0;128.39;159.0;8.9;89.1;1.38;
2022-10-25 09:00:00;62.0;0.0;62.0;9.57;89.15;1.38;
2022-10-25 10:00:00;64.0;0.0;64.0;10.21;86.0;1.52;
2022-10-25 11:00:00;199.0;5.56;196.0;10.87;80.1;1.86;
2022-10-25 12:00:00;114.0;0.0;114.0;11.3;77.2;2.0;
2022-10-25 13:00:00;51.0;0.0;51.0;11.27;77.2;1.79;
2022-10-25 14:00:00;53.0;0.0;53.0;11.42;74.55;1.66;
2022-10-25 15:00:00;71.0;20.99;67.0;10.84;86.05;1.38;
2022-10-25 16:00:00;4.0;0.0;4.0;10.38;86.05;1.66;
2022-10-25 17:00:00;0.0;0.0;0.0;10.01;89.2;1.79;
2022-10-25 18:00:00;0.0;0.0;0.0;9.72;92.45;1.86;
2022-10-25 19:00:00;0.0;0.0;0.0;9.1;89.1;3.31;
2022-10-25 20:00:00;0.0;0.0;0.0;8.99;89.1;3.52;
2022-10-25 21:00:00;0.0;0.0;0.0;8.99;89.1;3.59;
2022-10-25 22:00:00;0.0;0.0;0.0;9.05;89.1;3.72;
2022-10-25 23:00:00;0.0;0.0;0.0;9.18;89.1;3.66;
2022-10-26 00:00:00;0.0;0.0;0.0;9.19;89.1;3.24;
2022-10-26 01:00:00;0.0;0.0;0.0;9.22;89.1;3.1;
2022-10-26 02:00:00;0.0;0.0;0.0;9.22;89.1;3.03;
2022-10-26 03:00:00;0.0;0.0;0.0;9.29;92.45;2.83;
2022-10-26 04:00:00;0.0;0.0;0.0;9.34;92.45;2.62;
2022-10-26 05:00:00;0.0;0.0;0.0;9.35;89.15;2.41;
2022-10-26 06:00:00;1.0;0.0;1.0;9.33;92.45;2.48;
2022-10-26 07:00:00;46.0;0.0;46.0;9.33;92.45;2.9;
2022-10-26 08:00:00;165.0;56.2;146.0;9.41;92.45;2.97;
2022-10-26 09:00:00;69.0;0.0;69.0;9.65;92.45;3.17;
2022-10-26 10:00:00;50.0;0.0;50.0;10.02;92.5;3.24;
2022-10-26 11:00:00;47.0;0.0;47.0;10.21;92.5;3.1;
2022-10-26 12:00:00;44.0;0.0;44.0;10.47;92.5;2.69;
2022-10-26 13:00:00;55.0;0.0;55.0;10.65;92.5;2.55;
2022-10-26 14:00:00;69.0;0.0;69.0;10.79;92.5;2.41;
2022-10-26 15:00:00;66.0;16.15;63.0;10.75;92.5;2.21;
2022-10-26 16:00:00;0.0;0.0;0.0;10.75;92.5;1.79;
2022-10-26 17:00:00;0.0;0.0;0.0;10.58;92.5;1.45;
2022-10-26 18:00:00;0.0;0.0;0.0;10.47;92.5;1.31;
2022-10-26 19:00:00;0.0;0.0;0.0;10.03;95.9;1.45;
2022-10-26 20:00:00;0.0;0.0;0.0;10.09;95.9;1.38;
2022-10-26 21:00:00;0.0;0.0;0.0;10.12;95.9;1.1;
2022-10-26 22:00:00;0.0;0.0;0.0;10.09;95.9;0.69;
2022-10-26 23:00:00;0.0;0.0;0.0;10.18;95.9;0.9;
2022-10-27 00:00:00;0.0;0.0;0.0;10.15;95.9;1.38;
2022-10-27 01:00:00;0.0;0.0;0.0;10.13;95.9;1.72;
2022-10-27 02:00:00;0.0;0.0;0.0;10.18;95.9;1.66;
2022-10-27 03:00:00;0.0;0.0;0.0;10.17;95.9;1.38;
2022-10-27 04:00:00;0.0;0.0;0.0;10.05;95.9;1.03;
2022-10-27 05:00:00;0.0;0.0;0.0;10.09;95.9;1.1;
2022-10-27 06:00:00;6.0;0.0;6.0;10.04;95.9;1.03;
2022-10-27 07:00:00;86.0;52.0;76.0;10.42;95.9;0.55;
2022-10-27 08:00:00;180.0;86.98;151.0;11.23;92.55;0.69;
2022-10-27 09:00:00;365.0;426.19;177.0;12.27;86.2;0.9;
2022-10-27 10:00:00;507.0;773.46;114.0;13.81;77.6;0.97;
2022-10-27 11:00:00;522.0;745.56;127.0;15.05;67.45;1.03;
2022-10-27 12:00:00;495.0;740.98;121.0;16.02;62.95;1.03;
2022-10-27 13:00:00;414.0;697.18;111.0;16.57;60.85;0.9;
2022-10-27 14:00:00;292.0;619.98;91.0;16.78;60.85;0.97;
2022-10-27 15:00:00;141.0;447.41;60.0;16.58;63.05;0.83;
2022-10-27 16:00:00;0.0;0.0;0.0;15.67;67.55;0.76;
2022-10-27 17:00:00;0.0;0.0;0.0;13.79;80.4;0.9;
2022-10-27 18:00:00;0.0;0.0;0.0;13.16;80.35;0.69;
2022-10-27 19:00:00;0.0;0.0;0.0;12.18;86.2;0.97;
2022-10-27 20:00:00;0.0;0.0;0.0;11.91;86.2;0.55;
2022-10-27 21:00:00;0.0;0.0;0.0;11.27;92.55;0.41;
2022-10-27 22:00:00;0.0;0.0;0.0;10.58;95.9;0.69;
2022-10-27 23:00:00;0.0;0.0;0.0;10.0;95.9;0.69;
2022-10-28 00:00:00;0.0;0.0;0.0;9.44;95.85;0.83;
2022-10-28 01:00:00;0.0;0.0;0.0;7.75;100.0;0.97;
2022-10-28 02:00:00;0.0;0.0;0.0;7.77;100.0;0.97;
2022-10-28 03:00:00;0.0;0.0;0.0;8.25;100.0;1.03;
2022-10-28 04:00:00;0.0;0.0;0.0;8.38;99.4;1.03;
2022-10-28 05:00:00;0.0;0.0;0.0;8.4;99.4;0.9;
2022-10-28 06:00:00;4.0;0.0;4.0;8.76;100.0;0.69;
2022-10-28 07:00:00;80.0;42.58;72.0;9.91;99.4;0.34;
2022-10-28 08:00:00;137.0;24.33;129.0;10.66;99.4;0.34;
2022-10-28 09:00:00;153.0;4.58;151.0;11.73;92.55;0.62;
2022-10-28 10:00:00;316.0;139.12;246.0;12.87;89.4;0.55;
2022-10-28 11:00:00;502.0;684.07;143.0;13.73;86.35;0.41;
2022-10-28 12:00:00;495.0;762.43;114.0;14.73;80.55;0.14;
2022-10-28 13:00:00;328.0;323.52;189.0;15.51;75.15;0.48;
2022-10-28 14:00:00;183.0;112.72;147.0;16.02;70.1;0.83;
2022-10-28 15:00:00;122.0;306.18;68.0;15.89;72.55;0.69;
2022-10-28 16:00:00;0.0;0.0;0.0;15.56;72.55;0.48;
2022-10-28 17:00:00;0.0;0.0;0.0;14.92;75.1;0.34;
2022-10-28 18:00:00;0.0;0.0;0.0;13.78;83.35;0.76;
2022-10-28 19:00:00;0.0;0.0;0.0;11.67;92.55;1.93;
2022-10-28 20:00:00;0.0;0.0;0.0;11.4;92.55;2.0;
2022-10-28 21:00:00;0.0;0.0;0.0;11.13;95.9;2.07;
2022-10-28 22:00:00;0.0;0.0;0.0;11.42;95.9;2.0;
2022-10-28 23:00:00;0.0;0.0;0.0;11.16;99.35;1.93;
2022-10-29 00:00:00;0.0;0.0;0.0;11.2;99.35;1.79;
2022-10-29 01:00:00;0.0;0.0;0.0;11.19;99.35;1.72;
2022-10-29 02:00:00;0.0;0.0;0.0;11.28;99.35;1.66;
2022-10-29 03:00:00;0.0;0.0;0.0;11.3;99.35;1.59;
2022-10-29 04:00:00;0.0;0.0;0.0;11.39;95.9;1.45;
2022-10-29 05:00:00;0.0;0.0;0.0;11.38;95.9;1.52;
2022-10-29 06:00:00;0.0;0.0;0.0;11.31;99.35;1.72;
2022-10-29 07:00:00;67.0;16.35;64.0;11.82;99.4;2.07;
2022-10-29 08:00:00;117.0;9.25;114.0;12.29;95.95;2.48;
2022-10-29 09:00:00;228.0;69.52;198.0;13.23;89.4;2.14;
2022-10-29 10:00:00;292.0;104.37;240.0;13.97;83.4;1.93;
2022-10-29 11:00:00;294.0;84.64;250.0;14.66;80.55;2.0;
2022-10-29 12:00:00;277.0;84.89;235.0;15.08;77.8;1.72;
2022-10-29 13:00:00;284.0;193.06;202.0;15.18;77.8;1.1;
2022-10-29 14:00:00;150.0;50.86;134.0;15.33;77.8;0.9;
2022-10-29 15:00:00;90.0;110.61;71.0;15.11;77.8;0.48;
2022-10-29 16:00:00;0.0;0.0;0.0;14.68;80.55;0.62;
2022-10-29 17:00:00;0.0;0.0;0.0;13.86;89.45;0.69;
2022-10-29 18:00:00;0.0;0.0;0.0;13.14;89.4;0.83;
2022-10-29 19:00:00;0.0;0.0;0.0;12.08;92.6;1.66;
2022-10-29 20:00:00;0.0;0.0;0.0;12.0;92.6;1.59;
2022-10-29 21:00:00;0.0;0.0;0.0;11.98;92.6;1.52;
2022-10-29 22:00:00;0.0;0.0;0.0;11.8;95.9;1.38;
2022-10-29 23:00:00;0.0;0.0;0.0;11.59;92.55;1.45;
2022-10-30 00:00:00;0.0;0.0;0.0;11.5;92.55;1.66;
2022-10-30 01:00:00;0.0;0.0;0.0;11.41;92.55;1.66;
2022-10-30 02:00:00;0.0;0.0;0.0;11.27;95.9;1.72;
2022-10-30 03:00:00;0.0;0.0;0.0;11.15;95.9;1.72;
2022-10-30 04:00:00;0.0;0.0;0.0;11.06;95.9;2.0;
2022-10-30 05:00:00;0.0;0.0;0.0;10.99;95.9;2.21;
2022-10-30 06:00:00;0.0;0.0;0.0;10.9;95.9;2.34;
2022-10-30 07:00:00;15.0;0.0;15.0;10.97;92.55;2.55;
2022-10-30 08:00:00;133.0;25.04;125.0;11.39;89.3;3.1;
2022-10-30 09:00:00;151.0;4.69;149.0;11.97;86.2;3.93;
2022-10-30 10:00:00;190.0;10.13;185.0;12.59;83.25;3.93;
2022-10-30 11:00:00;138.0;0.0;138.0;12.99;80.35;3.79;
2022-10-30 12:00:00;133.0;0.0;133.0;13.02;80.35;3.17;
2022-10-30 13:00:00;65.0;0.0;65.0;12.76;86.25;2.9;
2022-10-30 14:00:00;101.0;3.23;100.0;12.66;89.4;2.55;
2022-10-30 15:00:00;59.0;17.94;56.0;12.47;89.4;2.14;
2022-10-30 16:00:00;0.0;0.0;0.0;11.94;89.35;1.93;
2022-10-30 17:00:00;0.0;0.0;0.0;11.52;92.55;1.72;
2022-10-30 18:00:00;0.0;0.0;0.0;11.21;95.9;1.24;
2022-10-30 19:00:00;0.0;0.0;0.0;10.8;95.9;1.1;
2022-10-30 20:00:00;0.0;0.0;0.0;10.77;95.9;0.83;
2022-10-30 21:00:00;0.0;0.0;0.0;10.7;92.5;0.48;
2022-10-30 22:00:00;0.0;0.0;0.0;10.4;92.5;0.55;
2022-10-30 23:00:00;0.0;0.0;0.0;10.18;95.9;0.76;
2022-10-31 00:00:00;0.0;0.0;0.0;10.15;95.9;1.03;
2022-10-31 01:00:00;0.0;0.0;0.0;9.95;95.9;0.97;
2022-10-31 02:00:00;0.0;0.0;0.0;10.03;95.9;0.69;
2022-10-31 03:00:00;0.0;0.0;0.0;10.05;95.9;0.55;
2022-10-31 04:00:00;0.0;0.0;0.0;10.1;95.9;0.34;
2022-10-31 05:00:00;0.0;0.0;0.0;10.14;92.5;0.28;
2022-10-31 06:00:00;0.0;0.0;0.0;9.88;92.5;0.48;
2022-10-31 07:00:00;79.0;57.25;69.0;9.7;99.4;0.76;
2022-10-31 08:00:00;175.0;101.61;143.0;11.31;89.3;0.9;
2022-10-31 09:00:00;246.0;109.01;200.0;12.43;80.3;1.03;
2022-10-31 10:00:00;367.0;288.64;226.0;13.79;74.85;1.17;
2022-10-31 11:00:00;459.0;549.05;179.0;14.76;69.85;1.03;
2022-10-31 12:00:00;322.0;175.28;237.0;15.82;60.65;1.17;
2022-10-31 13:00:00;392.0;681.75;109.0;16.36;56.5;1.1;
2022-10-31 14:00:00;271.0;599.54;88.0;16.63;52.65;0.83;
2022-10-31 15:00:00;124.0;423.84;55.0;16.46;54.6;0.55;
2022-10-31 16:00:00;0.0;0.0;0.0;13.44;71.05;0.61;
2022-10-31 17:00:00;0.0;0.0;0.0;13.09;72.6;0.65;
2022-10-31 18:00:00;0.0;0.0;0.0;12.75;74.15;0.69;
2022-10-31 19:00:00;0.0;0.0;0.0;12.4;75.7;0.72;
2022-10-31 20:00:00;0.0;0.0;0.0;12.06;77.24;0.76;
2022-10-31 21:00:00;0.0;0.0;0.0;11.71;78.79;0.8;
2022-10-31 22:00:00;0.0;0.0;0.0;11.37;80.34;0.84;
2022-10-31 23:00:00;0.0;0.0;0.0;11.02;81.89;0.87;
2022-11-01 00:00:00;0.0;0.0;0.0;10.68;83.43;0.91;
2022-11-01 01:00:00;0.0;0.0;0.0;10.33;84.98;0.95;
2022-11-01 02:00:00;0.0;0.0;0.0;9.99;86.53;0.99;
2022-11-01 03:00:00;0.0;0.0;0.0;9.65;88.08;1.02;
2022-11-01 04:00:00;0.0;0.0;0.0;9.3;89.62;1.06;
2022-11-01 05:00:00;0.0;0.0;0.0;8.96;91.17;1.1;
2022-11-01 06:00:00;0.0;0.0;0.0;8.61;92.72;1.13;
2022-11-01 07:00:00;124.0;387.56;58.0;8.27;94.27;1.17;
2022-11-01 08:00:00;188.0;148.22;142.0;11.54;83.05;1.24;
2022-11-01 09:00:00;347.0;448.19;160.0;13.19;72.1;1.52;
2022-11-01 10:00:00;100.0;0.0;100.0;13.8;74.85;1.59;
2022-11-01 11:00:00;105.0;0.0;105.0;14.47;77.65;1.72;
2022-11-01 12:00:00;210.0;20.83;200.0;15.16;75.1;1.79;
2022-11-01 13:00:00;152.0;7.31;149.0;15.64;75.1;2.07;
2022-11-01 14:00:00;75.0;0.0;75.0;15.61;75.1;1.79;
2022-11-01 15:00:00;11.0;0.0;11.0;15.18;77.8;1.24;
2022-11-01 16:00:00;0.0;0.0;0.0;14.17;89.5;1.45;
2022-11-01 17:00:00;0.0;0.0;0.0;13.68;92.65;1.59;
2022-11-01 18:00:00;0.0;0.0;0.0;13.17;92.65;1.59;
2022-11-01 19:00:00;0.0;0.0;0.0;12.34;95.95;1.93;
2022-11-01 20:00:00;0.0;0.0;0.0;12.22;95.95;1.66;
2022-11-01 21:00:00;0.0;0.0;0.0;12.16;95.95;0.9;
2022-11-01 22:00:00;0.0;0.0;0.0;12.22;95.95;0.83;
2022-11-01 23:00:00;0.0;0.0;0.0;11.98;99.4;0.76;
2022-11-02 00:00:00;0.0;0.0;0.0;11.71;99.4;0.62;
2022-11-02 01:00:00;0.0;0.0;0.0;11.71;99.4;0.83;
2022-11-02 02:00:00;0.0;0.0;0.0;11.79;99.4;1.1;
2022-11-02 03:00:00;0.0;0.0;0.0;11.85;99.4;1.1;
2022-11-02 04:00:00;0.0;0.0;0.0;11.93;99.4;1.03;
2022-11-02 05:00:00;0.0;0.0;0.0;11.87;99.4;1.17;
2022-11-02 06:00:00;0.0;0.0;0.0;11.86;99.4;1.31;
2022-11-02 07:00:00;34.0;0.0;34.0;11.47;95.9;2.0;
2022-11-02 08:00:00;24.0;0.0;24.0;11.56;99.35;2.07;
2022-11-02 09:00:00;57.0;0.0;57.0;11.69;95.9;2.41;
2022-11-02 10:00:00;42.0;0.0;42.0;11.72;95.9;2.34;
2022-11-02 11:00:00;44.0;0.0;44.0;11.87;99.4;2.21;
2022-11-02 12:00:00;41.0;0.0;41.0;11.98;99.4;1.79;
2022-11-02 13:00:00;34.0;0.0;34.0;12.33;99.4;2.07;
2022-11-02 14:00:00;23.0;0.0;23.0;12.47;99.4;0.55;
2022-11-02 15:00:00;17.0;0.0;17.0;12.32;99.4;1.45;
2022-11-02 16:00:00;0.0;0.0;0.0;11.7;95.9;2.62;
2022-11-02 17:00:00;0.0;0.0;0.0;11.22;95.9;1.59;
2022-11-02 18:00:00;0.0;0.0;0.0;10.98;95.9;0.97;
2022-11-02 19:00:00;0.0;0.0;0.0;11.78;95.9;1.31;
2022-11-02 20:00:00;0.0;0.0;0.0;11.77;95.9;1.17;
2022-11-02 21:00:00;0.0;0.0;0.0;11.9;95.9;1.03;
2022-11-02 22:00:00;0.0;0.0;0.0;11.7;95.9;1.38;
2022-11-02 23:00:00;0.0;0.0;0.0;11.07;99.35;1.45;
2022-11-03 00:00:00;0.0;0.0;0.0;10.55;99.4;1.03;
2022-11-03 01:00:00;0.0;0.0;0.0;10.05;99.4;0.62;
2022-11-03 02:00:00;0.0;0.0;0.0;9.95;99.4;0.9;
2022-11-03 03:00:00;0.0;0.0;0.0;9.69;95.9;1.59;
2022-11-03 04:00:00;0.0;0.0;0.0;9.45;99.4;2.41;
2022-11-03 05:00:00;0.0;0.0;0.0;9.18;95.85;2.69;
2022-11-03 06:00:00;0.0;0.0;0.0;8.96;95.85;2.62;
2022-11-03 07:00:00;45.0;0.0;45.0;9.55;95.85;0.83;
2022-11-03 08:00:00;162.0;86.31;136.0;10.19;89.25;0.9;
2022-11-03 09:00:00;357.0;529.64;141.0;10.9;89.3;2.07;
2022-11-03 10:00:00;470.0;776.22;102.0;12.47;80.2;2.21;
2022-11-03 11:00:00;512.0;855.68;88.0;14.79;58.25;1.79;
2022-11-03 12:00:00;474.0;807.44;94.0;16.08;50.5;1.59;
2022-11-03 13:00:00;395.0;772.83;85.0;16.56;47.0;1.17;
2022-11-03 14:00:00;268.0;671.81;72.0;16.61;47.0;1.1;
2022-11-03 15:00:00;114.0;453.48;46.0;16.06;52.4;1.24;
2022-11-03 16:00:00;0.0;0.0;0.0;14.83;58.25;1.45;
2022-11-03 17:00:00;0.0;0.0;0.0;12.53;74.6;1.38;
2022-11-03 18:00:00;0.0;0.0;0.0;12.11;69.35;0.97;
2022-11-03 19:00:00;0.0;0.0;0.0;9.26;79.9;1.66;
2022-11-03 20:00:00;0.0;0.0;0.0;8.92;82.85;1.72;
2022-11-03 21:00:00;0.0;0.0;0.0;8.41;82.75;1.79;
2022-11-03 22:00:00;0.0;0.0;0.0;7.54;85.8;1.93;
2022-11-03 23:00:00;0.0;0.0;0.0;7.37;82.65;1.79;
2022-11-04 00:00:00;0.0;0.0;0.0;7.18;82.65;1.59;
2022-11-04 01:00:00;0.0;0.0;0.0;7.26;82.65;1.24;
2022-11-04 02:00:00;0.0;0.0;0.0;7.79;79.7;0.83;
2022-11-04 03:00:00;0.0;0.0;0.0;7.84;79.7;0.41;
2022-11-04 04:00:00;0.0;0.0;0.0;7.72;79.7;0.34;
2022-11-04 05:00:00;0.0;0.0;0.0;7.33;82.65;0.41;
2022-11-04 06:00:00;0.0;0.0;0.0;6.76;82.6;0.34;
2022-11-04 07:00:00;116.0;413.46;51.0;6.21;92.3;0.76;
2022-11-04 08:00:00;211.0;283.12;127.0;8.02;92.4;0.62;
2022-11-04 09:00:00;267.0;188.51;191.0;10.45;77.15;1.1;
2022-11-04 10:00:00;267.0;89.48;225.0;11.74;71.85;1.79;
2022-11-04 11:00:00;128.0;0.0;128.0;12.46;71.95;2.55;
2022-11-04 12:00:00;231.0;45.07;210.0;12.65;69.45;2.69;
2022-11-04 13:00:00;39.0;0.0;39.0;12.71;72.05;3.17;
2022-11-04 14:00:00;194.0;233.12;127.0;12.82;72.05;2.9;
2022-11-04 15:00:00;33.0;0.0;33.0;12.25;77.35;2.62;
2022-11-04 16:00:00;0.0;0.0;0.0;11.34;89.3;2.14;
2022-11-04 17:00:00;0.0;0.0;0.0;10.91;89.3;1.72;
2022-11-04 18:00:00;0.0;0.0;0.0;10.6;89.3;2.07;
2022-11-04 19:00:00;0.0;0.0;0.0;9.58;92.45;2.76;
2022-11-04 20:00:00;0.0;0.0;0.0;9.32;89.15;2.97;
2022-11-04 21:00:00;0.0;0.0;0.0;9.22;89.15;2.9;
2022-11-04 22:00:00;0.0;0.0;0.0;9.17;89.15;2.76;
2022-11-04 23:00:00;0.0;0.0;0.0;9.11;89.15;2.62;
2022-11-05 00:00:00;0.0;0.0;0.0;9.16;89.15;2.21;
2022-11-05 01:00:00;0.0;0.0;0.0;9.18;89.15;2.0;
2022-11-05 02:00:00;0.0;0.0;0.0;9.04;92.45;2.07;
2022-11-05 03:00:00;0.0;0.0;0.0;8.66;89.1;2.48;
2022-11-05 04:00:00;0.0;0.0;0.0;8.25;92.4;2.34;
2022-11-05 05:00:00;0.0;0.0;0.0;7.45;92.35;1.93;
2022-11-05 06:00:00;0.0;0.0;0.0;6.74;95.8;1.24;
2022-11-05 07:00:00;119.0;477.49;46.0;6.95;99.4;0.97;
2022-11-05 08:00:00;273.0;701.61;68.0;8.81;85.95;1.38;
2022-11-05 09:00:00;390.0;765.31;85.0;10.59;80.05;1.17;
2022-11-05 10:00:00;466.0;800.56;94.0;12.04;74.55;0.41;
2022-11-05 11:00:00;492.0;814.64;96.0;13.49;69.55;0.69;
2022-11-05 12:00:00;470.0;832.32;86.0;14.47;64.85;0.97;
2022-11-05 13:00:00;379.0;742.08;88.0;15.1;64.95;1.45;
2022-11-05 14:00:00;254.0;632.18;75.0;15.21;60.5;1.86;
2022-11-05 15:00:00;104.0;401.94;47.0;14.69;62.65;2.07;
2022-11-05 16:00:00;0.0;0.0;0.0;13.16;69.55;2.34;
2022-11-05 17:00:00;0.0;0.0;0.0;11.69;74.55;2.21;
2022-11-05 18:00:00;0.0;0.0;0.0;10.52;80.05;1.79;
2022-11-05 19:00:00;0.0;0.0;0.0;10.43;83.0;1.24;
2022-11-05 20:00:00;0.0;0.0;0.0;10.64;77.2;1.03;
2022-11-05 21:00:00;0.0;0.0;0.0;9.28;82.9;1.17;
2022-11-05 22:00:00;0.0;0.0;0.0;8.03;89.05;1.24;
2022-11-05 23:00:00;0.0;0.0;0.0;7.16;89.0;1.38;
2022-11-06 00:00:00;0.0;0.0;0.0;6.74;92.35;1.24;
2022-11-06 01:00:00;0.0;0.0;0.0;6.79;89.0;1.1;
2022-11-06 02:00:00;0.0;0.0;0.0;6.35;92.3;1.1;
2022-11-06 03:00:00;0.0;0.0;0.0;6.35;92.3;1.03;
2022-11-06 04:00:00;0.0;0.0;0.0;6.42;92.3;0.76;
2022-11-06 05:00:00;0.0;0.0;0.0;6.45;92.3;0.69;
2022-11-06 06:00:00;0.0;0.0;0.0;5.86;92.3;0.83;
2022-11-06 07:00:00;114.0;464.41;45.0;5.49;99.4;1.31;
2022-11-06 08:00:00;263.0;663.88;72.0;7.85;89.05;1.38;
2022-11-06 09:00:00;378.0;726.01;92.0;9.76;79.95;1.17;
2022-11-06 10:00:00;455.0;769.52;101.0;12.0;74.55;1.03;
2022-11-06 11:00:00;480.0;783.01;103.0;13.64;67.15;0.76;
2022-11-06 12:00:00;461.0;812.12;90.0;14.8;64.95;0.48;
2022-11-06 13:00:00;370.0;711.79;94.0;15.49;62.75;0.48;
2022-11-06 14:00:00;249.0;620.15;76.0;15.81;62.85;0.62;
2022-11-06 15:00:00;100.0;391.65;46.0;15.67;62.85;0.97;
2022-11-06 16:00:00;0.0;0.0;0.0;14.56;72.3;1.79;
2022-11-06 17:00:00;0.0;0.0;0.0;12.57;83.15;2.21;
2022-11-06 18:00:00;0.0;0.0;0.0;11.12;89.3;2.07;
2022-11-06 19:00:00;0.0;0.0;0.0;10.5;92.5;2.21;
2022-11-06 20:00:00;0.0;0.0;0.0;10.31;92.5;2.14;
2022-11-06 21:00:00;0.0;0.0;0.0;9.85;92.5;2.21;
2022-11-06 22:00:00;0.0;0.0;0.0;9.52;95.85;2.21;
2022-11-06 23:00:00;0.0;0.0;0.0;8.92;95.85;2.14;
2022-11-07 00:00:00;0.0;0.0;0.0;8.68;92.45;1.93;
2022-11-07 01:00:00;0.0;0.0;0.0;8.33;95.85;1.66;
2022-11-07 02:00:00;0.0;0.0;0.0;7.79;95.8;1.52;
2022-11-07 03:00:00;0.0;0.0;0.0;7.72;95.8;1.17;
2022-11-07 04:00:00;0.0;0.0;0.0;7.46;99.4;1.24;
2022-11-07 05:00:00;0.0;0.0;0.0;7.2;95.8;1.38;
2022-11-07 06:00:00;0.0;0.0;0.0;7.1;95.8;1.31;
2022-11-07 07:00:00;72.0;97.03;58.0;8.44;95.85;1.03;
2022-11-07 08:00:00;122.0;28.24;114.0;10.31;92.5;1.31;
2022-11-07 09:00:00;261.0;195.19;185.0;11.35;89.3;1.38;
2022-11-07 10:00:00;172.0;6.59;169.0;12.26;83.15;1.45;
2022-11-07 11:00:00;261.0;73.39;226.0;12.9;80.3;1.45;
2022-11-07 12:00:00;417.0;607.93;142.0;13.41;77.5;1.1;
2022-11-07 13:00:00;358.0;667.63;102.0;13.58;77.5;1.1;
2022-11-07 14:00:00;242.0;603.92;76.0;13.74;72.2;1.24;
2022-11-07 15:00:00;94.0;350.67;47.0;13.35;74.75;0.48;
2022-11-07 16:00:00;0.0;0.0;0.0;12.36;80.2;0.55;
2022-11-07 17:00:00;0.0;0.0;0.0;11.17;86.1;0.55;
2022-11-07 18:00:00;0.0;0.0;0.0;10.97;83.05;0.48;
2022-11-07 19:00:00;0.0;0.0;0.0;9.07;92.45;1.66;
2022-11-07 20:00:00;0.0;0.0;0.0;7.94;92.4;1.72;
2022-11-07 21:00:00;0.0;0.0;0.0;7.71;89.05;1.45;
2022-11-07 22:00:00;0.0;0.0;0.0;7.7;89.05;1.17;
2022-11-07 23:00:00;0.0;0.0;0.0;8.02;92.4;0.9;
2022-11-08 00:00:00;0.0;0.0;0.0;7.31;92.35;0.83;
2022-11-08 01:00:00;0.0;0.0;0.0;6.58;92.35;0.83;
2022-11-08 02:00:00;0.0;0.0;0.0;5.4;99.4;0.76;
2022-11-08 03:00:00;0.0;0.0;0.0;4.6;99.4;0.9;
2022-11-08 04:00:00;0.0;0.0;0.0;3.98;99.4;1.17;
2022-11-08 05:00:00;0.0;0.0;0.0;3.9;99.4;1.45;
2022-11-08 06:00:00;0.0;0.0;0.0;3.76;99.4;1.45;
2022-11-08 07:00:00;94.0;299.94;52.0;4.8;95.75;1.1;
2022-11-08 08:00:00;252.0;641.98;73.0;6.28;85.7;1.38;
2022-11-08 09:00:00;366.0;693.79;99.0;8.08;76.85;1.31;
2022-11-08 10:00:00;410.0;570.02;153.0;10.17;69.1;1.45;
2022-11-08 11:00:00;464.0;732.45;118.0;12.04;66.75;1.31;
2022-11-08 12:00:00;453.0;805.89;92.0;13.22;62.3;0.9;
2022-11-08 13:00:00;366.0;727.82;90.0;13.93;60.2;0.55;
2022-11-08 14:00:00;241.0;612.86;75.0;14.1;60.2;0.14;
2022-11-08 15:00:00;94.0;383.8;44.0;13.8;60.2;0.28;
2022-11-08 16:00:00;0.0;0.0;0.0;12.5;71.95;0.97;
2022-11-08 17:00:00;0.0;0.0;0.0;10.04;77.1;1.38;
2022-11-08 18:00:00;0.0;0.0;0.0;8.47;85.9;1.59;
2022-11-08 19:00:00;0.0;0.0;0.0;6.95;92.35;2.0;
2022-11-08 20:00:00;0.0;0.0;0.0;6.41;92.3;2.0;
2022-11-08 21:00:00;0.0;0.0;0.0;6.22;92.3;1.93;
2022-11-08 22:00:00;0.0;0.0;0.0;5.79;92.3;1.86;
2022-11-08 23:00:00;0.0;0.0;0.0;5.95;95.75;1.59;
2022-11-09 00:00:00;0.0;0.0;0.0;6.61;92.35;1.38;
2022-11-09 01:00:00;0.0;0.0;0.0;6.34;95.8;1.79;
2022-11-09 02:00:00;0.0;0.0;0.0;7.09;92.35;1.72;
2022-11-09 03:00:00;0.0;0.0;0.0;6.83;92.35;2.0;
2022-11-09 04:00:00;0.0;0.0;0.0;6.84;95.8;1.86;
2022-11-09 05:00:00;0.0;0.0;0.0;6.8;95.8;1.72;
2022-11-09 06:00:00;0.0;0.0;0.0;7.37;92.35;1.72;
2022-11-09 07:00:00;82.0;206.19;54.0;7.37;92.35;1.86;
2022-11-09 08:00:00;184.0;225.92;122.0;8.6;85.95;1.93;
2022-11-09 09:00:00;140.0;7.89;137.0;10.19;80.05;2.07;
2022-11-09 10:00:00;96.0;0.0;96.0;10.87;80.1;2.21;
2022-11-09 11:00:00;174.0;6.41;171.0;11.49;80.1;2.21;
2022-11-09 12:00:00;83.0;0.0;83.0;11.9;80.15;2.0;
2022-11-09 13:00:00;178.0;39.99;163.0;11.45;89.3;1.72;
2022-11-09 14:00:00;40.0;0.0;40.0;10.98;89.3;2.0;
2022-11-09 15:00:00;43.0;15.8;41.0;10.65;89.3;2.0;
2022-11-09 16:00:00;0.0;0.0;0.0;10.41;92.5;1.72;
2022-11-09 17:00:00;0.0;0.0;0.0;10.2;92.5;1.66;
2022-11-09 18:00:00;0.0;0.0;0.0;10.02;92.5;1.86;
2022-11-09 19:00:00;0.0;0.0;0.0;9.2;92.45;1.93;
2022-11-09 20:00:00;0.0;0.0;0.0;9.12;89.15;1.79;
2022-11-09 21:00:00;0.0;0.0;0.0;9.09;89.15;1.24;
2022-11-09 22:00:00;0.0;0.0;0.0;9.03;95.85;0.9;
2022-11-09 23:00:00;0.0;0.0;0.0;9.06;95.85;1.03;
2022-11-10 00:00:00;0.0;0.0;0.0;8.81;92.45;1.1;
2022-11-10 01:00:00;0.0;0.0;0.0;8.68;92.45;1.17;
2022-11-10 02:00:00;0.0;0.0;0.0;8.45;95.85;1.31;
2022-11-10 03:00:00;0.0;0.0;0.0;8.36;92.4;1.1;
2022-11-10 04:00:00;0.0;0.0;0.0;7.87;95.8;1.1;
2022-11-10 05:00:00;0.0;0.0;0.0;7.7;95.8;1.1;
2022-11-10 06:00:00;0.0;0.0;0.0;7.58;92.4;0.9;
2022-11-10 07:00:00;47.0;15.2;45.0;7.33;95.8;0.76;
2022-11-10 08:00:00;116.0;29.62;108.0;8.36;89.1;0.83;
2022-11-10 09:00:00;130.0;2.66;129.0;8.98;85.95;0.9;
2022-11-10 10:00:00;275.0;133.51;216.0;10.19;77.15;0.97;
2022-11-10 11:00:00;232.0;45.3;211.0;10.9;74.45;0.97;
2022-11-10 12:00:00;275.0;136.56;215.0;11.56;71.75;0.62;
2022-11-10 13:00:00;340.0;625.36;108.0;11.85;66.75;0.76;
2022-11-10 14:00:00;162.0;163.43;119.0;11.89;66.75;0.83;
2022-11-10 15:00:00;88.0;381.95;41.0;11.89;66.75;0.83;
2022-11-10 16:00:00;0.0;0.0;0.0;11.27;69.15;1.52;
2022-11-10 17:00:00;0.0;0.0;0.0;9.62;74.3;2.0;
2022-11-10 18:00:00;0.0;0.0;0.0;8.13;79.75;2.21;
2022-11-10 19:00:00;0.0;0.0;0.0;7.56;82.7;2.28;
2022-11-10 20:00:00;0.0;0.0;0.0;6.58;85.75;2.14;
2022-11-10 21:00:00;0.0;0.0;0.0;5.6;88.9;2.0;
2022-11-10 22:00:00;0.0;0.0;0.0;4.88;92.25;1.79;
2022-11-10 23:00:00;0.0;0.0;0.0;4.55;88.85;1.59;
2022-11-11 00:00:00;0.0;0.0;0.0;4.48;92.2;1.38;
2022-11-11 01:00:00;0.0;0.0;0.0;4.04;88.8;1.38;
2022-11-11 02:00:00;0.0;0.0;0.0;3.79;92.15;1.24;
2022-11-11 03:00:00;0.0;0.0;0.0;3.29;92.15;1.24;
2022-11-11 04:00:00;0.0;0.0;0.0;2.39;99.4;1.24;
2022-11-11 05:00:00;0.0;0.0;0.0;1.93;99.4;1.24;
2022-11-11 06:00:00;0.0;0.0;0.0;1.54;99.4;1.17;
2022-11-11 07:00:00;95.0;423.82;41.0;2.38;99.4;0.97;
2022-11-11 08:00:00;245.0;666.04;68.0;4.99;92.25;0.97;
2022-11-11 09:00:00;363.0;740.21;88.0;7.78;76.8;1.24;
2022-11-11 10:00:00;440.0;786.28;96.0;10.25;66.55;1.38;
2022-11-11 11:00:00;464.0;786.13;103.0;12.17;57.65;1.52;
2022-11-11 12:00:00;440.0;795.1;94.0;13.41;51.75;1.17;
2022-11-11 13:00:00;354.0;711.18;93.0;13.98;48.15;0.34;
2022-11-11 14:00:00;231.0;597.63;76.0;14.11;48.15;0.34;
2022-11-11 15:00:00;82.0;326.13;43.0;13.66;51.9;0.34;
2022-11-11 16:00:00;0.0;0.0;0.0;12.76;53.6;0.21;
2022-11-11 17:00:00;0.0;0.0;0.0;11.57;57.4;0.07;
2022-11-11 18:00:00;0.0;0.0;0.0;10.56;59.5;0.62;
2022-11-11 19:00:00;0.0;0.0;0.0;9.82;69.0;1.24;
2022-11-11 20:00:00;0.0;0.0;0.0;8.32;74.05;1.31;
2022-11-11 21:00:00;0.0;0.0;0.0;7.0;79.55;1.45;
2022-11-11 22:00:00;0.0;0.0;0.0;6.27;79.5;1.38;
2022-11-11 23:00:00;0.0;0.0;0.0;6.18;79.5;1.24;
2022-11-12 00:00:00;0.0;0.0;0.0;6.03;82.5;1.03;
2022-11-12 01:00:00;0.0;0.0;0.0;5.86;82.5;0.62;
2022-11-12 02:00:00;0.0;0.0;0.0;5.82;82.5;0.55;
2022-11-12 03:00:00;0.0;0.0;0.0;5.48;85.6;0.9;
2022-11-12 04:00:00;0.0;0.0;0.0;5.82;85.65;0.83;
2022-11-12 05:00:00;0.0;0.0;0.0;5.23;88.85;1.66;
2022-11-12 06:00:00;0.0;0.0;0.0;5.16;88.85;1.86;
2022-11-12 07:00:00;31.0;0.0;31.0;6.26;79.5;2.0;
2022-11-12 08:00:00;143.0;95.61;118.0;7.29;73.9;2.07;
2022-11-12 09:00:00;145.0;13.62;140.0;8.73;66.25;2.48;
2022-11-12 10:00:00;92.0;0.0;92.0;9.37;63.9;2.76;
2022-11-12 11:00:00;211.0;28.57;198.0;9.78;64.0;2.62;
2022-11-12 12:00:00;277.0;153.11;211.0;10.38;64.1;2.41;
2022-11-12 13:00:00;344.0;702.3;89.0;10.81;61.85;2.07;
2022-11-12 14:00:00;222.0;570.96;76.0;11.09;61.85;1.86;
2022-11-12 15:00:00;78.0;318.38;41.0;10.81;61.85;1.59;
2022-11-12 16:00:00;0.0;0.0;0.0;10.09;64.1;1.45;
2022-11-12 17:00:00;0.0;0.0;0.0;8.72;71.4;1.45;
2022-11-12 18:00:00;0.0;0.0;0.0;7.44;79.65;1.45;
2022-11-12 19:00:00;0.0;0.0;0.0;6.62;76.65;1.03;
2022-11-12 20:00:00;0.0;0.0;0.0;5.42;82.4;1.17;
2022-11-12 21:00:00;0.0;0.0;0.0;4.59;85.55;1.38;
2022-11-12 22:00:00;0.0;0.0;0.0;4.35;88.8;1.52;
2022-11-12 23:00:00;0.0;0.0;0.0;4.54;82.35;1.24;
2022-11-13 00:00:00;0.0;0.0;0.0;4.14;85.5;1.45;
2022-11-13 01:00:00;0.0;0.0;0.0;4.08;85.5;1.45;
2022-11-13 02:00:00;0.0;0.0;0.0;5.73;76.5;0.76;
2022-11-13 03:00:00;0.0;0.0;0.0;5.9;76.5;0.55;
2022-11-13 04:00:00;0.0;0.0;0.0;5.7;76.5;0.55;
2022-11-13 05:00:00;0.0;0.0;0.0;5.14;79.35;0.83;
2022-11-13 06:00:00;0.0;0.0;0.0;3.6;88.75;1.17;
2022-11-13 07:00:00;53.0;67.14;45.0;3.09;92.15;1.24;
2022-11-13 08:00:00;184.0;303.23;106.0;5.5;82.4;0.55;
2022-11-13 09:00:00;328.0;622.82;102.0;8.62;66.25;0.62;
2022-11-13 10:00:00;386.0;582.92;136.0;11.01;61.85;1.17;
2022-11-13 11:00:00;417.0;632.27;132.0;12.57;62.1;1.38;
2022-11-13 12:00:00;408.0;718.94;101.0;13.65;58.0;1.17;
2022-11-13 13:00:00;303.0;489.87;127.0;14.31;58.1;0.55;
2022-11-13 14:00:00;166.0;222.09;110.0;14.55;60.3;0.9;
2022-11-13 15:00:00;60.0;141.66;44.0;14.12;62.45;0.9;
2022-11-13 16:00:00;0.0;0.0;0.0;12.65;69.45;1.1;
2022-11-13 17:00:00;0.0;0.0;0.0;10.3;77.15;1.45;
2022-11-13 18:00:00;0.0;0.0;0.0;8.81;82.85;1.52;
2022-11-13 19:00:00;0.0;0.0;0.0;7.71;89.05;2.0;
2022-11-13 20:00:00;0.0;0.0;0.0;7.38;92.35;1.66;
2022-11-13 21:00:00;0.0;0.0;0.0;7.25;92.35;1.17;
2022-11-13 22:00:00;0.0;0.0;0.0;6.35;95.8;1.59;
2022-11-13 23:00:00;0.0;0.0;0.0;6.18;95.8;1.45;
2022-11-14 00:00:00;0.0;0.0;0.0;5.93;99.4;1.45;
2022-11-14 01:00:00;0.0;0.0;0.0;6.03;99.4;1.24;
2022-11-14 02:00:00;0.0;0.0;0.0;6.12;95.8;0.83;
2022-11-14 03:00:00;0.0;0.0;0.0;6.28;95.8;0.69;
2022-11-14 04:00:00;0.0;0.0;0.0;5.97;99.4;1.03;
2022-11-14 05:00:00;0.0;0.0;0.0;6.21;95.8;1.03;
2022-11-14 06:00:00;0.0;0.0;0.0;6.4;95.8;0.55;
2022-11-14 07:00:00;31.0;0.0;31.0;6.85;99.4;1.03;
2022-11-14 08:00:00;174.0;272.69;105.0;8.06;95.8;0.9;
2022-11-14 09:00:00;60.0;0.0;60.0;9.24;92.45;0.83;
2022-11-14 10:00:00;138.0;2.35;137.0;11.12;89.3;0.69;
2022-11-14 11:00:00;93.0;0.0;93.0;12.48;83.15;0.76;
2022-11-14 12:00:00;158.0;7.09;155.0;14.0;77.6;1.45;
2022-11-14 13:00:00;97.0;0.0;97.0;14.91;75.0;1.59;
2022-11-14 14:00:00;40.0;0.0;40.0;15.19;75.1;1.03;
2022-11-14 15:00:00;19.0;0.0;19.0;14.78;77.75;0.9;
2022-11-14 16:00:00;0.0;0.0;0.0;13.42;86.3;2.34;
2022-11-14 17:00:00;0.0;0.0;0.0;12.39;89.35;2.69;
2022-11-14 18:00:00;0.0;0.0;0.0;11.59;95.9;2.76;
2022-11-14 19:00:00;0.0;0.0;0.0;9.97;95.9;2.55;
2022-11-14 20:00:00;0.0;0.0;0.0;9.85;95.9;0.83;
2022-11-14 21:00:00;0.0;0.0;0.0;9.06;99.4;1.03;
2022-11-14 22:00:00;0.0;0.0;0.0;8.16;95.85;1.72;
2022-11-14 23:00:00;0.0;0.0;0.0;7.87;95.8;1.86;
2022-11-15 00:00:00;0.0;0.0;0.0;7.52;99.4;1.59;
2022-11-15 01:00:00;0.0;0.0;0.0;7.31;99.4;1.31;
2022-11-15 02:00:00;0.0;0.0;0.0;7.45;99.4;1.38;
2022-11-15 03:00:00;0.0;0.0;0.0;7.43;99.4;0.97;
2022-11-15 04:00:00;0.0;0.0;0.0;7.67;95.8;0.97;
2022-11-15 05:00:00;0.0;0.0;0.0;7.72;95.8;1.59;
2022-11-15 06:00:00;0.0;0.0;0.0;7.76;99.4;1.86;
2022-11-15 07:00:00;41.0;27.01;38.0;7.91;99.4;1.72;
2022-11-15 08:00:00;103.0;24.11;97.0;8.59;95.85;2.0;
2022-11-15 09:00:00;121.0;2.82;120.0;10.23;89.25;2.07;
2022-11-15 10:00:00;192.0;28.54;180.0;12.56;86.2;2.14;
2022-11-15 11:00:00;428.0;711.73;113.0;14.82;72.4;2.14;
2022-11-15 12:00:00;403.0;710.89;105.0;16.37;62.95;1.52;
2022-11-15 13:00:00;325.0;650.73;96.0;17.33;56.75;1.03;
2022-11-15 14:00:00;206.0;517.68;79.0;17.47;54.7;0.69;
2022-11-15 15:00:00;69.0;290.52;38.0;16.74;60.85;0.76;
2022-11-15 16:00:00;0.0;0.0;0.0;14.26;74.95;1.38;
2022-11-15 17:00:00;0.0;0.0;0.0;11.44;86.1;2.14;
2022-11-15 18:00:00;0.0;0.0;0.0;9.9;86.0;1.93;
2022-11-15 19:00:00;0.0;0.0;0.0;13.56;77.5;0.69;
2022-11-15 20:00:00;0.0;0.0;0.0;12.13;77.35;1.24;
2022-11-15 21:00:00;0.0;0.0;0.0;9.08;82.9;1.72;
2022-11-15 22:00:00;0.0;0.0;0.0;7.79;82.7;1.86;
2022-11-15 23:00:00;0.0;0.0;0.0;7.45;82.65;1.72;
2022-11-16 00:00:00;0.0;0.0;0.0;7.46;82.65;1.66;
2022-11-16 01:00:00;0.0;0.0;0.0;8.77;74.15;1.24;
2022-11-16 02:00:00;0.0;0.0;0.0;9.15;68.9;0.76;
2022-11-16 03:00:00;0.0;0.0;0.0;8.72;71.4;0.9;
2022-11-16 04:00:00;0.0;0.0;0.0;7.93;76.8;1.17;
2022-11-16 05:00:00;0.0;0.0;0.0;6.85;79.55;1.17;
2022-11-16 06:00:00;0.0;0.0;0.0;5.82;85.65;1.31;
2022-11-16 07:00:00;72.0;345.58;35.0;5.63;82.5;0.9;
2022-11-16 08:00:00;192.0;408.53;92.0;6.64;89.0;0.28;
2022-11-16 09:00:00;190.0;79.93;162.0;9.45;74.2;0.41;
2022-11-16 10:00:00;321.0;317.01;189.0;11.06;66.65;0.55;
2022-11-16 11:00:00;315.0;239.39;210.0;11.93;64.35;0.21;
2022-11-16 12:00:00;158.0;7.22;155.0;12.79;57.75;0.28;
2022-11-16 13:00:00;136.0;11.48;132.0;13.16;57.9;0.76;
2022-11-16 14:00:00;190.0;413.12;90.0;13.41;57.9;1.03;
2022-11-16 15:00:00;66.0;269.91;38.0;12.87;62.2;1.31;
2022-11-16 16:00:00;0.0;0.0;0.0;11.94;69.25;1.79;
2022-11-16 17:00:00;0.0;0.0;0.0;10.57;74.4;1.79;
2022-11-16 18:00:00;0.0;0.0;0.0;9.37;79.9;1.38;
2022-11-16 19:00:00;0.0;0.0;0.0;9.47;82.9;1.03;
2022-11-16 20:00:00;0.0;0.0;0.0;9.83;79.95;0.62;
2022-11-16 21:00:00;0.0;0.0;0.0;7.65;89.05;1.31;
2022-11-16 22:00:00;0.0;0.0;0.0;6.7;89.0;1.45;
2022-11-16 23:00:00;0.0;0.0;0.0;6.43;88.95;1.24;
2022-11-17 00:00:00;0.0;0.0;0.0;6.37;85.7;0.97;
2022-11-17 01:00:00;0.0;0.0;0.0;5.58;85.65;1.1;
2022-11-17 02:00:00;0.0;0.0;0.0;3.92;92.15;1.52;
2022-11-17 03:00:00;0.0;0.0;0.0;3.2;92.15;1.93;
2022-11-17 04:00:00;0.0;0.0;0.0;2.76;95.7;2.0;
2022-11-17 05:00:00;0.0;0.0;0.0;2.4;95.65;1.93;
2022-11-17 06:00:00;0.0;0.0;0.0;2.01;95.65;1.79;
2022-11-17 07:00:00;70.0;339.42;35.0;2.34;95.65;1.52;
2022-11-17 08:00:00;211.0;581.57;71.0;5.02;88.85;1.1;
2022-11-17 09:00:00;331.0;699.0;89.0;9.16;68.9;1.03;
2022-11-17 10:00:00;403.0;717.8;107.0;12.16;62.1;1.1;
2022-11-17 11:00:00;424.0;703.91;118.0;14.41;53.95;1.1;
2022-11-17 12:00:00;395.0;677.67;116.0;15.71;45.15;1.1;
2022-11-17 13:00:00;324.0;661.03;96.0;16.19;40.5;1.17;
2022-11-17 14:00:00;205.0;539.98;76.0;15.98;41.9;0.83;
2022-11-17 15:00:00;64.0;277.56;36.0;14.96;44.9;1.38;
2022-11-17 16:00:00;0.0;0.0;0.0;12.67;47.85;2.07;
2022-11-17 17:00:00;0.0;0.0;0.0;10.07;52.95;2.28;
2022-11-17 18:00:00;0.0;0.0;0.0;8.35;56.8;2.34;
2022-11-17 19:00:00;0.0;0.0;0.0;7.19;48.4;2.69;
2022-11-17 20:00:00;0.0;0.0;0.0;6.22;52.1;2.55;
2022-11-17 21:00:00;0.0;0.0;0.0;5.4;58.3;2.48;
2022-11-17 22:00:00;0.0;0.0;0.0;4.6;62.95;2.41;
2022-11-17 23:00:00;0.0;0.0;0.0;3.97;70.5;2.48;
2022-11-18 00:00:00;0.0;0.0;0.0;3.47;73.2;2.34;
2022-11-18 01:00:00;0.0;0.0;0.0;3.48;76.1;1.86;
2022-11-18 02:00:00;0.0;0.0;0.0;3.73;73.3;1.52;
2022-11-18 03:00:00;0.0;0.0;0.0;3.52;76.1;1.45;
2022-11-18 04:00:00;0.0;0.0;0.0;4.16;70.6;1.24;
2022-11-18 05:00:00;0.0;0.0;0.0;4.61;70.7;1.17;
2022-11-18 06:00:00;0.0;0.0;0.0;3.48;76.1;1.45;
2022-11-18 07:00:00;64.0;292.3;35.0;1.78;85.25;1.72;
2022-11-18 08:00:00;201.0;544.93;72.0;4.2;82.3;1.17;
2022-11-18 09:00:00;316.0;648.76;94.0;8.24;61.3;1.03;
2022-11-18 10:00:00;386.0;668.43;113.0;10.45;53.1;1.24;
2022-11-18 11:00:00;414.0;696.22;114.0;11.83;49.45;1.17;
2022-11-18 12:00:00;380.0;632.21;122.0;12.69;44.35;0.9;
2022-11-18 13:00:00;305.0;579.69;107.0;13.27;42.8;0.69;
2022-11-18 14:00:00;185.0;411.31;88.0;13.3;41.2;0.62;
2022-11-18 15:00:00;53.0;163.06;37.0;12.71;47.85;0.55;
2022-11-18 16:00:00;0.0;0.0;0.0;11.01;57.4;0.9;
2022-11-18 17:00:00;0.0;0.0;0.0;10.23;55.15;0.9;
2022-11-18 18:00:00;0.0;0.0;0.0;8.72;61.45;1.17;
2022-11-18 19:00:00;0.0;0.0;0.0;8.8;59.15;0.97;
2022-11-18 20:00:00;0.0;0.0;0.0;7.84;66.05;1.17;
2022-11-18 21:00:00;0.0;0.0;0.0;7.32;68.5;0.97;
2022-11-18 22:00:00;0.0;0.0;0.0;6.93;71.05;0.83;
2022-11-18 23:00:00;0.0;0.0;0.0;6.38;73.7;0.97;
2022-11-19 00:00:00;0.0;0.0;0.0;6.17;73.7;0.9;
2022-11-19 01:00:00;0.0;0.0;0.0;6.13;73.7;0.76;
2022-11-19 02:00:00;0.0;0.0;0.0;5.97;76.5;0.69;
2022-11-19 03:00:00;0.0;0.0;0.0;5.0;82.35;1.1;
2022-11-19 04:00:00;0.0;0.0;0.0;4.9;82.35;0.97;
2022-11-19 05:00:00;0.0;0.0;0.0;4.82;79.3;0.9;
2022-11-19 06:00:00;0.0;0.0;0.0;4.35;82.3;1.03;
2022-11-19 07:00:00;58.0;251.68;34.0;4.08;73.4;0.83;
2022-11-19 08:00:00;192.0;502.61;75.0;5.76;70.85;0.48;
2022-11-19 09:00:00;277.0;440.52;128.0;8.21;59.0;0.62;
2022-11-19 10:00:00;334.0;422.7;163.0;10.26;53.1;0.69;
2022-11-19 11:00:00;376.0;526.73;151.0;11.75;51.35;0.62;
2022-11-19 12:00:00;367.0;593.22;127.0;12.79;51.65;0.9;
2022-11-19 13:00:00;299.0;576.41;104.0;13.51;55.75;1.03;
2022-11-19 14:00:00;180.0;403.65;86.0;13.84;58.0;1.1;
2022-11-19 15:00:00;62.0;314.24;32.0;13.44;64.65;0.83;
2022-11-19 16:00:00;0.0;0.0;0.0;11.77;71.85;1.38;
2022-11-19 17:00:00;0.0;0.0;0.0;9.57;79.9;2.0;
2022-11-19 18:00:00;0.0;0.0;0.0;7.88;85.85;1.93;
2022-11-19 19:00:00;0.0;0.0;0.0;6.95;82.6;1.52;
2022-11-19 20:00:00;0.0;0.0;0.0;6.31;85.7;1.45;
2022-11-19 21:00:00;0.0;0.0;0.0;6.29;82.55;1.1;
2022-11-19 22:00:00;0.0;0.0;0.0;6.24;82.55;0.97;
2022-11-19 23:00:00;0.0;0.0;0.0;5.52;88.85;1.17;
2022-11-20 00:00:00;0.0;0.0;0.0;5.5;85.6;1.03;
2022-11-20 01:00:00;0.0;0.0;0.0;5.48;85.6;0.97;
2022-11-20 02:00:00;0.0;0.0;0.0;5.59;82.5;0.9;
2022-11-20 03:00:00;0.0;0.0;0.0;5.99;82.5;0.76;
2022-11-20 04:00:00;0.0;0.0;0.0;5.13;85.6;1.03;
2022-11-20 05:00:00;0.0;0.0;0.0;4.67;88.85;1.03;
2022-11-20 06:00:00;0.0;0.0;0.0;4.55;88.85;0.9;
2022-11-20 07:00:00;21.0;0.0;21.0;3.41;95.7;1.03;
2022-11-20 08:00:00;92.0;21.84;87.0;4.88;92.25;0.83;
2022-11-20 09:00:00;111.0;2.99;110.0;6.52;92.3;0.76;
2022-11-20 10:00:00;144.0;4.99;142.0;8.49;82.75;0.69;
2022-11-20 11:00:00;163.0;9.44;159.0;9.98;77.1;0.48;
2022-11-20 12:00:00;231.0;97.22;192.0;11.67;71.85;0.41;
2022-11-20 13:00:00;209.0;152.17;158.0;12.34;71.95;0.48;
2022-11-20 14:00:00;85.0;13.04;82.0;12.59;71.95;0.83;
2022-11-20 15:00:00;31.0;21.52;29.0;12.26;71.95;1.24;
2022-11-20 16:00:00;0.0;0.0;0.0;11.09;77.2;2.0;
2022-11-20 17:00:00;0.0;0.0;0.0;9.84;82.95;2.28;
2022-11-20 18:00:00;0.0;0.0;0.0;9.34;85.95;2.28;
2022-11-20 19:00:00;0.0;0.0;0.0;8.56;92.4;1.72;
2022-11-20 20:00:00;0.0;0.0;0.0;7.93;95.8;2.14;
2022-11-20 21:00:00;0.0;0.0;0.0;7.73;95.8;2.14;
2022-11-20 22:00:00;0.0;0.0;0.0;7.5;95.8;2.14;
2022-11-20 23:00:00;0.0;0.0;0.0;7.6;95.8;2.0;
2022-11-21 00:00:00;0.0;0.0;0.0;7.5;99.4;2.0;
2022-11-21 01:00:00;0.0;0.0;0.0;7.49;99.4;2.14;
2022-11-21 02:00:00;0.0;0.0;0.0;7.82;95.8;2.14;
2022-11-21 03:00:00;0.0;0.0;0.0;7.78;95.8;2.0;
2022-11-21 04:00:00;0.0;0.0;0.0;7.82;95.8;2.0;
2022-11-21 05:00:00;0.0;0.0;0.0;7.95;95.8;2.14;
2022-11-21 06:00:00;0.0;0.0;0.0;8.03;95.8;1.72;
2022-11-21 07:00:00;38.0;68.34;32.0;8.43;92.4;1.1;
2022-11-21 08:00:00;66.0;0.0;66.0;8.75;89.1;1.1;
2022-11-21 09:00:00;323.0;768.45;69.0;9.28;89.15;1.45;
2022-11-21 10:00:00;374.0;670.02;108.0;10.2;83.0;1.66;
2022-11-21 11:00:00;338.0;378.62;179.0;11.04;80.1;1.52;
2022-11-21 12:00:00;344.0;497.73;146.0;12.04;77.3;1.31;
2022-11-21 13:00:00;302.0;623.33;95.0;12.84;69.45;1.59;
2022-11-21 14:00:00;188.0;506.01;73.0;13.16;67.05;1.45;
2022-11-21 15:00:00;54.0;232.07;33.0;12.63;72.05;0.62;
2022-11-21 16:00:00;0.0;0.0;0.0;11.71;77.3;0.21;
2022-11-21 17:00:00;0.0;0.0;0.0;10.13;80.05;0.97;
2022-11-21 18:00:00;0.0;0.0;0.0;8.48;89.1;1.1;
2022-11-21 19:00:00;0.0;0.0;0.0;6.58;89.0;2.48;
2022-11-21 20:00:00;0.0;0.0;0.0;6.16;92.3;2.41;
2022-11-21 21:00:00;0.0;0.0;0.0;6.04;95.75;2.14;
2022-11-21 22:00:00;0.0;0.0;0.0;5.43;95.75;1.93;
2022-11-21 23:00:00;0.0;0.0;0.0;4.85;95.75;1.66;
2022-11-22 00:00:00;0.0;0.0;0.0;4.66;95.75;1.45;
2022-11-22 01:00:00;0.0;0.0;0.0;5.37;92.25;1.03;
2022-11-22 02:00:00;0.0;0.0;0.0;5.64;92.3;0.55;
2022-11-22 03:00:00;0.0;0.0;0.0;5.54;95.75;0.62;
2022-11-22 04:00:00;0.0;0.0;0.0;5.22;92.25;0.76;
2022-11-22 05:00:00;0.0;0.0;0.0;3.45;99.4;1.24;
2022-11-22 06:00:00;0.0;0.0;0.0;2.31;99.4;1.45;
2022-11-22 07:00:00;50.0;249.69;29.0;3.22;99.4;0.69;
2022-11-22 08:00:00;189.0;551.27;67.0;4.37;95.75;0.48;
2022-11-22 09:00:00;301.0;636.49;93.0;7.01;89.0;0.55;
2022-11-22 10:00:00;373.0;668.6;110.0;9.49;77.0;0.48;
2022-11-22 11:00:00;397.0;669.9;118.0;11.27;69.15;0.55;
2022-11-22 12:00:00;371.0;646.27;116.0;12.56;62.1;0.76;
2022-11-22 13:00:00;300.0;613.73;98.0;13.27;57.9;0.97;
2022-11-22 14:00:00;187.0;503.06;74.0;13.38;57.9;1.03;
2022-11-22 15:00:00;52.0;238.2;31.0;12.77;62.2;0.69;
2022-11-22 16:00:00;0.0;0.0;0.0;11.51;69.15;0.48;
2022-11-22 17:00:00;0.0;0.0;0.0;10.45;71.7;0.55;
2022-11-22 18:00:00;0.0;0.0;0.0;9.25;74.2;0.76;
2022-11-22 19:00:00;0.0;0.0;0.0;8.85;76.95;0.55;
2022-11-22 20:00:00;0.0;0.0;0.0;5.62;85.65;1.66;
2022-11-22 21:00:00;0.0;0.0;0.0;4.76;88.85;1.79;
2022-11-22 22:00:00;0.0;0.0;0.0;4.43;88.8;1.86;
2022-11-22 23:00:00;0.0;0.0;0.0;3.62;88.75;2.21;
2022-11-23 00:00:00;0.0;0.0;0.0;3.14;92.15;2.41;
2022-11-23 01:00:00;0.0;0.0;0.0;3.15;92.15;2.48;
2022-11-23 02:00:00;0.0;0.0;0.0;3.06;92.15;2.34;
2022-11-23 03:00:00;0.0;0.0;0.0;2.67;95.7;2.0;
2022-11-23 04:00:00;0.0;0.0;0.0;2.34;95.65;1.93;
2022-11-23 05:00:00;0.0;0.0;0.0;2.06;95.65;1.93;
2022-11-23 06:00:00;0.0;0.0;0.0;1.83;95.65;1.86;
2022-11-23 07:00:00;47.0;223.71;29.0;1.24;99.35;1.66;
2022-11-23 08:00:00;184.0;537.66;67.0;3.74;92.15;1.1;
2022-11-23 09:00:00;295.0;622.07;94.0;6.64;79.55;0.69;
2022-11-23 10:00:00;370.0;667.02;110.0;9.08;71.5;0.41;
2022-11-23 11:00:00;394.0;668.13;118.0;10.85;64.25;0.14;
2022-11-23 12:00:00;371.0;669.34;109.0;11.95;64.35;0.21;
2022-11-23 13:00:00;297.0;609.9;98.0;12.49;62.1;0.07;
2022-11-23 14:00:00;182.0;481.79;75.0;12.55;62.1;0.21;
2022-11-23 15:00:00;48.0;197.8;31.0;12.1;64.35;0.62;
2022-11-23 16:00:00;0.0;0.0;0.0;10.28;74.4;1.1;
2022-11-23 17:00:00;0.0;0.0;0.0;8.92;76.95;1.1;
2022-11-23 18:00:00;0.0;0.0;0.0;6.97;82.6;1.45;
2022-11-23 19:00:00;0.0;0.0;0.0;6.26;82.55;1.17;
2022-11-23 20:00:00;0.0;0.0;0.0;6.65;82.6;0.83;
2022-11-23 21:00:00;0.0;0.0;0.0;6.31;85.7;0.83;
2022-11-23 22:00:00;0.0;0.0;0.0;5.37;88.85;1.03;
2022-11-23 23:00:00;0.0;0.0;0.0;5.11;85.6;1.03;
2022-11-24 00:00:00;0.0;0.0;0.0;4.58;85.55;1.1;
2022-11-24 01:00:00;0.0;0.0;0.0;3.5;92.15;1.17;
2022-11-24 02:00:00;0.0;0.0;0.0;4.02;88.75;0.97;
2022-11-24 03:00:00;0.0;0.0;0.0;2.98;92.15;1.1;
2022-11-24 04:00:00;0.0;0.0;0.0;2.22;92.1;1.17;
2022-11-24 05:00:00;0.0;0.0;0.0;2.07;88.65;1.17;
2022-11-24 06:00:00;0.0;0.0;0.0;1.52;92.05;1.31;
2022-11-24 07:00:00;40.0;156.09;28.0;0.96;95.65;1.17;
2022-11-24 08:00:00;180.0;523.42;68.0;3.46;85.4;0.62;
2022-11-24 09:00:00;294.0;635.33;91.0;6.82;71.05;0.97;
2022-11-24 10:00:00;369.0;680.8;106.0;10.07;59.35;1.59;
2022-11-24 11:00:00;396.0;695.45;111.0;12.53;55.5;2.14;
2022-11-24 12:00:00;367.0;656.55;112.0;14.08;55.9;2.48;
2022-11-24 13:00:00;295.0;611.98;97.0;14.84;54.1;2.62;
2022-11-24 14:00:00;180.0;482.56;74.0;14.75;58.25;2.28;
2022-11-24 15:00:00;59.0;405.55;25.0;13.53;67.05;2.28;
2022-11-24 16:00:00;0.0;0.0;0.0;11.4;74.45;2.21;
2022-11-24 17:00:00;0.0;0.0;0.0;9.2;82.9;1.45;
2022-11-24 18:00:00;0.0;0.0;0.0;8.16;82.75;1.45;
2022-11-24 19:00:00;0.0;0.0;0.0;6.78;92.35;1.86;
2022-11-24 20:00:00;0.0;0.0;0.0;8.49;92.4;1.1;
2022-11-24 21:00:00;0.0;0.0;0.0;6.35;92.3;2.28;
2022-11-24 22:00:00;0.0;0.0;0.0;8.27;63.7;4.48;
2022-11-24 23:00:00;0.0;0.0;0.0;9.46;31.7;8.07;
2022-11-25 00:00:00;0.0;0.0;0.0;9.41;25.85;7.59;
2022-11-25 01:00:00;0.0;0.0;0.0;8.91;25.7;6.21;
2022-11-25 02:00:00;0.0;0.0;0.0;8.1;26.65;4.9;
2022-11-25 03:00:00;0.0;0.0;0.0;7.17;27.5;4.07;
2022-11-25 04:00:00;0.0;0.0;0.0;6.13;30.85;3.31;
2022-11-25 05:00:00;0.0;0.0;0.0;4.97;35.9;2.69;
2022-11-25 06:00:00;0.0;0.0;0.0;3.31;43.6;2.34;
2022-11-25 07:00:00;42.0;204.49;27.0;2.23;57.6;2.48;
2022-11-25 08:00:00;183.0;546.54;68.0;3.53;62.7;2.28;
2022-11-25 09:00:00;298.0;639.24;96.0;7.57;44.85;2.83;
2022-11-25 10:00:00;378.0;707.72;107.0;9.73;35.85;3.59;
2022-11-25 11:00:00;399.0;683.71;121.0;10.58;27.2;4.97;
2022-11-25 12:00:00;375.0;671.93;116.0;10.77;24.15;5.31;
2022-11-25 13:00:00;302.0;629.48;100.0;10.64;24.15;4.97;
2022-11-25 14:00:00;187.0;524.52;73.0;10.19;26.1;4.0;
2022-11-25 15:00:00;50.0;244.38;30.0;8.97;29.05;2.97;
2022-11-25 16:00:00;0.0;0.0;0.0;7.02;33.6;2.48;
2022-11-25 17:00:00;0.0;0.0;0.0;5.19;39.1;2.21;
2022-11-25 18:00:00;0.0;0.0;0.0;3.13;51.3;2.07;
2022-11-25 19:00:00;0.0;0.0;0.0;2.04;55.3;1.86;
2022-11-25 20:00:00;0.0;0.0;0.0;0.8;59.6;2.48;
2022-11-25 21:00:00;0.0;0.0;0.0;-0.02;61.9;2.41;
2022-11-25 22:00:00;0.0;0.0;0.0;-0.8;64.35;2.07;
2022-11-25 23:00:00;0.0;0.0;0.0;-1.54;69.55;1.72;
2022-11-26 00:00:00;0.0;0.0;0.0;-1.97;66.8;1.59;
2022-11-26 01:00:00;0.0;0.0;0.0;-2.75;72.25;1.66;
2022-11-26 02:00:00;0.0;0.0;0.0;-3.19;72.1;1.86;
2022-11-26 03:00:00;0.0;0.0;0.0;-3.57;72.05;1.93;
2022-11-26 04:00:00;0.0;0.0;0.0;-3.89;69.15;1.86;
2022-11-26 05:00:00;0.0;0.0;0.0;-4.23;71.95;1.79;
2022-11-26 06:00:00;0.0;0.0;0.0;-4.47;71.95;1.66;
2022-11-26 07:00:00;38.0;186.0;25.0;-2.97;69.35;1.45;
2022-11-26 08:00:00;175.0;521.94;67.0;-0.79;72.6;1.17;
2022-11-26 09:00:00;289.0;617.48;96.0;3.27;55.55;1.24;
2022-11-26 10:00:00;365.0;674.37;109.0;6.08;48.15;1.59;
2022-11-26 11:00:00;391.0;676.57;118.0;8.13;39.95;2.0;
2022-11-26 12:00:00;365.0;653.39;115.0;9.31;37.2;2.14;
2022-11-26 13:00:00;295.0;621.92;97.0;9.81;35.85;2.0;
2022-11-26 14:00:00;158.0;316.08;90.0;9.72;37.3;1.72;
2022-11-26 15:00:00;42.0;150.08;30.0;8.66;45.15;1.59;
2022-11-26 16:00:00;0.0;0.0;0.0;6.57;52.2;1.79;
2022-11-26 17:00:00;0.0;0.0;0.0;4.01;67.8;1.79;
2022-11-26 18:00:00;0.0;0.0;0.0;2.57;70.3;1.59;
2022-11-26 19:00:00;0.0;0.0;0.0;4.85;60.5;1.31;
2022-11-26 20:00:00;0.0;0.0;0.0;3.86;65.2;1.31;
2022-11-26 21:00:00;0.0;0.0;0.0;3.29;67.7;1.31;
2022-11-26 22:00:00;0.0;0.0;0.0;3.1;67.7;1.24;
2022-11-26 23:00:00;0.0;0.0;0.0;3.19;67.7;1.03;
2022-11-27 00:00:00;0.0;0.0;0.0;3.03;67.7;0.76;
2022-11-27 01:00:00;0.0;0.0;0.0;3.01;70.3;0.62;
2022-11-27 02:00:00;0.0;0.0;0.0;2.83;73.1;0.55;
2022-11-27 03:00:00;0.0;0.0;0.0;2.69;73.1;0.55;
2022-11-27 04:00:00;0.0;0.0;0.0;2.15;78.95;0.83;
2022-11-27 05:00:00;0.0;0.0;0.0;1.82;82.0;0.97;
2022-11-27 06:00:00;0.0;0.0;0.0;1.49;85.2;1.03;
2022-11-27 07:00:00;24.0;45.11;21.0;0.98;88.5;1.24;
2022-11-27 08:00:00;114.0;117.94;90.0;2.38;85.3;0.97;
2022-11-27 09:00:00;199.0;174.64;145.0;4.59;68.0;0.76;
2022-11-27 10:00:00;32.0;0.0;32.0;6.31;58.55;0.76;
2022-11-27 11:00:00;46.0;0.0;46.0;7.51;54.4;0.69;
2022-11-27 12:00:00;180.0;36.85;166.0;8.16;52.6;0.76;
2022-11-27 13:00:00;49.0;0.0;49.0;8.51;52.6;0.83;
2022-11-27 14:00:00;55.0;0.0;55.0;8.43;52.6;0.76;
2022-11-27 15:00:00;14.0;0.0;14.0;8.13;54.65;0.69;
2022-11-27 16:00:00;0.0;0.0;0.0;7.49;63.5;0.69;
2022-11-27 17:00:00;0.0;0.0;0.0;6.65;71.05;0.83;
2022-11-27 18:00:00;0.0;0.0;0.0;6.24;73.7;1.1;
2022-11-27 19:00:00;0.0;0.0;0.0;4.97;73.45;2.0;
2022-11-27 20:00:00;0.0;0.0;0.0;4.59;76.3;1.86;
2022-11-27 21:00:00;0.0;0.0;0.0;4.31;82.3;1.45;
2022-11-27 22:00:00;0.0;0.0;0.0;4.04;85.5;1.31;
2022-11-27 23:00:00;0.0;0.0;0.0;3.77;88.75;1.03;
2022-11-28 00:00:00;0.0;0.0;0.0;3.27;92.15;1.1;
2022-11-28 01:00:00;0.0;0.0;0.0;2.78;95.7;1.38;
2022-11-28 02:00:00;0.0;0.0;0.0;2.13;95.65;1.72;
2022-11-28 03:00:00;0.0;0.0;0.0;1.66;99.4;1.79;
2022-11-28 04:00:00;0.0;0.0;0.0;1.14;99.35;2.0;
2022-11-28 05:00:00;0.0;0.0;0.0;0.64;99.4;1.86;
2022-11-28 06:00:00;0.0;0.0;0.0;0.02;92.0;1.86;
2022-11-28 07:00:00;32.0;158.31;22.0;-0.06;95.6;1.86;
2022-11-28 08:00:00;168.0;539.58;60.0;0.95;99.4;1.52;
2022-11-28 09:00:00;286.0;673.36;80.0;2.95;95.7;1.93;
2022-11-28 10:00:00;360.0;712.61;94.0;4.84;82.35;2.41;
2022-11-28 11:00:00;388.0;729.36;98.0;6.7;71.05;2.9;
2022-11-28 12:00:00;361.0;689.17;101.0;8.34;63.7;2.76;
2022-11-28 13:00:00;287.0;628.11;90.0;9.64;57.15;2.41;
2022-11-28 14:00:00;174.0;502.23;68.0;10.34;55.15;1.86;
2022-11-28 15:00:00;42.0;182.95;28.0;9.88;57.15;1.1;
2022-11-28 16:00:00;0.0;0.0;0.0;7.81;68.6;1.31;
2022-11-28 17:00:00;0.0;0.0;0.0;4.97;82.35;2.07;
2022-11-28 18:00:00;0.0;0.0;0.0;3.43;88.7;2.28;
2022-11-28 19:00:00;0.0;0.0;0.0;3.21;82.2;2.07;
2022-11-28 20:00:00;0.0;0.0;0.0;2.67;79.0;2.28;
2022-11-28 21:00:00;0.0;0.0;0.0;2.42;73.0;2.48;
2022-11-28 22:00:00;0.0;0.0;0.0;2.21;62.35;2.76;
2022-11-28 23:00:00;0.0;0.0;0.0;2.96;55.45;2.14;
2022-11-29 00:00:00;0.0;0.0;0.0;4.66;45.85;1.52;
2022-11-29 01:00:00;0.0;0.0;0.0;4.33;47.6;1.38;
2022-11-29 02:00:00;0.0;0.0;0.0;2.81;53.25;1.52;
2022-11-29 03:00:00;0.0;0.0;0.0;1.17;62.15;1.66;
2022-11-29 04:00:00;0.0;0.0;0.0;0.06;64.55;1.66;
2022-11-29 05:00:00;0.0;0.0;0.0;-0.67;69.75;1.66;
2022-11-29 06:00:00;0.0;0.0;0.0;-1.06;72.5;1.59;
2022-11-29 07:00:00;28.0;116.85;21.0;-1.44;78.5;1.66;
2022-11-29 08:00:00;165.0;512.98;64.0;1.15;75.75;1.03;
2022-11-29 09:00:00;284.0;654.03;86.0;3.88;73.3;0.69;
2022-11-29 10:00:00;360.0;707.64;98.0;6.19;56.3;0.69;
2022-11-29 11:00:00;384.0;694.01;110.0;7.53;52.35;0.9;
2022-11-29 12:00:00;361.0;680.45;106.0;8.37;46.8;1.1;
2022-11-29 13:00:00;288.0;622.91;94.0;8.8;45.15;1.31;
2022-11-29 14:00:00;168.0;435.01;77.0;8.79;46.95;1.79;
2022-11-29 15:00:00;35.0;106.7;27.0;7.94;54.55;1.72;
2022-11-29 16:00:00;0.0;0.0;0.0;6.17;63.25;2.21;
2022-11-29 17:00:00;0.0;0.0;0.0;4.5;76.25;2.07;
2022-11-29 18:00:00;0.0;0.0;0.0;3.34;82.2;2.0;
2022-11-29 19:00:00;0.0;0.0;0.0;3.57;79.15;2.34;
2022-11-29 20:00:00;0.0;0.0;0.0;3.95;82.25;2.41;
2022-11-29 21:00:00;0.0;0.0;0.0;4.51;82.3;2.34;
2022-11-29 22:00:00;0.0;0.0;0.0;4.79;79.3;2.07;
2022-11-29 23:00:00;0.0;0.0;0.0;4.72;82.35;1.72;
2022-11-30 00:00:00;0.0;0.0;0.0;4.57;82.35;1.86;
2022-11-30 01:00:00;0.0;0.0;0.0;4.4;85.5;1.59;
2022-11-30 02:00:00;0.0;0.0;0.0;4.3;88.8;1.72;
2022-11-30 03:00:00;0.0;0.0;0.0;4.23;88.8;1.93;
2022-11-30 04:00:00;0.0;0.0;0.0;4.13;88.8;2.0;
2022-11-30 05:00:00;0.0;0.0;0.0;4.03;92.15;1.79;
2022-11-30 06:00:00;0.0;0.0;0.0;3.71;92.15;2.0;
2022-11-30 07:00:00;7.0;0.0;7.0;2.76;95.7;1.72;
2022-11-30 08:00:00;49.0;0.0;49.0;2.35;99.4;1.72;
2022-11-30 09:00:00;24.0;0.0;24.0;2.06;99.4;1.66;
2022-11-30 10:00:00;31.0;0.0;31.0;2.05;99.4;1.66;
2022-11-30 11:00:00;105.0;0.0;105.0;2.8;95.7;1.66;
2022-11-30 12:00:00;57.0;0.0;57.0;3.12;92.15;1.59;
2022-11-30 13:00:00;74.0;0.0;74.0;3.66;88.75;1.1;
2022-11-30 14:00:00;24.0;0.0;24.0;4.01;88.75;0.76;
2022-11-30 15:00:00;18.0;0.0;18.0;4.17;85.5;0.83;
2022-11-30 16:00:00;0.0;0.0;0.0;1.27;92.08;1.29;
2022-11-30 17:00:00;0.0;0.0;0.0;2.06;92.58;1.44;
2022-11-30 18:00:00;0.0;0.0;0.0;2.86;93.08;1.58;
2022-11-30 19:00:00;0.0;0.0;0.0;3.66;93.58;1.73;
2022-11-30 20:00:00;0.0;0.0;0.0;4.45;94.08;1.87;
2022-11-30 21:00:00;0.0;0.0;0.0;5.25;94.58;2.02;
2022-11-30 22:00:00;0.0;0.0;0.0;6.05;95.07;2.16;
2022-11-30 23:00:00;0.0;0.0;0.0;6.84;95.57;2.31;
2022-12-01 00:00:00;0.0;0.0;0.0;7.64;96.07;2.45;
2022-12-01 01:00:00;0.0;0.0;0.0;8.44;96.57;2.6;
2022-12-01 02:00:00;0.0;0.0;0.0;9.24;97.07;2.74;
2022-12-01 03:00:00;0.0;0.0;0.0;10.03;97.57;2.89;
2022-12-01 04:00:00;0.0;0.0;0.0;10.83;98.07;3.03;
2022-12-01 05:00:00;0.0;0.0;0.0;11.63;98.57;3.17;
2022-12-01 06:00:00;0.0;0.0;0.0;12.42;99.06;3.32;
2022-12-01 07:00:00;20.0;55.97;17.0;13.22;99.56;3.46;
2022-12-01 08:00:00;61.0;5.25;60.0;11.71;99.4;1.93;
2022-12-01 09:00:00;117.0;16.86;112.0;11.91;100.0;1.52;
2022-12-01 10:00:00;135.0;8.23;132.0;12.22;99.4;1.31;
2022-12-01 11:00:00;180.0;33.37;167.0;12.3;99.4;0.97;
2022-12-01 12:00:00;51.0;0.0;51.0;12.6;99.4;0.83;
2022-12-01 13:00:00;83.0;0.0;83.0;12.54;95.95;0.97;
2022-12-01 14:00:00;89.0;38.87;81.0;12.52;99.4;1.17;
2022-12-01 15:00:00;13.0;0.0;13.0;12.39;99.4;1.03;
2022-12-01 16:00:00;0.0;0.0;0.0;12.23;99.4;1.24;
2022-12-01 17:00:00;0.0;0.0;0.0;12.05;99.4;1.52;
2022-12-01 18:00:00;0.0;0.0;0.0;11.92;99.4;1.72;
2022-12-01 19:00:00;0.0;0.0;0.0;11.65;99.4;2.14;
2022-12-01 20:00:00;0.0;0.0;0.0;11.57;99.4;2.07;
2022-12-01 21:00:00;0.0;0.0;0.0;11.49;99.35;1.93;
2022-12-01 22:00:00;0.0;0.0;0.0;11.42;99.35;1.79;
2022-12-01 23:00:00;0.0;0.0;0.0;11.33;99.35;1.52;
2022-12-02 00:00:00;0.0;0.0;0.0;11.21;99.35;1.52;
2022-12-02 01:00:00;0.0;0.0;0.0;11.08;99.35;1.59;
2022-12-02 02:00:00;0.0;0.0;0.0;10.93;99.4;1.66;
2022-12-02 03:00:00;0.0;0.0;0.0;10.73;99.4;1.79;
2022-12-02 04:00:00;0.0;0.0;0.0;10.6;99.4;1.66;
2022-12-02 05:00:00;0.0;0.0;0.0;10.45;100.0;1.72;
2022-12-02 06:00:00;0.0;0.0;0.0;10.34;99.4;1.93;
2022-12-02 07:00:00;8.0;0.0;8.0;10.51;95.9;1.66;
2022-12-02 08:00:00;62.0;5.33;61.0;10.68;99.4;1.52;
2022-12-02 09:00:00;0.0;0.0;0.0;10.94;99.4;1.66;
2022-12-02 10:00:00;0.0;0.0;0.0;11.28;99.35;1.79;
2022-12-02 11:00:00;0.0;0.0;0.0;11.4;99.35;2.07;
2022-12-02 12:00:00;0.0;0.0;0.0;11.56;92.55;2.41;
2022-12-02 13:00:00;0.0;0.0;0.0;11.59;92.55;2.41;
2022-12-02 14:00:00;0.0;0.0;0.0;11.45;95.9;2.34;
2022-12-02 15:00:00;0.0;0.0;0.0;11.32;95.9;2.21;
2022-12-02 16:00:00;0.0;0.0;0.0;11.05;92.55;2.28;
2022-12-02 17:00:00;0.0;0.0;0.0;10.75;95.9;2.28;
2022-12-02 18:00:00;0.0;0.0;0.0;10.51;95.9;2.28;
2022-12-02 19:00:00;0.0;0.0;0.0;10.31;99.4;2.41;
2022-12-02 20:00:00;0.0;0.0;0.0;10.42;99.4;2.55;
2022-12-02 21:00:00;0.0;0.0;0.0;10.31;95.9;2.69;
2022-12-02 22:00:00;0.0;0.0;0.0;10.2;95.9;2.9;
2022-12-02 23:00:00;0.0;0.0;0.0;10.02;92.5;2.97;
2022-12-03 00:00:00;0.0;0.0;0.0;9.76;95.85;3.03;
2022-12-03 01:00:00;0.0;0.0;0.0;9.37;92.45;3.03;
2022-12-03 02:00:00;0.0;0.0;0.0;9.14;92.45;3.03;
2022-12-03 03:00:00;0.0;0.0;0.0;9.09;89.15;2.97;
2022-12-03 04:00:00;0.0;0.0;0.0;8.99;89.1;2.76;
2022-12-03 05:00:00;0.0;0.0;0.0;9.1;85.95;2.48;
2022-12-03 06:00:00;0.0;0.0;0.0;9.09;82.9;2.28;
2022-12-03 07:00:00;13.0;21.01;12.0;9.44;89.15;2.62;
2022-12-03 08:00:00;85.0;54.16;75.0;9.46;89.15;2.55;
2022-12-03 09:00:00;56.0;0.0;56.0;9.93;85.95;2.76;
2022-12-03 10:00:00;223.0;147.58;170.0;10.66;77.15;3.1;
2022-12-03 11:00:00;146.0;7.8;143.0;11.35;71.75;3.1;
2022-12-03 12:00:00;69.0;0.0;69.0;11.75;69.25;2.83;
2022-12-03 13:00:00;0.0;0.0;0.0;11.99;69.25;2.41;
2022-12-03 14:00:00;0.0;0.0;0.0;11.93;66.75;1.93;
2022-12-03 15:00:00;27.0;57.2;23.0;11.4;71.75;1.45;
2022-12-03 16:00:00;0.0;0.0;0.0;10.18;74.3;1.24;
2022-12-03 17:00:00;0.0;0.0;0.0;9.37;79.9;0.83;
2022-12-03 18:00:00;0.0;0.0;0.0;9.32;79.9;0.69;
2022-12-03 19:00:00;0.0;0.0;0.0;9.36;82.9;1.24;
2022-12-03 20:00:00;0.0;0.0;0.0;9.45;82.9;1.38;
2022-12-03 21:00:00;0.0;0.0;0.0;8.94;82.85;1.52;
2022-12-03 22:00:00;0.0;0.0;0.0;8.7;82.85;1.45;
2022-12-03 23:00:00;0.0;0.0;0.0;8.51;82.85;1.38;
2022-12-04 00:00:00;0.0;0.0;0.0;8.62;82.85;1.38;
2022-12-04 01:00:00;0.0;0.0;0.0;8.84;82.85;1.45;
2022-12-04 02:00:00;0.0;0.0;0.0;8.87;85.95;1.59;
2022-12-04 03:00:00;0.0;0.0;0.0;8.92;85.95;1.66;
2022-12-04 04:00:00;0.0;0.0;0.0;8.81;89.1;1.79;
2022-12-04 05:00:00;0.0;0.0;0.0;8.65;89.1;1.79;
2022-12-04 06:00:00;0.0;0.0;0.0;8.45;92.4;1.72;
2022-12-04 07:00:00;16.0;67.11;13.0;8.93;92.45;1.72;
2022-12-04 08:00:00;92.0;82.51;77.0;9.3;89.15;1.86;
2022-12-04 09:00:00;135.0;45.11;122.0;9.72;89.15;1.79;
2022-12-04 10:00:00;214.0;126.2;169.0;10.13;82.95;2.07;
2022-12-04 11:00:00;155.0;13.08;150.0;10.44;82.95;2.28;
2022-12-04 12:00:00;172.0;38.48;158.0;10.48;79.95;2.41;
2022-12-04 13:00:00;45.0;0.0;45.0;10.62;77.15;2.76;
2022-12-04 14:00:00;100.0;74.41;85.0;10.68;77.15;2.83;
2022-12-04 15:00:00;28.0;72.51;23.0;10.37;79.95;2.28;
2022-12-04 16:00:00;0.0;0.0;0.0;10.02;82.95;1.79;
2022-12-04 17:00:00;0.0;0.0;0.0;9.86;85.95;1.66;
2022-12-04 18:00:00;0.0;0.0;0.0;9.73;85.95;1.52;
2022-12-04 19:00:00;0.0;0.0;0.0;9.41;85.95;2.07;
2022-12-04 20:00:00;0.0;0.0;0.0;9.32;85.95;2.21;
2022-12-04 21:00:00;0.0;0.0;0.0;9.24;85.95;2.21;
2022-12-04 22:00:00;0.0;0.0;0.0;9.23;85.95;2.21;
2022-12-04 23:00:00;0.0;0.0;0.0;9.25;85.95;2.0;
2022-12-05 00:00:00;0.0;0.0;0.0;9.3;85.95;1.72;
2022-12-05 01:00:00;0.0;0.0;0.0;9.31;85.95;1.45;
2022-12-05 02:00:00;0.0;0.0;0.0;9.37;85.95;1.31;
2022-12-05 03:00:00;0.0;0.0;0.0;9.43;85.95;1.31;
2022-12-05 04:00:00;0.0;0.0;0.0;9.37;85.95;1.31;
2022-12-05 05:00:00;0.0;0.0;0.0;9.28;89.15;1.24;
2022-12-05 06:00:00;0.0;0.0;0.0;9.24;89.15;0.97;
2022-12-05 07:00:00;9.0;0.0;9.0;9.11;92.45;1.17;
2022-12-05 08:00:00;90.0;83.79;75.0;9.24;92.45;0.97;
2022-12-05 09:00:00;67.0;0.0;67.0;9.75;92.45;0.69;
2022-12-05 10:00:00;80.0;0.0;80.0;10.3;89.2;0.55;
2022-12-05 11:00:00;87.0;0.0;87.0;10.73;83.0;0.28;
2022-12-05 12:00:00;101.0;0.0;101.0;10.86;83.0;0.0;
2022-12-05 13:00:00;85.0;0.0;85.0;11.07;83.05;0.28;
2022-12-05 14:00:00;49.0;0.0;49.0;11.15;83.05;0.48;
2022-12-05 15:00:00;30.0;102.8;23.0;10.96;86.05;0.41;
2022-12-05 16:00:00;0.0;0.0;0.0;10.45;92.5;0.21;
2022-12-05 17:00:00;0.0;0.0;0.0;10.22;89.2;0.28;
2022-12-05 18:00:00;0.0;0.0;0.0;9.76;92.45;0.28;
2022-12-05 19:00:00;0.0;0.0;0.0;9.13;92.45;0.97;
2022-12-05 20:00:00;0.0;0.0;0.0;9.31;92.45;1.03;
2022-12-05 21:00:00;0.0;0.0;0.0;9.39;92.45;1.17;
2022-12-05 22:00:00;0.0;0.0;0.0;9.28;92.45;1.38;
2022-12-05 23:00:00;0.0;0.0;0.0;9.16;92.45;1.31;
2022-12-06 00:00:00;0.0;0.0;0.0;8.96;92.45;1.03;
2022-12-06 01:00:00;0.0;0.0;0.0;8.76;92.45;0.76;
2022-12-06 02:00:00;0.0;0.0;0.0;8.8;92.45;0.55;
2022-12-06 03:00:00;0.0;0.0;0.0;8.63;92.45;0.55;
2022-12-06 04:00:00;0.0;0.0;0.0;8.23;92.4;0.76;
2022-12-06 05:00:00;0.0;0.0;0.0;8.16;92.4;0.69;
2022-12-06 06:00:00;0.0;0.0;0.0;8.17;92.4;0.69;
2022-12-06 07:00:00;9.0;0.0;9.0;8.42;95.85;1.52;
2022-12-06 08:00:00;107.0;187.12;74.0;8.63;95.85;1.45;
2022-12-06 09:00:00;103.0;7.07;101.0;9.41;92.45;1.66;
2022-12-06 10:00:00;158.0;28.42;148.0;10.21;89.2;2.07;
2022-12-06 11:00:00;170.0;29.08;159.0;11.0;86.05;2.48;
2022-12-06 12:00:00;224.0;147.11;171.0;11.85;77.3;2.76;
2022-12-06 13:00:00;181.0;140.34;139.0;12.15;74.6;2.76;
2022-12-06 14:00:00;89.0;45.14;80.0;12.39;74.6;2.76;
2022-12-06 15:00:00;30.0;103.93;23.0;11.88;77.3;1.86;
2022-12-06 16:00:00;0.0;0.0;0.0;10.67;83.0;1.86;
2022-12-06 17:00:00;0.0;0.0;0.0;9.7;89.15;1.66;
2022-12-06 18:00:00;0.0;0.0;0.0;8.68;89.1;1.45;
2022-12-06 19:00:00;0.0;0.0;0.0;8.51;92.45;1.45;
2022-12-06 20:00:00;0.0;0.0;0.0;8.13;92.4;1.66;
2022-12-06 21:00:00;0.0;0.0;0.0;7.62;95.8;1.86;
2022-12-06 22:00:00;0.0;0.0;0.0;7.34;95.8;1.72;
2022-12-06 23:00:00;0.0;0.0;0.0;7.15;95.8;1.59;
2022-12-07 00:00:00;0.0;0.0;0.0;7.23;95.8;1.52;
2022-12-07 01:00:00;0.0;0.0;0.0;7.1;95.8;1.59;
2022-12-07 02:00:00;0.0;0.0;0.0;7.0;95.8;1.66;
2022-12-07 03:00:00;0.0;0.0;0.0;6.95;99.4;1.66;
2022-12-07 04:00:00;0.0;0.0;0.0;7.03;95.8;1.59;
2022-12-07 05:00:00;0.0;0.0;0.0;7.34;95.8;1.38;
2022-12-07 06:00:00;0.0;0.0;0.0;7.44;99.4;1.31;
2022-12-07 07:00:00;11.0;0.0;11.0;7.58;95.8;1.79;
2022-12-07 08:00:00;104.0;172.64;74.0;7.81;95.8;1.79;
2022-12-07 09:00:00;143.0;64.15;125.0;8.25;92.4;1.93;
2022-12-07 10:00:00;126.0;5.72;124.0;8.83;89.1;1.86;
2022-12-07 11:00:00;163.0;21.26;155.0;9.48;82.9;1.38;
2022-12-07 12:00:00;157.0;25.09;148.0;9.94;82.9;1.1;
2022-12-07 13:00:00;255.0;526.83;98.0;10.2;77.1;0.83;
2022-12-07 14:00:00;124.0;196.54;85.0;10.47;77.1;0.69;
2022-12-07 15:00:00;39.0;269.77;21.0;10.27;77.1;0.62;
2022-12-07 16:00:00;0.0;0.0;0.0;9.58;79.9;0.34;
2022-12-07 17:00:00;0.0;0.0;0.0;7.95;85.85;1.03;
2022-12-07 18:00:00;0.0;0.0;0.0;6.07;88.95;1.59;
2022-12-07 19:00:00;0.0;0.0;0.0;5.26;95.75;1.52;
2022-12-07 20:00:00;0.0;0.0;0.0;4.73;95.75;1.52;
2022-12-07 21:00:00;0.0;0.0;0.0;4.2;95.75;1.52;
2022-12-07 22:00:00;0.0;0.0;0.0;3.54;95.7;1.45;
2022-12-07 23:00:00;0.0;0.0;0.0;3.48;95.7;1.24;
2022-12-08 00:00:00;0.0;0.0;0.0;3.62;99.4;1.38;
2022-12-08 01:00:00;0.0;0.0;0.0;4.11;95.75;1.38;
2022-12-08 02:00:00;0.0;0.0;0.0;4.18;99.4;1.31;
2022-12-08 03:00:00;0.0;0.0;0.0;4.3;99.4;1.24;
2022-12-08 04:00:00;0.0;0.0;0.0;4.23;99.4;1.17;
2022-12-08 05:00:00;0.0;0.0;0.0;4.12;95.75;0.97;
2022-12-08 06:00:00;0.0;0.0;0.0;4.02;95.75;0.97;
2022-12-08 07:00:00;0.0;0.0;0.0;4.57;95.75;0.41;
2022-12-08 08:00:00;0.0;0.0;0.0;4.63;95.75;0.28;
2022-12-08 09:00:00;103.0;7.19;101.0;5.34;95.75;0.28;
2022-12-08 10:00:00;138.0;11.51;134.0;6.59;89.0;0.34;
2022-12-08 11:00:00;87.0;0.0;87.0;7.82;82.7;0.41;
2022-12-08 12:00:00;86.0;0.0;86.0;9.11;74.2;0.62;
2022-12-08 13:00:00;69.0;0.0;69.0;9.78;74.2;0.62;
2022-12-08 14:00:00;71.0;10.12;69.0;9.91;74.2;0.48;
2022-12-08 15:00:00;19.0;15.1;18.0;9.52;74.2;0.62;
2022-12-08 16:00:00;0.0;0.0;0.0;8.35;79.75;1.52;
2022-12-08 17:00:00;0.0;0.0;0.0;7.24;85.8;1.93;
2022-12-08 18:00:00;0.0;0.0;0.0;6.42;92.3;2.14;
2022-12-08 19:00:00;0.0;0.0;0.0;6.15;95.8;1.86;
2022-12-08 20:00:00;0.0;0.0;0.0;6.26;95.8;2.07;
2022-12-08 21:00:00;0.0;0.0;0.0;6.45;95.8;2.21;
2022-12-08 22:00:00;0.0;0.0;0.0;6.57;92.35;2.48;
2022-12-08 23:00:00;0.0;0.0;0.0;6.53;92.35;2.48;
2022-12-09 00:00:00;0.0;0.0;0.0;6.67;92.35;2.41;
2022-12-09 01:00:00;0.0;0.0;0.0;6.53;92.35;2.69;
2022-12-09 02:00:00;0.0;0.0;0.0;6.54;92.35;3.24;
2022-12-09 03:00:00;0.0;0.0;0.0;6.7;92.35;4.21;
2022-12-09 04:00:00;0.0;0.0;0.0;6.63;89.0;5.1;
2022-12-09 05:00:00;0.0;0.0;0.0;6.31;88.95;5.17;
2022-12-09 06:00:00;0.0;0.0;0.0;5.91;88.9;5.31;
2022-12-09 07:00:00;6.0;0.0;6.0;5.7;85.65;4.28;
2022-12-09 08:00:00;88.0;88.81;73.0;5.72;85.65;3.59;
2022-12-09 09:00:00;261.0;717.32;63.0;6.25;85.7;2.48;
2022-12-09 10:00:00;337.0;758.19;75.0;7.06;82.65;1.79;
2022-12-09 11:00:00;373.0;799.41;75.0;8.68;71.4;1.72;
2022-12-09 12:00:00;349.0;764.44;77.0;9.64;66.35;1.17;
2022-12-09 13:00:00;284.0;743.66;64.0;9.93;63.9;0.76;
2022-12-09 14:00:00;174.0;634.78;49.0;10.0;63.9;0.9;
2022-12-09 15:00:00;41.0;334.28;19.0;9.51;63.9;0.97;
2022-12-09 16:00:00;0.0;0.0;0.0;7.66;71.25;1.66;
2022-12-09 17:00:00;0.0;0.0;0.0;5.32;85.6;1.72;
2022-12-09 18:00:00;0.0;0.0;0.0;3.76;92.15;1.59;
2022-12-09 19:00:00;0.0;0.0;0.0;4.38;79.2;1.66;
2022-12-09 20:00:00;0.0;0.0;0.0;2.73;82.15;2.14;
2022-12-09 21:00:00;0.0;0.0;0.0;2.35;78.95;2.07;
2022-12-09 22:00:00;0.0;0.0;0.0;2.35;75.95;1.86;
2022-12-09 23:00:00;0.0;0.0;0.0;2.44;70.3;1.59;
2022-12-10 00:00:00;0.0;0.0;0.0;1.05;75.75;1.93;
2022-12-10 01:00:00;0.0;0.0;0.0;0.82;78.75;1.72;
2022-12-10 02:00:00;0.0;0.0;0.0;1.14;72.85;1.45;
2022-12-10 03:00:00;0.0;0.0;0.0;0.66;75.7;1.38;
2022-12-10 04:00:00;0.0;0.0;0.0;0.52;75.7;1.31;
2022-12-10 05:00:00;0.0;0.0;0.0;0.02;78.65;1.31;
2022-12-10 06:00:00;0.0;0.0;0.0;0.33;78.65;1.17;
2022-12-10 07:00:00;8.0;0.0;8.0;-0.57;85.05;1.31;
2022-12-10 08:00:00;140.0;552.16;48.0;0.42;85.15;1.1;
2022-12-10 09:00:00;260.0;715.57;64.0;3.37;82.2;1.03;
2022-12-10 10:00:00;338.0;762.32;76.0;5.99;65.75;0.97;
2022-12-10 11:00:00;230.0;126.62;183.0;7.79;58.9;1.31;
2022-12-10 12:00:00;162.0;28.2;152.0;8.9;52.7;1.17;
2022-12-10 13:00:00;211.0;254.3;136.0;9.42;50.85;0.97;
2022-12-10 14:00:00;125.0;193.54;87.0;9.48;52.85;0.97;
2022-12-10 15:00:00;43.0;396.76;17.0;8.92;59.15;0.83;
2022-12-10 16:00:00;0.0;0.0;0.0;7.93;63.6;0.69;
2022-12-10 17:00:00;0.0;0.0;0.0;7.21;63.5;0.62;
2022-12-10 18:00:00;0.0;0.0;0.0;6.05;68.3;0.9;
2022-12-10 19:00:00;0.0;0.0;0.0;2.91;85.35;1.31;
2022-12-10 20:00:00;0.0;0.0;0.0;2.71;82.15;1.17;
2022-12-10 21:00:00;0.0;0.0;0.0;1.38;88.55;1.31;
2022-12-10 22:00:00;0.0;0.0;0.0;0.34;92.0;1.52;
2022-12-10 23:00:00;0.0;0.0;0.0;-0.39;91.95;1.72;
2022-12-11 00:00:00;0.0;0.0;0.0;-0.72;91.95;1.72;
2022-12-11 01:00:00;0.0;0.0;0.0;-0.74;91.95;1.59;
2022-12-11 02:00:00;0.0;0.0;0.0;-0.34;91.95;1.31;
2022-12-11 03:00:00;0.0;0.0;0.0;-1.06;95.6;1.52;
2022-12-11 04:00:00;0.0;0.0;0.0;-1.45;91.95;1.66;
2022-12-11 05:00:00;0.0;0.0;0.0;-1.34;91.95;1.38;
2022-12-11 06:00:00;0.0;0.0;0.0;-0.34;95.6;0.97;
2022-12-11 07:00:00;7.0;0.0;7.0;-0.3;91.95;0.97;
2022-12-11 08:00:00;132.0;492.62;51.0;-0.26;95.6;1.17;
2022-12-11 09:00:00;260.0;731.89;61.0;3.1;85.4;0.9;
2022-12-11 10:00:00;336.0;763.32;75.0;5.29;73.55;0.76;
2022-12-11 11:00:00;368.0;784.33;78.0;6.65;68.4;0.9;
2022-12-11 12:00:00;352.0;792.2;72.0;7.51;63.6;0.41;
2022-12-11 13:00:00;280.0;720.73;68.0;8.14;61.3;0.07;
2022-12-11 14:00:00;170.0;612.6;50.0;8.25;61.3;0.21;
2022-12-11 15:00:00;40.0;305.97;20.0;7.79;63.6;0.97;
2022-12-11 16:00:00;0.0;0.0;0.0;5.99;76.55;0.9;
2022-12-11 17:00:00;0.0;0.0;0.0;3.39;85.4;1.72;
2022-12-11 18:00:00;0.0;0.0;0.0;1.71;92.05;2.0;
2022-12-11 19:00:00;0.0;0.0;0.0;0.58;88.5;1.72;
2022-12-11 20:00:00;0.0;0.0;0.0;0.05;88.45;1.72;
2022-12-11 21:00:00;0.0;0.0;0.0;-0.4;91.95;1.79;
2022-12-11 22:00:00;0.0;0.0;0.0;-0.82;91.95;1.86;
2022-12-11 23:00:00;0.0;0.0;0.0;-0.87;88.4;1.66;
2022-12-12 00:00:00;0.0;0.0;0.0;-0.52;85.05;1.31;
2022-12-12 01:00:00;0.0;0.0;0.0;0.71;81.9;0.83;
2022-12-12 02:00:00;0.0;0.0;0.0;0.55;81.9;0.76;
2022-12-12 03:00:00;0.0;0.0;0.0;0.37;85.1;0.69;
2022-12-12 04:00:00;0.0;0.0;0.0;-0.05;85.1;0.48;
2022-12-12 05:00:00;0.0;0.0;0.0;-0.66;88.4;0.69;
2022-12-12 06:00:00;0.0;0.0;0.0;-1.99;88.35;1.24;
2022-12-12 07:00:00;5.0;0.0;5.0;-1.53;88.4;1.31;
2022-12-12 08:00:00;123.0;412.72;56.0;0.2;92.0;0.9;
2022-12-12 09:00:00;222.0;455.56;99.0;2.56;85.35;0.97;
2022-12-12 10:00:00;56.0;0.0;56.0;5.3;73.55;1.24;
2022-12-12 11:00:00;107.0;0.0;107.0;6.65;68.4;1.52;
2022-12-12 12:00:00;107.0;0.0;107.0;7.28;65.95;1.79;
2022-12-12 13:00:00;59.0;0.0;59.0;7.45;65.95;1.66;
2022-12-12 14:00:00;123.0;194.32;85.0;7.54;66.05;1.31;
2022-12-12 15:00:00;18.0;15.31;17.0;7.32;68.5;1.03;
2022-12-12 16:00:00;0.0;0.0;0.0;6.93;73.8;1.1;
2022-12-12 17:00:00;0.0;0.0;0.0;6.47;73.8;1.24;
2022-12-12 18:00:00;0.0;0.0;0.0;6.1;79.5;0.97;
2022-12-12 19:00:00;0.0;0.0;0.0;5.66;79.4;1.17;
2022-12-12 20:00:00;0.0;0.0;0.0;5.58;79.4;1.03;
2022-12-12 21:00:00;0.0;0.0;0.0;5.66;79.4;0.97;
2022-12-12 22:00:00;0.0;0.0;0.0;5.63;79.4;0.9;
2022-12-12 23:00:00;0.0;0.0;0.0;5.74;79.4;0.9;
2022-12-13 00:00:00;0.0;0.0;0.0;5.79;79.4;0.83;
2022-12-13 01:00:00;0.0;0.0;0.0;5.69;82.5;0.83;
2022-12-13 02:00:00;0.0;0.0;0.0;5.66;82.5;0.83;
2022-12-13 03:00:00;0.0;0.0;0.0;5.38;85.6;1.03;
2022-12-13 04:00:00;0.0;0.0;0.0;5.44;85.6;1.1;
2022-12-13 05:00:00;0.0;0.0;0.0;5.49;82.5;1.1;
2022-12-13 06:00:00;0.0;0.0;0.0;5.56;85.65;0.97;
2022-12-13 07:00:00;0.0;0.0;0.0;5.41;85.6;0.62;
2022-12-13 08:00:00;53.0;6.24;52.0;5.87;82.5;0.28;
2022-12-13 09:00:00;112.0;22.37;106.0;6.53;79.55;0.28;
2022-12-13 10:00:00;113.0;2.95;112.0;6.91;82.6;0.62;
2022-12-13 11:00:00;130.0;5.45;128.0;7.56;76.8;0.76;
2022-12-13 12:00:00;100.0;0.0;100.0;7.94;79.7;0.55;
2022-12-13 13:00:00;158.0;85.34;133.0;8.21;76.85;0.28;
2022-12-13 14:00:00;127.0;230.38;82.0;8.26;76.85;0.21;
2022-12-13 15:00:00;31.0;137.66;22.0;8.2;76.85;0.21;
2022-12-13 16:00:00;0.0;0.0;0.0;7.86;82.7;0.34;
2022-12-13 17:00:00;0.0;0.0;0.0;7.69;82.7;0.34;
2022-12-13 18:00:00;0.0;0.0;0.0;7.35;85.8;0.55;
2022-12-13 19:00:00;0.0;0.0;0.0;7.32;82.65;0.34;
2022-12-13 20:00:00;0.0;0.0;0.0;7.3;82.65;0.0;
2022-12-13 21:00:00;0.0;0.0;0.0;7.08;82.65;0.41;
2022-12-13 22:00:00;0.0;0.0;0.0;6.54;89.0;0.69;
2022-12-13 23:00:00;0.0;0.0;0.0;6.26;92.3;0.9;
2022-12-14 00:00:00;0.0;0.0;0.0;6.59;89.0;0.69;
2022-12-14 01:00:00;0.0;0.0;0.0;6.7;92.35;0.69;
2022-12-14 02:00:00;0.0;0.0;0.0;6.75;92.35;0.69;
2022-12-14 03:00:00;0.0;0.0;0.0;6.81;92.35;0.9;
2022-12-14 04:00:00;0.0;0.0;0.0;6.86;92.35;1.03;
2022-12-14 05:00:00;0.0;0.0;0.0;6.84;92.35;0.97;
2022-12-14 06:00:00;0.0;0.0;0.0;6.8;95.8;0.76;
2022-12-14 07:00:00;0.0;0.0;0.0;6.88;92.35;0.34;
2022-12-14 08:00:00;33.0;0.0;33.0;7.01;89.0;0.21;
2022-12-14 09:00:00;95.0;7.5;93.0;7.22;89.0;0.41;
2022-12-14 10:00:00;64.0;0.0;64.0;7.41;92.35;0.83;
2022-12-14 11:00:00;79.0;0.0;79.0;7.68;89.05;0.9;
2022-12-14 12:00:00;86.0;0.0;86.0;7.94;89.05;0.83;
2022-12-14 13:00:00;115.0;13.67;111.0;8.17;85.9;0.76;
2022-12-14 14:00:00;56.0;0.0;56.0;8.18;89.1;0.55;
2022-12-14 15:00:00;19.0;15.25;18.0;8.17;89.1;0.48;
2022-12-14 16:00:00;0.0;0.0;0.0;7.85;92.4;0.83;
2022-12-14 17:00:00;0.0;0.0;0.0;7.47;92.4;1.03;
2022-12-14 18:00:00;0.0;0.0;0.0;7.32;95.8;0.97;
2022-12-14 19:00:00;0.0;0.0;0.0;7.45;92.35;0.21;
2022-12-14 20:00:00;0.0;0.0;0.0;7.41;92.35;0.41;
2022-12-14 21:00:00;0.0;0.0;0.0;7.02;92.35;0.76;
2022-12-14 22:00:00;0.0;0.0;0.0;6.92;95.8;0.97;
2022-12-14 23:00:00;0.0;0.0;0.0;6.96;95.8;0.83;
2022-12-15 00:00:00;0.0;0.0;0.0;7.06;92.35;0.83;
2022-12-15 01:00:00;0.0;0.0;0.0;7.11;92.35;0.9;
2022-12-15 02:00:00;0.0;0.0;0.0;7.23;95.8;0.9;
2022-12-15 03:00:00;0.0;0.0;0.0;7.32;95.8;0.97;
2022-12-15 04:00:00;0.0;0.0;0.0;7.34;95.8;0.83;
2022-12-15 05:00:00;0.0;0.0;0.0;7.36;95.8;0.69;
2022-12-15 06:00:00;0.0;0.0;0.0;7.4;95.8;0.69;
2022-12-15 07:00:00;0.0;0.0;0.0;7.22;95.8;0.55;
2022-12-15 08:00:00;93.0;178.7;65.0;7.3;95.8;0.48;
2022-12-15 09:00:00;36.0;0.0;36.0;8.08;92.4;0.62;
2022-12-15 10:00:00;34.0;0.0;34.0;8.69;85.95;0.97;
2022-12-15 11:00:00;61.0;0.0;61.0;9.0;82.9;0.9;
2022-12-15 12:00:00;30.0;0.0;30.0;9.5;82.9;0.69;
2022-12-15 13:00:00;36.0;0.0;36.0;9.79;82.9;0.55;
2022-12-15 14:00:00;61.0;5.12;60.0;9.84;85.95;0.62;
2022-12-15 15:00:00;22.0;30.37;20.0;9.75;85.95;0.62;
2022-12-15 16:00:00;0.0;0.0;0.0;9.0;89.15;0.69;
2022-12-15 17:00:00;0.0;0.0;0.0;8.92;89.1;0.41;
2022-12-15 18:00:00;0.0;0.0;0.0;8.77;89.1;0.34;
2022-12-15 19:00:00;0.0;0.0;0.0;7.77;95.8;0.9;
2022-12-15 20:00:00;0.0;0.0;0.0;7.79;95.8;1.17;
2022-12-15 21:00:00;0.0;0.0;0.0;7.85;95.8;1.24;
2022-12-15 22:00:00;0.0;0.0;0.0;7.8;95.8;1.38;
2022-12-15 23:00:00;0.0;0.0;0.0;7.71;95.8;1.45;
2022-12-16 00:00:00;0.0;0.0;0.0;7.66;95.8;1.38;
2022-12-16 01:00:00;0.0;0.0;0.0;7.59;95.8;1.38;
2022-12-16 02:00:00;0.0;0.0;0.0;7.59;95.8;1.45;
2022-12-16 03:00:00;0.0;0.0;0.0;7.58;95.8;1.52;
2022-12-16 04:00:00;0.0;0.0;0.0;7.56;95.8;1.59;
2022-12-16 05:00:00;0.0;0.0;0.0;7.57;95.8;1.66;
2022-12-16 06:00:00;0.0;0.0;0.0;7.6;95.8;1.59;
2022-12-16 07:00:00;0.0;0.0;0.0;8.15;92.4;2.28;
2022-12-16 08:00:00;82.0;109.67;65.0;8.32;92.4;2.34;
2022-12-16 09:00:00;121.0;41.75;110.0;8.56;92.45;2.48;
2022-12-16 10:00:00;112.0;2.99;111.0;8.88;92.45;2.41;
2022-12-16 11:00:00;159.0;24.71;150.0;9.16;89.15;2.34;
2022-12-16 12:00:00;62.0;0.0;62.0;9.23;92.45;2.21;
2022-12-16 13:00:00;98.0;3.42;97.0;9.35;92.45;2.07;
2022-12-16 14:00:00;43.0;0.0;43.0;9.37;92.45;1.86;
2022-12-16 15:00:00;18.0;15.09;17.0;9.31;92.45;1.79;
2022-12-16 16:00:00;0.0;0.0;0.0;9.18;89.15;1.66;
2022-12-16 17:00:00;0.0;0.0;0.0;9.08;89.15;1.38;
2022-12-16 18:00:00;0.0;0.0;0.0;8.91;92.45;1.31;
2022-12-16 19:00:00;0.0;0.0;0.0;8.33;92.4;2.14;
2022-12-16 20:00:00;0.0;0.0;0.0;7.88;92.4;2.34;
2022-12-16 21:00:00;0.0;0.0;0.0;7.43;92.35;2.07;
2022-12-16 22:00:00;0.0;0.0;0.0;6.63;92.35;2.07;
2022-12-16 23:00:00;0.0;0.0;0.0;5.97;92.3;2.07;
2022-12-17 00:00:00;0.0;0.0;0.0;5.33;95.75;2.0;
2022-12-17 01:00:00;0.0;0.0;0.0;4.65;95.75;1.86;
2022-12-17 02:00:00;0.0;0.0;0.0;3.87;99.4;1.59;
2022-12-17 03:00:00;0.0;0.0;0.0;3.05;99.4;1.31;
2022-12-17 04:00:00;0.0;0.0;0.0;2.74;100.0;1.03;
2022-12-17 05:00:00;0.0;0.0;0.0;2.74;100.0;0.69;
2022-12-17 06:00:00;0.0;0.0;0.0;2.68;100.0;0.41;
2022-12-17 07:00:00;0.0;0.0;0.0;3.14;99.4;0.55;
2022-12-17 08:00:00;69.0;52.14;61.0;3.63;95.7;0.48;
2022-12-17 09:00:00;140.0;80.1;119.0;4.51;95.75;0.55;
2022-12-17 10:00:00;214.0;164.76;159.0;5.47;92.3;0.07;
2022-12-17 11:00:00;203.0;85.27;172.0;6.62;92.35;0.28;
2022-12-17 12:00:00;157.0;28.63;147.0;7.69;85.85;0.62;
2022-12-17 13:00:00;115.0;13.7;111.0;8.13;82.75;0.9;
2022-12-17 14:00:00;81.0;30.67;75.0;8.4;82.75;1.03;
2022-12-17 15:00:00;25.0;59.9;21.0;8.19;85.9;0.9;
2022-12-17 16:00:00;0.0;0.0;0.0;7.64;89.05;1.24;
2022-12-17 17:00:00;0.0;0.0;0.0;7.04;92.35;1.45;
2022-12-17 18:00:00;0.0;0.0;0.0;6.75;92.35;1.52;
2022-12-17 19:00:00;0.0;0.0;0.0;6.7;92.35;1.38;
2022-12-17 20:00:00;0.0;0.0;0.0;6.06;92.3;1.66;
2022-12-17 21:00:00;0.0;0.0;0.0;5.4;92.25;1.59;
2022-12-17 22:00:00;0.0;0.0;0.0;4.67;92.25;1.72;
2022-12-17 23:00:00;0.0;0.0;0.0;3.97;92.2;2.14;
2022-12-18 00:00:00;0.0;0.0;0.0;3.54;95.7;2.14;
2022-12-18 01:00:00;0.0;0.0;0.0;2.92;95.7;2.14;
2022-12-18 02:00:00;0.0;0.0;0.0;2.43;95.7;1.93;
2022-12-18 03:00:00;0.0;0.0;0.0;1.86;99.4;1.66;
2022-12-18 04:00:00;0.0;0.0;0.0;1.23;99.35;1.45;
2022-12-18 05:00:00;0.0;0.0;0.0;1.03;99.35;1.17;
2022-12-18 06:00:00;0.0;0.0;0.0;1.46;95.65;0.9;
2022-12-18 07:00:00;0.0;0.0;0.0;1.48;99.4;0.69;
2022-12-18 08:00:00;75.0;85.53;62.0;2.13;99.4;0.62;
2022-12-18 09:00:00;130.0;61.32;114.0;3.89;95.7;0.55;
2022-12-18 10:00:00;163.0;48.06;147.0;5.83;92.3;0.55;
2022-12-18 11:00:00;227.0;146.03;174.0;7.69;79.7;0.76;
2022-12-18 12:00:00;151.0;22.92;143.0;9.1;74.2;0.83;
2022-12-18 13:00:00;237.0;434.8;110.0;10.05;71.6;0.9;
2022-12-18 14:00:00;133.0;270.35;80.0;10.34;69.0;0.9;
2022-12-18 15:00:00;39.0;281.87;20.0;10.05;69.0;0.69;
2022-12-18 16:00:00;0.0;0.0;0.0;9.04;77.0;0.76;
2022-12-18 17:00:00;0.0;0.0;0.0;7.72;79.7;1.1;
2022-12-18 18:00:00;0.0;0.0;0.0;6.79;85.75;1.31;
2022-12-18 19:00:00;0.0;0.0;0.0;5.73;88.9;1.17;
2022-12-18 20:00:00;0.0;0.0;0.0;6.02;85.7;0.9;
2022-12-18 21:00:00;0.0;0.0;0.0;4.84;92.25;1.1;
2022-12-18 22:00:00;0.0;0.0;0.0;4.63;88.85;1.03;
2022-12-18 23:00:00;0.0;0.0;0.0;3.99;92.2;1.1;
2022-12-19 00:00:00;0.0;0.0;0.0;3.29;99.4;1.17;
2022-12-19 01:00:00;0.0;0.0;0.0;2.91;99.4;1.17;
2022-12-19 02:00:00;0.0;0.0;0.0;3.0;95.7;1.03;
2022-12-19 03:00:00;0.0;0.0;0.0;2.81;95.7;1.1;
2022-12-19 04:00:00;0.0;0.0;0.0;2.74;95.7;1.03;
2022-12-19 05:00:00;0.0;0.0;0.0;2.34;95.65;1.1;
2022-12-19 06:00:00;0.0;0.0;0.0;2.07;95.65;1.17;
2022-12-19 07:00:00;0.0;0.0;0.0;2.97;92.15;1.03;
2022-12-19 08:00:00;126.0;584.19;38.0;3.47;92.15;0.97;
2022-12-19 09:00:00;197.0;350.23;106.0;5.95;88.9;0.9;
2022-12-19 10:00:00;318.0;734.77;74.0;7.44;85.8;1.03;
2022-12-19 11:00:00;358.0;789.08;72.0;8.68;79.85;0.97;
2022-12-19 12:00:00;340.0;765.31;73.0;9.77;79.9;0.69;
2022-12-19 13:00:00;270.0;684.25;70.0;10.46;79.95;0.69;
2022-12-19 14:00:00;165.0;564.77;54.0;10.6;77.15;0.97;
2022-12-19 15:00:00;44.0;366.82;19.0;10.37;82.95;1.03;
2022-12-19 16:00:00;0.0;0.0;0.0;9.11;82.9;1.72;
2022-12-19 17:00:00;0.0;0.0;0.0;7.88;92.4;1.72;
2022-12-19 18:00:00;0.0;0.0;0.0;7.21;92.35;1.86;
2022-12-19 19:00:00;0.0;0.0;0.0;8.64;85.95;1.38;
2022-12-19 20:00:00;0.0;0.0;0.0;7.26;89.0;1.45;
2022-12-19 21:00:00;0.0;0.0;0.0;5.99;92.3;1.66;
2022-12-19 22:00:00;0.0;0.0;0.0;4.46;92.25;1.86;
2022-12-19 23:00:00;0.0;0.0;0.0;4.14;95.75;1.59;
2022-12-20 00:00:00;0.0;0.0;0.0;3.94;99.4;1.52;
2022-12-20 01:00:00;0.0;0.0;0.0;4.24;99.4;1.45;
2022-12-20 02:00:00;0.0;0.0;0.0;4.6;95.75;1.45;
2022-12-20 03:00:00;0.0;0.0;0.0;4.62;95.75;1.38;
2022-12-20 04:00:00;0.0;0.0;0.0;4.74;99.4;1.45;
2022-12-20 05:00:00;0.0;0.0;0.0;4.57;95.75;1.52;
2022-12-20 06:00:00;0.0;0.0;0.0;4.75;99.4;1.31;
2022-12-20 07:00:00;0.0;0.0;0.0;3.65;95.7;1.17;
2022-12-20 08:00:00;80.0;113.79;63.0;4.21;95.75;1.03;
2022-12-20 09:00:00;135.0;73.4;116.0;5.72;95.75;1.03;
2022-12-20 10:00:00;146.0;27.16;137.0;7.09;92.35;1.24;
2022-12-20 11:00:00;140.0;11.05;136.0;8.79;89.1;1.38;
2022-12-20 12:00:00;132.0;8.6;129.0;10.17;86.0;1.52;
2022-12-20 13:00:00;108.0;10.25;105.0;11.16;83.05;1.38;
2022-12-20 14:00:00;79.0;25.36;74.0;11.67;80.15;1.45;
2022-12-20 15:00:00;25.0;43.47;22.0;11.19;86.1;1.59;
2022-12-20 16:00:00;0.0;0.0;0.0;9.54;92.45;2.07;
2022-12-20 17:00:00;0.0;0.0;0.0;7.57;92.4;2.21;
2022-12-20 18:00:00;0.0;0.0;0.0;6.18;95.8;2.21;
2022-12-20 19:00:00;0.0;0.0;0.0;5.58;95.75;1.17;
2022-12-20 20:00:00;0.0;0.0;0.0;4.12;99.4;1.38;
2022-12-20 21:00:00;0.0;0.0;0.0;3.37;99.4;1.59;
2022-12-20 22:00:00;0.0;0.0;0.0;3.37;99.4;1.31;
2022-12-20 23:00:00;0.0;0.0;0.0;3.99;95.75;1.45;
2022-12-21 00:00:00;0.0;0.0;0.0;3.76;99.4;1.66;
2022-12-21 01:00:00;0.0;0.0;0.0;3.8;99.4;1.79;
2022-12-21 02:00:00;0.0;0.0;0.0;3.61;95.7;1.59;
2022-12-21 03:00:00;0.0;0.0;0.0;3.46;95.7;1.52;
2022-12-21 04:00:00;0.0;0.0;0.0;3.25;95.7;1.52;
2022-12-21 05:00:00;0.0;0.0;0.0;3.43;92.15;1.52;
2022-12-21 06:00:00;0.0;0.0;0.0;3.16;85.4;1.79;
2022-12-21 07:00:00;0.0;0.0;0.0;3.29;92.15;1.79;
2022-12-21 08:00:00;73.0;74.19;62.0;3.45;85.45;1.59;
2022-12-21 09:00:00;104.0;19.38;99.0;5.69;79.4;0.97;
2022-12-21 10:00:00;98.0;0.0;98.0;7.25;71.15;0.9;
2022-12-21 11:00:00;111.0;0.0;111.0;8.29;66.15;0.97;
2022-12-21 12:00:00;97.0;0.0;97.0;9.03;63.9;0.97;
2022-12-21 13:00:00;97.0;3.41;96.0;9.4;66.35;0.97;
2022-12-21 14:00:00;28.0;0.0;28.0;9.54;66.35;0.97;
2022-12-21 15:00:00;5.0;0.0;5.0;9.08;68.9;0.69;
2022-12-21 16:00:00;0.0;0.0;0.0;8.07;76.85;0.55;
2022-12-21 17:00:00;0.0;0.0;0.0;7.37;79.65;0.76;
2022-12-21 18:00:00;0.0;0.0;0.0;6.83;82.6;0.76;
2022-12-21 19:00:00;0.0;0.0;0.0;6.92;79.55;0.69;
2022-12-21 20:00:00;0.0;0.0;0.0;6.03;82.55;0.83;
2022-12-21 21:00:00;0.0;0.0;0.0;5.35;85.6;0.9;
2022-12-21 22:00:00;0.0;0.0;0.0;4.57;88.85;0.9;
2022-12-21 23:00:00;0.0;0.0;0.0;3.67;92.15;1.17;
2022-12-22 00:00:00;0.0;0.0;0.0;3.04;92.15;1.03;
2022-12-22 01:00:00;0.0;0.0;0.0;2.62;95.7;0.69;
2022-12-22 02:00:00;0.0;0.0;0.0;2.15;95.65;0.83;
2022-12-22 03:00:00;0.0;0.0;0.0;0.36;100.0;1.1;
2022-12-22 04:00:00;0.0;0.0;0.0;-0.57;99.4;1.1;
2022-12-22 05:00:00;0.0;0.0;0.0;-0.6;100.0;1.24;
2022-12-22 06:00:00;0.0;0.0;0.0;-0.7;100.0;1.17;
2022-12-22 07:00:00;0.0;0.0;0.0;0.19;100.0;0.9;
2022-12-22 08:00:00;73.0;81.49;61.0;0.83;100.0;0.69;
2022-12-22 09:00:00;135.0;73.87;116.0;2.64;95.7;0.69;
2022-12-22 10:00:00;139.0;18.16;133.0;4.24;92.2;0.9;
2022-12-22 11:00:00;180.0;44.23;164.0;6.16;82.55;1.24;
2022-12-22 12:00:00;163.0;34.36;151.0;7.75;73.95;1.24;
2022-12-22 13:00:00;165.0;95.36;137.0;9.13;68.9;1.1;
2022-12-22 14:00:00;77.0;20.13;73.0;9.7;68.9;0.97;
2022-12-22 15:00:00;20.0;14.07;19.0;9.18;71.5;1.45;
2022-12-22 16:00:00;0.0;0.0;0.0;7.62;76.8;1.86;
2022-12-22 17:00:00;0.0;0.0;0.0;5.81;85.65;1.79;
2022-12-22 18:00:00;0.0;0.0;0.0;4.31;92.2;1.79;
2022-12-22 19:00:00;0.0;0.0;0.0;3.18;95.7;1.72;
2022-12-22 20:00:00;0.0;0.0;0.0;2.62;95.7;1.59;
2022-12-22 21:00:00;0.0;0.0;0.0;2.2;95.65;1.52;
2022-12-22 22:00:00;0.0;0.0;0.0;1.79;99.4;1.45;
2022-12-22 23:00:00;0.0;0.0;0.0;1.27;99.35;1.45;
2022-12-23 00:00:00;0.0;0.0;0.0;1.35;99.35;1.52;
2022-12-23 01:00:00;0.0;0.0;0.0;1.82;99.4;1.66;
2022-12-23 02:00:00;0.0;0.0;0.0;1.98;99.4;1.52;
2022-12-23 03:00:00;0.0;0.0;0.0;2.37;99.4;1.59;
2022-12-23 04:00:00;0.0;0.0;0.0;2.67;99.4;1.45;
2022-12-23 05:00:00;0.0;0.0;0.0;2.9;99.4;1.31;
2022-12-23 06:00:00;0.0;0.0;0.0;3.25;99.4;1.24;
2022-12-23 07:00:00;0.0;0.0;0.0;4.38;95.75;1.31;
2022-12-23 08:00:00;79.0;116.16;62.0;5.18;95.75;1.1;
2022-12-23 09:00:00;145.0;105.23;118.0;7.09;92.35;1.31;
2022-12-23 10:00:00;169.0;57.57;150.0;8.7;89.1;1.31;
2022-12-23 11:00:00;173.0;38.7;159.0;9.74;92.45;1.24;
2022-12-23 12:00:00;157.0;25.75;148.0;10.61;89.25;1.03;
2022-12-23 13:00:00;141.0;44.17;128.0;11.21;86.1;0.62;
2022-12-23 14:00:00;88.0;40.06;80.0;11.41;86.1;0.55;
2022-12-23 15:00:00;28.0;55.37;24.0;11.16;86.1;0.69;
2022-12-23 16:00:00;0.0;0.0;0.0;9.58;92.45;1.24;
2022-12-23 17:00:00;0.0;0.0;0.0;7.84;95.8;1.38;
2022-12-23 18:00:00;0.0;0.0;0.0;6.87;95.8;1.45;
2022-12-23 19:00:00;0.0;0.0;0.0;5.45;99.4;1.72;
2022-12-23 20:00:00;0.0;0.0;0.0;4.83;99.4;1.59;
2022-12-23 21:00:00;0.0;0.0;0.0;4.94;99.4;1.38;
2022-12-23 22:00:00;0.0;0.0;0.0;5.02;95.75;1.24;
2022-12-23 23:00:00;0.0;0.0;0.0;4.62;95.75;1.38;
2022-12-24 00:00:00;0.0;0.0;0.0;4.96;95.75;1.24;
2022-12-24 01:00:00;0.0;0.0;0.0;5.13;95.75;1.31;
2022-12-24 02:00:00;0.0;0.0;0.0;5.43;99.4;1.38;
2022-12-24 03:00:00;0.0;0.0;0.0;5.59;95.75;1.52;
2022-12-24 04:00:00;0.0;0.0;0.0;5.53;95.75;1.59;
2022-12-24 05:00:00;0.0;0.0;0.0;5.51;95.75;1.59;
2022-12-24 06:00:00;0.0;0.0;0.0;5.49;95.75;1.52;
2022-12-24 07:00:00;0.0;0.0;0.0;5.66;92.3;1.72;
2022-12-24 08:00:00;28.0;0.0;28.0;5.77;95.75;1.52;
2022-12-24 09:00:00;50.0;0.0;50.0;6.47;92.35;1.45;
2022-12-24 10:00:00;111.0;3.03;110.0;7.26;92.35;1.52;
2022-12-24 11:00:00;137.0;8.29;134.0;8.03;85.9;1.59;
2022-12-24 12:00:00;168.0;39.99;154.0;8.74;82.85;1.66;
2022-12-24 13:00:00;47.0;0.0;47.0;9.21;82.9;1.59;
2022-12-24 14:00:00;15.0;0.0;15.0;9.34;82.9;1.45;
2022-12-24 15:00:00;4.0;0.0;4.0;9.07;82.9;1.66;
2022-12-24 16:00:00;0.0;0.0;0.0;8.32;89.1;1.93;
2022-12-24 17:00:00;0.0;0.0;0.0;7.4;92.35;2.07;
2022-12-24 18:00:00;0.0;0.0;0.0;7.1;92.35;2.0;
2022-12-24 19:00:00;0.0;0.0;0.0;6.14;88.95;2.07;
2022-12-24 20:00:00;0.0;0.0;0.0;5.83;88.9;1.79;
2022-12-24 21:00:00;0.0;0.0;0.0;5.74;88.9;1.59;
2022-12-24 22:00:00;0.0;0.0;0.0;4.8;92.25;1.52;
2022-12-24 23:00:00;0.0;0.0;0.0;4.65;92.25;1.31;
2022-12-25 00:00:00;0.0;0.0;0.0;4.52;92.25;1.24;
2022-12-25 01:00:00;0.0;0.0;0.0;4.26;95.75;1.24;
2022-12-25 02:00:00;0.0;0.0;0.0;4.49;92.25;1.1;
2022-12-25 03:00:00;0.0;0.0;0.0;4.04;92.2;1.24;
2022-12-25 04:00:00;0.0;0.0;0.0;4.0;95.75;0.97;
2022-12-25 05:00:00;0.0;0.0;0.0;4.23;95.75;0.83;
2022-12-25 06:00:00;0.0;0.0;0.0;4.2;95.75;0.69;
2022-12-25 07:00:00;0.0;0.0;0.0;3.82;99.4;1.38;
2022-12-25 08:00:00;106.0;386.5;50.0;4.0;95.75;0.9;
2022-12-25 09:00:00;235.0;684.49;60.0;4.68;95.75;0.76;
2022-12-25 10:00:00;318.0;745.95;72.0;5.74;95.75;0.83;
2022-12-25 11:00:00;344.0;693.01;93.0;7.11;89.0;0.76;
2022-12-25 12:00:00;338.0;738.56;79.0;8.25;85.9;0.9;
2022-12-25 13:00:00;274.0;678.96;73.0;8.99;82.9;0.97;
2022-12-25 14:00:00;146.0;331.69;79.0;9.48;82.9;0.83;
2022-12-25 15:00:00;48.0;360.25;21.0;9.16;82.9;1.03;
2022-12-25 16:00:00;0.0;0.0;0.0;7.86;89.05;1.72;
2022-12-25 17:00:00;0.0;0.0;0.0;6.37;95.8;1.72;
2022-12-25 18:00:00;0.0;0.0;0.0;4.89;99.4;1.31;
2022-12-25 19:00:00;0.0;0.0;0.0;3.85;99.4;1.52;
2022-12-25 20:00:00;0.0;0.0;0.0;3.13;99.4;1.31;
2022-12-25 21:00:00;0.0;0.0;0.0;2.74;100.0;0.97;
2022-12-25 22:00:00;0.0;0.0;0.0;2.96;99.4;1.1;
2022-12-25 23:00:00;0.0;0.0;0.0;3.39;99.4;1.38;
2022-12-26 00:00:00;0.0;0.0;0.0;3.86;95.7;1.66;
2022-12-26 01:00:00;0.0;0.0;0.0;4.62;79.3;2.0;
2022-12-26 02:00:00;0.0;0.0;0.0;4.94;68.0;2.14;
2022-12-26 03:00:00;0.0;0.0;0.0;5.42;60.65;2.21;
2022-12-26 04:00:00;0.0;0.0;0.0;5.19;58.3;2.41;
2022-12-26 05:00:00;0.0;0.0;0.0;4.26;62.8;2.07;
2022-12-26 06:00:00;0.0;0.0;0.0;3.43;67.7;1.86;
2022-12-26 07:00:00;0.0;0.0;0.0;1.83;62.25;2.48;
2022-12-26 08:00:00;113.0;457.28;47.0;1.58;70.1;2.0;
2022-12-26 09:00:00;222.0;532.52;86.0;4.11;73.4;1.52;
2022-12-26 10:00:00;324.0;748.87;77.0;7.14;54.4;1.66;
2022-12-26 11:00:00;362.0;772.24;82.0;8.44;48.65;1.79;
2022-12-26 12:00:00;347.0;748.4;84.0;9.16;43.55;1.72;
2022-12-26 13:00:00;287.0;733.78;69.0;9.49;43.55;1.93;
2022-12-26 14:00:00;179.0;609.91;55.0;9.4;45.25;1.86;
2022-12-26 15:00:00;50.0;353.13;23.0;8.48;52.6;1.66;
2022-12-26 16:00:00;0.0;0.0;0.0;6.47;58.65;1.79;
2022-12-26 17:00:00;0.0;0.0;0.0;3.92;73.3;1.93;
2022-12-26 18:00:00;0.0;0.0;0.0;2.06;78.95;1.93;
2022-12-26 19:00:00;0.0;0.0;0.0;1.54;82.0;1.79;
2022-12-26 20:00:00;0.0;0.0;0.0;0.95;78.8;1.79;
2022-12-26 21:00:00;0.0;0.0;0.0;1.23;75.75;1.45;
2022-12-26 22:00:00;0.0;0.0;0.0;2.13;67.5;0.9;
2022-12-26 23:00:00;0.0;0.0;0.0;2.29;64.9;0.55;
2022-12-27 00:00:00;0.0;0.0;0.0;1.88;64.8;0.34;
2022-12-27 01:00:00;0.0;0.0;0.0;1.26;64.65;0.34;
2022-12-27 02:00:00;0.0;0.0;0.0;0.36;69.85;0.69;
2022-12-27 03:00:00;0.0;0.0;0.0;-1.69;78.45;1.52;
2022-12-27 04:00:00;0.0;0.0;0.0;-2.01;81.65;1.79;
2022-12-27 05:00:00;0.0;0.0;0.0;-1.6;78.5;2.07;
2022-12-27 06:00:00;0.0;0.0;0.0;-0.81;81.7;2.14;
2022-12-27 07:00:00;0.0;0.0;0.0;-0.22;78.6;2.28;
2022-12-27 08:00:00;57.0;27.8;53.0;0.67;78.75;2.21;
2022-12-27 09:00:00;81.0;3.92;80.0;1.66;82.0;2.48;
2022-12-27 10:00:00;76.0;0.0;76.0;2.19;88.65;2.9;
2022-12-27 11:00:00;53.0;0.0;53.0;1.7;99.4;2.69;
2022-12-27 12:00:00;51.0;0.0;51.0;1.55;99.4;2.76;
2022-12-27 13:00:00;52.0;0.0;52.0;1.52;99.4;2.62;
2022-12-27 14:00:00;102.0;68.38;88.0;1.87;99.4;2.55;
2022-12-27 15:00:00;24.0;12.81;23.0;1.95;95.65;1.93;
2022-12-27 16:00:00;0.0;0.0;0.0;1.68;95.65;1.31;
2022-12-27 17:00:00;0.0;0.0;0.0;1.28;99.35;0.9;
2022-12-27 18:00:00;0.0;0.0;0.0;1.03;95.65;0.55;
2022-12-27 19:00:00;0.0;0.0;0.0;1.14;95.65;1.17;
2022-12-27 20:00:00;0.0;0.0;0.0;0.52;95.65;1.1;
2022-12-27 21:00:00;0.0;0.0;0.0;-0.13;99.4;1.31;
2022-12-27 22:00:00;0.0;0.0;0.0;-0.65;99.4;1.72;
2022-12-27 23:00:00;0.0;0.0;0.0;-0.93;99.4;1.66;
2022-12-28 00:00:00;0.0;0.0;0.0;-1.09;95.6;1.79;
2022-12-28 01:00:00;0.0;0.0;0.0;-1.31;91.95;1.79;
2022-12-28 02:00:00;0.0;0.0;0.0;-1.51;91.95;1.86;
2022-12-28 03:00:00;0.0;0.0;0.0;-1.52;91.95;1.93;
2022-12-28 04:00:00;0.0;0.0;0.0;-1.58;91.95;2.0;
2022-12-28 05:00:00;0.0;0.0;0.0;-1.95;91.9;2.0;
2022-12-28 06:00:00;0.0;0.0;0.0;-2.24;95.55;1.93;
2022-12-28 07:00:00;0.0;0.0;0.0;-1.99;91.9;1.72;
2022-12-28 08:00:00;88.0;195.04;60.0;-1.8;95.6;1.52;
2022-12-28 09:00:00;173.0;215.52;118.0;0.08;92.0;1.45;
2022-12-28 10:00:00;202.0;124.13;161.0;2.9;82.15;1.59;
2022-12-28 11:00:00;246.0;184.19;179.0;5.05;68.1;1.79;
2022-12-28 12:00:00;302.0;455.76;141.0;6.87;56.45;1.93;
2022-12-28 13:00:00;271.0;594.23;93.0;8.11;46.8;2.07;
2022-12-28 14:00:00;162.0;416.92;76.0;8.29;45.0;2.07;
2022-12-28 15:00:00;48.0;263.16;27.0;7.49;46.65;2.07;
2022-12-28 16:00:00;0.0;0.0;0.0;5.72;49.95;2.69;
2022-12-28 17:00:00;0.0;0.0;0.0;4.35;49.55;3.24;
2022-12-28 18:00:00;0.0;0.0;0.0;3.93;43.75;3.66;
2022-12-28 19:00:00;0.0;0.0;0.0;4.1;35.75;4.62;
2022-12-28 20:00:00;0.0;0.0;0.0;3.56;38.7;4.41;
2022-12-28 21:00:00;0.0;0.0;0.0;3.04;41.85;4.14;
2022-12-28 22:00:00;0.0;0.0;0.0;2.44;47.15;3.72;
2022-12-28 23:00:00;0.0;0.0;0.0;1.83;50.9;3.24;
2022-12-29 00:00:00;0.0;0.0;0.0;1.43;50.9;2.83;
2022-12-29 01:00:00;0.0;0.0;0.0;0.95;52.85;2.48;
2022-12-29 02:00:00;0.0;0.0;0.0;0.12;57.1;2.28;
2022-12-29 03:00:00;0.0;0.0;0.0;-1.32;61.65;2.14;
2022-12-29 04:00:00;0.0;0.0;0.0;-2.76;66.6;2.07;
2022-12-29 05:00:00;0.0;0.0;0.0;-3.65;69.15;1.93;
2022-12-29 06:00:00;0.0;0.0;0.0;-4.13;69.15;1.79;
2022-12-29 07:00:00;0.0;0.0;0.0;-3.35;61.2;1.72;
2022-12-29 08:00:00;65.0;48.83;58.0;-2.92;66.6;1.59;
2022-12-29 09:00:00;235.0;626.74;75.0;-0.11;69.75;1.31;
2022-12-29 10:00:00;254.0;302.37;154.0;2.97;49.25;1.31;
2022-12-29 11:00:00;220.0;109.73;180.0;4.78;44.05;1.52;
2022-12-29 12:00:00;84.0;0.0;84.0;6.05;37.85;1.86;
2022-12-29 13:00:00;264.0;508.39;111.0;6.56;35.0;1.79;
2022-12-29 14:00:00;162.0;389.56;81.0;6.48;39.55;1.24;
2022-12-29 15:00:00;52.0;294.03;28.0;5.37;56.05;1.24;
2022-12-29 16:00:00;0.0;0.0;0.0;2.8;60.05;1.66;
2022-12-29 17:00:00;0.0;0.0;0.0;0.33;64.45;2.21;
2022-12-29 18:00:00;0.0;0.0;0.0;-0.89;64.25;2.55;
2022-12-29 19:00:00;0.0;0.0;0.0;-0.68;69.65;3.1;
2022-12-29 20:00:00;0.0;0.0;0.0;-0.29;59.35;3.52;
2022-12-29 21:00:00;0.0;0.0;0.0;0.14;50.5;3.59;
2022-12-29 22:00:00;0.0;0.0;0.0;0.32;50.5;3.52;
2022-12-29 23:00:00;0.0;0.0;0.0;0.24;48.45;3.52;
2022-12-30 00:00:00;0.0;0.0;0.0;-0.02;48.45;3.31;
2022-12-30 01:00:00;0.0;0.0;0.0;-0.6;54.55;2.83;
2022-12-30 02:00:00;0.0;0.0;0.0;-1.42;56.85;2.07;
2022-12-30 03:00:00;0.0;0.0;0.0;-1.97;59.1;1.66;
2022-12-30 04:00:00;0.0;0.0;0.0;-2.68;63.9;1.66;
2022-12-30 05:00:00;0.0;0.0;0.0;-2.61;61.45;1.45;
2022-12-30 06:00:00;0.0;0.0;0.0;-1.25;56.85;0.97;
2022-12-30 07:00:00;0.0;0.0;0.0;-1.41;56.85;1.1;
2022-12-30 08:00:00;100.0;314.12;55.0;-1.18;59.2;0.9;
2022-12-30 09:00:00;205.0;407.05;101.0;-0.01;75.6;0.34;
2022-12-30 10:00:00;275.0;416.58;137.0;2.63;53.25;0.41;
2022-12-30 11:00:00;310.0;440.6;149.0;4.09;49.55;0.48;
2022-12-30 12:00:00;310.0;489.33;136.0;4.94;45.85;0.55;
2022-12-30 13:00:00;260.0;492.61;111.0;5.29;44.15;0.9;
2022-12-30 14:00:00;169.0;443.52;76.0;5.19;44.15;1.03;
2022-12-30 15:00:00;53.0;311.18;27.0;4.45;51.7;1.45;
2022-12-30 16:00:00;0.0;0.0;0.0;2.24;64.9;2.28;
2022-12-30 17:00:00;0.0;0.0;0.0;0.12;75.6;2.34;
2022-12-30 18:00:00;0.0;0.0;0.0;-1.3;81.7;2.28;
2022-12-30 19:00:00;0.0;0.0;0.0;-1.93;81.65;2.34;
2022-12-30 20:00:00;0.0;0.0;0.0;-2.53;81.55;2.28;
2022-12-30 21:00:00;0.0;0.0;0.0;-3.0;84.85;2.14;
2022-12-30 22:00:00;0.0;0.0;0.0;-3.38;84.8;2.0;
2022-12-30 23:00:00;0.0;0.0;0.0;-3.62;84.8;2.07;
2022-12-31 00:00:00;0.0;0.0;0.0;-3.24;84.8;2.07;
2022-12-31 01:00:00;0.0;0.0;0.0;-3.21;84.8;2.28;
2022-12-31 02:00:00;0.0;0.0;0.0;-3.43;84.8;2.21;
2022-12-31 03:00:00;0.0;0.0;0.0;-3.61;81.45;2.14;
2022-12-31 04:00:00;0.0;0.0;0.0;-3.72;84.7;2.21;
2022-12-31 05:00:00;0.0;0.0;0.0;-3.62;81.45;2.14;
2022-12-31 06:00:00;0.0;0.0;0.0;-3.33;81.45;1.93;
2022-12-31 07:00:00;0.0;0.0;0.0;-4.34;88.15;1.59;
2022-12-31 08:00:00;80.0;139.59;60.0;-3.68;88.2;1.31;
2022-12-31 09:00:00;182.0;273.62;112.0;-1.12;75.45;1.45;
2022-12-31 10:00:00;273.0;421.76;133.0;0.35;69.85;2.14;
2022-12-31 11:00:00;321.0;510.34;134.0;1.67;67.4;2.76;
2022-12-31 12:00:00;277.0;333.4;158.0;2.41;67.5;3.38;
2022-12-31 13:00:00;258.0;486.67;110.0;2.62;67.6;3.66;
2022-12-31 14:00:00;158.0;359.24;82.0;2.41;70.2;3.59;
2022-12-31 15:00:00;47.0;186.95;31.0;1.86;72.95;3.17;
2022-12-31 16:00:00;0.0;0.0;0.0;-0.91;79.68;2.98;
2022-12-31 17:00:00;0.0;0.0;0.0;-0.85;80.87;2.81;
2022-12-31 18:00:00;0.0;0.0;0.0;-0.78;82.06;2.64;
2022-12-31 19:00:00;0.0;0.0;0.0;-0.71;83.25;2.47;
2022-12-31 20:00:00;0.0;0.0;0.0;-0.65;84.44;2.29;
2022-12-31 21:00:00;0.0;0.0;0.0;-0.58;85.63;2.12;
2022-12-31 22:00:00;0.0;0.0;0.0;-0.51;86.82;1.95;
2022-12-31 23:00:00;0.0;0.0;0.0;-0.44;88.01;1.78;
