Unnamed: 0;ghi;dni;dhi;temp_air;rh;ws10;TECHNOLOGYNAME_hydro_inflow
2022-01-01 00:00:00;0.0;0.0;0.0;5.71;78.83;0.87;
2022-01-01 01:00:00;0.0;0.0;0.0;5.47;79.62;0.82;
2022-01-01 02:00:00;0.0;0.0;0.0;5.23;80.41;0.77;
2022-01-01 03:00:00;0.0;0.0;0.0;4.99;81.21;0.72;
2022-01-01 04:00:00;0.0;0.0;0.0;4.75;82.0;0.67;
2022-01-01 05:00:00;0.0;0.0;0.0;4.51;82.79;0.62;
2022-01-01 06:00:00;0.0;0.0;0.0;4.26;83.59;0.57;
2022-01-01 07:00:00;0.0;0.0;0.0;4.02;84.38;0.52;
2022-01-01 08:00:00;10.0;0.0;10.0;4.13;85.5;0.83;
2022-01-01 09:00:00;109.0;27.85;102.0;4.76;88.85;0.55;
2022-01-01 10:00:00;28.0;0.0;28.0;5.53;85.65;0.76;
2022-01-01 11:00:00;206.0;97.16;171.0;6.56;82.6;1.59;
2022-01-01 12:00:00;74.0;0.0;74.0;7.53;76.8;2.0;
2022-01-01 13:00:00;70.0;0.0;70.0;7.86;76.8;1.72;
2022-01-01 14:00:00;75.0;0.0;75.0;7.95;74.05;1.31;
2022-01-01 15:00:00;5.0;0.0;5.0;7.25;79.65;1.1;
2022-01-01 16:00:00;0.0;0.0;0.0;5.17;92.25;1.45;
2022-01-01 17:00:00;0.0;0.0;0.0;4.76;92.25;0.69;
2022-01-01 18:00:00;0.0;0.0;0.0;2.92;95.7;1.52;
2022-01-01 19:00:00;0.0;0.0;0.0;2.17;95.65;1.79;
2022-01-01 20:00:00;0.0;0.0;0.0;1.81;95.65;2.0;
2022-01-01 21:00:00;0.0;0.0;0.0;1.23;92.05;1.93;
2022-01-01 22:00:00;0.0;0.0;0.0;0.33;92.0;2.0;
2022-01-01 23:00:00;0.0;0.0;0.0;0.0;92.0;2.14;
2022-01-02 00:00:00;0.0;0.0;0.0;0.21;92.0;2.21;
2022-01-02 01:00:00;0.0;0.0;0.0;0.44;88.5;2.34;
2022-01-02 02:00:00;0.0;0.0;0.0;0.33;88.45;2.41;
2022-01-02 03:00:00;0.0;0.0;0.0;0.41;85.15;2.55;
2022-01-02 04:00:00;0.0;0.0;0.0;0.57;81.9;2.55;
2022-01-02 05:00:00;0.0;0.0;0.0;0.36;78.75;2.69;
2022-01-02 06:00:00;0.0;0.0;0.0;0.57;78.75;2.76;
2022-01-02 07:00:00;0.0;0.0;0.0;-0.07;78.65;2.83;
2022-01-02 08:00:00;117.0;605.74;32.0;0.72;75.7;2.83;
2022-01-02 09:00:00;244.0;789.78;45.0;3.82;70.5;2.76;
2022-01-02 10:00:00;324.0;794.08;64.0;7.23;61.1;2.69;
2022-01-02 11:00:00;369.0;857.44;59.0;9.42;56.9;2.83;
2022-01-02 12:00:00;355.0;838.07;60.0;10.42;51.0;2.69;
2022-01-02 13:00:00;60.0;0.0;60.0;10.57;45.55;2.97;
2022-01-02 14:00:00;47.0;0.0;47.0;9.95;45.4;2.76;
2022-01-02 15:00:00;24.0;0.0;24.0;8.48;50.6;2.41;
2022-01-02 16:00:00;0.0;0.0;0.0;6.05;54.15;2.48;
2022-01-02 17:00:00;0.0;0.0;0.0;3.63;65.2;2.41;
2022-01-02 18:00:00;0.0;0.0;0.0;1.91;70.2;2.55;
2022-01-02 19:00:00;0.0;0.0;0.0;2.86;67.6;2.48;
2022-01-02 20:00:00;0.0;0.0;0.0;2.86;67.6;2.48;
2022-01-02 21:00:00;0.0;0.0;0.0;2.51;65.0;2.48;
2022-01-02 22:00:00;0.0;0.0;0.0;2.19;64.9;2.55;
2022-01-02 23:00:00;0.0;0.0;0.0;2.7;62.5;2.62;
2022-01-03 00:00:00;0.0;0.0;0.0;3.03;60.15;2.69;
2022-01-03 01:00:00;0.0;0.0;0.0;2.69;60.05;2.69;
2022-01-03 02:00:00;0.0;0.0;0.0;2.07;62.35;2.69;
2022-01-03 03:00:00;0.0;0.0;0.0;2.24;64.9;2.41;
2022-01-03 04:00:00;0.0;0.0;0.0;1.8;67.4;2.48;
2022-01-03 05:00:00;0.0;0.0;0.0;1.09;70.05;2.48;
2022-01-03 06:00:00;0.0;0.0;0.0;0.27;72.65;2.48;
2022-01-03 07:00:00;0.0;0.0;0.0;-0.1;69.85;2.28;
2022-01-03 08:00:00;10.0;0.0;10.0;0.14;75.6;2.0;
2022-01-03 09:00:00;63.0;0.0;63.0;2.82;82.15;1.52;
2022-01-03 10:00:00;29.0;0.0;29.0;6.69;61.0;1.38;
2022-01-03 11:00:00;58.0;0.0;58.0;7.78;50.45;1.45;
2022-01-03 12:00:00;49.0;0.0;49.0;7.78;50.45;2.48;
2022-01-03 13:00:00;113.0;0.0;113.0;6.96;63.5;2.69;
2022-01-03 14:00:00;71.0;0.0;71.0;6.24;70.95;2.69;
2022-01-03 15:00:00;15.0;0.0;15.0;5.67;73.65;2.48;
2022-01-03 16:00:00;0.0;0.0;0.0;4.63;76.3;2.55;
2022-01-03 17:00:00;0.0;0.0;0.0;3.84;79.15;2.83;
2022-01-03 18:00:00;0.0;0.0;0.0;3.54;79.15;2.62;
2022-01-03 19:00:00;0.0;0.0;0.0;2.72;85.35;2.0;
2022-01-03 20:00:00;0.0;0.0;0.0;1.85;88.6;2.14;
2022-01-03 21:00:00;0.0;0.0;0.0;1.81;88.6;2.21;
2022-01-03 22:00:00;0.0;0.0;0.0;1.93;85.3;2.28;
2022-01-03 23:00:00;0.0;0.0;0.0;2.07;85.3;2.48;
2022-01-04 00:00:00;0.0;0.0;0.0;2.36;82.05;2.55;
2022-01-04 01:00:00;0.0;0.0;0.0;2.78;82.15;2.83;
2022-01-04 02:00:00;0.0;0.0;0.0;3.15;85.4;2.97;
2022-01-04 03:00:00;0.0;0.0;0.0;3.58;85.45;3.03;
2022-01-04 04:00:00;0.0;0.0;0.0;3.74;85.45;2.69;
2022-01-04 05:00:00;0.0;0.0;0.0;3.49;85.45;2.07;
2022-01-04 06:00:00;0.0;0.0;0.0;2.88;88.7;1.93;
2022-01-04 07:00:00;0.0;0.0;0.0;2.46;88.65;2.34;
2022-01-04 08:00:00;52.0;21.23;49.0;3.04;88.7;2.0;
2022-01-04 09:00:00;190.0;358.86;99.0;4.87;88.85;1.79;
2022-01-04 10:00:00;256.0;363.95;136.0;6.94;82.65;1.79;
2022-01-04 11:00:00;356.0;801.08;64.0;7.74;79.7;1.72;
2022-01-04 12:00:00;351.0;826.78;57.0;8.27;79.75;1.72;
2022-01-04 13:00:00;62.0;0.0;62.0;8.68;79.75;1.1;
2022-01-04 14:00:00;53.0;0.0;53.0;8.65;82.75;0.97;
2022-01-04 15:00:00;29.0;0.0;29.0;8.1;85.9;0.9;
2022-01-04 16:00:00;0.0;0.0;0.0;6.37;92.3;1.52;
2022-01-04 17:00:00;0.0;0.0;0.0;4.39;92.25;2.0;
2022-01-04 18:00:00;0.0;0.0;0.0;3.54;92.15;2.14;
2022-01-04 19:00:00;0.0;0.0;0.0;2.7;92.15;2.07;
2022-01-04 20:00:00;0.0;0.0;0.0;1.96;95.65;2.07;
2022-01-04 21:00:00;0.0;0.0;0.0;1.68;95.65;2.14;
2022-01-04 22:00:00;0.0;0.0;0.0;1.22;95.65;2.14;
2022-01-04 23:00:00;0.0;0.0;0.0;0.88;92.05;2.0;
2022-01-05 00:00:00;0.0;0.0;0.0;0.96;95.65;1.86;
2022-01-05 01:00:00;0.0;0.0;0.0;0.9;95.65;1.93;
2022-01-05 02:00:00;0.0;0.0;0.0;0.88;95.65;1.86;
2022-01-05 03:00:00;0.0;0.0;0.0;0.77;99.4;1.72;
2022-01-05 04:00:00;0.0;0.0;0.0;0.38;95.65;1.72;
2022-01-05 05:00:00;0.0;0.0;0.0;0.5;95.65;1.59;
2022-01-05 06:00:00;0.0;0.0;0.0;0.26;99.4;1.66;
2022-01-05 07:00:00;0.0;0.0;0.0;0.45;92.0;1.52;
2022-01-05 08:00:00;95.0;309.95;51.0;2.15;88.65;1.03;
2022-01-05 09:00:00;229.0;683.52;55.0;4.22;85.5;0.34;
2022-01-05 10:00:00;270.0;441.03;124.0;5.64;76.5;0.69;
2022-01-05 11:00:00;198.0;73.74;171.0;6.87;73.8;0.76;
2022-01-05 12:00:00;153.0;22.37;145.0;7.6;71.25;0.69;
2022-01-05 13:00:00;36.0;0.0;36.0;7.9;71.25;0.83;
2022-01-05 14:00:00;19.0;0.0;19.0;8.17;71.35;1.1;
2022-01-05 15:00:00;23.0;0.0;23.0;7.4;76.7;0.97;
2022-01-05 16:00:00;0.0;0.0;0.0;6.43;79.55;0.41;
2022-01-05 17:00:00;0.0;0.0;0.0;5.71;85.65;0.9;
2022-01-05 18:00:00;0.0;0.0;0.0;4.12;88.8;1.31;
2022-01-05 19:00:00;0.0;0.0;0.0;4.02;88.8;1.38;
2022-01-05 20:00:00;0.0;0.0;0.0;4.28;92.2;1.31;
2022-01-05 21:00:00;0.0;0.0;0.0;4.64;92.25;1.24;
2022-01-05 22:00:00;0.0;0.0;0.0;4.61;92.25;1.31;
2022-01-05 23:00:00;0.0;0.0;0.0;4.76;92.25;1.17;
2022-01-06 00:00:00;0.0;0.0;0.0;5.0;92.25;1.03;
2022-01-06 01:00:00;0.0;0.0;0.0;5.23;92.25;1.03;
2022-01-06 02:00:00;0.0;0.0;0.0;5.37;92.25;1.03;
2022-01-06 03:00:00;0.0;0.0;0.0;5.47;92.3;1.03;
2022-01-06 04:00:00;0.0;0.0;0.0;5.58;92.3;0.97;
2022-01-06 05:00:00;0.0;0.0;0.0;5.61;92.3;1.03;
2022-01-06 06:00:00;0.0;0.0;0.0;5.52;88.9;1.17;
2022-01-06 07:00:00;0.0;0.0;0.0;4.87;95.75;1.1;
2022-01-06 08:00:00;28.0;0.0;28.0;5.37;95.75;0.97;
2022-01-06 09:00:00;56.0;0.0;56.0;6.14;92.3;0.76;
2022-01-06 10:00:00;35.0;0.0;35.0;6.95;89.0;0.55;
2022-01-06 11:00:00;50.0;0.0;50.0;7.29;92.35;0.41;
2022-01-06 12:00:00;38.0;0.0;38.0;7.31;95.8;0.55;
2022-01-06 13:00:00;47.0;0.0;47.0;7.45;92.4;0.55;
2022-01-06 14:00:00;19.0;0.0;19.0;7.47;92.4;0.69;
2022-01-06 15:00:00;10.0;0.0;10.0;7.26;95.8;0.9;
2022-01-06 16:00:00;0.0;0.0;0.0;6.97;92.35;1.03;
2022-01-06 17:00:00;0.0;0.0;0.0;6.93;89.0;1.03;
2022-01-06 18:00:00;0.0;0.0;0.0;6.93;89.0;1.1;
2022-01-06 19:00:00;0.0;0.0;0.0;6.12;92.3;1.03;
2022-01-06 20:00:00;0.0;0.0;0.0;6.12;92.3;1.24;
2022-01-06 21:00:00;0.0;0.0;0.0;5.97;92.3;1.38;
2022-01-06 22:00:00;0.0;0.0;0.0;5.99;92.3;1.38;
2022-01-06 23:00:00;0.0;0.0;0.0;6.09;92.3;1.45;
2022-01-07 00:00:00;0.0;0.0;0.0;6.12;92.3;1.52;
2022-01-07 01:00:00;0.0;0.0;0.0;6.27;92.3;1.52;
2022-01-07 02:00:00;0.0;0.0;0.0;6.3;92.3;1.66;
2022-01-07 03:00:00;0.0;0.0;0.0;6.06;92.3;1.59;
2022-01-07 04:00:00;0.0;0.0;0.0;6.0;92.3;1.52;
2022-01-07 05:00:00;0.0;0.0;0.0;6.07;92.3;1.45;
2022-01-07 06:00:00;0.0;0.0;0.0;5.99;92.3;1.52;
2022-01-07 07:00:00;0.0;0.0;0.0;6.09;92.3;1.59;
2022-01-07 08:00:00;50.0;13.92;48.0;6.44;89.0;1.59;
2022-01-07 09:00:00;59.0;0.0;59.0;7.28;92.35;1.38;
2022-01-07 10:00:00;111.0;2.99;110.0;8.03;89.1;0.9;
2022-01-07 11:00:00;125.0;2.7;124.0;9.15;89.1;0.69;
2022-01-07 12:00:00;155.0;22.11;147.0;9.46;82.9;0.62;
2022-01-07 13:00:00;55.0;0.0;55.0;9.79;85.95;0.9;
2022-01-07 14:00:00;49.0;0.0;49.0;9.97;82.95;1.03;
2022-01-07 15:00:00;11.0;0.0;11.0;9.75;82.9;1.1;
2022-01-07 16:00:00;0.0;0.0;0.0;8.94;85.95;1.52;
2022-01-07 17:00:00;0.0;0.0;0.0;8.33;85.9;1.79;
2022-01-07 18:00:00;0.0;0.0;0.0;7.63;85.85;1.93;
2022-01-07 19:00:00;0.0;0.0;0.0;7.19;89.0;1.93;
2022-01-07 20:00:00;0.0;0.0;0.0;7.1;85.8;1.93;
2022-01-07 21:00:00;0.0;0.0;0.0;6.85;89.0;1.86;
2022-01-07 22:00:00;0.0;0.0;0.0;6.24;88.95;1.86;
2022-01-07 23:00:00;0.0;0.0;0.0;5.68;88.9;1.86;
2022-01-08 00:00:00;0.0;0.0;0.0;5.23;88.85;2.0;
2022-01-08 01:00:00;0.0;0.0;0.0;5.47;88.9;2.14;
2022-01-08 02:00:00;0.0;0.0;0.0;5.14;88.85;2.14;
2022-01-08 03:00:00;0.0;0.0;0.0;5.19;88.85;2.21;
2022-01-08 04:00:00;0.0;0.0;0.0;5.04;85.6;2.34;
2022-01-08 05:00:00;0.0;0.0;0.0;5.22;88.85;2.41;
2022-01-08 06:00:00;0.0;0.0;0.0;5.44;85.65;2.48;
2022-01-08 07:00:00;0.0;0.0;0.0;6.01;82.55;2.34;
2022-01-08 08:00:00;40.0;0.0;40.0;6.51;82.6;2.07;
2022-01-08 09:00:00;49.0;0.0;49.0;7.12;85.8;2.07;
2022-01-08 10:00:00;46.0;0.0;46.0;8.12;85.9;2.07;
2022-01-08 11:00:00;258.0;228.57;173.0;9.55;82.9;1.79;
2022-01-08 12:00:00;107.0;0.0;107.0;10.44;82.95;1.59;
2022-01-08 13:00:00;59.0;0.0;59.0;10.57;86.05;1.93;
2022-01-08 14:00:00;67.0;0.0;67.0;10.47;86.05;2.0;
2022-01-08 15:00:00;34.0;0.0;34.0;10.34;89.2;2.07;
2022-01-08 16:00:00;0.0;0.0;0.0;9.69;89.15;2.0;
2022-01-08 17:00:00;0.0;0.0;0.0;9.22;89.1;2.14;
2022-01-08 18:00:00;0.0;0.0;0.0;8.82;89.1;2.34;
2022-01-08 19:00:00;0.0;0.0;0.0;8.3;85.9;1.93;
2022-01-08 20:00:00;0.0;0.0;0.0;8.18;85.9;2.21;
2022-01-08 21:00:00;0.0;0.0;0.0;8.08;82.75;2.21;
2022-01-08 22:00:00;0.0;0.0;0.0;7.85;85.85;2.14;
2022-01-08 23:00:00;0.0;0.0;0.0;7.68;85.85;2.14;
2022-01-09 00:00:00;0.0;0.0;0.0;7.98;82.75;2.48;
2022-01-09 01:00:00;0.0;0.0;0.0;8.67;89.1;3.31;
2022-01-09 02:00:00;0.0;0.0;0.0;9.26;95.85;4.48;
2022-01-09 03:00:00;0.0;0.0;0.0;9.35;99.4;4.41;
2022-01-09 04:00:00;0.0;0.0;0.0;9.03;99.4;3.72;
2022-01-09 05:00:00;0.0;0.0;0.0;8.72;99.4;3.24;
2022-01-09 06:00:00;0.0;0.0;0.0;8.89;100.0;3.52;
2022-01-09 07:00:00;0.0;0.0;0.0;9.19;95.85;3.38;
2022-01-09 08:00:00;41.0;0.0;41.0;8.87;99.4;3.31;
2022-01-09 09:00:00;69.0;0.0;69.0;8.41;95.85;2.07;
2022-01-09 10:00:00;119.0;5.92;117.0;8.74;99.4;2.28;
2022-01-09 11:00:00;33.0;0.0;33.0;9.0;95.85;2.69;
2022-01-09 12:00:00;70.0;0.0;70.0;8.83;92.4;2.83;
2022-01-09 13:00:00;84.0;0.0;84.0;9.38;89.1;3.38;
2022-01-09 14:00:00;81.0;0.0;81.0;9.52;85.95;3.17;
2022-01-09 15:00:00;33.0;0.0;33.0;9.37;92.45;2.83;
2022-01-09 16:00:00;0.0;0.0;0.0;8.5;92.4;2.83;
2022-01-09 17:00:00;0.0;0.0;0.0;7.9;92.4;2.41;
2022-01-09 18:00:00;0.0;0.0;0.0;7.77;92.4;2.48;
2022-01-09 19:00:00;0.0;0.0;0.0;7.61;89.05;2.21;
2022-01-09 20:00:00;0.0;0.0;0.0;7.42;92.35;2.0;
2022-01-09 21:00:00;0.0;0.0;0.0;7.15;92.35;2.07;
2022-01-09 22:00:00;0.0;0.0;0.0;6.83;92.35;2.07;
2022-01-09 23:00:00;0.0;0.0;0.0;6.76;92.35;2.07;
2022-01-10 00:00:00;0.0;0.0;0.0;6.55;92.35;1.93;
2022-01-10 01:00:00;0.0;0.0;0.0;6.26;92.3;1.86;
2022-01-10 02:00:00;0.0;0.0;0.0;5.74;92.3;1.72;
2022-01-10 03:00:00;0.0;0.0;0.0;5.52;92.3;1.45;
2022-01-10 04:00:00;0.0;0.0;0.0;5.1;92.25;1.45;
2022-01-10 05:00:00;0.0;0.0;0.0;4.89;95.75;1.38;
2022-01-10 06:00:00;0.0;0.0;0.0;4.78;95.75;1.31;
2022-01-10 07:00:00;0.0;0.0;0.0;3.9;92.2;1.59;
2022-01-10 08:00:00;68.0;68.01;58.0;4.04;92.2;1.31;
2022-01-10 09:00:00;158.0;145.43;120.0;6.15;92.3;0.76;
2022-01-10 10:00:00;230.0;209.15;159.0;7.92;82.7;0.62;
2022-01-10 11:00:00;367.0;778.72;74.0;8.77;79.75;0.62;
2022-01-10 12:00:00;329.0;574.32;117.0;9.08;76.95;0.69;
2022-01-10 13:00:00;117.0;0.0;117.0;9.49;71.5;0.83;
2022-01-10 14:00:00;99.0;0.0;99.0;9.34;74.15;0.69;
2022-01-10 15:00:00;37.0;0.0;37.0;8.91;79.75;0.48;
2022-01-10 16:00:00;0.0;0.0;0.0;8.15;79.75;0.55;
2022-01-10 17:00:00;0.0;0.0;0.0;7.83;82.7;0.0;
2022-01-10 18:00:00;0.0;0.0;0.0;7.38;85.8;0.62;
2022-01-10 19:00:00;0.0;0.0;0.0;5.37;88.85;1.31;
2022-01-10 20:00:00;0.0;0.0;0.0;4.64;88.85;1.52;
2022-01-10 21:00:00;0.0;0.0;0.0;4.21;92.2;1.59;
2022-01-10 22:00:00;0.0;0.0;0.0;3.72;92.15;1.59;
2022-01-10 23:00:00;0.0;0.0;0.0;3.14;92.15;1.66;
2022-01-11 00:00:00;0.0;0.0;0.0;2.68;92.15;1.72;
2022-01-11 01:00:00;0.0;0.0;0.0;2.11;95.65;1.79;
2022-01-11 02:00:00;0.0;0.0;0.0;1.85;95.65;1.79;
2022-01-11 03:00:00;0.0;0.0;0.0;1.39;92.05;1.86;
2022-01-11 04:00:00;0.0;0.0;0.0;1.47;95.65;1.79;
2022-01-11 05:00:00;0.0;0.0;0.0;1.25;95.65;1.86;
2022-01-11 06:00:00;0.0;0.0;0.0;0.68;95.65;1.93;
2022-01-11 07:00:00;0.0;0.0;0.0;1.71;92.05;1.72;
2022-01-11 08:00:00;107.0;384.09;50.0;2.75;92.15;1.45;
2022-01-11 09:00:00;243.0;718.65;54.0;5.55;82.5;0.83;
2022-01-11 10:00:00;330.0;770.09;67.0;7.67;71.25;0.48;
2022-01-11 11:00:00;375.0;810.84;68.0;8.67;71.35;0.62;
2022-01-11 12:00:00;356.0;731.63;84.0;9.05;71.4;0.76;
2022-01-11 13:00:00;80.0;0.0;80.0;9.29;74.15;0.9;
2022-01-11 14:00:00;56.0;0.0;56.0;9.29;74.15;0.83;
2022-01-11 15:00:00;39.0;0.0;39.0;8.91;76.85;0.76;
2022-01-11 16:00:00;0.0;0.0;0.0;7.81;82.7;0.62;
2022-01-11 17:00:00;0.0;0.0;0.0;6.67;82.6;1.03;
2022-01-11 18:00:00;0.0;0.0;0.0;3.78;92.15;1.86;
2022-01-11 19:00:00;0.0;0.0;0.0;6.18;82.55;0.76;
2022-01-11 20:00:00;0.0;0.0;0.0;3.57;85.45;1.52;
2022-01-11 21:00:00;0.0;0.0;0.0;0.98;95.65;2.14;
2022-01-11 22:00:00;0.0;0.0;0.0;0.0;95.6;2.14;
2022-01-11 23:00:00;0.0;0.0;0.0;-0.7;95.6;2.14;
2022-01-12 00:00:00;0.0;0.0;0.0;-1.15;91.95;2.07;
2022-01-12 01:00:00;0.0;0.0;0.0;-1.12;91.95;2.0;
2022-01-12 02:00:00;0.0;0.0;0.0;-0.78;91.95;2.14;
2022-01-12 03:00:00;0.0;0.0;0.0;-0.39;91.95;2.07;
2022-01-12 04:00:00;0.0;0.0;0.0;0.0;88.45;1.93;
2022-01-12 05:00:00;0.0;0.0;0.0;0.8;88.5;1.79;
2022-01-12 06:00:00;0.0;0.0;0.0;1.16;81.95;1.72;
2022-01-12 07:00:00;0.0;0.0;0.0;0.82;85.15;1.79;
2022-01-12 08:00:00;84.0;146.78;62.0;1.31;81.95;1.66;
2022-01-12 09:00:00;183.0;245.46;118.0;5.25;73.55;0.83;
2022-01-12 10:00:00;311.0;605.23;103.0;7.27;65.95;0.07;
2022-01-12 11:00:00;322.0;461.83;146.0;8.16;63.7;0.48;
2022-01-12 12:00:00;277.0;283.03;171.0;8.56;66.15;0.69;
2022-01-12 13:00:00;122.0;0.0;122.0;8.86;66.15;0.76;
2022-01-12 14:00:00;47.0;0.0;47.0;8.85;66.15;0.9;
2022-01-12 15:00:00;40.0;0.0;40.0;8.33;68.7;1.03;
2022-01-12 16:00:00;0.0;0.0;0.0;6.78;82.6;1.03;
2022-01-12 17:00:00;0.0;0.0;0.0;6.76;76.65;0.55;
2022-01-12 18:00:00;0.0;0.0;0.0;5.76;79.4;1.1;
2022-01-12 19:00:00;0.0;0.0;0.0;6.42;73.8;0.34;
2022-01-12 20:00:00;0.0;0.0;0.0;5.85;79.4;1.1;
2022-01-12 21:00:00;0.0;0.0;0.0;2.25;92.1;1.86;
2022-01-12 22:00:00;0.0;0.0;0.0;0.53;95.65;2.21;
2022-01-12 23:00:00;0.0;0.0;0.0;-0.42;99.4;2.14;
2022-01-13 00:00:00;0.0;0.0;0.0;-0.27;100.0;2.07;
2022-01-13 01:00:00;0.0;0.0;0.0;0.76;99.4;2.28;
2022-01-13 02:00:00;0.0;0.0;0.0;0.98;95.65;2.48;
2022-01-13 03:00:00;0.0;0.0;0.0;1.25;99.35;2.48;
2022-01-13 04:00:00;0.0;0.0;0.0;1.37;92.05;2.48;
2022-01-13 05:00:00;0.0;0.0;0.0;1.35;95.65;2.48;
2022-01-13 06:00:00;0.0;0.0;0.0;1.25;92.05;2.48;
2022-01-13 07:00:00;0.0;0.0;0.0;2.13;82.05;2.55;
2022-01-13 08:00:00;124.0;594.12;34.0;2.66;82.15;2.21;
2022-01-13 09:00:00;253.0;764.77;49.0;4.6;79.3;1.66;
2022-01-13 10:00:00;340.0;797.82;64.0;6.94;65.95;1.17;
2022-01-13 11:00:00;388.0;847.08;63.0;8.55;61.3;1.1;
2022-01-13 12:00:00;384.0;866.53;57.0;9.41;59.15;1.31;
2022-01-13 13:00:00;56.0;0.0;56.0;9.77;57.05;1.59;
2022-01-13 14:00:00;48.0;0.0;48.0;9.82;54.9;1.38;
2022-01-13 15:00:00;30.0;0.0;30.0;9.14;61.45;1.1;
2022-01-13 16:00:00;0.0;0.0;0.0;7.33;71.15;1.38;
2022-01-13 17:00:00;0.0;0.0;0.0;5.15;76.4;1.59;
2022-01-13 18:00:00;0.0;0.0;0.0;3.97;79.2;1.59;
2022-01-13 19:00:00;0.0;0.0;0.0;1.9;82.05;2.0;
2022-01-13 20:00:00;0.0;0.0;0.0;0.73;88.5;2.07;
2022-01-13 21:00:00;0.0;0.0;0.0;0.06;92.0;1.93;
2022-01-13 22:00:00;0.0;0.0;0.0;-0.36;95.6;1.93;
2022-01-13 23:00:00;0.0;0.0;0.0;-0.48;91.95;1.93;
2022-01-14 00:00:00;0.0;0.0;0.0;-0.74;95.6;1.93;
2022-01-14 01:00:00;0.0;0.0;0.0;-0.63;91.95;1.93;
2022-01-14 02:00:00;0.0;0.0;0.0;-0.53;91.95;1.86;
2022-01-14 03:00:00;0.0;0.0;0.0;-0.55;91.95;1.86;
2022-01-14 04:00:00;0.0;0.0;0.0;-0.28;91.95;2.0;
2022-01-14 05:00:00;0.0;0.0;0.0;0.13;88.45;2.0;
2022-01-14 06:00:00;0.0;0.0;0.0;0.45;85.15;1.93;
2022-01-14 07:00:00;0.0;0.0;0.0;-0.19;85.05;2.0;
2022-01-14 08:00:00;85.0;137.08;64.0;0.11;85.1;1.59;
2022-01-14 09:00:00;210.0;386.91;106.0;3.0;76.1;0.97;
2022-01-14 10:00:00;280.0;393.31;143.0;4.94;68.1;0.55;
2022-01-14 11:00:00;377.0;753.18;86.0;5.78;73.65;0.83;
2022-01-14 12:00:00;267.0;226.12;181.0;6.26;73.7;0.97;
2022-01-14 13:00:00;127.0;0.0;127.0;6.48;73.8;0.76;
2022-01-14 14:00:00;53.0;0.0;53.0;6.73;71.05;0.83;
2022-01-14 15:00:00;26.0;0.0;26.0;6.33;76.55;1.03;
2022-01-14 16:00:00;0.0;0.0;0.0;5.6;79.4;1.24;
2022-01-14 17:00:00;0.0;0.0;0.0;4.49;85.55;1.31;
2022-01-14 18:00:00;0.0;0.0;0.0;3.65;92.15;0.97;
2022-01-14 19:00:00;0.0;0.0;0.0;5.3;76.4;0.34;
2022-01-14 20:00:00;0.0;0.0;0.0;5.14;76.4;0.48;
2022-01-14 21:00:00;0.0;0.0;0.0;5.08;76.4;0.62;
2022-01-14 22:00:00;0.0;0.0;0.0;4.99;76.4;0.55;
2022-01-14 23:00:00;0.0;0.0;0.0;4.88;79.3;0.41;
2022-01-15 00:00:00;0.0;0.0;0.0;4.39;82.3;0.55;
2022-01-15 01:00:00;0.0;0.0;0.0;3.68;85.45;0.83;
2022-01-15 02:00:00;0.0;0.0;0.0;3.09;88.7;0.97;
2022-01-15 03:00:00;0.0;0.0;0.0;3.19;88.7;0.76;
2022-01-15 04:00:00;0.0;0.0;0.0;3.31;88.7;0.55;
2022-01-15 05:00:00;0.0;0.0;0.0;3.12;88.7;0.28;
2022-01-15 06:00:00;0.0;0.0;0.0;3.12;88.7;0.14;
2022-01-15 07:00:00;0.0;0.0;0.0;2.32;85.3;0.9;
2022-01-15 08:00:00;78.0;90.31;64.0;3.38;76.15;0.34;
2022-01-15 09:00:00;171.0;166.08;126.0;4.13;76.25;0.28;
2022-01-15 10:00:00;146.0;14.25;141.0;4.62;76.3;0.41;
2022-01-15 11:00:00;124.0;0.0;124.0;5.37;76.4;0.62;
2022-01-15 12:00:00;116.0;0.0;116.0;5.79;70.85;0.76;
2022-01-15 13:00:00;103.0;0.0;103.0;6.03;68.3;0.69;
2022-01-15 14:00:00;86.0;0.0;86.0;5.94;68.3;0.76;
2022-01-15 15:00:00;43.0;0.0;43.0;5.66;70.85;1.03;
2022-01-15 16:00:00;0.0;0.0;0.0;5.12;76.4;0.9;
2022-01-15 17:00:00;0.0;0.0;0.0;4.31;85.5;0.62;
2022-01-15 18:00:00;0.0;0.0;0.0;4.08;82.3;0.48;
2022-01-15 19:00:00;0.0;0.0;0.0;3.75;88.75;0.76;
2022-01-15 20:00:00;0.0;0.0;0.0;3.33;92.15;0.97;
2022-01-15 21:00:00;0.0;0.0;0.0;3.3;92.15;0.97;
2022-01-15 22:00:00;0.0;0.0;0.0;3.23;92.15;1.1;
2022-01-15 23:00:00;0.0;0.0;0.0;3.06;92.15;0.83;
2022-01-16 00:00:00;0.0;0.0;0.0;3.02;92.15;0.9;
2022-01-16 01:00:00;0.0;0.0;0.0;2.8;92.15;1.03;
2022-01-16 02:00:00;0.0;0.0;0.0;2.67;92.15;1.17;
2022-01-16 03:00:00;0.0;0.0;0.0;2.61;92.15;1.1;
2022-01-16 04:00:00;0.0;0.0;0.0;2.41;92.15;1.03;
2022-01-16 05:00:00;0.0;0.0;0.0;2.3;95.65;0.97;
2022-01-16 06:00:00;0.0;0.0;0.0;1.97;95.65;1.24;
2022-01-16 07:00:00;0.0;0.0;0.0;1.88;95.65;0.76;
2022-01-16 08:00:00;117.0;420.46;51.0;2.35;95.65;0.97;
2022-01-16 09:00:00;237.0;570.94;81.0;2.96;88.7;1.24;
2022-01-16 10:00:00;324.0;633.81;100.0;3.81;85.45;1.17;
2022-01-16 11:00:00;368.0;668.26;106.0;4.53;79.3;0.76;
2022-01-16 12:00:00;362.0;664.9;105.0;4.88;79.3;0.83;
2022-01-16 13:00:00;66.0;0.0;66.0;5.15;76.4;1.03;
2022-01-16 14:00:00;52.0;0.0;52.0;5.28;73.55;0.97;
2022-01-16 15:00:00;33.0;0.0;33.0;4.94;73.55;1.03;
2022-01-16 16:00:00;0.0;0.0;0.0;3.79;82.25;1.03;
2022-01-16 17:00:00;0.0;0.0;0.0;2.42;88.65;1.38;
2022-01-16 18:00:00;0.0;0.0;0.0;0.95;92.05;1.79;
2022-01-16 19:00:00;0.0;0.0;0.0;0.82;95.65;1.59;
2022-01-16 20:00:00;0.0;0.0;0.0;0.05;95.6;1.72;
2022-01-16 21:00:00;0.0;0.0;0.0;-0.54;95.6;1.86;
2022-01-16 22:00:00;0.0;0.0;0.0;-0.66;99.4;1.72;
2022-01-16 23:00:00;0.0;0.0;0.0;-1.01;95.6;2.0;
2022-01-17 00:00:00;0.0;0.0;0.0;-1.23;95.6;2.07;
2022-01-17 01:00:00;0.0;0.0;0.0;-1.34;95.6;2.07;
2022-01-17 02:00:00;0.0;0.0;0.0;-1.36;95.6;2.0;
2022-01-17 03:00:00;0.0;0.0;0.0;-1.37;95.6;2.0;
2022-01-17 04:00:00;0.0;0.0;0.0;-1.57;95.6;1.93;
2022-01-17 05:00:00;0.0;0.0;0.0;-1.14;91.95;2.21;
2022-01-17 06:00:00;0.0;0.0;0.0;0.23;92.0;2.62;
2022-01-17 07:00:00;0.0;0.0;0.0;-0.31;91.95;2.21;
2022-01-17 08:00:00;72.0;50.31;64.0;0.92;85.2;2.83;
2022-01-17 09:00:00;213.0;362.81;113.0;3.76;76.15;3.24;
2022-01-17 10:00:00;333.0;654.25;100.0;6.58;61.0;3.38;
2022-01-17 11:00:00;315.0;354.37;175.0;8.0;39.95;3.52;
2022-01-17 12:00:00;387.0;779.94;83.0;7.97;30.15;3.86;
2022-01-17 13:00:00;120.0;0.0;120.0;7.84;32.55;3.72;
2022-01-17 14:00:00;47.0;0.0;47.0;7.11;36.6;3.45;
2022-01-17 15:00:00;29.0;0.0;29.0;6.2;41.0;3.03;
2022-01-17 16:00:00;0.0;0.0;0.0;4.69;40.6;2.76;
2022-01-17 17:00:00;0.0;0.0;0.0;3.3;41.85;2.62;
2022-01-17 18:00:00;0.0;0.0;0.0;1.74;48.85;2.34;
2022-01-17 19:00:00;0.0;0.0;0.0;1.0;55.05;2.07;
2022-01-17 20:00:00;0.0;0.0;0.0;0.05;59.45;1.93;
2022-01-17 21:00:00;0.0;0.0;0.0;-0.09;61.9;1.72;
2022-01-17 22:00:00;0.0;0.0;0.0;-0.3;64.35;1.72;
2022-01-17 23:00:00;0.0;0.0;0.0;-1.86;72.3;2.28;
2022-01-18 00:00:00;0.0;0.0;0.0;-2.14;75.3;2.55;
2022-01-18 01:00:00;0.0;0.0;0.0;-2.0;72.3;2.62;
2022-01-18 02:00:00;0.0;0.0;0.0;-2.17;72.3;2.41;
2022-01-18 03:00:00;0.0;0.0;0.0;-2.53;72.3;2.34;
2022-01-18 04:00:00;0.0;0.0;0.0;-2.56;75.3;2.41;
2022-01-18 05:00:00;0.0;0.0;0.0;-2.37;75.3;2.55;
2022-01-18 06:00:00;0.0;0.0;0.0;-2.02;75.3;2.76;
2022-01-18 07:00:00;0.0;0.0;0.0;-1.2;75.35;2.9;
2022-01-18 08:00:00;116.0;372.22;56.0;0.17;69.85;2.83;
2022-01-18 09:00:00;237.0;532.14;89.0;3.23;62.6;2.48;
2022-01-18 10:00:00;352.0;791.19;68.0;6.02;54.15;2.28;
2022-01-18 11:00:00;402.0;843.85;66.0;7.6;48.55;2.0;
2022-01-18 12:00:00;398.0;852.16;63.0;7.96;43.25;2.28;
2022-01-18 13:00:00;63.0;0.0;63.0;8.1;43.25;2.14;
2022-01-18 14:00:00;49.0;0.0;49.0;7.87;46.65;1.72;
2022-01-18 15:00:00;29.0;0.0;29.0;6.81;58.65;1.45;
2022-01-18 16:00:00;0.0;0.0;0.0;4.98;63.05;1.79;
2022-01-18 17:00:00;0.0;0.0;0.0;2.83;73.1;2.0;
2022-01-18 18:00:00;0.0;0.0;0.0;2.11;73.0;1.86;
2022-01-18 19:00:00;0.0;0.0;0.0;0.59;85.15;2.07;
2022-01-18 20:00:00;0.0;0.0;0.0;-0.06;85.1;2.21;
2022-01-18 21:00:00;0.0;0.0;0.0;-0.66;88.4;2.28;
2022-01-18 22:00:00;0.0;0.0;0.0;-1.05;88.4;2.34;
2022-01-18 23:00:00;0.0;0.0;0.0;-0.85;88.4;2.34;
2022-01-19 00:00:00;0.0;0.0;0.0;-0.95;88.4;2.41;
2022-01-19 01:00:00;0.0;0.0;0.0;-0.94;88.4;2.34;
2022-01-19 02:00:00;0.0;0.0;0.0;-1.07;88.4;2.41;
2022-01-19 03:00:00;0.0;0.0;0.0;-1.22;91.9;2.34;
2022-01-19 04:00:00;0.0;0.0;0.0;-1.07;88.4;2.34;
2022-01-19 05:00:00;0.0;0.0;0.0;-1.23;91.9;2.34;
2022-01-19 06:00:00;0.0;0.0;0.0;-1.23;91.9;2.28;
2022-01-19 07:00:00;0.0;0.0;0.0;-1.16;91.9;2.41;
2022-01-19 08:00:00;130.0;513.84;46.0;-0.3;91.95;2.0;
2022-01-19 09:00:00;246.0;573.5;85.0;3.69;85.45;1.24;
2022-01-19 10:00:00;364.0;840.06;60.0;7.27;71.15;0.97;
2022-01-19 11:00:00;397.0;777.31;85.0;8.92;61.3;1.52;
2022-01-19 12:00:00;400.0;837.2;68.0;9.99;57.15;1.93;
2022-01-19 13:00:00;54.0;0.0;54.0;10.84;55.15;2.0;
2022-01-19 14:00:00;49.0;0.0;49.0;11.14;53.25;1.93;
2022-01-19 15:00:00;45.0;0.0;45.0;10.23;55.05;2.14;
2022-01-19 16:00:00;0.0;0.0;0.0;8.2;54.65;2.55;
2022-01-19 17:00:00;0.0;0.0;0.0;5.7;54.05;2.62;
2022-01-19 18:00:00;0.0;0.0;0.0;3.68;57.95;2.55;
2022-01-19 19:00:00;0.0;0.0;0.0;2.62;60.05;2.76;
2022-01-19 20:00:00;0.0;0.0;0.0;1.59;64.8;2.76;
2022-01-19 21:00:00;0.0;0.0;0.0;0.73;69.95;2.76;
2022-01-19 22:00:00;0.0;0.0;0.0;0.01;72.65;2.69;
2022-01-19 23:00:00;0.0;0.0;0.0;-0.55;78.6;2.69;
2022-01-20 00:00:00;0.0;0.0;0.0;-0.97;81.7;2.62;
2022-01-20 01:00:00;0.0;0.0;0.0;-0.84;81.7;2.69;
2022-01-20 02:00:00;0.0;0.0;0.0;-0.99;81.7;2.62;
2022-01-20 03:00:00;0.0;0.0;0.0;-1.44;81.65;2.55;
2022-01-20 04:00:00;0.0;0.0;0.0;-1.78;84.85;2.48;
2022-01-20 05:00:00;0.0;0.0;0.0;-1.97;81.55;2.55;
2022-01-20 06:00:00;0.0;0.0;0.0;-1.99;81.55;2.69;
2022-01-20 07:00:00;0.0;0.0;0.0;-1.69;81.55;2.41;
2022-01-20 08:00:00;130.0;470.26;52.0;-1.08;81.7;2.07;
2022-01-20 09:00:00;261.0;670.31;71.0;1.99;82.05;1.52;
2022-01-20 10:00:00;362.0;794.72;72.0;5.31;65.55;1.17;
2022-01-20 11:00:00;268.0;168.03;200.0;6.43;58.65;1.1;
2022-01-20 12:00:00;356.0;532.39;143.0;7.01;58.8;1.52;
2022-01-20 13:00:00;73.0;0.0;73.0;7.25;61.1;1.59;
2022-01-20 14:00:00;103.0;0.0;103.0;7.19;61.1;1.45;
2022-01-20 15:00:00;10.0;0.0;10.0;6.57;68.4;1.1;
2022-01-20 16:00:00;0.0;0.0;0.0;5.83;70.85;0.07;
2022-01-20 17:00:00;0.0;0.0;0.0;2.63;88.65;1.59;
2022-01-20 18:00:00;0.0;0.0;0.0;1.65;88.6;1.86;
2022-01-20 19:00:00;0.0;0.0;0.0;2.14;88.65;1.72;
2022-01-20 20:00:00;0.0;0.0;0.0;1.42;85.25;1.79;
2022-01-20 21:00:00;0.0;0.0;0.0;1.04;88.55;1.93;
2022-01-20 22:00:00;0.0;0.0;0.0;1.3;88.55;2.28;
2022-01-20 23:00:00;0.0;0.0;0.0;1.55;88.6;2.41;
2022-01-21 00:00:00;0.0;0.0;0.0;1.37;88.6;2.07;
2022-01-21 01:00:00;0.0;0.0;0.0;0.85;88.55;2.21;
2022-01-21 02:00:00;0.0;0.0;0.0;0.99;92.05;2.14;
2022-01-21 03:00:00;0.0;0.0;0.0;0.82;95.65;1.93;
2022-01-21 04:00:00;0.0;0.0;0.0;0.39;92.0;2.14;
2022-01-21 05:00:00;0.0;0.0;0.0;0.18;92.0;2.28;
2022-01-21 06:00:00;0.0;0.0;0.0;0.01;88.45;2.48;
2022-01-21 07:00:00;0.0;0.0;0.0;0.88;88.55;2.55;
2022-01-21 08:00:00;94.0;136.61;71.0;2.19;88.65;2.69;
2022-01-21 09:00:00;254.0;611.3;79.0;4.74;79.3;2.76;
2022-01-21 10:00:00;364.0;817.84;63.0;7.76;71.25;2.69;
2022-01-21 11:00:00;413.0;855.2;64.0;10.42;61.65;2.97;
2022-01-21 12:00:00;412.0;874.4;59.0;11.61;51.35;3.38;
2022-01-21 13:00:00;60.0;0.0;60.0;11.83;47.6;3.59;
2022-01-21 14:00:00;47.0;0.0;47.0;11.41;45.7;4.07;
2022-01-21 15:00:00;30.0;0.0;30.0;10.35;43.7;3.45;
2022-01-21 16:00:00;0.0;0.0;0.0;8.61;43.25;2.69;
2022-01-21 17:00:00;0.0;0.0;0.0;6.32;50.05;2.34;
2022-01-21 18:00:00;0.0;0.0;0.0;4.07;60.4;2.41;
2022-01-21 19:00:00;0.0;0.0;0.0;3.86;65.2;2.69;
2022-01-21 20:00:00;0.0;0.0;0.0;4.01;60.4;2.97;
2022-01-21 21:00:00;0.0;0.0;0.0;4.23;60.4;2.9;
2022-01-21 22:00:00;0.0;0.0;0.0;4.36;60.4;2.62;
2022-01-21 23:00:00;0.0;0.0;0.0;4.14;60.4;2.34;
2022-01-22 00:00:00;0.0;0.0;0.0;3.49;62.7;2.14;
2022-01-22 01:00:00;0.0;0.0;0.0;2.76;73.1;2.14;
2022-01-22 02:00:00;0.0;0.0;0.0;2.58;76.0;2.07;
2022-01-22 03:00:00;0.0;0.0;0.0;2.49;79.0;2.07;
2022-01-22 04:00:00;0.0;0.0;0.0;2.83;82.15;1.93;
2022-01-22 05:00:00;0.0;0.0;0.0;2.67;85.35;2.0;
2022-01-22 06:00:00;0.0;0.0;0.0;2.17;88.65;2.0;
2022-01-22 07:00:00;0.0;0.0;0.0;1.95;75.95;2.07;
2022-01-22 08:00:00;143.0;619.98;37.0;2.39;82.15;1.79;
2022-01-22 09:00:00;274.0;774.54;50.0;4.72;79.3;1.45;
2022-01-22 10:00:00;364.0;808.03;64.0;6.4;65.75;0.69;
2022-01-22 11:00:00;360.0;527.22;143.0;7.0;56.55;0.48;
2022-01-22 12:00:00;375.0;635.73;116.0;7.22;56.55;0.83;
2022-01-22 13:00:00;159.0;0.0;159.0;7.31;58.8;0.83;
2022-01-22 14:00:00;48.0;0.0;48.0;7.15;61.1;0.48;
2022-01-22 15:00:00;34.0;0.0;34.0;7.07;63.5;0.14;
2022-01-22 16:00:00;0.0;0.0;0.0;6.2;70.95;0.76;
2022-01-22 17:00:00;0.0;0.0;0.0;4.3;82.3;1.31;
2022-01-22 18:00:00;0.0;0.0;0.0;2.71;88.65;1.66;
2022-01-22 19:00:00;0.0;0.0;0.0;2.12;88.65;1.72;
2022-01-22 20:00:00;0.0;0.0;0.0;1.12;92.05;1.93;
2022-01-22 21:00:00;0.0;0.0;0.0;0.62;95.65;1.93;
2022-01-22 22:00:00;0.0;0.0;0.0;0.41;92.0;1.79;
2022-01-22 23:00:00;0.0;0.0;0.0;0.34;95.6;1.66;
2022-01-23 00:00:00;0.0;0.0;0.0;0.28;95.6;1.66;
2022-01-23 01:00:00;0.0;0.0;0.0;-0.03;92.0;1.72;
2022-01-23 02:00:00;0.0;0.0;0.0;-0.28;95.6;1.72;
2022-01-23 03:00:00;0.0;0.0;0.0;-0.92;95.6;1.86;
2022-01-23 04:00:00;0.0;0.0;0.0;-1.67;99.4;2.0;
2022-01-23 05:00:00;0.0;0.0;0.0;-2.04;95.55;2.0;
2022-01-23 06:00:00;0.0;0.0;0.0;-2.07;95.55;2.07;
2022-01-23 07:00:00;3.0;0.0;3.0;-1.82;95.55;2.07;
2022-01-23 08:00:00;148.0;639.08;37.0;-0.44;91.95;1.72;
2022-01-23 09:00:00;281.0;787.03;51.0;4.35;85.5;1.38;
2022-01-23 10:00:00;376.0;840.88;61.0;8.66;74.05;0.97;
2022-01-23 11:00:00;424.0;864.68;65.0;10.79;66.55;0.62;
2022-01-23 12:00:00;400.0;744.17;94.0;11.89;64.35;0.76;
2022-01-23 13:00:00;170.0;0.0;170.0;11.88;64.35;1.59;
2022-01-23 14:00:00;111.0;0.0;111.0;11.08;66.65;2.21;
2022-01-23 15:00:00;38.0;0.0;38.0;9.73;74.2;2.14;
2022-01-23 16:00:00;0.0;0.0;0.0;7.75;76.8;1.79;
2022-01-23 17:00:00;0.0;0.0;0.0;5.84;88.9;1.45;
2022-01-23 18:00:00;0.0;0.0;0.0;4.4;85.55;1.45;
2022-01-23 19:00:00;0.0;0.0;0.0;5.02;82.4;1.38;
2022-01-23 20:00:00;0.0;0.0;0.0;6.07;79.5;1.17;
2022-01-23 21:00:00;0.0;0.0;0.0;5.76;79.4;1.24;
2022-01-23 22:00:00;0.0;0.0;0.0;4.54;82.35;1.38;
2022-01-23 23:00:00;0.0;0.0;0.0;2.69;92.15;1.72;
2022-01-24 00:00:00;0.0;0.0;0.0;1.2;95.65;2.07;
2022-01-24 01:00:00;0.0;0.0;0.0;0.09;95.6;2.14;
2022-01-24 02:00:00;0.0;0.0;0.0;-0.54;95.6;2.07;
2022-01-24 03:00:00;0.0;0.0;0.0;-1.05;95.6;2.07;
2022-01-24 04:00:00;0.0;0.0;0.0;-1.45;99.4;1.93;
2022-01-24 05:00:00;0.0;0.0;0.0;-1.58;99.4;1.72;
2022-01-24 06:00:00;0.0;0.0;0.0;-1.07;99.4;1.66;
2022-01-24 07:00:00;3.0;0.0;3.0;-0.23;100.0;1.93;
2022-01-24 08:00:00;145.0;572.2;44.0;0.59;99.4;1.72;
2022-01-24 09:00:00;281.0;768.51;54.0;3.28;88.7;1.24;
2022-01-24 10:00:00;373.0;809.45;67.0;5.98;76.55;0.55;
2022-01-24 11:00:00;425.0;859.47;65.0;7.75;71.25;0.55;
2022-01-24 12:00:00;427.0;891.42;57.0;8.49;68.7;0.83;
2022-01-24 13:00:00;367.0;844.89;57.0;8.98;68.8;0.9;
2022-01-24 14:00:00;69.0;0.0;69.0;9.13;68.8;0.76;
2022-01-24 15:00:00;38.0;0.0;38.0;8.9;71.35;0.83;
2022-01-24 16:00:00;0.0;0.0;0.0;7.78;76.8;1.17;
2022-01-24 17:00:00;0.0;0.0;0.0;6.65;79.55;0.76;
2022-01-24 18:00:00;0.0;0.0;0.0;6.34;82.55;0.76;
2022-01-24 19:00:00;0.0;0.0;0.0;2.9;88.7;1.66;
2022-01-24 20:00:00;0.0;0.0;0.0;1.5;92.05;1.86;
2022-01-24 21:00:00;0.0;0.0;0.0;0.35;95.65;2.0;
2022-01-24 22:00:00;0.0;0.0;0.0;-0.11;95.6;1.86;
2022-01-24 23:00:00;0.0;0.0;0.0;-0.51;95.6;1.86;
2022-01-25 00:00:00;0.0;0.0;0.0;-0.79;99.4;1.86;
2022-01-25 01:00:00;0.0;0.0;0.0;-0.63;95.6;1.79;
2022-01-25 02:00:00;0.0;0.0;0.0;-0.69;99.4;1.86;
2022-01-25 03:00:00;0.0;0.0;0.0;-0.41;99.4;1.86;
2022-01-25 04:00:00;0.0;0.0;0.0;-0.19;99.4;1.93;
2022-01-25 05:00:00;0.0;0.0;0.0;0.05;99.4;1.93;
2022-01-25 06:00:00;0.0;0.0;0.0;0.64;95.65;1.86;
2022-01-25 07:00:00;1.0;0.0;1.0;2.05;88.65;1.86;
2022-01-25 08:00:00;21.0;0.0;21.0;3.01;88.7;1.52;
2022-01-25 09:00:00;60.0;0.0;60.0;5.16;82.4;1.1;
2022-01-25 10:00:00;52.0;0.0;52.0;6.56;79.55;0.97;
2022-01-25 11:00:00;44.0;0.0;44.0;8.11;66.15;0.69;
2022-01-25 12:00:00;133.0;0.0;133.0;7.94;71.35;0.28;
2022-01-25 13:00:00;36.0;0.0;36.0;8.38;68.7;0.21;
2022-01-25 14:00:00;25.0;0.0;25.0;8.16;68.7;0.21;
2022-01-25 15:00:00;32.0;0.0;32.0;7.38;82.65;0.41;
2022-01-25 16:00:00;0.0;0.0;0.0;6.96;82.65;0.48;
2022-01-25 17:00:00;0.0;0.0;0.0;6.48;82.6;0.76;
2022-01-25 18:00:00;0.0;0.0;0.0;5.8;92.3;1.1;
2022-01-25 19:00:00;0.0;0.0;0.0;5.83;88.9;0.9;
2022-01-25 20:00:00;0.0;0.0;0.0;6.17;85.7;0.76;
2022-01-25 21:00:00;0.0;0.0;0.0;6.28;85.7;0.76;
2022-01-25 22:00:00;0.0;0.0;0.0;5.87;88.9;0.9;
2022-01-25 23:00:00;0.0;0.0;0.0;5.58;88.9;0.97;
2022-01-26 00:00:00;0.0;0.0;0.0;5.5;88.9;1.03;
2022-01-26 01:00:00;0.0;0.0;0.0;5.34;92.25;1.03;
2022-01-26 02:00:00;0.0;0.0;0.0;5.35;92.25;1.03;
2022-01-26 03:00:00;0.0;0.0;0.0;5.36;92.25;0.97;
2022-01-26 04:00:00;0.0;0.0;0.0;5.44;88.9;0.97;
2022-01-26 05:00:00;0.0;0.0;0.0;5.32;92.25;1.03;
2022-01-26 06:00:00;0.0;0.0;0.0;5.28;92.25;1.1;
2022-01-26 07:00:00;3.0;0.0;3.0;5.28;92.25;0.76;
2022-01-26 08:00:00;40.0;0.0;40.0;6.0;92.3;0.34;
2022-01-26 09:00:00;61.0;0.0;61.0;6.38;92.3;0.28;
2022-01-26 10:00:00;56.0;0.0;56.0;6.48;92.35;0.41;
2022-01-26 11:00:00;54.0;0.0;54.0;7.19;85.8;0.97;
2022-01-26 12:00:00;40.0;0.0;40.0;7.43;85.85;1.17;
2022-01-26 13:00:00;127.0;2.67;126.0;7.47;89.05;1.17;
2022-01-26 14:00:00;36.0;0.0;36.0;7.72;89.05;1.24;
2022-01-26 15:00:00;60.0;0.0;60.0;7.54;89.05;0.97;
2022-01-26 16:00:00;0.0;0.0;0.0;7.1;92.35;1.17;
2022-01-26 17:00:00;0.0;0.0;0.0;6.89;92.35;1.66;
2022-01-26 18:00:00;0.0;0.0;0.0;6.6;92.35;1.52;
2022-01-26 19:00:00;0.0;0.0;0.0;5.47;92.3;1.31;
2022-01-26 20:00:00;0.0;0.0;0.0;5.33;95.75;1.38;
2022-01-26 21:00:00;0.0;0.0;0.0;4.99;95.75;1.24;
2022-01-26 22:00:00;0.0;0.0;0.0;4.77;95.75;1.1;
2022-01-26 23:00:00;0.0;0.0;0.0;4.95;95.75;1.1;
2022-01-27 00:00:00;0.0;0.0;0.0;5.16;95.75;1.31;
2022-01-27 01:00:00;0.0;0.0;0.0;5.38;95.75;1.45;
2022-01-27 02:00:00;0.0;0.0;0.0;5.47;92.3;1.45;
2022-01-27 03:00:00;0.0;0.0;0.0;5.56;92.3;1.45;
2022-01-27 04:00:00;0.0;0.0;0.0;5.52;92.3;1.45;
2022-01-27 05:00:00;0.0;0.0;0.0;5.33;95.75;1.45;
2022-01-27 06:00:00;0.0;0.0;0.0;5.41;92.3;1.31;
2022-01-27 07:00:00;3.0;0.0;3.0;5.48;88.9;1.59;
2022-01-27 08:00:00;49.0;0.0;49.0;5.92;88.95;1.17;
2022-01-27 09:00:00;105.0;3.27;104.0;7.42;85.85;1.03;
2022-01-27 10:00:00;84.0;0.0;84.0;8.74;82.75;0.97;
2022-01-27 11:00:00;217.0;48.79;196.0;9.68;79.9;1.03;
2022-01-27 12:00:00;367.0;493.97;156.0;10.42;77.1;1.31;
2022-01-27 13:00:00;340.0;603.74;111.0;11.01;71.75;1.45;
2022-01-27 14:00:00;44.0;0.0;44.0;11.07;71.75;1.79;
2022-01-27 15:00:00;31.0;0.0;31.0;10.69;77.15;1.79;
2022-01-27 16:00:00;0.0;0.0;0.0;9.37;85.95;1.66;
2022-01-27 17:00:00;0.0;0.0;0.0;7.56;89.05;1.31;
2022-01-27 18:00:00;0.0;0.0;0.0;7.29;89.0;0.9;
2022-01-27 19:00:00;0.0;0.0;0.0;5.69;88.9;1.31;
2022-01-27 20:00:00;0.0;0.0;0.0;4.5;92.25;1.59;
2022-01-27 21:00:00;0.0;0.0;0.0;3.09;92.15;2.0;
2022-01-27 22:00:00;0.0;0.0;0.0;2.12;95.65;2.0;
2022-01-27 23:00:00;0.0;0.0;0.0;1.43;95.65;2.0;
2022-01-28 00:00:00;0.0;0.0;0.0;0.94;95.65;2.0;
2022-01-28 01:00:00;0.0;0.0;0.0;0.51;95.65;2.0;
2022-01-28 02:00:00;0.0;0.0;0.0;0.24;99.4;2.0;
2022-01-28 03:00:00;0.0;0.0;0.0;0.08;95.6;2.0;
2022-01-28 04:00:00;0.0;0.0;0.0;-0.24;100.0;1.86;
2022-01-28 05:00:00;0.0;0.0;0.0;-0.21;100.0;1.79;
2022-01-28 06:00:00;0.0;0.0;0.0;0.06;99.4;1.79;
2022-01-28 07:00:00;8.0;0.0;8.0;0.98;92.05;1.86;
2022-01-28 08:00:00;105.0;127.09;81.0;1.93;92.1;1.38;
2022-01-28 09:00:00;151.0;51.79;135.0;5.64;82.5;0.83;
2022-01-28 10:00:00;201.0;53.48;180.0;8.39;63.7;0.41;
2022-01-28 11:00:00;302.0;209.46;211.0;9.69;63.9;0.07;
2022-01-28 12:00:00;442.0;876.36;64.0;10.47;61.75;0.41;
2022-01-28 13:00:00;388.0;868.17;55.0;11.06;64.25;0.62;
2022-01-28 14:00:00;49.0;0.0;49.0;11.41;66.65;0.62;
2022-01-28 15:00:00;32.0;0.0;32.0;11.16;69.15;0.69;
2022-01-28 16:00:00;0.0;0.0;0.0;10.05;77.1;0.97;
2022-01-28 17:00:00;0.0;0.0;0.0;9.04;79.85;0.34;
2022-01-28 18:00:00;0.0;0.0;0.0;8.16;79.75;0.76;
2022-01-28 19:00:00;0.0;0.0;0.0;4.53;88.85;1.79;
2022-01-28 20:00:00;0.0;0.0;0.0;2.84;92.15;2.21;
2022-01-28 21:00:00;0.0;0.0;0.0;1.88;92.1;2.21;
2022-01-28 22:00:00;0.0;0.0;0.0;1.35;99.35;2.0;
2022-01-28 23:00:00;0.0;0.0;0.0;1.23;99.35;1.86;
2022-01-29 00:00:00;0.0;0.0;0.0;1.35;99.35;1.79;
2022-01-29 01:00:00;0.0;0.0;0.0;1.46;92.05;1.86;
2022-01-29 02:00:00;0.0;0.0;0.0;1.64;92.05;1.86;
2022-01-29 03:00:00;0.0;0.0;0.0;1.59;92.05;1.79;
2022-01-29 04:00:00;0.0;0.0;0.0;1.41;92.05;1.79;
2022-01-29 05:00:00;0.0;0.0;0.0;1.25;95.65;1.79;
2022-01-29 06:00:00;0.0;0.0;0.0;1.27;95.65;1.79;
2022-01-29 07:00:00;10.0;0.0;10.0;1.29;88.55;1.86;
2022-01-29 08:00:00;163.0;614.03;45.0;2.51;88.65;1.31;
2022-01-29 09:00:00;296.0;748.68;62.0;6.2;76.55;0.62;
2022-01-29 10:00:00;401.0;857.33;61.0;8.56;61.3;0.14;
2022-01-29 11:00:00;456.0;907.55;58.0;9.49;59.25;0.41;
2022-01-29 12:00:00;450.0;893.06;61.0;10.16;64.0;0.9;
2022-01-29 13:00:00;394.0;873.97;55.0;10.55;69.1;0.9;
2022-01-29 14:00:00;49.0;0.0;49.0;10.77;71.7;0.9;
2022-01-29 15:00:00;34.0;0.0;34.0;10.54;74.4;0.9;
2022-01-29 16:00:00;0.0;0.0;0.0;9.55;79.9;0.97;
2022-01-29 17:00:00;0.0;0.0;0.0;7.69;89.05;0.9;
2022-01-29 18:00:00;0.0;0.0;0.0;5.67;92.3;1.59;
2022-01-29 19:00:00;0.0;0.0;0.0;4.59;92.25;1.79;
2022-01-29 20:00:00;0.0;0.0;0.0;3.27;95.7;1.93;
2022-01-29 21:00:00;0.0;0.0;0.0;2.7;95.7;1.79;
2022-01-29 22:00:00;0.0;0.0;0.0;2.47;92.15;1.79;
2022-01-29 23:00:00;0.0;0.0;0.0;1.4;99.4;1.86;
2022-01-30 00:00:00;0.0;0.0;0.0;1.1;99.35;1.79;
2022-01-30 01:00:00;0.0;0.0;0.0;1.28;100.0;1.86;
2022-01-30 02:00:00;0.0;0.0;0.0;1.64;99.4;1.79;
2022-01-30 03:00:00;0.0;0.0;0.0;1.29;99.35;1.86;
2022-01-30 04:00:00;0.0;0.0;0.0;1.17;99.35;1.79;
2022-01-30 05:00:00;0.0;0.0;0.0;0.66;95.65;1.86;
2022-01-30 06:00:00;0.0;0.0;0.0;0.6;95.65;1.72;
2022-01-30 07:00:00;4.0;0.0;4.0;0.78;100.0;1.31;
2022-01-30 08:00:00;176.0;710.61;37.0;1.84;99.4;1.1;
2022-01-30 09:00:00;252.0;398.39;126.0;5.19;88.85;0.76;
2022-01-30 10:00:00;418.0;921.22;49.0;6.74;85.75;0.14;
2022-01-30 11:00:00;460.0;896.72;63.0;7.8;82.7;0.55;
2022-01-30 12:00:00;442.0;809.28;86.0;8.74;82.75;0.9;
2022-01-30 13:00:00;360.0;616.92;118.0;9.21;79.85;0.97;
2022-01-30 14:00:00;132.0;0.0;132.0;9.36;79.85;1.24;
2022-01-30 15:00:00;63.0;0.0;63.0;9.04;79.85;1.31;
2022-01-30 16:00:00;0.0;0.0;0.0;8.07;82.75;0.97;
2022-01-30 17:00:00;0.0;0.0;0.0;6.82;92.35;0.48;
2022-01-30 18:00:00;0.0;0.0;0.0;6.31;95.8;0.69;
2022-01-30 19:00:00;0.0;0.0;0.0;6.68;95.8;0.83;
2022-01-30 20:00:00;0.0;0.0;0.0;6.27;95.8;1.1;
2022-01-30 21:00:00;0.0;0.0;0.0;6.12;95.8;1.03;
2022-01-30 22:00:00;0.0;0.0;0.0;5.66;95.75;1.03;
2022-01-30 23:00:00;0.0;0.0;0.0;5.39;95.75;0.97;
2022-01-31 00:00:00;0.0;0.0;0.0;5.08;95.75;1.03;
2022-01-31 01:00:00;0.0;0.0;0.0;5.1;95.75;1.1;
2022-01-31 02:00:00;0.0;0.0;0.0;4.41;95.75;1.31;
2022-01-31 03:00:00;0.0;0.0;0.0;4.0;95.75;1.38;
2022-01-31 04:00:00;0.0;0.0;0.0;3.58;95.7;1.45;
2022-01-31 05:00:00;0.0;0.0;0.0;3.61;95.7;1.38;
2022-01-31 06:00:00;0.0;0.0;0.0;3.59;95.7;1.38;
2022-01-31 07:00:00;7.0;0.0;7.0;3.42;92.15;1.24;
2022-01-31 08:00:00;84.0;35.15;77.0;4.11;88.8;1.03;
2022-01-31 09:00:00;114.0;6.25;112.0;5.98;82.55;0.83;
2022-01-31 10:00:00;128.0;0.0;128.0;6.78;79.55;0.69;
2022-01-31 11:00:00;122.0;0.0;122.0;7.93;71.35;0.48;
2022-01-31 12:00:00;116.0;0.0;116.0;8.37;71.35;0.48;
2022-01-31 13:00:00;138.0;2.52;137.0;8.32;71.35;0.48;
2022-01-31 14:00:00;76.0;0.0;76.0;8.4;74.05;0.55;
2022-01-31 15:00:00;61.0;0.0;61.0;8.21;74.05;0.55;
2022-01-31 16:00:00;1.0;0.0;1.0;7.05;83.45;0.6;
2022-01-31 17:00:00;0.0;0.0;0.0;6.66;84.57;0.71;
2022-01-31 18:00:00;0.0;0.0;0.0;6.28;85.69;0.82;
2022-01-31 19:00:00;0.0;0.0;0.0;5.89;86.81;0.93;
2022-01-31 20:00:00;0.0;0.0;0.0;5.51;87.93;1.04;
2022-01-31 21:00:00;0.0;0.0;0.0;5.12;89.05;1.14;
2022-01-31 22:00:00;0.0;0.0;0.0;4.74;90.17;1.25;
2022-01-31 23:00:00;0.0;0.0;0.0;4.35;91.29;1.36;
2022-02-01 00:00:00;0.0;0.0;0.0;3.97;92.41;1.47;
2022-02-01 01:00:00;0.0;0.0;0.0;3.58;93.53;1.58;
2022-02-01 02:00:00;0.0;0.0;0.0;3.2;94.65;1.68;
2022-02-01 03:00:00;0.0;0.0;0.0;2.81;95.77;1.79;
2022-02-01 04:00:00;0.0;0.0;0.0;2.42;96.89;1.9;
2022-02-01 05:00:00;0.0;0.0;0.0;2.04;98.01;2.01;
2022-02-01 06:00:00;0.0;0.0;0.0;1.65;99.13;2.12;
2022-02-01 07:00:00;10.0;0.0;10.0;1.27;100.0;2.22;
2022-02-01 08:00:00;69.0;9.86;67.0;5.7;92.3;1.24;
2022-02-01 09:00:00;142.0;27.78;133.0;7.6;85.85;0.97;
2022-02-01 10:00:00;138.0;2.45;137.0;8.45;89.1;0.76;
2022-02-01 11:00:00;183.0;13.29;177.0;9.58;79.9;0.48;
2022-02-01 12:00:00;132.0;0.0;132.0;9.75;82.9;0.76;
2022-02-01 13:00:00;185.0;32.4;172.0;10.16;79.95;0.9;
2022-02-01 14:00:00;53.0;0.0;53.0;10.44;74.4;0.97;
2022-02-01 15:00:00;65.0;0.0;65.0;10.27;79.95;1.17;
2022-02-01 16:00:00;1.0;0.0;1.0;9.59;82.9;1.31;
2022-02-01 17:00:00;0.0;0.0;0.0;8.27;89.05;1.59;
2022-02-01 18:00:00;0.0;0.0;0.0;6.93;89.0;1.79;
2022-02-01 19:00:00;0.0;0.0;0.0;5.92;92.3;1.72;
2022-02-01 20:00:00;0.0;0.0;0.0;4.85;95.75;1.79;
2022-02-01 21:00:00;0.0;0.0;0.0;4.01;95.75;1.86;
2022-02-01 22:00:00;0.0;0.0;0.0;3.19;99.4;1.93;
2022-02-01 23:00:00;0.0;0.0;0.0;2.69;99.4;2.0;
2022-02-02 00:00:00;0.0;0.0;0.0;2.27;99.4;2.07;
2022-02-02 01:00:00;0.0;0.0;0.0;1.57;95.65;2.07;
2022-02-02 02:00:00;0.0;0.0;0.0;1.15;99.35;2.07;
2022-02-02 03:00:00;0.0;0.0;0.0;1.08;95.65;2.07;
2022-02-02 04:00:00;0.0;0.0;0.0;0.87;95.65;2.14;
2022-02-02 05:00:00;0.0;0.0;0.0;1.05;95.65;2.21;
2022-02-02 06:00:00;0.0;0.0;0.0;1.65;95.65;2.14;
2022-02-02 07:00:00;23.0;88.04;18.0;1.17;92.05;1.93;
2022-02-02 08:00:00;169.0;532.72;59.0;3.12;88.7;1.38;
2022-02-02 09:00:00;279.0;518.33;109.0;6.15;85.7;0.97;
2022-02-02 10:00:00;343.0;435.86;163.0;9.12;76.95;0.9;
2022-02-02 11:00:00;414.0;583.71;148.0;11.08;66.65;1.17;
2022-02-02 12:00:00;418.0;619.98;137.0;12.05;62.1;1.17;
2022-02-02 13:00:00;396.0;771.4;83.0;12.17;64.45;1.17;
2022-02-02 14:00:00;137.0;0.0;137.0;12.49;62.2;1.31;
2022-02-02 15:00:00;66.0;0.0;66.0;12.34;64.45;1.31;
2022-02-02 16:00:00;8.0;0.0;8.0;10.9;74.4;1.66;
2022-02-02 17:00:00;0.0;0.0;0.0;9.05;79.85;1.86;
2022-02-02 18:00:00;0.0;0.0;0.0;7.29;85.8;2.0;
2022-02-02 19:00:00;0.0;0.0;0.0;6.56;89.0;1.79;
2022-02-02 20:00:00;0.0;0.0;0.0;5.06;92.25;2.14;
2022-02-02 21:00:00;0.0;0.0;0.0;4.26;95.75;2.14;
2022-02-02 22:00:00;0.0;0.0;0.0;3.48;92.15;2.14;
2022-02-02 23:00:00;0.0;0.0;0.0;3.06;95.7;2.14;
2022-02-03 00:00:00;0.0;0.0;0.0;3.07;95.7;2.07;
2022-02-03 01:00:00;0.0;0.0;0.0;3.24;95.7;2.07;
2022-02-03 02:00:00;0.0;0.0;0.0;3.71;95.7;1.93;
2022-02-03 03:00:00;0.0;0.0;0.0;3.48;92.15;2.14;
2022-02-03 04:00:00;0.0;0.0;0.0;3.8;95.7;2.28;
2022-02-03 05:00:00;0.0;0.0;0.0;4.2;92.2;2.28;
2022-02-03 06:00:00;0.0;0.0;0.0;4.76;92.25;2.41;
2022-02-03 07:00:00;26.0;116.04;19.0;3.99;88.8;2.34;
2022-02-03 08:00:00;172.0;532.57;60.0;5.09;88.85;1.86;
2022-02-03 09:00:00;311.0;713.75;74.0;9.33;79.85;1.59;
2022-02-03 10:00:00;403.0;740.52;94.0;12.24;71.95;1.45;
2022-02-03 11:00:00;455.0;782.32;95.0;14.49;62.65;1.31;
2022-02-03 12:00:00;459.0;814.75;86.0;15.81;60.65;1.66;
2022-02-03 13:00:00;394.0;733.51;93.0;16.44;58.6;2.07;
2022-02-03 14:00:00;81.0;0.0;81.0;16.27;62.95;1.93;
2022-02-03 15:00:00;72.0;0.0;72.0;15.93;65.15;1.86;
2022-02-03 16:00:00;9.0;0.0;9.0;14.16;69.75;2.21;
2022-02-03 17:00:00;0.0;0.0;0.0;12.42;77.35;2.34;
2022-02-03 18:00:00;0.0;0.0;0.0;10.84;83.0;2.69;
2022-02-03 19:00:00;0.0;0.0;0.0;9.71;89.15;2.34;
2022-02-03 20:00:00;0.0;0.0;0.0;8.64;92.4;2.34;
2022-02-03 21:00:00;0.0;0.0;0.0;7.54;89.05;2.21;
2022-02-03 22:00:00;0.0;0.0;0.0;6.64;92.35;2.0;
2022-02-03 23:00:00;0.0;0.0;0.0;5.64;92.3;2.07;
2022-02-04 00:00:00;0.0;0.0;0.0;5.33;92.25;1.86;
2022-02-04 01:00:00;0.0;0.0;0.0;5.27;88.85;1.72;
2022-02-04 02:00:00;0.0;0.0;0.0;5.58;88.9;1.45;
2022-02-04 03:00:00;0.0;0.0;0.0;6.37;85.7;1.17;
2022-02-04 04:00:00;0.0;0.0;0.0;6.96;82.65;0.9;
2022-02-04 05:00:00;0.0;0.0;0.0;4.97;88.85;1.38;
2022-02-04 06:00:00;0.0;0.0;0.0;5.2;95.75;2.76;
2022-02-04 07:00:00;29.0;140.73;20.0;5.53;92.3;3.45;
2022-02-04 08:00:00;180.0;555.55;61.0;8.29;79.7;5.1;
2022-02-04 09:00:00;323.0;743.59;73.0;10.91;38.95;6.41;
2022-02-04 10:00:00;417.0;768.41;93.0;11.68;28.6;6.28;
2022-02-04 11:00:00;465.0;779.0;103.0;11.38;28.45;6.62;
2022-02-04 12:00:00;470.0;821.74;90.0;10.96;27.3;6.41;
2022-02-04 13:00:00;411.0;778.31;88.0;10.31;28.15;5.86;
2022-02-04 14:00:00;94.0;0.0;94.0;9.8;29.2;5.24;
2022-02-04 15:00:00;53.0;0.0;53.0;9.22;31.55;3.86;
2022-02-04 16:00:00;13.0;0.0;13.0;8.14;32.55;2.69;
2022-02-04 17:00:00;0.0;0.0;0.0;6.49;35.0;2.55;
2022-02-04 18:00:00;0.0;0.0;0.0;5.48;37.7;2.69;
2022-02-04 19:00:00;0.0;0.0;0.0;5.73;34.75;3.86;
2022-02-04 20:00:00;0.0;0.0;0.0;5.27;34.6;3.52;
2022-02-04 21:00:00;0.0;0.0;0.0;4.6;35.9;3.24;
2022-02-04 22:00:00;0.0;0.0;0.0;3.67;40.3;2.9;
2022-02-04 23:00:00;0.0;0.0;0.0;2.76;45.3;2.9;
2022-02-05 00:00:00;0.0;0.0;0.0;2.04;51.0;2.83;
2022-02-05 01:00:00;0.0;0.0;0.0;1.33;57.35;2.69;
2022-02-05 02:00:00;0.0;0.0;0.0;1.02;59.7;2.69;
2022-02-05 03:00:00;0.0;0.0;0.0;0.65;62.0;2.62;
2022-02-05 04:00:00;0.0;0.0;0.0;0.15;67.1;2.62;
2022-02-05 05:00:00;0.0;0.0;0.0;0.06;67.1;2.76;
2022-02-05 06:00:00;0.0;0.0;0.0;0.26;64.45;2.97;
2022-02-05 07:00:00;36.0;206.88;22.0;1.03;62.15;3.17;
2022-02-05 08:00:00;196.0;646.21;55.0;3.25;60.15;3.1;
2022-02-05 09:00:00;343.0;810.7;67.0;7.49;44.85;3.45;
2022-02-05 10:00:00;439.0;823.76;88.0;9.71;29.2;5.31;
2022-02-05 11:00:00;488.0;833.16;97.0;10.19;23.9;6.9;
2022-02-05 12:00:00;491.0;860.61;89.0;10.3;22.95;7.52;
2022-02-05 13:00:00;432.0;831.57;83.0;10.21;21.1;7.86;
2022-02-05 14:00:00;72.0;0.0;72.0;9.85;21.85;7.93;
2022-02-05 15:00:00;58.0;0.0;58.0;9.2;23.65;7.79;
2022-02-05 16:00:00;15.0;0.0;15.0;8.26;23.4;7.38;
2022-02-05 17:00:00;0.0;0.0;0.0;7.42;21.5;5.66;
2022-02-05 18:00:00;0.0;0.0;0.0;6.52;24.1;3.24;
2022-02-05 19:00:00;0.0;0.0;0.0;5.92;29.6;3.59;
2022-02-05 20:00:00;0.0;0.0;0.0;4.9;34.6;2.9;
2022-02-05 21:00:00;0.0;0.0;0.0;3.9;38.85;3.17;
2022-02-05 22:00:00;0.0;0.0;0.0;3.51;40.3;3.38;
2022-02-05 23:00:00;0.0;0.0;0.0;2.97;41.85;3.17;
2022-02-06 00:00:00;0.0;0.0;0.0;2.2;47.05;2.83;
2022-02-06 01:00:00;0.0;0.0;0.0;1.18;50.75;2.69;
2022-02-06 02:00:00;0.0;0.0;0.0;0.36;52.75;2.62;
2022-02-06 03:00:00;0.0;0.0;0.0;-0.47;59.35;2.48;
2022-02-06 04:00:00;0.0;0.0;0.0;-1.25;66.8;2.28;
2022-02-06 05:00:00;0.0;0.0;0.0;-1.78;69.45;2.21;
2022-02-06 06:00:00;0.0;0.0;0.0;-2.0;72.3;2.14;
2022-02-06 07:00:00;26.0;41.97;23.0;-1.31;69.55;2.48;
2022-02-06 08:00:00;131.0;139.47;100.0;0.4;72.75;1.93;
2022-02-06 09:00:00;185.0;72.51;160.0;4.86;62.95;1.1;
2022-02-06 10:00:00;388.0;534.13;158.0;7.7;43.1;0.34;
2022-02-06 11:00:00;458.0;664.62;143.0;8.78;35.45;0.69;
2022-02-06 12:00:00;490.0;849.86;89.0;9.29;35.6;0.97;
2022-02-06 13:00:00;433.0;819.94;85.0;9.54;35.75;1.03;
2022-02-06 14:00:00;73.0;0.0;73.0;9.51;35.75;0.97;
2022-02-06 15:00:00;56.0;0.0;56.0;9.16;38.55;0.69;
2022-02-06 16:00:00;17.0;0.0;17.0;8.25;52.45;0.48;
2022-02-06 17:00:00;0.0;0.0;0.0;7.44;44.85;0.62;
2022-02-06 18:00:00;0.0;0.0;0.0;4.24;60.4;1.52;
2022-02-06 19:00:00;0.0;0.0;0.0;3.17;57.8;1.52;
2022-02-06 20:00:00;0.0;0.0;0.0;1.98;62.35;1.79;
2022-02-06 21:00:00;0.0;0.0;0.0;0.44;69.95;1.93;
2022-02-06 22:00:00;0.0;0.0;0.0;-0.83;78.5;2.0;
2022-02-06 23:00:00;0.0;0.0;0.0;-1.61;81.65;2.0;
2022-02-07 00:00:00;0.0;0.0;0.0;-2.09;88.3;1.93;
2022-02-07 01:00:00;0.0;0.0;0.0;-2.53;88.25;1.93;
2022-02-07 02:00:00;0.0;0.0;0.0;-2.77;91.85;2.0;
2022-02-07 03:00:00;0.0;0.0;0.0;-2.9;91.85;2.0;
2022-02-07 04:00:00;0.0;0.0;0.0;-2.96;91.85;2.0;
2022-02-07 05:00:00;0.0;0.0;0.0;-2.98;91.85;2.0;
2022-02-07 06:00:00;0.0;0.0;0.0;-3.0;91.85;2.0;
2022-02-07 07:00:00;42.0;238.76;24.0;-2.95;88.25;2.0;
2022-02-07 08:00:00;202.0;631.51;59.0;-0.48;88.45;1.31;
2022-02-07 09:00:00;351.0;807.64;69.0;4.86;76.3;0.62;
2022-02-07 10:00:00;446.0;820.32;89.0;7.58;46.65;0.14;
2022-02-07 11:00:00;493.0;812.67;104.0;8.63;45.0;0.62;
2022-02-07 12:00:00;498.0;856.02;90.0;9.36;45.15;0.83;
2022-02-07 13:00:00;440.0;827.13;85.0;9.79;47.05;0.76;
2022-02-07 14:00:00;74.0;0.0;74.0;9.93;47.2;0.76;
2022-02-07 15:00:00;57.0;0.0;57.0;9.63;50.85;0.69;
2022-02-07 16:00:00;19.0;0.0;19.0;8.67;63.7;0.55;
2022-02-07 17:00:00;0.0;0.0;0.0;7.26;61.1;0.83;
2022-02-07 18:00:00;0.0;0.0;0.0;4.39;70.7;1.59;
2022-02-07 19:00:00;0.0;0.0;0.0;2.38;76.0;1.79;
2022-02-07 20:00:00;0.0;0.0;0.0;1.46;78.9;1.86;
2022-02-07 21:00:00;0.0;0.0;0.0;0.69;81.9;2.0;
2022-02-07 22:00:00;0.0;0.0;0.0;0.03;81.8;2.0;
2022-02-07 23:00:00;0.0;0.0;0.0;-0.64;85.05;2.14;
2022-02-08 00:00:00;0.0;0.0;0.0;-1.22;91.9;2.14;
2022-02-08 01:00:00;0.0;0.0;0.0;-1.5;91.9;2.14;
2022-02-08 02:00:00;0.0;0.0;0.0;-1.81;95.55;2.07;
2022-02-08 03:00:00;0.0;0.0;0.0;-2.22;99.4;2.0;
2022-02-08 04:00:00;0.0;0.0;0.0;-2.59;99.4;1.86;
2022-02-08 05:00:00;0.0;0.0;0.0;-2.82;99.4;1.66;
2022-02-08 06:00:00;0.0;0.0;0.0;-2.73;99.4;1.66;
2022-02-08 07:00:00;39.0;151.16;27.0;-2.04;95.55;1.72;
2022-02-08 08:00:00;182.0;429.14;83.0;0.14;92.0;1.45;
2022-02-08 09:00:00;330.0;661.69;96.0;4.2;79.2;0.97;
2022-02-08 10:00:00;416.0;647.95;131.0;7.27;63.5;0.34;
2022-02-08 11:00:00;401.0;393.02;211.0;8.45;56.8;0.62;
2022-02-08 12:00:00;476.0;733.2;123.0;9.11;56.9;0.97;
2022-02-08 13:00:00;416.0;684.32;119.0;9.35;59.15;1.1;
2022-02-08 14:00:00;152.0;0.0;152.0;9.46;59.25;1.03;
2022-02-08 15:00:00;91.0;0.0;91.0;9.18;61.45;0.9;
2022-02-08 16:00:00;17.0;0.0;17.0;8.38;68.6;0.9;
2022-02-08 17:00:00;0.0;0.0;0.0;7.32;71.15;0.62;
2022-02-08 18:00:00;0.0;0.0;0.0;6.68;73.8;0.14;
2022-02-08 19:00:00;0.0;0.0;0.0;3.78;79.15;1.24;
2022-02-08 20:00:00;0.0;0.0;0.0;2.18;82.05;1.79;
2022-02-08 21:00:00;0.0;0.0;0.0;0.93;85.2;1.86;
2022-02-08 22:00:00;0.0;0.0;0.0;-0.08;88.45;1.93;
2022-02-08 23:00:00;0.0;0.0;0.0;-0.51;91.95;1.86;
2022-02-09 00:00:00;0.0;0.0;0.0;-1.0;91.95;1.93;
2022-02-09 01:00:00;0.0;0.0;0.0;-1.39;95.6;1.93;
2022-02-09 02:00:00;0.0;0.0;0.0;-1.71;95.55;1.93;
2022-02-09 03:00:00;0.0;0.0;0.0;-1.74;95.55;1.93;
2022-02-09 04:00:00;0.0;0.0;0.0;-1.84;95.55;1.86;
2022-02-09 05:00:00;0.0;0.0;0.0;-2.02;99.4;1.66;
2022-02-09 06:00:00;0.0;0.0;0.0;-2.06;99.4;1.59;
2022-02-09 07:00:00;44.0;179.71;29.0;-0.81;95.6;1.79;
2022-02-09 08:00:00;192.0;489.31;77.0;1.03;92.05;1.31;
2022-02-09 09:00:00;333.0;664.46;95.0;5.55;76.5;0.76;
2022-02-09 10:00:00;441.0;776.04;96.0;8.02;58.9;0.62;
2022-02-09 11:00:00;492.0;798.74;102.0;8.8;56.8;0.9;
2022-02-09 12:00:00;478.0;738.2;119.0;9.38;54.8;0.97;
2022-02-09 13:00:00;274.0;134.44;215.0;9.73;54.9;1.03;
2022-02-09 14:00:00;93.0;0.0;93.0;9.67;54.9;0.76;
2022-02-09 15:00:00;89.0;0.0;89.0;9.45;54.9;0.48;
2022-02-09 16:00:00;14.0;0.0;14.0;8.8;68.7;0.62;
2022-02-09 17:00:00;0.0;0.0;0.0;6.62;71.05;1.52;
2022-02-09 18:00:00;0.0;0.0;0.0;5.16;76.4;1.72;
2022-02-09 19:00:00;0.0;0.0;0.0;5.31;79.35;1.59;
2022-02-09 20:00:00;0.0;0.0;0.0;5.36;82.4;1.66;
2022-02-09 21:00:00;0.0;0.0;0.0;5.27;82.4;1.52;
2022-02-09 22:00:00;0.0;0.0;0.0;5.15;85.6;1.45;
2022-02-09 23:00:00;0.0;0.0;0.0;5.04;85.6;1.45;
2022-02-10 00:00:00;0.0;0.0;0.0;4.93;85.6;1.17;
2022-02-10 01:00:00;0.0;0.0;0.0;4.84;88.85;1.38;
2022-02-10 02:00:00;0.0;0.0;0.0;4.92;85.6;1.52;
2022-02-10 03:00:00;0.0;0.0;0.0;4.87;88.85;1.59;
2022-02-10 04:00:00;0.0;0.0;0.0;4.88;85.6;1.59;
2022-02-10 05:00:00;0.0;0.0;0.0;4.74;88.85;1.59;
2022-02-10 06:00:00;0.0;0.0;0.0;4.58;85.55;1.72;
2022-02-10 07:00:00;18.0;0.0;18.0;4.49;95.75;1.38;
2022-02-10 08:00:00;49.0;0.0;49.0;5.19;95.75;1.31;
2022-02-10 09:00:00;63.0;0.0;63.0;6.41;89.0;1.31;
2022-02-10 10:00:00;82.0;0.0;82.0;7.51;82.7;1.45;
2022-02-10 11:00:00;182.0;6.08;179.0;8.05;79.7;1.38;
2022-02-10 12:00:00;369.0;285.0;229.0;8.51;76.85;0.9;
2022-02-10 13:00:00;435.0;770.73;93.0;8.89;76.85;0.55;
2022-02-10 14:00:00;78.0;0.0;78.0;9.13;74.15;0.21;
2022-02-10 15:00:00;63.0;0.0;63.0;8.68;76.85;0.07;
2022-02-10 16:00:00;24.0;0.0;24.0;7.62;79.7;0.41;
2022-02-10 17:00:00;0.0;0.0;0.0;5.84;92.3;1.59;
2022-02-10 18:00:00;0.0;0.0;0.0;4.58;95.75;2.14;
2022-02-10 19:00:00;0.0;0.0;0.0;5.03;92.25;1.93;
2022-02-10 20:00:00;0.0;0.0;0.0;4.4;92.25;2.14;
2022-02-10 21:00:00;0.0;0.0;0.0;4.07;95.75;2.21;
2022-02-10 22:00:00;0.0;0.0;0.0;3.9;92.2;2.34;
2022-02-10 23:00:00;0.0;0.0;0.0;4.09;88.8;2.55;
2022-02-11 00:00:00;0.0;0.0;0.0;4.22;88.8;2.48;
2022-02-11 01:00:00;0.0;0.0;0.0;4.29;92.2;2.21;
2022-02-11 02:00:00;0.0;0.0;0.0;3.96;92.2;2.14;
2022-02-11 03:00:00;0.0;0.0;0.0;3.6;92.15;2.0;
2022-02-11 04:00:00;0.0;0.0;0.0;3.26;95.7;2.0;
2022-02-11 05:00:00;0.0;0.0;0.0;2.78;95.7;2.21;
2022-02-11 06:00:00;0.0;0.0;0.0;2.44;92.15;2.21;
2022-02-11 07:00:00;54.0;250.29;31.0;2.62;92.15;2.41;
2022-02-11 08:00:00;216.0;635.45;61.0;4.84;88.85;2.21;
2022-02-11 09:00:00;361.0;778.25;75.0;10.11;59.35;2.07;
2022-02-11 10:00:00;457.0;801.45;93.0;12.18;37.9;2.0;
2022-02-11 11:00:00;509.0;827.19;97.0;13.01;29.0;3.31;
2022-02-11 12:00:00;509.0;838.4;93.0;13.46;28.0;2.9;
2022-02-11 13:00:00;454.0;822.48;85.0;13.54;30.3;1.52;
2022-02-11 14:00:00;78.0;0.0;78.0;13.31;32.65;0.48;
2022-02-11 15:00:00;62.0;0.0;62.0;12.89;35.15;0.41;
2022-02-11 16:00:00;26.0;0.0;26.0;11.43;53.25;0.21;
2022-02-11 17:00:00;0.0;0.0;0.0;8.5;56.8;1.66;
2022-02-11 18:00:00;0.0;0.0;0.0;6.2;58.55;2.14;
2022-02-11 19:00:00;0.0;0.0;0.0;5.92;50.05;2.55;
2022-02-11 20:00:00;0.0;0.0;0.0;4.8;53.8;2.62;
2022-02-11 21:00:00;0.0;0.0;0.0;4.11;53.65;2.9;
2022-02-11 22:00:00;0.0;0.0;0.0;4.16;49.55;3.24;
2022-02-11 23:00:00;0.0;0.0;0.0;4.47;42.3;3.52;
2022-02-12 00:00:00;0.0;0.0;0.0;4.97;37.55;3.72;
2022-02-12 01:00:00;0.0;0.0;0.0;5.05;37.55;3.59;
2022-02-12 02:00:00;0.0;0.0;0.0;4.79;39.0;3.52;
2022-02-12 03:00:00;0.0;0.0;0.0;4.38;39.0;3.45;
2022-02-12 04:00:00;0.0;0.0;0.0;3.56;45.55;3.1;
2022-02-12 05:00:00;0.0;0.0;0.0;2.52;51.15;2.97;
2022-02-12 06:00:00;0.0;0.0;0.0;1.45;59.8;2.83;
2022-02-12 07:00:00;62.0;311.75;32.0;1.41;64.8;2.83;
2022-02-12 08:00:00;228.0;672.07;61.0;3.22;67.7;2.41;
2022-02-12 09:00:00;375.0;805.92;75.0;7.49;50.45;2.41;
2022-02-12 10:00:00;478.0;851.72;87.0;9.7;45.25;2.48;
2022-02-12 11:00:00;529.0;860.76;96.0;11.18;37.6;2.9;
2022-02-12 12:00:00;530.0;873.95;92.0;12.08;31.1;3.24;
2022-02-12 13:00:00;471.0;846.6;87.0;12.39;28.75;3.24;
2022-02-12 14:00:00;75.0;0.0;75.0;12.38;26.5;3.03;
2022-02-12 15:00:00;57.0;0.0;57.0;11.98;27.6;2.34;
2022-02-12 16:00:00;28.0;0.0;28.0;10.64;37.45;1.59;
2022-02-12 17:00:00;0.0;0.0;0.0;7.83;46.65;1.93;
2022-02-12 18:00:00;0.0;0.0;0.0;5.24;56.05;2.07;
2022-02-12 19:00:00;0.0;0.0;0.0;4.08;47.6;2.55;
2022-02-12 20:00:00;0.0;0.0;0.0;3.05;49.25;2.55;
2022-02-12 21:00:00;0.0;0.0;0.0;2.26;51.0;2.55;
2022-02-12 22:00:00;0.0;0.0;0.0;1.53;53.0;2.69;
2022-02-12 23:00:00;0.0;0.0;0.0;1.22;55.05;2.83;
2022-02-13 00:00:00;0.0;0.0;0.0;1.12;55.05;2.9;
2022-02-13 01:00:00;0.0;0.0;0.0;0.99;55.05;2.9;
2022-02-13 02:00:00;0.0;0.0;0.0;0.87;57.35;2.83;
2022-02-13 03:00:00;0.0;0.0;0.0;0.61;59.6;2.76;
2022-02-13 04:00:00;0.0;0.0;0.0;0.36;62.0;2.69;
2022-02-13 05:00:00;0.0;0.0;0.0;0.12;64.45;2.55;
2022-02-13 06:00:00;0.0;0.0;0.0;-0.39;69.75;2.28;
2022-02-13 07:00:00;71.0;427.22;28.0;-0.69;75.45;2.14;
2022-02-13 08:00:00;223.0;612.35;68.0;2.27;73.0;1.38;
2022-02-13 09:00:00;363.0;726.67;89.0;6.93;54.4;0.69;
2022-02-13 10:00:00;470.0;810.32;94.0;8.99;41.7;0.97;
2022-02-13 11:00:00;523.0;834.55;99.0;9.74;47.05;1.45;
2022-02-13 12:00:00;419.0;387.2;223.0;10.18;51.0;1.52;
2022-02-13 13:00:00;385.0;423.08;191.0;10.42;51.0;1.59;
2022-02-13 14:00:00;165.0;0.0;165.0;10.25;51.0;1.45;
2022-02-13 15:00:00;92.0;0.0;92.0;9.85;52.85;0.97;
2022-02-13 16:00:00;30.0;0.0;30.0;9.2;56.9;0.55;
2022-02-13 17:00:00;0.0;0.0;0.0;8.45;56.8;0.28;
2022-02-13 18:00:00;0.0;0.0;0.0;6.78;65.85;1.03;
2022-02-13 19:00:00;0.0;0.0;0.0;5.89;73.7;1.1;
2022-02-13 20:00:00;0.0;0.0;0.0;3.76;85.45;2.34;
2022-02-13 21:00:00;0.0;0.0;0.0;4.55;82.35;3.17;
2022-02-13 22:00:00;0.0;0.0;0.0;4.26;85.5;2.76;
2022-02-13 23:00:00;0.0;0.0;0.0;3.94;82.3;2.14;
2022-02-14 00:00:00;0.0;0.0;0.0;3.56;82.25;2.28;
2022-02-14 01:00:00;0.0;0.0;0.0;3.38;79.15;2.14;
2022-02-14 02:00:00;0.0;0.0;0.0;3.06;82.2;2.41;
2022-02-14 03:00:00;0.0;0.0;0.0;2.12;85.3;2.28;
2022-02-14 04:00:00;0.0;0.0;0.0;1.24;88.55;2.21;
2022-02-14 05:00:00;0.0;0.0;0.0;0.68;85.15;2.34;
2022-02-14 06:00:00;0.0;0.0;0.0;0.42;81.9;2.55;
2022-02-14 07:00:00;69.0;342.37;33.0;0.38;81.9;2.34;
2022-02-14 08:00:00;239.0;709.76;56.0;2.77;85.35;1.59;
2022-02-14 09:00:00;385.0;827.35;69.0;6.89;71.15;1.59;
2022-02-14 10:00:00;486.0;861.38;82.0;9.15;63.8;2.0;
2022-02-14 11:00:00;534.0;863.35;91.0;11.04;51.25;2.28;
2022-02-14 12:00:00;535.0;874.33;88.0;12.67;44.35;2.34;
2022-02-14 13:00:00;474.0;834.9;87.0;13.64;38.3;2.14;
2022-02-14 14:00:00;77.0;0.0;77.0;14.17;35.6;1.93;
2022-02-14 15:00:00;56.0;0.0;56.0;14.1;35.6;1.79;
2022-02-14 16:00:00;30.0;0.0;30.0;12.91;44.35;1.86;
2022-02-14 17:00:00;0.0;0.0;0.0;10.4;51.0;2.34;
2022-02-14 18:00:00;0.0;0.0;0.0;7.82;56.7;2.41;
2022-02-14 19:00:00;0.0;0.0;0.0;6.71;63.35;2.34;
2022-02-14 20:00:00;0.0;0.0;0.0;4.95;68.1;2.34;
2022-02-14 21:00:00;0.0;0.0;0.0;3.95;67.9;2.48;
2022-02-14 22:00:00;0.0;0.0;0.0;3.35;70.4;2.62;
2022-02-14 23:00:00;0.0;0.0;0.0;2.95;67.7;2.69;
2022-02-15 00:00:00;0.0;0.0;0.0;2.63;67.6;2.76;
2022-02-15 01:00:00;0.0;0.0;0.0;2.41;67.6;2.69;
2022-02-15 02:00:00;0.0;0.0;0.0;2.01;70.2;2.55;
2022-02-15 03:00:00;0.0;0.0;0.0;1.63;72.95;2.55;
2022-02-15 04:00:00;0.0;0.0;0.0;1.34;72.95;2.48;
2022-02-15 05:00:00;0.0;0.0;0.0;1.12;75.75;2.34;
2022-02-15 06:00:00;0.0;0.0;0.0;0.92;75.75;2.28;
2022-02-15 07:00:00;72.0;318.98;37.0;0.68;78.75;2.28;
2022-02-15 08:00:00;230.0;597.84;73.0;3.61;76.15;1.66;
2022-02-15 09:00:00;387.0;809.03;74.0;9.09;63.8;0.83;
2022-02-15 10:00:00;490.0;854.31;85.0;11.93;42.4;0.55;
2022-02-15 11:00:00;517.0;748.72;129.0;12.77;44.35;0.83;
2022-02-15 12:00:00;512.0;735.96;132.0;13.27;46.2;0.83;
2022-02-15 13:00:00;436.0;608.28;151.0;13.58;44.65;0.83;
2022-02-15 14:00:00;89.0;0.0;89.0;13.65;46.35;1.03;
2022-02-15 15:00:00;81.0;0.0;81.0;13.32;48.0;1.03;
2022-02-15 16:00:00;35.0;0.0;35.0;12.38;55.5;0.9;
2022-02-15 17:00:00;0.0;0.0;0.0;11.26;59.6;0.41;
2022-02-15 18:00:00;0.0;0.0;0.0;10.34;61.65;0.62;
2022-02-15 19:00:00;0.0;0.0;0.0;5.86;79.4;1.86;
2022-02-15 20:00:00;0.0;0.0;0.0;4.18;82.3;1.93;
2022-02-15 21:00:00;0.0;0.0;0.0;2.98;85.4;1.93;
2022-02-15 22:00:00;0.0;0.0;0.0;2.04;88.65;2.0;
2022-02-15 23:00:00;0.0;0.0;0.0;1.58;92.05;1.93;
2022-02-16 00:00:00;0.0;0.0;0.0;1.59;92.05;1.79;
2022-02-16 01:00:00;0.0;0.0;0.0;1.54;92.05;1.79;
2022-02-16 02:00:00;0.0;0.0;0.0;1.82;92.05;1.86;
2022-02-16 03:00:00;0.0;0.0;0.0;1.43;88.6;1.86;
2022-02-16 04:00:00;0.0;0.0;0.0;0.63;92.0;1.93;
2022-02-16 05:00:00;0.0;0.0;0.0;0.23;92.0;1.93;
2022-02-16 06:00:00;0.0;0.0;0.0;0.02;92.0;1.93;
2022-02-16 07:00:00;44.0;34.97;40.0;0.39;88.5;2.0;
2022-02-16 08:00:00;224.0;527.18;83.0;3.85;82.25;1.24;
2022-02-16 09:00:00;316.0;398.08;160.0;8.31;71.25;0.55;
2022-02-16 10:00:00;352.0;260.87;227.0;10.66;51.1;0.34;
2022-02-16 11:00:00;297.0;82.16;254.0;11.72;47.6;0.76;
2022-02-16 12:00:00;315.0;111.23;257.0;12.33;47.75;1.03;
2022-02-16 13:00:00;390.0;405.44;198.0;12.56;47.85;1.38;
2022-02-16 14:00:00;148.0;0.0;148.0;12.41;49.6;1.52;
2022-02-16 15:00:00;113.0;0.0;113.0;11.98;49.6;1.66;
2022-02-16 16:00:00;35.0;0.0;35.0;10.99;55.3;1.45;
2022-02-16 17:00:00;0.0;0.0;0.0;9.71;61.55;1.52;
2022-02-16 18:00:00;0.0;0.0;0.0;8.1;73.95;1.31;
2022-02-16 19:00:00;0.0;0.0;0.0;6.59;76.65;1.38;
2022-02-16 20:00:00;0.0;0.0;0.0;5.99;76.55;1.45;
2022-02-16 21:00:00;0.0;0.0;0.0;5.26;82.4;1.59;
2022-02-16 22:00:00;0.0;0.0;0.0;4.79;85.55;1.66;
2022-02-16 23:00:00;0.0;0.0;0.0;4.74;85.55;1.66;
2022-02-17 00:00:00;0.0;0.0;0.0;4.46;82.35;1.86;
2022-02-17 01:00:00;0.0;0.0;0.0;4.5;82.35;1.93;
2022-02-17 02:00:00;0.0;0.0;0.0;4.62;82.35;1.86;
2022-02-17 03:00:00;0.0;0.0;0.0;4.43;82.35;1.86;
2022-02-17 04:00:00;0.0;0.0;0.0;4.32;85.5;1.93;
2022-02-17 05:00:00;0.0;0.0;0.0;4.37;82.35;1.86;
2022-02-17 06:00:00;0.0;0.0;0.0;4.55;82.35;1.86;
2022-02-17 07:00:00;26.0;0.0;26.0;6.15;79.5;1.93;
2022-02-17 08:00:00;138.0;73.43;118.0;7.15;79.65;1.59;
2022-02-17 09:00:00;55.0;0.0;55.0;8.55;79.75;1.24;
2022-02-17 10:00:00;127.0;0.0;127.0;10.01;69.0;0.9;
2022-02-17 11:00:00;102.0;0.0;102.0;10.44;69.1;0.83;
2022-02-17 12:00:00;192.0;3.8;190.0;10.81;71.7;0.69;
2022-02-17 13:00:00;120.0;0.0;120.0;10.72;71.7;0.28;
2022-02-17 14:00:00;50.0;0.0;50.0;10.53;74.4;0.41;
2022-02-17 15:00:00;52.0;0.0;52.0;10.07;79.95;0.62;
2022-02-17 16:00:00;18.0;0.0;18.0;9.64;82.9;0.69;
2022-02-17 17:00:00;0.0;0.0;0.0;9.11;89.1;0.76;
2022-02-17 18:00:00;0.0;0.0;0.0;8.45;92.4;0.9;
2022-02-17 19:00:00;0.0;0.0;0.0;8.12;95.8;1.17;
2022-02-17 20:00:00;0.0;0.0;0.0;7.89;95.8;1.24;
2022-02-17 21:00:00;0.0;0.0;0.0;7.71;95.8;1.31;
2022-02-17 22:00:00;0.0;0.0;0.0;7.33;95.8;1.31;
2022-02-17 23:00:00;0.0;0.0;0.0;6.9;95.8;1.31;
2022-02-18 00:00:00;0.0;0.0;0.0;6.3;99.4;1.45;
2022-02-18 01:00:00;0.0;0.0;0.0;5.7;99.4;1.59;
2022-02-18 02:00:00;0.0;0.0;0.0;4.99;95.75;1.66;
2022-02-18 03:00:00;0.0;0.0;0.0;4.38;95.75;1.79;
2022-02-18 04:00:00;0.0;0.0;0.0;3.73;99.4;1.93;
2022-02-18 05:00:00;0.0;0.0;0.0;2.98;99.4;2.0;
2022-02-18 06:00:00;0.0;0.0;0.0;2.46;99.4;2.14;
2022-02-18 07:00:00;85.0;363.19;40.0;3.74;92.15;2.14;
2022-02-18 08:00:00;257.0;703.09;62.0;5.9;85.7;1.86;
2022-02-18 09:00:00;409.0;840.72;71.0;9.96;71.6;1.86;
2022-02-18 10:00:00;511.0;874.39;83.0;12.32;53.5;2.14;
2022-02-18 11:00:00;562.0;886.24;89.0;13.65;39.8;2.34;
2022-02-18 12:00:00;571.0;932.8;75.0;14.47;37.15;1.86;
2022-02-18 13:00:00;503.0;868.38;83.0;14.84;37.15;1.38;
2022-02-18 14:00:00;80.0;0.0;80.0;14.99;34.5;0.9;
2022-02-18 15:00:00;66.0;0.0;66.0;14.71;35.75;0.28;
2022-02-18 16:00:00;39.0;0.0;39.0;13.59;51.9;0.9;
2022-02-18 17:00:00;0.0;0.0;0.0;10.72;61.75;1.59;
2022-02-18 18:00:00;0.0;0.0;0.0;8.42;71.35;1.72;
2022-02-18 19:00:00;0.0;0.0;0.0;7.62;66.05;1.86;
2022-02-18 20:00:00;0.0;0.0;0.0;5.56;79.4;2.0;
2022-02-18 21:00:00;0.0;0.0;0.0;4.68;82.35;1.93;
2022-02-18 22:00:00;0.0;0.0;0.0;4.03;85.5;2.0;
2022-02-18 23:00:00;0.0;0.0;0.0;3.22;85.4;2.07;
2022-02-19 00:00:00;0.0;0.0;0.0;2.31;85.3;2.14;
2022-02-19 01:00:00;0.0;0.0;0.0;1.67;85.25;2.21;
2022-02-19 02:00:00;0.0;0.0;0.0;1.26;85.2;2.28;
2022-02-19 03:00:00;0.0;0.0;0.0;1.25;81.95;2.28;
2022-02-19 04:00:00;0.0;0.0;0.0;1.6;78.9;2.28;
2022-02-19 05:00:00;0.0;0.0;0.0;1.66;75.85;2.41;
2022-02-19 06:00:00;0.0;0.0;0.0;1.36;72.95;2.34;
2022-02-19 07:00:00;92.0;396.06;41.0;2.6;76.0;1.72;
2022-02-19 08:00:00;257.0;655.15;72.0;5.15;70.8;1.03;
2022-02-19 09:00:00;405.0;790.78;83.0;8.05;58.9;0.62;
2022-02-19 10:00:00;504.0;814.63;101.0;9.45;54.9;0.21;
2022-02-19 11:00:00;567.0;879.49;93.0;10.61;53.1;0.83;
2022-02-19 12:00:00;576.0;925.67;79.0;11.59;49.45;1.38;
2022-02-19 13:00:00;508.0;863.47;86.0;12.13;44.2;2.0;
2022-02-19 14:00:00;82.0;0.0;82.0;12.75;38.0;2.69;
2022-02-19 15:00:00;99.0;0.0;99.0;12.77;36.55;2.55;
2022-02-19 16:00:00;35.0;0.0;35.0;11.95;37.9;2.48;
2022-02-19 17:00:00;0.0;0.0;0.0;9.84;43.55;2.9;
2022-02-19 18:00:00;0.0;0.0;0.0;8.36;46.65;2.97;
2022-02-19 19:00:00;0.0;0.0;0.0;7.99;35.3;2.62;
2022-02-19 20:00:00;0.0;0.0;0.0;6.66;36.5;2.69;
2022-02-19 21:00:00;0.0;0.0;0.0;5.43;39.25;2.83;
2022-02-19 22:00:00;0.0;0.0;0.0;4.47;44.05;2.83;
2022-02-19 23:00:00;0.0;0.0;0.0;3.61;47.45;2.76;
2022-02-20 00:00:00;0.0;0.0;0.0;3.01;51.3;2.83;
2022-02-20 01:00:00;0.0;0.0;0.0;2.66;53.25;2.9;
2022-02-20 02:00:00;0.0;0.0;0.0;2.41;53.25;2.9;
2022-02-20 03:00:00;0.0;0.0;0.0;2.16;57.6;2.83;
2022-02-20 04:00:00;0.0;0.0;0.0;1.82;59.8;2.76;
2022-02-20 05:00:00;0.0;0.0;0.0;1.44;59.8;2.62;
2022-02-20 06:00:00;0.0;0.0;0.0;0.91;64.65;2.48;
2022-02-20 07:00:00;97.0;418.84;41.0;1.55;70.1;2.07;
2022-02-20 08:00:00;253.0;584.4;85.0;4.68;65.4;1.45;
2022-02-20 09:00:00;328.0;361.3;179.0;9.28;43.4;0.97;
2022-02-20 10:00:00;509.0;814.06;102.0;10.78;38.95;0.83;
2022-02-20 11:00:00;525.0;663.36;164.0;11.53;36.3;0.97;
2022-02-20 12:00:00;559.0;833.79;107.0;12.0;35.05;1.1;
2022-02-20 13:00:00;495.0;777.64;111.0;12.2;35.05;1.17;
2022-02-20 14:00:00;106.0;0.0;106.0;12.25;35.05;1.17;
2022-02-20 15:00:00;62.0;0.0;62.0;12.04;35.05;0.97;
2022-02-20 16:00:00;45.0;0.0;45.0;11.51;37.75;0.55;
2022-02-20 17:00:00;0.0;0.0;0.0;10.78;38.95;0.14;
2022-02-20 18:00:00;0.0;0.0;0.0;9.63;41.85;0.76;
2022-02-20 19:00:00;0.0;0.0;0.0;5.94;52.1;1.52;
2022-02-20 20:00:00;0.0;0.0;0.0;3.88;60.4;1.79;
2022-02-20 21:00:00;0.0;0.0;0.0;2.34;70.2;2.07;
2022-02-20 22:00:00;0.0;0.0;0.0;1.42;72.95;2.14;
2022-02-20 23:00:00;0.0;0.0;0.0;0.92;75.75;2.21;
2022-02-21 00:00:00;0.0;0.0;0.0;0.45;78.75;2.21;
2022-02-21 01:00:00;0.0;0.0;0.0;0.05;81.8;2.14;
2022-02-21 02:00:00;0.0;0.0;0.0;-0.19;85.05;2.14;
2022-02-21 03:00:00;0.0;0.0;0.0;-0.44;85.05;2.14;
2022-02-21 04:00:00;0.0;0.0;0.0;-0.8;88.4;2.07;
2022-02-21 05:00:00;0.0;0.0;0.0;-1.15;85.0;2.07;
2022-02-21 06:00:00;0.0;0.0;0.0;-1.32;88.35;2.14;
2022-02-21 07:00:00;101.0;425.37;42.0;-0.1;81.8;1.79;
2022-02-21 08:00:00;275.0;724.49;63.0;3.89;73.4;1.38;
2022-02-21 09:00:00;402.0;708.74;106.0;8.95;54.8;1.24;
2022-02-21 10:00:00;439.0;467.09;203.0;11.58;45.8;1.38;
2022-02-21 11:00:00;521.0;624.22;178.0;13.57;39.8;1.38;
2022-02-21 12:00:00;571.0;866.05;97.0;14.98;35.85;1.59;
2022-02-21 13:00:00;523.0;887.97;80.0;15.64;33.35;1.59;
2022-02-21 14:00:00;78.0;0.0;78.0;15.91;32.1;1.38;
2022-02-21 15:00:00;60.0;0.0;60.0;15.73;30.85;1.03;
2022-02-21 16:00:00;41.0;0.0;41.0;14.55;48.4;0.48;
2022-02-21 17:00:00;0.0;0.0;0.0;13.37;38.15;0.07;
2022-02-21 18:00:00;0.0;0.0;0.0;9.44;52.85;1.59;
2022-02-21 19:00:00;0.0;0.0;0.0;7.23;68.5;2.21;
2022-02-21 20:00:00;0.0;0.0;0.0;5.82;79.4;2.21;
2022-02-21 21:00:00;0.0;0.0;0.0;5.12;82.4;2.0;
2022-02-21 22:00:00;0.0;0.0;0.0;4.52;82.35;1.86;
2022-02-21 23:00:00;0.0;0.0;0.0;4.55;82.35;1.66;
2022-02-22 00:00:00;0.0;0.0;0.0;4.36;82.3;1.72;
2022-02-22 01:00:00;0.0;0.0;0.0;4.51;79.3;1.59;
2022-02-22 02:00:00;0.0;0.0;0.0;3.89;76.25;1.72;
2022-02-22 03:00:00;0.0;0.0;0.0;2.54;82.15;2.0;
2022-02-22 04:00:00;0.0;0.0;0.0;1.2;85.2;2.21;
2022-02-22 05:00:00;0.0;0.0;0.0;0.25;88.45;2.14;
2022-02-22 06:00:00;0.0;0.0;0.0;-0.18;91.95;2.0;
2022-02-22 07:00:00;100.0;368.66;47.0;0.19;88.45;1.79;
2022-02-22 08:00:00;273.0;684.97;69.0;5.03;73.55;0.83;
2022-02-22 09:00:00;399.0;676.23;113.0;9.44;47.05;0.14;
2022-02-22 10:00:00;526.0;857.85;88.0;10.75;49.2;0.62;
2022-02-22 11:00:00;586.0;904.86;84.0;11.63;49.45;1.1;
2022-02-22 12:00:00;583.0;903.12;84.0;12.24;47.75;1.17;
2022-02-22 13:00:00;523.0;877.02;81.0;12.66;47.85;0.97;
2022-02-22 14:00:00;80.0;0.0;80.0;12.85;47.85;0.97;
2022-02-22 15:00:00;65.0;0.0;65.0;12.7;46.1;0.97;
2022-02-22 16:00:00;43.0;0.0;43.0;12.12;47.75;0.62;
2022-02-22 17:00:00;0.0;0.0;0.0;11.2;51.25;0.21;
2022-02-22 18:00:00;0.0;0.0;0.0;10.21;55.05;0.14;
2022-02-22 19:00:00;0.0;0.0;0.0;7.42;63.6;1.1;
2022-02-22 20:00:00;0.0;0.0;0.0;5.23;73.55;1.72;
2022-02-22 21:00:00;0.0;0.0;0.0;4.02;79.2;1.79;
2022-02-22 22:00:00;0.0;0.0;0.0;3.2;85.4;1.86;
2022-02-22 23:00:00;0.0;0.0;0.0;2.68;88.65;1.79;
2022-02-23 00:00:00;0.0;0.0;0.0;2.08;88.65;1.86;
2022-02-23 01:00:00;0.0;0.0;0.0;1.65;92.05;1.86;
2022-02-23 02:00:00;0.0;0.0;0.0;1.22;92.05;1.86;
2022-02-23 03:00:00;0.0;0.0;0.0;0.92;92.05;1.86;
2022-02-23 04:00:00;0.0;0.0;0.0;0.99;88.55;1.79;
2022-02-23 05:00:00;0.0;0.0;0.0;1.15;88.55;1.79;
2022-02-23 06:00:00;0.0;0.0;0.0;1.16;88.55;1.93;
2022-02-23 07:00:00;102.0;342.54;51.0;2.51;82.15;1.52;
2022-02-23 08:00:00;234.0;382.74;118.0;6.48;71.05;0.9;
2022-02-23 09:00:00;382.0;567.4;139.0;9.05;63.8;1.1;
2022-02-23 10:00:00;518.0;810.18;100.0;10.48;61.75;1.45;
2022-02-23 11:00:00;576.0;856.99;96.0;11.87;62.0;1.86;
2022-02-23 12:00:00;592.0;926.92;75.0;12.99;57.9;1.93;
2022-02-23 13:00:00;517.0;840.75;89.0;13.85;58.0;2.07;
2022-02-23 14:00:00;86.0;0.0;86.0;14.22;60.3;2.28;
2022-02-23 15:00:00;68.0;0.0;68.0;14.13;62.55;2.34;
2022-02-23 16:00:00;35.0;0.0;35.0;13.26;69.55;1.79;
2022-02-23 17:00:00;0.0;0.0;0.0;11.56;77.3;1.45;
2022-02-23 18:00:00;0.0;0.0;0.0;9.68;89.15;1.45;
2022-02-23 19:00:00;0.0;0.0;0.0;8.07;95.8;1.38;
2022-02-23 20:00:00;0.0;0.0;0.0;6.99;92.35;1.38;
2022-02-23 21:00:00;0.0;0.0;0.0;5.98;95.8;1.59;
2022-02-23 22:00:00;0.0;0.0;0.0;5.1;99.4;1.72;
2022-02-23 23:00:00;0.0;0.0;0.0;4.48;99.4;1.79;
2022-02-24 00:00:00;0.0;0.0;0.0;4.15;99.4;1.86;
2022-02-24 01:00:00;0.0;0.0;0.0;3.98;95.75;2.0;
2022-02-24 02:00:00;0.0;0.0;0.0;3.65;95.7;2.21;
2022-02-24 03:00:00;0.0;0.0;0.0;3.95;92.2;2.14;
2022-02-24 04:00:00;0.0;0.0;0.0;3.97;88.8;2.28;
2022-02-24 05:00:00;0.0;0.0;0.0;4.2;85.5;2.34;
2022-02-24 06:00:00;0.0;0.0;0.0;4.53;82.35;2.41;
2022-02-24 07:00:00;124.0;564.68;37.0;4.76;85.55;1.86;
2022-02-24 08:00:00;288.0;719.9;66.0;8.13;82.7;1.52;
2022-02-24 09:00:00;439.0;841.72;74.0;12.58;59.95;1.59;
2022-02-24 10:00:00;523.0;792.22;110.0;14.71;54.1;2.0;
2022-02-24 11:00:00;597.0;905.49;85.0;16.6;47.15;1.79;
2022-02-24 12:00:00;582.0;856.13;100.0;18.02;44.2;1.38;
2022-02-24 13:00:00;517.0;803.25;104.0;18.59;45.85;1.72;
2022-02-24 14:00:00;416.0;788.62;83.0;18.43;47.55;2.21;
2022-02-24 15:00:00;67.0;0.0;67.0;17.74;51.0;2.55;
2022-02-24 16:00:00;45.0;0.0;45.0;16.4;58.6;2.28;
2022-02-24 17:00:00;0.0;0.0;0.0;13.87;69.65;2.28;
2022-02-24 18:00:00;0.0;0.0;0.0;11.69;83.1;1.93;
2022-02-24 19:00:00;0.0;0.0;0.0;10.83;89.25;1.38;
2022-02-24 20:00:00;0.0;0.0;0.0;9.67;92.45;1.24;
2022-02-24 21:00:00;0.0;0.0;0.0;9.04;92.45;1.1;
2022-02-24 22:00:00;0.0;0.0;0.0;8.5;95.85;0.97;
2022-02-24 23:00:00;0.0;0.0;0.0;7.97;99.4;0.9;
2022-02-25 00:00:00;0.0;0.0;0.0;8.09;99.4;0.76;
2022-02-25 01:00:00;0.0;0.0;0.0;8.56;99.4;0.41;
2022-02-25 02:00:00;0.0;0.0;0.0;8.54;99.4;0.21;
2022-02-25 03:00:00;0.0;0.0;0.0;8.46;99.4;0.14;
2022-02-25 04:00:00;0.0;0.0;0.0;8.4;99.4;0.41;
2022-02-25 05:00:00;0.0;0.0;0.0;8.31;99.4;0.28;
2022-02-25 06:00:00;0.0;0.0;0.0;8.21;99.4;0.14;
2022-02-25 07:00:00;13.0;0.0;13.0;7.48;95.8;0.69;
2022-02-25 08:00:00;48.0;0.0;48.0;8.95;92.45;0.48;
2022-02-25 09:00:00;130.0;0.0;130.0;9.62;85.95;0.14;
2022-02-25 10:00:00;129.0;0.0;129.0;10.14;79.95;0.41;
2022-02-25 11:00:00;142.0;0.0;142.0;10.42;79.95;0.48;
2022-02-25 12:00:00;77.0;0.0;77.0;10.65;74.4;0.48;
2022-02-25 13:00:00;90.0;0.0;90.0;10.93;74.4;0.34;
2022-02-25 14:00:00;144.0;2.34;143.0;11.11;69.15;0.21;
2022-02-25 15:00:00;128.0;0.0;128.0;11.24;69.15;0.48;
2022-02-25 16:00:00;46.0;0.0;46.0;11.21;66.65;0.76;
2022-02-25 17:00:00;0.0;0.0;0.0;10.52;74.4;0.9;
2022-02-25 18:00:00;0.0;0.0;0.0;9.45;79.9;0.9;
2022-02-25 19:00:00;0.0;0.0;0.0;8.54;85.9;1.24;
2022-02-25 20:00:00;0.0;0.0;0.0;8.31;85.85;1.1;
2022-02-25 21:00:00;0.0;0.0;0.0;7.86;85.85;1.1;
2022-02-25 22:00:00;0.0;0.0;0.0;7.38;89.0;1.1;
2022-02-25 23:00:00;0.0;0.0;0.0;6.77;92.35;1.24;
2022-02-26 00:00:00;0.0;0.0;0.0;6.8;95.8;1.38;
2022-02-26 01:00:00;0.0;0.0;0.0;6.56;92.35;1.66;
2022-02-26 02:00:00;0.0;0.0;0.0;5.94;92.3;1.72;
2022-02-26 03:00:00;0.0;0.0;0.0;5.21;95.75;1.72;
2022-02-26 04:00:00;0.0;0.0;0.0;4.35;95.75;1.72;
2022-02-26 05:00:00;0.0;0.0;0.0;3.73;95.7;1.79;
2022-02-26 06:00:00;0.0;0.0;0.0;3.06;95.7;2.07;
2022-02-26 07:00:00;131.0;510.34;47.0;3.78;92.15;2.07;
2022-02-26 08:00:00;310.0;767.76;65.0;7.04;79.65;1.72;
2022-02-26 09:00:00;392.0;506.21;167.0;10.18;57.15;1.45;
2022-02-26 10:00:00;88.0;0.0;88.0;11.14;34.75;3.66;
2022-02-26 11:00:00;242.0;12.15;235.0;10.96;29.6;4.62;
2022-02-26 12:00:00;509.0;479.52;234.0;10.13;29.35;4.41;
2022-02-26 13:00:00;534.0;801.0;114.0;10.64;24.05;5.86;
2022-02-26 14:00:00;371.0;469.84;168.0;10.22;20.25;6.28;
2022-02-26 15:00:00;62.0;0.0;62.0;9.53;19.25;5.66;
2022-02-26 16:00:00;35.0;0.0;35.0;8.91;19.85;4.9;
2022-02-26 17:00:00;0.0;0.0;0.0;7.67;19.75;4.34;
2022-02-26 18:00:00;0.0;0.0;0.0;6.47;21.25;4.0;
2022-02-26 19:00:00;0.0;0.0;0.0;6.43;21.25;4.55;
2022-02-26 20:00:00;0.0;0.0;0.0;5.74;23.85;4.07;
2022-02-26 21:00:00;0.0;0.0;0.0;5.0;24.75;3.24;
2022-02-26 22:00:00;0.0;0.0;0.0;3.82;30.1;2.55;
2022-02-26 23:00:00;0.0;0.0;0.0;2.59;36.85;2.48;
2022-02-27 00:00:00;0.0;0.0;0.0;1.44;43.2;2.34;
2022-02-27 01:00:00;0.0;0.0;0.0;0.5;50.65;2.28;
2022-02-27 02:00:00;0.0;0.0;0.0;-0.32;54.7;2.34;
2022-02-27 03:00:00;0.0;0.0;0.0;-0.8;56.85;2.48;
2022-02-27 04:00:00;0.0;0.0;0.0;-1.11;56.85;2.34;
2022-02-27 05:00:00;0.0;0.0;0.0;-1.17;59.2;2.07;
2022-02-27 06:00:00;0.0;0.0;0.0;-1.53;64.1;2.0;
2022-02-27 07:00:00;140.0;570.8;43.0;-0.04;72.65;1.59;
2022-02-27 08:00:00;319.0;791.88;62.0;3.61;62.7;1.38;
2022-02-27 09:00:00;441.0;731.2;112.0;7.08;38.1;1.45;
2022-02-27 10:00:00;465.0;446.43;225.0;8.32;31.25;1.03;
2022-02-27 11:00:00;542.0;574.35;208.0;8.97;26.75;0.69;
2022-02-27 12:00:00;154.0;0.0;154.0;9.48;25.85;0.9;
2022-02-27 13:00:00;282.0;56.67;252.0;9.54;24.8;0.62;
2022-02-27 14:00:00;232.0;61.79;205.0;9.21;26.75;0.69;
2022-02-27 15:00:00;128.0;0.0;128.0;8.67;30.15;0.55;
2022-02-27 16:00:00;60.0;0.0;60.0;7.85;33.9;1.38;
2022-02-27 17:00:00;0.0;0.0;0.0;6.7;36.5;2.28;
2022-02-27 18:00:00;0.0;0.0;0.0;5.55;40.9;2.55;
2022-02-27 19:00:00;0.0;0.0;0.0;4.96;51.8;3.17;
2022-02-27 20:00:00;0.0;0.0;0.0;4.33;58.05;2.97;
2022-02-27 21:00:00;0.0;0.0;0.0;3.79;60.3;2.9;
2022-02-27 22:00:00;0.0;0.0;0.0;3.22;62.6;2.97;
2022-02-27 23:00:00;0.0;0.0;0.0;2.88;62.6;3.17;
2022-02-28 00:00:00;0.0;0.0;0.0;3.01;62.6;3.31;
2022-02-28 01:00:00;0.0;0.0;0.0;3.76;53.5;3.45;
2022-02-28 02:00:00;0.0;0.0;0.0;4.8;39.0;3.93;
2022-02-28 03:00:00;0.0;0.0;0.0;5.69;29.45;4.76;
2022-02-28 04:00:00;0.0;0.0;0.0;5.9;25.0;4.97;
2022-02-28 05:00:00;0.0;0.0;0.0;5.86;23.85;5.1;
2022-02-28 06:00:00;0.0;0.0;0.0;5.75;24.9;5.03;
2022-02-28 07:00:00;148.0;598.88;43.0;6.18;29.6;3.86;
2022-02-28 08:00:00;330.0;815.12;61.0;7.02;31.1;2.76;
2022-02-28 09:00:00;479.0;884.86;76.0;8.38;28.8;2.9;
2022-02-28 10:00:00;585.0;922.55;84.0;9.5;26.9;2.34;
2022-02-28 11:00:00;644.0;955.86;83.0;10.49;26.1;1.66;
2022-02-28 12:00:00;609.0;823.65;128.0;11.24;25.2;1.24;
2022-02-28 13:00:00;571.0;905.52;87.0;11.8;24.3;1.31;
2022-02-28 14:00:00;459.0;864.6;77.0;12.18;23.45;1.31;
2022-02-28 15:00:00;63.0;0.0;63.0;12.17;23.45;0.9;
2022-02-28 16:00:00;45.0;0.0;45.0;8.6;32.03;1.17;
2022-02-28 17:00:00;0.0;0.0;0.0;8.11;36.27;1.25;
2022-02-28 18:00:00;0.0;0.0;0.0;7.63;40.5;1.34;
2022-02-28 19:00:00;0.0;0.0;0.0;7.14;44.73;1.42;
2022-02-28 20:00:00;0.0;0.0;0.0;6.65;48.96;1.5;
2022-02-28 21:00:00;0.0;0.0;0.0;6.16;53.2;1.59;
2022-02-28 22:00:00;0.0;0.0;0.0;5.67;57.43;1.67;
2022-02-28 23:00:00;0.0;0.0;0.0;5.18;61.66;1.76;
2022-03-01 00:00:00;0.0;0.0;0.0;4.69;65.9;1.84;
2022-03-01 01:00:00;0.0;0.0;0.0;4.2;70.13;1.93;
2022-03-01 02:00:00;0.0;0.0;0.0;3.71;74.36;2.01;
2022-03-01 03:00:00;0.0;0.0;0.0;3.22;78.6;2.1;
2022-03-01 04:00:00;0.0;0.0;0.0;2.73;82.83;2.18;
2022-03-01 05:00:00;0.0;0.0;0.0;2.24;87.06;2.27;
2022-03-01 06:00:00;0.0;0.0;0.0;1.75;91.3;2.35;
2022-03-01 07:00:00;129.0;348.52;66.0;1.26;95.53;2.44;
2022-03-01 08:00:00;298.0;578.21;104.0;6.91;79.55;0.55;
2022-03-01 09:00:00;437.0;657.33;134.0;9.79;64.0;0.76;
2022-03-01 10:00:00;548.0;745.62;139.0;11.1;64.25;0.41;
2022-03-01 11:00:00;600.0;766.52;146.0;12.8;57.75;0.55;
2022-03-01 12:00:00;589.0;734.86;156.0;14.26;52.0;0.55;
2022-03-01 13:00:00;527.0;698.71;150.0;15.51;46.75;1.03;
2022-03-01 14:00:00;421.0;649.22;131.0;16.05;43.5;1.38;
2022-03-01 15:00:00;91.0;0.0;91.0;15.9;40.35;1.31;
2022-03-01 16:00:00;58.0;0.0;58.0;15.15;43.4;1.31;
2022-03-01 17:00:00;0.0;0.0;0.0;13.18;48.0;2.0;
2022-03-01 18:00:00;0.0;0.0;0.0;11.03;49.3;2.62;
2022-03-01 19:00:00;0.0;0.0;0.0;10.14;51.0;2.69;
2022-03-01 20:00:00;0.0;0.0;0.0;8.78;52.7;2.83;
2022-03-01 21:00:00;0.0;0.0;0.0;7.45;58.8;2.83;
2022-03-01 22:00:00;0.0;0.0;0.0;6.4;63.25;2.83;
2022-03-01 23:00:00;0.0;0.0;0.0;5.96;63.15;3.1;
2022-03-02 00:00:00;0.0;0.0;0.0;6.1;63.15;3.31;
2022-03-02 01:00:00;0.0;0.0;0.0;6.31;60.85;3.45;
2022-03-02 02:00:00;0.0;0.0;0.0;6.32;58.55;3.38;
2022-03-02 03:00:00;0.0;0.0;0.0;5.94;60.75;3.24;
2022-03-02 04:00:00;0.0;0.0;0.0;5.35;63.05;3.1;
2022-03-02 05:00:00;0.0;0.0;0.0;4.76;65.4;2.97;
2022-03-02 06:00:00;0.0;0.0;0.0;4.16;67.9;2.9;
2022-03-02 07:00:00;141.0;418.81;63.0;4.38;73.45;2.28;
2022-03-02 08:00:00;295.0;530.71;114.0;8.08;73.95;1.66;
2022-03-02 09:00:00;290.0;130.76;229.0;11.98;51.5;0.97;
2022-03-02 10:00:00;515.0;579.39;194.0;13.59;46.35;0.34;
2022-03-02 11:00:00;573.0;634.12;194.0;14.55;41.65;0.41;
2022-03-02 12:00:00;414.0;190.09;301.0;15.08;40.2;0.97;
2022-03-02 13:00:00;492.0;528.8;204.0;15.32;40.2;0.97;
2022-03-02 14:00:00;343.0;298.98;208.0;15.32;38.7;0.83;
2022-03-02 15:00:00;148.0;0.0;148.0;15.09;38.7;0.9;
2022-03-02 16:00:00;66.0;0.0;66.0;14.46;46.6;0.97;
2022-03-02 17:00:00;0.0;0.0;0.0;12.65;59.95;1.17;
2022-03-02 18:00:00;0.0;0.0;0.0;12.9;48.0;0.55;
2022-03-02 19:00:00;0.0;0.0;0.0;11.46;49.45;1.24;
2022-03-02 20:00:00;0.0;0.0;0.0;9.38;57.05;1.59;
2022-03-02 21:00:00;0.0;0.0;0.0;7.96;61.2;1.72;
2022-03-02 22:00:00;0.0;0.0;0.0;6.23;65.75;2.0;
2022-03-02 23:00:00;0.0;0.0;0.0;4.79;73.45;2.14;
2022-03-03 00:00:00;0.0;0.0;0.0;3.57;76.15;2.34;
2022-03-03 01:00:00;0.0;0.0;0.0;2.92;76.1;2.41;
2022-03-03 02:00:00;0.0;0.0;0.0;2.72;76.1;2.55;
2022-03-03 03:00:00;0.0;0.0;0.0;2.81;76.1;2.55;
2022-03-03 04:00:00;0.0;0.0;0.0;2.97;76.1;2.62;
2022-03-03 05:00:00;0.0;0.0;0.0;2.65;76.0;2.69;
2022-03-03 06:00:00;0.0;0.0;0.0;2.31;76.0;2.62;
2022-03-03 07:00:00;134.0;318.1;73.0;3.08;79.1;2.28;
2022-03-03 08:00:00;311.0;602.96;102.0;7.73;68.5;1.59;
2022-03-03 09:00:00;428.0;565.6;161.0;11.56;51.35;0.76;
2022-03-03 10:00:00;546.0;691.65;159.0;13.25;46.2;0.97;
2022-03-03 11:00:00;606.0;751.16;153.0;14.27;46.5;1.03;
2022-03-03 12:00:00;579.0;655.33;186.0;15.07;43.4;0.97;
2022-03-03 13:00:00;510.0;585.81;188.0;15.64;43.4;0.9;
2022-03-03 14:00:00;427.0;639.83;135.0;15.85;41.9;0.9;
2022-03-03 15:00:00;150.0;0.0;150.0;15.71;43.4;1.03;
2022-03-03 16:00:00;47.0;0.0;47.0;15.16;45.05;1.1;
2022-03-03 17:00:00;0.0;0.0;0.0;13.49;62.45;1.03;
2022-03-03 18:00:00;0.0;0.0;0.0;13.38;50.0;0.34;
2022-03-03 19:00:00;0.0;0.0;0.0;12.21;55.5;0.41;
2022-03-03 20:00:00;0.0;0.0;0.0;11.46;57.55;0.62;
2022-03-03 21:00:00;0.0;0.0;0.0;10.58;61.75;0.55;
2022-03-03 22:00:00;0.0;0.0;0.0;9.87;64.0;0.55;
2022-03-03 23:00:00;0.0;0.0;0.0;9.18;68.8;0.41;
2022-03-04 00:00:00;0.0;0.0;0.0;8.52;71.35;0.55;
2022-03-04 01:00:00;0.0;0.0;0.0;7.67;76.7;0.83;
2022-03-04 02:00:00;0.0;0.0;0.0;5.14;85.55;1.52;
2022-03-04 03:00:00;0.0;0.0;0.0;3.29;85.45;1.86;
2022-03-04 04:00:00;0.0;0.0;0.0;2.36;88.65;1.93;
2022-03-04 05:00:00;0.0;0.0;0.0;1.53;92.05;1.93;
2022-03-04 06:00:00;0.0;0.0;0.0;1.4;92.05;1.86;
2022-03-04 07:00:00;101.0;96.29;82.0;3.03;92.15;1.31;
2022-03-04 08:00:00;154.0;28.39;144.0;7.78;76.8;1.03;
2022-03-04 09:00:00;62.0;0.0;62.0;10.16;69.0;1.38;
2022-03-04 10:00:00;51.0;0.0;51.0;10.67;69.1;1.1;
2022-03-04 11:00:00;81.0;0.0;81.0;10.43;74.4;1.17;
2022-03-04 12:00:00;68.0;0.0;68.0;10.11;79.95;1.66;
2022-03-04 13:00:00;69.0;0.0;69.0;9.9;86.0;1.59;
2022-03-04 14:00:00;40.0;0.0;40.0;9.77;86.0;0.69;
2022-03-04 15:00:00;38.0;0.0;38.0;9.45;89.15;0.62;
2022-03-04 16:00:00;69.0;0.0;69.0;9.38;89.15;0.97;
2022-03-04 17:00:00;0.0;0.0;0.0;8.93;89.1;1.17;
2022-03-04 18:00:00;0.0;0.0;0.0;7.9;92.4;1.66;
2022-03-04 19:00:00;0.0;0.0;0.0;7.19;95.8;2.0;
2022-03-04 20:00:00;0.0;0.0;0.0;6.22;95.75;1.72;
2022-03-04 21:00:00;0.0;0.0;0.0;4.57;92.25;1.93;
2022-03-04 22:00:00;0.0;0.0;0.0;2.78;95.7;2.0;
2022-03-04 23:00:00;0.0;0.0;0.0;2.21;95.7;2.07;
2022-03-05 00:00:00;0.0;0.0;0.0;2.32;95.7;2.21;
2022-03-05 01:00:00;0.0;0.0;0.0;2.44;92.15;2.55;
2022-03-05 02:00:00;0.0;0.0;0.0;2.78;88.7;2.83;
2022-03-05 03:00:00;0.0;0.0;0.0;3.29;85.45;2.97;
2022-03-05 04:00:00;0.0;0.0;0.0;3.57;82.25;3.17;
2022-03-05 05:00:00;0.0;0.0;0.0;3.84;73.4;3.17;
2022-03-05 06:00:00;4.0;0.0;4.0;3.74;70.6;2.97;
2022-03-05 07:00:00;163.0;487.89;64.0;4.15;76.25;2.34;
2022-03-05 08:00:00;337.0;687.46;91.0;7.13;73.8;1.66;
2022-03-05 09:00:00;485.0;773.95;111.0;10.47;57.3;1.31;
2022-03-05 10:00:00;590.0;822.02;121.0;12.56;44.35;1.17;
2022-03-05 11:00:00;643.0;842.25;126.0;13.86;35.6;1.24;
2022-03-05 12:00:00;594.0;657.23;193.0;14.58;31.8;1.17;
2022-03-05 13:00:00;564.0;757.54;140.0;14.96;29.55;1.17;
2022-03-05 14:00:00;456.0;721.04;120.0;15.05;29.55;1.03;
2022-03-05 15:00:00;88.0;0.0;88.0;14.93;29.55;1.24;
2022-03-05 16:00:00;56.0;0.0;56.0;14.3;34.25;1.38;
2022-03-05 17:00:00;0.0;0.0;0.0;12.32;42.7;1.52;
2022-03-05 18:00:00;0.0;0.0;0.0;11.24;43.95;1.03;
2022-03-05 19:00:00;0.0;0.0;0.0;8.65;50.6;1.72;
2022-03-05 20:00:00;0.0;0.0;0.0;6.75;54.3;2.0;
2022-03-05 21:00:00;0.0;0.0;0.0;4.75;62.95;2.28;
2022-03-05 22:00:00;0.0;0.0;0.0;3.29;65.2;2.28;
2022-03-05 23:00:00;0.0;0.0;0.0;2.56;70.3;2.28;
2022-03-06 00:00:00;0.0;0.0;0.0;2.22;70.3;2.21;
2022-03-06 01:00:00;0.0;0.0;0.0;1.74;73.0;2.21;
2022-03-06 02:00:00;0.0;0.0;0.0;1.32;75.85;2.14;
2022-03-06 03:00:00;0.0;0.0;0.0;0.81;78.8;2.07;
2022-03-06 04:00:00;0.0;0.0;0.0;0.43;81.9;2.0;
2022-03-06 05:00:00;0.0;0.0;0.0;0.48;85.15;1.86;
2022-03-06 06:00:00;4.0;0.0;4.0;0.22;85.15;1.93;
2022-03-06 07:00:00;127.0;191.81;87.0;2.4;79.0;1.66;
2022-03-06 08:00:00;288.0;393.41;145.0;7.19;73.8;0.69;
2022-03-06 09:00:00;367.0;286.39;227.0;10.62;47.35;0.9;
2022-03-06 10:00:00;104.0;0.0;104.0;11.56;53.35;1.79;
2022-03-06 11:00:00;157.0;0.0;157.0;12.05;57.65;2.28;
2022-03-06 12:00:00;139.0;0.0;139.0;12.33;57.75;2.69;
2022-03-06 13:00:00;103.0;0.0;103.0;12.1;62.1;2.14;
2022-03-06 14:00:00;177.0;8.5;173.0;12.02;62.1;1.72;
2022-03-06 15:00:00;76.0;0.0;76.0;11.93;62.1;1.03;
2022-03-06 16:00:00;50.0;0.0;50.0;11.62;64.35;1.38;
2022-03-06 17:00:00;0.0;0.0;0.0;10.87;69.15;1.66;
2022-03-06 18:00:00;0.0;0.0;0.0;9.93;74.3;1.79;
2022-03-06 19:00:00;0.0;0.0;0.0;9.16;85.95;1.1;
2022-03-06 20:00:00;0.0;0.0;0.0;9.05;82.85;1.03;
2022-03-06 21:00:00;0.0;0.0;0.0;8.25;85.9;1.45;
2022-03-06 22:00:00;0.0;0.0;0.0;7.92;85.85;1.72;
2022-03-06 23:00:00;0.0;0.0;0.0;7.93;82.7;1.93;
2022-03-07 00:00:00;0.0;0.0;0.0;8.32;76.85;2.28;
2022-03-07 01:00:00;0.0;0.0;0.0;8.57;76.85;2.55;
2022-03-07 02:00:00;0.0;0.0;0.0;8.84;74.15;2.83;
2022-03-07 03:00:00;0.0;0.0;0.0;8.79;79.85;3.17;
2022-03-07 04:00:00;0.0;0.0;0.0;8.63;85.9;3.59;
2022-03-07 05:00:00;0.0;0.0;0.0;8.59;85.9;4.34;
2022-03-07 06:00:00;1.0;0.0;1.0;8.61;85.9;4.9;
2022-03-07 07:00:00;40.0;0.0;40.0;8.44;89.1;2.55;
2022-03-07 08:00:00;37.0;0.0;37.0;8.68;92.4;1.79;
2022-03-07 09:00:00;43.0;0.0;43.0;9.07;89.1;1.03;
2022-03-07 10:00:00;60.0;0.0;60.0;9.04;92.45;0.9;
2022-03-07 11:00:00;57.0;0.0;57.0;9.41;92.45;1.17;
2022-03-07 12:00:00;56.0;0.0;56.0;9.61;92.45;1.31;
2022-03-07 13:00:00;59.0;0.0;59.0;9.78;89.2;1.45;
2022-03-07 14:00:00;62.0;0.0;62.0;10.02;89.2;1.38;
2022-03-07 15:00:00;54.0;0.0;54.0;10.35;89.25;1.24;
2022-03-07 16:00:00;25.0;0.0;25.0;10.3;89.25;1.1;
2022-03-07 17:00:00;0.0;0.0;0.0;10.16;89.2;0.97;
2022-03-07 18:00:00;0.0;0.0;0.0;9.71;92.45;1.17;
2022-03-07 19:00:00;0.0;0.0;0.0;8.55;95.85;2.0;
2022-03-07 20:00:00;0.0;0.0;0.0;8.02;95.8;1.72;
2022-03-07 21:00:00;0.0;0.0;0.0;7.03;95.8;1.66;
2022-03-07 22:00:00;0.0;0.0;0.0;6.65;95.8;1.66;
2022-03-07 23:00:00;0.0;0.0;0.0;6.86;95.8;1.79;
2022-03-08 00:00:00;0.0;0.0;0.0;6.74;92.35;1.86;
2022-03-08 01:00:00;0.0;0.0;0.0;6.39;92.3;1.79;
2022-03-08 02:00:00;0.0;0.0;0.0;5.72;95.75;1.86;
2022-03-08 03:00:00;0.0;0.0;0.0;5.38;92.25;1.79;
2022-03-08 04:00:00;0.0;0.0;0.0;5.79;92.3;1.52;
2022-03-08 05:00:00;0.0;0.0;0.0;5.53;95.75;1.66;
2022-03-08 06:00:00;14.0;43.68;12.0;5.57;95.75;1.59;
2022-03-08 07:00:00;102.0;59.12;89.0;5.64;95.75;1.1;
2022-03-08 08:00:00;171.0;34.68;158.0;9.41;82.9;0.62;
2022-03-08 09:00:00;287.0;91.99;241.0;10.61;77.15;0.34;
2022-03-08 10:00:00;481.0;376.44;260.0;11.56;71.85;0.41;
2022-03-08 11:00:00;536.0;425.45;268.0;12.36;69.45;0.83;
2022-03-08 12:00:00;494.0;321.25;293.0;13.5;60.2;1.1;
2022-03-08 13:00:00;518.0;537.74;209.0;14.17;56.0;1.66;
2022-03-08 14:00:00;458.0;689.2;127.0;14.13;56.0;1.79;
2022-03-08 15:00:00;107.0;0.0;107.0;14.06;53.95;1.59;
2022-03-08 16:00:00;62.0;0.0;62.0;13.77;55.9;1.38;
2022-03-08 17:00:00;0.0;0.0;0.0;12.7;62.2;1.45;
2022-03-08 18:00:00;0.0;0.0;0.0;10.61;74.4;1.17;
2022-03-08 19:00:00;0.0;0.0;0.0;11.6;64.35;0.97;
2022-03-08 20:00:00;0.0;0.0;0.0;10.74;69.1;1.03;
2022-03-08 21:00:00;0.0;0.0;0.0;10.66;69.1;0.41;
2022-03-08 22:00:00;0.0;0.0;0.0;10.26;71.6;0.48;
2022-03-08 23:00:00;0.0;0.0;0.0;9.61;71.5;1.17;
2022-03-09 00:00:00;0.0;0.0;0.0;6.33;82.55;1.72;
2022-03-09 01:00:00;0.0;0.0;0.0;4.59;88.85;2.07;
2022-03-09 02:00:00;0.0;0.0;0.0;3.25;88.75;2.14;
2022-03-09 03:00:00;0.0;0.0;0.0;2.64;95.7;2.07;
2022-03-09 04:00:00;0.0;0.0;0.0;2.27;92.15;2.21;
2022-03-09 05:00:00;0.0;0.0;0.0;2.18;92.1;2.34;
2022-03-09 06:00:00;18.0;77.73;14.0;2.15;92.1;2.34;
2022-03-09 07:00:00;170.0;403.38;79.0;4.28;88.85;1.59;
2022-03-09 08:00:00;338.0;586.03;115.0;8.66;76.85;0.97;
2022-03-09 09:00:00;438.0;488.43;191.0;11.3;64.35;0.62;
2022-03-09 10:00:00;577.0;700.32;162.0;12.41;62.2;1.03;
2022-03-09 11:00:00;620.0;694.2;179.0;13.37;60.2;1.17;
2022-03-09 12:00:00;624.0;730.8;163.0;14.16;56.0;1.31;
2022-03-09 13:00:00;540.0;607.36;188.0;14.63;54.1;1.45;
2022-03-09 14:00:00;444.0;602.09;152.0;14.59;52.15;1.52;
2022-03-09 15:00:00;100.0;0.0;100.0;14.39;54.1;1.66;
2022-03-09 16:00:00;62.0;0.0;62.0;13.93;56.0;1.38;
2022-03-09 17:00:00;0.0;0.0;0.0;12.77;64.55;1.03;
2022-03-09 18:00:00;0.0;0.0;0.0;10.52;74.4;1.52;
2022-03-09 19:00:00;0.0;0.0;0.0;9.65;77.0;1.72;
2022-03-09 20:00:00;0.0;0.0;0.0;8.08;82.7;2.0;
2022-03-09 21:00:00;0.0;0.0;0.0;7.04;85.75;1.93;
2022-03-09 22:00:00;0.0;0.0;0.0;6.48;85.7;1.79;
2022-03-09 23:00:00;0.0;0.0;0.0;5.62;88.85;1.86;
2022-03-10 00:00:00;0.0;0.0;0.0;4.82;92.25;2.0;
2022-03-10 01:00:00;0.0;0.0;0.0;4.48;92.25;2.07;
2022-03-10 02:00:00;0.0;0.0;0.0;4.16;92.2;2.0;
2022-03-10 03:00:00;0.0;0.0;0.0;3.97;88.8;1.93;
2022-03-10 04:00:00;0.0;0.0;0.0;3.48;88.75;1.86;
2022-03-10 05:00:00;0.0;0.0;0.0;2.95;92.15;1.86;
2022-03-10 06:00:00;22.0;104.97;16.0;2.9;92.15;1.79;
2022-03-10 07:00:00;177.0;427.97;78.0;5.38;88.85;1.24;
2022-03-10 08:00:00;336.0;551.48;123.0;9.39;79.9;0.97;
2022-03-10 09:00:00;175.0;3.91;173.0;11.29;74.55;0.9;
2022-03-10 10:00:00;175.0;0.0;175.0;12.58;69.45;1.17;
2022-03-10 11:00:00;165.0;0.0;165.0;13.56;67.15;1.03;
2022-03-10 12:00:00;282.0;20.44;269.0;14.33;62.65;1.52;
2022-03-10 13:00:00;482.0;396.94;250.0;14.67;62.65;1.72;
2022-03-10 14:00:00;471.0;722.94;117.0;14.85;60.5;1.66;
2022-03-10 15:00:00;98.0;0.0;98.0;14.63;62.65;1.03;
2022-03-10 16:00:00;65.0;0.0;65.0;14.28;64.85;1.17;
2022-03-10 17:00:00;0.0;0.0;0.0;13.14;69.55;1.24;
2022-03-10 18:00:00;0.0;0.0;0.0;11.15;80.1;1.93;
2022-03-10 19:00:00;0.0;0.0;0.0;10.57;86.05;1.38;
2022-03-10 20:00:00;0.0;0.0;0.0;8.81;89.1;1.72;
2022-03-10 21:00:00;0.0;0.0;0.0;7.27;92.35;1.93;
2022-03-10 22:00:00;0.0;0.0;0.0;6.2;95.75;2.07;
2022-03-10 23:00:00;0.0;0.0;0.0;6.07;95.75;2.34;
2022-03-11 00:00:00;0.0;0.0;0.0;6.17;95.75;2.69;
2022-03-11 01:00:00;0.0;0.0;0.0;6.94;89.0;3.24;
2022-03-11 02:00:00;0.0;0.0;0.0;8.19;73.95;3.72;
2022-03-11 03:00:00;0.0;0.0;0.0;8.97;50.7;4.0;
2022-03-11 04:00:00;0.0;0.0;0.0;9.37;43.55;4.14;
2022-03-11 05:00:00;0.0;0.0;0.0;9.51;41.85;4.28;
2022-03-11 06:00:00;30.0;174.92;19.0;9.37;41.85;4.48;
2022-03-11 07:00:00;203.0;569.44;68.0;10.0;37.3;4.34;
2022-03-11 08:00:00;380.0;722.03;97.0;11.21;37.6;4.21;
2022-03-11 09:00:00;531.0;812.45;111.0;12.37;28.85;5.72;
2022-03-11 10:00:00;559.0;548.4;228.0;12.74;26.65;6.0;
2022-03-11 11:00:00;129.0;0.0;129.0;12.56;27.75;5.17;
2022-03-11 12:00:00;515.0;319.79;310.0;11.98;28.75;4.97;
2022-03-11 13:00:00;381.0;135.74;301.0;11.24;30.85;4.55;
2022-03-11 14:00:00;408.0;388.41;216.0;11.01;29.6;4.48;
2022-03-11 15:00:00;122.0;0.0;122.0;10.16;29.35;4.97;
2022-03-11 16:00:00;59.0;0.0;59.0;9.28;29.2;4.55;
2022-03-11 17:00:00;0.0;0.0;0.0;8.35;26.65;4.21;
2022-03-11 18:00:00;0.0;0.0;0.0;7.22;25.15;3.93;
2022-03-11 19:00:00;0.0;0.0;0.0;6.36;25.0;4.83;
2022-03-11 20:00:00;0.0;0.0;0.0;6.17;27.05;4.97;
2022-03-11 21:00:00;0.0;0.0;0.0;6.14;27.05;4.76;
2022-03-11 22:00:00;0.0;0.0;0.0;6.2;27.05;4.34;
2022-03-11 23:00:00;0.0;0.0;0.0;5.69;29.3;3.66;
2022-03-12 00:00:00;0.0;0.0;0.0;5.01;33.05;3.31;
2022-03-12 01:00:00;0.0;0.0;0.0;4.2;35.75;3.03;
2022-03-12 02:00:00;0.0;0.0;0.0;3.22;40.3;2.69;
2022-03-12 03:00:00;0.0;0.0;0.0;2.05;49.0;2.55;
2022-03-12 04:00:00;0.0;0.0;0.0;1.1;55.05;2.48;
2022-03-12 05:00:00;0.0;0.0;0.0;0.25;57.2;2.34;
2022-03-12 06:00:00;35.0;189.4;22.0;-0.3;64.45;2.34;
2022-03-12 07:00:00;214.0;609.45;66.0;1.79;67.5;2.0;
2022-03-12 08:00:00;390.0;744.33;94.0;6.44;50.05;2.07;
2022-03-12 09:00:00;540.0;826.67;108.0;8.25;38.25;2.14;
2022-03-12 10:00:00;641.0;847.23;125.0;9.51;34.35;1.59;
2022-03-12 11:00:00;689.0;852.29;134.0;10.47;30.7;1.1;
2022-03-12 12:00:00;660.0;756.83;171.0;11.13;29.6;1.1;
2022-03-12 13:00:00;585.0;683.27;179.0;11.48;28.6;1.52;
2022-03-12 14:00:00;500.0;761.58;120.0;11.5;27.45;1.66;
2022-03-12 15:00:00;169.0;0.0;169.0;11.39;27.45;1.52;
2022-03-12 16:00:00;85.0;0.0;85.0;10.8;28.45;1.31;
2022-03-12 17:00:00;5.0;0.0;5.0;9.69;43.55;1.03;
2022-03-12 18:00:00;0.0;0.0;0.0;7.83;46.65;1.17;
2022-03-12 19:00:00;0.0;0.0;0.0;5.65;51.8;1.66;
2022-03-12 20:00:00;0.0;0.0;0.0;4.06;53.65;1.93;
2022-03-12 21:00:00;0.0;0.0;0.0;2.9;57.8;2.0;
2022-03-12 22:00:00;0.0;0.0;0.0;2.09;62.35;2.0;
2022-03-12 23:00:00;0.0;0.0;0.0;2.1;64.9;1.86;
2022-03-13 00:00:00;0.0;0.0;0.0;2.03;67.5;1.79;
2022-03-13 01:00:00;0.0;0.0;0.0;2.13;64.9;1.66;
2022-03-13 02:00:00;0.0;0.0;0.0;2.46;62.5;1.52;
2022-03-13 03:00:00;0.0;0.0;0.0;1.22;70.1;1.79;
2022-03-13 04:00:00;0.0;0.0;0.0;0.64;75.7;2.07;
2022-03-13 05:00:00;0.0;0.0;0.0;0.16;75.6;2.14;
2022-03-13 06:00:00;39.0;201.57;24.0;-0.07;75.6;2.21;
2022-03-13 07:00:00;203.0;482.65;83.0;2.03;75.95;1.52;
2022-03-13 08:00:00;305.0;304.91;182.0;7.65;52.35;1.03;
2022-03-13 09:00:00;531.0;770.55;124.0;9.74;35.75;0.55;
2022-03-13 10:00:00;643.0;841.33;126.0;10.88;34.75;0.62;
2022-03-13 11:00:00;691.0;845.46;136.0;11.8;35.05;1.03;
2022-03-13 12:00:00;643.0;683.39;198.0;12.9;33.95;1.31;
2022-03-13 13:00:00;606.0;759.57;151.0;13.82;30.45;1.86;
2022-03-13 14:00:00;510.0;794.33;110.0;14.33;27.2;2.62;
2022-03-13 15:00:00;90.0;0.0;90.0;14.15;23.05;3.31;
2022-03-13 16:00:00;61.0;0.0;61.0;13.38;22.9;3.17;
2022-03-13 17:00:00;8.0;0.0;8.0;11.78;24.3;3.31;
2022-03-13 18:00:00;0.0;0.0;0.0;10.17;24.9;3.45;
2022-03-13 19:00:00;0.0;0.0;0.0;8.85;34.2;2.14;
2022-03-13 20:00:00;0.0;0.0;0.0;6.44;48.15;1.86;
2022-03-13 21:00:00;0.0;0.0;0.0;5.53;49.8;1.59;
2022-03-13 22:00:00;0.0;0.0;0.0;5.43;47.85;1.45;
2022-03-13 23:00:00;0.0;0.0;0.0;4.96;49.65;1.38;
2022-03-14 00:00:00;0.0;0.0;0.0;2.68;60.05;1.79;
2022-03-14 01:00:00;0.0;0.0;0.0;1.02;67.3;2.07;
2022-03-14 02:00:00;0.0;0.0;0.0;0.29;69.95;2.14;
2022-03-14 03:00:00;0.0;0.0;0.0;-0.37;75.55;2.28;
2022-03-14 04:00:00;0.0;0.0;0.0;-0.66;72.6;2.41;
2022-03-14 05:00:00;0.0;0.0;0.0;-0.71;72.6;2.55;
2022-03-14 06:00:00;44.0;224.39;26.0;-0.56;72.6;2.69;
2022-03-14 07:00:00;220.0;589.58;70.0;1.83;75.95;1.93;
2022-03-14 08:00:00;380.0;647.72;115.0;7.41;61.1;1.24;
2022-03-14 09:00:00;532.0;760.58;126.0;10.16;47.2;1.52;
2022-03-14 10:00:00;439.0;204.86;312.0;11.6;39.25;1.93;
2022-03-14 11:00:00;518.0;299.23;320.0;12.4;35.15;2.0;
2022-03-14 12:00:00;594.0;513.57;257.0;12.65;32.5;1.59;
2022-03-14 13:00:00;465.0;289.82;290.0;12.72;31.25;1.45;
2022-03-14 14:00:00;349.0;196.79;249.0;12.62;31.25;1.31;
2022-03-14 15:00:00;168.0;0.0;168.0;12.36;31.25;1.38;
2022-03-14 16:00:00;78.0;0.0;78.0;11.76;34.9;1.72;
2022-03-14 17:00:00;7.0;0.0;7.0;10.2;42.0;2.0;
2022-03-14 18:00:00;0.0;0.0;0.0;8.51;50.6;2.76;
2022-03-14 19:00:00;0.0;0.0;0.0;8.97;46.95;2.83;
2022-03-14 20:00:00;0.0;0.0;0.0;7.89;54.55;2.83;
2022-03-14 21:00:00;0.0;0.0;0.0;7.37;61.1;2.55;
2022-03-14 22:00:00;0.0;0.0;0.0;6.83;65.85;2.41;
2022-03-14 23:00:00;0.0;0.0;0.0;6.41;70.95;2.21;
2022-03-15 00:00:00;0.0;0.0;0.0;5.88;73.65;2.34;
2022-03-15 01:00:00;0.0;0.0;0.0;5.89;76.5;2.55;
2022-03-15 02:00:00;0.0;0.0;0.0;5.75;76.5;2.83;
2022-03-15 03:00:00;0.0;0.0;0.0;5.75;73.65;3.17;
2022-03-15 04:00:00;0.0;0.0;0.0;5.78;70.85;3.1;
2022-03-15 05:00:00;0.0;0.0;0.0;5.48;73.55;2.55;
2022-03-15 06:00:00;48.0;244.09;27.0;4.69;79.3;2.21;
2022-03-15 07:00:00;221.0;572.59;72.0;6.3;82.55;2.07;
2022-03-15 08:00:00;394.0;711.09;99.0;10.12;69.0;2.14;
2022-03-15 09:00:00;540.0;791.62;113.0;12.32;59.95;2.41;
2022-03-15 10:00:00;641.0;825.1;125.0;13.82;52.0;2.55;
2022-03-15 11:00:00;680.0;803.7;144.0;14.97;48.55;2.48;
2022-03-15 12:00:00;669.0;784.95;150.0;15.8;46.75;2.48;
2022-03-15 13:00:00;603.0;747.64;148.0;16.3;45.15;2.76;
2022-03-15 14:00:00;505.0;764.6;113.0;16.63;43.65;2.97;
2022-03-15 15:00:00;87.0;0.0;87.0;16.45;45.3;2.9;
2022-03-15 16:00:00;62.0;0.0;62.0;16.17;46.9;2.69;
2022-03-15 17:00:00;10.0;0.0;10.0;14.64;52.15;2.41;
2022-03-15 18:00:00;0.0;0.0;0.0;12.93;57.9;2.83;
2022-03-15 19:00:00;0.0;0.0;0.0;13.08;62.3;2.21;
2022-03-15 20:00:00;0.0;0.0;0.0;11.05;69.15;2.28;
2022-03-15 21:00:00;0.0;0.0;0.0;9.38;71.5;2.48;
2022-03-15 22:00:00;0.0;0.0;0.0;8.26;71.35;2.55;
2022-03-15 23:00:00;0.0;0.0;0.0;7.51;76.7;2.62;
2022-03-16 00:00:00;0.0;0.0;0.0;7.12;76.65;2.76;
2022-03-16 01:00:00;0.0;0.0;0.0;6.83;73.8;2.83;
2022-03-16 02:00:00;0.0;0.0;0.0;6.55;73.7;2.83;
2022-03-16 03:00:00;0.0;0.0;0.0;5.98;76.5;2.76;
2022-03-16 04:00:00;0.0;0.0;0.0;5.41;76.4;2.62;
2022-03-16 05:00:00;0.0;0.0;0.0;4.99;79.3;2.55;
2022-03-16 06:00:00;36.0;65.31;30.0;4.93;79.3;2.62;
2022-03-16 07:00:00;157.0;146.6;118.0;6.74;82.55;1.66;
2022-03-16 08:00:00;272.0;168.82;201.0;11.69;59.7;1.38;
2022-03-16 09:00:00;384.0;212.85;268.0;14.17;52.0;1.52;
2022-03-16 10:00:00;498.0;317.07;298.0;16.06;48.65;1.93;
2022-03-16 11:00:00;578.0;428.5;290.0;17.48;45.55;2.14;
2022-03-16 12:00:00;535.0;331.76;314.0;18.54;42.6;2.21;
2022-03-16 13:00:00;590.0;657.09;187.0;19.11;41.15;2.41;
2022-03-16 14:00:00;518.0;784.99;112.0;19.25;41.15;2.48;
2022-03-16 15:00:00;94.0;0.0;94.0;19.01;41.15;2.55;
2022-03-16 16:00:00;73.0;0.0;73.0;18.29;45.7;2.34;
2022-03-16 17:00:00;12.0;0.0;12.0;16.57;52.5;1.93;
2022-03-16 18:00:00;0.0;0.0;0.0;14.13;62.55;2.0;
2022-03-16 19:00:00;0.0;0.0;0.0;11.9;77.35;2.0;
2022-03-16 20:00:00;0.0;0.0;0.0;10.35;83.0;1.59;
2022-03-16 21:00:00;0.0;0.0;0.0;10.04;86.0;1.24;
2022-03-16 22:00:00;0.0;0.0;0.0;10.42;86.05;0.76;
2022-03-16 23:00:00;0.0;0.0;0.0;9.75;92.45;0.62;
2022-03-17 00:00:00;0.0;0.0;0.0;9.14;92.45;0.9;
2022-03-17 01:00:00;0.0;0.0;0.0;8.37;92.4;1.1;
2022-03-17 02:00:00;0.0;0.0;0.0;7.54;95.8;1.24;
2022-03-17 03:00:00;0.0;0.0;0.0;6.69;99.4;1.45;
2022-03-17 04:00:00;0.0;0.0;0.0;6.37;95.8;1.45;
2022-03-17 05:00:00;0.0;0.0;0.0;6.4;95.8;1.31;
2022-03-17 06:00:00;15.0;0.0;15.0;6.29;95.8;1.24;
2022-03-17 07:00:00;66.0;0.0;66.0;9.33;85.95;0.62;
2022-03-17 08:00:00;123.0;0.0;123.0;10.69;77.15;1.03;
2022-03-17 09:00:00;86.0;0.0;86.0;11.72;71.85;1.59;
2022-03-17 10:00:00;112.0;0.0;112.0;12.35;66.95;1.38;
2022-03-17 11:00:00;116.0;0.0;116.0;12.72;66.95;1.31;
2022-03-17 12:00:00;125.0;0.0;125.0;13.08;64.65;1.59;
2022-03-17 13:00:00;220.0;3.24;218.0;13.04;64.65;1.86;
2022-03-17 14:00:00;102.0;0.0;102.0;13.07;67.05;2.07;
2022-03-17 15:00:00;108.0;0.0;108.0;12.81;67.05;2.14;
2022-03-17 16:00:00;71.0;0.0;71.0;12.3;69.45;2.07;
2022-03-17 17:00:00;6.0;0.0;6.0;11.77;77.3;1.59;
2022-03-17 18:00:00;0.0;0.0;0.0;11.07;80.1;1.31;
2022-03-17 19:00:00;0.0;0.0;0.0;10.23;89.2;0.83;
2022-03-17 20:00:00;0.0;0.0;0.0;9.88;89.2;0.9;
2022-03-17 21:00:00;0.0;0.0;0.0;9.69;89.15;0.69;
2022-03-17 22:00:00;0.0;0.0;0.0;9.44;92.45;0.62;
2022-03-17 23:00:00;0.0;0.0;0.0;9.37;92.45;1.31;
2022-03-18 00:00:00;0.0;0.0;0.0;9.13;92.45;1.86;
2022-03-18 01:00:00;0.0;0.0;0.0;8.72;92.4;1.79;
2022-03-18 02:00:00;0.0;0.0;0.0;8.1;89.05;1.93;
2022-03-18 03:00:00;0.0;0.0;0.0;7.43;85.8;2.14;
2022-03-18 04:00:00;0.0;0.0;0.0;7.02;79.55;2.83;
2022-03-18 05:00:00;0.0;0.0;0.0;6.77;71.05;3.17;
2022-03-18 06:00:00;68.0;366.91;30.0;6.37;63.25;3.38;
2022-03-18 07:00:00;248.0;626.7;74.0;7.62;56.55;3.45;
2022-03-18 08:00:00;428.0;766.2;97.0;9.67;45.25;3.72;
2022-03-18 09:00:00;572.0;819.98;116.0;11.39;34.9;4.07;
2022-03-18 10:00:00;680.0;874.49;119.0;12.59;30.05;4.34;
2022-03-18 11:00:00;732.0;892.44;123.0;13.47;28.0;4.0;
2022-03-18 12:00:00;708.0;834.35;144.0;14.15;26.0;3.66;
2022-03-18 13:00:00;643.0;812.62;137.0;14.42;24.1;3.31;
2022-03-18 14:00:00;535.0;803.97;112.0;14.34;23.15;2.97;
2022-03-18 15:00:00;99.0;0.0;99.0;13.89;24.0;2.69;
2022-03-18 16:00:00;68.0;0.0;68.0;13.09;26.75;1.93;
2022-03-18 17:00:00;16.0;0.0;16.0;11.56;39.25;1.1;
2022-03-18 18:00:00;0.0;0.0;0.0;9.6;45.25;1.1;
2022-03-18 19:00:00;0.0;0.0;0.0;7.16;48.25;1.86;
2022-03-18 20:00:00;0.0;0.0;0.0;5.55;58.3;2.14;
2022-03-18 21:00:00;0.0;0.0;0.0;4.31;73.45;2.07;
2022-03-18 22:00:00;0.0;0.0;0.0;3.83;82.3;1.72;
2022-03-18 23:00:00;0.0;0.0;0.0;5.39;79.35;1.1;
2022-03-19 00:00:00;0.0;0.0;0.0;5.5;82.4;0.69;
2022-03-19 01:00:00;0.0;0.0;0.0;5.01;85.55;0.76;
2022-03-19 02:00:00;0.0;0.0;0.0;2.19;88.65;1.66;
2022-03-19 03:00:00;0.0;0.0;0.0;0.92;88.55;1.93;
2022-03-19 04:00:00;0.0;0.0;0.0;0.37;88.5;2.0;
2022-03-19 05:00:00;0.0;0.0;0.0;0.04;88.45;2.0;
2022-03-19 06:00:00;73.0;365.54;33.0;0.1;85.1;2.07;
2022-03-19 07:00:00;259.0;659.72;72.0;2.8;82.2;1.79;
2022-03-19 08:00:00;440.0;790.5;94.0;7.41;54.4;1.66;
2022-03-19 09:00:00;585.0;842.17;112.0;9.14;43.4;1.1;
2022-03-19 10:00:00;691.0;884.29;119.0;10.42;38.95;0.41;
2022-03-19 11:00:00;731.0;862.55;138.0;11.28;37.6;0.55;
2022-03-19 12:00:00;702.0;779.93;171.0;11.8;35.05;0.97;
2022-03-19 13:00:00;506.0;333.17;297.0;12.15;36.45;1.03;
2022-03-19 14:00:00;357.0;173.4;265.0;12.38;35.15;1.24;
2022-03-19 15:00:00;102.0;0.0;102.0;12.35;35.15;2.0;
2022-03-19 16:00:00;78.0;0.0;78.0;11.87;36.45;2.69;
2022-03-19 17:00:00;12.0;0.0;12.0;10.74;42.15;2.48;
2022-03-19 18:00:00;0.0;0.0;0.0;8.92;48.8;2.0;
2022-03-19 19:00:00;0.0;0.0;0.0;7.46;56.55;2.14;
2022-03-19 20:00:00;0.0;0.0;0.0;5.89;68.2;1.59;
2022-03-19 21:00:00;0.0;0.0;0.0;5.62;65.55;1.45;
2022-03-19 22:00:00;0.0;0.0;0.0;5.62;63.05;1.38;
2022-03-19 23:00:00;0.0;0.0;0.0;6.37;58.55;1.24;
2022-03-20 00:00:00;0.0;0.0;0.0;6.55;56.3;1.1;
2022-03-20 01:00:00;0.0;0.0;0.0;5.78;60.75;1.31;
2022-03-20 02:00:00;0.0;0.0;0.0;3.1;70.4;1.72;
2022-03-20 03:00:00;0.0;0.0;0.0;1.42;78.9;1.93;
2022-03-20 04:00:00;0.0;0.0;0.0;0.3;85.15;2.07;
2022-03-20 05:00:00;0.0;0.0;0.0;-0.24;88.45;2.0;
2022-03-20 06:00:00;76.0;338.26;37.0;-0.37;91.95;1.93;
2022-03-20 07:00:00;258.0;615.37;80.0;3.63;82.25;1.31;
2022-03-20 08:00:00;439.0;760.08;102.0;8.68;52.6;1.1;
2022-03-20 09:00:00;582.0;807.55;124.0;9.73;47.05;0.76;
2022-03-20 10:00:00;611.0;568.89;240.0;10.59;43.8;0.97;
2022-03-20 11:00:00;691.0;698.85;207.0;11.27;42.3;0.76;
2022-03-20 12:00:00;699.0;754.02;182.0;11.83;39.4;0.55;
2022-03-20 13:00:00;653.0;805.52;144.0;12.17;37.9;0.62;
2022-03-20 14:00:00;551.0;824.4;110.0;12.61;36.55;1.03;
2022-03-20 15:00:00;96.0;0.0;96.0;12.61;35.15;1.52;
2022-03-20 16:00:00;67.0;0.0;67.0;12.24;36.45;1.66;
2022-03-20 17:00:00;19.0;0.0;19.0;11.35;39.25;1.24;
2022-03-20 18:00:00;0.0;0.0;0.0;9.13;59.15;1.17;
2022-03-20 19:00:00;0.0;0.0;0.0;7.55;56.55;1.38;
2022-03-20 20:00:00;0.0;0.0;0.0;6.3;58.55;1.59;
2022-03-20 21:00:00;0.0;0.0;0.0;5.39;63.05;1.66;
2022-03-20 22:00:00;0.0;0.0;0.0;5.47;60.65;1.52;
2022-03-20 23:00:00;0.0;0.0;0.0;5.08;62.95;1.52;
2022-03-21 00:00:00;0.0;0.0;0.0;3.61;67.8;1.79;
2022-03-21 01:00:00;0.0;0.0;0.0;2.0;75.95;2.0;
2022-03-21 02:00:00;0.0;0.0;0.0;1.16;81.95;2.0;
2022-03-21 03:00:00;0.0;0.0;0.0;0.62;85.15;1.93;
2022-03-21 04:00:00;0.0;0.0;0.0;0.3;85.15;1.93;
2022-03-21 05:00:00;0.0;0.0;0.0;-0.05;85.1;2.0;
2022-03-21 06:00:00;81.0;338.39;40.0;0.0;88.45;1.86;
2022-03-21 07:00:00;265.0;627.01;80.0;3.6;82.25;1.52;
2022-03-21 08:00:00;442.0;743.81;108.0;8.67;50.6;1.45;
2022-03-21 09:00:00;593.0;826.01;120.0;9.91;45.4;0.83;
2022-03-21 10:00:00;701.0;877.69;124.0;11.04;42.3;0.76;
2022-03-21 11:00:00;755.0;905.97;123.0;12.16;39.4;0.83;
2022-03-21 12:00:00;734.0;864.66;137.0;13.14;36.7;0.9;
2022-03-21 13:00:00;664.0;824.89;139.0;13.92;34.25;1.03;
2022-03-21 14:00:00;552.0;808.48;116.0;14.42;33.05;0.97;
2022-03-21 15:00:00;119.0;0.0;119.0;14.56;31.8;1.03;
2022-03-21 16:00:00;105.0;0.0;105.0;14.22;32.95;1.17;
2022-03-21 17:00:00;20.0;0.0;20.0;13.08;39.65;1.17;
2022-03-21 18:00:00;0.0;0.0;0.0;10.6;55.15;1.17;
2022-03-21 19:00:00;0.0;0.0;0.0;10.54;40.55;0.69;
2022-03-21 20:00:00;0.0;0.0;0.0;9.93;42.0;0.28;
2022-03-21 21:00:00;0.0;0.0;0.0;9.19;46.95;0.9;
2022-03-21 22:00:00;0.0;0.0;0.0;5.64;63.05;1.79;
2022-03-21 23:00:00;0.0;0.0;0.0;3.67;70.5;2.07;
2022-03-22 00:00:00;0.0;0.0;0.0;2.54;76.0;2.21;
2022-03-22 01:00:00;0.0;0.0;0.0;1.8;78.95;2.21;
2022-03-22 02:00:00;0.0;0.0;0.0;1.35;82.0;2.21;
2022-03-22 03:00:00;0.0;0.0;0.0;0.98;85.2;2.14;
2022-03-22 04:00:00;0.0;0.0;0.0;0.67;88.5;2.14;
2022-03-22 05:00:00;0.0;0.0;0.0;0.42;88.5;2.14;
2022-03-22 06:00:00;88.0;377.87;40.0;0.61;88.5;2.0;
2022-03-22 07:00:00;275.0;654.85;78.0;5.39;76.4;1.24;
2022-03-22 08:00:00;453.0;776.36;100.0;11.53;45.8;0.62;
2022-03-22 09:00:00;600.0;835.51;117.0;13.65;34.1;0.76;
2022-03-22 10:00:00;719.0;923.57;107.0;15.0;31.95;1.1;
2022-03-22 11:00:00;766.0;928.0;114.0;16.12;32.1;1.24;
2022-03-22 12:00:00;749.0;900.47;123.0;17.03;29.95;1.31;
2022-03-22 13:00:00;681.0;876.81;119.0;17.65;30.1;1.31;
2022-03-22 14:00:00;567.0;849.9;105.0;18.0;29.1;1.45;
2022-03-22 15:00:00;93.0;0.0;93.0;17.97;29.1;1.45;
2022-03-22 16:00:00;71.0;0.0;71.0;17.49;31.25;1.38;
2022-03-22 17:00:00;22.0;0.0;22.0;15.74;52.25;1.1;
2022-03-22 18:00:00;0.0;0.0;0.0;15.16;34.5;0.76;
2022-03-22 19:00:00;0.0;0.0;0.0;14.36;34.35;0.48;
2022-03-22 20:00:00;0.0;0.0;0.0;13.65;36.85;0.34;
2022-03-22 21:00:00;0.0;0.0;0.0;13.05;38.15;0.9;
2022-03-22 22:00:00;0.0;0.0;0.0;10.68;47.35;1.52;
2022-03-22 23:00:00;0.0;0.0;0.0;7.8;58.9;2.0;
2022-03-23 00:00:00;0.0;0.0;0.0;5.67;70.8;2.41;
2022-03-23 01:00:00;0.0;0.0;0.0;4.45;73.45;2.48;
2022-03-23 02:00:00;0.0;0.0;0.0;3.64;79.15;2.34;
2022-03-23 03:00:00;0.0;0.0;0.0;3.06;82.2;2.28;
2022-03-23 04:00:00;0.0;0.0;0.0;2.67;85.35;2.28;
2022-03-23 05:00:00;0.0;0.0;0.0;2.4;85.35;2.34;
2022-03-23 06:00:00;88.0;323.58;45.0;2.55;85.35;2.21;
2022-03-23 07:00:00;269.0;587.08;89.0;7.14;76.65;1.59;
2022-03-23 08:00:00;447.0;723.43;114.0;14.0;48.25;0.97;
2022-03-23 09:00:00;599.0;817.46;122.0;16.54;36.15;0.14;
2022-03-23 10:00:00;706.0;868.47;126.0;17.94;32.65;0.55;
2022-03-23 11:00:00;751.0;873.45;133.0;18.95;30.5;1.03;
2022-03-23 12:00:00;742.0;870.13;133.0;19.71;30.65;1.17;
2022-03-23 13:00:00;678.0;858.33;124.0;20.25;29.6;1.31;
2022-03-23 14:00:00;559.0;810.41;115.0;20.47;28.65;1.31;
2022-03-23 15:00:00;98.0;0.0;98.0;20.34;29.6;1.38;
2022-03-23 16:00:00;72.0;0.0;72.0;19.79;31.8;1.38;
2022-03-23 17:00:00;23.0;0.0;23.0;17.76;50.85;1.31;
2022-03-23 18:00:00;0.0;0.0;0.0;16.04;43.5;1.17;
2022-03-23 19:00:00;0.0;0.0;0.0;16.1;37.4;0.62;
2022-03-23 20:00:00;0.0;0.0;0.0;14.84;40.2;1.24;
2022-03-23 21:00:00;0.0;0.0;0.0;10.45;57.3;2.07;
2022-03-23 22:00:00;0.0;0.0;0.0;8.09;68.6;2.34;
2022-03-23 23:00:00;0.0;0.0;0.0;6.77;73.8;2.34;
2022-03-24 00:00:00;0.0;0.0;0.0;5.96;76.5;2.28;
2022-03-24 01:00:00;0.0;0.0;0.0;5.45;79.35;2.34;
2022-03-24 02:00:00;0.0;0.0;0.0;5.08;82.35;2.34;
2022-03-24 03:00:00;0.0;0.0;0.0;4.76;79.3;2.34;
2022-03-24 04:00:00;0.0;0.0;0.0;4.41;79.3;2.34;
2022-03-24 05:00:00;0.0;0.0;0.0;4.07;79.2;2.34;
2022-03-24 06:00:00;97.0;389.21;43.0;4.2;82.3;2.14;
2022-03-24 07:00:00;278.0;617.88;85.0;8.66;71.35;1.72;
2022-03-24 08:00:00;455.0;744.79;108.0;15.57;46.75;0.9;
2022-03-24 09:00:00;601.0;813.36;122.0;18.53;32.75;0.69;
2022-03-24 10:00:00;707.0;861.81;127.0;19.89;29.6;1.1;
2022-03-24 11:00:00;756.0;878.66;130.0;20.81;28.65;1.45;
2022-03-24 12:00:00;750.0;887.08;125.0;21.39;27.85;1.72;
2022-03-24 13:00:00;682.0;863.25;121.0;21.75;27.85;2.0;
2022-03-24 14:00:00;560.0;804.19;116.0;21.8;27.85;2.21;
2022-03-24 15:00:00;95.0;0.0;95.0;21.53;28.9;2.21;
2022-03-24 16:00:00;71.0;0.0;71.0;20.89;31.05;2.0;
2022-03-24 17:00:00;23.0;0.0;23.0;18.88;49.45;1.38;
2022-03-24 18:00:00;0.0;0.0;0.0;18.1;37.95;1.03;
2022-03-24 19:00:00;0.0;0.0;0.0;15.27;45.05;1.59;
2022-03-24 20:00:00;0.0;0.0;0.0;15.4;43.4;1.45;
2022-03-24 21:00:00;0.0;0.0;0.0;15.63;43.4;1.38;
2022-03-24 22:00:00;0.0;0.0;0.0;15.49;43.4;1.31;
2022-03-24 23:00:00;0.0;0.0;0.0;12.24;53.5;1.66;
2022-03-25 00:00:00;0.0;0.0;0.0;9.34;63.9;2.21;
2022-03-25 01:00:00;0.0;0.0;0.0;7.36;73.9;2.34;
2022-03-25 02:00:00;0.0;0.0;0.0;6.04;79.4;2.34;
2022-03-25 03:00:00;0.0;0.0;0.0;5.45;79.35;2.41;
2022-03-25 04:00:00;0.0;0.0;0.0;4.97;79.3;2.48;
2022-03-25 05:00:00;0.0;0.0;0.0;4.74;76.3;2.55;
2022-03-25 06:00:00;108.0;456.47;42.0;5.21;79.3;2.55;
2022-03-25 07:00:00;292.0;663.33;81.0;8.61;74.05;1.79;
2022-03-25 08:00:00;473.0;789.02;101.0;14.36;46.6;1.24;
2022-03-25 09:00:00;619.0;848.09;115.0;16.95;40.6;1.66;
2022-03-25 10:00:00;727.0;898.06;118.0;18.72;35.35;2.34;
2022-03-25 11:00:00;768.0;889.42;130.0;20.1;28.5;2.76;
2022-03-25 12:00:00;774.0;936.29;110.0;20.89;24.7;3.24;
2022-03-25 13:00:00;700.0;898.72;112.0;21.19;22.9;3.93;
2022-03-25 14:00:00;563.0;792.72;122.0;20.83;21.9;4.83;
2022-03-25 15:00:00;180.0;21.33;171.0;19.67;21.65;5.93;
2022-03-25 16:00:00;71.0;0.0;71.0;17.63;22.9;6.69;
2022-03-25 17:00:00;24.0;0.0;24.0;15.23;22.4;7.72;
2022-03-25 18:00:00;0.0;0.0;0.0;13.26;23.7;7.66;
2022-03-25 19:00:00;0.0;0.0;0.0;11.69;22.4;8.0;
2022-03-25 20:00:00;0.0;0.0;0.0;10.58;23.05;7.45;
2022-03-25 21:00:00;0.0;0.0;0.0;9.92;23.9;6.83;
2022-03-25 22:00:00;0.0;0.0;0.0;9.44;24.8;5.86;
2022-03-25 23:00:00;0.0;0.0;0.0;8.9;25.7;4.55;
2022-03-26 00:00:00;0.0;0.0;0.0;8.34;28.95;3.59;
2022-03-26 01:00:00;0.0;0.0;0.0;8.08;31.25;3.31;
2022-03-26 02:00:00;0.0;0.0;0.0;7.76;32.55;2.76;
2022-03-26 03:00:00;0.0;0.0;0.0;6.5;42.7;1.79;
2022-03-26 04:00:00;0.0;0.0;0.0;4.82;55.95;2.0;
2022-03-26 05:00:00;0.0;0.0;0.0;3.61;76.15;1.86;
2022-03-26 06:00:00;90.0;206.09;59.0;4.01;82.3;1.24;
2022-03-26 07:00:00;297.0;645.45;88.0;6.34;82.55;0.83;
2022-03-26 08:00:00;482.0;790.33;105.0;8.39;68.7;1.59;
2022-03-26 09:00:00;629.0;845.56;122.0;10.51;49.2;2.41;
2022-03-26 10:00:00;733.0;881.13;131.0;12.57;31.25;2.83;
2022-03-26 11:00:00;777.0;882.09;140.0;14.0;24.0;2.69;
2022-03-26 12:00:00;775.0;906.47;128.0;14.98;21.5;2.28;
2022-03-26 13:00:00;702.0;871.52;128.0;15.64;20.65;2.07;
2022-03-26 14:00:00;581.0;826.09;118.0;16.03;19.95;2.07;
2022-03-26 15:00:00;421.0;758.17;98.0;15.97;19.15;1.93;
2022-03-26 16:00:00;70.0;0.0;70.0;15.53;19.0;1.93;
2022-03-26 17:00:00;25.0;0.0;25.0;14.42;23.15;1.66;
2022-03-26 18:00:00;0.0;0.0;0.0;11.87;29.9;1.72;
2022-03-26 19:00:00;0.0;0.0;0.0;10.63;33.25;1.31;
2022-03-26 20:00:00;0.0;0.0;0.0;8.95;38.55;1.52;
2022-03-26 21:00:00;0.0;0.0;0.0;8.24;41.45;1.52;
2022-03-26 22:00:00;0.0;0.0;0.0;7.39;44.75;1.59;
2022-03-26 23:00:00;0.0;0.0;0.0;5.86;51.95;1.79;
2022-03-27 00:00:00;0.0;0.0;0.0;4.42;55.95;1.93;
2022-03-27 01:00:00;0.0;0.0;0.0;3.24;60.3;2.0;
2022-03-27 02:00:00;0.0;0.0;0.0;2.4;65.0;2.0;
2022-03-27 03:00:00;0.0;0.0;0.0;1.91;67.5;1.93;
2022-03-27 04:00:00;0.0;0.0;0.0;1.62;70.1;1.93;
2022-03-27 05:00:00;0.0;0.0;0.0;1.65;70.1;1.86;
2022-03-27 06:00:00;122.0;499.24;44.0;2.37;67.6;1.66;
2022-03-27 07:00:00;301.0;658.58;84.0;7.91;44.85;0.83;
2022-03-27 08:00:00;481.0;779.23;105.0;10.14;42.0;0.97;
2022-03-27 09:00:00;619.0;810.07;129.0;11.07;42.3;1.59;
2022-03-27 10:00:00;728.0;873.23;127.0;12.34;36.55;1.24;
2022-03-27 11:00:00;772.0;876.29;135.0;13.18;35.3;1.03;
2022-03-27 12:00:00;765.0;884.04;130.0;13.89;32.95;0.97;
2022-03-27 13:00:00;697.0;861.33;126.0;14.5;30.6;1.17;
2022-03-27 14:00:00;573.0;804.11;119.0;14.53;30.6;1.59;
2022-03-27 15:00:00;416.0;734.85;100.0;14.47;30.6;1.86;
2022-03-27 16:00:00;76.0;0.0;76.0;14.04;30.45;1.86;
2022-03-27 17:00:00;29.0;0.0;29.0;13.2;32.65;2.07;
2022-03-27 18:00:00;0.0;0.0;0.0;11.44;37.75;1.93;
2022-03-27 19:00:00;0.0;0.0;0.0;10.01;51.0;1.24;
2022-03-27 20:00:00;0.0;0.0;0.0;9.48;47.05;1.17;
2022-03-27 21:00:00;0.0;0.0;0.0;9.3;45.25;1.17;
2022-03-27 22:00:00;0.0;0.0;0.0;8.24;52.45;1.31;
2022-03-27 23:00:00;0.0;0.0;0.0;7.52;54.4;1.45;
2022-03-28 00:00:00;0.0;0.0;0.0;7.36;54.4;1.38;
2022-03-28 01:00:00;0.0;0.0;0.0;7.56;54.4;1.31;
2022-03-28 02:00:00;0.0;0.0;0.0;7.42;54.4;1.31;
2022-03-28 03:00:00;0.0;0.0;0.0;7.36;54.4;1.17;
2022-03-28 04:00:00;0.0;0.0;0.0;7.39;54.4;1.1;
2022-03-28 05:00:00;0.0;0.0;0.0;7.19;56.45;0.9;
2022-03-28 06:00:00;123.0;462.86;48.0;7.02;56.45;0.69;
2022-03-28 07:00:00;307.0;659.38;86.0;7.58;63.5;0.76;
2022-03-28 08:00:00;484.0;770.49;108.0;10.16;49.05;1.52;
2022-03-28 09:00:00;448.0;242.57;300.0;11.01;47.45;1.59;
2022-03-28 10:00:00;579.0;382.26;314.0;11.96;44.2;1.17;
2022-03-28 11:00:00;780.0;887.01;131.0;12.83;41.2;0.97;
2022-03-28 12:00:00;798.0;969.86;97.0;13.79;39.8;0.9;
2022-03-28 13:00:00;719.0;920.28;105.0;14.27;38.45;0.83;
2022-03-28 14:00:00;589.0;847.57;107.0;14.44;35.75;1.1;
2022-03-28 15:00:00;422.0;744.27;99.0;14.57;35.75;1.79;
2022-03-28 16:00:00;74.0;0.0;74.0;14.55;34.35;1.79;
2022-03-28 17:00:00;28.0;0.0;28.0;13.9;35.6;1.45;
2022-03-28 18:00:00;0.0;0.0;0.0;11.83;49.6;1.38;
2022-03-28 19:00:00;0.0;0.0;0.0;10.7;49.2;1.1;
2022-03-28 20:00:00;0.0;0.0;0.0;9.95;49.05;1.24;
2022-03-28 21:00:00;0.0;0.0;0.0;8.58;54.65;1.38;
2022-03-28 22:00:00;0.0;0.0;0.0;8.22;56.7;1.38;
2022-03-28 23:00:00;0.0;0.0;0.0;7.67;58.8;1.45;
2022-03-29 00:00:00;0.0;0.0;0.0;6.19;68.2;1.66;
2022-03-29 01:00:00;0.0;0.0;0.0;4.67;73.45;1.93;
2022-03-29 02:00:00;0.0;0.0;0.0;3.37;79.15;2.14;
2022-03-29 03:00:00;0.0;0.0;0.0;2.99;82.2;2.0;
2022-03-29 04:00:00;0.0;0.0;0.0;2.85;82.2;2.07;
2022-03-29 05:00:00;0.0;0.0;0.0;2.67;85.35;2.21;
2022-03-29 06:00:00;113.0;309.87;61.0;3.74;79.2;2.07;
2022-03-29 07:00:00;297.0;569.26;103.0;8.97;63.8;2.0;
2022-03-29 08:00:00;482.0;743.76;115.0;12.34;46.1;1.86;
2022-03-29 09:00:00;623.0;791.43;136.0;13.55;41.35;1.17;
2022-03-29 10:00:00;719.0;810.66;153.0;14.6;38.55;0.48;
2022-03-29 11:00:00;752.0;778.15;179.0;15.7;37.25;0.28;
2022-03-29 12:00:00;609.0;386.4;328.0;16.7;33.5;0.28;
2022-03-29 13:00:00;660.0;700.01;190.0;17.23;31.15;0.69;
2022-03-29 14:00:00;582.0;810.15;118.0;17.26;29.95;1.17;
2022-03-29 15:00:00;420.0;721.61;104.0;17.36;28.95;1.38;
2022-03-29 16:00:00;78.0;0.0;78.0;17.01;29.95;1.79;
2022-03-29 17:00:00;29.0;0.0;29.0;16.01;32.1;1.59;
2022-03-29 18:00:00;0.0;0.0;0.0;13.59;50.0;1.24;
2022-03-29 19:00:00;0.0;0.0;0.0;13.74;38.3;0.9;
2022-03-29 20:00:00;0.0;0.0;0.0;13.09;39.65;0.34;
2022-03-29 21:00:00;0.0;0.0;0.0;12.64;41.1;0.48;
2022-03-29 22:00:00;0.0;0.0;0.0;10.71;47.35;1.45;
2022-03-29 23:00:00;0.0;0.0;0.0;6.86;65.85;2.0;
2022-03-30 00:00:00;0.0;0.0;0.0;5.65;73.55;2.0;
2022-03-30 01:00:00;0.0;0.0;0.0;4.61;76.3;2.0;
2022-03-30 02:00:00;0.0;0.0;0.0;3.9;79.2;2.0;
2022-03-30 03:00:00;0.0;0.0;0.0;3.37;82.25;2.0;
2022-03-30 04:00:00;0.0;0.0;0.0;3.03;82.2;2.07;
2022-03-30 05:00:00;0.0;0.0;0.0;2.82;82.2;2.14;
2022-03-30 06:00:00;138.0;512.77;49.0;3.82;79.2;1.86;
2022-03-30 07:00:00;322.0;672.63;89.0;8.36;71.35;1.24;
2022-03-30 08:00:00;499.0;777.8;111.0;13.65;44.65;0.69;
2022-03-30 09:00:00;653.0;863.81;117.0;15.5;38.7;1.45;
2022-03-30 10:00:00;752.0;887.5;128.0;16.84;33.6;1.59;
2022-03-30 11:00:00;799.0;902.83;130.0;17.93;30.2;1.59;
2022-03-30 12:00:00;800.0;936.28;115.0;18.75;29.2;1.72;
2022-03-30 13:00:00;718.0;876.27;126.0;19.24;27.2;1.93;
2022-03-30 14:00:00;599.0;842.66;113.0;19.43;25.3;2.0;
2022-03-30 15:00:00;434.0;753.72;101.0;19.29;26.15;2.0;
2022-03-30 16:00:00;74.0;0.0;74.0;18.83;26.0;1.79;
2022-03-30 17:00:00;29.0;0.0;29.0;17.62;33.75;1.38;
2022-03-30 18:00:00;0.0;0.0;0.0;15.32;41.75;1.31;
2022-03-30 19:00:00;0.0;0.0;0.0;15.25;31.95;0.69;
2022-03-30 20:00:00;0.0;0.0;0.0;14.38;33.05;0.83;
2022-03-30 21:00:00;0.0;0.0;0.0;11.6;44.1;1.52;
2022-03-30 22:00:00;0.0;0.0;0.0;8.89;54.8;1.86;
2022-03-30 23:00:00;0.0;0.0;0.0;7.43;61.1;1.93;
2022-03-31 00:00:00;0.0;0.0;0.0;6.2;65.65;1.93;
2022-03-31 01:00:00;0.0;0.0;0.0;5.07;70.7;2.0;
2022-03-31 02:00:00;0.0;0.0;0.0;4.22;70.7;2.0;
2022-03-31 03:00:00;0.0;0.0;0.0;3.55;76.15;2.0;
2022-03-31 04:00:00;0.0;0.0;0.0;3.0;76.1;2.07;
2022-03-31 05:00:00;0.0;0.0;0.0;2.55;79.0;2.07;
2022-03-31 06:00:00;145.0;524.28;51.0;3.71;73.4;1.79;
2022-03-31 07:00:00;333.0;701.77;86.0;9.43;61.55;1.17;
2022-03-31 08:00:00;513.0;807.21;106.0;14.69;34.35;0.28;
2022-03-31 09:00:00;658.0;858.34;121.0;16.57;29.8;0.76;
2022-03-31 10:00:00;761.0;894.12;128.0;17.91;26.9;1.17;
2022-03-31 11:00:00;812.0;921.42;125.0;18.99;25.15;1.38;
2022-03-31 12:00:00;828.0;1002.77;90.0;19.83;24.35;1.59;
2022-03-31 13:00:00;744.0;943.03;103.0;20.36;22.65;1.86;
2022-03-31 14:00:00;612.0;871.34;106.0;20.58;21.9;1.93;
2022-03-31 15:00:00;442.0;769.62;99.0;20.53;21.05;1.86;
2022-03-31 16:00:00;73.0;0.0;73.0;16.81;28.04;1.52;
2022-03-31 17:00:00;30.0;0.0;30.0;16.0;32.6;1.58;
2022-03-31 18:00:00;0.0;0.0;0.0;15.19;37.16;1.64;
2022-03-31 19:00:00;0.0;0.0;0.0;14.39;41.71;1.7;
2022-03-31 20:00:00;0.0;0.0;0.0;13.58;46.27;1.76;
2022-03-31 21:00:00;0.0;0.0;0.0;12.78;50.83;1.82;
2022-03-31 22:00:00;0.0;0.0;0.0;11.97;55.39;1.89;
2022-03-31 23:00:00;0.0;0.0;0.0;11.16;59.94;1.95;
2022-04-01 00:00:00;0.0;0.0;0.0;10.36;64.5;2.01;
2022-04-01 01:00:00;0.0;0.0;0.0;9.55;69.06;2.07;
2022-04-01 02:00:00;0.0;0.0;0.0;8.74;73.62;2.13;
2022-04-01 03:00:00;0.0;0.0;0.0;7.94;78.17;2.19;
2022-04-01 04:00:00;0.0;0.0;0.0;7.13;82.73;2.26;
2022-04-01 05:00:00;0.0;0.0;0.0;6.32;87.29;2.32;
2022-04-01 06:00:00;122.0;281.09;70.0;5.52;91.85;2.38;
2022-04-01 07:00:00;313.0;584.61;104.0;4.71;96.4;2.44;
2022-04-01 08:00:00;495.0;743.84;116.0;15.38;65.05;0.76;
2022-04-01 09:00:00;619.0;730.94;158.0;17.52;58.8;0.07;
2022-04-01 10:00:00;736.0;834.78;141.0;18.83;56.95;0.69;
2022-04-01 11:00:00;773.0;825.19;154.0;19.75;55.2;1.1;
2022-04-01 12:00:00;716.0;664.63;224.0;20.47;51.65;1.24;
2022-04-01 13:00:00;655.0;659.54;204.0;20.91;51.65;1.38;
2022-04-01 14:00:00;547.0;632.86;177.0;21.07;49.95;1.52;
2022-04-01 15:00:00;425.0;702.99;109.0;20.88;51.65;1.52;
2022-04-01 16:00:00;99.0;0.0;99.0;20.48;53.5;1.45;
2022-04-01 17:00:00;38.0;0.0;38.0;19.42;65.75;1.31;
2022-04-01 18:00:00;0.0;0.0;0.0;17.58;75.4;0.97;
2022-04-01 19:00:00;0.0;0.0;0.0;18.16;61.05;0.21;
2022-04-01 20:00:00;0.0;0.0;0.0;17.64;63.2;0.9;
2022-04-01 21:00:00;0.0;0.0;0.0;13.69;74.85;1.86;
2022-04-01 22:00:00;0.0;0.0;0.0;11.65;83.1;2.28;
2022-04-01 23:00:00;0.0;0.0;0.0;10.5;86.05;2.34;
2022-04-02 00:00:00;0.0;0.0;0.0;9.62;89.15;2.28;
2022-04-02 01:00:00;0.0;0.0;0.0;8.98;89.1;2.21;
2022-04-02 02:00:00;0.0;0.0;0.0;8.53;92.4;2.21;
2022-04-02 03:00:00;0.0;0.0;0.0;8.14;92.4;2.28;
2022-04-02 04:00:00;0.0;0.0;0.0;7.86;92.4;2.28;
2022-04-02 05:00:00;0.0;0.0;0.0;7.66;92.35;2.28;
2022-04-02 06:00:00;130.0;314.69;70.0;8.28;92.4;1.93;
2022-04-02 07:00:00;315.0;573.01;107.0;13.08;83.25;1.24;
2022-04-02 08:00:00;491.0;710.96;125.0;16.99;65.35;0.55;
2022-04-02 09:00:00;633.0;772.36;142.0;18.31;63.3;1.1;
2022-04-02 10:00:00;730.0;806.95;151.0;19.14;61.3;1.31;
2022-04-02 11:00:00;779.0;836.18;148.0;19.8;59.25;1.52;
2022-04-02 12:00:00;763.0;817.99;154.0;20.26;57.3;1.59;
2022-04-02 13:00:00;702.0;819.94;138.0;20.33;57.3;1.79;
2022-04-02 14:00:00;574.0;735.73;141.0;20.3;57.3;1.86;
2022-04-02 15:00:00;421.0;670.63;117.0;19.96;59.35;1.66;
2022-04-02 16:00:00;85.0;0.0;85.0;19.77;61.4;1.38;
2022-04-02 17:00:00;39.0;0.0;39.0;19.11;68.1;1.03;
2022-04-02 18:00:00;0.0;0.0;0.0;17.66;78.1;0.76;
2022-04-02 19:00:00;0.0;0.0;0.0;17.03;67.75;1.03;
2022-04-02 20:00:00;0.0;0.0;0.0;13.74;80.4;1.86;
2022-04-02 21:00:00;0.0;0.0;0.0;12.09;86.2;2.0;
2022-04-02 22:00:00;0.0;0.0;0.0;10.78;89.25;2.0;
2022-04-02 23:00:00;0.0;0.0;0.0;9.69;92.45;2.0;
2022-04-03 00:00:00;0.0;0.0;0.0;8.91;92.45;2.0;
2022-04-03 01:00:00;0.0;0.0;0.0;8.33;92.4;2.0;
2022-04-03 02:00:00;0.0;0.0;0.0;7.95;92.4;2.07;
2022-04-03 03:00:00;0.0;0.0;0.0;7.73;95.8;2.14;
2022-04-03 04:00:00;0.0;0.0;0.0;7.62;92.35;2.28;
2022-04-03 05:00:00;0.0;0.0;0.0;7.31;95.8;2.28;
2022-04-03 06:00:00;129.0;270.0;76.0;7.9;92.4;1.93;
2022-04-03 07:00:00;305.0;480.39;128.0;12.78;86.25;1.03;
2022-04-03 08:00:00;494.0;690.36;135.0;16.39;67.65;0.34;
2022-04-03 09:00:00;620.0;693.01;176.0;18.05;63.3;0.62;
2022-04-03 10:00:00;731.0;783.7;165.0;19.15;61.3;1.24;
2022-04-03 11:00:00;779.0;812.85;162.0;19.96;57.3;1.59;
2022-04-03 12:00:00;771.0;824.09;154.0;20.51;53.5;1.79;
2022-04-03 13:00:00;710.0;826.77;138.0;20.82;53.5;1.66;
2022-04-03 14:00:00;577.0;727.57;146.0;20.96;49.95;1.52;
2022-04-03 15:00:00;420.0;641.04;127.0;20.97;49.95;1.52;
2022-04-03 16:00:00;125.0;0.0;125.0;20.61;51.65;1.66;
2022-04-03 17:00:00;39.0;0.0;39.0;19.6;61.4;1.45;
2022-04-03 18:00:00;0.0;0.0;0.0;17.83;70.3;1.59;
2022-04-03 19:00:00;0.0;0.0;0.0;16.28;67.65;1.31;
2022-04-03 20:00:00;0.0;0.0;0.0;15.83;70.0;1.31;
2022-04-03 21:00:00;0.0;0.0;0.0;15.38;69.9;1.24;
2022-04-03 22:00:00;0.0;0.0;0.0;15.51;67.55;0.9;
2022-04-03 23:00:00;0.0;0.0;0.0;14.86;72.4;0.69;
2022-04-04 00:00:00;0.0;0.0;0.0;14.38;69.85;0.83;
2022-04-04 01:00:00;0.0;0.0;0.0;13.7;74.85;1.03;
2022-04-04 02:00:00;0.0;0.0;0.0;13.41;72.2;0.83;
2022-04-04 03:00:00;0.0;0.0;0.0;13.03;74.75;0.83;
2022-04-04 04:00:00;0.0;0.0;0.0;12.37;77.45;1.03;
2022-04-04 05:00:00;0.0;0.0;0.0;10.24;86.0;1.45;
2022-04-04 06:00:00;114.0;158.5;82.0;10.14;86.0;1.38;
2022-04-04 07:00:00;259.0;251.43;165.0;13.34;86.3;0.69;
2022-04-04 08:00:00;356.0;201.83;250.0;15.3;75.1;1.1;
2022-04-04 09:00:00;543.0;425.96;268.0;16.34;72.65;1.1;
2022-04-04 10:00:00;613.0;414.11;312.0;17.65;70.3;1.24;
2022-04-04 11:00:00;762.0;747.93;191.0;18.83;65.65;1.59;
2022-04-04 12:00:00;730.0;677.43;220.0;19.7;59.25;2.28;
2022-04-04 13:00:00;679.0;708.54;186.0;20.06;53.35;3.24;
2022-04-04 14:00:00;581.0;736.34;142.0;19.97;46.2;3.72;
2022-04-04 15:00:00;299.0;180.12;216.0;19.99;39.95;4.07;
2022-04-04 16:00:00;78.0;0.0;78.0;19.22;41.15;4.0;
2022-04-04 17:00:00;39.0;0.0;39.0;17.82;40.75;4.41;
2022-04-04 18:00:00;0.0;0.0;0.0;16.3;36.15;4.55;
2022-04-04 19:00:00;0.0;0.0;0.0;15.39;34.5;5.03;
2022-04-04 20:00:00;0.0;0.0;0.0;14.45;35.75;4.76;
2022-04-04 21:00:00;0.0;0.0;0.0;13.59;38.3;4.34;
2022-04-04 22:00:00;0.0;0.0;0.0;12.8;41.1;4.14;
2022-04-04 23:00:00;0.0;0.0;0.0;12.29;42.55;3.93;
2022-04-05 00:00:00;0.0;0.0;0.0;12.06;44.2;3.52;
2022-04-05 01:00:00;0.0;0.0;0.0;11.59;45.8;3.03;
2022-04-05 02:00:00;0.0;0.0;0.0;10.72;51.1;2.69;
2022-04-05 03:00:00;0.0;0.0;0.0;9.72;57.05;2.34;
2022-04-05 04:00:00;0.0;0.0;0.0;8.33;63.7;2.14;
2022-04-05 05:00:00;0.0;0.0;0.0;6.99;73.8;2.0;
2022-04-05 06:00:00;162.0;477.22;63.0;7.18;82.6;1.59;
2022-04-05 07:00:00;356.0;693.52;93.0;12.04;74.6;0.69;
2022-04-05 08:00:00;537.0;810.82;107.0;13.92;64.85;0.34;
2022-04-05 09:00:00;663.0;808.65;137.0;14.84;64.95;1.1;
2022-04-05 10:00:00;770.0;866.77;136.0;15.6;60.65;1.17;
2022-04-05 11:00:00;802.0;842.7;155.0;16.46;56.6;1.03;
2022-04-05 12:00:00;797.0;864.0;143.0;17.26;54.6;1.1;
2022-04-05 13:00:00;734.0;864.65;129.0;17.58;54.7;1.72;
2022-04-05 14:00:00;622.0;850.06;112.0;17.73;54.7;2.0;
2022-04-05 15:00:00;450.0;738.42;107.0;17.46;54.7;1.72;
2022-04-05 16:00:00;104.0;0.0;104.0;17.13;54.6;1.24;
2022-04-05 17:00:00;38.0;0.0;38.0;16.49;56.6;0.62;
2022-04-05 18:00:00;0.0;0.0;0.0;15.09;67.45;1.1;
2022-04-05 19:00:00;0.0;0.0;0.0;13.73;74.85;1.52;
2022-04-05 20:00:00;0.0;0.0;0.0;12.39;74.7;1.66;
2022-04-05 21:00:00;0.0;0.0;0.0;11.08;77.2;1.86;
2022-04-05 22:00:00;0.0;0.0;0.0;10.14;79.95;1.93;
2022-04-05 23:00:00;0.0;0.0;0.0;9.38;82.9;2.0;
2022-04-06 00:00:00;0.0;0.0;0.0;8.53;85.9;2.07;
2022-04-06 01:00:00;0.0;0.0;0.0;7.94;89.05;2.0;
2022-04-06 02:00:00;0.0;0.0;0.0;7.9;89.05;1.93;
2022-04-06 03:00:00;0.0;0.0;0.0;7.86;89.05;1.93;
2022-04-06 04:00:00;0.0;0.0;0.0;7.45;92.35;2.0;
2022-04-06 05:00:00;6.0;0.0;6.0;7.05;92.35;2.0;
2022-04-06 06:00:00;165.0;464.85;66.0;7.71;95.8;1.59;
2022-04-06 07:00:00;356.0;686.53;92.0;12.99;77.5;0.9;
2022-04-06 08:00:00;531.0;782.59;112.0;15.78;58.45;0.14;
2022-04-06 09:00:00;672.0;836.29;124.0;16.97;54.6;0.9;
2022-04-06 10:00:00;763.0;849.2;138.0;17.79;54.7;1.17;
2022-04-06 11:00:00;807.0;863.94;140.0;18.61;53.0;1.38;
2022-04-06 12:00:00;781.0;822.62;155.0;19.23;53.15;1.59;
2022-04-06 13:00:00;685.0;700.72;192.0;19.61;53.25;1.66;
2022-04-06 14:00:00;590.0;740.45;143.0;19.74;53.25;1.45;
2022-04-06 15:00:00;0.0;0.0;0.0;19.59;53.25;1.17;
2022-04-06 16:00:00;0.0;0.0;0.0;19.38;55.05;1.17;
2022-04-06 17:00:00;48.0;0.0;48.0;18.7;59.05;0.97;
2022-04-06 18:00:00;0.0;0.0;0.0;17.0;65.35;1.38;
2022-04-06 19:00:00;0.0;0.0;0.0;15.45;72.55;1.31;
2022-04-06 20:00:00;0.0;0.0;0.0;13.78;80.4;1.59;
2022-04-06 21:00:00;0.0;0.0;0.0;12.17;86.2;1.93;
2022-04-06 22:00:00;0.0;0.0;0.0;10.87;89.3;2.07;
2022-04-06 23:00:00;0.0;0.0;0.0;10.14;92.5;2.07;
2022-04-07 00:00:00;0.0;0.0;0.0;9.7;95.85;2.14;
2022-04-07 01:00:00;0.0;0.0;0.0;9.26;95.85;2.14;
2022-04-07 02:00:00;0.0;0.0;0.0;8.9;92.45;2.07;
2022-04-07 03:00:00;0.0;0.0;0.0;8.51;95.85;2.07;
2022-04-07 04:00:00;0.0;0.0;0.0;8.14;95.8;2.14;
2022-04-07 05:00:00;7.0;0.0;7.0;7.81;95.8;2.14;
2022-04-07 06:00:00;146.0;279.25;85.0;8.95;92.45;1.72;
2022-04-07 07:00:00;320.0;459.2;141.0;14.39;75.0;1.1;
2022-04-07 08:00:00;515.0;697.6;138.0;18.27;61.05;0.48;
2022-04-07 09:00:00;665.0;796.94;139.0;19.99;55.3;0.83;
2022-04-07 10:00:00;753.0;800.85;160.0;21.26;53.6;1.17;
2022-04-07 11:00:00;801.0;829.62;157.0;22.25;52.0;1.52;
2022-04-07 12:00:00;787.0;826.18;155.0;23.02;50.45;1.72;
2022-04-07 13:00:00;733.0;851.04;131.0;23.57;48.8;1.93;
2022-04-07 14:00:00;605.0;782.05;130.0;23.82;48.8;2.07;
2022-04-07 15:00:00;451.0;724.87;109.0;23.78;48.8;2.21;
2022-04-07 16:00:00;82.0;0.0;82.0;23.39;52.25;1.86;
2022-04-07 17:00:00;44.0;0.0;44.0;22.31;59.8;1.38;
2022-04-07 18:00:00;0.0;0.0;0.0;20.31;68.3;1.72;
2022-04-07 19:00:00;0.0;0.0;0.0;17.88;75.4;2.0;
2022-04-07 20:00:00;0.0;0.0;0.0;16.21;75.25;2.0;
2022-04-07 21:00:00;0.0;0.0;0.0;14.8;80.55;2.14;
2022-04-07 22:00:00;0.0;0.0;0.0;13.6;83.35;2.34;
2022-04-07 23:00:00;0.0;0.0;0.0;12.77;86.25;2.48;
2022-04-08 00:00:00;0.0;0.0;0.0;12.42;86.25;2.69;
2022-04-08 01:00:00;0.0;0.0;0.0;12.47;80.3;2.9;
2022-04-08 02:00:00;0.0;0.0;0.0;12.59;74.7;3.1;
2022-04-08 03:00:00;0.0;0.0;0.0;12.84;69.45;3.24;
2022-04-08 04:00:00;0.0;0.0;0.0;13.01;62.3;3.31;
2022-04-08 05:00:00;11.0;0.0;11.0;13.05;62.3;3.31;
2022-04-08 06:00:00;178.0;491.35;68.0;14.0;64.85;3.31;
2022-04-08 07:00:00;347.0;572.12;121.0;16.95;65.35;2.41;
2022-04-08 08:00:00;520.0;682.09;148.0;20.58;55.45;2.41;
2022-04-08 09:00:00;673.0;795.83;144.0;22.67;48.55;2.76;
2022-04-08 10:00:00;719.0;657.82;229.0;24.29;42.5;2.97;
2022-04-08 11:00:00;812.0;840.57;156.0;25.47;38.45;2.55;
2022-04-08 12:00:00;785.0;789.43;178.0;26.18;34.8;2.0;
2022-04-08 13:00:00;736.0;839.51;139.0;26.54;33.7;1.45;
2022-04-08 14:00:00;612.0;783.93;133.0;26.6;32.5;0.97;
2022-04-08 15:00:00;460.0;738.31;109.0;26.45;33.55;0.55;
2022-04-08 16:00:00;81.0;0.0;81.0;25.97;37.2;0.14;
2022-04-08 17:00:00;45.0;0.0;45.0;24.67;45.75;0.07;
2022-04-08 18:00:00;0.0;0.0;0.0;22.53;55.9;0.76;
2022-04-08 19:00:00;0.0;0.0;0.0;21.14;59.6;1.24;
2022-04-08 20:00:00;0.0;0.0;0.0;18.45;65.65;1.79;
2022-04-08 21:00:00;0.0;0.0;0.0;16.16;67.65;2.14;
2022-04-08 22:00:00;0.0;0.0;0.0;14.2;74.95;2.41;
2022-04-08 23:00:00;0.0;0.0;0.0;13.2;72.1;2.69;
2022-04-09 00:00:00;0.0;0.0;0.0;12.52;66.95;2.83;
2022-04-09 01:00:00;0.0;0.0;0.0;12.32;64.45;2.97;
2022-04-09 02:00:00;0.0;0.0;0.0;12.23;64.45;3.03;
2022-04-09 03:00:00;0.0;0.0;0.0;12.03;64.45;3.1;
2022-04-09 04:00:00;0.0;0.0;0.0;11.79;64.35;3.1;
2022-04-09 05:00:00;13.0;0.0;13.0;11.48;66.75;3.1;
2022-04-09 06:00:00;187.0;523.44;67.0;12.29;69.35;2.97;
2022-04-09 07:00:00;383.0;719.67;95.0;15.74;65.15;2.41;
2022-04-09 08:00:00;565.0;832.28;107.0;19.54;57.2;2.0;
2022-04-09 09:00:00;705.0;871.0;122.0;22.43;48.45;1.93;
2022-04-09 10:00:00;796.0;880.89;136.0;24.54;41.15;2.0;
2022-04-09 11:00:00;836.0;882.07;144.0;26.18;36.05;2.14;
2022-04-09 12:00:00;817.0;865.7;148.0;27.4;31.5;2.21;
2022-04-09 13:00:00;757.0;878.52;129.0;28.21;28.35;2.28;
2022-04-09 14:00:00;0.0;0.0;0.0;28.48;26.4;2.34;
2022-04-09 15:00:00;473.0;766.22;106.0;28.2;28.35;2.28;
2022-04-09 16:00:00;79.0;0.0;79.0;27.2;32.65;2.28;
2022-04-09 17:00:00;45.0;0.0;45.0;25.19;33.3;2.9;
2022-04-09 18:00:00;0.0;0.0;0.0;22.82;28.1;3.59;
2022-04-09 19:00:00;0.0;0.0;0.0;22.14;23.15;3.72;
2022-04-09 20:00:00;0.0;0.0;0.0;21.24;24.7;3.66;
2022-04-09 21:00:00;0.0;0.0;0.0;20.52;27.6;3.79;
2022-04-09 22:00:00;0.0;0.0;0.0;19.88;30.65;3.93;
2022-04-09 23:00:00;0.0;0.0;0.0;19.34;34.15;4.0;
2022-04-10 00:00:00;0.0;0.0;0.0;18.63;36.7;4.0;
2022-04-10 01:00:00;0.0;0.0;0.0;17.69;39.25;4.0;
2022-04-10 02:00:00;0.0;0.0;0.0;16.71;42.15;3.79;
2022-04-10 03:00:00;0.0;0.0;0.0;15.83;43.5;3.31;
2022-04-10 04:00:00;0.0;0.0;0.0;14.95;45.05;2.83;
2022-04-10 05:00:00;27.0;219.57;15.0;13.79;55.9;2.48;
2022-04-10 06:00:00;191.0;515.81;70.0;13.49;67.15;2.0;
2022-04-10 07:00:00;371.0;643.98;110.0;17.42;52.75;2.21;
2022-04-10 08:00:00;554.0;781.79;120.0;19.99;47.9;1.79;
2022-04-10 09:00:00;702.0;851.73;128.0;20.99;43.25;2.9;
2022-04-10 10:00:00;792.0;862.6;142.0;21.43;46.5;2.97;
2022-04-10 11:00:00;844.0;899.1;135.0;21.86;46.6;2.69;
2022-04-10 12:00:00;824.0;883.32;138.0;22.27;45.1;2.34;
2022-04-10 13:00:00;760.0;883.78;125.0;22.55;45.25;2.21;
2022-04-10 14:00:00;626.0;803.96;129.0;22.51;45.25;2.21;
2022-04-10 15:00:00;463.0;719.16;116.0;22.08;46.75;2.14;
2022-04-10 16:00:00;88.0;0.0;88.0;21.58;48.3;1.93;
2022-04-10 17:00:00;50.0;0.0;50.0;20.73;51.65;1.38;
2022-04-10 18:00:00;0.0;0.0;0.0;19.04;57.1;1.59;
2022-04-10 19:00:00;0.0;0.0;0.0;17.85;70.3;1.52;
2022-04-10 20:00:00;0.0;0.0;0.0;16.51;67.75;1.59;
2022-04-10 21:00:00;0.0;0.0;0.0;15.34;72.45;1.79;
2022-04-10 22:00:00;0.0;0.0;0.0;14.4;75.0;1.86;
2022-04-10 23:00:00;0.0;0.0;0.0;13.63;77.6;2.0;
2022-04-11 00:00:00;0.0;0.0;0.0;13.01;77.5;2.0;
2022-04-11 01:00:00;0.0;0.0;0.0;12.35;83.15;2.07;
2022-04-11 02:00:00;0.0;0.0;0.0;11.78;83.1;2.07;
2022-04-11 03:00:00;0.0;0.0;0.0;11.48;80.15;1.93;
2022-04-11 04:00:00;0.0;0.0;0.0;11.14;83.05;1.93;
2022-04-11 05:00:00;25.0;116.45;18.0;10.55;83.0;2.0;
2022-04-11 06:00:00;182.0;416.91;82.0;11.81;86.15;1.45;
2022-04-11 07:00:00;374.0;648.25;108.0;16.22;67.65;0.9;
2022-04-11 08:00:00;554.0;773.32;121.0;18.72;56.95;0.48;
2022-04-11 09:00:00;696.0;831.33;132.0;19.87;51.4;1.1;
2022-04-11 10:00:00;784.0;840.62;147.0;20.76;46.35;1.52;
2022-04-11 11:00:00;827.0;852.94;151.0;21.39;43.25;1.72;
2022-04-11 12:00:00;812.0;849.58;149.0;21.74;41.85;1.93;
2022-04-11 13:00:00;745.0;837.81;140.0;21.96;40.5;1.86;
2022-04-11 14:00:00;617.0;768.84;139.0;22.06;40.5;1.72;
2022-04-11 15:00:00;454.0;670.77;128.0;21.98;40.5;1.66;
2022-04-11 16:00:00;96.0;0.0;96.0;21.71;41.85;1.52;
2022-04-11 17:00:00;52.0;0.0;52.0;21.01;48.2;1.17;
2022-04-11 18:00:00;0.0;0.0;0.0;19.24;63.5;1.03;
2022-04-11 19:00:00;0.0;0.0;0.0;19.63;47.8;0.34;
2022-04-11 20:00:00;0.0;0.0;0.0;19.04;47.65;0.76;
2022-04-11 21:00:00;0.0;0.0;0.0;16.12;58.6;1.52;
2022-04-11 22:00:00;0.0;0.0;0.0;14.0;67.25;1.93;
2022-04-11 23:00:00;0.0;0.0;0.0;12.43;74.7;2.14;
2022-04-12 00:00:00;0.0;0.0;0.0;11.3;83.05;2.07;
2022-04-12 01:00:00;0.0;0.0;0.0;10.58;86.05;2.0;
2022-04-12 02:00:00;0.0;0.0;0.0;10.04;86.0;2.07;
2022-04-12 03:00:00;0.0;0.0;0.0;9.67;82.9;2.21;
2022-04-12 04:00:00;0.0;0.0;0.0;9.17;82.85;2.28;
2022-04-12 05:00:00;28.0;122.1;20.0;8.79;82.75;2.34;
2022-04-12 06:00:00;194.0;473.31;78.0;10.34;79.95;1.93;
2022-04-12 07:00:00;389.0;691.02;102.0;15.7;67.55;0.97;
2022-04-12 08:00:00;567.0;795.19;118.0;18.76;54.95;0.76;
2022-04-12 09:00:00;703.0;830.31;136.0;20.88;44.7;1.31;
2022-04-12 10:00:00;740.0;664.09;234.0;22.3;39.05;1.52;
2022-04-12 11:00:00;805.0;755.83;203.0;23.04;35.25;2.0;
2022-04-12 12:00:00;466.0;91.82;394.0;23.5;32.9;2.48;
2022-04-12 13:00:00;646.0;494.7;287.0;23.05;32.75;3.24;
2022-04-12 14:00:00;467.0;270.32;298.0;22.61;32.6;4.0;
2022-04-12 15:00:00;373.0;320.75;216.0;21.79;33.6;4.9;
2022-04-12 16:00:00;106.0;0.0;106.0;20.07;31.95;6.0;
2022-04-12 17:00:00;13.0;0.0;13.0;17.67;33.75;6.83;
2022-04-12 18:00:00;0.0;0.0;0.0;15.78;29.7;6.41;
2022-04-12 19:00:00;0.0;0.0;0.0;15.31;27.3;6.41;
2022-04-12 20:00:00;0.0;0.0;0.0;14.15;27.05;6.0;
2022-04-12 21:00:00;0.0;0.0;0.0;13.33;27.85;5.66;
2022-04-12 22:00:00;0.0;0.0;0.0;12.51;28.85;5.17;
2022-04-12 23:00:00;0.0;0.0;0.0;11.88;29.9;4.69;
2022-04-13 00:00:00;0.0;0.0;0.0;11.2;30.85;4.21;
2022-04-13 01:00:00;0.0;0.0;0.0;10.7;31.95;3.93;
2022-04-13 02:00:00;0.0;0.0;0.0;10.06;31.8;3.59;
2022-04-13 03:00:00;0.0;0.0;0.0;9.38;34.35;3.17;
2022-04-13 04:00:00;0.0;0.0;0.0;8.51;36.9;2.69;
2022-04-13 05:00:00;40.0;282.18;20.0;7.58;48.4;2.34;
2022-04-13 06:00:00;218.0;595.41;69.0;7.88;58.9;1.86;
2022-04-13 07:00:00;416.0;766.21;94.0;11.17;34.75;2.76;
2022-04-13 08:00:00;601.0;871.23;105.0;11.96;31.1;3.03;
2022-04-13 09:00:00;743.0;905.05;121.0;13.13;27.85;3.17;
2022-04-13 10:00:00;834.0;912.47;135.0;14.4;25.1;3.31;
2022-04-13 11:00:00;873.0;913.36;142.0;15.4;23.4;3.38;
2022-04-13 12:00:00;857.0;908.89;141.0;16.25;21.75;3.72;
2022-04-13 13:00:00;792.0;910.58;128.0;16.82;20.2;4.07;
2022-04-13 14:00:00;662.0;854.23;125.0;17.01;19.4;4.34;
2022-04-13 15:00:00;480.0;706.01;132.0;16.76;18.6;4.48;
2022-04-13 16:00:00;104.0;0.0;104.0;16.13;19.25;4.41;
2022-04-13 17:00:00;44.0;0.0;44.0;15.16;20.65;3.59;
2022-04-13 18:00:00;0.0;0.0;0.0;13.63;20.25;3.45;
2022-04-13 19:00:00;0.0;0.0;0.0;12.87;21.85;3.03;
2022-04-13 20:00:00;0.0;0.0;0.0;11.8;25.3;3.17;
2022-04-13 21:00:00;0.0;0.0;0.0;10.93;27.3;3.17;
2022-04-13 22:00:00;0.0;0.0;0.0;10.26;30.55;2.97;
2022-04-13 23:00:00;0.0;0.0;0.0;9.69;33.0;2.76;
2022-04-14 00:00:00;0.0;0.0;0.0;9.2;35.6;2.62;
2022-04-14 01:00:00;0.0;0.0;0.0;9.02;37.05;2.48;
2022-04-14 02:00:00;0.0;0.0;0.0;8.96;38.55;2.41;
2022-04-14 03:00:00;0.0;0.0;0.0;8.82;39.95;2.34;
2022-04-14 04:00:00;0.0;0.0;0.0;8.68;41.6;2.28;
2022-04-14 05:00:00;28.0;65.63;23.0;8.16;48.55;2.14;
2022-04-14 06:00:00;51.0;0.0;51.0;8.6;56.8;1.66;
2022-04-14 07:00:00;256.0;129.38;201.0;10.92;47.45;1.59;
2022-04-14 08:00:00;343.0;108.03;281.0;12.12;39.4;1.45;
2022-04-14 09:00:00;496.0;216.9;346.0;12.88;35.3;1.72;
2022-04-14 10:00:00;420.0;59.73;374.0;13.51;34.1;2.21;
2022-04-14 11:00:00;469.0;82.07;403.0;13.95;32.95;2.07;
2022-04-14 12:00:00;603.0;265.36;393.0;14.31;35.6;2.07;
2022-04-14 13:00:00;368.0;39.58;339.0;14.61;35.75;2.07;
2022-04-14 14:00:00;269.0;15.82;259.0;14.69;35.75;2.21;
2022-04-14 15:00:00;339.0;203.5;238.0;14.37;37.0;2.55;
2022-04-14 16:00:00;148.0;0.0;148.0;13.85;39.8;2.55;
2022-04-14 17:00:00;54.0;0.0;54.0;13.23;42.8;2.28;
2022-04-14 18:00:00;0.0;0.0;0.0;12.21;47.75;2.14;
2022-04-14 19:00:00;0.0;0.0;0.0;10.66;53.1;1.38;
2022-04-14 20:00:00;0.0;0.0;0.0;9.64;68.9;1.03;
2022-04-14 21:00:00;0.0;0.0;0.0;8.92;68.8;1.1;
2022-04-14 22:00:00;0.0;0.0;0.0;8.43;68.7;1.17;
2022-04-14 23:00:00;0.0;0.0;0.0;8.18;71.25;1.1;
2022-04-15 00:00:00;0.0;0.0;0.0;8.01;71.25;1.1;
2022-04-15 01:00:00;0.0;0.0;0.0;7.71;71.15;1.1;
2022-04-15 02:00:00;0.0;0.0;0.0;6.79;79.5;1.31;
2022-04-15 03:00:00;0.0;0.0;0.0;6.03;79.5;1.59;
2022-04-15 04:00:00;0.0;0.0;0.0;5.61;82.5;1.72;
2022-04-15 05:00:00;39.0;147.36;27.0;5.55;82.5;1.79;
2022-04-15 06:00:00;153.0;153.61;113.0;7.22;82.6;1.24;
2022-04-15 07:00:00;296.0;225.63;199.0;10.22;69.0;1.66;
2022-04-15 08:00:00;389.0;183.26;283.0;11.17;59.6;1.03;
2022-04-15 09:00:00;614.0;488.64;274.0;11.96;53.5;0.62;
2022-04-15 10:00:00;407.0;50.38;368.0;12.62;53.6;0.9;
2022-04-15 11:00:00;668.0;366.39;372.0;13.25;51.75;1.31;
2022-04-15 12:00:00;170.0;0.0;170.0;14.01;46.5;1.59;
2022-04-15 13:00:00;501.0;175.25;372.0;14.31;43.1;1.66;
2022-04-15 14:00:00;506.0;346.24;286.0;14.27;43.1;1.52;
2022-04-15 15:00:00;55.0;0.0;55.0;14.33;43.1;1.38;
2022-04-15 16:00:00;149.0;0.0;149.0;14.21;41.5;1.52;
2022-04-15 17:00:00;63.0;0.0;63.0;13.73;41.35;2.07;
2022-04-15 18:00:00;0.0;0.0;0.0;12.71;46.1;2.14;
2022-04-15 19:00:00;0.0;0.0;0.0;11.0;55.3;1.66;
2022-04-15 20:00:00;0.0;0.0;0.0;9.98;64.0;1.38;
2022-04-15 21:00:00;0.0;0.0;0.0;9.18;74.15;1.17;
2022-04-15 22:00:00;0.0;0.0;0.0;8.61;74.05;1.24;
2022-04-15 23:00:00;0.0;0.0;0.0;7.68;79.65;1.52;
2022-04-16 00:00:00;0.0;0.0;0.0;7.18;82.6;1.59;
2022-04-16 01:00:00;0.0;0.0;0.0;6.73;85.7;1.66;
2022-04-16 02:00:00;0.0;0.0;0.0;6.44;85.7;1.66;
2022-04-16 03:00:00;0.0;0.0;0.0;6.05;85.7;1.72;
2022-04-16 04:00:00;0.0;0.0;0.0;6.08;85.7;1.59;
2022-04-16 05:00:00;50.0;277.06;26.0;5.95;85.7;1.59;
2022-04-16 06:00:00;213.0;474.79;87.0;8.29;82.7;0.97;
2022-04-16 07:00:00;407.0;685.61;109.0;11.17;55.3;0.97;
2022-04-16 08:00:00;560.0;689.67;158.0;12.07;51.5;0.28;
2022-04-16 09:00:00;381.0;62.86;337.0;12.66;49.7;0.48;
2022-04-16 10:00:00;718.0;553.99;287.0;13.76;44.65;0.69;
2022-04-16 11:00:00;745.0;538.46;308.0;14.57;41.65;0.55;
2022-04-16 12:00:00;484.0;101.45;403.0;15.01;40.2;0.55;
2022-04-16 13:00:00;623.0;402.99;325.0;15.34;40.2;0.69;
2022-04-16 14:00:00;496.0;313.13;296.0;15.55;38.85;1.31;
2022-04-16 15:00:00;383.0;316.09;224.0;15.76;38.85;1.72;
2022-04-16 16:00:00;133.0;0.0;133.0;15.56;37.4;2.41;
2022-04-16 17:00:00;64.0;0.0;64.0;15.04;38.7;2.69;
2022-04-16 18:00:00;0.0;0.0;0.0;13.62;44.65;2.21;
2022-04-16 19:00:00;0.0;0.0;0.0;12.39;46.1;2.41;
2022-04-16 20:00:00;0.0;0.0;0.0;11.83;51.35;2.14;
2022-04-16 21:00:00;0.0;0.0;0.0;11.03;55.3;1.86;
2022-04-16 22:00:00;0.0;0.0;0.0;10.4;59.5;1.66;
2022-04-16 23:00:00;0.0;0.0;0.0;10.22;64.0;1.45;
2022-04-17 00:00:00;0.0;0.0;0.0;10.26;66.45;1.24;
2022-04-17 01:00:00;0.0;0.0;0.0;10.1;66.45;1.31;
2022-04-17 02:00:00;0.0;0.0;0.0;9.87;66.45;1.31;
2022-04-17 03:00:00;0.0;0.0;0.0;9.44;66.35;1.31;
2022-04-17 04:00:00;0.0;0.0;0.0;9.01;68.8;1.38;
2022-04-17 05:00:00;13.0;0.0;13.0;8.76;74.05;1.31;
2022-04-17 06:00:00;99.0;14.8;95.0;10.41;66.55;0.76;
2022-04-17 07:00:00;342.0;357.38;185.0;11.76;53.35;0.97;
2022-04-17 08:00:00;586.0;778.17;129.0;12.44;49.7;0.97;
2022-04-17 09:00:00;730.0;842.2;137.0;13.29;48.0;0.62;
2022-04-17 10:00:00;825.0;872.3;143.0;14.2;46.5;0.34;
2022-04-17 11:00:00;862.0;872.19;151.0;15.36;43.4;0.34;
2022-04-17 12:00:00;840.0;853.01;156.0;16.26;40.5;0.55;
2022-04-17 13:00:00;777.0;856.23;141.0;16.5;37.65;0.9;
2022-04-17 14:00:00;650.0;802.19;135.0;16.87;36.3;1.1;
2022-04-17 15:00:00;490.0;732.74;119.0;17.21;36.3;1.52;
2022-04-17 16:00:00;93.0;0.0;93.0;16.96;36.3;1.93;
2022-04-17 17:00:00;59.0;0.0;59.0;16.33;37.55;2.41;
2022-04-17 18:00:00;0.0;0.0;0.0;14.82;41.65;2.21;
2022-04-17 19:00:00;0.0;0.0;0.0;13.09;46.2;1.86;
2022-04-17 20:00:00;0.0;0.0;0.0;11.28;61.85;1.59;
2022-04-17 21:00:00;0.0;0.0;0.0;10.36;59.5;1.52;
2022-04-17 22:00:00;0.0;0.0;0.0;9.31;63.8;1.72;
2022-04-17 23:00:00;0.0;0.0;0.0;8.49;66.15;1.86;
2022-04-18 00:00:00;0.0;0.0;0.0;7.46;68.5;1.93;
2022-04-18 01:00:00;0.0;0.0;0.0;6.41;73.7;2.07;
2022-04-18 02:00:00;0.0;0.0;0.0;5.57;76.5;2.07;
2022-04-18 03:00:00;0.0;0.0;0.0;5.41;79.4;2.0;
2022-04-18 04:00:00;0.0;0.0;0.0;5.19;82.4;2.07;
2022-04-18 05:00:00;45.0;123.93;33.0;4.91;82.4;2.14;
2022-04-18 06:00:00;209.0;392.51;101.0;7.79;82.65;1.52;
2022-04-18 07:00:00;411.0;655.54;120.0;13.31;55.75;1.24;
2022-04-18 08:00:00;596.0;799.54;123.0;14.91;41.75;0.48;
2022-04-18 09:00:00;737.0;852.93;133.0;15.78;40.35;0.48;
2022-04-18 10:00:00;828.0;871.92;143.0;16.62;39.15;1.03;
2022-04-18 11:00:00;869.0;883.06;146.0;17.56;37.8;1.17;
2022-04-18 12:00:00;852.0;877.98;145.0;17.94;36.55;1.38;
2022-04-18 13:00:00;787.0;879.27;131.0;18.92;34.05;1.45;
2022-04-18 14:00:00;649.0;788.87;140.0;18.7;34.05;1.79;
2022-04-18 15:00:00;493.0;731.96;120.0;18.63;34.05;2.21;
2022-04-18 16:00:00;94.0;0.0;94.0;18.27;35.2;2.28;
2022-04-18 17:00:00;61.0;0.0;61.0;17.53;36.4;2.41;
2022-04-18 18:00:00;0.0;0.0;0.0;16.01;40.5;1.93;
2022-04-18 19:00:00;0.0;0.0;0.0;14.05;48.25;1.79;
2022-04-18 20:00:00;0.0;0.0;0.0;12.05;59.85;1.66;
2022-04-18 21:00:00;0.0;0.0;0.0;11.1;61.85;1.59;
2022-04-18 22:00:00;0.0;0.0;0.0;10.08;66.45;1.66;
2022-04-18 23:00:00;0.0;0.0;0.0;8.85;68.8;1.86;
2022-04-19 00:00:00;0.0;0.0;0.0;7.74;76.7;2.07;
2022-04-19 01:00:00;0.0;0.0;0.0;6.88;79.55;2.07;
2022-04-19 02:00:00;0.0;0.0;0.0;6.14;79.5;2.07;
2022-04-19 03:00:00;0.0;0.0;0.0;5.75;82.5;2.07;
2022-04-19 04:00:00;0.0;0.0;0.0;5.39;82.5;2.07;
2022-04-19 05:00:00;50.0;137.48;36.0;5.25;85.6;2.07;
2022-04-19 06:00:00;202.0;325.08;111.0;8.53;79.75;1.38;
2022-04-19 07:00:00;397.0;570.88;141.0;14.27;56.0;0.97;
2022-04-19 08:00:00;581.0;731.74;145.0;15.76;46.9;0.62;
2022-04-19 09:00:00;730.0;824.3;143.0;16.77;42.15;0.62;
2022-04-19 10:00:00;824.0;855.14;149.0;17.68;42.3;0.83;
2022-04-19 11:00:00;868.0;878.09;146.0;18.65;38.1;1.24;
2022-04-19 12:00:00;856.0;885.5;140.0;19.47;34.3;1.66;
2022-04-19 13:00:00;787.0;874.15;132.0;19.77;34.3;1.86;
2022-04-19 14:00:00;656.0;808.12;132.0;20.1;31.95;1.79;
2022-04-19 15:00:00;485.0;688.34;132.0;20.22;30.75;1.86;
2022-04-19 16:00:00;106.0;0.0;106.0;20.03;29.6;2.07;
2022-04-19 17:00:00;65.0;0.0;65.0;19.46;30.65;2.48;
2022-04-19 18:00:00;0.0;0.0;0.0;17.5;36.4;2.41;
2022-04-19 19:00:00;0.0;0.0;0.0;15.53;45.15;1.79;
2022-04-19 20:00:00;0.0;0.0;0.0;13.48;55.9;1.66;
2022-04-19 21:00:00;0.0;0.0;0.0;12.63;57.75;1.59;
2022-04-19 22:00:00;0.0;0.0;0.0;11.89;59.85;1.66;
2022-04-19 23:00:00;0.0;0.0;0.0;10.41;66.55;1.86;
2022-04-20 00:00:00;0.0;0.0;0.0;9.08;71.4;2.07;
2022-04-20 01:00:00;0.0;0.0;0.0;8.29;76.8;2.14;
2022-04-20 02:00:00;0.0;0.0;0.0;7.88;76.8;2.14;
2022-04-20 03:00:00;0.0;0.0;0.0;7.54;76.7;2.21;
2022-04-20 04:00:00;0.0;0.0;0.0;7.26;79.55;2.14;
2022-04-20 05:00:00;57.0;177.94;38.0;7.05;82.6;2.07;
2022-04-20 06:00:00;186.0;224.84;122.0;9.95;74.3;1.38;
2022-04-20 07:00:00;391.0;518.9;156.0;15.63;52.4;0.55;
2022-04-20 08:00:00;576.0;691.65;161.0;17.11;48.9;0.55;
2022-04-20 09:00:00;727.0;797.47;156.0;18.04;44.05;1.03;
2022-04-20 10:00:00;819.0;825.99;164.0;18.84;41.05;1.17;
2022-04-20 11:00:00;873.0;879.28;147.0;19.68;38.35;1.45;
2022-04-20 12:00:00;856.0;874.54;146.0;20.44;34.45;1.79;
2022-04-20 13:00:00;783.0;851.85;142.0;20.5;33.3;1.72;
2022-04-20 14:00:00;664.0;821.09;129.0;20.63;33.3;1.52;
2022-04-20 15:00:00;494.0;717.01;124.0;20.63;32.1;1.38;
2022-04-20 16:00:00;111.0;0.0;111.0;20.4;33.15;1.45;
2022-04-20 17:00:00;67.0;0.0;67.0;19.86;34.3;1.79;
2022-04-20 18:00:00;0.0;0.0;0.0;18.2;39.4;1.79;
2022-04-20 19:00:00;0.0;0.0;0.0;16.08;48.8;1.52;
2022-04-20 20:00:00;0.0;0.0;0.0;15.38;48.55;1.31;
2022-04-20 21:00:00;0.0;0.0;0.0;14.02;52.0;1.52;
2022-04-20 22:00:00;0.0;0.0;0.0;12.89;55.75;1.72;
2022-04-20 23:00:00;0.0;0.0;0.0;12.03;59.85;1.86;
2022-04-21 00:00:00;0.0;0.0;0.0;11.29;64.25;1.93;
2022-04-21 01:00:00;0.0;0.0;0.0;10.4;66.55;2.0;
2022-04-21 02:00:00;0.0;0.0;0.0;9.47;68.9;2.07;
2022-04-21 03:00:00;0.0;0.0;0.0;8.51;74.05;2.07;
2022-04-21 04:00:00;0.0;0.0;0.0;7.77;79.65;2.07;
2022-04-21 05:00:00;50.0;89.56;40.0;7.58;79.65;2.0;
2022-04-21 06:00:00;215.0;356.04;112.0;10.42;71.7;1.45;
2022-04-21 07:00:00;403.0;555.48;149.0;15.95;48.8;0.83;
2022-04-21 08:00:00;588.0;723.37;151.0;17.91;45.55;0.69;
2022-04-21 09:00:00;736.0;815.45;149.0;19.0;42.7;1.38;
2022-04-21 10:00:00;833.0;858.69;149.0;19.77;39.8;1.93;
2022-04-21 11:00:00;878.0;881.74;147.0;20.49;34.55;2.28;
2022-04-21 12:00:00;827.0;771.71;198.0;20.83;34.55;2.34;
2022-04-21 13:00:00;757.0;753.04;188.0;20.88;33.3;2.21;
2022-04-21 14:00:00;622.0;650.69;196.0;20.94;33.3;2.14;
2022-04-21 15:00:00;484.0;654.85;144.0;20.87;33.3;1.93;
2022-04-21 16:00:00;105.0;0.0;105.0;20.77;32.1;1.86;
2022-04-21 17:00:00;68.0;0.0;68.0;20.25;33.15;2.0;
2022-04-21 18:00:00;0.0;0.0;0.0;18.77;38.1;1.72;
2022-04-21 19:00:00;0.0;0.0;0.0;16.35;45.3;2.14;
2022-04-21 20:00:00;0.0;0.0;0.0;14.5;50.25;2.21;
2022-04-21 21:00:00;0.0;0.0;0.0;13.23;57.9;1.86;
2022-04-21 22:00:00;0.0;0.0;0.0;12.88;53.7;1.38;
2022-04-21 23:00:00;0.0;0.0;0.0;14.21;44.75;0.83;
2022-04-22 00:00:00;0.0;0.0;0.0;14.0;43.1;0.34;
2022-04-22 01:00:00;0.0;0.0;0.0;13.19;48.0;1.1;
2022-04-22 02:00:00;0.0;0.0;0.0;10.41;61.75;1.66;
2022-04-22 03:00:00;0.0;0.0;0.0;9.52;66.35;1.72;
2022-04-22 04:00:00;0.0;0.0;0.0;9.09;68.8;1.66;
2022-04-22 05:00:00;60.0;154.56;42.0;8.84;68.8;1.59;
2022-04-22 06:00:00;199.0;255.22;124.0;12.7;55.65;0.76;
2022-04-22 07:00:00;401.0;530.8;156.0;14.74;54.1;0.62;
2022-04-22 08:00:00;580.0;677.48;168.0;16.56;45.45;0.83;
2022-04-22 09:00:00;733.0;796.02;157.0;17.98;42.45;1.1;
2022-04-22 10:00:00;834.0;854.92;150.0;19.14;39.65;1.66;
2022-04-22 11:00:00;878.0;877.03;148.0;20.16;35.75;2.21;
2022-04-22 12:00:00;865.0;884.83;141.0;20.77;33.3;2.55;
2022-04-22 13:00:00;752.0;734.16;195.0;20.79;32.1;2.69;
2022-04-22 14:00:00;544.0;401.36;280.0;20.86;32.1;2.76;
2022-04-22 15:00:00;367.0;235.48;244.0;20.49;32.1;2.76;
2022-04-22 16:00:00;97.0;0.0;97.0;20.12;33.15;2.76;
2022-04-22 17:00:00;68.0;0.0;68.0;19.38;36.8;2.76;
2022-04-22 18:00:00;0.0;0.0;0.0;18.49;39.55;2.28;
2022-04-22 19:00:00;0.0;0.0;0.0;17.23;45.45;2.0;
2022-04-22 20:00:00;0.0;0.0;0.0;15.55;54.35;1.86;
2022-04-22 21:00:00;0.0;0.0;0.0;14.64;60.4;1.45;
2022-04-22 22:00:00;0.0;0.0;0.0;16.23;48.8;0.76;
2022-04-22 23:00:00;0.0;0.0;0.0;13.84;60.2;1.38;
2022-04-23 00:00:00;0.0;0.0;0.0;12.23;66.85;1.79;
2022-04-23 01:00:00;0.0;0.0;0.0;11.38;66.75;1.59;
2022-04-23 02:00:00;0.0;0.0;0.0;11.17;69.15;1.24;
2022-04-23 03:00:00;0.0;0.0;0.0;10.37;71.7;1.24;
2022-04-23 04:00:00;0.0;0.0;0.0;10.19;77.1;1.03;
2022-04-23 05:00:00;7.0;0.0;7.0;10.62;77.15;0.76;
2022-04-23 06:00:00;62.0;0.0;62.0;10.92;80.1;0.62;
2022-04-23 07:00:00;137.0;0.0;137.0;13.39;72.2;1.24;
2022-04-23 08:00:00;135.0;0.0;135.0;14.28;69.75;1.79;
2022-04-23 09:00:00;339.0;28.87;318.0;14.65;67.35;1.45;
2022-04-23 10:00:00;372.0;26.14;351.0;14.74;67.35;1.17;
2022-04-23 11:00:00;186.0;0.0;186.0;15.89;62.85;1.93;
2022-04-23 12:00:00;466.0;79.14;401.0;16.47;58.7;2.34;
2022-04-23 13:00:00;353.0;27.57;332.0;17.12;56.6;2.48;
2022-04-23 14:00:00;281.0;18.16;269.0;17.32;54.6;2.21;
2022-04-23 15:00:00;279.0;72.32;241.0;17.38;52.65;1.79;
2022-04-23 16:00:00;97.0;0.0;97.0;17.32;52.65;1.52;
2022-04-23 17:00:00;71.0;0.0;71.0;17.16;52.65;1.38;
2022-04-23 18:00:00;0.0;0.0;0.0;16.4;54.45;1.24;
2022-04-23 19:00:00;0.0;0.0;0.0;14.89;58.35;2.14;
2022-04-23 20:00:00;0.0;0.0;0.0;14.28;64.85;1.79;
2022-04-23 21:00:00;0.0;0.0;0.0;13.51;69.65;1.66;
2022-04-23 22:00:00;0.0;0.0;0.0;12.29;80.2;1.24;
2022-04-23 23:00:00;0.0;0.0;0.0;11.87;80.2;1.03;
2022-04-24 00:00:00;0.0;0.0;0.0;12.14;77.35;0.9;
2022-04-24 01:00:00;0.0;0.0;0.0;10.92;83.05;1.1;
2022-04-24 02:00:00;0.0;0.0;0.0;9.79;89.15;1.45;
2022-04-24 03:00:00;0.0;0.0;0.0;8.89;89.1;1.59;
2022-04-24 04:00:00;0.0;0.0;0.0;8.46;92.4;1.59;
2022-04-24 05:00:00;16.0;0.0;16.0;8.46;92.4;1.45;
2022-04-24 06:00:00;72.0;0.0;72.0;10.64;92.5;0.9;
2022-04-24 07:00:00;363.0;359.62;194.0;14.05;77.65;0.76;
2022-04-24 08:00:00;419.0;199.69;296.0;15.7;67.55;0.83;
2022-04-24 09:00:00;722.0;753.87;171.0;17.03;63.05;0.83;
2022-04-24 10:00:00;811.0;779.54;182.0;18.39;56.85;1.45;
2022-04-24 11:00:00;821.0;705.79;229.0;19.92;49.55;1.52;
2022-04-24 12:00:00;855.0;857.6;148.0;21.33;43.25;1.52;
2022-04-24 13:00:00;791.0;859.16;134.0;22.23;40.5;1.66;
2022-04-24 14:00:00;658.0;781.88;139.0;22.58;37.75;2.07;
2022-04-24 15:00:00;517.0;773.88;108.0;22.29;40.5;2.34;
2022-04-24 16:00:00;105.0;0.0;105.0;21.34;43.25;2.55;
2022-04-24 17:00:00;61.0;0.0;61.0;20.42;46.2;1.93;
2022-04-24 18:00:00;0.0;0.0;0.0;19.48;49.55;1.31;
2022-04-24 19:00:00;0.0;0.0;0.0;17.81;65.45;1.1;
2022-04-24 20:00:00;0.0;0.0;0.0;16.89;65.35;1.1;
2022-04-24 21:00:00;0.0;0.0;0.0;17.39;63.05;0.48;
2022-04-24 22:00:00;0.0;0.0;0.0;16.73;63.05;0.69;
2022-04-24 23:00:00;0.0;0.0;0.0;14.22;77.65;1.38;
2022-04-25 00:00:00;0.0;0.0;0.0;13.71;77.6;1.31;
2022-04-25 01:00:00;0.0;0.0;0.0;12.96;80.35;1.52;
2022-04-25 02:00:00;0.0;0.0;0.0;12.72;83.25;1.52;
2022-04-25 03:00:00;0.0;0.0;0.0;12.52;83.25;1.52;
2022-04-25 04:00:00;0.0;0.0;0.0;12.38;83.25;1.45;
2022-04-25 05:00:00;43.0;23.0;40.0;12.39;83.25;1.38;
2022-04-25 06:00:00;171.0;120.48;134.0;14.46;75.0;0.76;
2022-04-25 07:00:00;346.0;293.24;207.0;16.09;72.65;0.34;
2022-04-25 08:00:00;555.0;567.96;203.0;17.56;65.45;0.69;
2022-04-25 09:00:00;545.0;268.24;348.0;18.7;59.05;0.9;
2022-04-25 10:00:00;691.0;440.64;334.0;19.85;55.2;1.31;
2022-04-25 11:00:00;788.0;609.34;275.0;20.85;51.65;1.72;
2022-04-25 12:00:00;781.0;630.9;259.0;21.62;48.3;2.07;
2022-04-25 13:00:00;636.0;402.53;327.0;21.78;48.3;2.14;
2022-04-25 14:00:00;486.0;257.97;314.0;21.74;48.3;2.14;
2022-04-25 15:00:00;54.0;0.0;54.0;21.15;48.2;2.76;
2022-04-25 16:00:00;160.0;0.0;160.0;20.49;49.8;2.48;
2022-04-25 17:00:00;79.0;0.0;79.0;19.35;55.05;1.93;
2022-04-25 18:00:00;0.0;0.0;0.0;18.41;67.95;0.41;
2022-04-25 19:00:00;0.0;0.0;0.0;16.8;70.2;1.1;
2022-04-25 20:00:00;0.0;0.0;0.0;15.73;72.55;1.31;
2022-04-25 21:00:00;0.0;0.0;0.0;14.29;77.65;1.59;
2022-04-25 22:00:00;0.0;0.0;0.0;13.32;83.25;1.86;
2022-04-25 23:00:00;0.0;0.0;0.0;12.67;86.25;1.93;
2022-04-26 00:00:00;0.0;0.0;0.0;12.47;86.25;1.72;
2022-04-26 01:00:00;0.0;0.0;0.0;12.61;86.25;1.66;
2022-04-26 02:00:00;0.0;0.0;0.0;13.1;83.25;1.45;
2022-04-26 03:00:00;0.0;0.0;0.0;13.47;80.4;1.31;
2022-04-26 04:00:00;0.0;0.0;0.0;14.35;74.95;1.1;
2022-04-26 05:00:00;44.0;22.23;41.0;14.24;74.95;1.1;
2022-04-26 06:00:00;235.0;382.17;116.0;14.73;72.4;0.76;
2022-04-26 07:00:00;439.0;654.8;126.0;16.04;70.1;0.76;
2022-04-26 08:00:00;618.0;781.1;131.0;16.84;67.75;0.62;
2022-04-26 09:00:00;754.0;830.75;141.0;18.11;61.05;0.62;
2022-04-26 10:00:00;841.0;848.26;151.0;19.37;57.1;0.55;
2022-04-26 11:00:00;889.0;882.89;143.0;20.22;51.5;0.76;
2022-04-26 12:00:00;847.0;808.12;176.0;21.04;46.5;1.31;
2022-04-26 13:00:00;763.0;742.35;191.0;21.58;43.4;1.52;
2022-04-26 14:00:00;657.0;748.16;156.0;21.93;43.4;1.72;
2022-04-26 15:00:00;99.0;0.0;99.0;21.53;43.4;2.62;
2022-04-26 16:00:00;148.0;0.0;148.0;18.7;56.95;4.28;
2022-04-26 17:00:00;79.0;0.0;79.0;17.02;65.35;3.31;
2022-04-26 18:00:00;0.0;0.0;0.0;16.46;65.35;1.72;
2022-04-26 19:00:00;0.0;0.0;0.0;16.81;63.05;1.59;
2022-04-26 20:00:00;0.0;0.0;0.0;15.09;72.45;1.59;
2022-04-26 21:00:00;0.0;0.0;0.0;14.03;74.95;1.45;
2022-04-26 22:00:00;0.0;0.0;0.0;13.11;80.35;1.52;
2022-04-26 23:00:00;0.0;0.0;0.0;12.36;83.25;1.72;
2022-04-27 00:00:00;0.0;0.0;0.0;11.46;86.15;1.93;
2022-04-27 01:00:00;0.0;0.0;0.0;10.72;92.5;1.79;
2022-04-27 02:00:00;0.0;0.0;0.0;10.4;92.5;1.72;
2022-04-27 03:00:00;0.0;0.0;0.0;9.78;95.85;1.93;
2022-04-27 04:00:00;0.0;0.0;0.0;10.01;95.9;1.86;
2022-04-27 05:00:00;20.0;0.0;20.0;10.16;95.9;1.66;
2022-04-27 06:00:00;273.0;592.59;86.0;12.09;92.6;1.17;
2022-04-27 07:00:00;420.0;543.66;158.0;13.95;77.65;0.07;
2022-04-27 08:00:00;559.0;543.75;218.0;14.97;75.1;0.28;
2022-04-27 09:00:00;725.0;719.03;192.0;16.2;70.1;0.48;
2022-04-27 10:00:00;722.0;491.07;321.0;17.56;63.2;0.76;
2022-04-27 11:00:00;831.0;699.33;238.0;18.73;54.95;1.31;
2022-04-27 12:00:00;749.0;517.28;318.0;19.46;47.8;1.72;
2022-04-27 13:00:00;337.0;16.81;324.0;20.0;44.6;2.0;
2022-04-27 14:00:00;434.0;153.16;331.0;20.33;43.0;2.41;
2022-04-27 15:00:00;409.0;323.71;235.0;20.1;41.45;2.76;
2022-04-27 16:00:00;49.0;0.0;49.0;19.13;44.3;2.41;
2022-04-27 17:00:00;42.0;0.0;42.0;17.95;47.4;1.86;
2022-04-27 18:00:00;0.0;0.0;0.0;17.17;50.75;1.17;
2022-04-27 19:00:00;0.0;0.0;0.0;16.08;54.45;1.93;
2022-04-27 20:00:00;0.0;0.0;0.0;14.83;64.95;2.0;
2022-04-27 21:00:00;0.0;0.0;0.0;13.94;67.25;2.0;
2022-04-27 22:00:00;0.0;0.0;0.0;13.09;74.75;1.93;
2022-04-27 23:00:00;0.0;0.0;0.0;12.61;77.45;1.79;
2022-04-28 00:00:00;0.0;0.0;0.0;11.84;83.1;1.66;
2022-04-28 01:00:00;0.0;0.0;0.0;11.52;83.1;1.72;
2022-04-28 02:00:00;0.0;0.0;0.0;11.1;83.05;1.79;
2022-04-28 03:00:00;0.0;0.0;0.0;10.82;86.05;1.59;
2022-04-28 04:00:00;0.0;0.0;0.0;11.29;83.05;1.38;
2022-04-28 05:00:00;62.0;62.61;53.0;11.6;80.15;1.24;
2022-04-28 06:00:00;138.0;34.41;127.0;12.56;80.3;1.03;
2022-04-28 07:00:00;269.0;92.64;224.0;13.89;67.25;1.1;
2022-04-28 08:00:00;378.0;115.75;305.0;14.62;64.95;0.9;
2022-04-28 09:00:00;540.0;241.75;360.0;15.69;60.65;0.55;
2022-04-28 10:00:00;426.0;50.02;385.0;16.93;56.6;0.62;
2022-04-28 11:00:00;515.0;104.6;426.0;17.34;58.7;0.62;
2022-04-28 12:00:00;128.0;0.0;128.0;18.02;54.85;0.34;
2022-04-28 13:00:00;78.0;0.0;78.0;18.87;53.0;0.9;
2022-04-28 14:00:00;495.0;260.61;319.0;19.17;47.65;1.59;
2022-04-28 15:00:00;100.0;0.0;100.0;18.8;47.55;1.79;
2022-04-28 16:00:00;154.0;0.0;154.0;17.0;58.7;1.17;
2022-04-28 17:00:00;64.0;0.0;64.0;15.23;69.9;0.48;
2022-04-28 18:00:00;4.0;0.0;4.0;14.74;75.0;1.52;
2022-04-28 19:00:00;0.0;0.0;0.0;13.64;74.85;1.66;
2022-04-28 20:00:00;0.0;0.0;0.0;13.15;77.5;1.93;
2022-04-28 21:00:00;0.0;0.0;0.0;12.99;77.5;2.0;
2022-04-28 22:00:00;0.0;0.0;0.0;12.46;80.3;2.0;
2022-04-28 23:00:00;0.0;0.0;0.0;11.47;83.1;2.0;
2022-04-29 00:00:00;0.0;0.0;0.0;10.45;86.05;2.07;
2022-04-29 01:00:00;0.0;0.0;0.0;9.9;89.2;2.07;
2022-04-29 02:00:00;0.0;0.0;0.0;9.62;89.15;2.07;
2022-04-29 03:00:00;0.0;0.0;0.0;9.5;89.15;2.14;
2022-04-29 04:00:00;0.0;0.0;0.0;9.56;89.15;2.07;
2022-04-29 05:00:00;75.0;128.36;56.0;9.55;85.95;1.93;
2022-04-29 06:00:00;80.0;0.0;80.0;11.74;83.1;1.38;
2022-04-29 07:00:00;236.0;44.94;214.0;13.43;72.2;1.03;
2022-04-29 08:00:00;345.0;72.54;299.0;13.69;72.2;1.31;
2022-04-29 09:00:00;327.0;18.72;313.0;14.53;72.4;1.24;
2022-04-29 10:00:00;247.0;0.0;247.0;15.39;69.9;0.69;
2022-04-29 11:00:00;494.0;84.33;422.0;16.57;63.05;0.97;
2022-04-29 12:00:00;539.0;138.29;423.0;17.09;60.85;1.72;
2022-04-29 13:00:00;89.0;0.0;89.0;17.57;56.75;2.34;
2022-04-29 14:00:00;70.0;0.0;70.0;17.57;54.7;2.69;
2022-04-29 15:00:00;308.0;95.7;256.0;18.07;49.15;2.48;
2022-04-29 16:00:00;40.0;0.0;40.0;17.69;49.05;2.34;
2022-04-29 17:00:00;32.0;0.0;32.0;17.08;48.9;1.93;
2022-04-29 18:00:00;1.0;0.0;1.0;15.68;54.35;1.38;
2022-04-29 19:00:00;0.0;0.0;0.0;13.46;72.2;1.38;
2022-04-29 20:00:00;0.0;0.0;0.0;13.01;74.75;1.17;
2022-04-29 21:00:00;0.0;0.0;0.0;12.53;77.45;1.31;
2022-04-29 22:00:00;0.0;0.0;0.0;12.11;83.15;1.24;
2022-04-29 23:00:00;0.0;0.0;0.0;11.68;83.1;1.31;
2022-04-30 00:00:00;0.0;0.0;0.0;11.24;86.1;1.24;
2022-04-30 01:00:00;0.0;0.0;0.0;10.73;86.05;1.45;
2022-04-30 02:00:00;0.0;0.0;0.0;10.19;89.2;1.52;
2022-04-30 03:00:00;0.0;0.0;0.0;9.78;92.45;1.52;
2022-04-30 04:00:00;0.0;0.0;0.0;9.29;92.45;1.52;
2022-04-30 05:00:00;53.0;19.71;50.0;8.94;92.45;1.31;
2022-04-30 06:00:00;104.0;3.05;103.0;11.32;89.3;0.62;
2022-04-30 07:00:00;219.0;28.39;205.0;13.44;72.2;0.55;
2022-04-30 08:00:00;311.0;40.78;285.0;14.43;67.35;0.55;
2022-04-30 09:00:00;414.0;70.57;361.0;15.29;65.05;0.62;
2022-04-30 10:00:00;372.0;20.59;355.0;16.42;56.6;1.1;
2022-04-30 11:00:00;337.0;7.0;331.0;17.38;56.6;2.0;
2022-04-30 12:00:00;482.0;79.62;415.0;17.62;54.7;2.34;
2022-04-30 13:00:00;425.0;63.97;375.0;17.56;56.75;2.34;
2022-04-30 14:00:00;484.0;227.65;329.0;18.0;52.9;2.14;
2022-04-30 15:00:00;47.0;0.0;47.0;18.07;51.0;1.93;
2022-04-30 16:00:00;65.0;0.0;65.0;16.45;52.59;1.34;
2022-04-30 17:00:00;76.0;0.0;76.0;15.92;55.15;1.35;
2022-04-30 18:00:00;7.0;0.0;7.0;15.39;57.71;1.36;
2022-04-30 19:00:00;0.0;0.0;0.0;14.85;60.27;1.37;
2022-04-30 20:00:00;0.0;0.0;0.0;14.32;62.83;1.38;
2022-04-30 21:00:00;0.0;0.0;0.0;13.78;65.39;1.39;
2022-04-30 22:00:00;0.0;0.0;0.0;13.25;67.95;1.4;
2022-04-30 23:00:00;0.0;0.0;0.0;12.71;70.5;1.4;
2022-05-01 00:00:00;0.0;0.0;0.0;12.18;73.06;1.41;
2022-05-01 01:00:00;0.0;0.0;0.0;11.65;75.62;1.42;
2022-05-01 02:00:00;0.0;0.0;0.0;11.11;78.18;1.43;
2022-05-01 03:00:00;0.0;0.0;0.0;10.58;80.74;1.44;
2022-05-01 04:00:00;0.0;0.0;0.0;10.04;83.3;1.45;
2022-05-01 05:00:00;97.0;255.87;57.0;9.51;85.86;1.46;
2022-05-01 06:00:00;271.0;485.7;110.0;8.97;88.42;1.47;
2022-05-01 07:00:00;470.0;704.57;120.0;8.44;90.97;1.48;
2022-05-01 08:00:00;634.0;769.24;141.0;16.41;54.6;1.52;
2022-05-01 09:00:00;773.0;828.85;148.0;17.74;50.85;1.66;
2022-05-01 10:00:00;859.0;844.85;159.0;18.86;47.55;1.79;
2022-05-01 11:00:00;896.0;855.36;161.0;19.91;42.85;1.86;
2022-05-01 12:00:00;872.0;836.31;166.0;20.74;40.1;2.07;
2022-05-01 13:00:00;804.0;828.81;154.0;21.31;38.75;2.28;
2022-05-01 14:00:00;687.0;798.72;141.0;21.55;37.5;2.69;
2022-05-01 15:00:00;514.0;670.24;146.0;21.71;37.5;2.83;
2022-05-01 16:00:00;132.0;0.0;132.0;21.18;38.75;2.0;
2022-05-01 17:00:00;76.0;0.0;76.0;20.53;41.55;0.83;
2022-05-01 18:00:00;10.0;0.0;10.0;19.14;57.1;1.03;
2022-05-01 19:00:00;0.0;0.0;0.0;18.72;47.55;0.97;
2022-05-01 20:00:00;0.0;0.0;0.0;17.52;50.85;1.1;
2022-05-01 21:00:00;0.0;0.0;0.0;17.38;50.75;1.03;
2022-05-01 22:00:00;0.0;0.0;0.0;17.0;50.75;0.76;
2022-05-01 23:00:00;0.0;0.0;0.0;16.4;52.5;0.76;
2022-05-02 00:00:00;0.0;0.0;0.0;15.78;54.35;0.9;
2022-05-02 01:00:00;0.0;0.0;0.0;15.01;56.25;1.1;
2022-05-02 02:00:00;0.0;0.0;0.0;13.24;64.65;1.38;
2022-05-02 03:00:00;0.0;0.0;0.0;10.95;74.45;1.93;
2022-05-02 04:00:00;0.0;0.0;0.0;10.14;82.95;2.0;
2022-05-02 05:00:00;57.0;24.94;53.0;10.42;80.05;1.79;
2022-05-02 06:00:00;163.0;62.64;142.0;13.62;74.85;1.17;
2022-05-02 07:00:00;436.0;539.72;166.0;16.24;62.95;1.52;
2022-05-02 08:00:00;532.0;412.96;266.0;17.2;63.05;2.07;
2022-05-02 09:00:00;727.0;673.65;217.0;18.37;58.9;2.34;
2022-05-02 10:00:00;793.0;643.52;258.0;19.24;53.15;2.34;
2022-05-02 11:00:00;608.0;201.86;434.0;19.68;51.4;2.21;
2022-05-02 12:00:00;609.0;220.83;422.0;20.03;49.7;2.07;
2022-05-02 13:00:00;648.0;385.08;345.0;20.49;48.05;2.07;
2022-05-02 14:00:00;537.0;330.78;310.0;20.77;48.05;2.07;
2022-05-02 15:00:00;405.0;280.87;250.0;20.78;49.8;1.93;
2022-05-02 16:00:00;161.0;0.0;161.0;19.73;53.25;1.79;
2022-05-02 17:00:00;76.0;0.0;76.0;18.47;61.2;1.31;
2022-05-02 18:00:00;10.0;0.0;10.0;17.38;67.75;0.07;
2022-05-02 19:00:00;0.0;0.0;0.0;16.06;72.65;1.24;
2022-05-02 20:00:00;0.0;0.0;0.0;14.88;80.55;1.45;
2022-05-02 21:00:00;0.0;0.0;0.0;14.28;83.4;1.59;
2022-05-02 22:00:00;0.0;0.0;0.0;13.44;86.35;1.52;
2022-05-02 23:00:00;0.0;0.0;0.0;12.98;86.3;1.24;
2022-05-03 00:00:00;0.0;0.0;0.0;12.73;86.25;1.1;
2022-05-03 01:00:00;0.0;0.0;0.0;12.02;89.35;1.24;
2022-05-03 02:00:00;0.0;0.0;0.0;11.73;92.55;1.24;
2022-05-03 03:00:00;0.0;0.0;0.0;11.33;95.9;1.31;
2022-05-03 04:00:00;0.0;0.0;0.0;11.42;92.55;1.24;
2022-05-03 05:00:00;92.0;170.42;64.0;11.74;92.55;1.03;
2022-05-03 06:00:00;225.0;230.13;147.0;13.77;86.35;0.34;
2022-05-03 07:00:00;457.0;617.46;146.0;14.99;75.1;0.07;
2022-05-03 08:00:00;604.0;636.5;192.0;15.71;70.0;0.21;
2022-05-03 09:00:00;619.0;372.37;336.0;17.32;65.35;0.83;
2022-05-03 10:00:00;833.0;751.7;206.0;18.51;56.95;1.03;
2022-05-03 11:00:00;868.0;761.06;210.0;19.83;51.4;1.17;
2022-05-03 12:00:00;860.0;786.49;192.0;20.71;48.05;1.31;
2022-05-03 13:00:00;784.0;751.19;191.0;21.56;43.4;1.45;
2022-05-03 14:00:00;660.0;686.62;187.0;22.32;41.95;1.45;
2022-05-03 15:00:00;467.0;465.19;209.0;22.61;37.75;1.45;
2022-05-03 16:00:00;179.0;0.0;179.0;22.77;36.4;1.59;
2022-05-03 17:00:00;72.0;0.0;72.0;22.05;36.3;2.0;
2022-05-03 18:00:00;13.0;0.0;13.0;20.13;44.6;1.79;
2022-05-03 19:00:00;0.0;0.0;0.0;18.43;44.2;2.28;
2022-05-03 20:00:00;0.0;0.0;0.0;17.3;47.15;2.28;
2022-05-03 21:00:00;0.0;0.0;0.0;16.62;39.15;2.97;
2022-05-03 22:00:00;0.0;0.0;0.0;15.65;38.85;3.24;
2022-05-03 23:00:00;0.0;0.0;0.0;14.91;40.2;3.17;
2022-05-04 00:00:00;0.0;0.0;0.0;14.12;44.75;2.9;
2022-05-04 01:00:00;0.0;0.0;0.0;13.07;49.85;2.62;
2022-05-04 02:00:00;0.0;0.0;0.0;11.87;62.1;2.14;
2022-05-04 03:00:00;0.0;0.0;0.0;10.51;86.05;1.86;
2022-05-04 04:00:00;0.0;0.0;0.0;10.64;89.25;1.86;
2022-05-04 05:00:00;83.0;101.1;66.0;10.58;89.25;1.59;
2022-05-04 06:00:00;174.0;70.07;150.0;12.09;86.2;1.38;
2022-05-04 07:00:00;400.0;360.94;217.0;13.41;77.6;1.38;
2022-05-04 08:00:00;560.0;458.2;262.0;14.1;74.95;1.66;
2022-05-04 09:00:00;659.0;441.76;322.0;15.47;70.0;2.34;
2022-05-04 10:00:00;715.0;414.68;368.0;16.35;67.65;2.97;
2022-05-04 11:00:00;676.0;289.46;425.0;16.98;65.35;3.03;
2022-05-04 12:00:00;768.0;503.62;339.0;17.35;60.85;3.17;
2022-05-04 13:00:00;732.0;560.66;288.0;17.37;60.85;2.76;
2022-05-04 14:00:00;609.0;488.81;271.0;17.74;56.75;2.41;
2022-05-04 15:00:00;483.0;491.62;209.0;17.96;52.9;2.07;
2022-05-04 16:00:00;142.0;0.0;142.0;17.68;52.75;2.28;
2022-05-04 17:00:00;92.0;0.0;92.0;17.14;54.6;2.41;
2022-05-04 18:00:00;10.0;0.0;10.0;16.39;54.45;2.0;
2022-05-04 19:00:00;0.0;0.0;0.0;15.42;56.35;1.72;
2022-05-04 20:00:00;0.0;0.0;0.0;13.58;69.65;1.59;
2022-05-04 21:00:00;0.0;0.0;0.0;12.36;72.05;1.72;
2022-05-04 22:00:00;0.0;0.0;0.0;11.39;74.55;1.93;
2022-05-04 23:00:00;0.0;0.0;0.0;10.66;80.05;2.14;
2022-05-05 00:00:00;0.0;0.0;0.0;10.17;79.95;2.34;
2022-05-05 01:00:00;0.0;0.0;0.0;10.73;77.15;2.62;
2022-05-05 02:00:00;0.0;0.0;0.0;11.34;69.15;2.83;
2022-05-05 03:00:00;0.0;0.0;0.0;11.69;62.0;2.97;
2022-05-05 04:00:00;0.0;0.0;0.0;11.78;57.55;2.69;
2022-05-05 05:00:00;104.0;215.22;67.0;11.99;57.65;2.34;
2022-05-05 06:00:00;281.0;459.48;122.0;12.17;59.85;1.93;
2022-05-05 07:00:00;478.0;664.37;139.0;13.5;60.2;2.76;
2022-05-05 08:00:00;617.0;641.29;198.0;14.19;58.1;2.69;
2022-05-05 09:00:00;723.0;612.56;254.0;15.09;52.25;2.21;
2022-05-05 10:00:00;824.0;686.21;248.0;15.69;50.5;1.66;
2022-05-05 11:00:00;863.0;707.2;248.0;16.38;48.8;1.52;
2022-05-05 12:00:00;826.0;648.5;272.0;17.14;47.15;1.31;
2022-05-05 13:00:00;797.0;752.79;199.0;17.65;45.55;0.97;
2022-05-05 14:00:00;692.0;760.78;164.0;18.43;42.6;0.76;
2022-05-05 15:00:00;533.0;687.45;148.0;18.78;41.05;0.97;
2022-05-05 16:00:00;137.0;0.0;137.0;18.77;41.05;1.45;
2022-05-05 17:00:00;80.0;0.0;80.0;18.2;42.45;1.93;
2022-05-05 18:00:00;16.0;0.0;16.0;17.13;45.45;2.0;
2022-05-05 19:00:00;0.0;0.0;0.0;15.47;46.9;2.34;
2022-05-05 20:00:00;0.0;0.0;0.0;13.81;55.9;2.28;
2022-05-05 21:00:00;0.0;0.0;0.0;12.3;64.45;1.93;
2022-05-05 22:00:00;0.0;0.0;0.0;11.3;69.15;1.86;
2022-05-05 23:00:00;0.0;0.0;0.0;10.6;69.1;1.86;
2022-05-06 00:00:00;0.0;0.0;0.0;10.13;69.0;1.79;
2022-05-06 01:00:00;0.0;0.0;0.0;9.75;71.5;1.72;
2022-05-06 02:00:00;0.0;0.0;0.0;9.24;74.15;1.72;
2022-05-06 03:00:00;0.0;0.0;0.0;8.68;76.85;1.72;
2022-05-06 04:00:00;0.0;0.0;0.0;7.99;79.7;1.72;
2022-05-06 05:00:00;91.0;119.59;70.0;8.44;79.75;1.45;
2022-05-06 06:00:00;237.0;243.23;152.0;11.54;80.15;0.62;
2022-05-06 07:00:00;419.0;418.76;204.0;14.3;53.95;1.24;
2022-05-06 08:00:00;611.0;620.15;204.0;15.13;50.35;1.24;
2022-05-06 09:00:00;756.0;721.04;202.0;15.9;48.65;1.17;
2022-05-06 10:00:00;851.0;774.41;199.0;16.81;45.45;1.17;
2022-05-06 11:00:00;867.0;727.01;233.0;17.54;45.55;1.24;
2022-05-06 12:00:00;792.0;564.98;308.0;18.08;44.05;1.17;
2022-05-06 13:00:00;661.0;390.31;350.0;18.92;42.6;1.17;
2022-05-06 14:00:00;545.0;327.34;317.0;19.1;41.15;1.03;
2022-05-06 15:00:00;402.0;248.8;262.0;19.32;41.15;0.97;
2022-05-06 16:00:00;155.0;0.0;155.0;19.19;41.15;1.03;
2022-05-06 17:00:00;84.0;0.0;84.0;19.03;41.15;1.1;
2022-05-06 18:00:00;17.0;0.0;17.0;17.88;52.75;1.24;
2022-05-06 19:00:00;0.0;0.0;0.0;17.1;43.8;0.69;
2022-05-06 20:00:00;0.0;0.0;0.0;16.57;43.8;0.34;
2022-05-06 21:00:00;0.0;0.0;0.0;15.15;50.35;1.17;
2022-05-06 22:00:00;0.0;0.0;0.0;12.29;64.45;1.72;
2022-05-06 23:00:00;0.0;0.0;0.0;11.02;69.15;1.79;
2022-05-07 00:00:00;0.0;0.0;0.0;9.58;77.0;1.93;
2022-05-07 01:00:00;0.0;0.0;0.0;8.68;82.75;2.0;
2022-05-07 02:00:00;0.0;0.0;0.0;8.38;85.9;2.0;
2022-05-07 03:00:00;0.0;0.0;0.0;8.18;85.85;2.0;
2022-05-07 04:00:00;0.0;0.0;0.0;7.92;85.85;2.14;
2022-05-07 05:00:00;101.0;167.42;71.0;8.56;85.9;1.93;
2022-05-07 06:00:00;238.0;235.26;155.0;12.14;74.6;1.59;
2022-05-07 07:00:00;478.0;646.67;144.0;16.22;56.5;0.9;
2022-05-07 08:00:00;632.0;685.76;180.0;18.01;49.15;0.83;
2022-05-07 09:00:00;774.0;769.16;181.0;19.13;45.95;1.03;
2022-05-07 10:00:00;861.0;793.46;191.0;20.18;43.0;1.45;
2022-05-07 11:00:00;843.0;648.42;276.0;21.08;40.2;1.66;
2022-05-07 12:00:00;845.0;698.49;245.0;21.77;38.9;1.66;
2022-05-07 13:00:00;807.0;778.32;185.0;22.37;37.65;1.45;
2022-05-07 14:00:00;700.0;785.41;151.0;22.77;37.75;1.45;
2022-05-07 15:00:00;509.0;574.89;184.0;22.85;37.75;1.59;
2022-05-07 16:00:00;161.0;0.0;161.0;22.57;37.75;1.79;
2022-05-07 17:00:00;85.0;0.0;85.0;22.01;40.5;1.86;
2022-05-07 18:00:00;17.0;0.0;17.0;20.51;53.5;1.31;
2022-05-07 19:00:00;0.0;0.0;0.0;17.98;58.9;1.45;
2022-05-07 20:00:00;0.0;0.0;0.0;16.69;58.7;1.52;
2022-05-07 21:00:00;0.0;0.0;0.0;16.08;58.6;1.45;
2022-05-07 22:00:00;0.0;0.0;0.0;17.07;54.6;1.1;
2022-05-07 23:00:00;0.0;0.0;0.0;16.7;54.6;0.76;
2022-05-08 00:00:00;0.0;0.0;0.0;16.1;56.5;0.83;
2022-05-08 01:00:00;0.0;0.0;0.0;15.12;60.5;1.24;
2022-05-08 02:00:00;0.0;0.0;0.0;12.06;71.95;1.66;
2022-05-08 03:00:00;0.0;0.0;0.0;9.98;82.95;2.07;
2022-05-08 04:00:00;0.0;0.0;0.0;8.85;85.95;2.07;
2022-05-08 05:00:00;117.0;262.73;69.0;9.55;89.15;1.66;
2022-05-08 06:00:00;291.0;480.28;120.0;13.44;80.4;0.97;
2022-05-08 07:00:00;485.0;679.52;132.0;18.17;56.85;0.9;
2022-05-08 08:00:00;652.0;762.98;147.0;20.08;51.5;1.79;
2022-05-08 09:00:00;788.0;820.92;153.0;21.54;43.4;2.34;
2022-05-08 10:00:00;881.0;858.52;154.0;22.88;39.15;2.34;
2022-05-08 11:00:00;918.0;867.99;157.0;24.08;36.8;2.28;
2022-05-08 12:00:00;894.0;851.06;161.0;25.12;34.5;2.0;
2022-05-08 13:00:00;826.0;840.94;152.0;26.1;33.55;2.07;
2022-05-08 14:00:00;705.0;801.23;143.0;26.65;32.5;2.41;
2022-05-08 15:00:00;545.0;727.22;132.0;26.8;33.7;2.48;
2022-05-08 16:00:00;117.0;0.0;117.0;26.6;33.7;2.76;
2022-05-08 17:00:00;76.0;0.0;76.0;25.58;37.2;3.17;
2022-05-08 18:00:00;20.0;0.0;20.0;23.48;38.05;3.31;
2022-05-08 19:00:00;0.0;0.0;0.0;21.28;46.5;2.62;
2022-05-08 20:00:00;0.0;0.0;0.0;19.08;51.25;2.41;
2022-05-08 21:00:00;0.0;0.0;0.0;17.06;56.6;5.45;
2022-05-08 22:00:00;0.0;0.0;0.0;15.7;70.0;4.97;
2022-05-08 23:00:00;0.0;0.0;0.0;14.82;72.4;5.72;
2022-05-09 00:00:00;0.0;0.0;0.0;13.51;72.2;4.21;
2022-05-09 01:00:00;0.0;0.0;0.0;12.83;72.05;2.69;
2022-05-09 02:00:00;0.0;0.0;0.0;12.45;66.95;1.72;
2022-05-09 03:00:00;0.0;0.0;0.0;12.25;66.85;0.69;
2022-05-09 04:00:00;0.0;0.0;0.0;12.26;66.85;0.62;
2022-05-09 05:00:00;41.0;0.0;41.0;12.33;66.85;0.62;
2022-05-09 06:00:00;136.0;13.92;131.0;12.51;62.2;0.41;
2022-05-09 07:00:00;259.0;51.69;232.0;13.46;60.2;0.28;
2022-05-09 08:00:00;318.0;36.11;294.0;14.19;56.0;0.48;
2022-05-09 09:00:00;490.0;132.73;387.0;14.74;52.15;0.83;
2022-05-09 10:00:00;420.0;36.51;389.0;15.42;48.65;1.24;
2022-05-09 11:00:00;514.0;87.6;437.0;16.21;45.3;1.45;
2022-05-09 12:00:00;765.0;492.18;340.0;16.85;43.8;1.45;
2022-05-09 13:00:00;790.0;725.34;207.0;17.8;42.3;1.59;
2022-05-09 14:00:00;687.0;733.16;171.0;18.31;39.4;1.52;
2022-05-09 15:00:00;528.0;648.59;158.0;18.7;38.1;1.52;
2022-05-09 16:00:00;152.0;0.0;152.0;18.59;38.1;1.52;
2022-05-09 17:00:00;70.0;0.0;70.0;18.27;37.95;1.66;
2022-05-09 18:00:00;21.0;0.0;21.0;17.55;37.8;1.72;
2022-05-09 19:00:00;0.0;0.0;0.0;15.98;45.3;1.59;
2022-05-09 20:00:00;0.0;0.0;0.0;14.47;54.1;1.52;
2022-05-09 21:00:00;0.0;0.0;0.0;13.37;60.05;1.66;
2022-05-09 22:00:00;0.0;0.0;0.0;12.33;62.1;1.93;
2022-05-09 23:00:00;0.0;0.0;0.0;11.85;64.35;2.0;
2022-05-10 00:00:00;0.0;0.0;0.0;11.38;64.35;2.07;
2022-05-10 01:00:00;0.0;0.0;0.0;11.32;69.15;2.07;
2022-05-10 02:00:00;0.0;0.0;0.0;11.1;69.15;2.14;
2022-05-10 03:00:00;0.0;0.0;0.0;10.54;74.4;2.21;
2022-05-10 04:00:00;0.0;0.0;0.0;10.62;77.15;2.21;
2022-05-10 05:00:00;118.0;232.28;74.0;10.83;80.05;2.07;
2022-05-10 06:00:00;288.0;433.39;131.0;13.76;74.85;1.59;
2022-05-10 07:00:00;488.0;658.79;142.0;17.71;45.55;0.97;
2022-05-10 08:00:00;596.0;538.12;237.0;18.99;36.8;0.48;
2022-05-10 09:00:00;770.0;737.41;196.0;20.02;34.45;0.97;
2022-05-10 10:00:00;850.0;744.65;216.0;21.04;33.45;1.24;
2022-05-10 11:00:00;885.0;753.54;221.0;21.84;33.6;1.24;
2022-05-10 12:00:00;848.0;695.4;246.0;22.4;32.5;1.17;
2022-05-10 13:00:00;722.0;517.38;305.0;22.95;32.6;1.86;
2022-05-10 14:00:00;633.0;538.13;253.0;23.4;31.55;2.41;
2022-05-10 15:00:00;481.0;453.77;221.0;23.33;31.55;2.14;
2022-05-10 16:00:00;163.0;0.0;163.0;22.97;31.55;2.07;
2022-05-10 17:00:00;80.0;0.0;80.0;22.36;33.7;1.72;
2022-05-10 18:00:00;22.0;0.0;22.0;20.91;51.65;1.24;
2022-05-10 19:00:00;0.0;0.0;0.0;19.44;46.1;1.17;
2022-05-10 20:00:00;0.0;0.0;0.0;19.69;39.8;0.97;
2022-05-10 21:00:00;0.0;0.0;0.0;17.22;50.75;1.38;
2022-05-10 22:00:00;0.0;0.0;0.0;15.82;54.35;1.52;
2022-05-10 23:00:00;0.0;0.0;0.0;14.95;56.25;1.59;
2022-05-11 00:00:00;0.0;0.0;0.0;14.15;60.3;1.72;
2022-05-11 01:00:00;0.0;0.0;0.0;13.0;64.65;1.86;
2022-05-11 02:00:00;0.0;0.0;0.0;12.05;69.35;2.07;
2022-05-11 03:00:00;0.0;0.0;0.0;11.48;71.85;2.07;
2022-05-11 04:00:00;0.0;0.0;0.0;11.24;77.2;2.0;
2022-05-11 05:00:00;117.0;218.01;75.0;11.61;77.3;1.72;
2022-05-11 06:00:00;288.0;429.86;131.0;15.78;70.0;1.1;
2022-05-11 07:00:00;487.0;659.18;139.0;19.8;49.55;0.34;
2022-05-11 08:00:00;654.0;754.13;149.0;21.35;44.85;0.41;
2022-05-11 09:00:00;776.0;768.51;176.0;22.78;42.1;0.83;
2022-05-11 10:00:00;876.0;837.63;161.0;24.04;38.15;1.31;
2022-05-11 11:00:00;901.0;817.39;179.0;25.28;37.1;1.59;
2022-05-11 12:00:00;883.0;812.39;178.0;26.16;34.8;1.79;
2022-05-11 13:00:00;821.0;821.61;157.0;26.77;34.9;2.28;
2022-05-11 14:00:00;698.0;769.28;153.0;27.0;34.9;2.62;
2022-05-11 15:00:00;532.0;655.12;155.0;26.84;34.9;2.48;
2022-05-11 16:00:00;145.0;0.0;145.0;26.33;36.05;1.1;
2022-05-11 17:00:00;92.0;0.0;92.0;25.33;56.5;0.62;
2022-05-11 18:00:00;23.0;0.0;23.0;24.23;54.35;0.9;
2022-05-11 19:00:00;0.0;0.0;0.0;21.71;51.9;1.93;
2022-05-11 20:00:00;0.0;0.0;0.0;19.98;57.3;1.79;
2022-05-11 21:00:00;0.0;0.0;0.0;19.38;57.1;1.45;
2022-05-11 22:00:00;0.0;0.0;0.0;20.81;48.05;0.55;
2022-05-11 23:00:00;0.0;0.0;0.0;19.9;51.4;1.03;
2022-05-12 00:00:00;0.0;0.0;0.0;19.6;51.4;0.76;
2022-05-12 01:00:00;0.0;0.0;0.0;19.28;53.15;0.41;
2022-05-12 02:00:00;0.0;0.0;0.0;18.99;53.15;0.83;
2022-05-12 03:00:00;0.0;0.0;0.0;17.81;58.8;1.24;
2022-05-12 04:00:00;0.0;0.0;0.0;16.29;65.25;1.45;
2022-05-12 05:00:00;83.0;51.08;73.0;15.59;70.0;1.52;
2022-05-12 06:00:00;114.0;2.72;113.0;18.41;65.55;0.9;
2022-05-12 07:00:00;337.0;167.74;248.0;19.37;68.1;0.97;
2022-05-12 08:00:00;612.0;602.61;207.0;21.0;57.55;0.97;
2022-05-12 09:00:00;770.0;758.64;176.0;22.6;50.3;0.76;
2022-05-12 10:00:00;841.0;738.55;209.0;24.01;42.5;1.31;
2022-05-12 11:00:00;832.0;627.99;276.0;24.8;39.7;1.52;
2022-05-12 12:00:00;636.0;246.01;422.0;24.94;39.7;1.24;
2022-05-12 13:00:00;576.0;225.84;393.0;25.38;38.45;0.41;
2022-05-12 14:00:00;519.0;263.11;332.0;25.68;35.9;0.34;
2022-05-12 15:00:00;463.0;401.45;231.0;25.77;35.9;0.76;
2022-05-12 16:00:00;84.0;0.0;84.0;25.55;35.9;1.17;
2022-05-12 17:00:00;59.0;0.0;59.0;24.59;39.7;1.79;
2022-05-12 18:00:00;12.0;0.0;12.0;23.29;43.75;2.14;
2022-05-12 19:00:00;0.0;0.0;0.0;22.04;46.75;2.0;
2022-05-12 20:00:00;0.0;0.0;0.0;20.52;55.45;1.79;
2022-05-12 21:00:00;0.0;0.0;0.0;19.25;63.5;1.66;
2022-05-12 22:00:00;0.0;0.0;0.0;18.37;65.55;1.52;
2022-05-12 23:00:00;0.0;0.0;0.0;17.44;67.85;1.52;
2022-05-13 00:00:00;0.0;0.0;0.0;16.25;70.1;1.66;
2022-05-13 01:00:00;0.0;0.0;0.0;15.35;75.1;1.66;
2022-05-13 02:00:00;0.0;0.0;0.0;14.4;75.0;1.79;
2022-05-13 03:00:00;0.0;0.0;0.0;13.54;80.4;1.79;
2022-05-13 04:00:00;5.0;0.0;5.0;12.82;83.25;1.93;
2022-05-13 05:00:00;144.0;402.36;64.0;13.64;80.4;1.66;
2022-05-13 06:00:00;313.0;544.6;111.0;17.42;63.2;1.38;
2022-05-13 07:00:00;502.0;705.27;126.0;20.21;59.35;0.07;
2022-05-13 08:00:00;654.0;739.89;155.0;21.96;53.75;0.41;
2022-05-13 09:00:00;787.0;797.29;161.0;23.34;48.7;1.1;
2022-05-13 10:00:00;883.0;847.52;156.0;24.5;44.15;2.28;
2022-05-13 11:00:00;919.0;857.58;158.0;24.74;45.75;2.9;
2022-05-13 12:00:00;895.0;840.7;162.0;24.85;47.4;3.45;
2022-05-13 13:00:00;828.0;830.87;153.0;24.75;47.4;3.45;
2022-05-13 14:00:00;713.0;802.31;141.0;22.6;57.9;2.83;
2022-05-13 15:00:00;545.0;694.45;142.0;21.58;61.85;1.17;
2022-05-13 16:00:00;363.0;557.21;127.0;20.01;70.7;0.97;
2022-05-13 17:00:00;106.0;0.0;106.0;19.25;78.3;1.03;
2022-05-13 18:00:00;25.0;0.0;25.0;18.74;81.0;2.21;
2022-05-13 19:00:00;0.0;0.0;0.0;19.24;70.55;1.38;
2022-05-13 20:00:00;0.0;0.0;0.0;19.07;70.55;0.62;
2022-05-13 21:00:00;0.0;0.0;0.0;17.58;80.85;0.97;
2022-05-13 22:00:00;0.0;0.0;0.0;16.3;89.65;1.59;
2022-05-13 23:00:00;0.0;0.0;0.0;15.89;92.75;1.38;
2022-05-14 00:00:00;0.0;0.0;0.0;15.16;92.75;1.45;
2022-05-14 01:00:00;0.0;0.0;0.0;14.44;92.7;1.31;
2022-05-14 02:00:00;0.0;0.0;0.0;14.09;96.0;1.17;
2022-05-14 03:00:00;0.0;0.0;0.0;14.3;96.0;0.9;
2022-05-14 04:00:00;5.0;0.0;5.0;14.28;96.0;0.9;
2022-05-14 05:00:00;36.0;0.0;36.0;15.0;96.0;0.69;
2022-05-14 06:00:00;100.0;0.0;100.0;16.35;89.65;0.41;
2022-05-14 07:00:00;254.0;42.94;231.0;17.18;78.0;0.69;
2022-05-14 08:00:00;232.0;2.96;230.0;17.87;75.4;1.31;
2022-05-14 09:00:00;208.0;0.0;208.0;18.74;68.05;1.31;
2022-05-14 10:00:00;250.0;0.0;250.0;19.38;63.5;1.31;
2022-05-14 11:00:00;507.0;82.08;434.0;20.24;59.35;1.45;
2022-05-14 12:00:00;779.0;525.26;320.0;20.74;57.45;1.72;
2022-05-14 13:00:00;548.0;180.49;401.0;20.98;55.55;1.72;
2022-05-14 14:00:00;495.0;213.95;342.0;21.02;55.55;1.86;
2022-05-14 15:00:00;396.0;216.24;270.0;21.13;53.6;1.93;
2022-05-14 16:00:00;56.0;0.0;56.0;20.8;55.45;1.72;
2022-05-14 17:00:00;18.0;0.0;18.0;20.2;59.35;1.52;
2022-05-14 18:00:00;26.0;0.0;26.0;19.28;65.75;1.38;
2022-05-14 19:00:00;0.0;0.0;0.0;17.68;70.3;1.52;
2022-05-14 20:00:00;0.0;0.0;0.0;16.71;75.3;1.31;
2022-05-14 21:00:00;0.0;0.0;0.0;15.71;86.5;1.17;
2022-05-14 22:00:00;0.0;0.0;0.0;15.01;89.55;0.97;
2022-05-14 23:00:00;0.0;0.0;0.0;14.17;92.7;1.17;
2022-05-15 00:00:00;0.0;0.0;0.0;13.88;92.7;1.03;
2022-05-15 01:00:00;0.0;0.0;0.0;13.48;92.65;1.31;
2022-05-15 02:00:00;0.0;0.0;0.0;13.75;92.65;2.07;
2022-05-15 03:00:00;0.0;0.0;0.0;14.06;83.4;2.76;
2022-05-15 04:00:00;7.0;0.0;7.0;13.68;74.85;3.03;
2022-05-15 05:00:00;20.0;0.0;20.0;13.71;67.15;3.45;
2022-05-15 06:00:00;116.0;2.66;115.0;14.36;62.55;3.66;
2022-05-15 07:00:00;93.0;0.0;93.0;16.26;48.8;4.0;
2022-05-15 08:00:00;190.0;0.0;190.0;17.49;39.25;5.03;
2022-05-15 09:00:00;358.0;22.81;340.0;18.45;35.35;4.76;
2022-05-15 10:00:00;839.0;673.07;259.0;19.35;32.9;4.21;
2022-05-15 11:00:00;917.0;809.01;196.0;19.92;29.5;4.0;
2022-05-15 12:00:00;904.0;819.85;186.0;20.01;26.4;3.38;
2022-05-15 13:00:00;751.0;559.74;294.0;19.62;27.3;3.03;
2022-05-15 14:00:00;656.0;570.22;247.0;19.13;28.25;2.83;
2022-05-15 15:00:00;579.0;779.47;123.0;18.86;29.2;2.76;
2022-05-15 16:00:00;400.0;692.83;103.0;18.66;29.2;2.21;
2022-05-15 17:00:00;104.0;0.0;104.0;18.05;30.2;1.59;
2022-05-15 18:00:00;29.0;0.0;29.0;16.65;43.8;0.97;
2022-05-15 19:00:00;0.0;0.0;0.0;15.15;35.85;2.34;
2022-05-15 20:00:00;0.0;0.0;0.0;13.91;37.0;2.69;
2022-05-15 21:00:00;0.0;0.0;0.0;13.08;39.65;2.97;
2022-05-15 22:00:00;0.0;0.0;0.0;12.54;41.1;3.03;
2022-05-15 23:00:00;0.0;0.0;0.0;11.93;42.55;2.97;
2022-05-16 00:00:00;0.0;0.0;0.0;11.24;45.7;2.9;
2022-05-16 01:00:00;0.0;0.0;0.0;10.51;47.35;2.83;
2022-05-16 02:00:00;0.0;0.0;0.0;10.03;49.05;2.83;
2022-05-16 03:00:00;0.0;0.0;0.0;9.72;50.85;2.97;
2022-05-16 04:00:00;7.0;0.0;7.0;9.67;52.85;3.1;
2022-05-16 05:00:00;124.0;183.23;86.0;10.55;53.1;3.17;
2022-05-16 06:00:00;344.0;646.87;99.0;12.91;48.0;3.1;
2022-05-16 07:00:00;536.0;782.93;113.0;15.27;41.75;3.1;
2022-05-16 08:00:00;691.0;810.6;139.0;17.19;34.9;3.52;
2022-05-16 09:00:00;833.0;877.09;139.0;18.59;30.35;3.72;
2022-05-16 10:00:00;917.0;890.48;148.0;19.83;28.4;3.31;
2022-05-16 11:00:00;938.0;861.1;169.0;20.86;26.55;2.62;
2022-05-16 12:00:00;929.0;883.05;154.0;21.78;25.8;2.0;
2022-05-16 13:00:00;870.0;898.1;135.0;22.36;24.95;1.86;
2022-05-16 14:00:00;751.0;870.21;125.0;22.88;25.1;1.66;
2022-05-16 15:00:00;587.0;795.16;120.0;23.29;24.3;1.66;
2022-05-16 16:00:00;401.0;681.83;107.0;23.25;24.3;1.72;
2022-05-16 17:00:00;110.0;0.0;110.0;22.71;28.1;1.45;
2022-05-16 18:00:00;30.0;0.0;30.0;21.27;40.2;0.69;
2022-05-16 19:00:00;0.0;0.0;0.0;18.15;44.05;1.66;
2022-05-16 20:00:00;0.0;0.0;0.0;15.62;46.9;2.07;
2022-05-16 21:00:00;0.0;0.0;0.0;13.87;51.9;2.14;
2022-05-16 22:00:00;0.0;0.0;0.0;12.62;53.6;2.21;
2022-05-16 23:00:00;0.0;0.0;0.0;11.79;57.55;2.21;
2022-05-17 00:00:00;0.0;0.0;0.0;11.14;59.6;2.21;
2022-05-17 01:00:00;0.0;0.0;0.0;10.57;61.75;2.07;
2022-05-17 02:00:00;0.0;0.0;0.0;9.97;64.0;2.14;
2022-05-17 03:00:00;0.0;0.0;0.0;9.3;68.8;2.14;
2022-05-17 04:00:00;10.0;0.0;10.0;8.79;74.05;2.21;
2022-05-17 05:00:00;158.0;437.99;66.0;9.84;74.2;1.86;
2022-05-17 06:00:00;335.0;608.64;103.0;14.33;62.55;1.24;
2022-05-17 07:00:00;523.0;741.03;121.0;17.17;48.9;1.24;
2022-05-17 08:00:00;688.0;811.12;134.0;18.62;45.85;1.31;
2022-05-17 09:00:00;838.0;904.01;121.0;19.85;42.85;1.31;
2022-05-17 10:00:00;913.0;894.4;139.0;20.93;40.1;1.38;
2022-05-17 11:00:00;939.0;880.62;151.0;21.65;37.5;1.52;
2022-05-17 12:00:00;925.0;886.92;145.0;22.46;35.1;1.59;
2022-05-17 13:00:00;843.0;842.37;152.0;23.12;34.0;1.52;
2022-05-17 14:00:00;509.0;220.4;350.0;23.39;34.0;1.45;
2022-05-17 15:00:00;491.0;444.4;229.0;23.54;32.9;1.59;
2022-05-17 16:00:00;313.0;292.85;186.0;23.35;34.0;2.0;
2022-05-17 17:00:00;111.0;0.0;111.0;22.76;35.1;1.72;
2022-05-17 18:00:00;30.0;0.0;30.0;22.21;36.3;0.14;
2022-05-17 19:00:00;0.0;0.0;0.0;19.56;44.45;1.66;
2022-05-17 20:00:00;0.0;0.0;0.0;17.7;54.7;1.79;
2022-05-17 21:00:00;0.0;0.0;0.0;16.63;58.7;1.72;
2022-05-17 22:00:00;0.0;0.0;0.0;15.65;62.85;1.72;
2022-05-17 23:00:00;0.0;0.0;0.0;15.09;65.05;1.72;
2022-05-18 00:00:00;0.0;0.0;0.0;14.78;67.35;1.66;
2022-05-18 01:00:00;0.0;0.0;0.0;14.66;69.85;1.59;
2022-05-18 02:00:00;0.0;0.0;0.0;14.47;67.35;1.52;
2022-05-18 03:00:00;0.0;0.0;0.0;13.92;69.75;1.59;
2022-05-18 04:00:00;3.0;0.0;3.0;13.26;77.5;1.72;
2022-05-18 05:00:00;44.0;0.0;44.0;13.81;80.4;1.45;
2022-05-18 06:00:00;126.0;5.21;124.0;15.69;75.15;1.17;
2022-05-18 07:00:00;296.0;82.63;251.0;17.9;63.2;1.31;
2022-05-18 08:00:00;422.0;129.94;333.0;18.85;54.95;1.24;
2022-05-18 09:00:00;772.0;712.0;206.0;19.87;49.55;0.9;
2022-05-18 10:00:00;869.0;779.59;193.0;21.27;44.85;0.55;
2022-05-18 11:00:00;904.0;787.47;198.0;22.01;41.95;0.34;
2022-05-18 12:00:00;880.0;767.13;204.0;23.07;39.3;0.48;
2022-05-18 13:00:00;785.0;668.96;235.0;23.39;39.3;0.62;
2022-05-18 14:00:00;663.0;601.29;228.0;23.54;38.05;0.69;
2022-05-18 15:00:00;410.0;226.44;276.0;23.53;36.7;0.76;
2022-05-18 16:00:00;362.0;495.3;146.0;23.37;37.9;0.76;
2022-05-18 17:00:00;89.0;0.0;89.0;22.72;39.15;1.45;
2022-05-18 18:00:00;32.0;0.0;32.0;21.76;41.85;1.66;
2022-05-18 19:00:00;0.0;0.0;0.0;19.92;51.4;1.66;
2022-05-18 20:00:00;0.0;0.0;0.0;18.44;56.95;1.52;
2022-05-18 21:00:00;0.0;0.0;0.0;17.3;60.85;1.59;
2022-05-18 22:00:00;0.0;0.0;0.0;16.36;62.95;1.66;
2022-05-18 23:00:00;0.0;0.0;0.0;15.44;65.15;1.72;
2022-05-19 00:00:00;0.0;0.0;0.0;14.49;69.85;1.79;
2022-05-19 01:00:00;0.0;0.0;0.0;13.31;77.5;1.93;
2022-05-19 02:00:00;0.0;0.0;0.0;12.34;83.15;2.0;
2022-05-19 03:00:00;0.0;0.0;0.0;11.5;86.15;2.07;
2022-05-19 04:00:00;11.0;0.0;11.0;11.05;86.1;2.14;
2022-05-19 05:00:00;138.0;251.06;84.0;12.24;86.2;1.86;
2022-05-19 06:00:00;312.0;451.06;138.0;16.95;65.35;1.52;
2022-05-19 07:00:00;509.0;665.87;145.0;19.5;57.2;0.9;
2022-05-19 08:00:00;672.0;742.56;162.0;20.91;49.8;0.9;
2022-05-19 09:00:00;809.0;813.37;161.0;21.97;43.5;1.24;
2022-05-19 10:00:00;799.0;562.85;310.0;22.65;39.15;1.38;
2022-05-19 11:00:00;725.0;346.25;414.0;23.25;36.55;1.31;
2022-05-19 12:00:00;838.0;628.6;283.0;24.31;33.0;1.38;
2022-05-19 13:00:00;773.0;614.09;267.0;24.7;30.8;1.38;
2022-05-19 14:00:00;707.0;726.47;180.0;25.07;29.85;1.59;
2022-05-19 15:00:00;576.0;749.23;131.0;25.1;28.75;1.72;
2022-05-19 16:00:00;393.0;627.14;118.0;24.86;28.65;1.59;
2022-05-19 17:00:00;84.0;0.0;84.0;24.4;30.7;1.38;
2022-05-19 18:00:00;34.0;0.0;34.0;23.33;43.75;0.9;
2022-05-19 19:00:00;0.0;0.0;0.0;22.05;37.65;1.03;
2022-05-19 20:00:00;0.0;0.0;0.0;20.29;44.6;1.24;
2022-05-19 21:00:00;0.0;0.0;0.0;19.93;44.45;1.24;
2022-05-19 22:00:00;0.0;0.0;0.0;19.19;45.95;1.31;
2022-05-19 23:00:00;0.0;0.0;0.0;18.39;51.0;1.31;
2022-05-20 00:00:00;0.0;0.0;0.0;16.68;54.6;1.52;
2022-05-20 01:00:00;0.0;0.0;0.0;14.86;64.95;1.79;
2022-05-20 02:00:00;0.0;0.0;0.0;13.46;69.65;1.86;
2022-05-20 03:00:00;0.0;0.0;0.0;12.38;74.7;1.93;
2022-05-20 04:00:00;12.0;0.0;12.0;11.52;80.15;1.93;
2022-05-20 05:00:00;146.0;289.7;83.0;12.93;74.75;1.59;
2022-05-20 06:00:00;322.0;492.38;131.0;17.34;65.35;0.97;
2022-05-20 07:00:00;515.0;681.73;141.0;21.13;44.85;0.69;
2022-05-20 08:00:00;682.0;772.58;150.0;22.87;39.15;0.21;
2022-05-20 09:00:00;816.0;829.2;154.0;23.92;36.7;0.55;
2022-05-20 10:00:00;908.0;865.13;155.0;24.7;34.4;1.03;
2022-05-20 11:00:00;944.0;874.64;157.0;25.44;33.3;1.38;
2022-05-20 12:00:00;884.0;750.64;220.0;26.08;30.1;1.59;
2022-05-20 13:00:00;834.0;791.99;180.0;26.62;29.15;1.79;
2022-05-20 14:00:00;714.0;742.41;174.0;26.78;29.15;2.0;
2022-05-20 15:00:00;490.0;419.41;240.0;26.89;28.1;2.0;
2022-05-20 16:00:00;387.0;582.96;130.0;26.6;27.1;1.59;
2022-05-20 17:00:00;89.0;0.0;89.0;25.67;28.9;0.21;
2022-05-20 18:00:00;35.0;0.0;35.0;24.49;39.7;1.24;
2022-05-20 19:00:00;0.0;0.0;0.0;22.48;40.6;1.31;
2022-05-20 20:00:00;0.0;0.0;0.0;20.8;43.1;1.45;
2022-05-20 21:00:00;0.0;0.0;0.0;19.45;44.45;1.52;
2022-05-20 22:00:00;0.0;0.0;0.0;19.89;42.85;1.24;
2022-05-20 23:00:00;0.0;0.0;0.0;20.06;39.95;0.97;
2022-05-21 00:00:00;0.0;0.0;0.0;18.73;44.2;1.24;
2022-05-21 01:00:00;0.0;0.0;0.0;15.8;54.35;1.66;
2022-05-21 02:00:00;0.0;0.0;0.0;14.0;60.3;1.93;
2022-05-21 03:00:00;0.0;0.0;0.0;12.81;66.95;1.93;
2022-05-21 04:00:00;13.0;0.0;13.0;11.83;74.55;2.07;
2022-05-21 05:00:00;150.0;304.89;83.0;13.28;72.1;1.66;
2022-05-21 06:00:00;325.0;502.6;129.0;17.6;63.2;1.03;
2022-05-21 07:00:00;522.0;706.67;133.0;21.4;44.85;0.14;
2022-05-21 08:00:00;683.0;772.12;150.0;23.16;39.3;0.41;
2022-05-21 09:00:00;821.0;838.8;150.0;24.64;33.15;0.83;
2022-05-21 10:00:00;913.0;875.06;150.0;25.89;31.1;1.17;
2022-05-21 11:00:00;943.0;872.02;157.0;26.77;29.15;1.31;
2022-05-21 12:00:00;915.0;841.8;169.0;27.46;28.25;1.59;
2022-05-21 13:00:00;667.0;352.87;375.0;27.56;28.25;1.79;
2022-05-21 14:00:00;586.0;364.76;320.0;27.73;28.25;1.93;
2022-05-21 15:00:00;52.0;0.0;52.0;27.0;29.15;1.79;
2022-05-21 16:00:00;43.0;0.0;43.0;26.0;31.2;1.93;
2022-05-21 17:00:00;86.0;0.0;86.0;25.26;34.5;2.41;
2022-05-21 18:00:00;12.0;0.0;12.0;24.2;38.15;2.21;
2022-05-21 19:00:00;0.0;0.0;0.0;23.1;43.75;0.83;
2022-05-21 20:00:00;0.0;0.0;0.0;22.94;40.6;0.69;
2022-05-21 21:00:00;0.0;0.0;0.0;22.32;41.95;0.69;
2022-05-21 22:00:00;0.0;0.0;0.0;21.53;43.4;1.1;
2022-05-21 23:00:00;0.0;0.0;0.0;18.17;58.9;1.66;
2022-05-22 00:00:00;0.0;0.0;0.0;16.02;65.25;2.07;
2022-05-22 01:00:00;0.0;0.0;0.0;15.23;72.45;2.07;
2022-05-22 02:00:00;0.0;0.0;0.0;14.57;72.4;2.14;
2022-05-22 03:00:00;0.0;0.0;0.0;14.21;74.95;2.14;
2022-05-22 04:00:00;9.0;0.0;9.0;13.69;80.4;2.14;
2022-05-22 05:00:00;69.0;9.01;67.0;14.85;75.0;1.66;
2022-05-22 06:00:00;291.0;346.99;155.0;19.35;65.75;0.97;
2022-05-22 07:00:00;484.0;557.72;176.0;21.74;48.3;0.9;
2022-05-22 08:00:00;626.0;586.76;220.0;22.93;45.25;0.55;
2022-05-22 09:00:00;569.0;224.58;389.0;24.08;41.0;0.28;
2022-05-22 10:00:00;776.0;516.36;325.0;25.07;38.45;0.41;
2022-05-22 11:00:00;925.0;842.89;164.0;25.98;37.2;0.83;
2022-05-22 12:00:00;747.0;422.42;372.0;26.99;34.9;1.17;
2022-05-22 13:00:00;734.0;517.38;305.0;27.49;33.8;1.1;
2022-05-22 14:00:00;648.0;538.91;254.0;27.57;33.8;1.24;
2022-05-22 15:00:00;436.0;274.9;271.0;27.53;32.65;1.24;
2022-05-22 16:00:00;371.0;502.87;147.0;27.31;32.65;1.03;
2022-05-22 17:00:00;78.0;0.0;78.0;26.79;34.9;1.24;
2022-05-22 18:00:00;36.0;0.0;36.0;24.9;50.8;0.76;
2022-05-22 19:00:00;0.0;0.0;0.0;25.18;35.8;0.76;
2022-05-22 20:00:00;0.0;0.0;0.0;24.44;38.15;0.9;
2022-05-22 21:00:00;0.0;0.0;0.0;22.47;45.25;1.24;
2022-05-22 22:00:00;0.0;0.0;0.0;19.38;57.1;1.93;
2022-05-22 23:00:00;0.0;0.0;0.0;17.6;65.45;2.21;
2022-05-23 00:00:00;0.0;0.0;0.0;16.61;67.75;2.28;
2022-05-23 01:00:00;0.0;0.0;0.0;15.87;70.0;2.28;
2022-05-23 02:00:00;0.0;0.0;0.0;15.23;72.45;2.34;
2022-05-23 03:00:00;0.0;0.0;0.0;14.67;75.0;2.41;
2022-05-23 04:00:00;25.0;142.53;17.0;14.35;77.65;2.48;
2022-05-23 05:00:00;168.0;428.52;72.0;15.49;72.55;2.28;
2022-05-23 06:00:00;353.0;642.42;100.0;19.54;61.4;1.79;
2022-05-23 07:00:00;540.0;769.02;114.0;22.96;50.3;0.62;
2022-05-23 08:00:00;694.0;807.51;134.0;24.92;42.65;0.0;
2022-05-23 09:00:00;825.0;850.62;142.0;26.38;37.35;0.62;
2022-05-23 10:00:00;917.0;888.17;140.0;27.25;35.05;1.24;
2022-05-23 11:00:00;953.0;897.95;141.0;28.21;32.75;1.66;
2022-05-23 12:00:00;934.0;892.87;140.0;28.8;31.75;2.0;
2022-05-23 13:00:00;849.0;837.73;153.0;29.15;30.75;2.14;
2022-05-23 14:00:00;716.0;746.34;169.0;29.55;29.8;2.07;
2022-05-23 15:00:00;582.0;750.55;130.0;29.34;29.7;2.0;
2022-05-23 16:00:00;419.0;714.81;99.0;28.89;30.65;1.79;
2022-05-23 17:00:00;85.0;0.0;85.0;27.2;33.8;1.79;
2022-05-23 18:00:00;39.0;0.0;39.0;26.1;41.55;1.38;
2022-05-23 19:00:00;0.0;0.0;0.0;26.09;33.55;0.83;
2022-05-23 20:00:00;0.0;0.0;0.0;24.98;36.95;0.9;
2022-05-23 21:00:00;0.0;0.0;0.0;21.91;48.3;1.52;
2022-05-23 22:00:00;0.0;0.0;0.0;20.29;53.35;1.79;
2022-05-23 23:00:00;0.0;0.0;0.0;19.48;55.2;1.79;
2022-05-24 00:00:00;0.0;0.0;0.0;18.9;59.05;1.79;
2022-05-24 01:00:00;0.0;0.0;0.0;17.9;63.2;1.93;
2022-05-24 02:00:00;0.0;0.0;0.0;16.98;65.35;2.07;
2022-05-24 03:00:00;0.0;0.0;0.0;16.04;67.65;2.14;
2022-05-24 04:00:00;22.0;85.71;17.0;15.84;72.55;2.07;
2022-05-24 05:00:00;155.0;318.56;83.0;17.01;72.7;1.66;
2022-05-24 06:00:00;325.0;490.38;131.0;21.23;63.9;0.9;
2022-05-24 07:00:00;521.0;703.79;130.0;24.07;47.25;0.62;
2022-05-24 08:00:00;685.0;779.89;143.0;25.38;44.3;0.48;
2022-05-24 09:00:00;823.0;845.43;143.0;26.61;38.85;0.69;
2022-05-24 10:00:00;914.0;883.37;140.0;27.52;37.6;0.97;
2022-05-24 11:00:00;945.0;881.12;147.0;28.25;35.2;1.1;
2022-05-24 12:00:00;917.0;852.11;158.0;29.11;33.05;1.17;
2022-05-24 13:00:00;860.0;866.16;139.0;29.72;30.9;1.31;
2022-05-24 14:00:00;738.0;816.69;138.0;30.12;29.95;1.52;
2022-05-24 15:00:00;565.0;686.86;150.0;30.37;28.9;1.72;
2022-05-24 16:00:00;327.0;304.54;190.0;29.77;29.8;1.38;
2022-05-24 17:00:00;104.0;0.0;104.0;27.68;35.05;2.48;
2022-05-24 18:00:00;40.0;0.0;40.0;25.29;47.5;2.69;
2022-05-24 19:00:00;0.0;0.0;0.0;25.48;42.75;1.52;
2022-05-24 20:00:00;0.0;0.0;0.0;23.29;52.25;1.52;
2022-05-24 21:00:00;0.0;0.0;0.0;21.33;59.6;1.72;
2022-05-24 22:00:00;0.0;0.0;0.0;19.87;65.85;1.86;
2022-05-24 23:00:00;0.0;0.0;0.0;18.73;72.95;1.93;
2022-05-25 00:00:00;0.0;0.0;0.0;17.71;78.1;2.0;
2022-05-25 01:00:00;0.0;0.0;0.0;16.85;80.8;2.14;
2022-05-25 02:00:00;0.0;0.0;0.0;16.25;80.75;2.21;
2022-05-25 03:00:00;0.0;0.0;0.0;15.95;77.95;2.34;
2022-05-25 04:00:00;17.0;16.54;16.0;15.77;77.85;2.41;
2022-05-25 05:00:00;140.0;214.99;91.0;17.02;75.3;2.07;
2022-05-25 06:00:00;299.0;362.44;155.0;21.07;57.55;1.86;
2022-05-25 07:00:00;332.0;125.65;262.0;24.0;54.35;1.72;
2022-05-25 08:00:00;625.0;574.41;225.0;25.11;49.2;1.93;
2022-05-25 09:00:00;794.0;764.6;178.0;25.95;47.65;1.72;
2022-05-25 10:00:00;840.0;676.93;246.0;26.69;44.7;1.66;
2022-05-25 11:00:00;907.0;781.71;198.0;27.59;41.8;1.59;
2022-05-25 12:00:00;735.0;391.19;386.0;28.37;39.1;1.59;
2022-05-25 13:00:00;336.0;10.79;327.0;28.87;36.6;1.38;
2022-05-25 14:00:00;609.0;420.97;299.0;29.23;35.45;1.66;
2022-05-25 15:00:00;513.0;488.35;217.0;28.72;35.3;2.0;
2022-05-25 16:00:00;383.0;535.4;141.0;27.49;36.3;2.69;
2022-05-25 17:00:00;78.0;0.0;78.0;26.42;41.55;2.9;
2022-05-25 18:00:00;40.0;0.0;40.0;25.69;46.0;2.21;
2022-05-25 19:00:00;0.0;0.0;0.0;24.84;45.75;1.66;
2022-05-25 20:00:00;0.0;0.0;0.0;23.22;54.1;1.66;
2022-05-25 21:00:00;0.0;0.0;0.0;22.16;55.8;1.59;
2022-05-25 22:00:00;0.0;0.0;0.0;21.71;57.65;1.52;
2022-05-25 23:00:00;0.0;0.0;0.0;20.29;63.7;1.86;
2022-05-26 00:00:00;0.0;0.0;0.0;19.3;68.1;2.07;
2022-05-26 01:00:00;0.0;0.0;0.0;18.73;70.45;2.14;
2022-05-26 02:00:00;0.0;0.0;0.0;18.19;72.9;2.28;
2022-05-26 03:00:00;0.0;0.0;0.0;17.64;72.8;2.34;
2022-05-26 04:00:00;16.0;16.01;15.0;17.36;78.0;2.21;
2022-05-26 05:00:00;117.0;104.48;93.0;18.08;78.15;1.79;
2022-05-26 06:00:00;125.0;2.51;124.0;21.45;61.85;1.52;
2022-05-26 07:00:00;361.0;180.83;260.0;22.48;57.9;1.31;
2022-05-26 08:00:00;278.0;11.47;270.0;23.62;50.55;2.21;
2022-05-26 09:00:00;77.0;0.0;77.0;24.76;45.75;2.07;
2022-05-26 10:00:00;780.0;522.35;321.0;25.83;41.4;1.93;
2022-05-26 11:00:00;746.0;390.86;391.0;26.63;38.85;1.79;
2022-05-26 12:00:00;660.0;259.65;428.0;27.58;36.3;1.66;
2022-05-26 13:00:00;707.0;447.66;333.0;28.13;35.2;1.52;
2022-05-26 14:00:00;638.0;499.95;269.0;28.7;34.1;1.52;
2022-05-26 15:00:00;499.0;442.43;230.0;28.56;34.1;1.93;
2022-05-26 16:00:00;293.0;196.0;204.0;28.2;35.2;2.55;
2022-05-26 17:00:00;121.0;0.0;121.0;27.8;36.3;2.69;
2022-05-26 18:00:00;39.0;0.0;39.0;26.29;38.7;2.14;
2022-05-26 19:00:00;0.0;0.0;0.0;24.38;47.25;1.79;
2022-05-26 20:00:00;0.0;0.0;0.0;22.73;54.0;2.41;
2022-05-26 21:00:00;0.0;0.0;0.0;21.56;57.65;2.69;
2022-05-26 22:00:00;0.0;0.0;0.0;20.65;61.6;2.62;
2022-05-26 23:00:00;0.0;0.0;0.0;19.94;63.7;2.34;
2022-05-27 00:00:00;0.0;0.0;0.0;19.32;68.1;2.0;
2022-05-27 01:00:00;0.0;0.0;0.0;18.2;75.45;2.14;
2022-05-27 02:00:00;0.0;0.0;0.0;17.09;80.8;2.48;
2022-05-27 03:00:00;0.0;0.0;0.0;16.78;80.8;2.62;
2022-05-27 04:00:00;7.0;0.0;7.0;16.63;80.8;2.62;
2022-05-27 05:00:00;53.0;0.0;53.0;17.01;80.8;2.28;
2022-05-27 06:00:00;170.0;29.97;158.0;18.61;78.25;1.72;
2022-05-27 07:00:00;203.0;7.14;199.0;20.04;65.95;1.24;
2022-05-27 08:00:00;61.0;0.0;61.0;20.32;68.3;1.66;
2022-05-27 09:00:00;73.0;0.0;73.0;19.21;78.3;1.79;
2022-05-27 10:00:00;99.0;0.0;99.0;18.76;81.0;1.45;
2022-05-27 11:00:00;221.0;0.0;221.0;18.98;81.05;1.59;
2022-05-27 12:00:00;837.0;624.7;278.0;19.65;83.9;2.07;
2022-05-27 13:00:00;817.0;740.81;197.0;20.27;81.15;1.52;
2022-05-27 14:00:00;110.0;0.0;110.0;20.9;78.5;1.17;
2022-05-27 15:00:00;116.0;0.0;116.0;20.35;75.75;1.1;
2022-05-27 16:00:00;36.0;0.0;36.0;19.49;75.7;2.83;
2022-05-27 17:00:00;21.0;0.0;21.0;18.32;72.9;3.86;
2022-05-27 18:00:00;6.0;0.0;6.0;17.46;63.2;4.14;
2022-05-27 19:00:00;0.0;0.0;0.0;16.91;54.6;4.48;
2022-05-27 20:00:00;0.0;0.0;0.0;16.26;48.8;4.41;
2022-05-27 21:00:00;0.0;0.0;0.0;15.79;45.15;4.28;
2022-05-27 22:00:00;0.0;0.0;0.0;15.32;45.05;3.86;
2022-05-27 23:00:00;0.0;0.0;0.0;14.74;44.9;3.45;
2022-05-28 00:00:00;0.0;0.0;0.0;14.21;46.5;3.38;
2022-05-28 01:00:00;0.0;0.0;0.0;13.92;48.25;3.52;
2022-05-28 02:00:00;0.0;0.0;0.0;13.76;48.15;3.79;
2022-05-28 03:00:00;0.0;0.0;0.0;13.75;46.35;3.93;
2022-05-28 04:00:00;35.0;226.61;20.0;13.66;48.15;4.0;
2022-05-28 05:00:00;194.0;553.56;65.0;14.06;50.1;3.93;
2022-05-28 06:00:00;370.0;669.37;101.0;15.44;50.5;3.52;
2022-05-28 07:00:00;565.0;812.57;109.0;16.93;48.9;3.45;
2022-05-28 08:00:00;722.0;848.43;128.0;18.54;44.2;3.03;
2022-05-28 09:00:00;860.0;903.36;129.0;19.83;41.3;2.28;
2022-05-28 10:00:00;954.0;940.96;125.0;20.87;38.65;1.59;
2022-05-28 11:00:00;986.0;938.89;131.0;21.71;37.5;1.38;
2022-05-28 12:00:00;963.0;920.66;138.0;22.21;36.3;1.52;
2022-05-28 13:00:00;900.0;925.65;124.0;22.63;35.1;1.79;
2022-05-28 14:00:00;779.0;886.27;122.0;22.91;35.1;2.48;
2022-05-28 15:00:00;614.0;804.4;122.0;22.86;33.85;2.97;
2022-05-28 16:00:00;427.0;687.56;112.0;22.56;32.6;2.83;
2022-05-28 17:00:00;83.0;0.0;83.0;22.02;33.7;2.41;
2022-05-28 18:00:00;45.0;0.0;45.0;20.87;44.7;1.59;
2022-05-28 19:00:00;0.0;0.0;0.0;18.79;56.95;1.45;
2022-05-28 20:00:00;0.0;0.0;0.0;17.1;60.85;1.72;
2022-05-28 21:00:00;0.0;0.0;0.0;15.89;62.85;1.79;
2022-05-28 22:00:00;0.0;0.0;0.0;15.1;62.75;1.79;
2022-05-28 23:00:00;0.0;0.0;0.0;14.34;64.85;1.93;
2022-05-29 00:00:00;0.0;0.0;0.0;13.57;67.15;2.14;
2022-05-29 01:00:00;0.0;0.0;0.0;12.86;72.05;2.21;
2022-05-29 02:00:00;0.0;0.0;0.0;12.37;74.7;2.0;
2022-05-29 03:00:00;0.0;0.0;0.0;12.11;77.35;1.79;
2022-05-29 04:00:00;29.0;103.09;22.0;12.18;77.35;1.59;
2022-05-29 05:00:00;174.0;409.29;78.0;13.22;77.5;1.24;
2022-05-29 06:00:00;353.0;605.14;109.0;16.45;65.35;1.24;
2022-05-29 07:00:00;540.0;741.49;123.0;17.89;67.85;1.59;
2022-05-29 08:00:00;691.0;777.22;146.0;19.04;61.3;1.52;
2022-05-29 09:00:00;829.0;841.71;147.0;20.15;57.3;1.17;
2022-05-29 10:00:00;915.0;866.14;151.0;21.03;51.75;1.1;
2022-05-29 11:00:00;946.0;864.26;158.0;22.44;46.75;1.17;
2022-05-29 12:00:00;938.0;882.64;146.0;23.33;43.75;1.1;
2022-05-29 13:00:00;872.0;874.12;138.0;23.88;42.35;1.24;
2022-05-29 14:00:00;759.0;848.07;129.0;24.35;41.0;1.66;
2022-05-29 15:00:00;601.0;776.02;125.0;24.38;41.0;2.07;
2022-05-29 16:00:00;415.0;649.86;116.0;24.26;41.0;2.28;
2022-05-29 17:00:00;85.0;0.0;85.0;23.75;42.35;1.93;
2022-05-29 18:00:00;44.0;0.0;44.0;22.71;50.3;1.31;
2022-05-29 19:00:00;0.0;0.0;0.0;20.5;59.5;1.38;
2022-05-29 20:00:00;0.0;0.0;0.0;19.02;61.3;1.52;
2022-05-29 21:00:00;0.0;0.0;0.0;17.92;65.45;1.52;
2022-05-29 22:00:00;0.0;0.0;0.0;16.64;67.75;1.72;
2022-05-29 23:00:00;0.0;0.0;0.0;15.18;72.45;1.86;
2022-05-30 00:00:00;0.0;0.0;0.0;14.07;77.65;2.0;
2022-05-30 01:00:00;0.0;0.0;0.0;13.41;80.4;2.0;
2022-05-30 02:00:00;0.0;0.0;0.0;12.94;83.25;2.0;
2022-05-30 03:00:00;0.0;0.0;0.0;12.43;86.25;2.0;
2022-05-30 04:00:00;25.0;57.54;21.0;12.01;89.35;2.07;
2022-05-30 05:00:00;179.0;436.49;76.0;13.5;83.35;1.52;
2022-05-30 06:00:00;343.0;538.99;125.0;18.32;72.9;1.03;
2022-05-30 07:00:00;536.0;724.05;128.0;20.89;55.45;1.03;
2022-05-30 08:00:00;697.0;788.9;143.0;22.13;48.45;0.76;
2022-05-30 09:00:00;835.0;854.25;142.0;23.22;43.75;0.76;
2022-05-30 10:00:00;922.0;879.89;145.0;24.19;41.0;1.1;
2022-05-30 11:00:00;958.0;888.45;147.0;25.06;38.45;1.52;
2022-05-30 12:00:00;945.0;895.95;140.0;25.7;37.2;1.93;
2022-05-30 13:00:00;879.0;887.01;133.0;26.06;34.8;2.14;
2022-05-30 14:00:00;761.0;849.05;129.0;26.29;33.55;2.28;
2022-05-30 15:00:00;597.0;757.62;131.0;26.21;33.55;2.34;
2022-05-30 16:00:00;418.0;651.51;117.0;26.17;32.35;2.34;
2022-05-30 17:00:00;88.0;0.0;88.0;25.6;33.4;2.14;
2022-05-30 18:00:00;47.0;0.0;47.0;24.13;50.7;1.31;
2022-05-30 19:00:00;0.0;0.0;0.0;22.32;46.75;1.72;
2022-05-30 20:00:00;0.0;0.0;0.0;20.48;55.45;1.72;
2022-05-30 21:00:00;0.0;0.0;0.0;19.53;57.2;1.59;
2022-05-30 22:00:00;0.0;0.0;0.0;18.98;57.1;1.52;
2022-05-30 23:00:00;0.0;0.0;0.0;18.48;59.05;1.52;
2022-05-31 00:00:00;0.0;0.0;0.0;17.75;63.2;1.59;
2022-05-31 01:00:00;0.0;0.0;0.0;16.66;65.35;1.86;
2022-05-31 02:00:00;0.0;0.0;0.0;15.96;67.65;1.93;
2022-05-31 03:00:00;0.0;0.0;0.0;15.34;72.45;2.0;
2022-05-31 04:00:00;21.0;28.16;19.0;14.85;75.0;2.07;
2022-05-31 05:00:00;45.0;0.0;45.0;16.13;72.65;1.59;
2022-05-31 06:00:00;266.0;216.95;178.0;19.23;57.1;1.59;
2022-05-31 07:00:00;264.0;38.97;242.0;20.59;53.5;1.86;
2022-05-31 08:00:00;292.0;15.64;281.0;21.68;48.3;2.0;
2022-05-31 09:00:00;501.0;125.59;399.0;22.2;46.75;1.86;
2022-05-31 10:00:00;378.0;15.84;364.0;22.95;45.25;1.79;
2022-05-31 11:00:00;506.0;71.13;441.0;23.53;42.35;1.93;
2022-05-31 12:00:00;328.0;4.45;324.0;23.52;42.35;1.86;
2022-05-31 13:00:00;170.0;0.0;170.0;23.84;43.9;1.93;
2022-05-31 14:00:00;66.0;0.0;66.0;24.01;44.05;1.72;
2022-05-31 15:00:00;73.0;0.0;73.0;23.71;45.5;1.93;
2022-05-31 16:00:00;83.0;0.0;83.0;20.43;61.8;1.15;
2022-05-31 17:00:00;48.0;0.0;48.0;20.39;62.16;1.1;
2022-05-31 18:00:00;44.0;0.0;44.0;20.35;62.51;1.06;
2022-05-31 19:00:00;0.0;0.0;0.0;20.3;62.87;1.01;
2022-05-31 20:00:00;0.0;0.0;0.0;20.26;63.22;0.96;
2022-05-31 21:00:00;0.0;0.0;0.0;20.22;63.58;0.92;
2022-05-31 22:00:00;0.0;0.0;0.0;20.18;63.94;0.87;
2022-05-31 23:00:00;0.0;0.0;0.0;20.14;64.29;0.82;
2022-06-01 00:00:00;0.0;0.0;0.0;20.1;64.65;0.78;
2022-06-01 01:00:00;0.0;0.0;0.0;20.05;65.0;0.73;
2022-06-01 02:00:00;0.0;0.0;0.0;20.01;65.36;0.69;
2022-06-01 03:00:00;0.0;0.0;0.0;19.97;65.71;0.64;
2022-06-01 04:00:00;18.0;13.8;17.0;19.93;66.07;0.59;
2022-06-01 05:00:00;148.0;213.8;97.0;19.89;66.42;0.55;
2022-06-01 06:00:00;270.0;223.75;179.0;19.84;66.78;0.5;
2022-06-01 07:00:00;310.0;84.88;262.0;19.8;67.14;0.45;
2022-06-01 08:00:00;601.0;474.38;267.0;23.74;56.15;1.59;
2022-06-01 09:00:00;712.0;500.6;305.0;25.03;50.95;1.93;
2022-06-01 10:00:00;887.0;787.67;190.0;26.17;46.0;2.07;
2022-06-01 11:00:00;948.0;864.68;157.0;27.01;38.85;1.86;
2022-06-01 12:00:00;915.0;822.7;174.0;27.96;35.2;1.79;
2022-06-01 13:00:00;852.0;817.98;162.0;28.63;32.9;2.0;
2022-06-01 14:00:00;734.0;768.16;160.0;28.98;30.75;2.14;
2022-06-01 15:00:00;579.0;685.69;155.0;28.91;32.9;2.14;
2022-06-01 16:00:00;431.0;693.63;108.0;28.36;33.95;2.76;
2022-06-01 17:00:00;99.0;0.0;99.0;25.87;44.3;4.0;
2022-06-01 18:00:00;43.0;0.0;43.0;24.77;50.8;2.14;
2022-06-01 19:00:00;0.0;0.0;0.0;23.77;50.55;2.0;
2022-06-01 20:00:00;0.0;0.0;0.0;21.99;61.95;1.66;
2022-06-01 21:00:00;0.0;0.0;0.0;21.31;63.9;1.31;
2022-06-01 22:00:00;0.0;0.0;0.0;20.84;63.8;1.24;
2022-06-01 23:00:00;0.0;0.0;0.0;19.99;65.95;1.17;
2022-06-02 00:00:00;0.0;0.0;0.0;20.01;63.7;1.03;
2022-06-02 01:00:00;0.0;0.0;0.0;20.0;63.7;0.55;
2022-06-02 02:00:00;0.0;0.0;0.0;19.5;65.85;0.14;
2022-06-02 03:00:00;0.0;0.0;0.0;19.11;68.1;0.62;
2022-06-02 04:00:00;11.0;0.0;11.0;18.65;68.05;0.76;
2022-06-02 05:00:00;78.0;8.34;76.0;18.91;68.1;0.41;
2022-06-02 06:00:00;346.0;546.98;123.0;20.44;63.8;0.07;
2022-06-02 07:00:00;531.0;699.19;135.0;22.99;54.1;0.34;
2022-06-02 08:00:00;693.0;776.01;146.0;24.41;49.05;0.62;
2022-06-02 09:00:00;821.0;818.37;155.0;25.65;45.9;0.97;
2022-06-02 10:00:00;912.0;854.67;155.0;26.64;41.55;1.45;
2022-06-02 11:00:00;927.0;811.4;184.0;27.51;37.6;1.79;
2022-06-02 12:00:00;861.0;666.5;260.0;28.19;36.45;2.0;
2022-06-02 13:00:00;852.0;816.83;162.0;28.6;34.1;2.14;
2022-06-02 14:00:00;735.0;768.09;160.0;28.66;34.1;2.28;
2022-06-02 15:00:00;498.0;400.05;250.0;28.53;34.1;2.21;
2022-06-02 16:00:00;374.0;432.16;172.0;27.44;36.3;1.72;
2022-06-02 17:00:00;92.0;0.0;92.0;26.93;38.85;2.07;
2022-06-02 18:00:00;45.0;0.0;45.0;25.59;45.9;1.86;
2022-06-02 19:00:00;0.0;0.0;0.0;24.11;56.25;1.1;
2022-06-02 20:00:00;0.0;0.0;0.0;23.03;56.0;1.17;
2022-06-02 21:00:00;0.0;0.0;0.0;23.45;50.55;0.9;
2022-06-02 22:00:00;0.0;0.0;0.0;22.34;55.8;1.03;
2022-06-02 23:00:00;0.0;0.0;0.0;22.13;57.75;0.83;
2022-06-03 00:00:00;0.0;0.0;0.0;21.71;59.7;0.41;
2022-06-03 01:00:00;0.0;0.0;0.0;21.13;61.7;0.48;
2022-06-03 02:00:00;0.0;0.0;0.0;20.61;63.8;0.55;
2022-06-03 03:00:00;0.0;0.0;0.0;20.07;68.3;0.48;
2022-06-03 04:00:00;23.0;26.68;21.0;19.0;73.05;0.76;
2022-06-03 05:00:00;168.0;336.49;87.0;19.32;73.05;0.76;
2022-06-03 06:00:00;352.0;584.93;113.0;21.0;68.5;0.28;
2022-06-03 07:00:00;531.0;701.73;133.0;23.35;56.0;0.55;
2022-06-03 08:00:00;689.0;768.1;147.0;24.65;50.8;1.1;
2022-06-03 09:00:00;816.0;810.27;156.0;25.76;50.95;1.45;
2022-06-03 10:00:00;892.0;809.94;174.0;26.72;47.75;1.86;
2022-06-03 11:00:00;927.0;819.37;176.0;27.48;44.8;2.14;
2022-06-03 12:00:00;910.0;815.33;174.0;28.24;44.95;2.14;
2022-06-03 13:00:00;852.0;820.45;158.0;28.78;45.05;2.07;
2022-06-03 14:00:00;723.0;732.06;174.0;29.0;39.35;2.34;
2022-06-03 15:00:00;574.0;666.2;160.0;26.85;47.75;3.38;
2022-06-03 16:00:00;420.0;641.63;119.0;25.51;54.55;2.83;
2022-06-03 17:00:00;114.0;0.0;114.0;25.13;56.5;1.93;
2022-06-03 18:00:00;43.0;0.0;43.0;24.47;64.6;1.03;
2022-06-03 19:00:00;0.0;0.0;0.0;23.69;58.1;1.79;
2022-06-03 20:00:00;0.0;0.0;0.0;22.17;68.7;1.66;
2022-06-03 21:00:00;0.0;0.0;0.0;21.0;70.9;2.0;
2022-06-03 22:00:00;0.0;0.0;0.0;20.0;75.75;2.14;
2022-06-03 23:00:00;0.0;0.0;0.0;18.94;81.05;1.72;
2022-06-04 00:00:00;0.0;0.0;0.0;18.65;83.8;1.17;
2022-06-04 01:00:00;0.0;0.0;0.0;18.37;83.8;1.1;
2022-06-04 02:00:00;0.0;0.0;0.0;17.98;86.7;1.1;
2022-06-04 03:00:00;0.0;0.0;0.0;18.6;83.8;0.62;
2022-06-04 04:00:00;3.0;0.0;3.0;18.64;83.8;0.21;
2022-06-04 05:00:00;93.0;28.97;86.0;18.38;83.8;0.55;
2022-06-04 06:00:00;210.0;78.16;178.0;18.94;83.85;0.69;
2022-06-04 07:00:00;103.0;0.0;103.0;18.93;89.8;0.97;
2022-06-04 08:00:00;606.0;496.95;255.0;19.46;83.9;0.34;
2022-06-04 09:00:00;790.0;737.23;189.0;20.66;81.2;0.28;
2022-06-04 10:00:00;902.0;840.84;156.0;22.09;76.1;0.48;
2022-06-04 11:00:00;913.0;783.77;194.0;23.37;71.25;0.62;
2022-06-04 12:00:00;800.0;521.22;329.0;24.04;66.75;0.62;
2022-06-04 13:00:00;826.0;746.19;194.0;24.95;60.45;0.48;
2022-06-04 14:00:00;708.0;685.55;193.0;25.85;56.5;0.41;
2022-06-04 15:00:00;541.0;544.23;202.0;26.14;49.3;0.14;
2022-06-04 16:00:00;409.0;592.65;130.0;26.39;47.65;0.55;
2022-06-04 17:00:00;99.0;0.0;99.0;25.96;47.65;1.52;
2022-06-04 18:00:00;31.0;0.0;31.0;24.72;56.35;1.45;
2022-06-04 19:00:00;0.0;0.0;0.0;22.94;71.25;1.1;
2022-06-04 20:00:00;0.0;0.0;0.0;21.33;75.95;1.31;
2022-06-04 21:00:00;0.0;0.0;0.0;19.65;81.1;1.72;
2022-06-04 22:00:00;0.0;0.0;0.0;19.03;83.85;1.1;
2022-06-04 23:00:00;0.0;0.0;0.0;18.03;89.75;1.1;
2022-06-05 00:00:00;0.0;0.0;0.0;17.94;86.7;0.14;
2022-06-05 01:00:00;0.0;0.0;0.0;17.07;96.05;0.55;
2022-06-05 02:00:00;0.0;0.0;0.0;16.84;96.05;0.41;
2022-06-05 03:00:00;0.0;0.0;0.0;16.74;99.4;1.03;
2022-06-05 04:00:00;37.0;142.66;26.0;16.73;96.05;1.24;
2022-06-05 05:00:00;16.0;0.0;16.0;16.74;96.05;0.76;
2022-06-05 06:00:00;74.0;0.0;74.0;17.26;92.8;0.9;
2022-06-05 07:00:00;299.0;73.87;257.0;18.42;81.0;2.55;
2022-06-05 08:00:00;410.0;103.27;337.0;19.09;78.3;2.48;
2022-06-05 09:00:00;131.0;0.0;131.0;20.05;73.2;2.83;
2022-06-05 10:00:00;311.0;2.25;309.0;20.52;75.85;2.48;
2022-06-05 11:00:00;98.0;0.0;98.0;21.41;73.45;2.69;
2022-06-05 12:00:00;476.0;57.49;424.0;21.68;71.0;2.55;
2022-06-05 13:00:00;669.0;347.87;374.0;21.54;73.45;2.07;
2022-06-05 14:00:00;321.0;18.61;307.0;21.11;75.95;0.97;
2022-06-05 15:00:00;111.0;0.0;111.0;20.49;78.5;0.28;
2022-06-05 16:00:00;108.0;0.0;108.0;19.82;83.9;0.9;
2022-06-05 17:00:00;22.0;0.0;22.0;19.69;83.9;1.66;
2022-06-05 18:00:00;8.0;0.0;8.0;18.91;89.8;1.45;
2022-06-05 19:00:00;0.0;0.0;0.0;17.91;89.75;1.24;
2022-06-05 20:00:00;0.0;0.0;0.0;17.7;89.7;1.38;
2022-06-05 21:00:00;0.0;0.0;0.0;17.1;92.8;1.52;
2022-06-05 22:00:00;0.0;0.0;0.0;16.88;89.65;1.52;
2022-06-05 23:00:00;0.0;0.0;0.0;16.43;92.8;1.45;
2022-06-06 00:00:00;0.0;0.0;0.0;16.16;96.0;1.17;
2022-06-06 01:00:00;0.0;0.0;0.0;16.04;96.0;1.24;
2022-06-06 02:00:00;0.0;0.0;0.0;15.87;92.75;1.31;
2022-06-06 03:00:00;0.0;0.0;0.0;15.68;96.0;1.17;
2022-06-06 04:00:00;9.0;0.0;9.0;15.63;99.4;1.03;
2022-06-06 05:00:00;38.0;0.0;38.0;16.3;99.4;0.97;
2022-06-06 06:00:00;79.0;0.0;79.0;17.08;89.65;1.52;
2022-06-06 07:00:00;298.0;70.29;258.0;17.7;86.65;1.52;
2022-06-06 08:00:00;152.0;0.0;152.0;18.3;86.7;2.0;
2022-06-06 09:00:00;454.0;78.4;390.0;19.02;81.05;2.62;
2022-06-06 10:00:00;161.0;0.0;161.0;19.87;78.45;2.97;
2022-06-06 11:00:00;84.0;0.0;84.0;19.99;78.45;3.1;
2022-06-06 12:00:00;100.0;0.0;100.0;20.59;73.3;2.83;
2022-06-06 13:00:00;624.0;260.3;403.0;20.44;75.85;2.14;
2022-06-06 14:00:00;261.0;2.65;259.0;20.4;78.5;1.59;
2022-06-06 15:00:00;153.0;0.0;153.0;20.56;75.85;0.69;
2022-06-06 16:00:00;388.0;474.78;163.0;20.46;78.5;1.1;
2022-06-06 17:00:00;41.0;0.0;41.0;18.48;83.8;2.62;
2022-06-06 18:00:00;25.0;0.0;25.0;17.88;83.75;2.83;
2022-06-06 19:00:00;0.0;0.0;0.0;17.38;83.7;1.72;
2022-06-06 20:00:00;0.0;0.0;0.0;16.72;86.55;2.14;
2022-06-06 21:00:00;0.0;0.0;0.0;15.98;83.55;2.34;
2022-06-06 22:00:00;0.0;0.0;0.0;15.33;80.6;2.34;
2022-06-06 23:00:00;0.0;0.0;0.0;14.72;77.75;2.62;
2022-06-07 00:00:00;0.0;0.0;0.0;14.16;72.3;2.9;
2022-06-07 01:00:00;0.0;0.0;0.0;13.81;67.25;3.03;
2022-06-07 02:00:00;0.0;0.0;0.0;13.32;64.75;3.17;
2022-06-07 03:00:00;0.0;0.0;0.0;13.03;64.65;3.24;
2022-06-07 04:00:00;46.0;279.03;24.0;12.77;66.95;3.31;
2022-06-07 05:00:00;201.0;528.75;72.0;13.4;64.75;3.17;
2022-06-07 06:00:00;392.0;724.43;94.0;15.37;67.45;2.69;
2022-06-07 07:00:00;574.0;807.59;114.0;17.55;60.95;2.55;
2022-06-07 08:00:00;738.0;863.11;127.0;19.08;55.05;2.34;
2022-06-07 09:00:00;872.0;907.14;131.0;20.4;51.65;1.86;
2022-06-07 10:00:00;952.0;907.74;145.0;21.51;48.3;1.31;
2022-06-07 11:00:00;990.0;916.82;147.0;22.55;42.1;0.83;
2022-06-07 12:00:00;973.0;912.63;146.0;23.23;36.55;0.62;
2022-06-07 13:00:00;912.0;917.65;132.0;23.75;32.9;0.69;
2022-06-07 14:00:00;786.0;857.21;139.0;24.2;30.7;0.83;
2022-06-07 15:00:00;628.0;791.06;132.0;24.5;29.7;1.24;
2022-06-07 16:00:00;456.0;727.83;110.0;24.43;29.7;1.72;
2022-06-07 17:00:00;82.0;0.0;82.0;23.62;39.45;1.79;
2022-06-07 18:00:00;45.0;0.0;45.0;21.97;48.45;1.93;
2022-06-07 19:00:00;0.0;0.0;0.0;19.99;46.2;2.48;
2022-06-07 20:00:00;0.0;0.0;0.0;18.37;41.05;2.97;
2022-06-07 21:00:00;0.0;0.0;0.0;17.73;36.4;3.38;
2022-06-07 22:00:00;0.0;0.0;0.0;17.27;34.9;3.59;
2022-06-07 23:00:00;0.0;0.0;0.0;16.24;38.85;3.03;
2022-06-08 00:00:00;0.0;0.0;0.0;14.75;50.25;2.28;
2022-06-08 01:00:00;0.0;0.0;0.0;13.62;64.75;2.34;
2022-06-08 02:00:00;0.0;0.0;0.0;13.12;83.25;2.21;
2022-06-08 03:00:00;0.0;0.0;0.0;12.84;86.3;1.86;
2022-06-08 04:00:00;38.0;150.82;26.0;12.91;86.3;1.72;
2022-06-08 05:00:00;134.0;126.76;103.0;13.63;86.35;1.72;
2022-06-08 06:00:00;369.0;633.74;108.0;16.68;67.65;2.0;
2022-06-08 07:00:00;543.0;722.79;131.0;17.25;63.05;1.59;
2022-06-08 08:00:00;700.0;776.5;150.0;18.24;58.9;1.59;
2022-06-08 09:00:00;828.0;818.57;159.0;18.91;57.1;1.24;
2022-06-08 10:00:00;875.0;726.24;229.0;19.67;57.2;0.76;
2022-06-08 11:00:00;930.0;790.14;203.0;20.48;55.45;0.34;
2022-06-08 12:00:00;898.0;740.96;226.0;20.92;53.6;0.28;
2022-06-08 13:00:00;853.0;783.86;186.0;21.61;51.9;0.41;
2022-06-08 14:00:00;758.0;804.37;150.0;21.9;50.2;0.62;
2022-06-08 15:00:00;609.0;749.68;138.0;22.2;48.45;0.76;
2022-06-08 16:00:00;436.0;666.93;118.0;22.2;48.45;0.97;
2022-06-08 17:00:00;89.0;0.0;89.0;21.9;48.45;0.83;
2022-06-08 18:00:00;51.0;0.0;51.0;20.93;70.9;0.48;
2022-06-08 19:00:00;0.0;0.0;0.0;19.92;63.7;0.76;
2022-06-08 20:00:00;0.0;0.0;0.0;17.69;72.8;1.38;
2022-06-08 21:00:00;0.0;0.0;0.0;16.13;77.85;1.72;
2022-06-08 22:00:00;0.0;0.0;0.0;14.83;83.45;1.93;
2022-06-08 23:00:00;0.0;0.0;0.0;13.97;86.4;2.07;
2022-06-09 00:00:00;0.0;0.0;0.0;13.35;89.45;2.07;
2022-06-09 01:00:00;0.0;0.0;0.0;12.89;92.65;2.0;
2022-06-09 02:00:00;0.0;0.0;0.0;12.53;92.6;2.0;
2022-06-09 03:00:00;0.0;0.0;0.0;12.1;95.95;2.0;
2022-06-09 04:00:00;29.0;49.88;25.0;11.81;92.6;1.93;
2022-06-09 05:00:00;159.0;253.01;97.0;13.23;92.65;1.38;
2022-06-09 06:00:00;342.0;502.13;135.0;17.05;80.8;1.1;
2022-06-09 07:00:00;514.0;615.4;163.0;19.84;65.85;0.41;
2022-06-09 08:00:00;638.0;574.34;231.0;21.19;55.55;0.21;
2022-06-09 09:00:00;376.0;26.91;354.0;21.83;53.75;0.55;
2022-06-09 10:00:00;420.0;29.21;394.0;22.55;52.1;0.62;
2022-06-09 11:00:00;611.0;162.93;461.0;23.09;50.45;0.83;
2022-06-09 12:00:00;542.0;102.46;449.0;23.24;50.45;0.9;
2022-06-09 13:00:00;585.0;194.89;419.0;23.61;48.8;0.9;
2022-06-09 14:00:00;732.0;727.96;181.0;23.89;48.8;0.76;
2022-06-09 15:00:00;601.0;729.17;142.0;24.13;47.25;0.76;
2022-06-09 16:00:00;424.0;612.73;131.0;24.12;48.95;1.03;
2022-06-09 17:00:00;98.0;0.0;98.0;23.86;50.55;1.1;
2022-06-09 18:00:00;48.0;0.0;48.0;22.85;66.45;1.03;
2022-06-09 19:00:00;0.0;0.0;0.0;21.06;73.35;1.17;
2022-06-09 20:00:00;0.0;0.0;0.0;19.38;75.7;1.45;
2022-06-09 21:00:00;0.0;0.0;0.0;18.28;80.9;1.59;
2022-06-09 22:00:00;0.0;0.0;0.0;17.36;83.7;1.72;
2022-06-09 23:00:00;0.0;0.0;0.0;16.66;86.55;1.72;
2022-06-10 00:00:00;0.0;0.0;0.0;16.2;89.6;1.72;
2022-06-10 01:00:00;0.0;0.0;0.0;15.52;92.75;1.72;
2022-06-10 02:00:00;0.0;0.0;0.0;14.99;92.7;1.79;
2022-06-10 03:00:00;0.0;0.0;0.0;14.58;89.5;1.86;
2022-06-10 04:00:00;30.0;49.55;26.0;14.27;89.5;1.93;
2022-06-10 05:00:00;167.0;301.48;93.0;15.36;92.75;1.31;
2022-06-10 06:00:00;325.0;429.03;148.0;19.37;78.35;0.97;
2022-06-10 07:00:00;525.0;669.44;143.0;22.01;61.95;0.28;
2022-06-10 08:00:00;684.0;744.81;156.0;23.5;56.15;0.69;
2022-06-10 09:00:00;815.0;799.55;161.0;24.64;52.6;0.83;
2022-06-10 10:00:00;900.0;824.39;166.0;25.54;50.95;1.17;
2022-06-10 11:00:00;946.0;856.52;157.0;26.31;51.05;1.38;
2022-06-10 12:00:00;931.0;852.15;157.0;26.84;49.45;1.66;
2022-06-10 13:00:00;873.0;856.2;143.0;27.12;47.9;2.0;
2022-06-10 14:00:00;751.0;796.93;147.0;27.41;46.25;2.07;
2022-06-10 15:00:00;597.0;721.48;142.0;27.53;44.8;1.72;
2022-06-10 16:00:00;424.0;615.23;129.0;27.42;46.25;1.24;
2022-06-10 17:00:00;102.0;0.0;102.0;26.96;49.55;1.38;
2022-06-10 18:00:00;54.0;0.0;54.0;25.57;62.55;1.45;
2022-06-10 19:00:00;0.0;0.0;0.0;23.83;60.15;2.07;
2022-06-10 20:00:00;0.0;0.0;0.0;22.12;66.35;2.0;
2022-06-10 21:00:00;0.0;0.0;0.0;20.43;73.3;1.86;
2022-06-10 22:00:00;0.0;0.0;0.0;19.4;75.7;1.86;
2022-06-10 23:00:00;0.0;0.0;0.0;18.62;81.0;1.86;
2022-06-11 00:00:00;0.0;0.0;0.0;18.1;80.9;1.79;
2022-06-11 01:00:00;0.0;0.0;0.0;17.68;80.85;1.86;
2022-06-11 02:00:00;0.0;0.0;0.0;17.17;83.65;1.93;
2022-06-11 03:00:00;0.0;0.0;0.0;16.67;83.6;2.0;
2022-06-11 04:00:00;28.0;36.97;25.0;16.26;86.5;2.0;
2022-06-11 05:00:00;151.0;211.58;99.0;17.86;80.9;1.52;
2022-06-11 06:00:00;337.0;491.77;134.0;21.78;66.25;1.17;
2022-06-11 07:00:00;508.0;602.63;164.0;23.55;56.15;2.0;
2022-06-11 08:00:00;670.0;699.47;174.0;24.36;52.5;2.21;
2022-06-11 09:00:00;794.0;738.2;190.0;24.98;49.2;2.21;
2022-06-11 10:00:00;897.0;819.58;167.0;25.53;49.2;2.0;
2022-06-11 11:00:00;928.0;815.94;176.0;26.48;47.75;1.86;
2022-06-11 12:00:00;908.0;796.56;184.0;26.99;47.9;1.52;
2022-06-11 13:00:00;857.0;817.92;159.0;27.44;46.4;1.52;
2022-06-11 14:00:00;745.0;782.76;151.0;27.78;46.4;1.45;
2022-06-11 15:00:00;592.0;704.39;147.0;27.99;44.95;1.52;
2022-06-11 16:00:00;421.0;601.15;132.0;28.02;44.95;1.38;
2022-06-11 17:00:00;99.0;0.0;99.0;27.64;49.7;1.03;
2022-06-11 18:00:00;53.0;0.0;53.0;26.87;58.7;0.55;
2022-06-11 19:00:00;0.0;0.0;0.0;24.58;66.85;0.97;
2022-06-11 20:00:00;0.0;0.0;0.0;22.31;73.55;1.72;
2022-06-11 21:00:00;0.0;0.0;0.0;20.87;75.95;1.93;
2022-06-11 22:00:00;0.0;0.0;0.0;19.92;81.15;2.0;
2022-06-11 23:00:00;0.0;0.0;0.0;19.47;81.1;1.93;
2022-06-12 00:00:00;0.0;0.0;0.0;19.21;83.85;1.93;
2022-06-12 01:00:00;0.0;0.0;0.0;19.05;83.85;1.86;
2022-06-12 02:00:00;0.0;0.0;0.0;18.68;86.75;1.86;
2022-06-12 03:00:00;0.0;0.0;0.0;18.02;86.7;1.79;
2022-06-12 04:00:00;18.0;0.0;18.0;17.47;89.7;1.72;
2022-06-12 05:00:00;45.0;0.0;45.0;19.28;89.8;1.03;
2022-06-12 06:00:00;137.0;4.84;135.0;23.08;71.25;0.48;
2022-06-12 07:00:00;367.0;182.15;263.0;24.04;58.2;1.03;
2022-06-12 08:00:00;670.0;714.84;163.0;24.9;56.35;1.03;
2022-06-12 09:00:00;803.0;783.23;162.0;25.99;54.7;0.9;
2022-06-12 10:00:00;883.0;794.62;175.0;27.01;51.3;0.9;
2022-06-12 11:00:00;924.0;817.74;170.0;27.89;51.45;1.1;
2022-06-12 12:00:00;909.0;813.66;169.0;28.68;49.95;1.03;
2022-06-12 13:00:00;848.0;805.51;160.0;29.31;48.4;0.9;
2022-06-12 14:00:00;730.0;747.61;162.0;29.84;46.9;0.83;
2022-06-12 15:00:00;577.0;654.23;163.0;30.01;45.45;0.83;
2022-06-12 16:00:00;412.0;566.46;139.0;29.96;45.45;0.55;
2022-06-12 17:00:00;0.0;0.0;0.0;29.79;48.5;0.55;
2022-06-12 18:00:00;55.0;0.0;55.0;28.31;72.0;0.83;
2022-06-12 19:00:00;0.0;0.0;0.0;26.89;71.75;0.97;
2022-06-12 20:00:00;0.0;0.0;0.0;26.5;60.7;0.83;
2022-06-12 21:00:00;0.0;0.0;0.0;26.0;60.6;0.9;
2022-06-12 22:00:00;0.0;0.0;0.0;25.52;62.55;0.83;
2022-06-12 23:00:00;0.0;0.0;0.0;24.85;62.45;0.76;
2022-06-13 00:00:00;0.0;0.0;0.0;24.08;64.5;0.83;
2022-06-13 01:00:00;0.0;0.0;0.0;23.47;66.65;0.83;
2022-06-13 02:00:00;0.0;0.0;0.0;22.86;71.15;0.83;
2022-06-13 03:00:00;0.0;0.0;0.0;22.27;73.55;0.97;
2022-06-13 04:00:00;13.0;0.0;13.0;21.2;75.95;1.1;
2022-06-13 05:00:00;70.0;4.06;69.0;22.26;76.1;0.62;
2022-06-13 06:00:00;195.0;53.27;173.0;23.81;68.95;0.34;
2022-06-13 07:00:00;0.0;0.0;0.0;24.84;62.45;0.62;
2022-06-13 08:00:00;664.0;682.34;180.0;25.95;56.6;0.97;
2022-06-13 09:00:00;778.0;692.69;211.0;26.93;53.1;1.1;
2022-06-13 10:00:00;889.0;802.27;174.0;27.76;51.45;0.97;
2022-06-13 11:00:00;0.0;0.0;0.0;28.7;48.25;0.97;
2022-06-13 12:00:00;916.0;821.98;168.0;29.58;46.9;1.1;
2022-06-13 13:00:00;865.0;836.45;150.0;30.29;45.45;1.24;
2022-06-13 14:00:00;749.0;790.17;148.0;30.83;44.05;1.45;
2022-06-13 15:00:00;624.0;801.5;116.0;30.9;42.6;1.1;
2022-06-13 16:00:00;424.0;608.61;130.0;30.9;42.6;0.69;
2022-06-13 17:00:00;87.0;0.0;87.0;30.15;53.8;0.55;
2022-06-13 18:00:00;53.0;0.0;53.0;29.84;51.9;0.83;
2022-06-13 19:00:00;0.0;0.0;0.0;29.21;45.2;0.14;
2022-06-13 20:00:00;0.0;0.0;0.0;28.09;49.8;0.28;
2022-06-13 21:00:00;0.0;0.0;0.0;26.71;54.8;0.9;
2022-06-13 22:00:00;0.0;0.0;0.0;25.59;60.45;1.03;
2022-06-13 23:00:00;0.0;0.0;0.0;25.39;58.45;0.62;
2022-06-14 00:00:00;0.0;0.0;0.0;24.81;60.35;0.34;
2022-06-14 01:00:00;0.0;0.0;0.0;23.33;66.55;1.03;
2022-06-14 02:00:00;0.0;0.0;0.0;22.85;68.75;0.97;
2022-06-14 03:00:00;0.0;0.0;0.0;21.63;76.0;1.24;
2022-06-14 04:00:00;43.0;183.21;28.0;21.76;76.0;1.03;
2022-06-14 05:00:00;46.0;0.0;46.0;22.34;73.55;0.76;
2022-06-14 06:00:00;147.0;9.68;143.0;23.14;73.7;0.69;
2022-06-14 07:00:00;257.0;33.28;238.0;24.27;71.4;0.69;
2022-06-14 08:00:00;408.0;102.91;335.0;25.47;66.95;0.69;
2022-06-14 09:00:00;671.0;414.11;332.0;26.95;60.8;1.03;
2022-06-14 10:00:00;789.0;535.11;312.0;28.42;55.15;1.52;
2022-06-14 11:00:00;866.0;652.41;264.0;29.37;51.8;1.52;
2022-06-14 12:00:00;838.0;610.67;282.0;29.69;50.2;1.59;
2022-06-14 13:00:00;675.0;354.2;372.0;29.97;47.0;1.31;
2022-06-14 14:00:00;381.0;49.91;343.0;29.0;50.05;0.41;
2022-06-14 15:00:00;67.0;0.0;67.0;28.64;51.65;0.55;
2022-06-14 16:00:00;134.0;0.0;134.0;28.59;53.45;0.83;
2022-06-14 17:00:00;33.0;0.0;33.0;27.48;56.95;0.97;
2022-06-14 18:00:00;9.0;0.0;9.0;26.17;64.8;2.21;
2022-06-14 19:00:00;0.0;0.0;0.0;25.14;66.95;2.0;
2022-06-14 20:00:00;0.0;0.0;0.0;23.46;76.3;2.14;
2022-06-14 21:00:00;0.0;0.0;0.0;22.62;81.45;1.72;
2022-06-14 22:00:00;0.0;0.0;0.0;21.21;89.95;1.17;
2022-06-14 23:00:00;0.0;0.0;0.0;20.67;92.95;1.72;
2022-06-15 00:00:00;0.0;0.0;0.0;20.44;92.95;1.1;
2022-06-15 01:00:00;0.0;0.0;0.0;19.99;92.95;0.55;
2022-06-15 02:00:00;0.0;0.0;0.0;19.32;96.1;0.97;
2022-06-15 03:00:00;0.0;0.0;0.0;18.73;99.4;0.48;
2022-06-15 04:00:00;25.0;24.41;23.0;18.83;99.4;1.1;
2022-06-15 05:00:00;70.0;4.06;69.0;19.09;96.1;0.97;
2022-06-15 06:00:00;88.0;0.0;88.0;20.0;89.85;0.83;
2022-06-15 07:00:00;314.0;92.83;261.0;21.88;84.1;1.52;
2022-06-15 08:00:00;490.0;225.58;330.0;23.0;76.2;0.9;
2022-06-15 09:00:00;487.0;112.38;395.0;24.36;71.4;1.31;
2022-06-15 10:00:00;642.0;245.64;423.0;25.35;66.95;1.93;
2022-06-15 11:00:00;669.0;248.1;440.0;25.88;66.95;2.48;
2022-06-15 12:00:00;726.0;362.28;396.0;26.29;67.05;2.48;
2022-06-15 13:00:00;759.0;547.88;290.0;26.48;67.15;2.0;
2022-06-15 14:00:00;584.0;329.33;333.0;26.64;67.15;1.03;
2022-06-15 15:00:00;551.0;550.62;201.0;26.81;67.15;1.31;
2022-06-15 16:00:00;392.0;465.84;166.0;26.91;64.95;0.69;
2022-06-15 17:00:00;118.0;0.0;118.0;26.56;64.95;0.48;
2022-06-15 18:00:00;54.0;0.0;54.0;26.15;71.65;0.69;
2022-06-15 19:00:00;0.0;0.0;0.0;24.79;76.45;1.66;
2022-06-15 20:00:00;0.0;0.0;0.0;23.85;84.35;0.69;
2022-06-15 21:00:00;0.0;0.0;0.0;22.73;90.05;1.17;
2022-06-15 22:00:00;0.0;0.0;0.0;22.28;90.0;1.1;
2022-06-15 23:00:00;0.0;0.0;0.0;21.63;93.0;1.17;
2022-06-16 00:00:00;0.0;0.0;0.0;20.98;93.0;1.17;
2022-06-16 01:00:00;0.0;0.0;0.0;20.5;92.95;1.03;
2022-06-16 02:00:00;0.0;0.0;0.0;20.18;96.1;1.1;
2022-06-16 03:00:00;0.0;0.0;0.0;19.15;99.4;1.24;
2022-06-16 04:00:00;36.0;109.91;27.0;18.77;100.0;1.31;
2022-06-16 05:00:00;84.0;12.19;81.0;19.99;96.1;0.97;
2022-06-16 06:00:00;320.0;406.99;152.0;22.95;84.25;0.55;
2022-06-16 07:00:00;482.0;504.6;194.0;24.68;79.05;0.62;
2022-06-16 08:00:00;582.0;425.85;280.0;26.01;74.1;1.38;
2022-06-16 09:00:00;685.0;438.54;326.0;27.12;67.2;1.59;
2022-06-16 10:00:00;705.0;345.43;397.0;28.34;61.0;1.72;
2022-06-16 11:00:00;918.0;783.11;195.0;29.6;50.2;2.0;
2022-06-16 12:00:00;860.0;656.22;262.0;30.73;41.15;2.14;
2022-06-16 13:00:00;818.0;694.63;223.0;31.61;34.9;2.28;
2022-06-16 14:00:00;736.0;744.59;168.0;31.97;33.7;2.55;
2022-06-16 15:00:00;593.0;691.31;153.0;32.04;31.55;2.76;
2022-06-16 16:00:00;423.0;590.43;136.0;31.54;32.55;2.62;
2022-06-16 17:00:00;124.0;0.0;124.0;30.55;39.75;2.21;
2022-06-16 18:00:00;58.0;0.0;58.0;28.98;45.2;1.79;
2022-06-16 19:00:00;0.0;0.0;0.0;26.8;52.95;2.07;
2022-06-16 20:00:00;0.0;0.0;0.0;25.54;45.9;2.83;
2022-06-16 21:00:00;0.0;0.0;0.0;24.9;44.15;3.1;
2022-06-16 22:00:00;0.0;0.0;0.0;24.22;42.5;3.59;
2022-06-16 23:00:00;0.0;0.0;0.0;23.78;39.45;4.14;
2022-06-17 00:00:00;0.0;0.0;0.0;23.28;37.9;4.21;
2022-06-17 01:00:00;0.0;0.0;0.0;22.56;40.6;4.0;
2022-06-17 02:00:00;0.0;0.0;0.0;21.78;44.95;3.52;
2022-06-17 03:00:00;0.0;0.0;0.0;20.97;46.5;3.24;
2022-06-17 04:00:00;30.0;48.93;26.0;20.36;53.35;2.97;
2022-06-17 05:00:00;192.0;471.85;76.0;20.38;55.45;2.69;
2022-06-17 06:00:00;377.0;671.43;100.0;21.97;52.0;2.41;
2022-06-17 07:00:00;555.0;764.2;119.0;23.8;48.8;2.28;
2022-06-17 08:00:00;711.0;809.58;137.0;25.11;47.5;1.79;
2022-06-17 09:00:00;842.0;852.73;144.0;26.32;47.65;1.24;
2022-06-17 10:00:00;926.0;865.78;154.0;27.38;44.7;0.83;
2022-06-17 11:00:00;964.0;876.09;155.0;28.52;40.65;0.69;
2022-06-17 12:00:00;949.0;872.08;154.0;29.36;40.75;0.9;
2022-06-17 13:00:00;893.0;876.25;142.0;30.13;38.3;1.24;
2022-06-17 14:00:00;779.0;840.89;137.0;30.61;35.85;1.17;
2022-06-17 15:00:00;619.0;754.81;138.0;30.96;35.85;0.9;
2022-06-17 16:00:00;455.0;702.31;113.0;30.95;33.4;0.62;
2022-06-17 17:00:00;85.0;0.0;85.0;30.57;34.6;0.21;
2022-06-17 18:00:00;50.0;0.0;50.0;28.93;57.15;0.83;
2022-06-17 19:00:00;0.0;0.0;0.0;27.35;33.7;2.69;
2022-06-17 20:00:00;0.0;0.0;0.0;25.25;38.45;2.69;
2022-06-17 21:00:00;0.0;0.0;0.0;23.64;43.9;2.69;
2022-06-17 22:00:00;0.0;0.0;0.0;22.19;52.0;2.55;
2022-06-17 23:00:00;0.0;0.0;0.0;20.84;61.6;2.28;
2022-06-18 00:00:00;0.0;0.0;0.0;19.99;68.3;2.0;
2022-06-18 01:00:00;0.0;0.0;0.0;19.37;73.15;1.93;
2022-06-18 02:00:00;0.0;0.0;0.0;18.67;78.25;2.0;
2022-06-18 03:00:00;0.0;0.0;0.0;18.12;80.9;2.14;
2022-06-18 04:00:00;44.0;208.53;27.0;17.94;80.9;2.55;
2022-06-18 05:00:00;187.0;435.75;80.0;19.32;75.65;2.55;
2022-06-18 06:00:00;372.0;652.52;103.0;20.94;59.6;3.45;
2022-06-18 07:00:00;548.0;743.54;124.0;22.64;54.0;2.9;
2022-06-18 08:00:00;706.0;799.97;139.0;23.87;48.8;2.83;
2022-06-18 09:00:00;831.0;832.1;150.0;24.6;45.75;2.83;
2022-06-18 10:00:00;914.0;845.61;160.0;25.27;44.3;2.9;
2022-06-18 11:00:00;952.0;855.39;162.0;25.85;44.3;2.83;
2022-06-18 12:00:00;943.0;863.03;156.0;26.49;41.55;2.55;
2022-06-18 13:00:00;887.0;868.8;142.0;26.88;41.55;2.55;
2022-06-18 14:00:00;0.0;0.0;0.0;27.42;40.25;2.62;
2022-06-18 15:00:00;615.0;746.12;139.0;27.41;40.25;2.48;
2022-06-18 16:00:00;450.0;682.69;117.0;27.35;40.25;2.34;
2022-06-18 17:00:00;90.0;0.0;90.0;26.88;41.55;2.21;
2022-06-18 18:00:00;54.0;0.0;54.0;25.83;47.5;2.07;
2022-06-18 19:00:00;0.0;0.0;0.0;23.65;52.35;1.93;
2022-06-18 20:00:00;0.0;0.0;0.0;21.84;64.0;1.79;
2022-06-18 21:00:00;0.0;0.0;0.0;20.7;66.05;1.79;
2022-06-18 22:00:00;0.0;0.0;0.0;19.91;65.95;1.79;
2022-06-18 23:00:00;0.0;0.0;0.0;19.43;68.2;1.86;
2022-06-19 00:00:00;0.0;0.0;0.0;19.13;68.1;1.79;
2022-06-19 01:00:00;0.0;0.0;0.0;18.71;70.45;1.79;
2022-06-19 02:00:00;0.0;0.0;0.0;18.12;72.9;1.86;
2022-06-19 03:00:00;0.0;0.0;0.0;17.73;75.4;1.86;
2022-06-19 04:00:00;39.0;135.45;28.0;17.55;78.1;1.79;
2022-06-19 05:00:00;175.0;354.84;88.0;18.77;78.25;1.38;
2022-06-19 06:00:00;359.0;604.57;110.0;21.79;66.25;1.1;
2022-06-19 07:00:00;536.0;712.42;130.0;23.85;47.15;1.1;
2022-06-19 08:00:00;691.0;767.83;147.0;24.78;44.15;1.24;
2022-06-19 09:00:00;819.0;810.29;156.0;25.77;42.75;1.24;
2022-06-19 10:00:00;906.0;835.57;161.0;26.63;38.7;1.17;
2022-06-19 11:00:00;944.0;845.56;163.0;27.29;37.5;1.38;
2022-06-19 12:00:00;930.0;841.97;162.0;28.35;36.45;1.79;
2022-06-19 13:00:00;870.0;834.59;154.0;28.96;34.2;2.0;
2022-06-19 14:00:00;755.0;789.95;151.0;29.33;34.2;1.86;
2022-06-19 15:00:00;606.0;725.0;143.0;29.56;33.15;1.66;
2022-06-19 16:00:00;439.0;644.8;124.0;29.52;33.15;1.17;
2022-06-19 17:00:00;96.0;0.0;96.0;28.82;42.05;1.17;
2022-06-19 18:00:00;56.0;0.0;56.0;27.81;44.8;1.59;
2022-06-19 19:00:00;0.0;0.0;0.0;25.29;54.55;1.72;
2022-06-19 20:00:00;0.0;0.0;0.0;23.56;58.1;1.72;
2022-06-19 21:00:00;0.0;0.0;0.0;23.1;56.0;1.52;
2022-06-19 22:00:00;0.0;0.0;0.0;21.8;61.85;1.66;
2022-06-19 23:00:00;0.0;0.0;0.0;21.0;63.9;1.59;
2022-06-20 00:00:00;0.0;0.0;0.0;19.97;68.3;1.79;
2022-06-20 01:00:00;0.0;0.0;0.0;19.06;73.05;1.86;
2022-06-20 02:00:00;0.0;0.0;0.0;18.6;78.25;1.86;
2022-06-20 03:00:00;0.0;0.0;0.0;18.16;80.9;1.86;
2022-06-20 04:00:00;21.0;12.38;20.0;18.06;80.9;1.79;
2022-06-20 05:00:00;126.0;106.24;100.0;19.88;75.75;1.31;
2022-06-20 06:00:00;343.0;527.46;126.0;23.69;64.4;0.69;
2022-06-20 07:00:00;521.0;663.77;143.0;25.23;50.95;0.62;
2022-06-20 08:00:00;684.0;752.67;151.0;26.42;47.75;0.69;
2022-06-20 09:00:00;815.0;805.64;156.0;27.81;43.3;1.03;
2022-06-20 10:00:00;902.0;830.06;162.0;28.98;39.35;1.24;
2022-06-20 11:00:00;940.0;841.19;163.0;29.91;39.5;1.38;
2022-06-20 12:00:00;926.0;837.4;162.0;30.77;37.1;1.52;
2022-06-20 13:00:00;871.0;841.24;149.0;31.35;35.95;1.59;
2022-06-20 14:00:00;752.0;784.22;152.0;31.55;36.1;1.45;
2022-06-20 15:00:00;600.0;708.68;147.0;31.57;36.1;1.03;
2022-06-20 16:00:00;439.0;647.99;122.0;31.42;38.55;0.97;
2022-06-20 17:00:00;98.0;0.0;98.0;31.04;42.7;1.38;
2022-06-20 18:00:00;57.0;0.0;57.0;29.02;59.2;1.24;
2022-06-20 19:00:00;0.0;0.0;0.0;27.66;56.95;1.66;
2022-06-20 20:00:00;0.0;0.0;0.0;26.24;60.6;1.52;
2022-06-20 21:00:00;0.0;0.0;0.0;24.34;64.5;1.93;
2022-06-20 22:00:00;0.0;0.0;0.0;23.07;66.55;1.72;
2022-06-20 23:00:00;0.0;0.0;0.0;22.86;66.45;1.38;
2022-06-21 00:00:00;0.0;0.0;0.0;24.17;58.2;0.69;
2022-06-21 01:00:00;0.0;0.0;0.0;23.55;60.15;0.48;
2022-06-21 02:00:00;0.0;0.0;0.0;23.02;60.05;0.62;
2022-06-21 03:00:00;0.0;0.0;0.0;21.66;68.6;0.28;
2022-06-21 04:00:00;39.0;136.98;28.0;19.4;81.1;1.1;
2022-06-21 05:00:00;119.0;85.99;98.0;20.31;83.95;0.9;
2022-06-21 06:00:00;333.0;477.02;137.0;23.03;66.55;0.48;
2022-06-21 07:00:00;519.0;660.82;143.0;24.39;66.75;0.62;
2022-06-21 08:00:00;674.0;723.43;162.0;26.13;60.6;1.24;
2022-06-21 09:00:00;791.0;736.22;189.0;27.78;55.05;1.52;
2022-06-21 10:00:00;890.0;804.4;173.0;29.3;50.05;1.59;
2022-06-21 11:00:00;933.0;827.12;169.0;30.49;44.05;1.66;
2022-06-21 12:00:00;783.0;465.76;358.0;31.52;41.4;2.0;
2022-06-21 13:00:00;823.0;704.68;218.0;32.03;38.8;2.28;
2022-06-21 14:00:00;751.0;782.47;152.0;32.18;37.5;2.21;
2022-06-21 15:00:00;600.0;706.52;148.0;32.25;37.5;1.93;
2022-06-21 16:00:00;409.0;508.36;160.0;31.05;38.55;1.79;
2022-06-21 17:00:00;134.0;0.0;134.0;29.25;46.75;1.52;
2022-06-21 18:00:00;59.0;0.0;59.0;27.88;65.1;1.1;
2022-06-21 19:00:00;0.0;0.0;0.0;26.95;58.8;1.72;
2022-06-21 20:00:00;0.0;0.0;0.0;25.89;64.7;1.38;
2022-06-21 21:00:00;0.0;0.0;0.0;24.46;64.6;1.52;
2022-06-21 22:00:00;0.0;0.0;0.0;24.48;64.6;1.24;
2022-06-21 23:00:00;0.0;0.0;0.0;25.46;60.45;0.48;
2022-06-22 00:00:00;0.0;0.0;0.0;24.95;62.55;0.28;
2022-06-22 01:00:00;0.0;0.0;0.0;24.6;64.6;0.55;
2022-06-22 02:00:00;0.0;0.0;0.0;24.21;66.75;0.69;
2022-06-22 03:00:00;0.0;0.0;0.0;23.59;68.95;0.9;
2022-06-22 04:00:00;29.0;50.17;25.0;22.26;76.1;1.17;
2022-06-22 05:00:00;145.0;188.84;99.0;23.44;68.95;0.69;
2022-06-22 06:00:00;327.0;460.66;138.0;24.93;64.7;0.07;
2022-06-22 07:00:00;509.0;628.04;152.0;26.39;62.65;1.1;
2022-06-22 08:00:00;672.0;729.55;156.0;27.78;58.9;1.45;
2022-06-22 09:00:00;802.0;784.24;161.0;29.11;53.55;1.45;
2022-06-22 10:00:00;888.0;809.07;167.0;30.37;50.3;1.52;
2022-06-22 11:00:00;937.0;842.33;159.0;31.16;45.7;1.72;
2022-06-22 12:00:00;923.0;838.26;158.0;32.07;41.55;1.79;
2022-06-22 13:00:00;864.0;831.39;150.0;32.37;40.15;1.86;
2022-06-22 14:00:00;746.0;774.25;153.0;32.49;37.65;1.93;
2022-06-22 15:00:00;586.0;659.14;164.0;32.33;38.8;1.86;
2022-06-22 16:00:00;298.0;154.99;222.0;31.85;47.4;0.97;
2022-06-22 17:00:00;109.0;0.0;109.0;31.64;41.4;1.24;
2022-06-22 18:00:00;46.0;0.0;46.0;30.22;41.0;2.07;
2022-06-22 19:00:00;0.0;0.0;0.0;27.83;58.9;1.86;
2022-06-22 20:00:00;0.0;0.0;0.0;27.12;58.8;1.31;
2022-06-22 21:00:00;0.0;0.0;0.0;27.38;54.95;1.1;
2022-06-22 22:00:00;0.0;0.0;0.0;24.53;66.85;1.59;
2022-06-22 23:00:00;0.0;0.0;0.0;23.36;73.7;1.66;
2022-06-23 00:00:00;0.0;0.0;0.0;23.16;73.7;1.38;
2022-06-23 01:00:00;0.0;0.0;0.0;23.38;73.7;1.1;
2022-06-23 02:00:00;0.0;0.0;0.0;22.92;73.7;1.03;
2022-06-23 03:00:00;0.0;0.0;0.0;22.11;78.7;1.17;
2022-06-23 04:00:00;23.0;25.3;21.0;21.81;81.35;1.1;
2022-06-23 05:00:00;139.0;160.56;100.0;22.04;81.4;0.69;
2022-06-23 06:00:00;341.0;524.89;126.0;23.41;78.9;0.9;
2022-06-23 07:00:00;522.0;674.5;139.0;25.19;76.5;2.07;
2022-06-23 08:00:00;685.0;761.21;147.0;26.85;69.4;2.14;
2022-06-23 09:00:00;813.0;804.2;156.0;28.65;59.1;2.0;
2022-06-23 10:00:00;896.0;818.28;167.0;30.35;52.05;2.14;
2022-06-23 11:00:00;929.0;815.35;176.0;31.58;45.85;2.48;
2022-06-23 12:00:00;916.0;811.92;175.0;32.79;41.65;2.76;
2022-06-23 13:00:00;871.0;840.51;149.0;33.65;36.6;2.76;
2022-06-23 14:00:00;757.0;794.81;148.0;34.08;34.35;3.03;
2022-06-23 15:00:00;605.0;721.15;143.0;33.95;35.4;3.31;
2022-06-23 16:00:00;429.0;594.91;137.0;33.43;36.5;2.48;
2022-06-23 17:00:00;99.0;0.0;99.0;32.29;47.5;1.86;
2022-06-23 18:00:00;60.0;0.0;60.0;30.81;61.55;1.38;
2022-06-23 19:00:00;0.0;0.0;0.0;29.07;50.05;2.0;
2022-06-23 20:00:00;0.0;0.0;0.0;26.7;60.7;2.07;
2022-06-23 21:00:00;0.0;0.0;0.0;25.04;64.7;2.34;
2022-06-23 22:00:00;0.0;0.0;0.0;23.65;73.75;2.21;
2022-06-23 23:00:00;0.0;0.0;0.0;22.53;78.75;2.0;
2022-06-24 00:00:00;0.0;0.0;0.0;22.03;84.15;1.52;
2022-06-24 01:00:00;0.0;0.0;0.0;22.83;81.45;0.83;
2022-06-24 02:00:00;0.0;0.0;0.0;22.97;78.85;0.48;
2022-06-24 03:00:00;0.0;0.0;0.0;22.23;84.15;0.76;
2022-06-24 04:00:00;30.0;63.86;25.0;21.76;87.0;0.83;
2022-06-24 05:00:00;156.0;256.06;94.0;22.32;84.15;0.48;
2022-06-24 06:00:00;335.0;506.27;128.0;23.43;78.9;0.55;
2022-06-24 07:00:00;507.0;627.69;151.0;25.45;71.6;0.34;
2022-06-24 08:00:00;667.0;715.1;162.0;27.2;65.0;0.97;
2022-06-24 09:00:00;801.0;783.82;161.0;28.72;57.15;1.59;
2022-06-24 10:00:00;888.0;809.57;167.0;30.05;52.05;1.66;
2022-06-24 11:00:00;921.0;805.72;177.0;31.16;47.25;1.59;
2022-06-24 12:00:00;487.0;62.45;430.0;32.21;44.45;1.93;
2022-06-24 13:00:00;822.0;712.33;210.0;32.61;41.65;1.72;
2022-06-24 14:00:00;707.0;645.8;212.0;33.03;40.4;1.86;
2022-06-24 15:00:00;536.0;480.5;228.0;32.58;40.3;2.9;
2022-06-24 16:00:00;375.0;372.54;192.0;31.11;44.2;0.62;
2022-06-24 17:00:00;140.0;0.0;140.0;30.35;47.0;1.31;
2022-06-24 18:00:00;48.0;0.0;48.0;28.81;61.1;1.1;
2022-06-24 19:00:00;0.0;0.0;0.0;28.66;59.1;0.83;
2022-06-24 20:00:00;0.0;0.0;0.0;27.33;65.0;1.1;
2022-06-24 21:00:00;0.0;0.0;0.0;25.95;69.3;1.45;
2022-06-24 22:00:00;0.0;0.0;0.0;25.0;69.25;1.59;
2022-06-24 23:00:00;0.0;0.0;0.0;23.75;76.3;1.93;
2022-06-25 00:00:00;0.0;0.0;0.0;22.48;81.45;1.38;
2022-06-25 01:00:00;0.0;0.0;0.0;23.71;73.75;0.28;
2022-06-25 02:00:00;0.0;0.0;0.0;21.53;84.1;1.59;
2022-06-25 03:00:00;0.0;0.0;0.0;20.44;89.9;0.76;
2022-06-25 04:00:00;4.0;0.0;4.0;20.34;96.1;1.17;
2022-06-25 05:00:00;21.0;0.0;21.0;20.37;92.95;1.93;
2022-06-25 06:00:00;38.0;0.0;38.0;20.2;92.95;2.07;
2022-06-25 07:00:00;385.0;229.51;255.0;20.32;99.4;0.9;
2022-06-25 08:00:00;615.0;541.4;233.0;20.82;92.95;0.62;
2022-06-25 09:00:00;803.0;791.64;157.0;22.52;81.45;1.45;
2022-06-25 10:00:00;865.0;748.1;199.0;23.97;71.4;1.24;
2022-06-25 11:00:00;903.0;758.23;203.0;24.55;71.5;1.31;
2022-06-25 12:00:00;862.0;673.88;247.0;24.15;73.85;1.93;
2022-06-25 13:00:00;829.0;737.86;195.0;25.59;69.25;1.03;
2022-06-25 14:00:00;698.0;619.54;223.0;26.52;64.95;0.9;
2022-06-25 15:00:00;602.0;717.31;142.0;26.62;64.95;1.24;
2022-06-25 16:00:00;438.0;644.89;121.0;26.63;64.95;1.66;
2022-06-25 17:00:00;104.0;0.0;104.0;26.29;67.05;1.17;
2022-06-25 18:00:00;61.0;0.0;61.0;26.02;64.8;0.62;
2022-06-25 19:00:00;0.0;0.0;0.0;24.72;81.7;0.76;
2022-06-25 20:00:00;0.0;0.0;0.0;24.79;71.5;0.41;
2022-06-25 21:00:00;0.0;0.0;0.0;24.1;73.85;0.62;
2022-06-25 22:00:00;0.0;0.0;0.0;22.98;78.85;0.97;
2022-06-25 23:00:00;0.0;0.0;0.0;22.7;81.45;0.97;
2022-06-26 00:00:00;0.0;0.0;0.0;21.03;86.95;1.24;
2022-06-26 01:00:00;0.0;0.0;0.0;19.99;89.85;1.45;
2022-06-26 02:00:00;0.0;0.0;0.0;19.32;92.9;1.52;
2022-06-26 03:00:00;0.0;0.0;0.0;18.84;92.85;1.66;
2022-06-26 04:00:00;21.0;13.07;20.0;18.4;92.85;1.72;
2022-06-26 05:00:00;123.0;104.01;98.0;19.89;89.85;1.24;
2022-06-26 06:00:00;227.0;115.43;180.0;22.5;81.45;1.52;
2022-06-26 07:00:00;418.0;316.46;239.0;22.8;78.75;1.03;
2022-06-26 08:00:00;580.0;438.36;271.0;24.13;71.4;1.24;
2022-06-26 09:00:00;720.0;540.78;279.0;25.07;69.25;1.31;
2022-06-26 10:00:00;802.0;570.87;294.0;25.76;71.6;1.52;
2022-06-26 11:00:00;768.0;422.55;378.0;26.65;67.15;1.59;
2022-06-26 12:00:00;855.0;650.93;261.0;27.41;65.0;1.66;
2022-06-26 13:00:00;823.0;712.22;211.0;27.83;60.9;1.59;
2022-06-26 14:00:00;708.0;646.81;212.0;28.1;55.15;1.52;
2022-06-26 15:00:00;473.0;300.85;280.0;27.85;55.05;1.66;
2022-06-26 16:00:00;54.0;0.0;54.0;25.43;64.7;1.31;
2022-06-26 17:00:00;24.0;0.0;24.0;23.27;78.85;1.86;
2022-06-26 18:00:00;9.0;0.0;9.0;22.21;87.05;1.86;
2022-06-26 19:00:00;0.0;0.0;0.0;21.86;89.95;1.59;
2022-06-26 20:00:00;0.0;0.0;0.0;20.98;89.95;1.38;
2022-06-26 21:00:00;0.0;0.0;0.0;20.29;92.95;1.59;
2022-06-26 22:00:00;0.0;0.0;0.0;19.67;96.1;1.31;
2022-06-26 23:00:00;0.0;0.0;0.0;19.73;96.1;2.0;
2022-06-27 00:00:00;0.0;0.0;0.0;19.61;92.9;2.34;
2022-06-27 01:00:00;0.0;0.0;0.0;19.5;92.9;2.41;
2022-06-27 02:00:00;0.0;0.0;0.0;19.51;89.85;2.0;
2022-06-27 03:00:00;0.0;0.0;0.0;19.29;92.9;1.52;
2022-06-27 04:00:00;14.0;0.0;14.0;19.06;92.9;1.59;
2022-06-27 05:00:00;67.0;4.18;66.0;19.06;96.1;1.79;
2022-06-27 06:00:00;315.0;420.93;144.0;19.47;92.9;1.79;
2022-06-27 07:00:00;247.0;28.33;231.0;21.27;78.55;1.66;
2022-06-27 08:00:00;439.0;147.69;335.0;21.57;76.0;1.72;
2022-06-27 09:00:00;501.0;131.31;394.0;22.29;71.05;1.93;
2022-06-27 10:00:00;719.0;386.76;375.0;23.54;64.4;1.38;
2022-06-27 11:00:00;575.0;132.22;453.0;24.36;64.5;1.03;
2022-06-27 12:00:00;833.0;597.32;288.0;25.01;62.55;1.79;
2022-06-27 13:00:00;749.0;514.38;307.0;24.89;64.6;1.38;
2022-06-27 14:00:00;721.0;692.36;190.0;25.0;64.7;0.55;
2022-06-27 15:00:00;570.0;598.44;186.0;25.0;64.7;1.03;
2022-06-27 16:00:00;172.0;8.13;168.0;24.3;69.05;1.45;
2022-06-27 17:00:00;139.0;0.0;139.0;24.0;71.4;1.79;
2022-06-27 18:00:00;61.0;0.0;61.0;23.54;73.75;1.52;
2022-06-27 19:00:00;0.0;0.0;0.0;21.97;81.4;2.0;
2022-06-27 20:00:00;0.0;0.0;0.0;21.55;81.35;1.93;
2022-06-27 21:00:00;0.0;0.0;0.0;21.24;84.05;1.66;
2022-06-27 22:00:00;0.0;0.0;0.0;20.63;89.9;1.03;
2022-06-27 23:00:00;0.0;0.0;0.0;20.41;86.9;0.69;
2022-06-28 00:00:00;0.0;0.0;0.0;19.72;89.85;1.59;
2022-06-28 01:00:00;0.0;0.0;0.0;18.68;96.1;1.03;
2022-06-28 02:00:00;0.0;0.0;0.0;18.39;92.85;0.28;
2022-06-28 03:00:00;0.0;0.0;0.0;18.24;96.05;0.97;
2022-06-28 04:00:00;3.0;0.0;3.0;18.2;96.05;0.9;
2022-06-28 05:00:00;147.0;222.41;94.0;18.04;96.05;0.97;
2022-06-28 06:00:00;176.0;34.55;162.0;18.37;92.85;2.14;
2022-06-28 07:00:00;84.0;0.0;84.0;19.21;89.8;1.72;
2022-06-28 08:00:00;380.0;75.35;327.0;19.43;83.9;1.38;
2022-06-28 09:00:00;693.0;474.05;307.0;19.53;86.85;1.72;
2022-06-28 10:00:00;314.0;3.37;311.0;19.9;86.85;2.28;
2022-06-28 11:00:00;221.0;0.0;221.0;20.46;84.05;2.9;
2022-06-28 12:00:00;97.0;0.0;97.0;20.42;81.2;2.76;
2022-06-28 13:00:00;77.0;0.0;77.0;19.8;89.85;2.48;
2022-06-28 14:00:00;67.0;0.0;67.0;19.35;92.9;2.9;
2022-06-28 15:00:00;54.0;0.0;54.0;18.39;96.1;1.45;
2022-06-28 16:00:00;84.0;0.0;84.0;18.48;92.85;1.72;
2022-06-28 17:00:00;31.0;0.0;31.0;18.24;92.85;1.66;
2022-06-28 18:00:00;38.0;0.0;38.0;18.12;92.85;1.52;
2022-06-28 19:00:00;0.0;0.0;0.0;18.02;92.85;1.24;
2022-06-28 20:00:00;0.0;0.0;0.0;18.03;92.85;0.97;
2022-06-28 21:00:00;0.0;0.0;0.0;17.71;92.85;0.28;
2022-06-28 22:00:00;0.0;0.0;0.0;17.17;96.05;0.9;
2022-06-28 23:00:00;0.0;0.0;0.0;16.83;96.05;1.45;
2022-06-29 00:00:00;0.0;0.0;0.0;16.58;96.05;1.45;
2022-06-29 01:00:00;0.0;0.0;0.0;16.38;99.4;0.41;
2022-06-29 02:00:00;0.0;0.0;0.0;16.25;99.4;0.48;
2022-06-29 03:00:00;0.0;0.0;0.0;16.03;99.4;0.62;
2022-06-29 04:00:00;15.0;0.0;15.0;16.01;99.4;0.48;
2022-06-29 05:00:00;75.0;8.43;73.0;16.25;99.4;0.9;
2022-06-29 06:00:00;295.0;326.6;163.0;16.85;92.8;1.17;
2022-06-29 07:00:00;538.0;746.13;118.0;17.77;83.7;0.76;
2022-06-29 08:00:00;632.0;589.29;218.0;18.74;78.25;0.9;
2022-06-29 09:00:00;563.0;207.73;394.0;19.66;78.35;1.59;
2022-06-29 10:00:00;695.0;329.8;402.0;20.41;78.5;1.79;
2022-06-29 11:00:00;686.0;267.9;439.0;20.98;75.95;2.07;
2022-06-29 12:00:00;697.0;299.34;424.0;21.57;73.45;1.93;
2022-06-29 13:00:00;78.0;0.0;78.0;22.08;71.05;2.14;
2022-06-29 14:00:00;86.0;0.0;86.0;22.32;68.7;2.41;
2022-06-29 15:00:00;155.0;0.0;155.0;21.69;71.0;2.21;
2022-06-29 16:00:00;68.0;0.0;68.0;21.02;73.35;2.14;
2022-06-29 17:00:00;107.0;0.0;107.0;19.53;78.35;1.31;
2022-06-29 18:00:00;10.0;0.0;10.0;19.08;83.85;2.41;
2022-06-29 19:00:00;0.0;0.0;0.0;18.24;86.7;2.76;
2022-06-29 20:00:00;0.0;0.0;0.0;17.5;83.7;3.03;
2022-06-29 21:00:00;0.0;0.0;0.0;16.74;83.6;2.62;
2022-06-29 22:00:00;0.0;0.0;0.0;15.72;86.5;2.9;
2022-06-29 23:00:00;0.0;0.0;0.0;15.51;80.6;2.83;
2022-06-30 00:00:00;0.0;0.0;0.0;15.57;80.6;2.34;
2022-06-30 01:00:00;0.0;0.0;0.0;15.29;83.45;2.41;
2022-06-30 02:00:00;0.0;0.0;0.0;14.83;83.45;2.55;
2022-06-30 03:00:00;0.0;0.0;0.0;14.2;86.4;3.03;
2022-06-30 04:00:00;26.0;41.68;23.0;14.33;80.55;2.9;
2022-06-30 05:00:00;70.0;4.24;69.0;14.66;83.45;2.07;
2022-06-30 06:00:00;238.0;138.95;182.0;15.57;80.6;2.0;
2022-06-30 07:00:00;241.0;23.14;228.0;16.98;75.3;1.17;
2022-06-30 08:00:00;496.0;233.73;332.0;17.66;72.8;1.17;
2022-06-30 09:00:00;725.0;535.16;290.0;18.55;72.95;1.17;
2022-06-30 10:00:00;525.0;97.99;438.0;19.31;73.05;0.83;
2022-06-30 11:00:00;148.0;0.0;148.0;20.4;68.4;0.9;
2022-06-30 12:00:00;472.0;49.36;427.0;20.85;68.4;1.24;
2022-06-30 13:00:00;353.0;11.64;343.0;21.37;66.15;1.52;
2022-06-30 14:00:00;514.0;182.56;374.0;21.5;61.85;1.45;
2022-06-30 15:00:00;518.0;400.47;261.0;20.39;68.4;1.24;
2022-06-30 16:00:00;114.0;0.0;114.0;17.06;72.62;2.2;
2022-06-30 17:00:00;69.0;0.0;69.0;17.37;73.06;2.15;
2022-06-30 18:00:00;22.0;0.0;22.0;17.67;73.49;2.1;
2022-06-30 19:00:00;0.0;0.0;0.0;17.98;73.92;2.05;
2022-06-30 20:00:00;0.0;0.0;0.0;18.29;74.35;2.0;
2022-06-30 21:00:00;0.0;0.0;0.0;18.6;74.78;1.96;
2022-06-30 22:00:00;0.0;0.0;0.0;18.91;75.21;1.91;
2022-06-30 23:00:00;0.0;0.0;0.0;19.21;75.64;1.86;
2022-07-01 00:00:00;0.0;0.0;0.0;19.52;76.07;1.81;
2022-07-01 01:00:00;0.0;0.0;0.0;19.83;76.5;1.76;
2022-07-01 02:00:00;0.0;0.0;0.0;20.14;76.93;1.72;
2022-07-01 03:00:00;0.0;0.0;0.0;20.45;77.36;1.67;
2022-07-01 04:00:00;26.0;56.62;22.0;20.75;77.8;1.62;
2022-07-01 05:00:00;169.0;392.07;77.0;21.06;78.23;1.57;
2022-07-01 06:00:00;338.0;564.91;111.0;21.37;78.66;1.52;
2022-07-01 07:00:00;513.0;682.95;130.0;21.68;79.09;1.48;
2022-07-01 08:00:00;670.0;749.23;145.0;25.53;62.55;2.28;
2022-07-01 09:00:00;793.0;778.26;161.0;26.74;56.85;2.21;
2022-07-01 10:00:00;880.0;802.49;168.0;27.86;53.35;2.07;
2022-07-01 11:00:00;919.0;813.14;170.0;29.02;48.4;2.14;
2022-07-01 12:00:00;908.0;809.75;170.0;29.79;46.9;2.28;
2022-07-01 13:00:00;847.0;793.03;166.0;30.27;43.95;2.55;
2022-07-01 14:00:00;705.0;641.69;213.0;30.81;42.6;2.34;
2022-07-01 15:00:00;551.0;529.9;211.0;30.47;42.45;2.21;
2022-07-01 16:00:00;398.0;463.42;170.0;30.29;43.95;1.86;
2022-07-01 17:00:00;109.0;0.0;109.0;29.93;45.35;1.72;
2022-07-01 18:00:00;61.0;0.0;61.0;28.99;48.4;2.07;
2022-07-01 19:00:00;0.0;0.0;0.0;27.85;53.35;2.34;
2022-07-01 20:00:00;0.0;0.0;0.0;25.57;66.95;1.72;
2022-07-01 21:00:00;0.0;0.0;0.0;22.64;84.25;2.0;
2022-07-01 22:00:00;0.0;0.0;0.0;22.28;87.05;1.45;
2022-07-01 23:00:00;0.0;0.0;0.0;22.16;87.05;1.79;
2022-07-02 00:00:00;0.0;0.0;0.0;21.88;89.95;1.66;
2022-07-02 01:00:00;0.0;0.0;0.0;21.79;87.0;1.45;
2022-07-02 02:00:00;0.0;0.0;0.0;21.6;87.0;1.59;
2022-07-02 03:00:00;0.0;0.0;0.0;21.41;86.95;1.66;
2022-07-02 04:00:00;6.0;0.0;6.0;21.15;86.95;1.72;
2022-07-02 05:00:00;114.0;90.01;93.0;20.93;86.9;1.86;
2022-07-02 06:00:00;185.0;49.93;165.0;20.92;84.05;2.21;
2022-07-02 07:00:00;366.0;200.12;254.0;21.32;86.95;1.52;
2022-07-02 08:00:00;640.0;650.24;185.0;21.6;84.1;1.66;
2022-07-02 09:00:00;722.0;565.8;263.0;21.98;84.1;1.59;
2022-07-02 10:00:00;759.0;480.5;333.0;23.0;76.15;1.17;
2022-07-02 11:00:00;822.0;555.07;311.0;24.6;66.85;0.9;
2022-07-02 12:00:00;874.0;716.78;221.0;25.93;62.65;0.9;
2022-07-02 13:00:00;815.0;702.42;212.0;26.93;56.85;1.1;
2022-07-02 14:00:00;663.0;519.23;265.0;27.72;51.55;1.59;
2022-07-02 15:00:00;495.0;361.68;263.0;27.72;51.55;1.38;
2022-07-02 16:00:00;308.0;176.9;221.0;27.93;51.55;1.17;
2022-07-02 17:00:00;128.0;0.0;128.0;27.53;55.05;1.24;
2022-07-02 18:00:00;52.0;0.0;52.0;26.82;56.85;1.93;
2022-07-02 19:00:00;0.0;0.0;0.0;25.08;66.85;1.03;
2022-07-02 20:00:00;0.0;0.0;0.0;23.83;68.95;2.83;
2022-07-02 21:00:00;0.0;0.0;0.0;23.38;68.85;2.62;
2022-07-02 22:00:00;0.0;0.0;0.0;22.89;71.15;1.59;
2022-07-02 23:00:00;0.0;0.0;0.0;22.15;78.7;1.03;
2022-07-03 00:00:00;0.0;0.0;0.0;21.56;78.65;1.1;
2022-07-03 01:00:00;0.0;0.0;0.0;21.11;81.3;1.24;
2022-07-03 02:00:00;0.0;0.0;0.0;21.71;78.65;0.9;
2022-07-03 03:00:00;0.0;0.0;0.0;21.21;81.3;1.03;
2022-07-03 04:00:00;7.0;0.0;7.0;20.37;86.85;1.24;
2022-07-03 05:00:00;143.0;224.26;91.0;20.63;86.9;1.24;
2022-07-03 06:00:00;341.0;591.11;105.0;23.07;78.75;1.38;
2022-07-03 07:00:00;511.0;682.21;130.0;24.52;71.4;0.76;
2022-07-03 08:00:00;664.0;735.65;150.0;25.89;62.65;1.03;
2022-07-03 09:00:00;762.0;681.17;210.0;27.1;58.8;1.1;
2022-07-03 10:00:00;841.0;689.72;230.0;28.25;51.65;1.1;
2022-07-03 11:00:00;796.0;489.1;346.0;29.2;48.5;1.24;
2022-07-03 12:00:00;820.0;567.76;303.0;29.71;48.5;1.52;
2022-07-03 13:00:00;787.0;617.62;257.0;29.98;46.9;1.86;
2022-07-03 14:00:00;724.0;704.73;184.0;29.73;45.35;1.17;
2022-07-03 15:00:00;609.0;740.78;134.0;28.97;45.2;0.76;
2022-07-03 16:00:00;430.0;608.31;131.0;28.71;46.75;1.52;
2022-07-03 17:00:00;45.0;0.0;45.0;27.73;49.8;1.45;
2022-07-03 18:00:00;41.0;0.0;41.0;26.61;54.95;1.86;
2022-07-03 19:00:00;0.0;0.0;0.0;23.63;73.75;0.28;
2022-07-03 20:00:00;0.0;0.0;0.0;22.92;84.25;0.76;
2022-07-03 21:00:00;0.0;0.0;0.0;22.36;84.15;1.38;
2022-07-03 22:00:00;0.0;0.0;0.0;22.24;84.15;0.9;
2022-07-03 23:00:00;0.0;0.0;0.0;22.77;78.75;0.34;
2022-07-04 00:00:00;0.0;0.0;0.0;22.15;81.4;0.69;
2022-07-04 01:00:00;0.0;0.0;0.0;20.16;89.85;1.38;
2022-07-04 02:00:00;0.0;0.0;0.0;19.86;92.9;1.31;
2022-07-04 03:00:00;0.0;0.0;0.0;20.11;89.85;1.17;
2022-07-04 04:00:00;32.0;151.09;22.0;20.91;86.9;0.9;
2022-07-04 05:00:00;176.0;455.76;71.0;21.2;86.95;0.28;
2022-07-04 06:00:00;345.0;605.72;104.0;22.16;84.15;1.1;
2022-07-04 07:00:00;522.0;717.83;122.0;22.53;81.4;1.24;
2022-07-04 08:00:00;596.0;498.84;248.0;23.95;73.75;1.38;
2022-07-04 09:00:00;800.0;796.84;155.0;25.65;62.65;1.38;
2022-07-04 10:00:00;898.0;845.09;150.0;27.08;56.85;1.52;
2022-07-04 11:00:00;938.0;855.95;151.0;28.21;51.65;1.72;
2022-07-04 12:00:00;932.0;864.72;145.0;29.01;48.4;1.86;
2022-07-04 13:00:00;865.0;835.91;148.0;29.76;43.8;2.21;
2022-07-04 14:00:00;757.0;802.95;142.0;29.33;43.8;1.24;
2022-07-04 15:00:00;609.0;739.59;135.0;29.57;43.8;0.83;
2022-07-04 16:00:00;450.0;686.1;113.0;28.84;43.65;1.38;
2022-07-04 17:00:00;90.0;0.0;90.0;28.46;45.05;1.66;
2022-07-04 18:00:00;53.0;0.0;53.0;27.64;48.15;1.45;
2022-07-04 19:00:00;0.0;0.0;0.0;26.11;54.8;1.86;
2022-07-04 20:00:00;0.0;0.0;0.0;24.44;64.5;2.28;
2022-07-04 21:00:00;0.0;0.0;0.0;23.48;68.85;2.14;
2022-07-04 22:00:00;0.0;0.0;0.0;22.88;71.15;2.21;
2022-07-04 23:00:00;0.0;0.0;0.0;22.12;73.55;1.86;
2022-07-05 00:00:00;0.0;0.0;0.0;21.19;78.55;1.38;
2022-07-05 01:00:00;0.0;0.0;0.0;21.03;75.85;2.14;
2022-07-05 02:00:00;0.0;0.0;0.0;20.34;81.15;2.14;
2022-07-05 03:00:00;0.0;0.0;0.0;19.35;89.8;1.38;
2022-07-05 04:00:00;17.0;15.49;16.0;18.81;89.8;1.17;
2022-07-05 05:00:00;15.0;0.0;15.0;19.42;89.8;1.86;
2022-07-05 06:00:00;38.0;0.0;38.0;20.27;86.85;1.31;
2022-07-05 07:00:00;282.0;64.75;246.0;21.88;76.0;1.38;
2022-07-05 08:00:00;454.0;178.04;330.0;22.42;73.55;0.34;
2022-07-05 09:00:00;635.0;352.51;350.0;22.21;73.55;0.07;
2022-07-05 10:00:00;836.0;678.49;236.0;22.41;73.55;1.03;
2022-07-05 11:00:00;546.0;105.57;449.0;23.53;71.25;1.38;
2022-07-05 12:00:00;898.0;781.67;187.0;24.44;69.05;1.1;
2022-07-05 13:00:00;784.0;606.55;264.0;25.14;66.95;1.45;
2022-07-05 14:00:00;449.0;107.11;367.0;24.96;69.15;1.31;
2022-07-05 15:00:00;571.0;599.52;187.0;24.99;69.15;0.83;
2022-07-05 16:00:00;384.0;407.54;184.0;24.86;69.15;0.97;
2022-07-05 17:00:00;98.0;0.0;98.0;24.2;69.05;1.03;
2022-07-05 18:00:00;59.0;0.0;59.0;23.35;71.25;1.86;
2022-07-05 19:00:00;0.0;0.0;0.0;23.16;73.7;1.17;
2022-07-05 20:00:00;0.0;0.0;0.0;22.35;78.7;0.83;
2022-07-05 21:00:00;0.0;0.0;0.0;21.19;81.3;1.17;
2022-07-05 22:00:00;0.0;0.0;0.0;20.89;81.2;1.1;
2022-07-05 23:00:00;0.0;0.0;0.0;20.64;81.2;1.1;
2022-07-06 00:00:00;0.0;0.0;0.0;20.5;81.15;1.03;
2022-07-06 01:00:00;0.0;0.0;0.0;19.52;86.8;1.31;
2022-07-06 02:00:00;0.0;0.0;0.0;18.84;83.85;1.52;
2022-07-06 03:00:00;0.0;0.0;0.0;17.7;86.7;1.79;
2022-07-06 04:00:00;8.0;0.0;8.0;17.28;86.65;1.93;
2022-07-06 05:00:00;60.0;0.0;60.0;18.17;83.8;1.79;
2022-07-06 06:00:00;254.0;205.1;173.0;21.39;70.9;1.59;
2022-07-06 07:00:00;460.0;470.61;199.0;23.02;62.05;1.72;
2022-07-06 08:00:00;591.0;483.24;255.0;24.53;54.35;1.52;
2022-07-06 09:00:00;812.0;827.26;144.0;25.79;49.3;1.1;
2022-07-06 10:00:00;907.0;864.77;143.0;26.91;46.25;0.76;
2022-07-06 11:00:00;954.0;887.7;139.0;28.06;41.95;0.83;
2022-07-06 12:00:00;933.0;861.37;150.0;28.72;38.0;0.83;
2022-07-06 13:00:00;875.0;855.49;142.0;29.08;36.7;0.69;
2022-07-06 14:00:00;770.0;833.9;132.0;29.58;35.6;0.55;
2022-07-06 15:00:00;617.0;757.75;132.0;29.02;36.7;1.17;
2022-07-06 16:00:00;264.0;87.71;221.0;27.0;44.7;1.45;
2022-07-06 17:00:00;62.0;0.0;62.0;27.01;46.25;1.52;
2022-07-06 18:00:00;10.0;0.0;10.0;26.13;60.7;0.69;
2022-07-06 19:00:00;0.0;0.0;0.0;25.42;52.75;1.66;
2022-07-06 20:00:00;0.0;0.0;0.0;23.35;62.15;1.45;
2022-07-06 21:00:00;0.0;0.0;0.0;22.58;62.05;1.31;
2022-07-06 22:00:00;0.0;0.0;0.0;21.51;70.9;1.38;
2022-07-06 23:00:00;0.0;0.0;0.0;20.0;78.35;1.79;
2022-07-07 00:00:00;0.0;0.0;0.0;18.85;75.65;2.0;
2022-07-07 01:00:00;0.0;0.0;0.0;18.11;75.55;2.21;
2022-07-07 02:00:00;0.0;0.0;0.0;17.87;70.35;2.48;
2022-07-07 03:00:00;0.0;0.0;0.0;17.75;67.95;2.69;
2022-07-07 04:00:00;24.0;81.89;19.0;17.72;67.95;2.76;
2022-07-07 05:00:00;179.0;501.06;66.0;18.8;63.5;2.62;
2022-07-07 06:00:00;352.0;648.22;97.0;21.53;59.6;2.34;
2022-07-07 07:00:00;525.0;733.91;119.0;23.81;56.15;1.93;
2022-07-07 08:00:00;684.0;790.97;135.0;25.68;47.65;1.59;
2022-07-07 09:00:00;812.0;823.38;148.0;27.07;44.7;0.9;
2022-07-07 10:00:00;902.0;848.64;153.0;27.97;41.95;0.9;
2022-07-07 11:00:00;949.0;870.97;150.0;28.7;39.35;1.31;
2022-07-07 12:00:00;938.0;868.57;149.0;28.83;39.35;1.45;
2022-07-07 13:00:00;875.0;851.37;146.0;29.18;38.15;1.31;
2022-07-07 14:00:00;771.0;829.23;137.0;29.14;38.15;0.76;
2022-07-07 15:00:00;617.0;755.26;134.0;29.3;38.15;0.34;
2022-07-07 16:00:00;456.0;704.58;111.0;29.38;36.85;0.62;
2022-07-07 17:00:00;87.0;0.0;87.0;28.76;38.0;0.69;
2022-07-07 18:00:00;56.0;0.0;56.0;27.59;48.0;1.72;
2022-07-07 19:00:00;0.0;0.0;0.0;25.76;54.7;1.45;
2022-07-07 20:00:00;0.0;0.0;0.0;26.08;46.0;0.76;
2022-07-07 21:00:00;0.0;0.0;0.0;25.53;47.5;0.55;
2022-07-07 22:00:00;0.0;0.0;0.0;22.34;59.8;1.59;
2022-07-07 23:00:00;0.0;0.0;0.0;20.12;70.7;2.07;
2022-07-08 00:00:00;0.0;0.0;0.0;19.35;73.05;2.28;
2022-07-08 01:00:00;0.0;0.0;0.0;18.84;70.55;2.21;
2022-07-08 02:00:00;0.0;0.0;0.0;18.51;72.95;2.07;
2022-07-08 03:00:00;0.0;0.0;0.0;18.18;70.45;1.93;
2022-07-08 04:00:00;22.0;67.57;18.0;18.26;70.45;1.79;
2022-07-08 05:00:00;148.0;281.54;85.0;19.76;70.65;1.38;
2022-07-08 06:00:00;333.0;558.99;114.0;22.43;68.7;1.38;
2022-07-08 07:00:00;506.0;665.15;139.0;23.76;64.4;2.41;
2022-07-08 08:00:00;682.0;788.09;136.0;24.69;62.45;2.21;
2022-07-08 09:00:00;810.0;822.01;148.0;25.79;56.6;1.59;
2022-07-08 10:00:00;905.0;858.61;148.0;26.85;51.3;1.31;
2022-07-08 11:00:00;952.0;881.54;144.0;27.82;46.5;1.24;
2022-07-08 12:00:00;941.0;879.14;143.0;28.6;43.55;1.24;
2022-07-08 13:00:00;874.0;849.64;147.0;29.12;42.2;1.59;
2022-07-08 14:00:00;769.0;828.56;136.0;29.67;40.9;2.28;
2022-07-08 15:00:00;623.0;774.75;128.0;29.75;40.9;2.07;
2022-07-08 16:00:00;455.0;703.5;111.0;29.47;40.9;1.38;
2022-07-08 17:00:00;89.0;0.0;89.0;29.06;43.65;1.31;
2022-07-08 18:00:00;53.0;0.0;53.0;27.59;60.9;1.24;
2022-07-08 19:00:00;0.0;0.0;0.0;25.98;58.55;1.52;
2022-07-08 20:00:00;0.0;0.0;0.0;24.33;64.5;1.86;
2022-07-08 21:00:00;0.0;0.0;0.0;22.98;68.75;1.93;
2022-07-08 22:00:00;0.0;0.0;0.0;21.95;73.45;2.07;
2022-07-08 23:00:00;0.0;0.0;0.0;21.57;71.0;2.48;
2022-07-09 00:00:00;0.0;0.0;0.0;21.96;68.6;3.17;
2022-07-09 01:00:00;0.0;0.0;0.0;22.02;66.25;3.1;
2022-07-09 02:00:00;0.0;0.0;0.0;22.01;66.25;2.34;
2022-07-09 03:00:00;0.0;0.0;0.0;21.75;68.6;1.59;
2022-07-09 04:00:00;11.0;0.0;11.0;21.45;75.95;1.17;
2022-07-09 05:00:00;120.0;135.16;90.0;21.58;73.45;0.97;
2022-07-09 06:00:00;317.0;494.73;124.0;22.92;59.95;1.17;
2022-07-09 07:00:00;503.0;674.22;132.0;24.23;52.5;1.03;
2022-07-09 08:00:00;668.0;763.56;140.0;25.29;47.5;0.9;
2022-07-09 09:00:00;790.0;783.39;160.0;26.2;44.55;1.17;
2022-07-09 10:00:00;884.0;822.09;160.0;27.15;41.8;1.66;
2022-07-09 11:00:00;925.0;833.2;162.0;27.99;40.5;2.0;
2022-07-09 12:00:00;924.0;853.38;150.0;28.53;40.65;2.14;
2022-07-09 13:00:00;858.0;824.57;153.0;28.87;39.35;2.07;
2022-07-09 14:00:00;747.0;780.79;151.0;29.01;39.35;1.79;
2022-07-09 15:00:00;597.0;703.5;148.0;29.14;38.15;1.31;
2022-07-09 16:00:00;423.0;581.69;139.0;28.53;42.05;0.69;
2022-07-09 17:00:00;122.0;0.0;122.0;27.4;46.4;0.55;
2022-07-09 18:00:00;59.0;0.0;59.0;26.74;51.3;1.1;
2022-07-09 19:00:00;0.0;0.0;0.0;25.75;58.55;1.03;
2022-07-09 20:00:00;0.0;0.0;0.0;25.12;56.5;1.03;
2022-07-09 21:00:00;0.0;0.0;0.0;22.96;68.75;1.66;
2022-07-09 22:00:00;0.0;0.0;0.0;22.0;71.0;1.86;
2022-07-09 23:00:00;0.0;0.0;0.0;21.63;71.0;1.86;
2022-07-10 00:00:00;0.0;0.0;0.0;21.19;73.35;1.79;
2022-07-10 01:00:00;0.0;0.0;0.0;20.81;75.85;2.0;
2022-07-10 02:00:00;0.0;0.0;0.0;20.62;75.85;2.0;
2022-07-10 03:00:00;0.0;0.0;0.0;20.41;78.45;1.93;
2022-07-10 04:00:00;18.0;36.17;16.0;20.42;81.15;1.66;
2022-07-10 05:00:00;82.0;22.72;77.0;20.64;81.2;1.52;
2022-07-10 06:00:00;225.0;139.03;171.0;22.12;68.7;1.66;
2022-07-10 07:00:00;382.0;253.32;243.0;23.28;66.55;1.79;
2022-07-10 08:00:00;419.0;130.41;329.0;23.52;66.55;1.86;
2022-07-10 09:00:00;732.0;606.46;245.0;24.39;62.35;1.86;
2022-07-10 10:00:00;418.0;32.97;389.0;25.81;56.6;1.79;
2022-07-10 11:00:00;677.0;267.8;432.0;26.85;53.1;2.28;
2022-07-10 12:00:00;886.0;752.6;204.0;27.41;49.7;2.21;
2022-07-10 13:00:00;687.0;379.27;363.0;27.7;48.15;2.41;
2022-07-10 14:00:00;708.0;656.95;207.0;28.31;46.65;2.07;
2022-07-10 15:00:00;461.0;276.09;285.0;27.79;49.8;2.28;
2022-07-10 16:00:00;359.0;326.22;200.0;27.2;51.45;2.34;
2022-07-10 17:00:00;49.0;0.0;49.0;24.37;69.05;1.38;
2022-07-10 18:00:00;9.0;0.0;9.0;24.37;66.75;1.03;
2022-07-10 19:00:00;0.0;0.0;0.0;23.7;76.3;1.52;
2022-07-10 20:00:00;0.0;0.0;0.0;22.68;81.45;1.31;
2022-07-10 21:00:00;0.0;0.0;0.0;21.48;93.0;1.03;
2022-07-10 22:00:00;0.0;0.0;0.0;20.89;92.95;0.69;
2022-07-10 23:00:00;0.0;0.0;0.0;19.88;96.1;0.97;
2022-07-11 00:00:00;0.0;0.0;0.0;19.49;99.4;1.52;
2022-07-11 01:00:00;0.0;0.0;0.0;18.88;96.1;1.45;
2022-07-11 02:00:00;0.0;0.0;0.0;18.49;96.1;1.24;
2022-07-11 03:00:00;0.0;0.0;0.0;18.31;96.1;1.24;
2022-07-11 04:00:00;0.0;0.0;0.0;18.23;96.1;1.03;
2022-07-11 05:00:00;0.0;0.0;0.0;18.67;92.9;0.62;
2022-07-11 06:00:00;0.0;0.0;0.0;19.56;89.85;0.83;
2022-07-11 07:00:00;0.0;0.0;0.0;19.35;92.9;1.52;
2022-07-11 08:00:00;405.0;113.25;327.0;19.37;92.9;2.0;
2022-07-11 09:00:00;552.0;208.28;385.0;20.38;89.85;2.07;
2022-07-11 10:00:00;699.0;356.25;386.0;20.75;86.9;2.69;
2022-07-11 11:00:00;565.0;124.74;451.0;21.53;86.95;3.17;
2022-07-11 12:00:00;651.0;237.47;436.0;22.07;81.4;3.38;
2022-07-11 13:00:00;589.0;206.21;413.0;21.9;81.35;3.79;
2022-07-11 14:00:00;686.0;585.43;240.0;21.92;78.65;3.45;
2022-07-11 15:00:00;500.0;375.4;261.0;21.92;78.65;2.55;
2022-07-11 16:00:00;411.0;528.28;154.0;21.99;78.65;2.41;
2022-07-11 17:00:00;103.0;0.0;103.0;21.82;76.0;2.28;
2022-07-11 18:00:00;56.0;0.0;56.0;21.36;75.95;1.93;
2022-07-11 19:00:00;0.0;0.0;0.0;21.9;76.0;1.52;
2022-07-11 20:00:00;0.0;0.0;0.0;20.62;84.05;1.45;
2022-07-11 21:00:00;0.0;0.0;0.0;19.57;86.85;1.45;
2022-07-11 22:00:00;0.0;0.0;0.0;19.38;89.8;1.17;
2022-07-11 23:00:00;0.0;0.0;0.0;19.12;86.8;1.17;
2022-07-12 00:00:00;0.0;0.0;0.0;18.85;89.8;1.24;
2022-07-12 01:00:00;0.0;0.0;0.0;18.46;89.75;1.24;
2022-07-12 02:00:00;0.0;0.0;0.0;18.43;89.75;1.38;
2022-07-12 03:00:00;0.0;0.0;0.0;18.09;89.75;1.31;
2022-07-12 04:00:00;8.0;0.0;8.0;17.96;92.85;1.17;
2022-07-12 05:00:00;73.0;13.88;70.0;18.38;92.85;0.97;
2022-07-12 06:00:00;122.0;5.2;120.0;18.59;89.8;0.83;
2022-07-12 07:00:00;261.0;47.66;235.0;20.34;86.85;1.66;
2022-07-12 08:00:00;236.0;2.91;234.0;20.78;84.05;1.52;
2022-07-12 09:00:00;512.0;153.65;389.0;20.58;86.9;1.66;
2022-07-12 10:00:00;556.0;142.45;431.0;21.33;89.95;1.79;
2022-07-12 11:00:00;534.0;97.49;445.0;22.07;84.15;2.07;
2022-07-12 12:00:00;648.0;236.6;434.0;22.37;84.15;1.93;
2022-07-12 13:00:00;605.0;232.22;407.0;22.42;84.15;1.52;
2022-07-12 14:00:00;557.0;273.33;349.0;22.94;81.45;1.45;
2022-07-12 15:00:00;339.0;73.93;292.0;23.55;76.2;1.66;
2022-07-12 16:00:00;254.0;78.27;216.0;21.4;81.3;1.24;
2022-07-12 17:00:00;130.0;0.0;130.0;19.74;89.85;0.07;
2022-07-12 18:00:00;57.0;0.0;57.0;19.85;89.85;1.17;
2022-07-12 19:00:00;0.0;0.0;0.0;20.31;86.85;1.1;
2022-07-12 20:00:00;0.0;0.0;0.0;19.25;92.9;1.24;
2022-07-12 21:00:00;0.0;0.0;0.0;18.78;92.9;1.03;
2022-07-12 22:00:00;0.0;0.0;0.0;18.68;89.8;0.83;
2022-07-12 23:00:00;0.0;0.0;0.0;18.0;96.05;1.45;
2022-07-13 00:00:00;0.0;0.0;0.0;18.46;92.85;0.9;
2022-07-13 01:00:00;0.0;0.0;0.0;19.04;89.8;0.76;
2022-07-13 02:00:00;0.0;0.0;0.0;18.98;89.8;0.9;
2022-07-13 03:00:00;0.0;0.0;0.0;19.13;89.8;0.9;
2022-07-13 04:00:00;10.0;0.0;10.0;18.3;89.75;1.17;
2022-07-13 05:00:00;108.0;102.73;86.0;18.51;92.85;0.76;
2022-07-13 06:00:00;269.0;292.47;157.0;20.29;86.85;0.48;
2022-07-13 07:00:00;372.0;233.54;245.0;20.85;84.05;0.21;
2022-07-13 08:00:00;564.0;434.53;266.0;21.78;76.0;0.97;
2022-07-13 09:00:00;671.0;450.44;311.0;22.07;76.1;1.59;
2022-07-13 10:00:00;767.0;508.93;321.0;22.96;76.15;1.79;
2022-07-13 11:00:00;862.0;663.43;257.0;24.14;71.4;2.0;
2022-07-13 12:00:00;833.0;609.83;282.0;24.64;71.5;2.0;
2022-07-13 13:00:00;800.0;661.0;237.0;25.02;71.5;1.52;
2022-07-13 14:00:00;700.0;634.16;218.0;25.64;67.05;1.17;
2022-07-13 15:00:00;584.0;663.23;163.0;25.87;64.8;0.62;
2022-07-13 16:00:00;422.0;590.43;136.0;25.77;64.8;0.69;
2022-07-13 17:00:00;88.0;0.0;88.0;25.57;66.95;0.21;
2022-07-13 18:00:00;52.0;0.0;52.0;25.19;69.25;0.69;
2022-07-13 19:00:00;0.0;0.0;0.0;24.27;78.95;1.24;
2022-07-13 20:00:00;0.0;0.0;0.0;23.61;76.3;1.1;
2022-07-13 21:00:00;0.0;0.0;0.0;22.21;81.4;1.45;
2022-07-13 22:00:00;0.0;0.0;0.0;20.88;89.9;1.72;
2022-07-13 23:00:00;0.0;0.0;0.0;20.38;89.85;1.66;
2022-07-14 00:00:00;0.0;0.0;0.0;20.18;89.85;1.59;
2022-07-14 01:00:00;0.0;0.0;0.0;19.8;92.9;1.59;
2022-07-14 02:00:00;0.0;0.0;0.0;19.25;92.9;1.72;
2022-07-14 03:00:00;0.0;0.0;0.0;18.85;89.8;1.79;
2022-07-14 04:00:00;5.0;0.0;5.0;19.01;92.9;1.72;
2022-07-14 05:00:00;108.0;108.47;85.0;19.61;92.9;1.38;
2022-07-14 06:00:00;171.0;44.62;154.0;22.16;81.4;0.76;
2022-07-14 07:00:00;436.0;435.36;200.0;22.41;78.7;1.03;
2022-07-14 08:00:00;607.0;580.19;210.0;23.27;76.2;0.55;
2022-07-14 09:00:00;732.0;626.67;232.0;24.71;71.5;0.14;
2022-07-14 10:00:00;775.0;538.19;304.0;25.82;69.3;0.41;
2022-07-14 11:00:00;836.0;606.03;284.0;26.55;69.4;0.97;
2022-07-14 12:00:00;865.0;709.11;225.0;26.84;67.2;1.38;
2022-07-14 13:00:00;816.0;719.35;204.0;26.83;67.2;1.17;
2022-07-14 14:00:00;577.0;318.81;335.0;26.9;67.2;0.76;
2022-07-14 15:00:00;54.0;0.0;54.0;26.92;65.0;0.62;
2022-07-14 16:00:00;366.0;362.15;191.0;26.21;67.15;1.03;
2022-07-14 17:00:00;92.0;0.0;92.0;25.11;74.0;1.52;
2022-07-14 18:00:00;53.0;0.0;53.0;24.74;79.05;0.9;
2022-07-14 19:00:00;0.0;0.0;0.0;24.88;79.05;0.69;
2022-07-14 20:00:00;0.0;0.0;0.0;24.84;76.45;0.48;
2022-07-14 21:00:00;0.0;0.0;0.0;21.99;89.95;1.45;
2022-07-14 22:00:00;0.0;0.0;0.0;21.07;89.95;1.52;
2022-07-14 23:00:00;0.0;0.0;0.0;20.76;89.9;1.59;
2022-07-15 00:00:00;0.0;0.0;0.0;20.57;89.9;1.52;
2022-07-15 01:00:00;0.0;0.0;0.0;20.52;89.85;1.45;
2022-07-15 02:00:00;0.0;0.0;0.0;21.75;81.35;1.03;
2022-07-15 03:00:00;0.0;0.0;0.0;22.12;81.4;0.34;
2022-07-15 04:00:00;4.0;0.0;4.0;20.19;86.85;1.31;
2022-07-15 05:00:00;149.0;376.37;70.0;21.21;84.05;0.9;
2022-07-15 06:00:00;321.0;575.11;103.0;21.88;87.0;0.62;
2022-07-15 07:00:00;495.0;679.23;128.0;23.05;78.75;0.55;
2022-07-15 08:00:00;651.0;735.33;149.0;24.02;76.3;1.03;
2022-07-15 09:00:00;622.0;344.02;348.0;25.05;71.5;1.31;
2022-07-15 10:00:00;592.0;188.81;427.0;25.8;67.05;1.45;
2022-07-15 11:00:00;786.0;481.46;348.0;26.47;62.8;1.52;
2022-07-15 12:00:00;908.0;828.63;161.0;27.19;58.9;1.79;
2022-07-15 13:00:00;703.0;417.77;348.0;27.37;56.95;1.66;
2022-07-15 14:00:00;736.0;765.15;156.0;27.44;56.95;1.52;
2022-07-15 15:00:00;474.0;314.58;275.0;26.71;58.8;0.55;
2022-07-15 16:00:00;410.0;545.68;147.0;25.89;62.65;1.38;
2022-07-15 17:00:00;118.0;0.0;118.0;24.42;66.75;1.38;
2022-07-15 18:00:00;49.0;0.0;49.0;24.3;69.05;1.45;
2022-07-15 19:00:00;0.0;0.0;0.0;25.13;71.6;0.34;
2022-07-15 20:00:00;0.0;0.0;0.0;23.24;84.25;1.1;
2022-07-15 21:00:00;0.0;0.0;0.0;22.64;84.25;1.1;
2022-07-15 22:00:00;0.0;0.0;0.0;22.0;87.0;1.24;
2022-07-15 23:00:00;0.0;0.0;0.0;21.44;89.95;1.24;
2022-07-16 00:00:00;0.0;0.0;0.0;19.92;96.1;2.41;
2022-07-16 01:00:00;0.0;0.0;0.0;18.99;96.1;1.72;
2022-07-16 02:00:00;0.0;0.0;0.0;18.98;96.1;1.59;
2022-07-16 03:00:00;0.0;0.0;0.0;18.69;92.9;0.9;
2022-07-16 04:00:00;3.0;0.0;3.0;18.82;92.9;1.03;
2022-07-16 05:00:00;120.0;182.96;82.0;19.4;96.1;0.9;
2022-07-16 06:00:00;209.0;116.7;165.0;20.77;86.9;1.17;
2022-07-16 07:00:00;477.0;607.24;150.0;20.64;81.2;0.97;
2022-07-16 08:00:00;632.0;668.07;177.0;21.09;81.3;1.72;
2022-07-16 09:00:00;676.0;470.42;302.0;22.0;78.65;1.38;
2022-07-16 10:00:00;605.0;207.42;424.0;22.89;76.15;1.31;
2022-07-16 11:00:00;785.0;482.08;347.0;23.77;73.75;2.0;
2022-07-16 12:00:00;436.0;35.54;404.0;23.48;73.7;1.31;
2022-07-16 13:00:00;92.0;0.0;92.0;23.81;73.75;1.86;
2022-07-16 14:00:00;104.0;0.0;104.0;22.65;78.75;2.41;
2022-07-16 15:00:00;102.0;0.0;102.0;20.89;89.9;1.66;
2022-07-16 16:00:00;114.0;0.0;114.0;20.73;86.9;0.48;
2022-07-16 17:00:00;51.0;0.0;51.0;21.03;86.9;0.48;
2022-07-16 18:00:00;9.0;0.0;9.0;20.38;89.85;0.48;
2022-07-16 19:00:00;0.0;0.0;0.0;20.11;92.95;0.9;
2022-07-16 20:00:00;0.0;0.0;0.0;19.53;96.1;0.48;
2022-07-16 21:00:00;0.0;0.0;0.0;18.7;92.9;0.97;
2022-07-16 22:00:00;0.0;0.0;0.0;17.75;96.05;1.24;
2022-07-16 23:00:00;0.0;0.0;0.0;18.69;92.9;0.76;
2022-07-17 00:00:00;0.0;0.0;0.0;17.78;96.05;0.97;
2022-07-17 01:00:00;0.0;0.0;0.0;16.31;99.4;1.52;
2022-07-17 02:00:00;0.0;0.0;0.0;15.95;99.4;1.52;
2022-07-17 03:00:00;0.0;0.0;0.0;15.64;96.0;1.72;
2022-07-17 04:00:00;8.0;0.0;8.0;15.49;96.0;1.86;
2022-07-17 05:00:00;155.0;438.08;65.0;16.28;92.8;1.59;
2022-07-17 06:00:00;331.0;624.03;97.0;19.39;89.8;1.03;
2022-07-17 07:00:00;0.0;0.0;0.0;19.56;89.85;0.07;
2022-07-17 08:00:00;650.0;715.32;164.0;21.68;78.65;0.69;
2022-07-17 09:00:00;593.0;277.23;373.0;23.65;68.95;1.03;
2022-07-17 10:00:00;795.0;568.12;300.0;25.57;60.45;1.24;
2022-07-17 11:00:00;938.0;864.07;154.0;27.4;49.7;1.31;
2022-07-17 12:00:00;938.0;885.21;142.0;28.75;40.75;1.38;
2022-07-17 13:00:00;866.0;844.84;150.0;29.61;35.6;1.17;
2022-07-17 14:00:00;762.0;823.08;140.0;30.19;32.15;1.31;
2022-07-17 15:00:00;608.0;749.11;136.0;30.16;33.3;1.66;
2022-07-17 16:00:00;448.0;707.44;109.0;29.65;36.85;1.93;
2022-07-17 17:00:00;87.0;0.0;87.0;28.51;48.25;2.28;
2022-07-17 18:00:00;50.0;0.0;50.0;26.86;58.8;2.07;
2022-07-17 19:00:00;0.0;0.0;0.0;24.94;60.35;1.59;
2022-07-17 20:00:00;0.0;0.0;0.0;23.0;59.95;1.72;
2022-07-17 21:00:00;0.0;0.0;0.0;20.93;63.8;2.21;
2022-07-17 22:00:00;0.0;0.0;0.0;19.91;63.6;2.41;
2022-07-17 23:00:00;0.0;0.0;0.0;19.12;63.5;2.48;
2022-07-18 00:00:00;0.0;0.0;0.0;18.5;65.65;2.48;
2022-07-18 01:00:00;0.0;0.0;0.0;18.13;65.65;2.62;
2022-07-18 02:00:00;0.0;0.0;0.0;17.82;67.95;2.69;
2022-07-18 03:00:00;0.0;0.0;0.0;17.55;67.95;2.69;
2022-07-18 04:00:00;8.0;0.0;8.0;17.38;70.3;2.69;
2022-07-18 05:00:00;146.0;383.98;68.0;17.93;70.35;2.48;
2022-07-18 06:00:00;323.0;595.37;101.0;20.93;68.4;2.14;
2022-07-18 07:00:00;502.0;710.62;122.0;23.85;62.25;0.76;
2022-07-18 08:00:00;666.0;779.09;138.0;26.05;52.85;0.41;
2022-07-18 09:00:00;800.0;824.46;147.0;27.57;46.4;0.62;
2022-07-18 10:00:00;892.0;850.65;152.0;28.73;40.75;0.83;
2022-07-18 11:00:00;931.0;850.93;160.0;29.48;39.5;1.38;
2022-07-18 12:00:00;936.0;883.07;143.0;29.96;39.5;1.86;
2022-07-18 13:00:00;869.0;854.32;146.0;30.2;38.3;2.14;
2022-07-18 14:00:00;756.0;809.88;145.0;30.31;38.3;2.21;
2022-07-18 15:00:00;609.0;757.11;133.0;30.23;38.3;2.21;
2022-07-18 16:00:00;444.0;697.12;111.0;29.73;42.3;2.0;
2022-07-18 17:00:00;87.0;0.0;87.0;29.09;50.05;1.59;
2022-07-18 18:00:00;48.0;0.0;48.0;27.72;65.2;1.31;
2022-07-18 19:00:00;0.0;0.0;0.0;25.48;69.25;1.52;
2022-07-18 20:00:00;0.0;0.0;0.0;24.98;62.45;1.24;
2022-07-18 21:00:00;0.0;0.0;0.0;25.16;56.5;0.9;
2022-07-18 22:00:00;0.0;0.0;0.0;24.81;56.35;0.34;
2022-07-18 23:00:00;0.0;0.0;0.0;24.26;58.2;0.83;
2022-07-19 00:00:00;0.0;0.0;0.0;23.36;62.15;1.03;
2022-07-19 01:00:00;0.0;0.0;0.0;23.12;62.15;0.48;
2022-07-19 02:00:00;0.0;0.0;0.0;22.91;64.2;0.55;
2022-07-19 03:00:00;0.0;0.0;0.0;22.12;66.35;1.17;
2022-07-19 04:00:00;3.0;0.0;3.0;19.9;75.7;1.52;
2022-07-19 05:00:00;123.0;224.12;78.0;21.0;73.3;1.17;
2022-07-19 06:00:00;314.0;569.15;103.0;22.37;78.7;0.41;
2022-07-19 07:00:00;496.0;703.82;121.0;25.09;58.45;0.55;
2022-07-19 08:00:00;659.0;775.18;135.0;26.57;52.95;0.07;
2022-07-19 09:00:00;793.0;821.03;144.0;27.98;48.15;0.76;
2022-07-19 10:00:00;885.0;848.58;148.0;28.8;46.75;1.66;
2022-07-19 11:00:00;923.0;848.86;155.0;29.49;46.9;2.28;
2022-07-19 12:00:00;934.0;893.24;133.0;29.82;48.5;2.62;
2022-07-19 13:00:00;867.0;863.9;137.0;29.81;50.2;2.76;
2022-07-19 14:00:00;749.0;807.34;141.0;30.06;48.5;2.69;
2022-07-19 15:00:00;600.0;742.92;134.0;29.66;48.5;2.21;
2022-07-19 16:00:00;417.0;594.45;134.0;29.38;48.5;1.79;
2022-07-19 17:00:00;89.0;0.0;89.0;28.72;55.4;1.1;
2022-07-19 18:00:00;50.0;0.0;50.0;27.43;71.9;0.83;
2022-07-19 19:00:00;0.0;0.0;0.0;26.04;69.3;1.45;
2022-07-19 20:00:00;0.0;0.0;0.0;24.52;73.85;1.31;
2022-07-19 21:00:00;0.0;0.0;0.0;23.48;76.2;1.38;
2022-07-19 22:00:00;0.0;0.0;0.0;24.25;69.05;1.1;
2022-07-19 23:00:00;0.0;0.0;0.0;24.39;69.05;0.07;
2022-07-20 00:00:00;0.0;0.0;0.0;23.76;71.35;0.9;
2022-07-20 01:00:00;0.0;0.0;0.0;23.56;73.7;0.76;
2022-07-20 02:00:00;0.0;0.0;0.0;23.31;73.7;0.48;
2022-07-20 03:00:00;0.0;0.0;0.0;23.04;76.15;0.55;
2022-07-20 04:00:00;1.0;0.0;1.0;22.47;78.7;1.1;
2022-07-20 05:00:00;126.0;267.16;73.0;21.09;84.05;1.31;
2022-07-20 06:00:00;194.0;94.97;159.0;23.05;84.25;0.69;
2022-07-20 07:00:00;433.0;461.54;188.0;24.1;71.4;1.31;
2022-07-20 08:00:00;617.0;646.7;181.0;25.42;64.7;1.1;
2022-07-20 09:00:00;731.0;650.3;218.0;26.78;58.8;0.9;
2022-07-20 10:00:00;835.0;724.3;207.0;27.96;55.15;1.31;
2022-07-20 11:00:00;886.0;764.91;195.0;28.61;53.45;1.79;
2022-07-20 12:00:00;887.0;791.82;178.0;28.97;53.55;1.93;
2022-07-20 13:00:00;796.0;680.37;222.0;29.49;51.9;2.07;
2022-07-20 14:00:00;482.0;160.97;361.0;29.34;50.2;2.21;
2022-07-20 15:00:00;117.0;0.0;117.0;28.95;51.8;1.86;
2022-07-20 16:00:00;376.0;430.03;172.0;28.67;50.05;1.31;
2022-07-20 17:00:00;106.0;0.0;106.0;26.79;58.8;0.76;
2022-07-20 18:00:00;17.0;0.0;17.0;25.35;64.7;1.79;
2022-07-20 19:00:00;0.0;0.0;0.0;21.78;84.1;1.1;
2022-07-20 20:00:00;0.0;0.0;0.0;20.52;96.1;1.93;
2022-07-20 21:00:00;0.0;0.0;0.0;20.16;92.95;1.86;
2022-07-20 22:00:00;0.0;0.0;0.0;19.78;96.1;1.31;
2022-07-20 23:00:00;0.0;0.0;0.0;19.74;92.9;1.52;
2022-07-21 00:00:00;0.0;0.0;0.0;19.19;96.1;1.1;
2022-07-21 01:00:00;0.0;0.0;0.0;18.17;96.1;0.34;
2022-07-21 02:00:00;0.0;0.0;0.0;18.25;96.1;1.45;
2022-07-21 03:00:00;0.0;0.0;0.0;18.36;92.85;1.72;
2022-07-21 04:00:00;6.0;0.0;6.0;18.35;92.85;1.45;
2022-07-21 05:00:00;15.0;0.0;15.0;18.22;89.75;1.17;
2022-07-21 06:00:00;28.0;0.0;28.0;18.59;86.8;0.14;
2022-07-21 07:00:00;47.0;0.0;47.0;19.34;92.9;1.45;
2022-07-21 08:00:00;89.0;0.0;89.0;19.13;92.9;1.59;
2022-07-21 09:00:00;123.0;0.0;123.0;19.51;92.9;1.24;
2022-07-21 10:00:00;142.0;0.0;142.0;20.01;89.85;1.1;
2022-07-21 11:00:00;260.0;0.0;260.0;20.64;84.05;1.1;
2022-07-21 12:00:00;604.0;187.92;436.0;21.07;84.05;1.45;
2022-07-21 13:00:00;784.0;650.64;236.0;20.55;84.05;1.45;
2022-07-21 14:00:00;568.0;315.92;331.0;20.55;84.05;1.03;
2022-07-21 15:00:00;584.0;714.61;138.0;20.89;84.05;1.31;
2022-07-21 16:00:00;411.0;598.81;128.0;20.98;84.05;1.03;
2022-07-21 17:00:00;116.0;0.0;116.0;20.99;84.05;1.03;
2022-07-21 18:00:00;50.0;0.0;50.0;20.73;86.9;0.55;
2022-07-21 19:00:00;0.0;0.0;0.0;19.51;92.9;1.03;
2022-07-21 20:00:00;0.0;0.0;0.0;18.59;92.9;0.62;
2022-07-21 21:00:00;0.0;0.0;0.0;18.18;92.85;0.62;
2022-07-21 22:00:00;0.0;0.0;0.0;17.47;96.05;0.9;
2022-07-21 23:00:00;0.0;0.0;0.0;17.19;96.05;0.97;
2022-07-22 00:00:00;0.0;0.0;0.0;16.61;96.05;1.17;
2022-07-22 01:00:00;0.0;0.0;0.0;16.23;96.05;1.38;
2022-07-22 02:00:00;0.0;0.0;0.0;15.6;96.0;1.72;
2022-07-22 03:00:00;0.0;0.0;0.0;15.02;96.0;1.72;
2022-07-22 04:00:00;1.0;0.0;1.0;14.84;99.4;1.72;
2022-07-22 05:00:00;146.0;444.57;60.0;15.76;96.0;1.52;
2022-07-22 06:00:00;323.0;642.81;89.0;18.91;92.9;1.24;
2022-07-22 07:00:00;500.0;738.49;111.0;21.58;78.65;1.17;
2022-07-22 08:00:00;663.0;803.85;124.0;23.22;71.25;1.03;
2022-07-22 09:00:00;791.0;830.0;139.0;24.81;60.35;1.1;
2022-07-22 10:00:00;884.0;858.81;142.0;26.08;54.7;0.97;
2022-07-22 11:00:00;923.0;859.53;149.0;26.87;51.3;0.83;
2022-07-22 12:00:00;919.0;868.28;144.0;27.53;48.0;1.17;
2022-07-22 13:00:00;871.0;886.08;126.0;27.84;46.5;1.66;
2022-07-22 14:00:00;740.0;794.78;145.0;27.93;46.5;1.93;
2022-07-22 15:00:00;224.0;6.43;220.0;27.52;46.4;1.38;
2022-07-22 16:00:00;169.0;8.5;165.0;27.16;43.3;1.59;
2022-07-22 17:00:00;100.0;0.0;100.0;26.93;41.65;0.14;
2022-07-22 18:00:00;37.0;0.0;37.0;25.92;54.7;1.17;
2022-07-22 19:00:00;0.0;0.0;0.0;24.17;73.85;1.72;
2022-07-22 20:00:00;0.0;0.0;0.0;21.87;81.35;1.79;
2022-07-22 21:00:00;0.0;0.0;0.0;20.47;86.85;1.79;
2022-07-22 22:00:00;0.0;0.0;0.0;19.74;89.85;1.93;
2022-07-22 23:00:00;0.0;0.0;0.0;19.18;92.9;1.66;
2022-07-23 00:00:00;0.0;0.0;0.0;18.3;92.85;1.52;
2022-07-23 01:00:00;0.0;0.0;0.0;17.7;92.85;1.45;
2022-07-23 02:00:00;0.0;0.0;0.0;16.92;92.8;1.66;
2022-07-23 03:00:00;0.0;0.0;0.0;16.4;92.8;1.79;
2022-07-23 04:00:00;2.0;0.0;2.0;16.19;92.8;1.86;
2022-07-23 05:00:00;140.0;413.81;61.0;16.92;92.8;1.66;
2022-07-23 06:00:00;312.0;599.92;95.0;20.57;84.05;1.17;
2022-07-23 07:00:00;485.0;695.7;120.0;21.3;86.95;0.55;
2022-07-23 08:00:00;648.0;767.24;135.0;22.88;78.75;0.62;
2022-07-23 09:00:00;778.0;803.76;148.0;24.44;73.85;0.83;
2022-07-23 10:00:00;870.0;831.42;153.0;25.66;64.8;1.03;
2022-07-23 11:00:00;909.0;832.07;161.0;26.61;62.9;1.1;
2022-07-23 12:00:00;909.0;852.9;149.0;27.22;60.9;1.45;
2022-07-23 13:00:00;843.0;824.56;151.0;27.67;59.0;1.86;
2022-07-23 14:00:00;736.0;791.16;145.0;27.85;59.0;2.07;
2022-07-23 15:00:00;588.0;726.66;137.0;27.79;59.0;2.14;
2022-07-23 16:00:00;424.0;663.43;113.0;27.66;59.0;1.79;
2022-07-23 17:00:00;88.0;0.0;88.0;27.25;60.9;1.38;
2022-07-23 18:00:00;46.0;0.0;46.0;26.23;74.15;0.9;
2022-07-23 19:00:00;0.0;0.0;0.0;25.15;71.6;1.03;
2022-07-23 20:00:00;0.0;0.0;0.0;23.01;81.45;1.59;
2022-07-23 21:00:00;0.0;0.0;0.0;21.5;84.05;1.86;
2022-07-23 22:00:00;0.0;0.0;0.0;20.55;86.85;2.0;
2022-07-23 23:00:00;0.0;0.0;0.0;19.85;86.85;1.93;
2022-07-24 00:00:00;0.0;0.0;0.0;19.26;89.8;1.86;
2022-07-24 01:00:00;0.0;0.0;0.0;18.7;86.8;1.86;
2022-07-24 02:00:00;0.0;0.0;0.0;18.31;89.75;2.0;
2022-07-24 03:00:00;0.0;0.0;0.0;18.0;92.85;1.93;
2022-07-24 04:00:00;0.0;0.0;0.0;17.79;92.85;1.93;
2022-07-24 05:00:00;99.0;127.43;75.0;18.15;92.85;1.59;
2022-07-24 06:00:00;235.0;230.97;152.0;21.78;89.95;0.9;
2022-07-24 07:00:00;441.0;522.47;168.0;24.55;71.4;0.55;
2022-07-24 08:00:00;642.0;760.47;135.0;25.51;64.7;0.62;
2022-07-24 09:00:00;763.0;773.6;158.0;26.27;62.8;0.97;
2022-07-24 10:00:00;854.0;800.47;165.0;26.69;60.8;1.24;
2022-07-24 11:00:00;897.0;812.35;168.0;27.28;58.9;1.24;
2022-07-24 12:00:00;817.0;604.83;279.0;27.75;57.05;1.24;
2022-07-24 13:00:00;814.0;748.54;187.0;27.95;57.05;1.59;
2022-07-24 14:00:00;698.0;676.24;194.0;28.22;53.45;1.24;
2022-07-24 15:00:00;511.0;455.73;229.0;28.2;53.45;1.1;
2022-07-24 16:00:00;324.0;261.39;202.0;27.95;55.15;0.55;
2022-07-24 17:00:00;124.0;0.0;124.0;27.54;56.95;0.76;
2022-07-24 18:00:00;47.0;0.0;47.0;25.95;67.05;0.76;
2022-07-24 19:00:00;0.0;0.0;0.0;24.56;84.35;0.97;
2022-07-24 20:00:00;0.0;0.0;0.0;23.87;78.9;0.97;
2022-07-24 21:00:00;0.0;0.0;0.0;22.28;84.15;1.52;
2022-07-24 22:00:00;0.0;0.0;0.0;21.24;89.95;1.72;
2022-07-24 23:00:00;0.0;0.0;0.0;20.74;89.9;1.59;
2022-07-25 00:00:00;0.0;0.0;0.0;20.46;92.95;1.59;
2022-07-25 01:00:00;0.0;0.0;0.0;20.02;92.9;1.59;
2022-07-25 02:00:00;0.0;0.0;0.0;19.66;92.9;1.66;
2022-07-25 03:00:00;0.0;0.0;0.0;19.28;96.1;1.66;
2022-07-25 04:00:00;0.0;0.0;0.0;18.83;92.9;1.66;
2022-07-25 05:00:00;125.0;333.85;63.0;19.63;96.1;1.31;
2022-07-25 06:00:00;284.0;476.23;114.0;23.02;90.05;0.76;
2022-07-25 07:00:00;465.0;639.95;132.0;24.05;78.9;0.34;
2022-07-25 08:00:00;631.0;734.14;143.0;25.46;66.95;0.62;
2022-07-25 09:00:00;763.0;781.8;153.0;26.44;64.95;0.83;
2022-07-25 10:00:00;849.0;796.22;165.0;27.33;63.0;1.1;
2022-07-25 11:00:00;873.0;747.96;203.0;28.0;63.1;1.66;
2022-07-25 12:00:00;873.0;774.87;185.0;28.32;61.1;2.14;
2022-07-25 13:00:00;784.0;665.1;228.0;28.18;61.1;1.38;
2022-07-25 14:00:00;656.0;552.78;245.0;28.34;61.1;1.31;
2022-07-25 15:00:00;437.0;257.76;278.0;28.03;61.0;0.55;
2022-07-25 16:00:00;265.0;118.38;210.0;27.67;61.0;0.41;
2022-07-25 17:00:00;125.0;0.0;125.0;27.43;63.0;0.48;
2022-07-25 18:00:00;47.0;0.0;47.0;26.56;81.85;0.41;
2022-07-25 19:00:00;0.0;0.0;0.0;25.15;84.45;0.62;
2022-07-25 20:00:00;0.0;0.0;0.0;25.07;81.7;0.21;
2022-07-25 21:00:00;0.0;0.0;0.0;23.03;90.05;1.17;
2022-07-25 22:00:00;0.0;0.0;0.0;21.44;96.15;1.59;
2022-07-25 23:00:00;0.0;0.0;0.0;20.58;96.15;1.52;
2022-07-26 00:00:00;0.0;0.0;0.0;20.18;99.4;1.45;
2022-07-26 01:00:00;0.0;0.0;0.0;19.93;100.0;1.52;
2022-07-26 02:00:00;0.0;0.0;0.0;19.7;99.4;1.52;
2022-07-26 03:00:00;0.0;0.0;0.0;19.64;99.4;1.59;
2022-07-26 04:00:00;0.0;0.0;0.0;19.4;100.0;1.66;
2022-07-26 05:00:00;116.0;262.22;68.0;19.77;99.4;1.59;
2022-07-26 06:00:00;287.0;502.06;109.0;21.23;96.15;1.38;
2022-07-26 07:00:00;464.0;640.75;132.0;24.64;73.95;0.21;
2022-07-26 08:00:00;630.0;736.36;142.0;26.27;67.15;0.21;
2022-07-26 09:00:00;758.0;770.81;158.0;27.44;65.1;1.17;
2022-07-26 10:00:00;845.0;782.67;174.0;27.44;65.1;2.0;
2022-07-26 11:00:00;883.0;779.56;186.0;26.62;67.2;2.62;
2022-07-26 12:00:00;864.0;747.0;202.0;26.92;71.85;1.79;
2022-07-26 13:00:00;805.0;732.42;194.0;26.61;69.5;2.34;
2022-07-26 14:00:00;697.0;687.65;187.0;26.34;69.4;3.52;
2022-07-26 15:00:00;537.0;559.51;193.0;25.64;74.1;3.59;
2022-07-26 16:00:00;388.0;523.39;146.0;25.57;76.5;2.9;
2022-07-26 17:00:00;112.0;0.0;112.0;25.21;74.0;3.17;
2022-07-26 18:00:00;41.0;0.0;41.0;24.53;78.95;1.72;
2022-07-26 19:00:00;0.0;0.0;0.0;24.22;81.65;1.38;
2022-07-26 20:00:00;0.0;0.0;0.0;22.92;84.25;2.07;
2022-07-26 21:00:00;0.0;0.0;0.0;21.52;86.95;2.41;
2022-07-26 22:00:00;0.0;0.0;0.0;21.12;86.95;2.69;
2022-07-26 23:00:00;0.0;0.0;0.0;20.98;86.9;2.55;
2022-07-27 00:00:00;0.0;0.0;0.0;20.73;86.9;2.14;
2022-07-27 01:00:00;0.0;0.0;0.0;20.66;86.9;2.21;
2022-07-27 02:00:00;0.0;0.0;0.0;20.34;89.85;2.0;
2022-07-27 03:00:00;0.0;0.0;0.0;20.06;89.85;1.86;
2022-07-27 04:00:00;0.0;0.0;0.0;19.67;92.9;1.66;
2022-07-27 05:00:00;115.0;277.23;65.0;19.79;92.9;1.59;
2022-07-27 06:00:00;292.0;551.02;98.0;22.02;87.0;0.97;
2022-07-27 07:00:00;469.0;672.61;122.0;23.85;73.75;0.62;
2022-07-27 08:00:00;638.0;767.4;131.0;25.02;66.85;0.07;
2022-07-27 09:00:00;756.0;770.11;158.0;25.9;62.65;0.48;
2022-07-27 10:00:00;843.0;783.13;173.0;26.75;60.8;1.38;
2022-07-27 11:00:00;896.0;823.65;161.0;27.4;58.9;2.07;
2022-07-27 12:00:00;892.0;832.13;156.0;27.84;59.0;2.41;
2022-07-27 13:00:00;808.0;746.02;187.0;28.11;57.05;2.34;
2022-07-27 14:00:00;707.0;728.65;168.0;27.98;57.05;1.38;
2022-07-27 15:00:00;551.0;616.92;173.0;28.02;57.05;0.76;
2022-07-27 16:00:00;401.0;597.75;126.0;27.76;57.05;0.9;
2022-07-27 17:00:00;95.0;0.0;95.0;26.6;62.8;1.03;
2022-07-27 18:00:00;43.0;0.0;43.0;25.59;79.1;0.69;
2022-07-27 19:00:00;0.0;0.0;0.0;24.99;81.7;0.9;
2022-07-27 20:00:00;0.0;0.0;0.0;25.02;73.95;0.76;
2022-07-27 21:00:00;0.0;0.0;0.0;24.1;76.35;0.97;
2022-07-27 22:00:00;0.0;0.0;0.0;22.97;84.25;1.31;
2022-07-27 23:00:00;0.0;0.0;0.0;22.32;84.15;1.38;
2022-07-28 00:00:00;0.0;0.0;0.0;21.93;87.0;1.45;
2022-07-28 01:00:00;0.0;0.0;0.0;21.68;84.1;1.52;
2022-07-28 02:00:00;0.0;0.0;0.0;20.91;89.9;1.79;
2022-07-28 03:00:00;0.0;0.0;0.0;20.4;92.95;1.79;
2022-07-28 04:00:00;0.0;0.0;0.0;20.01;96.1;1.72;
2022-07-28 05:00:00;79.0;67.56;67.0;20.31;92.95;1.45;
2022-07-28 06:00:00;259.0;380.46;126.0;23.19;87.1;0.76;
2022-07-28 07:00:00;443.0;570.46;150.0;24.35;76.35;0.62;
2022-07-28 08:00:00;610.0;687.83;157.0;25.67;67.05;1.03;
2022-07-28 09:00:00;736.0;719.09;179.0;26.47;67.15;1.45;
2022-07-28 10:00:00;817.0;716.86;205.0;27.3;63.0;1.17;
2022-07-28 11:00:00;822.0;624.31;266.0;27.73;63.1;1.31;
2022-07-28 12:00:00;854.0;739.79;201.0;28.2;61.1;1.66;
2022-07-28 13:00:00;614.0;279.34;382.0;28.34;61.1;1.93;
2022-07-28 14:00:00;88.0;0.0;88.0;28.43;61.1;2.34;
2022-07-28 15:00:00;121.0;0.0;121.0;28.31;61.1;2.28;
2022-07-28 16:00:00;105.0;0.0;105.0;28.11;63.1;1.45;
2022-07-28 17:00:00;92.0;0.0;92.0;27.87;65.2;0.97;
2022-07-28 18:00:00;42.0;0.0;42.0;27.06;76.7;0.28;
2022-07-28 19:00:00;0.0;0.0;0.0;24.85;84.4;0.9;
2022-07-28 20:00:00;0.0;0.0;0.0;23.45;93.05;1.03;
2022-07-28 21:00:00;0.0;0.0;0.0;23.23;90.05;0.83;
2022-07-28 22:00:00;0.0;0.0;0.0;23.46;90.05;0.62;
2022-07-28 23:00:00;0.0;0.0;0.0;22.93;93.05;0.9;
2022-07-29 00:00:00;0.0;0.0;0.0;22.14;93.05;1.1;
2022-07-29 01:00:00;0.0;0.0;0.0;20.98;96.15;1.38;
2022-07-29 02:00:00;0.0;0.0;0.0;20.26;96.1;1.52;
2022-07-29 03:00:00;0.0;0.0;0.0;19.82;96.1;1.52;
2022-07-29 04:00:00;0.0;0.0;0.0;19.7;96.1;1.45;
2022-07-29 05:00:00;116.0;320.29;60.0;20.56;92.95;1.17;
2022-07-29 06:00:00;289.0;553.25;97.0;22.5;96.15;0.34;
2022-07-29 07:00:00;467.0;678.65;120.0;23.49;84.25;0.55;
2022-07-29 08:00:00;627.0;744.89;138.0;24.77;76.45;0.69;
2022-07-29 09:00:00;760.0;793.4;147.0;25.92;71.65;0.9;
2022-07-29 10:00:00;844.0;797.09;165.0;27.04;67.2;1.24;
2022-07-29 11:00:00;892.0;822.5;161.0;27.77;61.0;1.59;
2022-07-29 12:00:00;892.0;842.4;150.0;28.4;57.15;1.72;
2022-07-29 13:00:00;822.0;802.57;157.0;28.71;55.4;1.59;
2022-07-29 14:00:00;718.0;778.93;145.0;28.91;55.4;1.59;
2022-07-29 15:00:00;573.0;723.38;133.0;28.63;57.15;1.59;
2022-07-29 16:00:00;409.0;654.71;111.0;28.65;55.4;1.24;
2022-07-29 17:00:00;83.0;0.0;83.0;28.34;57.15;0.83;
2022-07-29 18:00:00;41.0;0.0;41.0;27.49;74.3;0.41;
2022-07-29 19:00:00;0.0;0.0;0.0;25.81;74.1;1.17;
2022-07-29 20:00:00;0.0;0.0;0.0;23.92;78.9;1.52;
2022-07-29 21:00:00;0.0;0.0;0.0;22.63;81.45;1.72;
2022-07-29 22:00:00;0.0;0.0;0.0;21.63;84.1;1.86;
2022-07-29 23:00:00;0.0;0.0;0.0;20.91;89.9;1.86;
2022-07-30 00:00:00;0.0;0.0;0.0;20.49;92.95;1.86;
2022-07-30 01:00:00;0.0;0.0;0.0;20.18;92.95;1.86;
2022-07-30 02:00:00;0.0;0.0;0.0;19.88;96.1;1.86;
2022-07-30 03:00:00;0.0;0.0;0.0;19.83;96.1;1.86;
2022-07-30 04:00:00;0.0;0.0;0.0;19.84;92.9;1.86;
2022-07-30 05:00:00;112.0;302.27;60.0;20.25;92.95;1.59;
2022-07-30 06:00:00;282.0;531.25;99.0;23.42;84.25;0.9;
2022-07-30 07:00:00;466.0;683.74;118.0;25.36;76.5;0.62;
2022-07-30 08:00:00;630.0;762.63;131.0;26.9;67.2;0.28;
2022-07-30 09:00:00;761.0;800.66;144.0;28.11;63.1;0.48;
2022-07-30 10:00:00;854.0;830.65;148.0;29.14;57.4;0.9;
2022-07-30 11:00:00;874.0;775.76;186.0;29.91;57.4;1.03;
2022-07-30 12:00:00;894.0;852.2;145.0;30.46;55.6;1.31;
2022-07-30 13:00:00;818.0;800.89;156.0;31.05;52.15;1.59;
2022-07-30 14:00:00;719.0;788.05;141.0;31.3;48.9;1.31;
2022-07-30 15:00:00;564.0;698.14;141.0;31.29;47.25;1.03;
2022-07-30 16:00:00;399.0;625.31;116.0;31.13;48.75;1.03;
2022-07-30 17:00:00;99.0;0.0;99.0;30.29;57.5;1.1;
2022-07-30 18:00:00;41.0;0.0;41.0;28.87;67.6;1.17;
2022-07-30 19:00:00;0.0;0.0;0.0;27.87;69.65;1.03;
2022-07-30 20:00:00;0.0;0.0;0.0;26.29;71.75;1.31;
2022-07-30 21:00:00;0.0;0.0;0.0;25.91;71.65;1.31;
2022-07-30 22:00:00;0.0;0.0;0.0;25.33;71.6;1.38;
2022-07-30 23:00:00;0.0;0.0;0.0;23.92;78.9;1.66;
2022-07-31 00:00:00;0.0;0.0;0.0;22.61;84.25;2.07;
2022-07-31 01:00:00;0.0;0.0;0.0;21.82;89.95;2.07;
2022-07-31 02:00:00;0.0;0.0;0.0;21.37;93.0;2.07;
2022-07-31 03:00:00;0.0;0.0;0.0;20.88;96.15;1.93;
2022-07-31 04:00:00;0.0;0.0;0.0;20.66;99.4;1.86;
2022-07-31 05:00:00;101.0;224.6;63.0;21.52;96.15;1.72;
2022-07-31 06:00:00;271.0;479.72;107.0;23.62;87.15;1.45;
2022-07-31 07:00:00;447.0;619.83;133.0;26.55;71.75;1.1;
2022-07-31 08:00:00;616.0;728.38;141.0;28.56;59.1;0.14;
2022-07-31 09:00:00;745.0;763.76;158.0;29.65;55.5;0.69;
2022-07-31 10:00:00;837.0;792.48;165.0;30.54;55.6;0.9;
2022-07-31 11:00:00;885.0;818.15;161.0;31.38;52.25;1.03;
2022-07-31 12:00:00;881.0;826.76;156.0;31.97;49.0;1.38;
2022-07-31 13:00:00;810.0;784.73;163.0;32.49;45.95;1.38;
2022-07-31 14:00:00;707.0;764.48;148.0;32.75;43.1;1.52;
2022-07-31 15:00:00;563.0;707.59;136.0;32.9;43.1;1.52;
2022-07-31 16:00:00;400.0;637.91;113.0;31.28;68.02;1.27;
2022-07-31 17:00:00;85.0;0.0;85.0;30.12;67.79;1.33;
2022-07-31 18:00:00;39.0;0.0;39.0;28.95;67.56;1.39;
2022-07-31 19:00:00;0.0;0.0;0.0;27.79;67.32;1.44;
2022-07-31 20:00:00;0.0;0.0;0.0;26.62;67.09;1.5;
2022-07-31 21:00:00;0.0;0.0;0.0;25.46;66.85;1.55;
2022-07-31 22:00:00;0.0;0.0;0.0;24.29;66.62;1.61;
2022-07-31 23:00:00;0.0;0.0;0.0;23.13;66.38;1.66;
2022-08-01 00:00:00;0.0;0.0;0.0;21.96;66.15;1.72;
2022-08-01 01:00:00;0.0;0.0;0.0;20.8;65.91;1.77;
2022-08-01 02:00:00;0.0;0.0;0.0;19.63;65.68;1.83;
2022-08-01 03:00:00;0.0;0.0;0.0;18.47;65.44;1.88;
2022-08-01 04:00:00;0.0;0.0;0.0;17.3;65.21;1.94;
2022-08-01 05:00:00;97.0;192.41;65.0;16.14;64.98;1.99;
2022-08-01 06:00:00;287.0;568.93;94.0;14.97;64.74;2.05;
2022-08-01 07:00:00;456.0;640.65;133.0;13.81;64.51;2.1;
2022-08-01 08:00:00;621.0;723.18;151.0;21.31;49.95;1.52;
2022-08-01 09:00:00;697.0;583.19;250.0;22.43;45.1;1.17;
2022-08-01 10:00:00;783.0;602.86;273.0;23.35;40.75;0.83;
2022-08-01 11:00:00;895.0;819.99;171.0;24.01;39.55;0.69;
2022-08-01 12:00:00;896.0;848.12;154.0;24.84;38.3;0.55;
2022-08-01 13:00:00;843.0;853.66;141.0;25.49;37.1;0.62;
2022-08-01 14:00:00;728.0;808.07;139.0;25.95;35.9;0.83;
2022-08-01 15:00:00;577.0;743.85;130.0;26.33;34.8;1.1;
2022-08-01 16:00:00;405.0;659.74;110.0;26.36;33.55;1.17;
2022-08-01 17:00:00;85.0;0.0;85.0;26.1;33.55;1.24;
2022-08-01 18:00:00;39.0;0.0;39.0;25.09;45.9;1.24;
2022-08-01 19:00:00;0.0;0.0;0.0;22.94;50.3;1.38;
2022-08-01 20:00:00;0.0;0.0;0.0;21.4;53.6;1.59;
2022-08-01 21:00:00;0.0;0.0;0.0;20.33;55.3;1.66;
2022-08-01 22:00:00;0.0;0.0;0.0;19.81;57.2;1.59;
2022-08-01 23:00:00;0.0;0.0;0.0;18.92;63.4;1.66;
2022-08-02 00:00:00;0.0;0.0;0.0;18.13;67.95;1.72;
2022-08-02 01:00:00;0.0;0.0;0.0;17.78;72.8;1.59;
2022-08-02 02:00:00;0.0;0.0;0.0;18.15;70.35;1.45;
2022-08-02 03:00:00;0.0;0.0;0.0;18.36;70.35;1.38;
2022-08-02 04:00:00;0.0;0.0;0.0;17.44;72.8;1.59;
2022-08-02 05:00:00;78.0;91.8;63.0;17.06;78.0;1.52;
2022-08-02 06:00:00;256.0;407.05;119.0;19.69;70.65;0.83;
2022-08-02 07:00:00;438.0;585.97;144.0;21.95;59.7;0.28;
2022-08-02 08:00:00;601.0;677.84;162.0;23.57;47.15;0.41;
2022-08-02 09:00:00;696.0;605.74;233.0;24.81;44.15;0.55;
2022-08-02 10:00:00;836.0;790.37;169.0;25.72;41.4;0.41;
2022-08-02 11:00:00;884.0;818.49;163.0;26.73;38.85;0.83;
2022-08-02 12:00:00;381.0;18.33;365.0;27.41;37.6;0.9;
2022-08-02 13:00:00;91.0;0.0;91.0;28.12;36.45;1.59;
2022-08-02 14:00:00;363.0;48.18;328.0;28.3;36.45;1.31;
2022-08-02 15:00:00;564.0;723.7;131.0;28.19;36.45;0.97;
2022-08-02 16:00:00;42.0;0.0;42.0;27.95;37.6;1.45;
2022-08-02 17:00:00;76.0;0.0;76.0;27.31;38.95;2.28;
2022-08-02 18:00:00;34.0;0.0;34.0;26.25;43.05;2.69;
2022-08-02 19:00:00;0.0;0.0;0.0;23.68;54.2;1.86;
2022-08-02 20:00:00;0.0;0.0;0.0;22.97;59.95;1.66;
2022-08-02 21:00:00;0.0;0.0;0.0;21.64;71.0;1.31;
2022-08-02 22:00:00;0.0;0.0;0.0;21.18;70.9;1.1;
2022-08-02 23:00:00;0.0;0.0;0.0;21.17;70.9;1.03;
2022-08-03 00:00:00;0.0;0.0;0.0;21.92;66.25;0.28;
2022-08-03 01:00:00;0.0;0.0;0.0;21.39;70.9;0.55;
2022-08-03 02:00:00;0.0;0.0;0.0;19.49;78.35;1.24;
2022-08-03 03:00:00;0.0;0.0;0.0;18.01;86.7;1.86;
2022-08-03 04:00:00;0.0;0.0;0.0;17.31;92.8;2.07;
2022-08-03 05:00:00;55.0;18.7;52.0;17.34;96.05;1.66;
2022-08-03 06:00:00;286.0;590.04;89.0;18.1;89.75;0.69;
2022-08-03 07:00:00;422.0;510.76;167.0;22.23;61.95;1.24;
2022-08-03 08:00:00;630.0;776.33;129.0;23.95;48.8;2.0;
2022-08-03 09:00:00;767.0;825.26;138.0;25.4;39.85;2.62;
2022-08-03 10:00:00;861.0;854.12;142.0;26.48;36.05;2.55;
2022-08-03 11:00:00;901.0;855.73;149.0;27.4;33.8;2.21;
2022-08-03 12:00:00;892.0;853.43;149.0;27.83;33.8;1.86;
2022-08-03 13:00:00;789.0;710.43;208.0;27.81;33.8;1.52;
2022-08-03 14:00:00;434.0;113.26;352.0;27.77;35.05;1.31;
2022-08-03 15:00:00;230.0;10.07;224.0;28.12;33.95;1.59;
2022-08-03 16:00:00;215.0;54.38;191.0;27.88;36.3;2.14;
2022-08-03 17:00:00;111.0;0.0;111.0;27.11;38.95;2.9;
2022-08-03 18:00:00;32.0;0.0;32.0;25.77;44.45;3.24;
2022-08-03 19:00:00;0.0;0.0;0.0;24.43;45.6;2.83;
2022-08-03 20:00:00;0.0;0.0;0.0;22.81;54.0;2.76;
2022-08-03 21:00:00;0.0;0.0;0.0;21.71;61.85;2.41;
2022-08-03 22:00:00;0.0;0.0;0.0;20.53;66.05;1.93;
2022-08-03 23:00:00;0.0;0.0;0.0;19.56;73.15;1.38;
2022-08-04 00:00:00;0.0;0.0;0.0;20.13;70.7;0.97;
2022-08-04 01:00:00;0.0;0.0;0.0;20.18;68.3;0.97;
2022-08-04 02:00:00;0.0;0.0;0.0;19.73;70.65;1.03;
2022-08-04 03:00:00;0.0;0.0;0.0;18.62;75.55;1.24;
2022-08-04 04:00:00;0.0;0.0;0.0;17.68;80.85;1.45;
2022-08-04 05:00:00;94.0;222.24;59.0;17.46;80.85;1.45;
2022-08-04 06:00:00;269.0;498.27;104.0;20.05;70.7;0.9;
2022-08-04 07:00:00;468.0;722.69;109.0;22.27;57.75;1.1;
2022-08-04 08:00:00;636.0;800.91;121.0;23.4;54.1;0.48;
2022-08-04 09:00:00;763.0;817.13;142.0;24.58;49.05;0.28;
2022-08-04 10:00:00;857.0;845.59;147.0;25.73;44.45;0.62;
2022-08-04 11:00:00;906.0;870.38;143.0;26.81;40.25;0.83;
2022-08-04 12:00:00;902.0;879.81;138.0;27.56;37.6;0.83;
2022-08-04 13:00:00;843.0;873.14;131.0;28.06;35.2;0.9;
2022-08-04 14:00:00;723.0;815.0;135.0;28.69;34.1;1.24;
2022-08-04 15:00:00;573.0;759.06;123.0;28.99;34.1;2.0;
2022-08-04 16:00:00;404.0;689.0;102.0;28.79;32.9;2.34;
2022-08-04 17:00:00;77.0;0.0;77.0;28.18;35.2;2.48;
2022-08-04 18:00:00;34.0;0.0;34.0;27.09;35.05;2.28;
2022-08-04 19:00:00;0.0;0.0;0.0;25.23;41.25;2.0;
2022-08-04 20:00:00;0.0;0.0;0.0;23.52;47.15;2.07;
2022-08-04 21:00:00;0.0;0.0;0.0;22.01;53.85;1.93;
2022-08-04 22:00:00;0.0;0.0;0.0;20.99;57.55;1.79;
2022-08-04 23:00:00;0.0;0.0;0.0;20.19;61.5;1.72;
2022-08-05 00:00:00;0.0;0.0;0.0;19.57;63.6;1.72;
2022-08-05 01:00:00;0.0;0.0;0.0;19.0;65.75;1.79;
2022-08-05 02:00:00;0.0;0.0;0.0;18.39;70.35;1.86;
2022-08-05 03:00:00;0.0;0.0;0.0;17.93;75.4;1.86;
2022-08-05 04:00:00;0.0;0.0;0.0;17.68;75.4;1.86;
2022-08-05 05:00:00;86.0;174.77;59.0;18.35;75.45;1.59;
2022-08-05 06:00:00;264.0;493.31;102.0;20.19;70.7;1.52;
2022-08-05 07:00:00;447.0;659.63;121.0;23.2;56.0;2.69;
2022-08-05 08:00:00;617.0;755.48;133.0;23.9;52.35;2.69;
2022-08-05 09:00:00;748.0;794.48;146.0;24.7;47.4;2.21;
2022-08-05 10:00:00;846.0;833.47;148.0;25.62;44.45;2.0;
2022-08-05 11:00:00;895.0;857.72;145.0;26.23;43.05;1.79;
2022-08-05 12:00:00;885.0;855.58;144.0;27.1;40.35;1.59;
2022-08-05 13:00:00;827.0;848.69;137.0;27.91;40.35;1.52;
2022-08-05 14:00:00;708.0;791.55;139.0;28.42;39.1;1.79;
2022-08-05 15:00:00;561.0;733.93;128.0;28.32;39.1;2.21;
2022-08-05 16:00:00;392.0;654.87;107.0;28.26;39.1;2.48;
2022-08-05 17:00:00;80.0;0.0;80.0;27.66;38.95;2.55;
2022-08-05 18:00:00;33.0;0.0;33.0;26.77;40.25;2.55;
2022-08-05 19:00:00;0.0;0.0;0.0;25.31;42.75;2.76;
2022-08-05 20:00:00;0.0;0.0;0.0;24.14;45.6;2.69;
2022-08-05 21:00:00;0.0;0.0;0.0;23.27;50.45;2.41;
2022-08-05 22:00:00;0.0;0.0;0.0;22.68;52.1;2.41;
2022-08-05 23:00:00;0.0;0.0;0.0;22.34;52.0;2.55;
2022-08-06 00:00:00;0.0;0.0;0.0;21.74;50.05;2.28;
2022-08-06 01:00:00;0.0;0.0;0.0;21.0;53.6;1.86;
2022-08-06 02:00:00;0.0;0.0;0.0;20.5;55.45;1.59;
2022-08-06 03:00:00;0.0;0.0;0.0;20.47;57.45;1.45;
2022-08-06 04:00:00;0.0;0.0;0.0;20.14;63.7;1.38;
2022-08-06 05:00:00;58.0;33.01;53.0;20.59;61.6;1.17;
2022-08-06 06:00:00;244.0;380.82;120.0;21.92;61.85;0.76;
2022-08-06 07:00:00;446.0;661.04;121.0;23.78;45.5;1.31;
2022-08-06 08:00:00;616.0;758.32;132.0;24.77;41.15;0.83;
2022-08-06 09:00:00;748.0;796.89;146.0;25.79;37.2;0.69;
2022-08-06 10:00:00;841.0;824.94;152.0;26.78;36.2;0.69;
2022-08-06 11:00:00;890.0;848.48;150.0;27.59;35.05;0.76;
2022-08-06 12:00:00;880.0;846.34;149.0;28.4;33.95;1.1;
2022-08-06 13:00:00;822.0;840.22;141.0;29.42;31.85;1.86;
2022-08-06 14:00:00;704.0;783.38;143.0;29.9;30.9;2.28;
2022-08-06 15:00:00;556.0;727.4;129.0;29.75;30.9;2.21;
2022-08-06 16:00:00;385.0;638.9;109.0;29.69;30.9;2.0;
2022-08-06 17:00:00;79.0;0.0;79.0;29.11;31.85;1.86;
2022-08-06 18:00:00;31.0;0.0;31.0;27.94;37.6;1.79;
2022-08-06 19:00:00;0.0;0.0;0.0;25.64;41.4;1.79;
2022-08-06 20:00:00;0.0;0.0;0.0;24.29;47.25;1.66;
2022-08-06 21:00:00;0.0;0.0;0.0;23.01;52.25;1.66;
2022-08-06 22:00:00;0.0;0.0;0.0;22.03;53.85;1.66;
2022-08-06 23:00:00;0.0;0.0;0.0;21.46;57.55;1.59;
2022-08-07 00:00:00;0.0;0.0;0.0;20.82;61.6;1.66;
2022-08-07 01:00:00;0.0;0.0;0.0;20.07;65.95;1.72;
2022-08-07 02:00:00;0.0;0.0;0.0;19.43;73.05;1.86;
2022-08-07 03:00:00;0.0;0.0;0.0;18.97;73.05;1.93;
2022-08-07 04:00:00;0.0;0.0;0.0;18.66;75.55;1.93;
2022-08-07 05:00:00;23.0;0.0;23.0;19.05;75.65;1.72;
2022-08-07 06:00:00;135.0;34.08;124.0;22.3;66.35;0.97;
2022-08-07 07:00:00;185.0;12.27;179.0;24.54;50.8;0.55;
2022-08-07 08:00:00;333.0;67.63;290.0;25.71;46.0;0.14;
2022-08-07 09:00:00;602.0;383.74;313.0;26.13;44.55;0.34;
2022-08-07 10:00:00;726.0;512.65;299.0;27.06;40.35;0.34;
2022-08-07 11:00:00;810.0;641.51;252.0;27.74;41.8;0.28;
2022-08-07 12:00:00;820.0;693.14;223.0;28.75;39.25;0.48;
2022-08-07 13:00:00;765.0;690.66;207.0;29.05;38.0;0.41;
2022-08-07 14:00:00;445.0;142.99;343.0;29.5;38.0;0.62;
2022-08-07 15:00:00;268.0;34.25;248.0;28.88;39.25;0.48;
2022-08-07 16:00:00;294.0;254.26;185.0;27.04;43.3;2.48;
2022-08-07 17:00:00;101.0;0.0;101.0;24.53;58.35;1.79;
2022-08-07 18:00:00;27.0;0.0;27.0;24.55;58.35;0.28;
2022-08-07 19:00:00;0.0;0.0;0.0;23.91;64.4;1.17;
2022-08-07 20:00:00;0.0;0.0;0.0;23.07;71.25;1.24;
2022-08-07 21:00:00;0.0;0.0;0.0;23.86;64.4;0.55;
2022-08-07 22:00:00;0.0;0.0;0.0;22.85;68.75;0.55;
2022-08-07 23:00:00;0.0;0.0;0.0;21.44;78.55;1.17;
2022-08-08 00:00:00;0.0;0.0;0.0;20.74;86.9;1.1;
2022-08-08 01:00:00;0.0;0.0;0.0;20.23;89.85;0.69;
2022-08-08 02:00:00;0.0;0.0;0.0;19.94;96.1;0.76;
2022-08-08 03:00:00;0.0;0.0;0.0;19.6;96.1;0.9;
2022-08-08 04:00:00;0.0;0.0;0.0;19.26;96.1;0.9;
2022-08-08 05:00:00;98.0;350.94;47.0;18.91;92.85;0.83;
2022-08-08 06:00:00;222.0;300.03;126.0;19.09;89.8;1.03;
2022-08-08 07:00:00;306.0;176.8;220.0;19.72;83.9;0.9;
2022-08-08 08:00:00;310.0;47.37;280.0;20.91;78.5;1.17;
2022-08-08 09:00:00;152.0;0.0;152.0;22.07;73.55;2.0;
2022-08-08 10:00:00;127.0;0.0;127.0;22.62;73.6;2.55;
2022-08-08 11:00:00;121.0;0.0;121.0;23.02;68.85;2.76;
2022-08-08 12:00:00;171.0;0.0;171.0;22.64;71.15;2.62;
2022-08-08 13:00:00;396.0;42.22;362.0;22.26;76.1;2.62;
2022-08-08 14:00:00;120.0;0.0;120.0;20.61;81.2;2.0;
2022-08-08 15:00:00;98.0;0.0;98.0;19.98;83.95;1.93;
2022-08-08 16:00:00;42.0;0.0;42.0;19.83;86.85;2.48;
2022-08-08 17:00:00;100.0;0.0;100.0;19.85;86.85;3.03;
2022-08-08 18:00:00;4.0;0.0;4.0;18.52;89.75;3.24;
2022-08-08 19:00:00;0.0;0.0;0.0;17.93;86.65;2.07;
2022-08-08 20:00:00;0.0;0.0;0.0;17.01;89.65;2.48;
2022-08-08 21:00:00;0.0;0.0;0.0;16.27;89.65;3.1;
2022-08-08 22:00:00;0.0;0.0;0.0;15.07;89.55;3.72;
2022-08-08 23:00:00;0.0;0.0;0.0;15.35;86.5;3.59;
2022-08-09 00:00:00;0.0;0.0;0.0;15.92;80.75;2.07;
2022-08-09 01:00:00;0.0;0.0;0.0;15.95;83.6;1.38;
2022-08-09 02:00:00;0.0;0.0;0.0;15.21;89.55;1.17;
2022-08-09 03:00:00;0.0;0.0;0.0;14.79;92.7;1.1;
2022-08-09 04:00:00;0.0;0.0;0.0;15.52;80.65;0.28;
2022-08-09 05:00:00;63.0;77.35;52.0;15.3;86.5;0.55;
2022-08-09 06:00:00;74.0;0.0;74.0;16.12;83.6;0.62;
2022-08-09 07:00:00;192.0;14.47;185.0;17.46;78.1;0.07;
2022-08-09 08:00:00;128.0;0.0;128.0;18.43;75.45;0.28;
2022-08-09 09:00:00;271.0;4.01;268.0;19.37;73.05;0.41;
2022-08-09 10:00:00;319.0;7.24;313.0;20.11;68.3;0.76;
2022-08-09 11:00:00;865.0;783.81;187.0;20.78;63.8;0.97;
2022-08-09 12:00:00;845.0;750.94;202.0;21.45;59.6;0.9;
2022-08-09 13:00:00;703.0;499.66;302.0;22.18;53.85;1.66;
2022-08-09 14:00:00;343.0;39.57;315.0;21.98;53.85;1.38;
2022-08-09 15:00:00;87.0;0.0;87.0;21.71;55.65;0.9;
2022-08-09 16:00:00;34.0;0.0;34.0;21.36;59.6;0.83;
2022-08-09 17:00:00;22.0;0.0;22.0;20.94;61.6;0.34;
2022-08-09 18:00:00;23.0;0.0;23.0;20.25;68.3;0.83;
2022-08-09 19:00:00;0.0;0.0;0.0;17.83;78.1;1.24;
2022-08-09 20:00:00;0.0;0.0;0.0;16.98;83.65;1.17;
2022-08-09 21:00:00;0.0;0.0;0.0;16.39;83.6;1.52;
2022-08-09 22:00:00;0.0;0.0;0.0;15.86;80.65;1.93;
2022-08-09 23:00:00;0.0;0.0;0.0;15.66;80.65;1.93;
2022-08-10 00:00:00;0.0;0.0;0.0;15.84;77.85;1.79;
2022-08-10 01:00:00;0.0;0.0;0.0;15.99;75.25;1.79;
2022-08-10 02:00:00;0.0;0.0;0.0;16.05;70.1;2.07;
2022-08-10 03:00:00;0.0;0.0;0.0;15.81;67.55;2.34;
2022-08-10 04:00:00;0.0;0.0;0.0;15.53;65.15;2.48;
2022-08-10 05:00:00;18.0;0.0;18.0;15.36;69.9;2.48;
2022-08-10 06:00:00;83.0;0.0;83.0;16.57;67.75;2.28;
2022-08-10 07:00:00;392.0;442.75;179.0;18.36;70.35;1.38;
2022-08-10 08:00:00;503.0;383.56;262.0;19.88;59.25;1.38;
2022-08-10 09:00:00;735.0;765.54;164.0;21.11;51.75;1.24;
2022-08-10 10:00:00;856.0;873.13;135.0;22.24;48.45;0.9;
2022-08-10 11:00:00;901.0;885.78;137.0;23.08;45.35;0.55;
2022-08-10 12:00:00;891.0;883.27;137.0;23.63;42.35;0.83;
2022-08-10 13:00:00;821.0;852.77;139.0;24.24;42.5;1.45;
2022-08-10 14:00:00;709.0;817.6;133.0;24.26;42.5;1.93;
2022-08-10 15:00:00;560.0;769.51;118.0;24.22;44.05;2.21;
2022-08-10 16:00:00;100.0;0.0;100.0;23.84;47.15;2.14;
2022-08-10 17:00:00;70.0;0.0;70.0;23.16;52.25;1.59;
2022-08-10 18:00:00;25.0;0.0;25.0;21.68;68.6;1.1;
2022-08-10 19:00:00;0.0;0.0;0.0;20.18;65.95;2.07;
2022-08-10 20:00:00;0.0;0.0;0.0;18.9;72.95;1.72;
2022-08-10 21:00:00;0.0;0.0;0.0;17.59;72.8;1.86;
2022-08-10 22:00:00;0.0;0.0;0.0;16.64;70.2;2.21;
2022-08-10 23:00:00;0.0;0.0;0.0;16.05;67.65;2.48;
2022-08-11 00:00:00;0.0;0.0;0.0;15.79;65.15;2.69;
2022-08-11 01:00:00;0.0;0.0;0.0;15.42;65.15;2.69;
2022-08-11 02:00:00;0.0;0.0;0.0;15.12;67.45;2.69;
2022-08-11 03:00:00;0.0;0.0;0.0;14.91;67.45;2.69;
2022-08-11 04:00:00;0.0;0.0;0.0;14.8;69.85;2.69;
2022-08-11 05:00:00;88.0;316.34;45.0;14.78;75.0;2.48;
2022-08-11 06:00:00;247.0;475.42;99.0;16.91;75.3;1.93;
2022-08-11 07:00:00;445.0;704.47;108.0;20.74;66.05;0.9;
2022-08-11 08:00:00;613.0;786.26;121.0;22.26;55.8;0.48;
2022-08-11 09:00:00;744.0;816.53;137.0;23.26;54.1;0.34;
2022-08-11 10:00:00;839.0;846.61;142.0;24.1;52.5;0.62;
2022-08-11 11:00:00;888.0;870.96;139.0;24.92;50.8;0.76;
2022-08-11 12:00:00;873.0;856.67;144.0;25.46;49.2;1.1;
2022-08-11 13:00:00;809.0;838.27;141.0;25.75;49.3;1.03;
2022-08-11 14:00:00;689.0;779.87;142.0;26.01;49.3;1.31;
2022-08-11 15:00:00;540.0;721.52;128.0;26.07;47.75;1.45;
2022-08-11 16:00:00;109.0;0.0;109.0;25.86;51.05;1.66;
2022-08-11 17:00:00;85.0;0.0;85.0;25.27;54.55;1.1;
2022-08-11 18:00:00;23.0;0.0;23.0;24.49;64.5;0.55;
2022-08-11 19:00:00;0.0;0.0;0.0;22.1;76.1;1.31;
2022-08-11 20:00:00;0.0;0.0;0.0;21.91;73.45;1.03;
2022-08-11 21:00:00;0.0;0.0;0.0;22.59;68.75;0.62;
2022-08-11 22:00:00;0.0;0.0;0.0;22.34;68.7;0.14;
2022-08-11 23:00:00;0.0;0.0;0.0;21.84;71.0;0.34;
2022-08-12 00:00:00;0.0;0.0;0.0;21.19;70.9;0.41;
2022-08-12 01:00:00;0.0;0.0;0.0;20.68;73.3;0.34;
2022-08-12 02:00:00;0.0;0.0;0.0;20.17;73.2;0.28;
2022-08-12 03:00:00;0.0;0.0;0.0;19.73;75.7;0.48;
2022-08-12 04:00:00;0.0;0.0;0.0;19.43;78.3;0.55;
2022-08-12 05:00:00;75.0;195.85;49.0;19.31;78.3;0.41;
2022-08-12 06:00:00;255.0;544.81;87.0;19.87;78.35;0.14;
2022-08-12 07:00:00;438.0;693.82;108.0;20.98;73.35;0.9;
2022-08-12 08:00:00;606.0;778.31;121.0;21.67;73.45;0.9;
2022-08-12 09:00:00;737.0;808.52;138.0;22.7;68.75;0.76;
2022-08-12 10:00:00;831.0;839.48;142.0;23.67;64.4;1.38;
2022-08-12 11:00:00;875.0;852.61;144.0;24.32;62.35;1.93;
2022-08-12 12:00:00;864.0;848.83;144.0;25.02;56.5;2.07;
2022-08-12 13:00:00;805.0;841.38;137.0;25.37;54.55;2.21;
2022-08-12 14:00:00;685.0;783.43;138.0;25.56;52.85;2.07;
2022-08-12 15:00:00;536.0;722.38;126.0;25.6;51.05;2.07;
2022-08-12 16:00:00;123.0;0.0;123.0;25.37;52.75;2.07;
2022-08-12 17:00:00;69.0;0.0;69.0;24.62;58.35;1.93;
2022-08-12 18:00:00;21.0;0.0;21.0;23.63;62.25;1.86;
2022-08-12 19:00:00;0.0;0.0;0.0;22.21;68.7;2.0;
2022-08-12 20:00:00;0.0;0.0;0.0;20.87;75.85;1.93;
2022-08-12 21:00:00;0.0;0.0;0.0;19.65;81.1;1.86;
2022-08-12 22:00:00;0.0;0.0;0.0;18.57;86.75;1.72;
2022-08-12 23:00:00;0.0;0.0;0.0;18.21;89.75;1.31;
2022-08-13 00:00:00;0.0;0.0;0.0;18.83;86.75;0.9;
2022-08-13 01:00:00;0.0;0.0;0.0;18.87;86.75;0.62;
2022-08-13 02:00:00;0.0;0.0;0.0;18.51;86.75;0.41;
2022-08-13 03:00:00;0.0;0.0;0.0;16.93;96.05;0.48;
2022-08-13 04:00:00;0.0;0.0;0.0;16.41;96.05;1.1;
2022-08-13 05:00:00;41.0;15.44;39.0;16.98;96.05;1.03;
2022-08-13 06:00:00;132.0;39.29;120.0;18.83;92.85;0.83;
2022-08-13 07:00:00;332.0;268.58;205.0;19.94;86.85;0.28;
2022-08-13 08:00:00;427.0;222.4;289.0;21.05;78.55;0.14;
2022-08-13 09:00:00;570.0;331.85;325.0;21.68;76.0;0.41;
2022-08-13 10:00:00;731.0;550.01;281.0;22.98;71.15;0.55;
2022-08-13 11:00:00;747.0;500.76;319.0;24.06;66.75;1.03;
2022-08-13 12:00:00;796.0;656.48;241.0;25.11;62.55;1.72;
2022-08-13 13:00:00;720.0;591.71;252.0;25.23;62.55;2.07;
2022-08-13 14:00:00;239.0;2.88;237.0;25.11;62.55;1.93;
2022-08-13 15:00:00;237.0;19.5;226.0;24.89;64.6;1.52;
2022-08-13 16:00:00;170.0;0.0;170.0;24.58;64.6;0.69;
2022-08-13 17:00:00;19.0;0.0;19.0;24.3;64.5;0.48;
2022-08-13 18:00:00;19.0;0.0;19.0;23.35;76.2;0.9;
2022-08-13 19:00:00;0.0;0.0;0.0;22.12;73.55;1.93;
2022-08-13 20:00:00;0.0;0.0;0.0;20.89;84.05;1.59;
2022-08-13 21:00:00;0.0;0.0;0.0;19.94;86.85;1.45;
2022-08-13 22:00:00;0.0;0.0;0.0;19.52;83.9;1.31;
2022-08-13 23:00:00;0.0;0.0;0.0;20.91;78.5;0.69;
2022-08-14 00:00:00;0.0;0.0;0.0;20.64;81.2;0.21;
2022-08-14 01:00:00;0.0;0.0;0.0;19.96;83.95;0.69;
2022-08-14 02:00:00;0.0;0.0;0.0;17.37;96.05;1.1;
2022-08-14 03:00:00;0.0;0.0;0.0;17.38;99.4;1.03;
2022-08-14 04:00:00;0.0;0.0;0.0;17.1;96.05;1.24;
2022-08-14 05:00:00;36.0;7.92;35.0;17.43;96.05;1.1;
2022-08-14 06:00:00;114.0;19.84;108.0;18.61;92.85;1.03;
2022-08-14 07:00:00;67.0;0.0;67.0;20.13;86.85;0.41;
2022-08-14 08:00:00;76.0;0.0;76.0;20.98;84.05;0.41;
2022-08-14 09:00:00;195.0;0.0;195.0;21.9;84.1;0.21;
2022-08-14 10:00:00;612.0;290.61;375.0;22.51;78.75;0.28;
2022-08-14 11:00:00;794.0;639.68;249.0;23.48;76.2;0.69;
2022-08-14 12:00:00;740.0;517.48;304.0;23.97;73.75;0.76;
2022-08-14 13:00:00;572.0;257.67;369.0;24.6;66.85;0.48;
2022-08-14 14:00:00;530.0;329.66;302.0;24.84;64.6;0.48;
2022-08-14 15:00:00;465.0;472.86;200.0;25.0;62.45;0.55;
2022-08-14 16:00:00;113.0;0.0;113.0;24.84;64.6;0.28;
2022-08-14 17:00:00;73.0;0.0;73.0;24.1;66.75;1.31;
2022-08-14 18:00:00;17.0;0.0;17.0;22.98;76.15;1.03;
2022-08-14 19:00:00;0.0;0.0;0.0;21.99;76.1;1.31;
2022-08-14 20:00:00;0.0;0.0;0.0;20.93;78.5;1.17;
2022-08-14 21:00:00;0.0;0.0;0.0;19.74;83.9;1.45;
2022-08-14 22:00:00;0.0;0.0;0.0;18.98;83.85;1.52;
2022-08-14 23:00:00;0.0;0.0;0.0;18.35;89.75;1.59;
2022-08-15 00:00:00;0.0;0.0;0.0;18.12;89.75;1.52;
2022-08-15 01:00:00;0.0;0.0;0.0;17.1;92.8;1.52;
2022-08-15 02:00:00;0.0;0.0;0.0;16.59;96.05;1.31;
2022-08-15 03:00:00;0.0;0.0;0.0;16.97;96.05;1.45;
2022-08-15 04:00:00;0.0;0.0;0.0;16.87;96.05;1.45;
2022-08-15 05:00:00;72.0;235.6;43.0;16.9;96.05;1.45;
2022-08-15 06:00:00;231.0;454.22;95.0;18.14;92.85;1.31;
2022-08-15 07:00:00;413.0;629.23;119.0;20.55;84.05;0.62;
2022-08-15 08:00:00;585.0;741.3;129.0;22.18;78.7;0.07;
2022-08-15 09:00:00;712.0;773.51;145.0;23.91;71.35;0.62;
2022-08-15 10:00:00;783.0;730.76;189.0;25.01;64.7;0.9;
2022-08-15 11:00:00;749.0;527.55;301.0;25.92;60.6;1.03;
2022-08-15 12:00:00;748.0;549.07;287.0;26.73;56.85;1.24;
2022-08-15 13:00:00;671.0;481.72;293.0;27.27;55.05;1.24;
2022-08-15 14:00:00;550.0;390.88;281.0;27.48;53.2;1.24;
2022-08-15 15:00:00;485.0;565.81;170.0;27.71;53.2;1.38;
2022-08-15 16:00:00;106.0;0.0;106.0;27.36;55.05;1.31;
2022-08-15 17:00:00;73.0;0.0;73.0;26.64;60.8;0.97;
2022-08-15 18:00:00;16.0;0.0;16.0;25.54;67.05;1.24;
2022-08-15 19:00:00;0.0;0.0;0.0;24.12;71.4;1.52;
2022-08-15 20:00:00;0.0;0.0;0.0;22.95;78.75;1.17;
2022-08-15 21:00:00;0.0;0.0;0.0;23.85;68.95;0.62;
2022-08-15 22:00:00;0.0;0.0;0.0;23.1;71.25;0.76;
2022-08-15 23:00:00;0.0;0.0;0.0;22.27;76.1;0.83;
2022-08-16 00:00:00;0.0;0.0;0.0;21.68;81.35;0.9;
2022-08-16 01:00:00;0.0;0.0;0.0;21.31;84.05;0.69;
2022-08-16 02:00:00;0.0;0.0;0.0;20.92;86.9;0.69;
2022-08-16 03:00:00;0.0;0.0;0.0;20.58;86.9;0.55;
2022-08-16 04:00:00;0.0;0.0;0.0;20.35;86.85;0.48;
2022-08-16 05:00:00;48.0;58.42;41.0;20.15;86.85;0.62;
2022-08-16 06:00:00;162.0;121.46;126.0;20.06;92.95;0.69;
2022-08-16 07:00:00;261.0;109.82;210.0;21.87;87.0;1.38;
2022-08-16 08:00:00;522.0;516.0;206.0;22.72;78.75;1.72;
2022-08-16 09:00:00;625.0;497.04;262.0;23.38;76.2;2.0;
2022-08-16 10:00:00;732.0;587.56;256.0;24.2;69.05;2.28;
2022-08-16 11:00:00;557.0;168.96;414.0;24.73;64.6;2.34;
2022-08-16 12:00:00;470.0;82.48;401.0;25.13;62.55;2.07;
2022-08-16 13:00:00;638.0;406.94;320.0;25.74;58.55;1.93;
2022-08-16 14:00:00;622.0;623.63;195.0;26.0;58.55;1.52;
2022-08-16 15:00:00;483.0;573.29;166.0;26.47;54.8;0.9;
2022-08-16 16:00:00;160.0;0.0;160.0;26.4;52.95;0.69;
2022-08-16 17:00:00;70.0;0.0;70.0;25.95;56.6;0.69;
2022-08-16 18:00:00;15.0;0.0;15.0;24.58;69.15;1.1;
2022-08-16 19:00:00;0.0;0.0;0.0;22.75;76.15;2.0;
2022-08-16 20:00:00;0.0;0.0;0.0;21.74;78.65;1.86;
2022-08-16 21:00:00;0.0;0.0;0.0;20.81;84.05;1.66;
2022-08-16 22:00:00;0.0;0.0;0.0;20.23;86.85;1.72;
2022-08-16 23:00:00;0.0;0.0;0.0;20.02;86.85;1.59;
2022-08-17 00:00:00;0.0;0.0;0.0;19.75;89.85;1.45;
2022-08-17 01:00:00;0.0;0.0;0.0;19.52;89.85;1.38;
2022-08-17 02:00:00;0.0;0.0;0.0;19.65;86.85;1.52;
2022-08-17 03:00:00;0.0;0.0;0.0;19.51;86.85;1.1;
2022-08-17 04:00:00;0.0;0.0;0.0;19.11;92.9;0.69;
2022-08-17 05:00:00;12.0;0.0;12.0;18.79;92.85;0.48;
2022-08-17 06:00:00;28.0;0.0;28.0;19.07;89.8;0.07;
2022-08-17 07:00:00;37.0;0.0;37.0;20.06;86.85;0.48;
2022-08-17 08:00:00;73.0;0.0;73.0;20.7;78.5;1.24;
2022-08-17 09:00:00;65.0;0.0;65.0;21.01;73.35;1.72;
2022-08-17 10:00:00;136.0;0.0;136.0;22.22;68.7;1.31;
2022-08-17 11:00:00;329.0;8.3;322.0;23.26;66.55;0.83;
2022-08-17 12:00:00;835.0;800.22;168.0;24.02;62.35;0.69;
2022-08-17 13:00:00;775.0;796.76;155.0;24.48;62.35;0.69;
2022-08-17 14:00:00;663.0;760.5;145.0;25.01;58.45;0.62;
2022-08-17 15:00:00;519.0;721.2;123.0;25.2;58.45;0.48;
2022-08-17 16:00:00;100.0;0.0;100.0;25.12;56.5;0.41;
2022-08-17 17:00:00;67.0;0.0;67.0;24.96;58.35;0.62;
2022-08-17 18:00:00;13.0;0.0;13.0;23.83;73.75;0.83;
2022-08-17 19:00:00;0.0;0.0;0.0;22.36;68.7;1.59;
2022-08-17 20:00:00;0.0;0.0;0.0;20.85;68.4;2.0;
2022-08-17 21:00:00;0.0;0.0;0.0;19.82;70.65;2.21;
2022-08-17 22:00:00;0.0;0.0;0.0;18.94;70.45;2.21;
2022-08-17 23:00:00;0.0;0.0;0.0;18.11;67.95;2.28;
2022-08-18 00:00:00;0.0;0.0;0.0;17.55;67.85;2.34;
2022-08-18 01:00:00;0.0;0.0;0.0;17.47;65.45;2.48;
2022-08-18 02:00:00;0.0;0.0;0.0;17.34;65.35;2.62;
2022-08-18 03:00:00;0.0;0.0;0.0;17.4;65.35;2.55;
2022-08-18 04:00:00;0.0;0.0;0.0;17.42;65.35;2.41;
2022-08-18 05:00:00;10.0;0.0;10.0;17.57;67.85;2.28;
2022-08-18 06:00:00;176.0;182.6;123.0;18.24;72.9;1.93;
2022-08-18 07:00:00;262.0;113.39;210.0;20.09;68.3;1.72;
2022-08-18 08:00:00;299.0;47.79;270.0;20.96;66.05;1.45;
2022-08-18 09:00:00;399.0;77.26;343.0;21.5;68.6;1.1;
2022-08-18 10:00:00;662.0;401.48;339.0;21.9;71.0;0.55;
2022-08-18 11:00:00;634.0;283.15;396.0;22.39;71.05;0.69;
2022-08-18 12:00:00;652.0;332.37;376.0;22.73;68.75;0.69;
2022-08-18 13:00:00;651.0;436.26;313.0;23.27;68.85;0.34;
2022-08-18 14:00:00;419.0;134.32;328.0;23.5;66.65;0.41;
2022-08-18 15:00:00;346.0;163.26;257.0;23.3;68.85;0.28;
2022-08-18 16:00:00;173.0;0.0;173.0;23.03;68.85;0.83;
2022-08-18 17:00:00;88.0;0.0;88.0;22.75;68.75;0.76;
2022-08-18 18:00:00;10.0;0.0;10.0;22.02;73.55;1.03;
2022-08-18 19:00:00;0.0;0.0;0.0;23.07;62.15;0.41;
2022-08-18 20:00:00;0.0;0.0;0.0;22.32;66.35;0.55;
2022-08-18 21:00:00;0.0;0.0;0.0;20.54;75.85;1.03;
2022-08-18 22:00:00;0.0;0.0;0.0;18.85;86.75;1.52;
2022-08-18 23:00:00;0.0;0.0;0.0;18.24;89.75;1.66;
2022-08-19 00:00:00;0.0;0.0;0.0;18.35;89.75;1.79;
2022-08-19 01:00:00;0.0;0.0;0.0;18.29;86.7;1.93;
2022-08-19 02:00:00;0.0;0.0;0.0;18.16;86.7;2.0;
2022-08-19 03:00:00;0.0;0.0;0.0;17.8;89.7;2.07;
2022-08-19 04:00:00;0.0;0.0;0.0;17.48;89.7;2.0;
2022-08-19 05:00:00;27.0;0.0;27.0;17.44;89.7;1.86;
2022-08-19 06:00:00;47.0;0.0;47.0;18.56;89.75;1.45;
2022-08-19 07:00:00;126.0;0.0;126.0;20.24;83.95;1.03;
2022-08-19 08:00:00;385.0;162.26;287.0;20.72;75.85;0.41;
2022-08-19 09:00:00;382.0;63.71;336.0;20.61;78.5;1.31;
2022-08-19 10:00:00;504.0;137.22;394.0;20.81;78.5;0.83;
2022-08-19 11:00:00;715.0;457.3;332.0;21.89;76.0;0.48;
2022-08-19 12:00:00;688.0;414.66;345.0;22.94;73.6;0.28;
2022-08-19 13:00:00;593.0;315.04;350.0;23.51;68.95;0.62;
2022-08-19 14:00:00;256.0;7.42;251.0;23.37;71.25;0.83;
2022-08-19 15:00:00;176.0;1.85;175.0;23.17;68.85;0.55;
2022-08-19 16:00:00;142.0;0.0;142.0;23.06;66.55;0.41;
2022-08-19 17:00:00;86.0;0.0;86.0;22.47;71.05;0.14;
2022-08-19 18:00:00;8.0;0.0;8.0;21.89;78.65;0.69;
2022-08-19 19:00:00;0.0;0.0;0.0;20.58;75.85;1.45;
2022-08-19 20:00:00;0.0;0.0;0.0;19.54;78.35;1.59;
2022-08-19 21:00:00;0.0;0.0;0.0;19.1;78.3;1.52;
2022-08-19 22:00:00;0.0;0.0;0.0;17.9;83.7;1.86;
2022-08-19 23:00:00;0.0;0.0;0.0;18.91;78.25;0.48;
2022-08-20 00:00:00;0.0;0.0;0.0;18.98;75.65;0.21;
2022-08-20 01:00:00;0.0;0.0;0.0;16.55;86.6;1.38;
2022-08-20 02:00:00;0.0;0.0;0.0;16.81;86.6;0.21;
2022-08-20 03:00:00;0.0;0.0;0.0;16.01;89.65;0.83;
2022-08-20 04:00:00;0.0;0.0;0.0;15.95;89.65;0.76;
2022-08-20 05:00:00;28.0;9.38;27.0;15.3;92.75;1.17;
2022-08-20 06:00:00;21.0;0.0;21.0;16.92;92.8;0.21;
2022-08-20 07:00:00;37.0;0.0;37.0;17.16;89.65;0.14;
2022-08-20 08:00:00;51.0;0.0;51.0;18.03;83.75;0.76;
2022-08-20 09:00:00;64.0;0.0;64.0;19.31;81.05;1.31;
2022-08-20 10:00:00;72.0;0.0;72.0;20.65;75.85;1.52;
2022-08-20 11:00:00;396.0;31.16;370.0;21.6;68.6;2.41;
2022-08-20 12:00:00;421.0;48.55;381.0;19.82;78.35;2.9;
2022-08-20 13:00:00;412.0;65.12;362.0;19.78;81.1;2.41;
2022-08-20 14:00:00;70.0;0.0;70.0;19.33;81.05;2.21;
2022-08-20 15:00:00;56.0;0.0;56.0;18.26;86.7;1.72;
2022-08-20 16:00:00;37.0;0.0;37.0;18.21;83.75;1.24;
2022-08-20 17:00:00;14.0;0.0;14.0;18.16;86.7;0.97;
2022-08-20 18:00:00;4.0;0.0;4.0;17.47;89.7;0.83;
2022-08-20 19:00:00;0.0;0.0;0.0;16.4;89.65;1.1;
2022-08-20 20:00:00;0.0;0.0;0.0;16.17;86.55;1.59;
2022-08-20 21:00:00;0.0;0.0;0.0;16.0;86.55;1.38;
2022-08-20 22:00:00;0.0;0.0;0.0;15.82;89.6;1.24;
2022-08-20 23:00:00;0.0;0.0;0.0;15.67;89.6;1.38;
2022-08-21 00:00:00;0.0;0.0;0.0;15.54;89.6;1.72;
2022-08-21 01:00:00;0.0;0.0;0.0;15.29;92.75;1.86;
2022-08-21 02:00:00;0.0;0.0;0.0;14.9;92.75;2.14;
2022-08-21 03:00:00;0.0;0.0;0.0;14.6;96.0;2.28;
2022-08-21 04:00:00;0.0;0.0;0.0;14.47;96.0;2.14;
2022-08-21 05:00:00;16.0;0.0;16.0;14.52;96.0;2.14;
2022-08-21 06:00:00;27.0;0.0;27.0;14.79;92.7;2.28;
2022-08-21 07:00:00;52.0;0.0;52.0;15.05;89.55;1.52;
2022-08-21 08:00:00;51.0;0.0;51.0;15.55;89.6;1.86;
2022-08-21 09:00:00;82.0;0.0;82.0;15.33;92.75;1.79;
2022-08-21 10:00:00;92.0;0.0;92.0;15.71;92.75;2.21;
2022-08-21 11:00:00;76.0;0.0;76.0;16.37;89.65;3.03;
2022-08-21 12:00:00;132.0;0.0;132.0;16.5;86.6;3.66;
2022-08-21 13:00:00;118.0;0.0;118.0;16.61;86.6;4.34;
2022-08-21 14:00:00;117.0;0.0;117.0;17.0;89.65;4.9;
2022-08-21 15:00:00;182.0;3.75;180.0;17.19;89.65;4.14;
2022-08-21 16:00:00;122.0;0.0;122.0;17.28;83.65;3.38;
2022-08-21 17:00:00;80.0;0.0;80.0;16.54;83.65;2.97;
2022-08-21 18:00:00;5.0;0.0;5.0;15.77;89.6;2.07;
2022-08-21 19:00:00;0.0;0.0;0.0;15.57;89.6;1.93;
2022-08-21 20:00:00;0.0;0.0;0.0;15.31;92.75;1.52;
2022-08-21 21:00:00;0.0;0.0;0.0;15.0;89.55;1.1;
2022-08-21 22:00:00;0.0;0.0;0.0;15.02;86.5;1.03;
2022-08-21 23:00:00;0.0;0.0;0.0;15.0;83.5;0.97;
2022-08-22 00:00:00;0.0;0.0;0.0;15.67;80.65;0.76;
2022-08-22 01:00:00;0.0;0.0;0.0;14.5;86.45;1.1;
2022-08-22 02:00:00;0.0;0.0;0.0;14.16;89.5;1.31;
2022-08-22 03:00:00;0.0;0.0;0.0;14.13;89.5;1.24;
2022-08-22 04:00:00;0.0;0.0;0.0;14.06;89.5;1.31;
2022-08-22 05:00:00;26.0;10.01;25.0;13.96;89.5;1.31;
2022-08-22 06:00:00;60.0;0.0;60.0;14.87;92.7;1.1;
2022-08-22 07:00:00;151.0;4.48;149.0;15.23;83.5;0.97;
2022-08-22 08:00:00;142.0;0.0;142.0;15.56;83.55;1.31;
2022-08-22 09:00:00;157.0;0.0;157.0;16.42;83.65;1.24;
2022-08-22 10:00:00;161.0;0.0;161.0;17.14;86.6;1.24;
2022-08-22 11:00:00;480.0;89.35;406.0;17.93;83.7;1.24;
2022-08-22 12:00:00;359.0;18.36;344.0;19.04;75.65;1.17;
2022-08-22 13:00:00;712.0;635.05;229.0;19.5;70.65;1.38;
2022-08-22 14:00:00;193.0;0.0;193.0;19.5;70.65;1.72;
2022-08-22 15:00:00;186.0;5.68;183.0;19.44;73.05;1.38;
2022-08-22 16:00:00;58.0;0.0;58.0;19.28;73.05;1.1;
2022-08-22 17:00:00;54.0;0.0;54.0;19.05;73.05;1.1;
2022-08-22 18:00:00;0.0;0.0;0.0;18.38;83.75;0.76;
2022-08-22 19:00:00;0.0;0.0;0.0;16.87;83.65;1.24;
2022-08-22 20:00:00;0.0;0.0;0.0;16.25;86.55;1.24;
2022-08-22 21:00:00;0.0;0.0;0.0;15.42;86.5;1.31;
2022-08-22 22:00:00;0.0;0.0;0.0;15.31;86.5;1.1;
2022-08-22 23:00:00;0.0;0.0;0.0;15.09;86.5;1.17;
2022-08-23 00:00:00;0.0;0.0;0.0;14.45;89.5;1.45;
2022-08-23 01:00:00;0.0;0.0;0.0;14.76;92.7;1.1;
2022-08-23 02:00:00;0.0;0.0;0.0;14.43;92.7;1.45;
2022-08-23 03:00:00;0.0;0.0;0.0;14.16;92.7;1.59;
2022-08-23 04:00:00;0.0;0.0;0.0;13.7;92.65;1.52;
2022-08-23 05:00:00;40.0;72.53;33.0;13.55;89.45;1.38;
2022-08-23 06:00:00;120.0;43.7;108.0;15.6;86.5;0.62;
2022-08-23 07:00:00;373.0;504.87;149.0;17.29;83.65;0.62;
2022-08-23 08:00:00;391.0;182.34;283.0;18.22;78.15;0.34;
2022-08-23 09:00:00;597.0;439.26;285.0;19.07;73.05;0.28;
2022-08-23 10:00:00;596.0;281.14;374.0;20.07;68.3;1.17;
2022-08-23 11:00:00;466.0;78.8;401.0;20.54;66.05;1.66;
2022-08-23 12:00:00;371.0;23.35;352.0;20.81;66.05;1.72;
2022-08-23 13:00:00;345.0;25.1;326.0;21.02;63.9;1.79;
2022-08-23 14:00:00;524.0;363.15;285.0;21.31;63.9;1.79;
2022-08-23 15:00:00;466.0;577.91;163.0;21.53;59.7;1.31;
2022-08-23 16:00:00;119.0;0.0;119.0;21.32;61.7;0.55;
2022-08-23 17:00:00;65.0;0.0;65.0;21.18;59.6;0.28;
2022-08-23 18:00:00;0.0;0.0;0.0;20.8;63.8;0.34;
2022-08-23 19:00:00;0.0;0.0;0.0;20.01;65.95;0.34;
2022-08-23 20:00:00;0.0;0.0;0.0;19.41;70.55;0.0;
2022-08-23 21:00:00;0.0;0.0;0.0;18.88;75.55;0.76;
2022-08-23 22:00:00;0.0;0.0;0.0;16.43;80.8;1.45;
2022-08-23 23:00:00;0.0;0.0;0.0;15.48;83.55;1.59;
2022-08-24 00:00:00;0.0;0.0;0.0;14.79;89.5;1.72;
2022-08-24 01:00:00;0.0;0.0;0.0;14.1;89.5;1.79;
2022-08-24 02:00:00;0.0;0.0;0.0;13.55;89.45;1.79;
2022-08-24 03:00:00;0.0;0.0;0.0;12.84;92.6;1.86;
2022-08-24 04:00:00;0.0;0.0;0.0;11.97;99.4;1.59;
2022-08-24 05:00:00;38.0;64.44;32.0;11.87;99.4;1.52;
2022-08-24 06:00:00;141.0;92.12;116.0;14.1;92.7;1.52;
2022-08-24 07:00:00;377.0;535.62;141.0;17.17;83.65;0.76;
2022-08-24 08:00:00;374.0;154.42;283.0;19.51;70.65;0.14;
2022-08-24 09:00:00;595.0;439.72;284.0;20.72;63.8;0.69;
2022-08-24 10:00:00;734.0;619.19;247.0;21.77;59.7;0.83;
2022-08-24 11:00:00;800.0;709.57;217.0;22.26;57.75;0.76;
2022-08-24 12:00:00;444.0;67.88;389.0;22.85;55.9;0.48;
2022-08-24 13:00:00;703.0;624.13;233.0;23.28;56.0;0.55;
2022-08-24 14:00:00;645.0;776.72;137.0;23.68;54.2;0.76;
2022-08-24 15:00:00;489.0;700.12;125.0;23.78;54.2;0.97;
2022-08-24 16:00:00;97.0;0.0;97.0;23.52;56.15;1.24;
2022-08-24 17:00:00;64.0;0.0;64.0;22.75;64.2;1.17;
2022-08-24 18:00:00;0.0;0.0;0.0;21.26;81.3;0.9;
2022-08-24 19:00:00;0.0;0.0;0.0;19.9;78.35;1.17;
2022-08-24 20:00:00;0.0;0.0;0.0;20.67;70.8;0.69;
2022-08-24 21:00:00;0.0;0.0;0.0;18.58;81.0;1.31;
2022-08-24 22:00:00;0.0;0.0;0.0;16.86;86.6;1.72;
2022-08-24 23:00:00;0.0;0.0;0.0;16.14;86.55;1.72;
2022-08-25 00:00:00;0.0;0.0;0.0;15.52;89.6;1.86;
2022-08-25 01:00:00;0.0;0.0;0.0;15.63;89.6;1.72;
2022-08-25 02:00:00;0.0;0.0;0.0;15.17;92.75;1.66;
2022-08-25 03:00:00;0.0;0.0;0.0;14.89;96.0;1.79;
2022-08-25 04:00:00;0.0;0.0;0.0;14.22;92.7;1.93;
2022-08-25 05:00:00;28.0;22.3;26.0;13.8;95.95;1.86;
2022-08-25 06:00:00;136.0;85.77;113.0;15.92;89.65;1.17;
2022-08-25 07:00:00;275.0;171.42;200.0;18.39;89.75;1.24;
2022-08-25 08:00:00;511.0;530.5;200.0;20.7;78.5;0.83;
2022-08-25 09:00:00;699.0;790.98;142.0;22.56;66.45;0.9;
2022-08-25 10:00:00;792.0;822.13;148.0;23.91;60.15;1.24;
2022-08-25 11:00:00;834.0;834.69;151.0;25.09;54.55;1.45;
2022-08-25 12:00:00;816.0;816.99;157.0;26.05;49.45;1.24;
2022-08-25 13:00:00;758.0;822.23;142.0;26.74;47.9;1.31;
2022-08-25 14:00:00;635.0;758.62;142.0;26.94;47.9;1.45;
2022-08-25 15:00:00;485.0;706.19;121.0;26.82;49.55;1.79;
2022-08-25 16:00:00;95.0;0.0;95.0;26.34;51.2;1.72;
2022-08-25 17:00:00;59.0;0.0;59.0;25.34;62.55;1.17;
2022-08-25 18:00:00;0.0;0.0;0.0;23.92;71.35;0.83;
2022-08-25 19:00:00;0.0;0.0;0.0;23.57;62.25;0.21;
2022-08-25 20:00:00;0.0;0.0;0.0;20.04;78.45;1.52;
2022-08-25 21:00:00;0.0;0.0;0.0;18.6;83.8;2.07;
2022-08-25 22:00:00;0.0;0.0;0.0;17.66;89.7;2.07;
2022-08-25 23:00:00;0.0;0.0;0.0;17.04;89.65;2.0;
2022-08-26 00:00:00;0.0;0.0;0.0;16.69;89.65;2.0;
2022-08-26 01:00:00;0.0;0.0;0.0;16.44;89.65;2.07;
2022-08-26 02:00:00;0.0;0.0;0.0;15.98;92.8;1.86;
2022-08-26 03:00:00;0.0;0.0;0.0;15.8;96.0;1.86;
2022-08-26 04:00:00;0.0;0.0;0.0;16.36;92.8;2.07;
2022-08-26 05:00:00;38.0;104.31;29.0;16.31;89.65;2.07;
2022-08-26 06:00:00;180.0;290.65;103.0;17.72;89.7;1.72;
2022-08-26 07:00:00;361.0;504.14;142.0;20.73;84.05;1.31;
2022-08-26 08:00:00;544.0;694.48;139.0;23.51;68.95;0.9;
2022-08-26 09:00:00;678.0;745.99;155.0;25.19;62.55;0.48;
2022-08-26 10:00:00;769.0;776.82;163.0;26.29;58.7;0.76;
2022-08-26 11:00:00;810.0;789.09;167.0;27.14;55.05;1.03;
2022-08-26 12:00:00;792.0;770.89;173.0;27.74;55.05;1.31;
2022-08-26 13:00:00;730.0;766.19;159.0;28.09;53.35;1.52;
2022-08-26 14:00:00;571.0;552.95;214.0;28.11;53.35;1.59;
2022-08-26 15:00:00;457.0;612.64;144.0;28.03;55.05;1.24;
2022-08-26 16:00:00;109.0;0.0;109.0;27.81;55.05;0.97;
2022-08-26 17:00:00;61.0;0.0;61.0;26.84;67.2;0.69;
2022-08-26 18:00:00;0.0;0.0;0.0;26.19;62.8;0.07;
2022-08-26 19:00:00;0.0;0.0;0.0;25.27;64.7;0.48;
2022-08-26 20:00:00;0.0;0.0;0.0;23.29;73.7;1.17;
2022-08-26 21:00:00;0.0;0.0;0.0;21.43;84.05;1.72;
2022-08-26 22:00:00;0.0;0.0;0.0;20.55;84.05;1.93;
2022-08-26 23:00:00;0.0;0.0;0.0;19.83;89.85;2.0;
2022-08-27 00:00:00;0.0;0.0;0.0;19.19;92.9;1.93;
2022-08-27 01:00:00;0.0;0.0;0.0;18.85;92.85;1.93;
2022-08-27 02:00:00;0.0;0.0;0.0;18.63;92.85;2.0;
2022-08-27 03:00:00;0.0;0.0;0.0;18.59;89.75;1.93;
2022-08-27 04:00:00;0.0;0.0;0.0;18.19;92.85;1.86;
2022-08-27 05:00:00;20.0;0.0;20.0;18.02;92.85;1.79;
2022-08-27 06:00:00;210.0;512.11;76.0;19.58;92.9;1.38;
2022-08-27 07:00:00;358.0;514.78;136.0;22.36;87.05;1.03;
2022-08-27 08:00:00;524.0;632.7;157.0;24.36;71.4;0.55;
2022-08-27 09:00:00;654.0;682.02;178.0;25.39;64.7;0.69;
2022-08-27 10:00:00;747.0;723.46;185.0;26.34;62.8;1.1;
2022-08-27 11:00:00;791.0;750.56;182.0;27.05;58.9;1.31;
2022-08-27 12:00:00;778.0;746.95;181.0;27.41;56.95;1.24;
2022-08-27 13:00:00;716.0;741.99;166.0;27.58;56.95;1.17;
2022-08-27 14:00:00;597.0;675.16;164.0;27.77;56.95;1.1;
2022-08-27 15:00:00;448.0;600.44;144.0;27.81;55.05;0.97;
2022-08-27 16:00:00;113.0;0.0;113.0;27.68;55.05;0.34;
2022-08-27 17:00:00;63.0;0.0;63.0;27.03;60.9;0.34;
2022-08-27 18:00:00;0.0;0.0;0.0;26.29;64.95;0.55;
2022-08-27 19:00:00;0.0;0.0;0.0;23.53;78.9;1.24;
2022-08-27 20:00:00;0.0;0.0;0.0;22.02;84.15;1.52;
2022-08-27 21:00:00;0.0;0.0;0.0;20.93;89.9;1.72;
2022-08-27 22:00:00;0.0;0.0;0.0;20.0;89.85;1.86;
2022-08-27 23:00:00;0.0;0.0;0.0;19.4;96.1;1.72;
2022-08-28 00:00:00;0.0;0.0;0.0;18.84;99.4;1.66;
2022-08-28 01:00:00;0.0;0.0;0.0;18.63;99.4;1.72;
2022-08-28 02:00:00;0.0;0.0;0.0;18.61;99.4;1.66;
2022-08-28 03:00:00;0.0;0.0;0.0;18.48;99.4;1.66;
2022-08-28 04:00:00;0.0;0.0;0.0;18.16;99.4;1.72;
2022-08-28 05:00:00;22.0;12.6;21.0;18.05;96.05;1.79;
2022-08-28 06:00:00;100.0;23.22;94.0;19.32;96.1;1.45;
2022-08-28 07:00:00;292.0;249.95;185.0;21.77;89.95;0.83;
2022-08-28 08:00:00;525.0;644.81;153.0;23.92;78.9;0.14;
2022-08-28 09:00:00;581.0;451.98;267.0;25.38;71.6;0.48;
2022-08-28 10:00:00;562.0;255.98;364.0;26.24;67.15;0.62;
2022-08-28 11:00:00;729.0;569.4;269.0;27.11;65.1;1.24;
2022-08-28 12:00:00;620.0;331.88;356.0;27.34;65.1;1.24;
2022-08-28 13:00:00;220.0;0.0;220.0;27.55;65.1;0.41;
2022-08-28 14:00:00;574.0;602.87;190.0;28.03;65.1;1.66;
2022-08-28 15:00:00;52.0;0.0;52.0;26.94;67.2;1.59;
2022-08-28 16:00:00;36.0;0.0;36.0;26.05;74.15;0.97;
2022-08-28 17:00:00;64.0;0.0;64.0;25.48;79.1;1.1;
2022-08-28 18:00:00;0.0;0.0;0.0;24.49;87.2;0.9;
2022-08-28 19:00:00;0.0;0.0;0.0;23.3;81.5;1.86;
2022-08-28 20:00:00;0.0;0.0;0.0;22.3;84.15;1.93;
2022-08-28 21:00:00;0.0;0.0;0.0;21.18;89.95;1.93;
2022-08-28 22:00:00;0.0;0.0;0.0;20.36;92.95;2.0;
2022-08-28 23:00:00;0.0;0.0;0.0;19.96;89.85;1.93;
2022-08-29 00:00:00;0.0;0.0;0.0;19.59;92.9;1.93;
2022-08-29 01:00:00;0.0;0.0;0.0;19.32;92.9;1.79;
2022-08-29 02:00:00;0.0;0.0;0.0;19.06;89.8;1.86;
2022-08-29 03:00:00;0.0;0.0;0.0;18.91;92.85;1.72;
2022-08-29 04:00:00;0.0;0.0;0.0;19.05;89.8;1.79;
2022-08-29 05:00:00;5.0;0.0;5.0;19.36;92.9;1.72;
2022-08-29 06:00:00;30.0;0.0;30.0;20.12;92.95;1.38;
2022-08-29 07:00:00;95.0;0.0;95.0;20.07;86.85;1.17;
2022-08-29 08:00:00;108.0;0.0;108.0;20.71;84.05;1.59;
2022-08-29 09:00:00;445.0;163.42;332.0;21.16;81.3;1.59;
2022-08-29 10:00:00;297.0;7.79;291.0;21.84;81.35;1.72;
2022-08-29 11:00:00;139.0;0.0;139.0;22.74;76.15;1.72;
2022-08-29 12:00:00;415.0;58.11;369.0;23.42;73.7;1.03;
2022-08-29 13:00:00;102.0;0.0;102.0;23.8;71.35;0.9;
2022-08-29 14:00:00;105.0;0.0;105.0;24.22;69.05;0.55;
2022-08-29 15:00:00;94.0;0.0;94.0;24.28;69.05;0.9;
2022-08-29 16:00:00;34.0;0.0;34.0;23.62;73.75;0.41;
2022-08-29 17:00:00;53.0;0.0;53.0;23.2;78.85;0.9;
2022-08-29 18:00:00;0.0;0.0;0.0;22.43;84.15;1.31;
2022-08-29 19:00:00;0.0;0.0;0.0;20.89;86.9;1.24;
2022-08-29 20:00:00;0.0;0.0;0.0;20.74;84.05;0.83;
2022-08-29 21:00:00;0.0;0.0;0.0;19.6;89.85;1.24;
2022-08-29 22:00:00;0.0;0.0;0.0;18.9;92.85;1.59;
2022-08-29 23:00:00;0.0;0.0;0.0;18.76;92.85;1.79;
2022-08-30 00:00:00;0.0;0.0;0.0;18.66;92.85;1.79;
2022-08-30 01:00:00;0.0;0.0;0.0;18.18;92.85;1.79;
2022-08-30 02:00:00;0.0;0.0;0.0;17.85;92.85;1.93;
2022-08-30 03:00:00;0.0;0.0;0.0;17.44;92.85;1.79;
2022-08-30 04:00:00;0.0;0.0;0.0;17.15;92.8;1.66;
2022-08-30 05:00:00;27.0;55.22;23.0;17.1;92.8;1.52;
2022-08-30 06:00:00;205.0;532.21;71.0;18.59;89.75;0.83;
2022-08-30 07:00:00;240.0;116.21;191.0;19.12;89.8;1.59;
2022-08-30 08:00:00;511.0;602.96;167.0;19.87;86.85;2.55;
2022-08-30 09:00:00;344.0;47.95;311.0;20.57;78.5;2.07;
2022-08-30 10:00:00;702.0;599.98;242.0;21.16;75.95;1.17;
2022-08-30 11:00:00;785.0;755.65;180.0;22.3;71.05;0.62;
2022-08-30 12:00:00;771.0;751.53;179.0;23.08;68.85;0.9;
2022-08-30 13:00:00;659.0;579.0;237.0;23.62;71.35;1.52;
2022-08-30 14:00:00;537.0;493.63;227.0;23.44;73.7;1.66;
2022-08-30 15:00:00;406.0;465.39;177.0;23.09;73.7;1.45;
2022-08-30 16:00:00;90.0;0.0;90.0;21.97;78.65;0.62;
2022-08-30 17:00:00;49.0;0.0;49.0;21.54;78.65;0.62;
2022-08-30 18:00:00;0.0;0.0;0.0;20.89;86.9;1.03;
2022-08-30 19:00:00;0.0;0.0;0.0;20.73;86.9;0.97;
2022-08-30 20:00:00;0.0;0.0;0.0;19.04;89.8;1.24;
2022-08-30 21:00:00;0.0;0.0;0.0;17.84;92.85;1.66;
2022-08-30 22:00:00;0.0;0.0;0.0;17.23;89.65;1.72;
2022-08-30 23:00:00;0.0;0.0;0.0;16.76;89.65;1.72;
2022-08-31 00:00:00;0.0;0.0;0.0;16.53;86.6;1.52;
2022-08-31 01:00:00;0.0;0.0;0.0;17.21;83.65;1.03;
2022-08-31 02:00:00;0.0;0.0;0.0;17.4;83.65;0.83;
2022-08-31 03:00:00;0.0;0.0;0.0;17.28;86.6;0.55;
2022-08-31 04:00:00;0.0;0.0;0.0;15.99;86.55;1.03;
2022-08-31 05:00:00;6.0;0.0;6.0;15.02;89.55;1.45;
2022-08-31 06:00:00;89.0;16.1;85.0;15.8;89.6;1.17;
2022-08-31 07:00:00;44.0;0.0;44.0;18.63;75.55;1.03;
2022-08-31 08:00:00;123.0;0.0;123.0;19.59;68.2;0.48;
2022-08-31 09:00:00;143.0;0.0;143.0;20.43;63.7;0.97;
2022-08-31 10:00:00;288.0;6.55;283.0;21.01;59.6;1.72;
2022-08-31 11:00:00;389.0;36.39;360.0;21.52;57.65;1.86;
2022-08-31 12:00:00;525.0;170.97;391.0;21.95;57.65;2.0;
2022-08-31 13:00:00;727.0;803.22;145.0;22.3;55.8;1.93;
2022-08-31 14:00:00;602.0;734.65;144.0;22.33;57.75;2.14;
2022-08-31 15:00:00;460.0;710.2;114.0;22.04;57.75;2.21;
2022-08-31 16:00:00;95.0;0.0;95.0;20.64;71.05;1.26;
2022-08-31 17:00:00;56.0;0.0;56.0;20.07;71.8;1.33;
2022-08-31 18:00:00;0.0;0.0;0.0;19.5;72.56;1.41;
2022-08-31 19:00:00;0.0;0.0;0.0;18.92;73.32;1.48;
2022-08-31 20:00:00;0.0;0.0;0.0;18.35;74.08;1.55;
2022-08-31 21:00:00;0.0;0.0;0.0;17.78;74.84;1.62;
2022-08-31 22:00:00;0.0;0.0;0.0;17.21;75.59;1.69;
2022-08-31 23:00:00;0.0;0.0;0.0;16.63;76.35;1.77;
2022-09-01 00:00:00;0.0;0.0;0.0;16.06;77.11;1.84;
2022-09-01 01:00:00;0.0;0.0;0.0;15.49;77.87;1.91;
2022-09-01 02:00:00;0.0;0.0;0.0;14.92;78.63;1.98;
2022-09-01 03:00:00;0.0;0.0;0.0;14.34;79.38;2.05;
2022-09-01 04:00:00;0.0;0.0;0.0;13.77;80.14;2.13;
2022-09-01 05:00:00;3.0;0.0;3.0;13.2;80.9;2.2;
2022-09-01 06:00:00;17.0;0.0;17.0;12.62;81.66;2.27;
2022-09-01 07:00:00;36.0;0.0;36.0;12.05;82.42;2.34;
2022-09-01 08:00:00;71.0;0.0;71.0;16.69;60.85;1.52;
2022-09-01 09:00:00;429.0;141.57;333.0;17.49;56.75;1.38;
2022-09-01 10:00:00;663.0;493.32;290.0;18.32;54.85;1.03;
2022-09-01 11:00:00;513.0;149.48;395.0;19.51;51.4;0.9;
2022-09-01 12:00:00;629.0;366.14;345.0;20.0;49.7;1.24;
2022-09-01 13:00:00;695.0;715.22;183.0;20.67;48.05;1.59;
2022-09-01 14:00:00;584.0;690.46;160.0;20.8;49.8;1.52;
2022-09-01 15:00:00;263.0;88.0;221.0;20.51;49.8;1.72;
2022-09-01 16:00:00;94.0;0.0;94.0;20.09;53.35;1.66;
2022-09-01 17:00:00;54.0;0.0;54.0;19.48;59.15;1.1;
2022-09-01 18:00:00;0.0;0.0;0.0;18.05;72.9;0.69;
2022-09-01 19:00:00;0.0;0.0;0.0;17.47;70.3;0.9;
2022-09-01 20:00:00;0.0;0.0;0.0;16.59;75.3;1.1;
2022-09-01 21:00:00;0.0;0.0;0.0;16.06;77.95;1.17;
2022-09-01 22:00:00;0.0;0.0;0.0;15.64;80.65;1.24;
2022-09-01 23:00:00;0.0;0.0;0.0;16.43;72.65;0.9;
2022-09-02 00:00:00;0.0;0.0;0.0;15.93;75.15;1.1;
2022-09-02 01:00:00;0.0;0.0;0.0;15.44;75.15;1.17;
2022-09-02 02:00:00;0.0;0.0;0.0;16.56;70.2;0.83;
2022-09-02 03:00:00;0.0;0.0;0.0;16.59;70.2;0.48;
2022-09-02 04:00:00;0.0;0.0;0.0;16.74;67.75;0.28;
2022-09-02 05:00:00;7.0;0.0;7.0;16.38;72.65;0.69;
2022-09-02 06:00:00;71.0;4.2;70.0;16.2;75.25;0.69;
2022-09-02 07:00:00;199.0;56.3;176.0;16.14;75.25;0.76;
2022-09-02 08:00:00;192.0;3.59;190.0;16.64;75.3;0.83;
2022-09-02 09:00:00;611.0;581.05;219.0;17.58;70.3;1.17;
2022-09-02 10:00:00;716.0;668.46;213.0;18.55;65.65;1.24;
2022-09-02 11:00:00;685.0;485.03;304.0;20.0;57.3;1.1;
2022-09-02 12:00:00;452.0;95.92;378.0;21.11;53.6;1.31;
2022-09-02 13:00:00;524.0;262.86;337.0;21.94;50.05;1.52;
2022-09-02 14:00:00;566.0;644.98;173.0;22.25;48.45;1.31;
2022-09-02 15:00:00;227.0;46.59;205.0;22.3;48.45;1.31;
2022-09-02 16:00:00;132.0;0.0;132.0;22.14;50.2;1.31;
2022-09-02 17:00:00;49.0;0.0;49.0;21.53;57.65;1.31;
2022-09-02 18:00:00;0.0;0.0;0.0;20.14;63.7;1.59;
2022-09-02 19:00:00;0.0;0.0;0.0;19.82;63.6;0.76;
2022-09-02 20:00:00;0.0;0.0;0.0;19.76;63.6;0.28;
2022-09-02 21:00:00;0.0;0.0;0.0;19.34;65.75;0.62;
2022-09-02 22:00:00;0.0;0.0;0.0;16.76;78.0;1.45;
2022-09-02 23:00:00;0.0;0.0;0.0;15.74;83.55;1.52;
2022-09-03 00:00:00;0.0;0.0;0.0;15.04;86.5;1.72;
2022-09-03 01:00:00;0.0;0.0;0.0;14.87;92.7;1.72;
2022-09-03 02:00:00;0.0;0.0;0.0;14.9;92.7;2.07;
2022-09-03 03:00:00;0.0;0.0;0.0;15.27;89.55;2.41;
2022-09-03 04:00:00;0.0;0.0;0.0;15.75;83.55;2.69;
2022-09-03 05:00:00;14.0;18.23;13.0;16.11;77.95;2.62;
2022-09-03 06:00:00;55.0;0.0;55.0;16.74;78.0;2.21;
2022-09-03 07:00:00;72.0;0.0;72.0;19.5;68.2;1.93;
2022-09-03 08:00:00;208.0;9.03;203.0;20.64;68.4;1.24;
2022-09-03 09:00:00;177.0;0.0;177.0;21.67;59.7;2.0;
2022-09-03 10:00:00;91.0;0.0;91.0;21.16;63.9;1.38;
2022-09-03 11:00:00;114.0;0.0;114.0;20.97;63.8;1.17;
2022-09-03 12:00:00;129.0;0.0;129.0;20.65;66.05;2.28;
2022-09-03 13:00:00;127.0;0.0;127.0;21.45;63.9;3.17;
2022-09-03 14:00:00;102.0;0.0;102.0;21.52;61.85;2.97;
2022-09-03 15:00:00;136.0;0.0;136.0;21.83;64.0;2.62;
2022-09-03 16:00:00;132.0;0.0;132.0;21.51;76.0;0.76;
2022-09-03 17:00:00;49.0;0.0;49.0;20.47;73.2;2.14;
2022-09-03 18:00:00;0.0;0.0;0.0;19.13;81.05;1.1;
2022-09-03 19:00:00;0.0;0.0;0.0;18.07;83.75;1.59;
2022-09-03 20:00:00;0.0;0.0;0.0;17.46;89.7;1.31;
2022-09-03 21:00:00;0.0;0.0;0.0;17.28;89.7;1.17;
2022-09-03 22:00:00;0.0;0.0;0.0;17.2;89.7;1.03;
2022-09-03 23:00:00;0.0;0.0;0.0;16.79;92.8;1.38;
2022-09-04 00:00:00;0.0;0.0;0.0;16.91;89.65;2.0;
2022-09-04 01:00:00;0.0;0.0;0.0;17.01;86.65;2.21;
2022-09-04 02:00:00;0.0;0.0;0.0;16.99;86.65;2.07;
2022-09-04 03:00:00;0.0;0.0;0.0;17.08;86.65;1.93;
2022-09-04 04:00:00;0.0;0.0;0.0;16.88;89.65;1.52;
2022-09-04 05:00:00;16.0;0.0;16.0;16.72;89.65;1.17;
2022-09-04 06:00:00;88.0;25.92;82.0;17.48;89.7;0.76;
2022-09-04 07:00:00;126.0;2.49;125.0;18.17;92.85;0.62;
2022-09-04 08:00:00;190.0;3.63;188.0;18.93;86.75;0.55;
2022-09-04 09:00:00;325.0;41.94;297.0;19.21;86.8;0.34;
2022-09-04 10:00:00;557.0;284.54;345.0;19.79;83.9;0.34;
2022-09-04 11:00:00;352.0;24.43;333.0;20.54;75.85;0.83;
2022-09-04 12:00:00;173.0;0.0;173.0;21.59;73.45;1.38;
2022-09-04 13:00:00;400.0;91.13;336.0;22.81;66.45;1.86;
2022-09-04 14:00:00;581.0;758.82;126.0;23.71;60.15;2.14;
2022-09-04 15:00:00;425.0;679.79;111.0;24.31;54.35;2.07;
2022-09-04 16:00:00;112.0;0.0;112.0;24.28;52.5;1.59;
2022-09-04 17:00:00;42.0;0.0;42.0;23.56;60.15;1.1;
2022-09-04 18:00:00;0.0;0.0;0.0;21.94;68.6;1.1;
2022-09-04 19:00:00;0.0;0.0;0.0;22.06;61.95;0.21;
2022-09-04 20:00:00;0.0;0.0;0.0;21.61;64.0;0.48;
2022-09-04 21:00:00;0.0;0.0;0.0;21.31;66.15;0.69;
2022-09-04 22:00:00;0.0;0.0;0.0;19.28;78.3;1.31;
2022-09-04 23:00:00;0.0;0.0;0.0;18.73;81.0;1.24;
2022-09-05 00:00:00;0.0;0.0;0.0;19.88;75.7;0.48;
2022-09-05 01:00:00;0.0;0.0;0.0;17.15;86.65;1.38;
2022-09-05 02:00:00;0.0;0.0;0.0;16.13;92.8;1.66;
2022-09-05 03:00:00;0.0;0.0;0.0;16.15;92.8;1.72;
2022-09-05 04:00:00;0.0;0.0;0.0;16.09;96.05;1.86;
2022-09-05 05:00:00;8.0;0.0;8.0;16.03;96.05;1.93;
2022-09-05 06:00:00;63.0;4.39;62.0;16.34;92.8;2.0;
2022-09-05 07:00:00;228.0;123.01;179.0;19.01;83.85;1.52;
2022-09-05 08:00:00;379.0;232.16;252.0;21.46;70.9;1.03;
2022-09-05 09:00:00;639.0;733.42;152.0;23.29;62.15;0.76;
2022-09-05 10:00:00;749.0;825.59;137.0;24.69;54.45;0.97;
2022-09-05 11:00:00;763.0;762.68;173.0;25.42;52.75;1.45;
2022-09-05 12:00:00;763.0;811.89;147.0;25.94;51.05;2.07;
2022-09-05 13:00:00;688.0;776.84;146.0;25.46;52.75;2.48;
2022-09-05 14:00:00;346.0;105.94;283.0;25.62;52.85;2.14;
2022-09-05 15:00:00;51.0;0.0;51.0;24.48;56.25;1.59;
2022-09-05 16:00:00;44.0;0.0;44.0;24.37;58.2;0.9;
2022-09-05 17:00:00;23.0;0.0;23.0;24.08;60.25;0.34;
2022-09-05 18:00:00;0.0;0.0;0.0;23.54;62.25;0.55;
2022-09-05 19:00:00;0.0;0.0;0.0;23.22;62.15;0.55;
2022-09-05 20:00:00;0.0;0.0;0.0;20.84;75.85;1.31;
2022-09-05 21:00:00;0.0;0.0;0.0;19.9;78.35;1.38;
2022-09-05 22:00:00;0.0;0.0;0.0;20.55;73.3;1.1;
2022-09-05 23:00:00;0.0;0.0;0.0;20.81;73.3;0.97;
2022-09-06 00:00:00;0.0;0.0;0.0;18.84;81.0;1.31;
2022-09-06 01:00:00;0.0;0.0;0.0;17.0;80.85;1.79;
2022-09-06 02:00:00;0.0;0.0;0.0;15.91;86.5;2.14;
2022-09-06 03:00:00;0.0;0.0;0.0;15.48;86.5;2.21;
2022-09-06 04:00:00;0.0;0.0;0.0;15.28;89.55;2.21;
2022-09-06 05:00:00;13.0;0.0;13.0;15.05;89.55;2.28;
2022-09-06 06:00:00;172.0;454.19;70.0;16.18;83.6;1.93;
2022-09-06 07:00:00;345.0;592.55;111.0;20.5;75.85;1.38;
2022-09-06 08:00:00;525.0;748.78;118.0;23.24;58.0;1.38;
2022-09-06 09:00:00;658.0;799.53;130.0;24.82;49.05;1.38;
2022-09-06 10:00:00;763.0;867.85;123.0;26.02;46.0;1.03;
2022-09-06 11:00:00;798.0;870.69;128.0;26.92;43.15;0.48;
2022-09-06 12:00:00;780.0;864.33;128.0;27.53;41.8;0.41;
2022-09-06 13:00:00;707.0;839.81;125.0;27.78;40.5;1.31;
2022-09-06 14:00:00;584.0;790.26;118.0;27.78;40.5;1.86;
2022-09-06 15:00:00;423.0;697.83;108.0;27.43;43.3;2.34;
2022-09-06 16:00:00;84.0;0.0;84.0;26.76;46.25;2.55;
2022-09-06 17:00:00;38.0;0.0;38.0;25.52;54.55;1.93;
2022-09-06 18:00:00;0.0;0.0;0.0;23.64;66.65;1.45;
2022-09-06 19:00:00;0.0;0.0;0.0;22.41;68.7;1.38;
2022-09-06 20:00:00;0.0;0.0;0.0;21.33;68.5;1.45;
2022-09-06 21:00:00;0.0;0.0;0.0;19.72;75.7;1.72;
2022-09-06 22:00:00;0.0;0.0;0.0;19.02;75.65;1.79;
2022-09-06 23:00:00;0.0;0.0;0.0;18.27;80.9;1.86;
2022-09-07 00:00:00;0.0;0.0;0.0;17.44;80.85;2.0;
2022-09-07 01:00:00;0.0;0.0;0.0;16.78;83.65;2.07;
2022-09-07 02:00:00;0.0;0.0;0.0;16.41;86.55;2.07;
2022-09-07 03:00:00;0.0;0.0;0.0;16.3;83.6;2.07;
2022-09-07 04:00:00;0.0;0.0;0.0;16.11;83.6;2.07;
2022-09-07 05:00:00;11.0;0.0;11.0;15.89;86.5;2.0;
2022-09-07 06:00:00;162.0;393.51;75.0;17.22;83.7;1.52;
2022-09-07 07:00:00;335.0;556.93;117.0;21.17;75.95;0.76;
2022-09-07 08:00:00;504.0;683.31;135.0;23.41;64.3;1.17;
2022-09-07 09:00:00;641.0;753.75;146.0;24.22;58.2;1.38;
2022-09-07 10:00:00;743.0;821.99;140.0;24.79;56.35;1.45;
2022-09-07 11:00:00;785.0;846.65;137.0;25.4;54.55;1.45;
2022-09-07 12:00:00;767.0;841.43;136.0;25.89;51.05;1.31;
2022-09-07 13:00:00;694.0;816.54;132.0;26.26;47.75;1.24;
2022-09-07 14:00:00;573.0;768.0;124.0;26.52;47.75;1.38;
2022-09-07 15:00:00;410.0;668.05;112.0;26.54;47.75;1.59;
2022-09-07 16:00:00;84.0;0.0;84.0;26.21;46.15;1.66;
2022-09-07 17:00:00;37.0;0.0;37.0;25.22;56.5;1.24;
2022-09-07 18:00:00;0.0;0.0;0.0;23.58;62.25;1.24;
2022-09-07 19:00:00;0.0;0.0;0.0;24.08;54.35;0.69;
2022-09-07 20:00:00;0.0;0.0;0.0;22.26;64.1;1.17;
2022-09-07 21:00:00;0.0;0.0;0.0;20.17;73.2;1.59;
2022-09-07 22:00:00;0.0;0.0;0.0;19.2;78.3;1.66;
2022-09-07 23:00:00;0.0;0.0;0.0;18.46;83.75;1.79;
2022-09-08 00:00:00;0.0;0.0;0.0;17.98;80.9;1.79;
2022-09-08 01:00:00;0.0;0.0;0.0;17.53;83.7;1.86;
2022-09-08 02:00:00;0.0;0.0;0.0;17.1;83.7;1.93;
2022-09-08 03:00:00;0.0;0.0;0.0;16.35;89.65;1.79;
2022-09-08 04:00:00;0.0;0.0;0.0;16.12;92.8;1.72;
2022-09-08 05:00:00;10.0;0.0;10.0;16.39;92.8;1.86;
2022-09-08 06:00:00;155.0;349.29;79.0;17.03;86.65;1.52;
2022-09-08 07:00:00;333.0;559.37;116.0;20.32;81.15;1.17;
2022-09-08 08:00:00;505.0;699.03;130.0;22.81;68.75;0.41;
2022-09-08 09:00:00;642.0;768.75;140.0;24.22;62.35;0.07;
2022-09-08 10:00:00;745.0;836.01;135.0;25.23;58.45;0.41;
2022-09-08 11:00:00;775.0;826.35;146.0;25.95;54.7;1.1;
2022-09-08 12:00:00;748.0;796.86;154.0;26.42;52.95;1.59;
2022-09-08 13:00:00;676.0;772.53;148.0;26.71;49.55;1.86;
2022-09-08 14:00:00;563.0;748.88;129.0;26.85;47.9;2.0;
2022-09-08 15:00:00;402.0;648.97;116.0;26.71;46.25;1.86;
2022-09-08 16:00:00;89.0;0.0;89.0;26.32;47.75;1.66;
2022-09-08 17:00:00;34.0;0.0;34.0;25.3;54.55;1.24;
2022-09-08 18:00:00;0.0;0.0;0.0;23.68;64.4;1.17;
2022-09-08 19:00:00;0.0;0.0;0.0;23.03;62.15;0.9;
2022-09-08 20:00:00;0.0;0.0;0.0;21.19;70.9;1.24;
2022-09-08 21:00:00;0.0;0.0;0.0;20.87;70.8;1.17;
2022-09-08 22:00:00;0.0;0.0;0.0;20.44;73.2;1.24;
2022-09-08 23:00:00;0.0;0.0;0.0;19.92;75.7;1.24;
2022-09-09 00:00:00;0.0;0.0;0.0;19.0;78.3;1.38;
2022-09-09 01:00:00;0.0;0.0;0.0;16.24;89.65;1.86;
2022-09-09 02:00:00;0.0;0.0;0.0;15.59;92.75;1.86;
2022-09-09 03:00:00;0.0;0.0;0.0;15.75;92.75;2.0;
2022-09-09 04:00:00;0.0;0.0;0.0;15.44;96.0;2.07;
2022-09-09 05:00:00;9.0;0.0;9.0;15.36;96.0;2.07;
2022-09-09 06:00:00;157.0;392.42;73.0;15.66;96.0;1.86;
2022-09-09 07:00:00;337.0;595.71;108.0;18.55;86.75;1.72;
2022-09-09 08:00:00;508.0;722.52;123.0;21.57;73.45;0.97;
2022-09-09 09:00:00;644.0;782.43;136.0;23.82;62.25;0.28;
2022-09-09 10:00:00;739.0;826.8;139.0;25.06;54.55;0.9;
2022-09-09 11:00:00;781.0;850.79;137.0;25.95;49.3;1.31;
2022-09-09 12:00:00;758.0;834.14;140.0;26.44;46.15;1.52;
2022-09-09 13:00:00;688.0;819.31;132.0;26.74;43.15;1.52;
2022-09-09 14:00:00;550.0;713.81;140.0;26.72;43.15;1.45;
2022-09-09 15:00:00;389.0;599.62;128.0;26.62;43.15;1.45;
2022-09-09 16:00:00;85.0;0.0;85.0;26.13;44.55;1.45;
2022-09-09 17:00:00;33.0;0.0;33.0;25.07;56.5;1.1;
2022-09-09 18:00:00;0.0;0.0;0.0;24.19;58.2;0.9;
2022-09-09 19:00:00;0.0;0.0;0.0;23.78;54.2;0.28;
2022-09-09 20:00:00;0.0;0.0;0.0;22.75;59.95;1.03;
2022-09-09 21:00:00;0.0;0.0;0.0;20.12;70.7;1.52;
2022-09-09 22:00:00;0.0;0.0;0.0;18.92;78.25;1.66;
2022-09-09 23:00:00;0.0;0.0;0.0;17.97;80.9;1.72;
2022-09-10 00:00:00;0.0;0.0;0.0;17.05;83.7;1.93;
2022-09-10 01:00:00;0.0;0.0;0.0;16.49;86.6;1.86;
2022-09-10 02:00:00;0.0;0.0;0.0;16.06;89.65;1.79;
2022-09-10 03:00:00;0.0;0.0;0.0;15.65;89.6;1.86;
2022-09-10 04:00:00;0.0;0.0;0.0;15.65;89.6;1.86;
2022-09-10 05:00:00;7.0;0.0;7.0;15.37;92.75;1.79;
2022-09-10 06:00:00;155.0;399.03;71.0;16.26;92.8;1.31;
2022-09-10 07:00:00;329.0;575.01;110.0;21.2;75.95;0.83;
2022-09-10 08:00:00;502.0;716.15;123.0;23.62;58.1;0.97;
2022-09-10 09:00:00;633.0;765.35;139.0;24.86;49.05;0.83;
2022-09-10 10:00:00;735.0;831.41;135.0;25.98;46.0;0.83;
2022-09-10 11:00:00;768.0;833.06;141.0;26.58;43.15;1.03;
2022-09-10 12:00:00;749.0;827.11;140.0;27.14;41.8;1.31;
2022-09-10 13:00:00;676.0;801.52;136.0;27.41;41.8;1.59;
2022-09-10 14:00:00;551.0;741.42;129.0;27.47;41.8;1.72;
2022-09-10 15:00:00;390.0;639.82;115.0;27.41;40.35;1.72;
2022-09-10 16:00:00;86.0;0.0;86.0;26.65;40.25;1.66;
2022-09-10 17:00:00;30.0;0.0;30.0;25.31;52.75;1.17;
2022-09-10 18:00:00;0.0;0.0;0.0;24.26;52.5;0.97;
2022-09-10 19:00:00;0.0;0.0;0.0;22.7;59.95;1.24;
2022-09-10 20:00:00;0.0;0.0;0.0;22.19;61.95;1.17;
2022-09-10 21:00:00;0.0;0.0;0.0;21.63;66.25;1.17;
2022-09-10 22:00:00;0.0;0.0;0.0;20.52;70.8;1.31;
2022-09-10 23:00:00;0.0;0.0;0.0;19.64;75.7;1.45;
2022-09-11 00:00:00;0.0;0.0;0.0;18.69;81.0;1.59;
2022-09-11 01:00:00;0.0;0.0;0.0;17.99;83.75;1.72;
2022-09-11 02:00:00;0.0;0.0;0.0;17.29;86.65;1.79;
2022-09-11 03:00:00;0.0;0.0;0.0;16.86;86.6;1.79;
2022-09-11 04:00:00;0.0;0.0;0.0;16.72;86.6;1.72;
2022-09-11 05:00:00;4.0;0.0;4.0;16.53;86.6;1.72;
2022-09-11 06:00:00;127.0;212.61;83.0;17.17;86.65;1.52;
2022-09-11 07:00:00;262.0;265.05;162.0;20.0;78.45;1.24;
2022-09-11 08:00:00;431.0;439.54;200.0;22.64;64.2;0.62;
2022-09-11 09:00:00;442.0;210.4;307.0;24.32;54.35;0.21;
2022-09-11 10:00:00;645.0;556.02;246.0;25.57;49.3;0.97;
2022-09-11 11:00:00;750.0;801.81;150.0;26.43;46.15;1.66;
2022-09-11 12:00:00;715.0;739.42;174.0;26.85;43.15;1.86;
2022-09-11 13:00:00;588.0;520.36;240.0;26.86;43.15;1.86;
2022-09-11 14:00:00;520.0;643.69;157.0;26.96;43.15;1.72;
2022-09-11 15:00:00;376.0;603.35;120.0;26.66;41.65;1.93;
2022-09-11 16:00:00;103.0;0.0;103.0;25.89;46.0;1.66;
2022-09-11 17:00:00;29.0;0.0;29.0;24.92;58.35;1.03;
2022-09-11 18:00:00;0.0;0.0;0.0;24.5;54.35;0.83;
2022-09-11 19:00:00;0.0;0.0;0.0;22.93;57.9;1.1;
2022-09-11 20:00:00;0.0;0.0;0.0;21.78;61.85;1.31;
2022-09-11 21:00:00;0.0;0.0;0.0;20.47;70.7;1.52;
2022-09-11 22:00:00;0.0;0.0;0.0;19.72;75.7;1.45;
2022-09-11 23:00:00;0.0;0.0;0.0;20.06;73.2;1.1;
2022-09-12 00:00:00;0.0;0.0;0.0;20.81;70.8;0.62;
2022-09-12 01:00:00;0.0;0.0;0.0;20.13;73.2;0.69;
2022-09-12 02:00:00;0.0;0.0;0.0;19.65;75.7;0.76;
2022-09-12 03:00:00;0.0;0.0;0.0;19.32;78.3;0.69;
2022-09-12 04:00:00;0.0;0.0;0.0;18.87;83.8;0.76;
2022-09-12 05:00:00;0.0;0.0;0.0;18.66;83.8;0.48;
2022-09-12 06:00:00;28.0;0.0;28.0;18.27;89.75;0.21;
2022-09-12 07:00:00;144.0;16.06;138.0;18.77;92.85;0.83;
2022-09-12 08:00:00;113.0;0.0;113.0;19.01;86.8;0.41;
2022-09-12 09:00:00;115.0;0.0;115.0;18.95;92.85;0.21;
2022-09-12 10:00:00;64.0;0.0;64.0;18.87;92.85;0.76;
2022-09-12 11:00:00;67.0;0.0;67.0;19.6;83.9;1.45;
2022-09-12 12:00:00;79.0;0.0;79.0;20.18;78.45;1.17;
2022-09-12 13:00:00;323.0;40.68;296.0;20.2;75.75;1.38;
2022-09-12 14:00:00;147.0;0.0;147.0;19.93;75.7;2.14;
2022-09-12 15:00:00;146.0;0.0;146.0;19.57;65.85;2.9;
2022-09-12 16:00:00;88.0;0.0;88.0;19.28;59.15;3.31;
2022-09-12 17:00:00;27.0;0.0;27.0;18.46;52.9;4.48;
2022-09-12 18:00:00;0.0;0.0;0.0;17.51;43.9;5.31;
2022-09-12 19:00:00;0.0;0.0;0.0;18.02;42.45;5.52;
2022-09-12 20:00:00;0.0;0.0;0.0;17.28;37.8;5.66;
2022-09-12 21:00:00;0.0;0.0;0.0;16.59;39.15;5.52;
2022-09-12 22:00:00;0.0;0.0;0.0;15.97;39.0;5.31;
2022-09-12 23:00:00;0.0;0.0;0.0;15.48;40.35;4.97;
2022-09-13 00:00:00;0.0;0.0;0.0;15.03;41.75;4.69;
2022-09-13 01:00:00;0.0;0.0;0.0;14.86;44.9;4.76;
2022-09-13 02:00:00;0.0;0.0;0.0;14.69;43.25;4.83;
2022-09-13 03:00:00;0.0;0.0;0.0;14.61;43.25;4.83;
2022-09-13 04:00:00;0.0;0.0;0.0;14.52;43.25;4.76;
2022-09-13 05:00:00;0.0;0.0;0.0;14.34;46.5;4.55;
2022-09-13 06:00:00;165.0;535.64;58.0;14.48;46.6;4.21;
2022-09-13 07:00:00;347.0;691.8;91.0;16.02;47.0;4.14;
2022-09-13 08:00:00;515.0;773.99;114.0;17.25;42.3;4.55;
2022-09-13 09:00:00;647.0;812.53;132.0;18.48;38.1;4.62;
2022-09-13 10:00:00;743.0;857.15;135.0;19.49;34.3;4.69;
2022-09-13 11:00:00;763.0;816.79;159.0;20.4;31.95;4.76;
2022-09-13 12:00:00;682.0;605.08;245.0;20.99;30.9;4.69;
2022-09-13 13:00:00;660.0;756.02;162.0;21.39;28.8;4.48;
2022-09-13 14:00:00;557.0;787.99;121.0;21.34;27.7;4.34;
2022-09-13 15:00:00;113.0;0.0;113.0;20.97;27.6;4.62;
2022-09-13 16:00:00;72.0;0.0;72.0;20.22;29.6;4.41;
2022-09-13 17:00:00;23.0;0.0;23.0;18.92;29.2;4.62;
2022-09-13 18:00:00;0.0;0.0;0.0;17.69;28.95;4.41;
2022-09-13 19:00:00;0.0;0.0;0.0;16.81;29.95;3.86;
2022-09-13 20:00:00;0.0;0.0;0.0;15.98;31.0;3.66;
2022-09-13 21:00:00;0.0;0.0;0.0;15.19;34.5;3.52;
2022-09-13 22:00:00;0.0;0.0;0.0;14.55;37.15;3.31;
2022-09-13 23:00:00;0.0;0.0;0.0;13.96;38.45;3.17;
2022-09-14 00:00:00;0.0;0.0;0.0;13.54;41.35;3.1;
2022-09-14 01:00:00;0.0;0.0;0.0;13.13;44.5;3.17;
2022-09-14 02:00:00;0.0;0.0;0.0;12.93;46.2;3.24;
2022-09-14 03:00:00;0.0;0.0;0.0;12.78;47.85;3.24;
2022-09-14 04:00:00;0.0;0.0;0.0;12.57;49.7;3.17;
2022-09-14 05:00:00;0.0;0.0;0.0;12.31;53.5;3.03;
2022-09-14 06:00:00;159.0;514.95;58.0;12.55;53.6;2.9;
2022-09-14 07:00:00;341.0;682.34;91.0;14.65;54.1;2.9;
2022-09-14 08:00:00;508.0;769.95;112.0;17.06;45.55;2.69;
2022-09-14 09:00:00;640.0;809.71;130.0;18.95;42.6;2.14;
2022-09-14 10:00:00;739.0;866.51;128.0;20.37;38.5;1.52;
2022-09-14 11:00:00;764.0;844.91;143.0;21.52;36.15;1.03;
2022-09-14 12:00:00;735.0;814.02;151.0;22.36;35.0;0.55;
2022-09-14 13:00:00;667.0;812.39;136.0;22.91;33.85;0.07;
2022-09-14 14:00:00;548.0;782.95;119.0;23.18;34.0;0.55;
2022-09-14 15:00:00;102.0;0.0;102.0;23.16;34.0;1.03;
2022-09-14 16:00:00;71.0;0.0;71.0;22.72;36.4;1.31;
2022-09-14 17:00:00;21.0;0.0;21.0;21.23;48.2;1.31;
2022-09-14 18:00:00;0.0;0.0;0.0;19.88;47.8;1.03;
2022-09-14 19:00:00;0.0;0.0;0.0;17.21;58.8;1.45;
2022-09-14 20:00:00;0.0;0.0;0.0;16.35;60.75;1.45;
2022-09-14 21:00:00;0.0;0.0;0.0;15.72;60.65;1.52;
2022-09-14 22:00:00;0.0;0.0;0.0;14.86;64.95;1.66;
2022-09-14 23:00:00;0.0;0.0;0.0;13.88;72.2;1.79;
2022-09-15 00:00:00;0.0;0.0;0.0;13.3;74.75;1.86;
2022-09-15 01:00:00;0.0;0.0;0.0;12.88;77.45;1.86;
2022-09-15 02:00:00;0.0;0.0;0.0;12.55;77.45;1.79;
2022-09-15 03:00:00;0.0;0.0;0.0;12.26;80.2;1.79;
2022-09-15 04:00:00;0.0;0.0;0.0;12.01;80.2;1.79;
2022-09-15 05:00:00;0.0;0.0;0.0;11.61;83.1;1.86;
2022-09-15 06:00:00;0.0;0.0;0.0;12.04;83.15;1.66;
2022-09-15 07:00:00;326.0;636.9;95.0;16.24;70.1;1.31;
2022-09-15 08:00:00;491.0;730.65;118.0;19.37;51.25;1.03;
2022-09-15 09:00:00;623.0;782.93;133.0;20.71;48.05;0.76;
2022-09-15 10:00:00;721.0;838.95;133.0;21.82;46.6;0.83;
2022-09-15 11:00:00;745.0;818.66;147.0;22.71;45.25;1.31;
2022-09-15 12:00:00;724.0;812.53;145.0;23.31;45.35;1.86;
2022-09-15 13:00:00;652.0;795.7;136.0;23.6;45.5;2.28;
2022-09-15 14:00:00;529.0;744.68;125.0;23.59;45.5;2.62;
2022-09-15 15:00:00;106.0;0.0;106.0;23.3;48.7;2.97;
2022-09-15 16:00:00;74.0;0.0;74.0;22.57;50.3;2.9;
2022-09-15 17:00:00;20.0;0.0;20.0;21.46;57.55;2.07;
2022-09-15 18:00:00;0.0;0.0;0.0;19.82;63.6;1.86;
2022-09-15 19:00:00;0.0;0.0;0.0;18.68;68.05;1.93;
2022-09-15 20:00:00;0.0;0.0;0.0;17.43;75.4;1.93;
2022-09-15 21:00:00;0.0;0.0;0.0;16.62;75.3;1.86;
2022-09-15 22:00:00;0.0;0.0;0.0;15.97;77.95;1.79;
2022-09-15 23:00:00;0.0;0.0;0.0;15.83;80.65;1.59;
2022-09-16 00:00:00;0.0;0.0;0.0;15.77;80.65;1.38;
2022-09-16 01:00:00;0.0;0.0;0.0;15.67;80.65;1.31;
2022-09-16 02:00:00;0.0;0.0;0.0;15.2;83.5;1.31;
2022-09-16 03:00:00;0.0;0.0;0.0;14.72;86.45;1.38;
2022-09-16 04:00:00;0.0;0.0;0.0;14.18;89.5;1.52;
2022-09-16 05:00:00;0.0;0.0;0.0;14.03;89.5;1.45;
2022-09-16 06:00:00;101.0;127.1;77.0;14.51;89.5;1.24;
2022-09-16 07:00:00;207.0;125.36;162.0;17.18;78.1;1.03;
2022-09-16 08:00:00;252.0;51.32;226.0;19.09;65.75;0.76;
2022-09-16 09:00:00;241.0;9.65;235.0;20.11;57.3;0.55;
2022-09-16 10:00:00;409.0;97.62;341.0;20.87;53.5;0.62;
2022-09-16 11:00:00;632.0;479.42;284.0;21.35;51.75;0.9;
2022-09-16 12:00:00;710.0;788.46;152.0;21.87;48.3;1.03;
2022-09-16 13:00:00;638.0;775.68;139.0;22.36;46.75;0.97;
2022-09-16 14:00:00;516.0;722.45;128.0;22.46;46.75;1.17;
2022-09-16 15:00:00;105.0;0.0;105.0;22.16;46.75;1.31;
2022-09-16 16:00:00;73.0;0.0;73.0;21.84;48.3;1.38;
2022-09-16 17:00:00;17.0;0.0;17.0;20.96;53.5;1.38;
2022-09-16 18:00:00;0.0;0.0;0.0;19.03;63.5;1.45;
2022-09-16 19:00:00;0.0;0.0;0.0;19.12;57.1;1.03;
2022-09-16 20:00:00;0.0;0.0;0.0;17.42;65.45;1.38;
2022-09-16 21:00:00;0.0;0.0;0.0;16.48;67.75;1.52;
2022-09-16 22:00:00;0.0;0.0;0.0;15.44;75.1;1.72;
2022-09-16 23:00:00;0.0;0.0;0.0;14.83;77.75;1.79;
2022-09-17 00:00:00;0.0;0.0;0.0;14.44;77.75;1.79;
2022-09-17 01:00:00;0.0;0.0;0.0;14.39;80.45;1.72;
2022-09-17 02:00:00;0.0;0.0;0.0;14.63;77.75;1.66;
2022-09-17 03:00:00;0.0;0.0;0.0;12.81;92.6;1.66;
2022-09-17 04:00:00;0.0;0.0;0.0;12.4;95.95;1.59;
2022-09-17 05:00:00;0.0;0.0;0.0;12.97;92.65;1.59;
2022-09-17 06:00:00;58.0;10.8;56.0;13.8;89.45;1.52;
2022-09-17 07:00:00;285.0;450.41;125.0;16.86;80.8;1.03;
2022-09-17 08:00:00;471.0;692.16;123.0;18.57;68.05;0.83;
2022-09-17 09:00:00;574.0;637.82;180.0;20.05;63.7;0.76;
2022-09-17 10:00:00;672.0;717.95;175.0;21.24;57.55;0.83;
2022-09-17 11:00:00;717.0;772.26;160.0;22.45;55.8;0.83;
2022-09-17 12:00:00;681.0;708.61;183.0;23.14;52.25;1.03;
2022-09-17 13:00:00;612.0;697.39;167.0;23.92;48.8;1.03;
2022-09-17 14:00:00;471.0;556.83;175.0;24.12;47.25;1.38;
2022-09-17 15:00:00;131.0;0.0;131.0;23.99;48.8;1.86;
2022-09-17 16:00:00;78.0;0.0;78.0;23.53;48.8;1.93;
2022-09-17 17:00:00;15.0;0.0;15.0;22.5;55.8;1.72;
2022-09-17 18:00:00;0.0;0.0;0.0;20.91;63.8;1.45;
2022-09-17 19:00:00;0.0;0.0;0.0;19.56;68.2;1.24;
2022-09-17 20:00:00;0.0;0.0;0.0;18.77;72.95;1.17;
2022-09-17 21:00:00;0.0;0.0;0.0;18.8;70.45;1.03;
2022-09-17 22:00:00;0.0;0.0;0.0;19.0;68.1;0.97;
2022-09-17 23:00:00;0.0;0.0;0.0;18.02;72.9;1.17;
2022-09-18 00:00:00;0.0;0.0;0.0;17.89;75.4;1.17;
2022-09-18 01:00:00;0.0;0.0;0.0;18.2;72.9;1.17;
2022-09-18 02:00:00;0.0;0.0;0.0;17.34;72.8;1.31;
2022-09-18 03:00:00;0.0;0.0;0.0;14.11;89.5;1.66;
2022-09-18 04:00:00;0.0;0.0;0.0;13.89;95.95;1.59;
2022-09-18 05:00:00;0.0;0.0;0.0;13.89;99.4;1.52;
2022-09-18 06:00:00;127.0;352.74;63.0;14.6;92.7;1.52;
2022-09-18 07:00:00;297.0;543.46;106.0;16.68;83.65;1.59;
2022-09-18 08:00:00;451.0;615.41;144.0;18.93;75.55;0.9;
2022-09-18 09:00:00;521.0;464.47;236.0;20.68;66.05;0.21;
2022-09-18 10:00:00;658.0;687.63;185.0;21.95;61.85;0.83;
2022-09-18 11:00:00;707.0;754.96;166.0;22.78;55.9;0.97;
2022-09-18 12:00:00;657.0;643.43;208.0;23.29;52.25;1.17;
2022-09-18 13:00:00;374.0;105.87;307.0;23.55;48.8;1.31;
2022-09-18 14:00:00;372.0;241.42;245.0;23.73;47.15;1.38;
2022-09-18 15:00:00;177.0;0.0;177.0;23.64;47.15;1.31;
2022-09-18 16:00:00;90.0;0.0;90.0;23.19;48.7;1.17;
2022-09-18 17:00:00;12.0;0.0;12.0;22.23;57.75;1.17;
2022-09-18 18:00:00;0.0;0.0;0.0;20.97;63.8;1.17;
2022-09-18 19:00:00;0.0;0.0;0.0;20.98;59.5;0.07;
2022-09-18 20:00:00;0.0;0.0;0.0;20.64;59.5;0.55;
2022-09-18 21:00:00;0.0;0.0;0.0;19.84;65.85;0.83;
2022-09-18 22:00:00;0.0;0.0;0.0;19.45;70.55;0.83;
2022-09-18 23:00:00;0.0;0.0;0.0;18.51;72.95;1.03;
2022-09-19 00:00:00;0.0;0.0;0.0;18.3;75.45;0.97;
2022-09-19 01:00:00;0.0;0.0;0.0;18.68;72.95;0.83;
2022-09-19 02:00:00;0.0;0.0;0.0;19.12;70.55;0.48;
2022-09-19 03:00:00;0.0;0.0;0.0;18.87;72.95;0.34;
2022-09-19 04:00:00;0.0;0.0;0.0;18.57;72.95;0.62;
2022-09-19 05:00:00;0.0;0.0;0.0;17.41;78.1;0.76;
2022-09-19 06:00:00;82.0;73.15;69.0;17.1;80.85;0.76;
2022-09-19 07:00:00;81.0;0.0;81.0;17.75;80.85;0.48;
2022-09-19 08:00:00;313.0;159.63;234.0;18.27;78.15;0.55;
2022-09-19 09:00:00;409.0;185.42;296.0;19.14;75.65;0.69;
2022-09-19 10:00:00;458.0;175.58;338.0;20.23;70.7;0.9;
2022-09-19 11:00:00;561.0;330.11;326.0;21.12;66.15;0.9;
2022-09-19 12:00:00;421.0;114.03;342.0;22.06;61.95;0.83;
2022-09-19 13:00:00;474.0;291.61;291.0;22.63;57.9;0.83;
2022-09-19 14:00:00;301.0;101.82;248.0;22.85;54.0;1.79;
2022-09-19 15:00:00;175.0;0.0;175.0;22.55;46.85;2.41;
2022-09-19 16:00:00;66.0;0.0;66.0;22.35;39.05;2.97;
2022-09-19 17:00:00;9.0;0.0;9.0;21.06;37.35;3.17;
2022-09-19 18:00:00;0.0;0.0;0.0;19.6;38.35;4.07;
2022-09-19 19:00:00;0.0;0.0;0.0;18.88;39.55;4.48;
2022-09-19 20:00:00;0.0;0.0;0.0;17.95;40.75;4.55;
2022-09-19 21:00:00;0.0;0.0;0.0;17.09;37.8;4.48;
2022-09-19 22:00:00;0.0;0.0;0.0;16.37;40.5;4.28;
2022-09-19 23:00:00;0.0;0.0;0.0;15.79;41.9;3.79;
2022-09-20 00:00:00;0.0;0.0;0.0;15.21;45.05;3.03;
2022-09-20 01:00:00;0.0;0.0;0.0;14.39;50.1;2.14;
2022-09-20 02:00:00;0.0;0.0;0.0;12.84;64.55;1.72;
2022-09-20 03:00:00;0.0;0.0;0.0;11.66;69.25;1.52;
2022-09-20 04:00:00;0.0;0.0;0.0;11.55;69.25;1.38;
2022-09-20 05:00:00;0.0;0.0;0.0;11.41;69.25;1.24;
2022-09-20 06:00:00;137.0;482.84;53.0;11.9;74.55;1.03;
2022-09-20 07:00:00;316.0;654.41;91.0;14.65;56.15;1.45;
2022-09-20 08:00:00;413.0;442.03;196.0;16.24;56.5;1.93;
2022-09-20 09:00:00;425.0;206.53;300.0;17.11;52.75;1.93;
2022-09-20 10:00:00;576.0;415.33;294.0;17.9;54.7;1.59;
2022-09-20 11:00:00;648.0;541.62;265.0;18.64;53.0;1.45;
2022-09-20 12:00:00;659.0;635.39;222.0;19.26;49.45;1.38;
2022-09-20 13:00:00;535.0;443.58;259.0;19.58;47.8;1.24;
2022-09-20 14:00:00;505.0;737.96;125.0;19.82;47.8;1.1;
2022-09-20 15:00:00;103.0;0.0;103.0;19.74;46.1;1.38;
2022-09-20 16:00:00;82.0;0.0;82.0;19.36;45.95;1.66;
2022-09-20 17:00:00;8.0;0.0;8.0;18.52;49.3;1.86;
2022-09-20 18:00:00;0.0;0.0;0.0;17.01;52.75;1.86;
2022-09-20 19:00:00;0.0;0.0;0.0;16.64;56.6;1.03;
2022-09-20 20:00:00;0.0;0.0;0.0;15.28;62.75;1.31;
2022-09-20 21:00:00;0.0;0.0;0.0;14.54;62.65;1.45;
2022-09-20 22:00:00;0.0;0.0;0.0;14.3;64.85;1.38;
2022-09-20 23:00:00;0.0;0.0;0.0;14.15;64.85;1.38;
2022-09-21 00:00:00;0.0;0.0;0.0;14.28;64.85;1.31;
2022-09-21 01:00:00;0.0;0.0;0.0;14.41;64.85;1.17;
2022-09-21 02:00:00;0.0;0.0;0.0;13.78;67.15;1.31;
2022-09-21 03:00:00;0.0;0.0;0.0;13.59;69.65;1.31;
2022-09-21 04:00:00;0.0;0.0;0.0;13.46;69.65;1.31;
2022-09-21 05:00:00;0.0;0.0;0.0;13.67;69.65;1.17;
2022-09-21 06:00:00;114.0;299.64;63.0;14.36;69.75;0.97;
2022-09-21 07:00:00;268.0;411.81;128.0;15.26;65.05;1.31;
2022-09-21 08:00:00;377.0;345.04;209.0;15.96;58.6;0.97;
2022-09-21 09:00:00;429.0;232.95;289.0;16.79;54.6;0.55;
2022-09-21 10:00:00;517.0;296.53;317.0;17.64;52.75;0.62;
2022-09-21 11:00:00;432.0;116.75;350.0;18.38;51.0;0.83;
2022-09-21 12:00:00;474.0;197.75;339.0;18.62;49.3;0.76;
2022-09-21 13:00:00;480.0;319.36;283.0;18.88;49.3;0.55;
2022-09-21 14:00:00;390.0;320.03;227.0;19.0;47.65;0.41;
2022-09-21 15:00:00;139.0;0.0;139.0;19.12;45.95;0.55;
2022-09-21 16:00:00;72.0;0.0;72.0;19.09;45.95;0.69;
2022-09-21 17:00:00;4.0;0.0;4.0;18.43;58.9;0.83;
2022-09-21 18:00:00;0.0;0.0;0.0;17.96;52.75;0.55;
2022-09-21 19:00:00;0.0;0.0;0.0;15.82;62.85;1.03;
2022-09-21 20:00:00;0.0;0.0;0.0;14.82;64.95;1.31;
2022-09-21 21:00:00;0.0;0.0;0.0;14.34;67.25;1.31;
2022-09-21 22:00:00;0.0;0.0;0.0;13.95;67.25;1.38;
2022-09-21 23:00:00;0.0;0.0;0.0;13.52;69.65;1.45;
2022-09-22 00:00:00;0.0;0.0;0.0;13.33;74.75;1.45;
2022-09-22 01:00:00;0.0;0.0;0.0;13.33;74.75;1.38;
2022-09-22 02:00:00;0.0;0.0;0.0;12.98;74.75;1.45;
2022-09-22 03:00:00;0.0;0.0;0.0;12.72;77.45;1.52;
2022-09-22 04:00:00;0.0;0.0;0.0;12.41;83.15;1.52;
2022-09-22 05:00:00;0.0;0.0;0.0;11.86;86.15;1.66;
2022-09-22 06:00:00;77.0;72.11;65.0;12.13;86.2;1.52;
2022-09-22 07:00:00;182.0;98.19;149.0;14.39;80.45;0.9;
2022-09-22 08:00:00;442.0;652.39;127.0;16.41;62.95;0.55;
2022-09-22 09:00:00;568.0;700.5;150.0;17.49;60.95;1.17;
2022-09-22 10:00:00;641.0;691.11;178.0;18.71;56.95;1.24;
2022-09-22 11:00:00;370.0;60.21;328.0;19.91;55.2;1.17;
2022-09-22 12:00:00;623.0;597.72;218.0;20.57;51.65;1.1;
2022-09-22 13:00:00;593.0;737.57;142.0;20.87;51.65;1.45;
2022-09-22 14:00:00;474.0;694.86;124.0;21.13;51.75;1.86;
2022-09-22 15:00:00;104.0;0.0;104.0;20.96;53.5;1.59;
2022-09-22 16:00:00;68.0;0.0;68.0;20.59;51.65;1.31;
2022-09-22 17:00:00;0.0;0.0;0.0;20.0;55.3;0.97;
2022-09-22 18:00:00;0.0;0.0;0.0;19.47;57.1;0.0;
2022-09-22 19:00:00;0.0;0.0;0.0;18.12;61.05;0.55;
2022-09-22 20:00:00;0.0;0.0;0.0;17.68;63.2;0.76;
2022-09-22 21:00:00;0.0;0.0;0.0;17.15;65.45;0.9;
2022-09-22 22:00:00;0.0;0.0;0.0;16.45;67.75;1.03;
2022-09-22 23:00:00;0.0;0.0;0.0;15.55;72.55;1.17;
2022-09-23 00:00:00;0.0;0.0;0.0;15.83;72.55;1.1;
2022-09-23 01:00:00;0.0;0.0;0.0;15.96;72.65;0.83;
2022-09-23 02:00:00;0.0;0.0;0.0;15.59;75.15;0.97;
2022-09-23 03:00:00;0.0;0.0;0.0;14.41;83.4;1.17;
2022-09-23 04:00:00;0.0;0.0;0.0;13.59;86.35;1.38;
2022-09-23 05:00:00;0.0;0.0;0.0;13.12;92.65;1.45;
2022-09-23 06:00:00;52.0;12.3;50.0;13.42;89.45;1.31;
2022-09-23 07:00:00;118.0;9.03;115.0;16.19;83.6;0.69;
2022-09-23 08:00:00;191.0;14.62;184.0;17.15;75.4;0.76;
2022-09-23 09:00:00;174.0;0.0;174.0;17.74;75.4;0.83;
2022-09-23 10:00:00;312.0;31.56;291.0;18.52;70.45;0.83;
2022-09-23 11:00:00;360.0;54.86;322.0;18.84;70.45;0.55;
2022-09-23 12:00:00;313.0;29.74;293.0;19.4;68.1;0.34;
2022-09-23 13:00:00;208.0;3.3;206.0;20.0;65.95;0.34;
2022-09-23 14:00:00;59.0;0.0;59.0;20.06;65.95;0.69;
2022-09-23 15:00:00;152.0;0.0;152.0;19.84;68.2;0.76;
2022-09-23 16:00:00;55.0;0.0;55.0;19.4;70.55;0.62;
2022-09-23 17:00:00;0.0;0.0;0.0;18.96;72.95;0.55;
2022-09-23 18:00:00;0.0;0.0;0.0;18.14;80.9;0.83;
2022-09-23 19:00:00;0.0;0.0;0.0;18.42;75.45;0.28;
2022-09-23 20:00:00;0.0;0.0;0.0;18.05;78.15;0.41;
2022-09-23 21:00:00;0.0;0.0;0.0;17.36;83.7;0.76;
2022-09-23 22:00:00;0.0;0.0;0.0;17.19;83.7;0.76;
2022-09-23 23:00:00;0.0;0.0;0.0;17.15;86.65;0.76;
2022-09-24 00:00:00;0.0;0.0;0.0;17.14;86.65;0.69;
2022-09-24 01:00:00;0.0;0.0;0.0;17.1;86.65;0.69;
2022-09-24 02:00:00;0.0;0.0;0.0;16.92;89.65;0.97;
2022-09-24 03:00:00;0.0;0.0;0.0;16.88;89.65;1.38;
2022-09-24 04:00:00;0.0;0.0;0.0;16.82;89.65;1.66;
2022-09-24 05:00:00;0.0;0.0;0.0;16.61;89.65;2.0;
2022-09-24 06:00:00;13.0;0.0;13.0;16.49;89.65;2.34;
2022-09-24 07:00:00;120.0;12.19;116.0;16.7;96.05;1.59;
2022-09-24 08:00:00;39.0;0.0;39.0;16.84;99.4;1.79;
2022-09-24 09:00:00;51.0;0.0;51.0;17.13;96.05;1.93;
2022-09-24 10:00:00;88.0;0.0;88.0;17.24;96.05;1.93;
2022-09-24 11:00:00;0.0;0.0;0.0;17.28;96.05;2.34;
2022-09-24 12:00:00;77.0;0.0;77.0;17.66;99.4;2.83;
2022-09-24 13:00:00;73.0;0.0;73.0;17.49;96.05;2.41;
2022-09-24 14:00:00;215.0;26.4;202.0;17.39;99.4;1.38;
2022-09-24 15:00:00;130.0;0.0;130.0;17.05;96.05;1.52;
2022-09-24 16:00:00;61.0;0.0;61.0;17.03;92.85;1.66;
2022-09-24 17:00:00;0.0;0.0;0.0;16.9;96.05;1.17;
2022-09-24 18:00:00;0.0;0.0;0.0;16.52;96.05;0.69;
2022-09-24 19:00:00;0.0;0.0;0.0;16.09;96.05;0.83;
2022-09-24 20:00:00;0.0;0.0;0.0;14.93;99.4;1.1;
2022-09-24 21:00:00;0.0;0.0;0.0;13.77;99.4;1.52;
2022-09-24 22:00:00;0.0;0.0;0.0;13.88;99.4;1.86;
2022-09-24 23:00:00;0.0;0.0;0.0;13.34;100.0;1.86;
2022-09-25 00:00:00;0.0;0.0;0.0;12.88;100.0;1.86;
2022-09-25 01:00:00;0.0;0.0;0.0;12.75;99.4;1.86;
2022-09-25 02:00:00;0.0;0.0;0.0;12.47;99.4;1.79;
2022-09-25 03:00:00;0.0;0.0;0.0;12.26;99.4;1.72;
2022-09-25 04:00:00;0.0;0.0;0.0;12.42;99.4;1.72;
2022-09-25 05:00:00;0.0;0.0;0.0;12.6;99.4;1.79;
2022-09-25 06:00:00;79.0;109.72;62.0;12.76;99.4;1.79;
2022-09-25 07:00:00;98.0;3.08;97.0;14.91;89.5;1.03;
2022-09-25 08:00:00;338.0;265.68;213.0;16.26;83.6;1.24;
2022-09-25 09:00:00;114.0;0.0;114.0;17.44;78.1;2.07;
2022-09-25 10:00:00;59.0;0.0;59.0;17.87;80.85;2.9;
2022-09-25 11:00:00;409.0;105.45;337.0;18.24;80.9;3.03;
2022-09-25 12:00:00;121.0;0.0;121.0;18.57;81.0;3.24;
2022-09-25 13:00:00;69.0;0.0;69.0;19.79;75.7;3.52;
2022-09-25 14:00:00;293.0;125.33;232.0;19.5;75.7;3.38;
2022-09-25 15:00:00;156.0;0.0;156.0;19.74;78.35;3.79;
2022-09-25 16:00:00;73.0;0.0;73.0;18.97;83.8;3.38;
2022-09-25 17:00:00;0.0;0.0;0.0;17.68;86.65;2.76;
2022-09-25 18:00:00;0.0;0.0;0.0;16.64;89.65;2.48;
2022-09-25 19:00:00;0.0;0.0;0.0;16.35;89.65;1.72;
2022-09-25 20:00:00;0.0;0.0;0.0;16.38;89.65;2.14;
2022-09-25 21:00:00;0.0;0.0;0.0;16.4;89.65;2.21;
2022-09-25 22:00:00;0.0;0.0;0.0;16.25;86.55;2.14;
2022-09-25 23:00:00;0.0;0.0;0.0;15.92;86.5;1.93;
2022-09-26 00:00:00;0.0;0.0;0.0;15.76;86.5;2.0;
2022-09-26 01:00:00;0.0;0.0;0.0;15.82;86.5;2.41;
2022-09-26 02:00:00;0.0;0.0;0.0;15.75;86.5;2.48;
2022-09-26 03:00:00;0.0;0.0;0.0;15.68;86.5;2.69;
2022-09-26 04:00:00;0.0;0.0;0.0;15.57;86.5;2.41;
2022-09-26 05:00:00;0.0;0.0;0.0;15.4;89.55;2.69;
2022-09-26 06:00:00;36.0;0.0;36.0;15.52;86.5;2.83;
2022-09-26 07:00:00;161.0;71.82;138.0;15.92;92.75;2.69;
2022-09-26 08:00:00;128.0;0.0;128.0;16.63;92.8;2.9;
2022-09-26 09:00:00;214.0;6.91;210.0;17.41;92.85;3.38;
2022-09-26 10:00:00;372.0;89.04;314.0;18.05;89.75;3.72;
2022-09-26 11:00:00;156.0;0.0;156.0;19.24;83.85;4.14;
2022-09-26 12:00:00;165.0;0.0;165.0;19.91;83.9;4.28;
2022-09-26 13:00:00;340.0;98.36;282.0;20.15;83.95;4.28;
2022-09-26 14:00:00;104.0;0.0;104.0;19.74;83.9;4.69;
2022-09-26 15:00:00;44.0;0.0;44.0;19.28;89.8;4.48;
2022-09-26 16:00:00;57.0;0.0;57.0;18.56;92.85;3.93;
2022-09-26 17:00:00;0.0;0.0;0.0;18.23;92.85;3.79;
2022-09-26 18:00:00;0.0;0.0;0.0;17.99;92.85;3.72;
2022-09-26 19:00:00;0.0;0.0;0.0;17.58;89.7;4.34;
2022-09-26 20:00:00;0.0;0.0;0.0;17.75;89.7;4.28;
2022-09-26 21:00:00;0.0;0.0;0.0;17.63;89.7;4.14;
2022-09-26 22:00:00;0.0;0.0;0.0;17.43;92.85;4.28;
2022-09-26 23:00:00;0.0;0.0;0.0;17.4;92.85;5.1;
2022-09-27 00:00:00;0.0;0.0;0.0;17.26;92.85;5.1;
2022-09-27 01:00:00;0.0;0.0;0.0;17.03;92.85;4.41;
2022-09-27 02:00:00;0.0;0.0;0.0;17.14;92.85;4.14;
2022-09-27 03:00:00;0.0;0.0;0.0;16.92;92.8;3.79;
2022-09-27 04:00:00;0.0;0.0;0.0;16.38;96.05;3.38;
2022-09-27 05:00:00;0.0;0.0;0.0;16.34;96.05;3.03;
2022-09-27 06:00:00;101.0;353.28;49.0;16.04;92.8;2.48;
2022-09-27 07:00:00;247.0;417.41;115.0;16.39;92.8;2.07;
2022-09-27 08:00:00;421.0;634.09;128.0;16.97;83.7;2.48;
2022-09-27 09:00:00;547.0;695.91;147.0;17.42;80.85;2.14;
2022-09-27 10:00:00;616.0;675.76;179.0;18.02;75.45;1.72;
2022-09-27 11:00:00;639.0;662.86;193.0;18.89;72.95;1.1;
2022-09-27 12:00:00;588.0;558.7;224.0;19.48;68.2;1.03;
2022-09-27 13:00:00;514.0;523.85;208.0;19.86;68.2;1.1;
2022-09-27 14:00:00;336.0;246.16;219.0;20.01;63.7;1.1;
2022-09-27 15:00:00;119.0;0.0;119.0;20.06;63.7;0.97;
2022-09-27 16:00:00;57.0;0.0;57.0;19.79;68.2;0.9;
2022-09-27 17:00:00;0.0;0.0;0.0;18.85;78.25;0.69;
2022-09-27 18:00:00;0.0;0.0;0.0;17.92;78.1;0.83;
2022-09-27 19:00:00;0.0;0.0;0.0;17.1;78.1;0.9;
2022-09-27 20:00:00;0.0;0.0;0.0;15.98;83.6;1.31;
2022-09-27 21:00:00;0.0;0.0;0.0;15.83;86.5;1.24;
2022-09-27 22:00:00;0.0;0.0;0.0;15.36;89.55;1.24;
2022-09-27 23:00:00;0.0;0.0;0.0;15.23;86.5;1.03;
2022-09-28 00:00:00;0.0;0.0;0.0;14.57;86.45;1.17;
2022-09-28 01:00:00;0.0;0.0;0.0;13.98;89.5;1.24;
2022-09-28 02:00:00;0.0;0.0;0.0;13.71;89.45;1.31;
2022-09-28 03:00:00;0.0;0.0;0.0;13.34;92.65;1.45;
2022-09-28 04:00:00;0.0;0.0;0.0;13.14;89.4;1.59;
2022-09-28 05:00:00;0.0;0.0;0.0;12.92;89.4;1.66;
2022-09-28 06:00:00;61.0;55.83;53.0;12.9;92.6;1.66;
2022-09-28 07:00:00;236.0;371.57;120.0;15.59;83.55;1.1;
2022-09-28 08:00:00;357.0;364.76;190.0;17.1;72.8;1.1;
2022-09-28 09:00:00;525.0;613.71;175.0;18.04;72.9;0.55;
2022-09-28 10:00:00;638.0;775.8;140.0;19.23;68.1;0.34;
2022-09-28 11:00:00;612.0;579.5;225.0;19.81;65.85;0.97;
2022-09-28 12:00:00;541.0;420.91;269.0;20.4;63.7;1.72;
2022-09-28 13:00:00;430.0;276.53;270.0;20.73;59.5;2.07;
2022-09-28 14:00:00;197.0;19.17;188.0;20.57;61.6;1.86;
2022-09-28 15:00:00;135.0;0.0;135.0;20.37;61.5;1.59;
2022-09-28 16:00:00;54.0;0.0;54.0;19.95;65.85;0.97;
2022-09-28 17:00:00;0.0;0.0;0.0;19.34;70.55;0.41;
2022-09-28 18:00:00;0.0;0.0;0.0;17.72;78.1;1.1;
2022-09-28 19:00:00;0.0;0.0;0.0;16.52;80.8;1.52;
2022-09-28 20:00:00;0.0;0.0;0.0;15.99;83.6;1.66;
2022-09-28 21:00:00;0.0;0.0;0.0;15.46;83.55;1.66;
2022-09-28 22:00:00;0.0;0.0;0.0;15.26;86.5;1.79;
2022-09-28 23:00:00;0.0;0.0;0.0;15.25;86.5;1.93;
2022-09-29 00:00:00;0.0;0.0;0.0;15.46;83.55;2.0;
2022-09-29 01:00:00;0.0;0.0;0.0;15.43;86.5;1.79;
2022-09-29 02:00:00;0.0;0.0;0.0;15.0;86.5;1.59;
2022-09-29 03:00:00;0.0;0.0;0.0;14.9;86.45;1.72;
2022-09-29 04:00:00;0.0;0.0;0.0;14.86;86.45;1.86;
2022-09-29 05:00:00;0.0;0.0;0.0;14.81;86.45;1.79;
2022-09-29 06:00:00;33.0;0.0;33.0;14.84;86.45;1.52;
2022-09-29 07:00:00;61.0;0.0;61.0;15.58;89.6;0.76;
2022-09-29 08:00:00;78.0;0.0;78.0;16.69;78.0;0.41;
2022-09-29 09:00:00;86.0;0.0;86.0;16.33;80.75;1.1;
2022-09-29 10:00:00;68.0;0.0;68.0;16.32;83.6;1.31;
2022-09-29 11:00:00;166.0;0.0;166.0;16.43;83.6;1.17;
2022-09-29 12:00:00;60.0;0.0;60.0;16.75;80.8;0.9;
2022-09-29 13:00:00;54.0;0.0;54.0;17.03;78.1;1.17;
2022-09-29 14:00:00;73.0;0.0;73.0;17.09;78.1;1.38;
2022-09-29 15:00:00;81.0;0.0;81.0;17.1;83.7;1.17;
2022-09-29 16:00:00;54.0;0.0;54.0;16.96;80.85;1.38;
2022-09-29 17:00:00;0.0;0.0;0.0;16.62;83.65;1.59;
2022-09-29 18:00:00;0.0;0.0;0.0;16.36;86.55;1.93;
2022-09-29 19:00:00;0.0;0.0;0.0;15.59;86.5;1.52;
2022-09-29 20:00:00;0.0;0.0;0.0;15.57;86.5;1.79;
2022-09-29 21:00:00;0.0;0.0;0.0;15.57;86.5;1.52;
2022-09-29 22:00:00;0.0;0.0;0.0;15.36;89.55;1.59;
2022-09-29 23:00:00;0.0;0.0;0.0;15.19;89.55;1.45;
2022-09-30 00:00:00;0.0;0.0;0.0;15.24;89.55;1.1;
2022-09-30 01:00:00;0.0;0.0;0.0;15.06;89.55;1.17;
2022-09-30 02:00:00;0.0;0.0;0.0;15.0;92.75;1.03;
2022-09-30 03:00:00;0.0;0.0;0.0;15.09;92.75;0.97;
2022-09-30 04:00:00;0.0;0.0;0.0;15.01;92.75;0.97;
2022-09-30 05:00:00;0.0;0.0;0.0;15.86;86.5;0.55;
2022-09-30 06:00:00;26.0;0.0;26.0;15.99;83.6;0.48;
2022-09-30 07:00:00;148.0;62.5;129.0;16.23;86.55;0.48;
2022-09-30 08:00:00;168.0;8.9;164.0;17.08;80.85;0.41;
2022-09-30 09:00:00;282.0;49.89;254.0;17.94;78.1;0.48;
2022-09-30 10:00:00;597.0;659.48;180.0;18.9;75.55;0.76;
2022-09-30 11:00:00;629.0;679.67;182.0;19.44;73.05;0.97;
2022-09-30 12:00:00;531.0;424.82;261.0;19.75;70.65;1.52;
2022-09-30 13:00:00;459.0;387.66;239.0;20.16;70.7;1.59;
2022-09-30 14:00:00;326.0;255.38;209.0;20.32;70.7;1.31;
2022-09-30 15:00:00;136.0;0.0;136.0;20.03;70.7;1.17;
2022-09-30 16:00:00;55.0;0.0;55.0;18.01;87.15;1.07;
2022-09-30 17:00:00;0.0;0.0;0.0;17.53;87.83;1.1;
2022-09-30 18:00:00;0.0;0.0;0.0;17.05;88.5;1.12;
2022-09-30 19:00:00;0.0;0.0;0.0;16.58;89.17;1.14;
2022-09-30 20:00:00;0.0;0.0;0.0;16.1;89.84;1.16;
2022-09-30 21:00:00;0.0;0.0;0.0;15.62;90.51;1.18;
2022-09-30 22:00:00;0.0;0.0;0.0;15.15;91.18;1.2;
2022-09-30 23:00:00;0.0;0.0;0.0;14.67;91.85;1.23;
2022-10-01 00:00:00;0.0;0.0;0.0;14.2;92.53;1.25;
2022-10-01 01:00:00;0.0;0.0;0.0;13.72;93.2;1.27;
2022-10-01 02:00:00;0.0;0.0;0.0;13.24;93.87;1.29;
2022-10-01 03:00:00;0.0;0.0;0.0;12.77;94.54;1.31;
2022-10-01 04:00:00;0.0;0.0;0.0;12.29;95.21;1.34;
2022-10-01 05:00:00;0.0;0.0;0.0;11.81;95.88;1.36;
2022-10-01 06:00:00;39.0;7.61;38.0;11.34;96.56;1.38;
2022-10-01 07:00:00;104.0;6.67;102.0;10.86;97.23;1.4;
2022-10-01 08:00:00;177.0;13.49;171.0;16.59;72.7;0.28;
2022-10-01 09:00:00;158.0;0.0;158.0;17.26;72.8;0.28;
2022-10-01 10:00:00;199.0;1.59;198.0;17.9;70.35;0.69;
2022-10-01 11:00:00;269.0;12.26;261.0;18.11;65.65;0.97;
2022-10-01 12:00:00;411.0;158.68;311.0;18.39;65.65;0.83;
2022-10-01 13:00:00;348.0;131.69;274.0;18.38;65.65;0.41;
2022-10-01 14:00:00;154.0;4.42;152.0;18.35;65.65;0.21;
2022-10-01 15:00:00;115.0;0.0;115.0;18.34;68.05;0.34;
2022-10-01 16:00:00;54.0;0.0;54.0;18.07;68.05;0.41;
2022-10-01 17:00:00;0.0;0.0;0.0;17.58;70.35;0.14;
2022-10-01 18:00:00;0.0;0.0;0.0;17.09;72.8;0.55;
2022-10-01 19:00:00;0.0;0.0;0.0;15.23;86.5;1.1;
2022-10-01 20:00:00;0.0;0.0;0.0;15.14;86.5;1.38;
2022-10-01 21:00:00;0.0;0.0;0.0;15.2;83.5;1.52;
2022-10-01 22:00:00;0.0;0.0;0.0;15.43;83.5;1.86;
2022-10-01 23:00:00;0.0;0.0;0.0;15.35;83.5;2.21;
2022-10-02 00:00:00;0.0;0.0;0.0;15.19;83.5;2.83;
2022-10-02 01:00:00;0.0;0.0;0.0;14.59;86.45;3.31;
2022-10-02 02:00:00;0.0;0.0;0.0;14.24;89.5;3.72;
2022-10-02 03:00:00;0.0;0.0;0.0;14.19;89.5;4.07;
2022-10-02 04:00:00;0.0;0.0;0.0;14.21;89.5;4.21;
2022-10-02 05:00:00;0.0;0.0;0.0;14.22;89.5;4.41;
2022-10-02 06:00:00;7.0;0.0;7.0;14.18;89.5;4.76;
2022-10-02 07:00:00;72.0;0.0;72.0;13.85;89.45;5.52;
2022-10-02 08:00:00;64.0;0.0;64.0;14.1;89.5;5.31;
2022-10-02 09:00:00;71.0;0.0;71.0;14.51;89.5;5.59;
2022-10-02 10:00:00;69.0;0.0;69.0;14.57;89.5;5.52;
2022-10-02 11:00:00;90.0;0.0;90.0;14.58;92.7;5.79;
2022-10-02 12:00:00;82.0;0.0;82.0;14.76;92.7;5.79;
2022-10-02 13:00:00;57.0;0.0;57.0;15.07;89.55;6.34;
2022-10-02 14:00:00;60.0;0.0;60.0;15.32;89.55;6.41;
2022-10-02 15:00:00;40.0;0.0;40.0;15.62;86.5;6.76;
2022-10-02 16:00:00;38.0;0.0;38.0;15.96;89.6;7.24;
2022-10-02 17:00:00;0.0;0.0;0.0;15.95;86.5;7.52;
2022-10-02 18:00:00;0.0;0.0;0.0;16.06;86.55;7.52;
2022-10-02 19:00:00;0.0;0.0;0.0;15.68;83.55;9.24;
2022-10-02 20:00:00;0.0;0.0;0.0;15.68;83.55;8.83;
2022-10-02 21:00:00;0.0;0.0;0.0;15.82;86.5;8.41;
2022-10-02 22:00:00;0.0;0.0;0.0;15.9;89.6;8.0;
2022-10-02 23:00:00;0.0;0.0;0.0;15.99;86.55;7.79;
2022-10-03 00:00:00;0.0;0.0;0.0;16.1;86.55;7.66;
2022-10-03 01:00:00;0.0;0.0;0.0;16.34;89.65;7.66;
2022-10-03 02:00:00;0.0;0.0;0.0;16.27;89.65;7.38;
2022-10-03 03:00:00;0.0;0.0;0.0;16.39;89.65;7.66;
2022-10-03 04:00:00;0.0;0.0;0.0;16.74;86.6;8.41;
2022-10-03 05:00:00;0.0;0.0;0.0;16.94;86.6;8.07;
2022-10-03 06:00:00;7.0;0.0;7.0;16.69;89.65;7.38;
2022-10-03 07:00:00;41.0;0.0;41.0;14.67;89.5;5.93;
2022-10-03 08:00:00;46.0;0.0;46.0;13.75;86.35;4.14;
2022-10-03 09:00:00;112.0;0.0;112.0;14.13;77.65;4.41;
2022-10-03 10:00:00;115.0;0.0;115.0;15.02;69.9;4.76;
2022-10-03 11:00:00;484.0;286.48;300.0;15.99;60.75;4.48;
2022-10-03 12:00:00;285.0;27.44;268.0;16.74;60.85;4.07;
2022-10-03 13:00:00;48.0;0.0;48.0;17.43;54.7;3.86;
2022-10-03 14:00:00;317.0;267.6;199.0;17.66;51.0;3.86;
2022-10-03 15:00:00;99.0;0.0;99.0;17.07;54.7;3.45;
2022-10-03 16:00:00;18.0;0.0;18.0;16.27;56.5;3.24;
2022-10-03 17:00:00;0.0;0.0;0.0;15.29;60.5;2.9;
2022-10-03 18:00:00;0.0;0.0;0.0;14.67;62.65;2.55;
2022-10-03 19:00:00;0.0;0.0;0.0;13.19;72.1;2.48;
2022-10-03 20:00:00;0.0;0.0;0.0;12.47;77.45;2.07;
2022-10-03 21:00:00;0.0;0.0;0.0;12.2;80.2;2.0;
2022-10-03 22:00:00;0.0;0.0;0.0;11.72;83.1;2.21;
2022-10-03 23:00:00;0.0;0.0;0.0;12.06;80.2;2.21;
2022-10-04 00:00:00;0.0;0.0;0.0;12.03;80.2;2.34;
2022-10-04 01:00:00;0.0;0.0;0.0;12.07;80.2;2.69;
2022-10-04 02:00:00;0.0;0.0;0.0;12.23;77.35;2.97;
2022-10-04 03:00:00;0.0;0.0;0.0;12.15;77.35;3.24;
2022-10-04 04:00:00;0.0;0.0;0.0;12.15;77.35;3.38;
2022-10-04 05:00:00;0.0;0.0;0.0;12.03;77.35;3.03;
2022-10-04 06:00:00;62.0;142.3;45.0;11.96;80.2;2.9;
2022-10-04 07:00:00;234.0;487.16;94.0;12.41;80.2;2.14;
2022-10-04 08:00:00;393.0;630.0;121.0;13.47;74.85;2.48;
2022-10-04 09:00:00;540.0;790.44;111.0;14.63;72.4;2.76;
2022-10-04 10:00:00;552.0;548.32;216.0;15.68;70.0;3.38;
2022-10-04 11:00:00;345.0;65.92;303.0;16.6;67.75;3.72;
2022-10-04 12:00:00;224.0;4.89;221.0;16.99;67.75;3.93;
2022-10-04 13:00:00;51.0;0.0;51.0;17.08;63.2;4.07;
2022-10-04 14:00:00;111.0;0.0;111.0;15.78;75.15;3.93;
2022-10-04 15:00:00;113.0;0.0;113.0;15.55;77.85;3.38;
2022-10-04 16:00:00;27.0;0.0;27.0;14.08;86.4;3.52;
2022-10-04 17:00:00;0.0;0.0;0.0;13.27;92.65;3.66;
2022-10-04 18:00:00;0.0;0.0;0.0;13.05;92.65;3.93;
2022-10-04 19:00:00;0.0;0.0;0.0;12.42;89.35;5.66;
2022-10-04 20:00:00;0.0;0.0;0.0;11.95;83.15;4.97;
2022-10-04 21:00:00;0.0;0.0;0.0;11.52;83.1;4.21;
2022-10-04 22:00:00;0.0;0.0;0.0;11.19;86.1;3.38;
2022-10-04 23:00:00;0.0;0.0;0.0;11.05;86.1;2.48;
2022-10-05 00:00:00;0.0;0.0;0.0;10.89;89.25;1.86;
2022-10-05 01:00:00;0.0;0.0;0.0;10.77;89.25;1.66;
2022-10-05 02:00:00;0.0;0.0;0.0;10.68;89.25;1.72;
2022-10-05 03:00:00;0.0;0.0;0.0;10.6;89.25;1.52;
2022-10-05 04:00:00;0.0;0.0;0.0;10.4;92.5;1.52;
2022-10-05 05:00:00;0.0;0.0;0.0;10.28;89.2;1.31;
2022-10-05 06:00:00;74.0;294.55;40.0;9.89;92.45;1.17;
2022-10-05 07:00:00;182.0;201.3;125.0;11.65;86.15;0.76;
2022-10-05 08:00:00;162.0;9.36;158.0;12.6;77.45;0.48;
2022-10-05 09:00:00;203.0;7.43;199.0;13.66;77.6;0.14;
2022-10-05 10:00:00;366.0;110.23;299.0;14.58;69.85;0.41;
2022-10-05 11:00:00;316.0;42.73;289.0;15.07;67.45;0.9;
2022-10-05 12:00:00;342.0;78.86;294.0;15.6;65.15;1.66;
2022-10-05 13:00:00;438.0;385.46;230.0;15.58;65.15;1.93;
2022-10-05 14:00:00;267.0;146.67;204.0;15.7;65.15;1.52;
2022-10-05 15:00:00;125.0;0.0;125.0;15.76;65.15;0.97;
2022-10-05 16:00:00;41.0;0.0;41.0;15.55;62.85;0.41;
2022-10-05 17:00:00;0.0;0.0;0.0;14.98;69.9;0.41;
2022-10-05 18:00:00;0.0;0.0;0.0;13.59;77.6;0.97;
2022-10-05 19:00:00;0.0;0.0;0.0;11.94;83.15;1.45;
2022-10-05 20:00:00;0.0;0.0;0.0;10.99;86.1;1.59;
2022-10-05 21:00:00;0.0;0.0;0.0;10.24;89.2;1.72;
2022-10-05 22:00:00;0.0;0.0;0.0;9.84;92.45;1.66;
2022-10-05 23:00:00;0.0;0.0;0.0;9.51;89.15;1.72;
2022-10-06 00:00:00;0.0;0.0;0.0;9.39;92.45;1.72;
2022-10-06 01:00:00;0.0;0.0;0.0;9.48;92.45;1.66;
2022-10-06 02:00:00;0.0;0.0;0.0;9.28;92.45;1.66;
2022-10-06 03:00:00;0.0;0.0;0.0;8.99;92.45;1.59;
2022-10-06 04:00:00;0.0;0.0;0.0;9.0;92.45;1.59;
2022-10-06 05:00:00;0.0;0.0;0.0;8.68;95.85;1.72;
2022-10-06 06:00:00;51.0;89.78;41.0;8.71;95.85;1.72;
2022-10-06 07:00:00;117.0;28.68;109.0;11.07;89.3;1.31;
2022-10-06 08:00:00;264.0;151.36;200.0;13.55;72.2;1.17;
2022-10-06 09:00:00;390.0;264.37;249.0;14.77;64.95;0.62;
2022-10-06 10:00:00;384.0;142.65;298.0;15.5;62.85;0.21;
2022-10-06 11:00:00;242.0;7.98;237.0;16.05;65.25;0.97;
2022-10-06 12:00:00;124.0;0.0;124.0;16.16;65.25;1.38;
2022-10-06 13:00:00;214.0;11.24;208.0;16.59;63.05;1.52;
2022-10-06 14:00:00;155.0;7.08;152.0;16.3;67.65;1.24;
2022-10-06 15:00:00;77.0;0.0;77.0;16.04;67.65;0.97;
2022-10-06 16:00:00;23.0;0.0;23.0;15.66;72.55;0.48;
2022-10-06 17:00:00;0.0;0.0;0.0;14.89;86.45;0.55;
2022-10-06 18:00:00;0.0;0.0;0.0;13.97;86.4;1.03;
2022-10-06 19:00:00;0.0;0.0;0.0;13.44;83.25;0.9;
2022-10-06 20:00:00;0.0;0.0;0.0;13.25;80.35;1.17;
2022-10-06 21:00:00;0.0;0.0;0.0;13.01;80.35;1.24;
2022-10-06 22:00:00;0.0;0.0;0.0;12.95;80.3;1.52;
2022-10-06 23:00:00;0.0;0.0;0.0;12.85;80.3;1.66;
2022-10-07 00:00:00;0.0;0.0;0.0;12.63;80.3;1.52;
2022-10-07 01:00:00;0.0;0.0;0.0;12.27;83.15;1.72;
2022-10-07 02:00:00;0.0;0.0;0.0;11.65;86.15;1.72;
2022-10-07 03:00:00;0.0;0.0;0.0;11.02;89.3;1.72;
2022-10-07 04:00:00;0.0;0.0;0.0;10.3;92.5;1.93;
2022-10-07 05:00:00;0.0;0.0;0.0;9.79;92.45;2.14;
2022-10-07 06:00:00;72.0;344.79;35.0;9.26;92.45;2.21;
2022-10-07 07:00:00;241.0;604.39;75.0;11.0;89.3;1.72;
2022-10-07 08:00:00;406.0;745.79;94.0;14.29;80.45;1.66;
2022-10-07 09:00:00;534.0;804.01;109.0;16.32;70.1;2.34;
2022-10-07 10:00:00;546.0;556.96;213.0;18.03;54.95;2.69;
2022-10-07 11:00:00;554.0;506.84;239.0;19.13;47.65;2.97;
2022-10-07 12:00:00;478.0;342.92;273.0;19.73;39.8;3.45;
2022-10-07 13:00:00;530.0;785.31;115.0;19.94;38.35;3.38;
2022-10-07 14:00:00;132.0;0.0;132.0;19.97;38.35;3.1;
2022-10-07 15:00:00;73.0;0.0;73.0;19.35;44.3;2.62;
2022-10-07 16:00:00;36.0;0.0;36.0;18.1;44.2;2.69;
2022-10-07 17:00:00;0.0;0.0;0.0;16.43;43.65;2.9;
2022-10-07 18:00:00;0.0;0.0;0.0;15.24;41.75;2.97;
2022-10-07 19:00:00;0.0;0.0;0.0;15.05;43.4;3.17;
2022-10-07 20:00:00;0.0;0.0;0.0;14.58;44.9;3.31;
2022-10-07 21:00:00;0.0;0.0;0.0;14.12;46.5;3.31;
2022-10-07 22:00:00;0.0;0.0;0.0;13.56;50.0;3.24;
2022-10-07 23:00:00;0.0;0.0;0.0;13.05;51.75;3.17;
2022-10-08 00:00:00;0.0;0.0;0.0;12.53;55.65;3.1;
2022-10-08 01:00:00;0.0;0.0;0.0;12.06;57.65;3.03;
2022-10-08 02:00:00;0.0;0.0;0.0;11.69;59.7;2.97;
2022-10-08 03:00:00;0.0;0.0;0.0;11.29;61.85;2.97;
2022-10-08 04:00:00;0.0;0.0;0.0;10.93;64.1;2.9;
2022-10-08 05:00:00;0.0;0.0;0.0;10.5;64.1;2.76;
2022-10-08 06:00:00;71.0;368.12;33.0;10.11;71.6;2.69;
2022-10-08 07:00:00;237.0;606.56;73.0;11.19;77.2;2.0;
2022-10-08 08:00:00;401.0;744.25;93.0;14.24;67.25;1.45;
2022-10-08 09:00:00;525.0;796.05;108.0;16.42;58.6;0.69;
2022-10-08 10:00:00;615.0;855.14;108.0;17.84;52.9;0.34;
2022-10-08 11:00:00;647.0;879.49;105.0;18.78;49.3;0.48;
2022-10-08 12:00:00;606.0;822.1;119.0;19.36;47.65;0.62;
2022-10-08 13:00:00;515.0;753.52;121.0;19.66;46.1;0.9;
2022-10-08 14:00:00;96.0;0.0;96.0;19.65;46.1;1.1;
2022-10-08 15:00:00;73.0;0.0;73.0;19.33;49.45;1.17;
2022-10-08 16:00:00;38.0;0.0;38.0;18.42;56.95;0.83;
2022-10-08 17:00:00;0.0;0.0;0.0;17.69;54.85;0.55;
2022-10-08 18:00:00;0.0;0.0;0.0;15.15;67.45;1.24;
2022-10-08 19:00:00;0.0;0.0;0.0;12.56;74.7;1.93;
2022-10-08 20:00:00;0.0;0.0;0.0;11.31;83.05;1.93;
2022-10-08 21:00:00;0.0;0.0;0.0;10.55;86.05;1.86;
2022-10-08 22:00:00;0.0;0.0;0.0;10.26;89.2;1.79;
2022-10-08 23:00:00;0.0;0.0;0.0;10.06;89.2;1.79;
2022-10-09 00:00:00;0.0;0.0;0.0;9.89;89.15;1.93;
2022-10-09 01:00:00;0.0;0.0;0.0;9.58;89.15;2.0;
2022-10-09 02:00:00;0.0;0.0;0.0;9.45;89.15;2.07;
2022-10-09 03:00:00;0.0;0.0;0.0;9.11;92.45;1.93;
2022-10-09 04:00:00;0.0;0.0;0.0;9.05;92.45;1.72;
2022-10-09 05:00:00;0.0;0.0;0.0;8.96;92.45;1.66;
2022-10-09 06:00:00;35.0;30.26;32.0;9.22;92.45;1.72;
2022-10-09 07:00:00;166.0;184.16;117.0;10.58;89.25;1.52;
2022-10-09 08:00:00;273.0;197.9;192.0;13.75;77.6;1.1;
2022-10-09 09:00:00;363.0;217.7;250.0;15.83;67.55;0.41;
2022-10-09 10:00:00;525.0;525.63;216.0;16.97;60.85;0.0;
2022-10-09 11:00:00;500.0;376.42;270.0;17.67;56.85;0.34;
2022-10-09 12:00:00;474.0;362.89;261.0;18.05;56.95;0.48;
2022-10-09 13:00:00;439.0;450.4;206.0;18.2;56.95;0.76;
2022-10-09 14:00:00;188.0;0.0;188.0;18.11;56.95;0.9;
2022-10-09 15:00:00;115.0;0.0;115.0;17.78;61.05;1.03;
2022-10-09 16:00:00;32.0;0.0;32.0;17.05;65.45;0.97;
2022-10-09 17:00:00;0.0;0.0;0.0;15.71;80.65;0.83;
2022-10-09 18:00:00;0.0;0.0;0.0;15.69;72.55;0.28;
2022-10-09 19:00:00;0.0;0.0;0.0;13.68;80.4;1.1;
2022-10-09 20:00:00;0.0;0.0;0.0;12.18;86.2;1.52;
2022-10-09 21:00:00;0.0;0.0;0.0;11.26;89.3;1.66;
2022-10-09 22:00:00;0.0;0.0;0.0;10.68;92.5;1.66;
2022-10-09 23:00:00;0.0;0.0;0.0;10.03;92.5;1.66;
2022-10-10 00:00:00;0.0;0.0;0.0;9.44;92.45;1.72;
2022-10-10 01:00:00;0.0;0.0;0.0;8.83;99.4;1.79;
2022-10-10 02:00:00;0.0;0.0;0.0;8.32;99.4;1.59;
2022-10-10 03:00:00;0.0;0.0;0.0;8.29;99.4;1.45;
2022-10-10 04:00:00;0.0;0.0;0.0;8.47;99.4;1.45;
2022-10-10 05:00:00;0.0;0.0;0.0;8.96;95.85;1.45;
2022-10-10 06:00:00;53.0;199.96;34.0;9.1;99.4;1.72;
2022-10-10 07:00:00;214.0;504.29;82.0;11.08;95.9;1.52;
2022-10-10 08:00:00;376.0;676.96;102.0;13.2;86.3;1.31;
2022-10-10 09:00:00;498.0;735.03;120.0;15.34;77.8;0.48;
2022-10-10 10:00:00;591.0;816.71;115.0;16.66;70.2;0.41;
2022-10-10 11:00:00;596.0;737.9;149.0;17.52;65.55;1.1;
2022-10-10 12:00:00;534.0;588.1;192.0;17.81;65.55;1.17;
2022-10-10 13:00:00;505.0;769.89;111.0;18.14;65.65;1.17;
2022-10-10 14:00:00;183.0;0.0;183.0;18.06;63.4;1.1;
2022-10-10 15:00:00;96.0;0.0;96.0;17.89;65.55;1.03;
2022-10-10 16:00:00;29.0;0.0;29.0;17.3;70.3;0.97;
2022-10-10 17:00:00;0.0;0.0;0.0;16.14;77.95;1.03;
2022-10-10 18:00:00;0.0;0.0;0.0;14.72;86.45;1.17;
2022-10-10 19:00:00;0.0;0.0;0.0;14.69;83.45;1.17;
2022-10-10 20:00:00;0.0;0.0;0.0;13.39;86.3;1.86;
2022-10-10 21:00:00;0.0;0.0;0.0;12.63;83.25;1.93;
2022-10-10 22:00:00;0.0;0.0;0.0;11.8;83.1;2.0;
2022-10-10 23:00:00;0.0;0.0;0.0;11.39;86.1;1.93;
2022-10-11 00:00:00;0.0;0.0;0.0;11.29;80.1;2.21;
2022-10-11 01:00:00;0.0;0.0;0.0;11.43;80.1;2.21;
2022-10-11 02:00:00;0.0;0.0;0.0;11.27;80.1;2.0;
2022-10-11 03:00:00;0.0;0.0;0.0;11.22;80.1;1.93;
2022-10-11 04:00:00;0.0;0.0;0.0;11.06;80.1;1.86;
2022-10-11 05:00:00;0.0;0.0;0.0;10.73;80.05;2.0;
2022-10-11 06:00:00;56.0;286.06;30.0;10.31;79.95;2.0;
2022-10-11 07:00:00;148.0;132.08;114.0;10.79;86.05;1.24;
2022-10-11 08:00:00;208.0;64.97;182.0;13.73;67.15;1.03;
2022-10-11 09:00:00;431.0;441.65;206.0;14.81;56.15;1.31;
2022-10-11 10:00:00;387.0;171.34;288.0;15.54;48.65;1.1;
2022-10-11 11:00:00;263.0;18.32;252.0;16.0;45.3;0.69;
2022-10-11 12:00:00;0.0;0.0;0.0;15.93;46.9;0.97;
2022-10-11 13:00:00;324.0;148.16;249.0;15.3;56.25;1.86;
2022-10-11 14:00:00;171.0;0.0;171.0;14.33;67.25;1.93;
2022-10-11 15:00:00;101.0;0.0;101.0;13.53;72.2;1.45;
2022-10-11 16:00:00;22.0;0.0;22.0;12.9;77.45;1.24;
2022-10-11 17:00:00;0.0;0.0;0.0;12.11;80.2;1.31;
2022-10-11 18:00:00;0.0;0.0;0.0;11.16;86.1;1.31;
2022-10-11 19:00:00;0.0;0.0;0.0;11.33;80.1;0.76;
2022-10-11 20:00:00;0.0;0.0;0.0;10.47;83.0;0.9;
2022-10-11 21:00:00;0.0;0.0;0.0;10.23;86.0;0.76;
2022-10-11 22:00:00;0.0;0.0;0.0;9.91;89.15;0.76;
2022-10-11 23:00:00;0.0;0.0;0.0;9.53;89.15;0.76;
2022-10-12 00:00:00;0.0;0.0;0.0;9.43;89.15;0.48;
2022-10-12 01:00:00;0.0;0.0;0.0;8.98;92.45;0.28;
2022-10-12 02:00:00;0.0;0.0;0.0;8.76;95.85;0.34;
2022-10-12 03:00:00;0.0;0.0;0.0;8.36;95.8;1.03;
2022-10-12 04:00:00;0.0;0.0;0.0;7.42;85.85;1.17;
2022-10-12 05:00:00;0.0;0.0;0.0;6.31;88.95;1.45;
2022-10-12 06:00:00;55.0;311.24;28.0;5.1;88.85;1.79;
2022-10-12 07:00:00;223.0;600.64;71.0;8.24;73.95;2.48;
2022-10-12 08:00:00;383.0;725.5;96.0;11.8;59.7;2.41;
2022-10-12 09:00:00;514.0;804.56;108.0;13.52;48.15;2.97;
2022-10-12 10:00:00;600.0;853.81;111.0;14.79;40.1;3.31;
2022-10-12 11:00:00;622.0;841.64;121.0;15.66;36.0;2.97;
2022-10-12 12:00:00;582.0;790.26;131.0;16.32;34.8;2.62;
2022-10-12 13:00:00;514.0;816.86;105.0;16.76;32.35;2.34;
2022-10-12 14:00:00;96.0;0.0;96.0;16.84;31.15;2.07;
2022-10-12 15:00:00;69.0;0.0;69.0;16.5;36.3;1.45;
2022-10-12 16:00:00;27.0;0.0;27.0;15.09;50.35;1.31;
2022-10-12 17:00:00;0.0;0.0;0.0;12.63;51.65;1.86;
2022-10-12 18:00:00;0.0;0.0;0.0;10.42;55.05;2.28;
2022-10-12 19:00:00;0.0;0.0;0.0;10.18;42.0;3.31;
2022-10-12 20:00:00;0.0;0.0;0.0;10.02;40.4;3.38;
2022-10-12 21:00:00;0.0;0.0;0.0;9.86;41.85;3.38;
2022-10-12 22:00:00;0.0;0.0;0.0;9.63;41.85;3.31;
2022-10-12 23:00:00;0.0;0.0;0.0;9.25;43.4;3.17;
2022-10-13 00:00:00;0.0;0.0;0.0;8.82;45.0;3.03;
2022-10-13 01:00:00;0.0;0.0;0.0;8.27;48.55;2.9;
2022-10-13 02:00:00;0.0;0.0;0.0;7.67;50.45;2.69;
2022-10-13 03:00:00;0.0;0.0;0.0;6.98;54.4;2.62;
2022-10-13 04:00:00;0.0;0.0;0.0;6.29;60.85;2.55;
2022-10-13 05:00:00;0.0;0.0;0.0;5.73;65.65;2.55;
2022-10-13 06:00:00;19.0;0.0;19.0;5.4;68.2;2.48;
2022-10-13 07:00:00;174.0;269.41;107.0;7.04;73.9;2.14;
2022-10-13 08:00:00;342.0;514.09;141.0;11.0;59.6;1.66;
2022-10-13 09:00:00;502.0;770.34;117.0;12.72;49.7;1.17;
2022-10-13 10:00:00;592.0;842.05;114.0;13.72;42.95;0.48;
2022-10-13 11:00:00;617.0;842.37;120.0;14.35;39.95;0.62;
2022-10-13 12:00:00;587.0;831.44;117.0;14.78;38.55;1.1;
2022-10-13 13:00:00;511.0;827.96;101.0;15.0;38.7;1.31;
2022-10-13 14:00:00;95.0;0.0;95.0;14.94;40.1;1.31;
2022-10-13 15:00:00;68.0;0.0;68.0;14.55;41.65;1.59;
2022-10-13 16:00:00;22.0;0.0;22.0;13.59;51.9;1.59;
2022-10-13 17:00:00;0.0;0.0;0.0;11.59;69.25;1.17;
2022-10-13 18:00:00;0.0;0.0;0.0;12.08;53.5;0.48;
2022-10-13 19:00:00;0.0;0.0;0.0;9.58;61.55;1.45;
2022-10-13 20:00:00;0.0;0.0;0.0;7.58;71.25;1.79;
2022-10-13 21:00:00;0.0;0.0;0.0;6.98;73.9;1.79;
2022-10-13 22:00:00;0.0;0.0;0.0;6.58;76.65;1.79;
2022-10-13 23:00:00;0.0;0.0;0.0;6.37;79.5;1.72;
2022-10-14 00:00:00;0.0;0.0;0.0;6.17;82.55;1.72;
2022-10-14 01:00:00;0.0;0.0;0.0;5.96;82.55;1.79;
2022-10-14 02:00:00;0.0;0.0;0.0;6.13;85.7;1.72;
2022-10-14 03:00:00;0.0;0.0;0.0;6.29;85.7;1.72;
2022-10-14 04:00:00;0.0;0.0;0.0;6.31;85.7;1.66;
2022-10-14 05:00:00;0.0;0.0;0.0;6.01;85.7;1.66;
2022-10-14 06:00:00;45.0;229.5;27.0;6.37;85.7;1.45;
2022-10-14 07:00:00;172.0;286.53;102.0;7.43;85.85;0.9;
2022-10-14 08:00:00;198.0;62.12;174.0;10.99;69.15;0.48;
2022-10-14 09:00:00;352.0;230.34;238.0;12.23;59.85;1.31;
2022-10-14 10:00:00;220.0;8.89;215.0;12.76;59.95;1.52;
2022-10-14 11:00:00;170.0;0.0;170.0;13.32;60.05;1.45;
2022-10-14 12:00:00;92.0;0.0;92.0;13.87;58.0;1.52;
2022-10-14 13:00:00;375.0;304.26;226.0;14.1;56.0;1.52;
2022-10-14 14:00:00;180.0;0.0;180.0;13.96;56.0;1.59;
2022-10-14 15:00:00;104.0;0.0;104.0;13.63;58.0;1.38;
2022-10-14 16:00:00;24.0;0.0;24.0;12.96;62.3;1.45;
2022-10-14 17:00:00;0.0;0.0;0.0;11.42;71.75;1.38;
2022-10-14 18:00:00;0.0;0.0;0.0;10.12;77.1;1.03;
2022-10-14 19:00:00;0.0;0.0;0.0;10.73;74.4;0.9;
2022-10-14 20:00:00;0.0;0.0;0.0;9.04;79.85;1.31;
2022-10-14 21:00:00;0.0;0.0;0.0;9.06;79.85;1.24;
2022-10-14 22:00:00;0.0;0.0;0.0;8.57;82.75;1.38;
2022-10-14 23:00:00;0.0;0.0;0.0;9.5;77.0;1.03;
2022-10-15 00:00:00;0.0;0.0;0.0;10.6;71.7;0.62;
2022-10-15 01:00:00;0.0;0.0;0.0;10.35;74.3;0.28;
2022-10-15 02:00:00;0.0;0.0;0.0;8.09;89.05;1.38;
2022-10-15 03:00:00;0.0;0.0;0.0;7.81;92.4;1.72;
2022-10-15 04:00:00;0.0;0.0;0.0;7.38;92.35;1.66;
2022-10-15 05:00:00;0.0;0.0;0.0;7.42;92.4;1.38;
2022-10-15 06:00:00;12.0;0.0;12.0;7.26;95.8;1.38;
2022-10-15 07:00:00;34.0;0.0;34.0;8.62;95.85;1.17;
2022-10-15 08:00:00;35.0;0.0;35.0;9.06;92.45;1.17;
2022-10-15 09:00:00;69.0;0.0;69.0;10.13;86.0;0.9;
2022-10-15 10:00:00;73.0;0.0;73.0;10.25;86.0;0.9;
2022-10-15 11:00:00;129.0;0.0;129.0;10.06;79.95;1.72;
2022-10-15 12:00:00;56.0;0.0;56.0;9.76;79.9;1.93;
2022-10-15 13:00:00;81.0;0.0;81.0;9.97;79.95;1.86;
2022-10-15 14:00:00;54.0;0.0;54.0;10.19;82.95;1.52;
2022-10-15 15:00:00;71.0;0.0;71.0;10.21;86.0;1.24;
2022-10-15 16:00:00;16.0;0.0;16.0;9.85;89.15;1.1;
2022-10-15 17:00:00;0.0;0.0;0.0;9.55;89.15;0.83;
2022-10-15 18:00:00;0.0;0.0;0.0;9.42;89.15;0.76;
2022-10-15 19:00:00;0.0;0.0;0.0;9.54;89.15;1.59;
2022-10-15 20:00:00;0.0;0.0;0.0;9.34;92.45;1.45;
2022-10-15 21:00:00;0.0;0.0;0.0;9.2;92.45;1.38;
2022-10-15 22:00:00;0.0;0.0;0.0;9.09;92.45;1.17;
2022-10-15 23:00:00;0.0;0.0;0.0;9.31;89.1;0.9;
2022-10-16 00:00:00;0.0;0.0;0.0;9.58;85.95;0.69;
2022-10-16 01:00:00;0.0;0.0;0.0;9.45;85.95;0.69;
2022-10-16 02:00:00;0.0;0.0;0.0;9.31;89.1;0.69;
2022-10-16 03:00:00;0.0;0.0;0.0;8.87;92.4;0.97;
2022-10-16 04:00:00;0.0;0.0;0.0;8.63;92.4;1.03;
2022-10-16 05:00:00;0.0;0.0;0.0;8.79;92.4;0.9;
2022-10-16 06:00:00;15.0;0.0;15.0;9.53;82.9;0.55;
2022-10-16 07:00:00;100.0;33.97;92.0;9.43;89.15;0.62;
2022-10-16 08:00:00;143.0;10.61;139.0;10.75;83.0;0.21;
2022-10-16 09:00:00;216.0;24.73;204.0;11.81;74.55;0.21;
2022-10-16 10:00:00;302.0;70.6;263.0;12.68;72.05;0.69;
2022-10-16 11:00:00;440.0;294.3;271.0;13.45;69.55;0.76;
2022-10-16 12:00:00;511.0;610.05;176.0;14.06;62.55;0.9;
2022-10-16 13:00:00;465.0;730.97;115.0;14.43;62.55;1.24;
2022-10-16 14:00:00;106.0;0.0;106.0;14.26;62.55;1.38;
2022-10-16 15:00:00;70.0;0.0;70.0;14.02;64.85;1.38;
2022-10-16 16:00:00;17.0;0.0;17.0;13.42;69.55;0.76;
2022-10-16 17:00:00;0.0;0.0;0.0;12.68;72.05;0.21;
2022-10-16 18:00:00;0.0;0.0;0.0;11.95;74.6;0.48;
2022-10-16 19:00:00;0.0;0.0;0.0;11.11;77.2;0.69;
2022-10-16 20:00:00;0.0;0.0;0.0;10.71;80.05;0.34;
2022-10-16 21:00:00;0.0;0.0;0.0;10.42;82.95;0.34;
2022-10-16 22:00:00;0.0;0.0;0.0;9.91;85.95;0.97;
2022-10-16 23:00:00;0.0;0.0;0.0;7.94;89.05;1.38;
2022-10-17 00:00:00;0.0;0.0;0.0;6.48;92.35;1.72;
2022-10-17 01:00:00;0.0;0.0;0.0;5.54;95.75;1.86;
2022-10-17 02:00:00;0.0;0.0;0.0;4.97;95.75;1.86;
2022-10-17 03:00:00;0.0;0.0;0.0;4.44;95.75;1.86;
2022-10-17 04:00:00;0.0;0.0;0.0;4.03;95.75;1.86;
2022-10-17 05:00:00;0.0;0.0;0.0;3.72;95.7;1.86;
2022-10-17 06:00:00;33.0;166.98;22.0;3.64;95.7;1.86;
2022-10-17 07:00:00;194.0;540.95;69.0;6.83;92.35;1.1;
2022-10-17 08:00:00;344.0;652.48;101.0;10.29;82.95;0.55;
2022-10-17 09:00:00;464.0;707.89;124.0;11.93;71.85;0.55;
2022-10-17 10:00:00;560.0;818.49;112.0;13.05;67.05;1.17;
2022-10-17 11:00:00;499.0;483.3;224.0;13.87;67.15;1.59;
2022-10-17 12:00:00;482.0;509.4;205.0;14.33;67.25;1.79;
2022-10-17 13:00:00;457.0;707.64;122.0;14.5;64.95;1.93;
2022-10-17 14:00:00;94.0;0.0;94.0;14.57;64.95;1.79;
2022-10-17 15:00:00;66.0;0.0;66.0;14.24;67.25;1.66;
2022-10-17 16:00:00;17.0;0.0;17.0;13.45;74.75;1.45;
2022-10-17 17:00:00;0.0;0.0;0.0;12.18;80.2;1.45;
2022-10-17 18:00:00;0.0;0.0;0.0;10.56;89.25;1.17;
2022-10-17 19:00:00;0.0;0.0;0.0;10.79;86.05;1.03;
2022-10-17 20:00:00;0.0;0.0;0.0;9.13;92.45;1.45;
2022-10-17 21:00:00;0.0;0.0;0.0;8.52;95.85;1.52;
2022-10-17 22:00:00;0.0;0.0;0.0;8.76;95.85;1.45;
2022-10-17 23:00:00;0.0;0.0;0.0;9.15;92.45;1.38;
2022-10-18 00:00:00;0.0;0.0;0.0;9.43;89.15;1.31;
2022-10-18 01:00:00;0.0;0.0;0.0;10.48;83.0;0.97;
2022-10-18 02:00:00;0.0;0.0;0.0;10.59;83.0;0.97;
2022-10-18 03:00:00;0.0;0.0;0.0;10.22;86.0;0.83;
2022-10-18 04:00:00;0.0;0.0;0.0;10.21;86.0;0.62;
2022-10-18 05:00:00;0.0;0.0;0.0;10.18;86.0;0.83;
2022-10-18 06:00:00;25.0;81.07;20.0;8.84;92.4;1.17;
2022-10-18 07:00:00;178.0;436.81;79.0;8.88;95.85;0.97;
2022-10-18 08:00:00;270.0;290.95;163.0;11.11;83.05;0.69;
2022-10-18 09:00:00;447.0;652.06;137.0;12.15;77.35;0.55;
2022-10-18 10:00:00;532.0;726.57;138.0;12.94;74.7;0.76;
2022-10-18 11:00:00;491.0;470.05;226.0;13.48;69.65;0.97;
2022-10-18 12:00:00;384.0;224.72;263.0;13.63;72.2;0.97;
2022-10-18 13:00:00;355.0;299.12;215.0;13.95;74.85;1.03;
2022-10-18 14:00:00;161.0;0.0;161.0;13.98;74.95;1.03;
2022-10-18 15:00:00;79.0;0.0;79.0;13.79;74.85;0.97;
2022-10-18 16:00:00;16.0;0.0;16.0;13.41;77.5;0.76;
2022-10-18 17:00:00;0.0;0.0;0.0;12.5;86.25;0.62;
2022-10-18 18:00:00;0.0;0.0;0.0;12.39;83.15;0.21;
2022-10-18 19:00:00;0.0;0.0;0.0;12.33;80.2;0.41;
2022-10-18 20:00:00;0.0;0.0;0.0;11.6;80.15;0.9;
2022-10-18 21:00:00;0.0;0.0;0.0;10.06;89.2;1.31;
2022-10-18 22:00:00;0.0;0.0;0.0;9.72;92.45;1.38;
2022-10-18 23:00:00;0.0;0.0;0.0;9.23;92.45;1.45;
2022-10-19 00:00:00;0.0;0.0;0.0;8.99;92.45;1.45;
2022-10-19 01:00:00;0.0;0.0;0.0;8.48;95.85;1.52;
2022-10-19 02:00:00;0.0;0.0;0.0;8.5;95.85;1.45;
2022-10-19 03:00:00;0.0;0.0;0.0;8.56;95.85;1.45;
2022-10-19 04:00:00;0.0;0.0;0.0;8.33;95.8;1.52;
2022-10-19 05:00:00;0.0;0.0;0.0;8.1;95.8;1.59;
2022-10-19 06:00:00;12.0;0.0;12.0;7.95;95.8;1.52;
2022-10-19 07:00:00;114.0;85.51;95.0;8.91;92.45;1.45;
2022-10-19 08:00:00;180.0;55.08;160.0;11.54;77.3;1.1;
2022-10-19 09:00:00;106.0;0.0;106.0;12.58;72.05;0.69;
2022-10-19 10:00:00;240.0;22.34;228.0;13.3;69.55;0.34;
2022-10-19 11:00:00;350.0;128.9;278.0;13.42;69.55;0.0;
2022-10-19 12:00:00;360.0;180.07;264.0;13.76;67.15;0.14;
2022-10-19 13:00:00;278.0;114.55;225.0;14.07;64.85;0.21;
2022-10-19 14:00:00;146.0;0.0;146.0;14.09;64.85;0.34;
2022-10-19 15:00:00;84.0;0.0;84.0;14.02;64.85;0.48;
2022-10-19 16:00:00;10.0;0.0;10.0;13.49;67.15;0.83;
2022-10-19 17:00:00;0.0;0.0;0.0;12.27;80.2;1.1;
2022-10-19 18:00:00;0.0;0.0;0.0;11.11;83.05;1.31;
2022-10-19 19:00:00;0.0;0.0;0.0;10.38;86.0;1.66;
2022-10-19 20:00:00;0.0;0.0;0.0;9.91;89.15;1.79;
2022-10-19 21:00:00;0.0;0.0;0.0;9.86;85.95;1.72;
2022-10-19 22:00:00;0.0;0.0;0.0;9.24;89.1;1.86;
2022-10-19 23:00:00;0.0;0.0;0.0;8.66;92.4;1.79;
2022-10-20 00:00:00;0.0;0.0;0.0;8.07;92.4;1.86;
2022-10-20 01:00:00;0.0;0.0;0.0;7.94;92.4;1.86;
2022-10-20 02:00:00;0.0;0.0;0.0;8.03;92.4;1.79;
2022-10-20 03:00:00;0.0;0.0;0.0;8.14;95.8;1.79;
2022-10-20 04:00:00;0.0;0.0;0.0;8.21;95.8;1.79;
2022-10-20 05:00:00;0.0;0.0;0.0;8.17;95.8;1.79;
2022-10-20 06:00:00;14.0;18.78;13.0;8.07;95.8;1.79;
2022-10-20 07:00:00;94.0;41.33;85.0;9.26;92.45;1.86;
2022-10-20 08:00:00;178.0;55.8;158.0;11.29;83.05;1.17;
2022-10-20 09:00:00;327.0;227.65;221.0;13.04;69.55;0.83;
2022-10-20 10:00:00;373.0;214.23;259.0;13.98;64.85;0.55;
2022-10-20 11:00:00;332.0;108.43;272.0;14.35;64.85;0.34;
2022-10-20 12:00:00;239.0;24.63;226.0;14.56;62.65;0.76;
2022-10-20 13:00:00;307.0;190.21;220.0;14.43;64.85;0.62;
2022-10-20 14:00:00;136.0;0.0;136.0;14.43;64.85;0.55;
2022-10-20 15:00:00;88.0;0.0;88.0;14.2;64.85;0.83;
2022-10-20 16:00:00;9.0;0.0;9.0;13.61;67.15;1.03;
2022-10-20 17:00:00;0.0;0.0;0.0;12.66;72.05;1.38;
2022-10-20 18:00:00;0.0;0.0;0.0;11.66;80.15;1.38;
2022-10-20 19:00:00;0.0;0.0;0.0;11.27;80.1;1.66;
2022-10-20 20:00:00;0.0;0.0;0.0;11.06;80.1;1.45;
2022-10-20 21:00:00;0.0;0.0;0.0;10.68;83.0;1.24;
2022-10-20 22:00:00;0.0;0.0;0.0;10.81;83.0;1.1;
2022-10-20 23:00:00;0.0;0.0;0.0;10.78;83.0;1.1;
2022-10-21 00:00:00;0.0;0.0;0.0;10.51;83.0;1.24;
2022-10-21 01:00:00;0.0;0.0;0.0;10.31;86.0;1.31;
2022-10-21 02:00:00;0.0;0.0;0.0;10.23;86.0;1.45;
2022-10-21 03:00:00;0.0;0.0;0.0;10.02;86.0;1.66;
2022-10-21 04:00:00;0.0;0.0;0.0;9.92;86.0;1.66;
2022-10-21 05:00:00;0.0;0.0;0.0;9.69;89.15;1.52;
2022-10-21 06:00:00;11.0;0.0;11.0;9.81;92.45;1.24;
2022-10-21 07:00:00;109.0;93.76;89.0;10.31;92.5;1.1;
2022-10-21 08:00:00;142.0;16.96;136.0;12.44;80.2;0.69;
2022-10-21 09:00:00;185.0;13.02;179.0;13.16;74.75;0.28;
2022-10-21 10:00:00;128.0;0.0;128.0;13.91;72.2;0.21;
2022-10-21 11:00:00;158.0;0.0;158.0;14.58;67.35;0.28;
2022-10-21 12:00:00;155.0;0.0;155.0;14.75;69.85;0.48;
2022-10-21 13:00:00;176.0;11.06;171.0;14.83;69.85;0.69;
2022-10-21 14:00:00;112.0;0.0;112.0;14.81;69.85;0.69;
2022-10-21 15:00:00;60.0;0.0;60.0;14.54;72.4;0.62;
2022-10-21 16:00:00;6.0;0.0;6.0;14.22;74.95;0.9;
2022-10-21 17:00:00;0.0;0.0;0.0;13.48;80.4;1.1;
2022-10-21 18:00:00;0.0;0.0;0.0;12.73;86.25;1.31;
2022-10-21 19:00:00;0.0;0.0;0.0;11.77;86.15;1.38;
2022-10-21 20:00:00;0.0;0.0;0.0;11.42;89.3;1.59;
2022-10-21 21:00:00;0.0;0.0;0.0;11.69;86.15;1.52;
2022-10-21 22:00:00;0.0;0.0;0.0;11.39;89.3;1.59;
2022-10-21 23:00:00;0.0;0.0;0.0;11.05;89.3;1.52;
2022-10-22 00:00:00;0.0;0.0;0.0;10.83;92.5;1.45;
2022-10-22 01:00:00;0.0;0.0;0.0;10.73;92.5;1.45;
2022-10-22 02:00:00;0.0;0.0;0.0;10.62;92.5;1.52;
2022-10-22 03:00:00;0.0;0.0;0.0;10.8;92.5;1.52;
2022-10-22 04:00:00;0.0;0.0;0.0;10.88;92.5;1.66;
2022-10-22 05:00:00;0.0;0.0;0.0;11.18;89.3;1.59;
2022-10-22 06:00:00;2.0;0.0;2.0;11.41;89.3;1.52;
2022-10-22 07:00:00;75.0;14.36;72.0;11.87;86.15;1.59;
2022-10-22 08:00:00;45.0;0.0;45.0;13.3;83.25;0.97;
2022-10-22 09:00:00;100.0;0.0;100.0;14.19;77.65;0.9;
2022-10-22 10:00:00;109.0;0.0;109.0;14.86;75.0;0.83;
2022-10-22 11:00:00;184.0;1.84;183.0;15.15;72.45;0.69;
2022-10-22 12:00:00;73.0;0.0;73.0;15.44;72.45;0.55;
2022-10-22 13:00:00;67.0;0.0;67.0;15.64;70.0;0.48;
2022-10-22 14:00:00;90.0;0.0;90.0;15.49;72.55;0.34;
2022-10-22 15:00:00;60.0;0.0;60.0;15.38;77.8;0.28;
2022-10-22 16:00:00;4.0;0.0;4.0;15.15;80.6;0.28;
2022-10-22 17:00:00;0.0;0.0;0.0;14.43;89.5;0.69;
2022-10-22 18:00:00;0.0;0.0;0.0;14.19;86.4;0.76;
2022-10-22 19:00:00;0.0;0.0;0.0;13.75;86.35;0.14;
2022-10-22 20:00:00;0.0;0.0;0.0;13.55;86.35;0.21;
2022-10-22 21:00:00;0.0;0.0;0.0;13.51;86.35;0.34;
2022-10-22 22:00:00;0.0;0.0;0.0;12.92;92.6;0.76;
2022-10-22 23:00:00;0.0;0.0;0.0;12.63;92.6;1.03;
2022-10-23 00:00:00;0.0;0.0;0.0;12.61;95.95;1.17;
2022-10-23 01:00:00;0.0;0.0;0.0;12.47;92.6;1.03;
2022-10-23 02:00:00;0.0;0.0;0.0;12.54;92.6;0.97;
2022-10-23 03:00:00;0.0;0.0;0.0;12.57;95.95;0.9;
2022-10-23 04:00:00;0.0;0.0;0.0;12.6;95.95;0.76;
2022-10-23 05:00:00;0.0;0.0;0.0;12.51;92.6;0.62;
2022-10-23 06:00:00;2.0;0.0;2.0;12.72;92.6;0.48;
2022-10-23 07:00:00;21.0;0.0;21.0;12.21;95.95;0.69;
2022-10-23 08:00:00;35.0;0.0;35.0;12.27;95.95;0.69;
2022-10-23 09:00:00;44.0;0.0;44.0;12.38;95.95;0.62;
2022-10-23 10:00:00;45.0;0.0;45.0;12.69;92.6;1.03;
2022-10-23 11:00:00;66.0;0.0;66.0;13.14;92.65;1.31;
2022-10-23 12:00:00;80.0;0.0;80.0;13.48;89.45;1.52;
2022-10-23 13:00:00;59.0;0.0;59.0;13.83;92.65;1.52;
2022-10-23 14:00:00;54.0;0.0;54.0;13.98;89.5;1.31;
2022-10-23 15:00:00;30.0;0.0;30.0;13.85;95.95;0.83;
2022-10-23 16:00:00;1.0;0.0;1.0;13.66;95.95;0.69;
2022-10-23 17:00:00;0.0;0.0;0.0;13.37;99.4;0.48;
2022-10-23 18:00:00;0.0;0.0;0.0;13.13;99.4;0.28;
2022-10-23 19:00:00;0.0;0.0;0.0;12.84;95.95;0.21;
2022-10-23 20:00:00;0.0;0.0;0.0;12.76;99.4;0.48;
2022-10-23 21:00:00;0.0;0.0;0.0;12.69;99.4;0.55;
2022-10-23 22:00:00;0.0;0.0;0.0;12.76;99.4;0.62;
2022-10-23 23:00:00;0.0;0.0;0.0;12.83;99.4;0.69;
2022-10-24 00:00:00;0.0;0.0;0.0;12.84;99.4;0.69;
2022-10-24 01:00:00;0.0;0.0;0.0;12.86;95.95;0.55;
2022-10-24 02:00:00;0.0;0.0;0.0;12.67;95.95;0.62;
2022-10-24 03:00:00;0.0;0.0;0.0;11.63;99.4;1.1;
2022-10-24 04:00:00;0.0;0.0;0.0;11.04;99.35;0.97;
2022-10-24 05:00:00;0.0;0.0;0.0;10.62;99.4;1.1;
2022-10-24 06:00:00;2.0;0.0;2.0;10.33;99.4;1.24;
2022-10-24 07:00:00;50.0;0.0;50.0;11.03;99.35;0.76;
2022-10-24 08:00:00;154.0;38.27;141.0;12.49;95.95;0.55;
2022-10-24 09:00:00;239.0;71.73;207.0;13.75;95.95;0.76;
2022-10-24 10:00:00;237.0;31.25;221.0;14.89;86.45;0.76;
2022-10-24 11:00:00;329.0;127.65;261.0;15.83;80.65;0.9;
2022-10-24 12:00:00;258.0;51.28;232.0;16.56;75.3;0.97;
2022-10-24 13:00:00;278.0;155.76;210.0;16.95;72.7;1.17;
2022-10-24 14:00:00;146.0;0.0;146.0;17.14;70.3;1.17;
2022-10-24 15:00:00;65.0;0.0;65.0;16.8;72.7;1.38;
2022-10-24 16:00:00;0.0;0.0;0.0;15.7;80.65;1.45;
2022-10-24 17:00:00;0.0;0.0;0.0;14.09;89.5;1.1;
2022-10-24 18:00:00;0.0;0.0;0.0;13.28;92.65;0.76;
2022-10-24 19:00:00;0.0;0.0;0.0;12.71;92.6;0.9;
2022-10-24 20:00:00;0.0;0.0;0.0;11.27;95.9;1.31;
2022-10-24 21:00:00;0.0;0.0;0.0;10.33;99.4;1.66;
2022-10-24 22:00:00;0.0;0.0;0.0;10.24;99.4;1.72;
2022-10-24 23:00:00;0.0;0.0;0.0;9.84;99.4;1.72;
2022-10-25 00:00:00;0.0;0.0;0.0;10.02;99.4;1.66;
2022-10-25 01:00:00;0.0;0.0;0.0;9.74;99.4;1.72;
2022-10-25 02:00:00;0.0;0.0;0.0;9.3;99.4;1.72;
2022-10-25 03:00:00;0.0;0.0;0.0;9.04;99.4;1.72;
2022-10-25 04:00:00;0.0;0.0;0.0;9.07;99.4;1.79;
2022-10-25 05:00:00;0.0;0.0;0.0;9.33;99.4;1.72;
2022-10-25 06:00:00;5.0;0.0;5.0;9.42;95.85;1.79;
2022-10-25 07:00:00;74.0;20.46;70.0;9.93;89.2;1.52;
2022-10-25 08:00:00;178.0;80.6;151.0;12.3;80.2;0.97;
2022-10-25 09:00:00;370.0;451.01;171.0;13.5;74.85;0.28;
2022-10-25 10:00:00;443.0;499.08;190.0;14.25;72.3;0.21;
2022-10-25 11:00:00;397.0;284.29;247.0;15.1;69.9;0.55;
2022-10-25 12:00:00;106.0;0.0;106.0;15.35;72.45;0.48;
2022-10-25 13:00:00;102.0;0.0;102.0;15.38;75.1;0.21;
2022-10-25 14:00:00;107.0;0.0;107.0;15.41;75.1;0.55;
2022-10-25 15:00:00;71.0;0.0;71.0;15.19;77.8;0.69;
2022-10-25 16:00:00;0.0;0.0;0.0;14.72;80.55;0.83;
2022-10-25 17:00:00;0.0;0.0;0.0;14.16;86.4;1.03;
2022-10-25 18:00:00;0.0;0.0;0.0;13.73;86.35;1.52;
2022-10-25 19:00:00;0.0;0.0;0.0;13.45;86.3;1.72;
2022-10-25 20:00:00;0.0;0.0;0.0;13.27;89.4;1.79;
2022-10-25 21:00:00;0.0;0.0;0.0;13.02;89.4;1.86;
2022-10-25 22:00:00;0.0;0.0;0.0;12.75;92.6;1.93;
2022-10-25 23:00:00;0.0;0.0;0.0;12.56;89.4;2.14;
2022-10-26 00:00:00;0.0;0.0;0.0;12.45;86.25;2.62;
2022-10-26 01:00:00;0.0;0.0;0.0;12.45;89.35;3.1;
2022-10-26 02:00:00;0.0;0.0;0.0;12.52;86.25;3.45;
2022-10-26 03:00:00;0.0;0.0;0.0;12.4;89.35;4.0;
2022-10-26 04:00:00;0.0;0.0;0.0;12.24;86.2;4.14;
2022-10-26 05:00:00;0.0;0.0;0.0;12.22;89.35;4.21;
2022-10-26 06:00:00;3.0;0.0;3.0;12.21;89.35;4.69;
2022-10-26 07:00:00;25.0;0.0;25.0;12.47;89.4;3.45;
2022-10-26 08:00:00;35.0;0.0;35.0;12.76;89.4;3.72;
2022-10-26 09:00:00;43.0;0.0;43.0;12.84;92.6;4.14;
2022-10-26 10:00:00;62.0;0.0;62.0;13.05;92.65;4.48;
2022-10-26 11:00:00;46.0;0.0;46.0;13.4;95.95;4.07;
2022-10-26 12:00:00;65.0;0.0;65.0;13.53;95.95;3.86;
2022-10-26 13:00:00;61.0;0.0;61.0;13.54;95.95;2.97;
2022-10-26 14:00:00;52.0;0.0;52.0;13.72;99.4;2.76;
2022-10-26 15:00:00;18.0;0.0;18.0;13.66;95.95;3.31;
2022-10-26 16:00:00;0.0;0.0;0.0;13.39;99.4;2.62;
2022-10-26 17:00:00;0.0;0.0;0.0;12.89;99.4;1.93;
2022-10-26 18:00:00;0.0;0.0;0.0;12.49;99.4;1.59;
2022-10-26 19:00:00;0.0;0.0;0.0;11.46;86.15;2.0;
2022-10-26 20:00:00;0.0;0.0;0.0;11.09;86.1;2.34;
2022-10-26 21:00:00;0.0;0.0;0.0;10.81;83.0;2.69;
2022-10-26 22:00:00;0.0;0.0;0.0;10.73;83.0;2.55;
2022-10-26 23:00:00;0.0;0.0;0.0;10.55;80.05;2.62;
2022-10-27 00:00:00;0.0;0.0;0.0;10.32;79.95;2.83;
2022-10-27 01:00:00;0.0;0.0;0.0;9.89;82.9;2.76;
2022-10-27 02:00:00;0.0;0.0;0.0;9.61;79.9;2.34;
2022-10-27 03:00:00;0.0;0.0;0.0;9.01;82.85;2.55;
2022-10-27 04:00:00;0.0;0.0;0.0;8.6;85.9;2.83;
2022-10-27 05:00:00;0.0;0.0;0.0;8.34;85.85;2.76;
2022-10-27 06:00:00;1.0;0.0;1.0;8.2;85.85;2.69;
2022-10-27 07:00:00;24.0;0.0;24.0;8.86;92.4;1.66;
2022-10-27 08:00:00;78.0;0.0;78.0;10.71;83.0;1.17;
2022-10-27 09:00:00;216.0;50.98;194.0;12.19;71.95;1.17;
2022-10-27 10:00:00;241.0;38.23;222.0;13.1;60.05;1.45;
2022-10-27 11:00:00;150.0;0.0;150.0;14.25;53.95;1.86;
2022-10-27 12:00:00;256.0;54.9;229.0;14.88;48.4;1.79;
2022-10-27 13:00:00;317.0;294.21;193.0;15.27;46.75;1.31;
2022-10-27 14:00:00;86.0;0.0;86.0;15.28;45.05;0.83;
2022-10-27 15:00:00;55.0;0.0;55.0;15.01;48.55;0.48;
2022-10-27 16:00:00;0.0;0.0;0.0;13.52;67.15;1.03;
2022-10-27 17:00:00;0.0;0.0;0.0;12.64;66.95;0.9;
2022-10-27 18:00:00;0.0;0.0;0.0;12.65;64.55;0.55;
2022-10-27 19:00:00;0.0;0.0;0.0;11.73;71.85;0.9;
2022-10-27 20:00:00;0.0;0.0;0.0;8.71;85.9;1.72;
2022-10-27 21:00:00;0.0;0.0;0.0;7.22;85.8;2.0;
2022-10-27 22:00:00;0.0;0.0;0.0;6.28;88.95;2.07;
2022-10-27 23:00:00;0.0;0.0;0.0;5.86;92.3;2.07;
2022-10-28 00:00:00;0.0;0.0;0.0;5.77;92.3;1.93;
2022-10-28 01:00:00;0.0;0.0;0.0;5.71;95.75;1.86;
2022-10-28 02:00:00;0.0;0.0;0.0;5.46;92.3;1.93;
2022-10-28 03:00:00;0.0;0.0;0.0;5.17;95.75;1.86;
2022-10-28 04:00:00;0.0;0.0;0.0;5.09;92.25;1.86;
2022-10-28 05:00:00;0.0;0.0;0.0;4.87;92.25;1.93;
2022-10-28 06:00:00;0.0;0.0;0.0;4.69;92.25;2.0;
2022-10-28 07:00:00;146.0;499.72;55.0;7.1;82.65;2.0;
2022-10-28 08:00:00;289.0;619.94;90.0;10.37;79.95;1.45;
2022-10-28 09:00:00;412.0;721.8;104.0;12.85;69.45;0.97;
2022-10-28 10:00:00;488.0;764.18;112.0;14.56;58.25;0.62;
2022-10-28 11:00:00;510.0;766.8;117.0;15.32;56.25;0.62;
2022-10-28 12:00:00;490.0;792.99;104.0;15.74;56.35;1.1;
2022-10-28 13:00:00;407.0;746.64;96.0;15.84;56.35;1.31;
2022-10-28 14:00:00;80.0;0.0;80.0;15.7;56.35;1.31;
2022-10-28 15:00:00;60.0;0.0;60.0;15.14;60.5;1.17;
2022-10-28 16:00:00;0.0;0.0;0.0;14.02;67.25;1.17;
2022-10-28 17:00:00;0.0;0.0;0.0;11.92;80.15;1.24;
2022-10-28 18:00:00;0.0;0.0;0.0;10.37;86.0;1.52;
2022-10-28 19:00:00;0.0;0.0;0.0;9.39;89.1;1.59;
2022-10-28 20:00:00;0.0;0.0;0.0;8.63;89.1;1.66;
2022-10-28 21:00:00;0.0;0.0;0.0;7.74;92.4;1.79;
2022-10-28 22:00:00;0.0;0.0;0.0;7.69;92.4;1.59;
2022-10-28 23:00:00;0.0;0.0;0.0;7.38;95.8;1.59;
2022-10-29 00:00:00;0.0;0.0;0.0;6.77;95.8;1.66;
2022-10-29 01:00:00;0.0;0.0;0.0;6.18;95.8;1.72;
2022-10-29 02:00:00;0.0;0.0;0.0;5.82;99.4;1.66;
2022-10-29 03:00:00;0.0;0.0;0.0;6.01;99.4;1.52;
2022-10-29 04:00:00;0.0;0.0;0.0;6.52;95.8;1.66;
2022-10-29 05:00:00;0.0;0.0;0.0;6.43;95.8;1.79;
2022-10-29 06:00:00;0.0;0.0;0.0;6.34;99.4;1.86;
2022-10-29 07:00:00;69.0;28.14;64.0;7.05;92.35;1.66;
2022-10-29 08:00:00;247.0;382.49;126.0;9.15;92.45;1.31;
2022-10-29 09:00:00;376.0;561.75;139.0;12.09;74.6;0.76;
2022-10-29 10:00:00;457.0;642.56;144.0;13.92;64.75;0.55;
2022-10-29 11:00:00;472.0;616.69;159.0;15.08;60.5;0.48;
2022-10-29 12:00:00;453.0;649.63;140.0;15.72;60.65;1.03;
2022-10-29 13:00:00;389.0;685.03;107.0;16.07;58.6;1.31;
2022-10-29 14:00:00;96.0;0.0;96.0;16.12;60.75;1.31;
2022-10-29 15:00:00;65.0;0.0;65.0;15.68;65.15;0.83;
2022-10-29 16:00:00;0.0;0.0;0.0;14.46;77.65;0.83;
2022-10-29 17:00:00;0.0;0.0;0.0;12.73;80.3;1.1;
2022-10-29 18:00:00;0.0;0.0;0.0;11.21;86.1;1.52;
2022-10-29 19:00:00;0.0;0.0;0.0;11.13;86.1;1.31;
2022-10-29 20:00:00;0.0;0.0;0.0;10.66;86.05;1.38;
2022-10-29 21:00:00;0.0;0.0;0.0;9.46;89.15;1.72;
2022-10-29 22:00:00;0.0;0.0;0.0;8.9;95.85;1.86;
2022-10-29 23:00:00;0.0;0.0;0.0;8.37;95.8;2.0;
2022-10-30 00:00:00;0.0;0.0;0.0;7.81;92.4;2.14;
2022-10-30 01:00:00;0.0;0.0;0.0;7.15;92.35;2.07;
2022-10-30 02:00:00;0.0;0.0;0.0;6.72;92.35;1.93;
2022-10-30 03:00:00;0.0;0.0;0.0;6.58;92.35;1.93;
2022-10-30 04:00:00;0.0;0.0;0.0;6.41;89.0;1.93;
2022-10-30 05:00:00;0.0;0.0;0.0;6.22;92.3;2.0;
2022-10-30 06:00:00;0.0;0.0;0.0;6.15;92.3;1.86;
2022-10-30 07:00:00;127.0;386.77;60.0;7.64;89.05;1.38;
2022-10-30 08:00:00;272.0;577.45;92.0;11.59;83.1;0.62;
2022-10-30 09:00:00;390.0;671.29;110.0;14.27;62.55;0.41;
2022-10-30 10:00:00;450.0;636.64;143.0;15.16;60.5;0.69;
2022-10-30 11:00:00;417.0;415.82;208.0;15.89;60.65;0.76;
2022-10-30 12:00:00;467.0;746.47;111.0;16.41;60.75;0.9;
2022-10-30 13:00:00;382.0;678.38;106.0;16.61;60.85;0.83;
2022-10-30 14:00:00;84.0;0.0;84.0;16.6;60.85;0.62;
2022-10-30 15:00:00;53.0;0.0;53.0;16.15;65.25;0.55;
2022-10-30 16:00:00;0.0;0.0;0.0;15.17;72.45;0.21;
2022-10-30 17:00:00;0.0;0.0;0.0;14.22;74.95;0.55;
2022-10-30 18:00:00;0.0;0.0;0.0;11.74;86.15;1.24;
2022-10-30 19:00:00;0.0;0.0;0.0;10.75;89.25;1.38;
2022-10-30 20:00:00;0.0;0.0;0.0;9.71;92.45;1.66;
2022-10-30 21:00:00;0.0;0.0;0.0;9.1;92.45;1.72;
2022-10-30 22:00:00;0.0;0.0;0.0;8.9;95.85;1.72;
2022-10-30 23:00:00;0.0;0.0;0.0;9.13;92.45;1.59;
2022-10-31 00:00:00;0.0;0.0;0.0;7.77;95.8;1.72;
2022-10-31 01:00:00;0.0;0.0;0.0;7.03;99.4;1.52;
2022-10-31 02:00:00;0.0;0.0;0.0;7.41;95.8;1.59;
2022-10-31 03:00:00;0.0;0.0;0.0;7.99;99.4;1.79;
2022-10-31 04:00:00;0.0;0.0;0.0;8.35;99.4;1.86;
2022-10-31 05:00:00;0.0;0.0;0.0;8.7;95.85;2.07;
2022-10-31 06:00:00;0.0;0.0;0.0;8.73;95.85;1.79;
2022-10-31 07:00:00;110.0;242.88;69.0;8.68;89.1;1.52;
2022-10-31 08:00:00;258.0;485.18;109.0;11.32;83.05;0.69;
2022-10-31 09:00:00;353.0;472.91;158.0;13.42;69.55;0.34;
2022-10-31 10:00:00;334.0;211.58;233.0;14.41;69.75;0.97;
2022-10-31 11:00:00;484.0;701.18;135.0;15.2;69.9;1.17;
2022-10-31 12:00:00;440.0;614.33;150.0;15.84;72.55;1.1;
2022-10-31 13:00:00;370.0;611.79;124.0;16.24;72.65;0.97;
2022-10-31 14:00:00;87.0;0.0;87.0;16.27;72.65;0.97;
2022-10-31 15:00:00;52.0;0.0;52.0;15.83;77.85;0.83;
2022-10-31 16:00:00;0.0;0.0;0.0;10.9;95.25;0.89;
2022-10-31 17:00:00;0.0;0.0;0.0;10.83;94.67;1.01;
2022-10-31 18:00:00;0.0;0.0;0.0;10.75;94.09;1.14;
2022-10-31 19:00:00;0.0;0.0;0.0;10.67;93.5;1.26;
2022-10-31 20:00:00;0.0;0.0;0.0;10.6;92.92;1.39;
2022-10-31 21:00:00;0.0;0.0;0.0;10.52;92.34;1.51;
2022-10-31 22:00:00;0.0;0.0;0.0;10.45;91.76;1.64;
2022-10-31 23:00:00;0.0;0.0;0.0;10.37;91.18;1.76;
2022-11-01 00:00:00;0.0;0.0;0.0;10.3;90.6;1.89;
2022-11-01 01:00:00;0.0;0.0;0.0;10.22;90.02;2.02;
2022-11-01 02:00:00;0.0;0.0;0.0;10.15;89.43;2.14;
2022-11-01 03:00:00;0.0;0.0;0.0;10.07;88.85;2.27;
2022-11-01 04:00:00;0.0;0.0;0.0;10.0;88.27;2.39;
2022-11-01 05:00:00;0.0;0.0;0.0;9.92;87.69;2.52;
2022-11-01 06:00:00;0.0;0.0;0.0;9.84;87.11;2.64;
2022-11-01 07:00:00;91.0;139.9;68.0;9.77;86.53;2.77;
2022-11-01 08:00:00;125.0;23.14;118.0;11.5;80.15;2.0;
2022-11-01 09:00:00;72.0;0.0;72.0;11.98;83.15;1.17;
2022-11-01 10:00:00;126.0;0.0;126.0;12.56;83.25;0.9;
2022-11-01 11:00:00;341.0;211.0;237.0;12.94;80.35;0.9;
2022-11-01 12:00:00;264.0;87.74;223.0;13.51;80.4;0.9;
2022-11-01 13:00:00;208.0;65.42;182.0;13.76;80.4;0.97;
2022-11-01 14:00:00;125.0;0.0;125.0;14.15;77.65;0.76;
2022-11-01 15:00:00;49.0;0.0;49.0;14.07;80.45;0.55;
2022-11-01 16:00:00;0.0;0.0;0.0;13.48;86.35;0.9;
2022-11-01 17:00:00;0.0;0.0;0.0;12.53;89.4;0.83;
2022-11-01 18:00:00;0.0;0.0;0.0;12.42;86.25;0.83;
2022-11-01 19:00:00;0.0;0.0;0.0;10.88;95.9;1.1;
2022-11-01 20:00:00;0.0;0.0;0.0;10.21;95.9;1.24;
2022-11-01 21:00:00;0.0;0.0;0.0;9.17;99.4;1.31;
2022-11-01 22:00:00;0.0;0.0;0.0;8.25;100.0;1.45;
2022-11-01 23:00:00;0.0;0.0;0.0;8.49;99.4;1.38;
2022-11-02 00:00:00;0.0;0.0;0.0;8.49;99.4;1.59;
2022-11-02 01:00:00;0.0;0.0;0.0;8.25;100.0;1.66;
2022-11-02 02:00:00;0.0;0.0;0.0;8.23;99.4;1.66;
2022-11-02 03:00:00;0.0;0.0;0.0;7.92;99.4;1.72;
2022-11-02 04:00:00;0.0;0.0;0.0;7.78;99.4;1.66;
2022-11-02 05:00:00;0.0;0.0;0.0;7.73;99.4;1.72;
2022-11-02 06:00:00;0.0;0.0;0.0;7.8;99.4;1.86;
2022-11-02 07:00:00;127.0;518.72;44.0;8.81;99.4;1.86;
2022-11-02 08:00:00;251.0;530.35;93.0;10.7;92.5;1.38;
2022-11-02 09:00:00;363.0;608.12;118.0;13.09;80.35;0.9;
2022-11-02 10:00:00;291.0;136.83;227.0;14.74;72.4;0.21;
2022-11-02 11:00:00;399.0;403.62;202.0;15.47;67.55;0.48;
2022-11-02 12:00:00;353.0;315.66;207.0;15.94;67.65;0.69;
2022-11-02 13:00:00;311.0;381.88;161.0;16.12;67.65;0.9;
2022-11-02 14:00:00;126.0;0.0;126.0;15.9;70.0;1.24;
2022-11-02 15:00:00;38.0;0.0;38.0;15.5;72.55;1.24;
2022-11-02 16:00:00;0.0;0.0;0.0;14.74;77.75;1.31;
2022-11-02 17:00:00;0.0;0.0;0.0;13.66;83.35;1.72;
2022-11-02 18:00:00;0.0;0.0;0.0;12.3;89.35;1.86;
2022-11-02 19:00:00;0.0;0.0;0.0;12.6;92.6;1.93;
2022-11-02 20:00:00;0.0;0.0;0.0;12.94;92.65;2.55;
2022-11-02 21:00:00;0.0;0.0;0.0;12.96;92.65;2.83;
2022-11-02 22:00:00;0.0;0.0;0.0;12.9;95.95;3.1;
2022-11-02 23:00:00;0.0;0.0;0.0;12.82;95.95;3.31;
2022-11-03 00:00:00;0.0;0.0;0.0;12.55;92.6;3.38;
2022-11-03 01:00:00;0.0;0.0;0.0;12.49;92.6;3.31;
2022-11-03 02:00:00;0.0;0.0;0.0;12.36;95.95;3.45;
2022-11-03 03:00:00;0.0;0.0;0.0;12.37;92.6;3.59;
2022-11-03 04:00:00;0.0;0.0;0.0;12.34;92.6;3.93;
2022-11-03 05:00:00;0.0;0.0;0.0;12.39;95.95;3.86;
2022-11-03 06:00:00;0.0;0.0;0.0;12.44;92.6;3.79;
2022-11-03 07:00:00;46.0;6.43;45.0;12.12;95.95;2.97;
2022-11-03 08:00:00;74.0;0.0;74.0;12.41;92.6;3.1;
2022-11-03 09:00:00;46.0;0.0;46.0;12.87;95.95;2.34;
2022-11-03 10:00:00;100.0;0.0;100.0;13.1;92.65;1.59;
2022-11-03 11:00:00;85.0;0.0;85.0;13.39;92.65;1.72;
2022-11-03 12:00:00;40.0;0.0;40.0;13.42;89.45;1.45;
2022-11-03 13:00:00;49.0;0.0;49.0;13.4;95.95;1.1;
2022-11-03 14:00:00;22.0;0.0;22.0;13.38;95.95;0.62;
2022-11-03 15:00:00;9.0;0.0;9.0;13.27;95.95;0.62;
2022-11-03 16:00:00;0.0;0.0;0.0;13.04;92.65;0.9;
2022-11-03 17:00:00;0.0;0.0;0.0;12.64;95.95;1.17;
2022-11-03 18:00:00;0.0;0.0;0.0;12.31;95.95;1.17;
2022-11-03 19:00:00;0.0;0.0;0.0;12.39;95.95;1.79;
2022-11-03 20:00:00;0.0;0.0;0.0;12.36;92.6;1.59;
2022-11-03 21:00:00;0.0;0.0;0.0;12.19;92.6;1.31;
2022-11-03 22:00:00;0.0;0.0;0.0;11.88;95.9;1.1;
2022-11-03 23:00:00;0.0;0.0;0.0;11.62;92.55;1.31;
2022-11-04 00:00:00;0.0;0.0;0.0;11.67;92.55;1.45;
2022-11-04 01:00:00;0.0;0.0;0.0;11.39;92.55;1.66;
2022-11-04 02:00:00;0.0;0.0;0.0;11.34;89.3;1.59;
2022-11-04 03:00:00;0.0;0.0;0.0;10.58;92.5;1.52;
2022-11-04 04:00:00;0.0;0.0;0.0;10.33;92.5;1.86;
2022-11-04 05:00:00;0.0;0.0;0.0;10.18;92.5;1.93;
2022-11-04 06:00:00;0.0;0.0;0.0;10.57;89.25;1.66;
2022-11-04 07:00:00;70.0;66.1;60.0;11.39;86.1;2.48;
2022-11-04 08:00:00;104.0;10.39;101.0;12.29;83.15;2.14;
2022-11-04 09:00:00;134.0;2.54;133.0;13.38;77.5;2.07;
2022-11-04 10:00:00;76.0;0.0;76.0;13.7;80.4;1.86;
2022-11-04 11:00:00;53.0;0.0;53.0;13.89;83.35;2.07;
2022-11-04 12:00:00;48.0;0.0;48.0;14.02;83.4;2.48;
2022-11-04 13:00:00;45.0;0.0;45.0;13.86;86.35;2.41;
2022-11-04 14:00:00;46.0;0.0;46.0;13.46;86.35;2.62;
2022-11-04 15:00:00;39.0;0.0;39.0;13.13;86.3;2.48;
2022-11-04 16:00:00;0.0;0.0;0.0;12.99;86.3;2.9;
2022-11-04 17:00:00;0.0;0.0;0.0;13.3;83.25;3.79;
2022-11-04 18:00:00;0.0;0.0;0.0;13.68;83.35;4.9;
2022-11-04 19:00:00;0.0;0.0;0.0;12.18;86.2;3.38;
2022-11-04 20:00:00;0.0;0.0;0.0;12.63;86.25;4.76;
2022-11-04 21:00:00;0.0;0.0;0.0;13.29;86.3;6.14;
2022-11-04 22:00:00;0.0;0.0;0.0;13.61;89.45;6.28;
2022-11-04 23:00:00;0.0;0.0;0.0;13.61;92.65;5.45;
2022-11-05 00:00:00;0.0;0.0;0.0;13.2;95.95;4.69;
2022-11-05 01:00:00;0.0;0.0;0.0;12.67;99.4;2.97;
2022-11-05 02:00:00;0.0;0.0;0.0;12.67;95.95;2.83;
2022-11-05 03:00:00;0.0;0.0;0.0;12.69;95.95;2.55;
2022-11-05 04:00:00;0.0;0.0;0.0;12.86;95.95;3.31;
2022-11-05 05:00:00;0.0;0.0;0.0;12.82;92.6;3.17;
2022-11-05 06:00:00;0.0;0.0;0.0;12.64;92.6;3.03;
2022-11-05 07:00:00;25.0;0.0;25.0;12.38;95.95;3.86;
2022-11-05 08:00:00;36.0;0.0;36.0;12.6;92.6;3.59;
2022-11-05 09:00:00;73.0;0.0;73.0;13.02;89.4;3.45;
2022-11-05 10:00:00;103.0;0.0;103.0;13.84;92.65;3.52;
2022-11-05 11:00:00;291.0;128.69;230.0;14.24;86.4;3.86;
2022-11-05 12:00:00;182.0;13.37;176.0;14.62;83.45;4.07;
2022-11-05 13:00:00;105.0;0.0;105.0;14.34;86.4;3.45;
2022-11-05 14:00:00;66.0;0.0;66.0;14.26;89.5;3.24;
2022-11-05 15:00:00;52.0;0.0;52.0;13.64;89.45;2.62;
2022-11-05 16:00:00;0.0;0.0;0.0;13.27;92.65;2.14;
2022-11-05 17:00:00;0.0;0.0;0.0;12.54;89.4;1.52;
2022-11-05 18:00:00;0.0;0.0;0.0;11.84;95.9;1.03;
2022-11-05 19:00:00;0.0;0.0;0.0;11.8;95.9;1.52;
2022-11-05 20:00:00;0.0;0.0;0.0;11.65;92.55;1.17;
2022-11-05 21:00:00;0.0;0.0;0.0;11.31;95.9;1.24;
2022-11-05 22:00:00;0.0;0.0;0.0;10.58;92.5;1.45;
2022-11-05 23:00:00;0.0;0.0;0.0;10.61;92.5;1.31;
2022-11-06 00:00:00;0.0;0.0;0.0;10.05;92.5;1.52;
2022-11-06 01:00:00;0.0;0.0;0.0;9.65;92.45;1.66;
2022-11-06 02:00:00;0.0;0.0;0.0;9.54;92.45;1.72;
2022-11-06 03:00:00;0.0;0.0;0.0;9.14;92.45;1.93;
2022-11-06 04:00:00;0.0;0.0;0.0;8.68;92.4;2.07;
2022-11-06 05:00:00;0.0;0.0;0.0;8.86;95.85;2.07;
2022-11-06 06:00:00;0.0;0.0;0.0;8.88;89.1;2.14;
2022-11-06 07:00:00;12.0;0.0;12.0;9.74;95.85;1.38;
2022-11-06 08:00:00;30.0;0.0;30.0;11.54;89.3;1.03;
2022-11-06 09:00:00;83.0;0.0;83.0;12.59;80.3;0.48;
2022-11-06 10:00:00;277.0;131.41;218.0;13.29;77.5;0.34;
2022-11-06 11:00:00;290.0;129.95;229.0;13.53;74.85;0.34;
2022-11-06 12:00:00;182.0;13.51;176.0;13.78;77.6;0.28;
2022-11-06 13:00:00;156.0;0.0;156.0;14.09;74.95;0.34;
2022-11-06 14:00:00;112.0;0.0;112.0;14.02;74.95;0.14;
2022-11-06 15:00:00;51.0;0.0;51.0;13.78;74.85;0.21;
2022-11-06 16:00:00;0.0;0.0;0.0;13.03;80.35;0.34;
2022-11-06 17:00:00;0.0;0.0;0.0;12.15;86.2;0.76;
2022-11-06 18:00:00;0.0;0.0;0.0;10.59;92.5;1.24;
2022-11-06 19:00:00;0.0;0.0;0.0;9.66;92.45;1.52;
2022-11-06 20:00:00;0.0;0.0;0.0;9.17;92.45;1.66;
2022-11-06 21:00:00;0.0;0.0;0.0;8.47;92.4;1.86;
2022-11-06 22:00:00;0.0;0.0;0.0;7.9;92.4;1.86;
2022-11-06 23:00:00;0.0;0.0;0.0;7.38;92.35;1.86;
2022-11-07 00:00:00;0.0;0.0;0.0;7.76;95.8;1.66;
2022-11-07 01:00:00;0.0;0.0;0.0;7.33;95.8;1.79;
2022-11-07 02:00:00;0.0;0.0;0.0;7.32;95.8;1.72;
2022-11-07 03:00:00;0.0;0.0;0.0;6.95;92.35;1.79;
2022-11-07 04:00:00;0.0;0.0;0.0;6.69;92.35;1.79;
2022-11-07 05:00:00;0.0;0.0;0.0;6.36;89.0;1.86;
2022-11-07 06:00:00;0.0;0.0;0.0;6.26;92.3;1.86;
2022-11-07 07:00:00;60.0;50.6;53.0;7.6;92.35;1.66;
2022-11-07 08:00:00;117.0;25.42;110.0;9.24;92.45;1.38;
2022-11-07 09:00:00;238.0;150.09;181.0;10.83;86.05;1.38;
2022-11-07 10:00:00;289.0;164.26;216.0;11.16;83.05;1.31;
2022-11-07 11:00:00;322.0;208.66;225.0;11.56;80.15;0.97;
2022-11-07 12:00:00;274.0;136.44;214.0;12.44;72.05;0.97;
2022-11-07 13:00:00;113.0;0.0;113.0;12.49;72.05;0.97;
2022-11-07 14:00:00;114.0;0.0;114.0;12.8;69.45;0.9;
2022-11-07 15:00:00;46.0;0.0;46.0;12.61;72.05;0.97;
2022-11-07 16:00:00;0.0;0.0;0.0;11.59;80.15;1.17;
2022-11-07 17:00:00;0.0;0.0;0.0;9.93;86.0;1.31;
2022-11-07 18:00:00;0.0;0.0;0.0;9.05;89.1;1.45;
2022-11-07 19:00:00;0.0;0.0;0.0;8.63;89.1;1.59;
2022-11-07 20:00:00;0.0;0.0;0.0;7.66;92.35;1.79;
2022-11-07 21:00:00;0.0;0.0;0.0;7.01;92.35;1.79;
2022-11-07 22:00:00;0.0;0.0;0.0;6.05;95.8;1.59;
2022-11-07 23:00:00;0.0;0.0;0.0;5.81;99.4;1.52;
2022-11-08 00:00:00;0.0;0.0;0.0;5.99;95.8;1.79;
2022-11-08 01:00:00;0.0;0.0;0.0;5.76;95.75;1.86;
2022-11-08 02:00:00;0.0;0.0;0.0;5.29;99.4;1.93;
2022-11-08 03:00:00;0.0;0.0;0.0;5.35;95.75;1.93;
2022-11-08 04:00:00;0.0;0.0;0.0;5.32;95.75;1.93;
2022-11-08 05:00:00;0.0;0.0;0.0;5.51;95.75;1.93;
2022-11-08 06:00:00;0.0;0.0;0.0;5.48;92.3;1.93;
2022-11-08 07:00:00;106.0;514.62;37.0;6.75;89.0;1.66;
2022-11-08 08:00:00;250.0;697.48;61.0;8.5;89.1;1.17;
2022-11-08 09:00:00;370.0;791.41;73.0;10.97;77.2;0.28;
2022-11-08 10:00:00;439.0;804.76;85.0;12.33;69.35;0.76;
2022-11-08 11:00:00;463.0;816.7;87.0;13.17;69.55;1.17;
2022-11-08 12:00:00;385.0;535.14;152.0;13.67;67.15;1.1;
2022-11-08 13:00:00;93.0;0.0;93.0;13.82;67.15;1.03;
2022-11-08 14:00:00;107.0;0.0;107.0;13.77;69.65;1.17;
2022-11-08 15:00:00;47.0;0.0;47.0;13.33;72.1;1.1;
2022-11-08 16:00:00;0.0;0.0;0.0;12.24;80.2;1.1;
2022-11-08 17:00:00;0.0;0.0;0.0;10.94;86.1;0.9;
2022-11-08 18:00:00;0.0;0.0;0.0;11.01;83.05;0.83;
2022-11-08 19:00:00;0.0;0.0;0.0;9.34;92.45;1.31;
2022-11-08 20:00:00;0.0;0.0;0.0;8.46;92.4;1.52;
2022-11-08 21:00:00;0.0;0.0;0.0;7.92;95.8;1.59;
2022-11-08 22:00:00;0.0;0.0;0.0;7.77;95.8;1.52;
2022-11-08 23:00:00;0.0;0.0;0.0;7.78;95.8;1.52;
2022-11-09 00:00:00;0.0;0.0;0.0;7.4;95.8;1.66;
2022-11-09 01:00:00;0.0;0.0;0.0;7.27;95.8;1.66;
2022-11-09 02:00:00;0.0;0.0;0.0;6.96;95.8;1.66;
2022-11-09 03:00:00;0.0;0.0;0.0;6.7;92.35;1.66;
2022-11-09 04:00:00;0.0;0.0;0.0;6.36;92.35;1.66;
2022-11-09 05:00:00;0.0;0.0;0.0;6.88;95.8;1.45;
2022-11-09 06:00:00;0.0;0.0;0.0;6.99;95.8;1.45;
2022-11-09 07:00:00;50.0;30.8;46.0;9.32;89.1;0.97;
2022-11-09 08:00:00;200.0;352.6;106.0;11.01;83.05;0.41;
2022-11-09 09:00:00;336.0;614.86;108.0;11.84;77.3;0.14;
2022-11-09 10:00:00;386.0;542.02;150.0;12.47;74.7;0.21;
2022-11-09 11:00:00;162.0;4.39;160.0;12.9;74.7;0.34;
2022-11-09 12:00:00;379.0;528.86;151.0;13.28;72.1;0.41;
2022-11-09 13:00:00;129.0;0.0;129.0;13.81;69.65;0.28;
2022-11-09 14:00:00;111.0;0.0;111.0;13.74;67.15;0.62;
2022-11-09 15:00:00;45.0;0.0;45.0;13.46;69.65;1.03;
2022-11-09 16:00:00;0.0;0.0;0.0;12.51;77.45;1.24;
2022-11-09 17:00:00;0.0;0.0;0.0;11.15;86.1;1.1;
2022-11-09 18:00:00;0.0;0.0;0.0;10.11;89.2;1.31;
2022-11-09 19:00:00;0.0;0.0;0.0;9.7;89.15;1.38;
2022-11-09 20:00:00;0.0;0.0;0.0;9.47;89.15;1.31;
2022-11-09 21:00:00;0.0;0.0;0.0;9.05;89.1;1.38;
2022-11-09 22:00:00;0.0;0.0;0.0;8.77;92.4;1.52;
2022-11-09 23:00:00;0.0;0.0;0.0;8.56;89.1;1.52;
2022-11-10 00:00:00;0.0;0.0;0.0;8.65;89.1;1.52;
2022-11-10 01:00:00;0.0;0.0;0.0;8.66;89.1;1.52;
2022-11-10 02:00:00;0.0;0.0;0.0;8.87;85.9;1.45;
2022-11-10 03:00:00;0.0;0.0;0.0;7.79;92.35;1.52;
2022-11-10 04:00:00;0.0;0.0;0.0;7.52;92.35;1.45;
2022-11-10 05:00:00;0.0;0.0;0.0;7.23;95.8;1.52;
2022-11-10 06:00:00;0.0;0.0;0.0;6.66;95.8;1.38;
2022-11-10 07:00:00;51.0;39.79;46.0;7.36;92.35;1.52;
2022-11-10 08:00:00;132.0;64.82;115.0;9.0;89.1;1.24;
2022-11-10 09:00:00;100.0;0.0;100.0;11.25;80.1;0.9;
2022-11-10 10:00:00;167.0;9.28;163.0;12.59;69.45;0.34;
2022-11-10 11:00:00;128.0;0.0;128.0;13.23;69.55;0.34;
2022-11-10 12:00:00;0.0;0.0;0.0;13.57;67.15;0.62;
2022-11-10 13:00:00;105.0;0.0;105.0;13.71;67.15;0.97;
2022-11-10 14:00:00;105.0;0.0;105.0;13.43;67.15;1.17;
2022-11-10 15:00:00;42.0;0.0;42.0;12.89;74.7;1.03;
2022-11-10 16:00:00;0.0;0.0;0.0;12.24;80.2;1.03;
2022-11-10 17:00:00;0.0;0.0;0.0;11.29;86.1;0.9;
2022-11-10 18:00:00;0.0;0.0;0.0;10.66;86.05;0.97;
2022-11-10 19:00:00;0.0;0.0;0.0;10.35;89.2;0.97;
2022-11-10 20:00:00;0.0;0.0;0.0;10.44;86.05;0.9;
2022-11-10 21:00:00;0.0;0.0;0.0;10.48;86.05;0.9;
2022-11-10 22:00:00;0.0;0.0;0.0;10.46;86.05;0.9;
2022-11-10 23:00:00;0.0;0.0;0.0;10.26;89.2;0.9;
2022-11-11 00:00:00;0.0;0.0;0.0;10.16;89.2;0.97;
2022-11-11 01:00:00;0.0;0.0;0.0;9.88;92.45;1.1;
2022-11-11 02:00:00;0.0;0.0;0.0;9.88;92.45;1.1;
2022-11-11 03:00:00;0.0;0.0;0.0;9.79;92.45;1.17;
2022-11-11 04:00:00;0.0;0.0;0.0;9.67;92.45;1.24;
2022-11-11 05:00:00;0.0;0.0;0.0;9.48;92.45;1.1;
2022-11-11 06:00:00;0.0;0.0;0.0;9.48;89.15;1.1;
2022-11-11 07:00:00;74.0;230.48;46.0;9.91;92.5;1.17;
2022-11-11 08:00:00;164.0;189.96;115.0;10.34;92.5;0.97;
2022-11-11 09:00:00;145.0;13.81;140.0;10.67;92.5;0.76;
2022-11-11 10:00:00;320.0;295.34;194.0;11.37;86.1;0.62;
2022-11-11 11:00:00;303.0;194.48;216.0;11.54;83.1;0.55;
2022-11-11 12:00:00;154.0;4.73;152.0;11.6;83.1;0.48;
2022-11-11 13:00:00;161.0;0.0;161.0;11.62;83.1;0.48;
2022-11-11 14:00:00;79.0;0.0;79.0;11.72;83.1;0.21;
2022-11-11 15:00:00;40.0;0.0;40.0;11.7;83.1;0.07;
2022-11-11 16:00:00;0.0;0.0;0.0;11.44;86.15;0.14;
2022-11-11 17:00:00;0.0;0.0;0.0;11.3;89.3;0.14;
2022-11-11 18:00:00;0.0;0.0;0.0;10.82;92.5;0.55;
2022-11-11 19:00:00;0.0;0.0;0.0;10.23;92.5;0.83;
2022-11-11 20:00:00;0.0;0.0;0.0;9.91;92.5;1.03;
2022-11-11 21:00:00;0.0;0.0;0.0;9.71;95.85;1.17;
2022-11-11 22:00:00;0.0;0.0;0.0;9.79;95.85;1.31;
2022-11-11 23:00:00;0.0;0.0;0.0;9.9;95.9;1.38;
2022-11-12 00:00:00;0.0;0.0;0.0;10.12;95.9;1.66;
2022-11-12 01:00:00;0.0;0.0;0.0;10.05;95.9;2.0;
2022-11-12 02:00:00;0.0;0.0;0.0;9.93;92.5;2.28;
2022-11-12 03:00:00;0.0;0.0;0.0;9.76;95.85;2.34;
2022-11-12 04:00:00;0.0;0.0;0.0;9.66;92.45;2.41;
2022-11-12 05:00:00;0.0;0.0;0.0;9.54;92.45;2.41;
2022-11-12 06:00:00;0.0;0.0;0.0;9.43;92.45;2.48;
2022-11-12 07:00:00;21.0;0.0;21.0;9.3;92.45;1.52;
2022-11-12 08:00:00;40.0;0.0;40.0;9.52;89.15;1.24;
2022-11-12 09:00:00;75.0;0.0;75.0;9.78;92.45;0.97;
2022-11-12 10:00:00;64.0;0.0;64.0;10.2;86.0;1.24;
2022-11-12 11:00:00;81.0;0.0;81.0;10.09;86.0;1.66;
2022-11-12 12:00:00;58.0;0.0;58.0;10.27;86.0;1.93;
2022-11-12 13:00:00;52.0;0.0;52.0;10.19;89.2;1.38;
2022-11-12 14:00:00;34.0;0.0;34.0;10.23;89.2;1.31;
2022-11-12 15:00:00;31.0;0.0;31.0;10.12;89.2;1.1;
2022-11-12 16:00:00;0.0;0.0;0.0;9.91;89.2;1.24;
2022-11-12 17:00:00;0.0;0.0;0.0;9.86;92.45;1.1;
2022-11-12 18:00:00;0.0;0.0;0.0;9.75;92.45;1.24;
2022-11-12 19:00:00;0.0;0.0;0.0;9.86;92.45;1.38;
2022-11-12 20:00:00;0.0;0.0;0.0;9.75;89.15;1.45;
2022-11-12 21:00:00;0.0;0.0;0.0;9.74;89.15;1.52;
2022-11-12 22:00:00;0.0;0.0;0.0;9.57;89.15;1.59;
2022-11-12 23:00:00;0.0;0.0;0.0;9.45;89.15;1.59;
2022-11-13 00:00:00;0.0;0.0;0.0;9.41;85.95;1.59;
2022-11-13 01:00:00;0.0;0.0;0.0;9.49;85.95;1.79;
2022-11-13 02:00:00;0.0;0.0;0.0;9.36;89.1;1.79;
2022-11-13 03:00:00;0.0;0.0;0.0;9.19;89.1;1.72;
2022-11-13 04:00:00;0.0;0.0;0.0;8.91;85.95;1.66;
2022-11-13 05:00:00;0.0;0.0;0.0;8.93;85.95;1.66;
2022-11-13 06:00:00;0.0;0.0;0.0;8.91;85.95;1.66;
2022-11-13 07:00:00;44.0;35.32;40.0;8.42;89.1;1.24;
2022-11-13 08:00:00;148.0;140.3;113.0;9.65;92.45;0.69;
2022-11-13 09:00:00;125.0;5.66;123.0;11.08;83.05;0.48;
2022-11-13 10:00:00;108.0;0.0;108.0;11.67;71.85;0.69;
2022-11-13 11:00:00;252.0;93.39;211.0;12.09;66.85;0.76;
2022-11-13 12:00:00;237.0;94.03;198.0;12.39;64.45;0.83;
2022-11-13 13:00:00;122.0;0.0;122.0;12.41;62.2;0.83;
2022-11-13 14:00:00;82.0;0.0;82.0;12.21;66.85;0.28;
2022-11-13 15:00:00;12.0;0.0;12.0;12.04;69.35;0.07;
2022-11-13 16:00:00;0.0;0.0;0.0;11.67;71.85;0.07;
2022-11-13 17:00:00;0.0;0.0;0.0;11.31;74.45;0.34;
2022-11-13 18:00:00;0.0;0.0;0.0;11.08;74.45;0.34;
2022-11-13 19:00:00;0.0;0.0;0.0;10.47;77.15;0.69;
2022-11-13 20:00:00;0.0;0.0;0.0;10.25;79.95;0.76;
2022-11-13 21:00:00;0.0;0.0;0.0;10.1;77.1;0.83;
2022-11-13 22:00:00;0.0;0.0;0.0;9.22;82.85;0.97;
2022-11-13 23:00:00;0.0;0.0;0.0;8.75;85.9;1.1;
2022-11-14 00:00:00;0.0;0.0;0.0;8.28;89.05;1.45;
2022-11-14 01:00:00;0.0;0.0;0.0;8.27;85.85;1.72;
2022-11-14 02:00:00;0.0;0.0;0.0;8.33;85.85;1.79;
2022-11-14 03:00:00;0.0;0.0;0.0;8.19;82.7;2.07;
2022-11-14 04:00:00;0.0;0.0;0.0;8.06;79.7;2.28;
2022-11-14 05:00:00;0.0;0.0;0.0;8.15;76.8;2.21;
2022-11-14 06:00:00;0.0;0.0;0.0;7.99;76.8;2.07;
2022-11-14 07:00:00;52.0;91.57;42.0;7.81;85.8;1.79;
2022-11-14 08:00:00;130.0;89.68;108.0;9.26;85.95;1.38;
2022-11-14 09:00:00;88.0;0.0;88.0;11.25;74.45;1.1;
2022-11-14 10:00:00;316.0;314.07;186.0;12.38;64.45;0.76;
2022-11-14 11:00:00;437.0;813.9;83.0;13.08;55.75;0.62;
2022-11-14 12:00:00;411.0;810.46;78.0;13.54;51.9;1.03;
2022-11-14 13:00:00;71.0;0.0;71.0;13.66;53.85;1.31;
2022-11-14 14:00:00;57.0;0.0;57.0;13.66;55.9;1.38;
2022-11-14 15:00:00;31.0;0.0;31.0;13.08;62.3;1.24;
2022-11-14 16:00:00;0.0;0.0;0.0;11.46;71.85;1.45;
2022-11-14 17:00:00;0.0;0.0;0.0;9.74;79.9;1.31;
2022-11-14 18:00:00;0.0;0.0;0.0;9.31;79.85;1.31;
2022-11-14 19:00:00;0.0;0.0;0.0;10.55;77.15;0.97;
2022-11-14 20:00:00;0.0;0.0;0.0;8.2;85.85;1.59;
2022-11-14 21:00:00;0.0;0.0;0.0;6.53;85.75;1.93;
2022-11-14 22:00:00;0.0;0.0;0.0;5.71;92.3;2.0;
2022-11-14 23:00:00;0.0;0.0;0.0;5.06;92.25;2.0;
2022-11-15 00:00:00;0.0;0.0;0.0;4.65;95.75;1.93;
2022-11-15 01:00:00;0.0;0.0;0.0;4.79;99.4;1.86;
2022-11-15 02:00:00;0.0;0.0;0.0;5.2;95.75;2.0;
2022-11-15 03:00:00;0.0;0.0;0.0;5.56;95.75;2.14;
2022-11-15 04:00:00;0.0;0.0;0.0;5.91;92.3;2.07;
2022-11-15 05:00:00;0.0;0.0;0.0;5.7;95.75;2.28;
2022-11-15 06:00:00;0.0;0.0;0.0;5.73;95.75;2.41;
2022-11-15 07:00:00;76.0;418.26;32.0;6.24;88.95;2.41;
2022-11-15 08:00:00;219.0;667.54;58.0;7.95;82.7;2.07;
2022-11-15 09:00:00;336.0;765.03;72.0;10.79;77.15;1.45;
2022-11-15 10:00:00;414.0;822.33;77.0;12.64;66.95;0.9;
2022-11-15 11:00:00;435.0;814.47;84.0;13.44;58.0;0.83;
2022-11-15 12:00:00;404.0;788.55;83.0;13.85;55.9;1.1;
2022-11-15 13:00:00;73.0;0.0;73.0;13.91;58.0;1.17;
2022-11-15 14:00:00;58.0;0.0;58.0;13.59;58.0;1.1;
2022-11-15 15:00:00;31.0;0.0;31.0;12.95;62.3;0.76;
2022-11-15 16:00:00;0.0;0.0;0.0;11.54;74.55;0.76;
2022-11-15 17:00:00;0.0;0.0;0.0;9.36;82.85;1.38;
2022-11-15 18:00:00;0.0;0.0;0.0;8.01;85.85;1.72;
2022-11-15 19:00:00;0.0;0.0;0.0;10.05;74.3;0.97;
2022-11-15 20:00:00;0.0;0.0;0.0;7.17;85.75;1.72;
2022-11-15 21:00:00;0.0;0.0;0.0;5.66;88.9;2.14;
2022-11-15 22:00:00;0.0;0.0;0.0;4.62;95.75;2.07;
2022-11-15 23:00:00;0.0;0.0;0.0;4.88;95.75;2.0;
2022-11-16 00:00:00;0.0;0.0;0.0;5.0;95.75;1.93;
2022-11-16 01:00:00;0.0;0.0;0.0;4.84;95.75;1.86;
2022-11-16 02:00:00;0.0;0.0;0.0;4.69;95.75;1.93;
2022-11-16 03:00:00;0.0;0.0;0.0;4.6;95.75;2.14;
2022-11-16 04:00:00;0.0;0.0;0.0;4.71;95.75;2.28;
2022-11-16 05:00:00;0.0;0.0;0.0;4.78;95.75;2.34;
2022-11-16 06:00:00;0.0;0.0;0.0;4.85;92.25;2.34;
2022-11-16 07:00:00;74.0;454.41;28.0;5.28;85.6;2.07;
2022-11-16 08:00:00;216.0;674.77;56.0;6.89;85.75;1.38;
2022-11-16 09:00:00;331.0;756.62;73.0;9.92;74.3;0.76;
2022-11-16 10:00:00;407.0;803.41;81.0;11.82;66.75;0.28;
2022-11-16 11:00:00;430.0;805.53;86.0;13.06;60.05;0.62;
2022-11-16 12:00:00;402.0;790.85;83.0;13.89;62.45;0.83;
2022-11-16 13:00:00;70.0;0.0;70.0;14.32;62.55;0.97;
2022-11-16 14:00:00;58.0;0.0;58.0;14.16;64.85;0.9;
2022-11-16 15:00:00;31.0;0.0;31.0;13.26;72.1;0.83;
2022-11-16 16:00:00;0.0;0.0;0.0;11.81;80.15;0.48;
2022-11-16 17:00:00;0.0;0.0;0.0;11.09;80.1;0.55;
2022-11-16 18:00:00;0.0;0.0;0.0;8.65;89.1;1.38;
2022-11-16 19:00:00;0.0;0.0;0.0;6.65;92.35;2.0;
2022-11-16 20:00:00;0.0;0.0;0.0;5.65;92.3;2.07;
2022-11-16 21:00:00;0.0;0.0;0.0;5.12;92.25;2.14;
2022-11-16 22:00:00;0.0;0.0;0.0;4.92;92.25;2.21;
2022-11-16 23:00:00;0.0;0.0;0.0;4.8;92.25;2.41;
2022-11-17 00:00:00;0.0;0.0;0.0;5.0;85.6;2.48;
2022-11-17 01:00:00;0.0;0.0;0.0;5.18;85.6;2.62;
2022-11-17 02:00:00;0.0;0.0;0.0;5.25;82.4;2.69;
2022-11-17 03:00:00;0.0;0.0;0.0;5.19;79.35;2.69;
2022-11-17 04:00:00;0.0;0.0;0.0;5.34;73.65;2.62;
2022-11-17 05:00:00;0.0;0.0;0.0;5.32;76.4;2.55;
2022-11-17 06:00:00;0.0;0.0;0.0;5.35;76.5;2.41;
2022-11-17 07:00:00;58.0;226.08;36.0;5.73;79.4;2.48;
2022-11-17 08:00:00;150.0;193.05;105.0;7.7;79.65;2.07;
2022-11-17 09:00:00;317.0;688.5;85.0;11.39;69.15;1.52;
2022-11-17 10:00:00;401.0;798.89;80.0;13.19;60.05;1.17;
2022-11-17 11:00:00;424.0;801.0;85.0;14.34;56.0;1.1;
2022-11-17 12:00:00;396.0;785.51;82.0;14.93;54.25;0.97;
2022-11-17 13:00:00;72.0;0.0;72.0;14.83;58.25;1.17;
2022-11-17 14:00:00;57.0;0.0;57.0;14.31;62.55;1.52;
2022-11-17 15:00:00;28.0;0.0;28.0;13.12;69.55;1.59;
2022-11-17 16:00:00;0.0;0.0;0.0;11.52;77.3;1.59;
2022-11-17 17:00:00;0.0;0.0;0.0;9.6;89.15;1.45;
2022-11-17 18:00:00;0.0;0.0;0.0;9.6;82.9;1.24;
2022-11-17 19:00:00;0.0;0.0;0.0;11.63;80.15;0.76;
2022-11-17 20:00:00;0.0;0.0;0.0;9.79;82.9;1.52;
2022-11-17 21:00:00;0.0;0.0;0.0;7.71;89.0;2.14;
2022-11-17 22:00:00;0.0;0.0;0.0;7.32;92.35;2.14;
2022-11-17 23:00:00;0.0;0.0;0.0;7.19;92.35;2.34;
2022-11-18 00:00:00;0.0;0.0;0.0;7.62;92.35;2.41;
2022-11-18 01:00:00;0.0;0.0;0.0;7.98;92.4;2.69;
2022-11-18 02:00:00;0.0;0.0;0.0;8.16;89.05;3.1;
2022-11-18 03:00:00;0.0;0.0;0.0;7.8;89.0;3.1;
2022-11-18 04:00:00;0.0;0.0;0.0;7.5;82.65;2.9;
2022-11-18 05:00:00;0.0;0.0;0.0;7.35;82.6;2.69;
2022-11-18 06:00:00;0.0;0.0;0.0;7.15;82.6;2.34;
2022-11-18 07:00:00;9.0;0.0;9.0;7.16;85.75;2.14;
2022-11-18 08:00:00;47.0;0.0;47.0;7.23;82.6;1.93;
2022-11-18 09:00:00;63.0;0.0;63.0;7.54;79.65;2.07;
2022-11-18 10:00:00;145.0;5.03;143.0;7.69;76.7;1.86;
2022-11-18 11:00:00;83.0;0.0;83.0;7.72;76.7;1.31;
2022-11-18 12:00:00;0.0;0.0;0.0;7.77;76.7;0.97;
2022-11-18 13:00:00;84.0;0.0;84.0;7.8;76.7;0.55;
2022-11-18 14:00:00;97.0;0.0;97.0;7.78;76.7;0.41;
2022-11-18 15:00:00;32.0;0.0;32.0;7.56;76.7;0.76;
2022-11-18 16:00:00;0.0;0.0;0.0;7.09;82.6;0.97;
2022-11-18 17:00:00;0.0;0.0;0.0;6.25;85.7;0.76;
2022-11-18 18:00:00;0.0;0.0;0.0;6.27;85.7;0.41;
2022-11-18 19:00:00;0.0;0.0;0.0;6.05;85.7;0.55;
2022-11-18 20:00:00;0.0;0.0;0.0;5.14;92.25;0.9;
2022-11-18 21:00:00;0.0;0.0;0.0;4.86;92.25;0.97;
2022-11-18 22:00:00;0.0;0.0;0.0;4.77;95.75;0.97;
2022-11-18 23:00:00;0.0;0.0;0.0;4.94;92.25;0.83;
2022-11-19 00:00:00;0.0;0.0;0.0;4.9;92.25;0.83;
2022-11-19 01:00:00;0.0;0.0;0.0;3.97;95.75;1.1;
2022-11-19 02:00:00;0.0;0.0;0.0;3.96;95.75;1.1;
2022-11-19 03:00:00;0.0;0.0;0.0;3.6;95.7;1.31;
2022-11-19 04:00:00;0.0;0.0;0.0;3.4;95.7;1.38;
2022-11-19 05:00:00;0.0;0.0;0.0;3.41;95.7;1.45;
2022-11-19 06:00:00;0.0;0.0;0.0;2.89;95.7;1.59;
2022-11-19 07:00:00;62.0;401.7;26.0;2.8;99.4;1.38;
2022-11-19 08:00:00;202.0;648.17;56.0;4.87;92.25;0.83;
2022-11-19 09:00:00;315.0;735.34;73.0;7.23;89.0;0.48;
2022-11-19 10:00:00;392.0;791.68;80.0;8.57;79.75;0.62;
2022-11-19 11:00:00;416.0;796.03;85.0;9.58;74.2;0.83;
2022-11-19 12:00:00;388.0;781.63;81.0;10.15;74.3;1.03;
2022-11-19 13:00:00;72.0;0.0;72.0;10.47;71.7;1.1;
2022-11-19 14:00:00;55.0;0.0;55.0;10.44;71.7;1.1;
2022-11-19 15:00:00;25.0;0.0;25.0;9.66;77.0;1.24;
2022-11-19 16:00:00;0.0;0.0;0.0;8.3;85.85;1.17;
2022-11-19 17:00:00;0.0;0.0;0.0;7.33;89.0;0.69;
2022-11-19 18:00:00;0.0;0.0;0.0;6.28;88.95;1.03;
2022-11-19 19:00:00;0.0;0.0;0.0;6.59;85.75;1.03;
2022-11-19 20:00:00;0.0;0.0;0.0;4.43;95.75;1.59;
2022-11-19 21:00:00;0.0;0.0;0.0;3.45;99.4;1.79;
2022-11-19 22:00:00;0.0;0.0;0.0;2.87;99.4;1.86;
2022-11-19 23:00:00;0.0;0.0;0.0;2.57;99.4;1.72;
2022-11-20 00:00:00;0.0;0.0;0.0;2.63;100.0;1.66;
2022-11-20 01:00:00;0.0;0.0;0.0;3.02;99.4;1.72;
2022-11-20 02:00:00;0.0;0.0;0.0;3.4;95.7;1.93;
2022-11-20 03:00:00;0.0;0.0;0.0;3.64;95.7;2.0;
2022-11-20 04:00:00;0.0;0.0;0.0;3.63;95.7;2.14;
2022-11-20 05:00:00;0.0;0.0;0.0;3.35;92.15;2.21;
2022-11-20 06:00:00;0.0;0.0;0.0;2.99;92.15;2.14;
2022-11-20 07:00:00;53.0;267.9;30.0;2.96;92.15;2.14;
2022-11-20 08:00:00;178.0;460.68;76.0;4.82;92.25;1.66;
2022-11-20 09:00:00;255.0;365.85;136.0;7.55;82.65;1.17;
2022-11-20 10:00:00;182.0;30.74;170.0;9.76;74.2;0.9;
2022-11-20 11:00:00;386.0;642.83;121.0;10.91;69.15;1.31;
2022-11-20 12:00:00;115.0;0.0;115.0;11.18;74.45;1.38;
2022-11-20 13:00:00;140.0;0.0;140.0;11.43;71.85;1.24;
2022-11-20 14:00:00;91.0;0.0;91.0;11.26;74.45;1.03;
2022-11-20 15:00:00;29.0;0.0;29.0;10.63;80.05;0.97;
2022-11-20 16:00:00;0.0;0.0;0.0;9.11;85.95;1.38;
2022-11-20 17:00:00;0.0;0.0;0.0;7.13;92.35;1.52;
2022-11-20 18:00:00;0.0;0.0;0.0;5.34;92.3;1.86;
2022-11-20 19:00:00;0.0;0.0;0.0;4.83;92.25;1.72;
2022-11-20 20:00:00;0.0;0.0;0.0;3.97;95.75;1.93;
2022-11-20 21:00:00;0.0;0.0;0.0;3.75;99.4;1.79;
2022-11-20 22:00:00;0.0;0.0;0.0;3.38;95.7;1.86;
2022-11-20 23:00:00;0.0;0.0;0.0;3.18;99.4;1.86;
2022-11-21 00:00:00;0.0;0.0;0.0;3.24;99.4;1.86;
2022-11-21 01:00:00;0.0;0.0;0.0;3.69;99.4;2.0;
2022-11-21 02:00:00;0.0;0.0;0.0;4.12;95.75;2.0;
2022-11-21 03:00:00;0.0;0.0;0.0;4.54;95.75;2.0;
2022-11-21 04:00:00;0.0;0.0;0.0;4.43;92.25;2.07;
2022-11-21 05:00:00;0.0;0.0;0.0;4.3;95.75;2.0;
2022-11-21 06:00:00;0.0;0.0;0.0;3.8;95.7;2.07;
2022-11-21 07:00:00;37.0;85.22;30.0;3.63;95.7;1.45;
2022-11-21 08:00:00;185.0;560.57;63.0;5.42;88.9;1.1;
2022-11-21 09:00:00;246.0;335.91;138.0;7.92;85.85;1.31;
2022-11-21 10:00:00;260.0;188.77;187.0;9.22;82.85;1.72;
2022-11-21 11:00:00;357.0;508.86;149.0;10.29;79.95;1.86;
2022-11-21 12:00:00;149.0;7.77;146.0;11.24;71.75;2.14;
2022-11-21 13:00:00;149.0;0.0;149.0;11.49;69.25;2.28;
2022-11-21 14:00:00;89.0;0.0;89.0;11.34;74.45;2.41;
2022-11-21 15:00:00;24.0;0.0;24.0;10.59;77.15;2.48;
2022-11-21 16:00:00;0.0;0.0;0.0;9.51;79.9;2.69;
2022-11-21 17:00:00;0.0;0.0;0.0;8.86;82.75;2.9;
2022-11-21 18:00:00;0.0;0.0;0.0;8.59;76.85;3.31;
2022-11-21 19:00:00;0.0;0.0;0.0;9.57;71.5;4.34;
2022-11-21 20:00:00;0.0;0.0;0.0;9.75;43.55;7.17;
2022-11-21 21:00:00;0.0;0.0;0.0;8.62;31.4;7.52;
2022-11-21 22:00:00;0.0;0.0;0.0;7.52;31.1;6.0;
2022-11-21 23:00:00;0.0;0.0;0.0;6.52;30.95;4.48;
2022-11-22 00:00:00;0.0;0.0;0.0;5.47;34.75;3.52;
2022-11-22 01:00:00;0.0;0.0;0.0;4.94;40.75;2.97;
2022-11-22 02:00:00;0.0;0.0;0.0;4.06;47.6;2.41;
2022-11-22 03:00:00;0.0;0.0;0.0;3.6;57.95;2.28;
2022-11-22 04:00:00;0.0;0.0;0.0;2.96;62.6;2.14;
2022-11-22 05:00:00;0.0;0.0;0.0;2.32;62.5;2.28;
2022-11-22 06:00:00;0.0;0.0;0.0;1.94;64.9;2.21;
2022-11-22 07:00:00;27.0;25.48;25.0;2.59;67.6;2.62;
2022-11-22 08:00:00;151.0;266.45;94.0;4.09;65.3;2.97;
2022-11-22 09:00:00;310.0;736.23;76.0;5.63;60.75;2.9;
2022-11-22 10:00:00;375.0;712.55;102.0;7.09;50.2;3.38;
2022-11-22 11:00:00;412.0;799.28;88.0;7.36;38.1;3.45;
2022-11-22 12:00:00;383.0;770.18;88.0;7.3;38.0;3.31;
2022-11-22 13:00:00;75.0;0.0;75.0;7.13;36.5;3.31;
2022-11-22 14:00:00;55.0;0.0;55.0;6.52;38.0;2.97;
2022-11-22 15:00:00;21.0;0.0;21.0;5.6;37.7;3.59;
2022-11-22 16:00:00;0.0;0.0;0.0;4.34;37.4;3.17;
2022-11-22 17:00:00;0.0;0.0;0.0;3.36;37.15;2.76;
2022-11-22 18:00:00;0.0;0.0;0.0;2.63;38.4;2.41;
2022-11-22 19:00:00;0.0;0.0;0.0;2.11;47.05;2.14;
2022-11-22 20:00:00;0.0;0.0;0.0;0.9;52.85;1.93;
2022-11-22 21:00:00;0.0;0.0;0.0;-0.1;54.8;1.86;
2022-11-22 22:00:00;0.0;0.0;0.0;-0.85;59.2;1.79;
2022-11-22 23:00:00;0.0;0.0;0.0;-0.86;61.65;1.72;
2022-11-23 00:00:00;0.0;0.0;0.0;-1.27;64.1;1.86;
2022-11-23 01:00:00;0.0;0.0;0.0;-1.73;64.0;2.07;
2022-11-23 02:00:00;0.0;0.0;0.0;-2.26;69.35;2.34;
2022-11-23 03:00:00;0.0;0.0;0.0;-2.33;69.35;2.55;
2022-11-23 04:00:00;0.0;0.0;0.0;-2.12;69.45;2.55;
2022-11-23 05:00:00;0.0;0.0;0.0;-2.19;69.45;2.62;
2022-11-23 06:00:00;0.0;0.0;0.0;-2.13;69.45;2.69;
2022-11-23 07:00:00;53.0;413.94;22.0;-1.46;66.8;2.97;
2022-11-23 08:00:00;193.0;665.77;53.0;0.95;62.15;2.83;
2022-11-23 09:00:00;310.0;757.41;72.0;4.3;51.55;2.69;
2022-11-23 10:00:00;389.0;819.19;78.0;5.74;37.7;3.31;
2022-11-23 11:00:00;411.0;803.35;88.0;6.36;32.25;2.97;
2022-11-23 12:00:00;380.0;760.57;91.0;6.72;32.25;2.14;
2022-11-23 13:00:00;75.0;0.0;75.0;6.76;32.25;1.52;
2022-11-23 14:00:00;53.0;0.0;53.0;6.42;32.25;1.1;
2022-11-23 15:00:00;21.0;0.0;21.0;5.52;42.55;1.17;
2022-11-23 16:00:00;0.0;0.0;0.0;3.31;60.15;1.24;
2022-11-23 17:00:00;0.0;0.0;0.0;2.65;53.25;1.17;
2022-11-23 18:00:00;0.0;0.0;0.0;2.36;51.15;1.17;
2022-11-23 19:00:00;0.0;0.0;0.0;1.4;55.2;1.38;
2022-11-23 20:00:00;0.0;0.0;0.0;0.16;61.9;1.66;
2022-11-23 21:00:00;0.0;0.0;0.0;-0.45;64.35;1.79;
2022-11-23 22:00:00;0.0;0.0;0.0;-1.14;64.25;2.07;
2022-11-23 23:00:00;0.0;0.0;0.0;-0.89;64.25;2.07;
2022-11-24 00:00:00;0.0;0.0;0.0;0.21;61.9;2.28;
2022-11-24 01:00:00;0.0;0.0;0.0;0.54;64.55;2.28;
2022-11-24 02:00:00;0.0;0.0;0.0;0.49;72.75;1.79;
2022-11-24 03:00:00;0.0;0.0;0.0;0.17;81.8;1.24;
2022-11-24 04:00:00;0.0;0.0;0.0;0.07;88.45;1.03;
2022-11-24 05:00:00;0.0;0.0;0.0;0.21;88.45;1.24;
2022-11-24 06:00:00;0.0;0.0;0.0;0.21;88.45;1.31;
2022-11-24 07:00:00;31.0;84.09;25.0;0.22;88.45;0.9;
2022-11-24 08:00:00;51.0;0.0;51.0;0.99;81.95;0.76;
2022-11-24 09:00:00;46.0;0.0;46.0;1.78;75.85;0.55;
2022-11-24 10:00:00;50.0;0.0;50.0;2.28;75.95;0.97;
2022-11-24 11:00:00;64.0;0.0;64.0;2.74;73.1;1.24;
2022-11-24 12:00:00;73.0;0.0;73.0;3.34;65.2;1.38;
2022-11-24 13:00:00;69.0;0.0;69.0;3.83;62.8;1.17;
2022-11-24 14:00:00;39.0;0.0;39.0;4.18;60.4;1.1;
2022-11-24 15:00:00;27.0;0.0;27.0;4.12;60.4;1.31;
2022-11-24 16:00:00;0.0;0.0;0.0;2.9;65.1;1.86;
2022-11-24 17:00:00;0.0;0.0;0.0;1.53;75.85;1.72;
2022-11-24 18:00:00;0.0;0.0;0.0;0.15;85.1;1.31;
2022-11-24 19:00:00;0.0;0.0;0.0;1.35;72.95;1.1;
2022-11-24 20:00:00;0.0;0.0;0.0;0.59;78.75;1.17;
2022-11-24 21:00:00;0.0;0.0;0.0;0.72;78.75;1.03;
2022-11-24 22:00:00;0.0;0.0;0.0;-0.38;81.75;1.31;
2022-11-24 23:00:00;0.0;0.0;0.0;-0.15;78.65;1.24;
2022-11-25 00:00:00;0.0;0.0;0.0;0.72;78.75;1.1;
2022-11-25 01:00:00;0.0;0.0;0.0;-0.26;81.75;1.31;
2022-11-25 02:00:00;0.0;0.0;0.0;-1.66;84.95;1.59;
2022-11-25 03:00:00;0.0;0.0;0.0;-2.37;91.85;1.72;
2022-11-25 04:00:00;0.0;0.0;0.0;-2.36;91.85;1.72;
2022-11-25 05:00:00;0.0;0.0;0.0;-2.47;91.85;1.79;
2022-11-25 06:00:00;0.0;0.0;0.0;-2.73;88.25;1.86;
2022-11-25 07:00:00;44.0;338.81;21.0;-1.11;85.0;1.52;
2022-11-25 08:00:00;127.0;177.16;91.0;1.41;82.0;0.83;
2022-11-25 09:00:00;134.0;22.78;127.0;3.38;82.25;0.28;
2022-11-25 10:00:00;142.0;8.04;139.0;5.17;70.8;0.48;
2022-11-25 11:00:00;116.0;0.0;116.0;6.0;65.75;0.69;
2022-11-25 12:00:00;92.0;0.0;92.0;6.7;65.85;0.76;
2022-11-25 13:00:00;114.0;0.0;114.0;7.11;65.85;0.9;
2022-11-25 14:00:00;90.0;0.0;90.0;7.15;65.85;1.17;
2022-11-25 15:00:00;22.0;0.0;22.0;6.33;73.7;1.31;
2022-11-25 16:00:00;0.0;0.0;0.0;4.18;82.3;1.38;
2022-11-25 17:00:00;0.0;0.0;0.0;3.97;76.25;1.17;
2022-11-25 18:00:00;0.0;0.0;0.0;3.98;73.4;1.17;
2022-11-25 19:00:00;0.0;0.0;0.0;4.65;73.45;0.55;
2022-11-25 20:00:00;0.0;0.0;0.0;4.21;76.25;1.03;
2022-11-25 21:00:00;0.0;0.0;0.0;1.83;78.95;1.59;
2022-11-25 22:00:00;0.0;0.0;0.0;-0.26;85.05;2.07;
2022-11-25 23:00:00;0.0;0.0;0.0;-1.35;81.65;2.21;
2022-11-26 00:00:00;0.0;0.0;0.0;-2.29;84.85;2.34;
2022-11-26 01:00:00;0.0;0.0;0.0;-2.7;81.5;2.41;
2022-11-26 02:00:00;0.0;0.0;0.0;-2.7;78.3;2.41;
2022-11-26 03:00:00;0.0;0.0;0.0;-2.6;75.2;2.41;
2022-11-26 04:00:00;0.0;0.0;0.0;-2.35;75.2;2.48;
2022-11-26 05:00:00;0.0;0.0;0.0;-1.95;72.3;2.48;
2022-11-26 06:00:00;0.0;0.0;0.0;-1.64;69.55;2.48;
2022-11-26 07:00:00;41.0;325.68;20.0;-1.48;69.55;2.34;
2022-11-26 08:00:00;175.0;590.64;57.0;0.14;72.65;1.86;
2022-11-26 09:00:00;296.0;746.98;69.0;3.93;60.4;1.24;
2022-11-26 10:00:00;373.0;800.63;77.0;6.29;48.15;0.76;
2022-11-26 11:00:00;400.0;814.76;80.0;7.11;54.3;0.55;
2022-11-26 12:00:00;377.0;810.34;76.0;7.13;56.45;1.1;
2022-11-26 13:00:00;72.0;0.0;72.0;6.99;58.65;1.17;
2022-11-26 14:00:00;57.0;0.0;57.0;6.66;58.65;1.03;
2022-11-26 15:00:00;22.0;0.0;22.0;5.72;73.65;0.9;
2022-11-26 16:00:00;0.0;0.0;0.0;4.61;73.45;1.03;
2022-11-26 17:00:00;0.0;0.0;0.0;4.82;70.7;0.9;
2022-11-26 18:00:00;0.0;0.0;0.0;4.43;70.7;0.83;
2022-11-26 19:00:00;0.0;0.0;0.0;3.89;65.3;0.97;
2022-11-26 20:00:00;0.0;0.0;0.0;1.09;75.75;1.72;
2022-11-26 21:00:00;0.0;0.0;0.0;-0.61;81.75;1.86;
2022-11-26 22:00:00;0.0;0.0;0.0;-1.3;88.35;1.86;
2022-11-26 23:00:00;0.0;0.0;0.0;-1.59;88.35;1.79;
2022-11-27 00:00:00;0.0;0.0;0.0;-1.55;88.35;1.72;
2022-11-27 01:00:00;0.0;0.0;0.0;-1.7;88.35;1.72;
2022-11-27 02:00:00;0.0;0.0;0.0;-1.93;88.3;1.72;
2022-11-27 03:00:00;0.0;0.0;0.0;-1.66;84.95;1.59;
2022-11-27 04:00:00;0.0;0.0;0.0;-1.37;84.95;1.52;
2022-11-27 05:00:00;0.0;0.0;0.0;-0.83;85.0;1.45;
2022-11-27 06:00:00;0.0;0.0;0.0;-0.49;81.75;1.45;
2022-11-27 07:00:00;37.0;294.39;19.0;-2.19;88.3;1.79;
2022-11-27 08:00:00;169.0;575.26;56.0;-0.13;88.45;1.1;
2022-11-27 09:00:00;288.0;715.21;73.0;3.34;79.15;0.48;
2022-11-27 10:00:00;368.0;793.82;77.0;5.0;60.65;0.34;
2022-11-27 11:00:00;391.0;779.8;87.0;5.54;56.2;0.48;
2022-11-27 12:00:00;372.0;805.27;75.0;5.84;54.15;0.69;
2022-11-27 13:00:00;69.0;0.0;69.0;5.73;56.2;0.76;
2022-11-27 14:00:00;55.0;0.0;55.0;5.5;58.45;0.76;
2022-11-27 15:00:00;21.0;0.0;21.0;4.81;70.7;0.83;
2022-11-27 16:00:00;0.0;0.0;0.0;4.2;65.3;0.69;
2022-11-27 17:00:00;0.0;0.0;0.0;3.73;67.8;0.55;
2022-11-27 18:00:00;0.0;0.0;0.0;3.22;67.7;1.03;
2022-11-27 19:00:00;0.0;0.0;0.0;2.79;73.1;1.1;
2022-11-27 20:00:00;0.0;0.0;0.0;2.77;73.1;0.76;
2022-11-27 21:00:00;0.0;0.0;0.0;1.16;75.75;1.45;
2022-11-27 22:00:00;0.0;0.0;0.0;-0.22;81.75;1.72;
2022-11-27 23:00:00;0.0;0.0;0.0;2.23;75.95;1.17;
2022-11-28 00:00:00;0.0;0.0;0.0;2.69;73.1;0.28;
2022-11-28 01:00:00;0.0;0.0;0.0;2.37;73.1;0.62;
2022-11-28 02:00:00;0.0;0.0;0.0;1.04;81.95;1.24;
2022-11-28 03:00:00;0.0;0.0;0.0;0.79;85.2;1.24;
2022-11-28 04:00:00;0.0;0.0;0.0;0.38;92.0;1.38;
2022-11-28 05:00:00;0.0;0.0;0.0;0.25;99.4;1.31;
2022-11-28 06:00:00;0.0;0.0;0.0;0.2;99.4;1.24;
2022-11-28 07:00:00;18.0;17.28;17.0;0.88;92.05;2.14;
2022-11-28 08:00:00;59.0;5.18;58.0;1.12;95.65;2.14;
2022-11-28 09:00:00;44.0;0.0;44.0;1.15;95.65;2.62;
2022-11-28 10:00:00;47.0;0.0;47.0;1.24;95.65;2.9;
2022-11-28 11:00:00;37.0;0.0;37.0;1.35;95.65;2.97;
2022-11-28 12:00:00;56.0;0.0;56.0;1.62;95.65;2.83;
2022-11-28 13:00:00;47.0;0.0;47.0;1.85;92.1;2.69;
2022-11-28 14:00:00;34.0;0.0;34.0;1.67;95.65;1.79;
2022-11-28 15:00:00;22.0;0.0;22.0;1.3;95.65;1.45;
2022-11-28 16:00:00;0.0;0.0;0.0;1.29;99.35;1.66;
2022-11-28 17:00:00;0.0;0.0;0.0;1.22;99.35;1.52;
2022-11-28 18:00:00;0.0;0.0;0.0;1.13;99.35;1.52;
2022-11-28 19:00:00;0.0;0.0;0.0;1.47;99.4;0.62;
2022-11-28 20:00:00;0.0;0.0;0.0;1.08;99.35;0.97;
2022-11-28 21:00:00;0.0;0.0;0.0;1.05;99.35;1.17;
2022-11-28 22:00:00;0.0;0.0;0.0;1.26;100.0;1.1;
2022-11-28 23:00:00;0.0;0.0;0.0;1.53;99.4;0.97;
2022-11-29 00:00:00;0.0;0.0;0.0;1.79;99.4;0.97;
2022-11-29 01:00:00;0.0;0.0;0.0;2.15;99.4;0.9;
2022-11-29 02:00:00;0.0;0.0;0.0;2.31;95.7;0.9;
2022-11-29 03:00:00;0.0;0.0;0.0;1.72;99.4;1.1;
2022-11-29 04:00:00;0.0;0.0;0.0;2.71;99.4;0.69;
2022-11-29 05:00:00;0.0;0.0;0.0;2.92;95.7;0.34;
2022-11-29 06:00:00;0.0;0.0;0.0;2.85;95.7;0.48;
2022-11-29 07:00:00;8.0;0.0;8.0;3.26;95.7;0.55;
2022-11-29 08:00:00;49.0;0.0;49.0;3.34;95.7;0.55;
2022-11-29 09:00:00;141.0;44.17;128.0;3.68;95.7;0.28;
2022-11-29 10:00:00;51.0;0.0;51.0;4.3;92.2;0.0;
2022-11-29 11:00:00;130.0;2.6;129.0;4.19;88.8;0.83;
2022-11-29 12:00:00;236.0;167.64;175.0;3.5;92.15;1.24;
2022-11-29 13:00:00;137.0;0.0;137.0;3.31;92.15;1.45;
2022-11-29 14:00:00;77.0;0.0;77.0;3.91;88.8;1.38;
2022-11-29 15:00:00;20.0;0.0;20.0;4.81;88.85;1.24;
2022-11-29 16:00:00;0.0;0.0;0.0;4.42;88.85;1.31;
2022-11-29 17:00:00;0.0;0.0;0.0;4.86;85.6;1.17;
2022-11-29 18:00:00;0.0;0.0;0.0;5.2;85.6;1.1;
2022-11-29 19:00:00;0.0;0.0;0.0;2.72;95.7;2.34;
2022-11-29 20:00:00;0.0;0.0;0.0;3.77;92.15;3.31;
2022-11-29 21:00:00;0.0;0.0;0.0;4.12;92.2;3.45;
2022-11-29 22:00:00;0.0;0.0;0.0;4.47;92.25;3.86;
2022-11-29 23:00:00;0.0;0.0;0.0;4.61;95.75;4.28;
2022-11-30 00:00:00;0.0;0.0;0.0;4.78;95.75;4.07;
2022-11-30 01:00:00;0.0;0.0;0.0;4.83;95.75;3.66;
2022-11-30 02:00:00;0.0;0.0;0.0;4.64;95.75;3.1;
2022-11-30 03:00:00;0.0;0.0;0.0;4.32;99.4;2.69;
2022-11-30 04:00:00;0.0;0.0;0.0;3.92;99.4;1.86;
2022-11-30 05:00:00;0.0;0.0;0.0;3.93;99.4;1.1;
2022-11-30 06:00:00;0.0;0.0;0.0;3.96;99.4;0.76;
2022-11-30 07:00:00;11.0;0.0;11.0;3.35;99.4;1.24;
2022-11-30 08:00:00;68.0;10.7;66.0;4.1;95.75;1.38;
2022-11-30 09:00:00;127.0;27.46;119.0;4.66;95.75;1.72;
2022-11-30 10:00:00;56.0;0.0;56.0;4.68;95.75;2.28;
2022-11-30 11:00:00;67.0;0.0;67.0;5.12;92.25;2.69;
2022-11-30 12:00:00;31.0;0.0;31.0;4.98;95.75;2.55;
2022-11-30 13:00:00;61.0;0.0;61.0;5.28;99.4;2.69;
2022-11-30 14:00:00;35.0;0.0;35.0;5.21;95.75;2.62;
2022-11-30 15:00:00;17.0;0.0;17.0;5.13;95.75;2.97;
2022-11-30 16:00:00;0.0;0.0;0.0;4.79;93.22;2.94;
2022-11-30 17:00:00;0.0;0.0;0.0;4.53;93.47;2.78;
2022-11-30 18:00:00;0.0;0.0;0.0;4.27;93.71;2.62;
2022-11-30 19:00:00;0.0;0.0;0.0;4.0;93.96;2.45;
2022-11-30 20:00:00;0.0;0.0;0.0;3.74;94.2;2.29;
2022-11-30 21:00:00;0.0;0.0;0.0;3.48;94.45;2.12;
2022-11-30 22:00:00;0.0;0.0;0.0;3.21;94.69;1.96;
2022-11-30 23:00:00;0.0;0.0;0.0;2.95;94.94;1.8;
2022-12-01 00:00:00;0.0;0.0;0.0;2.69;95.18;1.63;
2022-12-01 01:00:00;0.0;0.0;0.0;2.42;95.43;1.47;
2022-12-01 02:00:00;0.0;0.0;0.0;2.16;95.67;1.31;
2022-12-01 03:00:00;0.0;0.0;0.0;1.9;95.92;1.14;
2022-12-01 04:00:00;0.0;0.0;0.0;1.63;96.16;0.98;
2022-12-01 05:00:00;0.0;0.0;0.0;1.37;96.41;0.82;
2022-12-01 06:00:00;0.0;0.0;0.0;1.11;96.65;0.65;
2022-12-01 07:00:00;14.0;19.4;13.0;0.84;96.9;0.49;
2022-12-01 08:00:00;113.0;171.25;81.0;2.12;95.65;0.48;
2022-12-01 09:00:00;210.0;278.06;129.0;3.75;88.75;0.41;
2022-12-01 10:00:00;306.0;486.33;132.0;4.92;79.35;0.28;
2022-12-01 11:00:00;367.0;717.75;93.0;5.85;79.4;0.41;
2022-12-01 12:00:00;346.0;719.06;86.0;6.72;73.8;0.97;
2022-12-01 13:00:00;104.0;0.0;104.0;7.25;71.15;1.03;
2022-12-01 14:00:00;56.0;0.0;56.0;7.33;71.15;0.55;
2022-12-01 15:00:00;19.0;0.0;19.0;6.87;76.65;0.83;
2022-12-01 16:00:00;0.0;0.0;0.0;5.35;88.85;0.97;
2022-12-01 17:00:00;0.0;0.0;0.0;5.22;85.6;0.55;
2022-12-01 18:00:00;0.0;0.0;0.0;4.78;88.85;0.62;
2022-12-01 19:00:00;0.0;0.0;0.0;3.46;88.75;1.17;
2022-12-01 20:00:00;0.0;0.0;0.0;3.42;88.75;1.17;
2022-12-01 21:00:00;0.0;0.0;0.0;2.75;92.15;1.31;
2022-12-01 22:00:00;0.0;0.0;0.0;2.18;95.65;1.45;
2022-12-01 23:00:00;0.0;0.0;0.0;1.05;99.35;1.66;
2022-12-02 00:00:00;0.0;0.0;0.0;0.84;100.0;1.66;
2022-12-02 01:00:00;0.0;0.0;0.0;1.12;100.0;1.59;
2022-12-02 02:00:00;0.0;0.0;0.0;1.37;99.4;1.52;
2022-12-02 03:00:00;0.0;0.0;0.0;1.22;100.0;1.52;
2022-12-02 04:00:00;0.0;0.0;0.0;0.91;99.35;1.52;
2022-12-02 05:00:00;0.0;0.0;0.0;1.01;99.35;1.52;
2022-12-02 06:00:00;0.0;0.0;0.0;1.48;99.4;1.45;
2022-12-02 07:00:00;7.0;0.0;7.0;0.91;95.65;1.52;
2022-12-02 08:00:00;78.0;32.64;72.0;2.2;95.65;1.24;
2022-12-02 09:00:00;239.0;481.99;100.0;4.11;88.8;0.69;
2022-12-02 10:00:00;186.0;67.6;162.0;6.01;82.55;0.34;
2022-12-02 11:00:00;147.0;10.55;143.0;7.23;73.9;0.28;
2022-12-02 12:00:00;211.0;114.08;170.0;7.65;71.25;0.69;
2022-12-02 13:00:00;135.0;0.0;135.0;7.8;71.25;0.62;
2022-12-02 14:00:00;75.0;0.0;75.0;7.65;71.25;0.76;
2022-12-02 15:00:00;18.0;0.0;18.0;7.27;76.7;0.83;
2022-12-02 16:00:00;0.0;0.0;0.0;5.89;85.65;1.31;
2022-12-02 17:00:00;0.0;0.0;0.0;4.38;92.2;1.31;
2022-12-02 18:00:00;0.0;0.0;0.0;3.85;92.15;1.31;
2022-12-02 19:00:00;0.0;0.0;0.0;3.57;92.15;1.45;
2022-12-02 20:00:00;0.0;0.0;0.0;3.16;92.15;1.59;
2022-12-02 21:00:00;0.0;0.0;0.0;2.6;92.15;1.72;
2022-12-02 22:00:00;0.0;0.0;0.0;2.15;95.65;1.72;
2022-12-02 23:00:00;0.0;0.0;0.0;1.96;95.65;1.66;
2022-12-03 00:00:00;0.0;0.0;0.0;1.4;95.65;1.72;
2022-12-03 01:00:00;0.0;0.0;0.0;1.16;99.35;1.59;
2022-12-03 02:00:00;0.0;0.0;0.0;0.95;95.65;1.66;
2022-12-03 03:00:00;0.0;0.0;0.0;1.1;99.35;1.59;
2022-12-03 04:00:00;0.0;0.0;0.0;1.04;99.35;1.59;
2022-12-03 05:00:00;0.0;0.0;0.0;1.04;95.65;1.66;
2022-12-03 06:00:00;0.0;0.0;0.0;0.92;95.65;1.66;
2022-12-03 07:00:00;14.0;21.96;13.0;1.33;92.05;1.79;
2022-12-03 08:00:00;154.0;619.15;42.0;3.27;88.7;0.97;
2022-12-03 09:00:00;268.0;738.9;57.0;5.92;82.55;0.62;
2022-12-03 10:00:00;344.0;794.53;64.0;7.39;73.9;0.62;
2022-12-03 11:00:00;378.0;843.76;60.0;8.21;71.35;0.62;
2022-12-03 12:00:00;351.0;806.0;63.0;8.86;74.05;0.62;
2022-12-03 13:00:00;45.0;0.0;45.0;9.4;71.4;0.28;
2022-12-03 14:00:00;44.0;0.0;44.0;9.33;71.4;0.07;
2022-12-03 15:00:00;16.0;0.0;16.0;8.66;76.85;0.41;
2022-12-03 16:00:00;0.0;0.0;0.0;7.61;76.8;0.28;
2022-12-03 17:00:00;0.0;0.0;0.0;6.39;85.7;0.9;
2022-12-03 18:00:00;0.0;0.0;0.0;4.15;92.2;1.59;
2022-12-03 19:00:00;0.0;0.0;0.0;3.71;95.7;1.52;
2022-12-03 20:00:00;0.0;0.0;0.0;3.55;95.7;1.52;
2022-12-03 21:00:00;0.0;0.0;0.0;3.44;92.15;1.86;
2022-12-03 22:00:00;0.0;0.0;0.0;3.61;95.7;1.66;
2022-12-03 23:00:00;0.0;0.0;0.0;3.1;92.15;1.72;
2022-12-04 00:00:00;0.0;0.0;0.0;2.36;95.65;2.0;
2022-12-04 01:00:00;0.0;0.0;0.0;1.37;99.4;2.14;
2022-12-04 02:00:00;0.0;0.0;0.0;1.26;99.35;2.21;
2022-12-04 03:00:00;0.0;0.0;0.0;1.32;99.35;2.34;
2022-12-04 04:00:00;0.0;0.0;0.0;1.77;99.4;2.34;
2022-12-04 05:00:00;0.0;0.0;0.0;2.27;95.65;2.41;
2022-12-04 06:00:00;0.0;0.0;0.0;2.63;92.15;2.48;
2022-12-04 07:00:00;12.0;23.45;11.0;1.93;92.1;2.21;
2022-12-04 08:00:00;158.0;685.23;36.0;3.54;88.75;1.86;
2022-12-04 09:00:00;274.0;788.45;51.0;7.08;89.0;1.38;
2022-12-04 10:00:00;353.0;846.0;57.0;10.11;82.95;1.17;
2022-12-04 11:00:00;380.0;854.2;60.0;11.88;80.15;1.24;
2022-12-04 12:00:00;355.0;827.33;61.0;13.06;74.75;1.45;
2022-12-04 13:00:00;58.0;0.0;58.0;13.72;72.2;1.45;
2022-12-04 14:00:00;44.0;0.0;44.0;13.81;74.85;1.31;
2022-12-04 15:00:00;16.0;0.0;16.0;12.8;77.45;1.52;
2022-12-04 16:00:00;0.0;0.0;0.0;10.32;86.0;2.07;
2022-12-04 17:00:00;0.0;0.0;0.0;7.89;89.05;2.28;
2022-12-04 18:00:00;0.0;0.0;0.0;6.63;85.75;2.48;
2022-12-04 19:00:00;0.0;0.0;0.0;6.26;82.55;2.69;
2022-12-04 20:00:00;0.0;0.0;0.0;5.75;79.4;2.76;
2022-12-04 21:00:00;0.0;0.0;0.0;5.25;79.35;2.62;
2022-12-04 22:00:00;0.0;0.0;0.0;4.62;79.3;2.55;
2022-12-04 23:00:00;0.0;0.0;0.0;4.03;82.3;2.48;
2022-12-05 00:00:00;0.0;0.0;0.0;3.56;85.45;2.48;
2022-12-05 01:00:00;0.0;0.0;0.0;3.3;85.4;2.48;
2022-12-05 02:00:00;0.0;0.0;0.0;2.95;85.4;2.41;
2022-12-05 03:00:00;0.0;0.0;0.0;2.79;88.65;2.41;
2022-12-05 04:00:00;0.0;0.0;0.0;3.07;85.4;2.28;
2022-12-05 05:00:00;0.0;0.0;0.0;3.05;85.4;2.21;
2022-12-05 06:00:00;0.0;0.0;0.0;3.01;85.4;2.14;
2022-12-05 07:00:00;10.0;0.0;10.0;2.17;88.65;2.28;
2022-12-05 08:00:00;150.0;633.27;39.0;3.58;85.45;1.86;
2022-12-05 09:00:00;269.0;781.57;50.0;7.36;79.65;1.1;
2022-12-05 10:00:00;347.0;840.39;55.0;10.82;61.75;0.9;
2022-12-05 11:00:00;369.0;813.5;66.0;11.47;57.55;1.52;
2022-12-05 12:00:00;349.0;811.84;62.0;11.46;62.0;1.72;
2022-12-05 13:00:00;96.0;0.0;96.0;11.35;69.15;1.66;
2022-12-05 14:00:00;53.0;0.0;53.0;10.94;74.4;1.1;
2022-12-05 15:00:00;17.0;0.0;17.0;10.22;77.1;0.41;
2022-12-05 16:00:00;0.0;0.0;0.0;9.5;79.9;0.28;
2022-12-05 17:00:00;0.0;0.0;0.0;8.84;85.9;0.62;
2022-12-05 18:00:00;0.0;0.0;0.0;7.9;85.85;1.03;
2022-12-05 19:00:00;0.0;0.0;0.0;5.22;92.25;1.52;
2022-12-05 20:00:00;0.0;0.0;0.0;5.39;92.25;1.31;
2022-12-05 21:00:00;0.0;0.0;0.0;5.27;92.25;1.38;
2022-12-05 22:00:00;0.0;0.0;0.0;5.77;92.3;1.1;
2022-12-05 23:00:00;0.0;0.0;0.0;6.74;89.0;0.9;
2022-12-06 00:00:00;0.0;0.0;0.0;6.74;89.0;0.97;
2022-12-06 01:00:00;0.0;0.0;0.0;6.17;92.3;1.03;
2022-12-06 02:00:00;0.0;0.0;0.0;5.88;95.75;1.1;
2022-12-06 03:00:00;0.0;0.0;0.0;5.9;92.3;1.1;
2022-12-06 04:00:00;0.0;0.0;0.0;6.21;95.8;1.03;
2022-12-06 05:00:00;0.0;0.0;0.0;6.31;95.8;0.97;
2022-12-06 06:00:00;0.0;0.0;0.0;6.58;92.35;0.97;
2022-12-06 07:00:00;8.0;0.0;8.0;6.86;89.0;0.69;
2022-12-06 08:00:00;126.0;370.77;62.0;7.41;89.0;0.55;
2022-12-06 09:00:00;159.0;111.64;128.0;8.15;85.9;0.34;
2022-12-06 10:00:00;163.0;37.67;150.0;8.84;85.9;0.55;
2022-12-06 11:00:00;233.0;148.48;178.0;9.42;82.85;0.55;
2022-12-06 12:00:00;330.0;696.44;85.0;9.96;77.1;0.62;
2022-12-06 13:00:00;129.0;0.0;129.0;9.95;74.3;0.48;
2022-12-06 14:00:00;80.0;0.0;80.0;9.75;79.9;0.48;
2022-12-06 15:00:00;15.0;0.0;15.0;9.24;82.85;0.76;
2022-12-06 16:00:00;0.0;0.0;0.0;7.72;89.05;0.69;
2022-12-06 17:00:00;0.0;0.0;0.0;7.37;89.0;0.62;
2022-12-06 18:00:00;0.0;0.0;0.0;5.99;92.3;1.17;
2022-12-06 19:00:00;0.0;0.0;0.0;5.63;92.3;1.31;
2022-12-06 20:00:00;0.0;0.0;0.0;4.86;95.75;1.45;
2022-12-06 21:00:00;0.0;0.0;0.0;3.27;99.4;1.59;
2022-12-06 22:00:00;0.0;0.0;0.0;2.83;99.4;1.52;
2022-12-06 23:00:00;0.0;0.0;0.0;3.12;99.4;1.66;
2022-12-07 00:00:00;0.0;0.0;0.0;3.42;95.7;1.79;
2022-12-07 01:00:00;0.0;0.0;0.0;3.49;95.7;1.79;
2022-12-07 02:00:00;0.0;0.0;0.0;3.96;95.75;1.66;
2022-12-07 03:00:00;0.0;0.0;0.0;4.33;99.4;1.59;
2022-12-07 04:00:00;0.0;0.0;0.0;3.92;95.75;1.52;
2022-12-07 05:00:00;0.0;0.0;0.0;3.94;95.75;1.31;
2022-12-07 06:00:00;0.0;0.0;0.0;3.7;99.4;1.1;
2022-12-07 07:00:00;7.0;0.0;7.0;3.28;99.4;1.31;
2022-12-07 08:00:00;140.0;576.35;42.0;4.17;95.75;0.97;
2022-12-07 09:00:00;251.0;686.66;62.0;6.31;92.3;0.55;
2022-12-07 10:00:00;330.0;769.82;66.0;8.13;74.05;0.28;
2022-12-07 11:00:00;363.0;808.69;65.0;8.9;76.85;0.34;
2022-12-07 12:00:00;314.0;605.4;102.0;9.33;79.85;0.76;
2022-12-07 13:00:00;66.0;0.0;66.0;9.63;77.0;0.76;
2022-12-07 14:00:00;47.0;0.0;47.0;9.55;79.9;0.55;
2022-12-07 15:00:00;16.0;0.0;16.0;9.17;82.85;0.07;
2022-12-07 16:00:00;0.0;0.0;0.0;7.99;85.9;0.9;
2022-12-07 17:00:00;0.0;0.0;0.0;6.71;92.35;1.45;
2022-12-07 18:00:00;0.0;0.0;0.0;6.35;95.8;1.59;
2022-12-07 19:00:00;0.0;0.0;0.0;6.63;92.35;1.45;
2022-12-07 20:00:00;0.0;0.0;0.0;7.12;89.0;1.31;
2022-12-07 21:00:00;0.0;0.0;0.0;7.34;92.35;1.1;
2022-12-07 22:00:00;0.0;0.0;0.0;7.31;92.35;0.83;
2022-12-07 23:00:00;0.0;0.0;0.0;7.37;92.35;1.17;
2022-12-08 00:00:00;0.0;0.0;0.0;7.21;89.0;1.52;
2022-12-08 01:00:00;0.0;0.0;0.0;6.86;92.35;1.79;
2022-12-08 02:00:00;0.0;0.0;0.0;6.44;89.0;2.07;
2022-12-08 03:00:00;0.0;0.0;0.0;5.89;92.3;2.69;
2022-12-08 04:00:00;0.0;0.0;0.0;5.83;85.65;3.1;
2022-12-08 05:00:00;0.0;0.0;0.0;6.04;70.95;3.31;
2022-12-08 06:00:00;0.0;0.0;0.0;6.08;58.55;3.31;
2022-12-08 07:00:00;7.0;0.0;7.0;6.32;52.1;3.79;
2022-12-08 08:00:00;144.0;626.66;39.0;6.94;50.35;3.45;
2022-12-08 09:00:00;261.0;758.46;54.0;8.6;54.65;3.17;
2022-12-08 10:00:00;338.0;803.89;64.0;10.38;52.95;2.9;
2022-12-08 11:00:00;372.0;845.41;62.0;11.42;45.7;3.52;
2022-12-08 12:00:00;348.0;820.21;62.0;11.67;42.4;3.59;
2022-12-08 13:00:00;60.0;0.0;60.0;11.64;44.1;3.17;
2022-12-08 14:00:00;44.0;0.0;44.0;11.11;47.45;2.76;
2022-12-08 15:00:00;14.0;0.0;14.0;9.82;52.85;2.48;
2022-12-08 16:00:00;0.0;0.0;0.0;7.9;54.55;2.41;
2022-12-08 17:00:00;0.0;0.0;0.0;6.29;60.85;2.28;
2022-12-08 18:00:00;0.0;0.0;0.0;4.93;65.55;2.28;
2022-12-08 19:00:00;0.0;0.0;0.0;4.07;73.4;2.14;
2022-12-08 20:00:00;0.0;0.0;0.0;3.03;79.1;2.07;
2022-12-08 21:00:00;0.0;0.0;0.0;2.24;82.05;2.14;
2022-12-08 22:00:00;0.0;0.0;0.0;2.01;78.95;2.21;
2022-12-08 23:00:00;0.0;0.0;0.0;1.4;82.0;2.28;
2022-12-09 00:00:00;0.0;0.0;0.0;2.22;78.95;2.69;
2022-12-09 01:00:00;0.0;0.0;0.0;2.37;73.1;2.9;
2022-12-09 02:00:00;0.0;0.0;0.0;2.63;70.3;2.76;
2022-12-09 03:00:00;0.0;0.0;0.0;2.28;73.0;2.55;
2022-12-09 04:00:00;0.0;0.0;0.0;1.83;75.85;2.34;
2022-12-09 05:00:00;0.0;0.0;0.0;1.69;75.85;2.34;
2022-12-09 06:00:00;0.0;0.0;0.0;1.44;78.9;2.48;
2022-12-09 07:00:00;6.0;0.0;6.0;1.31;85.2;2.21;
2022-12-09 08:00:00;141.0;623.6;38.0;2.38;82.15;2.14;
2022-12-09 09:00:00;172.0;169.93;126.0;5.72;76.5;1.59;
2022-12-09 10:00:00;305.0;587.26;106.0;8.87;66.15;1.72;
2022-12-09 11:00:00;245.0;189.04;176.0;10.15;59.35;2.41;
2022-12-09 12:00:00;207.0;115.17;167.0;10.96;59.6;2.83;
2022-12-09 13:00:00;59.0;0.0;59.0;11.45;61.85;2.9;
2022-12-09 14:00:00;46.0;0.0;46.0;11.41;64.25;2.41;
2022-12-09 15:00:00;13.0;0.0;13.0;9.99;66.45;2.69;
2022-12-09 16:00:00;0.0;0.0;0.0;8.32;71.35;2.9;
2022-12-09 17:00:00;0.0;0.0;0.0;7.64;68.6;3.17;
2022-12-09 18:00:00;0.0;0.0;0.0;7.24;68.5;3.38;
2022-12-09 19:00:00;0.0;0.0;0.0;7.27;71.15;2.9;
2022-12-09 20:00:00;0.0;0.0;0.0;7.4;65.95;3.38;
2022-12-09 21:00:00;0.0;0.0;0.0;7.29;63.5;3.38;
2022-12-09 22:00:00;0.0;0.0;0.0;7.11;63.5;3.45;
2022-12-09 23:00:00;0.0;0.0;0.0;6.48;65.85;3.38;
2022-12-10 00:00:00;0.0;0.0;0.0;6.17;68.3;3.52;
2022-12-10 01:00:00;0.0;0.0;0.0;6.15;68.3;3.59;
2022-12-10 02:00:00;0.0;0.0;0.0;6.2;65.75;3.72;
2022-12-10 03:00:00;0.0;0.0;0.0;6.33;60.85;3.93;
2022-12-10 04:00:00;0.0;0.0;0.0;7.18;46.55;4.55;
2022-12-10 05:00:00;0.0;0.0;0.0;7.95;36.9;4.83;
2022-12-10 06:00:00;0.0;0.0;0.0;8.06;36.9;4.62;
2022-12-10 07:00:00;5.0;0.0;5.0;8.11;35.45;4.62;
2022-12-10 08:00:00;143.0;650.76;37.0;8.02;43.25;4.14;
2022-12-10 09:00:00;260.0;770.69;53.0;8.94;46.95;4.07;
2022-12-10 10:00:00;338.0;816.05;63.0;10.21;51.0;3.38;
2022-12-10 11:00:00;367.0;819.99;69.0;11.32;47.45;3.66;
2022-12-10 12:00:00;348.0;820.63;64.0;11.76;40.8;3.86;
2022-12-10 13:00:00;61.0;0.0;61.0;11.5;42.4;3.59;
2022-12-10 14:00:00;35.0;0.0;35.0;10.84;49.2;3.24;
2022-12-10 15:00:00;15.0;0.0;15.0;9.51;50.85;2.97;
2022-12-10 16:00:00;0.0;0.0;0.0;8.07;50.6;2.97;
2022-12-10 17:00:00;0.0;0.0;0.0;7.05;52.35;2.83;
2022-12-10 18:00:00;0.0;0.0;0.0;6.24;54.15;2.9;
2022-12-10 19:00:00;0.0;0.0;0.0;6.08;52.1;2.97;
2022-12-10 20:00:00;0.0;0.0;0.0;5.43;54.05;2.9;
2022-12-10 21:00:00;0.0;0.0;0.0;4.51;60.5;2.83;
2022-12-10 22:00:00;0.0;0.0;0.0;3.36;67.7;2.62;
2022-12-10 23:00:00;0.0;0.0;0.0;2.59;70.3;2.55;
2022-12-11 00:00:00;0.0;0.0;0.0;2.29;70.2;2.62;
2022-12-11 01:00:00;0.0;0.0;0.0;2.11;70.2;2.76;
2022-12-11 02:00:00;0.0;0.0;0.0;2.19;70.2;2.9;
2022-12-11 03:00:00;0.0;0.0;0.0;2.24;70.2;3.03;
2022-12-11 04:00:00;0.0;0.0;0.0;2.18;70.2;3.03;
2022-12-11 05:00:00;0.0;0.0;0.0;2.06;70.2;3.03;
2022-12-11 06:00:00;0.0;0.0;0.0;1.96;67.5;3.03;
2022-12-11 07:00:00;3.0;0.0;3.0;1.42;67.4;2.62;
2022-12-11 08:00:00;143.0;672.06;35.0;2.0;70.2;2.48;
2022-12-11 09:00:00;262.0;787.74;52.0;4.98;68.1;2.07;
2022-12-11 10:00:00;339.0;820.33;64.0;8.32;48.65;2.0;
2022-12-11 11:00:00;371.0;837.11;68.0;9.2;40.1;2.48;
2022-12-11 12:00:00;346.0;794.32;72.0;9.53;35.75;2.41;
2022-12-11 13:00:00;62.0;0.0;62.0;9.6;35.75;2.14;
2022-12-11 14:00:00;49.0;0.0;49.0;9.22;41.7;1.45;
2022-12-11 15:00:00;15.0;0.0;15.0;7.97;48.65;1.52;
2022-12-11 16:00:00;0.0;0.0;0.0;5.13;58.3;1.86;
2022-12-11 17:00:00;0.0;0.0;0.0;2.69;67.6;1.93;
2022-12-11 18:00:00;0.0;0.0;0.0;1.14;70.05;2.21;
2022-12-11 19:00:00;0.0;0.0;0.0;0.86;57.35;2.62;
2022-12-11 20:00:00;0.0;0.0;0.0;0.34;59.45;2.69;
2022-12-11 21:00:00;0.0;0.0;0.0;-0.09;59.45;2.76;
2022-12-11 22:00:00;0.0;0.0;0.0;-0.47;61.8;2.69;
2022-12-11 23:00:00;0.0;0.0;0.0;-0.83;64.25;2.69;
2022-12-12 00:00:00;0.0;0.0;0.0;-1.14;66.9;2.55;
2022-12-12 01:00:00;0.0;0.0;0.0;-1.14;69.65;2.62;
2022-12-12 02:00:00;0.0;0.0;0.0;-0.83;72.5;2.76;
2022-12-12 03:00:00;0.0;0.0;0.0;-0.7;72.5;2.83;
2022-12-12 04:00:00;0.0;0.0;0.0;-0.21;72.6;2.83;
2022-12-12 05:00:00;0.0;0.0;0.0;-0.13;67.1;2.83;
2022-12-12 06:00:00;0.0;0.0;0.0;0.16;67.1;2.69;
2022-12-12 07:00:00;0.0;0.0;0.0;-0.47;69.75;2.76;
2022-12-12 08:00:00;139.0;643.07;37.0;0.26;69.85;2.48;
2022-12-12 09:00:00;257.0;766.93;54.0;2.1;67.5;2.14;
2022-12-12 10:00:00;338.0;821.36;64.0;4.64;60.5;1.59;
2022-12-12 11:00:00;372.0;854.07;64.0;6.41;50.2;1.03;
2022-12-12 12:00:00;350.0;828.61;65.0;7.34;44.75;0.55;
2022-12-12 13:00:00;62.0;0.0;62.0;7.6;41.45;0.21;
2022-12-12 14:00:00;46.0;0.0;46.0;7.28;44.75;0.55;
2022-12-12 15:00:00;16.0;0.0;16.0;6.26;60.85;0.55;
2022-12-12 16:00:00;0.0;0.0;0.0;5.51;54.05;0.21;
2022-12-12 17:00:00;0.0;0.0;0.0;4.63;58.2;0.76;
2022-12-12 18:00:00;0.0;0.0;0.0;3.58;62.7;1.17;
2022-12-12 19:00:00;0.0;0.0;0.0;0.29;75.6;1.79;
2022-12-12 20:00:00;0.0;0.0;0.0;-0.12;75.6;1.86;
2022-12-12 21:00:00;0.0;0.0;0.0;-0.45;75.55;1.86;
2022-12-12 22:00:00;0.0;0.0;0.0;-0.45;78.6;1.72;
2022-12-12 23:00:00;0.0;0.0;0.0;0.0;75.6;1.45;
2022-12-13 00:00:00;0.0;0.0;0.0;0.3;78.65;1.31;
2022-12-13 01:00:00;0.0;0.0;0.0;0.43;78.75;1.31;
2022-12-13 02:00:00;0.0;0.0;0.0;0.5;81.9;1.31;
2022-12-13 03:00:00;0.0;0.0;0.0;0.65;81.9;1.31;
2022-12-13 04:00:00;0.0;0.0;0.0;0.7;81.9;1.45;
2022-12-13 05:00:00;0.0;0.0;0.0;1.13;75.75;1.59;
2022-12-13 06:00:00;0.0;0.0;0.0;1.19;75.75;1.72;
2022-12-13 07:00:00;0.0;0.0;0.0;1.0;67.3;1.93;
2022-12-13 08:00:00;83.0;102.15;67.0;1.35;72.85;1.79;
2022-12-13 09:00:00;152.0;110.31;123.0;2.83;67.6;1.59;
2022-12-13 10:00:00;245.0;271.03;155.0;4.17;60.4;1.17;
2022-12-13 11:00:00;169.0;30.61;158.0;4.95;46.0;0.62;
2022-12-13 12:00:00;197.0;93.28;165.0;4.95;47.85;0.21;
2022-12-13 13:00:00;133.0;0.0;133.0;5.02;47.85;0.48;
2022-12-13 14:00:00;77.0;0.0;77.0;4.71;51.7;0.62;
2022-12-13 15:00:00;19.0;0.0;19.0;4.3;58.05;0.48;
2022-12-13 16:00:00;0.0;0.0;0.0;3.56;62.7;0.55;
2022-12-13 17:00:00;0.0;0.0;0.0;3.06;62.6;0.76;
2022-12-13 18:00:00;0.0;0.0;0.0;2.29;67.5;0.97;
2022-12-13 19:00:00;0.0;0.0;0.0;0.55;75.7;1.38;
2022-12-13 20:00:00;0.0;0.0;0.0;0.12;78.65;1.45;
2022-12-13 21:00:00;0.0;0.0;0.0;-0.44;81.75;1.59;
2022-12-13 22:00:00;0.0;0.0;0.0;-1.01;81.7;1.72;
2022-12-13 23:00:00;0.0;0.0;0.0;-1.53;81.65;1.86;
2022-12-14 00:00:00;0.0;0.0;0.0;-1.71;84.85;1.86;
2022-12-14 01:00:00;0.0;0.0;0.0;-1.91;84.85;1.79;
2022-12-14 02:00:00;0.0;0.0;0.0;-2.39;81.55;1.79;
2022-12-14 03:00:00;0.0;0.0;0.0;-2.22;84.85;1.59;
2022-12-14 04:00:00;0.0;0.0;0.0;-2.21;84.85;1.52;
2022-12-14 05:00:00;0.0;0.0;0.0;-2.25;84.85;1.52;
2022-12-14 06:00:00;0.0;0.0;0.0;-2.89;88.25;1.45;
2022-12-14 07:00:00;0.0;0.0;0.0;-2.81;84.85;1.38;
2022-12-14 08:00:00;129.0;575.1;40.0;-1.35;88.35;0.97;
2022-12-14 09:00:00;248.0;731.15;57.0;1.09;78.8;0.9;
2022-12-14 10:00:00;326.0;771.18;71.0;2.6;65.0;0.76;
2022-12-14 11:00:00;364.0;834.46;65.0;3.46;60.3;0.62;
2022-12-14 12:00:00;345.0;823.81;63.0;3.99;58.05;0.62;
2022-12-14 13:00:00;63.0;0.0;63.0;4.23;58.05;0.76;
2022-12-14 14:00:00;49.0;0.0;49.0;4.16;58.05;0.9;
2022-12-14 15:00:00;16.0;0.0;16.0;3.63;65.2;0.97;
2022-12-14 16:00:00;0.0;0.0;0.0;1.86;75.95;1.1;
2022-12-14 17:00:00;0.0;0.0;0.0;0.53;75.7;1.31;
2022-12-14 18:00:00;0.0;0.0;0.0;-0.17;78.6;1.38;
2022-12-14 19:00:00;0.0;0.0;0.0;1.25;75.75;0.69;
2022-12-14 20:00:00;0.0;0.0;0.0;-0.99;85.0;1.38;
2022-12-14 21:00:00;0.0;0.0;0.0;-1.81;91.85;1.52;
2022-12-14 22:00:00;0.0;0.0;0.0;-1.64;88.35;1.52;
2022-12-14 23:00:00;0.0;0.0;0.0;-1.22;91.9;1.38;
2022-12-15 00:00:00;0.0;0.0;0.0;-0.56;88.45;1.31;
2022-12-15 01:00:00;0.0;0.0;0.0;-0.32;91.95;1.24;
2022-12-15 02:00:00;0.0;0.0;0.0;-0.43;91.95;1.17;
2022-12-15 03:00:00;0.0;0.0;0.0;-0.42;91.95;1.03;
2022-12-15 04:00:00;0.0;0.0;0.0;-0.79;91.95;1.17;
2022-12-15 05:00:00;0.0;0.0;0.0;-0.71;91.95;1.1;
2022-12-15 06:00:00;0.0;0.0;0.0;-1.08;88.4;1.17;
2022-12-15 07:00:00;0.0;0.0;0.0;-1.75;95.55;1.17;
2022-12-15 08:00:00;128.0;568.69;41.0;-1.0;91.95;0.97;
2022-12-15 09:00:00;248.0;735.55;57.0;1.03;88.55;0.69;
2022-12-15 10:00:00;332.0;822.77;61.0;2.36;82.05;0.55;
2022-12-15 11:00:00;365.0;842.32;64.0;2.96;67.7;0.62;
2022-12-15 12:00:00;342.0;801.92;68.0;3.28;67.7;0.48;
2022-12-15 13:00:00;63.0;0.0;63.0;3.45;62.7;0.48;
2022-12-15 14:00:00;51.0;0.0;51.0;3.32;67.7;0.62;
2022-12-15 15:00:00;12.0;0.0;12.0;2.74;73.1;0.62;
2022-12-15 16:00:00;0.0;0.0;0.0;1.23;81.95;0.9;
2022-12-15 17:00:00;0.0;0.0;0.0;-0.19;85.05;1.17;
2022-12-15 18:00:00;0.0;0.0;0.0;-1.67;91.85;1.38;
2022-12-15 19:00:00;0.0;0.0;0.0;-0.34;81.75;1.38;
2022-12-15 20:00:00;0.0;0.0;0.0;-1.85;88.3;1.52;
2022-12-15 21:00:00;0.0;0.0;0.0;-2.57;84.85;1.59;
2022-12-15 22:00:00;0.0;0.0;0.0;-2.67;84.85;1.52;
2022-12-15 23:00:00;0.0;0.0;0.0;-2.65;84.85;1.52;
2022-12-16 00:00:00;0.0;0.0;0.0;-2.31;88.3;1.45;
2022-12-16 01:00:00;0.0;0.0;0.0;-1.49;88.35;1.31;
2022-12-16 02:00:00;0.0;0.0;0.0;-1.31;88.35;1.38;
2022-12-16 03:00:00;0.0;0.0;0.0;-1.25;91.9;1.31;
2022-12-16 04:00:00;0.0;0.0;0.0;-1.27;91.9;1.38;
2022-12-16 05:00:00;0.0;0.0;0.0;-0.68;91.95;1.31;
2022-12-16 06:00:00;0.0;0.0;0.0;-0.57;88.45;1.31;
2022-12-16 07:00:00;0.0;0.0;0.0;-0.77;85.0;1.31;
2022-12-16 08:00:00;47.0;6.61;46.0;0.19;81.8;1.03;
2022-12-16 09:00:00;70.0;0.0;70.0;1.45;85.25;0.9;
2022-12-16 10:00:00;190.0;103.59;156.0;3.23;73.2;0.48;
2022-12-16 11:00:00;188.0;64.52;165.0;4.04;62.8;0.41;
2022-12-16 12:00:00;140.0;14.66;135.0;4.18;62.8;0.41;
2022-12-16 13:00:00;102.0;0.0;102.0;4.37;62.8;0.21;
2022-12-16 14:00:00;56.0;0.0;56.0;4.19;65.3;0.14;
2022-12-16 15:00:00;13.0;0.0;13.0;3.85;70.5;0.21;
2022-12-16 16:00:00;0.0;0.0;0.0;3.38;70.5;0.48;
2022-12-16 17:00:00;0.0;0.0;0.0;2.48;79.0;0.83;
2022-12-16 18:00:00;0.0;0.0;0.0;1.22;88.55;1.1;
2022-12-16 19:00:00;0.0;0.0;0.0;1.7;88.6;0.48;
2022-12-16 20:00:00;0.0;0.0;0.0;1.74;88.6;0.21;
2022-12-16 21:00:00;0.0;0.0;0.0;1.47;88.6;0.76;
2022-12-16 22:00:00;0.0;0.0;0.0;0.43;92.0;0.9;
2022-12-16 23:00:00;0.0;0.0;0.0;0.62;95.65;0.41;
2022-12-17 00:00:00;0.0;0.0;0.0;0.48;95.65;0.55;
2022-12-17 01:00:00;0.0;0.0;0.0;0.39;95.65;0.62;
2022-12-17 02:00:00;0.0;0.0;0.0;0.13;95.6;0.76;
2022-12-17 03:00:00;0.0;0.0;0.0;0.08;95.6;0.83;
2022-12-17 04:00:00;0.0;0.0;0.0;0.0;95.6;0.9;
2022-12-17 05:00:00;0.0;0.0;0.0;0.23;99.4;0.76;
2022-12-17 06:00:00;0.0;0.0;0.0;0.32;99.4;0.76;
2022-12-17 07:00:00;0.0;0.0;0.0;0.73;95.65;0.83;
2022-12-17 08:00:00;77.0;100.16;62.0;1.42;92.05;0.62;
2022-12-17 09:00:00;235.0;673.43;62.0;2.26;92.1;0.48;
2022-12-17 10:00:00;310.0;703.02;80.0;3.3;85.4;0.62;
2022-12-17 11:00:00;355.0;820.75;63.0;4.21;82.3;1.1;
2022-12-17 12:00:00;316.0;648.5;95.0;4.92;76.4;1.31;
2022-12-17 13:00:00;71.0;0.0;71.0;5.78;73.65;1.31;
2022-12-17 14:00:00;37.0;0.0;37.0;5.97;73.7;1.31;
2022-12-17 15:00:00;17.0;0.0;17.0;5.21;79.35;1.24;
2022-12-17 16:00:00;0.0;0.0;0.0;3.28;92.15;1.1;
2022-12-17 17:00:00;0.0;0.0;0.0;3.04;88.7;0.9;
2022-12-17 18:00:00;0.0;0.0;0.0;2.86;92.15;0.69;
2022-12-17 19:00:00;0.0;0.0;0.0;0.49;95.65;1.72;
2022-12-17 20:00:00;0.0;0.0;0.0;-0.39;95.6;1.86;
2022-12-17 21:00:00;0.0;0.0;0.0;-1.09;91.95;1.93;
2022-12-17 22:00:00;0.0;0.0;0.0;-1.54;88.35;1.93;
2022-12-17 23:00:00;0.0;0.0;0.0;-1.6;88.35;1.86;
2022-12-18 00:00:00;0.0;0.0;0.0;-1.98;88.3;1.86;
2022-12-18 01:00:00;0.0;0.0;0.0;-2.52;88.3;2.0;
2022-12-18 02:00:00;0.0;0.0;0.0;-2.64;84.85;2.0;
2022-12-18 03:00:00;0.0;0.0;0.0;-2.74;88.25;1.93;
2022-12-18 04:00:00;0.0;0.0;0.0;-2.4;84.85;1.93;
2022-12-18 05:00:00;0.0;0.0;0.0;-2.54;84.85;1.93;
2022-12-18 06:00:00;0.0;0.0;0.0;-2.34;84.85;1.93;
2022-12-18 07:00:00;0.0;0.0;0.0;-2.26;84.85;2.21;
2022-12-18 08:00:00;121.0;546.14;40.0;-1.4;88.35;1.79;
2022-12-18 09:00:00;240.0;719.66;56.0;2.01;78.95;1.03;
2022-12-18 10:00:00;323.0;793.91;64.0;4.58;73.45;0.48;
2022-12-18 11:00:00;358.0;827.76;64.0;5.99;65.75;0.07;
2022-12-18 12:00:00;335.0;772.33;72.0;6.8;63.35;0.41;
2022-12-18 13:00:00;98.0;0.0;98.0;6.97;61.1;0.76;
2022-12-18 14:00:00;59.0;0.0;59.0;6.57;65.85;0.97;
2022-12-18 15:00:00;20.0;0.0;20.0;5.18;79.35;1.1;
2022-12-18 16:00:00;0.0;0.0;0.0;4.48;79.3;0.48;
2022-12-18 17:00:00;0.0;0.0;0.0;3.76;85.45;0.62;
2022-12-18 18:00:00;0.0;0.0;0.0;2.67;88.65;1.24;
2022-12-18 19:00:00;0.0;0.0;0.0;-1.51;88.35;1.93;
2022-12-18 20:00:00;0.0;0.0;0.0;-2.0;91.85;1.79;
2022-12-18 21:00:00;0.0;0.0;0.0;-2.04;91.85;1.72;
2022-12-18 22:00:00;0.0;0.0;0.0;-1.9;91.85;1.66;
2022-12-18 23:00:00;0.0;0.0;0.0;-1.37;91.9;1.52;
2022-12-19 00:00:00;0.0;0.0;0.0;-0.79;91.95;1.38;
2022-12-19 01:00:00;0.0;0.0;0.0;-0.32;91.95;1.31;
2022-12-19 02:00:00;0.0;0.0;0.0;0.0;88.45;1.31;
2022-12-19 03:00:00;0.0;0.0;0.0;0.45;88.5;1.17;
2022-12-19 04:00:00;0.0;0.0;0.0;0.66;88.5;1.1;
2022-12-19 05:00:00;0.0;0.0;0.0;0.66;88.5;1.1;
2022-12-19 06:00:00;0.0;0.0;0.0;0.84;85.15;1.1;
2022-12-19 07:00:00;0.0;0.0;0.0;0.41;85.15;1.1;
2022-12-19 08:00:00;38.0;0.0;38.0;0.9;85.2;0.9;
2022-12-19 09:00:00;114.0;35.35;105.0;2.33;85.3;0.41;
2022-12-19 10:00:00;53.0;0.0;53.0;2.91;82.2;0.34;
2022-12-19 11:00:00;55.0;0.0;55.0;3.53;76.15;0.07;
2022-12-19 12:00:00;73.0;0.0;73.0;3.5;76.15;0.28;
2022-12-19 13:00:00;109.0;0.0;109.0;3.06;82.2;0.48;
2022-12-19 14:00:00;14.0;0.0;14.0;2.48;88.65;0.07;
2022-12-19 15:00:00;15.0;0.0;15.0;1.86;99.4;0.41;
2022-12-19 16:00:00;0.0;0.0;0.0;1.5;99.4;0.55;
2022-12-19 17:00:00;0.0;0.0;0.0;1.27;100.0;0.9;
2022-12-19 18:00:00;0.0;0.0;0.0;1.27;100.0;1.1;
2022-12-19 19:00:00;0.0;0.0;0.0;1.3;100.0;1.1;
2022-12-19 20:00:00;0.0;0.0;0.0;1.22;100.0;0.69;
2022-12-19 21:00:00;0.0;0.0;0.0;1.2;100.0;0.48;
2022-12-19 22:00:00;0.0;0.0;0.0;1.29;100.0;0.34;
2022-12-19 23:00:00;0.0;0.0;0.0;1.18;100.0;0.48;
2022-12-20 00:00:00;0.0;0.0;0.0;1.2;100.0;0.62;
2022-12-20 01:00:00;0.0;0.0;0.0;1.32;100.0;0.83;
2022-12-20 02:00:00;0.0;0.0;0.0;1.51;99.4;0.55;
2022-12-20 03:00:00;0.0;0.0;0.0;0.99;99.35;0.83;
2022-12-20 04:00:00;0.0;0.0;0.0;1.36;99.4;0.62;
2022-12-20 05:00:00;0.0;0.0;0.0;1.49;99.4;0.41;
2022-12-20 06:00:00;0.0;0.0;0.0;1.63;99.4;0.41;
2022-12-20 07:00:00;0.0;0.0;0.0;0.74;99.4;0.97;
2022-12-20 08:00:00;93.0;240.14;58.0;0.94;95.65;0.97;
2022-12-20 09:00:00;159.0;165.62;117.0;2.03;92.1;0.62;
2022-12-20 10:00:00;151.0;33.87;140.0;2.75;92.15;0.69;
2022-12-20 11:00:00;140.0;11.29;136.0;3.25;88.7;0.76;
2022-12-20 12:00:00;153.0;26.44;144.0;3.78;85.45;0.97;
2022-12-20 13:00:00;112.0;0.0;112.0;4.19;82.3;1.03;
2022-12-20 14:00:00;73.0;0.0;73.0;4.32;82.3;1.03;
2022-12-20 15:00:00;20.0;0.0;20.0;3.93;82.3;1.17;
2022-12-20 16:00:00;0.0;0.0;0.0;2.74;92.15;1.38;
2022-12-20 17:00:00;0.0;0.0;0.0;1.55;99.4;1.1;
2022-12-20 18:00:00;0.0;0.0;0.0;1.14;99.35;0.9;
2022-12-20 19:00:00;0.0;0.0;0.0;1.64;95.65;0.48;
2022-12-20 20:00:00;0.0;0.0;0.0;0.76;100.0;0.83;
2022-12-20 21:00:00;0.0;0.0;0.0;-0.72;100.0;1.24;
2022-12-20 22:00:00;0.0;0.0;0.0;-0.85;100.0;1.45;
2022-12-20 23:00:00;0.0;0.0;0.0;-0.38;100.0;1.59;
2022-12-21 00:00:00;0.0;0.0;0.0;-0.04;99.4;1.59;
2022-12-21 01:00:00;0.0;0.0;0.0;-0.11;99.4;1.59;
2022-12-21 02:00:00;0.0;0.0;0.0;0.12;99.4;1.52;
2022-12-21 03:00:00;0.0;0.0;0.0;0.0;99.4;1.31;
2022-12-21 04:00:00;0.0;0.0;0.0;-0.18;99.4;1.24;
2022-12-21 05:00:00;0.0;0.0;0.0;-0.04;95.6;1.24;
2022-12-21 06:00:00;0.0;0.0;0.0;0.01;92.0;1.17;
2022-12-21 07:00:00;0.0;0.0;0.0;-0.88;95.6;1.1;
2022-12-21 08:00:00;79.0;131.37;60.0;-0.52;95.6;0.97;
2022-12-21 09:00:00;124.0;55.39;110.0;1.05;92.05;0.83;
2022-12-21 10:00:00;190.0;111.05;154.0;2.16;88.65;0.83;
2022-12-21 11:00:00;130.0;5.65;128.0;3.2;85.4;0.69;
2022-12-21 12:00:00;217.0;158.59;163.0;4.29;82.3;0.76;
2022-12-21 13:00:00;95.0;0.0;95.0;5.01;73.55;0.76;
2022-12-21 14:00:00;78.0;0.0;78.0;5.34;76.4;0.83;
2022-12-21 15:00:00;21.0;0.0;21.0;4.91;76.4;0.97;
2022-12-21 16:00:00;0.0;0.0;0.0;2.95;88.7;1.45;
2022-12-21 17:00:00;0.0;0.0;0.0;2.21;92.1;1.52;
2022-12-21 18:00:00;0.0;0.0;0.0;1.6;92.05;1.66;
2022-12-21 19:00:00;0.0;0.0;0.0;1.19;95.65;1.52;
2022-12-21 20:00:00;0.0;0.0;0.0;0.85;95.65;1.66;
2022-12-21 21:00:00;0.0;0.0;0.0;0.88;92.05;1.66;
2022-12-21 22:00:00;0.0;0.0;0.0;0.65;95.65;1.66;
2022-12-21 23:00:00;0.0;0.0;0.0;0.16;95.6;1.72;
2022-12-22 00:00:00;0.0;0.0;0.0;-0.61;91.95;1.86;
2022-12-22 01:00:00;0.0;0.0;0.0;-0.71;95.6;1.86;
2022-12-22 02:00:00;0.0;0.0;0.0;-0.49;91.95;1.93;
2022-12-22 03:00:00;0.0;0.0;0.0;-0.37;95.6;1.93;
2022-12-22 04:00:00;0.0;0.0;0.0;-0.47;91.95;1.93;
2022-12-22 05:00:00;0.0;0.0;0.0;-0.93;91.95;2.0;
2022-12-22 06:00:00;0.0;0.0;0.0;-0.84;91.95;2.0;
2022-12-22 07:00:00;0.0;0.0;0.0;-0.54;91.95;2.21;
2022-12-22 08:00:00;122.0;633.57;31.0;0.17;95.6;2.0;
2022-12-22 09:00:00;231.0;698.43;55.0;3.25;88.7;1.59;
2022-12-22 10:00:00;310.0;747.48;68.0;6.57;79.55;1.31;
2022-12-22 11:00:00;340.0;740.06;78.0;8.06;74.05;1.1;
2022-12-22 12:00:00;327.0;745.42;73.0;8.89;76.85;1.24;
2022-12-22 13:00:00;45.0;0.0;45.0;9.3;76.95;1.24;
2022-12-22 14:00:00;36.0;0.0;36.0;9.2;76.95;1.38;
2022-12-22 15:00:00;14.0;0.0;14.0;8.07;82.75;1.24;
2022-12-22 16:00:00;0.0;0.0;0.0;5.84;92.3;1.72;
2022-12-22 17:00:00;0.0;0.0;0.0;3.49;92.15;2.0;
2022-12-22 18:00:00;0.0;0.0;0.0;1.99;95.65;2.07;
2022-12-22 19:00:00;0.0;0.0;0.0;1.79;99.4;2.0;
2022-12-22 20:00:00;0.0;0.0;0.0;1.35;99.35;2.14;
2022-12-22 21:00:00;0.0;0.0;0.0;0.82;99.4;2.21;
2022-12-22 22:00:00;0.0;0.0;0.0;0.41;95.65;2.41;
2022-12-22 23:00:00;0.0;0.0;0.0;0.99;92.05;2.62;
2022-12-23 00:00:00;0.0;0.0;0.0;1.35;92.05;2.69;
2022-12-23 01:00:00;0.0;0.0;0.0;1.58;88.6;2.76;
2022-12-23 02:00:00;0.0;0.0;0.0;1.8;88.6;2.69;
2022-12-23 03:00:00;0.0;0.0;0.0;1.31;88.55;2.55;
2022-12-23 04:00:00;0.0;0.0;0.0;0.78;88.5;2.41;
2022-12-23 05:00:00;0.0;0.0;0.0;0.34;88.45;2.28;
2022-12-23 06:00:00;0.0;0.0;0.0;0.12;88.45;2.14;
2022-12-23 07:00:00;0.0;0.0;0.0;-0.29;91.95;2.14;
2022-12-23 08:00:00;93.0;259.21;56.0;1.01;88.55;1.79;
2022-12-23 09:00:00;196.0;397.82;96.0;4.48;82.35;1.03;
2022-12-23 10:00:00;295.0;639.99;88.0;7.34;79.65;0.28;
2022-12-23 11:00:00;321.0;607.25;106.0;8.89;71.35;0.48;
2022-12-23 12:00:00;301.0;562.86;109.0;9.36;71.4;0.69;
2022-12-23 13:00:00;129.0;0.0;129.0;9.5;71.5;0.69;
2022-12-23 14:00:00;64.0;0.0;64.0;9.07;76.95;0.83;
2022-12-23 15:00:00;17.0;0.0;17.0;7.95;82.75;0.69;
2022-12-23 16:00:00;0.0;0.0;0.0;7.44;82.7;0.55;
2022-12-23 17:00:00;0.0;0.0;0.0;5.54;88.9;1.38;
2022-12-23 18:00:00;0.0;0.0;0.0;3.89;92.2;1.86;
2022-12-23 19:00:00;0.0;0.0;0.0;2.62;95.7;2.07;
2022-12-23 20:00:00;0.0;0.0;0.0;2.08;95.65;1.93;
2022-12-23 21:00:00;0.0;0.0;0.0;1.38;95.65;2.0;
2022-12-23 22:00:00;0.0;0.0;0.0;1.4;95.65;1.93;
2022-12-23 23:00:00;0.0;0.0;0.0;1.09;99.35;2.0;
2022-12-24 00:00:00;0.0;0.0;0.0;1.6;95.65;1.93;
2022-12-24 01:00:00;0.0;0.0;0.0;1.75;99.4;2.0;
2022-12-24 02:00:00;0.0;0.0;0.0;1.95;95.65;2.0;
2022-12-24 03:00:00;0.0;0.0;0.0;2.08;95.65;2.07;
2022-12-24 04:00:00;0.0;0.0;0.0;1.8;95.65;2.21;
2022-12-24 05:00:00;0.0;0.0;0.0;1.89;92.1;2.14;
2022-12-24 06:00:00;0.0;0.0;0.0;1.91;92.1;2.14;
2022-12-24 07:00:00;0.0;0.0;0.0;1.5;95.65;2.14;
2022-12-24 08:00:00;114.0;549.42;36.0;2.44;92.15;2.07;
2022-12-24 09:00:00;232.0;713.53;53.0;5.83;85.65;2.14;
2022-12-24 10:00:00;317.0;798.13;59.0;9.55;79.9;2.55;
2022-12-24 11:00:00;351.0;813.08;63.0;12.06;71.95;2.97;
2022-12-24 12:00:00;334.0;790.38;64.0;13.83;60.2;5.1;
2022-12-24 13:00:00;66.0;0.0;66.0;13.61;44.65;6.34;
2022-12-24 14:00:00;44.0;0.0;44.0;12.91;42.7;5.72;
2022-12-24 15:00:00;17.0;0.0;17.0;11.75;39.25;5.03;
2022-12-24 16:00:00;0.0;0.0;0.0;10.37;37.3;4.55;
2022-12-24 17:00:00;0.0;0.0;0.0;9.21;38.55;4.28;
2022-12-24 18:00:00;0.0;0.0;0.0;8.14;38.4;3.79;
2022-12-24 19:00:00;0.0;0.0;0.0;7.91;41.45;3.93;
2022-12-24 20:00:00;0.0;0.0;0.0;6.95;43.0;3.52;
2022-12-24 21:00:00;0.0;0.0;0.0;6.02;44.45;3.45;
2022-12-24 22:00:00;0.0;0.0;0.0;5.42;46.1;3.38;
2022-12-24 23:00:00;0.0;0.0;0.0;4.78;49.65;3.1;
2022-12-25 00:00:00;0.0;0.0;0.0;4.08;53.65;2.97;
2022-12-25 01:00:00;0.0;0.0;0.0;3.62;55.7;2.9;
2022-12-25 02:00:00;0.0;0.0;0.0;3.06;60.15;2.9;
2022-12-25 03:00:00;0.0;0.0;0.0;2.29;64.9;2.69;
2022-12-25 04:00:00;0.0;0.0;0.0;1.35;70.05;2.55;
2022-12-25 05:00:00;0.0;0.0;0.0;0.47;69.95;2.55;
2022-12-25 06:00:00;0.0;0.0;0.0;-0.11;72.65;2.55;
2022-12-25 07:00:00;0.0;0.0;0.0;-0.29;78.6;2.48;
2022-12-25 08:00:00;125.0;679.36;29.0;0.37;75.7;2.34;
2022-12-25 09:00:00;244.0;778.5;49.0;2.99;79.1;1.72;
2022-12-25 10:00:00;257.0;355.82;142.0;6.52;65.85;1.1;
2022-12-25 11:00:00;341.0;685.5;98.0;8.21;61.3;0.55;
2022-12-25 12:00:00;319.0;625.32;105.0;9.09;59.15;0.21;
2022-12-25 13:00:00;104.0;0.0;104.0;9.31;61.45;0.48;
2022-12-25 14:00:00;64.0;0.0;64.0;9.11;63.8;0.62;
2022-12-25 15:00:00;22.0;0.0;22.0;8.07;76.85;0.76;
2022-12-25 16:00:00;0.0;0.0;0.0;6.63;76.65;0.76;
2022-12-25 17:00:00;0.0;0.0;0.0;4.11;85.5;1.38;
2022-12-25 18:00:00;0.0;0.0;0.0;2.39;88.65;1.72;
2022-12-25 19:00:00;0.0;0.0;0.0;2.61;79.0;1.79;
2022-12-25 20:00:00;0.0;0.0;0.0;2.53;76.0;1.72;
2022-12-25 21:00:00;0.0;0.0;0.0;2.52;73.1;1.59;
2022-12-25 22:00:00;0.0;0.0;0.0;2.71;73.1;1.52;
2022-12-25 23:00:00;0.0;0.0;0.0;2.77;70.3;1.45;
2022-12-26 00:00:00;0.0;0.0;0.0;3.41;65.2;1.24;
2022-12-26 01:00:00;0.0;0.0;0.0;3.21;67.7;1.1;
2022-12-26 02:00:00;0.0;0.0;0.0;3.09;65.1;0.97;
2022-12-26 03:00:00;0.0;0.0;0.0;2.82;67.6;0.97;
2022-12-26 04:00:00;0.0;0.0;0.0;0.17;81.8;1.38;
2022-12-26 05:00:00;0.0;0.0;0.0;-1.21;95.6;1.24;
2022-12-26 06:00:00;0.0;0.0;0.0;-0.63;91.95;1.31;
2022-12-26 07:00:00;0.0;0.0;0.0;-0.75;78.5;1.72;
2022-12-26 08:00:00;114.0;547.01;37.0;-0.39;81.75;1.38;
2022-12-26 09:00:00;233.0;699.38;58.0;2.55;76.0;0.76;
2022-12-26 10:00:00;319.0;791.94;63.0;4.93;53.9;0.41;
2022-12-26 11:00:00;358.0;828.43;64.0;6.15;44.45;0.55;
2022-12-26 12:00:00;342.0;804.75;66.0;6.95;41.3;0.62;
2022-12-26 13:00:00;73.0;0.0;73.0;7.23;46.55;0.69;
2022-12-26 14:00:00;51.0;0.0;51.0;7.19;50.35;0.76;
2022-12-26 15:00:00;17.0;0.0;17.0;6.23;65.75;0.9;
2022-12-26 16:00:00;0.0;0.0;0.0;4.28;73.4;1.24;
2022-12-26 17:00:00;0.0;0.0;0.0;2.17;82.05;1.72;
2022-12-26 18:00:00;0.0;0.0;0.0;0.6;85.15;1.86;
2022-12-26 19:00:00;0.0;0.0;0.0;-0.46;91.95;2.0;
2022-12-26 20:00:00;0.0;0.0;0.0;-1.13;91.95;2.0;
2022-12-26 21:00:00;0.0;0.0;0.0;-1.42;91.9;2.0;
2022-12-26 22:00:00;0.0;0.0;0.0;-1.96;95.55;1.93;
2022-12-26 23:00:00;0.0;0.0;0.0;-2.35;95.55;1.86;
2022-12-27 00:00:00;0.0;0.0;0.0;-2.48;95.55;1.86;
2022-12-27 01:00:00;0.0;0.0;0.0;-2.5;91.85;1.86;
2022-12-27 02:00:00;0.0;0.0;0.0;-1.95;95.55;2.0;
2022-12-27 03:00:00;0.0;0.0;0.0;-1.31;88.35;2.21;
2022-12-27 04:00:00;0.0;0.0;0.0;-0.99;78.5;2.28;
2022-12-27 05:00:00;0.0;0.0;0.0;-1.02;78.5;2.28;
2022-12-27 06:00:00;0.0;0.0;0.0;-1.01;78.5;2.14;
2022-12-27 07:00:00;0.0;0.0;0.0;-1.01;88.4;1.93;
2022-12-27 08:00:00;110.0;498.8;40.0;-0.58;88.45;1.52;
2022-12-27 09:00:00;232.0;703.77;56.0;2.15;88.65;0.76;
2022-12-27 10:00:00;311.0;735.84;73.0;5.14;70.8;0.14;
2022-12-27 11:00:00;349.0;773.74;74.0;6.09;56.3;0.55;
2022-12-27 12:00:00;339.0;794.0;66.0;6.63;58.65;0.62;
2022-12-27 13:00:00;51.0;0.0;51.0;6.94;58.8;0.62;
2022-12-27 14:00:00;46.0;0.0;46.0;6.89;65.85;0.69;
2022-12-27 15:00:00;22.0;0.0;22.0;5.94;70.95;0.9;
2022-12-27 16:00:00;0.0;0.0;0.0;4.06;82.3;1.31;
2022-12-27 17:00:00;0.0;0.0;0.0;2.5;88.65;1.52;
2022-12-27 18:00:00;0.0;0.0;0.0;1.33;95.65;1.59;
2022-12-27 19:00:00;0.0;0.0;0.0;1.17;95.65;1.72;
2022-12-27 20:00:00;0.0;0.0;0.0;0.64;95.65;1.79;
2022-12-27 21:00:00;0.0;0.0;0.0;0.04;95.6;1.79;
2022-12-27 22:00:00;0.0;0.0;0.0;-0.16;99.4;1.79;
2022-12-27 23:00:00;0.0;0.0;0.0;-0.19;99.4;1.66;
2022-12-28 00:00:00;0.0;0.0;0.0;-0.27;99.4;1.66;
2022-12-28 01:00:00;0.0;0.0;0.0;-0.45;99.4;1.59;
2022-12-28 02:00:00;0.0;0.0;0.0;-0.47;99.4;1.59;
2022-12-28 03:00:00;0.0;0.0;0.0;-0.42;95.6;1.59;
2022-12-28 04:00:00;0.0;0.0;0.0;-0.41;95.6;1.59;
2022-12-28 05:00:00;0.0;0.0;0.0;-0.28;95.6;1.59;
2022-12-28 06:00:00;0.0;0.0;0.0;-0.14;92.0;1.52;
2022-12-28 07:00:00;0.0;0.0;0.0;1.59;85.25;1.59;
2022-12-28 08:00:00;84.0;192.82;57.0;1.59;88.6;1.45;
2022-12-28 09:00:00;134.0;83.98;113.0;3.98;82.3;0.76;
2022-12-28 10:00:00;180.0;86.49;152.0;6.75;65.85;0.41;
2022-12-28 11:00:00;256.0;252.76;166.0;7.71;58.9;0.34;
2022-12-28 12:00:00;257.0;295.81;155.0;8.23;61.3;0.28;
2022-12-28 13:00:00;107.0;0.0;107.0;8.46;61.3;0.28;
2022-12-28 14:00:00;86.0;0.0;86.0;8.19;66.15;0.34;
2022-12-28 15:00:00;24.0;0.0;24.0;7.61;76.8;0.55;
2022-12-28 16:00:00;0.0;0.0;0.0;7.07;73.9;0.76;
2022-12-28 17:00:00;0.0;0.0;0.0;5.44;76.5;1.45;
2022-12-28 18:00:00;0.0;0.0;0.0;4.56;79.3;1.72;
2022-12-28 19:00:00;0.0;0.0;0.0;3.34;88.7;2.0;
2022-12-28 20:00:00;0.0;0.0;0.0;2.42;88.65;2.14;
2022-12-28 21:00:00;0.0;0.0;0.0;1.64;92.05;2.14;
2022-12-28 22:00:00;0.0;0.0;0.0;1.11;92.05;2.14;
2022-12-28 23:00:00;0.0;0.0;0.0;0.89;92.05;2.0;
2022-12-29 00:00:00;0.0;0.0;0.0;0.71;95.65;2.0;
2022-12-29 01:00:00;0.0;0.0;0.0;0.72;95.65;2.0;
2022-12-29 02:00:00;0.0;0.0;0.0;0.75;92.0;2.0;
2022-12-29 03:00:00;0.0;0.0;0.0;1.09;88.55;1.93;
2022-12-29 04:00:00;0.0;0.0;0.0;0.97;88.55;1.86;
2022-12-29 05:00:00;0.0;0.0;0.0;0.97;88.55;1.79;
2022-12-29 06:00:00;0.0;0.0;0.0;0.75;88.5;1.93;
2022-12-29 07:00:00;0.0;0.0;0.0;1.08;78.8;1.86;
2022-12-29 08:00:00;113.0;550.65;36.0;1.25;81.95;1.66;
2022-12-29 09:00:00;237.0;747.5;50.0;4.18;82.3;1.03;
2022-12-29 10:00:00;321.0;805.09;60.0;7.07;68.5;0.55;
2022-12-29 11:00:00;363.0;851.9;59.0;8.7;59.0;0.14;
2022-12-29 12:00:00;342.0;794.96;67.0;9.41;56.9;0.07;
2022-12-29 13:00:00;63.0;0.0;63.0;9.83;54.9;0.07;
2022-12-29 14:00:00;57.0;0.0;57.0;9.64;59.25;0.41;
2022-12-29 15:00:00;24.0;0.0;24.0;8.53;74.05;0.62;
2022-12-29 16:00:00;0.0;0.0;0.0;7.3;73.9;0.55;
2022-12-29 17:00:00;0.0;0.0;0.0;5.69;79.4;1.17;
2022-12-29 18:00:00;0.0;0.0;0.0;4.17;82.3;1.52;
2022-12-29 19:00:00;0.0;0.0;0.0;3.57;82.25;2.21;
2022-12-29 20:00:00;0.0;0.0;0.0;2.77;82.15;2.21;
2022-12-29 21:00:00;0.0;0.0;0.0;2.37;79.0;2.14;
2022-12-29 22:00:00;0.0;0.0;0.0;1.6;82.0;2.21;
2022-12-29 23:00:00;0.0;0.0;0.0;1.01;85.2;2.14;
2022-12-30 00:00:00;0.0;0.0;0.0;0.68;88.5;2.0;
2022-12-30 01:00:00;0.0;0.0;0.0;0.52;88.5;1.86;
2022-12-30 02:00:00;0.0;0.0;0.0;0.29;92.0;1.86;
2022-12-30 03:00:00;0.0;0.0;0.0;0.35;88.45;2.07;
2022-12-30 04:00:00;0.0;0.0;0.0;1.09;78.8;2.14;
2022-12-30 05:00:00;0.0;0.0;0.0;1.37;70.1;2.62;
2022-12-30 06:00:00;0.0;0.0;0.0;2.45;60.05;3.03;
2022-12-30 07:00:00;0.0;0.0;0.0;4.32;47.6;3.93;
2022-12-30 08:00:00;116.0;593.88;33.0;7.15;44.75;4.41;
2022-12-30 09:00:00;206.0;463.27;90.0;9.3;48.8;4.97;
2022-12-30 10:00:00;324.0;819.1;58.0;11.25;45.7;5.38;
2022-12-30 11:00:00;355.0;793.84;71.0;12.09;42.55;5.31;
2022-12-30 12:00:00;362.0;913.12;45.0;12.47;41.1;4.69;
2022-12-30 13:00:00;65.0;0.0;65.0;12.42;44.2;3.93;
2022-12-30 14:00:00;36.0;0.0;36.0;12.02;44.2;3.17;
2022-12-30 15:00:00;17.0;0.0;17.0;10.83;49.2;2.28;
2022-12-30 16:00:00;0.0;0.0;0.0;8.54;52.6;2.41;
2022-12-30 17:00:00;0.0;0.0;0.0;5.8;60.75;2.69;
2022-12-30 18:00:00;0.0;0.0;0.0;4.91;60.65;2.9;
2022-12-30 19:00:00;0.0;0.0;0.0;5.64;54.05;3.17;
2022-12-30 20:00:00;0.0;0.0;0.0;5.48;51.95;3.17;
2022-12-30 21:00:00;0.0;0.0;0.0;5.0;53.9;3.03;
2022-12-30 22:00:00;0.0;0.0;0.0;4.13;55.85;2.9;
2022-12-30 23:00:00;0.0;0.0;0.0;3.28;60.15;2.76;
2022-12-31 00:00:00;0.0;0.0;0.0;2.54;60.05;2.69;
2022-12-31 01:00:00;0.0;0.0;0.0;1.95;62.35;2.69;
2022-12-31 02:00:00;0.0;0.0;0.0;1.68;64.8;2.62;
2022-12-31 03:00:00;0.0;0.0;0.0;1.39;64.8;2.62;
2022-12-31 04:00:00;0.0;0.0;0.0;0.98;67.3;2.62;
2022-12-31 05:00:00;0.0;0.0;0.0;0.76;69.95;2.55;
2022-12-31 06:00:00;0.0;0.0;0.0;0.83;72.75;2.48;
2022-12-31 07:00:00;0.0;0.0;0.0;1.26;70.05;2.83;
2022-12-31 08:00:00;95.0;314.74;51.0;1.99;73.0;2.69;
2022-12-31 09:00:00;215.0;554.36;76.0;4.77;76.3;2.14;
2022-12-31 10:00:00;317.0;789.72;60.0;8.81;66.15;1.45;
2022-12-31 11:00:00;344.0;730.25;82.0;10.7;59.5;0.9;
2022-12-31 12:00:00;344.0;806.28;63.0;11.73;55.4;0.48;
2022-12-31 13:00:00;63.0;0.0;63.0;11.94;55.4;0.55;
2022-12-31 14:00:00;49.0;0.0;49.0;11.48;59.7;1.03;
2022-12-31 15:00:00;17.0;0.0;17.0;10.02;69.0;1.38;
2022-12-31 16:00:00;0.0;0.0;0.0;7.63;72.48;1.26;
2022-12-31 17:00:00;0.0;0.0;0.0;7.39;73.28;1.21;
2022-12-31 18:00:00;0.0;0.0;0.0;7.15;74.07;1.16;
2022-12-31 19:00:00;0.0;0.0;0.0;6.91;74.86;1.11;
2022-12-31 20:00:00;0.0;0.0;0.0;6.67;75.66;1.06;
2022-12-31 21:00:00;0.0;0.0;0.0;6.43;76.45;1.02;
2022-12-31 22:00:00;0.0;0.0;0.0;6.19;77.24;0.97;
2022-12-31 23:00:00;0.0;0.0;0.0;5.95;78.03;0.92;
