Unnamed: 0;ghi;dni;dhi;temp_air;rh;ws10;TECHNOLOGYNAME_hydro_inflow
2022-01-01 00:00:00;0.0;0.0;0.0;1.48;88.82;0.82;
2022-01-01 01:00:00;0.0;0.0;0.0;1.11;89.95;0.81;
2022-01-01 02:00:00;0.0;0.0;0.0;0.74;91.09;0.8;
2022-01-01 03:00:00;0.0;0.0;0.0;0.37;92.23;0.79;
2022-01-01 04:00:00;0.0;0.0;0.0;0.0;93.36;0.78;
2022-01-01 05:00:00;0.0;0.0;0.0;-0.37;94.5;0.77;
2022-01-01 06:00:00;0.0;0.0;0.0;-0.74;95.64;0.76;
2022-01-01 07:00:00;0.0;0.0;0.0;-1.11;96.77;0.75;
2022-01-01 08:00:00;52.0;13.64;50.0;-0.36;92.0;0.83;
2022-01-01 09:00:00;120.0;42.36;109.0;1.61;92.05;0.69;
2022-01-01 10:00:00;163.0;44.61;148.0;3.77;79.15;0.41;
2022-01-01 11:00:00;171.0;32.35;159.0;5.13;73.45;0.07;
2022-01-01 12:00:00;201.0;85.73;170.0;6.15;70.85;0.34;
2022-01-01 13:00:00;199.0;178.18;144.0;6.73;65.85;0.69;
2022-01-01 14:00:00;128.0;152.87;95.0;7.03;65.85;0.97;
2022-01-01 15:00:00;32.0;0.0;32.0;6.75;68.4;1.31;
2022-01-01 16:00:00;0.0;0.0;0.0;5.34;76.4;2.21;
2022-01-01 17:00:00;0.0;0.0;0.0;3.85;82.25;2.14;
2022-01-01 18:00:00;0.0;0.0;0.0;2.58;88.65;1.86;
2022-01-01 19:00:00;0.0;0.0;0.0;1.84;92.1;1.79;
2022-01-01 20:00:00;0.0;0.0;0.0;1.4;92.05;1.59;
2022-01-01 21:00:00;0.0;0.0;0.0;0.97;95.65;1.38;
2022-01-01 22:00:00;0.0;0.0;0.0;0.54;95.65;1.31;
2022-01-01 23:00:00;0.0;0.0;0.0;0.61;92.05;1.1;
2022-01-02 00:00:00;0.0;0.0;0.0;0.47;92.0;1.17;
2022-01-02 01:00:00;0.0;0.0;0.0;0.63;92.05;1.17;
2022-01-02 02:00:00;0.0;0.0;0.0;0.56;95.65;1.31;
2022-01-02 03:00:00;0.0;0.0;0.0;1.12;92.05;1.31;
2022-01-02 04:00:00;0.0;0.0;0.0;1.45;92.05;1.38;
2022-01-02 05:00:00;0.0;0.0;0.0;1.6;95.65;1.38;
2022-01-02 06:00:00;0.0;0.0;0.0;1.8;92.1;1.31;
2022-01-02 07:00:00;0.0;0.0;0.0;1.88;92.1;1.52;
2022-01-02 08:00:00;13.0;0.0;13.0;2.04;92.1;1.66;
2022-01-02 09:00:00;0.0;0.0;0.0;2.2;88.65;2.21;
2022-01-02 10:00:00;72.0;0.0;72.0;2.05;92.1;2.34;
2022-01-02 11:00:00;72.0;0.0;72.0;2.12;92.15;2.69;
2022-01-02 12:00:00;104.0;0.0;104.0;1.9;95.65;2.83;
2022-01-02 13:00:00;55.0;0.0;55.0;1.63;95.65;2.97;
2022-01-02 14:00:00;68.0;4.59;67.0;1.5;99.4;3.03;
2022-01-02 15:00:00;27.0;0.0;27.0;1.52;95.65;2.76;
2022-01-02 16:00:00;0.0;0.0;0.0;1.62;92.1;2.55;
2022-01-02 17:00:00;0.0;0.0;0.0;1.6;95.65;2.48;
2022-01-02 18:00:00;0.0;0.0;0.0;1.61;95.65;2.34;
2022-01-02 19:00:00;0.0;0.0;0.0;1.13;95.65;2.41;
2022-01-02 20:00:00;0.0;0.0;0.0;0.99;99.35;2.0;
2022-01-02 21:00:00;0.0;0.0;0.0;0.85;95.65;1.38;
2022-01-02 22:00:00;0.0;0.0;0.0;0.79;95.65;1.24;
2022-01-02 23:00:00;0.0;0.0;0.0;0.77;95.65;1.03;
2022-01-03 00:00:00;0.0;0.0;0.0;0.72;95.65;0.62;
2022-01-03 01:00:00;0.0;0.0;0.0;0.77;95.65;0.48;
2022-01-03 02:00:00;0.0;0.0;0.0;0.81;95.65;0.62;
2022-01-03 03:00:00;0.0;0.0;0.0;0.68;95.65;0.83;
2022-01-03 04:00:00;0.0;0.0;0.0;0.57;99.4;1.1;
2022-01-03 05:00:00;0.0;0.0;0.0;0.52;99.4;1.17;
2022-01-03 06:00:00;0.0;0.0;0.0;0.34;95.65;1.31;
2022-01-03 07:00:00;0.0;0.0;0.0;0.41;95.65;1.79;
2022-01-03 08:00:00;65.0;54.33;57.0;0.8;95.65;1.52;
2022-01-03 09:00:00;85.0;3.83;84.0;1.63;92.1;0.69;
2022-01-03 10:00:00;61.0;0.0;61.0;2.85;88.7;0.14;
2022-01-03 11:00:00;65.0;0.0;65.0;3.82;88.75;0.48;
2022-01-03 12:00:00;140.0;8.22;137.0;4.6;85.5;1.24;
2022-01-03 13:00:00;99.0;3.2;98.0;5.45;82.4;2.48;
2022-01-03 14:00:00;57.0;0.0;57.0;5.64;82.4;2.83;
2022-01-03 15:00:00;33.0;31.88;30.0;5.29;82.4;2.83;
2022-01-03 16:00:00;0.0;0.0;0.0;4.64;88.8;2.9;
2022-01-03 17:00:00;0.0;0.0;0.0;4.24;88.8;3.1;
2022-01-03 18:00:00;0.0;0.0;0.0;3.82;92.15;2.9;
2022-01-03 19:00:00;0.0;0.0;0.0;2.83;92.15;2.62;
2022-01-03 20:00:00;0.0;0.0;0.0;2.75;92.15;2.62;
2022-01-03 21:00:00;0.0;0.0;0.0;2.82;92.15;2.69;
2022-01-03 22:00:00;0.0;0.0;0.0;2.82;88.7;2.41;
2022-01-03 23:00:00;0.0;0.0;0.0;2.65;88.7;2.21;
2022-01-04 00:00:00;0.0;0.0;0.0;2.24;92.15;2.07;
2022-01-04 01:00:00;0.0;0.0;0.0;1.66;92.1;1.93;
2022-01-04 02:00:00;0.0;0.0;0.0;1.35;95.65;2.28;
2022-01-04 03:00:00;0.0;0.0;0.0;1.2;92.05;2.76;
2022-01-04 04:00:00;0.0;0.0;0.0;1.06;95.65;0.0;
2022-01-04 05:00:00;0.0;0.0;0.0;1.02;95.65;0.0;
2022-01-04 06:00:00;0.0;0.0;0.0;1.16;92.05;2.28;
2022-01-04 07:00:00;0.0;0.0;0.0;1.25;88.6;1.45;
2022-01-04 08:00:00;63.0;40.6;57.0;1.53;92.05;1.31;
2022-01-04 09:00:00;87.0;3.82;86.0;1.93;88.65;1.31;
2022-01-04 10:00:00;67.0;0.0;67.0;2.38;85.35;1.17;
2022-01-04 11:00:00;107.0;0.0;107.0;2.92;85.4;0.76;
2022-01-04 12:00:00;77.0;0.0;77.0;3.43;85.4;0.48;
2022-01-04 13:00:00;60.0;0.0;60.0;3.76;82.25;0.55;
2022-01-04 14:00:00;49.0;0.0;49.0;4.07;82.25;0.62;
2022-01-04 15:00:00;69.0;476.5;23.0;4.06;82.25;0.9;
2022-01-04 16:00:00;0.0;0.0;0.0;3.75;82.25;0.97;
2022-01-04 17:00:00;0.0;0.0;0.0;2.98;85.4;1.38;
2022-01-04 18:00:00;0.0;0.0;0.0;1.91;88.65;1.38;
2022-01-04 19:00:00;0.0;0.0;0.0;1.82;92.1;1.17;
2022-01-04 20:00:00;0.0;0.0;0.0;1.08;95.65;1.45;
2022-01-04 21:00:00;0.0;0.0;0.0;1.49;92.05;0.9;
2022-01-04 22:00:00;0.0;0.0;0.0;0.56;95.65;1.24;
2022-01-04 23:00:00;0.0;0.0;0.0;-0.25;92.0;1.31;
2022-01-05 00:00:00;0.0;0.0;0.0;-0.89;95.6;1.45;
2022-01-05 01:00:00;0.0;0.0;0.0;-1.03;99.4;1.03;
2022-01-05 02:00:00;0.0;0.0;0.0;-0.82;95.6;0.76;
2022-01-05 03:00:00;0.0;0.0;0.0;-0.54;95.6;0.83;
2022-01-05 04:00:00;0.0;0.0;0.0;-0.1;95.6;1.17;
2022-01-05 05:00:00;0.0;0.0;0.0;0.02;99.4;1.52;
2022-01-05 06:00:00;0.0;0.0;0.0;-0.01;99.4;1.72;
2022-01-05 07:00:00;0.0;0.0;0.0;0.58;99.4;2.14;
2022-01-05 08:00:00;47.0;6.74;46.0;0.97;95.65;2.14;
2022-01-05 09:00:00;57.0;0.0;57.0;1.51;95.65;1.86;
2022-01-05 10:00:00;90.0;0.0;90.0;2.21;88.65;1.38;
2022-01-05 11:00:00;132.0;2.65;131.0;2.78;88.7;1.45;
2022-01-05 12:00:00;145.0;10.85;141.0;3.63;88.7;1.45;
2022-01-05 13:00:00;170.0;78.88;145.0;4.04;85.45;1.59;
2022-01-05 14:00:00;44.0;0.0;44.0;4.29;82.3;1.66;
2022-01-05 15:00:00;33.0;20.19;31.0;4.35;82.3;1.52;
2022-01-05 16:00:00;0.0;0.0;0.0;4.08;85.45;0.83;
2022-01-05 17:00:00;0.0;0.0;0.0;3.5;92.15;0.69;
2022-01-05 18:00:00;0.0;0.0;0.0;2.69;88.7;1.24;
2022-01-05 19:00:00;0.0;0.0;0.0;1.81;92.1;1.31;
2022-01-05 20:00:00;0.0;0.0;0.0;1.61;95.65;1.45;
2022-01-05 21:00:00;0.0;0.0;0.0;1.83;92.1;1.52;
2022-01-05 22:00:00;0.0;0.0;0.0;2.08;95.65;1.17;
2022-01-05 23:00:00;0.0;0.0;0.0;2.59;92.15;0.83;
2022-01-06 00:00:00;0.0;0.0;0.0;3.33;88.7;0.28;
2022-01-06 01:00:00;0.0;0.0;0.0;3.09;88.7;0.41;
2022-01-06 02:00:00;0.0;0.0;0.0;2.55;92.15;1.31;
2022-01-06 03:00:00;0.0;0.0;0.0;1.94;95.65;1.52;
2022-01-06 04:00:00;0.0;0.0;0.0;2.05;95.65;1.24;
2022-01-06 05:00:00;0.0;0.0;0.0;1.84;95.65;1.31;
2022-01-06 06:00:00;0.0;0.0;0.0;1.31;95.65;1.72;
2022-01-06 07:00:00;0.0;0.0;0.0;2.31;95.7;1.52;
2022-01-06 08:00:00;83.0;140.78;62.0;2.14;92.15;1.52;
2022-01-06 09:00:00;146.0;94.73;121.0;3.7;92.15;1.45;
2022-01-06 10:00:00;329.0;739.42;76.0;5.18;82.4;1.45;
2022-01-06 11:00:00;362.0;707.81;94.0;6.16;76.55;1.03;
2022-01-06 12:00:00;273.0;275.06;171.0;6.73;73.8;0.69;
2022-01-06 13:00:00;259.0;419.71;125.0;7.17;73.8;0.62;
2022-01-06 14:00:00;196.0;589.08;62.0;7.47;71.15;0.83;
2022-01-06 15:00:00;69.0;393.29;29.0;7.28;71.15;1.1;
2022-01-06 16:00:00;0.0;0.0;0.0;6.44;76.55;1.31;
2022-01-06 17:00:00;0.0;0.0;0.0;4.68;85.55;1.59;
2022-01-06 18:00:00;0.0;0.0;0.0;3.39;92.15;1.66;
2022-01-06 19:00:00;0.0;0.0;0.0;1.65;88.65;2.34;
2022-01-06 20:00:00;0.0;0.0;0.0;1.11;88.6;2.28;
2022-01-06 21:00:00;0.0;0.0;0.0;0.42;92.0;2.21;
2022-01-06 22:00:00;0.0;0.0;0.0;-0.09;92.0;1.86;
2022-01-06 23:00:00;0.0;0.0;0.0;0.27;88.5;1.45;
2022-01-07 00:00:00;0.0;0.0;0.0;1.8;85.3;0.34;
2022-01-07 01:00:00;0.0;0.0;0.0;0.97;88.55;0.28;
2022-01-07 02:00:00;0.0;0.0;0.0;0.11;88.5;0.34;
2022-01-07 03:00:00;0.0;0.0;0.0;-0.22;92.0;0.48;
2022-01-07 04:00:00;0.0;0.0;0.0;-0.18;92.0;0.55;
2022-01-07 05:00:00;0.0;0.0;0.0;-0.38;92.0;0.83;
2022-01-07 06:00:00;0.0;0.0;0.0;-0.36;92.0;0.48;
2022-01-07 07:00:00;0.0;0.0;0.0;-0.44;95.6;1.31;
2022-01-07 08:00:00;58.0;26.66;54.0;0.51;92.0;1.17;
2022-01-07 09:00:00;63.0;0.0;63.0;2.45;85.35;1.24;
2022-01-07 10:00:00;202.0;113.47;163.0;4.46;82.3;1.31;
2022-01-07 11:00:00;145.0;7.88;142.0;6.09;73.65;1.31;
2022-01-07 12:00:00;73.0;0.0;73.0;7.26;68.5;1.52;
2022-01-07 13:00:00;144.0;31.08;134.0;7.48;71.15;2.0;
2022-01-07 14:00:00;48.0;0.0;48.0;7.41;73.9;2.21;
2022-01-07 15:00:00;44.0;57.46;38.0;7.0;76.65;2.34;
2022-01-07 16:00:00;0.0;0.0;0.0;6.12;82.5;2.21;
2022-01-07 17:00:00;0.0;0.0;0.0;5.7;82.5;1.93;
2022-01-07 18:00:00;0.0;0.0;0.0;5.47;82.4;1.24;
2022-01-07 19:00:00;0.0;0.0;0.0;4.95;85.55;1.24;
2022-01-07 20:00:00;0.0;0.0;0.0;4.65;85.55;1.24;
2022-01-07 21:00:00;0.0;0.0;0.0;4.1;92.15;1.79;
2022-01-07 22:00:00;0.0;0.0;0.0;3.55;92.15;1.93;
2022-01-07 23:00:00;0.0;0.0;0.0;3.14;92.15;1.72;
2022-01-08 00:00:00;0.0;0.0;0.0;2.38;92.15;1.93;
2022-01-08 01:00:00;0.0;0.0;0.0;1.56;95.65;1.38;
2022-01-08 02:00:00;0.0;0.0;0.0;1.25;92.05;1.24;
2022-01-08 03:00:00;0.0;0.0;0.0;1.61;95.65;0.34;
2022-01-08 04:00:00;0.0;0.0;0.0;0.94;92.05;0.83;
2022-01-08 05:00:00;0.0;0.0;0.0;0.6;95.65;0.97;
2022-01-08 06:00:00;0.0;0.0;0.0;0.92;92.05;0.62;
2022-01-08 07:00:00;0.0;0.0;0.0;0.31;95.65;0.69;
2022-01-08 08:00:00;79.0;112.56;62.0;0.27;95.65;1.59;
2022-01-08 09:00:00;112.0;26.27;105.0;1.73;92.1;2.0;
2022-01-08 10:00:00;143.0;17.37;137.0;3.04;88.7;1.93;
2022-01-08 11:00:00;154.0;13.07;149.0;4.84;85.55;2.21;
2022-01-08 12:00:00;88.0;0.0;88.0;6.16;76.55;2.07;
2022-01-08 13:00:00;103.0;3.08;102.0;6.94;76.65;1.93;
2022-01-08 14:00:00;30.0;0.0;30.0;7.37;73.9;2.0;
2022-01-08 15:00:00;7.0;0.0;7.0;7.19;73.9;1.52;
2022-01-08 16:00:00;0.0;0.0;0.0;6.37;82.55;1.66;
2022-01-08 17:00:00;0.0;0.0;0.0;5.47;85.6;1.66;
2022-01-08 18:00:00;0.0;0.0;0.0;4.95;88.85;1.59;
2022-01-08 19:00:00;0.0;0.0;0.0;4.64;88.85;1.31;
2022-01-08 20:00:00;0.0;0.0;0.0;4.66;88.85;1.38;
2022-01-08 21:00:00;0.0;0.0;0.0;4.65;88.85;1.1;
2022-01-08 22:00:00;0.0;0.0;0.0;4.43;95.75;0.9;
2022-01-08 23:00:00;0.0;0.0;0.0;4.25;92.2;0.83;
2022-01-09 00:00:00;0.0;0.0;0.0;4.27;92.2;1.17;
2022-01-09 01:00:00;0.0;0.0;0.0;4.16;95.75;0.97;
2022-01-09 02:00:00;0.0;0.0;0.0;4.26;95.75;1.1;
2022-01-09 03:00:00;0.0;0.0;0.0;4.37;95.75;1.24;
2022-01-09 04:00:00;0.0;0.0;0.0;4.51;95.75;1.38;
2022-01-09 05:00:00;0.0;0.0;0.0;4.47;95.75;1.31;
2022-01-09 06:00:00;0.0;0.0;0.0;4.26;95.75;1.24;
2022-01-09 07:00:00;0.0;0.0;0.0;4.07;99.4;0.41;
2022-01-09 08:00:00;60.0;26.29;56.0;4.35;95.75;0.41;
2022-01-09 09:00:00;47.0;0.0;47.0;4.77;92.25;0.34;
2022-01-09 10:00:00;47.0;0.0;47.0;4.96;92.25;0.48;
2022-01-09 11:00:00;126.0;2.6;125.0;5.22;88.85;0.62;
2022-01-09 12:00:00;62.0;0.0;62.0;5.32;92.25;0.69;
2022-01-09 13:00:00;72.0;0.0;72.0;5.41;92.25;0.34;
2022-01-09 14:00:00;40.0;0.0;40.0;5.5;92.25;0.21;
2022-01-09 15:00:00;33.0;9.08;32.0;5.46;92.25;0.34;
2022-01-09 16:00:00;0.0;0.0;0.0;5.4;95.75;0.83;
2022-01-09 17:00:00;0.0;0.0;0.0;5.32;95.75;1.1;
2022-01-09 18:00:00;0.0;0.0;0.0;5.29;95.75;1.24;
2022-01-09 19:00:00;0.0;0.0;0.0;4.94;99.4;0.76;
2022-01-09 20:00:00;0.0;0.0;0.0;4.74;95.75;1.24;
2022-01-09 21:00:00;0.0;0.0;0.0;4.41;99.4;1.1;
2022-01-09 22:00:00;0.0;0.0;0.0;3.84;99.4;1.24;
2022-01-09 23:00:00;0.0;0.0;0.0;3.53;99.4;1.17;
2022-01-10 00:00:00;0.0;0.0;0.0;3.05;99.4;0.62;
2022-01-10 01:00:00;0.0;0.0;0.0;2.9;95.7;0.28;
2022-01-10 02:00:00;0.0;0.0;0.0;2.78;95.7;0.83;
2022-01-10 03:00:00;0.0;0.0;0.0;2.58;99.4;0.83;
2022-01-10 04:00:00;0.0;0.0;0.0;2.45;99.4;0.76;
2022-01-10 05:00:00;0.0;0.0;0.0;2.56;99.4;0.97;
2022-01-10 06:00:00;0.0;0.0;0.0;2.58;99.4;0.97;
2022-01-10 07:00:00;0.0;0.0;0.0;2.5;99.4;1.1;
2022-01-10 08:00:00;40.0;0.0;40.0;2.51;99.4;1.1;
2022-01-10 09:00:00;104.0;14.85;100.0;3.47;99.4;0.83;
2022-01-10 10:00:00;60.0;0.0;60.0;4.56;99.4;1.1;
2022-01-10 11:00:00;68.0;0.0;68.0;5.96;92.3;1.38;
2022-01-10 12:00:00;145.0;7.89;142.0;6.77;95.8;1.38;
2022-01-10 13:00:00;140.0;21.23;133.0;7.11;95.8;1.59;
2022-01-10 14:00:00;80.0;4.19;79.0;7.41;92.35;1.59;
2022-01-10 15:00:00;35.0;8.84;34.0;7.37;95.8;1.17;
2022-01-10 16:00:00;0.0;0.0;0.0;6.98;95.8;1.59;
2022-01-10 17:00:00;0.0;0.0;0.0;6.34;95.8;1.52;
2022-01-10 18:00:00;0.0;0.0;0.0;5.79;95.75;1.17;
2022-01-10 19:00:00;0.0;0.0;0.0;5.77;95.75;1.17;
2022-01-10 20:00:00;0.0;0.0;0.0;5.19;95.75;1.31;
2022-01-10 21:00:00;0.0;0.0;0.0;4.96;99.4;1.38;
2022-01-10 22:00:00;0.0;0.0;0.0;5.03;99.4;1.17;
2022-01-10 23:00:00;0.0;0.0;0.0;5.39;99.4;1.03;
2022-01-11 00:00:00;0.0;0.0;0.0;4.94;99.4;1.24;
2022-01-11 01:00:00;0.0;0.0;0.0;4.84;99.4;1.17;
2022-01-11 02:00:00;0.0;0.0;0.0;4.73;99.4;1.24;
2022-01-11 03:00:00;0.0;0.0;0.0;5.4;99.4;1.38;
2022-01-11 04:00:00;0.0;0.0;0.0;5.68;95.75;1.38;
2022-01-11 05:00:00;0.0;0.0;0.0;5.61;99.4;1.31;
2022-01-11 06:00:00;0.0;0.0;0.0;5.66;95.75;0.0;
2022-01-11 07:00:00;0.0;0.0;0.0;6.48;95.8;0.0;
2022-01-11 08:00:00;66.0;45.25;59.0;6.51;99.4;1.24;
2022-01-11 09:00:00;114.0;25.82;107.0;6.79;95.8;1.38;
2022-01-11 10:00:00;121.0;2.85;120.0;7.61;99.4;1.17;
2022-01-11 11:00:00;34.0;0.0;34.0;7.51;99.4;1.52;
2022-01-11 12:00:00;36.0;0.0;36.0;7.77;95.8;2.28;
2022-01-11 13:00:00;64.0;0.0;64.0;8.45;89.1;2.83;
2022-01-11 14:00:00;19.0;0.0;19.0;9.4;85.95;2.76;
2022-01-11 15:00:00;61.0;154.94;43.0;9.55;85.95;2.34;
2022-01-11 16:00:00;0.0;0.0;0.0;8.51;89.1;2.07;
2022-01-11 17:00:00;0.0;0.0;0.0;7.2;89.0;1.93;
2022-01-11 18:00:00;0.0;0.0;0.0;5.76;95.75;1.66;
2022-01-11 19:00:00;0.0;0.0;0.0;5.22;99.4;1.24;
2022-01-11 20:00:00;0.0;0.0;0.0;4.0;100.0;2.14;
2022-01-11 21:00:00;0.0;0.0;0.0;4.67;85.55;3.03;
2022-01-11 22:00:00;0.0;0.0;0.0;5.53;70.8;3.72;
2022-01-11 23:00:00;0.0;0.0;0.0;5.88;58.45;4.07;
2022-01-12 00:00:00;0.0;0.0;0.0;6.24;50.05;3.93;
2022-01-12 01:00:00;0.0;0.0;0.0;6.21;44.45;3.59;
2022-01-12 02:00:00;0.0;0.0;0.0;5.97;46.1;3.1;
2022-01-12 03:00:00;0.0;0.0;0.0;5.57;46.0;3.1;
2022-01-12 04:00:00;0.0;0.0;0.0;5.57;47.85;3.31;
2022-01-12 05:00:00;0.0;0.0;0.0;5.29;47.85;3.31;
2022-01-12 06:00:00;0.0;0.0;0.0;4.76;49.65;3.17;
2022-01-12 07:00:00;0.0;0.0;0.0;5.6;53.9;3.79;
2022-01-12 08:00:00;136.0;640.42;36.0;6.3;50.05;4.34;
2022-01-12 09:00:00;270.0;809.86;49.0;8.55;45.0;5.03;
2022-01-12 10:00:00;366.0;871.98;58.0;10.85;40.65;4.41;
2022-01-12 11:00:00;415.0;911.49;58.0;12.69;36.55;5.03;
2022-01-12 12:00:00;409.0;918.04;55.0;13.66;34.1;5.38;
2022-01-12 13:00:00;343.0;852.57;57.0;14.06;34.1;5.38;
2022-01-12 14:00:00;233.0;752.15;49.0;13.77;34.1;4.97;
2022-01-12 15:00:00;92.0;519.6;30.0;12.65;35.15;4.41;
2022-01-12 16:00:00;0.0;0.0;0.0;10.54;34.6;4.21;
2022-01-12 17:00:00;0.0;0.0;0.0;8.8;35.6;4.21;
2022-01-12 18:00:00;0.0;0.0;0.0;7.73;35.3;4.14;
2022-01-12 19:00:00;0.0;0.0;0.0;7.26;38.1;3.93;
2022-01-12 20:00:00;0.0;0.0;0.0;6.68;39.55;3.79;
2022-01-12 21:00:00;0.0;0.0;0.0;6.15;44.3;3.59;
2022-01-12 22:00:00;0.0;0.0;0.0;5.68;44.3;3.38;
2022-01-12 23:00:00;0.0;0.0;0.0;5.15;47.85;3.03;
2022-01-13 00:00:00;0.0;0.0;0.0;4.54;51.55;3.03;
2022-01-13 01:00:00;0.0;0.0;0.0;3.88;51.4;3.24;
2022-01-13 02:00:00;0.0;0.0;0.0;3.51;51.3;3.45;
2022-01-13 03:00:00;0.0;0.0;0.0;3.24;49.25;3.59;
2022-01-13 04:00:00;0.0;0.0;0.0;2.91;47.3;3.66;
2022-01-13 05:00:00;0.0;0.0;0.0;2.74;43.6;3.59;
2022-01-13 06:00:00;0.0;0.0;0.0;2.67;41.85;3.45;
2022-01-13 07:00:00;0.0;0.0;0.0;3.16;45.4;3.66;
2022-01-13 08:00:00;136.0;621.37;38.0;3.87;47.45;3.59;
2022-01-13 09:00:00;271.0;789.68;54.0;5.98;46.1;3.38;
2022-01-13 10:00:00;366.0;849.59;64.0;8.5;39.95;4.0;
2022-01-13 11:00:00;413.0;877.67;67.0;10.13;34.45;4.55;
2022-01-13 12:00:00;404.0;859.85;70.0;10.97;30.85;4.48;
2022-01-13 13:00:00;339.0;800.59;68.0;11.25;28.6;3.86;
2022-01-13 14:00:00;230.0;690.04;59.0;11.06;30.85;3.1;
2022-01-13 15:00:00;82.0;318.24;43.0;10.06;37.3;2.41;
2022-01-13 16:00:00;0.0;0.0;0.0;8.21;41.6;2.62;
2022-01-13 17:00:00;0.0;0.0;0.0;6.15;49.95;2.48;
2022-01-13 18:00:00;0.0;0.0;0.0;4.12;60.3;2.14;
2022-01-13 19:00:00;0.0;0.0;0.0;3.09;62.6;1.45;
2022-01-13 20:00:00;0.0;0.0;0.0;3.95;55.7;0.83;
2022-01-13 21:00:00;0.0;0.0;0.0;2.89;60.15;0.76;
2022-01-13 22:00:00;0.0;0.0;0.0;2.22;62.5;0.9;
2022-01-13 23:00:00;0.0;0.0;0.0;0.62;70.05;1.24;
2022-01-14 00:00:00;0.0;0.0;0.0;-0.12;72.65;1.38;
2022-01-14 01:00:00;0.0;0.0;0.0;-0.01;72.65;1.17;
2022-01-14 02:00:00;0.0;0.0;0.0;0.42;69.95;0.97;
2022-01-14 03:00:00;0.0;0.0;0.0;0.18;69.95;0.83;
2022-01-14 04:00:00;0.0;0.0;0.0;-0.29;72.65;0.83;
2022-01-14 05:00:00;0.0;0.0;0.0;-0.85;78.6;0.83;
2022-01-14 06:00:00;0.0;0.0;0.0;-1.18;81.7;0.83;
2022-01-14 07:00:00;0.0;0.0;0.0;-0.31;81.8;0.48;
2022-01-14 08:00:00;25.0;0.0;25.0;0.13;81.9;0.48;
2022-01-14 09:00:00;120.0;25.29;113.0;2.12;75.95;0.97;
2022-01-14 10:00:00;70.0;0.0;70.0;3.33;70.4;0.97;
2022-01-14 11:00:00;102.0;0.0;102.0;3.9;70.5;0.62;
2022-01-14 12:00:00;208.0;63.88;183.0;5.19;63.05;0.48;
2022-01-14 13:00:00;209.0;131.72;164.0;5.78;60.75;0.55;
2022-01-14 14:00:00;117.0;43.81;106.0;6.29;58.55;1.03;
2022-01-14 15:00:00;55.0;63.57;47.0;6.14;60.75;1.31;
2022-01-14 16:00:00;0.0;0.0;0.0;5.43;65.55;1.38;
2022-01-14 17:00:00;0.0;0.0;0.0;4.31;73.4;1.59;
2022-01-14 18:00:00;0.0;0.0;0.0;3.29;82.2;1.59;
2022-01-14 19:00:00;0.0;0.0;0.0;2.46;88.65;1.45;
2022-01-14 20:00:00;0.0;0.0;0.0;2.12;88.65;1.1;
2022-01-14 21:00:00;0.0;0.0;0.0;2.06;88.65;0.97;
2022-01-14 22:00:00;0.0;0.0;0.0;1.9;88.65;1.03;
2022-01-14 23:00:00;0.0;0.0;0.0;1.24;88.6;1.17;
2022-01-15 00:00:00;0.0;0.0;0.0;-0.32;92.0;1.79;
2022-01-15 01:00:00;0.0;0.0;0.0;-0.82;91.95;2.0;
2022-01-15 02:00:00;0.0;0.0;0.0;-1.2;91.95;2.21;
2022-01-15 03:00:00;0.0;0.0;0.0;-1.31;91.95;2.34;
2022-01-15 04:00:00;0.0;0.0;0.0;-1.55;91.9;2.34;
2022-01-15 05:00:00;0.0;0.0;0.0;-1.73;91.9;2.28;
2022-01-15 06:00:00;0.0;0.0;0.0;-2.05;91.85;2.28;
2022-01-15 07:00:00;0.0;0.0;0.0;-2.31;88.3;2.21;
2022-01-15 08:00:00;137.0;607.96;39.0;-1.72;88.35;1.86;
2022-01-15 09:00:00;273.0;781.5;55.0;1.51;78.9;2.07;
2022-01-15 10:00:00;364.0;818.78;69.0;4.1;67.8;2.48;
2022-01-15 11:00:00;415.0;868.2;68.0;6.18;54.15;2.62;
2022-01-15 12:00:00;404.0;841.75;72.0;7.77;46.65;2.55;
2022-01-15 13:00:00;345.0;803.19;68.0;8.79;41.7;2.34;
2022-01-15 14:00:00;237.0;711.41;56.0;9.1;40.1;2.07;
2022-01-15 15:00:00;100.0;502.98;35.0;8.47;45.0;1.52;
2022-01-15 16:00:00;0.0;0.0;0.0;6.7;48.25;2.14;
2022-01-15 17:00:00;0.0;0.0;0.0;3.97;55.7;2.83;
2022-01-15 18:00:00;0.0;0.0;0.0;1.94;55.3;3.03;
2022-01-15 19:00:00;0.0;0.0;0.0;1.1;52.85;2.9;
2022-01-15 20:00:00;0.0;0.0;0.0;-0.01;50.5;3.03;
2022-01-15 21:00:00;0.0;0.0;0.0;-0.79;46.35;3.03;
2022-01-15 22:00:00;0.0;0.0;0.0;-1.41;44.3;2.9;
2022-01-15 23:00:00;0.0;0.0;0.0;-1.95;47.9;2.55;
2022-01-16 00:00:00;0.0;0.0;0.0;-2.17;47.9;2.14;
2022-01-16 01:00:00;0.0;0.0;0.0;-1.64;46.05;1.59;
2022-01-16 02:00:00;0.0;0.0;0.0;-0.67;44.45;1.24;
2022-01-16 03:00:00;0.0;0.0;0.0;-0.63;46.35;1.31;
2022-01-16 04:00:00;0.0;0.0;0.0;-1.0;50.2;1.45;
2022-01-16 05:00:00;0.0;0.0;0.0;-1.65;54.4;1.59;
2022-01-16 06:00:00;0.0;0.0;0.0;-2.68;58.85;1.79;
2022-01-16 07:00:00;0.0;0.0;0.0;-3.3;66.45;2.07;
2022-01-16 08:00:00;142.0;625.36;40.0;-2.42;64.0;1.79;
2022-01-16 09:00:00;278.0;789.47;56.0;1.6;59.8;1.59;
2022-01-16 10:00:00;370.0;826.74;70.0;4.59;47.6;2.14;
2022-01-16 11:00:00;422.0;874.41;70.0;6.58;41.0;2.76;
2022-01-16 12:00:00;414.0;860.26;72.0;7.97;36.75;3.38;
2022-01-16 13:00:00;350.0;798.4;72.0;8.69;31.55;3.72;
2022-01-16 14:00:00;244.0;717.46;59.0;8.8;29.05;3.66;
2022-01-16 15:00:00;106.0;550.19;33.0;7.93;35.3;2.83;
2022-01-16 16:00:00;0.0;0.0;0.0;5.82;40.9;2.83;
2022-01-16 17:00:00;0.0;0.0;0.0;3.74;47.45;2.97;
2022-01-16 18:00:00;0.0;0.0;0.0;2.53;47.15;3.03;
2022-01-16 19:00:00;0.0;0.0;0.0;2.04;38.25;3.17;
2022-01-16 20:00:00;0.0;0.0;0.0;0.9;43.05;2.9;
2022-01-16 21:00:00;0.0;0.0;0.0;-0.25;46.5;2.9;
2022-01-16 22:00:00;0.0;0.0;0.0;-1.2;52.35;2.9;
2022-01-16 23:00:00;0.0;0.0;0.0;-1.8;52.2;2.83;
2022-01-17 00:00:00;0.0;0.0;0.0;-2.23;54.3;2.76;
2022-01-17 01:00:00;0.0;0.0;0.0;-2.61;56.45;2.69;
2022-01-17 02:00:00;0.0;0.0;0.0;-2.79;56.45;2.55;
2022-01-17 03:00:00;0.0;0.0;0.0;-2.91;54.15;2.55;
2022-01-17 04:00:00;0.0;0.0;0.0;-3.1;56.35;2.48;
2022-01-17 05:00:00;0.0;0.0;0.0;-3.4;54.0;2.21;
2022-01-17 06:00:00;0.0;0.0;0.0;-2.83;51.95;1.66;
2022-01-17 07:00:00;0.0;0.0;0.0;-3.14;51.8;1.79;
2022-01-17 08:00:00;142.0;605.59;42.0;-3.27;58.75;2.07;
2022-01-17 09:00:00;275.0;740.59;65.0;0.56;50.65;2.0;
2022-01-17 10:00:00;369.0;787.83;81.0;3.24;43.6;2.21;
2022-01-17 11:00:00;422.0;845.78;79.0;5.05;40.6;2.69;
2022-01-17 12:00:00;413.0;825.88;82.0;6.33;34.9;3.38;
2022-01-17 13:00:00;354.0;790.65;76.0;7.09;32.25;3.52;
2022-01-17 14:00:00;248.0;715.47;61.0;7.31;31.1;3.1;
2022-01-17 15:00:00;108.0;521.27;37.0;6.72;36.5;2.07;
2022-01-17 16:00:00;0.0;0.0;0.0;4.97;44.05;2.07;
2022-01-17 17:00:00;0.0;0.0;0.0;2.7;49.25;1.59;
2022-01-17 18:00:00;0.0;0.0;0.0;4.19;40.45;0.62;
2022-01-17 19:00:00;0.0;0.0;0.0;0.26;57.2;2.14;
2022-01-17 20:00:00;0.0;0.0;0.0;-1.54;59.1;2.55;
2022-01-17 21:00:00;0.0;0.0;0.0;-2.03;54.3;2.48;
2022-01-17 22:00:00;0.0;0.0;0.0;-2.06;47.9;2.28;
2022-01-17 23:00:00;0.0;0.0;0.0;-3.04;51.8;2.55;
2022-01-18 00:00:00;0.0;0.0;0.0;-3.45;53.9;2.34;
2022-01-18 01:00:00;0.0;0.0;0.0;-3.78;53.9;2.21;
2022-01-18 02:00:00;0.0;0.0;0.0;-4.36;56.1;2.21;
2022-01-18 03:00:00;0.0;0.0;0.0;-4.75;60.85;2.07;
2022-01-18 04:00:00;0.0;0.0;0.0;-4.94;63.45;1.93;
2022-01-18 05:00:00;0.0;0.0;0.0;-4.77;63.45;1.72;
2022-01-18 06:00:00;0.0;0.0;0.0;-3.7;61.1;1.24;
2022-01-18 07:00:00;0.0;0.0;0.0;-3.25;58.75;0.9;
2022-01-18 08:00:00;115.0;275.02;69.0;-3.06;61.2;0.76;
2022-01-18 09:00:00;240.0;458.0;109.0;-0.78;54.7;0.48;
2022-01-18 10:00:00;351.0;656.98;109.0;1.32;45.0;0.48;
2022-01-18 11:00:00;407.0;743.95;103.0;2.77;38.55;0.62;
2022-01-18 12:00:00;409.0;786.91;91.0;3.66;35.6;0.83;
2022-01-18 13:00:00;348.0;740.62;85.0;4.04;35.6;1.17;
2022-01-18 14:00:00;142.0;79.26;121.0;3.97;34.15;1.31;
2022-01-18 15:00:00;56.0;28.61;52.0;3.44;40.15;0.97;
2022-01-18 16:00:00;0.0;0.0;0.0;1.94;51.0;0.97;
2022-01-18 17:00:00;0.0;0.0;0.0;1.17;48.85;1.03;
2022-01-18 18:00:00;0.0;0.0;0.0;0.96;50.75;0.83;
2022-01-18 19:00:00;0.0;0.0;0.0;0.28;50.65;0.62;
2022-01-18 20:00:00;0.0;0.0;0.0;-0.35;54.8;0.83;
2022-01-18 21:00:00;0.0;0.0;0.0;-0.72;56.95;0.9;
2022-01-18 22:00:00;0.0;0.0;0.0;-0.99;59.2;0.9;
2022-01-18 23:00:00;0.0;0.0;0.0;-1.16;61.65;0.9;
2022-01-19 00:00:00;0.0;0.0;0.0;-1.72;61.55;1.03;
2022-01-19 01:00:00;0.0;0.0;0.0;-2.64;66.6;1.38;
2022-01-19 02:00:00;0.0;0.0;0.0;-3.76;72.05;1.72;
2022-01-19 03:00:00;0.0;0.0;0.0;-4.26;74.95;1.79;
2022-01-19 04:00:00;0.0;0.0;0.0;-4.48;78.0;1.72;
2022-01-19 05:00:00;0.0;0.0;0.0;-4.67;78.0;1.72;
2022-01-19 06:00:00;0.0;0.0;0.0;-4.74;78.0;1.66;
2022-01-19 07:00:00;0.0;0.0;0.0;-3.56;72.05;0.76;
2022-01-19 08:00:00;101.0;171.08;72.0;-2.77;69.35;0.55;
2022-01-19 09:00:00;180.0;152.46;136.0;-0.5;59.35;0.48;
2022-01-19 10:00:00;385.0;883.49;57.0;1.46;45.0;0.76;
2022-01-19 11:00:00;417.0;815.9;81.0;2.72;38.55;0.69;
2022-01-19 12:00:00;412.0;812.21;81.0;3.55;40.15;0.34;
2022-01-19 13:00:00;349.0;749.95;80.0;3.96;40.3;0.0;
2022-01-19 14:00:00;237.0;591.92;78.0;4.03;40.3;0.21;
2022-01-19 15:00:00;105.0;404.3;47.0;3.79;40.3;0.21;
2022-01-19 16:00:00;0.0;0.0;0.0;2.99;43.6;0.62;
2022-01-19 17:00:00;0.0;0.0;0.0;1.54;48.85;0.97;
2022-01-19 18:00:00;0.0;0.0;0.0;-0.81;59.35;1.24;
2022-01-19 19:00:00;0.0;0.0;0.0;-3.38;75.1;1.86;
2022-01-19 20:00:00;0.0;0.0;0.0;-3.82;78.15;1.86;
2022-01-19 21:00:00;0.0;0.0;0.0;-4.01;81.3;1.93;
2022-01-19 22:00:00;0.0;0.0;0.0;-4.15;81.3;1.86;
2022-01-19 23:00:00;0.0;0.0;0.0;-4.2;81.3;1.66;
2022-01-20 00:00:00;0.0;0.0;0.0;-3.95;84.65;1.45;
2022-01-20 01:00:00;0.0;0.0;0.0;-3.84;81.4;1.31;
2022-01-20 02:00:00;0.0;0.0;0.0;-3.5;84.7;1.24;
2022-01-20 03:00:00;0.0;0.0;0.0;-3.3;81.45;1.1;
2022-01-20 04:00:00;0.0;0.0;0.0;-2.67;78.3;0.9;
2022-01-20 05:00:00;0.0;0.0;0.0;-2.27;75.3;0.69;
2022-01-20 06:00:00;0.0;0.0;0.0;-2.29;75.3;0.76;
2022-01-20 07:00:00;0.0;0.0;0.0;-3.2;81.45;0.83;
2022-01-20 08:00:00;114.0;261.83;69.0;-2.46;81.5;0.55;
2022-01-20 09:00:00;246.0;490.91;103.0;-0.3;67.1;0.55;
2022-01-20 10:00:00;244.0;165.66;182.0;1.54;57.45;0.55;
2022-01-20 11:00:00;177.0;16.86;170.0;2.9;53.4;0.69;
2022-01-20 12:00:00;182.0;21.9;173.0;3.84;53.5;0.62;
2022-01-20 13:00:00;205.0;91.07;172.0;4.29;53.65;0.55;
2022-01-20 14:00:00;160.0;128.51;125.0;4.45;55.85;0.69;
2022-01-20 15:00:00;85.0;169.85;60.0;4.18;55.85;0.69;
2022-01-20 16:00:00;0.0;0.0;0.0;2.81;70.4;0.83;
2022-01-20 17:00:00;0.0;0.0;0.0;1.79;64.9;0.97;
2022-01-20 18:00:00;0.0;0.0;0.0;0.88;70.05;0.97;
2022-01-20 19:00:00;0.0;0.0;0.0;-2.46;84.85;1.59;
2022-01-20 20:00:00;0.0;0.0;0.0;-2.64;84.85;1.52;
2022-01-20 21:00:00;0.0;0.0;0.0;-2.76;84.85;1.45;
2022-01-20 22:00:00;0.0;0.0;0.0;-2.7;84.85;1.38;
2022-01-20 23:00:00;0.0;0.0;0.0;-2.44;84.85;1.1;
2022-01-21 00:00:00;0.0;0.0;0.0;-2.24;84.85;0.97;
2022-01-21 01:00:00;0.0;0.0;0.0;-2.24;84.85;0.97;
2022-01-21 02:00:00;0.0;0.0;0.0;-2.62;88.25;0.97;
2022-01-21 03:00:00;0.0;0.0;0.0;-2.62;88.25;0.9;
2022-01-21 04:00:00;0.0;0.0;0.0;-2.17;88.3;0.55;
2022-01-21 05:00:00;0.0;0.0;0.0;-2.61;91.85;0.34;
2022-01-21 06:00:00;0.0;0.0;0.0;-3.01;95.55;0.41;
2022-01-21 07:00:00;0.0;0.0;0.0;-4.51;95.5;1.1;
2022-01-21 08:00:00;135.0;435.96;59.0;-3.66;91.8;1.03;
2022-01-21 09:00:00;277.0;710.67;68.0;-0.28;78.65;1.45;
2022-01-21 10:00:00;370.0;760.54;83.0;2.0;70.2;1.93;
2022-01-21 11:00:00;425.0;829.19;78.0;3.57;67.7;2.21;
2022-01-21 12:00:00;420.0;827.23;77.0;4.68;62.95;2.34;
2022-01-21 13:00:00;358.0;764.82;78.0;5.25;63.05;2.41;
2022-01-21 14:00:00;255.0;687.99;65.0;5.32;63.05;2.28;
2022-01-21 15:00:00;117.0;490.15;43.0;4.67;65.4;1.86;
2022-01-21 16:00:00;0.0;0.0;0.0;2.88;73.2;2.62;
2022-01-21 17:00:00;0.0;0.0;0.0;0.75;78.8;2.48;
2022-01-21 18:00:00;0.0;0.0;0.0;-0.54;85.05;2.21;
2022-01-21 19:00:00;0.0;0.0;0.0;-1.63;88.35;2.21;
2022-01-21 20:00:00;0.0;0.0;0.0;-2.17;88.3;2.07;
2022-01-21 21:00:00;0.0;0.0;0.0;-2.66;88.25;2.07;
2022-01-21 22:00:00;0.0;0.0;0.0;-3.09;91.8;1.86;
2022-01-21 23:00:00;0.0;0.0;0.0;-3.62;91.8;1.79;
2022-01-22 00:00:00;0.0;0.0;0.0;-3.89;88.2;1.59;
2022-01-22 01:00:00;0.0;0.0;0.0;-3.99;91.75;1.52;
2022-01-22 02:00:00;0.0;0.0;0.0;-3.94;91.75;1.45;
2022-01-22 03:00:00;0.0;0.0;0.0;-2.74;88.25;0.9;
2022-01-22 04:00:00;0.0;0.0;0.0;-2.18;88.3;0.41;
2022-01-22 05:00:00;0.0;0.0;0.0;-2.16;88.3;0.34;
2022-01-22 06:00:00;0.0;0.0;0.0;-2.29;88.3;0.62;
2022-01-22 07:00:00;7.0;0.0;7.0;-3.89;91.8;1.1;
2022-01-22 08:00:00;140.0;486.15;54.0;-2.75;91.85;0.76;
2022-01-22 09:00:00;272.0;653.23;78.0;-0.1;85.1;0.83;
2022-01-22 10:00:00;372.0;756.76;84.0;1.78;75.95;0.69;
2022-01-22 11:00:00;425.0;812.89;82.0;3.19;70.4;0.34;
2022-01-22 12:00:00;423.0;822.33;79.0;4.31;67.9;0.97;
2022-01-22 13:00:00;363.0;775.85;76.0;4.79;65.4;1.52;
2022-01-22 14:00:00;255.0;660.61;70.0;4.95;65.4;1.86;
2022-01-22 15:00:00;120.0;490.88;44.0;4.58;67.9;1.66;
2022-01-22 16:00:00;0.0;0.0;0.0;3.6;73.2;2.0;
2022-01-22 17:00:00;0.0;0.0;0.0;2.21;76.0;2.07;
2022-01-22 18:00:00;0.0;0.0;0.0;1.11;82.0;1.79;
2022-01-22 19:00:00;0.0;0.0;0.0;-0.58;91.95;1.45;
2022-01-22 20:00:00;0.0;0.0;0.0;-0.68;91.95;1.03;
2022-01-22 21:00:00;0.0;0.0;0.0;-0.6;91.95;0.83;
2022-01-22 22:00:00;0.0;0.0;0.0;-0.96;91.95;0.83;
2022-01-22 23:00:00;0.0;0.0;0.0;-1.0;91.95;0.83;
2022-01-23 00:00:00;0.0;0.0;0.0;-0.67;91.95;0.55;
2022-01-23 01:00:00;0.0;0.0;0.0;-0.63;91.95;0.83;
2022-01-23 02:00:00;0.0;0.0;0.0;-0.53;91.95;0.9;
2022-01-23 03:00:00;0.0;0.0;0.0;-1.07;91.95;1.1;
2022-01-23 04:00:00;0.0;0.0;0.0;-1.8;91.9;1.38;
2022-01-23 05:00:00;0.0;0.0;0.0;-2.47;95.55;1.66;
2022-01-23 06:00:00;0.0;0.0;0.0;-3.12;95.55;1.59;
2022-01-23 07:00:00;6.0;0.0;6.0;-2.48;95.55;1.17;
2022-01-23 08:00:00;146.0;529.01;51.0;-0.85;88.45;0.48;
2022-01-23 09:00:00;280.0;693.36;72.0;1.49;82.0;0.76;
2022-01-23 10:00:00;375.0;755.46;85.0;3.68;76.15;0.83;
2022-01-23 11:00:00;431.0;824.87;80.0;5.18;70.8;1.17;
2022-01-23 12:00:00;426.0;822.1;79.0;6.35;65.75;1.52;
2022-01-23 13:00:00;367.0;775.78;77.0;7.19;63.5;1.59;
2022-01-23 14:00:00;277.0;802.85;49.0;7.58;63.5;0.0;
2022-01-23 15:00:00;134.0;623.69;35.0;7.35;63.5;0.0;
2022-01-23 16:00:00;0.0;0.0;0.0;6.06;70.85;2.07;
2022-01-23 17:00:00;0.0;0.0;0.0;3.58;79.1;2.28;
2022-01-23 18:00:00;0.0;0.0;0.0;1.47;82.0;2.21;
2022-01-23 19:00:00;0.0;0.0;0.0;2.38;73.1;0.69;
2022-01-23 20:00:00;0.0;0.0;0.0;1.91;75.95;0.62;
2022-01-23 21:00:00;0.0;0.0;0.0;0.75;78.8;1.03;
2022-01-23 22:00:00;0.0;0.0;0.0;0.68;78.8;0.9;
2022-01-23 23:00:00;0.0;0.0;0.0;0.36;81.9;0.83;
2022-01-24 00:00:00;0.0;0.0;0.0;-1.2;85.0;1.31;
2022-01-24 01:00:00;0.0;0.0;0.0;-1.56;88.35;1.38;
2022-01-24 02:00:00;0.0;0.0;0.0;-1.14;85.0;1.17;
2022-01-24 03:00:00;0.0;0.0;0.0;-0.44;85.05;0.9;
2022-01-24 04:00:00;0.0;0.0;0.0;-0.5;85.05;0.41;
2022-01-24 05:00:00;0.0;0.0;0.0;-0.75;85.05;0.21;
2022-01-24 06:00:00;0.0;0.0;0.0;-1.18;85.0;0.69;
2022-01-24 07:00:00;8.0;0.0;8.0;-1.67;88.35;0.97;
2022-01-24 08:00:00;156.0;608.66;45.0;-0.44;85.05;0.55;
2022-01-24 09:00:00;267.0;564.18;96.0;2.09;78.95;0.76;
2022-01-24 10:00:00;376.0;730.75;93.0;4.85;70.7;0.9;
2022-01-24 11:00:00;438.0;841.15;77.0;7.18;63.5;0.97;
2022-01-24 12:00:00;432.0;828.76;79.0;8.8;56.9;0.62;
2022-01-24 13:00:00;388.0;873.51;58.0;9.91;55.05;0.48;
2022-01-24 14:00:00;254.0;586.81;85.0;10.37;55.15;0.48;
2022-01-24 15:00:00;128.0;504.01;46.0;10.02;61.65;0.97;
2022-01-24 16:00:00;0.0;0.0;0.0;7.77;71.25;1.66;
2022-01-24 17:00:00;0.0;0.0;0.0;4.49;85.5;2.0;
2022-01-24 18:00:00;0.0;0.0;0.0;3.38;85.4;1.66;
2022-01-24 19:00:00;0.0;0.0;0.0;5.19;79.35;1.1;
2022-01-24 20:00:00;0.0;0.0;0.0;4.74;79.3;0.97;
2022-01-24 21:00:00;0.0;0.0;0.0;4.35;82.3;0.97;
2022-01-24 22:00:00;0.0;0.0;0.0;3.47;85.4;1.03;
2022-01-24 23:00:00;0.0;0.0;0.0;3.33;82.2;0.83;
2022-01-25 00:00:00;0.0;0.0;0.0;2.98;82.2;0.41;
2022-01-25 01:00:00;0.0;0.0;0.0;2.86;82.2;0.07;
2022-01-25 02:00:00;0.0;0.0;0.0;2.6;82.15;0.28;
2022-01-25 03:00:00;0.0;0.0;0.0;2.0;85.3;0.28;
2022-01-25 04:00:00;0.0;0.0;0.0;1.46;88.6;0.28;
2022-01-25 05:00:00;0.0;0.0;0.0;1.11;88.6;0.48;
2022-01-25 06:00:00;0.0;0.0;0.0;0.8;92.05;0.83;
2022-01-25 07:00:00;9.0;0.0;9.0;1.17;92.05;1.1;
2022-01-25 08:00:00;148.0;518.2;52.0;2.03;95.65;0.76;
2022-01-25 09:00:00;282.0;688.87;71.0;3.43;95.7;0.62;
2022-01-25 10:00:00;378.0;754.92;83.0;5.71;85.65;0.76;
2022-01-25 11:00:00;431.0;808.47;81.0;6.61;85.7;0.9;
2022-01-25 12:00:00;427.0;807.23;80.0;7.67;85.8;1.03;
2022-01-25 13:00:00;369.0;759.51;79.0;8.66;82.75;0.97;
2022-01-25 14:00:00;265.0;674.49;68.0;9.3;79.9;0.9;
2022-01-25 15:00:00;130.0;503.85;46.0;9.38;79.9;0.83;
2022-01-25 16:00:00;0.0;0.0;0.0;8.39;85.9;1.66;
2022-01-25 17:00:00;0.0;0.0;0.0;6.39;95.8;1.79;
2022-01-25 18:00:00;0.0;0.0;0.0;4.61;99.4;1.59;
2022-01-25 19:00:00;0.0;0.0;0.0;8.32;82.75;0.14;
2022-01-25 20:00:00;0.0;0.0;0.0;7.81;85.85;0.48;
2022-01-25 21:00:00;0.0;0.0;0.0;7.31;89.0;0.55;
2022-01-25 22:00:00;0.0;0.0;0.0;6.86;89.0;0.76;
2022-01-25 23:00:00;0.0;0.0;0.0;6.04;95.75;0.97;
2022-01-26 00:00:00;0.0;0.0;0.0;3.74;99.4;1.31;
2022-01-26 01:00:00;0.0;0.0;0.0;2.87;99.4;1.17;
2022-01-26 02:00:00;0.0;0.0;0.0;3.26;99.4;0.9;
2022-01-26 03:00:00;0.0;0.0;0.0;2.72;95.7;1.03;
2022-01-26 04:00:00;0.0;0.0;0.0;2.67;95.7;1.31;
2022-01-26 05:00:00;0.0;0.0;0.0;3.14;99.4;1.31;
2022-01-26 06:00:00;0.0;0.0;0.0;3.41;100.0;1.17;
2022-01-26 07:00:00;10.0;0.0;10.0;4.37;99.4;1.03;
2022-01-26 08:00:00;143.0;435.59;61.0;4.71;99.4;1.24;
2022-01-26 09:00:00;277.0;626.61;83.0;6.5;99.4;1.31;
2022-01-26 10:00:00;354.0;585.76;123.0;7.71;92.4;1.24;
2022-01-26 11:00:00;397.0;593.02;138.0;8.97;89.1;1.03;
2022-01-26 12:00:00;392.0;578.51;141.0;10.19;86.0;1.03;
2022-01-26 13:00:00;366.0;717.73;89.0;11.5;80.15;1.1;
2022-01-26 14:00:00;234.0;411.88;112.0;12.35;77.45;1.17;
2022-01-26 15:00:00;106.0;222.5;68.0;12.39;77.45;0.76;
2022-01-26 16:00:00;0.0;0.0;0.0;11.01;86.1;1.31;
2022-01-26 17:00:00;0.0;0.0;0.0;8.68;95.85;1.52;
2022-01-26 18:00:00;0.0;0.0;0.0;7.31;95.8;1.38;
2022-01-26 19:00:00;0.0;0.0;0.0;6.78;92.35;2.41;
2022-01-26 20:00:00;0.0;0.0;0.0;6.51;92.3;2.21;
2022-01-26 21:00:00;0.0;0.0;0.0;6.93;92.35;1.79;
2022-01-26 22:00:00;0.0;0.0;0.0;8.49;89.1;1.31;
2022-01-26 23:00:00;0.0;0.0;0.0;9.06;85.95;0.76;
2022-01-27 00:00:00;0.0;0.0;0.0;8.25;89.1;0.69;
2022-01-27 01:00:00;0.0;0.0;0.0;6.97;95.8;1.17;
2022-01-27 02:00:00;0.0;0.0;0.0;4.7;99.4;1.38;
2022-01-27 03:00:00;0.0;0.0;0.0;4.04;100.0;1.24;
2022-01-27 04:00:00;0.0;0.0;0.0;4.37;99.4;1.24;
2022-01-27 05:00:00;0.0;0.0;0.0;4.55;100.0;1.17;
2022-01-27 06:00:00;0.0;0.0;0.0;5.0;100.0;1.03;
2022-01-27 07:00:00;9.0;0.0;9.0;4.6;100.0;1.17;
2022-01-27 08:00:00;67.0;10.45;65.0;5.1;100.0;0.0;
2022-01-27 09:00:00;77.0;0.0;77.0;6.42;99.4;0.0;
2022-01-27 10:00:00;73.0;0.0;73.0;8.29;92.4;0.97;
2022-01-27 11:00:00;244.0;79.43;209.0;9.26;92.45;1.1;
2022-01-27 12:00:00;205.0;31.97;191.0;10.17;89.2;1.31;
2022-01-27 13:00:00;182.0;35.89;168.0;10.58;89.25;1.38;
2022-01-27 14:00:00;127.0;23.3;120.0;11.03;86.1;1.86;
2022-01-27 15:00:00;56.0;5.72;55.0;10.99;86.1;2.14;
2022-01-27 16:00:00;0.0;0.0;0.0;10.18;92.5;2.0;
2022-01-27 17:00:00;0.0;0.0;0.0;9.19;92.45;2.07;
2022-01-27 18:00:00;0.0;0.0;0.0;8.5;95.85;1.86;
2022-01-27 19:00:00;0.0;0.0;0.0;7.9;95.8;1.52;
2022-01-27 20:00:00;0.0;0.0;0.0;7.25;95.8;1.79;
2022-01-27 21:00:00;0.0;0.0;0.0;7.19;95.8;1.66;
2022-01-27 22:00:00;0.0;0.0;0.0;6.74;95.8;1.86;
2022-01-27 23:00:00;0.0;0.0;0.0;6.81;99.4;1.66;
2022-01-28 00:00:00;0.0;0.0;0.0;6.72;99.4;1.66;
2022-01-28 01:00:00;0.0;0.0;0.0;6.85;99.4;1.72;
2022-01-28 02:00:00;0.0;0.0;0.0;6.97;99.4;1.72;
2022-01-28 03:00:00;0.0;0.0;0.0;7.23;95.8;1.66;
2022-01-28 04:00:00;0.0;0.0;0.0;7.05;99.4;1.59;
2022-01-28 05:00:00;0.0;0.0;0.0;7.03;99.4;1.52;
2022-01-28 06:00:00;0.0;0.0;0.0;7.13;99.4;0.0;
2022-01-28 07:00:00;8.0;0.0;8.0;7.31;95.8;0.0;
2022-01-28 08:00:00;62.0;5.14;61.0;7.69;95.8;0.69;
2022-01-28 09:00:00;81.0;0.0;81.0;8.7;95.85;0.62;
2022-01-28 10:00:00;107.0;0.0;107.0;9.44;92.45;0.76;
2022-01-28 11:00:00;95.0;0.0;95.0;10.66;89.25;0.48;
2022-01-28 12:00:00;87.0;0.0;87.0;11.21;86.1;0.41;
2022-01-28 13:00:00;132.0;2.54;131.0;11.8;80.2;0.62;
2022-01-28 14:00:00;145.0;49.24;130.0;12.37;77.45;0.97;
2022-01-28 15:00:00;55.0;5.58;54.0;12.36;77.45;1.17;
2022-01-28 16:00:00;0.0;0.0;0.0;11.78;80.2;1.59;
2022-01-28 17:00:00;0.0;0.0;0.0;10.79;83.05;1.86;
2022-01-28 18:00:00;0.0;0.0;0.0;9.85;89.2;1.79;
2022-01-28 19:00:00;0.0;0.0;0.0;9.66;92.45;0.9;
2022-01-28 20:00:00;0.0;0.0;0.0;8.94;92.45;0.97;
2022-01-28 21:00:00;0.0;0.0;0.0;7.87;95.8;1.17;
2022-01-28 22:00:00;0.0;0.0;0.0;7.4;95.8;1.31;
2022-01-28 23:00:00;0.0;0.0;0.0;7.04;99.4;1.59;
2022-01-29 00:00:00;0.0;0.0;0.0;7.44;95.8;1.52;
2022-01-29 01:00:00;0.0;0.0;0.0;7.47;99.4;1.52;
2022-01-29 02:00:00;0.0;0.0;0.0;7.24;95.8;1.59;
2022-01-29 03:00:00;0.0;0.0;0.0;7.49;99.4;1.38;
2022-01-29 04:00:00;0.0;0.0;0.0;7.62;99.4;1.31;
2022-01-29 05:00:00;0.0;0.0;0.0;7.73;95.8;1.03;
2022-01-29 06:00:00;0.0;0.0;0.0;8.73;85.95;0.34;
2022-01-29 07:00:00;8.0;0.0;8.0;8.96;89.1;0.55;
2022-01-29 08:00:00;26.0;0.0;26.0;8.7;92.45;0.76;
2022-01-29 09:00:00;113.0;6.25;111.0;9.89;89.2;0.9;
2022-01-29 10:00:00;360.0;569.43;129.0;11.2;86.1;1.03;
2022-01-29 11:00:00;224.0;46.8;203.0;12.24;80.3;1.31;
2022-01-29 12:00:00;421.0;690.07;113.0;13.27;72.2;2.07;
2022-01-29 13:00:00;389.0;790.16;74.0;13.85;69.65;2.41;
2022-01-29 14:00:00;282.0;695.94;67.0;14.19;69.65;2.21;
2022-01-29 15:00:00;147.0;556.48;45.0;13.92;69.65;1.52;
2022-01-29 16:00:00;6.0;0.0;6.0;13.39;69.65;1.38;
2022-01-29 17:00:00;0.0;0.0;0.0;11.77;80.2;1.1;
2022-01-29 18:00:00;0.0;0.0;0.0;11.89;77.35;0.76;
2022-01-29 19:00:00;0.0;0.0;0.0;8.63;92.4;2.41;
2022-01-29 20:00:00;0.0;0.0;0.0;8.02;92.4;1.93;
2022-01-29 21:00:00;0.0;0.0;0.0;8.72;89.1;1.31;
2022-01-29 22:00:00;0.0;0.0;0.0;9.25;85.95;0.9;
2022-01-29 23:00:00;0.0;0.0;0.0;9.62;89.15;0.69;
2022-01-30 00:00:00;0.0;0.0;0.0;9.52;89.15;0.28;
2022-01-30 01:00:00;0.0;0.0;0.0;9.11;92.45;0.9;
2022-01-30 02:00:00;0.0;0.0;0.0;5.87;99.4;1.72;
2022-01-30 03:00:00;0.0;0.0;0.0;5.32;99.4;1.79;
2022-01-30 04:00:00;0.0;0.0;0.0;5.88;99.4;1.52;
2022-01-30 05:00:00;0.0;0.0;0.0;6.04;100.0;1.45;
2022-01-30 06:00:00;0.0;0.0;0.0;6.29;99.4;1.24;
2022-01-30 07:00:00;17.0;59.61;14.0;6.43;95.8;1.66;
2022-01-30 08:00:00;70.0;9.94;68.0;6.65;99.4;1.66;
2022-01-30 09:00:00;90.0;0.0;90.0;7.75;92.4;1.59;
2022-01-30 10:00:00;202.0;46.39;183.0;8.54;92.4;1.59;
2022-01-30 11:00:00;85.0;0.0;85.0;9.02;92.45;1.45;
2022-01-30 12:00:00;84.0;0.0;84.0;9.65;92.45;1.24;
2022-01-30 13:00:00;35.0;0.0;35.0;10.07;89.2;1.31;
2022-01-30 14:00:00;132.0;22.34;125.0;10.55;89.25;1.1;
2022-01-30 15:00:00;47.0;0.0;47.0;10.11;95.9;1.31;
2022-01-30 16:00:00;7.0;0.0;7.0;9.52;95.85;1.52;
2022-01-30 17:00:00;0.0;0.0;0.0;8.71;95.85;1.66;
2022-01-30 18:00:00;0.0;0.0;0.0;8.22;95.85;1.66;
2022-01-30 19:00:00;0.0;0.0;0.0;8.33;95.85;2.07;
2022-01-30 20:00:00;0.0;0.0;0.0;8.11;99.4;2.21;
2022-01-30 21:00:00;0.0;0.0;0.0;7.78;95.8;2.14;
2022-01-30 22:00:00;0.0;0.0;0.0;7.58;99.4;2.0;
2022-01-30 23:00:00;0.0;0.0;0.0;7.21;95.8;1.93;
2022-01-31 00:00:00;0.0;0.0;0.0;7.18;95.8;1.66;
2022-01-31 01:00:00;0.0;0.0;0.0;7.09;99.4;1.03;
2022-01-31 02:00:00;0.0;0.0;0.0;7.02;99.4;0.83;
2022-01-31 03:00:00;0.0;0.0;0.0;7.15;99.4;0.69;
2022-01-31 04:00:00;0.0;0.0;0.0;7.19;95.8;1.1;
2022-01-31 05:00:00;0.0;0.0;0.0;7.06;95.8;0.76;
2022-01-31 06:00:00;0.0;0.0;0.0;7.19;92.35;0.69;
2022-01-31 07:00:00;13.0;0.0;13.0;7.0;95.8;0.83;
2022-01-31 08:00:00;100.0;73.27;85.0;7.37;95.8;0.69;
2022-01-31 09:00:00;134.0;18.32;128.0;8.94;92.45;0.48;
2022-01-31 10:00:00;108.0;0.0;108.0;10.16;86.0;0.76;
2022-01-31 11:00:00;156.0;2.19;155.0;11.42;77.3;1.03;
2022-01-31 12:00:00;210.0;30.77;196.0;12.34;72.05;1.31;
2022-01-31 13:00:00;196.0;41.73;179.0;12.84;69.55;1.03;
2022-01-31 14:00:00;216.0;239.23;140.0;12.78;69.55;0.34;
2022-01-31 15:00:00;156.0;568.15;47.0;12.72;72.05;0.76;
2022-01-31 16:00:00;9.0;0.0;9.0;11.63;81.86;1.56;
2022-01-31 17:00:00;0.0;0.0;0.0;10.64;83.36;1.5;
2022-01-31 18:00:00;0.0;0.0;0.0;9.66;84.86;1.43;
2022-01-31 19:00:00;0.0;0.0;0.0;8.67;86.36;1.36;
2022-01-31 20:00:00;0.0;0.0;0.0;7.69;87.87;1.3;
2022-01-31 21:00:00;0.0;0.0;0.0;6.7;89.37;1.23;
2022-01-31 22:00:00;0.0;0.0;0.0;5.72;90.87;1.16;
2022-01-31 23:00:00;0.0;0.0;0.0;4.73;92.37;1.1;
2022-02-01 00:00:00;0.0;0.0;0.0;3.75;93.87;1.03;
2022-02-01 01:00:00;0.0;0.0;0.0;2.76;95.37;0.97;
2022-02-01 02:00:00;0.0;0.0;0.0;1.78;96.87;0.9;
2022-02-01 03:00:00;0.0;0.0;0.0;0.79;98.37;0.83;
2022-02-01 04:00:00;0.0;0.0;0.0;-0.19;99.87;0.77;
2022-02-01 05:00:00;0.0;0.0;0.0;-1.18;100.0;0.7;
2022-02-01 06:00:00;0.0;0.0;0.0;-2.16;100.0;0.63;
2022-02-01 07:00:00;19.0;52.81;16.0;-3.15;100.0;0.57;
2022-02-01 08:00:00;102.0;67.21;88.0;0.69;99.4;0.62;
2022-02-01 09:00:00;141.0;21.12;134.0;1.77;95.65;1.03;
2022-02-01 10:00:00;178.0;19.15;170.0;2.85;92.15;0.83;
2022-02-01 11:00:00;132.0;0.0;132.0;3.88;88.8;0.48;
2022-02-01 12:00:00;121.0;0.0;121.0;5.15;85.6;0.34;
2022-02-01 13:00:00;145.0;4.86;143.0;5.95;79.5;0.21;
2022-02-01 14:00:00;134.0;21.73;127.0;6.67;82.55;0.28;
2022-02-01 15:00:00;86.0;40.78;78.0;6.86;79.55;0.21;
2022-02-01 16:00:00;9.0;0.0;9.0;6.5;79.5;0.41;
2022-02-01 17:00:00;0.0;0.0;0.0;4.92;85.6;0.83;
2022-02-01 18:00:00;0.0;0.0;0.0;3.74;88.75;1.1;
2022-02-01 19:00:00;0.0;0.0;0.0;2.1;95.65;1.31;
2022-02-01 20:00:00;0.0;0.0;0.0;0.96;95.65;1.31;
2022-02-01 21:00:00;0.0;0.0;0.0;0.7;99.4;1.24;
2022-02-01 22:00:00;0.0;0.0;0.0;-0.04;99.4;1.31;
2022-02-01 23:00:00;0.0;0.0;0.0;-1.07;99.4;1.59;
2022-02-02 00:00:00;0.0;0.0;0.0;-1.53;99.4;1.1;
2022-02-02 01:00:00;0.0;0.0;0.0;-1.83;100.0;0.48;
2022-02-02 02:00:00;0.0;0.0;0.0;-1.51;99.4;0.28;
2022-02-02 03:00:00;0.0;0.0;0.0;-1.85;99.4;0.55;
2022-02-02 04:00:00;0.0;0.0;0.0;-2.05;99.4;0.97;
2022-02-02 05:00:00;0.0;0.0;0.0;-1.81;100.0;0.83;
2022-02-02 06:00:00;0.0;0.0;0.0;-1.88;99.4;0.48;
2022-02-02 07:00:00;22.0;49.84;19.0;-1.63;99.4;1.17;
2022-02-02 08:00:00;102.0;61.32;89.0;-0.75;99.4;0.83;
2022-02-02 09:00:00;143.0;20.87;136.0;0.65;95.65;0.62;
2022-02-02 10:00:00;147.0;2.37;146.0;2.13;92.1;0.76;
2022-02-02 11:00:00;163.0;2.15;162.0;4.03;85.5;1.1;
2022-02-02 12:00:00;118.0;0.0;118.0;5.94;76.55;1.31;
2022-02-02 13:00:00;115.0;0.0;115.0;7.49;73.9;1.31;
2022-02-02 14:00:00;109.0;3.06;108.0;8.31;73.95;1.31;
2022-02-02 15:00:00;76.0;19.94;72.0;8.44;71.35;1.24;
2022-02-02 16:00:00;10.0;0.0;10.0;7.75;76.7;1.52;
2022-02-02 17:00:00;0.0;0.0;0.0;5.46;82.5;1.93;
2022-02-02 18:00:00;0.0;0.0;0.0;2.95;88.7;2.07;
2022-02-02 19:00:00;0.0;0.0;0.0;4.24;88.8;0.41;
2022-02-02 20:00:00;0.0;0.0;0.0;3.71;88.75;0.48;
2022-02-02 21:00:00;0.0;0.0;0.0;3.08;92.15;0.55;
2022-02-02 22:00:00;0.0;0.0;0.0;2.44;92.15;0.76;
2022-02-02 23:00:00;0.0;0.0;0.0;-1.55;99.4;1.66;
2022-02-03 00:00:00;0.0;0.0;0.0;-2.8;100.0;1.59;
2022-02-03 01:00:00;0.0;0.0;0.0;-2.68;99.4;1.38;
2022-02-03 02:00:00;0.0;0.0;0.0;-2.47;99.4;1.24;
2022-02-03 03:00:00;0.0;0.0;0.0;-2.39;99.4;1.17;
2022-02-03 04:00:00;0.0;0.0;0.0;-2.39;99.4;1.03;
2022-02-03 05:00:00;0.0;0.0;0.0;-2.05;99.4;1.03;
2022-02-03 06:00:00;0.0;0.0;0.0;-1.91;99.4;1.1;
2022-02-03 07:00:00;25.0;78.51;20.0;-2.04;99.4;1.17;
2022-02-03 08:00:00;110.0;78.79;93.0;-0.77;99.4;1.52;
2022-02-03 09:00:00;181.0;70.71;157.0;0.8;92.05;1.86;
2022-02-03 10:00:00;208.0;39.89;191.0;2.35;85.35;2.0;
2022-02-03 11:00:00;217.0;25.52;205.0;3.87;82.3;2.07;
2022-02-03 12:00:00;173.0;4.27;171.0;5.24;79.35;2.0;
2022-02-03 13:00:00;154.0;4.75;152.0;6.51;73.7;1.86;
2022-02-03 14:00:00;196.0;120.8;156.0;7.26;71.05;1.72;
2022-02-03 15:00:00;90.0;43.91;81.0;7.34;68.5;1.59;
2022-02-03 16:00:00;14.0;0.0;14.0;6.72;73.7;1.45;
2022-02-03 17:00:00;0.0;0.0;0.0;4.76;85.55;1.38;
2022-02-03 18:00:00;0.0;0.0;0.0;3.51;82.25;1.38;
2022-02-03 19:00:00;0.0;0.0;0.0;1.53;88.6;1.45;
2022-02-03 20:00:00;0.0;0.0;0.0;0.45;92.0;1.52;
2022-02-03 21:00:00;0.0;0.0;0.0;1.06;92.05;1.17;
2022-02-03 22:00:00;0.0;0.0;0.0;-0.61;95.6;1.52;
2022-02-03 23:00:00;0.0;0.0;0.0;-0.67;91.95;1.45;
2022-02-04 00:00:00;0.0;0.0;0.0;0.3;88.5;1.1;
2022-02-04 01:00:00;0.0;0.0;0.0;-0.27;95.6;1.1;
2022-02-04 02:00:00;0.0;0.0;0.0;-1.07;95.6;1.03;
2022-02-04 03:00:00;0.0;0.0;0.0;-1.48;95.6;0.97;
2022-02-04 04:00:00;0.0;0.0;0.0;-1.7;95.6;0.83;
2022-02-04 05:00:00;0.0;0.0;0.0;-2.13;99.4;0.83;
2022-02-04 06:00:00;0.0;0.0;0.0;-3.01;99.4;1.03;
2022-02-04 07:00:00;28.0;89.2;22.0;-1.93;99.4;0.48;
2022-02-04 08:00:00;159.0;323.27;88.0;-1.2;99.4;0.55;
2022-02-04 09:00:00;294.0;491.94;125.0;1.53;88.6;0.76;
2022-02-04 10:00:00;428.0;764.16;99.0;4.25;79.2;1.1;
2022-02-04 11:00:00;483.0;800.5;103.0;6.75;73.7;1.38;
2022-02-04 12:00:00;473.0;761.06;113.0;8.53;63.7;1.17;
2022-02-04 13:00:00;414.0;716.62;109.0;9.68;59.25;0.48;
2022-02-04 14:00:00;319.0;708.97;81.0;10.25;59.35;0.14;
2022-02-04 15:00:00;170.0;506.17;64.0;10.3;59.35;0.48;
2022-02-04 16:00:00;16.0;0.0;16.0;9.41;68.9;0.9;
2022-02-04 17:00:00;0.0;0.0;0.0;7.72;68.5;1.17;
2022-02-04 18:00:00;0.0;0.0;0.0;7.55;68.5;0.83;
2022-02-04 19:00:00;0.0;0.0;0.0;5.24;76.4;0.9;
2022-02-04 20:00:00;0.0;0.0;0.0;3.48;82.25;1.1;
2022-02-04 21:00:00;0.0;0.0;0.0;2.79;82.2;1.03;
2022-02-04 22:00:00;0.0;0.0;0.0;2.2;88.65;0.69;
2022-02-04 23:00:00;0.0;0.0;0.0;1.33;88.6;0.9;
2022-02-05 00:00:00;0.0;0.0;0.0;1.01;92.05;0.83;
2022-02-05 01:00:00;0.0;0.0;0.0;0.99;92.05;0.55;
2022-02-05 02:00:00;0.0;0.0;0.0;0.65;95.65;0.69;
2022-02-05 03:00:00;0.0;0.0;0.0;0.04;92.0;1.03;
2022-02-05 04:00:00;0.0;0.0;0.0;-0.22;88.45;1.17;
2022-02-05 05:00:00;0.0;0.0;0.0;-0.56;88.45;1.24;
2022-02-05 06:00:00;0.0;0.0;0.0;-0.84;91.95;1.38;
2022-02-05 07:00:00;41.0;281.93;21.0;-0.86;88.4;1.38;
2022-02-05 08:00:00;192.0;581.43;62.0;1.52;85.25;0.9;
2022-02-05 09:00:00;335.0;730.42;81.0;5.02;70.8;1.03;
2022-02-05 10:00:00;435.0;774.8;98.0;8.23;66.05;1.24;
2022-02-05 11:00:00;495.0;834.61;95.0;10.79;59.5;1.31;
2022-02-05 12:00:00;486.0;801.81;103.0;12.68;57.75;1.52;
2022-02-05 13:00:00;437.0;813.44;87.0;14.06;56.0;1.93;
2022-02-05 14:00:00;322.0;699.38;84.0;14.82;56.15;2.07;
2022-02-05 15:00:00;188.0;626.5;54.0;14.69;62.65;1.72;
2022-02-05 16:00:00;18.0;0.0;18.0;13.26;69.55;2.14;
2022-02-05 17:00:00;0.0;0.0;0.0;10.26;79.95;2.55;
2022-02-05 18:00:00;0.0;0.0;0.0;7.58;85.8;2.76;
2022-02-05 19:00:00;0.0;0.0;0.0;5.95;82.55;2.07;
2022-02-05 20:00:00;0.0;0.0;0.0;5.25;85.6;1.79;
2022-02-05 21:00:00;0.0;0.0;0.0;4.88;82.4;1.59;
2022-02-05 22:00:00;0.0;0.0;0.0;4.97;82.4;1.45;
2022-02-05 23:00:00;0.0;0.0;0.0;5.0;85.6;1.38;
2022-02-06 00:00:00;0.0;0.0;0.0;4.75;85.55;1.24;
2022-02-06 01:00:00;0.0;0.0;0.0;3.82;85.5;1.38;
2022-02-06 02:00:00;0.0;0.0;0.0;2.0;92.1;1.45;
2022-02-06 03:00:00;0.0;0.0;0.0;0.78;95.65;1.24;
2022-02-06 04:00:00;0.0;0.0;0.0;0.25;95.65;1.1;
2022-02-06 05:00:00;0.0;0.0;0.0;0.24;99.4;1.1;
2022-02-06 06:00:00;0.0;0.0;0.0;-0.12;99.4;1.17;
2022-02-06 07:00:00;42.0;240.93;24.0;0.63;99.4;1.17;
2022-02-06 08:00:00;177.0;404.17;85.0;1.56;95.65;0.97;
2022-02-06 09:00:00;338.0;707.33;89.0;4.08;92.2;0.9;
2022-02-06 10:00:00;450.0;812.41;93.0;6.05;85.7;0.62;
2022-02-06 11:00:00;496.0;808.03;105.0;8.5;76.85;0.55;
2022-02-06 12:00:00;492.0;793.99;109.0;11.08;69.15;0.83;
2022-02-06 13:00:00;434.0;763.26;102.0;12.61;64.55;1.31;
2022-02-06 14:00:00;332.0;718.98;84.0;13.54;62.45;1.45;
2022-02-06 15:00:00;182.0;526.59;67.0;13.71;64.75;1.45;
2022-02-06 16:00:00;17.0;0.0;17.0;12.73;72.05;1.45;
2022-02-06 17:00:00;0.0;0.0;0.0;10.39;80.05;1.17;
2022-02-06 18:00:00;0.0;0.0;0.0;10.04;77.1;0.9;
2022-02-06 19:00:00;0.0;0.0;0.0;9.84;77.1;0.41;
2022-02-06 20:00:00;0.0;0.0;0.0;8.59;82.75;0.62;
2022-02-06 21:00:00;0.0;0.0;0.0;7.67;85.8;0.76;
2022-02-06 22:00:00;0.0;0.0;0.0;6.9;82.6;0.48;
2022-02-06 23:00:00;0.0;0.0;0.0;6.21;85.7;0.21;
2022-02-07 00:00:00;0.0;0.0;0.0;5.71;85.65;0.34;
2022-02-07 01:00:00;0.0;0.0;0.0;5.11;85.6;0.55;
2022-02-07 02:00:00;0.0;0.0;0.0;4.48;88.85;0.9;
2022-02-07 03:00:00;0.0;0.0;0.0;2.45;92.15;1.45;
2022-02-07 04:00:00;0.0;0.0;0.0;0.76;95.65;1.59;
2022-02-07 05:00:00;0.0;0.0;0.0;0.52;95.65;1.45;
2022-02-07 06:00:00;0.0;0.0;0.0;0.36;95.65;1.17;
2022-02-07 07:00:00;47.0;292.73;24.0;-0.7;99.4;0.9;
2022-02-07 08:00:00;203.0;604.1;63.0;1.18;99.35;0.9;
2022-02-07 09:00:00;350.0;754.8;81.0;3.87;92.2;1.03;
2022-02-07 10:00:00;453.0;810.84;93.0;6.65;82.55;1.03;
2022-02-07 11:00:00;500.0;806.43;106.0;9.53;71.5;0.97;
2022-02-07 12:00:00;498.0;804.73;106.0;11.88;62.1;1.03;
2022-02-07 13:00:00;436.0;748.2;107.0;13.36;62.3;1.17;
2022-02-07 14:00:00;334.0;709.38;86.0;14.02;60.3;1.1;
2022-02-07 15:00:00;188.0;547.31;66.0;13.91;62.55;1.03;
2022-02-07 16:00:00;21.0;0.0;21.0;12.92;69.55;1.24;
2022-02-07 17:00:00;0.0;0.0;0.0;11.44;71.85;0.97;
2022-02-07 18:00:00;0.0;0.0;0.0;10.38;74.4;0.69;
2022-02-07 19:00:00;0.0;0.0;0.0;6.7;88.95;1.93;
2022-02-07 20:00:00;0.0;0.0;0.0;4.84;88.85;2.14;
2022-02-07 21:00:00;0.0;0.0;0.0;4.04;92.2;2.07;
2022-02-07 22:00:00;0.0;0.0;0.0;3.91;92.2;1.86;
2022-02-07 23:00:00;0.0;0.0;0.0;3.31;92.15;1.86;
2022-02-08 00:00:00;0.0;0.0;0.0;3.23;95.7;1.72;
2022-02-08 01:00:00;0.0;0.0;0.0;2.88;95.7;1.72;
2022-02-08 02:00:00;0.0;0.0;0.0;3.06;95.7;1.59;
2022-02-08 03:00:00;0.0;0.0;0.0;2.82;95.7;1.72;
2022-02-08 04:00:00;0.0;0.0;0.0;2.52;95.7;1.72;
2022-02-08 05:00:00;0.0;0.0;0.0;2.3;95.7;1.59;
2022-02-08 06:00:00;0.0;0.0;0.0;2.39;95.7;1.52;
2022-02-08 07:00:00;49.0;266.6;27.0;1.81;95.65;1.24;
2022-02-08 08:00:00;206.0;593.33;66.0;3.17;99.4;1.17;
2022-02-08 09:00:00;354.0;751.07;83.0;4.85;92.25;1.31;
2022-02-08 10:00:00;460.0;815.87;94.0;6.84;89.0;1.52;
2022-02-08 11:00:00;504.0;796.65;111.0;8.77;82.75;1.66;
2022-02-08 12:00:00;499.0;780.62;115.0;10.67;74.4;1.86;
2022-02-08 13:00:00;440.0;737.91;112.0;11.93;69.35;1.86;
2022-02-08 14:00:00;336.0;688.69;92.0;12.73;66.95;1.79;
2022-02-08 15:00:00;192.0;545.16;68.0;12.88;64.65;1.66;
2022-02-08 16:00:00;23.0;0.0;23.0;12.16;69.35;1.31;
2022-02-08 17:00:00;0.0;0.0;0.0;10.09;79.95;0.97;
2022-02-08 18:00:00;0.0;0.0;0.0;9.69;79.9;0.21;
2022-02-08 19:00:00;0.0;0.0;0.0;5.23;85.6;1.86;
2022-02-08 20:00:00;0.0;0.0;0.0;5.93;79.5;1.52;
2022-02-08 21:00:00;0.0;0.0;0.0;6.52;82.55;0.83;
2022-02-08 22:00:00;0.0;0.0;0.0;5.85;82.55;0.28;
2022-02-08 23:00:00;0.0;0.0;0.0;5.47;85.65;0.69;
2022-02-09 00:00:00;0.0;0.0;0.0;5.3;85.65;0.69;
2022-02-09 01:00:00;0.0;0.0;0.0;5.08;88.85;0.55;
2022-02-09 02:00:00;0.0;0.0;0.0;4.39;88.85;0.83;
2022-02-09 03:00:00;0.0;0.0;0.0;2.69;99.4;0.69;
2022-02-09 04:00:00;0.0;0.0;0.0;1.7;99.4;0.55;
2022-02-09 05:00:00;0.0;0.0;0.0;1.21;99.35;0.62;
2022-02-09 06:00:00;0.0;0.0;0.0;0.73;99.4;0.97;
2022-02-09 07:00:00;56.0;358.14;25.0;1.24;99.35;0.97;
2022-02-09 08:00:00;184.0;378.78;93.0;2.27;95.7;0.9;
2022-02-09 09:00:00;325.0;550.19;124.0;3.26;95.7;1.03;
2022-02-09 10:00:00;443.0;710.38;121.0;4.89;88.85;1.03;
2022-02-09 11:00:00;507.0;793.0;112.0;6.77;85.7;1.03;
2022-02-09 12:00:00;508.0;805.23;108.0;8.56;76.85;0.97;
2022-02-09 13:00:00;445.0;750.03;108.0;9.82;74.2;0.69;
2022-02-09 14:00:00;340.0;687.98;93.0;10.59;69.1;0.55;
2022-02-09 15:00:00;194.0;521.49;73.0;10.73;69.1;0.48;
2022-02-09 16:00:00;24.0;0.0;24.0;10.28;74.3;0.55;
2022-02-09 17:00:00;0.0;0.0;0.0;8.98;76.95;0.55;
2022-02-09 18:00:00;0.0;0.0;0.0;8.14;79.7;0.34;
2022-02-09 19:00:00;0.0;0.0;0.0;7.93;79.7;0.21;
2022-02-09 20:00:00;0.0;0.0;0.0;6.55;85.7;0.69;
2022-02-09 21:00:00;0.0;0.0;0.0;5.38;85.65;0.97;
2022-02-09 22:00:00;0.0;0.0;0.0;3.98;88.8;1.03;
2022-02-09 23:00:00;0.0;0.0;0.0;2.96;92.15;1.1;
2022-02-10 00:00:00;0.0;0.0;0.0;3.05;92.15;0.9;
2022-02-10 01:00:00;0.0;0.0;0.0;2.64;92.15;0.41;
2022-02-10 02:00:00;0.0;0.0;0.0;2.28;88.65;0.0;
2022-02-10 03:00:00;0.0;0.0;0.0;1.88;88.65;0.55;
2022-02-10 04:00:00;0.0;0.0;0.0;1.45;88.6;0.83;
2022-02-10 05:00:00;0.0;0.0;0.0;0.43;95.65;1.03;
2022-02-10 06:00:00;0.0;0.0;0.0;-0.69;99.4;1.24;
2022-02-10 07:00:00;47.0;165.41;32.0;-0.46;99.4;1.17;
2022-02-10 08:00:00;166.0;241.2;107.0;1.42;95.65;1.03;
2022-02-10 09:00:00;283.0;319.0;165.0;3.36;92.15;1.03;
2022-02-10 10:00:00;381.0;401.73;197.0;5.61;85.65;1.03;
2022-02-10 11:00:00;467.0;580.58;175.0;7.69;79.65;0.97;
2022-02-10 12:00:00;513.0;807.36;108.0;9.61;74.2;0.97;
2022-02-10 13:00:00;450.0;750.84;109.0;10.81;69.1;0.97;
2022-02-10 14:00:00;345.0;687.25;95.0;11.59;66.75;0.9;
2022-02-10 15:00:00;199.0;536.74;72.0;11.81;64.35;0.97;
2022-02-10 16:00:00;26.0;0.0;26.0;11.25;69.15;1.17;
2022-02-10 17:00:00;0.0;0.0;0.0;9.26;79.85;1.03;
2022-02-10 18:00:00;0.0;0.0;0.0;9.15;74.15;0.48;
2022-02-10 19:00:00;0.0;0.0;0.0;4.79;85.6;2.14;
2022-02-10 20:00:00;0.0;0.0;0.0;4.17;88.8;2.62;
2022-02-10 21:00:00;0.0;0.0;0.0;3.68;92.15;2.62;
2022-02-10 22:00:00;0.0;0.0;0.0;3.46;88.75;2.41;
2022-02-10 23:00:00;0.0;0.0;0.0;3.1;92.15;2.21;
2022-02-11 00:00:00;0.0;0.0;0.0;2.84;88.7;2.0;
2022-02-11 01:00:00;0.0;0.0;0.0;2.79;88.7;1.72;
2022-02-11 02:00:00;0.0;0.0;0.0;2.6;95.7;1.52;
2022-02-11 03:00:00;0.0;0.0;0.0;2.04;95.65;1.59;
2022-02-11 04:00:00;0.0;0.0;0.0;2.3;95.7;1.31;
2022-02-11 05:00:00;0.0;0.0;0.0;2.59;99.4;1.1;
2022-02-11 06:00:00;0.0;0.0;0.0;2.72;99.4;1.1;
2022-02-11 07:00:00;54.0;231.84;32.0;3.38;92.15;0.69;
2022-02-11 08:00:00;188.0;369.39;96.0;4.28;95.75;0.83;
2022-02-11 09:00:00;340.0;606.05;113.0;5.36;88.9;0.83;
2022-02-11 10:00:00;443.0;682.77;127.0;6.72;88.95;0.97;
2022-02-11 11:00:00;495.0;706.91;136.0;8.51;79.75;1.1;
2022-02-11 12:00:00;513.0;801.5;107.0;10.32;74.3;2.0;
2022-02-11 13:00:00;448.0;734.15;111.0;11.78;64.35;3.1;
2022-02-11 14:00:00;332.0;599.67;111.0;12.21;62.1;3.1;
2022-02-11 15:00:00;193.0;464.31;81.0;12.09;59.85;3.31;
2022-02-11 16:00:00;28.0;0.0;28.0;11.25;66.65;2.76;
2022-02-11 17:00:00;0.0;0.0;0.0;9.59;71.5;2.41;
2022-02-11 18:00:00;0.0;0.0;0.0;8.26;76.8;2.34;
2022-02-11 19:00:00;0.0;0.0;0.0;7.41;79.65;2.41;
2022-02-11 20:00:00;0.0;0.0;0.0;6.67;85.7;2.55;
2022-02-11 21:00:00;0.0;0.0;0.0;6.11;85.7;2.41;
2022-02-11 22:00:00;0.0;0.0;0.0;5.58;88.9;2.0;
2022-02-11 23:00:00;0.0;0.0;0.0;5.94;85.7;1.59;
2022-02-12 00:00:00;0.0;0.0;0.0;6.66;88.95;1.24;
2022-02-12 01:00:00;0.0;0.0;0.0;7.11;85.75;0.97;
2022-02-12 02:00:00;0.0;0.0;0.0;6.41;88.95;0.97;
2022-02-12 03:00:00;0.0;0.0;0.0;5.49;88.9;1.17;
2022-02-12 04:00:00;0.0;0.0;0.0;4.6;92.25;1.17;
2022-02-12 05:00:00;0.0;0.0;0.0;3.9;92.2;1.17;
2022-02-12 06:00:00;0.0;0.0;0.0;3.55;95.7;1.17;
2022-02-12 07:00:00;62.0;302.47;32.0;3.88;95.75;0.9;
2022-02-12 08:00:00;214.0;552.09;74.0;5.17;95.75;0.69;
2022-02-12 09:00:00;346.0;624.89;109.0;7.57;89.0;0.9;
2022-02-12 10:00:00;446.0;679.96;128.0;9.08;82.85;1.03;
2022-02-12 11:00:00;503.0;731.31;128.0;10.35;77.15;1.31;
2022-02-12 12:00:00;505.0;744.86;124.0;11.37;71.85;1.38;
2022-02-12 13:00:00;449.0;717.77;116.0;12.23;71.95;1.31;
2022-02-12 14:00:00;343.0;642.87;103.0;12.43;69.45;0.97;
2022-02-12 15:00:00;203.0;520.66;75.0;12.75;66.95;0.9;
2022-02-12 16:00:00;28.0;0.0;28.0;12.42;66.95;1.03;
2022-02-12 17:00:00;0.0;0.0;0.0;10.88;77.2;1.24;
2022-02-12 18:00:00;0.0;0.0;0.0;9.12;82.85;1.45;
2022-02-12 19:00:00;0.0;0.0;0.0;7.1;85.75;2.21;
2022-02-12 20:00:00;0.0;0.0;0.0;8.21;79.7;1.38;
2022-02-12 21:00:00;0.0;0.0;0.0;6.92;82.6;1.59;
2022-02-12 22:00:00;0.0;0.0;0.0;5.23;88.85;2.34;
2022-02-12 23:00:00;0.0;0.0;0.0;4.68;92.25;2.28;
2022-02-13 00:00:00;0.0;0.0;0.0;4.3;88.85;2.28;
2022-02-13 01:00:00;0.0;0.0;0.0;4.54;92.25;2.21;
2022-02-13 02:00:00;0.0;0.0;0.0;4.95;92.25;2.28;
2022-02-13 03:00:00;0.0;0.0;0.0;5.4;92.3;2.07;
2022-02-13 04:00:00;0.0;0.0;0.0;5.45;92.3;2.07;
2022-02-13 05:00:00;0.0;0.0;0.0;5.34;92.3;2.0;
2022-02-13 06:00:00;0.0;0.0;0.0;5.03;95.75;1.93;
2022-02-13 07:00:00;26.0;0.0;26.0;5.52;95.75;1.38;
2022-02-13 08:00:00;63.0;0.0;63.0;6.4;95.8;1.31;
2022-02-13 09:00:00;65.0;0.0;65.0;7.84;89.05;1.17;
2022-02-13 10:00:00;93.0;0.0;93.0;8.92;85.95;1.17;
2022-02-13 11:00:00;101.0;0.0;101.0;10.09;79.95;1.17;
2022-02-13 12:00:00;192.0;5.81;189.0;10.6;74.4;1.03;
2022-02-13 13:00:00;154.0;2.13;153.0;10.99;71.75;0.62;
2022-02-13 14:00:00;158.0;18.51;151.0;11.18;71.75;0.34;
2022-02-13 15:00:00;64.0;0.0;64.0;11.01;71.75;0.62;
2022-02-13 16:00:00;32.0;31.72;29.0;10.67;77.15;1.03;
2022-02-13 17:00:00;0.0;0.0;0.0;9.61;82.9;1.66;
2022-02-13 18:00:00;0.0;0.0;0.0;8.2;89.05;2.0;
2022-02-13 19:00:00;0.0;0.0;0.0;7.36;92.35;1.79;
2022-02-13 20:00:00;0.0;0.0;0.0;7.45;92.35;1.86;
2022-02-13 21:00:00;0.0;0.0;0.0;7.26;95.8;2.0;
2022-02-13 22:00:00;0.0;0.0;0.0;7.19;95.8;1.93;
2022-02-13 23:00:00;0.0;0.0;0.0;7.29;95.8;1.72;
2022-02-14 00:00:00;0.0;0.0;0.0;7.03;95.8;1.72;
2022-02-14 01:00:00;0.0;0.0;0.0;6.96;95.8;1.79;
2022-02-14 02:00:00;0.0;0.0;0.0;7.0;95.8;1.93;
2022-02-14 03:00:00;0.0;0.0;0.0;6.86;95.8;2.0;
2022-02-14 04:00:00;0.0;0.0;0.0;6.96;95.8;1.93;
2022-02-14 05:00:00;0.0;0.0;0.0;6.94;95.8;1.93;
2022-02-14 06:00:00;0.0;0.0;0.0;6.88;95.8;1.79;
2022-02-14 07:00:00;40.0;37.03;36.0;6.58;99.4;1.31;
2022-02-14 08:00:00;76.0;0.0;76.0;7.19;99.4;1.17;
2022-02-14 09:00:00;57.0;0.0;57.0;7.86;95.8;0.83;
2022-02-14 10:00:00;59.0;0.0;59.0;8.45;92.4;0.34;
2022-02-14 11:00:00;73.0;0.0;73.0;8.85;85.95;1.03;
2022-02-14 12:00:00;47.0;0.0;47.0;9.29;85.95;1.86;
2022-02-14 13:00:00;42.0;0.0;42.0;9.38;82.9;2.21;
2022-02-14 14:00:00;56.0;0.0;56.0;9.63;82.9;1.86;
2022-02-14 15:00:00;52.0;0.0;52.0;9.79;79.9;1.66;
2022-02-14 16:00:00;30.0;20.2;28.0;9.77;79.9;1.24;
2022-02-14 17:00:00;0.0;0.0;0.0;8.88;85.95;1.03;
2022-02-14 18:00:00;0.0;0.0;0.0;8.48;85.9;0.62;
2022-02-14 19:00:00;0.0;0.0;0.0;7.36;92.35;0.83;
2022-02-14 20:00:00;0.0;0.0;0.0;6.11;92.3;1.03;
2022-02-14 21:00:00;0.0;0.0;0.0;5.01;95.75;1.24;
2022-02-14 22:00:00;0.0;0.0;0.0;5.19;95.75;0.9;
2022-02-14 23:00:00;0.0;0.0;0.0;5.04;95.75;1.03;
2022-02-15 00:00:00;0.0;0.0;0.0;4.67;99.4;1.24;
2022-02-15 01:00:00;0.0;0.0;0.0;4.55;99.4;1.24;
2022-02-15 02:00:00;0.0;0.0;0.0;5.01;95.75;1.31;
2022-02-15 03:00:00;0.0;0.0;0.0;5.49;95.75;1.38;
2022-02-15 04:00:00;0.0;0.0;0.0;5.86;92.3;1.52;
2022-02-15 05:00:00;0.0;0.0;0.0;5.97;92.3;1.72;
2022-02-15 06:00:00;0.0;0.0;0.0;6.23;95.8;1.93;
2022-02-15 07:00:00;30.0;8.89;29.0;6.22;95.8;2.55;
2022-02-15 08:00:00;82.0;3.74;81.0;6.52;99.4;2.69;
2022-02-15 09:00:00;54.0;0.0;54.0;7.13;99.4;2.9;
2022-02-15 10:00:00;95.0;0.0;95.0;7.86;95.8;2.97;
2022-02-15 11:00:00;93.0;0.0;93.0;8.63;92.4;2.83;
2022-02-15 12:00:00;111.0;0.0;111.0;9.31;92.45;2.69;
2022-02-15 13:00:00;91.0;0.0;91.0;9.55;89.15;2.34;
2022-02-15 14:00:00;64.0;0.0;64.0;9.2;92.45;2.0;
2022-02-15 15:00:00;51.0;0.0;51.0;8.9;92.45;2.28;
2022-02-15 16:00:00;32.0;19.33;30.0;8.36;92.4;2.41;
2022-02-15 17:00:00;0.0;0.0;0.0;8.01;95.8;2.48;
2022-02-15 18:00:00;0.0;0.0;0.0;7.81;95.8;2.62;
2022-02-15 19:00:00;0.0;0.0;0.0;7.39;95.8;2.62;
2022-02-15 20:00:00;0.0;0.0;0.0;7.32;95.8;2.62;
2022-02-15 21:00:00;0.0;0.0;0.0;7.3;95.8;2.34;
2022-02-15 22:00:00;0.0;0.0;0.0;7.23;99.4;2.28;
2022-02-15 23:00:00;0.0;0.0;0.0;7.13;99.4;2.07;
2022-02-16 00:00:00;0.0;0.0;0.0;7.03;95.8;1.93;
2022-02-16 01:00:00;0.0;0.0;0.0;6.87;95.8;1.79;
2022-02-16 02:00:00;0.0;0.0;0.0;6.68;99.4;1.79;
2022-02-16 03:00:00;0.0;0.0;0.0;6.59;99.4;1.86;
2022-02-16 04:00:00;0.0;0.0;0.0;6.55;99.4;2.07;
2022-02-16 05:00:00;0.0;0.0;0.0;6.44;99.4;2.21;
2022-02-16 06:00:00;0.0;0.0;0.0;6.42;99.4;2.28;
2022-02-16 07:00:00;27.0;0.0;27.0;6.24;95.8;2.62;
2022-02-16 08:00:00;61.0;0.0;61.0;6.39;95.8;2.9;
2022-02-16 09:00:00;34.0;0.0;34.0;6.49;95.8;3.24;
2022-02-16 10:00:00;90.0;0.0;90.0;6.64;95.8;3.72;
2022-02-16 11:00:00;55.0;0.0;55.0;6.79;99.4;4.21;
2022-02-16 12:00:00;83.0;0.0;83.0;6.83;95.8;4.76;
2022-02-16 13:00:00;86.0;0.0;86.0;6.68;95.8;4.9;
2022-02-16 14:00:00;84.0;0.0;84.0;6.55;95.8;4.9;
2022-02-16 15:00:00;51.0;0.0;51.0;6.35;95.8;5.03;
2022-02-16 16:00:00;6.0;0.0;6.0;6.18;95.8;5.24;
2022-02-16 17:00:00;0.0;0.0;0.0;6.03;92.3;5.03;
2022-02-16 18:00:00;0.0;0.0;0.0;5.91;88.95;4.69;
2022-02-16 19:00:00;0.0;0.0;0.0;5.49;92.3;3.93;
2022-02-16 20:00:00;0.0;0.0;0.0;5.36;92.3;3.1;
2022-02-16 21:00:00;0.0;0.0;0.0;5.27;92.25;2.14;
2022-02-16 22:00:00;0.0;0.0;0.0;5.25;92.25;1.66;
2022-02-16 23:00:00;0.0;0.0;0.0;5.28;95.75;1.52;
2022-02-17 00:00:00;0.0;0.0;0.0;5.14;92.25;1.31;
2022-02-17 01:00:00;0.0;0.0;0.0;4.81;92.25;1.52;
2022-02-17 02:00:00;0.0;0.0;0.0;4.51;92.25;1.59;
2022-02-17 03:00:00;0.0;0.0;0.0;4.17;95.75;1.31;
2022-02-17 04:00:00;0.0;0.0;0.0;4.12;92.2;0.55;
2022-02-17 05:00:00;0.0;0.0;0.0;4.28;88.85;0.41;
2022-02-17 06:00:00;0.0;0.0;0.0;4.02;88.8;0.28;
2022-02-17 07:00:00;43.0;24.62;40.0;4.07;92.2;0.41;
2022-02-17 08:00:00;127.0;43.28;115.0;4.71;92.25;0.28;
2022-02-17 09:00:00;245.0;128.79;193.0;5.8;88.9;0.14;
2022-02-17 10:00:00;270.0;73.06;234.0;6.93;79.55;1.31;
2022-02-17 11:00:00;108.0;0.0;108.0;8.13;73.95;1.1;
2022-02-17 12:00:00;187.0;1.86;186.0;8.51;71.35;0.69;
2022-02-17 13:00:00;172.0;4.09;170.0;8.53;71.35;1.17;
2022-02-17 14:00:00;144.0;7.55;141.0;8.66;74.05;1.93;
2022-02-17 15:00:00;87.0;3.72;86.0;8.25;79.7;1.72;
2022-02-17 16:00:00;34.0;8.9;33.0;7.84;79.7;1.24;
2022-02-17 17:00:00;0.0;0.0;0.0;6.74;95.8;1.1;
2022-02-17 18:00:00;0.0;0.0;0.0;6.33;92.3;1.52;
2022-02-17 19:00:00;0.0;0.0;0.0;6.22;92.3;1.52;
2022-02-17 20:00:00;0.0;0.0;0.0;6.21;92.3;1.93;
2022-02-17 21:00:00;0.0;0.0;0.0;6.33;92.3;2.41;
2022-02-17 22:00:00;0.0;0.0;0.0;6.42;95.8;2.76;
2022-02-17 23:00:00;0.0;0.0;0.0;6.48;95.8;2.76;
2022-02-18 00:00:00;0.0;0.0;0.0;6.57;92.3;2.62;
2022-02-18 01:00:00;0.0;0.0;0.0;6.48;95.8;2.48;
2022-02-18 02:00:00;0.0;0.0;0.0;6.47;95.8;2.28;
2022-02-18 03:00:00;0.0;0.0;0.0;6.38;92.3;2.0;
2022-02-18 04:00:00;0.0;0.0;0.0;6.19;92.3;1.66;
2022-02-18 05:00:00;0.0;0.0;0.0;6.14;92.3;1.38;
2022-02-18 06:00:00;0.0;0.0;0.0;5.99;92.3;1.38;
2022-02-18 07:00:00;54.0;55.3;47.0;5.87;88.95;1.03;
2022-02-18 08:00:00;189.0;226.8;125.0;6.45;88.95;0.9;
2022-02-18 09:00:00;363.0;555.26;136.0;7.48;82.65;1.38;
2022-02-18 10:00:00;423.0;441.9;203.0;9.04;74.15;1.72;
2022-02-18 11:00:00;365.0;173.04;271.0;10.24;69.0;1.45;
2022-02-18 12:00:00;444.0;376.49;240.0;11.22;66.65;1.17;
2022-02-18 13:00:00;447.0;560.96;170.0;11.83;62.0;0.69;
2022-02-18 14:00:00;385.0;718.26;96.0;12.15;59.85;0.34;
2022-02-18 15:00:00;251.0;679.4;65.0;12.0;57.65;0.14;
2022-02-18 16:00:00;71.0;256.89;41.0;11.63;62.0;0.21;
2022-02-18 17:00:00;0.0;0.0;0.0;10.38;69.1;0.76;
2022-02-18 18:00:00;0.0;0.0;0.0;8.41;74.05;1.24;
2022-02-18 19:00:00;0.0;0.0;0.0;5.46;85.65;2.0;
2022-02-18 20:00:00;0.0;0.0;0.0;4.62;88.85;2.0;
2022-02-18 21:00:00;0.0;0.0;0.0;4.06;88.8;1.86;
2022-02-18 22:00:00;0.0;0.0;0.0;3.82;85.5;1.59;
2022-02-18 23:00:00;0.0;0.0;0.0;3.62;88.75;1.45;
2022-02-19 00:00:00;0.0;0.0;0.0;3.04;88.7;1.45;
2022-02-19 01:00:00;0.0;0.0;0.0;2.96;85.4;1.24;
2022-02-19 02:00:00;0.0;0.0;0.0;2.8;85.4;1.03;
2022-02-19 03:00:00;0.0;0.0;0.0;2.24;92.1;1.1;
2022-02-19 04:00:00;0.0;0.0;0.0;1.6;88.6;1.24;
2022-02-19 05:00:00;0.0;0.0;0.0;0.53;92.0;1.45;
2022-02-19 06:00:00;0.0;0.0;0.0;0.38;88.5;1.38;
2022-02-19 07:00:00;100.0;479.45;37.0;-0.09;92.0;1.45;
2022-02-19 08:00:00;243.0;511.89;96.0;2.72;82.15;0.97;
2022-02-19 09:00:00;398.0;705.43;106.0;5.49;68.2;0.41;
2022-02-19 10:00:00;525.0;856.8;94.0;7.69;63.5;0.34;
2022-02-19 11:00:00;575.0;860.66;103.0;9.54;59.25;0.55;
2022-02-19 12:00:00;567.0;835.49;110.0;10.96;57.4;0.48;
2022-02-19 13:00:00;511.0;819.93;102.0;11.92;55.5;0.34;
2022-02-19 14:00:00;401.0;761.24;91.0;12.49;53.6;0.34;
2022-02-19 15:00:00;242.0;574.63;82.0;12.36;55.5;0.69;
2022-02-19 16:00:00;84.0;387.68;37.0;11.85;62.0;0.69;
2022-02-19 17:00:00;0.0;0.0;0.0;11.1;64.25;0.28;
2022-02-19 18:00:00;0.0;0.0;0.0;9.49;71.5;0.9;
2022-02-19 19:00:00;0.0;0.0;0.0;7.66;73.9;1.24;
2022-02-19 20:00:00;0.0;0.0;0.0;6.25;76.55;1.31;
2022-02-19 21:00:00;0.0;0.0;0.0;4.26;88.8;1.59;
2022-02-19 22:00:00;0.0;0.0;0.0;3.64;92.15;1.86;
2022-02-19 23:00:00;0.0;0.0;0.0;3.83;88.8;1.86;
2022-02-20 00:00:00;0.0;0.0;0.0;3.95;92.2;1.93;
2022-02-20 01:00:00;0.0;0.0;0.0;3.93;92.2;1.93;
2022-02-20 02:00:00;0.0;0.0;0.0;4.02;92.2;1.86;
2022-02-20 03:00:00;0.0;0.0;0.0;3.63;95.7;1.86;
2022-02-20 04:00:00;0.0;0.0;0.0;3.94;92.2;1.86;
2022-02-20 05:00:00;0.0;0.0;0.0;3.87;92.2;1.93;
2022-02-20 06:00:00;0.0;0.0;0.0;3.94;92.2;2.0;
2022-02-20 07:00:00;43.0;14.67;41.0;4.48;92.25;1.72;
2022-02-20 08:00:00;30.0;0.0;30.0;5.84;88.95;1.93;
2022-02-20 09:00:00;93.0;0.0;93.0;7.0;89.0;1.93;
2022-02-20 10:00:00;112.0;0.0;112.0;7.45;85.8;2.0;
2022-02-20 11:00:00;93.0;0.0;93.0;7.64;89.0;2.07;
2022-02-20 12:00:00;70.0;0.0;70.0;7.82;92.35;2.28;
2022-02-20 13:00:00;85.0;0.0;85.0;7.96;89.05;2.28;
2022-02-20 14:00:00;82.0;0.0;82.0;7.99;85.85;2.28;
2022-02-20 15:00:00;134.0;49.45;120.0;7.91;85.85;2.07;
2022-02-20 16:00:00;11.0;0.0;11.0;7.51;92.35;1.86;
2022-02-20 17:00:00;0.0;0.0;0.0;6.98;92.35;1.72;
2022-02-20 18:00:00;0.0;0.0;0.0;6.56;95.8;1.79;
2022-02-20 19:00:00;0.0;0.0;0.0;5.95;92.3;1.66;
2022-02-20 20:00:00;0.0;0.0;0.0;5.83;92.3;1.59;
2022-02-20 21:00:00;0.0;0.0;0.0;5.7;95.75;1.52;
2022-02-20 22:00:00;0.0;0.0;0.0;5.57;95.75;1.38;
2022-02-20 23:00:00;0.0;0.0;0.0;5.42;92.3;1.45;
2022-02-21 00:00:00;0.0;0.0;0.0;5.42;92.3;1.38;
2022-02-21 01:00:00;0.0;0.0;0.0;5.0;95.75;1.31;
2022-02-21 02:00:00;0.0;0.0;0.0;4.79;92.25;1.17;
2022-02-21 03:00:00;0.0;0.0;0.0;4.8;95.75;0.97;
2022-02-21 04:00:00;0.0;0.0;0.0;4.61;95.75;0.97;
2022-02-21 05:00:00;0.0;0.0;0.0;4.44;95.75;1.03;
2022-02-21 06:00:00;0.0;0.0;0.0;4.62;95.75;0.9;
2022-02-21 07:00:00;51.0;21.24;48.0;4.27;99.4;0.55;
2022-02-21 08:00:00;153.0;70.63;132.0;5.3;88.9;0.62;
2022-02-21 09:00:00;113.0;0.0;113.0;6.06;85.7;0.83;
2022-02-21 10:00:00;313.0;114.9;254.0;7.31;79.55;1.1;
2022-02-21 11:00:00;209.0;5.37;206.0;8.36;71.35;0.97;
2022-02-21 12:00:00;72.0;0.0;72.0;9.02;66.25;0.69;
2022-02-21 13:00:00;171.0;1.97;170.0;9.63;61.55;0.62;
2022-02-21 14:00:00;390.0;654.71;117.0;10.01;57.15;0.69;
2022-02-21 15:00:00;260.0;653.27;72.0;10.13;57.15;0.9;
2022-02-21 16:00:00;94.0;430.34;38.0;9.79;59.25;1.31;
2022-02-21 17:00:00;0.0;0.0;0.0;8.41;63.7;2.0;
2022-02-21 18:00:00;0.0;0.0;0.0;6.47;73.7;2.34;
2022-02-21 19:00:00;0.0;0.0;0.0;5.08;85.6;2.21;
2022-02-21 20:00:00;0.0;0.0;0.0;4.05;88.8;2.48;
2022-02-21 21:00:00;0.0;0.0;0.0;3.52;88.75;2.83;
2022-02-21 22:00:00;0.0;0.0;0.0;3.18;92.15;2.69;
2022-02-21 23:00:00;0.0;0.0;0.0;2.85;88.7;2.62;
2022-02-22 00:00:00;0.0;0.0;0.0;2.85;88.7;2.83;
2022-02-22 01:00:00;0.0;0.0;0.0;2.76;92.15;3.1;
2022-02-22 02:00:00;0.0;0.0;0.0;2.77;92.15;3.31;
2022-02-22 03:00:00;0.0;0.0;0.0;2.62;88.65;3.24;
2022-02-22 04:00:00;0.0;0.0;0.0;2.73;88.65;3.03;
2022-02-22 05:00:00;0.0;0.0;0.0;2.35;85.35;2.9;
2022-02-22 06:00:00;0.0;0.0;0.0;2.09;85.3;2.69;
2022-02-22 07:00:00;80.0;150.42;58.0;2.56;92.15;1.79;
2022-02-22 08:00:00;114.0;13.22;110.0;3.87;82.3;2.21;
2022-02-22 09:00:00;142.0;2.33;141.0;4.84;76.4;2.41;
2022-02-22 10:00:00;149.0;0.0;149.0;5.84;73.7;2.14;
2022-02-22 11:00:00;230.0;10.64;224.0;7.0;73.8;2.21;
2022-02-22 12:00:00;287.0;44.45;262.0;7.72;68.5;2.21;
2022-02-22 13:00:00;244.0;33.08;227.0;8.29;63.6;2.0;
2022-02-22 14:00:00;227.0;71.12;197.0;8.45;61.3;1.38;
2022-02-22 15:00:00;142.0;54.71;126.0;8.52;59.0;1.03;
2022-02-22 16:00:00;71.0;141.19;52.0;8.3;61.2;1.03;
2022-02-22 17:00:00;0.0;0.0;0.0;7.58;63.5;1.52;
2022-02-22 18:00:00;0.0;0.0;0.0;6.15;68.3;1.79;
2022-02-22 19:00:00;0.0;0.0;0.0;4.72;79.3;2.41;
2022-02-22 20:00:00;0.0;0.0;0.0;3.79;79.2;2.34;
2022-02-22 21:00:00;0.0;0.0;0.0;2.92;85.4;2.41;
2022-02-22 22:00:00;0.0;0.0;0.0;2.78;85.4;2.28;
2022-02-22 23:00:00;0.0;0.0;0.0;2.53;88.65;2.28;
2022-02-23 00:00:00;0.0;0.0;0.0;2.25;92.1;2.34;
2022-02-23 01:00:00;0.0;0.0;0.0;2.28;88.65;2.41;
2022-02-23 02:00:00;0.0;0.0;0.0;2.48;88.65;2.48;
2022-02-23 03:00:00;0.0;0.0;0.0;2.26;88.65;2.55;
2022-02-23 04:00:00;0.0;0.0;0.0;2.02;85.3;2.69;
2022-02-23 05:00:00;0.0;0.0;0.0;2.07;85.3;2.83;
2022-02-23 06:00:00;0.0;0.0;0.0;1.98;82.05;2.76;
2022-02-23 07:00:00;86.0;158.59;62.0;1.58;88.6;2.07;
2022-02-23 08:00:00;180.0;117.0;144.0;2.82;79.1;2.48;
2022-02-23 09:00:00;260.0;108.09;213.0;3.97;73.4;2.69;
2022-02-23 10:00:00;327.0;118.3;265.0;4.9;68.1;2.69;
2022-02-23 11:00:00;441.0;282.75;280.0;6.04;60.85;2.69;
2022-02-23 12:00:00;604.0;875.51;107.0;6.94;56.45;2.55;
2022-02-23 13:00:00;549.0;872.83;96.0;7.54;52.35;2.34;
2022-02-23 14:00:00;442.0;845.99;81.0;7.83;48.55;2.14;
2022-02-23 15:00:00;279.0;696.71;72.0;7.76;50.35;1.93;
2022-02-23 16:00:00;103.0;438.8;42.0;7.28;52.2;1.52;
2022-02-23 17:00:00;0.0;0.0;0.0;6.2;54.15;1.59;
2022-02-23 18:00:00;0.0;0.0;0.0;4.04;67.9;1.38;
2022-02-23 19:00:00;0.0;0.0;0.0;3.5;67.8;1.38;
2022-02-23 20:00:00;0.0;0.0;0.0;4.16;60.4;0.83;
2022-02-23 21:00:00;0.0;0.0;0.0;0.99;75.75;1.72;
2022-02-23 22:00:00;0.0;0.0;0.0;-0.76;88.4;2.07;
2022-02-23 23:00:00;0.0;0.0;0.0;-1.14;85.0;2.14;
2022-02-24 00:00:00;0.0;0.0;0.0;-1.07;85.0;2.28;
2022-02-24 01:00:00;0.0;0.0;0.0;-1.01;85.0;2.48;
2022-02-24 02:00:00;0.0;0.0;0.0;-0.86;85.0;2.48;
2022-02-24 03:00:00;0.0;0.0;0.0;-0.99;81.7;2.34;
2022-02-24 04:00:00;0.0;0.0;0.0;-1.29;84.95;2.21;
2022-02-24 05:00:00;0.0;0.0;0.0;-1.49;84.95;2.07;
2022-02-24 06:00:00;0.0;0.0;0.0;-1.78;88.3;2.0;
2022-02-24 07:00:00;118.0;453.77;47.0;-1.75;91.9;1.45;
2022-02-24 08:00:00;290.0;677.43;78.0;1.84;78.95;1.38;
2022-02-24 09:00:00;443.0;801.98;90.0;3.78;67.9;1.31;
2022-02-24 10:00:00;522.0;723.4;139.0;5.65;60.75;1.38;
2022-02-24 11:00:00;598.0;845.65;112.0;7.03;54.3;1.38;
2022-02-24 12:00:00;593.0;832.65;116.0;8.01;50.45;1.31;
2022-02-24 13:00:00;536.0;818.62;107.0;8.56;48.65;1.24;
2022-02-24 14:00:00;432.0;792.43;90.0;8.9;46.95;1.31;
2022-02-24 15:00:00;278.0;676.02;74.0;8.86;46.95;1.38;
2022-02-24 16:00:00;108.0;467.07;41.0;8.34;50.6;1.38;
2022-02-24 17:00:00;0.0;0.0;0.0;7.15;58.65;2.07;
2022-02-24 18:00:00;0.0;0.0;0.0;5.47;63.15;2.07;
2022-02-24 19:00:00;0.0;0.0;0.0;4.15;70.6;1.86;
2022-02-24 20:00:00;0.0;0.0;0.0;2.6;79.0;1.86;
2022-02-24 21:00:00;0.0;0.0;0.0;1.35;85.25;1.72;
2022-02-24 22:00:00;0.0;0.0;0.0;0.52;88.5;1.66;
2022-02-24 23:00:00;0.0;0.0;0.0;-0.01;92.0;1.59;
2022-02-25 00:00:00;0.0;0.0;0.0;-0.67;91.95;1.66;
2022-02-25 01:00:00;0.0;0.0;0.0;-0.8;91.95;1.59;
2022-02-25 02:00:00;0.0;0.0;0.0;-1.14;91.95;1.52;
2022-02-25 03:00:00;0.0;0.0;0.0;-1.35;91.9;1.45;
2022-02-25 04:00:00;0.0;0.0;0.0;-1.93;91.85;1.59;
2022-02-25 05:00:00;0.0;0.0;0.0;-1.53;91.9;1.31;
2022-02-25 06:00:00;0.0;0.0;0.0;-1.01;88.4;1.03;
2022-02-25 07:00:00;128.0;513.43;45.0;-2.37;95.55;1.17;
2022-02-25 08:00:00;289.0;641.01;85.0;1.34;82.0;1.1;
2022-02-25 09:00:00;447.0;792.33;94.0;3.78;70.6;1.03;
2022-02-25 10:00:00;558.0;858.25;99.0;5.7;65.65;1.17;
2022-02-25 11:00:00;605.0;846.53;114.0;7.26;61.0;1.45;
2022-02-25 12:00:00;602.0;845.92;113.0;8.46;54.65;1.86;
2022-02-25 13:00:00;545.0;831.6;105.0;9.14;52.7;2.07;
2022-02-25 14:00:00;433.0;774.44;95.0;9.4;48.95;2.28;
2022-02-25 15:00:00;276.0;629.87;83.0;9.28;48.8;2.76;
2022-02-25 16:00:00;107.0;412.51;46.0;8.53;50.6;2.62;
2022-02-25 17:00:00;0.0;0.0;0.0;6.64;56.3;2.83;
2022-02-25 18:00:00;0.0;0.0;0.0;5.04;58.3;3.1;
2022-02-25 19:00:00;0.0;0.0;0.0;4.21;60.4;2.97;
2022-02-25 20:00:00;0.0;0.0;0.0;3.48;60.3;3.1;
2022-02-25 21:00:00;0.0;0.0;0.0;2.83;62.6;3.24;
2022-02-25 22:00:00;0.0;0.0;0.0;2.3;65.0;3.45;
2022-02-25 23:00:00;0.0;0.0;0.0;1.78;67.5;3.38;
2022-02-26 00:00:00;0.0;0.0;0.0;1.4;70.1;3.17;
2022-02-26 01:00:00;0.0;0.0;0.0;1.44;72.95;2.69;
2022-02-26 02:00:00;0.0;0.0;0.0;1.47;72.95;2.21;
2022-02-26 03:00:00;0.0;0.0;0.0;0.95;78.8;1.79;
2022-02-26 04:00:00;0.0;0.0;0.0;0.14;85.1;1.59;
2022-02-26 05:00:00;0.0;0.0;0.0;-0.3;88.45;1.31;
2022-02-26 06:00:00;0.0;0.0;0.0;0.48;81.9;0.69;
2022-02-26 07:00:00;128.0;461.35;51.0;-0.17;85.1;0.28;
2022-02-26 08:00:00;301.0;682.95;80.0;1.89;82.05;0.62;
2022-02-26 09:00:00;440.0;727.41;112.0;4.04;70.6;0.9;
2022-02-26 10:00:00;516.0;640.51;170.0;5.77;65.65;0.69;
2022-02-26 11:00:00;521.0;486.9;236.0;7.27;61.0;0.83;
2022-02-26 12:00:00;363.0;116.58;295.0;8.33;54.65;0.97;
2022-02-26 13:00:00;208.0;7.49;204.0;9.01;52.7;1.17;
2022-02-26 14:00:00;232.0;61.18;205.0;9.19;52.7;1.17;
2022-02-26 15:00:00;237.0;347.21;129.0;9.13;52.7;1.24;
2022-02-26 16:00:00;116.0;472.77;44.0;8.73;54.65;1.38;
2022-02-26 17:00:00;0.0;0.0;0.0;7.7;61.1;1.79;
2022-02-26 18:00:00;0.0;0.0;0.0;6.15;65.75;1.86;
2022-02-26 19:00:00;0.0;0.0;0.0;3.87;73.4;1.31;
2022-02-26 20:00:00;0.0;0.0;0.0;3.34;73.3;1.1;
2022-02-26 21:00:00;0.0;0.0;0.0;3.16;76.1;0.9;
2022-02-26 22:00:00;0.0;0.0;0.0;2.84;79.1;0.9;
2022-02-26 23:00:00;0.0;0.0;0.0;2.5;82.15;1.03;
2022-02-27 00:00:00;0.0;0.0;0.0;2.17;85.3;1.24;
2022-02-27 01:00:00;0.0;0.0;0.0;2.35;82.15;1.52;
2022-02-27 02:00:00;0.0;0.0;0.0;2.57;82.15;1.86;
2022-02-27 03:00:00;0.0;0.0;0.0;2.49;85.35;2.07;
2022-02-27 04:00:00;0.0;0.0;0.0;2.14;88.65;2.07;
2022-02-27 05:00:00;0.0;0.0;0.0;1.89;88.65;1.72;
2022-02-27 06:00:00;0.0;0.0;0.0;1.58;92.05;1.38;
2022-02-27 07:00:00;71.0;40.65;64.0;3.17;85.4;0.34;
2022-02-27 08:00:00;170.0;69.91;147.0;3.69;85.45;0.21;
2022-02-27 09:00:00;301.0;173.12;222.0;4.17;85.5;0.34;
2022-02-27 10:00:00;482.0;498.54;210.0;4.8;79.35;1.1;
2022-02-27 11:00:00;392.0;160.84;297.0;5.66;76.5;1.59;
2022-02-27 12:00:00;269.0;23.79;255.0;6.23;73.7;2.0;
2022-02-27 13:00:00;217.0;9.27;212.0;6.39;76.55;2.48;
2022-02-27 14:00:00;161.0;4.48;159.0;6.31;76.55;2.9;
2022-02-27 15:00:00;119.0;12.67;115.0;5.83;76.55;3.03;
2022-02-27 16:00:00;54.0;12.76;52.0;5.39;82.5;2.9;
2022-02-27 17:00:00;0.0;0.0;0.0;4.61;85.55;2.69;
2022-02-27 18:00:00;0.0;0.0;0.0;3.98;92.2;2.62;
2022-02-27 19:00:00;0.0;0.0;0.0;3.06;95.7;2.55;
2022-02-27 20:00:00;0.0;0.0;0.0;2.77;99.4;2.55;
2022-02-27 21:00:00;0.0;0.0;0.0;2.58;95.7;2.55;
2022-02-27 22:00:00;0.0;0.0;0.0;2.39;95.7;2.55;
2022-02-27 23:00:00;0.0;0.0;0.0;2.19;99.4;2.62;
2022-02-28 00:00:00;0.0;0.0;0.0;1.83;95.65;3.03;
2022-02-28 01:00:00;0.0;0.0;0.0;1.75;99.4;2.83;
2022-02-28 02:00:00;0.0;0.0;0.0;1.62;99.4;3.24;
2022-02-28 03:00:00;0.0;0.0;0.0;1.49;99.4;3.1;
2022-02-28 04:00:00;0.0;0.0;0.0;1.46;95.65;3.1;
2022-02-28 05:00:00;0.0;0.0;0.0;1.53;99.4;3.17;
2022-02-28 06:00:00;0.0;0.0;0.0;1.68;99.4;3.31;
2022-02-28 07:00:00;109.0;214.04;71.0;2.11;95.65;4.34;
2022-02-28 08:00:00;87.0;0.0;87.0;2.34;92.15;5.03;
2022-02-28 09:00:00;109.0;0.0;109.0;2.88;92.15;4.9;
2022-02-28 10:00:00;94.0;0.0;94.0;3.65;88.75;4.69;
2022-02-28 11:00:00;123.0;0.0;123.0;4.63;85.55;4.41;
2022-02-28 12:00:00;0.0;0.0;0.0;4.95;82.4;3.86;
2022-02-28 13:00:00;0.0;0.0;0.0;5.71;82.5;3.38;
2022-02-28 14:00:00;123.0;0.0;123.0;6.22;76.55;3.45;
2022-02-28 15:00:00;132.0;21.86;125.0;6.36;82.55;2.97;
2022-02-28 16:00:00;63.0;31.04;58.0;5.35;89.58;3.27;
2022-02-28 17:00:00;0.0;0.0;0.0;5.39;89.36;3.09;
2022-02-28 18:00:00;0.0;0.0;0.0;5.44;89.13;2.91;
2022-02-28 19:00:00;0.0;0.0;0.0;5.48;88.91;2.73;
2022-02-28 20:00:00;0.0;0.0;0.0;5.53;88.69;2.55;
2022-02-28 21:00:00;0.0;0.0;0.0;5.57;88.47;2.37;
2022-02-28 22:00:00;0.0;0.0;0.0;5.62;88.25;2.19;
2022-02-28 23:00:00;0.0;0.0;0.0;5.66;88.02;2.01;
2022-03-01 00:00:00;0.0;0.0;0.0;5.71;87.8;1.83;
2022-03-01 01:00:00;0.0;0.0;0.0;5.75;87.58;1.65;
2022-03-01 02:00:00;0.0;0.0;0.0;5.8;87.36;1.47;
2022-03-01 03:00:00;0.0;0.0;0.0;5.84;87.14;1.29;
2022-03-01 04:00:00;0.0;0.0;0.0;5.89;86.91;1.12;
2022-03-01 05:00:00;0.0;0.0;0.0;5.93;86.69;0.94;
2022-03-01 06:00:00;0.0;0.0;0.0;5.98;86.47;0.76;
2022-03-01 07:00:00;138.0;398.17;63.0;6.02;86.25;0.58;
2022-03-01 08:00:00;303.0;582.01;102.0;7.89;85.85;0.69;
2022-03-01 09:00:00;451.0;698.02;121.0;11.06;71.75;0.62;
2022-03-01 10:00:00;555.0;749.25;134.0;13.6;64.75;0.41;
2022-03-01 11:00:00;611.0;784.59;135.0;15.52;60.65;0.21;
2022-03-01 12:00:00;0.0;0.0;0.0;16.91;58.7;0.28;
2022-03-01 13:00:00;552.0;766.82;127.0;17.88;58.8;0.48;
2022-03-01 14:00:00;439.0;701.29;116.0;18.46;56.85;0.69;
2022-03-01 15:00:00;292.0;607.02;92.0;18.63;54.95;0.83;
2022-03-01 16:00:00;122.0;382.65;57.0;18.24;61.05;0.9;
2022-03-01 17:00:00;0.0;0.0;0.0;16.51;70.2;1.1;
2022-03-01 18:00:00;0.0;0.0;0.0;15.49;67.55;0.83;
2022-03-01 19:00:00;0.0;0.0;0.0;13.53;72.2;0.97;
2022-03-01 20:00:00;0.0;0.0;0.0;12.45;77.45;0.83;
2022-03-01 21:00:00;0.0;0.0;0.0;11.46;80.15;0.55;
2022-03-01 22:00:00;0.0;0.0;0.0;10.76;83.0;0.41;
2022-03-01 23:00:00;0.0;0.0;0.0;10.17;86.0;0.21;
2022-03-02 00:00:00;0.0;0.0;0.0;9.62;85.95;0.28;
2022-03-02 01:00:00;0.0;0.0;0.0;8.74;89.1;0.69;
2022-03-02 02:00:00;0.0;0.0;0.0;8.03;92.4;0.97;
2022-03-02 03:00:00;0.0;0.0;0.0;7.02;92.35;1.17;
2022-03-02 04:00:00;0.0;0.0;0.0;6.57;89.0;1.17;
2022-03-02 05:00:00;0.0;0.0;0.0;5.43;92.3;1.38;
2022-03-02 06:00:00;0.0;0.0;0.0;4.71;95.75;1.52;
2022-03-02 07:00:00;148.0;443.68;62.0;6.5;89.0;0.97;
2022-03-02 08:00:00;316.0;626.99;96.0;9.27;89.1;1.1;
2022-03-02 09:00:00;465.0;729.7;116.0;12.78;72.05;1.45;
2022-03-02 10:00:00;565.0;757.91;135.0;15.45;60.65;1.86;
2022-03-02 11:00:00;614.0;766.31;145.0;17.56;56.75;2.14;
2022-03-02 12:00:00;548.0;523.59;229.0;19.12;51.25;2.34;
2022-03-02 13:00:00;552.0;740.3;138.0;20.05;46.2;2.62;
2022-03-02 14:00:00;444.0;698.38;119.0;20.38;46.2;2.76;
2022-03-02 15:00:00;299.0;619.68;92.0;20.07;44.6;2.9;
2022-03-02 16:00:00;130.0;430.47;55.0;18.84;53.0;2.69;
2022-03-02 17:00:00;0.0;0.0;0.0;16.17;56.5;3.03;
2022-03-02 18:00:00;0.0;0.0;0.0;13.61;60.2;3.03;
2022-03-02 19:00:00;0.0;0.0;0.0;11.42;64.35;2.97;
2022-03-02 20:00:00;0.0;0.0;0.0;10.22;71.6;2.76;
2022-03-02 21:00:00;0.0;0.0;0.0;9.31;76.95;2.69;
2022-03-02 22:00:00;0.0;0.0;0.0;8.51;79.75;2.41;
2022-03-02 23:00:00;0.0;0.0;0.0;7.77;85.8;2.0;
2022-03-03 00:00:00;0.0;0.0;0.0;7.65;85.8;1.52;
2022-03-03 01:00:00;0.0;0.0;0.0;7.71;85.8;1.24;
2022-03-03 02:00:00;0.0;0.0;0.0;8.62;82.75;0.97;
2022-03-03 03:00:00;0.0;0.0;0.0;7.0;89.0;1.1;
2022-03-03 04:00:00;0.0;0.0;0.0;5.49;92.3;1.38;
2022-03-03 05:00:00;0.0;0.0;0.0;4.85;95.75;1.17;
2022-03-03 06:00:00;0.0;0.0;0.0;4.82;99.4;1.17;
2022-03-03 07:00:00;153.0;446.46;64.0;6.94;95.8;0.9;
2022-03-03 08:00:00;324.0;639.67;96.0;9.04;92.45;1.03;
2022-03-03 09:00:00;468.0;721.35;119.0;11.1;80.1;1.59;
2022-03-03 10:00:00;567.0;745.44;140.0;13.1;69.55;1.93;
2022-03-03 11:00:00;617.0;753.2;152.0;14.83;62.65;1.66;
2022-03-03 12:00:00;583.0;633.11;194.0;16.2;54.45;1.52;
2022-03-03 13:00:00;557.0;740.86;139.0;17.2;49.05;1.79;
2022-03-03 14:00:00;447.0;689.17;123.0;17.54;47.3;2.21;
2022-03-03 15:00:00;294.0;558.19;105.0;17.31;45.55;2.62;
2022-03-03 16:00:00;135.0;442.39;56.0;16.54;48.9;2.28;
2022-03-03 17:00:00;0.0;0.0;0.0;14.78;56.15;2.62;
2022-03-03 18:00:00;0.0;0.0;0.0;12.67;64.55;2.69;
2022-03-03 19:00:00;0.0;0.0;0.0;10.64;69.1;2.83;
2022-03-03 20:00:00;0.0;0.0;0.0;9.9;71.6;2.34;
2022-03-03 21:00:00;0.0;0.0;0.0;9.45;77.0;2.34;
2022-03-03 22:00:00;0.0;0.0;0.0;8.76;82.75;2.14;
2022-03-03 23:00:00;0.0;0.0;0.0;8.81;82.75;1.38;
2022-03-04 00:00:00;0.0;0.0;0.0;9.28;79.85;1.1;
2022-03-04 01:00:00;0.0;0.0;0.0;9.47;77.0;0.9;
2022-03-04 02:00:00;0.0;0.0;0.0;8.61;82.75;0.97;
2022-03-04 03:00:00;0.0;0.0;0.0;7.69;85.8;1.1;
2022-03-04 04:00:00;0.0;0.0;0.0;6.95;89.0;1.1;
2022-03-04 05:00:00;0.0;0.0;0.0;6.65;85.75;1.1;
2022-03-04 06:00:00;4.0;0.0;4.0;6.27;88.95;1.17;
2022-03-04 07:00:00;143.0;327.0;76.0;8.17;95.8;0.83;
2022-03-04 08:00:00;298.0;461.32;131.0;9.91;89.2;0.9;
2022-03-04 09:00:00;363.0;282.0;225.0;11.98;77.35;1.38;
2022-03-04 10:00:00;290.0;44.96;264.0;13.57;72.2;1.59;
2022-03-04 11:00:00;180.0;0.0;180.0;14.69;64.95;1.17;
2022-03-04 12:00:00;289.0;27.44;272.0;15.75;58.45;0.83;
2022-03-04 13:00:00;551.0;697.5;154.0;16.33;52.5;0.9;
2022-03-04 14:00:00;387.0;402.21;196.0;16.47;48.9;1.1;
2022-03-04 15:00:00;217.0;174.86;157.0;16.57;48.9;1.52;
2022-03-04 16:00:00;95.0;114.81;74.0;16.11;50.6;1.45;
2022-03-04 17:00:00;0.0;0.0;0.0;15.05;56.25;1.72;
2022-03-04 18:00:00;0.0;0.0;0.0;12.88;69.45;1.79;
2022-03-04 19:00:00;0.0;0.0;0.0;11.05;80.1;1.93;
2022-03-04 20:00:00;0.0;0.0;0.0;9.9;82.95;1.66;
2022-03-04 21:00:00;0.0;0.0;0.0;9.31;89.1;1.59;
2022-03-04 22:00:00;0.0;0.0;0.0;8.48;89.1;1.52;
2022-03-04 23:00:00;0.0;0.0;0.0;7.93;92.4;1.38;
2022-03-05 00:00:00;0.0;0.0;0.0;8.13;92.4;1.1;
2022-03-05 01:00:00;0.0;0.0;0.0;8.83;92.4;0.69;
2022-03-05 02:00:00;0.0;0.0;0.0;8.97;89.1;0.41;
2022-03-05 03:00:00;0.0;0.0;0.0;8.92;89.1;0.62;
2022-03-05 04:00:00;0.0;0.0;0.0;8.61;92.4;0.83;
2022-03-05 05:00:00;0.0;0.0;0.0;8.52;92.4;0.97;
2022-03-05 06:00:00;6.0;0.0;6.0;8.33;95.8;1.24;
2022-03-05 07:00:00;95.0;52.26;84.0;8.9;92.45;1.03;
2022-03-05 08:00:00;160.0;29.92;149.0;10.08;89.2;1.24;
2022-03-05 09:00:00;95.0;0.0;95.0;10.66;83.0;1.45;
2022-03-05 10:00:00;94.0;0.0;94.0;10.81;83.0;2.07;
2022-03-05 11:00:00;66.0;0.0;66.0;10.59;86.05;3.66;
2022-03-05 12:00:00;111.0;0.0;111.0;9.15;89.1;4.62;
2022-03-05 13:00:00;150.0;0.0;150.0;8.21;89.05;4.69;
2022-03-05 14:00:00;80.0;0.0;80.0;7.63;89.0;4.62;
2022-03-05 15:00:00;45.0;0.0;45.0;7.04;85.75;5.03;
2022-03-05 16:00:00;53.0;5.34;52.0;6.35;82.55;4.83;
2022-03-05 17:00:00;0.0;0.0;0.0;5.56;82.5;4.83;
2022-03-05 18:00:00;0.0;0.0;0.0;5.05;85.6;4.97;
2022-03-05 19:00:00;0.0;0.0;0.0;4.0;85.5;4.55;
2022-03-05 20:00:00;0.0;0.0;0.0;3.73;88.75;4.28;
2022-03-05 21:00:00;0.0;0.0;0.0;3.63;92.15;4.48;
2022-03-05 22:00:00;0.0;0.0;0.0;3.85;88.8;5.03;
2022-03-05 23:00:00;0.0;0.0;0.0;3.81;92.15;5.31;
2022-03-06 00:00:00;0.0;0.0;0.0;3.77;85.45;5.31;
2022-03-06 01:00:00;0.0;0.0;0.0;3.6;88.75;4.9;
2022-03-06 02:00:00;0.0;0.0;0.0;3.67;88.75;4.55;
2022-03-06 03:00:00;0.0;0.0;0.0;3.7;88.75;4.07;
2022-03-06 04:00:00;0.0;0.0;0.0;3.8;85.45;3.72;
2022-03-06 05:00:00;0.0;0.0;0.0;3.91;82.3;3.38;
2022-03-06 06:00:00;3.0;0.0;3.0;4.13;82.3;2.97;
2022-03-06 07:00:00;76.0;13.88;73.0;3.84;85.5;3.24;
2022-03-06 08:00:00;138.0;8.04;135.0;4.91;85.6;2.9;
2022-03-06 09:00:00;259.0;55.94;231.0;6.48;73.8;3.1;
2022-03-06 10:00:00;321.0;66.19;282.0;7.35;71.05;3.66;
2022-03-06 11:00:00;316.0;39.47;291.0;7.88;63.6;4.21;
2022-03-06 12:00:00;180.0;0.0;180.0;7.88;63.6;3.72;
2022-03-06 13:00:00;262.0;24.18;248.0;7.66;68.5;2.9;
2022-03-06 14:00:00;164.0;2.06;163.0;7.67;68.5;2.14;
2022-03-06 15:00:00;168.0;48.28;151.0;7.34;73.8;1.17;
2022-03-06 16:00:00;92.0;78.32;77.0;7.08;76.65;0.97;
2022-03-06 17:00:00;0.0;0.0;0.0;6.66;76.65;1.17;
2022-03-06 18:00:00;0.0;0.0;0.0;5.93;79.5;1.45;
2022-03-06 19:00:00;0.0;0.0;0.0;5.57;76.5;1.93;
2022-03-06 20:00:00;0.0;0.0;0.0;5.34;82.4;1.66;
2022-03-06 21:00:00;0.0;0.0;0.0;5.02;85.6;1.38;
2022-03-06 22:00:00;0.0;0.0;0.0;4.79;88.85;1.24;
2022-03-06 23:00:00;0.0;0.0;0.0;3.68;92.15;1.52;
2022-03-07 00:00:00;0.0;0.0;0.0;3.3;92.15;1.38;
2022-03-07 01:00:00;0.0;0.0;0.0;4.53;85.55;0.83;
2022-03-07 02:00:00;0.0;0.0;0.0;4.39;82.35;0.28;
2022-03-07 03:00:00;0.0;0.0;0.0;3.83;85.5;0.41;
2022-03-07 04:00:00;0.0;0.0;0.0;3.03;88.7;0.41;
2022-03-07 05:00:00;0.0;0.0;0.0;2.65;88.65;0.41;
2022-03-07 06:00:00;17.0;110.22;12.0;2.09;88.65;0.34;
2022-03-07 07:00:00;181.0;509.64;68.0;2.07;99.4;0.9;
2022-03-07 08:00:00;357.0;683.63;98.0;4.03;92.2;1.03;
2022-03-07 09:00:00;515.0;804.24;108.0;5.94;79.5;1.03;
2022-03-07 10:00:00;634.0;891.24;104.0;8.02;71.25;1.03;
2022-03-07 11:00:00;692.0;922.26;103.0;9.76;57.05;1.03;
2022-03-07 12:00:00;688.0;921.28;103.0;10.9;49.3;0.9;
2022-03-07 13:00:00;622.0;892.21;101.0;11.47;45.8;0.83;
2022-03-07 14:00:00;503.0;832.33;96.0;11.71;45.8;0.69;
2022-03-07 15:00:00;340.0;712.27;86.0;11.66;45.8;0.55;
2022-03-07 16:00:00;145.0;393.25;68.0;11.34;47.45;0.69;
2022-03-07 17:00:00;0.0;0.0;0.0;10.6;53.1;0.69;
2022-03-07 18:00:00;0.0;0.0;0.0;9.68;50.85;0.69;
2022-03-07 19:00:00;0.0;0.0;0.0;8.44;54.65;0.9;
2022-03-07 20:00:00;0.0;0.0;0.0;6.95;61.0;1.1;
2022-03-07 21:00:00;0.0;0.0;0.0;6.94;61.0;0.69;
2022-03-07 22:00:00;0.0;0.0;0.0;5.55;65.65;1.03;
2022-03-07 23:00:00;0.0;0.0;0.0;3.28;82.2;1.66;
2022-03-08 00:00:00;0.0;0.0;0.0;3.01;82.2;1.79;
2022-03-08 01:00:00;0.0;0.0;0.0;2.99;82.2;1.86;
2022-03-08 02:00:00;0.0;0.0;0.0;2.91;82.2;1.79;
2022-03-08 03:00:00;0.0;0.0;0.0;2.62;85.35;1.72;
2022-03-08 04:00:00;0.0;0.0;0.0;2.09;88.65;1.59;
2022-03-08 05:00:00;0.0;0.0;0.0;1.96;88.65;1.45;
2022-03-08 06:00:00;13.0;19.61;12.0;2.48;85.35;1.03;
2022-03-08 07:00:00;113.0;79.16;95.0;3.83;85.5;0.97;
2022-03-08 08:00:00;223.0;111.83;180.0;6.24;76.55;0.9;
2022-03-08 09:00:00;356.0;207.17;250.0;8.0;68.6;1.1;
2022-03-08 10:00:00;628.0;853.14;116.0;9.7;63.9;1.17;
2022-03-08 11:00:00;682.0;875.86;118.0;10.92;57.4;1.1;
2022-03-08 12:00:00;645.0;757.72;160.0;11.84;55.4;1.38;
2022-03-08 13:00:00;527.0;511.19;226.0;12.64;51.65;2.41;
2022-03-08 14:00:00;238.0;38.49;219.0;13.24;48.0;2.69;
2022-03-08 15:00:00;316.0;556.71;115.0;13.43;46.35;2.07;
2022-03-08 16:00:00;121.0;189.94;83.0;13.05;48.0;1.59;
2022-03-08 17:00:00;0.0;0.0;0.0;11.65;55.4;1.72;
2022-03-08 18:00:00;0.0;0.0;0.0;9.82;63.9;1.52;
2022-03-08 19:00:00;0.0;0.0;0.0;8.94;66.25;1.17;
2022-03-08 20:00:00;0.0;0.0;0.0;6.46;71.05;2.55;
2022-03-08 21:00:00;0.0;0.0;0.0;6.81;61.0;3.59;
2022-03-08 22:00:00;0.0;0.0;0.0;7.31;58.65;3.86;
2022-03-08 23:00:00;0.0;0.0;0.0;6.98;65.85;3.93;
2022-03-09 00:00:00;0.0;0.0;0.0;6.39;68.4;3.86;
2022-03-09 01:00:00;0.0;0.0;0.0;5.95;73.7;3.93;
2022-03-09 02:00:00;0.0;0.0;0.0;5.8;76.5;3.86;
2022-03-09 03:00:00;0.0;0.0;0.0;5.54;76.5;3.72;
2022-03-09 04:00:00;0.0;0.0;0.0;5.28;79.35;3.45;
2022-03-09 05:00:00;0.0;0.0;0.0;5.27;79.35;2.97;
2022-03-09 06:00:00;13.0;17.66;12.0;4.89;76.4;2.55;
2022-03-09 07:00:00;140.0;167.33;101.0;6.31;58.55;3.52;
2022-03-09 08:00:00;365.0;671.5;103.0;7.35;63.35;3.45;
2022-03-09 09:00:00;505.0;715.35;135.0;9.19;52.7;3.72;
2022-03-09 10:00:00;639.0;870.23;112.0;10.5;49.2;3.52;
2022-03-09 11:00:00;676.0;834.85;134.0;11.66;45.8;4.34;
2022-03-09 12:00:00;689.0;891.26;114.0;12.17;44.2;4.28;
2022-03-09 13:00:00;588.0;725.99;157.0;12.51;41.1;3.86;
2022-03-09 14:00:00;504.0;796.74;107.0;12.79;39.5;3.59;
2022-03-09 15:00:00;346.0;697.72;91.0;12.7;39.5;2.97;
2022-03-09 16:00:00;165.0;509.03;61.0;12.39;40.95;2.14;
2022-03-09 17:00:00;0.0;0.0;0.0;11.35;51.25;1.03;
2022-03-09 18:00:00;0.0;0.0;0.0;9.55;54.9;1.1;
2022-03-09 19:00:00;0.0;0.0;0.0;6.68;68.4;1.66;
2022-03-09 20:00:00;0.0;0.0;0.0;6.48;65.85;1.38;
2022-03-09 21:00:00;0.0;0.0;0.0;6.21;65.75;1.03;
2022-03-09 22:00:00;0.0;0.0;0.0;5.94;65.75;0.83;
2022-03-09 23:00:00;0.0;0.0;0.0;5.67;68.2;0.69;
2022-03-10 00:00:00;0.0;0.0;0.0;5.36;68.2;0.48;
2022-03-10 01:00:00;0.0;0.0;0.0;4.99;70.8;0.14;
2022-03-10 02:00:00;0.0;0.0;0.0;4.44;73.45;0.69;
2022-03-10 03:00:00;0.0;0.0;0.0;1.82;82.05;1.45;
2022-03-10 04:00:00;0.0;0.0;0.0;0.24;88.45;1.86;
2022-03-10 05:00:00;0.0;0.0;0.0;-0.36;88.45;1.93;
2022-03-10 06:00:00;30.0;192.57;18.0;-0.68;88.45;1.93;
2022-03-10 07:00:00;204.0;565.38;69.0;1.96;85.3;1.31;
2022-03-10 08:00:00;384.0;732.61;94.0;6.08;70.95;1.86;
2022-03-10 09:00:00;537.0;820.57;108.0;8.44;63.7;2.69;
2022-03-10 10:00:00;640.0;846.12;123.0;10.08;52.95;3.24;
2022-03-10 11:00:00;694.0;867.87;126.0;11.1;45.7;3.52;
2022-03-10 12:00:00;678.0;832.05;137.0;11.82;44.1;3.38;
2022-03-10 13:00:00;625.0;840.44;122.0;12.22;44.2;3.24;
2022-03-10 14:00:00;322.0;145.16;249.0;12.41;42.7;3.1;
2022-03-10 15:00:00;214.0;110.85;173.0;12.29;44.2;2.97;
2022-03-10 16:00:00;168.0;498.71;64.0;11.82;45.8;2.48;
2022-03-10 17:00:00;6.0;0.0;6.0;10.54;51.1;2.07;
2022-03-10 18:00:00;0.0;0.0;0.0;8.76;59.0;2.41;
2022-03-10 19:00:00;0.0;0.0;0.0;7.12;68.4;1.79;
2022-03-10 20:00:00;0.0;0.0;0.0;5.28;73.55;2.14;
2022-03-10 21:00:00;0.0;0.0;0.0;3.98;79.2;2.41;
2022-03-10 22:00:00;0.0;0.0;0.0;2.99;82.2;2.21;
2022-03-10 23:00:00;0.0;0.0;0.0;2.21;88.65;2.07;
2022-03-11 00:00:00;0.0;0.0;0.0;1.56;88.6;1.93;
2022-03-11 01:00:00;0.0;0.0;0.0;1.4;88.6;1.66;
2022-03-11 02:00:00;0.0;0.0;0.0;1.69;85.25;1.45;
2022-03-11 03:00:00;0.0;0.0;0.0;1.18;88.55;1.52;
2022-03-11 04:00:00;0.0;0.0;0.0;2.06;82.05;1.1;
2022-03-11 05:00:00;0.0;0.0;0.0;1.09;88.55;1.24;
2022-03-11 06:00:00;30.0;132.31;21.0;1.83;85.3;0.76;
2022-03-11 07:00:00;188.0;409.0;88.0;2.13;88.65;1.17;
2022-03-11 08:00:00;383.0;707.31;99.0;6.44;71.05;1.38;
2022-03-11 09:00:00;537.0;804.34;112.0;8.96;61.45;1.52;
2022-03-11 10:00:00;642.0;840.29;124.0;10.93;51.25;1.52;
2022-03-11 11:00:00;692.0;850.37;131.0;12.38;45.95;1.24;
2022-03-11 12:00:00;672.0;796.67;150.0;13.42;41.35;0.83;
2022-03-11 13:00:00;623.0;823.81;126.0;14.07;41.5;0.83;
2022-03-11 14:00:00;481.0;656.21;148.0;14.45;41.65;1.1;
2022-03-11 15:00:00;342.0;635.94;104.0;14.64;43.25;1.31;
2022-03-11 16:00:00;174.0;521.76;63.0;14.41;46.5;1.24;
2022-03-11 17:00:00;8.0;0.0;8.0;13.43;50.0;1.66;
2022-03-11 18:00:00;0.0;0.0;0.0;11.21;59.6;2.34;
2022-03-11 19:00:00;0.0;0.0;0.0;9.76;68.9;2.28;
2022-03-11 20:00:00;0.0;0.0;0.0;7.97;73.95;2.0;
2022-03-11 21:00:00;0.0;0.0;0.0;7.19;76.65;1.79;
2022-03-11 22:00:00;0.0;0.0;0.0;6.52;76.65;1.72;
2022-03-11 23:00:00;0.0;0.0;0.0;6.12;79.5;1.66;
2022-03-12 00:00:00;0.0;0.0;0.0;5.77;79.4;1.52;
2022-03-12 01:00:00;0.0;0.0;0.0;4.78;82.35;1.59;
2022-03-12 02:00:00;0.0;0.0;0.0;3.85;82.3;1.66;
2022-03-12 03:00:00;0.0;0.0;0.0;3.51;82.25;1.59;
2022-03-12 04:00:00;0.0;0.0;0.0;4.29;79.2;1.24;
2022-03-12 05:00:00;0.0;0.0;0.0;3.95;76.25;1.1;
2022-03-12 06:00:00;30.0;81.35;24.0;1.88;85.3;1.59;
2022-03-12 07:00:00;197.0;439.59;87.0;6.09;79.5;0.83;
2022-03-12 08:00:00;305.0;304.52;181.0;9.44;68.9;0.9;
2022-03-12 09:00:00;369.0;200.39;262.0;12.44;57.75;0.97;
2022-03-12 10:00:00;474.0;276.59;302.0;14.72;52.15;0.97;
2022-03-12 11:00:00;561.0;398.54;296.0;16.35;47.0;0.97;
2022-03-12 12:00:00;527.0;324.13;313.0;17.58;43.9;0.97;
2022-03-12 13:00:00;495.0;356.87;278.0;18.37;42.45;1.1;
2022-03-12 14:00:00;376.0;255.86;245.0;18.81;41.05;1.17;
2022-03-12 15:00:00;292.0;348.66;160.0;18.86;42.6;1.38;
2022-03-12 16:00:00;125.0;147.52;93.0;18.36;49.15;1.45;
2022-03-12 17:00:00;9.0;0.0;9.0;16.74;54.6;1.79;
2022-03-12 18:00:00;0.0;0.0;0.0;14.04;67.25;1.24;
2022-03-12 19:00:00;0.0;0.0;0.0;12.28;71.95;2.07;
2022-03-12 20:00:00;0.0;0.0;0.0;14.39;60.3;1.24;
2022-03-12 21:00:00;0.0;0.0;0.0;11.5;69.25;1.66;
2022-03-12 22:00:00;0.0;0.0;0.0;8.03;82.7;2.83;
2022-03-12 23:00:00;0.0;0.0;0.0;7.77;82.65;3.31;
2022-03-13 00:00:00;0.0;0.0;0.0;8.08;79.7;3.59;
2022-03-13 01:00:00;0.0;0.0;0.0;7.97;82.7;3.52;
2022-03-13 02:00:00;0.0;0.0;0.0;7.37;85.8;3.38;
2022-03-13 03:00:00;0.0;0.0;0.0;6.7;89.0;2.97;
2022-03-13 04:00:00;0.0;0.0;0.0;6.03;88.95;2.48;
2022-03-13 05:00:00;0.0;0.0;0.0;5.2;92.25;1.93;
2022-03-13 06:00:00;42.0;213.82;25.0;4.2;92.2;1.59;
2022-03-13 07:00:00;218.0;566.45;73.0;6.17;88.95;0.9;
2022-03-13 08:00:00;391.0;695.11;104.0;9.26;79.85;0.62;
2022-03-13 09:00:00;543.0;785.88;119.0;11.21;71.75;0.21;
2022-03-13 10:00:00;647.0;821.03;132.0;13.01;64.65;0.28;
2022-03-13 11:00:00;699.0;840.14;136.0;14.58;60.4;0.34;
2022-03-13 12:00:00;690.0;826.82;140.0;15.96;54.45;0.55;
2022-03-13 13:00:00;636.0;835.5;124.0;16.96;50.85;0.62;
2022-03-13 14:00:00;516.0;772.47;117.0;17.58;50.85;0.55;
2022-03-13 15:00:00;371.0;744.29;86.0;17.83;50.85;0.76;
2022-03-13 16:00:00;174.0;465.88;71.0;17.71;50.85;1.31;
2022-03-13 17:00:00;11.0;0.0;11.0;16.43;58.6;2.21;
2022-03-13 18:00:00;0.0;0.0;0.0;13.77;67.15;2.62;
2022-03-13 19:00:00;0.0;0.0;0.0;11.56;69.25;2.69;
2022-03-13 20:00:00;0.0;0.0;0.0;10.14;77.1;2.55;
2022-03-13 21:00:00;0.0;0.0;0.0;8.84;82.75;2.28;
2022-03-13 22:00:00;0.0;0.0;0.0;7.54;85.8;2.07;
2022-03-13 23:00:00;0.0;0.0;0.0;6.3;88.95;1.79;
2022-03-14 00:00:00;0.0;0.0;0.0;5.35;88.9;1.59;
2022-03-14 01:00:00;0.0;0.0;0.0;5.12;88.85;1.31;
2022-03-14 02:00:00;0.0;0.0;0.0;5.53;88.9;0.97;
2022-03-14 03:00:00;0.0;0.0;0.0;5.99;85.7;0.69;
2022-03-14 04:00:00;0.0;0.0;0.0;5.71;88.9;0.48;
2022-03-14 05:00:00;0.0;0.0;0.0;5.51;85.65;0.48;
2022-03-14 06:00:00;44.0;187.62;28.0;5.11;88.85;0.76;
2022-03-14 07:00:00;216.0;508.14;83.0;6.09;85.7;0.28;
2022-03-14 08:00:00;388.0;649.84;116.0;9.37;79.85;0.14;
2022-03-14 09:00:00;540.0;754.03;129.0;11.89;71.85;0.14;
2022-03-14 10:00:00;645.0;796.66;141.0;13.82;64.75;0.21;
2022-03-14 11:00:00;701.0;829.27;141.0;15.39;60.5;0.21;
2022-03-14 12:00:00;691.0;813.27;146.0;16.6;54.6;0.0;
2022-03-14 13:00:00;634.0;814.56;131.0;17.46;54.7;0.14;
2022-03-14 14:00:00;517.0;761.98;120.0;18.04;52.9;0.21;
2022-03-14 15:00:00;359.0;663.72;102.0;18.24;52.9;0.21;
2022-03-14 16:00:00;181.0;497.28;69.0;18.07;52.9;0.34;
2022-03-14 17:00:00;12.0;0.0;12.0;17.18;58.8;0.83;
2022-03-14 18:00:00;0.0;0.0;0.0;14.19;72.3;1.38;
2022-03-14 19:00:00;0.0;0.0;0.0;15.16;60.5;0.48;
2022-03-14 20:00:00;0.0;0.0;0.0;13.67;67.15;0.76;
2022-03-14 21:00:00;0.0;0.0;0.0;12.22;71.95;1.03;
2022-03-14 22:00:00;0.0;0.0;0.0;11.25;77.2;0.97;
2022-03-14 23:00:00;0.0;0.0;0.0;10.81;77.15;0.55;
2022-03-15 00:00:00;0.0;0.0;0.0;10.02;79.95;0.41;
2022-03-15 01:00:00;0.0;0.0;0.0;9.34;82.85;0.55;
2022-03-15 02:00:00;0.0;0.0;0.0;8.81;82.75;0.48;
2022-03-15 03:00:00;0.0;0.0;0.0;8.34;85.85;0.28;
2022-03-15 04:00:00;0.0;0.0;0.0;7.94;82.7;0.07;
2022-03-15 05:00:00;0.0;0.0;0.0;7.64;85.8;0.41;
2022-03-15 06:00:00;49.0;208.64;30.0;7.37;85.8;0.83;
2022-03-15 07:00:00;227.0;557.01;78.0;7.86;92.35;0.48;
2022-03-15 08:00:00;404.0;702.43;106.0;10.83;80.05;0.62;
2022-03-15 09:00:00;554.0;780.95;124.0;13.55;67.15;0.62;
2022-03-15 10:00:00;656.0;815.06;136.0;15.85;58.45;0.55;
2022-03-15 11:00:00;704.0;820.06;146.0;17.73;54.7;0.34;
2022-03-15 12:00:00;690.0;786.61;159.0;19.14;49.45;0.07;
2022-03-15 13:00:00;637.0;806.83;135.0;20.12;46.2;0.21;
2022-03-15 14:00:00;521.0;757.42;123.0;20.68;43.1;0.14;
2022-03-15 15:00:00;365.0;669.26;103.0;20.79;43.1;0.0;
2022-03-15 16:00:00;187.0;514.51;69.0;20.44;47.9;0.07;
2022-03-15 17:00:00;13.0;0.0;13.0;19.06;57.1;0.34;
2022-03-15 18:00:00;0.0;0.0;0.0;16.09;62.95;0.97;
2022-03-15 19:00:00;0.0;0.0;0.0;11.61;74.55;2.41;
2022-03-15 20:00:00;0.0;0.0;0.0;10.01;79.95;1.93;
2022-03-15 21:00:00;0.0;0.0;0.0;8.68;85.9;1.72;
2022-03-15 22:00:00;0.0;0.0;0.0;7.41;89.0;1.72;
2022-03-15 23:00:00;0.0;0.0;0.0;6.65;89.0;1.66;
2022-03-16 00:00:00;0.0;0.0;0.0;6.74;89.0;1.38;
2022-03-16 01:00:00;0.0;0.0;0.0;6.96;89.0;1.24;
2022-03-16 02:00:00;0.0;0.0;0.0;6.57;85.75;1.24;
2022-03-16 03:00:00;0.0;0.0;0.0;6.12;88.95;1.24;
2022-03-16 04:00:00;0.0;0.0;0.0;5.38;88.9;1.24;
2022-03-16 05:00:00;0.0;0.0;0.0;4.75;92.25;1.31;
2022-03-16 06:00:00;52.0;196.15;33.0;4.34;92.25;1.31;
2022-03-16 07:00:00;214.0;424.5;98.0;6.16;92.3;0.69;
2022-03-16 08:00:00;382.0;560.58;141.0;9.33;82.85;0.76;
2022-03-16 09:00:00;538.0;697.68;150.0;11.97;69.35;0.9;
2022-03-16 10:00:00;644.0;752.34;160.0;14.07;58.1;0.9;
2022-03-16 11:00:00;702.0;800.82;153.0;15.8;52.4;0.69;
2022-03-16 12:00:00;703.0;826.57;141.0;17.07;47.3;0.62;
2022-03-16 13:00:00;642.0;813.62;132.0;17.99;45.7;0.55;
2022-03-16 14:00:00;520.0;739.77;128.0;18.55;44.2;0.48;
2022-03-16 15:00:00;361.0;629.24;112.0;18.67;44.2;0.62;
2022-03-16 16:00:00;185.0;475.5;74.0;18.44;45.7;0.83;
2022-03-16 17:00:00;16.0;0.0;16.0;17.51;52.75;0.9;
2022-03-16 18:00:00;0.0;0.0;0.0;14.6;64.95;1.45;
2022-03-16 19:00:00;0.0;0.0;0.0;11.53;69.25;2.62;
2022-03-16 20:00:00;0.0;0.0;0.0;10.03;77.1;2.55;
2022-03-16 21:00:00;0.0;0.0;0.0;8.69;85.9;2.34;
2022-03-16 22:00:00;0.0;0.0;0.0;7.67;89.0;2.0;
2022-03-16 23:00:00;0.0;0.0;0.0;6.77;89.0;1.86;
2022-03-17 00:00:00;0.0;0.0;0.0;6.35;92.3;1.59;
2022-03-17 01:00:00;0.0;0.0;0.0;5.86;88.95;1.52;
2022-03-17 02:00:00;0.0;0.0;0.0;5.48;88.9;1.52;
2022-03-17 03:00:00;0.0;0.0;0.0;5.51;88.9;1.38;
2022-03-17 04:00:00;0.0;0.0;0.0;5.37;88.9;1.31;
2022-03-17 05:00:00;0.0;0.0;0.0;4.76;95.75;1.52;
2022-03-17 06:00:00;42.0;68.18;35.0;4.91;92.25;1.31;
2022-03-17 07:00:00;187.0;247.29;118.0;7.89;89.05;0.83;
2022-03-17 08:00:00;361.0;443.1;168.0;10.48;77.15;0.97;
2022-03-17 09:00:00;437.0;322.27;256.0;12.42;66.95;1.24;
2022-03-17 10:00:00;550.0;423.97;275.0;13.82;62.45;1.79;
2022-03-17 11:00:00;498.0;221.54;345.0;14.71;56.15;2.07;
2022-03-17 12:00:00;602.0;474.62;277.0;15.81;50.5;2.28;
2022-03-17 13:00:00;618.0;711.08;169.0;16.41;48.8;1.66;
2022-03-17 14:00:00;476.0;537.17;189.0;16.69;47.15;1.1;
2022-03-17 15:00:00;377.0;697.63;98.0;16.53;47.15;1.79;
2022-03-17 16:00:00;196.0;534.71;69.0;15.99;50.6;2.0;
2022-03-17 17:00:00;17.0;0.0;17.0;14.76;58.25;1.45;
2022-03-17 18:00:00;0.0;0.0;0.0;12.86;69.45;1.31;
2022-03-17 19:00:00;0.0;0.0;0.0;11.18;71.75;2.21;
2022-03-17 20:00:00;0.0;0.0;0.0;10.55;74.4;1.79;
2022-03-17 21:00:00;0.0;0.0;0.0;10.1;77.1;1.52;
2022-03-17 22:00:00;0.0;0.0;0.0;9.59;82.9;1.38;
2022-03-17 23:00:00;0.0;0.0;0.0;9.33;85.95;1.45;
2022-03-18 00:00:00;0.0;0.0;0.0;9.29;89.1;1.38;
2022-03-18 01:00:00;0.0;0.0;0.0;9.53;82.9;1.59;
2022-03-18 02:00:00;0.0;0.0;0.0;9.41;82.9;1.72;
2022-03-18 03:00:00;0.0;0.0;0.0;9.45;82.9;1.79;
2022-03-18 04:00:00;0.0;0.0;0.0;9.47;82.9;1.86;
2022-03-18 05:00:00;0.0;0.0;0.0;9.42;82.9;1.93;
2022-03-18 06:00:00;42.0;55.31;36.0;9.49;85.95;1.93;
2022-03-18 07:00:00;89.0;3.51;88.0;10.66;83.0;1.72;
2022-03-18 08:00:00;386.0;543.95;146.0;11.57;77.3;1.93;
2022-03-18 09:00:00;439.0;320.92;257.0;12.95;69.55;2.55;
2022-03-18 10:00:00;517.0;330.32;301.0;14.2;64.85;2.76;
2022-03-18 11:00:00;679.0;692.85;197.0;15.88;56.35;3.24;
2022-03-18 12:00:00;326.0;29.0;306.0;15.93;54.35;3.52;
2022-03-18 13:00:00;401.0;132.07;317.0;16.12;50.6;4.62;
2022-03-18 14:00:00;240.0;24.13;227.0;16.13;50.6;4.97;
2022-03-18 15:00:00;206.0;64.34;180.0;15.51;56.35;4.69;
2022-03-18 16:00:00;160.0;252.52;99.0;14.66;60.4;4.28;
2022-03-18 17:00:00;18.0;0.0;18.0;13.5;64.75;4.21;
2022-03-18 18:00:00;0.0;0.0;0.0;12.25;69.35;3.52;
2022-03-18 19:00:00;0.0;0.0;0.0;11.51;71.85;3.03;
2022-03-18 20:00:00;0.0;0.0;0.0;10.7;74.4;2.55;
2022-03-18 21:00:00;0.0;0.0;0.0;9.67;79.9;1.66;
2022-03-18 22:00:00;0.0;0.0;0.0;9.32;82.85;1.31;
2022-03-18 23:00:00;0.0;0.0;0.0;8.24;89.05;1.52;
2022-03-19 00:00:00;0.0;0.0;0.0;7.7;92.35;1.72;
2022-03-19 01:00:00;0.0;0.0;0.0;7.68;92.35;1.79;
2022-03-19 02:00:00;0.0;0.0;0.0;7.92;92.4;1.86;
2022-03-19 03:00:00;0.0;0.0;0.0;8.01;92.4;1.93;
2022-03-19 04:00:00;0.0;0.0;0.0;8.2;95.8;1.93;
2022-03-19 05:00:00;0.0;0.0;0.0;8.12;95.8;1.86;
2022-03-19 06:00:00;72.0;314.93;36.0;8.38;92.4;1.72;
2022-03-19 07:00:00;254.0;602.31;79.0;10.0;92.5;0.76;
2022-03-19 08:00:00;423.0;700.45;110.0;11.53;83.1;0.28;
2022-03-19 09:00:00;479.0;422.65;237.0;11.56;80.15;0.97;
2022-03-19 10:00:00;384.0;89.51;325.0;12.19;80.2;1.59;
2022-03-19 11:00:00;668.0;632.24;225.0;13.09;77.5;1.79;
2022-03-19 12:00:00;684.0;710.03;191.0;13.4;72.1;2.21;
2022-03-19 13:00:00;642.0;771.23;148.0;13.9;64.75;1.93;
2022-03-19 14:00:00;530.0;736.7;130.0;14.08;60.3;2.07;
2022-03-19 15:00:00;377.0;663.81;106.0;13.98;56.0;2.21;
2022-03-19 16:00:00;179.0;354.25;92.0;13.53;55.9;2.0;
2022-03-19 17:00:00;19.0;0.0;19.0;12.95;55.75;1.52;
2022-03-19 18:00:00;0.0;0.0;0.0;11.98;62.1;1.17;
2022-03-19 19:00:00;0.0;0.0;0.0;10.34;79.95;1.59;
2022-03-19 20:00:00;0.0;0.0;0.0;9.31;85.95;1.72;
2022-03-19 21:00:00;0.0;0.0;0.0;8.65;89.1;1.38;
2022-03-19 22:00:00;0.0;0.0;0.0;8.0;89.05;1.24;
2022-03-19 23:00:00;0.0;0.0;0.0;7.0;92.35;1.52;
2022-03-20 00:00:00;0.0;0.0;0.0;6.47;92.35;1.59;
2022-03-20 01:00:00;0.0;0.0;0.0;6.01;92.3;1.45;
2022-03-20 02:00:00;0.0;0.0;0.0;5.58;92.3;1.38;
2022-03-20 03:00:00;0.0;0.0;0.0;4.71;95.75;1.59;
2022-03-20 04:00:00;0.0;0.0;0.0;4.37;92.25;1.38;
2022-03-20 05:00:00;0.0;0.0;0.0;4.02;92.2;1.31;
2022-03-20 06:00:00;79.0;332.97;39.0;3.83;95.75;1.03;
2022-03-20 07:00:00;241.0;469.13;102.0;6.83;92.35;0.83;
2022-03-20 08:00:00;438.0;733.75;106.0;9.07;82.85;1.03;
2022-03-20 09:00:00;588.0;809.66;120.0;10.83;74.4;1.24;
2022-03-20 10:00:00;683.0;817.31;140.0;12.51;62.2;1.17;
2022-03-20 11:00:00;725.0;806.33;156.0;13.48;53.85;1.45;
2022-03-20 12:00:00;717.0;803.93;155.0;14.28;48.25;1.66;
2022-03-20 13:00:00;645.0;751.9;160.0;15.14;43.4;1.45;
2022-03-20 14:00:00;536.0;732.76;135.0;15.35;41.75;1.03;
2022-03-20 15:00:00;314.0;332.23;177.0;15.2;41.75;1.1;
2022-03-20 16:00:00;130.0;92.15;107.0;14.93;41.65;1.17;
2022-03-20 17:00:00;22.0;0.0;22.0;14.2;48.25;0.76;
2022-03-20 18:00:00;0.0;0.0;0.0;13.77;48.15;0.41;
2022-03-20 19:00:00;0.0;0.0;0.0;13.4;53.7;0.55;
2022-03-20 20:00:00;0.0;0.0;0.0;12.58;55.65;0.69;
2022-03-20 21:00:00;0.0;0.0;0.0;11.07;64.25;0.97;
2022-03-20 22:00:00;0.0;0.0;0.0;8.55;79.75;1.66;
2022-03-20 23:00:00;0.0;0.0;0.0;8.47;76.85;1.24;
2022-03-21 00:00:00;0.0;0.0;0.0;8.75;76.85;1.03;
2022-03-21 01:00:00;0.0;0.0;0.0;7.49;82.65;1.38;
2022-03-21 02:00:00;0.0;0.0;0.0;7.14;85.75;1.59;
2022-03-21 03:00:00;0.0;0.0;0.0;6.84;85.75;1.59;
2022-03-21 04:00:00;0.0;0.0;0.0;6.5;85.75;1.59;
2022-03-21 05:00:00;0.0;0.0;0.0;5.93;88.95;1.86;
2022-03-21 06:00:00;86.0;373.16;39.0;5.63;88.9;1.72;
2022-03-21 07:00:00;260.0;576.09;86.0;7.96;82.7;1.31;
2022-03-21 08:00:00;432.0;694.22;114.0;10.55;69.1;1.52;
2022-03-21 09:00:00;562.0;697.6;155.0;12.74;55.65;1.59;
2022-03-21 10:00:00;674.0;779.62;152.0;14.65;46.6;1.31;
2022-03-21 11:00:00;723.0;796.51;157.0;16.07;42.05;0.97;
2022-03-21 12:00:00;719.0;808.52;150.0;17.0;42.3;0.76;
2022-03-21 13:00:00;650.0;769.84;150.0;17.57;43.9;0.76;
2022-03-21 14:00:00;534.0;723.49;135.0;18.02;42.45;0.83;
2022-03-21 15:00:00;378.0;629.12;116.0;18.1;44.05;0.83;
2022-03-21 16:00:00;152.0;169.58;109.0;17.9;45.55;0.9;
2022-03-21 17:00:00;23.0;0.0;23.0;17.15;49.05;0.69;
2022-03-21 18:00:00;0.0;0.0;0.0;15.18;58.35;0.9;
2022-03-21 19:00:00;0.0;0.0;0.0;13.76;62.45;1.24;
2022-03-21 20:00:00;0.0;0.0;0.0;12.16;69.35;1.45;
2022-03-21 21:00:00;0.0;0.0;0.0;11.14;74.45;1.59;
2022-03-21 22:00:00;0.0;0.0;0.0;11.03;71.75;1.38;
2022-03-21 23:00:00;0.0;0.0;0.0;11.63;69.25;1.1;
2022-03-22 00:00:00;0.0;0.0;0.0;10.94;71.75;1.1;
2022-03-22 01:00:00;0.0;0.0;0.0;8.97;79.85;1.31;
2022-03-22 02:00:00;0.0;0.0;0.0;7.86;85.8;1.38;
2022-03-22 03:00:00;0.0;0.0;0.0;7.6;85.8;1.17;
2022-03-22 04:00:00;0.0;0.0;0.0;8.05;82.7;0.83;
2022-03-22 05:00:00;0.0;0.0;0.0;7.89;82.7;0.62;
2022-03-22 06:00:00;81.0;265.62;46.0;7.68;85.8;0.41;
2022-03-22 07:00:00;254.0;503.64;99.0;8.68;89.1;0.55;
2022-03-22 08:00:00;433.0;672.93;121.0;11.76;74.55;0.48;
2022-03-22 09:00:00;581.0;755.77;136.0;14.02;64.85;0.34;
2022-03-22 10:00:00;680.0;781.08;153.0;15.73;60.65;0.41;
2022-03-22 11:00:00;725.0;782.67;165.0;17.27;54.7;0.76;
2022-03-22 12:00:00;724.0;810.27;150.0;18.29;52.9;1.03;
2022-03-22 13:00:00;662.0;801.34;138.0;18.8;49.3;0.9;
2022-03-22 14:00:00;536.0;710.81;141.0;19.01;45.95;0.76;
2022-03-22 15:00:00;380.0;620.67;119.0;18.83;47.55;0.97;
2022-03-22 16:00:00;195.0;399.95;92.0;18.38;51.0;1.66;
2022-03-22 17:00:00;26.0;0.0;26.0;17.09;58.8;1.24;
2022-03-22 18:00:00;0.0;0.0;0.0;15.12;67.45;1.59;
2022-03-22 19:00:00;0.0;0.0;0.0;14.7;64.95;0.97;
2022-03-22 20:00:00;0.0;0.0;0.0;13.58;67.15;1.03;
2022-03-22 21:00:00;0.0;0.0;0.0;13.17;69.55;0.76;
2022-03-22 22:00:00;0.0;0.0;0.0;12.24;74.6;0.34;
2022-03-22 23:00:00;0.0;0.0;0.0;11.49;77.3;0.21;
2022-03-23 00:00:00;0.0;0.0;0.0;10.7;80.05;0.28;
2022-03-23 01:00:00;0.0;0.0;0.0;9.84;82.9;0.83;
2022-03-23 02:00:00;0.0;0.0;0.0;7.46;89.0;1.24;
2022-03-23 03:00:00;0.0;0.0;0.0;6.08;88.95;1.45;
2022-03-23 04:00:00;0.0;0.0;0.0;5.45;92.3;1.52;
2022-03-23 05:00:00;0.0;0.0;0.0;4.93;92.25;1.66;
2022-03-23 06:00:00;68.0;116.3;52.0;4.88;92.25;1.59;
2022-03-23 07:00:00;180.0;127.61;140.0;8.76;85.9;1.38;
2022-03-23 08:00:00;360.0;334.61;203.0;11.86;71.85;1.45;
2022-03-23 09:00:00;561.0;649.67;175.0;14.04;60.3;1.52;
2022-03-23 10:00:00;669.0;722.25;178.0;16.0;52.5;1.66;
2022-03-23 11:00:00;705.0;698.26;202.0;17.49;50.85;1.79;
2022-03-23 12:00:00;501.0;201.96;357.0;18.31;49.15;1.45;
2022-03-23 13:00:00;356.0;63.8;314.0;18.89;47.55;1.31;
2022-03-23 14:00:00;332.0;107.17;272.0;19.0;44.3;1.03;
2022-03-23 15:00:00;296.0;240.26;194.0;18.92;45.85;1.03;
2022-03-23 16:00:00;173.0;244.78;109.0;18.57;45.85;1.24;
2022-03-23 17:00:00;26.0;0.0;26.0;17.15;54.7;2.34;
2022-03-23 18:00:00;0.0;0.0;0.0;14.45;62.65;3.17;
2022-03-23 19:00:00;0.0;0.0;0.0;14.0;58.1;2.69;
2022-03-23 20:00:00;0.0;0.0;0.0;12.82;66.95;2.69;
2022-03-23 21:00:00;0.0;0.0;0.0;11.72;71.85;2.69;
2022-03-23 22:00:00;0.0;0.0;0.0;10.89;77.15;2.62;
2022-03-23 23:00:00;0.0;0.0;0.0;9.97;79.95;2.41;
2022-03-24 00:00:00;0.0;0.0;0.0;8.95;85.95;2.0;
2022-03-24 01:00:00;0.0;0.0;0.0;7.78;92.35;1.59;
2022-03-24 02:00:00;0.0;0.0;0.0;7.51;89.0;1.17;
2022-03-24 03:00:00;0.0;0.0;0.0;8.33;85.85;0.62;
2022-03-24 04:00:00;0.0;0.0;0.0;7.92;82.7;0.48;
2022-03-24 05:00:00;0.0;0.0;0.0;6.01;85.7;1.24;
2022-03-24 06:00:00;97.0;348.73;47.0;5.1;88.85;1.45;
2022-03-24 07:00:00;253.0;426.12;117.0;9.01;85.95;0.62;
2022-03-24 08:00:00;446.0;671.97;127.0;12.73;64.55;0.97;
2022-03-24 09:00:00;597.0;767.35;137.0;15.0;56.25;0.9;
2022-03-24 10:00:00;699.0;807.43;146.0;16.72;48.9;1.1;
2022-03-24 11:00:00;744.0;808.08;158.0;17.97;45.7;1.17;
2022-03-24 12:00:00;743.0;833.36;145.0;18.82;44.2;1.1;
2022-03-24 13:00:00;683.0;833.07;131.0;19.32;41.15;1.1;
2022-03-24 14:00:00;558.0;762.38;128.0;19.63;38.35;0.97;
2022-03-24 15:00:00;396.0;655.73;115.0;19.68;36.95;1.03;
2022-03-24 16:00:00;218.0;520.03;80.0;19.42;36.8;0.9;
2022-03-24 17:00:00;26.0;0.0;26.0;18.54;44.2;1.1;
2022-03-24 18:00:00;0.0;0.0;0.0;15.96;50.6;1.93;
2022-03-24 19:00:00;0.0;0.0;0.0;14.12;58.1;2.34;
2022-03-24 20:00:00;0.0;0.0;0.0;12.14;64.45;2.34;
2022-03-24 21:00:00;0.0;0.0;0.0;10.43;71.7;2.0;
2022-03-24 22:00:00;0.0;0.0;0.0;11.21;69.15;1.17;
2022-03-24 23:00:00;0.0;0.0;0.0;11.0;69.15;0.76;
2022-03-25 00:00:00;0.0;0.0;0.0;9.99;71.6;0.9;
2022-03-25 01:00:00;0.0;0.0;0.0;8.94;76.95;1.31;
2022-03-25 02:00:00;0.0;0.0;0.0;8.3;79.7;1.38;
2022-03-25 03:00:00;0.0;0.0;0.0;8.2;79.7;1.17;
2022-03-25 04:00:00;0.0;0.0;0.0;8.15;79.7;0.97;
2022-03-25 05:00:00;0.0;0.0;0.0;7.52;82.65;1.03;
2022-03-25 06:00:00;93.0;261.45;54.0;6.7;82.6;1.17;
2022-03-25 07:00:00;273.0;520.28;104.0;9.41;82.9;1.24;
2022-03-25 08:00:00;443.0;635.13;138.0;13.04;67.05;1.24;
2022-03-25 09:00:00;591.0;724.27;153.0;15.27;60.5;0.9;
2022-03-25 10:00:00;699.0;789.94;154.0;17.12;54.7;0.76;
2022-03-25 11:00:00;747.0;806.9;158.0;18.29;54.85;1.03;
2022-03-25 12:00:00;746.0;832.29;145.0;18.89;51.15;1.45;
2022-03-25 13:00:00;679.0;809.71;139.0;19.48;47.65;1.66;
2022-03-25 14:00:00;552.0;719.91;143.0;19.58;44.45;1.72;
2022-03-25 15:00:00;392.0;617.35;125.0;19.5;42.85;1.59;
2022-03-25 16:00:00;214.0;464.25;89.0;19.0;44.3;0.76;
2022-03-25 17:00:00;30.0;0.0;30.0;18.16;51.0;1.17;
2022-03-25 18:00:00;0.0;0.0;0.0;15.81;54.35;2.21;
2022-03-25 19:00:00;0.0;0.0;0.0;16.67;47.15;1.17;
2022-03-25 20:00:00;0.0;0.0;0.0;13.02;60.05;2.14;
2022-03-25 21:00:00;0.0;0.0;0.0;11.22;66.65;2.48;
2022-03-25 22:00:00;0.0;0.0;0.0;10.21;71.6;2.41;
2022-03-25 23:00:00;0.0;0.0;0.0;9.37;76.95;2.21;
2022-03-26 00:00:00;0.0;0.0;0.0;8.76;79.75;2.0;
2022-03-26 01:00:00;0.0;0.0;0.0;7.78;82.65;2.07;
2022-03-26 02:00:00;0.0;0.0;0.0;6.77;82.6;2.14;
2022-03-26 03:00:00;0.0;0.0;0.0;6.11;85.7;2.07;
2022-03-26 04:00:00;0.0;0.0;0.0;5.62;85.65;2.14;
2022-03-26 05:00:00;0.0;0.0;0.0;5.23;88.85;2.14;
2022-03-26 06:00:00;107.0;354.98;52.0;5.33;88.85;1.86;
2022-03-26 07:00:00;294.0;617.3;90.0;9.31;79.85;1.31;
2022-03-26 08:00:00;466.0;712.4;120.0;12.69;62.2;1.66;
2022-03-26 09:00:00;615.0;791.83;132.0;15.31;52.25;1.86;
2022-03-26 10:00:00;710.0;800.1;154.0;17.5;43.9;2.0;
2022-03-26 11:00:00;758.0;816.68;158.0;19.11;38.2;1.86;
2022-03-26 12:00:00;753.0;828.54;151.0;20.18;35.75;1.59;
2022-03-26 13:00:00;689.0;819.49;139.0;20.78;34.55;1.24;
2022-03-26 14:00:00;570.0;772.48;128.0;21.02;32.2;1.1;
2022-03-26 15:00:00;414.0;701.16;108.0;20.98;32.1;0.9;
2022-03-26 16:00:00;234.0;574.86;77.0;20.56;32.1;1.03;
2022-03-26 17:00:00;55.0;278.43;29.0;19.21;42.7;1.59;
2022-03-26 18:00:00;0.0;0.0;0.0;16.41;52.5;1.79;
2022-03-26 19:00:00;0.0;0.0;0.0;15.76;52.4;1.17;
2022-03-26 20:00:00;0.0;0.0;0.0;15.82;46.9;1.1;
2022-03-26 21:00:00;0.0;0.0;0.0;15.07;48.55;0.69;
2022-03-26 22:00:00;0.0;0.0;0.0;14.26;52.0;0.21;
2022-03-26 23:00:00;0.0;0.0;0.0;13.44;53.85;0.21;
2022-03-27 00:00:00;0.0;0.0;0.0;12.59;57.75;0.28;
2022-03-27 01:00:00;0.0;0.0;0.0;11.7;62.0;0.34;
2022-03-27 02:00:00;0.0;0.0;0.0;10.8;64.1;0.21;
2022-03-27 03:00:00;0.0;0.0;0.0;9.96;66.45;0.48;
2022-03-27 04:00:00;0.0;0.0;0.0;9.29;71.4;0.69;
2022-03-27 05:00:00;0.0;0.0;0.0;8.71;71.35;0.69;
2022-03-27 06:00:00;115.0;398.28;51.0;8.38;71.35;0.14;
2022-03-27 07:00:00;303.0;639.71;88.0;9.99;77.1;0.34;
2022-03-27 08:00:00;472.0;712.67;122.0;13.14;62.3;0.14;
2022-03-27 09:00:00;621.0;793.26;133.0;15.48;56.35;0.14;
2022-03-27 10:00:00;715.0;801.59;154.0;17.31;50.85;0.0;
2022-03-27 11:00:00;763.0;816.92;159.0;18.73;47.55;0.21;
2022-03-27 12:00:00;753.0;813.95;158.0;19.8;42.85;0.41;
2022-03-27 13:00:00;694.0;820.31;140.0;20.49;38.65;0.55;
2022-03-27 14:00:00;574.0;772.29;129.0;20.79;37.25;0.55;
2022-03-27 15:00:00;411.0;667.7;117.0;20.74;37.25;0.55;
2022-03-27 16:00:00;218.0;433.3;98.0;20.37;38.5;0.83;
2022-03-27 17:00:00;54.0;216.01;33.0;19.18;47.65;1.45;
2022-03-27 18:00:00;0.0;0.0;0.0;16.85;54.6;1.93;
2022-03-27 19:00:00;0.0;0.0;0.0;16.28;52.5;1.52;
2022-03-27 20:00:00;0.0;0.0;0.0;14.44;54.1;1.52;
2022-03-27 21:00:00;0.0;0.0;0.0;15.07;48.55;1.17;
2022-03-27 22:00:00;0.0;0.0;0.0;14.74;50.25;0.9;
2022-03-27 23:00:00;0.0;0.0;0.0;13.98;52.0;0.62;
2022-03-28 00:00:00;0.0;0.0;0.0;13.36;55.75;0.28;
2022-03-28 01:00:00;0.0;0.0;0.0;12.58;57.75;0.28;
2022-03-28 02:00:00;0.0;0.0;0.0;11.59;59.7;0.28;
2022-03-28 03:00:00;0.0;0.0;0.0;10.63;64.1;0.21;
2022-03-28 04:00:00;0.0;0.0;0.0;9.89;66.45;0.21;
2022-03-28 05:00:00;0.0;0.0;0.0;9.4;68.9;0.48;
2022-03-28 06:00:00;116.0;360.52;56.0;9.13;71.4;0.62;
2022-03-28 07:00:00;299.0;588.27;98.0;10.36;82.95;0.55;
2022-03-28 08:00:00;472.0;696.88;126.0;14.24;62.55;0.34;
2022-03-28 09:00:00;620.0;775.38;139.0;16.68;54.6;0.48;
2022-03-28 10:00:00;721.0;811.63;149.0;18.58;49.3;0.62;
2022-03-28 11:00:00;768.0;827.96;152.0;20.06;44.6;0.62;
2022-03-28 12:00:00;766.0;849.89;141.0;21.12;41.7;0.62;
2022-03-28 13:00:00;698.0;825.58;137.0;21.84;40.35;0.83;
2022-03-28 14:00:00;575.0;768.71;129.0;22.17;37.65;1.1;
2022-03-28 15:00:00;417.0;688.91;111.0;22.15;37.65;1.45;
2022-03-28 16:00:00;236.0;552.09;81.0;21.69;38.9;1.79;
2022-03-28 17:00:00;61.0;287.01;32.0;20.29;47.9;2.0;
2022-03-28 18:00:00;0.0;0.0;0.0;17.92;54.7;2.48;
2022-03-28 19:00:00;0.0;0.0;0.0;16.46;56.6;2.21;
2022-03-28 20:00:00;0.0;0.0;0.0;14.4;64.85;2.41;
2022-03-28 21:00:00;0.0;0.0;0.0;12.62;72.05;2.41;
2022-03-28 22:00:00;0.0;0.0;0.0;11.21;77.2;2.28;
2022-03-28 23:00:00;0.0;0.0;0.0;10.2;79.95;2.28;
2022-03-29 00:00:00;0.0;0.0;0.0;9.37;85.95;2.28;
2022-03-29 01:00:00;0.0;0.0;0.0;8.65;85.9;2.21;
2022-03-29 02:00:00;0.0;0.0;0.0;8.06;85.85;2.14;
2022-03-29 03:00:00;0.0;0.0;0.0;7.53;89.0;2.21;
2022-03-29 04:00:00;0.0;0.0;0.0;7.03;89.0;2.14;
2022-03-29 05:00:00;0.0;0.0;0.0;6.56;85.75;2.14;
2022-03-29 06:00:00;127.0;424.08;54.0;6.81;89.0;1.86;
2022-03-29 07:00:00;316.0;650.85;90.0;11.74;74.55;1.72;
2022-03-29 08:00:00;488.0;735.27;119.0;15.7;58.45;2.14;
2022-03-29 09:00:00;634.0;799.42;134.0;18.65;49.3;2.83;
2022-03-29 10:00:00;728.0;807.49;155.0;20.92;41.55;3.52;
2022-03-29 11:00:00;771.0;806.86;167.0;22.3;35.0;3.86;
2022-03-29 12:00:00;761.0;803.0;167.0;23.05;31.55;4.0;
2022-03-29 13:00:00;697.0;797.21;152.0;23.44;31.55;4.07;
2022-03-29 14:00:00;578.0;751.54;139.0;23.41;31.55;4.21;
2022-03-29 15:00:00;425.0;700.88;111.0;22.85;32.6;4.55;
2022-03-29 16:00:00;244.0;576.38;80.0;21.5;37.35;4.48;
2022-03-29 17:00:00;0.0;0.0;0.0;19.39;41.15;4.28;
2022-03-29 18:00:00;0.0;0.0;0.0;16.8;43.8;4.0;
2022-03-29 19:00:00;0.0;0.0;0.0;15.09;43.4;3.93;
2022-03-29 20:00:00;0.0;0.0;0.0;14.03;48.25;3.24;
2022-03-29 21:00:00;0.0;0.0;0.0;12.94;53.7;2.9;
2022-03-29 22:00:00;0.0;0.0;0.0;11.97;62.1;2.69;
2022-03-29 23:00:00;0.0;0.0;0.0;11.06;69.15;2.62;
2022-03-30 00:00:00;0.0;0.0;0.0;10.3;77.1;2.48;
2022-03-30 01:00:00;0.0;0.0;0.0;9.67;79.9;2.48;
2022-03-30 02:00:00;0.0;0.0;0.0;9.12;82.85;2.48;
2022-03-30 03:00:00;0.0;0.0;0.0;8.73;85.9;2.48;
2022-03-30 04:00:00;0.0;0.0;0.0;8.42;85.9;2.41;
2022-03-30 05:00:00;0.0;0.0;0.0;8.13;89.05;2.41;
2022-03-30 06:00:00;130.0;416.15;56.0;8.56;89.1;2.41;
2022-03-30 07:00:00;315.0;626.48;94.0;13.56;74.85;3.1;
2022-03-30 08:00:00;486.0;713.76;124.0;16.33;67.65;3.38;
2022-03-30 09:00:00;634.0;789.82;136.0;18.59;59.05;3.38;
2022-03-30 10:00:00;723.0;782.46;164.0;20.38;51.5;2.76;
2022-03-30 11:00:00;769.0;798.01;168.0;21.73;46.6;1.93;
2022-03-30 12:00:00;767.0;825.26;153.0;22.84;40.6;1.79;
2022-03-30 13:00:00;608.0;494.4;268.0;23.59;35.4;2.48;
2022-03-30 14:00:00;580.0;756.75;135.0;23.75;34.1;3.03;
2022-03-30 15:00:00;425.0;690.56;113.0;23.57;31.7;3.24;
2022-03-30 16:00:00;249.0;589.68;79.0;23.0;33.85;2.48;
2022-03-30 17:00:00;70.0;331.38;34.0;21.55;36.15;2.0;
2022-03-30 18:00:00;0.0;0.0;0.0;19.17;42.7;1.93;
2022-03-30 19:00:00;0.0;0.0;0.0;19.95;36.95;0.76;
2022-03-30 20:00:00;0.0;0.0;0.0;14.86;60.4;1.79;
2022-03-30 21:00:00;0.0;0.0;0.0;12.66;72.05;2.0;
2022-03-30 22:00:00;0.0;0.0;0.0;11.48;80.15;1.86;
2022-03-30 23:00:00;0.0;0.0;0.0;10.65;89.25;1.86;
2022-03-31 00:00:00;0.0;0.0;0.0;9.95;92.5;1.86;
2022-03-31 01:00:00;0.0;0.0;0.0;9.45;92.45;1.86;
2022-03-31 02:00:00;0.0;0.0;0.0;8.9;95.85;2.0;
2022-03-31 03:00:00;0.0;0.0;0.0;8.41;95.85;2.14;
2022-03-31 04:00:00;0.0;0.0;0.0;8.0;95.8;2.07;
2022-03-31 05:00:00;0.0;0.0;0.0;7.58;95.8;2.0;
2022-03-31 06:00:00;141.0;468.72;55.0;8.14;95.8;1.59;
2022-03-31 07:00:00;329.0;664.34;91.0;12.02;83.15;1.86;
2022-03-31 08:00:00;492.0;710.32;128.0;14.66;72.4;2.21;
2022-03-31 09:00:00;636.0;770.99;146.0;17.08;63.2;2.55;
2022-03-31 10:00:00;736.0;806.49;156.0;19.33;57.1;2.9;
2022-03-31 11:00:00;792.0;851.37;147.0;20.95;51.65;3.24;
2022-03-31 12:00:00;789.0;870.03;138.0;21.86;46.6;3.86;
2022-03-31 13:00:00;608.0;477.06;278.0;22.1;43.5;4.55;
2022-03-31 14:00:00;547.0;594.69;195.0;21.68;44.95;5.03;
2022-03-31 15:00:00;392.0;502.66;163.0;20.71;46.35;5.38;
2022-03-31 16:00:00;245.0;537.62;88.0;16.66;62.14;4.7;
2022-03-31 17:00:00;58.0;151.23;41.0;16.01;62.27;4.36;
2022-03-31 18:00:00;0.0;0.0;0.0;15.35;62.4;4.02;
2022-03-31 19:00:00;0.0;0.0;0.0;14.7;62.52;3.68;
2022-03-31 20:00:00;0.0;0.0;0.0;14.04;62.65;3.35;
2022-03-31 21:00:00;0.0;0.0;0.0;13.39;62.78;3.01;
2022-03-31 22:00:00;0.0;0.0;0.0;12.73;62.9;2.67;
2022-03-31 23:00:00;0.0;0.0;0.0;12.08;63.03;2.33;
2022-04-01 00:00:00;0.0;0.0;0.0;11.42;63.16;2.0;
2022-04-01 01:00:00;0.0;0.0;0.0;10.77;63.28;1.66;
2022-04-01 02:00:00;0.0;0.0;0.0;10.11;63.41;1.32;
2022-04-01 03:00:00;0.0;0.0;0.0;9.46;63.54;0.98;
2022-04-01 04:00:00;0.0;0.0;0.0;8.81;63.66;0.64;
2022-04-01 05:00:00;0.0;0.0;0.0;8.15;63.79;0.31;
2022-04-01 06:00:00;114.0;223.46;73.0;7.5;63.92;-0.03;
2022-04-01 07:00:00;300.0;485.69;126.0;6.84;64.05;-0.37;
2022-04-01 08:00:00;467.0;581.53;169.0;13.57;44.65;0.62;
2022-04-01 09:00:00;632.0;737.95;163.0;16.16;40.35;0.83;
2022-04-01 10:00:00;724.0;742.53;190.0;18.31;36.55;1.31;
2022-04-01 11:00:00;753.0;702.21;221.0;19.82;34.3;2.14;
2022-04-01 12:00:00;717.0;620.11;253.0;20.85;32.1;2.62;
2022-04-01 13:00:00;568.0;364.3;316.0;21.36;31.05;2.69;
2022-04-01 14:00:00;479.0;361.54;265.0;21.68;30.0;2.55;
2022-04-01 15:00:00;282.0;138.29;219.0;21.62;28.9;2.41;
2022-04-01 16:00:00;193.0;226.01;127.0;21.24;29.9;2.14;
2022-04-01 17:00:00;47.0;71.17;39.0;20.11;34.45;1.17;
2022-04-01 18:00:00;0.0;0.0;0.0;18.64;38.1;0.76;
2022-04-01 19:00:00;0.0;0.0;0.0;16.07;48.65;1.52;
2022-04-01 20:00:00;0.0;0.0;0.0;15.47;48.55;1.52;
2022-04-01 21:00:00;0.0;0.0;0.0;14.92;48.55;1.45;
2022-04-01 22:00:00;0.0;0.0;0.0;13.92;52.0;1.45;
2022-04-01 23:00:00;0.0;0.0;0.0;12.56;59.95;1.52;
2022-04-02 00:00:00;0.0;0.0;0.0;11.34;64.35;1.59;
2022-04-02 01:00:00;0.0;0.0;0.0;10.58;69.1;1.52;
2022-04-02 02:00:00;0.0;0.0;0.0;9.74;74.2;1.52;
2022-04-02 03:00:00;0.0;0.0;0.0;9.1;74.15;1.52;
2022-04-02 04:00:00;0.0;0.0;0.0;8.96;74.15;1.31;
2022-04-02 05:00:00;0.0;0.0;0.0;8.01;79.7;1.45;
2022-04-02 06:00:00;120.0;243.25;74.0;8.89;76.95;1.17;
2022-04-02 07:00:00;289.0;415.17;138.0;11.86;66.85;1.1;
2022-04-02 08:00:00;403.0;339.98;227.0;14.86;50.35;1.17;
2022-04-02 09:00:00;459.0;229.5;312.0;16.73;47.0;1.1;
2022-04-02 10:00:00;511.0;205.84;362.0;18.4;39.55;1.24;
2022-04-02 11:00:00;640.0;397.62;337.0;19.62;36.95;1.31;
2022-04-02 12:00:00;680.0;522.3;287.0;20.47;33.3;1.72;
2022-04-02 13:00:00;292.0;14.37;282.0;21.08;32.2;2.14;
2022-04-02 14:00:00;464.0;327.33;269.0;21.26;31.05;2.62;
2022-04-02 15:00:00;245.0;76.2;210.0;20.81;30.9;3.52;
2022-04-02 16:00:00;109.0;13.53;105.0;19.72;33.05;3.24;
2022-04-02 17:00:00;22.0;0.0;22.0;18.7;36.7;2.62;
2022-04-02 18:00:00;0.0;0.0;0.0;17.18;40.6;2.83;
2022-04-02 19:00:00;0.0;0.0;0.0;15.47;45.05;3.52;
2022-04-02 20:00:00;0.0;0.0;0.0;14.38;46.6;2.97;
2022-04-02 21:00:00;0.0;0.0;0.0;13.51;50.0;2.62;
2022-04-02 22:00:00;0.0;0.0;0.0;12.87;51.75;2.55;
2022-04-02 23:00:00;0.0;0.0;0.0;12.05;55.5;2.34;
2022-04-03 00:00:00;0.0;0.0;0.0;11.15;59.6;2.34;
2022-04-03 01:00:00;0.0;0.0;0.0;10.22;66.45;2.41;
2022-04-03 02:00:00;0.0;0.0;0.0;9.66;71.5;2.48;
2022-04-03 03:00:00;0.0;0.0;0.0;9.1;76.95;2.21;
2022-04-03 04:00:00;0.0;0.0;0.0;9.73;74.2;1.38;
2022-04-03 05:00:00;0.0;0.0;0.0;10.2;71.6;0.9;
2022-04-03 06:00:00;50.0;0.0;50.0;8.76;82.85;1.52;
2022-04-03 07:00:00;47.0;0.0;47.0;11.52;66.75;1.38;
2022-04-03 08:00:00;58.0;0.0;58.0;13.24;55.75;2.34;
2022-04-03 09:00:00;103.0;0.0;103.0;14.48;50.25;3.31;
2022-04-03 10:00:00;83.0;0.0;83.0;15.36;48.55;3.66;
2022-04-03 11:00:00;99.0;0.0;99.0;16.18;46.9;4.07;
2022-04-03 12:00:00;123.0;0.0;123.0;16.37;45.3;4.41;
2022-04-03 13:00:00;548.0;318.73;325.0;15.92;48.65;4.62;
2022-04-03 14:00:00;343.0;91.74;288.0;15.62;50.35;4.62;
2022-04-03 15:00:00;111.0;0.0;111.0;15.33;48.55;4.76;
2022-04-03 16:00:00;211.0;297.24;122.0;14.78;48.4;4.76;
2022-04-03 17:00:00;78.0;325.25;39.0;14.3;50.1;4.41;
2022-04-03 18:00:00;0.0;0.0;0.0;13.52;53.85;3.72;
2022-04-03 19:00:00;0.0;0.0;0.0;13.28;60.05;3.52;
2022-04-03 20:00:00;0.0;0.0;0.0;13.05;60.05;3.38;
2022-04-03 21:00:00;0.0;0.0;0.0;12.63;62.2;3.45;
2022-04-03 22:00:00;0.0;0.0;0.0;12.31;64.55;3.93;
2022-04-03 23:00:00;0.0;0.0;0.0;11.94;69.35;4.14;
2022-04-04 00:00:00;0.0;0.0;0.0;11.71;74.55;4.21;
2022-04-04 01:00:00;0.0;0.0;0.0;11.26;80.1;4.48;
2022-04-04 02:00:00;0.0;0.0;0.0;11.04;83.05;4.62;
2022-04-04 03:00:00;0.0;0.0;0.0;10.83;86.1;4.83;
2022-04-04 04:00:00;0.0;0.0;0.0;10.66;89.25;4.97;
2022-04-04 05:00:00;0.0;0.0;0.0;10.61;89.25;4.97;
2022-04-04 06:00:00;41.0;0.0;41.0;10.59;89.25;5.1;
2022-04-04 07:00:00;142.0;13.35;137.0;11.52;89.3;3.66;
2022-04-04 08:00:00;49.0;0.0;49.0;12.35;86.25;3.38;
2022-04-04 09:00:00;397.0;119.94;319.0;12.35;86.25;3.52;
2022-04-04 10:00:00;114.0;0.0;114.0;13.18;77.5;4.34;
2022-04-04 11:00:00;103.0;0.0;103.0;13.65;72.2;4.28;
2022-04-04 12:00:00;82.0;0.0;82.0;14.35;60.4;5.59;
2022-04-04 13:00:00;105.0;0.0;105.0;14.3;56.0;5.52;
2022-04-04 14:00:00;98.0;0.0;98.0;14.49;46.6;4.9;
2022-04-04 15:00:00;39.0;0.0;39.0;14.23;44.75;4.0;
2022-04-04 16:00:00;40.0;0.0;40.0;13.58;46.35;2.76;
2022-04-04 17:00:00;14.0;0.0;14.0;12.8;51.65;2.14;
2022-04-04 18:00:00;0.0;0.0;0.0;11.86;55.5;2.14;
2022-04-04 19:00:00;0.0;0.0;0.0;10.05;77.1;2.14;
2022-04-04 20:00:00;0.0;0.0;0.0;9.44;82.9;1.93;
2022-04-04 21:00:00;0.0;0.0;0.0;8.62;89.1;1.17;
2022-04-04 22:00:00;0.0;0.0;0.0;7.75;89.05;1.66;
2022-04-04 23:00:00;0.0;0.0;0.0;7.23;92.35;2.41;
2022-04-05 00:00:00;0.0;0.0;0.0;7.44;92.35;2.62;
2022-04-05 01:00:00;0.0;0.0;0.0;7.05;92.35;2.48;
2022-04-05 02:00:00;0.0;0.0;0.0;6.75;89.0;2.41;
2022-04-05 03:00:00;0.0;0.0;0.0;6.22;92.3;2.07;
2022-04-05 04:00:00;0.0;0.0;0.0;5.58;92.25;1.66;
2022-04-05 05:00:00;0.0;0.0;0.0;5.14;95.75;1.52;
2022-04-05 06:00:00;163.0;490.85;62.0;5.56;92.25;1.52;
2022-04-05 07:00:00;340.0;624.02;103.0;7.93;85.85;1.59;
2022-04-05 08:00:00;532.0;789.77;111.0;9.8;74.3;1.52;
2022-04-05 09:00:00;379.0;91.59;319.0;11.88;57.65;1.31;
2022-04-05 10:00:00;436.0;94.9;366.0;13.76;48.15;1.38;
2022-04-05 11:00:00;340.0;16.77;327.0;15.18;40.2;1.52;
2022-04-05 12:00:00;683.0;500.85;300.0;16.36;36.15;1.59;
2022-04-05 13:00:00;719.0;804.38;150.0;17.17;34.9;1.72;
2022-04-05 14:00:00;596.0;744.69;144.0;17.87;33.9;2.0;
2022-04-05 15:00:00;443.0;688.91;119.0;17.94;35.2;2.28;
2022-04-05 16:00:00;266.0;586.86;86.0;17.55;37.8;2.76;
2022-04-05 17:00:00;74.0;219.88;46.0;16.19;41.9;2.97;
2022-04-05 18:00:00;0.0;0.0;0.0;13.68;48.15;3.38;
2022-04-05 19:00:00;0.0;0.0;0.0;12.45;53.6;2.69;
2022-04-05 20:00:00;0.0;0.0;0.0;11.68;57.55;2.41;
2022-04-05 21:00:00;0.0;0.0;0.0;10.92;59.6;2.07;
2022-04-05 22:00:00;0.0;0.0;0.0;10.09;64.0;1.72;
2022-04-05 23:00:00;0.0;0.0;0.0;9.28;68.9;1.38;
2022-04-06 00:00:00;0.0;0.0;0.0;9.15;74.15;1.03;
2022-04-06 01:00:00;0.0;0.0;0.0;9.87;64.0;0.69;
2022-04-06 02:00:00;0.0;0.0;0.0;9.88;64.0;0.41;
2022-04-06 03:00:00;0.0;0.0;0.0;9.58;68.9;0.69;
2022-04-06 04:00:00;0.0;0.0;0.0;8.73;76.85;0.97;
2022-04-06 05:00:00;0.0;0.0;0.0;8.35;79.75;1.1;
2022-04-06 06:00:00;42.0;0.0;42.0;8.91;79.85;0.76;
2022-04-06 07:00:00;205.0;85.7;172.0;10.92;64.25;0.97;
2022-04-06 08:00:00;312.0;102.21;257.0;12.07;59.85;1.1;
2022-04-06 09:00:00;228.0;3.03;226.0;12.65;59.95;0.83;
2022-04-06 10:00:00;229.0;0.0;229.0;13.38;55.9;0.48;
2022-04-06 11:00:00;760.0;686.57;225.0;14.55;52.15;0.97;
2022-04-06 12:00:00;684.0;498.26;301.0;15.32;50.35;1.03;
2022-04-06 13:00:00;551.0;303.73;335.0;16.03;46.9;0.76;
2022-04-06 14:00:00;449.0;263.66;288.0;15.88;48.65;0.48;
2022-04-06 15:00:00;324.0;217.34;221.0;15.94;48.65;0.34;
2022-04-06 16:00:00;183.0;148.23;137.0;15.88;46.9;0.48;
2022-04-06 17:00:00;25.0;0.0;25.0;15.48;48.55;0.83;
2022-04-06 18:00:00;0.0;0.0;0.0;14.16;53.95;1.52;
2022-04-06 19:00:00;0.0;0.0;0.0;12.47;66.95;1.24;
2022-04-06 20:00:00;0.0;0.0;0.0;11.17;80.1;1.1;
2022-04-06 21:00:00;0.0;0.0;0.0;10.41;86.05;1.31;
2022-04-06 22:00:00;0.0;0.0;0.0;9.89;92.5;1.66;
2022-04-06 23:00:00;0.0;0.0;0.0;9.58;95.85;1.66;
2022-04-07 00:00:00;0.0;0.0;0.0;9.64;95.85;1.59;
2022-04-07 01:00:00;0.0;0.0;0.0;9.54;95.85;1.52;
2022-04-07 02:00:00;0.0;0.0;0.0;9.46;95.85;1.59;
2022-04-07 03:00:00;0.0;0.0;0.0;9.42;95.85;1.52;
2022-04-07 04:00:00;0.0;0.0;0.0;8.93;95.85;1.31;
2022-04-07 05:00:00;3.0;0.0;3.0;8.5;95.85;1.24;
2022-04-07 06:00:00;15.0;0.0;15.0;8.78;95.85;0.76;
2022-04-07 07:00:00;46.0;0.0;46.0;9.72;92.45;0.48;
2022-04-07 08:00:00;118.0;0.0;118.0;10.36;92.5;0.41;
2022-04-07 09:00:00;281.0;16.55;270.0;10.99;92.55;0.9;
2022-04-07 10:00:00;371.0;40.18;341.0;12.03;83.15;0.62;
2022-04-07 11:00:00;161.0;0.0;161.0;12.34;80.3;1.38;
2022-04-07 12:00:00;142.0;0.0;142.0;11.92;80.2;1.93;
2022-04-07 13:00:00;107.0;0.0;107.0;11.43;83.1;2.55;
2022-04-07 14:00:00;384.0;135.12;301.0;11.69;80.15;2.41;
2022-04-07 15:00:00;465.0;758.15;103.0;11.86;74.6;2.34;
2022-04-07 16:00:00;255.0;487.4;102.0;11.94;69.35;1.72;
2022-04-07 17:00:00;56.0;59.39;48.0;11.69;71.85;1.03;
2022-04-07 18:00:00;0.0;0.0;0.0;11.01;77.2;1.45;
2022-04-07 19:00:00;0.0;0.0;0.0;9.65;89.15;1.86;
2022-04-07 20:00:00;0.0;0.0;0.0;9.12;89.1;1.93;
2022-04-07 21:00:00;0.0;0.0;0.0;8.38;89.1;2.14;
2022-04-07 22:00:00;0.0;0.0;0.0;7.65;92.35;2.21;
2022-04-07 23:00:00;0.0;0.0;0.0;7.14;92.35;2.34;
2022-04-08 00:00:00;0.0;0.0;0.0;6.75;92.35;2.41;
2022-04-08 01:00:00;0.0;0.0;0.0;6.36;92.3;2.28;
2022-04-08 02:00:00;0.0;0.0;0.0;5.96;92.3;2.14;
2022-04-08 03:00:00;0.0;0.0;0.0;5.49;95.75;2.0;
2022-04-08 04:00:00;0.0;0.0;0.0;4.91;95.75;1.86;
2022-04-08 05:00:00;8.0;0.0;8.0;4.45;92.25;1.79;
2022-04-08 06:00:00;167.0;409.8;76.0;5.25;92.25;1.31;
2022-04-08 07:00:00;357.0;624.58;110.0;8.79;82.85;2.21;
2022-04-08 08:00:00;539.0;755.5;125.0;11.33;71.85;2.76;
2022-04-08 09:00:00;692.0;839.78;130.0;13.76;58.0;3.31;
2022-04-08 10:00:00;785.0;852.29;145.0;15.41;50.35;3.24;
2022-04-08 11:00:00;817.0;829.21;164.0;16.66;45.3;3.03;
2022-04-08 12:00:00;799.0;810.06;170.0;17.64;42.3;2.83;
2022-04-08 13:00:00;729.0;787.63;163.0;18.37;38.1;2.69;
2022-04-08 14:00:00;612.0;757.49;144.0;18.79;36.7;2.76;
2022-04-08 15:00:00;448.0;656.95;132.0;18.7;36.7;3.1;
2022-04-08 16:00:00;268.0;538.63;97.0;18.15;37.95;3.52;
2022-04-08 17:00:00;85.0;260.18;49.0;16.82;45.3;3.31;
2022-04-08 18:00:00;0.0;0.0;0.0;14.44;52.15;3.59;
2022-04-08 19:00:00;0.0;0.0;0.0;12.86;67.05;3.59;
2022-04-08 20:00:00;0.0;0.0;0.0;11.56;74.55;2.97;
2022-04-08 21:00:00;0.0;0.0;0.0;10.6;77.15;2.62;
2022-04-08 22:00:00;0.0;0.0;0.0;9.78;79.95;2.21;
2022-04-08 23:00:00;0.0;0.0;0.0;8.82;85.95;1.59;
2022-04-09 00:00:00;0.0;0.0;0.0;8.79;82.85;0.97;
2022-04-09 01:00:00;0.0;0.0;0.0;8.43;85.9;0.41;
2022-04-09 02:00:00;0.0;0.0;0.0;7.86;89.05;0.21;
2022-04-09 03:00:00;0.0;0.0;0.0;7.51;92.35;0.55;
2022-04-09 04:00:00;0.0;0.0;0.0;6.16;99.4;0.97;
2022-04-09 05:00:00;11.0;22.18;10.0;5.43;99.4;1.24;
2022-04-09 06:00:00;159.0;321.02;86.0;6.97;95.8;1.1;
2022-04-09 07:00:00;352.0;576.66;121.0;10.58;77.15;1.45;
2022-04-09 08:00:00;521.0;665.65;153.0;12.94;69.55;1.79;
2022-04-09 09:00:00;660.0;719.79;175.0;14.92;58.35;1.79;
2022-04-09 10:00:00;751.0;736.21;195.0;16.18;56.35;1.31;
2022-04-09 11:00:00;799.0;763.06;195.0;17.48;47.3;0.97;
2022-04-09 12:00:00;781.0;744.58;200.0;18.12;45.7;0.9;
2022-04-09 13:00:00;678.0;607.81;239.0;18.84;42.6;1.1;
2022-04-09 14:00:00;415.0;175.42;306.0;19.09;39.65;1.31;
2022-04-09 15:00:00;273.0;94.94;227.0;19.03;38.2;1.72;
2022-04-09 16:00:00;223.0;271.02;136.0;18.43;39.55;2.48;
2022-04-09 17:00:00;84.0;218.3;53.0;17.1;47.15;2.55;
2022-04-09 18:00:00;0.0;0.0;0.0;15.37;54.25;1.93;
2022-04-09 19:00:00;0.0;0.0;0.0;13.36;69.65;2.69;
2022-04-09 20:00:00;0.0;0.0;0.0;12.26;77.35;2.21;
2022-04-09 21:00:00;0.0;0.0;0.0;11.4;80.15;1.79;
2022-04-09 22:00:00;0.0;0.0;0.0;10.62;86.05;1.52;
2022-04-09 23:00:00;0.0;0.0;0.0;9.56;89.15;1.59;
2022-04-10 00:00:00;0.0;0.0;0.0;8.9;92.45;1.45;
2022-04-10 01:00:00;0.0;0.0;0.0;8.27;92.4;1.31;
2022-04-10 02:00:00;0.0;0.0;0.0;7.97;95.8;0.97;
2022-04-10 03:00:00;0.0;0.0;0.0;7.54;99.4;0.97;
2022-04-10 04:00:00;0.0;0.0;0.0;7.14;99.4;0.97;
2022-04-10 05:00:00;8.0;0.0;8.0;7.26;99.4;0.97;
2022-04-10 06:00:00;137.0;167.61;98.0;7.77;95.8;0.97;
2022-04-10 07:00:00;177.0;29.58;165.0;9.44;92.45;1.72;
2022-04-10 08:00:00;347.0;139.87;269.0;11.82;80.2;1.79;
2022-04-10 09:00:00;554.0;383.3;294.0;13.82;69.75;1.38;
2022-04-10 10:00:00;684.0;528.0;283.0;15.33;62.75;1.03;
2022-04-10 11:00:00;552.0;189.81;401.0;16.4;58.6;0.48;
2022-04-10 12:00:00;628.0;339.25;362.0;16.7;58.6;0.48;
2022-04-10 13:00:00;714.0;730.17;184.0;17.29;56.6;1.24;
2022-04-10 14:00:00;532.0;457.69;246.0;17.63;52.75;1.17;
2022-04-10 15:00:00;446.0;631.17;138.0;17.66;52.75;0.14;
2022-04-10 16:00:00;264.0;486.87;106.0;17.27;54.6;1.45;
2022-04-10 17:00:00;9.0;0.0;9.0;15.6;67.45;2.28;
2022-04-10 18:00:00;0.0;0.0;0.0;13.99;72.3;2.62;
2022-04-10 19:00:00;0.0;0.0;0.0;13.17;74.75;2.0;
2022-04-10 20:00:00;0.0;0.0;0.0;12.34;77.45;2.0;
2022-04-10 21:00:00;0.0;0.0;0.0;11.5;83.1;1.86;
2022-04-10 22:00:00;0.0;0.0;0.0;10.63;86.05;1.72;
2022-04-10 23:00:00;0.0;0.0;0.0;10.24;89.2;1.72;
2022-04-11 00:00:00;0.0;0.0;0.0;9.99;89.2;1.38;
2022-04-11 01:00:00;0.0;0.0;0.0;9.66;92.45;1.24;
2022-04-11 02:00:00;0.0;0.0;0.0;9.62;89.15;1.03;
2022-04-11 03:00:00;0.0;0.0;0.0;10.36;83.0;0.62;
2022-04-11 04:00:00;0.0;0.0;0.0;10.03;86.0;0.76;
2022-04-11 05:00:00;2.0;0.0;2.0;9.32;89.15;1.1;
2022-04-11 06:00:00;23.0;0.0;23.0;9.6;95.85;1.24;
2022-04-11 07:00:00;53.0;0.0;53.0;10.24;95.9;0.0;
2022-04-11 08:00:00;101.0;0.0;101.0;10.58;92.5;0.76;
2022-04-11 09:00:00;168.0;0.0;168.0;10.93;89.3;1.24;
2022-04-11 10:00:00;276.0;3.93;273.0;11.42;89.3;1.24;
2022-04-11 11:00:00;186.0;0.0;186.0;12.02;86.2;0.97;
2022-04-11 12:00:00;107.0;0.0;107.0;12.71;83.25;1.1;
2022-04-11 13:00:00;269.0;5.48;265.0;13.1;80.35;1.59;
2022-04-11 14:00:00;332.0;63.66;292.0;13.36;74.85;2.41;
2022-04-11 15:00:00;256.0;69.19;222.0;13.25;77.5;2.69;
2022-04-11 16:00:00;100.0;3.05;99.0;12.56;86.25;2.07;
2022-04-11 17:00:00;42.0;6.7;41.0;12.03;89.35;2.14;
2022-04-11 18:00:00;0.0;0.0;0.0;11.45;89.3;2.0;
2022-04-11 19:00:00;0.0;0.0;0.0;11.18;92.55;1.66;
2022-04-11 20:00:00;0.0;0.0;0.0;10.75;95.9;1.66;
2022-04-11 21:00:00;0.0;0.0;0.0;10.44;92.5;1.66;
2022-04-11 22:00:00;0.0;0.0;0.0;10.37;92.5;1.52;
2022-04-11 23:00:00;0.0;0.0;0.0;10.32;92.5;1.66;
2022-04-12 00:00:00;0.0;0.0;0.0;10.34;92.5;2.0;
2022-04-12 01:00:00;0.0;0.0;0.0;10.17;95.9;2.14;
2022-04-12 02:00:00;0.0;0.0;0.0;10.04;95.9;2.14;
2022-04-12 03:00:00;0.0;0.0;0.0;9.87;92.5;2.07;
2022-04-12 04:00:00;0.0;0.0;0.0;9.53;95.85;2.14;
2022-04-12 05:00:00;5.0;0.0;5.0;9.37;95.85;2.21;
2022-04-12 06:00:00;72.0;4.11;71.0;9.91;95.9;2.48;
2022-04-12 07:00:00;154.0;9.62;150.0;11.33;86.15;2.41;
2022-04-12 08:00:00;303.0;70.54;263.0;12.38;77.45;2.83;
2022-04-12 09:00:00;375.0;69.85;327.0;13.24;72.1;2.97;
2022-04-12 10:00:00;403.0;53.4;362.0;14.6;60.4;3.03;
2022-04-12 11:00:00;346.0;14.94;334.0;15.45;56.25;3.17;
2022-04-12 12:00:00;447.0;77.07;386.0;16.02;52.4;3.1;
2022-04-12 13:00:00;428.0;92.78;360.0;16.41;48.8;2.83;
2022-04-12 14:00:00;299.0;34.82;277.0;16.53;47.0;2.76;
2022-04-12 15:00:00;442.0;586.07;152.0;16.72;47.0;2.9;
2022-04-12 16:00:00;242.0;328.84;133.0;16.33;48.65;3.03;
2022-04-12 17:00:00;31.0;0.0;31.0;15.41;52.25;3.38;
2022-04-12 18:00:00;0.0;0.0;0.0;13.5;58.0;3.45;
2022-04-12 19:00:00;0.0;0.0;0.0;13.09;64.65;1.79;
2022-04-12 20:00:00;0.0;0.0;0.0;11.79;71.85;2.14;
2022-04-12 21:00:00;0.0;0.0;0.0;11.23;71.75;2.41;
2022-04-12 22:00:00;0.0;0.0;0.0;10.54;74.4;2.76;
2022-04-12 23:00:00;0.0;0.0;0.0;10.07;74.3;3.03;
2022-04-13 00:00:00;0.0;0.0;0.0;9.82;71.6;3.03;
2022-04-13 01:00:00;0.0;0.0;0.0;9.47;71.5;3.03;
2022-04-13 02:00:00;0.0;0.0;0.0;9.61;71.5;3.1;
2022-04-13 03:00:00;0.0;0.0;0.0;9.22;74.15;3.1;
2022-04-13 04:00:00;0.0;0.0;0.0;8.7;76.85;3.24;
2022-04-13 05:00:00;18.0;15.0;17.0;8.36;76.85;3.17;
2022-04-13 06:00:00;147.0;169.2;105.0;9.31;74.2;3.17;
2022-04-13 07:00:00;375.0;606.45;120.0;10.05;82.95;3.31;
2022-04-13 08:00:00;551.0;722.44;138.0;11.17;77.2;3.59;
2022-04-13 09:00:00;692.0;779.45;153.0;12.23;66.85;3.59;
2022-04-13 10:00:00;669.0;456.06;317.0;12.93;62.3;3.24;
2022-04-13 11:00:00;808.0;748.32;204.0;13.37;58.0;3.03;
2022-04-13 12:00:00;702.0;482.99;318.0;13.83;53.95;2.76;
2022-04-13 13:00:00;625.0;427.77;310.0;14.56;52.15;2.34;
2022-04-13 14:00:00;373.0;100.77;309.0;15.06;48.55;1.86;
2022-04-13 15:00:00;449.0;596.16;152.0;15.03;48.55;1.72;
2022-04-13 16:00:00;163.0;59.72;143.0;14.98;48.55;1.86;
2022-04-13 17:00:00;58.0;31.97;53.0;14.6;50.25;1.66;
2022-04-13 18:00:00;0.0;0.0;0.0;13.57;55.9;1.79;
2022-04-13 19:00:00;0.0;0.0;0.0;12.28;62.1;2.34;
2022-04-13 20:00:00;0.0;0.0;0.0;11.47;66.75;2.14;
2022-04-13 21:00:00;0.0;0.0;0.0;10.55;71.7;2.07;
2022-04-13 22:00:00;0.0;0.0;0.0;9.77;74.3;1.93;
2022-04-13 23:00:00;0.0;0.0;0.0;9.44;82.9;1.72;
2022-04-14 00:00:00;0.0;0.0;0.0;8.99;85.95;1.86;
2022-04-14 01:00:00;0.0;0.0;0.0;8.4;89.1;2.07;
2022-04-14 02:00:00;0.0;0.0;0.0;8.19;92.4;1.79;
2022-04-14 03:00:00;0.0;0.0;0.0;7.84;89.05;2.0;
2022-04-14 04:00:00;0.0;0.0;0.0;7.77;89.05;2.62;
2022-04-14 05:00:00;23.0;27.81;21.0;7.65;92.35;3.1;
2022-04-14 06:00:00;43.0;0.0;43.0;8.09;89.05;3.52;
2022-04-14 07:00:00;77.0;0.0;77.0;7.81;89.05;4.48;
2022-04-14 08:00:00;208.0;5.21;205.0;8.07;92.4;5.17;
2022-04-14 09:00:00;174.0;0.0;174.0;8.37;85.9;5.17;
2022-04-14 10:00:00;101.0;0.0;101.0;9.11;79.85;5.17;
2022-04-14 11:00:00;168.0;0.0;168.0;9.44;77.0;4.97;
2022-04-14 12:00:00;200.0;0.0;200.0;10.6;69.1;5.17;
2022-04-14 13:00:00;171.0;0.0;171.0;10.76;69.1;4.76;
2022-04-14 14:00:00;143.0;0.0;143.0;10.78;71.7;4.0;
2022-04-14 15:00:00;241.0;43.87;219.0;10.63;71.7;3.45;
2022-04-14 16:00:00;43.0;0.0;43.0;10.5;74.4;2.69;
2022-04-14 17:00:00;66.0;50.02;58.0;10.4;77.15;1.93;
2022-04-14 18:00:00;0.0;0.0;0.0;9.77;82.95;1.52;
2022-04-14 19:00:00;0.0;0.0;0.0;8.34;89.1;1.59;
2022-04-14 20:00:00;0.0;0.0;0.0;8.11;92.4;1.66;
2022-04-14 21:00:00;0.0;0.0;0.0;8.12;92.4;1.86;
2022-04-14 22:00:00;0.0;0.0;0.0;7.95;92.4;1.79;
2022-04-14 23:00:00;0.0;0.0;0.0;7.59;92.35;1.24;
2022-04-15 00:00:00;0.0;0.0;0.0;7.33;89.0;1.24;
2022-04-15 01:00:00;0.0;0.0;0.0;6.95;92.35;1.24;
2022-04-15 02:00:00;0.0;0.0;0.0;6.57;92.3;1.38;
2022-04-15 03:00:00;0.0;0.0;0.0;5.79;92.3;1.79;
2022-04-15 04:00:00;0.0;0.0;0.0;5.44;92.25;1.79;
2022-04-15 05:00:00;37.0;155.56;25.0;4.94;92.25;1.86;
2022-04-15 06:00:00;206.0;480.06;82.0;5.97;95.75;1.31;
2022-04-15 07:00:00;414.0;739.44;96.0;8.92;82.85;1.24;
2022-04-15 08:00:00;582.0;790.42;123.0;11.24;74.45;1.38;
2022-04-15 09:00:00;742.0;895.75;115.0;13.32;58.0;1.1;
2022-04-15 10:00:00;846.0;940.05;113.0;14.88;48.55;0.9;
2022-04-15 11:00:00;887.0;945.28;117.0;16.1;45.15;1.31;
2022-04-15 12:00:00;858.0;903.89;133.0;17.12;42.15;2.62;
2022-04-15 13:00:00;726.0;694.34;210.0;17.53;39.25;3.03;
2022-04-15 14:00:00;655.0;821.18;128.0;17.48;39.25;2.76;
2022-04-15 15:00:00;483.0;715.09;122.0;17.16;40.6;2.62;
2022-04-15 16:00:00;302.0;611.64;93.0;17.02;40.6;2.62;
2022-04-15 17:00:00;110.0;330.31;56.0;16.32;46.9;1.93;
2022-04-15 18:00:00;0.0;0.0;0.0;14.76;50.25;1.93;
2022-04-15 19:00:00;0.0;0.0;0.0;12.72;59.95;2.14;
2022-04-15 20:00:00;0.0;0.0;0.0;11.0;66.65;2.34;
2022-04-15 21:00:00;0.0;0.0;0.0;9.56;74.2;2.28;
2022-04-15 22:00:00;0.0;0.0;0.0;8.3;79.75;2.0;
2022-04-15 23:00:00;0.0;0.0;0.0;7.39;82.65;1.79;
2022-04-16 00:00:00;0.0;0.0;0.0;6.65;88.95;1.93;
2022-04-16 01:00:00;0.0;0.0;0.0;6.37;88.95;1.93;
2022-04-16 02:00:00;0.0;0.0;0.0;6.1;92.3;1.86;
2022-04-16 03:00:00;0.0;0.0;0.0;5.78;88.9;1.66;
2022-04-16 04:00:00;0.0;0.0;0.0;5.69;92.25;1.52;
2022-04-16 05:00:00;30.0;48.61;26.0;6.0;88.9;1.31;
2022-04-16 06:00:00;154.0;155.75;113.0;8.05;85.85;0.69;
2022-04-16 07:00:00;394.0;637.16;117.0;10.76;77.15;0.55;
2022-04-16 08:00:00;546.0;646.03;168.0;12.46;66.95;0.41;
2022-04-16 09:00:00;610.0;470.1;279.0;13.79;64.75;0.21;
2022-04-16 10:00:00;723.0;570.44;276.0;14.99;58.35;0.07;
2022-04-16 11:00:00;837.0;810.32;174.0;16.0;56.35;0.48;
2022-04-16 12:00:00;817.0;790.78;180.0;16.48;52.5;0.76;
2022-04-16 13:00:00;698.0;608.21;244.0;16.92;50.75;1.31;
2022-04-16 14:00:00;529.0;395.34;274.0;17.08;50.75;1.66;
2022-04-16 15:00:00;430.0;480.22;186.0;16.91;50.75;1.59;
2022-04-16 16:00:00;249.0;312.99;141.0;16.9;48.9;1.24;
2022-04-16 17:00:00;80.0;95.81;64.0;16.52;52.5;1.1;
2022-04-16 18:00:00;0.0;0.0;0.0;15.29;58.35;1.86;
2022-04-16 19:00:00;0.0;0.0;0.0;14.49;60.4;1.52;
2022-04-16 20:00:00;0.0;0.0;0.0;13.42;62.45;1.31;
2022-04-16 21:00:00;0.0;0.0;0.0;13.42;58.0;0.97;
2022-04-16 22:00:00;0.0;0.0;0.0;13.23;60.05;0.48;
2022-04-16 23:00:00;0.0;0.0;0.0;12.31;62.2;0.28;
2022-04-17 00:00:00;0.0;0.0;0.0;11.55;66.75;0.55;
2022-04-17 01:00:00;0.0;0.0;0.0;10.14;74.3;1.03;
2022-04-17 02:00:00;0.0;0.0;0.0;8.95;76.95;1.17;
2022-04-17 03:00:00;0.0;0.0;0.0;8.67;79.75;1.03;
2022-04-17 04:00:00;0.0;0.0;0.0;8.07;82.7;1.1;
2022-04-17 05:00:00;36.0;80.1;29.0;7.75;85.8;1.1;
2022-04-17 06:00:00;195.0;350.59;101.0;9.32;77.0;0.55;
2022-04-17 07:00:00;392.0;596.31;130.0;12.37;72.05;0.69;
2022-04-17 08:00:00;562.0;690.46;155.0;14.78;62.65;0.76;
2022-04-17 09:00:00;704.0;756.88;168.0;16.49;54.45;0.76;
2022-04-17 10:00:00;802.0;801.37;171.0;17.84;47.4;0.62;
2022-04-17 11:00:00;843.0;814.1;174.0;18.8;44.2;0.55;
2022-04-17 12:00:00;832.0;824.56;165.0;19.37;41.3;0.97;
2022-04-17 13:00:00;765.0;816.3;153.0;19.8;39.8;1.17;
2022-04-17 14:00:00;640.0;758.99;148.0;20.09;38.5;1.17;
2022-04-17 15:00:00;479.0;674.7;134.0;20.16;38.5;0.9;
2022-04-17 16:00:00;299.0;562.57;103.0;19.92;38.5;0.76;
2022-04-17 17:00:00;118.0;357.77;57.0;19.44;42.85;0.41;
2022-04-17 18:00:00;0.0;0.0;0.0;17.56;63.2;0.97;
2022-04-17 19:00:00;0.0;0.0;0.0;15.07;60.5;1.86;
2022-04-17 20:00:00;0.0;0.0;0.0;13.13;67.05;2.07;
2022-04-17 21:00:00;0.0;0.0;0.0;11.87;71.95;1.79;
2022-04-17 22:00:00;0.0;0.0;0.0;11.4;74.55;1.38;
2022-04-17 23:00:00;0.0;0.0;0.0;9.82;82.95;1.45;
2022-04-18 00:00:00;0.0;0.0;0.0;8.6;89.1;1.59;
2022-04-18 01:00:00;0.0;0.0;0.0;8.1;92.4;1.52;
2022-04-18 02:00:00;0.0;0.0;0.0;7.66;92.35;1.66;
2022-04-18 03:00:00;0.0;0.0;0.0;7.39;92.35;1.86;
2022-04-18 04:00:00;0.0;0.0;0.0;7.29;92.35;2.07;
2022-04-18 05:00:00;46.0;162.3;31.0;7.45;92.35;2.34;
2022-04-18 06:00:00;202.0;366.39;102.0;9.71;85.95;2.28;
2022-04-18 07:00:00;398.0;610.47;127.0;13.33;69.65;2.9;
2022-04-18 08:00:00;560.0;665.28;165.0;15.38;62.75;3.24;
2022-04-18 09:00:00;695.0;713.32;187.0;17.13;54.6;3.31;
2022-04-18 10:00:00;783.0;726.81;208.0;18.66;47.55;3.17;
2022-04-18 11:00:00;832.0;768.24;198.0;19.77;42.85;2.97;
2022-04-18 12:00:00;831.0;808.87;174.0;20.5;38.65;2.76;
2022-04-18 13:00:00;764.0;802.19;160.0;21.0;36.0;2.69;
2022-04-18 14:00:00;639.0;746.09;153.0;21.07;34.7;2.97;
2022-04-18 15:00:00;471.0;625.79;149.0;20.71;37.25;3.38;
2022-04-18 16:00:00;279.0;429.33;128.0;20.3;38.5;3.86;
2022-04-18 17:00:00;111.0;270.15;64.0;19.29;42.7;3.17;
2022-04-18 18:00:00;0.0;0.0;0.0;17.5;47.3;3.03;
2022-04-18 19:00:00;0.0;0.0;0.0;15.87;50.5;3.24;
2022-04-18 20:00:00;0.0;0.0;0.0;14.84;52.25;3.24;
2022-04-18 21:00:00;0.0;0.0;0.0;13.97;58.1;3.24;
2022-04-18 22:00:00;0.0;0.0;0.0;13.53;60.2;3.24;
2022-04-18 23:00:00;0.0;0.0;0.0;12.72;64.55;3.24;
2022-04-19 00:00:00;0.0;0.0;0.0;12.16;64.45;2.97;
2022-04-19 01:00:00;0.0;0.0;0.0;11.23;66.65;2.9;
2022-04-19 02:00:00;0.0;0.0;0.0;10.33;66.55;2.76;
2022-04-19 03:00:00;0.0;0.0;0.0;9.61;71.5;2.69;
2022-04-19 04:00:00;0.0;0.0;0.0;9.02;76.95;2.55;
2022-04-19 05:00:00;47.0;133.48;34.0;8.57;79.75;2.34;
2022-04-19 06:00:00;211.0;399.75;100.0;10.2;79.95;1.86;
2022-04-19 07:00:00;405.0;615.52;129.0;13.69;62.45;2.28;
2022-04-19 08:00:00;570.0;684.02;161.0;15.7;56.25;2.55;
2022-04-19 09:00:00;706.0;733.16;181.0;17.41;50.85;2.83;
2022-04-19 10:00:00;803.0;776.3;186.0;18.41;44.2;3.1;
2022-04-19 11:00:00;848.0;802.45;183.0;19.51;39.8;3.1;
2022-04-19 12:00:00;842.0;828.93;166.0;19.91;38.5;2.83;
2022-04-19 13:00:00;774.0;821.32;153.0;20.0;37.1;2.62;
2022-04-19 14:00:00;652.0;777.65;143.0;19.76;38.35;2.41;
2022-04-19 15:00:00;487.0;681.83;134.0;19.76;38.35;2.34;
2022-04-19 16:00:00;308.0;583.11;101.0;19.49;38.35;2.28;
2022-04-19 17:00:00;123.0;355.05;60.0;18.84;44.2;1.45;
2022-04-19 18:00:00;0.0;0.0;0.0;17.22;58.7;1.17;
2022-04-19 19:00:00;0.0;0.0;0.0;15.81;56.25;1.17;
2022-04-19 20:00:00;0.0;0.0;0.0;15.09;52.25;1.1;
2022-04-19 21:00:00;0.0;0.0;0.0;15.04;50.35;0.76;
2022-04-19 22:00:00;0.0;0.0;0.0;14.14;53.95;0.28;
2022-04-19 23:00:00;0.0;0.0;0.0;13.42;55.9;0.14;
2022-04-20 00:00:00;0.0;0.0;0.0;12.85;57.9;0.41;
2022-04-20 01:00:00;0.0;0.0;0.0;12.21;62.1;0.55;
2022-04-20 02:00:00;0.0;0.0;0.0;11.63;64.35;0.34;
2022-04-20 03:00:00;0.0;0.0;0.0;11.24;66.65;0.34;
2022-04-20 04:00:00;0.0;0.0;0.0;10.45;69.1;0.83;
2022-04-20 05:00:00;50.0;136.85;36.0;8.25;79.7;1.24;
2022-04-20 06:00:00;214.0;389.59;104.0;10.05;77.1;0.76;
2022-04-20 07:00:00;407.0;600.69;135.0;14.15;62.55;0.48;
2022-04-20 08:00:00;577.0;689.3;162.0;16.48;54.45;0.48;
2022-04-20 09:00:00;713.0;738.96;181.0;18.33;47.4;0.83;
2022-04-20 10:00:00;810.0;781.57;186.0;19.92;39.95;1.59;
2022-04-20 11:00:00;851.0;791.99;192.0;20.81;37.25;2.28;
2022-04-20 12:00:00;839.0;803.69;181.0;21.61;33.6;3.1;
2022-04-20 13:00:00;781.0;825.85;154.0;21.92;31.3;3.45;
2022-04-20 14:00:00;651.0;755.75;154.0;21.86;32.35;3.45;
2022-04-20 15:00:00;484.0;648.92;146.0;21.77;32.35;3.52;
2022-04-20 16:00:00;244.0;240.05;158.0;21.28;33.45;3.31;
2022-04-20 17:00:00;80.0;60.81;69.0;20.47;38.65;2.07;
2022-04-20 18:00:00;0.0;0.0;0.0;18.54;53.0;1.38;
2022-04-20 19:00:00;0.0;0.0;0.0;16.31;56.35;2.21;
2022-04-20 20:00:00;0.0;0.0;0.0;15.1;56.25;2.69;
2022-04-20 21:00:00;0.0;0.0;0.0;14.37;58.25;2.69;
2022-04-20 22:00:00;0.0;0.0;0.0;13.77;64.75;2.62;
2022-04-20 23:00:00;0.0;0.0;0.0;13.05;67.05;2.76;
2022-04-21 00:00:00;0.0;0.0;0.0;12.57;69.45;2.62;
2022-04-21 01:00:00;0.0;0.0;0.0;11.67;74.55;2.41;
2022-04-21 02:00:00;0.0;0.0;0.0;10.79;77.2;2.28;
2022-04-21 03:00:00;0.0;0.0;0.0;10.18;79.95;2.07;
2022-04-21 04:00:00;0.0;0.0;0.0;9.63;82.9;1.86;
2022-04-21 05:00:00;51.0;121.34;38.0;9.54;85.95;1.45;
2022-04-21 06:00:00;112.0;20.91;106.0;10.85;80.1;1.03;
2022-04-21 07:00:00;130.0;0.0;130.0;14.58;58.25;0.97;
2022-04-21 08:00:00;521.0;470.21;236.0;16.39;50.6;0.97;
2022-04-21 09:00:00;352.0;34.54;327.0;17.51;45.55;0.97;
2022-04-21 10:00:00;224.0;0.0;224.0;18.48;39.55;1.52;
2022-04-21 11:00:00;320.0;4.79;316.0;19.52;36.95;2.0;
2022-04-21 12:00:00;683.0;378.4;372.0;20.74;33.3;2.41;
2022-04-21 13:00:00;366.0;31.48;342.0;21.49;31.15;3.03;
2022-04-21 14:00:00;288.0;19.68;275.0;22.03;29.05;3.17;
2022-04-21 15:00:00;375.0;250.01;244.0;22.06;29.05;3.17;
2022-04-21 16:00:00;240.0;218.54;161.0;21.46;30.0;2.76;
2022-04-21 17:00:00;101.0;146.5;74.0;20.63;35.9;2.21;
2022-04-21 18:00:00;0.0;0.0;0.0;18.86;41.15;1.86;
2022-04-21 19:00:00;0.0;0.0;0.0;16.53;47.0;2.97;
2022-04-21 20:00:00;0.0;0.0;0.0;15.3;52.25;3.17;
2022-04-21 21:00:00;0.0;0.0;0.0;14.6;54.1;3.31;
2022-04-21 22:00:00;0.0;0.0;0.0;13.95;53.95;3.59;
2022-04-21 23:00:00;0.0;0.0;0.0;13.26;53.7;3.72;
2022-04-22 00:00:00;0.0;0.0;0.0;12.63;51.65;3.52;
2022-04-22 01:00:00;0.0;0.0;0.0;11.8;55.5;3.45;
2022-04-22 02:00:00;0.0;0.0;0.0;11.28;59.6;3.66;
2022-04-22 03:00:00;0.0;0.0;0.0;11.28;59.6;4.07;
2022-04-22 04:00:00;0.0;0.0;0.0;11.05;64.25;4.21;
2022-04-22 05:00:00;30.0;8.94;29.0;10.95;69.15;4.34;
2022-04-22 06:00:00;176.0;171.54;126.0;11.51;74.55;3.86;
2022-04-22 07:00:00;213.0;39.01;195.0;13.14;72.1;4.76;
2022-04-22 08:00:00;551.0;580.24;197.0;13.79;74.85;5.31;
2022-04-22 09:00:00;621.0;449.54;294.0;14.88;65.05;5.93;
2022-04-22 10:00:00;709.0;487.97;316.0;16.28;60.65;6.07;
2022-04-22 11:00:00;637.0;276.63;405.0;17.99;49.15;6.48;
2022-04-22 12:00:00;219.0;0.0;219.0;19.28;44.3;6.55;
2022-04-22 13:00:00;506.0;162.03;382.0;20.47;38.65;6.62;
2022-04-22 14:00:00;261.0;9.04;255.0;20.44;38.65;6.28;
2022-04-22 15:00:00;104.0;0.0;104.0;19.97;39.95;6.07;
2022-04-22 16:00:00;66.0;0.0;66.0;19.29;42.7;6.0;
2022-04-22 17:00:00;32.0;0.0;32.0;18.29;47.4;5.79;
2022-04-22 18:00:00;0.0;0.0;0.0;15.96;62.85;5.17;
2022-04-22 19:00:00;0.0;0.0;0.0;14.59;67.35;4.41;
2022-04-22 20:00:00;0.0;0.0;0.0;13.7;74.85;4.28;
2022-04-22 21:00:00;0.0;0.0;0.0;12.73;86.25;4.55;
2022-04-22 22:00:00;0.0;0.0;0.0;12.23;92.6;4.76;
2022-04-22 23:00:00;0.0;0.0;0.0;12.05;92.6;5.24;
2022-04-23 00:00:00;0.0;0.0;0.0;12.03;89.35;5.52;
2022-04-23 01:00:00;0.0;0.0;0.0;11.86;89.35;4.97;
2022-04-23 02:00:00;0.0;0.0;0.0;11.8;89.35;4.76;
2022-04-23 03:00:00;0.0;0.0;0.0;11.73;92.55;4.34;
2022-04-23 04:00:00;0.0;0.0;0.0;11.71;92.55;3.93;
2022-04-23 05:00:00;9.0;0.0;9.0;11.68;92.55;3.45;
2022-04-23 06:00:00;44.0;0.0;44.0;11.74;92.55;3.03;
2022-04-23 07:00:00;45.0;0.0;45.0;12.18;92.6;4.34;
2022-04-23 08:00:00;92.0;0.0;92.0;12.54;92.6;4.14;
2022-04-23 09:00:00;127.0;0.0;127.0;13.0;92.65;4.34;
2022-04-23 10:00:00;92.0;0.0;92.0;13.2;92.65;4.14;
2022-04-23 11:00:00;77.0;0.0;77.0;13.68;95.95;4.0;
2022-04-23 12:00:00;204.0;0.0;204.0;13.93;92.7;4.76;
2022-04-23 13:00:00;126.0;0.0;126.0;13.73;95.95;4.97;
2022-04-23 14:00:00;154.0;0.0;154.0;13.59;95.95;4.97;
2022-04-23 15:00:00;74.0;0.0;74.0;13.31;92.65;4.76;
2022-04-23 16:00:00;50.0;0.0;50.0;13.35;92.65;5.45;
2022-04-23 17:00:00;109.0;183.17;74.0;13.32;89.45;4.97;
2022-04-23 18:00:00;0.0;0.0;0.0;13.04;92.65;4.62;
2022-04-23 19:00:00;0.0;0.0;0.0;12.58;92.6;4.21;
2022-04-23 20:00:00;0.0;0.0;0.0;12.35;92.6;3.72;
2022-04-23 21:00:00;0.0;0.0;0.0;12.31;89.4;3.1;
2022-04-23 22:00:00;0.0;0.0;0.0;12.28;95.95;2.9;
2022-04-23 23:00:00;0.0;0.0;0.0;12.28;95.95;2.41;
2022-04-24 00:00:00;0.0;0.0;0.0;12.35;92.6;1.59;
2022-04-24 01:00:00;0.0;0.0;0.0;12.43;95.95;1.03;
2022-04-24 02:00:00;0.0;0.0;0.0;12.08;95.95;1.24;
2022-04-24 03:00:00;0.0;0.0;0.0;12.45;95.95;1.24;
2022-04-24 04:00:00;0.0;0.0;0.0;12.66;95.95;1.38;
2022-04-24 05:00:00;22.0;0.0;22.0;12.71;95.95;1.17;
2022-04-24 06:00:00;140.0;56.61;123.0;13.51;92.65;1.03;
2022-04-24 07:00:00;215.0;38.32;197.0;15.23;83.5;2.41;
2022-04-24 08:00:00;250.0;12.95;242.0;16.08;77.85;3.72;
2022-04-24 09:00:00;245.0;1.36;244.0;17.02;70.2;5.17;
2022-04-24 10:00:00;590.0;240.12;395.0;17.51;65.45;5.1;
2022-04-24 11:00:00;106.0;0.0;106.0;18.0;63.3;5.03;
2022-04-24 12:00:00;111.0;0.0;111.0;16.63;72.65;4.28;
2022-04-24 13:00:00;370.0;35.01;343.0;15.23;83.5;4.21;
2022-04-24 14:00:00;413.0;131.42;325.0;15.43;80.6;4.0;
2022-04-24 15:00:00;419.0;378.92;217.0;15.88;70.0;5.1;
2022-04-24 16:00:00;216.0;137.45;165.0;16.39;67.65;4.07;
2022-04-24 17:00:00;78.0;41.15;70.0;16.23;67.55;4.76;
2022-04-24 18:00:00;0.0;0.0;0.0;15.12;69.9;4.41;
2022-04-24 19:00:00;0.0;0.0;0.0;14.11;74.95;3.79;
2022-04-24 20:00:00;0.0;0.0;0.0;13.45;77.6;3.1;
2022-04-24 21:00:00;0.0;0.0;0.0;12.79;83.25;2.9;
2022-04-24 22:00:00;0.0;0.0;0.0;12.46;86.25;2.9;
2022-04-24 23:00:00;0.0;0.0;0.0;11.96;86.2;2.62;
2022-04-25 00:00:00;0.0;0.0;0.0;11.39;89.3;2.41;
2022-04-25 01:00:00;0.0;0.0;0.0;10.84;89.3;2.21;
2022-04-25 02:00:00;0.0;0.0;0.0;10.19;92.5;2.14;
2022-04-25 03:00:00;0.0;0.0;0.0;9.19;92.45;2.14;
2022-04-25 04:00:00;0.0;0.0;0.0;8.33;92.4;1.93;
2022-04-25 05:00:00;77.0;270.31;43.0;8.57;95.85;1.52;
2022-04-25 06:00:00;184.0;173.98;131.0;10.38;95.9;0.69;
2022-04-25 07:00:00;276.0;118.21;220.0;13.78;77.6;1.52;
2022-04-25 08:00:00;434.0;225.23;294.0;15.18;69.9;1.72;
2022-04-25 09:00:00;372.0;46.06;338.0;16.81;60.75;1.93;
2022-04-25 10:00:00;166.0;0.0;166.0;17.76;56.75;1.72;
2022-04-25 11:00:00;379.0;20.05;362.0;18.02;56.85;1.03;
2022-04-25 12:00:00;161.0;0.0;161.0;17.85;58.9;0.76;
2022-04-25 13:00:00;165.0;0.0;165.0;17.72;63.2;1.59;
2022-04-25 14:00:00;469.0;218.59;322.0;18.12;63.3;2.34;
2022-04-25 15:00:00;240.0;29.85;224.0;17.88;65.55;2.14;
2022-04-25 16:00:00;127.0;5.35;125.0;17.95;67.95;2.34;
2022-04-25 17:00:00;21.0;0.0;21.0;17.61;72.8;2.14;
2022-04-25 18:00:00;0.0;0.0;0.0;16.46;80.75;2.55;
2022-04-25 19:00:00;0.0;0.0;0.0;15.61;86.5;2.48;
2022-04-25 20:00:00;0.0;0.0;0.0;14.88;86.5;2.69;
2022-04-25 21:00:00;0.0;0.0;0.0;14.26;92.7;2.62;
2022-04-25 22:00:00;0.0;0.0;0.0;13.65;95.95;2.9;
2022-04-25 23:00:00;0.0;0.0;0.0;13.28;95.95;3.03;
2022-04-26 00:00:00;0.0;0.0;0.0;13.05;95.95;2.9;
2022-04-26 01:00:00;0.0;0.0;0.0;13.01;92.65;3.03;
2022-04-26 02:00:00;0.0;0.0;0.0;12.85;92.65;3.1;
2022-04-26 03:00:00;0.0;0.0;0.0;12.7;92.6;2.83;
2022-04-26 04:00:00;0.0;0.0;0.0;12.78;89.4;2.69;
2022-04-26 05:00:00;21.0;0.0;21.0;12.82;86.3;2.55;
2022-04-26 06:00:00;142.0;51.8;126.0;13.78;86.35;2.34;
2022-04-26 07:00:00;106.0;0.0;106.0;15.36;80.6;2.9;
2022-04-26 08:00:00;631.0;820.46;118.0;16.74;72.65;4.07;
2022-04-26 09:00:00;779.0;896.82;114.0;17.45;70.3;4.9;
2022-04-26 10:00:00;873.0;921.18;119.0;17.81;67.85;5.31;
2022-04-26 11:00:00;917.0;942.38;115.0;18.57;61.2;5.45;
2022-04-26 12:00:00;342.0;10.75;333.0;19.16;57.1;5.79;
2022-04-26 13:00:00;225.0;0.0;225.0;18.01;58.9;6.14;
2022-04-26 14:00:00;79.0;0.0;79.0;18.04;54.85;6.34;
2022-04-26 15:00:00;145.0;0.0;145.0;17.97;54.85;5.86;
2022-04-26 16:00:00;123.0;5.3;121.0;17.54;54.7;3.59;
2022-04-26 17:00:00;68.0;14.92;65.0;15.21;67.45;3.03;
2022-04-26 18:00:00;0.0;0.0;0.0;13.13;80.35;1.86;
2022-04-26 19:00:00;0.0;0.0;0.0;13.31;77.6;2.0;
2022-04-26 20:00:00;0.0;0.0;0.0;12.32;80.3;1.93;
2022-04-26 21:00:00;0.0;0.0;0.0;11.6;89.3;1.17;
2022-04-26 22:00:00;0.0;0.0;0.0;11.56;86.15;0.76;
2022-04-26 23:00:00;0.0;0.0;0.0;9.93;92.5;1.59;
2022-04-27 00:00:00;0.0;0.0;0.0;9.05;92.45;2.0;
2022-04-27 01:00:00;0.0;0.0;0.0;8.34;95.85;1.86;
2022-04-27 02:00:00;0.0;0.0;0.0;7.9;95.8;1.72;
2022-04-27 03:00:00;0.0;0.0;0.0;7.41;95.8;1.86;
2022-04-27 04:00:00;0.0;0.0;0.0;7.09;95.8;2.14;
2022-04-27 05:00:00;40.0;7.43;39.0;7.33;95.8;2.14;
2022-04-27 06:00:00;271.0;584.67;88.0;9.54;89.15;2.0;
2022-04-27 07:00:00;474.0;774.57;101.0;12.3;74.7;1.93;
2022-04-27 08:00:00;647.0;845.98;115.0;14.7;64.95;2.07;
2022-04-27 09:00:00;791.0;900.85;120.0;16.55;58.6;1.72;
2022-04-27 10:00:00;895.0;952.98;112.0;18.1;49.15;1.79;
2022-04-27 11:00:00;928.0;944.99;121.0;19.3;44.3;2.14;
2022-04-27 12:00:00;918.0;959.89;112.0;20.22;38.5;2.55;
2022-04-27 13:00:00;841.0;934.97;112.0;20.9;34.7;2.9;
2022-04-27 14:00:00;641.0;642.93;205.0;21.11;33.45;3.17;
2022-04-27 15:00:00;440.0;400.42;223.0;20.9;33.45;3.52;
2022-04-27 16:00:00;134.0;7.89;131.0;20.29;37.1;3.66;
2022-04-27 17:00:00;149.0;391.44;69.0;18.94;42.7;3.72;
2022-04-27 18:00:00;0.0;0.0;0.0;16.95;47.15;3.72;
2022-04-27 19:00:00;0.0;0.0;0.0;14.36;48.4;3.59;
2022-04-27 20:00:00;0.0;0.0;0.0;13.25;53.7;3.24;
2022-04-27 21:00:00;0.0;0.0;0.0;12.34;55.65;2.83;
2022-04-27 22:00:00;0.0;0.0;0.0;11.37;64.35;2.0;
2022-04-27 23:00:00;0.0;0.0;0.0;10.12;77.1;1.45;
2022-04-28 00:00:00;0.0;0.0;0.0;9.93;77.1;1.24;
2022-04-28 01:00:00;0.0;0.0;0.0;8.98;82.85;1.52;
2022-04-28 02:00:00;0.0;0.0;0.0;8.16;85.85;2.28;
2022-04-28 03:00:00;0.0;0.0;0.0;7.92;89.05;2.28;
2022-04-28 04:00:00;0.0;0.0;0.0;7.8;89.05;2.0;
2022-04-28 05:00:00;91.0;309.4;48.0;7.82;89.05;1.93;
2022-04-28 06:00:00;258.0;469.94;109.0;10.14;77.1;2.0;
2022-04-28 07:00:00;474.0;754.09;108.0;13.55;58.0;2.62;
2022-04-28 08:00:00;641.0;803.32;133.0;15.43;45.05;3.17;
2022-04-28 09:00:00;777.0;843.46;146.0;16.89;32.35;3.66;
2022-04-28 10:00:00;871.0;871.86;152.0;17.89;25.9;4.14;
2022-04-28 11:00:00;906.0;870.63;160.0;18.37;24.05;4.28;
2022-04-28 12:00:00;792.0;584.01;300.0;18.6;24.05;4.21;
2022-04-28 13:00:00;810.0;829.46;161.0;18.83;24.05;4.14;
2022-04-28 14:00:00;628.0;577.16;235.0;18.87;22.35;4.0;
2022-04-28 15:00:00;342.0;143.17;264.0;18.57;22.25;3.86;
2022-04-28 16:00:00;351.0;657.31;99.0;18.26;23.95;3.59;
2022-04-28 17:00:00;167.0;515.32;60.0;17.53;27.85;2.69;
2022-04-28 18:00:00;1.0;0.0;1.0;15.66;41.75;1.52;
2022-04-28 19:00:00;0.0;0.0;0.0;13.09;42.8;2.07;
2022-04-28 20:00:00;0.0;0.0;0.0;11.58;37.75;2.83;
2022-04-28 21:00:00;0.0;0.0;0.0;10.72;36.0;3.1;
2022-04-28 22:00:00;0.0;0.0;0.0;9.72;40.25;2.83;
2022-04-28 23:00:00;0.0;0.0;0.0;8.59;48.65;2.34;
2022-04-29 00:00:00;0.0;0.0;0.0;8.03;52.45;1.79;
2022-04-29 01:00:00;0.0;0.0;0.0;7.46;54.4;1.66;
2022-04-29 02:00:00;0.0;0.0;0.0;6.63;58.55;1.59;
2022-04-29 03:00:00;0.0;0.0;0.0;5.54;68.1;1.79;
2022-04-29 04:00:00;0.0;0.0;0.0;5.4;76.4;1.66;
2022-04-29 05:00:00;99.0;370.06;46.0;5.55;82.4;1.52;
2022-04-29 06:00:00;253.0;429.84;115.0;8.1;76.8;1.03;
2022-04-29 07:00:00;234.0;42.94;213.0;10.51;74.4;1.03;
2022-04-29 08:00:00;395.0;128.97;313.0;11.48;69.25;1.24;
2022-04-29 09:00:00;597.0;330.09;349.0;12.54;59.95;1.66;
2022-04-29 10:00:00;784.0;612.58;277.0;13.83;50.1;1.86;
2022-04-29 11:00:00;435.0;39.55;401.0;14.67;48.4;2.07;
2022-04-29 12:00:00;680.0;334.85;397.0;15.48;46.75;2.28;
2022-04-29 13:00:00;829.0;882.66;136.0;15.94;46.9;2.62;
2022-04-29 14:00:00;696.0;817.66;137.0;16.13;46.9;2.34;
2022-04-29 15:00:00;553.0;818.03;105.0;16.21;46.9;1.79;
2022-04-29 16:00:00;351.0;649.58;100.0;16.34;43.65;2.14;
2022-04-29 17:00:00;159.0;436.27;67.0;16.13;43.5;2.69;
2022-04-29 18:00:00;3.0;0.0;3.0;14.84;46.75;2.34;
2022-04-29 19:00:00;0.0;0.0;0.0;13.22;51.75;2.28;
2022-04-29 20:00:00;0.0;0.0;0.0;11.99;55.5;2.21;
2022-04-29 21:00:00;0.0;0.0;0.0;10.48;61.75;1.79;
2022-04-29 22:00:00;0.0;0.0;0.0;10.01;64.0;1.31;
2022-04-29 23:00:00;0.0;0.0;0.0;9.93;61.65;1.1;
2022-04-30 00:00:00;0.0;0.0;0.0;9.49;66.35;0.83;
2022-04-30 01:00:00;0.0;0.0;0.0;9.1;68.8;0.55;
2022-04-30 02:00:00;0.0;0.0;0.0;8.51;71.35;0.83;
2022-04-30 03:00:00;0.0;0.0;0.0;6.56;82.55;1.38;
2022-04-30 04:00:00;0.0;0.0;0.0;5.73;85.6;1.52;
2022-04-30 05:00:00;105.0;400.32;46.0;5.69;88.85;1.38;
2022-04-30 06:00:00;276.0;550.86;97.0;8.62;82.75;1.03;
2022-04-30 07:00:00;472.0;724.59;115.0;12.73;64.55;1.72;
2022-04-30 08:00:00;635.0;772.88;141.0;14.99;52.25;2.0;
2022-04-30 09:00:00;763.0;792.67;165.0;16.9;45.45;2.28;
2022-04-30 10:00:00;855.0;819.93;174.0;18.38;39.55;2.62;
2022-04-30 11:00:00;908.0;871.97;156.0;19.49;35.6;2.9;
2022-04-30 12:00:00;828.0;681.74;250.0;20.29;34.45;2.97;
2022-04-30 13:00:00;825.0;868.27;141.0;20.83;33.3;2.76;
2022-04-30 14:00:00;697.0;814.46;138.0;21.22;32.2;2.55;
2022-04-30 15:00:00;530.0;726.65;130.0;21.42;31.15;2.41;
2022-04-30 16:00:00;355.0;657.43;99.0;17.55;44.24;3.37;
2022-04-30 17:00:00;162.0;443.72;67.0;17.2;47.39;3.17;
2022-04-30 18:00:00;4.0;0.0;4.0;16.85;50.53;2.96;
2022-04-30 19:00:00;0.0;0.0;0.0;16.5;53.67;2.75;
2022-04-30 20:00:00;0.0;0.0;0.0;16.15;56.82;2.55;
2022-04-30 21:00:00;0.0;0.0;0.0;15.8;59.96;2.34;
2022-04-30 22:00:00;0.0;0.0;0.0;15.45;63.1;2.13;
2022-04-30 23:00:00;0.0;0.0;0.0;15.1;66.24;1.93;
2022-05-01 00:00:00;0.0;0.0;0.0;14.75;69.39;1.72;
2022-05-01 01:00:00;0.0;0.0;0.0;14.4;72.53;1.51;
2022-05-01 02:00:00;0.0;0.0;0.0;14.05;75.67;1.31;
2022-05-01 03:00:00;0.0;0.0;0.0;13.7;78.82;1.1;
2022-05-01 04:00:00;0.0;0.0;0.0;13.35;81.96;0.89;
2022-05-01 05:00:00;79.0;145.25;57.0;13.0;85.1;0.69;
2022-05-01 06:00:00;145.0;42.58;131.0;12.65;88.25;0.48;
2022-05-01 07:00:00;197.0;16.12;189.0;12.3;91.39;0.27;
2022-05-01 08:00:00;322.0;49.81;290.0;17.26;67.85;2.76;
2022-05-01 09:00:00;388.0;51.49;349.0;18.89;61.2;4.62;
2022-05-01 10:00:00;596.0;224.38;409.0;19.58;55.2;4.41;
2022-05-01 11:00:00;618.0;220.78;427.0;20.25;53.35;4.28;
2022-05-01 12:00:00;688.0;363.34;379.0;20.48;53.5;4.34;
2022-05-01 13:00:00;316.0;10.12;308.0;20.73;53.5;4.62;
2022-05-01 14:00:00;133.0;0.0;133.0;20.31;53.35;4.76;
2022-05-01 15:00:00;100.0;0.0;100.0;19.81;55.2;4.69;
2022-05-01 16:00:00;53.0;0.0;53.0;19.16;59.15;3.79;
2022-05-01 17:00:00;107.0;96.64;86.0;18.66;63.4;3.03;
2022-05-01 18:00:00;8.0;0.0;8.0;17.97;63.3;2.41;
2022-05-01 19:00:00;0.0;0.0;0.0;16.72;67.75;2.41;
2022-05-01 20:00:00;0.0;0.0;0.0;15.82;75.15;1.59;
2022-05-01 21:00:00;0.0;0.0;0.0;15.65;72.55;1.03;
2022-05-01 22:00:00;0.0;0.0;0.0;15.32;75.1;0.9;
2022-05-01 23:00:00;0.0;0.0;0.0;14.69;77.75;0.97;
2022-05-02 00:00:00;0.0;0.0;0.0;14.21;83.4;1.1;
2022-05-02 01:00:00;0.0;0.0;0.0;14.91;77.75;0.69;
2022-05-02 02:00:00;0.0;0.0;0.0;14.53;80.55;0.83;
2022-05-02 03:00:00;0.0;0.0;0.0;13.71;86.35;1.24;
2022-05-02 04:00:00;0.0;0.0;0.0;13.61;86.35;1.52;
2022-05-02 05:00:00;69.0;77.19;57.0;13.65;89.45;1.52;
2022-05-02 06:00:00;109.0;6.02;107.0;15.06;83.5;1.52;
2022-05-02 07:00:00;354.0;266.16;221.0;16.23;77.95;1.45;
2022-05-02 08:00:00;542.0;460.0;245.0;17.19;72.8;1.45;
2022-05-02 09:00:00;120.0;0.0;120.0;18.45;67.95;2.34;
2022-05-02 10:00:00;154.0;0.0;154.0;19.26;63.5;2.48;
2022-05-02 11:00:00;133.0;0.0;133.0;19.55;59.25;2.9;
2022-05-02 12:00:00;152.0;0.0;152.0;19.63;59.25;3.45;
2022-05-02 13:00:00;85.0;0.0;85.0;19.67;59.25;3.24;
2022-05-02 14:00:00;296.0;20.24;282.0;19.41;61.3;3.1;
2022-05-02 15:00:00;151.0;0.0;151.0;18.71;63.4;2.76;
2022-05-02 16:00:00;149.0;15.18;143.0;18.26;65.55;2.41;
2022-05-02 17:00:00;69.0;9.07;67.0;18.02;65.55;1.66;
2022-05-02 18:00:00;5.0;0.0;5.0;17.39;67.85;1.45;
2022-05-02 19:00:00;0.0;0.0;0.0;15.99;86.55;1.79;
2022-05-02 20:00:00;0.0;0.0;0.0;15.39;92.75;1.66;
2022-05-02 21:00:00;0.0;0.0;0.0;15.03;92.75;1.03;
2022-05-02 22:00:00;0.0;0.0;0.0;14.96;92.75;1.31;
2022-05-02 23:00:00;0.0;0.0;0.0;15.24;92.75;1.66;
2022-05-03 00:00:00;0.0;0.0;0.0;15.16;86.5;1.79;
2022-05-03 01:00:00;0.0;0.0;0.0;14.75;92.7;1.24;
2022-05-03 02:00:00;0.0;0.0;0.0;14.49;89.5;1.38;
2022-05-03 03:00:00;0.0;0.0;0.0;13.68;89.45;2.21;
2022-05-03 04:00:00;0.0;0.0;0.0;12.86;92.6;2.28;
2022-05-03 05:00:00;56.0;25.1;52.0;12.69;86.25;1.86;
2022-05-03 06:00:00;53.0;0.0;53.0;13.02;83.25;1.24;
2022-05-03 07:00:00;184.0;7.95;180.0;13.89;74.85;0.21;
2022-05-03 08:00:00;159.0;0.0;159.0;15.4;72.45;0.62;
2022-05-03 09:00:00;587.0;307.88;352.0;16.48;67.75;0.69;
2022-05-03 10:00:00;738.0;494.72;323.0;17.59;67.85;0.62;
2022-05-03 11:00:00;652.0;266.57;420.0;18.59;61.2;1.17;
2022-05-03 12:00:00;746.0;475.75;339.0;19.1;59.15;1.86;
2022-05-03 13:00:00;366.0;26.4;345.0;19.57;55.2;2.28;
2022-05-03 14:00:00;361.0;57.62;321.0;19.63;51.4;2.9;
2022-05-03 15:00:00;420.0;315.01;244.0;19.54;47.8;3.38;
2022-05-03 16:00:00;286.0;301.36;166.0;18.98;49.45;3.03;
2022-05-03 17:00:00;100.0;58.14;87.0;18.05;54.85;2.14;
2022-05-03 18:00:00;7.0;0.0;7.0;17.0;56.75;1.93;
2022-05-03 19:00:00;0.0;0.0;0.0;15.66;77.85;1.93;
2022-05-03 20:00:00;0.0;0.0;0.0;15.07;80.6;2.41;
2022-05-03 21:00:00;0.0;0.0;0.0;14.54;86.45;2.28;
2022-05-03 22:00:00;0.0;0.0;0.0;13.9;92.65;2.34;
2022-05-03 23:00:00;0.0;0.0;0.0;13.59;92.65;2.62;
2022-05-04 00:00:00;0.0;0.0;0.0;13.35;92.65;2.76;
2022-05-04 01:00:00;0.0;0.0;0.0;13.07;92.65;2.55;
2022-05-04 02:00:00;0.0;0.0;0.0;12.84;92.6;2.9;
2022-05-04 03:00:00;0.0;0.0;0.0;12.71;92.6;3.52;
2022-05-04 04:00:00;0.0;0.0;0.0;12.74;95.95;3.66;
2022-05-04 05:00:00;10.0;0.0;10.0;12.86;95.95;4.48;
2022-05-04 06:00:00;39.0;0.0;39.0;13.47;92.65;5.1;
2022-05-04 07:00:00;44.0;0.0;44.0;13.4;92.65;4.69;
2022-05-04 08:00:00;79.0;0.0;79.0;13.84;92.65;4.9;
2022-05-04 09:00:00;80.0;0.0;80.0;13.96;92.7;5.79;
2022-05-04 10:00:00;99.0;0.0;99.0;14.0;92.7;6.76;
2022-05-04 11:00:00;123.0;0.0;123.0;14.25;96.0;5.93;
2022-05-04 12:00:00;78.0;0.0;78.0;14.74;92.7;6.28;
2022-05-04 13:00:00;72.0;0.0;72.0;15.19;92.75;6.0;
2022-05-04 14:00:00;61.0;0.0;61.0;15.26;89.55;6.07;
2022-05-04 15:00:00;266.0;42.75;242.0;14.75;92.7;4.21;
2022-05-04 16:00:00;104.0;0.0;104.0;14.41;96.0;2.55;
2022-05-04 17:00:00;150.0;286.71;85.0;14.54;96.0;1.66;
2022-05-04 18:00:00;4.0;0.0;4.0;14.68;96.0;1.66;
2022-05-04 19:00:00;0.0;0.0;0.0;14.0;92.7;1.03;
2022-05-04 20:00:00;0.0;0.0;0.0;13.81;95.95;1.31;
2022-05-04 21:00:00;0.0;0.0;0.0;13.61;92.65;1.24;
2022-05-04 22:00:00;0.0;0.0;0.0;13.44;92.65;1.03;
2022-05-04 23:00:00;0.0;0.0;0.0;13.27;95.95;1.31;
2022-05-05 00:00:00;0.0;0.0;0.0;13.1;92.65;1.17;
2022-05-05 01:00:00;0.0;0.0;0.0;12.91;92.65;1.17;
2022-05-05 02:00:00;0.0;0.0;0.0;12.76;95.95;1.45;
2022-05-05 03:00:00;0.0;0.0;0.0;12.68;95.95;1.66;
2022-05-05 04:00:00;0.0;0.0;0.0;12.54;92.6;2.07;
2022-05-05 05:00:00;19.0;0.0;19.0;12.43;92.6;2.0;
2022-05-05 06:00:00;31.0;0.0;31.0;12.47;92.6;1.24;
2022-05-05 07:00:00;42.0;0.0;42.0;12.09;95.95;1.24;
2022-05-05 08:00:00;57.0;0.0;57.0;12.23;95.95;1.59;
2022-05-05 09:00:00;69.0;0.0;69.0;12.8;95.95;1.52;
2022-05-05 10:00:00;77.0;0.0;77.0;13.51;92.65;1.38;
2022-05-05 11:00:00;80.0;0.0;80.0;13.78;95.95;1.79;
2022-05-05 12:00:00;79.0;0.0;79.0;13.86;95.95;2.48;
2022-05-05 13:00:00;72.0;0.0;72.0;13.34;95.95;2.9;
2022-05-05 14:00:00;70.0;0.0;70.0;12.73;95.95;2.9;
2022-05-05 15:00:00;211.0;8.86;206.0;12.71;92.6;1.79;
2022-05-05 16:00:00;337.0;517.44;128.0;13.05;89.4;0.69;
2022-05-05 17:00:00;87.0;26.11;81.0;13.49;86.35;0.97;
2022-05-05 18:00:00;13.0;0.0;13.0;13.04;89.4;1.24;
2022-05-05 19:00:00;0.0;0.0;0.0;12.93;77.5;0.34;
2022-05-05 20:00:00;0.0;0.0;0.0;11.8;83.1;0.34;
2022-05-05 21:00:00;0.0;0.0;0.0;11.33;83.05;0.07;
2022-05-05 22:00:00;0.0;0.0;0.0;10.97;83.05;0.28;
2022-05-05 23:00:00;0.0;0.0;0.0;10.64;86.05;0.28;
2022-05-06 00:00:00;0.0;0.0;0.0;9.71;85.95;0.97;
2022-05-06 01:00:00;0.0;0.0;0.0;7.26;95.8;1.86;
2022-05-06 02:00:00;0.0;0.0;0.0;6.67;89.0;2.21;
2022-05-06 03:00:00;0.0;0.0;0.0;6.28;92.3;2.14;
2022-05-06 04:00:00;0.0;0.0;0.0;5.97;88.95;1.79;
2022-05-06 05:00:00;42.0;0.0;42.0;6.68;89.0;1.24;
2022-05-06 06:00:00;270.0;409.73;128.0;9.36;92.45;0.62;
2022-05-06 07:00:00;129.0;0.0;129.0;10.85;92.5;0.83;
2022-05-06 08:00:00;579.0;513.96;241.0;12.38;80.2;1.72;
2022-05-06 09:00:00;657.0;436.81;320.0;13.49;72.2;2.21;
2022-05-06 10:00:00;757.0;505.59;329.0;14.23;72.3;2.21;
2022-05-06 11:00:00;440.0;38.74;406.0;14.96;67.45;2.41;
2022-05-06 12:00:00;640.0;248.07;426.0;15.18;65.05;3.52;
2022-05-06 13:00:00;728.0;541.96;293.0;13.73;67.15;4.07;
2022-05-06 14:00:00;419.0;106.89;344.0;14.3;60.3;4.28;
2022-05-06 15:00:00;553.0;753.57;126.0;14.06;58.1;4.0;
2022-05-06 16:00:00;361.0;614.66;111.0;13.78;60.2;4.14;
2022-05-06 17:00:00;145.0;214.73;95.0;13.35;62.3;3.72;
2022-05-06 18:00:00;16.0;0.0;16.0;12.58;64.55;3.1;
2022-05-06 19:00:00;0.0;0.0;0.0;10.95;69.15;2.9;
2022-05-06 20:00:00;0.0;0.0;0.0;10.52;74.4;2.21;
2022-05-06 21:00:00;0.0;0.0;0.0;9.84;79.9;1.79;
2022-05-06 22:00:00;0.0;0.0;0.0;9.14;82.85;1.59;
2022-05-06 23:00:00;0.0;0.0;0.0;8.48;85.9;1.72;
2022-05-07 00:00:00;0.0;0.0;0.0;7.96;89.05;2.0;
2022-05-07 01:00:00;0.0;0.0;0.0;7.5;92.35;1.93;
2022-05-07 02:00:00;0.0;0.0;0.0;7.05;92.35;1.93;
2022-05-07 03:00:00;0.0;0.0;0.0;6.87;92.35;1.86;
2022-05-07 04:00:00;0.0;0.0;0.0;6.83;95.8;1.86;
2022-05-07 05:00:00;118.0;338.83;59.0;7.56;95.8;1.59;
2022-05-07 06:00:00;308.0;611.66;94.0;9.82;89.15;1.59;
2022-05-07 07:00:00;345.0;201.65;241.0;11.85;83.1;1.45;
2022-05-07 08:00:00;241.0;6.06;237.0;13.29;69.55;0.76;
2022-05-07 09:00:00;145.0;0.0;145.0;14.11;62.55;0.76;
2022-05-07 10:00:00;662.0;307.44;401.0;14.93;60.5;1.31;
2022-05-07 11:00:00;401.0;21.59;382.0;15.75;62.85;1.45;
2022-05-07 12:00:00;672.0;300.6;412.0;16.21;62.95;1.38;
2022-05-07 13:00:00;727.0;537.92;294.0;16.48;63.05;1.31;
2022-05-07 14:00:00;497.0;221.56;341.0;16.76;63.05;1.31;
2022-05-07 15:00:00;495.0;521.78;198.0;16.16;65.25;1.17;
2022-05-07 16:00:00;152.0;12.21;147.0;15.66;65.15;3.03;
2022-05-07 17:00:00;76.0;8.48;74.0;13.86;72.2;2.97;
2022-05-07 18:00:00;14.0;0.0;14.0;13.2;72.1;2.07;
2022-05-07 19:00:00;0.0;0.0;0.0;12.26;66.85;1.72;
2022-05-07 20:00:00;0.0;0.0;0.0;11.53;74.55;1.03;
2022-05-07 21:00:00;0.0;0.0;0.0;11.5;71.85;0.76;
2022-05-07 22:00:00;0.0;0.0;0.0;9.92;79.95;1.45;
2022-05-07 23:00:00;0.0;0.0;0.0;9.78;85.95;1.86;
2022-05-08 00:00:00;0.0;0.0;0.0;9.58;85.95;2.0;
2022-05-08 01:00:00;0.0;0.0;0.0;9.52;89.15;1.93;
2022-05-08 02:00:00;0.0;0.0;0.0;9.32;95.85;1.93;
2022-05-08 03:00:00;0.0;0.0;0.0;9.07;95.85;1.86;
2022-05-08 04:00:00;0.0;0.0;0.0;8.97;95.85;1.66;
2022-05-08 05:00:00;64.0;22.52;60.0;9.19;99.4;1.17;
2022-05-08 06:00:00;86.0;0.0;86.0;10.87;92.5;0.9;
2022-05-08 07:00:00;201.0;11.57;195.0;11.74;92.55;0.41;
2022-05-08 08:00:00;235.0;4.52;232.0;13.37;80.35;1.1;
2022-05-08 09:00:00;178.0;0.0;178.0;14.49;69.85;1.86;
2022-05-08 10:00:00;566.0;160.93;429.0;15.61;62.85;2.48;
2022-05-08 11:00:00;402.0;21.54;383.0;16.28;58.6;3.1;
2022-05-08 12:00:00;755.0;462.42;354.0;16.93;58.7;3.31;
2022-05-08 13:00:00;799.0;742.04;200.0;17.27;56.75;3.66;
2022-05-08 14:00:00;682.0;706.33;183.0;17.54;54.7;4.07;
2022-05-08 15:00:00;474.0;440.75;222.0;17.27;54.7;4.41;
2022-05-08 16:00:00;365.0;611.26;113.0;16.81;56.6;4.76;
2022-05-08 17:00:00;164.0;309.8;90.0;16.05;58.6;4.14;
2022-05-08 18:00:00;17.0;0.0;17.0;15.01;62.75;3.52;
2022-05-08 19:00:00;0.0;0.0;0.0;13.56;67.15;2.76;
2022-05-08 20:00:00;0.0;0.0;0.0;12.81;72.05;2.34;
2022-05-08 21:00:00;0.0;0.0;0.0;12.33;74.6;2.34;
2022-05-08 22:00:00;0.0;0.0;0.0;11.98;77.35;2.41;
2022-05-08 23:00:00;0.0;0.0;0.0;11.88;83.1;2.28;
2022-05-09 00:00:00;0.0;0.0;0.0;11.6;83.1;2.0;
2022-05-09 01:00:00;0.0;0.0;0.0;11.34;89.3;1.31;
2022-05-09 02:00:00;0.0;0.0;0.0;12.73;80.3;0.48;
2022-05-09 03:00:00;0.0;0.0;0.0;12.36;83.15;0.41;
2022-05-09 04:00:00;0.0;0.0;0.0;10.42;89.25;1.31;
2022-05-09 05:00:00;116.0;276.28;66.0;9.99;92.5;1.31;
2022-05-09 06:00:00;201.0;123.53;157.0;12.87;86.25;0.76;
2022-05-09 07:00:00;456.0;556.03;166.0;14.59;77.75;1.93;
2022-05-09 08:00:00;515.0;331.94;294.0;15.67;72.55;3.1;
2022-05-09 09:00:00;771.0;765.06;175.0;16.47;65.35;3.59;
2022-05-09 10:00:00;752.0;496.72;328.0;17.38;60.95;3.86;
2022-05-09 11:00:00;442.0;40.71;406.0;18.05;56.85;4.34;
2022-05-09 12:00:00;298.0;2.3;296.0;18.19;56.85;5.17;
2022-05-09 13:00:00;105.0;0.0;105.0;17.83;63.2;5.1;
2022-05-09 14:00:00;109.0;0.0;109.0;16.99;65.45;4.9;
2022-05-09 15:00:00;54.0;0.0;54.0;16.38;72.65;3.79;
2022-05-09 16:00:00;84.0;0.0;84.0;16.5;70.2;4.14;
2022-05-09 17:00:00;19.0;0.0;19.0;16.18;72.65;3.17;
2022-05-09 18:00:00;11.0;0.0;11.0;15.43;72.55;3.03;
2022-05-09 19:00:00;0.0;0.0;0.0;14.6;77.75;2.69;
2022-05-09 20:00:00;0.0;0.0;0.0;14.21;77.65;2.34;
2022-05-09 21:00:00;0.0;0.0;0.0;13.85;83.35;1.86;
2022-05-09 22:00:00;0.0;0.0;0.0;13.44;83.35;1.72;
2022-05-09 23:00:00;0.0;0.0;0.0;12.89;89.4;1.59;
2022-05-10 00:00:00;0.0;0.0;0.0;12.41;89.4;1.72;
2022-05-10 01:00:00;0.0;0.0;0.0;11.98;92.6;1.86;
2022-05-10 02:00:00;0.0;0.0;0.0;11.84;95.9;1.79;
2022-05-10 03:00:00;0.0;0.0;0.0;11.24;95.9;1.93;
2022-05-10 04:00:00;0.0;0.0;0.0;11.26;99.35;1.79;
2022-05-10 05:00:00;46.0;0.0;46.0;11.71;99.4;1.52;
2022-05-10 06:00:00;73.0;0.0;73.0;12.98;92.65;1.52;
2022-05-10 07:00:00;97.0;0.0;97.0;14.12;89.5;1.86;
2022-05-10 08:00:00;238.0;4.49;235.0;15.39;83.5;1.59;
2022-05-10 09:00:00;106.0;0.0;106.0;16.61;78.0;1.24;
2022-05-10 10:00:00;0.0;0.0;0.0;17.44;78.1;1.45;
2022-05-10 11:00:00;81.0;0.0;81.0;18.02;78.15;1.59;
2022-05-10 12:00:00;120.0;0.0;120.0;18.5;70.45;1.17;
2022-05-10 13:00:00;610.0;279.68;383.0;18.94;70.45;1.52;
2022-05-10 14:00:00;606.0;469.69;272.0;18.92;70.45;1.86;
2022-05-10 15:00:00;164.0;0.0;164.0;18.87;70.45;2.48;
2022-05-10 16:00:00;143.0;7.18;140.0;18.68;68.05;2.76;
2022-05-10 17:00:00;158.0;253.31;96.0;18.32;72.9;2.07;
2022-05-10 18:00:00;18.0;0.0;18.0;17.43;75.4;1.93;
2022-05-10 19:00:00;0.0;0.0;0.0;15.79;80.65;1.93;
2022-05-10 20:00:00;0.0;0.0;0.0;15.06;80.6;2.0;
2022-05-10 21:00:00;0.0;0.0;0.0;14.48;83.45;2.07;
2022-05-10 22:00:00;0.0;0.0;0.0;14.04;86.4;1.93;
2022-05-10 23:00:00;0.0;0.0;0.0;13.65;86.35;1.72;
2022-05-11 00:00:00;0.0;0.0;0.0;13.32;89.4;1.59;
2022-05-11 01:00:00;0.0;0.0;0.0;12.85;92.6;1.66;
2022-05-11 02:00:00;0.0;0.0;0.0;12.54;92.6;1.66;
2022-05-11 03:00:00;0.0;0.0;0.0;12.58;92.6;1.52;
2022-05-11 04:00:00;0.0;0.0;0.0;12.56;92.6;1.45;
2022-05-11 05:00:00;12.0;0.0;12.0;12.8;92.6;1.59;
2022-05-11 06:00:00;52.0;0.0;52.0;13.61;89.45;2.07;
2022-05-11 07:00:00;129.0;0.0;129.0;14.44;86.45;2.55;
2022-05-11 08:00:00;256.0;8.94;250.0;14.72;86.45;2.62;
2022-05-11 09:00:00;173.0;0.0;173.0;16.39;83.6;2.9;
2022-05-11 10:00:00;250.0;0.0;250.0;17.11;78.1;2.83;
2022-05-11 11:00:00;569.0;138.42;446.0;17.87;78.1;3.17;
2022-05-11 12:00:00;392.0;21.75;373.0;17.54;78.1;2.55;
2022-05-11 13:00:00;221.0;0.0;221.0;18.06;75.45;2.97;
2022-05-11 14:00:00;516.0;252.33;336.0;17.73;78.1;2.97;
2022-05-11 15:00:00;257.0;27.63;241.0;17.57;72.8;4.07;
2022-05-11 16:00:00;232.0;104.68;188.0;17.58;72.8;4.14;
2022-05-11 17:00:00;87.0;16.15;83.0;17.42;72.8;3.03;
2022-05-11 18:00:00;22.0;0.0;22.0;16.65;75.3;2.21;
2022-05-11 19:00:00;0.0;0.0;0.0;16.05;77.95;0.76;
2022-05-11 20:00:00;0.0;0.0;0.0;15.47;77.85;1.24;
2022-05-11 21:00:00;0.0;0.0;0.0;14.62;83.45;1.66;
2022-05-11 22:00:00;0.0;0.0;0.0;14.18;86.4;1.66;
2022-05-11 23:00:00;0.0;0.0;0.0;13.89;89.45;1.59;
2022-05-12 00:00:00;0.0;0.0;0.0;13.7;89.45;1.45;
2022-05-12 01:00:00;0.0;0.0;0.0;13.32;89.4;1.45;
2022-05-12 02:00:00;0.0;0.0;0.0;13.18;89.4;1.52;
2022-05-12 03:00:00;0.0;0.0;0.0;12.73;92.6;1.79;
2022-05-12 04:00:00;0.0;0.0;0.0;12.47;92.6;1.66;
2022-05-12 05:00:00;24.0;0.0;24.0;12.25;95.95;1.86;
2022-05-12 06:00:00;140.0;16.44;134.0;13.24;92.65;1.72;
2022-05-12 07:00:00;300.0;100.07;247.0;14.9;86.45;1.45;
2022-05-12 08:00:00;265.0;10.4;258.0;16.19;80.75;1.03;
2022-05-12 09:00:00;472.0;109.43;386.0;16.8;78.0;0.62;
2022-05-12 10:00:00;168.0;0.0;168.0;17.79;72.8;1.38;
2022-05-12 11:00:00;124.0;0.0;124.0;18.55;68.05;2.28;
2022-05-12 12:00:00;684.0;314.08;409.0;18.72;65.65;3.03;
2022-05-12 13:00:00;367.0;23.29;348.0;18.04;63.3;3.66;
2022-05-12 14:00:00;508.0;231.98;342.0;18.18;65.55;3.52;
2022-05-12 15:00:00;358.0;141.0;276.0;18.05;63.3;3.17;
2022-05-12 16:00:00;336.0;425.59;156.0;17.96;63.3;3.24;
2022-05-12 17:00:00;156.0;215.55;102.0;17.44;65.45;2.48;
2022-05-12 18:00:00;21.0;0.0;21.0;16.6;70.2;1.45;
2022-05-12 19:00:00;0.0;0.0;0.0;16.02;70.1;0.48;
2022-05-12 20:00:00;0.0;0.0;0.0;14.13;83.4;1.24;
2022-05-12 21:00:00;0.0;0.0;0.0;13.27;89.4;1.79;
2022-05-12 22:00:00;0.0;0.0;0.0;13.26;89.4;1.66;
2022-05-12 23:00:00;0.0;0.0;0.0;13.04;89.4;1.79;
2022-05-13 00:00:00;0.0;0.0;0.0;12.65;92.6;1.1;
2022-05-13 01:00:00;0.0;0.0;0.0;13.56;86.35;0.41;
2022-05-13 02:00:00;0.0;0.0;0.0;13.29;86.3;0.55;
2022-05-13 03:00:00;0.0;0.0;0.0;12.45;89.4;0.83;
2022-05-13 04:00:00;0.0;0.0;0.0;11.72;99.4;0.83;
2022-05-13 05:00:00;20.0;0.0;20.0;11.91;95.95;0.76;
2022-05-13 06:00:00;155.0;29.91;144.0;12.29;95.95;0.69;
2022-05-13 07:00:00;136.0;0.0;136.0;14.31;86.4;1.72;
2022-05-13 08:00:00;298.0;23.69;282.0;14.7;83.45;2.21;
2022-05-13 09:00:00;437.0;74.87;378.0;15.41;83.5;2.55;
2022-05-13 10:00:00;481.0;73.08;418.0;16.54;75.3;2.9;
2022-05-13 11:00:00;526.0;92.99;443.0;17.33;72.8;3.17;
2022-05-13 12:00:00;615.0;202.84;437.0;17.99;65.55;3.45;
2022-05-13 13:00:00;343.0;13.45;332.0;18.35;63.3;4.21;
2022-05-13 14:00:00;376.0;58.52;334.0;18.61;59.05;4.48;
2022-05-13 15:00:00;405.0;227.77;272.0;17.96;58.9;4.48;
2022-05-13 16:00:00;291.0;244.41;187.0;17.34;60.95;4.21;
2022-05-13 17:00:00;180.0;351.29;91.0;16.67;63.05;3.38;
2022-05-13 18:00:00;25.0;0.0;25.0;16.13;65.25;2.21;
2022-05-13 19:00:00;0.0;0.0;0.0;15.15;77.8;0.69;
2022-05-13 20:00:00;0.0;0.0;0.0;15.05;69.9;0.62;
2022-05-13 21:00:00;0.0;0.0;0.0;14.57;72.4;0.28;
2022-05-13 22:00:00;0.0;0.0;0.0;13.8;80.4;0.41;
2022-05-13 23:00:00;0.0;0.0;0.0;12.53;89.4;1.1;
2022-05-14 00:00:00;0.0;0.0;0.0;12.32;92.6;1.03;
2022-05-14 01:00:00;0.0;0.0;0.0;11.55;89.3;0.9;
2022-05-14 02:00:00;0.0;0.0;0.0;11.04;95.9;0.97;
2022-05-14 03:00:00;0.0;0.0;0.0;10.96;92.55;1.1;
2022-05-14 04:00:00;0.0;0.0;0.0;11.17;95.9;1.03;
2022-05-14 05:00:00;128.0;274.81;74.0;11.46;95.9;0.62;
2022-05-14 06:00:00;266.0;305.03;153.0;12.13;89.35;0.28;
2022-05-14 07:00:00;501.0;688.38;133.0;13.07;89.4;0.62;
2022-05-14 08:00:00;548.0;382.16;289.0;13.97;83.4;0.14;
2022-05-14 09:00:00;529.0;173.4;392.0;15.48;75.15;1.1;
2022-05-14 10:00:00;735.0;428.23;365.0;16.65;70.2;1.52;
2022-05-14 11:00:00;775.0;454.99;368.0;17.42;67.85;2.0;
2022-05-14 12:00:00;610.0;192.16;441.0;17.89;67.85;2.97;
2022-05-14 13:00:00;557.0;180.51;409.0;17.74;63.2;3.38;
2022-05-14 14:00:00;200.0;0.0;200.0;17.54;58.8;3.45;
2022-05-14 15:00:00;216.0;6.82;212.0;17.46;54.7;3.17;
2022-05-14 16:00:00;165.0;14.02;159.0;17.13;52.75;2.83;
2022-05-14 17:00:00;111.0;46.85;99.0;16.74;56.6;2.0;
2022-05-14 18:00:00;25.0;0.0;25.0;15.84;60.65;1.52;
2022-05-14 19:00:00;0.0;0.0;0.0;14.64;67.35;0.62;
2022-05-14 20:00:00;0.0;0.0;0.0;14.1;67.25;0.34;
2022-05-14 21:00:00;0.0;0.0;0.0;13.25;72.1;0.62;
2022-05-14 22:00:00;0.0;0.0;0.0;11.39;83.1;1.24;
2022-05-14 23:00:00;0.0;0.0;0.0;10.32;92.5;1.45;
2022-05-15 00:00:00;0.0;0.0;0.0;10.3;92.5;1.1;
2022-05-15 01:00:00;0.0;0.0;0.0;9.71;95.85;1.38;
2022-05-15 02:00:00;0.0;0.0;0.0;9.71;95.85;1.52;
2022-05-15 03:00:00;0.0;0.0;0.0;9.8;95.85;1.52;
2022-05-15 04:00:00;2.0;0.0;2.0;9.73;95.85;1.66;
2022-05-15 05:00:00;24.0;0.0;24.0;9.99;92.5;1.52;
2022-05-15 06:00:00;64.0;0.0;64.0;11.11;89.3;1.59;
2022-05-15 07:00:00;111.0;0.0;111.0;12.73;83.25;1.72;
2022-05-15 08:00:00;180.0;0.0;180.0;14.12;74.95;1.86;
2022-05-15 09:00:00;396.0;41.66;363.0;15.18;69.9;1.93;
2022-05-15 10:00:00;463.0;57.74;413.0;16.13;65.25;2.21;
2022-05-15 11:00:00;541.0;102.64;449.0;17.01;60.95;2.41;
2022-05-15 12:00:00;353.0;9.08;345.0;17.93;58.8;2.48;
2022-05-15 13:00:00;343.0;12.17;333.0;18.36;54.85;2.69;
2022-05-15 14:00:00;297.0;13.85;287.0;18.42;52.9;3.03;
2022-05-15 15:00:00;242.0;15.29;233.0;18.79;49.3;3.31;
2022-05-15 16:00:00;165.0;13.93;159.0;18.69;51.15;2.83;
2022-05-15 17:00:00;54.0;0.0;54.0;18.2;56.85;2.83;
2022-05-15 18:00:00;24.0;0.0;24.0;17.28;56.75;2.97;
2022-05-15 19:00:00;0.0;0.0;0.0;16.23;67.65;1.79;
2022-05-15 20:00:00;0.0;0.0;0.0;15.12;67.45;2.34;
2022-05-15 21:00:00;0.0;0.0;0.0;14.97;54.25;3.17;
2022-05-15 22:00:00;0.0;0.0;0.0;14.65;43.25;3.59;
2022-05-15 23:00:00;0.0;0.0;0.0;14.24;39.95;3.45;
2022-05-16 00:00:00;0.0;0.0;0.0;13.68;41.35;3.1;
2022-05-16 01:00:00;0.0;0.0;0.0;13.12;42.8;2.76;
2022-05-16 02:00:00;0.0;0.0;0.0;12.34;47.75;2.48;
2022-05-16 03:00:00;0.0;0.0;0.0;11.38;55.3;2.34;
2022-05-16 04:00:00;1.0;0.0;1.0;10.5;64.1;2.34;
2022-05-16 05:00:00;69.0;14.85;66.0;10.29;74.3;2.07;
2022-05-16 06:00:00;250.0;218.36;168.0;12.22;71.95;1.79;
2022-05-16 07:00:00;524.0;741.84;124.0;14.96;58.35;1.86;
2022-05-16 08:00:00;587.0;463.39;271.0;16.73;48.9;2.28;
2022-05-16 09:00:00;768.0;672.55;234.0;18.18;42.45;3.17;
2022-05-16 10:00:00;881.0;775.58;208.0;19.23;38.2;3.52;
2022-05-16 11:00:00;906.0;754.88;228.0;19.88;36.95;3.52;
2022-05-16 12:00:00;731.0;371.39;403.0;20.35;34.45;3.38;
2022-05-16 13:00:00;828.0;761.13;201.0;20.76;33.3;3.38;
2022-05-16 14:00:00;672.0;598.02;239.0;21.11;32.2;3.17;
2022-05-16 15:00:00;558.0;671.98;161.0;21.16;31.05;3.03;
2022-05-16 16:00:00;371.0;524.18;144.0;20.94;34.55;2.83;
2022-05-16 17:00:00;175.0;263.74;106.0;20.05;38.5;2.41;
2022-05-16 18:00:00;29.0;0.0;29.0;18.5;41.05;2.41;
2022-05-16 19:00:00;0.0;0.0;0.0;16.56;34.9;3.24;
2022-05-16 20:00:00;0.0;0.0;0.0;15.64;33.35;3.93;
2022-05-16 21:00:00;0.0;0.0;0.0;14.95;33.2;3.72;
2022-05-16 22:00:00;0.0;0.0;0.0;14.23;35.6;3.45;
2022-05-16 23:00:00;0.0;0.0;0.0;13.46;38.3;3.24;
2022-05-17 00:00:00;0.0;0.0;0.0;12.69;44.35;2.9;
2022-05-17 01:00:00;0.0;0.0;0.0;12.15;45.95;2.62;
2022-05-17 02:00:00;0.0;0.0;0.0;11.36;51.25;2.41;
2022-05-17 03:00:00;0.0;0.0;0.0;10.57;55.15;2.48;
2022-05-17 04:00:00;2.0;0.0;2.0;9.79;63.9;2.55;
2022-05-17 05:00:00;62.0;4.89;61.0;9.72;71.5;2.28;
2022-05-17 06:00:00;222.0;132.3;172.0;12.07;64.45;1.93;
2022-05-17 07:00:00;416.0;326.94;239.0;14.62;56.15;2.21;
2022-05-17 08:00:00;638.0;614.11;218.0;16.46;48.9;2.48;
2022-05-17 09:00:00;754.0;621.99;259.0;17.85;47.3;2.62;
2022-05-17 10:00:00;787.0;517.54;337.0;19.02;42.7;2.62;
2022-05-17 11:00:00;809.0;500.06;359.0;20.03;38.5;2.55;
2022-05-17 12:00:00;818.0;555.98;326.0;20.82;37.25;2.55;
2022-05-17 13:00:00;819.0;724.28;221.0;21.38;36.0;2.28;
2022-05-17 14:00:00;719.0;743.73;179.0;21.78;33.6;1.93;
2022-05-17 15:00:00;555.0;649.24;170.0;21.95;33.6;1.72;
2022-05-17 16:00:00;396.0;638.35;118.0;21.93;33.6;1.52;
2022-05-17 17:00:00;214.0;503.22;81.0;21.11;44.85;1.79;
2022-05-17 18:00:00;31.0;0.0;31.0;19.36;53.15;2.14;
2022-05-17 19:00:00;0.0;0.0;0.0;17.25;60.95;1.93;
2022-05-17 20:00:00;0.0;0.0;0.0;15.12;69.9;1.93;
2022-05-17 21:00:00;0.0;0.0;0.0;13.45;69.65;2.28;
2022-05-17 22:00:00;0.0;0.0;0.0;13.12;55.75;2.97;
2022-05-17 23:00:00;0.0;0.0;0.0;12.71;49.7;3.17;
2022-05-18 00:00:00;0.0;0.0;0.0;12.06;51.5;2.9;
2022-05-18 01:00:00;0.0;0.0;0.0;11.09;57.4;2.41;
2022-05-18 02:00:00;0.0;0.0;0.0;10.68;59.5;2.07;
2022-05-18 03:00:00;0.0;0.0;0.0;9.24;66.25;2.28;
2022-05-18 04:00:00;7.0;0.0;7.0;8.36;74.05;2.41;
2022-05-18 05:00:00;150.0;381.22;71.0;8.8;79.75;2.07;
2022-05-18 06:00:00;350.0;668.02;96.0;12.48;66.95;1.79;
2022-05-18 07:00:00;506.0;649.53;153.0;15.35;62.75;2.07;
2022-05-18 08:00:00;638.0;610.94;219.0;17.4;54.7;2.41;
2022-05-18 09:00:00;825.0;838.75;156.0;19.15;49.45;2.48;
2022-05-18 10:00:00;821.0;600.33;298.0;20.47;46.2;2.34;
2022-05-18 11:00:00;931.0;816.36;195.0;21.39;40.2;2.21;
2022-05-18 12:00:00;923.0;843.63;175.0;21.99;37.5;2.21;
2022-05-18 13:00:00;856.0;837.5;163.0;22.27;35.0;2.07;
2022-05-18 14:00:00;727.0;770.55;166.0;22.41;35.0;1.79;
2022-05-18 15:00:00;569.0;698.95;153.0;22.36;33.7;1.86;
2022-05-18 16:00:00;386.0;577.76;133.0;22.02;33.7;1.86;
2022-05-18 17:00:00;204.0;415.83;93.0;21.11;40.2;1.66;
2022-05-18 18:00:00;54.0;266.13;29.0;19.47;41.15;2.21;
2022-05-18 19:00:00;0.0;0.0;0.0;17.88;58.8;1.17;
2022-05-18 20:00:00;0.0;0.0;0.0;16.01;40.5;3.1;
2022-05-18 21:00:00;0.0;0.0;0.0;14.89;37.15;3.59;
2022-05-18 22:00:00;0.0;0.0;0.0;14.36;35.6;3.79;
2022-05-18 23:00:00;0.0;0.0;0.0;13.99;35.6;3.93;
2022-05-19 00:00:00;0.0;0.0;0.0;13.5;38.3;4.07;
2022-05-19 01:00:00;0.0;0.0;0.0;13.11;39.65;3.93;
2022-05-19 02:00:00;0.0;0.0;0.0;12.94;41.2;4.28;
2022-05-19 03:00:00;0.0;0.0;0.0;12.2;49.6;4.9;
2022-05-19 04:00:00;2.0;0.0;2.0;11.07;66.65;5.24;
2022-05-19 05:00:00;36.0;0.0;36.0;10.66;74.4;5.31;
2022-05-19 06:00:00;75.0;0.0;75.0;10.78;77.15;5.52;
2022-05-19 07:00:00;94.0;0.0;94.0;13.01;64.65;4.14;
2022-05-19 08:00:00;278.0;11.63;270.0;14.19;62.55;3.45;
2022-05-19 09:00:00;195.0;0.0;195.0;15.38;54.25;2.55;
2022-05-19 10:00:00;620.0;202.79;443.0;16.97;47.3;2.14;
2022-05-19 11:00:00;833.0;548.06;338.0;18.19;45.7;2.28;
2022-05-19 12:00:00;877.0;700.2;255.0;18.72;42.6;1.93;
2022-05-19 13:00:00;846.0;795.91;186.0;19.11;39.65;1.66;
2022-05-19 14:00:00;724.0;746.59;179.0;19.34;38.2;1.1;
2022-05-19 15:00:00;573.0;704.82;152.0;19.4;38.2;0.97;
2022-05-19 16:00:00;390.0;583.74;133.0;19.25;38.2;1.66;
2022-05-19 17:00:00;210.0;441.5;91.0;18.62;42.6;2.21;
2022-05-19 18:00:00;50.0;186.01;32.0;17.01;50.85;2.76;
2022-05-19 19:00:00;0.0;0.0;0.0;15.14;54.25;2.76;
2022-05-19 20:00:00;0.0;0.0;0.0;13.84;55.9;2.69;
2022-05-19 21:00:00;0.0;0.0;0.0;12.77;57.75;2.62;
2022-05-19 22:00:00;0.0;0.0;0.0;11.6;59.7;2.34;
2022-05-19 23:00:00;0.0;0.0;0.0;10.36;71.6;1.86;
2022-05-20 00:00:00;0.0;0.0;0.0;10.22;69.0;1.38;
2022-05-20 01:00:00;0.0;0.0;0.0;11.13;61.85;1.1;
2022-05-20 02:00:00;0.0;0.0;0.0;10.97;61.85;1.03;
2022-05-20 03:00:00;0.0;0.0;0.0;10.55;64.1;0.9;
2022-05-20 04:00:00;9.0;24.08;8.0;10.26;69.0;0.83;
2022-05-20 05:00:00;144.0;301.85;80.0;10.54;69.1;0.55;
2022-05-20 06:00:00;335.0;587.68;109.0;12.5;66.95;0.34;
2022-05-20 07:00:00;368.0;200.95;258.0;14.64;60.4;0.62;
2022-05-20 08:00:00;646.0;639.68;205.0;16.41;56.5;0.69;
2022-05-20 09:00:00;811.0;802.8;168.0;18.05;52.9;0.69;
2022-05-20 10:00:00;903.0;841.73;167.0;19.33;49.45;0.9;
2022-05-20 11:00:00;935.0;836.7;178.0;20.28;46.2;0.97;
2022-05-20 12:00:00;912.0;816.91;185.0;20.81;46.35;0.62;
2022-05-20 13:00:00;850.0;825.53;164.0;21.19;44.85;0.48;
2022-05-20 14:00:00;728.0;774.71;161.0;21.5;44.95;0.83;
2022-05-20 15:00:00;573.0;715.7;144.0;21.53;44.95;1.17;
2022-05-20 16:00:00;399.0;637.17;117.0;21.39;46.5;1.31;
2022-05-20 17:00:00;217.0;496.16;82.0;21.1;49.95;1.38;
2022-05-20 18:00:00;48.0;140.63;34.0;20.1;57.3;1.59;
2022-05-20 19:00:00;0.0;0.0;0.0;18.11;61.05;2.34;
2022-05-20 20:00:00;0.0;0.0;0.0;16.4;67.65;2.07;
2022-05-20 21:00:00;0.0;0.0;0.0;14.65;75.0;2.28;
2022-05-20 22:00:00;0.0;0.0;0.0;13.34;83.25;2.21;
2022-05-20 23:00:00;0.0;0.0;0.0;12.45;83.25;2.14;
2022-05-21 00:00:00;0.0;0.0;0.0;11.7;89.3;2.07;
2022-05-21 01:00:00;0.0;0.0;0.0;11.06;89.3;2.0;
2022-05-21 02:00:00;0.0;0.0;0.0;10.34;92.5;1.86;
2022-05-21 03:00:00;0.0;0.0;0.0;9.68;92.45;1.72;
2022-05-21 04:00:00;8.0;0.0;8.0;9.55;92.45;1.45;
2022-05-21 05:00:00;140.0;266.01;83.0;11.73;86.15;0.69;
2022-05-21 06:00:00;334.0;574.24;112.0;13.75;80.4;0.41;
2022-05-21 07:00:00;513.0;675.49;142.0;16.69;67.75;0.76;
2022-05-21 08:00:00;675.0;742.31;162.0;18.52;63.4;0.9;
2022-05-21 09:00:00;814.0;813.7;161.0;20.03;57.3;0.76;
2022-05-21 10:00:00;907.0;850.56;162.0;21.31;53.6;0.76;
2022-05-21 11:00:00;934.0;834.2;178.0;22.26;50.2;0.9;
2022-05-21 12:00:00;911.0;813.23;186.0;23.04;47.0;1.03;
2022-05-21 13:00:00;845.0;809.44;171.0;23.5;47.0;0.97;
2022-05-21 14:00:00;727.0;772.75;160.0;23.7;45.5;0.69;
2022-05-21 15:00:00;574.0;713.25;145.0;23.74;43.9;0.41;
2022-05-21 16:00:00;400.0;633.9;118.0;23.81;38.05;0.55;
2022-05-21 17:00:00;219.0;491.62;84.0;22.63;45.25;0.83;
2022-05-21 18:00:00;51.0;156.42;35.0;21.48;53.6;1.79;
2022-05-21 19:00:00;0.0;0.0;0.0;19.85;59.25;2.07;
2022-05-21 20:00:00;0.0;0.0;0.0;17.45;67.85;2.41;
2022-05-21 21:00:00;0.0;0.0;0.0;15.62;72.55;2.48;
2022-05-21 22:00:00;0.0;0.0;0.0;14.34;77.65;2.28;
2022-05-21 23:00:00;0.0;0.0;0.0;13.46;80.4;2.07;
2022-05-22 00:00:00;0.0;0.0;0.0;12.55;86.25;1.93;
2022-05-22 01:00:00;0.0;0.0;0.0;11.96;86.2;1.66;
2022-05-22 02:00:00;0.0;0.0;0.0;11.47;89.3;1.59;
2022-05-22 03:00:00;0.0;0.0;0.0;11.07;89.3;1.45;
2022-05-22 04:00:00;13.0;43.1;11.0;11.18;89.3;1.17;
2022-05-22 05:00:00;150.0;328.04;79.0;11.8;89.3;0.9;
2022-05-22 06:00:00;345.0;620.27;104.0;14.39;83.4;0.9;
2022-05-22 07:00:00;523.0;709.65;132.0;17.45;72.8;1.38;
2022-05-22 08:00:00;680.0;756.48;156.0;19.37;68.1;1.45;
2022-05-22 09:00:00;815.0;812.19;162.0;21.07;59.6;1.31;
2022-05-22 10:00:00;908.0;849.16;163.0;22.47;55.8;1.17;
2022-05-22 11:00:00;940.0;847.19;171.0;23.63;47.15;1.24;
2022-05-22 12:00:00;911.0;812.96;185.0;24.41;44.05;1.24;
2022-05-22 13:00:00;851.0;822.23;165.0;24.95;39.7;1.24;
2022-05-22 14:00:00;733.0;784.44;156.0;25.03;38.45;1.31;
2022-05-22 15:00:00;578.0;725.78;140.0;25.09;37.1;1.31;
2022-05-22 16:00:00;402.0;635.19;118.0;24.86;39.7;1.59;
2022-05-22 17:00:00;224.0;508.89;83.0;23.96;47.15;1.38;
2022-05-22 18:00:00;50.0;123.84;37.0;22.15;53.85;2.21;
2022-05-22 19:00:00;0.0;0.0;0.0;20.64;49.8;2.69;
2022-05-22 20:00:00;0.0;0.0;0.0;18.5;56.95;2.48;
2022-05-22 21:00:00;0.0;0.0;0.0;16.46;65.35;2.07;
2022-05-22 22:00:00;0.0;0.0;0.0;14.69;77.75;1.59;
2022-05-22 23:00:00;0.0;0.0;0.0;14.68;75.0;1.03;
2022-05-23 00:00:00;0.0;0.0;0.0;15.2;69.9;0.62;
2022-05-23 01:00:00;0.0;0.0;0.0;14.67;72.4;0.14;
2022-05-23 02:00:00;0.0;0.0;0.0;14.3;74.95;0.55;
2022-05-23 03:00:00;0.0;0.0;0.0;13.97;74.95;0.21;
2022-05-23 04:00:00;11.0;20.54;10.0;13.59;77.6;0.34;
2022-05-23 05:00:00;139.0;242.56;86.0;13.58;77.6;0.76;
2022-05-23 06:00:00;331.0;540.48;120.0;15.66;75.15;0.62;
2022-05-23 07:00:00;512.0;660.46;147.0;18.3;67.95;0.55;
2022-05-23 08:00:00;676.0;738.98;163.0;20.13;59.35;0.9;
2022-05-23 09:00:00;815.0;810.76;162.0;21.54;53.75;1.03;
2022-05-23 10:00:00;902.0;835.3;168.0;22.85;50.3;1.03;
2022-05-23 11:00:00;939.0;844.78;171.0;23.89;45.5;1.1;
2022-05-23 12:00:00;911.0;810.5;186.0;24.59;42.65;1.31;
2022-05-23 13:00:00;850.0;820.65;164.0;25.06;39.85;1.24;
2022-05-23 14:00:00;733.0;782.55;156.0;25.23;39.85;1.31;
2022-05-23 15:00:00;576.0;711.85;145.0;25.3;39.85;1.86;
2022-05-23 16:00:00;399.0;612.05;124.0;24.95;42.65;2.28;
2022-05-23 17:00:00;219.0;468.7;88.0;24.23;48.95;2.0;
2022-05-23 18:00:00;52.0;130.1;38.0;22.7;55.9;2.28;
2022-05-23 19:00:00;0.0;0.0;0.0;20.76;55.45;2.97;
2022-05-23 20:00:00;0.0;0.0;0.0;19.04;61.3;2.97;
2022-05-23 21:00:00;0.0;0.0;0.0;17.81;67.85;2.69;
2022-05-23 22:00:00;0.0;0.0;0.0;16.69;70.2;2.28;
2022-05-23 23:00:00;0.0;0.0;0.0;15.42;77.8;1.66;
2022-05-24 00:00:00;0.0;0.0;0.0;15.31;77.8;1.1;
2022-05-24 01:00:00;0.0;0.0;0.0;15.75;72.55;0.48;
2022-05-24 02:00:00;0.0;0.0;0.0;15.25;75.1;0.21;
2022-05-24 03:00:00;0.0;0.0;0.0;14.77;77.75;0.48;
2022-05-24 04:00:00;13.0;19.65;12.0;14.17;80.45;0.41;
2022-05-24 05:00:00;148.0;290.28;84.0;14.02;80.45;0.0;
2022-05-24 06:00:00;342.0;594.15;109.0;16.39;77.95;0.28;
2022-05-24 07:00:00;518.0;685.64;138.0;19.1;63.5;0.28;
2022-05-24 08:00:00;680.0;751.82;157.0;21.0;55.55;0.97;
2022-05-24 09:00:00;815.0;809.39;162.0;22.62;50.3;1.38;
2022-05-24 10:00:00;907.0;845.41;163.0;24.06;45.6;1.59;
2022-05-24 11:00:00;939.0;843.54;171.0;25.19;41.25;1.79;
2022-05-24 12:00:00;916.0;824.84;177.0;26.07;37.35;2.21;
2022-05-24 13:00:00;851.0;819.13;165.0;26.5;37.35;2.62;
2022-05-24 14:00:00;730.0;768.54;162.0;26.68;34.9;3.24;
2022-05-24 15:00:00;577.0;711.22;145.0;26.5;37.35;3.79;
2022-05-24 16:00:00;405.0;633.49;119.0;25.7;39.95;3.86;
2022-05-24 17:00:00;227.0;507.31;84.0;24.36;44.05;3.79;
2022-05-24 18:00:00;55.0;154.27;38.0;22.29;48.45;3.52;
2022-05-24 19:00:00;0.0;0.0;0.0;20.25;47.9;3.79;
2022-05-24 20:00:00;0.0;0.0;0.0;18.89;49.3;3.38;
2022-05-24 21:00:00;0.0;0.0;0.0;17.84;50.85;3.17;
2022-05-24 22:00:00;0.0;0.0;0.0;17.0;52.75;2.9;
2022-05-24 23:00:00;0.0;0.0;0.0;16.26;58.6;2.55;
2022-05-25 00:00:00;0.0;0.0;0.0;15.41;65.05;2.34;
2022-05-25 01:00:00;0.0;0.0;0.0;14.52;72.4;2.14;
2022-05-25 02:00:00;0.0;0.0;0.0;13.76;80.4;2.07;
2022-05-25 03:00:00;0.0;0.0;0.0;13.21;83.25;2.14;
2022-05-25 04:00:00;15.0;18.88;14.0;12.78;89.4;2.21;
2022-05-25 05:00:00;146.0;269.85;86.0;13.6;86.35;1.72;
2022-05-25 06:00:00;339.0;573.86;113.0;17.08;75.4;1.86;
2022-05-25 07:00:00;519.0;685.59;138.0;19.53;68.2;1.79;
2022-05-25 08:00:00;677.0;737.43;163.0;21.49;61.85;2.48;
2022-05-25 09:00:00;815.0;808.1;162.0;23.16;56.0;3.03;
2022-05-25 10:00:00;908.0;844.2;164.0;24.41;52.5;3.52;
2022-05-25 11:00:00;939.0;843.44;170.0;25.32;45.9;3.93;
2022-05-25 12:00:00;911.0;807.97;186.0;25.92;42.9;4.55;
2022-05-25 13:00:00;851.0;817.65;165.0;25.85;41.4;5.17;
2022-05-25 14:00:00;731.0;768.13;162.0;25.38;42.75;5.66;
2022-05-25 15:00:00;578.0;710.65;145.0;24.44;45.6;5.93;
2022-05-25 16:00:00;404.0;621.72;122.0;23.14;48.7;5.38;
2022-05-25 17:00:00;208.0;369.45;103.0;22.12;52.0;4.28;
2022-05-25 18:00:00;56.0;141.93;40.0;20.78;55.45;3.86;
2022-05-25 19:00:00;0.0;0.0;0.0;19.08;59.15;4.21;
2022-05-25 20:00:00;0.0;0.0;0.0;18.32;61.05;3.79;
2022-05-25 21:00:00;0.0;0.0;0.0;17.77;63.2;3.31;
2022-05-25 22:00:00;0.0;0.0;0.0;17.25;63.2;3.03;
2022-05-25 23:00:00;0.0;0.0;0.0;16.59;65.35;2.55;
2022-05-26 00:00:00;0.0;0.0;0.0;15.95;67.65;2.21;
2022-05-26 01:00:00;0.0;0.0;0.0;14.98;72.45;1.93;
2022-05-26 02:00:00;0.0;0.0;0.0;14.5;75.0;1.52;
2022-05-26 03:00:00;0.0;0.0;0.0;13.79;77.6;1.66;
2022-05-26 04:00:00;13.0;18.19;12.0;13.04;80.35;1.79;
2022-05-26 05:00:00;123.0;138.32;92.0;13.84;83.35;1.45;
2022-05-26 06:00:00;219.0;108.75;176.0;16.68;70.2;0.9;
2022-05-26 07:00:00;489.0;560.0;177.0;18.89;63.4;1.86;
2022-05-26 08:00:00;615.0;532.72;243.0;20.06;57.3;3.31;
2022-05-26 09:00:00;784.0;714.21;206.0;21.37;53.6;4.07;
2022-05-26 10:00:00;893.0;812.46;176.0;22.32;50.2;4.55;
2022-05-26 11:00:00;934.0;835.72;171.0;23.05;47.0;4.76;
2022-05-26 12:00:00;912.0;816.78;178.0;23.11;45.35;5.1;
2022-05-26 13:00:00;842.0;797.18;172.0;23.08;43.75;5.31;
2022-05-26 14:00:00;727.0;761.04;162.0;23.21;42.25;5.38;
2022-05-26 15:00:00;582.0;724.86;139.0;22.9;43.65;5.17;
2022-05-26 16:00:00;416.0;669.38;111.0;22.31;45.1;4.62;
2022-05-26 17:00:00;220.0;443.3;93.0;21.64;46.6;3.93;
2022-05-26 18:00:00;44.0;52.08;38.0;20.52;49.8;3.38;
2022-05-26 19:00:00;0.0;0.0;0.0;18.84;51.15;3.66;
2022-05-26 20:00:00;0.0;0.0;0.0;18.04;52.9;3.03;
2022-05-26 21:00:00;0.0;0.0;0.0;17.18;58.8;2.21;
2022-05-26 22:00:00;0.0;0.0;0.0;17.19;56.75;1.03;
2022-05-26 23:00:00;0.0;0.0;0.0;14.76;69.85;1.52;
2022-05-27 00:00:00;0.0;0.0;0.0;14.07;72.3;1.52;
2022-05-27 01:00:00;0.0;0.0;0.0;14.69;69.85;1.1;
2022-05-27 02:00:00;0.0;0.0;0.0;15.1;67.45;0.9;
2022-05-27 03:00:00;0.0;0.0;0.0;15.12;69.9;0.69;
2022-05-27 04:00:00;15.0;17.59;14.0;14.89;72.4;0.83;
2022-05-27 05:00:00;101.0;62.0;87.0;15.5;70.0;0.55;
2022-05-27 06:00:00;198.0;68.03;171.0;16.14;77.95;0.41;
2022-05-27 07:00:00;81.0;0.0;81.0;18.0;72.9;0.07;
2022-05-27 08:00:00;61.0;0.0;61.0;18.8;70.45;1.31;
2022-05-27 09:00:00;108.0;0.0;108.0;19.2;65.75;1.72;
2022-05-27 10:00:00;166.0;0.0;166.0;18.98;68.1;1.86;
2022-05-27 11:00:00;262.0;0.0;262.0;18.11;75.45;2.97;
2022-05-27 12:00:00;307.0;2.22;305.0;17.63;78.1;2.83;
2022-05-27 13:00:00;854.0;827.9;157.0;19.19;73.05;2.48;
2022-05-27 14:00:00;761.0;856.17;124.0;20.25;65.95;0.97;
2022-05-27 15:00:00;603.0;791.24;118.0;21.03;57.55;0.76;
2022-05-27 16:00:00;420.0;681.71;108.0;21.41;55.55;0.76;
2022-05-27 17:00:00;236.0;529.92;83.0;21.31;55.55;0.76;
2022-05-27 18:00:00;60.0;161.52;41.0;20.87;57.45;0.69;
2022-05-27 19:00:00;0.0;0.0;0.0;18.95;72.95;1.31;
2022-05-27 20:00:00;0.0;0.0;0.0;17.03;75.4;1.38;
2022-05-27 21:00:00;0.0;0.0;0.0;16.02;77.95;1.38;
2022-05-27 22:00:00;0.0;0.0;0.0;16.25;75.25;1.1;
2022-05-27 23:00:00;0.0;0.0;0.0;16.62;72.7;0.62;
2022-05-28 00:00:00;0.0;0.0;0.0;16.05;75.25;0.62;
2022-05-28 01:00:00;0.0;0.0;0.0;15.44;77.85;0.76;
2022-05-28 02:00:00;0.0;0.0;0.0;14.7;83.45;0.9;
2022-05-28 03:00:00;0.0;0.0;0.0;13.84;86.35;0.9;
2022-05-28 04:00:00;15.0;17.05;14.0;13.66;86.35;0.69;
2022-05-28 05:00:00;118.0;109.94;93.0;13.79;86.35;0.28;
2022-05-28 06:00:00;190.0;55.23;168.0;15.96;80.75;0.34;
2022-05-28 07:00:00;316.0;101.83;259.0;17.2;80.85;0.21;
2022-05-28 08:00:00;551.0;358.23;300.0;18.44;78.15;0.34;
2022-05-28 09:00:00;549.0;187.3;397.0;19.06;70.55;0.69;
2022-05-28 10:00:00;655.0;263.36;422.0;20.07;68.3;0.62;
2022-05-28 11:00:00;672.0;251.28;442.0;20.67;66.05;0.62;
2022-05-28 12:00:00;674.0;271.87;429.0;21.08;63.9;1.1;
2022-05-28 13:00:00;583.0;202.78;412.0;21.66;61.85;1.79;
2022-05-28 14:00:00;368.0;44.26;335.0;21.71;59.7;2.21;
2022-05-28 15:00:00;169.0;0.0;169.0;21.59;57.65;2.48;
2022-05-28 16:00:00;267.0;128.36;208.0;21.27;59.6;2.07;
2022-05-28 17:00:00;193.0;264.69;116.0;20.97;61.6;1.38;
2022-05-28 18:00:00;44.0;41.67;39.0;20.33;65.95;1.38;
2022-05-28 19:00:00;0.0;0.0;0.0;19.35;68.1;1.86;
2022-05-28 20:00:00;0.0;0.0;0.0;18.07;72.9;1.79;
2022-05-28 21:00:00;0.0;0.0;0.0;16.87;78.0;2.14;
2022-05-28 22:00:00;0.0;0.0;0.0;15.86;83.55;2.34;
2022-05-28 23:00:00;0.0;0.0;0.0;15.13;86.5;2.21;
2022-05-29 00:00:00;0.0;0.0;0.0;14.36;89.5;2.14;
2022-05-29 01:00:00;0.0;0.0;0.0;13.78;92.65;1.93;
2022-05-29 02:00:00;0.0;0.0;0.0;13.47;92.65;1.79;
2022-05-29 03:00:00;0.0;0.0;0.0;13.1;92.65;1.72;
2022-05-29 04:00:00;13.0;0.0;13.0;12.68;95.95;1.66;
2022-05-29 05:00:00;24.0;0.0;24.0;13.42;92.65;1.31;
2022-05-29 06:00:00;185.0;47.54;166.0;14.98;86.5;1.31;
2022-05-29 07:00:00;134.0;0.0;134.0;17.11;80.85;0.9;
2022-05-29 08:00:00;267.0;8.55;261.0;19.06;75.65;0.9;
2022-05-29 09:00:00;386.0;34.46;358.0;20.63;68.4;0.83;
2022-05-29 10:00:00;863.0;728.19;218.0;21.84;64.0;0.97;
2022-05-29 11:00:00;949.0;871.9;150.0;22.85;57.9;1.24;
2022-05-29 12:00:00;936.0;877.7;144.0;23.34;54.1;1.38;
2022-05-29 13:00:00;875.0;879.69;132.0;23.87;52.35;1.52;
2022-05-29 14:00:00;744.0;805.78;142.0;24.22;48.95;1.52;
2022-05-29 15:00:00;585.0;725.11;138.0;23.81;50.55;1.17;
2022-05-29 16:00:00;413.0;643.44;116.0;22.58;54.0;1.45;
2022-05-29 17:00:00;227.0;464.1;91.0;21.5;61.85;1.38;
2022-05-29 18:00:00;62.0;147.17;44.0;20.87;70.8;1.38;
2022-05-29 19:00:00;0.0;0.0;0.0;20.1;75.75;1.17;
2022-05-29 20:00:00;0.0;0.0;0.0;19.88;73.15;0.48;
2022-05-29 21:00:00;0.0;0.0;0.0;18.7;81.0;0.69;
2022-05-29 22:00:00;0.0;0.0;0.0;17.66;83.7;0.83;
2022-05-29 23:00:00;0.0;0.0;0.0;16.74;86.6;0.55;
2022-05-30 00:00:00;0.0;0.0;0.0;16.04;89.65;0.41;
2022-05-30 01:00:00;0.0;0.0;0.0;14.85;96.0;0.62;
2022-05-30 02:00:00;0.0;0.0;0.0;14.47;96.0;0.62;
2022-05-30 03:00:00;0.0;0.0;0.0;14.29;99.35;0.48;
2022-05-30 04:00:00;4.0;0.0;4.0;14.08;96.0;0.14;
2022-05-30 05:00:00;41.0;0.0;41.0;14.5;96.0;0.14;
2022-05-30 06:00:00;57.0;0.0;57.0;15.38;92.75;0.14;
2022-05-30 07:00:00;84.0;0.0;84.0;16.69;83.65;0.9;
2022-05-30 08:00:00;154.0;0.0;154.0;17.52;80.85;1.1;
2022-05-30 09:00:00;174.0;0.0;174.0;18.61;75.55;0.97;
2022-05-30 10:00:00;558.0;135.33;438.0;19.79;70.65;1.52;
2022-05-30 11:00:00;645.0;213.64;449.0;21.1;63.9;1.93;
2022-05-30 12:00:00;787.0;493.63;341.0;22.13;59.8;2.55;
2022-05-30 13:00:00;854.0;828.69;153.0;23.27;56.0;3.1;
2022-05-30 14:00:00;746.0;812.2;138.0;23.89;54.2;3.1;
2022-05-30 15:00:00;590.0;739.32;133.0;24.43;52.5;3.03;
2022-05-30 16:00:00;413.0;638.67;117.0;24.53;50.8;2.97;
2022-05-30 17:00:00;233.0;487.94;89.0;24.09;54.35;2.62;
2022-05-30 18:00:00;72.0;240.85;42.0;22.91;62.05;2.62;
2022-05-30 19:00:00;0.0;0.0;0.0;20.46;68.3;3.31;
2022-05-30 20:00:00;0.0;0.0;0.0;19.5;68.2;2.69;
2022-05-30 21:00:00;0.0;0.0;0.0;18.68;70.45;2.41;
2022-05-30 22:00:00;0.0;0.0;0.0;18.2;72.9;2.14;
2022-05-30 23:00:00;0.0;0.0;0.0;17.79;75.4;1.79;
2022-05-31 00:00:00;0.0;0.0;0.0;17.51;75.4;1.59;
2022-05-31 01:00:00;0.0;0.0;0.0;17.04;78.1;1.59;
2022-05-31 02:00:00;0.0;0.0;0.0;16.62;80.8;1.52;
2022-05-31 03:00:00;0.0;0.0;0.0;16.2;83.6;1.59;
2022-05-31 04:00:00;30.0;157.64;20.0;15.79;86.5;1.86;
2022-05-31 05:00:00;183.0;492.23;69.0;16.07;83.6;2.0;
2022-05-31 06:00:00;337.0;519.91;128.0;17.28;78.1;2.41;
2022-05-31 07:00:00;545.0;754.88;120.0;18.44;70.35;2.0;
2022-05-31 08:00:00;711.0;827.09;129.0;19.51;59.25;1.59;
2022-05-31 09:00:00;845.0;873.04;134.0;21.18;49.95;0.69;
2022-05-31 10:00:00;935.0;900.14;136.0;22.51;37.75;2.62;
2022-05-31 11:00:00;973.0;911.36;136.0;23.29;34.0;3.38;
2022-05-31 12:00:00;951.0;894.32;142.0;23.35;32.75;2.83;
2022-05-31 13:00:00;880.0;873.5;140.0;23.76;31.7;2.21;
2022-05-31 14:00:00;754.0;811.98;145.0;23.75;31.7;1.45;
2022-05-31 15:00:00;597.0;742.21;137.0;23.82;30.55;0.97;
2022-05-31 16:00:00;424.0;661.94;116.0;22.06;28.7;1.79;
2022-05-31 17:00:00;243.0;525.0;87.0;21.46;32.25;1.87;
2022-05-31 18:00:00;68.0;173.57;46.0;20.87;35.8;1.94;
2022-05-31 19:00:00;0.0;0.0;0.0;20.28;39.36;2.02;
2022-05-31 20:00:00;0.0;0.0;0.0;19.68;42.91;2.1;
2022-05-31 21:00:00;0.0;0.0;0.0;19.09;46.46;2.17;
2022-05-31 22:00:00;0.0;0.0;0.0;18.5;50.01;2.25;
2022-05-31 23:00:00;0.0;0.0;0.0;17.9;53.57;2.33;
2022-06-01 00:00:00;0.0;0.0;0.0;17.31;57.12;2.4;
2022-06-01 01:00:00;0.0;0.0;0.0;16.72;60.67;2.48;
2022-06-01 02:00:00;0.0;0.0;0.0;16.12;64.23;2.56;
2022-06-01 03:00:00;0.0;0.0;0.0;15.53;67.78;2.64;
2022-06-01 04:00:00;3.0;0.0;3.0;14.94;71.33;2.71;
2022-06-01 05:00:00;49.0;0.0;49.0;14.34;74.88;2.79;
2022-06-01 06:00:00;309.0;387.05;153.0;13.75;78.44;2.87;
2022-06-01 07:00:00;500.0;579.85;173.0;13.16;81.99;2.94;
2022-06-01 08:00:00;583.0;425.82;283.0;17.43;63.2;1.31;
2022-06-01 09:00:00;693.0;450.18;326.0;18.68;59.05;1.72;
2022-06-01 10:00:00;830.0;615.65;283.0;19.64;53.25;1.24;
2022-06-01 11:00:00;683.0;259.97;444.0;20.74;49.8;1.31;
2022-06-01 12:00:00;480.0;56.31;429.0;21.54;48.2;1.52;
2022-06-01 13:00:00;413.0;36.54;382.0;22.35;43.5;2.14;
2022-06-01 14:00:00;268.0;3.99;265.0;22.54;43.5;2.41;
2022-06-01 15:00:00;210.0;3.22;208.0;22.41;41.95;2.34;
2022-06-01 16:00:00;190.0;21.41;180.0;22.06;43.5;1.86;
2022-06-01 17:00:00;122.0;30.09;113.0;21.44;46.5;1.93;
2022-06-01 18:00:00;39.0;15.52;37.0;20.63;48.05;1.93;
2022-06-01 19:00:00;0.0;0.0;0.0;19.46;53.15;1.66;
2022-06-01 20:00:00;0.0;0.0;0.0;18.26;56.95;1.45;
2022-06-01 21:00:00;0.0;0.0;0.0;17.2;63.2;1.24;
2022-06-01 22:00:00;0.0;0.0;0.0;16.52;65.35;1.24;
2022-06-01 23:00:00;0.0;0.0;0.0;16.25;67.65;1.24;
2022-06-02 00:00:00;0.0;0.0;0.0;16.0;65.25;1.24;
2022-06-02 01:00:00;0.0;0.0;0.0;15.84;65.15;1.1;
2022-06-02 02:00:00;0.0;0.0;0.0;15.72;65.15;1.03;
2022-06-02 03:00:00;0.0;0.0;0.0;15.49;62.85;0.97;
2022-06-02 04:00:00;10.0;0.0;10.0;15.27;65.05;0.97;
2022-06-02 05:00:00;136.0;170.99;96.0;15.48;65.05;0.83;
2022-06-02 06:00:00;338.0;519.79;128.0;17.29;58.8;0.69;
2022-06-02 07:00:00;532.0;702.91;135.0;19.28;55.05;1.17;
2022-06-02 08:00:00;698.0;779.8;148.0;21.1;44.85;1.52;
2022-06-02 09:00:00;820.0;802.7;165.0;22.54;41.95;1.79;
2022-06-02 10:00:00;912.0;838.87;166.0;23.63;39.45;1.72;
2022-06-02 11:00:00;954.0;860.67;162.0;24.38;39.55;1.52;
2022-06-02 12:00:00;933.0;843.76;168.0;25.23;37.1;1.38;
2022-06-02 13:00:00;864.0;823.97;164.0;25.88;35.9;1.45;
2022-06-02 14:00:00;753.0;798.4;152.0;26.34;33.55;1.86;
2022-06-02 15:00:00;603.0;749.72;136.0;26.56;33.55;2.62;
2022-06-02 16:00:00;425.0;652.7;119.0;26.59;32.35;3.03;
2022-06-02 17:00:00;248.0;531.51;88.0;26.02;33.4;2.97;
2022-06-02 18:00:00;78.0;252.02;45.0;24.96;36.95;3.03;
2022-06-02 19:00:00;0.0;0.0;0.0;23.22;35.25;3.31;
2022-06-02 20:00:00;0.0;0.0;0.0;21.71;37.5;3.31;
2022-06-02 21:00:00;0.0;0.0;0.0;20.54;41.55;3.03;
2022-06-02 22:00:00;0.0;0.0;0.0;19.26;47.65;2.69;
2022-06-02 23:00:00;0.0;0.0;0.0;18.05;53.0;2.34;
2022-06-03 00:00:00;0.0;0.0;0.0;16.85;60.85;2.14;
2022-06-03 01:00:00;0.0;0.0;0.0;15.73;65.15;2.0;
2022-06-03 02:00:00;0.0;0.0;0.0;14.69;72.4;2.0;
2022-06-03 03:00:00;0.0;0.0;0.0;13.86;77.6;1.86;
2022-06-03 04:00:00;33.0;178.24;21.0;13.39;83.25;1.59;
2022-06-03 05:00:00;182.0;463.92;73.0;15.04;75.1;0.97;
2022-06-03 06:00:00;361.0;624.86;108.0;18.44;61.2;1.1;
2022-06-03 07:00:00;545.0;737.31;128.0;21.43;57.55;1.93;
2022-06-03 08:00:00;710.0;807.33;140.0;23.49;47.0;1.79;
2022-06-03 09:00:00;829.0;819.15;160.0;25.14;38.45;1.59;
2022-06-03 10:00:00;917.0;844.91;165.0;26.47;33.55;2.0;
2022-06-03 11:00:00;950.0;842.52;174.0;27.53;30.35;2.83;
2022-06-03 12:00:00;933.0;838.46;172.0;28.25;28.5;3.45;
2022-06-03 13:00:00;869.0;829.94;163.0;28.63;28.65;3.79;
2022-06-03 14:00:00;754.0;794.36;155.0;28.81;29.7;4.07;
2022-06-03 15:00:00;602.0;736.71;142.0;28.64;30.75;4.28;
2022-06-03 16:00:00;427.0;650.36;121.0;27.55;31.5;4.28;
2022-06-03 17:00:00;249.0;524.95;90.0;25.99;39.95;5.03;
2022-06-03 18:00:00;75.0;203.09;48.0;24.37;45.6;4.97;
2022-06-03 19:00:00;0.0;0.0;0.0;22.32;50.2;4.69;
2022-06-03 20:00:00;0.0;0.0;0.0;20.71;53.5;4.41;
2022-06-03 21:00:00;0.0;0.0;0.0;19.67;57.2;4.07;
2022-06-03 22:00:00;0.0;0.0;0.0;18.93;63.4;3.52;
2022-06-03 23:00:00;0.0;0.0;0.0;18.48;65.65;2.97;
2022-06-04 00:00:00;0.0;0.0;0.0;18.06;68.05;2.55;
2022-06-04 01:00:00;0.0;0.0;0.0;17.7;72.9;2.41;
2022-06-04 02:00:00;0.0;0.0;0.0;17.41;78.1;2.41;
2022-06-04 03:00:00;0.0;0.0;0.0;17.03;78.1;2.41;
2022-06-04 04:00:00;27.0;87.69;21.0;16.89;83.65;2.62;
2022-06-04 05:00:00;174.0;406.98;78.0;17.67;78.15;2.34;
2022-06-04 06:00:00;347.0;566.94;117.0;18.84;78.25;1.93;
2022-06-04 07:00:00;524.0;674.59;142.0;20.25;70.7;3.1;
2022-06-04 08:00:00;599.0;465.56;270.0;22.08;61.95;3.03;
2022-06-04 09:00:00;707.0;482.05;313.0;23.62;56.15;3.03;
2022-06-04 10:00:00;850.0;666.87;256.0;24.45;54.35;2.69;
2022-06-04 11:00:00;930.0;801.67;191.0;25.37;50.95;2.69;
2022-06-04 12:00:00;914.0;797.99;189.0;25.91;49.3;3.17;
2022-06-04 13:00:00;856.0;807.76;168.0;26.03;49.3;3.86;
2022-06-04 14:00:00;743.0;771.86;160.0;25.35;47.5;3.86;
2022-06-04 15:00:00;596.0;723.82;143.0;25.43;47.5;3.93;
2022-06-04 16:00:00;421.0;629.04;124.0;25.4;47.5;3.93;
2022-06-04 17:00:00;246.0;505.44;92.0;24.77;47.4;4.14;
2022-06-04 18:00:00;79.0;229.84;48.0;23.59;52.35;3.52;
2022-06-04 19:00:00;0.0;0.0;0.0;21.65;55.65;3.72;
2022-06-04 20:00:00;0.0;0.0;0.0;20.1;61.5;3.31;
2022-06-04 21:00:00;0.0;0.0;0.0;19.14;68.1;2.62;
2022-06-04 22:00:00;0.0;0.0;0.0;18.34;72.95;1.79;
2022-06-04 23:00:00;0.0;0.0;0.0;18.39;72.95;0.34;
2022-06-05 00:00:00;0.0;0.0;0.0;17.72;75.45;0.83;
2022-06-05 01:00:00;0.0;0.0;0.0;16.7;80.8;1.17;
2022-06-05 02:00:00;0.0;0.0;0.0;16.26;83.6;1.17;
2022-06-05 03:00:00;0.0;0.0;0.0;16.01;83.6;1.17;
2022-06-05 04:00:00;18.0;14.4;17.0;16.1;83.6;1.03;
2022-06-05 05:00:00;79.0;12.67;76.0;16.86;83.65;0.76;
2022-06-05 06:00:00;174.0;31.99;161.0;18.56;72.95;0.9;
2022-06-05 07:00:00;258.0;35.28;238.0;19.64;73.15;0.9;
2022-06-05 08:00:00;251.0;4.24;248.0;20.85;68.4;1.1;
2022-06-05 09:00:00;298.0;4.89;294.0;22.47;61.95;2.0;
2022-06-05 10:00:00;181.0;0.0;181.0;23.69;54.2;2.9;
2022-06-05 11:00:00;555.0;108.39;455.0;24.19;52.5;3.1;
2022-06-05 12:00:00;487.0;62.68;430.0;24.46;52.5;4.48;
2022-06-05 13:00:00;161.0;0.0;161.0;23.69;54.2;4.97;
2022-06-05 14:00:00;111.0;0.0;111.0;22.68;57.9;5.24;
2022-06-05 15:00:00;94.0;0.0;94.0;21.85;61.85;4.97;
2022-06-05 16:00:00;260.0;99.21;213.0;21.43;63.9;4.0;
2022-06-05 17:00:00;58.0;0.0;58.0;21.78;59.7;3.59;
2022-06-05 18:00:00;43.0;14.63;41.0;21.53;59.6;1.93;
2022-06-05 19:00:00;0.0;0.0;0.0;20.44;63.7;1.72;
2022-06-05 20:00:00;0.0;0.0;0.0;19.34;70.55;1.86;
2022-06-05 21:00:00;0.0;0.0;0.0;18.27;78.25;2.28;
2022-06-05 22:00:00;0.0;0.0;0.0;17.53;83.75;2.28;
2022-06-05 23:00:00;0.0;0.0;0.0;17.1;89.7;2.0;
2022-06-06 00:00:00;0.0;0.0;0.0;17.01;89.7;2.07;
2022-06-06 01:00:00;0.0;0.0;0.0;17.06;89.7;2.28;
2022-06-06 02:00:00;0.0;0.0;0.0;17.0;86.65;3.1;
2022-06-06 03:00:00;0.0;0.0;0.0;16.94;89.65;3.66;
2022-06-06 04:00:00;23.0;42.66;20.0;16.78;89.65;3.66;
2022-06-06 05:00:00;167.0;345.3;85.0;17.0;92.8;2.76;
2022-06-06 06:00:00;341.0;530.67;125.0;18.02;86.75;2.76;
2022-06-06 07:00:00;526.0;682.01;139.0;20.2;75.75;4.97;
2022-06-06 08:00:00;678.0;721.99;167.0;21.71;71.0;5.59;
2022-06-06 09:00:00;805.0;763.64;180.0;23.08;58.0;7.31;
2022-06-06 10:00:00;891.0;788.16;188.0;24.34;50.7;8.62;
2022-06-06 11:00:00;933.0;813.43;182.0;24.63;47.4;9.03;
2022-06-06 12:00:00;878.0;695.43;245.0;24.9;47.4;9.31;
2022-06-06 13:00:00;568.0;172.18;421.0;24.92;47.4;9.24;
2022-06-06 14:00:00;734.0;740.39;173.0;24.22;48.95;9.45;
2022-06-06 15:00:00;479.0;332.48;270.0;23.46;52.25;9.38;
2022-06-06 16:00:00;254.0;86.27;213.0;22.4;57.75;9.03;
2022-06-06 17:00:00;195.0;214.21;129.0;21.91;59.7;8.14;
2022-06-06 18:00:00;38.0;7.22;37.0;21.37;61.7;6.97;
2022-06-06 19:00:00;0.0;0.0;0.0;20.6;55.45;7.86;
2022-06-06 20:00:00;0.0;0.0;0.0;19.74;61.4;7.17;
2022-06-06 21:00:00;0.0;0.0;0.0;19.23;63.5;6.14;
2022-06-06 22:00:00;0.0;0.0;0.0;18.66;68.05;4.28;
2022-06-06 23:00:00;0.0;0.0;0.0;17.9;72.9;1.66;
2022-06-07 00:00:00;0.0;0.0;0.0;16.7;78.0;1.17;
2022-06-07 01:00:00;0.0;0.0;0.0;15.29;86.5;1.38;
2022-06-07 02:00:00;0.0;0.0;0.0;14.85;86.45;1.31;
2022-06-07 03:00:00;0.0;0.0;0.0;14.86;83.45;1.17;
2022-06-07 04:00:00;28.0;84.35;22.0;14.67;83.45;0.9;
2022-06-07 05:00:00;107.0;54.59;94.0;15.4;80.6;0.48;
2022-06-07 06:00:00;372.0;664.91;101.0;17.22;72.8;0.9;
2022-06-07 07:00:00;512.0;609.25;166.0;18.27;70.45;1.66;
2022-06-07 08:00:00;702.0;782.26;148.0;19.6;68.2;0.76;
2022-06-07 09:00:00;824.0;804.73;165.0;20.96;63.8;0.55;
2022-06-07 10:00:00;911.0;829.15;171.0;22.4;57.75;1.24;
2022-06-07 11:00:00;944.0;824.78;182.0;23.59;48.8;1.66;
2022-06-07 12:00:00;933.0;834.24;173.0;24.72;42.65;2.21;
2022-06-07 13:00:00;866.0;815.48;169.0;25.43;38.45;2.9;
2022-06-07 14:00:00;756.0;790.69;156.0;25.66;34.65;3.93;
2022-06-07 15:00:00;605.0;735.03;142.0;25.58;33.3;4.76;
2022-06-07 16:00:00;442.0;685.93;115.0;24.67;35.65;5.66;
2022-06-07 17:00:00;218.0;309.95;122.0;23.24;43.75;5.59;
2022-06-07 18:00:00;94.0;342.17;46.0;22.23;50.2;4.48;
2022-06-07 19:00:00;0.0;0.0;0.0;21.0;55.45;4.62;
2022-06-07 20:00:00;0.0;0.0;0.0;19.98;61.4;4.62;
2022-06-07 21:00:00;0.0;0.0;0.0;19.4;61.3;4.28;
2022-06-07 22:00:00;0.0;0.0;0.0;19.0;65.65;3.52;
2022-06-07 23:00:00;0.0;0.0;0.0;18.64;68.05;2.28;
2022-06-08 00:00:00;0.0;0.0;0.0;17.8;75.45;1.45;
2022-06-08 01:00:00;0.0;0.0;0.0;17.19;78.1;1.31;
2022-06-08 02:00:00;0.0;0.0;0.0;16.19;80.75;2.07;
2022-06-08 03:00:00;0.0;0.0;0.0;15.35;86.5;2.0;
2022-06-08 04:00:00;33.0;125.28;24.0;14.75;86.45;1.79;
2022-06-08 05:00:00;181.0;435.69;77.0;16.49;83.6;1.03;
2022-06-08 06:00:00;355.0;593.08;113.0;19.15;68.1;1.52;
2022-06-08 07:00:00;531.0;695.05;136.0;19.85;65.85;2.07;
2022-06-08 08:00:00;402.0;91.73;337.0;21.14;57.55;2.9;
2022-06-08 09:00:00;430.0;57.36;383.0;22.08;50.2;3.17;
2022-06-08 10:00:00;798.0;529.7;325.0;22.72;46.85;3.66;
2022-06-08 11:00:00;485.0;54.08;435.0;23.07;43.75;4.28;
2022-06-08 12:00:00;882.0;697.57;246.0;23.65;40.9;4.97;
2022-06-08 13:00:00;835.0;733.98;207.0;23.91;40.9;5.38;
2022-06-08 14:00:00;432.0;89.48;364.0;24.15;38.15;5.79;
2022-06-08 15:00:00;413.0;180.62;299.0;23.75;40.9;6.07;
2022-06-08 16:00:00;343.0;286.53;206.0;23.24;42.25;6.14;
2022-06-08 17:00:00;105.0;9.64;102.0;22.29;46.75;5.66;
2022-06-08 18:00:00;59.0;63.41;50.0;21.28;49.95;4.55;
2022-06-08 19:00:00;0.0;0.0;0.0;19.99;55.2;3.31;
2022-06-08 20:00:00;0.0;0.0;0.0;19.22;59.15;2.55;
2022-06-08 21:00:00;0.0;0.0;0.0;18.64;63.4;2.34;
2022-06-08 22:00:00;0.0;0.0;0.0;17.84;67.95;2.0;
2022-06-08 23:00:00;0.0;0.0;0.0;17.26;72.8;1.79;
2022-06-09 00:00:00;0.0;0.0;0.0;17.05;72.8;1.59;
2022-06-09 01:00:00;0.0;0.0;0.0;16.8;75.3;1.72;
2022-06-09 02:00:00;0.0;0.0;0.0;16.81;75.3;1.79;
2022-06-09 03:00:00;0.0;0.0;0.0;16.93;75.3;1.79;
2022-06-09 04:00:00;10.0;0.0;10.0;16.99;75.3;1.86;
2022-06-09 05:00:00;137.0;163.06;98.0;17.39;75.4;1.93;
2022-06-09 06:00:00;63.0;0.0;63.0;18.22;70.45;1.72;
2022-06-09 07:00:00;103.0;0.0;103.0;20.13;59.35;2.97;
2022-06-09 08:00:00;296.0;16.93;284.0;20.96;55.45;3.66;
2022-06-09 09:00:00;429.0;57.34;382.0;21.72;50.05;4.07;
2022-06-09 10:00:00;149.0;0.0;149.0;22.91;45.25;4.28;
2022-06-09 11:00:00;624.0;177.29;460.0;23.78;43.9;4.55;
2022-06-09 12:00:00;742.0;374.82;400.0;24.32;42.5;4.97;
2022-06-09 13:00:00;698.0;385.31;368.0;24.18;42.5;5.31;
2022-06-09 14:00:00;733.0;728.05;179.0;23.83;43.9;5.45;
2022-06-09 15:00:00;575.0;623.06;181.0;23.42;45.35;5.52;
2022-06-09 16:00:00;157.0;4.17;155.0;23.04;48.55;5.38;
2022-06-09 17:00:00;262.0;556.32;88.0;22.55;50.2;5.1;
2022-06-09 18:00:00;41.0;6.97;40.0;21.51;55.55;3.93;
2022-06-09 19:00:00;0.0;0.0;0.0;20.96;59.5;3.1;
2022-06-09 20:00:00;0.0;0.0;0.0;20.19;61.5;1.72;
2022-06-09 21:00:00;0.0;0.0;0.0;19.3;75.65;0.9;
2022-06-09 22:00:00;0.0;0.0;0.0;18.95;75.55;0.69;
2022-06-09 23:00:00;0.0;0.0;0.0;18.77;75.55;0.62;
2022-06-10 00:00:00;0.0;0.0;0.0;17.8;78.15;0.76;
2022-06-10 01:00:00;0.0;0.0;0.0;17.29;83.7;0.83;
2022-06-10 02:00:00;0.0;0.0;0.0;16.68;86.6;1.17;
2022-06-10 03:00:00;0.0;0.0;0.0;15.94;92.75;1.24;
2022-06-10 04:00:00;27.0;54.82;23.0;15.7;92.75;0.76;
2022-06-10 05:00:00;129.0;125.22;99.0;16.37;89.65;0.07;
2022-06-10 06:00:00;193.0;51.38;172.0;16.83;86.6;0.28;
2022-06-10 07:00:00;413.0;281.25;253.0;18.46;78.25;1.31;
2022-06-10 08:00:00;145.0;0.0;145.0;19.45;73.05;1.86;
2022-06-10 09:00:00;556.0;187.81;402.0;20.62;66.05;1.86;
2022-06-10 10:00:00;736.0;392.73;385.0;21.88;59.7;2.14;
2022-06-10 11:00:00;911.0;740.13;226.0;22.98;54.0;2.14;
2022-06-10 12:00:00;912.0;780.88;199.0;23.94;48.8;2.0;
2022-06-10 13:00:00;832.0;719.73;215.0;24.92;45.75;2.48;
2022-06-10 14:00:00;601.0;351.74;333.0;24.99;44.15;2.76;
2022-06-10 15:00:00;594.0;691.38;156.0;25.52;41.25;3.45;
2022-06-10 16:00:00;430.0;632.27;126.0;25.5;39.85;3.93;
2022-06-10 17:00:00;244.0;442.39;105.0;24.67;41.15;4.28;
2022-06-10 18:00:00;82.0;193.03;54.0;23.27;48.7;3.72;
2022-06-10 19:00:00;0.0;0.0;0.0;21.19;53.6;3.52;
2022-06-10 20:00:00;0.0;0.0;0.0;19.86;61.4;3.1;
2022-06-10 21:00:00;0.0;0.0;0.0;19.05;65.75;2.55;
2022-06-10 22:00:00;0.0;0.0;0.0;18.33;70.45;2.34;
2022-06-10 23:00:00;0.0;0.0;0.0;17.82;75.45;2.28;
2022-06-11 00:00:00;0.0;0.0;0.0;17.31;78.1;2.14;
2022-06-11 01:00:00;0.0;0.0;0.0;17.01;80.85;2.0;
2022-06-11 02:00:00;0.0;0.0;0.0;16.77;83.65;1.79;
2022-06-11 03:00:00;0.0;0.0;0.0;16.39;86.55;1.45;
2022-06-11 04:00:00;36.0;163.52;24.0;16.61;86.6;1.03;
2022-06-11 05:00:00;109.0;62.53;94.0;16.99;89.65;1.03;
2022-06-11 06:00:00;343.0;535.53;124.0;18.79;78.25;1.93;
2022-06-11 07:00:00;531.0;695.88;135.0;19.59;75.7;1.66;
2022-06-11 08:00:00;680.0;731.67;161.0;21.25;68.5;2.97;
2022-06-11 09:00:00;769.0;652.29;234.0;23.0;59.95;3.17;
2022-06-11 10:00:00;822.0;596.15;289.0;24.29;52.5;3.24;
2022-06-11 11:00:00;942.0;833.73;170.0;25.21;50.95;2.97;
2022-06-11 12:00:00;917.0;804.45;182.0;26.49;47.75;3.17;
2022-06-11 13:00:00;856.0;799.5;170.0;27.3;43.3;3.24;
2022-06-11 14:00:00;744.0;764.23;161.0;27.99;40.5;3.1;
2022-06-11 15:00:00;600.0;718.55;144.0;28.06;39.1;2.83;
2022-06-11 16:00:00;428.0;624.41;127.0;27.87;40.5;2.48;
2022-06-11 17:00:00;254.0;503.86;95.0;27.39;41.8;2.0;
2022-06-11 18:00:00;89.0;252.57;52.0;26.3;46.15;1.66;
2022-06-11 19:00:00;0.0;0.0;0.0;23.5;56.0;2.83;
2022-06-11 20:00:00;0.0;0.0;0.0;21.88;61.85;2.34;
2022-06-11 21:00:00;0.0;0.0;0.0;20.69;68.4;2.14;
2022-06-11 22:00:00;0.0;0.0;0.0;19.71;75.7;2.07;
2022-06-11 23:00:00;0.0;0.0;0.0;19.07;78.3;2.0;
2022-06-12 00:00:00;0.0;0.0;0.0;18.35;83.8;1.93;
2022-06-12 01:00:00;0.0;0.0;0.0;17.52;86.7;1.79;
2022-06-12 02:00:00;0.0;0.0;0.0;16.61;89.65;1.72;
2022-06-12 03:00:00;0.0;0.0;0.0;15.87;92.75;1.86;
2022-06-12 04:00:00;34.0;122.1;25.0;15.29;92.75;1.72;
2022-06-12 05:00:00;185.0;454.01;76.0;16.29;86.55;1.03;
2022-06-12 06:00:00;359.0;606.24;111.0;18.95;65.65;1.17;
2022-06-12 07:00:00;536.0;708.04;133.0;21.74;57.65;1.86;
2022-06-12 08:00:00;694.0;765.38;151.0;23.45;43.75;2.0;
2022-06-12 09:00:00;824.0;808.17;161.0;24.69;38.3;1.52;
2022-06-12 10:00:00;912.0;834.12;166.0;25.87;34.65;1.03;
2022-06-12 11:00:00;950.0;844.16;168.0;26.87;31.35;0.69;
2022-06-12 12:00:00;936.0;840.06;168.0;27.62;29.4;0.28;
2022-06-12 13:00:00;869.0;820.96;164.0;28.13;28.5;0.41;
2022-06-12 14:00:00;756.0;785.6;156.0;28.49;27.5;0.14;
2022-06-12 15:00:00;608.0;729.95;144.0;28.75;26.65;0.14;
2022-06-12 16:00:00;434.0;637.37;126.0;28.91;25.7;0.83;
2022-06-12 17:00:00;260.0;527.05;93.0;28.82;25.7;1.59;
2022-06-12 18:00:00;93.0;284.04;51.0;27.72;32.75;1.66;
2022-06-12 19:00:00;0.0;0.0;0.0;25.4;38.45;2.0;
2022-06-12 20:00:00;0.0;0.0;0.0;23.22;45.35;2.07;
2022-06-12 21:00:00;0.0;0.0;0.0;21.55;55.55;2.07;
2022-06-12 22:00:00;0.0;0.0;0.0;21.0;59.5;1.52;
2022-06-12 23:00:00;0.0;0.0;0.0;22.57;50.3;0.69;
2022-06-13 00:00:00;0.0;0.0;0.0;21.93;53.75;0.41;
2022-06-13 01:00:00;0.0;0.0;0.0;21.12;55.55;0.28;
2022-06-13 02:00:00;0.0;0.0;0.0;20.26;61.5;0.69;
2022-06-13 03:00:00;0.0;0.0;0.0;18.55;68.05;1.1;
2022-06-13 04:00:00;33.0;108.2;25.0;18.2;68.05;0.97;
2022-06-13 05:00:00;183.0;441.28;77.0;18.19;70.45;0.83;
2022-06-13 06:00:00;360.0;613.48;109.0;20.83;63.8;1.1;
2022-06-13 07:00:00;539.0;716.78;131.0;22.62;62.05;0.21;
2022-06-13 08:00:00;697.0;773.77;148.0;24.44;56.25;0.83;
2022-06-13 09:00:00;819.0;795.87;166.0;25.97;49.3;1.17;
2022-06-13 10:00:00;907.0;821.62;172.0;27.36;43.3;0.97;
2022-06-13 11:00:00;950.0;842.76;169.0;28.55;40.65;0.41;
2022-06-13 12:00:00;935.0;838.5;168.0;29.45;38.0;0.07;
2022-06-13 13:00:00;864.0;808.68;169.0;30.17;34.5;0.21;
2022-06-13 14:00:00;757.0;784.74;157.0;30.59;34.5;0.21;
2022-06-13 15:00:00;608.0;728.81;144.0;30.76;32.25;0.14;
2022-06-13 16:00:00;437.0;646.21;124.0;30.87;31.15;0.62;
2022-06-13 17:00:00;261.0;525.01;94.0;30.68;31.15;1.1;
2022-06-13 18:00:00;93.0;274.87;52.0;29.53;45.2;1.38;
2022-06-13 19:00:00;0.0;0.0;0.0;27.26;46.4;1.45;
2022-06-13 20:00:00;0.0;0.0;0.0;25.73;46.0;1.38;
2022-06-13 21:00:00;0.0;0.0;0.0;25.7;41.4;1.1;
2022-06-13 22:00:00;0.0;0.0;0.0;25.18;42.75;0.55;
2022-06-13 23:00:00;0.0;0.0;0.0;24.06;48.8;0.69;
2022-06-14 00:00:00;0.0;0.0;0.0;22.27;55.8;1.03;
2022-06-14 01:00:00;0.0;0.0;0.0;20.96;63.8;1.17;
2022-06-14 02:00:00;0.0;0.0;0.0;20.1;65.95;1.1;
2022-06-14 03:00:00;0.0;0.0;0.0;19.41;73.05;1.03;
2022-06-14 04:00:00;36.0;148.51;25.0;18.51;75.55;1.1;
2022-06-14 05:00:00;175.0;387.09;82.0;19.42;75.65;0.69;
2022-06-14 06:00:00;346.0;549.95;121.0;21.57;64.0;0.62;
2022-06-14 07:00:00;526.0;679.92;139.0;24.03;58.1;0.21;
2022-06-14 08:00:00;685.0;746.99;155.0;25.88;51.05;0.34;
2022-06-14 09:00:00;814.0;789.71;166.0;27.62;43.4;0.48;
2022-06-14 10:00:00;892.0;785.7;189.0;29.25;39.35;0.76;
2022-06-14 11:00:00;934.0;811.2;182.0;30.65;34.6;1.17;
2022-06-14 12:00:00;925.0;820.59;174.0;31.73;31.4;1.52;
2022-06-14 13:00:00;864.0;813.9;164.0;32.52;29.4;2.0;
2022-06-14 14:00:00;753.0;778.7;157.0;32.85;26.55;2.83;
2022-06-14 15:00:00;579.0;624.22;181.0;32.58;26.45;4.0;
2022-06-14 16:00:00;391.0;442.91;176.0;31.34;27.15;4.62;
2022-06-14 17:00:00;137.0;37.59;125.0;29.47;30.75;4.83;
2022-06-14 18:00:00;39.0;6.65;38.0;27.51;33.8;4.0;
2022-06-14 19:00:00;0.0;0.0;0.0;25.83;37.2;3.31;
2022-06-14 20:00:00;0.0;0.0;0.0;24.21;39.55;2.69;
2022-06-14 21:00:00;0.0;0.0;0.0;23.07;43.75;2.0;
2022-06-14 22:00:00;0.0;0.0;0.0;22.05;51.9;1.86;
2022-06-14 23:00:00;0.0;0.0;0.0;21.24;55.55;1.79;
2022-06-15 00:00:00;0.0;0.0;0.0;20.62;59.5;1.66;
2022-06-15 01:00:00;0.0;0.0;0.0;20.5;63.7;1.38;
2022-06-15 02:00:00;0.0;0.0;0.0;21.18;55.55;0.76;
2022-06-15 03:00:00;0.0;0.0;0.0;21.57;53.75;0.28;
2022-06-15 04:00:00;36.0;148.42;25.0;21.33;55.55;0.41;
2022-06-15 05:00:00;168.0;345.53;85.0;21.44;57.55;0.28;
2022-06-15 06:00:00;315.0;410.73;147.0;22.19;55.8;0.21;
2022-06-15 07:00:00;496.0;576.37;168.0;23.74;54.2;0.41;
2022-06-15 08:00:00;630.0;579.32;219.0;25.23;49.2;0.34;
2022-06-15 09:00:00;749.0;614.2;245.0;26.78;46.25;1.38;
2022-06-15 10:00:00;693.0;327.42;400.0;27.85;43.4;2.48;
2022-06-15 11:00:00;914.0;778.61;192.0;28.55;42.05;3.03;
2022-06-15 12:00:00;910.0;802.74;175.0;29.09;40.75;3.52;
2022-06-15 13:00:00;841.0;770.36;178.0;29.41;40.75;4.0;
2022-06-15 14:00:00;732.0;736.18;168.0;29.6;40.75;4.28;
2022-06-15 15:00:00;588.0;681.3;153.0;29.53;40.75;4.69;
2022-06-15 16:00:00;418.0;575.62;138.0;28.75;40.75;4.76;
2022-06-15 17:00:00;246.0;446.4;103.0;27.68;43.4;4.9;
2022-06-15 18:00:00;73.0;112.2;56.0;26.41;47.75;4.21;
2022-06-15 19:00:00;0.0;0.0;0.0;24.6;52.6;3.59;
2022-06-15 20:00:00;0.0;0.0;0.0;23.36;58.0;3.1;
2022-06-15 21:00:00;0.0;0.0;0.0;22.73;62.05;3.17;
2022-06-15 22:00:00;0.0;0.0;0.0;21.98;66.25;3.24;
2022-06-15 23:00:00;0.0;0.0;0.0;21.53;68.5;3.24;
2022-06-16 00:00:00;0.0;0.0;0.0;21.32;68.5;3.03;
2022-06-16 01:00:00;0.0;0.0;0.0;21.11;68.5;2.55;
2022-06-16 02:00:00;0.0;0.0;0.0;20.4;75.75;1.93;
2022-06-16 03:00:00;0.0;0.0;0.0;19.82;81.1;1.1;
2022-06-16 04:00:00;10.0;0.0;10.0;19.65;81.1;0.97;
2022-06-16 05:00:00;166.0;333.23;86.0;20.92;75.85;0.48;
2022-06-16 06:00:00;337.0;516.06;126.0;22.25;71.05;1.79;
2022-06-16 07:00:00;517.0;655.63;144.0;23.5;68.85;2.83;
2022-06-16 08:00:00;0.0;0.0;0.0;25.2;58.45;3.17;
2022-06-16 09:00:00;801.0;765.36;173.0;26.36;54.8;3.24;
2022-06-16 10:00:00;0.0;0.0;0.0;27.72;48.15;3.31;
2022-06-16 11:00:00;930.0;814.01;175.0;28.9;45.2;3.52;
2022-06-16 12:00:00;911.0;795.86;182.0;29.87;43.8;4.0;
2022-06-16 13:00:00;833.0;735.04;200.0;30.05;42.3;4.48;
2022-06-16 14:00:00;711.0;652.06;211.0;30.1;42.3;4.62;
2022-06-16 15:00:00;590.0;677.29;157.0;30.04;40.9;4.9;
2022-06-16 16:00:00;386.0;426.77;178.0;29.27;40.75;5.1;
2022-06-16 17:00:00;189.0;161.81;137.0;28.07;41.95;4.76;
2022-06-16 18:00:00;44.0;6.55;43.0;26.56;46.15;3.86;
2022-06-16 19:00:00;0.0;0.0;0.0;25.15;50.95;3.38;
2022-06-16 20:00:00;0.0;0.0;0.0;23.97;56.15;3.03;
2022-06-16 21:00:00;0.0;0.0;0.0;23.14;60.05;2.76;
2022-06-16 22:00:00;0.0;0.0;0.0;22.61;64.2;2.55;
2022-06-16 23:00:00;0.0;0.0;0.0;22.11;66.35;2.55;
2022-06-17 00:00:00;0.0;0.0;0.0;21.78;71.0;2.83;
2022-06-17 01:00:00;0.0;0.0;0.0;21.43;73.35;2.55;
2022-06-17 02:00:00;0.0;0.0;0.0;21.06;75.95;1.59;
2022-06-17 03:00:00;0.0;0.0;0.0;20.56;81.2;1.03;
2022-06-17 04:00:00;19.0;13.53;18.0;20.35;81.15;1.66;
2022-06-17 05:00:00;55.0;0.0;55.0;21.35;73.35;2.83;
2022-06-17 06:00:00;77.0;0.0;77.0;22.01;68.6;4.0;
2022-06-17 07:00:00;68.0;0.0;68.0;23.01;62.05;4.0;
2022-06-17 08:00:00;116.0;0.0;116.0;23.31;58.0;4.83;
2022-06-17 09:00:00;150.0;0.0;150.0;23.09;56.0;4.83;
2022-06-17 10:00:00;166.0;0.0;166.0;22.2;64.1;4.28;
2022-06-17 11:00:00;242.0;0.0;242.0;22.47;64.1;4.07;
2022-06-17 12:00:00;882.0;708.27;233.0;23.92;58.1;4.14;
2022-06-17 13:00:00;852.0;791.49;170.0;25.23;52.75;4.0;
2022-06-17 14:00:00;739.0;744.03;168.0;26.26;47.75;3.31;
2022-06-17 15:00:00;598.0;701.47;149.0;26.69;46.25;2.76;
2022-06-17 16:00:00;428.0;608.29;131.0;26.71;46.25;2.28;
2022-06-17 17:00:00;255.0;484.01;99.0;26.63;44.7;2.0;
2022-06-17 18:00:00;101.0;319.11;52.0;26.11;46.15;1.72;
2022-06-17 19:00:00;0.0;0.0;0.0;23.82;56.15;2.48;
2022-06-17 20:00:00;0.0;0.0;0.0;22.5;61.95;2.41;
2022-06-17 21:00:00;0.0;0.0;0.0;21.57;64.0;2.28;
2022-06-17 22:00:00;0.0;0.0;0.0;20.74;70.8;2.0;
2022-06-17 23:00:00;0.0;0.0;0.0;19.77;75.7;1.79;
2022-06-18 00:00:00;0.0;0.0;0.0;18.74;81.0;1.66;
2022-06-18 01:00:00;0.0;0.0;0.0;17.85;83.75;1.52;
2022-06-18 02:00:00;0.0;0.0;0.0;17.79;83.75;1.17;
2022-06-18 03:00:00;0.0;0.0;0.0;18.42;81.0;0.83;
2022-06-18 04:00:00;23.0;27.14;21.0;18.52;81.0;0.69;
2022-06-18 05:00:00;122.0;104.35;97.0;18.74;83.8;0.34;
2022-06-18 06:00:00;202.0;66.13;175.0;20.73;73.3;0.48;
2022-06-18 07:00:00;394.0;242.79;256.0;22.31;76.1;0.55;
2022-06-18 08:00:00;670.0;701.08;173.0;23.88;66.65;0.55;
2022-06-18 09:00:00;801.0;755.82;181.0;25.26;58.45;0.62;
2022-06-18 10:00:00;897.0;808.97;173.0;26.69;53.1;0.69;
2022-06-18 11:00:00;946.0;842.85;164.0;28.01;49.8;0.69;
2022-06-18 12:00:00;922.0;816.06;174.0;29.24;45.2;0.55;
2022-06-18 13:00:00;853.0;784.13;177.0;30.24;41.0;0.55;
2022-06-18 14:00:00;744.0;751.27;167.0;30.95;38.4;0.69;
2022-06-18 15:00:00;596.0;683.52;158.0;31.49;37.25;1.17;
2022-06-18 16:00:00;424.0;580.69;140.0;31.56;35.95;1.72;
2022-06-18 17:00:00;257.0;485.79;100.0;31.17;35.95;1.86;
2022-06-18 18:00:00;90.0;213.66;57.0;30.41;41.0;1.72;
2022-06-18 19:00:00;0.0;0.0;0.0;29.14;48.4;0.83;
2022-06-18 20:00:00;0.0;0.0;0.0;26.43;56.7;1.59;
2022-06-18 21:00:00;0.0;0.0;0.0;25.02;60.35;1.93;
2022-06-18 22:00:00;0.0;0.0;0.0;23.67;64.4;1.72;
2022-06-18 23:00:00;0.0;0.0;0.0;23.79;64.4;1.24;
2022-06-19 00:00:00;0.0;0.0;0.0;23.4;64.3;1.1;
2022-06-19 01:00:00;0.0;0.0;0.0;22.55;68.7;1.17;
2022-06-19 02:00:00;0.0;0.0;0.0;23.22;62.15;0.69;
2022-06-19 03:00:00;0.0;0.0;0.0;22.64;66.45;0.34;
2022-06-19 04:00:00;26.0;54.53;22.0;22.15;68.7;0.34;
2022-06-19 05:00:00;79.0;12.54;76.0;22.19;68.7;0.21;
2022-06-19 06:00:00;313.0;406.95;147.0;23.44;66.55;0.14;
2022-06-19 07:00:00;494.0;573.92;168.0;24.69;62.45;0.41;
2022-06-19 08:00:00;659.0;684.44;174.0;26.08;58.55;0.14;
2022-06-19 09:00:00;789.0;741.37;181.0;27.4;53.2;0.0;
2022-06-19 10:00:00;884.0;793.39;174.0;28.5;49.95;0.48;
2022-06-19 11:00:00;923.0;803.98;177.0;29.6;46.75;1.1;
2022-06-19 12:00:00;904.0;787.49;182.0;30.58;42.45;1.72;
2022-06-19 13:00:00;841.0;768.69;178.0;31.28;39.9;2.28;
2022-06-19 14:00:00;721.0;693.49;188.0;31.8;38.7;2.76;
2022-06-19 15:00:00;534.0;477.04;228.0;31.81;36.1;3.72;
2022-06-19 16:00:00;296.0;153.12;221.0;31.2;35.95;4.41;
2022-06-19 17:00:00;28.0;0.0;28.0;29.29;42.2;2.28;
2022-06-19 18:00:00;10.0;0.0;10.0;27.51;49.7;2.0;
2022-06-19 19:00:00;0.0;0.0;0.0;26.25;54.8;1.93;
2022-06-19 20:00:00;0.0;0.0;0.0;24.68;64.6;1.17;
2022-06-19 21:00:00;0.0;0.0;0.0;23.1;71.25;2.41;
2022-06-19 22:00:00;0.0;0.0;0.0;21.45;81.3;1.79;
2022-06-19 23:00:00;0.0;0.0;0.0;20.71;86.9;2.21;
2022-06-20 00:00:00;0.0;0.0;0.0;20.16;89.85;2.14;
2022-06-20 01:00:00;0.0;0.0;0.0;20.48;86.85;0.14;
2022-06-20 02:00:00;0.0;0.0;0.0;20.2;83.95;0.62;
2022-06-20 03:00:00;0.0;0.0;0.0;18.96;92.85;1.31;
2022-06-20 04:00:00;36.0;164.5;24.0;18.27;86.75;2.0;
2022-06-20 05:00:00;131.0;134.04;99.0;18.79;81.0;2.0;
2022-06-20 06:00:00;359.0;613.58;109.0;19.65;70.65;2.28;
2022-06-20 07:00:00;542.0;734.68;125.0;21.96;48.3;3.52;
2022-06-20 08:00:00;707.0;804.79;137.0;23.2;42.25;3.86;
2022-06-20 09:00:00;831.0;829.41;151.0;23.8;47.15;4.14;
2022-06-20 10:00:00;926.0;867.25;150.0;24.64;44.15;4.62;
2022-06-20 11:00:00;925.0;771.61;209.0;24.88;44.15;5.38;
2022-06-20 12:00:00;948.0;862.56;157.0;25.21;39.85;5.86;
2022-06-20 13:00:00;892.0;866.9;144.0;24.94;39.7;5.79;
2022-06-20 14:00:00;774.0;819.18;144.0;24.4;41.0;5.93;
2022-06-20 15:00:00;621.0;752.27;138.0;23.77;40.9;5.93;
2022-06-20 16:00:00;451.0;676.86;119.0;23.14;40.75;5.38;
2022-06-20 17:00:00;77.0;0.0;77.0;22.68;42.1;4.9;
2022-06-20 18:00:00;49.0;12.82;47.0;21.8;43.4;4.21;
2022-06-20 19:00:00;0.0;0.0;0.0;21.33;48.2;5.03;
2022-06-20 20:00:00;0.0;0.0;0.0;20.12;51.5;5.17;
2022-06-20 21:00:00;0.0;0.0;0.0;18.78;61.2;4.34;
2022-06-20 22:00:00;0.0;0.0;0.0;17.47;70.3;3.52;
2022-06-20 23:00:00;0.0;0.0;0.0;16.52;75.3;3.52;
2022-06-21 00:00:00;0.0;0.0;0.0;16.01;80.75;3.66;
2022-06-21 01:00:00;0.0;0.0;0.0;15.3;89.55;3.1;
2022-06-21 02:00:00;0.0;0.0;0.0;15.18;89.55;2.34;
2022-06-21 03:00:00;0.0;0.0;0.0;15.02;89.55;1.86;
2022-06-21 04:00:00;25.0;41.41;22.0;15.04;89.55;1.72;
2022-06-21 05:00:00;30.0;0.0;30.0;15.31;89.55;1.93;
2022-06-21 06:00:00;63.0;0.0;63.0;16.3;77.95;2.41;
2022-06-21 07:00:00;452.0;398.52;226.0;17.57;70.35;1.38;
2022-06-21 08:00:00;700.0;785.48;144.0;19.07;63.5;0.9;
2022-06-21 09:00:00;832.0;830.94;151.0;20.58;57.45;0.97;
2022-06-21 10:00:00;922.0;857.35;155.0;21.81;51.9;1.17;
2022-06-21 11:00:00;952.0;844.9;168.0;22.6;45.25;0.9;
2022-06-21 12:00:00;898.0;726.14;232.0;23.14;42.25;0.62;
2022-06-21 13:00:00;879.0;834.16;159.0;23.82;40.9;0.55;
2022-06-21 14:00:00;715.0;631.59;229.0;24.18;38.15;0.62;
2022-06-21 15:00:00;613.0;723.62;148.0;24.4;38.15;0.9;
2022-06-21 16:00:00;360.0;307.46;209.0;24.25;36.8;1.38;
2022-06-21 17:00:00;221.0;267.39;134.0;23.83;36.7;2.14;
2022-06-21 18:00:00;45.0;6.38;44.0;23.03;39.15;1.93;
2022-06-21 19:00:00;0.0;0.0;0.0;21.46;43.25;1.59;
2022-06-21 20:00:00;0.0;0.0;0.0;19.7;49.55;1.79;
2022-06-21 21:00:00;0.0;0.0;0.0;18.1;54.95;1.79;
2022-06-21 22:00:00;0.0;0.0;0.0;18.26;51.15;1.17;
2022-06-21 23:00:00;0.0;0.0;0.0;18.94;47.55;0.48;
2022-06-22 00:00:00;0.0;0.0;0.0;17.45;52.75;1.03;
2022-06-22 01:00:00;0.0;0.0;0.0;15.76;62.85;1.31;
2022-06-22 02:00:00;0.0;0.0;0.0;15.09;65.05;1.38;
2022-06-22 03:00:00;0.0;0.0;0.0;14.41;69.75;1.45;
2022-06-22 04:00:00;36.0;180.92;23.0;14.59;67.35;1.31;
2022-06-22 05:00:00;193.0;509.32;72.0;15.19;67.45;1.03;
2022-06-22 06:00:00;371.0;652.22;106.0;17.58;52.9;1.24;
2022-06-22 07:00:00;509.0;580.71;180.0;19.27;53.15;1.17;
2022-06-22 08:00:00;534.0;288.39;330.0;20.91;43.1;1.93;
2022-06-22 09:00:00;851.0;856.92;149.0;22.33;37.65;2.62;
2022-06-22 10:00:00;907.0;787.11;203.0;23.82;29.45;4.55;
2022-06-22 11:00:00;989.0;906.38;148.0;24.61;20.4;5.31;
2022-06-22 12:00:00;976.0;902.66;148.0;24.92;18.2;5.45;
2022-06-22 13:00:00;904.0;872.14;151.0;25.04;18.2;5.79;
2022-06-22 14:00:00;790.0;837.8;145.0;25.01;18.9;5.86;
2022-06-22 15:00:00;636.0;771.29;140.0;24.98;19.65;5.79;
2022-06-22 16:00:00;461.0;691.53;121.0;24.33;20.3;5.52;
2022-06-22 17:00:00;283.0;592.12;90.0;23.21;25.2;4.21;
2022-06-22 18:00:00;109.0;362.56;52.0;22.0;32.35;2.9;
2022-06-22 19:00:00;0.0;0.0;0.0;20.54;27.6;3.59;
2022-06-22 20:00:00;0.0;0.0;0.0;19.19;30.5;3.52;
2022-06-22 21:00:00;0.0;0.0;0.0;18.35;30.35;3.66;
2022-06-22 22:00:00;0.0;0.0;0.0;17.63;30.2;3.86;
2022-06-22 23:00:00;0.0;0.0;0.0;16.97;33.6;3.66;
2022-06-23 00:00:00;0.0;0.0;0.0;16.38;34.8;3.1;
2022-06-23 01:00:00;0.0;0.0;0.0;15.51;38.85;2.41;
2022-06-23 02:00:00;0.0;0.0;0.0;14.31;44.75;2.28;
2022-06-23 03:00:00;0.0;0.0;0.0;13.05;49.85;2.55;
2022-06-23 04:00:00;36.0;182.64;23.0;12.82;55.65;2.28;
2022-06-23 05:00:00;86.0;21.11;81.0;13.63;60.2;1.72;
2022-06-23 06:00:00;303.0;345.14;163.0;15.94;48.65;1.72;
2022-06-23 07:00:00;542.0;733.31;127.0;18.75;44.2;2.55;
2022-06-23 08:00:00;707.0;803.55;139.0;20.65;38.65;2.55;
2022-06-23 09:00:00;832.0;826.8;155.0;22.64;35.1;2.55;
2022-06-23 10:00:00;898.0;785.09;196.0;24.25;31.85;3.52;
2022-06-23 11:00:00;932.0;779.29;209.0;25.3;28.75;3.79;
2022-06-23 12:00:00;804.0;484.01;360.0;25.74;28.9;3.31;
2022-06-23 13:00:00;838.0;706.35;228.0;26.04;28.9;2.69;
2022-06-23 14:00:00;769.0;795.9;156.0;26.16;28.0;2.62;
2022-06-23 15:00:00;615.0;719.5;152.0;26.04;27.85;2.9;
2022-06-23 16:00:00;400.0;440.93;183.0;25.91;27.85;3.1;
2022-06-23 17:00:00;235.0;327.77;128.0;25.33;28.75;3.24;
2022-06-23 18:00:00;33.0;0.0;33.0;24.32;30.7;3.1;
2022-06-23 19:00:00;0.0;0.0;0.0;23.37;32.75;3.38;
2022-06-23 20:00:00;0.0;0.0;0.0;21.48;40.2;3.45;
2022-06-23 21:00:00;0.0;0.0;0.0;19.99;47.8;3.17;
2022-06-23 22:00:00;0.0;0.0;0.0;18.81;54.95;2.9;
2022-06-23 23:00:00;0.0;0.0;0.0;17.7;61.05;2.69;
2022-06-24 00:00:00;0.0;0.0;0.0;16.84;67.75;2.21;
2022-06-24 01:00:00;0.0;0.0;0.0;15.9;75.15;1.72;
2022-06-24 02:00:00;0.0;0.0;0.0;15.14;80.6;1.17;
2022-06-24 03:00:00;0.0;0.0;0.0;14.47;83.4;1.24;
2022-06-24 04:00:00;27.0;71.01;22.0;13.41;89.4;1.72;
2022-06-24 05:00:00;176.0;423.54;76.0;14.41;86.4;1.31;
2022-06-24 06:00:00;349.0;585.35;112.0;17.57;65.55;1.72;
2022-06-24 07:00:00;516.0;654.57;146.0;20.02;63.6;2.48;
2022-06-24 08:00:00;662.0;678.2;183.0;22.06;50.2;2.21;
2022-06-24 09:00:00;716.0;509.55;299.0;23.78;43.9;1.66;
2022-06-24 10:00:00;904.0;824.51;167.0;25.32;38.45;1.24;
2022-06-24 11:00:00;834.0;544.4;329.0;26.66;34.9;0.83;
2022-06-24 12:00:00;922.0;807.76;181.0;27.76;31.6;0.55;
2022-06-24 13:00:00;868.0;813.89;165.0;28.65;29.7;0.21;
2022-06-24 14:00:00;734.0;700.87;194.0;29.3;28.65;0.07;
2022-06-24 15:00:00;486.0;318.39;281.0;29.65;27.75;0.07;
2022-06-24 16:00:00;415.0;515.68;161.0;29.72;27.75;0.41;
2022-06-24 17:00:00;258.0;468.08;105.0;29.32;28.65;1.03;
2022-06-24 18:00:00;85.0;151.82;61.0;28.13;31.75;1.66;
2022-06-24 19:00:00;0.0;0.0;0.0;25.7;37.2;2.34;
2022-06-24 20:00:00;0.0;0.0;0.0;24.04;45.5;2.0;
2022-06-24 21:00:00;0.0;0.0;0.0;22.4;55.8;1.45;
2022-06-24 22:00:00;0.0;0.0;0.0;22.25;53.85;0.97;
2022-06-24 23:00:00;0.0;0.0;0.0;21.82;53.75;0.76;
2022-06-25 00:00:00;0.0;0.0;0.0;21.44;55.55;0.76;
2022-06-25 01:00:00;0.0;0.0;0.0;21.0;59.5;0.41;
2022-06-25 02:00:00;0.0;0.0;0.0;20.59;59.5;0.21;
2022-06-25 03:00:00;0.0;0.0;0.0;19.42;68.1;0.97;
2022-06-25 04:00:00;25.0;57.5;21.0;17.94;78.15;1.31;
2022-06-25 05:00:00;157.0;289.05;89.0;18.95;75.55;0.83;
2022-06-25 06:00:00;341.0;559.31;115.0;20.97;63.8;0.69;
2022-06-25 07:00:00;522.0;687.31;134.0;22.86;55.9;1.79;
2022-06-25 08:00:00;682.0;756.74;148.0;24.14;50.7;1.93;
2022-06-25 09:00:00;809.0;789.85;163.0;25.29;47.5;2.07;
2022-06-25 10:00:00;907.0;839.38;157.0;26.31;46.15;2.34;
2022-06-25 11:00:00;943.0;838.87;165.0;27.25;43.3;2.62;
2022-06-25 12:00:00;935.0;847.03;158.0;28.19;40.65;2.76;
2022-06-25 13:00:00;862.0;806.85;165.0;28.7;39.35;2.97;
2022-06-25 14:00:00;753.0;772.04;158.0;27.72;41.95;4.48;
2022-06-25 15:00:00;591.0;656.67;168.0;26.56;46.15;4.41;
2022-06-25 16:00:00;402.0;468.66;171.0;26.28;47.75;4.28;
2022-06-25 17:00:00;256.0;458.42;106.0;25.56;49.2;4.07;
2022-06-25 18:00:00;102.0;303.05;54.0;24.62;50.8;4.41;
2022-06-25 19:00:00;0.0;0.0;0.0;22.95;57.9;4.21;
2022-06-25 20:00:00;0.0;0.0;0.0;21.67;61.85;2.97;
2022-06-25 21:00:00;0.0;0.0;0.0;20.81;66.05;2.48;
2022-06-25 22:00:00;0.0;0.0;0.0;20.36;68.3;2.0;
2022-06-25 23:00:00;0.0;0.0;0.0;19.67;75.7;1.24;
2022-06-26 00:00:00;0.0;0.0;0.0;20.21;70.7;0.34;
2022-06-26 01:00:00;0.0;0.0;0.0;20.16;68.3;0.34;
2022-06-26 02:00:00;0.0;0.0;0.0;19.91;73.15;0.14;
2022-06-26 03:00:00;0.0;0.0;0.0;19.57;73.15;0.48;
2022-06-26 04:00:00;3.0;0.0;3.0;18.26;83.8;1.03;
2022-06-26 05:00:00;15.0;0.0;15.0;19.13;78.3;1.1;
2022-06-26 06:00:00;250.0;181.06;177.0;19.87;75.7;0.69;
2022-06-26 07:00:00;481.0;528.63;183.0;19.89;81.1;0.41;
2022-06-26 08:00:00;661.0;692.22;173.0;21.38;70.9;0.48;
2022-06-26 09:00:00;788.0;734.09;188.0;23.34;60.05;0.76;
2022-06-26 10:00:00;823.0;613.57;275.0;24.64;54.45;0.69;
2022-06-26 11:00:00;870.0;647.1;270.0;25.98;51.05;0.62;
2022-06-26 12:00:00;932.0;842.74;159.0;27.26;44.8;0.76;
2022-06-26 13:00:00;850.0;779.02;177.0;28.24;42.05;0.9;
2022-06-26 14:00:00;738.0;730.37;175.0;28.7;39.35;1.72;
2022-06-26 15:00:00;251.0;12.41;243.0;28.04;41.95;3.45;
2022-06-26 16:00:00;45.0;0.0;45.0;25.89;49.3;4.07;
2022-06-26 17:00:00;38.0;0.0;38.0;25.44;52.75;3.1;
2022-06-26 18:00:00;53.0;18.91;50.0;25.2;52.75;2.62;
2022-06-26 19:00:00;0.0;0.0;0.0;23.53;64.3;1.59;
2022-06-26 20:00:00;0.0;0.0;0.0;22.36;68.7;1.86;
2022-06-26 21:00:00;0.0;0.0;0.0;21.53;73.35;1.93;
2022-06-26 22:00:00;0.0;0.0;0.0;20.75;75.85;1.93;
2022-06-26 23:00:00;0.0;0.0;0.0;20.04;78.45;2.28;
2022-06-27 00:00:00;0.0;0.0;0.0;19.46;83.85;2.34;
2022-06-27 01:00:00;0.0;0.0;0.0;18.95;86.75;2.07;
2022-06-27 02:00:00;0.0;0.0;0.0;18.52;86.75;1.86;
2022-06-27 03:00:00;0.0;0.0;0.0;18.12;83.8;1.79;
2022-06-27 04:00:00;3.0;0.0;3.0;17.66;86.7;1.66;
2022-06-27 05:00:00;29.0;0.0;29.0;18.33;86.75;1.24;
2022-06-27 06:00:00;143.0;9.94;139.0;20.29;75.75;1.31;
2022-06-27 07:00:00;387.0;238.07;253.0;21.92;73.45;2.14;
2022-06-27 08:00:00;644.0;638.98;194.0;23.48;66.55;2.07;
2022-06-27 09:00:00;765.0;667.28;220.0;24.19;60.25;1.86;
2022-06-27 10:00:00;770.0;485.04;337.0;24.92;58.35;1.45;
2022-06-27 11:00:00;878.0;673.19;254.0;25.55;56.5;0.48;
2022-06-27 12:00:00;891.0;736.0;216.0;26.32;51.2;0.97;
2022-06-27 13:00:00;835.0;733.87;201.0;26.45;51.2;1.38;
2022-06-27 14:00:00;738.0;730.27;175.0;26.94;49.55;1.52;
2022-06-27 15:00:00;519.0;415.79;251.0;26.41;47.75;1.45;
2022-06-27 16:00:00;423.0;565.51;144.0;26.73;46.25;0.21;
2022-06-27 17:00:00;256.0;460.85;105.0;26.62;46.25;0.9;
2022-06-27 18:00:00;76.0;100.8;60.0;26.37;46.15;0.41;
2022-06-27 19:00:00;0.0;0.0;0.0;25.0;56.35;1.52;
2022-06-27 20:00:00;0.0;0.0;0.0;23.74;62.25;2.14;
2022-06-27 21:00:00;0.0;0.0;0.0;22.46;71.05;2.21;
2022-06-27 22:00:00;0.0;0.0;0.0;21.35;78.55;1.79;
2022-06-27 23:00:00;0.0;0.0;0.0;20.24;86.85;1.38;
2022-06-28 00:00:00;0.0;0.0;0.0;19.91;86.85;1.03;
2022-06-28 01:00:00;0.0;0.0;0.0;19.09;89.8;1.24;
2022-06-28 02:00:00;0.0;0.0;0.0;18.86;92.85;1.1;
2022-06-28 03:00:00;0.0;0.0;0.0;19.39;92.9;0.76;
2022-06-28 04:00:00;25.0;60.13;21.0;19.44;92.9;0.34;
2022-06-28 05:00:00;120.0;111.95;94.0;19.83;89.85;0.28;
2022-06-28 06:00:00;144.0;12.46;139.0;21.16;81.3;0.41;
2022-06-28 07:00:00;242.0;26.69;227.0;22.19;78.7;0.14;
2022-06-28 08:00:00;579.0;440.68;269.0;23.81;68.95;0.55;
2022-06-28 09:00:00;784.0;730.29;188.0;25.08;64.6;0.69;
2022-06-28 10:00:00;856.0;712.83;220.0;26.32;58.7;0.83;
2022-06-28 11:00:00;916.0;781.34;192.0;27.81;49.8;1.17;
2022-06-28 12:00:00;919.0;817.94;169.0;29.08;43.65;1.38;
2022-06-28 13:00:00;857.0;799.9;166.0;29.81;40.9;1.38;
2022-06-28 14:00:00;753.0;775.62;155.0;30.35;38.3;1.52;
2022-06-28 15:00:00;611.0;729.06;141.0;30.66;37.1;2.14;
2022-06-28 16:00:00;439.0;636.29;125.0;30.33;38.3;2.28;
2022-06-28 17:00:00;264.0;509.53;97.0;29.63;39.5;2.34;
2022-06-28 18:00:00;96.0;245.63;57.0;28.63;42.2;2.69;
2022-06-28 19:00:00;0.0;0.0;0.0;27.19;48.0;2.9;
2022-06-28 20:00:00;0.0;0.0;0.0;25.49;58.45;2.9;
2022-06-28 21:00:00;0.0;0.0;0.0;24.04;66.65;2.9;
2022-06-28 22:00:00;0.0;0.0;0.0;22.85;73.6;2.69;
2022-06-28 23:00:00;0.0;0.0;0.0;22.0;78.65;2.55;
2022-06-29 00:00:00;0.0;0.0;0.0;21.25;81.3;2.28;
2022-06-29 01:00:00;0.0;0.0;0.0;20.59;84.05;2.07;
2022-06-29 02:00:00;0.0;0.0;0.0;19.98;89.85;1.93;
2022-06-29 03:00:00;0.0;0.0;0.0;19.45;92.9;1.72;
2022-06-29 04:00:00;13.0;0.0;13.0;18.96;96.1;1.31;
2022-06-29 05:00:00;83.0;21.63;78.0;19.68;89.85;0.9;
2022-06-29 06:00:00;235.0;144.94;177.0;21.6;76.0;0.9;
2022-06-29 07:00:00;501.0;625.68;150.0;23.76;66.65;0.41;
2022-06-29 08:00:00;668.0;728.69;156.0;25.56;58.45;0.55;
2022-06-29 09:00:00;797.0;772.6;167.0;27.17;51.45;0.55;
2022-06-29 10:00:00;886.0;799.59;173.0;28.67;46.75;0.69;
2022-06-29 11:00:00;937.0;833.47;165.0;29.78;45.35;0.62;
2022-06-29 12:00:00;925.0;830.13;164.0;30.7;41.15;0.9;
2022-06-29 13:00:00;867.0;823.14;156.0;31.4;38.55;0.83;
2022-06-29 14:00:00;753.0;776.93;154.0;32.04;37.35;0.9;
2022-06-29 15:00:00;615.0;741.43;137.0;32.1;36.1;0.62;
2022-06-29 16:00:00;435.0;620.02;129.0;29.52;43.65;1.03;
2022-06-29 17:00:00;260.0;488.14;100.0;28.16;48.25;1.66;
2022-06-29 18:00:00;98.0;258.32;57.0;27.5;55.05;1.31;
2022-06-29 19:00:00;0.0;0.0;0.0;27.12;55.05;1.1;
2022-06-29 20:00:00;0.0;0.0;0.0;25.76;60.6;1.17;
2022-06-29 21:00:00;0.0;0.0;0.0;24.74;64.6;1.17;
2022-06-29 22:00:00;0.0;0.0;0.0;24.65;62.45;0.9;
2022-06-29 23:00:00;0.0;0.0;0.0;24.54;64.5;0.48;
2022-06-30 00:00:00;0.0;0.0;0.0;23.74;66.65;0.34;
2022-06-30 01:00:00;0.0;0.0;0.0;22.76;73.6;0.83;
2022-06-30 02:00:00;0.0;0.0;0.0;21.8;78.65;1.1;
2022-06-30 03:00:00;0.0;0.0;0.0;21.59;78.65;0.97;
2022-06-30 04:00:00;28.0;109.21;21.0;21.96;78.65;0.55;
2022-06-30 05:00:00;139.0;213.14;90.0;22.02;78.65;0.28;
2022-06-30 06:00:00;298.0;373.41;149.0;23.43;71.25;0.69;
2022-06-30 07:00:00;471.0;512.53;184.0;23.46;76.2;0.41;
2022-06-30 08:00:00;642.0;645.53;189.0;24.87;69.15;0.34;
2022-06-30 09:00:00;784.0;741.38;180.0;26.48;60.7;0.55;
2022-06-30 10:00:00;882.0;795.61;173.0;27.66;55.15;0.55;
2022-06-30 11:00:00;933.0;828.44;166.0;28.91;51.8;0.41;
2022-06-30 12:00:00;911.0;803.1;175.0;29.58;50.05;0.07;
2022-06-30 13:00:00;845.0;772.34;178.0;30.37;47.0;0.21;
2022-06-30 14:00:00;767.0;814.62;139.0;30.96;44.05;0.55;
2022-06-30 15:00:00;482.0;317.99;277.0;31.24;39.9;1.17;
2022-06-30 16:00:00;417.0;539.0;151.0;28.25;51.04;1.64;
2022-06-30 17:00:00;259.0;485.19;100.0;27.77;52.22;1.61;
2022-06-30 18:00:00;101.0;290.08;55.0;27.28;53.4;1.58;
2022-06-30 19:00:00;0.0;0.0;0.0;26.8;54.58;1.55;
2022-06-30 20:00:00;0.0;0.0;0.0;26.32;55.76;1.52;
2022-06-30 21:00:00;0.0;0.0;0.0;25.83;56.94;1.49;
2022-06-30 22:00:00;0.0;0.0;0.0;25.35;58.12;1.46;
2022-06-30 23:00:00;0.0;0.0;0.0;24.87;59.3;1.43;
2022-07-01 00:00:00;0.0;0.0;0.0;24.38;60.48;1.4;
2022-07-01 01:00:00;0.0;0.0;0.0;23.9;61.66;1.37;
2022-07-01 02:00:00;0.0;0.0;0.0;23.42;62.84;1.34;
2022-07-01 03:00:00;0.0;0.0;0.0;22.94;64.03;1.31;
2022-07-01 04:00:00;19.0;31.87;17.0;22.45;65.21;1.28;
2022-07-01 05:00:00;158.0;323.69;84.0;21.97;66.39;1.25;
2022-07-01 06:00:00;339.0;563.05;115.0;21.49;67.57;1.22;
2022-07-01 07:00:00;518.0;683.5;136.0;21.0;68.75;1.19;
2022-07-01 08:00:00;683.0;760.54;150.0;28.98;39.35;1.38;
2022-07-01 09:00:00;819.0;815.8;155.0;30.84;31.15;1.79;
2022-07-01 10:00:00;905.0;830.97;165.0;32.23;25.5;2.0;
2022-07-01 11:00:00;947.0;842.89;167.0;33.18;23.85;1.79;
2022-07-01 12:00:00;936.0;839.39;167.0;33.93;21.65;1.45;
2022-07-01 13:00:00;873.0;822.33;163.0;34.36;21.0;1.24;
2022-07-01 14:00:00;768.0;799.19;152.0;34.86;20.4;1.45;
2022-07-01 15:00:00;618.0;735.36;144.0;35.14;20.4;1.59;
2022-07-01 16:00:00;450.0;662.74;123.0;35.11;20.4;1.79;
2022-07-01 17:00:00;269.0;525.09;97.0;34.75;20.4;2.76;
2022-07-01 18:00:00;90.0;183.15;61.0;33.55;23.15;4.34;
2022-07-01 19:00:00;0.0;0.0;0.0;31.9;23.65;3.38;
2022-07-01 20:00:00;0.0;0.0;0.0;30.18;28.9;3.1;
2022-07-01 21:00:00;0.0;0.0;0.0;28.7;33.05;2.76;
2022-07-01 22:00:00;0.0;0.0;0.0;27.75;36.45;3.03;
2022-07-01 23:00:00;0.0;0.0;0.0;26.77;38.85;3.66;
2022-07-02 00:00:00;0.0;0.0;0.0;26.03;41.4;4.48;
2022-07-02 01:00:00;0.0;0.0;0.0;25.37;41.25;4.97;
2022-07-02 02:00:00;0.0;0.0;0.0;24.65;44.05;4.83;
2022-07-02 03:00:00;0.0;0.0;0.0;23.87;45.5;4.48;
2022-07-02 04:00:00;10.0;0.0;10.0;23.48;50.45;4.14;
2022-07-02 05:00:00;99.0;52.8;87.0;23.62;54.1;3.93;
2022-07-02 06:00:00;258.0;216.86;172.0;24.38;52.5;4.28;
2022-07-02 07:00:00;473.0;512.77;187.0;25.33;58.45;4.0;
2022-07-02 08:00:00;631.0;600.14;211.0;26.72;53.1;3.66;
2022-07-02 09:00:00;779.0;712.08;200.0;28.03;46.5;3.17;
2022-07-02 10:00:00;886.0;795.62;178.0;29.47;39.5;2.83;
2022-07-02 11:00:00;932.0;820.64;173.0;30.55;35.85;2.55;
2022-07-02 12:00:00;926.0;828.81;167.0;31.41;33.55;2.41;
2022-07-02 13:00:00;859.0;800.56;168.0;32.24;30.45;2.28;
2022-07-02 14:00:00;756.0;777.32;157.0;32.68;30.45;2.48;
2022-07-02 15:00:00;607.0;713.82;147.0;33.21;25.65;2.55;
2022-07-02 16:00:00;440.0;632.56;128.0;32.79;24.75;3.38;
2022-07-02 17:00:00;259.0;473.53;104.0;31.86;26.3;3.45;
2022-07-02 18:00:00;86.0;164.54;60.0;31.02;29.0;3.79;
2022-07-02 19:00:00;0.0;0.0;0.0;29.17;35.45;4.48;
2022-07-02 20:00:00;0.0;0.0;0.0;27.88;37.75;4.21;
2022-07-02 21:00:00;0.0;0.0;0.0;26.86;40.25;3.59;
2022-07-02 22:00:00;0.0;0.0;0.0;26.06;42.9;3.38;
2022-07-02 23:00:00;0.0;0.0;0.0;25.16;45.75;3.52;
2022-07-03 00:00:00;0.0;0.0;0.0;24.42;47.25;3.52;
2022-07-03 01:00:00;0.0;0.0;0.0;23.84;48.8;3.52;
2022-07-03 02:00:00;0.0;0.0;0.0;23.51;50.45;3.45;
2022-07-03 03:00:00;0.0;0.0;0.0;22.91;52.1;3.31;
2022-07-03 04:00:00;13.0;0.0;13.0;22.58;55.8;3.17;
2022-07-03 05:00:00;162.0;376.38;77.0;22.52;55.8;2.9;
2022-07-03 06:00:00;330.0;536.36;118.0;23.31;52.25;3.31;
2022-07-03 07:00:00;501.0;632.44;149.0;24.83;52.6;2.69;
2022-07-03 08:00:00;669.0;736.97;154.0;26.38;47.75;2.48;
2022-07-03 09:00:00;799.0;781.78;164.0;27.96;41.95;2.55;
2022-07-03 10:00:00;889.0;807.49;171.0;29.47;36.85;2.48;
2022-07-03 11:00:00;930.0;818.96;173.0;30.61;34.6;2.41;
2022-07-03 12:00:00;925.0;827.0;168.0;31.62;33.55;2.55;
2022-07-03 13:00:00;858.0;798.53;169.0;32.23;31.55;1.86;
2022-07-03 14:00:00;750.0;765.89;160.0;32.67;31.55;1.38;
2022-07-03 15:00:00;603.0;700.1;152.0;32.91;30.6;1.52;
2022-07-03 16:00:00;427.0;574.06;144.0;32.42;30.45;1.31;
2022-07-03 17:00:00;201.0;189.6;139.0;31.76;30.35;1.52;
2022-07-03 18:00:00;77.0;101.53;61.0;30.57;33.4;2.07;
2022-07-03 19:00:00;0.0;0.0;0.0;29.45;33.15;1.86;
2022-07-03 20:00:00;0.0;0.0;0.0;28.05;39.1;1.72;
2022-07-03 21:00:00;0.0;0.0;0.0;26.5;46.15;1.52;
2022-07-03 22:00:00;0.0;0.0;0.0;25.31;49.2;1.93;
2022-07-03 23:00:00;0.0;0.0;0.0;24.65;52.5;2.48;
2022-07-04 00:00:00;0.0;0.0;0.0;24.16;52.5;2.97;
2022-07-04 01:00:00;0.0;0.0;0.0;23.65;54.2;3.03;
2022-07-04 02:00:00;0.0;0.0;0.0;23.07;57.9;2.76;
2022-07-04 03:00:00;0.0;0.0;0.0;22.51;61.95;2.62;
2022-07-04 04:00:00;17.0;17.15;16.0;21.94;64.0;2.76;
2022-07-04 05:00:00;136.0;205.04;90.0;22.38;64.1;2.97;
2022-07-04 06:00:00;312.0;451.92;134.0;23.63;60.05;3.24;
2022-07-04 07:00:00;484.0;578.02;163.0;24.76;60.35;2.9;
2022-07-04 08:00:00;652.0;689.38;171.0;26.26;52.95;2.62;
2022-07-04 09:00:00;789.0;760.47;172.0;27.51;48.0;2.34;
2022-07-04 10:00:00;878.0;786.78;179.0;29.07;42.2;2.0;
2022-07-04 11:00:00;919.0;797.83;182.0;30.31;38.4;1.79;
2022-07-04 12:00:00;913.0;808.83;173.0;31.15;38.4;1.93;
2022-07-04 13:00:00;852.0;791.91;169.0;31.87;36.1;1.86;
2022-07-04 14:00:00;745.0;758.41;161.0;32.29;33.8;1.86;
2022-07-04 15:00:00;595.0;680.23;157.0;32.53;33.8;2.28;
2022-07-04 16:00:00;428.0;590.68;137.0;32.44;32.65;2.62;
2022-07-04 17:00:00;252.0;437.84;109.0;31.78;33.7;2.9;
2022-07-04 18:00:00;80.0;127.33;60.0;30.92;34.6;3.03;
2022-07-04 19:00:00;0.0;0.0;0.0;28.35;43.55;3.79;
2022-07-04 20:00:00;0.0;0.0;0.0;27.49;46.4;3.59;
2022-07-04 21:00:00;0.0;0.0;0.0;26.9;47.9;3.52;
2022-07-04 22:00:00;0.0;0.0;0.0;26.16;49.3;3.59;
2022-07-04 23:00:00;0.0;0.0;0.0;25.58;49.2;3.45;
2022-07-05 00:00:00;0.0;0.0;0.0;25.1;47.4;3.03;
2022-07-05 01:00:00;0.0;0.0;0.0;24.37;47.25;3.17;
2022-07-05 02:00:00;0.0;0.0;0.0;23.69;45.5;3.03;
2022-07-05 03:00:00;0.0;0.0;0.0;23.2;45.35;2.9;
2022-07-05 04:00:00;13.0;17.65;12.0;22.85;46.85;2.69;
2022-07-05 05:00:00;121.0;134.65;91.0;23.0;46.85;2.62;
2022-07-05 06:00:00;286.0;336.35;154.0;24.07;42.35;2.83;
2022-07-05 07:00:00;468.0;514.39;183.0;24.86;44.15;2.28;
2022-07-05 08:00:00;640.0;650.3;187.0;26.39;40.1;2.21;
2022-07-05 09:00:00;779.0;731.75;186.0;27.94;37.75;2.07;
2022-07-05 10:00:00;852.0;714.24;218.0;29.21;34.35;1.93;
2022-07-05 11:00:00;908.0;768.04;199.0;30.25;33.4;1.72;
2022-07-05 12:00:00;908.0;795.06;181.0;31.06;34.6;1.93;
2022-07-05 13:00:00;837.0;749.38;191.0;31.76;32.55;2.07;
2022-07-05 14:00:00;724.0;689.91;193.0;32.4;31.55;1.79;
2022-07-05 15:00:00;225.0;4.66;222.0;32.47;31.55;1.45;
2022-07-05 16:00:00;372.0;359.58;195.0;31.65;33.55;1.17;
2022-07-05 17:00:00;233.0;337.3;123.0;30.93;35.85;1.79;
2022-07-05 18:00:00;97.0;255.64;57.0;30.38;37.1;1.86;
2022-07-05 19:00:00;0.0;0.0;0.0;28.87;40.75;0.48;
2022-07-05 20:00:00;0.0;0.0;0.0;27.27;51.45;0.9;
2022-07-05 21:00:00;0.0;0.0;0.0;26.97;47.9;0.55;
2022-07-05 22:00:00;0.0;0.0;0.0;26.7;46.25;0.41;
2022-07-05 23:00:00;0.0;0.0;0.0;26.0;49.3;0.0;
2022-07-06 00:00:00;0.0;0.0;0.0;25.39;50.95;0.07;
2022-07-06 01:00:00;0.0;0.0;0.0;24.74;52.6;0.14;
2022-07-06 02:00:00;0.0;0.0;0.0;23.97;56.15;0.62;
2022-07-06 03:00:00;0.0;0.0;0.0;21.64;66.25;1.52;
2022-07-06 04:00:00;14.0;18.19;13.0;21.07;70.8;2.0;
2022-07-06 05:00:00;119.0;131.11;90.0;21.73;61.85;2.14;
2022-07-06 06:00:00;225.0;135.57;172.0;23.13;52.1;2.41;
2022-07-06 07:00:00;411.0;323.86;232.0;23.82;56.15;2.97;
2022-07-06 08:00:00;615.0;569.43;219.0;25.27;47.5;2.41;
2022-07-06 09:00:00;510.0;144.55;393.0;27.09;43.15;1.93;
2022-07-06 10:00:00;652.0;264.99;417.0;28.08;40.5;1.1;
2022-07-06 11:00:00;158.0;0.0;158.0;29.02;39.35;0.69;
2022-07-06 12:00:00;816.0;546.05;317.0;29.27;39.5;2.9;
2022-07-06 13:00:00;427.0;44.11;389.0;27.96;46.5;3.31;
2022-07-06 14:00:00;701.0;616.2;227.0;28.54;45.05;3.1;
2022-07-06 15:00:00;461.0;267.46;289.0;27.79;48.15;2.69;
2022-07-06 16:00:00;39.0;0.0;39.0;26.69;53.1;1.79;
2022-07-06 17:00:00;24.0;0.0;24.0;26.54;54.8;0.62;
2022-07-06 18:00:00;20.0;0.0;20.0;23.25;68.85;1.03;
2022-07-06 19:00:00;0.0;0.0;0.0;21.9;78.65;0.62;
2022-07-06 20:00:00;0.0;0.0;0.0;20.72;86.9;2.34;
2022-07-06 21:00:00;0.0;0.0;0.0;19.91;86.85;2.07;
2022-07-06 22:00:00;0.0;0.0;0.0;19.27;89.85;1.45;
2022-07-06 23:00:00;0.0;0.0;0.0;19.04;89.8;1.31;
2022-07-07 00:00:00;0.0;0.0;0.0;18.99;89.8;0.69;
2022-07-07 01:00:00;0.0;0.0;0.0;18.82;89.8;0.21;
2022-07-07 02:00:00;0.0;0.0;0.0;18.56;92.85;0.9;
2022-07-07 03:00:00;0.0;0.0;0.0;18.42;92.85;0.83;
2022-07-07 04:00:00;23.0;112.81;17.0;18.31;92.85;0.9;
2022-07-07 05:00:00;135.0;218.68;87.0;18.39;89.75;1.24;
2022-07-07 06:00:00;172.0;41.09;156.0;18.58;92.85;1.52;
2022-07-07 07:00:00;426.0;373.64;220.0;20.16;83.95;1.66;
2022-07-07 08:00:00;597.0;512.8;241.0;20.94;81.2;1.38;
2022-07-07 09:00:00;606.0;294.42;368.0;21.2;78.55;1.03;
2022-07-07 10:00:00;815.0;612.9;272.0;21.74;78.65;0.41;
2022-07-07 11:00:00;878.0;686.76;245.0;23.07;76.15;0.55;
2022-07-07 12:00:00;874.0;697.53;237.0;23.81;71.35;0.28;
2022-07-07 13:00:00;788.0;606.24;266.0;24.41;66.75;0.34;
2022-07-07 14:00:00;745.0;758.39;162.0;25.06;62.45;0.41;
2022-07-07 15:00:00;448.0;239.66;294.0;25.26;58.45;0.55;
2022-07-07 16:00:00;409.0;506.93;160.0;25.3;58.45;0.34;
2022-07-07 17:00:00;229.0;317.05;126.0;24.94;60.35;0.55;
2022-07-07 18:00:00;92.0;225.86;57.0;24.69;60.35;0.41;
2022-07-07 19:00:00;0.0;0.0;0.0;24.02;62.25;1.72;
2022-07-07 20:00:00;0.0;0.0;0.0;23.04;66.45;1.93;
2022-07-07 21:00:00;0.0;0.0;0.0;22.08;71.0;1.86;
2022-07-07 22:00:00;0.0;0.0;0.0;21.0;78.5;1.59;
2022-07-07 23:00:00;0.0;0.0;0.0;20.74;78.5;1.1;
2022-07-08 00:00:00;0.0;0.0;0.0;21.16;73.35;0.76;
2022-07-08 01:00:00;0.0;0.0;0.0;21.24;73.35;0.69;
2022-07-08 02:00:00;0.0;0.0;0.0;20.43;75.75;0.9;
2022-07-08 03:00:00;0.0;0.0;0.0;18.85;83.85;1.31;
2022-07-08 04:00:00;21.0;77.91;17.0;18.89;83.85;1.17;
2022-07-08 05:00:00;39.0;0.0;39.0;20.1;81.15;0.34;
2022-07-08 06:00:00;155.0;23.21;146.0;21.42;73.35;0.14;
2022-07-08 07:00:00;216.0;14.55;208.0;22.79;68.75;0.55;
2022-07-08 08:00:00;635.0;640.72;191.0;24.13;64.4;0.28;
2022-07-08 09:00:00;796.0;787.83;160.0;25.46;58.45;0.28;
2022-07-08 10:00:00;892.0;825.95;161.0;26.69;53.1;0.28;
2022-07-08 11:00:00;935.0;838.26;163.0;27.79;48.15;0.14;
2022-07-08 12:00:00;930.0;847.06;157.0;28.72;42.2;0.55;
2022-07-08 13:00:00;863.0;818.17;159.0;29.37;39.5;0.9;
2022-07-08 14:00:00;750.0;773.27;156.0;29.71;36.95;1.31;
2022-07-08 15:00:00;606.0;718.07;145.0;29.89;35.7;1.38;
2022-07-08 16:00:00;440.0;646.22;123.0;29.56;36.85;1.66;
2022-07-08 17:00:00;255.0;468.96;103.0;29.12;36.7;1.38;
2022-07-08 18:00:00;88.0;188.23;59.0;28.59;40.65;1.93;
2022-07-08 19:00:00;0.0;0.0;0.0;26.45;46.15;2.83;
2022-07-08 20:00:00;0.0;0.0;0.0;25.07;52.6;2.55;
2022-07-08 21:00:00;0.0;0.0;0.0;23.93;58.1;2.07;
2022-07-08 22:00:00;0.0;0.0;0.0;22.72;66.45;1.66;
2022-07-08 23:00:00;0.0;0.0;0.0;21.53;75.95;1.45;
2022-07-09 00:00:00;0.0;0.0;0.0;20.43;81.15;1.59;
2022-07-09 01:00:00;0.0;0.0;0.0;19.79;81.15;1.66;
2022-07-09 02:00:00;0.0;0.0;0.0;19.35;83.9;1.59;
2022-07-09 03:00:00;0.0;0.0;0.0;18.98;86.8;1.45;
2022-07-09 04:00:00;17.0;60.7;14.0;19.17;83.9;1.17;
2022-07-09 05:00:00;146.0;310.24;79.0;20.97;78.5;0.69;
2022-07-09 06:00:00;324.0;549.0;112.0;22.67;68.75;0.48;
2022-07-09 07:00:00;500.0;663.74;136.0;23.9;64.4;0.28;
2022-07-09 08:00:00;660.0;733.02;153.0;25.47;58.45;0.34;
2022-07-09 09:00:00;741.0;620.23;241.0;26.9;53.1;0.34;
2022-07-09 10:00:00;789.0;544.07;308.0;28.04;48.15;0.28;
2022-07-09 11:00:00;894.0;729.24;223.0;29.06;43.65;0.28;
2022-07-09 12:00:00;880.0;712.83;230.0;29.78;39.65;0.34;
2022-07-09 13:00:00;777.0;573.38;284.0;30.4;37.1;0.34;
2022-07-09 14:00:00;730.0;708.75;186.0;30.7;35.85;0.48;
2022-07-09 15:00:00;478.0;307.17;281.0;30.9;34.6;0.83;
2022-07-09 16:00:00;329.0;226.62;218.0;30.78;34.6;1.1;
2022-07-09 17:00:00;222.0;284.59;130.0;30.0;36.95;1.66;
2022-07-09 18:00:00;91.0;222.11;57.0;29.4;40.9;1.59;
2022-07-09 19:00:00;0.0;0.0;0.0;29.65;35.6;0.28;
2022-07-09 20:00:00;0.0;0.0;0.0;28.58;37.9;0.41;
2022-07-09 21:00:00;0.0;0.0;0.0;26.97;43.15;0.97;
2022-07-09 22:00:00;0.0;0.0;0.0;24.99;50.8;1.17;
2022-07-09 23:00:00;0.0;0.0;0.0;24.05;56.15;1.03;
2022-07-10 00:00:00;0.0;0.0;0.0;23.65;56.15;0.83;
2022-07-10 01:00:00;0.0;0.0;0.0;23.18;58.0;0.97;
2022-07-10 02:00:00;0.0;0.0;0.0;22.2;64.1;1.17;
2022-07-10 03:00:00;0.0;0.0;0.0;21.15;68.5;1.31;
2022-07-10 04:00:00;12.0;21.08;11.0;21.04;70.8;1.24;
2022-07-10 05:00:00;143.0;298.92;79.0;21.28;70.9;1.1;
2022-07-10 06:00:00;324.0;559.24;109.0;23.35;64.3;0.9;
2022-07-10 07:00:00;502.0;674.74;133.0;25.45;58.45;0.55;
2022-07-10 08:00:00;667.0;754.72;146.0;27.37;49.7;0.55;
2022-07-10 09:00:00;805.0;812.43;151.0;29.09;45.2;0.0;
2022-07-10 10:00:00;893.0;828.91;161.0;30.25;39.75;0.48;
2022-07-10 11:00:00;936.0;840.88;163.0;31.38;37.25;1.03;
2022-07-10 12:00:00;926.0;838.55;162.0;32.27;32.65;1.52;
2022-07-10 13:00:00;864.0;820.62;159.0;32.55;30.45;1.72;
2022-07-10 14:00:00;756.0;786.33;153.0;32.75;29.55;1.72;
2022-07-10 15:00:00;604.0;711.81;148.0;32.72;30.45;2.0;
2022-07-10 16:00:00;438.0;640.08;125.0;32.41;30.45;2.41;
2022-07-10 17:00:00;259.0;499.47;98.0;31.84;31.4;2.76;
2022-07-10 18:00:00;83.0;164.48;58.0;30.98;34.6;2.48;
2022-07-10 19:00:00;0.0;0.0;0.0;29.13;38.0;2.34;
2022-07-10 20:00:00;0.0;0.0;0.0;27.36;43.3;2.41;
2022-07-10 21:00:00;0.0;0.0;0.0;25.93;51.05;2.07;
2022-07-10 22:00:00;0.0;0.0;0.0;24.22;60.25;1.66;
2022-07-10 23:00:00;0.0;0.0;0.0;22.75;66.45;1.79;
2022-07-11 00:00:00;0.0;0.0;0.0;21.66;71.0;1.93;
2022-07-11 01:00:00;0.0;0.0;0.0;20.92;75.85;2.0;
2022-07-11 02:00:00;0.0;0.0;0.0;20.29;78.45;1.93;
2022-07-11 03:00:00;0.0;0.0;0.0;19.68;78.45;1.79;
2022-07-11 04:00:00;12.0;22.03;11.0;19.31;81.1;1.59;
2022-07-11 05:00:00;146.0;325.19;77.0;20.66;78.5;1.1;
2022-07-11 06:00:00;319.0;538.29;113.0;23.77;64.4;0.62;
2022-07-11 07:00:00;497.0;663.85;135.0;26.15;58.55;0.97;
2022-07-11 08:00:00;661.0;743.18;149.0;28.28;48.25;1.03;
2022-07-11 09:00:00;799.0;799.97;156.0;29.93;41.0;1.03;
2022-07-11 10:00:00;886.0;817.42;165.0;31.29;35.95;1.1;
2022-07-11 11:00:00;929.0;828.64;168.0;32.32;32.65;1.24;
2022-07-11 12:00:00;920.0;826.11;168.0;33.22;30.6;1.24;
2022-07-11 13:00:00;858.0;809.69;163.0;33.68;28.65;1.03;
2022-07-11 14:00:00;751.0;775.36;157.0;33.8;27.8;0.76;
2022-07-11 15:00:00;606.0;720.52;145.0;33.96;27.8;0.83;
2022-07-11 16:00:00;439.0;647.39;123.0;33.91;26.8;0.9;
2022-07-11 17:00:00;261.0;513.51;96.0;33.56;27.65;1.03;
2022-07-11 18:00:00;85.0;185.66;57.0;32.89;29.55;1.79;
2022-07-11 19:00:00;0.0;0.0;0.0;31.26;32.4;2.28;
2022-07-11 20:00:00;0.0;0.0;0.0;29.4;38.15;2.41;
2022-07-11 21:00:00;0.0;0.0;0.0;28.0;43.4;2.34;
2022-07-11 22:00:00;0.0;0.0;0.0;26.6;49.45;2.0;
2022-07-11 23:00:00;0.0;0.0;0.0;25.33;56.5;1.52;
2022-07-12 00:00:00;0.0;0.0;0.0;23.9;64.4;1.66;
2022-07-12 01:00:00;0.0;0.0;0.0;22.8;68.75;1.72;
2022-07-12 02:00:00;0.0;0.0;0.0;22.2;71.05;1.86;
2022-07-12 03:00:00;0.0;0.0;0.0;21.77;73.45;1.79;
2022-07-12 04:00:00;15.0;69.31;12.0;22.09;73.45;1.38;
2022-07-12 05:00:00;139.0;290.18;78.0;24.12;64.4;0.76;
2022-07-12 06:00:00;312.0;509.34;118.0;25.77;56.6;0.62;
2022-07-12 07:00:00;485.0;621.69;147.0;27.87;49.8;1.79;
2022-07-12 08:00:00;657.0;737.46;150.0;29.89;42.45;1.72;
2022-07-12 09:00:00;789.0;783.77;160.0;31.46;37.25;1.1;
2022-07-12 10:00:00;881.0;811.62;166.0;32.65;35.0;0.97;
2022-07-12 11:00:00;924.0;824.06;168.0;33.55;32.9;1.38;
2022-07-12 12:00:00;915.0;821.4;168.0;34.12;31.95;1.72;
2022-07-12 13:00:00;854.0;804.63;164.0;34.57;30.95;2.0;
2022-07-12 14:00:00;746.0;769.66;157.0;34.79;29.05;2.07;
2022-07-12 15:00:00;599.0;705.86;148.0;34.85;28.05;1.93;
2022-07-12 16:00:00;434.0;632.27;126.0;33.9;28.75;2.76;
2022-07-12 17:00:00;250.0;452.83;105.0;31.44;38.55;4.34;
2022-07-12 18:00:00;92.0;254.13;54.0;30.71;39.75;3.1;
2022-07-12 19:00:00;0.0;0.0;0.0;29.61;40.9;2.83;
2022-07-12 20:00:00;0.0;0.0;0.0;28.08;48.15;2.62;
2022-07-12 21:00:00;0.0;0.0;0.0;26.79;51.3;2.41;
2022-07-12 22:00:00;0.0;0.0;0.0;25.61;58.45;2.28;
2022-07-12 23:00:00;0.0;0.0;0.0;24.8;60.35;2.14;
2022-07-13 00:00:00;0.0;0.0;0.0;23.88;64.4;2.0;
2022-07-13 01:00:00;0.0;0.0;0.0;22.97;68.75;2.0;
2022-07-13 02:00:00;0.0;0.0;0.0;22.3;71.05;1.79;
2022-07-13 03:00:00;0.0;0.0;0.0;21.54;75.95;1.59;
2022-07-13 04:00:00;11.0;24.33;10.0;21.52;78.55;1.24;
2022-07-13 05:00:00;133.0;264.19;78.0;23.41;66.55;0.55;
2022-07-13 06:00:00;314.0;540.85;109.0;25.01;60.35;0.14;
2022-07-13 07:00:00;461.0;538.73;169.0;26.62;54.8;0.76;
2022-07-13 08:00:00;613.0;596.19;204.0;28.19;49.8;0.69;
2022-07-13 09:00:00;774.0;753.83;170.0;29.75;42.45;0.41;
2022-07-13 10:00:00;875.0;804.7;167.0;31.07;39.75;0.48;
2022-07-13 11:00:00;918.0;817.32;169.0;32.21;34.9;0.9;
2022-07-13 12:00:00;889.0;760.59;198.0;32.82;31.65;0.83;
2022-07-13 13:00:00;257.0;0.0;257.0;33.71;29.65;0.83;
2022-07-13 14:00:00;408.0;69.34;355.0;34.13;27.8;0.83;
2022-07-13 15:00:00;559.0;567.41;197.0;34.17;27.8;1.03;
2022-07-13 16:00:00;391.0;452.6;171.0;34.1;26.8;1.93;
2022-07-13 17:00:00;239.0;398.12;112.0;31.73;33.7;4.07;
2022-07-13 18:00:00;65.0;74.25;54.0;30.33;39.75;3.52;
2022-07-13 19:00:00;0.0;0.0;0.0;28.81;40.75;2.28;
2022-07-13 20:00:00;0.0;0.0;0.0;27.68;48.0;1.59;
2022-07-13 21:00:00;0.0;0.0;0.0;26.87;53.1;1.03;
2022-07-13 22:00:00;0.0;0.0;0.0;26.8;51.3;0.62;
2022-07-13 23:00:00;0.0;0.0;0.0;26.88;49.55;0.34;
2022-07-14 00:00:00;0.0;0.0;0.0;26.58;51.2;0.55;
2022-07-14 01:00:00;0.0;0.0;0.0;26.24;52.95;0.69;
2022-07-14 02:00:00;0.0;0.0;0.0;25.92;54.7;0.69;
2022-07-14 03:00:00;0.0;0.0;0.0;25.56;56.5;0.83;
2022-07-14 04:00:00;11.0;0.0;11.0;25.23;58.45;0.69;
2022-07-14 05:00:00;151.0;407.57;67.0;25.16;60.35;0.28;
2022-07-14 06:00:00;309.0;519.72;113.0;25.88;56.6;0.21;
2022-07-14 07:00:00;509.0;727.37;116.0;25.94;60.6;0.97;
2022-07-14 08:00:00;392.0;103.72;321.0;27.5;55.05;0.97;
2022-07-14 09:00:00;773.0;753.83;170.0;29.1;48.4;0.83;
2022-07-14 10:00:00;874.0;804.64;167.0;30.48;42.6;0.48;
2022-07-14 11:00:00;917.0;817.16;169.0;31.45;41.3;0.48;
2022-07-14 12:00:00;912.0;826.41;162.0;32.39;37.5;0.55;
2022-07-14 13:00:00;847.0;796.99;165.0;32.98;33.95;0.76;
2022-07-14 14:00:00;740.0;763.66;157.0;33.43;31.8;0.69;
2022-07-14 15:00:00;593.0;698.63;148.0;33.83;29.8;0.55;
2022-07-14 16:00:00;408.0;532.03;150.0;33.78;28.75;1.45;
2022-07-14 17:00:00;236.0;390.3;112.0;32.84;28.5;2.48;
2022-07-14 18:00:00;70.0;95.45;56.0;31.94;31.4;2.34;
2022-07-14 19:00:00;0.0;0.0;0.0;30.65;35.85;1.31;
2022-07-14 20:00:00;0.0;0.0;0.0;29.28;42.3;1.1;
2022-07-14 21:00:00;0.0;0.0;0.0;27.68;51.45;1.24;
2022-07-14 22:00:00;0.0;0.0;0.0;26.52;54.8;1.38;
2022-07-14 23:00:00;0.0;0.0;0.0;25.59;58.45;1.52;
2022-07-15 00:00:00;0.0;0.0;0.0;24.99;60.35;1.52;
2022-07-15 01:00:00;0.0;0.0;0.0;23.84;66.65;1.72;
2022-07-15 02:00:00;0.0;0.0;0.0;23.04;71.15;1.72;
2022-07-15 03:00:00;0.0;0.0;0.0;22.62;73.55;1.59;
2022-07-15 04:00:00;7.0;0.0;7.0;22.02;78.65;1.59;
2022-07-15 05:00:00;150.0;411.84;66.0;22.68;76.15;1.24;
2022-07-15 06:00:00;244.0;223.89;160.0;25.61;60.45;1.17;
2022-07-15 07:00:00;467.0;570.05;160.0;27.21;55.05;1.86;
2022-07-15 08:00:00;615.0;610.58;198.0;28.97;48.4;1.86;
2022-07-15 09:00:00;765.0;727.58;184.0;30.45;42.6;2.0;
2022-07-15 10:00:00;865.0;784.1;177.0;31.65;39.9;2.14;
2022-07-15 11:00:00;913.0;809.39;173.0;32.45;35.0;2.14;
2022-07-15 12:00:00;909.0;817.41;168.0;33.13;32.8;2.14;
2022-07-15 13:00:00;844.0;789.73;169.0;33.63;31.8;2.0;
2022-07-15 14:00:00;741.0;766.0;157.0;33.96;29.8;2.14;
2022-07-15 15:00:00;593.0;701.42;147.0;33.81;29.8;2.76;
2022-07-15 16:00:00;426.0;618.15;127.0;33.13;31.65;3.38;
2022-07-15 17:00:00;246.0;455.24;102.0;32.06;33.7;4.14;
2022-07-15 18:00:00;86.0;220.53;54.0;30.94;37.1;3.31;
2022-07-15 19:00:00;0.0;0.0;0.0;30.4;34.6;2.07;
2022-07-15 20:00:00;0.0;0.0;0.0;28.84;39.35;2.14;
2022-07-15 21:00:00;0.0;0.0;0.0;27.7;44.95;2.07;
2022-07-15 22:00:00;0.0;0.0;0.0;26.52;51.2;2.21;
2022-07-15 23:00:00;0.0;0.0;0.0;25.49;56.5;2.07;
2022-07-16 00:00:00;0.0;0.0;0.0;24.78;60.35;2.34;
2022-07-16 01:00:00;0.0;0.0;0.0;24.37;62.35;3.03;
2022-07-16 02:00:00;0.0;0.0;0.0;24.25;62.35;4.14;
2022-07-16 03:00:00;0.0;0.0;0.0;23.61;60.05;6.07;
2022-07-16 04:00:00;5.0;0.0;5.0;23.15;58.0;4.97;
2022-07-16 05:00:00;106.0;123.9;81.0;23.15;58.0;4.34;
2022-07-16 06:00:00;277.0;361.75;142.0;24.04;56.15;4.76;
2022-07-16 07:00:00;388.0;290.63;232.0;25.96;56.6;4.14;
2022-07-16 08:00:00;586.0;512.21;237.0;27.17;51.3;3.79;
2022-07-16 09:00:00;759.0;705.03;197.0;28.23;45.05;3.31;
2022-07-16 10:00:00;863.0;773.81;185.0;29.82;39.65;3.31;
2022-07-16 11:00:00;911.0;800.55;180.0;30.95;37.1;3.38;
2022-07-16 12:00:00;912.0;822.8;167.0;31.6;35.95;3.24;
2022-07-16 13:00:00;847.0;794.23;169.0;32.11;33.7;3.03;
2022-07-16 14:00:00;744.0;771.04;157.0;32.57;32.65;2.97;
2022-07-16 15:00:00;592.0;694.84;151.0;32.76;30.6;2.48;
2022-07-16 16:00:00;428.0;623.97;127.0;32.58;31.55;2.28;
2022-07-16 17:00:00;264.0;559.02;88.0;31.87;31.4;2.28;
2022-07-16 18:00:00;45.0;13.94;43.0;31.01;33.4;3.1;
2022-07-16 19:00:00;0.0;0.0;0.0;29.25;35.6;2.9;
2022-07-16 20:00:00;0.0;0.0;0.0;27.81;39.1;2.9;
2022-07-16 21:00:00;0.0;0.0;0.0;26.71;40.25;3.1;
2022-07-16 22:00:00;0.0;0.0;0.0;25.69;42.9;2.97;
2022-07-16 23:00:00;0.0;0.0;0.0;24.91;45.75;2.9;
2022-07-17 00:00:00;0.0;0.0;0.0;24.19;47.25;2.83;
2022-07-17 01:00:00;0.0;0.0;0.0;23.48;48.7;2.83;
2022-07-17 02:00:00;0.0;0.0;0.0;22.92;50.3;2.41;
2022-07-17 03:00:00;0.0;0.0;0.0;22.46;52.0;2.48;
2022-07-17 04:00:00;1.0;0.0;1.0;21.93;51.9;2.97;
2022-07-17 05:00:00;73.0;25.06;68.0;22.05;50.05;2.76;
2022-07-17 06:00:00;291.0;433.8;130.0;22.67;45.25;3.17;
2022-07-17 07:00:00;478.0;616.91;148.0;24.53;45.6;2.34;
2022-07-17 08:00:00;652.0;735.59;152.0;25.9;39.95;2.69;
2022-07-17 09:00:00;790.0;793.03;159.0;27.1;36.2;2.76;
2022-07-17 10:00:00;883.0;821.83;164.0;28.51;32.9;2.83;
2022-07-17 11:00:00;922.0;822.43;172.0;29.67;32.0;2.62;
2022-07-17 12:00:00;918.0;831.57;166.0;30.55;31.15;2.55;
2022-07-17 13:00:00;852.0;803.48;167.0;31.08;31.15;2.48;
2022-07-17 14:00:00;749.0;780.12;156.0;31.64;31.3;2.21;
2022-07-17 15:00:00;600.0;716.75;146.0;31.81;29.3;2.07;
2022-07-17 16:00:00;433.0;642.42;124.0;31.75;29.3;2.28;
2022-07-17 17:00:00;253.0;497.98;97.0;31.32;30.2;2.55;
2022-07-17 18:00:00;83.0;204.71;54.0;30.45;31.15;2.97;
2022-07-17 19:00:00;0.0;0.0;0.0;28.62;32.9;2.83;
2022-07-17 20:00:00;0.0;0.0;0.0;27.15;37.5;2.62;
2022-07-17 21:00:00;0.0;0.0;0.0;25.98;39.95;2.48;
2022-07-17 22:00:00;0.0;0.0;0.0;24.81;42.65;2.48;
2022-07-17 23:00:00;0.0;0.0;0.0;23.89;47.15;2.48;
2022-07-18 00:00:00;0.0;0.0;0.0;23.11;50.3;2.48;
2022-07-18 01:00:00;0.0;0.0;0.0;22.38;52.0;2.55;
2022-07-18 02:00:00;0.0;0.0;0.0;21.71;53.75;2.62;
2022-07-18 03:00:00;0.0;0.0;0.0;21.06;57.45;2.83;
2022-07-18 04:00:00;1.0;0.0;1.0;20.46;57.3;2.9;
2022-07-18 05:00:00;134.0;314.32;72.0;20.7;55.45;2.62;
2022-07-18 06:00:00;314.0;558.18;108.0;22.37;48.45;2.76;
2022-07-18 07:00:00;493.0;677.24;132.0;24.57;48.95;1.86;
2022-07-18 08:00:00;665.0;768.38;144.0;26.55;38.7;2.0;
2022-07-18 09:00:00;801.0;815.93;153.0;28.42;30.65;2.07;
2022-07-18 10:00:00;891.0;833.39;163.0;29.9;25.95;2.07;
2022-07-18 11:00:00;931.0;834.53;171.0;31.08;24.25;2.0;
2022-07-18 12:00:00;927.0;843.73;165.0;31.98;22.8;1.86;
2022-07-18 13:00:00;865.0;825.74;162.0;32.59;21.3;1.86;
2022-07-18 14:00:00;756.0;793.25;154.0;33.06;20.65;1.86;
2022-07-18 15:00:00;609.0;738.84;142.0;33.26;20.05;1.66;
2022-07-18 16:00:00;440.0;665.27;121.0;33.22;19.9;1.79;
2022-07-18 17:00:00;258.0;529.52;93.0;32.84;20.65;2.07;
2022-07-18 18:00:00;82.0;207.44;53.0;31.99;22.8;2.76;
2022-07-18 19:00:00;0.0;0.0;0.0;29.34;27.75;3.24;
2022-07-18 20:00:00;0.0;0.0;0.0;27.69;32.75;3.03;
2022-07-18 21:00:00;0.0;0.0;0.0;26.45;36.05;2.41;
2022-07-18 22:00:00;0.0;0.0;0.0;25.22;39.85;2.14;
2022-07-18 23:00:00;0.0;0.0;0.0;23.95;45.5;2.07;
2022-07-19 00:00:00;0.0;0.0;0.0;22.85;50.3;2.14;
2022-07-19 01:00:00;0.0;0.0;0.0;22.02;55.65;2.21;
2022-07-19 02:00:00;0.0;0.0;0.0;21.29;57.55;2.14;
2022-07-19 03:00:00;0.0;0.0;0.0;20.48;63.7;2.0;
2022-07-19 04:00:00;5.0;0.0;5.0;19.63;68.3;1.79;
2022-07-19 05:00:00;137.0;348.87;69.0;20.11;73.2;1.31;
2022-07-19 06:00:00;315.0;569.6;106.0;23.44;54.1;1.24;
2022-07-19 07:00:00;497.0;687.22;132.0;26.0;47.65;1.1;
2022-07-19 08:00:00;669.0;779.2;142.0;28.12;40.5;1.17;
2022-07-19 09:00:00;807.0;826.34;152.0;29.73;33.3;1.31;
2022-07-19 10:00:00;898.0;842.75;163.0;31.19;29.0;1.52;
2022-07-19 11:00:00;943.0;855.5;165.0;32.44;22.9;1.52;
2022-07-19 12:00:00;934.0;852.65;165.0;33.46;19.3;1.17;
2022-07-19 13:00:00;872.0;836.36;161.0;34.29;16.9;0.9;
2022-07-19 14:00:00;762.0;802.53;154.0;34.9;14.65;0.97;
2022-07-19 15:00:00;610.0;738.91;144.0;35.24;13.1;1.31;
2022-07-19 16:00:00;441.0;667.45;122.0;35.27;11.8;1.59;
2022-07-19 17:00:00;257.0;522.85;95.0;34.92;11.7;1.79;
2022-07-19 18:00:00;79.0;188.63;53.0;33.97;12.9;2.28;
2022-07-19 19:00:00;0.0;0.0;0.0;31.22;20.95;2.55;
2022-07-19 20:00:00;0.0;0.0;0.0;29.15;25.7;2.41;
2022-07-19 21:00:00;0.0;0.0;0.0;27.27;33.8;2.14;
2022-07-19 22:00:00;0.0;0.0;0.0;25.36;44.3;1.93;
2022-07-19 23:00:00;0.0;0.0;0.0;23.78;54.2;1.72;
2022-07-20 00:00:00;0.0;0.0;0.0;22.73;59.95;1.52;
2022-07-20 01:00:00;0.0;0.0;0.0;22.7;59.95;1.17;
2022-07-20 02:00:00;0.0;0.0;0.0;22.96;59.95;0.76;
2022-07-20 03:00:00;0.0;0.0;0.0;22.68;59.95;0.55;
2022-07-20 04:00:00;3.0;0.0;3.0;22.35;61.95;0.48;
2022-07-20 05:00:00;137.0;368.77;66.0;22.38;61.95;0.55;
2022-07-20 06:00:00;316.0;586.7;102.0;23.58;71.25;0.48;
2022-07-20 07:00:00;494.0;687.87;130.0;27.43;44.8;1.1;
2022-07-20 08:00:00;660.0;760.47;147.0;29.47;38.15;0.97;
2022-07-20 09:00:00;801.0;819.14;153.0;31.37;31.3;0.76;
2022-07-20 10:00:00;886.0;824.61;168.0;32.96;26.55;0.76;
2022-07-20 11:00:00;931.0;836.94;171.0;34.2;22.45;0.97;
2022-07-20 12:00:00;927.0;846.1;165.0;35.19;20.4;1.17;
2022-07-20 13:00:00;861.0;817.62;167.0;35.91;18.5;1.24;
2022-07-20 14:00:00;756.0;796.06;154.0;36.36;17.95;1.1;
2022-07-20 15:00:00;605.0;731.13;145.0;36.56;17.3;1.17;
2022-07-20 16:00:00;436.0;659.28;122.0;36.57;17.3;1.52;
2022-07-20 17:00:00;253.0;513.0;95.0;36.29;17.3;2.07;
2022-07-20 18:00:00;76.0;176.77;52.0;35.28;18.4;2.41;
2022-07-20 19:00:00;0.0;0.0;0.0;32.68;19.8;3.1;
2022-07-20 20:00:00;0.0;0.0;0.0;30.6;20.95;3.24;
2022-07-20 21:00:00;0.0;0.0;0.0;29.05;22.2;3.03;
2022-07-20 22:00:00;0.0;0.0;0.0;27.76;22.75;2.55;
2022-07-20 23:00:00;0.0;0.0;0.0;26.52;26.95;2.41;
2022-07-21 00:00:00;0.0;0.0;0.0;25.36;28.75;2.34;
2022-07-21 01:00:00;0.0;0.0;0.0;24.15;33.0;2.07;
2022-07-21 02:00:00;0.0;0.0;0.0;22.9;39.15;1.72;
2022-07-21 03:00:00;0.0;0.0;0.0;22.44;41.95;1.52;
2022-07-21 04:00:00;0.0;0.0;0.0;22.17;46.75;1.38;
2022-07-21 05:00:00;132.0;347.17;66.0;22.49;52.0;1.1;
2022-07-21 06:00:00;312.0;584.76;100.0;25.01;52.6;0.69;
2022-07-21 07:00:00;486.0;675.29;130.0;28.65;39.25;1.24;
2022-07-21 08:00:00;651.0;749.12;147.0;30.84;34.6;1.17;
2022-07-21 09:00:00;791.0;806.88;154.0;32.89;28.5;0.97;
2022-07-21 10:00:00;881.0;824.86;164.0;34.52;24.25;0.76;
2022-07-21 11:00:00;921.0;826.09;172.0;35.68;21.25;0.41;
2022-07-21 12:00:00;917.0;835.14;166.0;36.58;17.95;0.41;
2022-07-21 13:00:00;851.0;807.14;167.0;37.18;16.2;0.62;
2022-07-21 14:00:00;746.0;784.34;154.0;37.65;15.15;0.76;
2022-07-21 15:00:00;597.0;718.63;146.0;37.69;15.15;1.93;
2022-07-21 16:00:00;426.0;636.42;124.0;37.02;16.8;3.31;
2022-07-21 17:00:00;243.0;470.52;99.0;36.0;19.9;4.14;
2022-07-21 18:00:00;80.0;224.54;50.0;34.41;26.0;4.14;
2022-07-21 19:00:00;0.0;0.0;0.0;32.85;24.75;3.1;
2022-07-21 20:00:00;0.0;0.0;0.0;30.61;35.85;3.59;
2022-07-21 21:00:00;0.0;0.0;0.0;29.1;42.2;3.45;
2022-07-21 22:00:00;0.0;0.0;0.0;28.2;42.05;3.1;
2022-07-21 23:00:00;0.0;0.0;0.0;27.27;43.3;2.69;
2022-07-22 00:00:00;0.0;0.0;0.0;26.3;46.15;2.48;
2022-07-22 01:00:00;0.0;0.0;0.0;25.32;49.2;2.41;
2022-07-22 02:00:00;0.0;0.0;0.0;24.33;54.35;2.34;
2022-07-22 03:00:00;0.0;0.0;0.0;23.37;60.05;2.07;
2022-07-22 04:00:00;0.0;0.0;0.0;22.36;68.7;1.66;
2022-07-22 05:00:00;115.0;223.84;73.0;22.9;68.75;1.03;
2022-07-22 06:00:00;290.0;482.94;116.0;25.68;62.65;0.41;
2022-07-22 07:00:00;471.0;632.2;139.0;29.06;46.75;1.45;
2022-07-22 08:00:00;639.0;727.31;151.0;31.18;39.75;1.38;
2022-07-22 09:00:00;782.0;797.14;154.0;33.1;31.65;1.03;
2022-07-22 10:00:00;872.0;814.78;165.0;34.64;26.95;0.83;
2022-07-22 11:00:00;911.0;816.35;172.0;35.95;22.15;1.17;
2022-07-22 12:00:00;908.0;825.31;167.0;36.81;20.85;1.38;
2022-07-22 13:00:00;842.0;796.69;168.0;37.37;19.55;1.52;
2022-07-22 14:00:00;734.0;763.36;159.0;37.65;19.55;1.93;
2022-07-22 15:00:00;589.0;707.75;146.0;37.68;18.85;2.9;
2022-07-22 16:00:00;418.0;613.5;128.0;37.0;19.4;2.69;
2022-07-22 17:00:00;236.0;440.78;102.0;36.28;20.0;1.79;
2022-07-22 18:00:00;86.0;304.53;46.0;35.0;20.4;2.28;
2022-07-22 19:00:00;0.0;0.0;0.0;32.0;30.35;4.14;
2022-07-22 20:00:00;0.0;0.0;0.0;30.35;34.6;4.07;
2022-07-22 21:00:00;0.0;0.0;0.0;29.23;38.15;3.45;
2022-07-22 22:00:00;0.0;0.0;0.0;28.32;42.05;2.97;
2022-07-22 23:00:00;0.0;0.0;0.0;27.39;46.4;2.76;
2022-07-23 00:00:00;0.0;0.0;0.0;26.54;51.2;2.55;
2022-07-23 01:00:00;0.0;0.0;0.0;25.79;54.7;2.48;
2022-07-23 02:00:00;0.0;0.0;0.0;25.1;58.35;2.34;
2022-07-23 03:00:00;0.0;0.0;0.0;24.44;62.35;2.21;
2022-07-23 04:00:00;0.0;0.0;0.0;23.73;64.4;2.0;
2022-07-23 05:00:00;129.0;361.92;62.0;23.55;73.7;1.45;
2022-07-23 06:00:00;100.0;0.0;100.0;26.35;58.7;1.31;
2022-07-23 07:00:00;271.0;72.65;233.0;28.47;48.25;1.52;
2022-07-23 08:00:00;620.0;669.56;172.0;30.41;39.75;1.17;
2022-07-23 09:00:00;781.0;802.68;150.0;32.15;34.9;0.69;
2022-07-23 10:00:00;861.0;798.93;169.0;33.73;30.7;0.21;
2022-07-23 11:00:00;906.0;811.05;173.0;34.69;26.95;0.07;
2022-07-23 12:00:00;897.0;808.81;172.0;35.63;24.5;0.41;
2022-07-23 13:00:00;832.0;779.16;174.0;36.38;22.25;0.41;
2022-07-23 14:00:00;733.0;767.64;156.0;36.82;20.85;0.41;
2022-07-23 15:00:00;581.0;690.5;150.0;36.99;20.1;0.28;
2022-07-23 16:00:00;413.0;607.51;127.0;36.93;20.1;0.48;
2022-07-23 17:00:00;236.0;460.46;97.0;35.43;21.25;1.79;
2022-07-23 18:00:00;69.0;162.8;48.0;34.71;22.55;2.28;
2022-07-23 19:00:00;0.0;0.0;0.0;32.76;25.65;2.28;
2022-07-23 20:00:00;0.0;0.0;0.0;31.24;30.2;2.0;
2022-07-23 21:00:00;0.0;0.0;0.0;29.6;39.5;1.38;
2022-07-23 22:00:00;0.0;0.0;0.0;29.33;39.5;0.83;
2022-07-23 23:00:00;0.0;0.0;0.0;29.15;40.75;0.41;
2022-07-24 00:00:00;0.0;0.0;0.0;27.9;44.95;0.76;
2022-07-24 01:00:00;0.0;0.0;0.0;26.44;51.2;1.1;
2022-07-24 02:00:00;0.0;0.0;0.0;25.7;54.7;1.24;
2022-07-24 03:00:00;0.0;0.0;0.0;25.43;58.45;1.1;
2022-07-24 04:00:00;0.0;0.0;0.0;25.32;58.45;0.83;
2022-07-24 05:00:00;80.0;65.73;68.0;25.72;56.6;0.62;
2022-07-24 06:00:00;266.0;385.18;129.0;26.8;58.8;0.69;
2022-07-24 07:00:00;453.0;581.6;150.0;28.12;51.55;2.07;
2022-07-24 08:00:00;617.0;675.96;166.0;29.72;43.95;1.93;
2022-07-24 09:00:00;757.0;749.63;169.0;31.09;42.6;1.86;
2022-07-24 10:00:00;850.0;778.44;177.0;32.54;38.8;1.79;
2022-07-24 11:00:00;894.0;791.37;180.0;33.55;36.5;1.72;
2022-07-24 12:00:00;890.0;802.36;172.0;34.37;32.05;1.52;
2022-07-24 13:00:00;825.0;771.12;175.0;35.16;29.05;1.17;
2022-07-24 14:00:00;723.0;750.68;160.0;35.7;27.2;0.76;
2022-07-24 15:00:00;575.0;682.88;150.0;35.6;26.25;0.62;
2022-07-24 16:00:00;408.0;599.45;127.0;35.39;26.25;0.83;
2022-07-24 17:00:00;230.0;440.52;98.0;34.58;26.95;1.59;
2022-07-24 18:00:00;65.0;134.35;48.0;33.78;28.75;1.86;
2022-07-24 19:00:00;0.0;0.0;0.0;32.16;32.55;1.72;
2022-07-24 20:00:00;0.0;0.0;0.0;30.9;35.85;2.0;
2022-07-24 21:00:00;0.0;0.0;0.0;29.7;39.5;2.0;
2022-07-24 22:00:00;0.0;0.0;0.0;28.59;42.05;1.93;
2022-07-24 23:00:00;0.0;0.0;0.0;27.56;48.0;1.66;
2022-07-25 00:00:00;0.0;0.0;0.0;27.05;51.3;1.31;
2022-07-25 01:00:00;0.0;0.0;0.0;27.9;46.5;0.83;
2022-07-25 02:00:00;0.0;0.0;0.0;27.9;46.5;0.34;
2022-07-25 03:00:00;0.0;0.0;0.0;27.4;48.0;0.62;
2022-07-25 04:00:00;0.0;0.0;0.0;26.0;56.6;0.97;
2022-07-25 05:00:00;62.0;22.23;58.0;25.08;64.6;1.1;
2022-07-25 06:00:00;214.0;175.48;152.0;27.26;51.45;0.9;
2022-07-25 07:00:00;395.0;366.21;205.0;26.97;58.8;1.24;
2022-07-25 08:00:00;590.0;587.74;199.0;28.56;53.45;0.76;
2022-07-25 09:00:00;740.0;704.05;189.0;30.15;48.65;0.34;
2022-07-25 10:00:00;822.0;702.28;216.0;31.64;44.2;0.62;
2022-07-25 11:00:00;879.0;757.23;197.0;33.01;37.65;0.9;
2022-07-25 12:00:00;880.0;784.75;179.0;33.99;34.2;1.17;
2022-07-25 13:00:00;816.0;752.41;183.0;34.78;31.1;1.24;
2022-07-25 14:00:00;710.0;719.02;172.0;35.35;29.15;1.1;
2022-07-25 15:00:00;559.0;628.56;169.0;35.53;28.15;1.38;
2022-07-25 16:00:00;277.0;143.57;210.0;33.83;27.8;3.59;
2022-07-25 17:00:00;39.0;0.0;39.0;32.05;33.7;3.45;
2022-07-25 18:00:00;75.0;241.96;45.0;30.74;38.4;2.55;
2022-07-25 19:00:00;0.0;0.0;0.0;31.01;38.4;1.1;
2022-07-25 20:00:00;0.0;0.0;0.0;29.85;43.95;0.97;
2022-07-25 21:00:00;0.0;0.0;0.0;28.69;46.65;1.17;
2022-07-25 22:00:00;0.0;0.0;0.0;27.34;49.7;1.52;
2022-07-25 23:00:00;0.0;0.0;0.0;26.41;52.95;1.59;
2022-07-26 00:00:00;0.0;0.0;0.0;25.96;54.7;1.31;
2022-07-26 01:00:00;0.0;0.0;0.0;26.21;52.95;0.9;
2022-07-26 02:00:00;0.0;0.0;0.0;26.32;52.95;0.28;
2022-07-26 03:00:00;0.0;0.0;0.0;25.65;58.45;0.21;
2022-07-26 04:00:00;0.0;0.0;0.0;25.22;58.45;0.21;
2022-07-26 05:00:00;64.0;28.19;59.0;25.27;58.45;0.21;
2022-07-26 06:00:00;197.0;131.09;151.0;26.45;62.8;0.21;
2022-07-26 07:00:00;410.0;425.82;190.0;28.2;53.45;1.45;
2022-07-26 08:00:00;581.0;563.86;207.0;29.82;47.0;0.83;
2022-07-26 09:00:00;730.0;676.22;202.0;31.41;42.7;0.55;
2022-07-26 10:00:00;824.0;715.27;208.0;32.68;38.8;0.14;
2022-07-26 11:00:00;867.0;727.47;213.0;33.49;36.5;0.34;
2022-07-26 12:00:00;869.0;754.79;196.0;34.17;33.05;0.41;
2022-07-26 13:00:00;800.0;709.87;204.0;34.59;30.95;0.9;
2022-07-26 14:00:00;636.0;491.68;269.0;34.77;30.05;1.38;
2022-07-26 15:00:00;242.0;12.93;234.0;34.97;29.05;1.59;
2022-07-26 16:00:00;105.0;0.0;105.0;34.32;28.9;2.62;
2022-07-26 17:00:00;128.0;44.08;115.0;32.51;35.0;2.62;
2022-07-26 18:00:00;30.0;0.0;30.0;31.17;39.75;2.48;
2022-07-26 19:00:00;0.0;0.0;0.0;30.22;42.6;1.86;
2022-07-26 20:00:00;0.0;0.0;0.0;29.2;46.9;1.72;
2022-07-26 21:00:00;0.0;0.0;0.0;28.18;53.35;1.86;
2022-07-26 22:00:00;0.0;0.0;0.0;27.2;56.95;1.86;
2022-07-26 23:00:00;0.0;0.0;0.0;26.4;62.8;1.79;
2022-07-27 00:00:00;0.0;0.0;0.0;25.75;64.8;1.79;
2022-07-27 01:00:00;0.0;0.0;0.0;25.01;71.5;1.66;
2022-07-27 02:00:00;0.0;0.0;0.0;24.59;73.85;1.17;
2022-07-27 03:00:00;0.0;0.0;0.0;25.34;69.25;0.69;
2022-07-27 04:00:00;0.0;0.0;0.0;24.93;71.5;0.62;
2022-07-27 05:00:00;113.0;286.26;63.0;24.37;73.85;0.76;
2022-07-27 06:00:00;292.0;553.85;99.0;26.29;62.8;0.76;
2022-07-27 07:00:00;469.0;668.68;125.0;26.92;58.8;0.9;
2022-07-27 08:00:00;635.0;747.04;141.0;28.84;50.05;0.9;
2022-07-27 09:00:00;768.0;788.23;154.0;30.63;42.6;1.24;
2022-07-27 10:00:00;858.0;807.48;164.0;32.33;37.5;1.52;
2022-07-27 11:00:00;898.0;809.07;172.0;33.64;31.8;1.66;
2022-07-27 12:00:00;890.0;806.79;172.0;34.66;27.9;1.72;
2022-07-27 13:00:00;829.0;788.95;168.0;35.48;24.5;1.38;
2022-07-27 14:00:00;725.0;765.58;155.0;35.78;22.95;1.59;
2022-07-27 15:00:00;576.0;699.21;145.0;35.94;22.15;2.83;
2022-07-27 16:00:00;407.0;612.29;124.0;35.42;22.8;3.24;
2022-07-27 17:00:00;231.0;475.37;92.0;34.85;23.5;2.34;
2022-07-27 18:00:00;61.0;143.34;44.0;33.71;27.65;2.97;
2022-07-27 19:00:00;0.0;0.0;0.0;31.2;38.4;3.93;
2022-07-27 20:00:00;0.0;0.0;0.0;29.41;45.35;3.72;
2022-07-27 21:00:00;0.0;0.0;0.0;28.28;49.95;3.17;
2022-07-27 22:00:00;0.0;0.0;0.0;27.28;55.05;2.69;
2022-07-27 23:00:00;0.0;0.0;0.0;26.57;60.7;2.41;
2022-07-28 00:00:00;0.0;0.0;0.0;25.72;64.8;2.21;
2022-07-28 01:00:00;0.0;0.0;0.0;25.04;69.15;2.07;
2022-07-28 02:00:00;0.0;0.0;0.0;24.37;73.85;1.86;
2022-07-28 03:00:00;0.0;0.0;0.0;23.74;76.3;1.72;
2022-07-28 04:00:00;0.0;0.0;0.0;23.23;81.5;1.72;
2022-07-28 05:00:00;85.0;110.49;66.0;23.18;84.25;1.38;
2022-07-28 06:00:00;256.0;369.94;128.0;25.6;74.0;1.1;
2022-07-28 07:00:00;430.0;515.42;166.0;27.24;67.3;1.86;
2022-07-28 08:00:00;544.0;450.53;247.0;28.99;57.3;1.03;
2022-07-28 09:00:00;746.0;734.81;175.0;30.27;48.75;0.62;
2022-07-28 10:00:00;803.0;655.25;241.0;31.5;42.7;0.69;
2022-07-28 11:00:00;887.0;790.55;179.0;32.4;38.8;0.48;
2022-07-28 12:00:00;884.0;801.63;172.0;33.13;37.65;1.03;
2022-07-28 13:00:00;75.0;0.0;75.0;33.69;35.25;2.83;
2022-07-28 14:00:00;65.0;0.0;65.0;32.43;38.8;4.48;
2022-07-28 15:00:00;73.0;0.0;73.0;30.09;47.0;3.79;
2022-07-28 16:00:00;49.0;0.0;49.0;30.12;48.65;3.38;
2022-07-28 17:00:00;32.0;0.0;32.0;29.96;48.65;1.86;
2022-07-28 18:00:00;16.0;0.0;16.0;29.48;50.2;0.62;
2022-07-28 19:00:00;0.0;0.0;0.0;28.81;46.75;1.17;
2022-07-28 20:00:00;0.0;0.0;0.0;27.64;53.2;1.86;
2022-07-28 21:00:00;0.0;0.0;0.0;26.2;58.7;0.97;
2022-07-28 22:00:00;0.0;0.0;0.0;26.45;58.7;0.28;
2022-07-28 23:00:00;0.0;0.0;0.0;26.07;60.6;0.48;
2022-07-29 00:00:00;0.0;0.0;0.0;24.21;69.05;1.24;
2022-07-29 01:00:00;0.0;0.0;0.0;23.62;73.7;1.66;
2022-07-29 02:00:00;0.0;0.0;0.0;23.34;73.7;2.07;
2022-07-29 03:00:00;0.0;0.0;0.0;23.0;78.75;1.93;
2022-07-29 04:00:00;0.0;0.0;0.0;22.74;81.45;2.0;
2022-07-29 05:00:00;111.0;301.4;60.0;22.9;84.25;1.86;
2022-07-29 06:00:00;287.0;550.22;98.0;23.93;78.9;1.86;
2022-07-29 07:00:00;460.0;651.08;128.0;24.92;71.5;1.24;
2022-07-29 08:00:00;618.0;710.64;151.0;26.32;62.8;0.76;
2022-07-29 09:00:00;740.0;719.87;182.0;27.73;57.05;0.55;
2022-07-29 10:00:00;846.0;789.85;170.0;29.06;50.05;0.21;
2022-07-29 11:00:00;890.0;803.32;172.0;30.24;42.6;0.07;
2022-07-29 12:00:00;882.0;801.02;172.0;31.3;39.9;0.41;
2022-07-29 13:00:00;817.0;770.9;174.0;32.39;35.0;1.17;
2022-07-29 14:00:00;717.0;758.93;155.0;32.95;31.65;1.24;
2022-07-29 15:00:00;568.0;691.15;145.0;32.99;30.6;1.24;
2022-07-29 16:00:00;402.0;612.19;122.0;32.23;30.45;1.31;
2022-07-29 17:00:00;235.0;522.46;85.0;31.54;33.55;2.0;
2022-07-29 18:00:00;36.0;17.73;34.0;30.58;37.1;2.07;
2022-07-29 19:00:00;0.0;0.0;0.0;29.29;39.5;1.79;
2022-07-29 20:00:00;0.0;0.0;0.0;28.14;44.95;1.86;
2022-07-29 21:00:00;0.0;0.0;0.0;27.06;49.55;2.21;
2022-07-29 22:00:00;0.0;0.0;0.0;25.96;54.7;2.14;
2022-07-29 23:00:00;0.0;0.0;0.0;25.03;60.35;2.0;
2022-07-30 00:00:00;0.0;0.0;0.0;24.11;64.4;1.72;
2022-07-30 01:00:00;0.0;0.0;0.0;23.14;68.75;1.52;
2022-07-30 02:00:00;0.0;0.0;0.0;22.43;73.55;1.52;
2022-07-30 03:00:00;0.0;0.0;0.0;21.89;73.45;1.59;
2022-07-30 04:00:00;0.0;0.0;0.0;21.6;78.55;1.45;
2022-07-30 05:00:00;111.0;318.46;58.0;22.35;73.55;0.97;
2022-07-30 06:00:00;289.0;568.98;95.0;24.52;64.5;0.9;
2022-07-30 07:00:00;464.0;669.8;124.0;26.9;54.95;1.79;
2022-07-30 08:00:00;628.0;740.42;143.0;28.86;45.2;1.31;
2022-07-30 09:00:00;769.0;801.89;149.0;30.65;38.4;0.62;
2022-07-30 10:00:00;856.0;810.32;164.0;32.06;33.7;0.28;
2022-07-30 11:00:00;896.0;811.7;172.0;33.22;29.55;0.41;
2022-07-30 12:00:00;887.0;809.5;171.0;34.05;25.9;0.55;
2022-07-30 13:00:00;826.0;791.95;167.0;34.59;24.25;0.62;
2022-07-30 14:00:00;710.0;731.32;170.0;35.19;22.7;0.76;
2022-07-30 15:00:00;575.0;710.17;142.0;35.29;21.25;0.9;
2022-07-30 16:00:00;361.0;422.13;169.0;35.28;21.25;1.17;
2022-07-30 17:00:00;229.0;502.96;86.0;35.0;21.9;1.66;
2022-07-30 18:00:00;53.0;118.41;40.0;34.12;24.1;2.14;
2022-07-30 19:00:00;0.0;0.0;0.0;31.65;31.3;2.62;
2022-07-30 20:00:00;0.0;0.0;0.0;30.22;35.85;2.62;
2022-07-30 21:00:00;0.0;0.0;0.0;28.93;43.65;2.41;
2022-07-30 22:00:00;0.0;0.0;0.0;27.71;49.8;2.21;
2022-07-30 23:00:00;0.0;0.0;0.0;26.58;54.8;2.07;
2022-07-31 00:00:00;0.0;0.0;0.0;25.61;58.45;2.0;
2022-07-31 01:00:00;0.0;0.0;0.0;24.72;60.35;1.72;
2022-07-31 02:00:00;0.0;0.0;0.0;23.85;66.65;1.38;
2022-07-31 03:00:00;0.0;0.0;0.0;23.88;66.65;0.97;
2022-07-31 04:00:00;0.0;0.0;0.0;24.31;62.35;0.62;
2022-07-31 05:00:00;19.0;0.0;19.0;24.09;64.4;0.41;
2022-07-31 06:00:00;238.0;313.25;132.0;25.24;69.25;0.28;
2022-07-31 07:00:00;451.0;637.28;129.0;27.91;55.15;0.14;
2022-07-31 08:00:00;614.0;715.29;147.0;29.7;46.9;0.21;
2022-07-31 09:00:00;754.0;776.74;155.0;31.38;39.9;0.34;
2022-07-31 10:00:00;844.0;796.89;165.0;32.88;33.95;0.69;
2022-07-31 11:00:00;884.0;798.83;173.0;34.03;30.85;0.97;
2022-07-31 12:00:00;871.0;784.09;179.0;34.78;29.05;1.45;
2022-07-31 13:00:00;275.0;1.2;274.0;35.36;27.2;1.72;
2022-07-31 14:00:00;677.0;641.13;205.0;35.29;27.2;3.1;
2022-07-31 15:00:00;532.0;569.73;186.0;33.36;32.9;4.41;
2022-07-31 16:00:00;282.0;176.91;202.0;31.3;35.0;3.01;
2022-07-31 17:00:00;128.0;56.85;112.0;30.74;38.05;2.85;
2022-07-31 18:00:00;27.0;9.38;26.0;30.19;41.1;2.69;
2022-07-31 19:00:00;0.0;0.0;0.0;29.63;44.16;2.53;
2022-07-31 20:00:00;0.0;0.0;0.0;29.08;47.21;2.36;
2022-07-31 21:00:00;0.0;0.0;0.0;28.52;50.26;2.2;
2022-07-31 22:00:00;0.0;0.0;0.0;27.97;53.31;2.04;
2022-07-31 23:00:00;0.0;0.0;0.0;27.41;56.36;1.88;
2022-08-01 00:00:00;0.0;0.0;0.0;26.86;59.42;1.72;
2022-08-01 01:00:00;0.0;0.0;0.0;26.3;62.47;1.55;
2022-08-01 02:00:00;0.0;0.0;0.0;25.74;65.52;1.39;
2022-08-01 03:00:00;0.0;0.0;0.0;25.19;68.57;1.23;
2022-08-01 04:00:00;0.0;0.0;0.0;24.63;71.63;1.07;
2022-08-01 05:00:00;84.0;136.84;62.0;24.08;74.68;0.91;
2022-08-01 06:00:00;254.0;407.99;117.0;23.52;77.73;0.74;
2022-08-01 07:00:00;435.0;576.66;145.0;22.97;80.78;0.58;
2022-08-01 08:00:00;639.0;799.14;119.0;28.8;59.1;0.83;
2022-08-01 09:00:00;753.0;781.41;152.0;30.41;53.8;1.1;
2022-08-01 10:00:00;853.0;823.43;153.0;31.8;49.0;1.03;
2022-08-01 11:00:00;687.0;322.03;401.0;33.09;44.7;0.76;
2022-08-01 12:00:00;889.0;834.7;154.0;33.99;40.55;1.03;
2022-08-01 13:00:00;832.0;827.33;147.0;34.56;36.9;1.17;
2022-08-01 14:00:00;714.0;769.84;149.0;35.36;34.6;1.03;
2022-08-01 15:00:00;471.0;373.66;245.0;35.86;30.3;1.24;
2022-08-01 16:00:00;385.0;569.55;129.0;35.8;29.3;1.24;
2022-08-01 17:00:00;214.0;445.3;90.0;35.26;30.15;1.38;
2022-08-01 18:00:00;45.0;77.34;37.0;34.15;34.35;1.59;
2022-08-01 19:00:00;0.0;0.0;0.0;31.49;42.85;2.9;
2022-08-01 20:00:00;0.0;0.0;0.0;29.69;55.5;2.41;
2022-08-01 21:00:00;0.0;0.0;0.0;28.28;63.1;2.07;
2022-08-01 22:00:00;0.0;0.0;0.0;26.92;69.4;1.79;
2022-08-01 23:00:00;0.0;0.0;0.0;26.07;74.1;1.66;
2022-08-02 00:00:00;0.0;0.0;0.0;25.2;76.5;1.72;
2022-08-02 01:00:00;0.0;0.0;0.0;24.31;81.65;1.52;
2022-08-02 02:00:00;0.0;0.0;0.0;23.61;81.55;1.72;
2022-08-02 03:00:00;0.0;0.0;0.0;23.25;81.5;2.07;
2022-08-02 04:00:00;0.0;0.0;0.0;22.96;76.2;2.14;
2022-08-02 05:00:00;103.0;304.01;55.0;23.0;76.2;1.86;
2022-08-02 06:00:00;251.0;399.2;118.0;25.59;64.7;1.72;
2022-08-02 07:00:00;442.0;621.39;131.0;27.72;67.3;0.97;
2022-08-02 08:00:00;615.0;730.94;141.0;29.61;55.5;1.1;
2022-08-02 09:00:00;760.0;803.09;144.0;30.88;48.75;1.66;
2022-08-02 10:00:00;865.0;857.22;138.0;31.63;45.85;1.45;
2022-08-02 11:00:00;911.0;872.36;138.0;33.09;40.4;1.45;
2022-08-02 12:00:00;902.0;869.66;138.0;34.19;36.75;1.79;
2022-08-02 13:00:00;830.0;828.3;146.0;35.13;34.6;1.93;
2022-08-02 14:00:00;723.0;801.02;137.0;35.97;32.45;1.79;
2022-08-02 15:00:00;571.0;730.59;131.0;36.45;30.3;1.66;
2022-08-02 16:00:00;391.0;611.2;118.0;36.43;29.3;1.31;
2022-08-02 17:00:00;206.0;410.32;93.0;35.96;28.3;0.83;
2022-08-02 18:00:00;44.0;79.9;36.0;35.2;32.3;0.83;
2022-08-02 19:00:00;0.0;0.0;0.0;33.12;30.7;2.21;
2022-08-02 20:00:00;0.0;0.0;0.0;31.23;34.75;1.93;
2022-08-02 21:00:00;0.0;0.0;0.0;29.62;39.5;1.93;
2022-08-02 22:00:00;0.0;0.0;0.0;28.2;43.4;2.14;
2022-08-02 23:00:00;0.0;0.0;0.0;27.2;46.25;2.14;
2022-08-03 00:00:00;0.0;0.0;0.0;26.4;51.05;2.0;
2022-08-03 01:00:00;0.0;0.0;0.0;25.77;54.55;1.66;
2022-08-03 02:00:00;0.0;0.0;0.0;25.39;56.5;1.31;
2022-08-03 03:00:00;0.0;0.0;0.0;24.6;58.35;1.45;
2022-08-03 04:00:00;0.0;0.0;0.0;24.07;64.5;1.31;
2022-08-03 05:00:00;100.0;290.35;55.0;25.05;62.55;0.76;
2022-08-03 06:00:00;255.0;435.7;111.0;26.3;64.8;0.41;
2022-08-03 07:00:00;439.0;620.41;130.0;28.14;55.15;0.76;
2022-08-03 08:00:00;609.0;719.56;144.0;29.92;50.2;0.83;
2022-08-03 09:00:00;753.0;790.94;148.0;31.6;44.3;0.48;
2022-08-03 10:00:00;830.0;776.57;173.0;33.24;40.4;0.55;
2022-08-03 11:00:00;837.0;678.69;237.0;34.71;35.65;1.17;
2022-08-03 12:00:00;890.0;845.52;149.0;35.77;33.55;1.38;
2022-08-03 13:00:00;823.0;815.99;151.0;36.81;31.5;1.38;
2022-08-03 14:00:00;724.0;810.55;133.0;37.48;29.55;1.52;
2022-08-03 15:00:00;552.0;677.12;146.0;37.64;27.7;1.59;
2022-08-03 16:00:00;343.0;396.61;167.0;37.33;27.55;1.59;
2022-08-03 17:00:00;200.0;385.7;95.0;36.87;26.5;1.72;
2022-08-03 18:00:00;41.0;72.38;34.0;35.97;25.5;1.72;
2022-08-03 19:00:00;0.0;0.0;0.0;33.79;25.9;2.48;
2022-08-03 20:00:00;0.0;0.0;0.0;32.1;28.4;2.55;
2022-08-03 21:00:00;0.0;0.0;0.0;30.5;31.15;2.69;
2022-08-03 22:00:00;0.0;0.0;0.0;29.23;35.45;3.03;
2022-08-03 23:00:00;0.0;0.0;0.0;28.27;39.1;2.9;
2022-08-04 00:00:00;0.0;0.0;0.0;27.53;41.8;2.55;
2022-08-04 01:00:00;0.0;0.0;0.0;26.92;46.15;2.28;
2022-08-04 02:00:00;0.0;0.0;0.0;26.41;49.3;2.28;
2022-08-04 03:00:00;0.0;0.0;0.0;25.93;51.05;2.21;
2022-08-04 04:00:00;0.0;0.0;0.0;25.49;52.75;2.14;
2022-08-04 05:00:00;97.0;289.38;53.0;25.34;58.45;1.86;
2022-08-04 06:00:00;253.0;439.27;109.0;27.25;53.1;1.72;
2022-08-04 07:00:00;441.0;635.6;126.0;28.79;45.05;1.52;
2022-08-04 08:00:00;612.0;734.54;139.0;30.7;42.6;1.59;
2022-08-04 09:00:00;757.0;810.22;139.0;32.35;38.8;1.31;
2022-08-04 10:00:00;858.0;853.15;138.0;34.03;34.35;1.24;
2022-08-04 11:00:00;909.0;878.74;134.0;35.34;32.3;1.1;
2022-08-04 12:00:00;900.0;876.23;134.0;36.62;29.4;1.24;
2022-08-04 13:00:00;832.0;845.08;138.0;37.45;27.55;1.59;
2022-08-04 14:00:00;716.0;795.45;138.0;37.81;25.0;2.28;
2022-08-04 15:00:00;566.0;733.83;128.0;38.01;24.1;3.1;
2022-08-04 16:00:00;386.0;610.29;117.0;37.44;23.2;3.66;
2022-08-04 17:00:00;205.0;442.4;86.0;35.95;23.75;3.79;
2022-08-04 18:00:00;42.0;85.82;34.0;34.29;26.0;3.31;
2022-08-04 19:00:00;0.0;0.0;0.0;32.28;28.4;3.66;
2022-08-04 20:00:00;0.0;0.0;0.0;30.68;31.15;3.38;
2022-08-04 21:00:00;0.0;0.0;0.0;29.66;33.15;2.97;
2022-08-04 22:00:00;0.0;0.0;0.0;28.83;35.3;2.62;
2022-08-04 23:00:00;0.0;0.0;0.0;28.11;36.45;2.48;
2022-08-05 00:00:00;0.0;0.0;0.0;27.57;37.6;2.41;
2022-08-05 01:00:00;0.0;0.0;0.0;27.08;40.25;2.34;
2022-08-05 02:00:00;0.0;0.0;0.0;26.69;41.55;2.28;
2022-08-05 03:00:00;0.0;0.0;0.0;26.23;44.45;2.07;
2022-08-05 04:00:00;0.0;0.0;0.0;25.72;47.5;1.93;
2022-08-05 05:00:00;97.0;301.85;52.0;25.46;54.55;1.59;
2022-08-05 06:00:00;254.0;458.32;105.0;27.51;43.3;1.52;
2022-08-05 07:00:00;440.0;638.82;125.0;29.07;39.35;0.21;
2022-08-05 08:00:00;611.0;738.75;137.0;31.15;32.4;0.28;
2022-08-05 09:00:00;753.0;802.05;143.0;32.97;29.55;0.76;
2022-08-05 10:00:00;849.0;833.94;147.0;34.46;26.95;1.24;
2022-08-05 11:00:00;900.0;859.31;144.0;35.59;25.5;1.17;
2022-08-05 12:00:00;891.0;856.7;144.0;36.58;25.6;1.03;
2022-08-05 13:00:00;828.0;837.78;142.0;37.18;24.85;1.17;
2022-08-05 14:00:00;716.0;799.68;137.0;37.58;25.0;1.52;
2022-08-05 15:00:00;568.0;747.42;124.0;37.67;25.0;1.86;
2022-08-05 16:00:00;391.0;639.72;111.0;37.58;24.1;1.72;
2022-08-05 17:00:00;210.0;481.85;82.0;37.07;24.85;1.72;
2022-08-05 18:00:00;32.0;0.0;32.0;36.15;28.3;1.72;
2022-08-05 19:00:00;0.0;0.0;0.0;34.14;35.5;2.0;
2022-08-05 20:00:00;0.0;0.0;0.0;32.43;45.95;1.17;
2022-08-05 21:00:00;0.0;0.0;0.0;30.76;50.45;1.38;
2022-08-05 22:00:00;0.0;0.0;0.0;29.64;50.2;2.14;
2022-08-05 23:00:00;0.0;0.0;0.0;28.89;53.45;2.07;
2022-08-06 00:00:00;0.0;0.0;0.0;28.23;55.15;1.86;
2022-08-06 01:00:00;0.0;0.0;0.0;27.6;60.9;1.24;
2022-08-06 02:00:00;0.0;0.0;0.0;28.73;53.45;0.28;
2022-08-06 03:00:00;0.0;0.0;0.0;27.9;56.95;0.83;
2022-08-06 04:00:00;0.0;0.0;0.0;26.92;62.8;1.03;
2022-08-06 05:00:00;35.0;0.0;35.0;25.93;69.3;1.72;
2022-08-06 06:00:00;70.0;0.0;70.0;26.59;62.8;2.21;
2022-08-06 07:00:00;130.0;0.0;130.0;29.24;57.3;1.1;
2022-08-06 08:00:00;415.0;178.33;301.0;30.47;52.15;1.59;
2022-08-06 09:00:00;747.0;791.23;147.0;30.91;53.9;2.07;
2022-08-06 10:00:00;745.0;544.31;288.0;30.19;57.5;3.72;
2022-08-06 11:00:00;859.0;760.06;192.0;28.78;63.2;5.24;
2022-08-06 12:00:00;479.0;74.74;414.0;28.54;63.2;4.76;
2022-08-06 13:00:00;790.0;741.08;185.0;28.21;67.4;2.97;
2022-08-06 14:00:00;717.0;809.56;133.0;28.07;67.4;3.79;
2022-08-06 15:00:00;562.0;735.87;127.0;27.49;67.3;3.31;
2022-08-06 16:00:00;385.0;628.27;112.0;27.86;65.1;3.66;
2022-08-06 17:00:00;202.0;453.83;83.0;27.58;58.9;3.52;
2022-08-06 18:00:00;30.0;0.0;30.0;27.16;58.8;1.79;
2022-08-06 19:00:00;0.0;0.0;0.0;28.39;48.15;2.48;
2022-08-06 20:00:00;0.0;0.0;0.0;27.15;46.25;2.83;
2022-08-06 21:00:00;0.0;0.0;0.0;26.16;44.45;3.38;
2022-08-06 22:00:00;0.0;0.0;0.0;25.26;49.2;3.59;
2022-08-06 23:00:00;0.0;0.0;0.0;24.33;60.25;3.38;
2022-08-07 00:00:00;0.0;0.0;0.0;23.7;71.35;3.38;
2022-08-07 01:00:00;0.0;0.0;0.0;23.32;76.2;3.66;
2022-08-07 02:00:00;0.0;0.0;0.0;23.08;76.2;3.86;
2022-08-07 03:00:00;0.0;0.0;0.0;22.81;78.75;3.93;
2022-08-07 04:00:00;0.0;0.0;0.0;22.53;76.15;3.72;
2022-08-07 05:00:00;89.0;258.61;52.0;22.41;73.6;3.52;
2022-08-07 06:00:00;228.0;325.42;124.0;23.02;71.25;4.07;
2022-08-07 07:00:00;377.0;379.08;192.0;25.2;60.45;4.62;
2022-08-07 08:00:00;530.0;455.34;240.0;26.44;56.7;5.17;
2022-08-07 09:00:00;579.0;317.45;339.0;27.77;49.7;5.38;
2022-08-07 10:00:00;538.0;149.28;413.0;28.51;46.65;5.1;
2022-08-07 11:00:00;548.0;131.39;433.0;29.5;42.3;4.9;
2022-08-07 12:00:00;575.0;168.34;429.0;29.99;39.65;4.28;
2022-08-07 13:00:00;814.0;804.83;159.0;30.44;39.65;3.86;
2022-08-07 14:00:00;680.0;690.19;184.0;31.09;37.25;3.38;
2022-08-07 15:00:00;563.0;737.91;129.0;30.91;38.4;3.38;
2022-08-07 16:00:00;373.0;575.04;125.0;30.51;37.1;3.66;
2022-08-07 17:00:00;112.0;42.52;101.0;30.02;38.3;3.66;
2022-08-07 18:00:00;28.0;0.0;28.0;29.2;40.75;3.1;
2022-08-07 19:00:00;0.0;0.0;0.0;27.82;48.0;2.83;
2022-08-07 20:00:00;0.0;0.0;0.0;26.76;51.2;2.97;
2022-08-07 21:00:00;0.0;0.0;0.0;26.14;52.85;3.24;
2022-08-07 22:00:00;0.0;0.0;0.0;25.52;52.75;3.45;
2022-08-07 23:00:00;0.0;0.0;0.0;24.92;52.75;3.38;
2022-08-08 00:00:00;0.0;0.0;0.0;24.31;56.25;3.1;
2022-08-08 01:00:00;0.0;0.0;0.0;23.61;58.1;2.83;
2022-08-08 02:00:00;0.0;0.0;0.0;23.06;60.05;2.83;
2022-08-08 03:00:00;0.0;0.0;0.0;22.74;62.05;2.62;
2022-08-08 04:00:00;0.0;0.0;0.0;22.19;64.1;2.14;
2022-08-08 05:00:00;88.0;278.51;49.0;21.77;66.25;2.14;
2022-08-08 06:00:00;225.0;328.29;121.0;22.98;60.05;2.48;
2022-08-08 07:00:00;275.0;113.3;220.0;24.3;58.2;2.83;
2022-08-08 08:00:00;544.0;520.13;214.0;25.61;56.5;2.14;
2022-08-08 09:00:00;572.0;311.79;337.0;26.87;54.8;1.79;
2022-08-08 10:00:00;764.0;604.75;259.0;28.64;48.25;0.83;
2022-08-08 11:00:00;856.0;760.63;192.0;29.7;42.3;1.38;
2022-08-08 12:00:00;459.0;61.28;406.0;30.33;41.0;1.1;
2022-08-08 13:00:00;447.0;76.43;385.0;31.06;37.25;1.79;
2022-08-08 14:00:00;346.0;40.51;317.0;31.77;34.9;1.66;
2022-08-08 15:00:00;566.0;764.0;119.0;32.05;33.8;1.31;
2022-08-08 16:00:00;318.0;343.51;171.0;32.0;32.65;1.38;
2022-08-08 17:00:00;161.0;223.46;104.0;31.78;32.55;2.34;
2022-08-08 18:00:00;27.0;0.0;27.0;30.8;35.85;2.69;
2022-08-08 19:00:00;0.0;0.0;0.0;26.4;54.7;1.31;
2022-08-08 20:00:00;0.0;0.0;0.0;25.65;56.5;1.79;
2022-08-08 21:00:00;0.0;0.0;0.0;24.56;58.35;2.0;
2022-08-08 22:00:00;0.0;0.0;0.0;23.85;62.25;1.52;
2022-08-08 23:00:00;0.0;0.0;0.0;23.05;64.3;1.72;
2022-08-09 00:00:00;0.0;0.0;0.0;22.21;68.7;1.72;
2022-08-09 01:00:00;0.0;0.0;0.0;21.29;73.35;1.86;
2022-08-09 02:00:00;0.0;0.0;0.0;20.78;78.5;1.72;
2022-08-09 03:00:00;0.0;0.0;0.0;20.19;81.15;1.59;
2022-08-09 04:00:00;0.0;0.0;0.0;19.88;81.15;1.45;
2022-08-09 05:00:00;19.0;0.0;19.0;19.94;81.15;1.17;
2022-08-09 06:00:00;172.0;117.84;135.0;21.21;75.95;1.31;
2022-08-09 07:00:00;415.0;561.27;144.0;22.32;76.1;2.34;
2022-08-09 08:00:00;494.0;365.5;263.0;23.34;73.7;2.55;
2022-08-09 09:00:00;580.0;330.07;332.0;24.45;66.85;2.48;
2022-08-09 10:00:00;607.0;254.59;395.0;25.13;64.7;2.28;
2022-08-09 11:00:00;890.0;851.16;149.0;25.57;64.7;2.21;
2022-08-09 12:00:00;871.0;826.82;158.0;26.12;62.65;2.07;
2022-08-09 13:00:00;799.0;786.58;163.0;26.49;60.7;1.31;
2022-08-09 14:00:00;623.0;527.41;247.0;27.4;56.85;0.9;
2022-08-09 15:00:00;526.0;627.23;161.0;28.18;51.55;0.69;
2022-08-09 16:00:00;357.0;532.39;131.0;28.42;49.8;1.45;
2022-08-09 17:00:00;181.0;358.02;91.0;27.89;53.2;2.07;
2022-08-09 18:00:00;25.0;0.0;25.0;26.55;60.7;2.83;
2022-08-09 19:00:00;0.0;0.0;0.0;26.76;58.7;2.34;
2022-08-09 20:00:00;0.0;0.0;0.0;25.25;66.95;2.69;
2022-08-09 21:00:00;0.0;0.0;0.0;23.81;76.3;3.24;
2022-08-09 22:00:00;0.0;0.0;0.0;22.63;78.75;3.24;
2022-08-09 23:00:00;0.0;0.0;0.0;21.67;81.35;2.76;
2022-08-10 00:00:00;0.0;0.0;0.0;21.04;78.55;2.69;
2022-08-10 01:00:00;0.0;0.0;0.0;20.56;78.5;2.48;
2022-08-10 02:00:00;0.0;0.0;0.0;20.35;78.45;2.07;
2022-08-10 03:00:00;0.0;0.0;0.0;19.76;78.35;1.66;
2022-08-10 04:00:00;0.0;0.0;0.0;19.48;78.35;1.66;
2022-08-10 05:00:00;43.0;14.94;41.0;19.42;78.35;1.31;
2022-08-10 06:00:00;264.0;568.89;87.0;20.6;70.8;0.9;
2022-08-10 07:00:00;345.0;289.47;206.0;22.69;62.05;1.86;
2022-08-10 08:00:00;447.0;250.98;289.0;24.22;54.35;1.45;
2022-08-10 09:00:00;534.0;240.34;354.0;25.5;50.95;0.76;
2022-08-10 10:00:00;516.0;128.86;409.0;26.65;47.75;0.83;
2022-08-10 11:00:00;795.0;585.16;287.0;27.64;43.3;1.86;
2022-08-10 12:00:00;179.0;0.0;179.0;28.91;40.65;2.07;
2022-08-10 13:00:00;124.0;0.0;124.0;29.64;36.85;1.86;
2022-08-10 14:00:00;393.0;80.29;336.0;30.09;32.15;2.34;
2022-08-10 15:00:00;541.0;696.41;138.0;29.88;30.9;3.24;
2022-08-10 16:00:00;335.0;432.32;153.0;28.86;31.75;2.55;
2022-08-10 17:00:00;86.0;12.12;83.0;28.06;33.95;1.52;
2022-08-10 18:00:00;23.0;0.0;23.0;27.08;37.5;0.0;
2022-08-10 19:00:00;0.0;0.0;0.0;24.84;54.45;2.41;
2022-08-10 20:00:00;0.0;0.0;0.0;23.09;62.15;3.03;
2022-08-10 21:00:00;0.0;0.0;0.0;21.72;66.25;2.62;
2022-08-10 22:00:00;0.0;0.0;0.0;20.17;70.7;2.83;
2022-08-10 23:00:00;0.0;0.0;0.0;18.09;78.15;3.66;
2022-08-11 00:00:00;0.0;0.0;0.0;17.22;80.8;2.0;
2022-08-11 01:00:00;0.0;0.0;0.0;17.19;80.8;0.62;
2022-08-11 02:00:00;0.0;0.0;0.0;17.1;80.8;1.45;
2022-08-11 03:00:00;0.0;0.0;0.0;16.82;83.6;1.17;
2022-08-11 04:00:00;0.0;0.0;0.0;16.89;80.8;0.69;
2022-08-11 05:00:00;82.0;275.32;46.0;16.54;83.6;2.76;
2022-08-11 06:00:00;241.0;441.18;105.0;15.72;89.55;2.55;
2022-08-11 07:00:00;390.0;450.24;175.0;15.68;86.5;1.72;
2022-08-11 08:00:00;574.0;618.81;186.0;16.37;75.25;1.86;
2022-08-11 09:00:00;642.0;474.2;288.0;17.9;67.95;0.41;
2022-08-11 10:00:00;842.0;824.97;159.0;19.68;61.4;1.24;
2022-08-11 11:00:00;774.0;523.31;321.0;21.1;55.55;1.59;
2022-08-11 12:00:00;413.0;33.83;384.0;21.78;53.75;2.21;
2022-08-11 13:00:00;623.0;315.07;370.0;21.95;52.0;2.0;
2022-08-11 14:00:00;596.0;445.62;281.0;22.02;52.0;1.45;
2022-08-11 15:00:00;546.0;710.86;137.0;22.56;50.3;1.38;
2022-08-11 16:00:00;306.0;309.07;177.0;22.75;48.55;1.38;
2022-08-11 17:00:00;77.0;8.21;75.0;22.85;48.55;1.72;
2022-08-11 18:00:00;8.0;0.0;8.0;20.17;61.5;2.55;
2022-08-11 19:00:00;0.0;0.0;0.0;20.16;55.3;0.83;
2022-08-11 20:00:00;0.0;0.0;0.0;19.54;61.4;0.48;
2022-08-11 21:00:00;0.0;0.0;0.0;18.5;65.65;1.1;
2022-08-11 22:00:00;0.0;0.0;0.0;17.34;67.85;1.72;
2022-08-11 23:00:00;0.0;0.0;0.0;16.69;72.65;1.93;
2022-08-12 00:00:00;0.0;0.0;0.0;16.35;72.65;2.14;
2022-08-12 01:00:00;0.0;0.0;0.0;15.79;77.8;1.86;
2022-08-12 02:00:00;0.0;0.0;0.0;15.12;80.55;1.93;
2022-08-12 03:00:00;0.0;0.0;0.0;14.54;80.55;2.0;
2022-08-12 04:00:00;0.0;0.0;0.0;14.05;83.4;1.86;
2022-08-12 05:00:00;77.0;242.9;46.0;13.98;86.4;1.79;
2022-08-12 06:00:00;254.0;537.04;90.0;16.67;75.25;1.66;
2022-08-12 07:00:00;442.0;688.66;115.0;19.58;57.2;2.28;
2022-08-12 08:00:00;614.0;775.08;130.0;21.79;43.4;2.76;
2022-08-12 09:00:00;756.0;829.26;139.0;23.62;34.1;2.83;
2022-08-12 10:00:00;850.0;850.46;148.0;25.1;29.85;2.48;
2022-08-12 11:00:00;901.0;875.92;145.0;26.3;28.9;2.14;
2022-08-12 12:00:00;882.0;849.66;156.0;27.12;27.1;1.52;
2022-08-12 13:00:00;826.0;853.63;143.0;27.68;26.25;0.83;
2022-08-12 14:00:00;710.0;815.63;136.0;27.91;26.25;0.48;
2022-08-12 15:00:00;559.0;762.29;123.0;27.99;25.45;0.21;
2022-08-12 16:00:00;377.0;652.65;107.0;27.79;26.25;0.9;
2022-08-12 17:00:00;192.0;487.97;75.0;27.39;26.1;1.72;
2022-08-12 18:00:00;21.0;0.0;21.0;26.38;28.9;1.66;
2022-08-12 19:00:00;0.0;0.0;0.0;25.35;34.5;1.66;
2022-08-12 20:00:00;0.0;0.0;0.0;23.5;40.9;1.31;
2022-08-12 21:00:00;0.0;0.0;0.0;23.2;39.3;1.03;
2022-08-12 22:00:00;0.0;0.0;0.0;23.02;39.3;0.69;
2022-08-12 23:00:00;0.0;0.0;0.0;22.04;43.5;0.21;
2022-08-13 00:00:00;0.0;0.0;0.0;21.14;48.2;0.28;
2022-08-13 01:00:00;0.0;0.0;0.0;20.26;53.35;0.69;
2022-08-13 02:00:00;0.0;0.0;0.0;18.34;63.3;1.1;
2022-08-13 03:00:00;0.0;0.0;0.0;17.27;70.2;1.24;
2022-08-13 04:00:00;0.0;0.0;0.0;16.65;75.25;1.24;
2022-08-13 05:00:00;81.0;305.3;43.0;16.45;75.25;1.17;
2022-08-13 06:00:00;247.0;515.77;91.0;18.87;68.1;0.48;
2022-08-13 07:00:00;432.0;667.21;117.0;22.27;50.2;1.03;
2022-08-13 08:00:00;577.0;657.69;168.0;24.44;41.15;1.1;
2022-08-13 09:00:00;743.0;807.8;144.0;26.35;35.9;0.9;
2022-08-13 10:00:00;800.0;719.4;208.0;27.86;31.5;0.55;
2022-08-13 11:00:00;872.0;819.3;167.0;29.05;27.6;0.34;
2022-08-13 12:00:00;756.0;516.61;316.0;29.87;25.8;0.21;
2022-08-13 13:00:00;785.0;755.19;183.0;30.22;25.0;0.41;
2022-08-13 14:00:00;339.0;39.97;311.0;30.2;25.0;0.76;
2022-08-13 15:00:00;239.0;19.35;228.0;30.01;25.0;1.1;
2022-08-13 16:00:00;284.0;256.14;179.0;29.71;26.75;1.1;
2022-08-13 17:00:00;188.0;483.61;74.0;29.23;27.6;0.76;
2022-08-13 18:00:00;11.0;0.0;11.0;28.56;35.3;0.62;
2022-08-13 19:00:00;0.0;0.0;0.0;27.8;32.65;0.62;
2022-08-13 20:00:00;0.0;0.0;0.0;26.87;34.8;0.48;
2022-08-13 21:00:00;0.0;0.0;0.0;25.09;39.85;0.97;
2022-08-13 22:00:00;0.0;0.0;0.0;22.43;50.3;1.52;
2022-08-13 23:00:00;0.0;0.0;0.0;21.02;55.55;1.72;
2022-08-14 00:00:00;0.0;0.0;0.0;20.37;59.5;1.52;
2022-08-14 01:00:00;0.0;0.0;0.0;19.88;63.7;1.38;
2022-08-14 02:00:00;0.0;0.0;0.0;18.84;70.45;1.59;
2022-08-14 03:00:00;0.0;0.0;0.0;18.5;72.95;1.66;
2022-08-14 04:00:00;0.0;0.0;0.0;17.98;75.45;1.72;
2022-08-14 05:00:00;73.0;247.34;43.0;17.86;80.9;1.52;
2022-08-14 06:00:00;148.0;76.79;125.0;20.06;70.7;1.31;
2022-08-14 07:00:00;380.0;451.67;168.0;22.66;62.05;0.62;
2022-08-14 08:00:00;594.0;741.21;135.0;24.37;54.35;0.62;
2022-08-14 09:00:00;710.0;723.99;175.0;25.78;49.2;0.76;
2022-08-14 10:00:00;826.0;817.96;155.0;27.55;41.8;0.9;
2022-08-14 11:00:00;857.0;796.2;174.0;28.82;37.9;0.76;
2022-08-14 12:00:00;852.0;806.94;167.0;29.52;34.35;0.41;
2022-08-14 13:00:00;796.0;809.7;153.0;30.1;32.15;0.28;
2022-08-14 14:00:00;683.0;771.6;145.0;30.35;32.15;0.21;
2022-08-14 15:00:00;532.0;708.09;132.0;30.51;31.15;0.9;
2022-08-14 16:00:00;357.0;608.26;110.0;30.19;32.15;1.31;
2022-08-14 17:00:00;176.0;427.46;77.0;29.87;33.15;1.52;
2022-08-14 18:00:00;18.0;0.0;18.0;28.89;36.6;1.66;
2022-08-14 19:00:00;0.0;0.0;0.0;27.63;38.95;1.93;
2022-08-14 20:00:00;0.0;0.0;0.0;26.06;46.0;2.14;
2022-08-14 21:00:00;0.0;0.0;0.0;24.8;49.05;2.21;
2022-08-14 22:00:00;0.0;0.0;0.0;23.69;54.2;2.0;
2022-08-14 23:00:00;0.0;0.0;0.0;22.53;57.9;1.72;
2022-08-15 00:00:00;0.0;0.0;0.0;21.43;64.0;1.52;
2022-08-15 01:00:00;0.0;0.0;0.0;20.68;70.8;1.52;
2022-08-15 02:00:00;0.0;0.0;0.0;20.04;73.2;1.52;
2022-08-15 03:00:00;0.0;0.0;0.0;19.49;75.7;1.52;
2022-08-15 04:00:00;0.0;0.0;0.0;19.17;81.05;1.45;
2022-08-15 05:00:00;72.0;254.03;42.0;19.39;78.35;1.24;
2022-08-15 06:00:00;232.0;458.58;96.0;20.98;78.55;0.48;
2022-08-15 07:00:00;416.0;627.95;123.0;23.97;52.5;0.62;
2022-08-15 08:00:00;589.0;731.42;138.0;25.8;49.2;0.62;
2022-08-15 09:00:00;728.0;786.3;149.0;27.49;43.3;0.62;
2022-08-15 10:00:00;828.0;829.14;150.0;28.92;40.65;0.41;
2022-08-15 11:00:00;878.0;854.86;147.0;30.24;35.7;0.14;
2022-08-15 12:00:00;854.0;817.97;162.0;31.4;31.3;0.34;
2022-08-15 13:00:00;781.0;774.96;168.0;32.3;28.4;0.48;
2022-08-15 14:00:00;669.0;737.87;157.0;32.75;26.55;0.76;
2022-08-15 15:00:00;503.0;602.22;165.0;32.94;25.65;0.9;
2022-08-15 16:00:00;347.0;579.4;114.0;32.74;25.65;1.45;
2022-08-15 17:00:00;139.0;197.9;94.0;32.16;26.45;1.38;
2022-08-15 18:00:00;14.0;0.0;14.0;31.15;30.2;1.66;
2022-08-15 19:00:00;0.0;0.0;0.0;29.7;28.75;1.17;
2022-08-15 20:00:00;0.0;0.0;0.0;28.54;28.5;0.83;
2022-08-15 21:00:00;0.0;0.0;0.0;28.36;26.4;0.62;
2022-08-15 22:00:00;0.0;0.0;0.0;27.4;29.15;0.34;
2022-08-15 23:00:00;0.0;0.0;0.0;26.5;31.2;0.34;
2022-08-16 00:00:00;0.0;0.0;0.0;25.64;35.8;0.62;
2022-08-16 01:00:00;0.0;0.0;0.0;24.92;35.8;0.62;
2022-08-16 02:00:00;0.0;0.0;0.0;24.01;39.55;0.62;
2022-08-16 03:00:00;0.0;0.0;0.0;22.35;50.2;1.1;
2022-08-16 04:00:00;0.0;0.0;0.0;22.69;50.3;0.41;
2022-08-16 05:00:00;50.0;78.34;41.0;22.52;50.3;0.07;
2022-08-16 06:00:00;245.0;548.39;84.0;23.32;48.7;0.07;
2022-08-16 07:00:00;432.0;702.89;106.0;25.09;47.5;0.97;
2022-08-16 08:00:00;582.0;719.96;140.0;26.71;46.15;0.76;
2022-08-16 09:00:00;724.0;785.04;148.0;28.63;40.65;0.76;
2022-08-16 10:00:00;825.0;828.18;150.0;30.23;34.5;0.62;
2022-08-16 11:00:00;870.0;842.4;152.0;31.49;29.3;0.34;
2022-08-16 12:00:00;845.0;805.41;166.0;32.47;28.4;0.14;
2022-08-16 13:00:00;755.0;701.92;202.0;33.25;25.75;0.07;
2022-08-16 14:00:00;605.0;527.19;241.0;33.5;25.0;0.14;
2022-08-16 15:00:00;375.0;208.06;259.0;33.78;24.1;0.69;
2022-08-16 16:00:00;255.0;193.41;178.0;33.6;24.1;0.9;
2022-08-16 17:00:00;111.0;85.16;92.0;33.23;24.85;1.45;
2022-08-16 18:00:00;11.0;0.0;11.0;32.27;28.4;2.07;
2022-08-16 19:00:00;0.0;0.0;0.0;30.16;36.95;2.62;
2022-08-16 20:00:00;0.0;0.0;0.0;28.7;45.05;2.76;
2022-08-16 21:00:00;0.0;0.0;0.0;27.62;51.45;2.9;
2022-08-16 22:00:00;0.0;0.0;0.0;26.95;54.95;2.55;
2022-08-16 23:00:00;0.0;0.0;0.0;26.02;60.6;2.14;
2022-08-17 00:00:00;0.0;0.0;0.0;25.15;62.55;2.14;
2022-08-17 01:00:00;0.0;0.0;0.0;24.67;64.6;2.21;
2022-08-17 02:00:00;0.0;0.0;0.0;24.03;69.05;2.14;
2022-08-17 03:00:00;0.0;0.0;0.0;23.51;71.35;2.07;
2022-08-17 04:00:00;0.0;0.0;0.0;22.92;73.7;2.07;
2022-08-17 05:00:00;54.0;125.39;40.0;22.63;76.15;1.86;
2022-08-17 06:00:00;207.0;344.13;107.0;23.99;69.05;1.93;
2022-08-17 07:00:00;396.0;574.87;131.0;26.14;60.6;1.93;
2022-08-17 08:00:00;562.0;669.17;153.0;28.01;51.55;1.86;
2022-08-17 09:00:00;704.0;748.24;157.0;29.61;43.8;1.93;
2022-08-17 10:00:00;785.0;738.62;185.0;31.06;38.55;2.14;
2022-08-17 11:00:00;824.0;736.91;198.0;32.09;33.8;2.14;
2022-08-17 12:00:00;827.0;778.54;173.0;32.8;31.65;1.79;
2022-08-17 13:00:00;772.0;782.58;158.0;33.13;29.65;1.52;
2022-08-17 14:00:00;656.0;732.24;153.0;33.17;29.65;1.24;
2022-08-17 15:00:00;513.0;686.28;133.0;33.38;28.65;1.24;
2022-08-17 16:00:00;339.0;581.19;110.0;33.24;28.65;1.17;
2022-08-17 17:00:00;157.0;374.88;75.0;32.91;29.55;1.24;
2022-08-17 18:00:00;11.0;0.0;11.0;32.15;30.45;1.79;
2022-08-17 19:00:00;0.0;0.0;0.0;30.76;39.75;2.21;
2022-08-17 20:00:00;0.0;0.0;0.0;29.55;43.8;2.28;
2022-08-17 21:00:00;0.0;0.0;0.0;28.45;48.25;2.28;
2022-08-17 22:00:00;0.0;0.0;0.0;27.47;51.45;2.14;
2022-08-17 23:00:00;0.0;0.0;0.0;26.69;54.8;1.86;
2022-08-18 00:00:00;0.0;0.0;0.0;25.76;60.45;1.72;
2022-08-18 01:00:00;0.0;0.0;0.0;25.01;60.45;1.59;
2022-08-18 02:00:00;0.0;0.0;0.0;24.15;64.5;1.59;
2022-08-18 03:00:00;0.0;0.0;0.0;23.64;68.95;1.45;
2022-08-18 04:00:00;0.0;0.0;0.0;23.24;71.25;1.38;
2022-08-18 05:00:00;47.0;83.03;38.0;23.23;73.7;1.1;
2022-08-18 06:00:00;202.0;323.41;109.0;24.64;66.85;0.62;
2022-08-18 07:00:00;388.0;543.52;139.0;26.47;58.7;0.9;
2022-08-18 08:00:00;557.0;657.4;157.0;28.27;51.55;0.97;
2022-08-18 09:00:00;687.0;696.12;180.0;30.16;43.95;0.97;
2022-08-18 10:00:00;801.0;793.03;159.0;31.54;37.35;0.83;
2022-08-18 11:00:00;845.0;806.75;162.0;32.64;35.15;0.55;
2022-08-18 12:00:00;830.0;792.15;167.0;33.57;31.95;0.76;
2022-08-18 13:00:00;770.0;783.34;158.0;33.98;31.95;0.97;
2022-08-18 14:00:00;654.0;733.17;153.0;34.45;29.9;1.1;
2022-08-18 15:00:00;507.0;678.4;134.0;34.59;29.05;1.72;
2022-08-18 16:00:00;328.0;546.38;115.0;34.41;27.9;2.28;
2022-08-18 17:00:00;164.0;438.67;70.0;33.9;27.8;2.62;
2022-08-18 18:00:00;8.0;0.0;8.0;32.86;28.5;2.41;
2022-08-18 19:00:00;0.0;0.0;0.0;30.75;33.4;2.69;
2022-08-18 20:00:00;0.0;0.0;0.0;29.62;36.85;2.07;
2022-08-18 21:00:00;0.0;0.0;0.0;28.54;40.65;1.79;
2022-08-18 22:00:00;0.0;0.0;0.0;27.34;47.9;1.59;
2022-08-18 23:00:00;0.0;0.0;0.0;26.05;52.85;1.38;
2022-08-19 00:00:00;0.0;0.0;0.0;25.02;56.5;1.45;
2022-08-19 01:00:00;0.0;0.0;0.0;24.19;60.25;1.52;
2022-08-19 02:00:00;0.0;0.0;0.0;23.76;64.4;1.45;
2022-08-19 03:00:00;0.0;0.0;0.0;23.32;68.85;1.38;
2022-08-19 04:00:00;0.0;0.0;0.0;23.04;71.25;1.38;
2022-08-19 05:00:00;8.0;0.0;8.0;22.89;73.7;1.31;
2022-08-19 06:00:00;186.0;242.51;117.0;24.49;64.6;1.31;
2022-08-19 07:00:00;348.0;371.23;179.0;25.17;62.55;2.14;
2022-08-19 08:00:00;501.0;454.04;226.0;26.6;56.7;2.07;
2022-08-19 09:00:00;660.0;602.29;223.0;28.0;49.8;1.59;
2022-08-19 10:00:00;625.0;324.77;363.0;28.96;48.4;1.31;
2022-08-19 11:00:00;820.0;730.15;204.0;29.82;45.35;1.38;
2022-08-19 12:00:00;730.0;504.91;309.0;30.44;43.95;1.17;
2022-08-19 13:00:00;742.0;695.48;201.0;30.48;42.6;1.03;
2022-08-19 14:00:00;633.0;660.62;184.0;31.09;41.3;1.38;
2022-08-19 15:00:00;410.0;322.43;234.0;30.79;42.6;1.59;
2022-08-19 16:00:00;301.0;409.77;143.0;29.66;43.8;1.93;
2022-08-19 17:00:00;142.0;295.57;80.0;28.87;48.25;1.93;
2022-08-19 18:00:00;7.0;0.0;7.0;28.33;49.8;1.59;
2022-08-19 19:00:00;0.0;0.0;0.0;27.61;44.8;2.76;
2022-08-19 20:00:00;0.0;0.0;0.0;25.85;52.75;1.93;
2022-08-19 21:00:00;0.0;0.0;0.0;24.69;56.35;1.93;
2022-08-19 22:00:00;0.0;0.0;0.0;24.14;60.25;0.69;
2022-08-19 23:00:00;0.0;0.0;0.0;22.97;64.3;1.93;
2022-08-20 00:00:00;0.0;0.0;0.0;22.1;68.7;2.9;
2022-08-20 01:00:00;0.0;0.0;0.0;20.99;75.95;2.62;
2022-08-20 02:00:00;0.0;0.0;0.0;20.28;81.15;2.48;
2022-08-20 03:00:00;0.0;0.0;0.0;19.64;83.9;2.83;
2022-08-20 04:00:00;0.0;0.0;0.0;19.27;86.8;2.83;
2022-08-20 05:00:00;59.0;225.82;36.0;19.29;89.8;2.62;
2022-08-20 06:00:00;215.0;408.59;100.0;20.17;81.15;2.97;
2022-08-20 07:00:00;397.0;572.57;138.0;21.61;64.0;4.41;
2022-08-20 08:00:00;573.0;701.65;150.0;23.15;50.45;4.14;
2022-08-20 09:00:00;719.0;781.72;154.0;24.63;44.15;3.66;
2022-08-20 10:00:00;820.0;824.76;157.0;26.24;37.2;3.38;
2022-08-20 11:00:00;860.0;826.74;165.0;27.27;33.7;3.17;
2022-08-20 12:00:00;843.0;810.25;170.0;27.83;31.5;2.83;
2022-08-20 13:00:00;782.0;804.47;159.0;28.28;28.35;2.41;
2022-08-20 14:00:00;663.0;753.05;154.0;28.77;26.5;2.14;
2022-08-20 15:00:00;505.0;664.44;145.0;28.86;25.55;2.14;
2022-08-20 16:00:00;329.0;556.07;117.0;28.69;24.65;2.41;
2022-08-20 17:00:00;147.0;346.07;76.0;28.13;24.5;2.41;
2022-08-20 18:00:00;3.0;0.0;3.0;27.07;26.1;2.0;
2022-08-20 19:00:00;0.0;0.0;0.0;25.7;28.75;2.48;
2022-08-20 20:00:00;0.0;0.0;0.0;24.38;31.85;2.41;
2022-08-20 21:00:00;0.0;0.0;0.0;23.34;34.0;2.28;
2022-08-20 22:00:00;0.0;0.0;0.0;22.21;37.65;2.55;
2022-08-20 23:00:00;0.0;0.0;0.0;21.34;41.7;2.76;
2022-08-21 00:00:00;0.0;0.0;0.0;20.66;44.7;2.76;
2022-08-21 01:00:00;0.0;0.0;0.0;19.99;47.9;2.69;
2022-08-21 02:00:00;0.0;0.0;0.0;19.38;53.25;2.69;
2022-08-21 03:00:00;0.0;0.0;0.0;18.94;57.1;2.62;
2022-08-21 04:00:00;0.0;0.0;0.0;18.55;59.05;2.48;
2022-08-21 05:00:00;56.0;223.23;34.0;18.29;63.3;2.28;
2022-08-21 06:00:00;217.0;449.03;92.0;19.75;59.25;2.21;
2022-08-21 07:00:00;401.0;627.48;119.0;22.31;52.0;2.21;
2022-08-21 08:00:00;573.0;723.31;139.0;24.18;44.05;2.76;
2022-08-21 09:00:00;711.0;779.25;150.0;25.6;41.25;2.83;
2022-08-21 10:00:00;812.0;821.52;154.0;26.85;37.35;2.62;
2022-08-21 11:00:00;856.0;835.73;156.0;27.66;33.8;2.21;
2022-08-21 12:00:00;831.0;797.74;171.0;28.23;31.6;2.28;
2022-08-21 13:00:00;773.0;801.67;155.0;28.5;30.65;2.55;
2022-08-21 14:00:00;658.0;761.8;146.0;28.82;29.55;2.69;
2022-08-21 15:00:00;508.0;704.87;129.0;28.82;29.55;2.76;
2022-08-21 16:00:00;329.0;589.12;107.0;28.57;28.5;2.97;
2022-08-21 17:00:00;147.0;389.06;69.0;28.04;28.35;2.9;
2022-08-21 18:00:00;0.0;0.0;0.0;27.07;30.25;2.34;
2022-08-21 19:00:00;0.0;0.0;0.0;25.82;35.8;2.55;
2022-08-21 20:00:00;0.0;0.0;0.0;24.75;36.95;2.9;
2022-08-21 21:00:00;0.0;0.0;0.0;23.74;39.45;3.1;
2022-08-21 22:00:00;0.0;0.0;0.0;22.86;43.65;3.1;
2022-08-21 23:00:00;0.0;0.0;0.0;22.15;46.75;3.03;
2022-08-22 00:00:00;0.0;0.0;0.0;21.56;48.3;2.9;
2022-08-22 01:00:00;0.0;0.0;0.0;20.95;49.95;2.76;
2022-08-22 02:00:00;0.0;0.0;0.0;20.53;49.8;2.69;
2022-08-22 03:00:00;0.0;0.0;0.0;20.4;48.05;2.62;
2022-08-22 04:00:00;0.0;0.0;0.0;20.29;47.9;2.48;
2022-08-22 05:00:00;24.0;10.5;23.0;20.13;47.9;2.28;
2022-08-22 06:00:00;192.0;305.15;108.0;20.82;46.35;2.48;
2022-08-22 07:00:00;379.0;528.6;143.0;21.35;48.2;2.48;
2022-08-22 08:00:00;304.0;56.94;270.0;22.93;42.25;2.34;
2022-08-22 09:00:00;338.0;33.47;314.0;24.31;39.55;2.07;
2022-08-22 10:00:00;732.0;587.73;263.0;25.58;37.1;1.86;
2022-08-22 11:00:00;834.0;784.93;179.0;26.8;33.55;1.59;
2022-08-22 12:00:00;814.0;752.43;194.0;27.8;30.35;1.17;
2022-08-22 13:00:00;761.0;776.76;165.0;28.62;28.5;0.76;
2022-08-22 14:00:00;647.0;737.8;154.0;29.12;28.65;0.76;
2022-08-22 15:00:00;498.0;684.17;133.0;29.4;28.65;0.62;
2022-08-22 16:00:00;321.0;569.36;109.0;29.4;28.65;0.34;
2022-08-22 17:00:00;142.0;378.06;68.0;29.01;28.65;0.14;
2022-08-22 18:00:00;0.0;0.0;0.0;28.48;29.55;0.9;
2022-08-22 19:00:00;0.0;0.0;0.0;26.7;33.55;2.07;
2022-08-22 20:00:00;0.0;0.0;0.0;25.05;37.1;2.34;
2022-08-22 21:00:00;0.0;0.0;0.0;23.84;42.35;2.28;
2022-08-22 22:00:00;0.0;0.0;0.0;22.76;46.85;2.07;
2022-08-22 23:00:00;0.0;0.0;0.0;21.75;51.9;2.0;
2022-08-23 00:00:00;0.0;0.0;0.0;20.82;55.45;1.86;
2022-08-23 01:00:00;0.0;0.0;0.0;19.93;59.35;1.72;
2022-08-23 02:00:00;0.0;0.0;0.0;19.1;63.5;1.66;
2022-08-23 03:00:00;0.0;0.0;0.0;18.37;65.65;1.59;
2022-08-23 04:00:00;0.0;0.0;0.0;17.74;72.8;1.45;
2022-08-23 05:00:00;33.0;43.52;29.0;17.69;75.4;1.1;
2022-08-23 06:00:00;202.0;389.49;96.0;19.25;73.05;0.97;
2022-08-23 07:00:00;364.0;471.27;155.0;22.43;54.0;1.03;
2022-08-23 08:00:00;557.0;693.34;145.0;24.34;48.95;0.9;
2022-08-23 09:00:00;694.0;747.78;160.0;26.23;42.9;0.76;
2022-08-23 10:00:00;793.0;792.48;163.0;27.9;37.6;0.41;
2022-08-23 11:00:00;831.0;792.74;172.0;29.27;34.2;0.34;
2022-08-23 12:00:00;801.0;731.18;201.0;30.54;31.15;0.62;
2022-08-23 13:00:00;757.0;783.12;159.0;31.43;30.2;0.41;
2022-08-23 14:00:00;632.0;703.07;165.0;32.01;28.4;0.34;
2022-08-23 15:00:00;496.0;693.47;129.0;32.21;28.4;0.83;
2022-08-23 16:00:00;312.0;549.24;110.0;32.03;28.4;1.1;
2022-08-23 17:00:00;133.0;335.23;69.0;31.47;30.2;0.97;
2022-08-23 18:00:00;0.0;0.0;0.0;30.6;31.15;1.03;
2022-08-23 19:00:00;0.0;0.0;0.0;28.87;36.6;1.66;
2022-08-23 20:00:00;0.0;0.0;0.0;26.94;40.25;2.0;
2022-08-23 21:00:00;0.0;0.0;0.0;25.28;45.9;1.66;
2022-08-23 22:00:00;0.0;0.0;0.0;25.45;45.9;0.83;
2022-08-23 23:00:00;0.0;0.0;0.0;23.75;50.55;1.24;
2022-08-24 00:00:00;0.0;0.0;0.0;22.43;55.9;1.45;
2022-08-24 01:00:00;0.0;0.0;0.0;22.66;55.9;1.1;
2022-08-24 02:00:00;0.0;0.0;0.0;22.28;57.75;0.9;
2022-08-24 03:00:00;0.0;0.0;0.0;22.29;57.75;0.41;
2022-08-24 04:00:00;0.0;0.0;0.0;21.71;59.7;0.14;
2022-08-24 05:00:00;38.0;79.03;31.0;21.38;61.85;0.07;
2022-08-24 06:00:00;182.0;286.23;105.0;22.06;59.8;0.21;
2022-08-24 07:00:00;381.0;576.65;127.0;23.66;56.15;0.28;
2022-08-24 08:00:00;538.0;635.91;162.0;25.63;49.2;0.28;
2022-08-24 09:00:00;661.0;649.66;199.0;27.46;43.3;0.41;
2022-08-24 10:00:00;768.0;729.88;190.0;29.02;39.35;0.41;
2022-08-24 11:00:00;771.0;624.36;254.0;30.43;36.95;0.28;
2022-08-24 12:00:00;746.0;584.97;268.0;31.66;32.55;0.28;
2022-08-24 13:00:00;725.0;692.22;199.0;32.52;29.55;0.28;
2022-08-24 14:00:00;614.0;655.87;181.0;33.03;27.65;1.31;
2022-08-24 15:00:00;467.0;596.33;154.0;32.83;27.55;1.86;
2022-08-24 16:00:00;315.0;589.29;101.0;32.39;28.4;2.28;
2022-08-24 17:00:00;76.0;37.63;69.0;31.25;29.15;2.76;
2022-08-24 18:00:00;0.0;0.0;0.0;29.76;32.0;2.83;
2022-08-24 19:00:00;0.0;0.0;0.0;28.91;36.6;2.55;
2022-08-24 20:00:00;0.0;0.0;0.0;27.39;40.25;3.17;
2022-08-24 21:00:00;0.0;0.0;0.0;26.19;42.9;2.76;
2022-08-24 22:00:00;0.0;0.0;0.0;25.26;44.3;2.62;
2022-08-24 23:00:00;0.0;0.0;0.0;24.39;47.25;2.34;
2022-08-25 00:00:00;0.0;0.0;0.0;23.63;50.55;2.21;
2022-08-25 01:00:00;0.0;0.0;0.0;22.99;52.25;2.21;
2022-08-25 02:00:00;0.0;0.0;0.0;22.59;55.9;2.14;
2022-08-25 03:00:00;0.0;0.0;0.0;22.19;59.8;1.79;
2022-08-25 04:00:00;0.0;0.0;0.0;21.76;64.0;1.66;
2022-08-25 05:00:00;36.0;82.15;29.0;21.5;66.25;1.52;
2022-08-25 06:00:00;185.0;319.73;100.0;22.58;62.05;1.17;
2022-08-25 07:00:00;372.0;555.5;129.0;24.38;58.2;1.52;
2022-08-25 08:00:00;528.0;613.63;167.0;26.2;52.85;1.17;
2022-08-25 09:00:00;679.0;732.91;160.0;27.91;46.4;0.83;
2022-08-25 10:00:00;772.0;764.46;169.0;29.5;38.15;0.83;
2022-08-25 11:00:00;814.0;778.41;172.0;30.78;34.6;0.9;
2022-08-25 12:00:00;793.0;746.07;186.0;31.88;31.4;0.9;
2022-08-25 13:00:00;736.0;753.9;166.0;32.7;29.55;1.03;
2022-08-25 14:00:00;615.0;685.89;165.0;33.22;28.65;1.1;
2022-08-25 15:00:00;469.0;632.13;140.0;33.47;28.65;1.1;
2022-08-25 16:00:00;294.0;504.96;113.0;33.28;28.65;1.31;
2022-08-25 17:00:00;119.0;281.66;68.0;32.79;29.55;1.38;
2022-08-25 18:00:00;0.0;0.0;0.0;31.86;31.4;1.17;
2022-08-25 19:00:00;0.0;0.0;0.0;30.13;36.95;1.52;
2022-08-25 20:00:00;0.0;0.0;0.0;28.66;42.05;1.66;
2022-08-25 21:00:00;0.0;0.0;0.0;27.35;47.9;1.79;
2022-08-25 22:00:00;0.0;0.0;0.0;26.16;52.85;1.38;
2022-08-25 23:00:00;0.0;0.0;0.0;25.28;54.55;1.52;
2022-08-26 00:00:00;0.0;0.0;0.0;24.35;60.25;1.45;
2022-08-26 01:00:00;0.0;0.0;0.0;23.66;62.25;1.52;
2022-08-26 02:00:00;0.0;0.0;0.0;23.12;64.3;1.66;
2022-08-26 03:00:00;0.0;0.0;0.0;22.61;66.45;1.66;
2022-08-26 04:00:00;0.0;0.0;0.0;22.17;68.7;1.52;
2022-08-26 05:00:00;24.0;24.44;22.0;21.9;71.05;1.38;
2022-08-26 06:00:00;112.0;41.88;101.0;23.4;66.65;1.24;
2022-08-26 07:00:00;205.0;50.65;183.0;25.58;60.45;1.1;
2022-08-26 08:00:00;521.0;599.7;170.0;27.36;54.95;1.03;
2022-08-26 09:00:00;667.0;702.04;172.0;29.03;46.75;0.97;
2022-08-26 10:00:00;746.0;691.17;203.0;30.68;41.15;1.03;
2022-08-26 11:00:00;805.0;760.89;180.0;32.03;36.25;1.24;
2022-08-26 12:00:00;779.0;714.81;200.0;33.16;32.9;1.1;
2022-08-26 13:00:00;684.0;596.92;235.0;34.07;29.9;0.97;
2022-08-26 14:00:00;495.0;320.6;286.0;34.72;28.05;1.24;
2022-08-26 15:00:00;458.0;604.69;146.0;33.72;29.8;3.17;
2022-08-26 16:00:00;294.0;528.75;107.0;32.09;36.25;4.21;
2022-08-26 17:00:00;112.0;255.61;67.0;31.52;40.0;2.48;
2022-08-26 18:00:00;0.0;0.0;0.0;30.68;42.6;1.52;
2022-08-26 19:00:00;0.0;0.0;0.0;30.35;43.95;1.93;
2022-08-26 20:00:00;0.0;0.0;0.0;28.83;51.65;1.52;
2022-08-26 21:00:00;0.0;0.0;0.0;28.18;53.35;0.9;
2022-08-26 22:00:00;0.0;0.0;0.0;26.5;60.7;1.31;
2022-08-26 23:00:00;0.0;0.0;0.0;25.3;64.7;1.79;
2022-08-27 00:00:00;0.0;0.0;0.0;24.43;66.85;1.79;
2022-08-27 01:00:00;0.0;0.0;0.0;23.79;73.75;1.79;
2022-08-27 02:00:00;0.0;0.0;0.0;23.25;73.7;1.79;
2022-08-27 03:00:00;0.0;0.0;0.0;22.79;73.6;1.86;
2022-08-27 04:00:00;0.0;0.0;0.0;22.3;76.1;1.79;
2022-08-27 05:00:00;31.0;63.72;26.0;21.82;78.65;1.66;
2022-08-27 06:00:00;178.0;304.46;99.0;23.32;76.2;1.24;
2022-08-27 07:00:00;357.0;503.12;140.0;26.29;62.65;1.38;
2022-08-27 08:00:00;523.0;613.15;166.0;28.21;57.05;0.97;
2022-08-27 09:00:00;658.0;676.64;183.0;30.11;48.65;0.9;
2022-08-27 10:00:00;737.0;669.72;213.0;31.73;42.85;0.97;
2022-08-27 11:00:00;756.0;617.36;251.0;33.13;37.75;1.1;
2022-08-27 12:00:00;757.0;652.32;231.0;34.33;34.35;1.38;
2022-08-27 13:00:00;720.0;724.36;178.0;35.04;30.15;1.59;
2022-08-27 14:00:00;597.0;645.41;179.0;35.58;28.3;2.07;
2022-08-27 15:00:00;447.0;570.97;155.0;35.61;27.3;2.76;
2022-08-27 16:00:00;279.0;464.42;117.0;35.41;27.2;2.41;
2022-08-27 17:00:00;114.0;298.31;63.0;34.92;28.05;1.93;
2022-08-27 18:00:00;0.0;0.0;0.0;33.69;30.85;1.66;
2022-08-27 19:00:00;0.0;0.0;0.0;31.61;38.7;2.62;
2022-08-27 20:00:00;0.0;0.0;0.0;30.18;42.45;2.69;
2022-08-27 21:00:00;0.0;0.0;0.0;28.85;45.05;2.55;
2022-08-27 22:00:00;0.0;0.0;0.0;27.76;46.4;2.14;
2022-08-27 23:00:00;0.0;0.0;0.0;26.8;49.45;2.14;
2022-08-28 00:00:00;0.0;0.0;0.0;25.95;51.05;2.28;
2022-08-28 01:00:00;0.0;0.0;0.0;25.25;54.55;2.48;
2022-08-28 02:00:00;0.0;0.0;0.0;24.71;58.35;2.55;
2022-08-28 03:00:00;0.0;0.0;0.0;24.42;58.35;2.34;
2022-08-28 04:00:00;0.0;0.0;0.0;23.87;62.25;2.14;
2022-08-28 05:00:00;35.0;119.89;26.0;23.31;66.55;1.72;
2022-08-28 06:00:00;31.0;0.0;31.0;24.3;69.05;1.1;
2022-08-28 07:00:00;258.0;154.13;192.0;26.17;60.6;0.21;
2022-08-28 08:00:00;317.0;86.33;267.0;28.27;51.55;0.28;
2022-08-28 09:00:00;408.0;105.89;334.0;30.25;45.45;0.62;
2022-08-28 10:00:00;590.0;301.61;355.0;31.78;41.4;1.24;
2022-08-28 11:00:00;734.0;565.96;273.0;32.89;37.65;1.52;
2022-08-28 12:00:00;528.0;168.2;393.0;33.91;35.4;1.66;
2022-08-28 13:00:00;158.0;0.0;158.0;32.46;41.55;2.21;
2022-08-28 14:00:00;491.0;327.98;280.0;32.89;38.95;3.03;
2022-08-28 15:00:00;439.0;558.43;156.0;33.23;35.25;1.86;
2022-08-28 16:00:00;298.0;590.27;95.0;33.14;35.25;1.59;
2022-08-28 17:00:00;93.0;162.84;66.0;32.81;37.65;2.48;
2022-08-28 18:00:00;0.0;0.0;0.0;31.64;41.4;3.1;
2022-08-28 19:00:00;0.0;0.0;0.0;30.89;52.15;0.41;
2022-08-28 20:00:00;0.0;0.0;0.0;29.28;55.4;0.83;
2022-08-28 21:00:00;0.0;0.0;0.0;27.58;58.9;2.0;
2022-08-28 22:00:00;0.0;0.0;0.0;26.75;62.8;2.21;
2022-08-28 23:00:00;0.0;0.0;0.0;26.09;67.05;2.62;
2022-08-29 00:00:00;0.0;0.0;0.0;25.48;66.95;3.03;
2022-08-29 01:00:00;0.0;0.0;0.0;24.85;69.15;2.97;
2022-08-29 02:00:00;0.0;0.0;0.0;24.27;69.05;2.76;
2022-08-29 03:00:00;0.0;0.0;0.0;24.05;69.05;2.69;
2022-08-29 04:00:00;0.0;0.0;0.0;23.53;71.35;2.76;
2022-08-29 05:00:00;24.0;41.86;21.0;23.15;73.7;2.97;
2022-08-29 06:00:00;158.0;221.32;102.0;23.71;73.75;3.38;
2022-08-29 07:00:00;332.0;411.7;157.0;24.23;64.5;1.86;
2022-08-29 08:00:00;492.0;520.79;192.0;25.94;56.6;1.93;
2022-08-29 09:00:00;636.0;623.84;202.0;27.58;49.7;2.34;
2022-08-29 10:00:00;731.0;674.12;208.0;29.2;42.2;2.69;
2022-08-29 11:00:00;771.0;686.79;214.0;30.5;37.1;2.9;
2022-08-29 12:00:00;762.0;697.25;205.0;31.34;34.75;2.9;
2022-08-29 13:00:00;701.0;690.39;190.0;31.95;33.7;2.69;
2022-08-29 14:00:00;582.0;626.04;182.0;32.36;32.65;2.28;
2022-08-29 15:00:00;436.0;563.65;153.0;32.47;33.8;1.93;
2022-08-29 16:00:00;264.0;427.81;119.0;32.27;33.8;1.79;
2022-08-29 17:00:00;99.0;230.38;62.0;31.76;34.9;1.86;
2022-08-29 18:00:00;0.0;0.0;0.0;30.66;37.1;2.14;
2022-08-29 19:00:00;0.0;0.0;0.0;29.51;39.5;2.69;
2022-08-29 20:00:00;0.0;0.0;0.0;28.53;42.05;2.97;
2022-08-29 21:00:00;0.0;0.0;0.0;27.67;44.8;2.97;
2022-08-29 22:00:00;0.0;0.0;0.0;26.93;46.25;2.9;
2022-08-29 23:00:00;0.0;0.0;0.0;26.18;49.3;2.9;
2022-08-30 00:00:00;0.0;0.0;0.0;25.41;50.95;2.62;
2022-08-30 01:00:00;0.0;0.0;0.0;24.71;50.8;2.34;
2022-08-30 02:00:00;0.0;0.0;0.0;24.25;52.5;2.34;
2022-08-30 03:00:00;0.0;0.0;0.0;23.86;54.2;2.34;
2022-08-30 04:00:00;0.0;0.0;0.0;23.37;54.1;2.28;
2022-08-30 05:00:00;12.0;0.0;12.0;22.87;55.9;2.14;
2022-08-30 06:00:00;132.0;112.1;104.0;23.45;52.35;2.07;
2022-08-30 07:00:00;338.0;455.08;146.0;24.93;50.95;2.48;
2022-08-30 08:00:00;499.0;560.31;178.0;26.49;46.15;2.07;
2022-08-30 09:00:00;641.0;655.63;187.0;28.17;41.95;1.72;
2022-08-30 10:00:00;735.0;699.06;195.0;29.75;38.15;1.31;
2022-08-30 11:00:00;775.0;712.13;200.0;30.95;35.85;1.03;
2022-08-30 12:00:00;757.0;694.33;205.0;31.96;34.9;0.34;
2022-08-30 13:00:00;695.0;687.49;189.0;32.75;32.8;0.21;
2022-08-30 14:00:00;428.0;203.32;299.0;33.41;31.8;0.14;
2022-08-30 15:00:00;421.0;518.77;163.0;33.68;29.8;0.34;
2022-08-30 16:00:00;186.0;119.8;146.0;33.49;30.7;0.55;
2022-08-30 17:00:00;91.0;193.13;61.0;33.0;30.7;0.97;
2022-08-30 18:00:00;0.0;0.0;0.0;32.14;32.65;0.97;
2022-08-30 19:00:00;0.0;0.0;0.0;30.45;38.3;1.72;
2022-08-30 20:00:00;0.0;0.0;0.0;29.23;42.2;1.45;
2022-08-30 21:00:00;0.0;0.0;0.0;29.16;40.75;0.41;
2022-08-30 22:00:00;0.0;0.0;0.0;28.37;44.95;0.41;
2022-08-30 23:00:00;0.0;0.0;0.0;27.47;46.4;0.55;
2022-08-31 00:00:00;0.0;0.0;0.0;25.92;52.85;0.83;
2022-08-31 01:00:00;0.0;0.0;0.0;25.8;56.5;0.34;
2022-08-31 02:00:00;0.0;0.0;0.0;25.16;56.5;0.62;
2022-08-31 03:00:00;0.0;0.0;0.0;23.36;64.3;1.17;
2022-08-31 04:00:00;0.0;0.0;0.0;22.87;66.45;1.17;
2022-08-31 05:00:00;26.0;77.15;21.0;23.26;66.55;0.83;
2022-08-31 06:00:00;119.0;77.08;100.0;23.9;62.35;0.62;
2022-08-31 07:00:00;374.0;640.05;106.0;23.58;78.9;0.9;
2022-08-31 08:00:00;394.0;236.96;259.0;25.23;69.25;1.79;
2022-08-31 09:00:00;633.0;634.06;196.0;27.1;60.8;1.31;
2022-08-31 10:00:00;633.0;414.8;314.0;29.14;50.05;2.21;
2022-08-31 11:00:00;466.0;95.79;389.0;30.35;43.95;3.17;
2022-08-31 12:00:00;229.0;0.0;229.0;31.08;37.25;3.66;
2022-08-31 13:00:00;69.0;0.0;69.0;32.07;32.65;5.1;
2022-08-31 14:00:00;561.0;579.4;196.0;30.33;38.3;6.76;
2022-08-31 15:00:00;128.0;0.0;128.0;30.24;38.3;6.28;
2022-08-31 16:00:00;103.0;3.04;102.0;29.68;36.32;3.84;
2022-08-31 17:00:00;89.0;206.65;58.0;28.67;40.86;3.65;
2022-08-31 18:00:00;0.0;0.0;0.0;27.66;45.39;3.45;
2022-08-31 19:00:00;0.0;0.0;0.0;26.65;49.93;3.26;
2022-08-31 20:00:00;0.0;0.0;0.0;25.65;54.47;3.06;
2022-08-31 21:00:00;0.0;0.0;0.0;24.64;59.0;2.87;
2022-08-31 22:00:00;0.0;0.0;0.0;23.63;63.54;2.68;
2022-08-31 23:00:00;0.0;0.0;0.0;22.62;68.07;2.48;
2022-09-01 00:00:00;0.0;0.0;0.0;21.61;72.61;2.29;
2022-09-01 01:00:00;0.0;0.0;0.0;20.6;77.14;2.09;
2022-09-01 02:00:00;0.0;0.0;0.0;19.6;81.68;1.9;
2022-09-01 03:00:00;0.0;0.0;0.0;18.59;86.22;1.7;
2022-09-01 04:00:00;0.0;0.0;0.0;17.58;90.75;1.51;
2022-09-01 05:00:00;14.0;0.0;14.0;16.57;95.29;1.31;
2022-09-01 06:00:00;31.0;0.0;31.0;15.56;99.82;1.12;
2022-09-01 07:00:00;72.0;0.0;72.0;14.55;100.0;0.92;
2022-09-01 08:00:00;112.0;0.0;112.0;18.41;78.25;1.66;
2022-09-01 09:00:00;271.0;10.21;264.0;19.51;68.1;2.76;
2022-09-01 10:00:00;97.0;0.0;97.0;20.12;59.35;3.52;
2022-09-01 11:00:00;147.0;0.0;147.0;20.59;57.45;3.93;
2022-09-01 12:00:00;213.0;0.0;213.0;20.92;55.45;4.34;
2022-09-01 13:00:00;455.0;133.33;358.0;21.0;57.45;4.0;
2022-09-01 14:00:00;225.0;4.8;222.0;21.01;57.45;4.0;
2022-09-01 15:00:00;219.0;32.81;203.0;20.91;57.45;3.45;
2022-09-01 16:00:00;115.0;12.36;111.0;20.54;59.35;2.48;
2022-09-01 17:00:00;82.0;172.85;57.0;20.44;59.35;1.59;
2022-09-01 18:00:00;0.0;0.0;0.0;19.82;70.65;0.55;
2022-09-01 19:00:00;0.0;0.0;0.0;19.23;75.65;1.17;
2022-09-01 20:00:00;0.0;0.0;0.0;19.38;73.05;0.55;
2022-09-01 21:00:00;0.0;0.0;0.0;19.35;70.55;0.28;
2022-09-01 22:00:00;0.0;0.0;0.0;17.79;78.15;1.17;
2022-09-01 23:00:00;0.0;0.0;0.0;17.1;80.85;1.24;
2022-09-02 00:00:00;0.0;0.0;0.0;16.43;86.55;1.45;
2022-09-02 01:00:00;0.0;0.0;0.0;15.76;89.6;1.66;
2022-09-02 02:00:00;0.0;0.0;0.0;15.37;92.75;1.45;
2022-09-02 03:00:00;0.0;0.0;0.0;15.77;86.5;0.83;
2022-09-02 04:00:00;0.0;0.0;0.0;16.18;83.6;0.48;
2022-09-02 05:00:00;6.0;0.0;6.0;16.04;83.6;0.28;
2022-09-02 06:00:00;156.0;250.1;96.0;16.26;83.6;0.14;
2022-09-02 07:00:00;130.0;2.43;129.0;17.81;83.75;0.9;
2022-09-02 08:00:00;338.0;127.83;266.0;18.76;81.05;1.59;
2022-09-02 09:00:00;363.0;65.93;318.0;19.84;78.35;2.0;
2022-09-02 10:00:00;582.0;304.43;350.0;20.58;68.4;2.07;
2022-09-02 11:00:00;479.0;109.25;392.0;21.28;66.15;2.21;
2022-09-02 12:00:00;636.0;377.98;340.0;22.1;59.8;2.83;
2022-09-02 13:00:00;549.0;298.67;333.0;22.62;55.9;3.31;
2022-09-02 14:00:00;499.0;389.87;257.0;22.78;55.9;3.66;
2022-09-02 15:00:00;460.0;727.22;109.0;22.54;55.8;3.72;
2022-09-02 16:00:00;277.0;587.27;90.0;22.04;59.7;3.03;
2022-09-02 17:00:00;96.0;337.64;49.0;21.38;61.7;2.55;
2022-09-02 18:00:00;0.0;0.0;0.0;20.36;68.3;2.07;
2022-09-02 19:00:00;0.0;0.0;0.0;19.2;75.65;2.0;
2022-09-02 20:00:00;0.0;0.0;0.0;18.61;78.3;1.86;
2022-09-02 21:00:00;0.0;0.0;0.0;18.09;81.0;1.52;
2022-09-02 22:00:00;0.0;0.0;0.0;17.53;83.75;1.79;
2022-09-02 23:00:00;0.0;0.0;0.0;16.9;89.65;1.79;
2022-09-03 00:00:00;0.0;0.0;0.0;16.34;89.65;1.66;
2022-09-03 01:00:00;0.0;0.0;0.0;16.13;89.65;1.45;
2022-09-03 02:00:00;0.0;0.0;0.0;15.72;92.75;1.52;
2022-09-03 03:00:00;0.0;0.0;0.0;15.49;92.75;1.52;
2022-09-03 04:00:00;0.0;0.0;0.0;15.46;92.75;1.52;
2022-09-03 05:00:00;12.0;0.0;12.0;15.08;89.55;1.86;
2022-09-03 06:00:00;188.0;481.87;74.0;15.84;89.6;1.72;
2022-09-03 07:00:00;369.0;643.03;106.0;16.99;83.65;1.72;
2022-09-03 08:00:00;541.0;746.48;123.0;18.52;72.95;1.66;
2022-09-03 09:00:00;667.0;768.59;145.0;19.94;70.65;1.38;
2022-09-03 10:00:00;745.0;754.11;173.0;21.3;63.9;1.24;
2022-09-03 11:00:00;743.0;633.38;241.0;22.52;57.75;1.72;
2022-09-03 12:00:00;783.0;802.28;158.0;23.41;54.1;2.21;
2022-09-03 13:00:00;728.0;822.2;137.0;23.75;52.35;2.48;
2022-09-03 14:00:00;603.0;762.97;133.0;24.09;48.95;2.62;
2022-09-03 15:00:00;445.0;682.5;119.0;24.28;48.95;2.69;
2022-09-03 16:00:00;264.0;542.86;94.0;24.08;48.8;2.21;
2022-09-03 17:00:00;74.0;157.04;53.0;23.59;48.8;1.45;
2022-09-03 18:00:00;0.0;0.0;0.0;22.52;55.8;1.66;
2022-09-03 19:00:00;0.0;0.0;0.0;20.78;63.8;2.41;
2022-09-03 20:00:00;0.0;0.0;0.0;19.89;70.65;2.34;
2022-09-03 21:00:00;0.0;0.0;0.0;19.17;73.05;2.28;
2022-09-03 22:00:00;0.0;0.0;0.0;18.37;78.25;2.21;
2022-09-03 23:00:00;0.0;0.0;0.0;17.77;83.75;2.21;
2022-09-04 00:00:00;0.0;0.0;0.0;17.27;86.65;2.14;
2022-09-04 01:00:00;0.0;0.0;0.0;16.89;89.65;2.21;
2022-09-04 02:00:00;0.0;0.0;0.0;16.56;86.6;2.28;
2022-09-04 03:00:00;0.0;0.0;0.0;16.25;89.65;2.07;
2022-09-04 04:00:00;0.0;0.0;0.0;15.84;92.75;1.93;
2022-09-04 05:00:00;10.0;0.0;10.0;15.47;92.75;1.72;
2022-09-04 06:00:00;183.0;467.34;74.0;16.2;89.65;1.17;
2022-09-04 07:00:00;363.0;628.53;108.0;19.59;78.35;1.52;
2022-09-04 08:00:00;545.0;770.7;116.0;21.43;70.9;1.93;
2022-09-04 09:00:00;685.0;825.76;127.0;22.88;62.05;1.93;
2022-09-04 10:00:00;777.0;851.77;134.0;24.09;54.35;1.66;
2022-09-04 11:00:00;806.0;831.74;150.0;25.14;49.2;1.66;
2022-09-04 12:00:00;798.0;850.45;139.0;25.89;46.0;1.72;
2022-09-04 13:00:00;740.0;866.52;121.0;26.36;43.05;1.72;
2022-09-04 14:00:00;604.0;777.1;129.0;26.53;43.05;1.93;
2022-09-04 15:00:00;375.0;393.58;189.0;26.44;44.55;2.07;
2022-09-04 16:00:00;259.0;539.26;93.0;26.06;46.0;2.41;
2022-09-04 17:00:00;78.0;226.21;49.0;25.21;50.95;2.55;
2022-09-04 18:00:00;0.0;0.0;0.0;23.54;60.05;2.55;
2022-09-04 19:00:00;0.0;0.0;0.0;22.16;68.7;2.62;
2022-09-04 20:00:00;0.0;0.0;0.0;21.11;75.95;2.41;
2022-09-04 21:00:00;0.0;0.0;0.0;20.3;81.15;2.34;
2022-09-04 22:00:00;0.0;0.0;0.0;19.65;83.9;2.34;
2022-09-04 23:00:00;0.0;0.0;0.0;19.01;86.8;2.34;
2022-09-05 00:00:00;0.0;0.0;0.0;18.52;89.75;2.21;
2022-09-05 01:00:00;0.0;0.0;0.0;18.07;86.75;2.07;
2022-09-05 02:00:00;0.0;0.0;0.0;17.51;92.85;1.72;
2022-09-05 03:00:00;0.0;0.0;0.0;17.17;89.7;1.31;
2022-09-05 04:00:00;0.0;0.0;0.0;18.17;86.75;0.9;
2022-09-05 05:00:00;9.0;0.0;9.0;18.14;86.75;0.55;
2022-09-05 06:00:00;181.0;474.18;72.0;18.04;86.75;0.28;
2022-09-05 07:00:00;362.0;638.68;105.0;20.87;81.2;1.1;
2022-09-05 08:00:00;537.0;755.49;119.0;22.67;71.15;0.97;
2022-09-05 09:00:00;682.0;831.52;123.0;24.08;64.4;0.83;
2022-09-05 10:00:00;771.0;846.61;135.0;25.15;54.55;0.69;
2022-09-05 11:00:00;799.0;828.24;149.0;26.02;51.05;0.83;
2022-09-05 12:00:00;753.0;733.12;188.0;26.65;46.25;0.97;
2022-09-05 13:00:00;730.0;853.72;124.0;27.15;44.8;1.17;
2022-09-05 14:00:00;600.0;779.99;127.0;27.22;43.3;1.03;
2022-09-05 15:00:00;434.0;678.13;117.0;27.15;43.3;0.55;
2022-09-05 16:00:00;256.0;548.85;90.0;27.08;44.7;0.41;
2022-09-05 17:00:00;78.0;269.11;45.0;26.8;44.7;0.48;
2022-09-05 18:00:00;0.0;0.0;0.0;25.11;60.45;0.97;
2022-09-05 19:00:00;0.0;0.0;0.0;23.21;66.55;1.24;
2022-09-05 20:00:00;0.0;0.0;0.0;22.77;66.45;1.03;
2022-09-05 21:00:00;0.0;0.0;0.0;21.83;71.0;1.03;
2022-09-05 22:00:00;0.0;0.0;0.0;21.14;75.95;0.9;
2022-09-05 23:00:00;0.0;0.0;0.0;20.77;78.5;0.76;
2022-09-06 00:00:00;0.0;0.0;0.0;20.36;81.15;0.69;
2022-09-06 01:00:00;0.0;0.0;0.0;19.6;83.9;0.76;
2022-09-06 02:00:00;0.0;0.0;0.0;19.09;86.8;0.76;
2022-09-06 03:00:00;0.0;0.0;0.0;19.13;86.8;0.48;
2022-09-06 04:00:00;0.0;0.0;0.0;18.77;86.8;0.34;
2022-09-06 05:00:00;8.0;0.0;8.0;18.32;86.75;0.55;
2022-09-06 06:00:00;162.0;362.05;80.0;18.55;86.8;0.83;
2022-09-06 07:00:00;325.0;478.64;134.0;20.52;83.95;0.07;
2022-09-06 08:00:00;517.0;703.78;130.0;22.12;73.55;0.55;
2022-09-06 09:00:00;658.0;777.57;138.0;23.39;68.85;1.31;
2022-09-06 10:00:00;752.0;813.36;144.0;24.49;64.5;1.45;
2022-09-06 11:00:00;763.0;742.8;183.0;24.88;60.35;1.24;
2022-09-06 12:00:00;755.0;767.2;167.0;25.68;56.6;1.59;
2022-09-06 13:00:00;696.0;775.6;149.0;26.1;52.85;2.21;
2022-09-06 14:00:00;558.0;656.66;163.0;26.01;51.05;2.07;
2022-09-06 15:00:00;99.0;0.0;99.0;25.87;51.05;1.52;
2022-09-06 16:00:00;22.0;0.0;22.0;25.44;50.95;0.69;
2022-09-06 17:00:00;7.0;0.0;7.0;24.81;54.45;0.62;
2022-09-06 18:00:00;0.0;0.0;0.0;23.7;60.15;1.59;
2022-09-06 19:00:00;0.0;0.0;0.0;22.17;71.05;1.24;
2022-09-06 20:00:00;0.0;0.0;0.0;21.35;78.55;1.17;
2022-09-06 21:00:00;0.0;0.0;0.0;20.68;81.2;1.1;
2022-09-06 22:00:00;0.0;0.0;0.0;19.79;86.85;1.45;
2022-09-06 23:00:00;0.0;0.0;0.0;19.28;89.8;1.45;
2022-09-07 00:00:00;0.0;0.0;0.0;19.29;89.8;1.03;
2022-09-07 01:00:00;0.0;0.0;0.0;18.67;86.8;1.66;
2022-09-07 02:00:00;0.0;0.0;0.0;18.37;89.75;2.07;
2022-09-07 03:00:00;0.0;0.0;0.0;18.18;86.75;2.41;
2022-09-07 04:00:00;0.0;0.0;0.0;17.97;89.75;2.34;
2022-09-07 05:00:00;7.0;0.0;7.0;17.55;89.75;1.93;
2022-09-07 06:00:00;92.0;35.86;84.0;17.9;89.75;1.59;
2022-09-07 07:00:00;214.0;96.04;176.0;19.6;83.9;0.76;
2022-09-07 08:00:00;313.0;104.31;256.0;21.19;75.95;1.31;
2022-09-07 09:00:00;536.0;387.86;278.0;22.68;64.2;1.24;
2022-09-07 10:00:00;679.0;590.25;240.0;23.83;58.1;1.03;
2022-09-07 11:00:00;777.0;795.56;159.0;24.75;52.6;1.1;
2022-09-07 12:00:00;792.0;876.52;124.0;25.56;50.95;0.9;
2022-09-07 13:00:00;717.0;849.23;122.0;26.09;47.65;0.83;
2022-09-07 14:00:00;591.0;787.81;121.0;26.36;44.55;0.55;
2022-09-07 15:00:00;424.0;680.44;113.0;26.5;44.55;0.41;
2022-09-07 16:00:00;245.0;545.35;86.0;26.4;43.05;0.55;
2022-09-07 17:00:00;67.0;233.48;41.0;25.97;44.45;1.03;
2022-09-07 18:00:00;0.0;0.0;0.0;24.61;49.05;2.07;
2022-09-07 19:00:00;0.0;0.0;0.0;22.84;62.05;2.07;
2022-09-07 20:00:00;0.0;0.0;0.0;21.52;70.9;1.59;
2022-09-07 21:00:00;0.0;0.0;0.0;20.45;78.45;1.31;
2022-09-07 22:00:00;0.0;0.0;0.0;19.95;81.1;1.17;
2022-09-07 23:00:00;0.0;0.0;0.0;19.04;86.8;1.79;
2022-09-08 00:00:00;0.0;0.0;0.0;18.6;86.8;1.79;
2022-09-08 01:00:00;0.0;0.0;0.0;17.92;89.75;1.72;
2022-09-08 02:00:00;0.0;0.0;0.0;17.75;92.85;1.31;
2022-09-08 03:00:00;0.0;0.0;0.0;18.01;92.85;0.83;
2022-09-08 04:00:00;0.0;0.0;0.0;18.5;89.75;0.55;
2022-09-08 05:00:00;4.0;0.0;4.0;18.25;89.75;0.48;
2022-09-08 06:00:00;152.0;323.22;81.0;18.86;86.8;0.21;
2022-09-08 07:00:00;340.0;583.78;111.0;20.49;89.85;0.34;
2022-09-08 08:00:00;517.0;723.75;124.0;22.17;76.1;0.34;
2022-09-08 09:00:00;660.0;799.59;131.0;23.51;68.85;0.76;
2022-09-08 10:00:00;750.0;825.73;139.0;24.76;58.35;1.17;
2022-09-08 11:00:00;786.0;829.51;145.0;25.7;52.85;1.24;
2022-09-08 12:00:00;761.0;802.39;153.0;26.56;49.45;1.45;
2022-09-08 13:00:00;652.0;650.91;199.0;26.79;46.25;1.45;
2022-09-08 14:00:00;577.0;757.28;129.0;27.14;43.3;1.38;
2022-09-08 15:00:00;417.0;670.68;114.0;27.23;43.3;1.45;
2022-09-08 16:00:00;235.0;510.42;89.0;26.94;44.7;1.52;
2022-09-08 17:00:00;61.0;198.74;40.0;26.16;47.75;1.31;
2022-09-08 18:00:00;0.0;0.0;0.0;24.93;54.45;1.52;
2022-09-08 19:00:00;0.0;0.0;0.0;23.8;62.25;1.93;
2022-09-08 20:00:00;0.0;0.0;0.0;22.62;68.75;1.93;
2022-09-08 21:00:00;0.0;0.0;0.0;21.6;73.45;1.66;
2022-09-08 22:00:00;0.0;0.0;0.0;20.4;83.95;1.38;
2022-09-08 23:00:00;0.0;0.0;0.0;20.12;83.95;1.17;
2022-09-09 00:00:00;0.0;0.0;0.0;20.55;83.95;0.9;
2022-09-09 01:00:00;0.0;0.0;0.0;20.45;83.95;0.9;
2022-09-09 02:00:00;0.0;0.0;0.0;20.39;81.15;0.69;
2022-09-09 03:00:00;0.0;0.0;0.0;20.62;78.5;0.34;
2022-09-09 04:00:00;0.0;0.0;0.0;20.29;81.15;0.62;
2022-09-09 05:00:00;3.0;0.0;3.0;19.05;86.8;1.03;
2022-09-09 06:00:00;147.0;300.61;82.0;19.31;86.8;0.83;
2022-09-09 07:00:00;305.0;414.05;144.0;21.06;81.3;1.1;
2022-09-09 08:00:00;455.0;485.63;193.0;22.49;71.05;0.9;
2022-09-09 09:00:00;653.0;788.82;134.0;23.77;64.4;0.76;
2022-09-09 10:00:00;747.0;825.98;139.0;25.07;62.45;0.55;
2022-09-09 11:00:00;770.0;796.23;158.0;25.99;56.6;0.07;
2022-09-09 12:00:00;712.0;659.76;215.0;26.84;51.3;0.69;
2022-09-09 13:00:00;662.0;700.23;178.0;27.37;48.0;0.97;
2022-09-09 14:00:00;541.0;642.75;164.0;27.88;46.5;1.1;
2022-09-09 15:00:00;373.0;488.29;155.0;28.02;44.95;1.24;
2022-09-09 16:00:00;234.0;527.66;86.0;27.85;44.95;1.03;
2022-09-09 17:00:00;46.0;90.05;37.0;27.52;46.4;0.9;
2022-09-09 18:00:00;0.0;0.0;0.0;26.71;51.3;0.48;
2022-09-09 19:00:00;0.0;0.0;0.0;24.71;62.45;1.17;
2022-09-09 20:00:00;0.0;0.0;0.0;23.91;64.4;1.17;
2022-09-09 21:00:00;0.0;0.0;0.0;23.86;64.4;0.9;
2022-09-09 22:00:00;0.0;0.0;0.0;22.86;68.75;0.9;
2022-09-09 23:00:00;0.0;0.0;0.0;22.4;71.05;0.69;
2022-09-10 00:00:00;0.0;0.0;0.0;22.07;71.05;0.69;
2022-09-10 01:00:00;0.0;0.0;0.0;21.65;76.0;0.62;
2022-09-10 02:00:00;0.0;0.0;0.0;21.28;78.55;0.48;
2022-09-10 03:00:00;0.0;0.0;0.0;21.06;78.55;0.28;
2022-09-10 04:00:00;0.0;0.0;0.0;20.87;81.2;0.69;
2022-09-10 05:00:00;4.0;0.0;4.0;20.47;81.15;0.41;
2022-09-10 06:00:00;140.0;277.29;81.0;20.59;81.2;0.14;
2022-09-10 07:00:00;323.0;526.74;120.0;21.47;81.3;0.9;
2022-09-10 08:00:00;503.0;697.79;129.0;22.96;73.6;0.9;
2022-09-10 09:00:00;646.0;782.56;134.0;24.44;66.75;0.83;
2022-09-10 10:00:00;736.0;808.54;144.0;25.77;58.55;0.69;
2022-09-10 11:00:00;767.0;801.89;154.0;27.08;53.1;0.83;
2022-09-10 12:00:00;728.0;733.15;179.0;28.18;48.25;1.03;
2022-09-10 13:00:00;700.0;840.6;123.0;28.93;45.2;1.17;
2022-09-10 14:00:00;564.0;748.14;129.0;29.35;42.3;1.03;
2022-09-10 15:00:00;402.0;650.68;115.0;29.48;42.3;1.03;
2022-09-10 16:00:00;221.0;483.84;88.0;29.18;40.9;0.9;
2022-09-10 17:00:00;50.0;159.27;35.0;28.69;42.2;1.03;
2022-09-10 18:00:00;0.0;0.0;0.0;26.96;49.55;1.45;
2022-09-10 19:00:00;0.0;0.0;0.0;25.04;62.45;2.21;
2022-09-10 20:00:00;0.0;0.0;0.0;23.99;66.65;1.93;
2022-09-10 21:00:00;0.0;0.0;0.0;22.68;73.6;1.72;
2022-09-10 22:00:00;0.0;0.0;0.0;21.41;81.3;1.59;
2022-09-10 23:00:00;0.0;0.0;0.0;20.69;84.05;1.45;
2022-09-11 00:00:00;0.0;0.0;0.0;20.65;84.05;1.17;
2022-09-11 01:00:00;0.0;0.0;0.0;20.66;81.2;0.97;
2022-09-11 02:00:00;0.0;0.0;0.0;20.62;81.2;0.9;
2022-09-11 03:00:00;0.0;0.0;0.0;20.79;81.2;0.48;
2022-09-11 04:00:00;0.0;0.0;0.0;20.75;81.2;0.48;
2022-09-11 05:00:00;3.0;0.0;3.0;20.2;81.15;0.69;
2022-09-11 06:00:00;128.0;205.45;85.0;19.5;86.8;0.34;
2022-09-11 07:00:00;295.0;392.76;145.0;22.74;73.6;0.41;
2022-09-11 08:00:00;493.0;672.42;135.0;24.91;62.45;0.28;
2022-09-11 09:00:00;645.0;785.51;134.0;26.82;53.1;0.76;
2022-09-11 10:00:00;738.0;822.54;139.0;28.35;46.65;1.03;
2022-09-11 11:00:00;769.0;815.56;149.0;29.47;40.9;1.03;
2022-09-11 12:00:00;747.0;798.07;153.0;30.33;38.3;1.03;
2022-09-11 13:00:00;666.0;751.21;154.0;30.83;35.85;0.76;
2022-09-11 14:00:00;555.0;730.53;134.0;31.08;34.6;0.76;
2022-09-11 15:00:00;396.0;642.7;116.0;31.1;34.6;1.03;
2022-09-11 16:00:00;214.0;467.97;88.0;30.87;34.6;1.24;
2022-09-11 17:00:00;33.0;0.0;33.0;30.08;38.15;1.24;
2022-09-11 18:00:00;0.0;0.0;0.0;28.0;44.95;1.59;
2022-09-11 19:00:00;0.0;0.0;0.0;25.83;52.85;2.0;
2022-09-11 20:00:00;0.0;0.0;0.0;24.05;64.4;1.72;
2022-09-11 21:00:00;0.0;0.0;0.0;22.89;71.15;1.38;
2022-09-11 22:00:00;0.0;0.0;0.0;22.83;71.15;1.03;
2022-09-11 23:00:00;0.0;0.0;0.0;22.21;73.55;0.9;
2022-09-12 00:00:00;0.0;0.0;0.0;21.38;81.3;0.83;
2022-09-12 01:00:00;0.0;0.0;0.0;21.11;81.3;0.48;
2022-09-12 02:00:00;0.0;0.0;0.0;20.61;84.05;0.34;
2022-09-12 03:00:00;0.0;0.0;0.0;20.1;86.85;0.21;
2022-09-12 04:00:00;0.0;0.0;0.0;19.85;86.85;0.21;
2022-09-12 05:00:00;0.0;0.0;0.0;19.67;86.85;0.41;
2022-09-12 06:00:00;148.0;374.15;71.0;20.01;86.85;0.55;
2022-09-12 07:00:00;324.0;562.9;111.0;22.32;76.1;0.28;
2022-09-12 08:00:00;496.0;694.02;129.0;24.54;64.5;0.07;
2022-09-12 09:00:00;629.0;746.8;146.0;26.44;52.95;0.41;
2022-09-12 10:00:00;728.0;803.61;146.0;28.02;44.95;0.41;
2022-09-12 11:00:00;759.0;796.36;157.0;29.19;39.5;0.55;
2022-09-12 12:00:00;740.0;790.85;155.0;29.95;36.85;0.83;
2022-09-12 13:00:00;685.0;817.24;132.0;30.6;33.3;0.97;
2022-09-12 14:00:00;548.0;723.16;135.0;30.95;31.15;1.17;
2022-09-12 15:00:00;381.0;597.39;124.0;31.02;31.15;1.38;
2022-09-12 16:00:00;188.0;322.49;103.0;30.53;31.0;1.72;
2022-09-12 17:00:00;29.0;0.0;29.0;29.69;33.15;1.17;
2022-09-12 18:00:00;0.0;0.0;0.0;27.89;36.45;1.86;
2022-09-12 19:00:00;0.0;0.0;0.0;26.21;43.05;2.34;
2022-09-12 20:00:00;0.0;0.0;0.0;25.1;45.9;2.21;
2022-09-12 21:00:00;0.0;0.0;0.0;24.17;48.95;2.41;
2022-09-12 22:00:00;0.0;0.0;0.0;23.55;52.25;2.21;
2022-09-12 23:00:00;0.0;0.0;0.0;22.95;54.0;2.07;
2022-09-13 00:00:00;0.0;0.0;0.0;22.29;57.75;2.14;
2022-09-13 01:00:00;0.0;0.0;0.0;21.87;61.85;1.93;
2022-09-13 02:00:00;0.0;0.0;0.0;21.42;66.15;1.79;
2022-09-13 03:00:00;0.0;0.0;0.0;20.81;73.3;1.38;
2022-09-13 04:00:00;0.0;0.0;0.0;20.45;75.75;1.17;
2022-09-13 05:00:00;0.0;0.0;0.0;20.25;75.75;1.03;
2022-09-13 06:00:00;84.0;44.49;75.0;20.8;75.85;0.76;
2022-09-13 07:00:00;332.0;621.56;99.0;22.52;71.05;1.66;
2022-09-13 08:00:00;482.0;662.65;134.0;24.31;64.5;1.52;
2022-09-13 09:00:00;619.0;734.12;147.0;26.12;52.95;1.1;
2022-09-13 10:00:00;713.0;780.35;151.0;27.49;48.0;0.76;
2022-09-13 11:00:00;743.0;773.01;162.0;28.71;43.65;0.9;
2022-09-13 12:00:00;728.0;778.15;156.0;29.49;40.9;0.97;
2022-09-13 13:00:00;669.0;793.48;136.0;30.14;39.5;1.03;
2022-09-13 14:00:00;537.0;708.65;136.0;30.43;36.95;0.9;
2022-09-13 15:00:00;373.0;593.36;121.0;30.31;35.7;0.62;
2022-09-13 16:00:00;196.0;407.18;91.0;29.47;36.85;2.21;
2022-09-13 17:00:00;29.0;0.0;29.0;28.29;42.05;2.07;
2022-09-13 18:00:00;0.0;0.0;0.0;27.03;47.9;1.72;
2022-09-13 19:00:00;0.0;0.0;0.0;25.06;69.15;0.83;
2022-09-13 20:00:00;0.0;0.0;0.0;24.98;66.85;0.21;
2022-09-13 21:00:00;0.0;0.0;0.0;24.46;69.05;0.48;
2022-09-13 22:00:00;0.0;0.0;0.0;23.86;71.35;0.76;
2022-09-13 23:00:00;0.0;0.0;0.0;22.7;76.15;0.76;
2022-09-14 00:00:00;0.0;0.0;0.0;21.88;81.35;0.62;
2022-09-14 01:00:00;0.0;0.0;0.0;21.39;84.05;0.76;
2022-09-14 02:00:00;0.0;0.0;0.0;20.57;86.9;0.9;
2022-09-14 03:00:00;0.0;0.0;0.0;20.03;89.85;1.24;
2022-09-14 04:00:00;0.0;0.0;0.0;19.71;89.85;1.17;
2022-09-14 05:00:00;0.0;0.0;0.0;19.24;92.9;1.1;
2022-09-14 06:00:00;131.0;281.77;75.0;19.72;92.9;0.69;
2022-09-14 07:00:00;299.0;474.01;123.0;20.39;89.85;2.14;
2022-09-14 08:00:00;478.0;663.48;132.0;21.61;78.65;1.59;
2022-09-14 09:00:00;615.0;736.98;144.0;22.72;73.6;1.31;
2022-09-14 10:00:00;705.0;773.64;151.0;24.53;66.75;0.97;
2022-09-14 11:00:00;739.0;777.53;158.0;25.92;60.6;0.76;
2022-09-14 12:00:00;719.0;770.81;156.0;26.84;56.85;0.76;
2022-09-14 13:00:00;660.0;785.92;136.0;27.54;53.2;1.1;
2022-09-14 14:00:00;534.0;720.68;130.0;28.04;49.8;1.45;
2022-09-14 15:00:00;385.0;665.61;106.0;28.05;46.5;1.79;
2022-09-14 16:00:00;193.0;428.34;85.0;27.83;44.95;2.41;
2022-09-14 17:00:00;26.0;0.0;26.0;26.54;51.2;2.21;
2022-09-14 18:00:00;0.0;0.0;0.0;25.34;54.55;1.31;
2022-09-14 19:00:00;0.0;0.0;0.0;24.77;64.6;0.41;
2022-09-14 20:00:00;0.0;0.0;0.0;24.19;64.5;0.62;
2022-09-14 21:00:00;0.0;0.0;0.0;22.92;71.15;1.1;
2022-09-14 22:00:00;0.0;0.0;0.0;22.29;76.1;1.17;
2022-09-14 23:00:00;0.0;0.0;0.0;22.63;71.15;0.76;
2022-09-15 00:00:00;0.0;0.0;0.0;21.18;81.3;1.31;
2022-09-15 01:00:00;0.0;0.0;0.0;20.63;84.05;1.59;
2022-09-15 02:00:00;0.0;0.0;0.0;20.17;89.85;1.31;
2022-09-15 03:00:00;0.0;0.0;0.0;19.69;92.9;1.17;
2022-09-15 04:00:00;0.0;0.0;0.0;19.22;96.1;1.45;
2022-09-15 05:00:00;0.0;0.0;0.0;19.25;96.1;1.72;
2022-09-15 06:00:00;135.0;338.13;69.0;19.32;96.1;1.52;
2022-09-15 07:00:00;285.0;410.65;134.0;21.35;89.95;1.79;
2022-09-15 08:00:00;362.0;249.14;233.0;21.67;84.1;2.34;
2022-09-15 09:00:00;592.0;667.5;168.0;22.05;84.1;2.14;
2022-09-15 10:00:00;636.0;553.41;242.0;22.69;78.75;1.72;
2022-09-15 11:00:00;650.0;507.53;273.0;23.6;73.75;1.66;
2022-09-15 12:00:00;523.0;245.29;345.0;24.43;71.4;1.66;
2022-09-15 13:00:00;628.0;695.18;168.0;25.2;66.95;1.45;
2022-09-15 14:00:00;509.0;644.75;151.0;25.53;66.95;1.24;
2022-09-15 15:00:00;356.0;560.93;124.0;25.89;64.8;0.97;
2022-09-15 16:00:00;188.0;422.12;84.0;25.63;62.65;0.97;
2022-09-15 17:00:00;24.0;0.0;24.0;25.11;64.7;0.21;
2022-09-15 18:00:00;0.0;0.0;0.0;24.38;69.05;0.69;
2022-09-15 19:00:00;0.0;0.0;0.0;22.42;84.15;1.66;
2022-09-15 20:00:00;0.0;0.0;0.0;21.84;87.0;1.52;
2022-09-15 21:00:00;0.0;0.0;0.0;21.14;89.95;1.66;
2022-09-15 22:00:00;0.0;0.0;0.0;20.68;92.95;1.59;
2022-09-15 23:00:00;0.0;0.0;0.0;20.31;96.1;1.52;
2022-09-16 00:00:00;0.0;0.0;0.0;19.99;96.1;1.79;
2022-09-16 01:00:00;0.0;0.0;0.0;19.69;96.1;1.79;
2022-09-16 02:00:00;0.0;0.0;0.0;19.52;99.4;1.38;
2022-09-16 03:00:00;0.0;0.0;0.0;19.42;99.4;1.52;
2022-09-16 04:00:00;0.0;0.0;0.0;19.41;96.1;1.38;
2022-09-16 05:00:00;0.0;0.0;0.0;19.44;96.1;1.24;
2022-09-16 06:00:00;110.0;172.22;77.0;19.51;99.4;1.38;
2022-09-16 07:00:00;290.0;453.19;125.0;20.87;96.15;0.9;
2022-09-16 08:00:00;458.0;605.01;147.0;21.96;89.95;0.55;
2022-09-16 09:00:00;581.0;639.98;177.0;23.05;84.25;0.62;
2022-09-16 10:00:00;613.0;497.34;261.0;23.92;76.3;1.1;
2022-09-16 11:00:00;649.0;517.38;267.0;24.95;69.15;1.31;
2022-09-16 12:00:00;493.0;198.37;350.0;26.04;62.65;1.1;
2022-09-16 13:00:00;445.0;196.46;316.0;26.36;58.7;0.9;
2022-09-16 14:00:00;477.0;529.2;186.0;26.58;56.7;0.97;
2022-09-16 15:00:00;205.0;66.18;178.0;26.36;56.7;1.03;
2022-09-16 16:00:00;178.0;378.24;87.0;25.88;58.55;1.1;
2022-09-16 17:00:00;21.0;0.0;21.0;25.28;60.45;1.38;
2022-09-16 18:00:00;0.0;0.0;0.0;23.82;71.35;1.86;
2022-09-16 19:00:00;0.0;0.0;0.0;23.12;76.2;1.17;
2022-09-16 20:00:00;0.0;0.0;0.0;21.99;84.1;1.1;
2022-09-16 21:00:00;0.0;0.0;0.0;21.06;86.95;1.24;
2022-09-16 22:00:00;0.0;0.0;0.0;20.65;89.9;1.1;
2022-09-16 23:00:00;0.0;0.0;0.0;21.47;84.05;0.41;
2022-09-17 00:00:00;0.0;0.0;0.0;20.25;89.85;0.83;
2022-09-17 01:00:00;0.0;0.0;0.0;18.94;92.9;1.38;
2022-09-17 02:00:00;0.0;0.0;0.0;18.5;96.1;1.45;
2022-09-17 03:00:00;0.0;0.0;0.0;18.2;92.85;1.31;
2022-09-17 04:00:00;0.0;0.0;0.0;18.33;92.85;0.97;
2022-09-17 05:00:00;0.0;0.0;0.0;17.89;96.05;1.31;
2022-09-17 06:00:00;55.0;5.32;54.0;18.25;96.1;1.1;
2022-09-17 07:00:00;72.0;0.0;72.0;20.41;92.95;0.69;
2022-09-17 08:00:00;373.0;295.93;222.0;21.79;81.35;0.76;
2022-09-17 09:00:00;400.0;157.82;301.0;22.75;76.15;0.62;
2022-09-17 10:00:00;634.0;574.24;230.0;23.63;71.35;0.55;
2022-09-17 11:00:00;560.0;306.61;335.0;24.7;66.85;0.28;
2022-09-17 12:00:00;604.0;448.28;283.0;25.39;62.55;0.14;
2022-09-17 13:00:00;626.0;729.1;151.0;25.66;60.6;0.83;
2022-09-17 14:00:00;430.0;382.01;222.0;25.74;60.6;1.59;
2022-09-17 15:00:00;254.0;176.46;183.0;25.28;60.45;1.66;
2022-09-17 16:00:00;176.0;400.38;82.0;25.06;62.45;1.72;
2022-09-17 17:00:00;16.0;0.0;16.0;24.57;66.75;1.86;
2022-09-17 18:00:00;0.0;0.0;0.0;23.68;68.95;1.52;
2022-09-17 19:00:00;0.0;0.0;0.0;22.49;84.15;0.69;
2022-09-17 20:00:00;0.0;0.0;0.0;21.23;84.05;1.38;
2022-09-17 21:00:00;0.0;0.0;0.0;20.26;92.95;1.79;
2022-09-17 22:00:00;0.0;0.0;0.0;19.7;96.1;1.45;
2022-09-17 23:00:00;0.0;0.0;0.0;19.5;99.4;1.1;
2022-09-18 00:00:00;0.0;0.0;0.0;19.46;99.4;1.17;
2022-09-18 01:00:00;0.0;0.0;0.0;19.45;99.4;0.9;
2022-09-18 02:00:00;0.0;0.0;0.0;19.0;96.1;0.76;
2022-09-18 03:00:00;0.0;0.0;0.0;19.52;96.1;0.21;
2022-09-18 04:00:00;0.0;0.0;0.0;19.47;96.1;0.14;
2022-09-18 05:00:00;0.0;0.0;0.0;19.05;96.1;0.48;
2022-09-18 06:00:00;113.0;222.33;72.0;19.15;96.1;0.76;
2022-09-18 07:00:00;254.0;302.72;146.0;20.31;92.95;2.07;
2022-09-18 08:00:00;331.0;191.53;234.0;20.66;92.95;2.41;
2022-09-18 09:00:00;504.0;402.71;253.0;21.01;89.9;2.21;
2022-09-18 10:00:00;579.0;423.3;283.0;22.27;81.4;1.52;
2022-09-18 11:00:00;450.0;127.53;357.0;22.55;78.7;0.9;
2022-09-18 12:00:00;555.0;336.05;316.0;23.58;73.7;0.28;
2022-09-18 13:00:00;581.0;578.65;207.0;24.43;69.05;0.21;
2022-09-18 14:00:00;391.0;276.41;242.0;24.92;64.6;0.48;
2022-09-18 15:00:00;335.0;526.85;126.0;24.97;62.45;0.34;
2022-09-18 16:00:00;167.0;362.53;84.0;24.78;62.45;0.69;
2022-09-18 17:00:00;14.0;0.0;14.0;24.18;64.5;1.1;
2022-09-18 18:00:00;0.0;0.0;0.0;23.02;73.6;1.72;
2022-09-18 19:00:00;0.0;0.0;0.0;22.2;81.4;1.66;
2022-09-18 20:00:00;0.0;0.0;0.0;21.04;89.9;1.45;
2022-09-18 21:00:00;0.0;0.0;0.0;20.55;92.95;1.03;
2022-09-18 22:00:00;0.0;0.0;0.0;20.83;89.9;0.83;
2022-09-18 23:00:00;0.0;0.0;0.0;20.54;92.95;0.83;
2022-09-19 00:00:00;0.0;0.0;0.0;19.56;92.9;1.1;
2022-09-19 01:00:00;0.0;0.0;0.0;19.04;92.9;1.31;
2022-09-19 02:00:00;0.0;0.0;0.0;19.4;96.1;0.9;
2022-09-19 03:00:00;0.0;0.0;0.0;19.57;92.9;0.62;
2022-09-19 04:00:00;0.0;0.0;0.0;19.27;92.9;0.41;
2022-09-19 05:00:00;0.0;0.0;0.0;18.91;92.9;0.41;
2022-09-19 06:00:00;101.0;154.89;73.0;18.79;92.9;0.28;
2022-09-19 07:00:00;255.0;314.4;144.0;20.18;92.95;1.03;
2022-09-19 08:00:00;431.0;521.29;169.0;21.71;84.1;0.9;
2022-09-19 09:00:00;570.0;629.83;180.0;23.35;73.7;0.62;
2022-09-19 10:00:00;669.0;715.15;172.0;24.94;64.6;0.34;
2022-09-19 11:00:00;678.0;637.54;216.0;26.12;56.7;0.21;
2022-09-19 12:00:00;621.0;513.95;258.0;27.02;53.1;0.07;
2022-09-19 13:00:00;613.0;706.57;160.0;27.53;51.45;0.28;
2022-09-19 14:00:00;479.0;592.22;163.0;27.82;48.15;0.41;
2022-09-19 15:00:00;338.0;562.65;118.0;27.75;48.15;0.62;
2022-09-19 16:00:00;169.0;412.37;77.0;27.34;49.7;0.83;
2022-09-19 17:00:00;13.0;0.0;13.0;26.44;54.8;1.38;
2022-09-19 18:00:00;0.0;0.0;0.0;24.69;60.35;2.0;
2022-09-19 19:00:00;0.0;0.0;0.0;23.57;73.7;2.21;
2022-09-19 20:00:00;0.0;0.0;0.0;22.54;78.7;2.28;
2022-09-19 21:00:00;0.0;0.0;0.0;21.62;81.35;1.93;
2022-09-19 22:00:00;0.0;0.0;0.0;20.59;86.9;1.38;
2022-09-19 23:00:00;0.0;0.0;0.0;20.07;89.85;1.31;
2022-09-20 00:00:00;0.0;0.0;0.0;19.25;92.9;1.45;
2022-09-20 01:00:00;0.0;0.0;0.0;19.3;92.9;1.17;
2022-09-20 02:00:00;0.0;0.0;0.0;20.38;89.85;0.83;
2022-09-20 03:00:00;0.0;0.0;0.0;20.36;89.85;0.62;
2022-09-20 04:00:00;0.0;0.0;0.0;20.05;86.85;0.55;
2022-09-20 05:00:00;0.0;0.0;0.0;19.96;89.85;0.48;
2022-09-20 06:00:00;114.0;271.0;66.0;19.85;89.85;0.34;
2022-09-20 07:00:00;275.0;432.26;124.0;20.99;84.05;1.52;
2022-09-20 08:00:00;444.0;593.52;148.0;22.65;71.15;1.52;
2022-09-20 09:00:00;585.0;705.55;151.0;24.38;64.5;0.83;
2022-09-20 10:00:00;676.0;754.42;155.0;25.72;60.6;0.28;
2022-09-20 11:00:00;707.0;754.16;164.0;26.78;56.85;0.28;
2022-09-20 12:00:00;686.0;747.13;162.0;27.72;51.55;0.69;
2022-09-20 13:00:00;625.0;761.14;141.0;28.08;49.8;0.97;
2022-09-20 14:00:00;498.0;694.96;131.0;28.38;48.25;1.24;
2022-09-20 15:00:00;338.0;589.16;111.0;28.4;48.25;1.45;
2022-09-20 16:00:00;162.0;391.27;77.0;27.95;49.8;1.52;
2022-09-20 17:00:00;10.0;0.0;10.0;26.92;54.95;1.59;
2022-09-20 18:00:00;0.0;0.0;0.0;25.25;60.45;2.07;
2022-09-20 19:00:00;0.0;0.0;0.0;23.82;68.95;2.0;
2022-09-20 20:00:00;0.0;0.0;0.0;22.78;76.15;2.07;
2022-09-20 21:00:00;0.0;0.0;0.0;21.89;81.35;1.93;
2022-09-20 22:00:00;0.0;0.0;0.0;21.0;86.9;1.79;
2022-09-20 23:00:00;0.0;0.0;0.0;20.2;89.85;1.45;
2022-09-21 00:00:00;0.0;0.0;0.0;20.57;86.9;0.97;
2022-09-21 01:00:00;0.0;0.0;0.0;20.85;86.9;0.48;
2022-09-21 02:00:00;0.0;0.0;0.0;20.39;89.85;0.07;
2022-09-21 03:00:00;0.0;0.0;0.0;20.22;86.85;0.21;
2022-09-21 04:00:00;0.0;0.0;0.0;19.94;89.85;0.48;
2022-09-21 05:00:00;0.0;0.0;0.0;19.59;89.85;0.69;
2022-09-21 06:00:00;110.0;253.68;66.0;18.99;89.8;0.83;
2022-09-21 07:00:00;278.0;465.91;117.0;21.07;86.95;1.1;
2022-09-21 08:00:00;445.0;616.41;140.0;23.29;78.85;1.31;
2022-09-21 09:00:00;584.0;716.87;146.0;24.95;71.5;0.97;
2022-09-21 10:00:00;668.0;740.31;160.0;26.3;62.8;0.62;
2022-09-21 11:00:00;687.0;697.59;188.0;27.28;55.05;0.97;
2022-09-21 12:00:00;670.0;705.09;179.0;28.2;49.95;1.24;
2022-09-21 13:00:00;612.0;740.55;145.0;28.92;45.2;1.38;
2022-09-21 14:00:00;487.0;673.61;135.0;29.35;42.3;1.45;
2022-09-21 15:00:00;330.0;576.98;111.0;29.45;40.9;1.59;
2022-09-21 16:00:00;143.0;279.14;84.0;29.15;39.5;1.79;
2022-09-21 17:00:00;3.0;0.0;3.0;28.19;43.55;1.79;
2022-09-21 18:00:00;0.0;0.0;0.0;26.58;49.45;2.07;
2022-09-21 19:00:00;0.0;0.0;0.0;24.87;52.6;2.0;
2022-09-21 20:00:00;0.0;0.0;0.0;23.83;58.1;1.59;
2022-09-21 21:00:00;0.0;0.0;0.0;22.86;64.2;1.31;
2022-09-21 22:00:00;0.0;0.0;0.0;22.08;64.1;1.72;
2022-09-21 23:00:00;0.0;0.0;0.0;21.53;70.9;1.38;
2022-09-22 00:00:00;0.0;0.0;0.0;20.85;73.3;1.45;
2022-09-22 01:00:00;0.0;0.0;0.0;20.32;75.75;2.07;
2022-09-22 02:00:00;0.0;0.0;0.0;20.13;78.45;2.21;
2022-09-22 03:00:00;0.0;0.0;0.0;19.77;83.9;2.07;
2022-09-22 04:00:00;0.0;0.0;0.0;19.51;89.8;1.72;
2022-09-22 05:00:00;0.0;0.0;0.0;19.45;92.9;1.59;
2022-09-22 06:00:00;83.0;94.26;67.0;19.77;89.85;1.52;
2022-09-22 07:00:00;241.0;298.44;139.0;22.15;81.4;1.72;
2022-09-22 08:00:00;404.0;458.39;179.0;23.7;73.75;2.48;
2022-09-22 09:00:00;552.0;616.34;178.0;24.92;66.85;2.41;
2022-09-22 10:00:00;647.0;687.92;178.0;25.07;66.85;1.79;
2022-09-22 11:00:00;672.0;674.09;193.0;25.73;62.65;1.38;
2022-09-22 12:00:00;548.0;358.72;300.0;26.54;58.7;1.24;
2022-09-22 13:00:00;465.0;287.86;285.0;27.33;55.05;1.45;
2022-09-22 14:00:00;365.0;251.45;235.0;27.72;51.55;1.45;
2022-09-22 15:00:00;280.0;347.77;150.0;27.98;49.8;1.38;
2022-09-22 16:00:00;80.0;29.2;74.0;27.84;49.8;1.24;
2022-09-22 17:00:00;2.0;0.0;2.0;27.2;51.45;0.83;
2022-09-22 18:00:00;0.0;0.0;0.0;25.47;62.55;1.03;
2022-09-22 19:00:00;0.0;0.0;0.0;24.17;69.05;2.07;
2022-09-22 20:00:00;0.0;0.0;0.0;23.44;73.7;1.93;
2022-09-22 21:00:00;0.0;0.0;0.0;22.7;76.15;1.38;
2022-09-22 22:00:00;0.0;0.0;0.0;21.79;81.35;1.72;
2022-09-22 23:00:00;0.0;0.0;0.0;21.21;84.05;2.41;
2022-09-23 00:00:00;0.0;0.0;0.0;20.38;86.85;2.62;
2022-09-23 01:00:00;0.0;0.0;0.0;19.7;86.85;2.62;
2022-09-23 02:00:00;0.0;0.0;0.0;19.01;86.8;2.55;
2022-09-23 03:00:00;0.0;0.0;0.0;18.58;83.85;2.41;
2022-09-23 04:00:00;0.0;0.0;0.0;18.3;83.8;2.21;
2022-09-23 05:00:00;0.0;0.0;0.0;17.9;86.7;1.93;
2022-09-23 06:00:00;112.0;319.21;59.0;18.03;81.0;1.86;
2022-09-23 07:00:00;284.0;544.45;100.0;20.15;86.85;0.76;
2022-09-23 08:00:00;447.0;663.43;124.0;22.14;73.55;0.55;
2022-09-23 09:00:00;580.0;733.49;138.0;24.05;66.65;0.41;
2022-09-23 10:00:00;660.0;750.05;152.0;25.53;60.45;0.76;
2022-09-23 11:00:00;671.0;685.72;187.0;26.69;53.1;0.9;
2022-09-23 12:00:00;650.0;679.03;184.0;27.73;48.15;1.1;
2022-09-23 13:00:00;592.0;716.16;148.0;28.26;45.05;1.59;
2022-09-23 14:00:00;473.0;666.76;132.0;28.66;42.2;2.34;
2022-09-23 15:00:00;316.0;565.14;108.0;28.36;40.65;3.24;
2022-09-23 16:00:00;144.0;365.74;71.0;27.36;43.3;3.72;
2022-09-23 17:00:00;0.0;0.0;0.0;25.94;49.3;3.52;
2022-09-23 18:00:00;0.0;0.0;0.0;24.45;56.25;3.52;
2022-09-23 19:00:00;0.0;0.0;0.0;23.13;64.3;3.45;
2022-09-23 20:00:00;0.0;0.0;0.0;22.6;68.75;3.03;
2022-09-23 21:00:00;0.0;0.0;0.0;22.26;73.55;2.97;
2022-09-23 22:00:00;0.0;0.0;0.0;22.14;73.55;3.03;
2022-09-23 23:00:00;0.0;0.0;0.0;21.93;76.0;2.69;
2022-09-24 00:00:00;0.0;0.0;0.0;21.48;81.3;1.31;
2022-09-24 01:00:00;0.0;0.0;0.0;20.8;84.05;1.38;
2022-09-24 02:00:00;0.0;0.0;0.0;20.92;84.05;0.76;
2022-09-24 03:00:00;0.0;0.0;0.0;20.23;86.85;1.31;
2022-09-24 04:00:00;0.0;0.0;0.0;20.19;86.85;1.31;
2022-09-24 05:00:00;0.0;0.0;0.0;20.41;86.85;1.1;
2022-09-24 06:00:00;114.0;351.2;57.0;20.71;61.6;3.59;
2022-09-24 07:00:00;288.0;562.68;100.0;21.09;51.75;3.93;
2022-09-24 08:00:00;447.0;656.53;130.0;21.99;31.15;6.07;
2022-09-24 09:00:00;573.0;693.57;158.0;23.24;25.2;7.17;
2022-09-24 10:00:00;662.0;741.71;163.0;24.18;24.55;7.17;
2022-09-24 11:00:00;662.0;636.22;216.0;24.92;25.6;6.69;
2022-09-24 12:00:00;626.0;579.87;231.0;25.79;27.85;5.86;
2022-09-24 13:00:00;580.0;650.82;180.0;25.94;35.9;5.66;
2022-09-24 14:00:00;448.0;547.61;171.0;24.49;42.5;6.41;
2022-09-24 15:00:00;209.0;118.7;166.0;23.09;39.3;6.34;
2022-09-24 16:00:00;135.0;309.75;75.0;21.92;41.85;5.72;
2022-09-24 17:00:00;0.0;0.0;0.0;20.76;43.1;5.24;
2022-09-24 18:00:00;0.0;0.0;0.0;19.69;46.1;5.03;
2022-09-24 19:00:00;0.0;0.0;0.0;20.98;53.5;6.83;
2022-09-24 20:00:00;0.0;0.0;0.0;20.1;49.7;6.21;
2022-09-24 21:00:00;0.0;0.0;0.0;19.36;47.65;5.93;
2022-09-24 22:00:00;0.0;0.0;0.0;18.74;45.95;5.79;
2022-09-24 23:00:00;0.0;0.0;0.0;18.25;47.55;5.72;
2022-09-25 00:00:00;0.0;0.0;0.0;17.55;49.15;5.24;
2022-09-25 01:00:00;0.0;0.0;0.0;16.95;50.75;5.03;
2022-09-25 02:00:00;0.0;0.0;0.0;16.42;52.5;4.76;
2022-09-25 03:00:00;0.0;0.0;0.0;15.95;52.4;4.41;
2022-09-25 04:00:00;0.0;0.0;0.0;15.14;54.25;3.86;
2022-09-25 05:00:00;0.0;0.0;0.0;14.5;54.1;3.45;
2022-09-25 06:00:00;86.0;132.46;65.0;14.4;53.95;3.24;
2022-09-25 07:00:00;188.0;115.07;150.0;16.03;47.0;4.07;
2022-09-25 08:00:00;439.0;611.96;146.0;17.04;40.75;4.21;
2022-09-25 09:00:00;582.0;725.51;151.0;18.08;36.7;4.28;
2022-09-25 10:00:00;662.0;730.31;174.0;19.3;34.15;4.41;
2022-09-25 11:00:00;669.0;650.7;216.0;20.09;31.95;4.48;
2022-09-25 12:00:00;639.0;618.29;221.0;20.66;30.9;4.41;
2022-09-25 13:00:00;579.0;645.09;186.0;20.96;30.9;4.41;
2022-09-25 14:00:00;469.0;641.72;148.0;20.95;30.9;4.41;
2022-09-25 15:00:00;310.0;541.4;117.0;20.64;30.9;4.41;
2022-09-25 16:00:00;141.0;383.37;69.0;19.98;33.05;4.07;
2022-09-25 17:00:00;0.0;0.0;0.0;18.85;34.15;2.97;
2022-09-25 18:00:00;0.0;0.0;0.0;17.18;39.25;2.83;
2022-09-25 19:00:00;0.0;0.0;0.0;16.41;42.05;2.83;
2022-09-25 20:00:00;0.0;0.0;0.0;15.63;43.5;2.76;
2022-09-25 21:00:00;0.0;0.0;0.0;14.93;48.4;2.76;
2022-09-25 22:00:00;0.0;0.0;0.0;14.13;50.1;2.76;
2022-09-25 23:00:00;0.0;0.0;0.0;13.51;51.9;2.62;
2022-09-26 00:00:00;0.0;0.0;0.0;13.01;55.75;2.55;
2022-09-26 01:00:00;0.0;0.0;0.0;12.53;57.75;2.62;
2022-09-26 02:00:00;0.0;0.0;0.0;12.36;59.85;2.55;
2022-09-26 03:00:00;0.0;0.0;0.0;12.12;59.85;2.62;
2022-09-26 04:00:00;0.0;0.0;0.0;12.05;59.85;2.55;
2022-09-26 05:00:00;0.0;0.0;0.0;11.9;62.0;2.28;
2022-09-26 06:00:00;108.0;335.99;56.0;12.05;64.45;2.21;
2022-09-26 07:00:00;281.0;539.31;105.0;13.73;55.9;3.38;
2022-09-26 08:00:00;443.0;642.5;138.0;15.07;48.55;3.79;
2022-09-26 09:00:00;572.0;690.13;165.0;16.3;43.65;4.21;
2022-09-26 10:00:00;658.0;721.8;179.0;17.08;40.75;4.14;
2022-09-26 11:00:00;672.0;668.3;210.0;17.78;39.4;3.79;
2022-09-26 12:00:00;631.0;599.2;229.0;18.4;39.55;3.52;
2022-09-26 13:00:00;587.0;685.66;173.0;18.81;38.2;3.24;
2022-09-26 14:00:00;466.0;647.01;146.0;19.01;38.2;3.1;
2022-09-26 15:00:00;310.0;567.46;111.0;18.89;38.2;2.97;
2022-09-26 16:00:00;138.0;401.28;65.0;18.37;39.55;2.97;
2022-09-26 17:00:00;0.0;0.0;0.0;17.25;43.9;2.41;
2022-09-26 18:00:00;0.0;0.0;0.0;15.77;50.5;2.41;
2022-09-26 19:00:00;0.0;0.0;0.0;14.7;52.15;2.07;
2022-09-26 20:00:00;0.0;0.0;0.0;13.68;58.0;1.86;
2022-09-26 21:00:00;0.0;0.0;0.0;12.5;64.55;1.66;
2022-09-26 22:00:00;0.0;0.0;0.0;11.84;69.25;1.24;
2022-09-26 23:00:00;0.0;0.0;0.0;12.95;64.55;0.55;
2022-09-27 00:00:00;0.0;0.0;0.0;12.29;66.85;0.62;
2022-09-27 01:00:00;0.0;0.0;0.0;11.91;69.25;0.83;
2022-09-27 02:00:00;0.0;0.0;0.0;11.93;69.25;0.55;
2022-09-27 03:00:00;0.0;0.0;0.0;11.69;69.25;0.07;
2022-09-27 04:00:00;0.0;0.0;0.0;11.43;71.75;0.28;
2022-09-27 05:00:00;0.0;0.0;0.0;11.16;71.75;0.14;
2022-09-27 06:00:00;105.0;337.81;54.0;11.05;71.75;0.34;
2022-09-27 07:00:00;278.0;542.78;103.0;11.68;77.3;0.69;
2022-09-27 08:00:00;441.0;646.0;137.0;14.74;56.15;0.69;
2022-09-27 09:00:00;572.0;705.51;159.0;16.82;47.15;0.69;
2022-09-27 10:00:00;648.0;696.51;189.0;18.75;39.65;0.76;
2022-09-27 11:00:00;650.0;606.07;234.0;20.47;35.75;0.83;
2022-09-27 12:00:00;624.0;588.84;232.0;21.86;31.15;0.9;
2022-09-27 13:00:00;580.0;673.51;177.0;22.88;28.1;1.1;
2022-09-27 14:00:00;457.0;623.81;152.0;23.31;27.2;1.31;
2022-09-27 15:00:00;300.0;536.41;115.0;23.3;27.2;1.52;
2022-09-27 16:00:00;128.0;352.21;66.0;22.68;29.2;1.66;
2022-09-27 17:00:00;0.0;0.0;0.0;21.25;34.7;1.93;
2022-09-27 18:00:00;0.0;0.0;0.0;19.17;42.7;2.21;
2022-09-27 19:00:00;0.0;0.0;0.0;16.97;56.6;2.14;
2022-09-27 20:00:00;0.0;0.0;0.0;15.35;65.05;1.66;
2022-09-27 21:00:00;0.0;0.0;0.0;14.93;69.85;0.97;
2022-09-27 22:00:00;0.0;0.0;0.0;14.95;69.85;0.55;
2022-09-27 23:00:00;0.0;0.0;0.0;14.38;72.3;0.76;
2022-09-28 00:00:00;0.0;0.0;0.0;13.52;74.85;1.1;
2022-09-28 01:00:00;0.0;0.0;0.0;12.07;80.2;1.17;
2022-09-28 02:00:00;0.0;0.0;0.0;11.79;80.15;1.1;
2022-09-28 03:00:00;0.0;0.0;0.0;12.41;77.35;0.9;
2022-09-28 04:00:00;0.0;0.0;0.0;12.12;74.6;0.76;
2022-09-28 05:00:00;0.0;0.0;0.0;11.95;77.3;0.69;
2022-09-28 06:00:00;101.0;326.19;53.0;11.92;77.3;0.62;
2022-09-28 07:00:00;278.0;562.07;99.0;11.98;86.2;0.55;
2022-09-28 08:00:00;440.0;658.18;133.0;15.87;65.15;0.76;
2022-09-28 09:00:00;569.0;705.68;159.0;18.67;53.15;0.9;
2022-09-28 10:00:00;647.0;710.65;182.0;20.9;46.35;0.76;
2022-09-28 11:00:00;650.0;619.27;228.0;22.71;37.75;0.48;
2022-09-28 12:00:00;623.0;601.06;226.0;24.16;30.7;0.14;
2022-09-28 13:00:00;575.0;674.65;175.0;25.13;26.7;0.21;
2022-09-28 14:00:00;457.0;647.67;144.0;25.7;24.0;0.34;
2022-09-28 15:00:00;297.0;542.64;113.0;25.76;24.0;0.41;
2022-09-28 16:00:00;126.0;370.26;63.0;25.26;24.8;0.48;
2022-09-28 17:00:00;0.0;0.0;0.0;23.57;31.55;1.38;
2022-09-28 18:00:00;0.0;0.0;0.0;20.55;40.1;2.21;
2022-09-28 19:00:00;0.0;0.0;0.0;18.51;49.3;2.48;
2022-09-28 20:00:00;0.0;0.0;0.0;16.91;58.7;2.41;
2022-09-28 21:00:00;0.0;0.0;0.0;15.73;65.15;2.28;
2022-09-28 22:00:00;0.0;0.0;0.0;14.56;72.4;2.0;
2022-09-28 23:00:00;0.0;0.0;0.0;13.48;77.6;1.93;
2022-09-29 00:00:00;0.0;0.0;0.0;12.8;83.25;2.14;
2022-09-29 01:00:00;0.0;0.0;0.0;12.33;86.2;2.34;
2022-09-29 02:00:00;0.0;0.0;0.0;12.07;83.15;2.41;
2022-09-29 03:00:00;0.0;0.0;0.0;11.89;86.15;2.41;
2022-09-29 04:00:00;0.0;0.0;0.0;11.88;86.15;2.55;
2022-09-29 05:00:00;0.0;0.0;0.0;12.25;83.15;2.83;
2022-09-29 06:00:00;95.0;300.03;52.0;12.99;77.5;2.83;
2022-09-29 07:00:00;265.0;527.85;99.0;15.54;70.0;2.07;
2022-09-29 08:00:00;424.0;627.35;134.0;19.36;55.05;2.83;
2022-09-29 09:00:00;550.0;678.14;159.0;21.72;41.85;4.14;
2022-09-29 10:00:00;627.0;684.99;182.0;22.95;39.15;4.83;
2022-09-29 11:00:00;626.0;585.38;230.0;23.99;36.7;4.83;
2022-09-29 12:00:00;600.0;567.72;228.0;24.73;35.65;4.97;
2022-09-29 13:00:00;555.0;648.59;174.0;25.14;35.8;5.1;
2022-09-29 14:00:00;439.0;617.67;144.0;25.19;37.1;4.76;
2022-09-29 15:00:00;284.0;522.09;110.0;24.84;38.3;4.41;
2022-09-29 16:00:00;114.0;316.53;62.0;24.02;42.35;4.14;
2022-09-29 17:00:00;0.0;0.0;0.0;22.31;48.45;3.59;
2022-09-29 18:00:00;0.0;0.0;0.0;20.64;55.45;3.66;
2022-09-29 19:00:00;0.0;0.0;0.0;20.17;55.3;3.31;
2022-09-29 20:00:00;0.0;0.0;0.0;19.24;59.15;3.31;
2022-09-29 21:00:00;0.0;0.0;0.0;18.32;63.4;3.45;
2022-09-29 22:00:00;0.0;0.0;0.0;17.5;67.85;3.66;
2022-09-29 23:00:00;0.0;0.0;0.0;16.84;72.7;3.93;
2022-09-30 00:00:00;0.0;0.0;0.0;16.31;72.65;4.0;
2022-09-30 01:00:00;0.0;0.0;0.0;15.8;72.55;3.93;
2022-09-30 02:00:00;0.0;0.0;0.0;15.21;69.9;3.66;
2022-09-30 03:00:00;0.0;0.0;0.0;14.46;69.75;3.17;
2022-09-30 04:00:00;0.0;0.0;0.0;13.7;67.15;2.76;
2022-09-30 05:00:00;0.0;0.0;0.0;12.94;69.45;2.62;
2022-09-30 06:00:00;85.0;229.45;53.0;12.83;69.45;2.41;
2022-09-30 07:00:00;248.0;438.03;112.0;15.31;65.05;2.48;
2022-09-30 08:00:00;406.0;565.44;147.0;16.82;56.6;2.62;
2022-09-30 09:00:00;534.0;634.48;171.0;18.28;51.15;2.48;
2022-09-30 10:00:00;614.0;657.45;190.0;19.76;47.8;2.69;
2022-09-30 11:00:00;619.0;580.81;229.0;20.88;43.1;2.69;
2022-09-30 12:00:00;596.0;573.85;223.0;21.57;40.35;2.62;
2022-09-30 13:00:00;545.0;632.37;177.0;22.17;39.05;2.48;
2022-09-30 14:00:00;426.0;586.95;149.0;22.34;39.05;2.41;
2022-09-30 15:00:00;271.0;476.37;115.0;22.12;40.5;2.14;
2022-09-30 16:00:00;105.0;271.42;62.0;19.05;48.71;2.46;
2022-09-30 17:00:00;0.0;0.0;0.0;18.82;50.84;2.33;
2022-09-30 18:00:00;0.0;0.0;0.0;18.59;52.97;2.2;
2022-09-30 19:00:00;0.0;0.0;0.0;18.36;55.1;2.07;
2022-09-30 20:00:00;0.0;0.0;0.0;18.13;57.24;1.94;
2022-09-30 21:00:00;0.0;0.0;0.0;17.9;59.37;1.81;
2022-09-30 22:00:00;0.0;0.0;0.0;17.66;61.5;1.68;
2022-09-30 23:00:00;0.0;0.0;0.0;17.43;63.63;1.54;
2022-10-01 00:00:00;0.0;0.0;0.0;17.2;65.76;1.41;
2022-10-01 01:00:00;0.0;0.0;0.0;16.97;67.89;1.28;
2022-10-01 02:00:00;0.0;0.0;0.0;16.74;70.02;1.15;
2022-10-01 03:00:00;0.0;0.0;0.0;16.51;72.15;1.02;
2022-10-01 04:00:00;0.0;0.0;0.0;16.28;74.28;0.89;
2022-10-01 05:00:00;0.0;0.0;0.0;16.05;76.41;0.76;
2022-10-01 06:00:00;86.0;272.88;49.0;15.82;78.55;0.62;
2022-10-01 07:00:00;258.0;541.69;92.0;15.59;80.68;0.49;
2022-10-01 08:00:00;427.0;696.33;111.0;18.75;72.95;1.03;
2022-10-01 09:00:00;565.0;783.96;120.0;21.3;63.9;1.1;
2022-10-01 10:00:00;662.0;856.04;114.0;23.39;54.1;0.97;
2022-10-01 11:00:00;701.0;889.79;108.0;24.99;45.9;0.62;
2022-10-01 12:00:00;675.0;879.46;108.0;26.13;40.1;0.76;
2022-10-01 13:00:00;583.0;815.37;113.0;26.82;36.2;0.97;
2022-10-01 14:00:00;454.0;748.53;105.0;27.1;33.8;1.03;
2022-10-01 15:00:00;285.0;606.18;90.0;27.03;33.8;0.97;
2022-10-01 16:00:00;115.0;425.99;50.0;26.56;34.9;0.83;
2022-10-01 17:00:00;0.0;0.0;0.0;25.19;42.75;1.03;
2022-10-01 18:00:00;0.0;0.0;0.0;23.25;47.0;1.03;
2022-10-01 19:00:00;0.0;0.0;0.0;21.1;51.75;1.45;
2022-10-01 20:00:00;0.0;0.0;0.0;20.44;51.65;1.45;
2022-10-01 21:00:00;0.0;0.0;0.0;21.13;49.95;0.97;
2022-10-01 22:00:00;0.0;0.0;0.0;21.05;49.95;0.76;
2022-10-01 23:00:00;0.0;0.0;0.0;20.0;55.3;0.9;
2022-10-02 00:00:00;0.0;0.0;0.0;19.4;61.3;0.76;
2022-10-02 01:00:00;0.0;0.0;0.0;18.87;65.65;0.48;
2022-10-02 02:00:00;0.0;0.0;0.0;18.35;67.95;0.48;
2022-10-02 03:00:00;0.0;0.0;0.0;17.72;70.3;0.69;
2022-10-02 04:00:00;0.0;0.0;0.0;16.18;75.25;0.9;
2022-10-02 05:00:00;0.0;0.0;0.0;14.43;80.55;1.1;
2022-10-02 06:00:00;86.0;303.73;46.0;14.14;83.4;0.97;
2022-10-02 07:00:00;259.0;568.8;87.0;16.1;83.6;0.55;
2022-10-02 08:00:00;428.0;718.52;105.0;19.85;65.85;0.69;
2022-10-02 09:00:00;559.0;779.6;120.0;22.36;55.8;0.41;
2022-10-02 10:00:00;655.0;851.47;114.0;24.4;48.95;0.0;
2022-10-02 11:00:00;694.0;884.49;109.0;25.97;44.45;0.55;
2022-10-02 12:00:00;667.0;874.24;108.0;27.15;38.95;1.1;
2022-10-02 13:00:00;576.0;809.23;114.0;27.86;37.6;1.31;
2022-10-02 14:00:00;444.0;731.71;107.0;28.16;35.2;1.38;
2022-10-02 15:00:00;277.0;591.96;90.0;28.04;35.2;1.38;
2022-10-02 16:00:00;110.0;415.63;49.0;27.48;36.3;1.38;
2022-10-02 17:00:00;0.0;0.0;0.0;25.97;41.4;1.59;
2022-10-02 18:00:00;0.0;0.0;0.0;23.7;48.8;2.14;
2022-10-02 19:00:00;0.0;0.0;0.0;21.75;57.65;2.34;
2022-10-02 20:00:00;0.0;0.0;0.0;20.51;63.8;2.34;
2022-10-02 21:00:00;0.0;0.0;0.0;19.4;70.55;2.14;
2022-10-02 22:00:00;0.0;0.0;0.0;18.22;78.15;1.86;
2022-10-02 23:00:00;0.0;0.0;0.0;17.35;83.65;1.66;
2022-10-03 00:00:00;0.0;0.0;0.0;17.16;83.65;1.45;
2022-10-03 01:00:00;0.0;0.0;0.0;17.33;83.65;1.24;
2022-10-03 02:00:00;0.0;0.0;0.0;17.21;80.8;1.24;
2022-10-03 03:00:00;0.0;0.0;0.0;17.93;75.45;1.03;
2022-10-03 04:00:00;0.0;0.0;0.0;18.02;78.15;0.69;
2022-10-03 05:00:00;0.0;0.0;0.0;17.89;78.1;0.41;
2022-10-03 06:00:00;82.0;289.55;45.0;17.81;78.1;0.69;
2022-10-03 07:00:00;252.0;553.12;87.0;17.06;89.65;0.83;
2022-10-03 08:00:00;417.0;689.52;110.0;19.86;75.7;0.48;
2022-10-03 09:00:00;554.0;780.57;118.0;22.03;64.1;0.28;
2022-10-03 10:00:00;647.0;840.52;117.0;23.92;56.15;0.21;
2022-10-03 11:00:00;689.0;883.71;109.0;25.44;45.9;0.21;
2022-10-03 12:00:00;653.0;843.73;118.0;26.57;38.85;0.21;
2022-10-03 13:00:00;567.0;797.68;116.0;27.27;35.05;0.14;
2022-10-03 14:00:00;438.0;729.85;106.0;27.55;33.8;0.21;
2022-10-03 15:00:00;270.0;580.41;90.0;27.53;33.8;0.28;
2022-10-03 16:00:00;101.0;375.98;48.0;27.16;33.8;0.21;
2022-10-03 17:00:00;0.0;0.0;0.0;26.56;34.9;0.28;
2022-10-03 18:00:00;0.0;0.0;0.0;25.38;38.45;0.48;
2022-10-03 19:00:00;0.0;0.0;0.0;23.87;42.35;0.76;
2022-10-03 20:00:00;0.0;0.0;0.0;21.5;50.05;1.17;
2022-10-03 21:00:00;0.0;0.0;0.0;19.32;61.3;1.31;
2022-10-03 22:00:00;0.0;0.0;0.0;18.57;65.65;1.17;
2022-10-03 23:00:00;0.0;0.0;0.0;18.26;67.95;0.9;
2022-10-04 00:00:00;0.0;0.0;0.0;18.21;67.95;0.55;
2022-10-04 01:00:00;0.0;0.0;0.0;17.64;70.3;0.21;
2022-10-04 02:00:00;0.0;0.0;0.0;17.36;75.3;0.28;
2022-10-04 03:00:00;0.0;0.0;0.0;16.98;75.3;0.48;
2022-10-04 04:00:00;0.0;0.0;0.0;16.45;75.3;0.69;
2022-10-04 05:00:00;0.0;0.0;0.0;16.14;77.95;0.76;
2022-10-04 06:00:00;79.0;290.67;43.0;16.06;77.95;0.76;
2022-10-04 07:00:00;251.0;564.24;85.0;16.57;86.6;0.48;
2022-10-04 08:00:00;415.0;696.28;108.0;19.99;65.95;0.69;
2022-10-04 09:00:00;549.0;778.0;118.0;22.59;55.9;0.97;
2022-10-04 10:00:00;645.0;848.62;114.0;24.53;47.4;1.1;
2022-10-04 11:00:00;683.0;881.42;109.0;26.02;41.55;1.24;
2022-10-04 12:00:00;656.0;871.56;108.0;27.14;37.6;1.45;
2022-10-04 13:00:00;561.0;794.85;116.0;27.82;37.6;1.52;
2022-10-04 14:00:00;432.0;725.72;106.0;28.16;36.45;1.59;
2022-10-04 15:00:00;264.0;574.97;89.0;28.1;35.2;1.59;
2022-10-04 16:00:00;94.0;355.06;46.0;27.6;36.3;1.45;
2022-10-04 17:00:00;0.0;0.0;0.0;26.26;38.7;1.45;
2022-10-04 18:00:00;0.0;0.0;0.0;23.7;47.15;1.66;
2022-10-04 19:00:00;0.0;0.0;0.0;21.38;53.6;1.93;
2022-10-04 20:00:00;0.0;0.0;0.0;20.21;57.3;1.66;
2022-10-04 21:00:00;0.0;0.0;0.0;19.5;59.25;1.45;
2022-10-04 22:00:00;0.0;0.0;0.0;18.97;61.3;1.24;
2022-10-04 23:00:00;0.0;0.0;0.0;18.32;65.55;1.17;
2022-10-05 00:00:00;0.0;0.0;0.0;18.75;63.4;0.9;
2022-10-05 01:00:00;0.0;0.0;0.0;18.23;65.55;0.55;
2022-10-05 02:00:00;0.0;0.0;0.0;17.9;67.85;0.55;
2022-10-05 03:00:00;0.0;0.0;0.0;17.67;67.85;0.48;
2022-10-05 04:00:00;0.0;0.0;0.0;17.54;67.85;0.41;
2022-10-05 05:00:00;0.0;0.0;0.0;16.92;70.2;0.41;
2022-10-05 06:00:00;76.0;275.22;43.0;16.03;72.65;0.28;
2022-10-05 07:00:00;245.0;548.14;86.0;16.86;75.3;0.34;
2022-10-05 08:00:00;407.0;680.32;110.0;19.65;61.4;0.28;
2022-10-05 09:00:00;540.0;759.03;123.0;22.06;52.0;0.14;
2022-10-05 10:00:00;639.0;840.77;117.0;24.12;44.05;0.07;
2022-10-05 11:00:00;677.0;877.57;110.0;25.73;39.95;0.21;
2022-10-05 12:00:00;650.0;866.2;110.0;26.85;37.5;0.34;
2022-10-05 13:00:00;554.0;786.55;118.0;27.56;35.05;0.41;
2022-10-05 14:00:00;425.0;716.96;107.0;27.92;35.05;0.34;
2022-10-05 15:00:00;257.0;565.94;88.0;27.89;33.8;0.28;
2022-10-05 16:00:00;90.0;347.66;45.0;27.55;33.8;0.14;
2022-10-05 17:00:00;0.0;0.0;0.0;26.47;40.1;0.55;
2022-10-05 18:00:00;0.0;0.0;0.0;25.28;39.85;0.62;
2022-10-05 19:00:00;0.0;0.0;0.0;23.93;43.9;0.41;
2022-10-05 20:00:00;0.0;0.0;0.0;22.64;48.55;0.97;
2022-10-05 21:00:00;0.0;0.0;0.0;20.03;59.35;1.24;
2022-10-05 22:00:00;0.0;0.0;0.0;19.27;65.75;1.17;
2022-10-05 23:00:00;0.0;0.0;0.0;18.89;70.45;0.83;
2022-10-06 00:00:00;0.0;0.0;0.0;18.53;70.45;0.41;
2022-10-06 01:00:00;0.0;0.0;0.0;17.81;75.4;0.0;
2022-10-06 02:00:00;0.0;0.0;0.0;17.13;80.8;0.21;
2022-10-06 03:00:00;0.0;0.0;0.0;16.59;78.0;0.34;
2022-10-06 04:00:00;0.0;0.0;0.0;16.1;80.75;0.69;
2022-10-06 05:00:00;0.0;0.0;0.0;15.62;80.65;0.83;
2022-10-06 06:00:00;67.0;207.01;43.0;15.04;83.5;0.9;
2022-10-06 07:00:00;216.0;381.23;107.0;16.33;86.55;0.62;
2022-10-06 08:00:00;250.0;113.38;201.0;20.16;63.7;0.9;
2022-10-06 09:00:00;376.0;212.94;260.0;22.2;52.0;0.9;
2022-10-06 10:00:00;620.0;803.61;125.0;23.94;43.9;0.97;
2022-10-06 11:00:00;565.0;511.73;237.0;25.22;38.45;1.52;
2022-10-06 12:00:00;512.0;412.59;257.0;25.99;38.55;2.07;
2022-10-06 13:00:00;542.0;770.8;119.0;26.27;40.1;2.69;
2022-10-06 14:00:00;325.0;301.45;193.0;26.41;41.55;3.93;
2022-10-06 15:00:00;247.0;539.44;89.0;25.13;45.9;4.83;
2022-10-06 16:00:00;85.0;339.48;43.0;23.4;52.25;4.83;
2022-10-06 17:00:00;0.0;0.0;0.0;21.86;57.65;4.69;
2022-10-06 18:00:00;0.0;0.0;0.0;20.83;61.6;4.55;
2022-10-06 19:00:00;0.0;0.0;0.0;20.02;65.95;4.14;
2022-10-06 20:00:00;0.0;0.0;0.0;19.7;68.2;3.93;
2022-10-06 21:00:00;0.0;0.0;0.0;19.5;68.2;4.0;
2022-10-06 22:00:00;0.0;0.0;0.0;19.21;70.55;4.41;
2022-10-06 23:00:00;0.0;0.0;0.0;19.46;70.65;4.07;
2022-10-07 00:00:00;0.0;0.0;0.0;19.44;70.65;3.45;
2022-10-07 01:00:00;0.0;0.0;0.0;19.45;70.65;3.31;
2022-10-07 02:00:00;0.0;0.0;0.0;19.09;73.05;2.69;
2022-10-07 03:00:00;0.0;0.0;0.0;18.68;78.25;0.76;
2022-10-07 04:00:00;0.0;0.0;0.0;17.75;83.7;3.1;
2022-10-07 05:00:00;0.0;0.0;0.0;16.19;89.65;3.59;
2022-10-07 06:00:00;77.0;366.23;36.0;15.54;89.6;2.62;
2022-10-07 07:00:00;248.0;599.84;79.0;15.71;89.6;2.97;
2022-10-07 08:00:00;409.0;710.65;105.0;17.4;70.2;2.41;
2022-10-07 09:00:00;549.0;814.67;109.0;20.51;38.65;3.52;
2022-10-07 10:00:00;599.0;716.79;161.0;21.89;23.9;5.72;
2022-10-07 11:00:00;421.0;160.42;319.0;22.17;22.25;6.55;
2022-10-07 12:00:00;619.0;789.96;135.0;21.98;21.4;6.55;
2022-10-07 13:00:00;535.0;743.68;131.0;21.88;20.5;6.48;
2022-10-07 14:00:00;350.0;400.25;177.0;21.42;19.55;6.0;
2022-10-07 15:00:00;217.0;348.2;117.0;20.62;20.25;5.38;
2022-10-07 16:00:00;61.0;118.62;47.0;19.47;21.65;4.28;
2022-10-07 17:00:00;0.0;0.0;0.0;17.82;23.8;4.07;
2022-10-07 18:00:00;0.0;0.0;0.0;16.55;21.85;4.48;
2022-10-07 19:00:00;0.0;0.0;0.0;15.78;24.35;3.79;
2022-10-07 20:00:00;0.0;0.0;0.0;15.28;23.3;4.48;
2022-10-07 21:00:00;0.0;0.0;0.0;14.71;24.1;4.34;
2022-10-07 22:00:00;0.0;0.0;0.0;14.04;26.0;3.59;
2022-10-07 23:00:00;0.0;0.0;0.0;13.25;30.15;2.83;
2022-10-08 00:00:00;0.0;0.0;0.0;12.23;35.05;2.07;
2022-10-08 01:00:00;0.0;0.0;0.0;10.73;43.8;1.72;
2022-10-08 02:00:00;0.0;0.0;0.0;9.61;47.05;2.28;
2022-10-08 03:00:00;0.0;0.0;0.0;8.9;50.7;2.34;
2022-10-08 04:00:00;0.0;0.0;0.0;8.23;54.55;2.07;
2022-10-08 05:00:00;0.0;0.0;0.0;7.62;58.8;1.93;
2022-10-08 06:00:00;37.0;18.53;35.0;7.47;63.5;1.72;
2022-10-08 07:00:00;247.0;605.31;79.0;9.87;61.65;1.38;
2022-10-08 08:00:00;413.0;727.53;105.0;13.86;36.85;1.86;
2022-10-08 09:00:00;540.0;776.96;124.0;15.99;28.7;2.07;
2022-10-08 10:00:00;629.0;823.26;130.0;17.59;25.75;2.21;
2022-10-08 11:00:00;641.0;765.88;158.0;18.84;24.05;2.07;
2022-10-08 12:00:00;607.0;727.79;165.0;19.74;22.5;2.07;
2022-10-08 13:00:00;539.0;753.19;134.0;20.17;22.65;2.48;
2022-10-08 14:00:00;415.0;714.98;110.0;20.04;24.45;2.69;
2022-10-08 15:00:00;252.0;600.33;83.0;19.55;26.3;2.55;
2022-10-08 16:00:00;84.0;427.14;36.0;18.48;30.35;2.14;
2022-10-08 17:00:00;0.0;0.0;0.0;16.82;34.9;1.86;
2022-10-08 18:00:00;0.0;0.0;0.0;15.32;41.75;2.21;
2022-10-08 19:00:00;0.0;0.0;0.0;14.0;41.5;2.9;
2022-10-08 20:00:00;0.0;0.0;0.0;13.25;42.8;2.83;
2022-10-08 21:00:00;0.0;0.0;0.0;12.52;42.7;2.41;
2022-10-08 22:00:00;0.0;0.0;0.0;11.48;49.45;1.79;
2022-10-08 23:00:00;0.0;0.0;0.0;11.2;51.25;1.38;
2022-10-09 00:00:00;0.0;0.0;0.0;9.75;59.25;1.66;
2022-10-09 01:00:00;0.0;0.0;0.0;8.99;61.45;2.0;
2022-10-09 02:00:00;0.0;0.0;0.0;8.32;68.6;2.0;
2022-10-09 03:00:00;0.0;0.0;0.0;7.98;68.6;1.79;
2022-10-09 04:00:00;0.0;0.0;0.0;8.08;68.6;1.52;
2022-10-09 05:00:00;0.0;0.0;0.0;8.68;66.15;1.17;
2022-10-09 06:00:00;71.0;365.63;33.0;8.51;68.7;1.17;
2022-10-09 07:00:00;242.0;600.02;78.0;9.14;74.15;1.38;
2022-10-09 08:00:00;405.0;718.56;104.0;12.81;49.7;1.59;
2022-10-09 09:00:00;529.0;755.58;128.0;15.04;38.7;1.45;
2022-10-09 10:00:00;613.0;790.11;138.0;16.92;32.35;1.72;
2022-10-09 11:00:00;635.0;772.22;152.0;18.44;27.05;2.55;
2022-10-09 12:00:00;601.0;734.3;159.0;19.37;22.35;3.31;
2022-10-09 13:00:00;529.0;744.1;133.0;19.65;20.8;3.24;
2022-10-09 14:00:00;404.0;693.64;112.0;19.5;21.65;2.76;
2022-10-09 15:00:00;241.0;569.13;84.0;19.27;22.35;2.34;
2022-10-09 16:00:00;75.0;365.31;36.0;18.54;24.05;1.52;
2022-10-09 17:00:00;0.0;0.0;0.0;17.39;31.15;0.34;
2022-10-09 18:00:00;0.0;0.0;0.0;16.72;27.7;0.21;
2022-10-09 19:00:00;0.0;0.0;0.0;15.91;32.2;0.41;
2022-10-09 20:00:00;0.0;0.0;0.0;15.41;33.35;0.41;
2022-10-09 21:00:00;0.0;0.0;0.0;15.06;34.5;0.34;
2022-10-09 22:00:00;0.0;0.0;0.0;14.6;35.75;0.14;
2022-10-09 23:00:00;0.0;0.0;0.0;14.5;35.75;0.21;
2022-10-10 00:00:00;0.0;0.0;0.0;14.56;37.15;0.07;
2022-10-10 01:00:00;0.0;0.0;0.0;14.6;35.75;0.07;
2022-10-10 02:00:00;0.0;0.0;0.0;14.34;37.0;0.41;
2022-10-10 03:00:00;0.0;0.0;0.0;13.92;37.0;0.55;
2022-10-10 04:00:00;0.0;0.0;0.0;13.17;41.2;0.83;
2022-10-10 05:00:00;0.0;0.0;0.0;11.75;47.6;1.03;
2022-10-10 06:00:00;63.0;280.29;35.0;11.54;49.45;0.83;
2022-10-10 07:00:00;229.0;561.16;78.0;12.26;49.6;0.55;
2022-10-10 08:00:00;386.0;675.64;106.0;14.34;38.45;0.62;
2022-10-10 09:00:00;510.0;730.04;126.0;16.14;32.2;0.76;
2022-10-10 10:00:00;576.0;697.74;160.0;17.55;30.1;0.76;
2022-10-10 11:00:00;607.0;723.87;158.0;19.04;27.2;1.03;
2022-10-10 12:00:00;597.0;779.47;132.0;20.11;25.4;1.24;
2022-10-10 13:00:00;498.0;666.46;147.0;20.76;24.6;1.31;
2022-10-10 14:00:00;351.0;476.69;153.0;21.0;23.8;1.17;
2022-10-10 15:00:00;208.0;388.54;103.0;21.03;24.7;1.31;
2022-10-10 16:00:00;33.0;19.77;31.0;20.73;25.55;1.1;
2022-10-10 17:00:00;0.0;0.0;0.0;19.31;30.5;1.24;
2022-10-10 18:00:00;0.0;0.0;0.0;17.17;39.15;1.17;
2022-10-10 19:00:00;0.0;0.0;0.0;18.09;32.65;0.69;
2022-10-10 20:00:00;0.0;0.0;0.0;17.6;35.05;0.41;
2022-10-10 21:00:00;0.0;0.0;0.0;16.96;36.3;0.55;
2022-10-10 22:00:00;0.0;0.0;0.0;16.24;39.0;0.55;
2022-10-10 23:00:00;0.0;0.0;0.0;14.66;44.9;1.17;
2022-10-11 00:00:00;0.0;0.0;0.0;12.52;53.6;1.52;
2022-10-11 01:00:00;0.0;0.0;0.0;11.56;59.7;1.66;
2022-10-11 02:00:00;0.0;0.0;0.0;10.92;64.25;1.72;
2022-10-11 03:00:00;0.0;0.0;0.0;10.29;69.0;1.86;
2022-10-11 04:00:00;0.0;0.0;0.0;9.81;74.2;1.93;
2022-10-11 05:00:00;0.0;0.0;0.0;9.45;74.2;1.86;
2022-10-11 06:00:00;60.0;281.7;33.0;9.34;77.0;1.79;
2022-10-11 07:00:00;223.0;539.97;80.0;12.97;69.55;0.97;
2022-10-11 08:00:00;369.0;595.23;125.0;16.83;50.75;1.17;
2022-10-11 09:00:00;507.0;725.17;129.0;19.84;44.45;1.45;
2022-10-11 10:00:00;586.0;749.28;143.0;22.62;37.75;1.79;
2022-10-11 11:00:00;607.0;731.61;157.0;24.79;33.15;1.79;
2022-10-11 12:00:00;573.0;693.53;163.0;26.43;30.1;1.72;
2022-10-11 13:00:00;503.0;702.28;137.0;27.51;28.25;1.52;
2022-10-11 14:00:00;382.0;661.32;111.0;28.06;26.4;1.38;
2022-10-11 15:00:00;221.0;510.11;86.0;28.02;26.4;1.24;
2022-10-11 16:00:00;62.0;303.19;33.0;27.19;29.3;1.1;
2022-10-11 17:00:00;0.0;0.0;0.0;25.85;32.25;0.34;
2022-10-11 18:00:00;0.0;0.0;0.0;24.11;35.5;0.34;
2022-10-11 19:00:00;0.0;0.0;0.0;17.8;56.75;2.0;
2022-10-11 20:00:00;0.0;0.0;0.0;17.62;58.8;1.45;
2022-10-11 21:00:00;0.0;0.0;0.0;18.61;56.95;0.69;
2022-10-11 22:00:00;0.0;0.0;0.0;17.94;61.05;0.34;
2022-10-11 23:00:00;0.0;0.0;0.0;17.21;65.35;0.55;
2022-10-12 00:00:00;0.0;0.0;0.0;16.7;65.35;0.28;
2022-10-12 01:00:00;0.0;0.0;0.0;16.21;67.65;0.9;
2022-10-12 02:00:00;0.0;0.0;0.0;12.47;83.25;2.07;
2022-10-12 03:00:00;0.0;0.0;0.0;12.05;89.35;2.21;
2022-10-12 04:00:00;0.0;0.0;0.0;12.07;89.35;2.21;
2022-10-12 05:00:00;0.0;0.0;0.0;12.05;89.35;2.21;
2022-10-12 06:00:00;55.0;250.59;32.0;11.88;86.2;2.21;
2022-10-12 07:00:00;213.0;491.27;85.0;14.14;80.45;1.79;
2022-10-12 08:00:00;347.0;500.72;144.0;18.31;61.05;1.93;
2022-10-12 09:00:00;503.0;726.04;128.0;21.39;53.6;1.93;
2022-10-12 10:00:00;582.0;748.84;143.0;23.93;45.5;2.14;
2022-10-12 11:00:00;587.0;667.35;180.0;26.01;38.7;2.07;
2022-10-12 12:00:00;532.0;547.96;211.0;27.49;35.05;2.07;
2022-10-12 13:00:00;466.0;556.57;179.0;28.42;32.75;2.21;
2022-10-12 14:00:00;364.0;588.78;126.0;28.6;31.75;2.41;
2022-10-12 15:00:00;163.0;181.4;116.0;28.18;32.75;2.76;
2022-10-12 16:00:00;31.0;0.0;31.0;26.51;37.5;2.83;
2022-10-12 17:00:00;0.0;0.0;0.0;23.47;50.45;3.17;
2022-10-12 18:00:00;0.0;0.0;0.0;21.13;61.7;3.17;
2022-10-12 19:00:00;0.0;0.0;0.0;19.0;65.75;2.76;
2022-10-12 20:00:00;0.0;0.0;0.0;18.15;70.35;2.34;
2022-10-12 21:00:00;0.0;0.0;0.0;17.43;72.8;2.21;
2022-10-12 22:00:00;0.0;0.0;0.0;16.74;75.3;2.0;
2022-10-12 23:00:00;0.0;0.0;0.0;15.85;83.55;1.86;
2022-10-13 00:00:00;0.0;0.0;0.0;15.22;86.5;1.93;
2022-10-13 01:00:00;0.0;0.0;0.0;14.69;89.5;1.86;
2022-10-13 02:00:00;0.0;0.0;0.0;14.21;89.5;1.72;
2022-10-13 03:00:00;0.0;0.0;0.0;13.83;92.65;1.59;
2022-10-13 04:00:00;0.0;0.0;0.0;14.98;86.5;0.97;
2022-10-13 05:00:00;0.0;0.0;0.0;14.96;86.5;0.9;
2022-10-13 06:00:00;48.0;193.83;31.0;12.84;95.95;1.59;
2022-10-13 07:00:00;168.0;226.34;110.0;14.54;92.7;1.1;
2022-10-13 08:00:00;266.0;197.07;187.0;15.93;83.6;1.24;
2022-10-13 09:00:00;478.0;646.83;147.0;18.15;72.9;1.59;
2022-10-13 10:00:00;576.0;762.17;133.0;20.72;57.45;2.28;
2022-10-13 11:00:00;611.0;795.48;130.0;22.6;50.3;2.76;
2022-10-13 12:00:00;576.0;763.22;133.0;23.39;47.0;3.03;
2022-10-13 13:00:00;492.0;713.47;128.0;23.59;45.5;2.97;
2022-10-13 14:00:00;364.0;632.06;112.0;23.82;43.9;3.03;
2022-10-13 15:00:00;207.0;489.0;83.0;23.47;45.35;3.17;
2022-10-13 16:00:00;30.0;0.0;30.0;22.6;45.25;3.03;
2022-10-13 17:00:00;0.0;0.0;0.0;20.98;51.75;2.55;
2022-10-13 18:00:00;0.0;0.0;0.0;19.67;57.2;2.69;
2022-10-13 19:00:00;0.0;0.0;0.0;18.72;65.65;2.76;
2022-10-13 20:00:00;0.0;0.0;0.0;18.03;67.95;3.03;
2022-10-13 21:00:00;0.0;0.0;0.0;17.68;70.3;3.52;
2022-10-13 22:00:00;0.0;0.0;0.0;17.37;70.2;4.07;
2022-10-13 23:00:00;0.0;0.0;0.0;16.84;70.2;4.34;
2022-10-14 00:00:00;0.0;0.0;0.0;16.35;70.1;4.83;
2022-10-14 01:00:00;0.0;0.0;0.0;15.86;70.0;5.31;
2022-10-14 02:00:00;0.0;0.0;0.0;15.49;65.15;5.52;
2022-10-14 03:00:00;0.0;0.0;0.0;15.06;60.5;5.17;
2022-10-14 04:00:00;0.0;0.0;0.0;14.69;58.25;4.55;
2022-10-14 05:00:00;0.0;0.0;0.0;14.24;58.1;4.14;
2022-10-14 06:00:00;36.0;83.72;29.0;14.35;56.0;4.34;
2022-10-14 07:00:00;125.0;71.44;107.0;14.85;56.15;5.38;
2022-10-14 08:00:00;340.0;504.63;140.0;15.06;50.35;5.93;
2022-10-14 09:00:00;349.0;203.18;246.0;15.51;45.15;6.07;
2022-10-14 10:00:00;505.0;487.66;224.0;16.01;40.5;5.86;
2022-10-14 11:00:00;595.0;742.34;150.0;16.27;39.0;5.45;
2022-10-14 12:00:00;570.0;745.99;141.0;16.71;37.65;4.97;
2022-10-14 13:00:00;465.0;598.35;163.0;17.41;36.3;4.83;
2022-10-14 14:00:00;361.0;628.18;114.0;17.5;35.05;4.28;
2022-10-14 15:00:00;203.0;487.7;82.0;17.42;33.75;3.79;
2022-10-14 16:00:00;28.0;0.0;28.0;16.84;33.6;3.03;
2022-10-14 17:00:00;0.0;0.0;0.0;15.15;38.7;2.48;
2022-10-14 18:00:00;0.0;0.0;0.0;13.77;44.65;2.34;
2022-10-14 19:00:00;0.0;0.0;0.0;13.11;44.5;2.41;
2022-10-14 20:00:00;0.0;0.0;0.0;12.39;44.35;2.48;
2022-10-14 21:00:00;0.0;0.0;0.0;11.69;47.6;2.69;
2022-10-14 22:00:00;0.0;0.0;0.0;11.4;47.6;2.83;
2022-10-14 23:00:00;0.0;0.0;0.0;11.69;49.45;2.97;
2022-10-15 00:00:00;0.0;0.0;0.0;11.72;51.35;3.24;
2022-10-15 01:00:00;0.0;0.0;0.0;11.83;51.35;3.52;
2022-10-15 02:00:00;0.0;0.0;0.0;11.89;49.6;3.66;
2022-10-15 03:00:00;0.0;0.0;0.0;11.77;49.45;3.72;
2022-10-15 04:00:00;0.0;0.0;0.0;11.36;47.6;3.59;
2022-10-15 05:00:00;0.0;0.0;0.0;11.04;47.45;3.66;
2022-10-15 06:00:00;40.0;138.35;29.0;10.82;47.35;3.59;
2022-10-15 07:00:00;203.0;480.58;84.0;10.87;47.45;4.48;
2022-10-15 08:00:00;364.0;643.24;112.0;11.37;44.1;4.69;
2022-10-15 09:00:00;484.0;683.08;141.0;12.26;42.55;4.55;
2022-10-15 10:00:00;565.0;717.79;155.0;12.99;38.15;4.21;
2022-10-15 11:00:00;595.0;743.8;153.0;13.78;34.1;3.72;
2022-10-15 12:00:00;564.0;719.65;154.0;14.9;29.55;3.45;
2022-10-15 13:00:00;486.0;699.01;137.0;15.44;29.7;3.24;
2022-10-15 14:00:00;359.0;631.89;114.0;15.47;30.85;3.1;
2022-10-15 15:00:00;203.0;502.74;81.0;15.12;34.5;2.9;
2022-10-15 16:00:00;26.0;0.0;26.0;14.32;37.0;2.48;
2022-10-15 17:00:00;0.0;0.0;0.0;12.84;44.35;2.21;
2022-10-15 18:00:00;0.0;0.0;0.0;11.65;49.45;2.14;
2022-10-15 19:00:00;0.0;0.0;0.0;10.49;55.15;2.21;
2022-10-15 20:00:00;0.0;0.0;0.0;9.67;59.25;2.28;
2022-10-15 21:00:00;0.0;0.0;0.0;9.02;59.15;2.34;
2022-10-15 22:00:00;0.0;0.0;0.0;8.46;61.3;2.41;
2022-10-15 23:00:00;0.0;0.0;0.0;8.0;63.6;2.48;
2022-10-16 00:00:00;0.0;0.0;0.0;7.56;65.95;2.41;
2022-10-16 01:00:00;0.0;0.0;0.0;7.02;68.4;2.21;
2022-10-16 02:00:00;0.0;0.0;0.0;6.38;70.95;2.0;
2022-10-16 03:00:00;0.0;0.0;0.0;5.69;76.5;1.79;
2022-10-16 04:00:00;0.0;0.0;0.0;5.96;73.7;1.38;
2022-10-16 05:00:00;0.0;0.0;0.0;7.81;71.15;0.76;
2022-10-16 06:00:00;46.0;278.53;25.0;7.67;71.15;0.34;
2022-10-16 07:00:00;204.0;513.81;79.0;7.54;85.8;0.69;
2022-10-16 08:00:00;332.0;480.38;146.0;10.59;66.55;1.31;
2022-10-16 09:00:00;496.0;756.05;120.0;13.07;48.0;2.34;
2022-10-16 10:00:00;566.0;736.53;149.0;15.08;34.5;3.45;
2022-10-16 11:00:00;583.0;704.53;168.0;16.46;29.95;4.0;
2022-10-16 12:00:00;552.0;683.94;166.0;17.31;29.95;4.21;
2022-10-16 13:00:00;477.0;676.3;143.0;17.65;28.95;4.14;
2022-10-16 14:00:00;352.0;612.09;118.0;17.71;30.1;4.07;
2022-10-16 15:00:00;195.0;476.23;82.0;17.24;31.15;3.93;
2022-10-16 16:00:00;24.0;0.0;24.0;16.31;33.5;3.31;
2022-10-16 17:00:00;0.0;0.0;0.0;14.28;39.95;3.1;
2022-10-16 18:00:00;0.0;0.0;0.0;12.93;44.5;3.1;
2022-10-16 19:00:00;0.0;0.0;0.0;12.1;49.6;3.17;
2022-10-16 20:00:00;0.0;0.0;0.0;11.3;55.3;3.17;
2022-10-16 21:00:00;0.0;0.0;0.0;10.76;57.3;3.24;
2022-10-16 22:00:00;0.0;0.0;0.0;10.25;59.35;3.24;
2022-10-16 23:00:00;0.0;0.0;0.0;9.69;61.55;3.1;
2022-10-17 00:00:00;0.0;0.0;0.0;9.29;63.8;2.9;
2022-10-17 01:00:00;0.0;0.0;0.0;9.08;63.8;2.62;
2022-10-17 02:00:00;0.0;0.0;0.0;8.51;66.15;2.28;
2022-10-17 03:00:00;0.0;0.0;0.0;8.03;68.6;2.07;
2022-10-17 04:00:00;0.0;0.0;0.0;7.56;73.9;1.72;
2022-10-17 05:00:00;0.0;0.0;0.0;7.11;76.65;1.31;
2022-10-17 06:00:00;39.0;210.47;24.0;7.73;73.9;0.76;
2022-10-17 07:00:00;194.0;477.14;80.0;8.14;76.8;0.34;
2022-10-17 08:00:00;350.0;619.45;113.0;10.12;64.0;0.62;
2022-10-17 09:00:00;472.0;674.11;140.0;11.84;57.55;0.83;
2022-10-17 10:00:00;554.0;723.53;148.0;13.6;46.35;1.1;
2022-10-17 11:00:00;591.0;779.32;136.0;14.88;41.65;1.31;
2022-10-17 12:00:00;562.0;767.37;133.0;16.09;37.55;1.38;
2022-10-17 13:00:00;474.0;702.2;131.0;16.8;34.9;1.45;
2022-10-17 14:00:00;344.0;607.59;115.0;17.11;34.9;1.45;
2022-10-17 15:00:00;187.0;461.32;80.0;17.04;33.6;1.45;
2022-10-17 16:00:00;22.0;0.0;22.0;16.37;34.8;1.59;
2022-10-17 17:00:00;0.0;0.0;0.0;14.6;41.65;2.34;
2022-10-17 18:00:00;0.0;0.0;0.0;12.96;48.0;2.34;
2022-10-17 19:00:00;0.0;0.0;0.0;11.31;53.25;2.21;
2022-10-17 20:00:00;0.0;0.0;0.0;10.33;57.15;2.07;
2022-10-17 21:00:00;0.0;0.0;0.0;9.33;59.25;1.79;
2022-10-17 22:00:00;0.0;0.0;0.0;8.17;68.6;1.59;
2022-10-17 23:00:00;0.0;0.0;0.0;7.72;71.15;1.24;
2022-10-18 00:00:00;0.0;0.0;0.0;8.22;68.6;0.83;
2022-10-18 01:00:00;0.0;0.0;0.0;8.02;68.6;0.55;
2022-10-18 02:00:00;0.0;0.0;0.0;7.73;73.9;0.55;
2022-10-18 03:00:00;0.0;0.0;0.0;7.51;73.9;0.55;
2022-10-18 04:00:00;0.0;0.0;0.0;7.39;73.9;0.48;
2022-10-18 05:00:00;0.0;0.0;0.0;7.0;76.65;0.55;
2022-10-18 06:00:00;35.0;178.75;23.0;6.66;79.5;0.62;
2022-10-18 07:00:00;187.0;451.91;81.0;7.29;85.75;0.14;
2022-10-18 08:00:00;340.0;589.96;117.0;9.98;69.0;0.21;
2022-10-18 09:00:00;396.0;379.36;211.0;12.44;55.65;0.34;
2022-10-18 10:00:00;400.0;228.37;273.0;14.54;46.6;0.76;
2022-10-18 11:00:00;304.0;53.57;273.0;16.12;40.5;1.03;
2022-10-18 12:00:00;268.0;36.12;248.0;17.4;37.65;1.17;
2022-10-18 13:00:00;213.0;22.77;202.0;18.16;36.55;1.38;
2022-10-18 14:00:00;76.0;0.0;76.0;18.61;36.7;1.45;
2022-10-18 15:00:00;109.0;61.77;95.0;18.77;39.55;1.52;
2022-10-18 16:00:00;20.0;0.0;20.0;18.13;44.05;1.17;
2022-10-18 17:00:00;0.0;0.0;0.0;16.66;50.75;0.9;
2022-10-18 18:00:00;0.0;0.0;0.0;15.94;50.6;0.62;
2022-10-18 19:00:00;0.0;0.0;0.0;13.82;53.85;2.07;
2022-10-18 20:00:00;0.0;0.0;0.0;13.74;53.85;2.07;
2022-10-18 21:00:00;0.0;0.0;0.0;13.74;51.9;2.07;
2022-10-18 22:00:00;0.0;0.0;0.0;13.72;51.9;2.0;
2022-10-18 23:00:00;0.0;0.0;0.0;13.63;51.9;1.93;
2022-10-19 00:00:00;0.0;0.0;0.0;13.84;50.0;1.93;
2022-10-19 01:00:00;0.0;0.0;0.0;13.84;50.0;1.93;
2022-10-19 02:00:00;0.0;0.0;0.0;13.54;51.9;2.07;
2022-10-19 03:00:00;0.0;0.0;0.0;13.02;57.9;2.28;
2022-10-19 04:00:00;0.0;0.0;0.0;12.76;59.95;2.21;
2022-10-19 05:00:00;0.0;0.0;0.0;12.69;59.95;1.93;
2022-10-19 06:00:00;18.0;15.88;17.0;12.51;59.95;1.59;
2022-10-19 07:00:00;75.0;8.69;73.0;11.86;74.55;1.24;
2022-10-19 08:00:00;33.0;0.0;33.0;12.2;74.6;0.97;
2022-10-19 09:00:00;119.0;0.0;119.0;12.8;77.45;0.48;
2022-10-19 10:00:00;111.0;0.0;111.0;13.25;77.5;0.48;
2022-10-19 11:00:00;80.0;0.0;80.0;14.12;72.3;0.41;
2022-10-19 12:00:00;48.0;0.0;48.0;14.99;69.9;0.48;
2022-10-19 13:00:00;77.0;0.0;77.0;16.05;65.25;1.03;
2022-10-19 14:00:00;200.0;90.11;167.0;16.42;63.05;1.24;
2022-10-19 15:00:00;83.0;18.07;79.0;16.25;67.65;2.07;
2022-10-19 16:00:00;10.0;0.0;10.0;15.41;72.55;2.21;
2022-10-19 17:00:00;0.0;0.0;0.0;14.09;86.4;1.93;
2022-10-19 18:00:00;0.0;0.0;0.0;13.78;89.45;2.28;
2022-10-19 19:00:00;0.0;0.0;0.0;11.64;92.55;2.14;
2022-10-19 20:00:00;0.0;0.0;0.0;11.62;92.55;1.52;
2022-10-19 21:00:00;0.0;0.0;0.0;11.55;92.55;0.62;
2022-10-19 22:00:00;0.0;0.0;0.0;11.48;92.55;0.55;
2022-10-19 23:00:00;0.0;0.0;0.0;11.24;95.9;1.17;
2022-10-20 00:00:00;0.0;0.0;0.0;11.0;95.9;1.52;
2022-10-20 01:00:00;0.0;0.0;0.0;10.77;99.4;1.52;
2022-10-20 02:00:00;0.0;0.0;0.0;10.68;99.4;1.38;
2022-10-20 03:00:00;0.0;0.0;0.0;10.45;99.4;1.45;
2022-10-20 04:00:00;0.0;0.0;0.0;10.24;99.4;1.72;
2022-10-20 05:00:00;0.0;0.0;0.0;9.93;95.9;1.72;
2022-10-20 06:00:00;27.0;118.97;20.0;9.71;99.4;1.66;
2022-10-20 07:00:00;195.0;575.74;65.0;10.81;95.9;2.0;
2022-10-20 08:00:00;337.0;626.42;106.0;12.4;77.45;2.14;
2022-10-20 09:00:00;456.0;675.74;133.0;14.49;50.25;3.24;
2022-10-20 10:00:00;540.0;739.87;136.0;16.15;32.2;4.41;
2022-10-20 11:00:00;551.0;681.0;164.0;17.14;31.15;4.41;
2022-10-20 12:00:00;506.0;598.32;181.0;16.91;36.3;4.48;
2022-10-20 13:00:00;347.0;260.33;224.0;14.95;50.35;5.93;
2022-10-20 14:00:00;343.0;695.39;92.0;13.02;55.75;6.14;
2022-10-20 15:00:00;172.0;453.22;74.0;12.47;53.6;5.31;
2022-10-20 16:00:00;15.0;0.0;15.0;11.76;55.4;3.72;
2022-10-20 17:00:00;0.0;0.0;0.0;10.89;57.4;3.24;
2022-10-20 18:00:00;0.0;0.0;0.0;10.1;61.65;2.9;
2022-10-20 19:00:00;0.0;0.0;0.0;10.08;64.0;3.31;
2022-10-20 20:00:00;0.0;0.0;0.0;9.87;64.0;3.1;
2022-10-20 21:00:00;0.0;0.0;0.0;9.22;68.8;2.9;
2022-10-20 22:00:00;0.0;0.0;0.0;9.27;68.8;2.76;
2022-10-20 23:00:00;0.0;0.0;0.0;9.22;68.8;2.62;
2022-10-21 00:00:00;0.0;0.0;0.0;8.81;71.35;2.48;
2022-10-21 01:00:00;0.0;0.0;0.0;8.47;71.35;2.34;
2022-10-21 02:00:00;0.0;0.0;0.0;8.31;73.95;2.14;
2022-10-21 03:00:00;0.0;0.0;0.0;7.59;76.7;2.14;
2022-10-21 04:00:00;0.0;0.0;0.0;7.24;82.6;2.0;
2022-10-21 05:00:00;0.0;0.0;0.0;7.05;82.6;1.93;
2022-10-21 06:00:00;27.0;164.59;18.0;6.85;82.6;1.86;
2022-10-21 07:00:00;183.0;505.87;71.0;7.64;89.0;1.72;
2022-10-21 08:00:00;337.0;639.88;104.0;9.92;69.0;2.21;
2022-10-21 09:00:00;451.0;659.41;139.0;11.27;59.6;2.76;
2022-10-21 10:00:00;532.0;707.92;149.0;12.48;49.7;3.1;
2022-10-21 11:00:00;546.0;667.71;170.0;13.4;42.95;3.24;
2022-10-21 12:00:00;518.0;658.07;164.0;14.14;39.95;3.17;
2022-10-21 13:00:00;446.0;659.24;138.0;14.44;37.15;2.83;
2022-10-21 14:00:00;320.0;576.29;115.0;14.6;35.75;2.62;
2022-10-21 15:00:00;172.0;478.44;71.0;14.28;37.0;2.62;
2022-10-21 16:00:00;14.0;0.0;14.0;13.39;38.3;2.0;
2022-10-21 17:00:00;0.0;0.0;0.0;11.88;44.2;2.14;
2022-10-21 18:00:00;0.0;0.0;0.0;10.49;49.2;2.14;
2022-10-21 19:00:00;0.0;0.0;0.0;9.17;59.15;2.28;
2022-10-21 20:00:00;0.0;0.0;0.0;8.39;61.3;2.41;
2022-10-21 21:00:00;0.0;0.0;0.0;7.96;63.6;2.48;
2022-10-21 22:00:00;0.0;0.0;0.0;7.52;65.95;2.55;
2022-10-21 23:00:00;0.0;0.0;0.0;7.15;68.4;2.55;
2022-10-22 00:00:00;0.0;0.0;0.0;6.89;68.4;2.41;
2022-10-22 01:00:00;0.0;0.0;0.0;6.5;70.95;2.28;
2022-10-22 02:00:00;0.0;0.0;0.0;6.2;70.95;2.14;
2022-10-22 03:00:00;0.0;0.0;0.0;6.19;70.95;1.93;
2022-10-22 04:00:00;0.0;0.0;0.0;5.51;73.65;1.79;
2022-10-22 05:00:00;0.0;0.0;0.0;5.41;73.65;1.45;
2022-10-22 06:00:00;21.0;98.98;16.0;6.41;73.7;0.9;
2022-10-22 07:00:00;131.0;165.9;95.0;6.86;76.65;0.41;
2022-10-22 08:00:00;246.0;214.19;169.0;8.69;68.7;0.34;
2022-10-22 09:00:00;294.0;134.53;231.0;10.55;55.15;1.03;
2022-10-22 10:00:00;345.0;139.93;270.0;12.0;44.2;1.79;
2022-10-22 11:00:00;531.0;620.1;185.0;13.12;39.65;2.21;
2022-10-22 12:00:00;541.0;780.89;125.0;13.68;38.3;2.28;
2022-10-22 13:00:00;450.0;701.34;126.0;14.06;37.0;2.28;
2022-10-22 14:00:00;324.0;627.59;104.0;13.92;37.0;2.34;
2022-10-22 15:00:00;168.0;480.5;69.0;13.55;38.3;2.34;
2022-10-22 16:00:00;12.0;0.0;12.0;12.72;41.1;1.93;
2022-10-22 17:00:00;0.0;0.0;0.0;11.23;47.45;2.14;
2022-10-22 18:00:00;0.0;0.0;0.0;9.95;52.95;2.21;
2022-10-22 19:00:00;0.0;0.0;0.0;8.51;56.8;2.21;
2022-10-22 20:00:00;0.0;0.0;0.0;7.81;63.5;2.21;
2022-10-22 21:00:00;0.0;0.0;0.0;7.0;65.85;2.14;
2022-10-22 22:00:00;0.0;0.0;0.0;6.39;68.3;2.07;
2022-10-22 23:00:00;0.0;0.0;0.0;5.95;70.95;2.0;
2022-10-23 00:00:00;0.0;0.0;0.0;5.79;73.65;1.86;
2022-10-23 01:00:00;0.0;0.0;0.0;5.18;79.35;1.72;
2022-10-23 02:00:00;0.0;0.0;0.0;4.71;82.35;1.59;
2022-10-23 03:00:00;0.0;0.0;0.0;4.78;82.35;1.38;
2022-10-23 04:00:00;0.0;0.0;0.0;4.93;79.35;1.17;
2022-10-23 05:00:00;0.0;0.0;0.0;5.07;79.35;1.1;
2022-10-23 06:00:00;14.0;21.57;13.0;5.34;76.5;0.97;
2022-10-23 07:00:00;110.0;89.37;91.0;5.42;85.65;1.1;
2022-10-23 08:00:00;268.0;312.8;157.0;8.07;71.25;1.38;
2022-10-23 09:00:00;426.0;584.73;155.0;9.64;63.9;1.66;
2022-10-23 10:00:00;524.0;717.53;143.0;11.06;57.4;2.14;
2022-10-23 11:00:00;562.0;785.03;128.0;12.11;49.6;2.55;
2022-10-23 12:00:00;527.0;744.97;134.0;12.68;47.85;2.48;
2022-10-23 13:00:00;379.0;405.0;194.0;13.37;44.5;2.41;
2022-10-23 14:00:00;264.0;327.13;151.0;13.56;42.95;2.48;
2022-10-23 15:00:00;158.0;427.79;72.0;13.08;42.8;2.55;
2022-10-23 16:00:00;10.0;0.0;10.0;12.3;45.95;2.28;
2022-10-23 17:00:00;0.0;0.0;0.0;10.61;53.1;2.48;
2022-10-23 18:00:00;0.0;0.0;0.0;9.63;59.25;2.41;
2022-10-23 19:00:00;0.0;0.0;0.0;8.83;61.45;2.28;
2022-10-23 20:00:00;0.0;0.0;0.0;8.03;66.05;2.48;
2022-10-23 21:00:00;0.0;0.0;0.0;7.79;68.5;2.34;
2022-10-23 22:00:00;0.0;0.0;0.0;7.18;73.8;2.28;
2022-10-23 23:00:00;0.0;0.0;0.0;6.81;76.55;2.14;
2022-10-24 00:00:00;0.0;0.0;0.0;6.44;76.55;2.0;
2022-10-24 01:00:00;0.0;0.0;0.0;6.29;79.5;1.86;
2022-10-24 02:00:00;0.0;0.0;0.0;6.31;79.5;1.79;
2022-10-24 03:00:00;0.0;0.0;0.0;6.86;79.55;1.66;
2022-10-24 04:00:00;0.0;0.0;0.0;6.87;79.55;1.66;
2022-10-24 05:00:00;0.0;0.0;0.0;7.01;82.6;1.52;
2022-10-24 06:00:00;12.0;23.71;11.0;7.49;79.65;1.52;
2022-10-24 07:00:00;98.0;62.44;85.0;7.91;82.7;2.28;
2022-10-24 08:00:00;186.0;77.09;159.0;8.31;85.85;2.69;
2022-10-24 09:00:00;218.0;37.07;201.0;8.94;79.85;3.17;
2022-10-24 10:00:00;205.0;9.51;200.0;9.6;74.2;3.86;
2022-10-24 11:00:00;150.0;0.0;150.0;10.47;66.55;4.28;
2022-10-24 12:00:00;49.0;0.0;49.0;10.85;61.85;4.28;
2022-10-24 13:00:00;86.0;0.0;86.0;10.92;61.85;4.14;
2022-10-24 14:00:00;39.0;0.0;39.0;10.44;66.55;2.9;
2022-10-24 15:00:00;66.0;10.2;64.0;10.03;74.3;2.69;
2022-10-24 16:00:00;4.0;0.0;4.0;9.11;89.1;2.9;
2022-10-24 17:00:00;0.0;0.0;0.0;8.77;92.4;3.17;
2022-10-24 18:00:00;0.0;0.0;0.0;8.59;92.4;3.31;
2022-10-24 19:00:00;0.0;0.0;0.0;8.12;92.4;3.38;
2022-10-24 20:00:00;0.0;0.0;0.0;8.07;92.4;3.45;
2022-10-24 21:00:00;0.0;0.0;0.0;8.04;92.4;3.45;
2022-10-24 22:00:00;0.0;0.0;0.0;8.02;92.4;3.52;
2022-10-24 23:00:00;0.0;0.0;0.0;7.98;92.4;3.24;
2022-10-25 00:00:00;0.0;0.0;0.0;7.98;92.4;2.97;
2022-10-25 01:00:00;0.0;0.0;0.0;8.11;92.4;2.62;
2022-10-25 02:00:00;0.0;0.0;0.0;8.16;92.4;2.48;
2022-10-25 03:00:00;0.0;0.0;0.0;8.23;95.8;2.41;
2022-10-25 04:00:00;0.0;0.0;0.0;8.31;95.8;2.21;
2022-10-25 05:00:00;0.0;0.0;0.0;8.42;92.4;1.93;
2022-10-25 06:00:00;6.0;0.0;6.0;8.5;95.85;1.72;
2022-10-25 07:00:00;87.0;39.26;79.0;8.03;92.4;2.9;
2022-10-25 08:00:00;27.0;0.0;27.0;8.27;95.8;2.62;
2022-10-25 09:00:00;49.0;0.0;49.0;8.52;92.4;2.62;
2022-10-25 10:00:00;67.0;0.0;67.0;8.75;95.85;2.55;
2022-10-25 11:00:00;67.0;0.0;67.0;9.06;95.85;1.72;
2022-10-25 12:00:00;53.0;0.0;53.0;9.55;92.45;0.83;
2022-10-25 13:00:00;51.0;0.0;51.0;9.54;95.85;1.1;
2022-10-25 14:00:00;42.0;0.0;42.0;9.66;95.85;0.76;
2022-10-25 15:00:00;17.0;0.0;17.0;9.62;95.85;0.97;
2022-10-25 16:00:00;1.0;0.0;1.0;9.47;95.85;1.45;
2022-10-25 17:00:00;0.0;0.0;0.0;9.33;99.4;1.66;
2022-10-25 18:00:00;0.0;0.0;0.0;9.29;99.4;1.79;
2022-10-25 19:00:00;0.0;0.0;0.0;8.59;99.4;1.79;
2022-10-25 20:00:00;0.0;0.0;0.0;8.55;95.85;1.79;
2022-10-25 21:00:00;0.0;0.0;0.0;8.6;95.85;1.79;
2022-10-25 22:00:00;0.0;0.0;0.0;8.61;95.85;2.0;
2022-10-25 23:00:00;0.0;0.0;0.0;8.62;92.4;2.14;
2022-10-26 00:00:00;0.0;0.0;0.0;8.76;92.4;2.0;
2022-10-26 01:00:00;0.0;0.0;0.0;8.9;89.1;1.72;
2022-10-26 02:00:00;0.0;0.0;0.0;9.09;85.95;1.45;
2022-10-26 03:00:00;0.0;0.0;0.0;9.29;85.95;1.45;
2022-10-26 04:00:00;0.0;0.0;0.0;9.46;82.9;1.31;
2022-10-26 05:00:00;0.0;0.0;0.0;9.56;82.9;1.17;
2022-10-26 06:00:00;10.0;0.0;10.0;9.63;82.9;1.17;
2022-10-26 07:00:00;103.0;90.29;85.0;8.98;89.1;0.9;
2022-10-26 08:00:00;184.0;82.12;156.0;9.69;85.95;0.9;
2022-10-26 09:00:00;211.0;33.41;196.0;10.76;80.05;0.62;
2022-10-26 10:00:00;355.0;195.72;254.0;11.46;77.3;0.55;
2022-10-26 11:00:00;373.0;199.03;266.0;12.99;72.1;0.55;
2022-10-26 12:00:00;276.0;66.38;242.0;13.68;69.65;0.69;
2022-10-26 13:00:00;238.0;72.48;206.0;14.09;67.25;0.48;
2022-10-26 14:00:00;209.0;166.47;154.0;14.6;64.95;0.55;
2022-10-26 15:00:00;120.0;225.31;78.0;14.67;62.65;0.62;
2022-10-26 16:00:00;0.0;0.0;0.0;14.23;67.25;0.28;
2022-10-26 17:00:00;0.0;0.0;0.0;12.8;77.45;0.83;
2022-10-26 18:00:00;0.0;0.0;0.0;11.7;80.15;1.17;
2022-10-26 19:00:00;0.0;0.0;0.0;11.33;83.05;0.69;
2022-10-26 20:00:00;0.0;0.0;0.0;11.13;83.05;0.69;
2022-10-26 21:00:00;0.0;0.0;0.0;10.86;83.05;0.69;
2022-10-26 22:00:00;0.0;0.0;0.0;10.08;89.2;0.9;
2022-10-26 23:00:00;0.0;0.0;0.0;9.82;89.15;0.9;
2022-10-27 00:00:00;0.0;0.0;0.0;8.74;92.4;1.1;
2022-10-27 01:00:00;0.0;0.0;0.0;8.08;95.8;1.1;
2022-10-27 02:00:00;0.0;0.0;0.0;8.69;95.85;0.55;
2022-10-27 03:00:00;0.0;0.0;0.0;8.36;95.85;0.28;
2022-10-27 04:00:00;0.0;0.0;0.0;8.21;95.8;0.48;
2022-10-27 05:00:00;0.0;0.0;0.0;8.17;95.8;0.34;
2022-10-27 06:00:00;7.0;0.0;7.0;8.16;95.8;0.34;
2022-10-27 07:00:00;92.0;61.55;80.0;9.27;99.4;0.55;
2022-10-27 08:00:00;125.0;11.89;121.0;10.38;92.5;0.69;
2022-10-27 09:00:00;265.0;117.08;213.0;11.57;86.15;0.9;
2022-10-27 10:00:00;245.0;35.22;227.0;13.0;77.5;1.03;
2022-10-27 11:00:00;370.0;202.79;262.0;13.86;74.85;0.97;
2022-10-27 12:00:00;246.0;37.47;227.0;14.69;69.85;0.76;
2022-10-27 13:00:00;430.0;751.45;102.0;15.1;65.05;0.55;
2022-10-27 14:00:00;233.0;270.36;145.0;15.2;65.05;0.21;
2022-10-27 15:00:00;148.0;500.89;57.0;15.15;62.75;0.07;
2022-10-27 16:00:00;0.0;0.0;0.0;14.75;67.35;0.48;
2022-10-27 17:00:00;0.0;0.0;0.0;13.35;77.5;0.83;
2022-10-27 18:00:00;0.0;0.0;0.0;12.19;83.15;1.03;
2022-10-27 19:00:00;0.0;0.0;0.0;12.84;83.25;0.55;
2022-10-27 20:00:00;0.0;0.0;0.0;11.08;89.3;1.17;
2022-10-27 21:00:00;0.0;0.0;0.0;10.44;89.25;1.17;
2022-10-27 22:00:00;0.0;0.0;0.0;10.42;89.25;1.1;
2022-10-27 23:00:00;0.0;0.0;0.0;9.76;95.85;1.17;
2022-10-28 00:00:00;0.0;0.0;0.0;10.63;89.25;0.83;
2022-10-28 01:00:00;0.0;0.0;0.0;10.55;89.25;0.62;
2022-10-28 02:00:00;0.0;0.0;0.0;10.31;92.5;0.62;
2022-10-28 03:00:00;0.0;0.0;0.0;9.92;92.5;0.62;
2022-10-28 04:00:00;0.0;0.0;0.0;9.54;95.85;0.69;
2022-10-28 05:00:00;0.0;0.0;0.0;9.11;95.85;0.83;
2022-10-28 06:00:00;1.0;0.0;1.0;8.63;99.4;0.97;
2022-10-28 07:00:00;102.0;115.46;80.0;9.21;95.85;0.9;
2022-10-28 08:00:00;223.0;220.08;150.0;11.28;86.1;0.76;
2022-10-28 09:00:00;361.0;421.07;176.0;12.92;74.75;0.83;
2022-10-28 10:00:00;454.0;553.19;174.0;14.19;72.3;0.83;
2022-10-28 11:00:00;519.0;746.83;125.0;15.45;65.15;0.9;
2022-10-28 12:00:00;500.0;772.73;112.0;16.4;60.75;1.1;
2022-10-28 13:00:00;401.0;653.47;119.0;16.94;58.7;0.9;
2022-10-28 14:00:00;257.0;424.13;121.0;16.99;58.7;0.69;
2022-10-28 15:00:00;141.0;474.54;57.0;16.76;58.7;0.83;
2022-10-28 16:00:00;0.0;0.0;0.0;15.92;60.75;1.03;
2022-10-28 17:00:00;0.0;0.0;0.0;13.92;72.3;1.31;
2022-10-28 18:00:00;0.0;0.0;0.0;11.86;83.15;1.86;
2022-10-28 19:00:00;0.0;0.0;0.0;11.08;89.3;1.31;
2022-10-28 20:00:00;0.0;0.0;0.0;10.14;92.5;1.38;
2022-10-28 21:00:00;0.0;0.0;0.0;9.75;92.45;1.24;
2022-10-28 22:00:00;0.0;0.0;0.0;10.63;89.25;0.83;
2022-10-28 23:00:00;0.0;0.0;0.0;10.39;89.25;0.83;
2022-10-29 00:00:00;0.0;0.0;0.0;10.1;89.2;0.83;
2022-10-29 01:00:00;0.0;0.0;0.0;9.93;89.2;0.69;
2022-10-29 02:00:00;0.0;0.0;0.0;9.52;92.45;0.69;
2022-10-29 03:00:00;0.0;0.0;0.0;8.94;95.85;0.62;
2022-10-29 04:00:00;0.0;0.0;0.0;8.34;95.85;0.69;
2022-10-29 05:00:00;0.0;0.0;0.0;7.16;100.0;0.83;
2022-10-29 06:00:00;0.0;0.0;0.0;6.59;100.0;0.76;
2022-10-29 07:00:00;85.0;59.1;74.0;7.56;100.0;0.69;
2022-10-29 08:00:00;149.0;39.74;136.0;8.76;99.4;0.28;
2022-10-29 09:00:00;179.0;16.11;172.0;9.91;95.9;0.28;
2022-10-29 10:00:00;215.0;19.95;205.0;11.43;89.3;0.48;
2022-10-29 11:00:00;215.0;13.39;208.0;13.17;80.35;0.76;
2022-10-29 12:00:00;259.0;58.33;230.0;14.32;77.65;0.9;
2022-10-29 13:00:00;376.0;539.09;146.0;14.94;72.45;0.76;
2022-10-29 14:00:00;197.0;164.61;145.0;15.34;69.9;0.69;
2022-10-29 15:00:00;106.0;202.98;71.0;15.15;69.9;0.69;
2022-10-29 16:00:00;0.0;0.0;0.0;14.63;72.4;0.83;
2022-10-29 17:00:00;0.0;0.0;0.0;12.99;83.25;1.1;
2022-10-29 18:00:00;0.0;0.0;0.0;12.0;86.2;1.1;
2022-10-29 19:00:00;0.0;0.0;0.0;9.72;95.85;1.93;
2022-10-29 20:00:00;0.0;0.0;0.0;9.13;95.85;1.66;
2022-10-29 21:00:00;0.0;0.0;0.0;8.99;95.85;1.38;
2022-10-29 22:00:00;0.0;0.0;0.0;8.77;99.4;1.31;
2022-10-29 23:00:00;0.0;0.0;0.0;7.6;99.4;1.52;
2022-10-30 00:00:00;0.0;0.0;0.0;6.99;100.0;1.38;
2022-10-30 01:00:00;0.0;0.0;0.0;7.02;100.0;1.31;
2022-10-30 02:00:00;0.0;0.0;0.0;7.09;100.0;1.38;
2022-10-30 03:00:00;0.0;0.0;0.0;7.59;100.0;1.24;
2022-10-30 04:00:00;0.0;0.0;0.0;7.75;100.0;1.1;
2022-10-30 05:00:00;0.0;0.0;0.0;8.78;100.0;0.55;
2022-10-30 06:00:00;0.0;0.0;0.0;8.72;100.0;0.48;
2022-10-30 07:00:00;68.0;22.01;64.0;8.49;99.4;0.69;
2022-10-30 08:00:00;134.0;21.71;127.0;8.96;99.4;0.48;
2022-10-30 09:00:00;141.0;2.33;140.0;9.78;99.4;0.55;
2022-10-30 10:00:00;188.0;8.06;184.0;10.87;92.55;0.62;
2022-10-30 11:00:00;265.0;50.23;239.0;12.43;86.25;0.97;
2022-10-30 12:00:00;301.0;121.89;241.0;14.0;77.65;1.31;
2022-10-30 13:00:00;263.0;142.24;203.0;15.35;69.9;1.72;
2022-10-30 14:00:00;229.0;305.28;134.0;15.7;65.15;1.79;
2022-10-30 15:00:00;80.0;71.46;68.0;15.54;65.15;1.86;
2022-10-30 16:00:00;0.0;0.0;0.0;14.67;72.4;1.72;
2022-10-30 17:00:00;0.0;0.0;0.0;13.3;80.35;1.86;
2022-10-30 18:00:00;0.0;0.0;0.0;11.72;89.3;1.66;
2022-10-30 19:00:00;0.0;0.0;0.0;10.06;95.9;1.72;
2022-10-30 20:00:00;0.0;0.0;0.0;9.33;99.4;1.72;
2022-10-30 21:00:00;0.0;0.0;0.0;9.02;95.85;1.66;
2022-10-30 22:00:00;0.0;0.0;0.0;8.6;99.4;1.59;
2022-10-30 23:00:00;0.0;0.0;0.0;8.46;99.4;1.45;
2022-10-31 00:00:00;0.0;0.0;0.0;8.85;95.85;1.03;
2022-10-31 01:00:00;0.0;0.0;0.0;9.76;95.85;0.41;
2022-10-31 02:00:00;0.0;0.0;0.0;9.65;95.85;0.21;
2022-10-31 03:00:00;0.0;0.0;0.0;8.86;99.4;0.41;
2022-10-31 04:00:00;0.0;0.0;0.0;8.6;99.4;0.48;
2022-10-31 05:00:00;0.0;0.0;0.0;8.12;100.0;0.62;
2022-10-31 06:00:00;0.0;0.0;0.0;7.93;99.4;0.69;
2022-10-31 07:00:00;88.0;84.58;73.0;8.66;100.0;0.83;
2022-10-31 08:00:00;169.0;78.64;144.0;9.55;99.4;0.62;
2022-10-31 09:00:00;249.0;105.87;204.0;10.39;92.5;0.55;
2022-10-31 10:00:00;461.0;632.74;150.0;11.61;86.15;0.76;
2022-10-31 11:00:00;453.0;503.15;195.0;12.97;77.5;0.97;
2022-10-31 12:00:00;470.0;693.52;132.0;14.08;69.75;1.17;
2022-10-31 13:00:00;392.0;661.82;116.0;14.81;64.95;1.31;
2022-10-31 14:00:00;280.0;639.35;84.0;15.05;62.75;1.17;
2022-10-31 15:00:00;110.0;281.38;64.0;14.88;64.95;1.03;
2022-10-31 16:00:00;0.0;0.0;0.0;10.43;83.07;0.59;
2022-10-31 17:00:00;0.0;0.0;0.0;10.51;83.94;0.91;
2022-10-31 18:00:00;0.0;0.0;0.0;10.59;84.81;1.23;
2022-10-31 19:00:00;0.0;0.0;0.0;10.67;85.67;1.55;
2022-10-31 20:00:00;0.0;0.0;0.0;10.75;86.54;1.87;
2022-10-31 21:00:00;0.0;0.0;0.0;10.83;87.41;2.18;
2022-10-31 22:00:00;0.0;0.0;0.0;10.91;88.28;2.5;
2022-10-31 23:00:00;0.0;0.0;0.0;10.99;89.14;2.82;
2022-11-01 00:00:00;0.0;0.0;0.0;11.07;90.01;3.14;
2022-11-01 01:00:00;0.0;0.0;0.0;11.15;90.88;3.46;
2022-11-01 02:00:00;0.0;0.0;0.0;11.22;91.75;3.78;
2022-11-01 03:00:00;0.0;0.0;0.0;11.3;92.61;4.1;
2022-11-01 04:00:00;0.0;0.0;0.0;11.38;93.48;4.42;
2022-11-01 05:00:00;0.0;0.0;0.0;11.46;94.35;4.74;
2022-11-01 06:00:00;0.0;0.0;0.0;11.54;95.22;5.06;
2022-11-01 07:00:00;61.0;17.34;58.0;11.62;96.08;5.38;
2022-11-01 08:00:00;74.0;0.0;74.0;12.15;95.95;1.59;
2022-11-01 09:00:00;192.0;33.31;178.0;12.3;92.6;1.86;
2022-11-01 10:00:00;295.0;121.23;236.0;12.72;86.25;2.14;
2022-11-01 11:00:00;443.0;507.96;185.0;13.42;80.35;2.34;
2022-11-01 12:00:00;404.0;445.55;189.0;13.89;77.6;2.14;
2022-11-01 13:00:00;342.0;448.68;157.0;14.5;69.85;1.59;
2022-11-01 14:00:00;257.0;543.04;93.0;14.99;67.35;1.59;
2022-11-01 15:00:00;126.0;502.73;46.0;14.95;64.95;1.52;
2022-11-01 16:00:00;0.0;0.0;0.0;13.72;72.2;2.21;
2022-11-01 17:00:00;0.0;0.0;0.0;12.61;80.3;2.07;
2022-11-01 18:00:00;0.0;0.0;0.0;11.84;86.15;1.52;
2022-11-01 19:00:00;0.0;0.0;0.0;10.16;92.5;1.24;
2022-11-01 20:00:00;0.0;0.0;0.0;10.11;92.5;1.03;
2022-11-01 21:00:00;0.0;0.0;0.0;10.69;89.25;0.76;
2022-11-01 22:00:00;0.0;0.0;0.0;10.66;89.25;0.9;
2022-11-01 23:00:00;0.0;0.0;0.0;10.39;95.9;1.31;
2022-11-02 00:00:00;0.0;0.0;0.0;10.32;95.9;1.52;
2022-11-02 01:00:00;0.0;0.0;0.0;10.05;95.9;1.59;
2022-11-02 02:00:00;0.0;0.0;0.0;9.87;95.85;1.59;
2022-11-02 03:00:00;0.0;0.0;0.0;9.72;95.85;1.72;
2022-11-02 04:00:00;0.0;0.0;0.0;9.63;95.85;1.59;
2022-11-02 05:00:00;0.0;0.0;0.0;9.42;99.4;1.66;
2022-11-02 06:00:00;0.0;0.0;0.0;9.27;95.85;1.52;
2022-11-02 07:00:00;71.0;41.52;64.0;9.95;95.9;1.24;
2022-11-02 08:00:00;139.0;38.87;127.0;11.87;92.55;1.59;
2022-11-02 09:00:00;247.0;122.71;196.0;12.67;83.25;2.0;
2022-11-02 10:00:00;189.0;10.38;184.0;13.28;83.25;1.79;
2022-11-02 11:00:00;130.0;0.0;130.0;13.9;80.4;1.59;
2022-11-02 12:00:00;42.0;0.0;42.0;14.12;77.65;1.59;
2022-11-02 13:00:00;114.0;0.0;114.0;14.18;77.65;1.72;
2022-11-02 14:00:00;63.0;0.0;63.0;14.17;80.45;1.38;
2022-11-02 15:00:00;44.0;6.46;43.0;13.98;83.35;1.1;
2022-11-02 16:00:00;0.0;0.0;0.0;13.39;92.65;1.1;
2022-11-02 17:00:00;0.0;0.0;0.0;12.83;95.95;1.31;
2022-11-02 18:00:00;0.0;0.0;0.0;12.21;95.95;1.1;
2022-11-02 19:00:00;0.0;0.0;0.0;11.9;99.4;1.59;
2022-11-02 20:00:00;0.0;0.0;0.0;11.87;99.4;1.31;
2022-11-02 21:00:00;0.0;0.0;0.0;11.8;99.4;1.31;
2022-11-02 22:00:00;0.0;0.0;0.0;11.94;99.4;1.59;
2022-11-02 23:00:00;0.0;0.0;0.0;12.16;95.95;1.52;
2022-11-03 00:00:00;0.0;0.0;0.0;12.23;95.95;1.52;
2022-11-03 01:00:00;0.0;0.0;0.0;12.2;95.95;2.07;
2022-11-03 02:00:00;0.0;0.0;0.0;12.24;95.95;2.07;
2022-11-03 03:00:00;0.0;0.0;0.0;12.1;95.95;2.21;
2022-11-03 04:00:00;0.0;0.0;0.0;12.12;95.95;2.21;
2022-11-03 05:00:00;0.0;0.0;0.0;12.07;92.6;2.21;
2022-11-03 06:00:00;0.0;0.0;0.0;11.94;95.9;2.07;
2022-11-03 07:00:00;64.0;30.44;59.0;12.24;92.6;2.21;
2022-11-03 08:00:00;122.0;19.72;116.0;12.93;89.4;2.28;
2022-11-03 09:00:00;91.0;0.0;91.0;13.7;83.35;2.41;
2022-11-03 10:00:00;87.0;0.0;87.0;14.6;80.55;2.62;
2022-11-03 11:00:00;123.0;0.0;123.0;15.18;77.8;2.76;
2022-11-03 12:00:00;106.0;0.0;106.0;15.9;75.15;2.69;
2022-11-03 13:00:00;106.0;0.0;106.0;16.33;75.25;2.55;
2022-11-03 14:00:00;126.0;30.7;117.0;16.59;72.7;2.34;
2022-11-03 15:00:00;62.0;39.82;56.0;16.5;75.25;1.72;
2022-11-03 16:00:00;0.0;0.0;0.0;15.97;77.85;1.45;
2022-11-03 17:00:00;0.0;0.0;0.0;15.16;80.6;1.45;
2022-11-03 18:00:00;0.0;0.0;0.0;14.63;83.45;1.38;
2022-11-03 19:00:00;0.0;0.0;0.0;13.23;89.4;1.45;
2022-11-03 20:00:00;0.0;0.0;0.0;12.96;92.6;1.17;
2022-11-03 21:00:00;0.0;0.0;0.0;12.77;92.6;1.1;
2022-11-03 22:00:00;0.0;0.0;0.0;12.81;89.4;0.9;
2022-11-03 23:00:00;0.0;0.0;0.0;12.41;92.6;1.17;
2022-11-04 00:00:00;0.0;0.0;0.0;12.32;92.6;1.24;
2022-11-04 01:00:00;0.0;0.0;0.0;12.01;92.6;1.17;
2022-11-04 02:00:00;0.0;0.0;0.0;11.67;95.9;1.31;
2022-11-04 03:00:00;0.0;0.0;0.0;11.68;92.55;1.03;
2022-11-04 04:00:00;0.0;0.0;0.0;11.7;92.55;0.97;
2022-11-04 05:00:00;0.0;0.0;0.0;11.33;95.9;1.1;
2022-11-04 06:00:00;0.0;0.0;0.0;10.95;99.4;1.24;
2022-11-04 07:00:00;52.0;12.51;50.0;11.76;92.55;1.38;
2022-11-04 08:00:00;161.0;93.43;133.0;13.88;83.35;1.66;
2022-11-04 09:00:00;163.0;14.77;157.0;15.81;75.15;2.28;
2022-11-04 10:00:00;108.0;0.0;108.0;16.65;70.2;2.83;
2022-11-04 11:00:00;80.0;0.0;80.0;16.98;72.7;3.31;
2022-11-04 12:00:00;95.0;0.0;95.0;17.17;70.3;3.79;
2022-11-04 13:00:00;102.0;0.0;102.0;17.62;67.95;4.0;
2022-11-04 14:00:00;38.0;0.0;38.0;17.56;67.95;3.66;
2022-11-04 15:00:00;40.0;0.0;40.0;16.9;75.3;3.24;
2022-11-04 16:00:00;0.0;0.0;0.0;16.07;80.75;3.24;
2022-11-04 17:00:00;0.0;0.0;0.0;15.15;89.55;3.1;
2022-11-04 18:00:00;0.0;0.0;0.0;14.96;92.7;3.17;
2022-11-04 19:00:00;0.0;0.0;0.0;14.73;92.7;3.72;
2022-11-04 20:00:00;0.0;0.0;0.0;14.81;92.7;3.66;
2022-11-04 21:00:00;0.0;0.0;0.0;14.91;96.0;3.45;
2022-11-04 22:00:00;0.0;0.0;0.0;14.78;96.0;3.1;
2022-11-04 23:00:00;0.0;0.0;0.0;14.68;96.0;2.76;
2022-11-05 00:00:00;0.0;0.0;0.0;14.66;96.0;2.41;
2022-11-05 01:00:00;0.0;0.0;0.0;14.45;99.35;2.28;
2022-11-05 02:00:00;0.0;0.0;0.0;14.32;99.35;2.21;
2022-11-05 03:00:00;0.0;0.0;0.0;14.21;96.0;2.48;
2022-11-05 04:00:00;0.0;0.0;0.0;14.06;96.0;2.48;
2022-11-05 05:00:00;0.0;0.0;0.0;13.93;99.4;2.69;
2022-11-05 06:00:00;0.0;0.0;0.0;13.79;99.4;2.83;
2022-11-05 07:00:00;58.0;25.71;54.0;14.12;96.0;2.14;
2022-11-05 08:00:00;35.0;0.0;35.0;14.48;96.0;4.14;
2022-11-05 09:00:00;103.0;0.0;103.0;15.05;86.5;4.28;
2022-11-05 10:00:00;170.0;6.41;167.0;15.45;86.5;3.72;
2022-11-05 11:00:00;194.0;12.27;188.0;15.99;83.55;3.38;
2022-11-05 12:00:00;125.0;0.0;125.0;16.35;80.75;3.45;
2022-11-05 13:00:00;222.0;98.96;183.0;16.47;80.75;3.66;
2022-11-05 14:00:00;199.0;277.65;120.0;16.22;83.6;3.59;
2022-11-05 15:00:00;81.0;175.37;56.0;15.97;86.5;3.72;
2022-11-05 16:00:00;0.0;0.0;0.0;15.32;86.5;3.79;
2022-11-05 17:00:00;0.0;0.0;0.0;14.85;89.5;3.79;
2022-11-05 18:00:00;0.0;0.0;0.0;14.44;92.7;3.72;
2022-11-05 19:00:00;0.0;0.0;0.0;14.45;92.7;3.1;
2022-11-05 20:00:00;0.0;0.0;0.0;14.35;92.7;3.31;
2022-11-05 21:00:00;0.0;0.0;0.0;14.37;89.5;3.38;
2022-11-05 22:00:00;0.0;0.0;0.0;14.25;92.7;3.31;
2022-11-05 23:00:00;0.0;0.0;0.0;14.11;89.5;3.31;
2022-11-06 00:00:00;0.0;0.0;0.0;14.11;92.7;3.66;
2022-11-06 01:00:00;0.0;0.0;0.0;14.0;92.7;3.93;
2022-11-06 02:00:00;0.0;0.0;0.0;14.08;92.7;3.66;
2022-11-06 03:00:00;0.0;0.0;0.0;14.07;92.7;3.72;
2022-11-06 04:00:00;0.0;0.0;0.0;14.1;92.7;3.86;
2022-11-06 05:00:00;0.0;0.0;0.0;14.11;92.7;3.79;
2022-11-06 06:00:00;0.0;0.0;0.0;14.11;92.7;3.66;
2022-11-06 07:00:00;0.0;0.0;0.0;14.3;92.7;4.07;
2022-11-06 08:00:00;193.0;230.47;126.0;14.66;92.7;3.79;
2022-11-06 09:00:00;195.0;52.89;174.0;15.35;89.55;4.14;
2022-11-06 10:00:00;84.0;0.0;84.0;16.58;78.0;5.03;
2022-11-06 11:00:00;136.0;0.0;136.0;17.65;70.35;4.69;
2022-11-06 12:00:00;107.0;0.0;107.0;17.99;70.35;4.0;
2022-11-06 13:00:00;61.0;0.0;61.0;17.97;70.35;3.72;
2022-11-06 14:00:00;65.0;0.0;65.0;17.62;72.9;3.45;
2022-11-06 15:00:00;16.0;0.0;16.0;17.15;75.4;3.17;
2022-11-06 16:00:00;0.0;0.0;0.0;16.41;80.75;2.9;
2022-11-06 17:00:00;0.0;0.0;0.0;15.43;86.5;2.55;
2022-11-06 18:00:00;0.0;0.0;0.0;14.87;89.5;2.62;
2022-11-06 19:00:00;0.0;0.0;0.0;14.17;92.7;1.93;
2022-11-06 20:00:00;0.0;0.0;0.0;14.04;92.7;1.79;
2022-11-06 21:00:00;0.0;0.0;0.0;13.9;95.95;1.17;
2022-11-06 22:00:00;0.0;0.0;0.0;14.1;89.5;0.55;
2022-11-06 23:00:00;0.0;0.0;0.0;14.27;89.5;0.34;
2022-11-07 00:00:00;0.0;0.0;0.0;14.18;89.5;0.21;
2022-11-07 01:00:00;0.0;0.0;0.0;13.97;89.45;0.48;
2022-11-07 02:00:00;0.0;0.0;0.0;13.05;92.65;1.38;
2022-11-07 03:00:00;0.0;0.0;0.0;12.91;95.95;1.59;
2022-11-07 04:00:00;0.0;0.0;0.0;12.74;95.95;1.38;
2022-11-07 05:00:00;0.0;0.0;0.0;12.69;92.6;0.76;
2022-11-07 06:00:00;0.0;0.0;0.0;13.14;83.25;0.69;
2022-11-07 07:00:00;0.0;0.0;0.0;12.66;95.95;0.83;
2022-11-07 08:00:00;205.0;300.43;119.0;13.35;92.65;0.9;
2022-11-07 09:00:00;317.0;417.84;153.0;13.51;89.45;0.48;
2022-11-07 10:00:00;401.0;529.99;158.0;14.44;80.45;0.69;
2022-11-07 11:00:00;265.0;79.21;227.0;14.66;77.75;0.83;
2022-11-07 12:00:00;344.0;309.99;203.0;14.99;77.75;0.41;
2022-11-07 13:00:00;200.0;67.46;174.0;15.28;75.1;0.76;
2022-11-07 14:00:00;126.0;43.43;114.0;15.59;72.55;0.9;
2022-11-07 15:00:00;97.0;408.01;42.0;15.41;77.8;1.24;
2022-11-07 16:00:00;0.0;0.0;0.0;14.67;83.45;1.86;
2022-11-07 17:00:00;0.0;0.0;0.0;13.81;89.45;1.93;
2022-11-07 18:00:00;0.0;0.0;0.0;12.97;95.95;1.93;
2022-11-07 19:00:00;0.0;0.0;0.0;13.55;86.35;1.1;
2022-11-07 20:00:00;0.0;0.0;0.0;12.81;92.6;1.38;
2022-11-07 21:00:00;0.0;0.0;0.0;12.33;95.95;1.52;
2022-11-07 22:00:00;0.0;0.0;0.0;12.17;95.95;1.66;
2022-11-07 23:00:00;0.0;0.0;0.0;12.25;95.95;1.72;
2022-11-08 00:00:00;0.0;0.0;0.0;11.79;99.4;1.86;
2022-11-08 01:00:00;0.0;0.0;0.0;11.76;99.4;1.79;
2022-11-08 02:00:00;0.0;0.0;0.0;11.63;99.4;1.79;
2022-11-08 03:00:00;0.0;0.0;0.0;11.68;99.4;1.66;
2022-11-08 04:00:00;0.0;0.0;0.0;11.75;99.4;1.45;
2022-11-08 05:00:00;0.0;0.0;0.0;11.67;99.4;1.52;
2022-11-08 06:00:00;0.0;0.0;0.0;11.66;99.4;1.31;
2022-11-08 07:00:00;46.0;14.01;44.0;11.85;99.4;0.69;
2022-11-08 08:00:00;152.0;95.8;125.0;13.14;92.65;0.21;
2022-11-08 09:00:00;72.0;0.0;72.0;14.51;83.45;0.97;
2022-11-08 10:00:00;147.0;2.2;146.0;14.95;83.45;1.31;
2022-11-08 11:00:00;140.0;0.0;140.0;15.35;80.6;1.17;
2022-11-08 12:00:00;69.0;0.0;69.0;15.56;77.85;0.97;
2022-11-08 13:00:00;139.0;7.87;136.0;15.61;77.85;0.83;
2022-11-08 14:00:00;38.0;0.0;38.0;15.48;80.6;0.14;
2022-11-08 15:00:00;39.0;7.63;38.0;15.29;80.6;0.48;
2022-11-08 16:00:00;0.0;0.0;0.0;14.81;83.45;1.03;
2022-11-08 17:00:00;0.0;0.0;0.0;14.2;89.5;1.59;
2022-11-08 18:00:00;0.0;0.0;0.0;14.05;89.5;1.59;
2022-11-08 19:00:00;0.0;0.0;0.0;13.45;92.65;1.1;
2022-11-08 20:00:00;0.0;0.0;0.0;13.02;92.65;1.66;
2022-11-08 21:00:00;0.0;0.0;0.0;12.87;95.95;1.72;
2022-11-08 22:00:00;0.0;0.0;0.0;12.96;95.95;1.72;
2022-11-08 23:00:00;0.0;0.0;0.0;13.01;92.65;1.79;
2022-11-09 00:00:00;0.0;0.0;0.0;12.95;95.95;1.86;
2022-11-09 01:00:00;0.0;0.0;0.0;12.88;95.95;1.93;
2022-11-09 02:00:00;0.0;0.0;0.0;12.68;95.95;2.07;
2022-11-09 03:00:00;0.0;0.0;0.0;12.61;95.95;2.07;
2022-11-09 04:00:00;0.0;0.0;0.0;12.47;92.6;2.21;
2022-11-09 05:00:00;0.0;0.0;0.0;12.47;92.6;2.14;
2022-11-09 06:00:00;0.0;0.0;0.0;12.33;95.95;1.93;
2022-11-09 07:00:00;97.0;368.12;46.0;12.46;99.4;1.1;
2022-11-09 08:00:00;183.0;223.46;121.0;13.19;92.65;1.17;
2022-11-09 09:00:00;155.0;15.65;149.0;13.66;89.45;1.45;
2022-11-09 10:00:00;107.0;0.0;107.0;14.26;86.4;1.45;
2022-11-09 11:00:00;91.0;0.0;91.0;14.85;86.45;1.17;
2022-11-09 12:00:00;120.0;0.0;120.0;14.97;86.45;0.97;
2022-11-09 13:00:00;145.0;10.61;141.0;14.89;86.45;1.03;
2022-11-09 14:00:00;103.0;14.9;99.0;14.94;89.5;0.97;
2022-11-09 15:00:00;85.0;321.79;44.0;14.81;89.5;0.9;
2022-11-09 16:00:00;0.0;0.0;0.0;14.53;89.5;0.83;
2022-11-09 17:00:00;0.0;0.0;0.0;13.67;92.65;0.69;
2022-11-09 18:00:00;0.0;0.0;0.0;13.4;92.65;0.69;
2022-11-09 19:00:00;0.0;0.0;0.0;12.78;95.95;0.62;
2022-11-09 20:00:00;0.0;0.0;0.0;12.36;99.4;0.76;
2022-11-09 21:00:00;0.0;0.0;0.0;11.77;99.4;0.97;
2022-11-09 22:00:00;0.0;0.0;0.0;11.3;99.35;1.38;
2022-11-09 23:00:00;0.0;0.0;0.0;11.51;99.4;1.24;
2022-11-10 00:00:00;0.0;0.0;0.0;11.27;99.35;1.1;
2022-11-10 01:00:00;0.0;0.0;0.0;11.42;100.0;0.97;
2022-11-10 02:00:00;0.0;0.0;0.0;11.28;100.0;0.83;
2022-11-10 03:00:00;0.0;0.0;0.0;11.35;100.0;0.83;
2022-11-10 04:00:00;0.0;0.0;0.0;11.59;99.4;0.76;
2022-11-10 05:00:00;0.0;0.0;0.0;11.65;100.0;0.55;
2022-11-10 06:00:00;0.0;0.0;0.0;11.82;100.0;0.97;
2022-11-10 07:00:00;62.0;74.44;52.0;12.52;95.95;2.34;
2022-11-10 08:00:00;194.0;292.93;114.0;12.73;95.95;2.48;
2022-11-10 09:00:00;76.0;0.0;76.0;13.11;92.65;2.07;
2022-11-10 10:00:00;148.0;2.25;147.0;13.48;89.45;1.72;
2022-11-10 11:00:00;78.0;0.0;78.0;14.01;86.4;1.31;
2022-11-10 12:00:00;85.0;0.0;85.0;14.43;86.4;1.03;
2022-11-10 13:00:00;89.0;0.0;89.0;14.28;86.4;1.24;
2022-11-10 14:00:00;155.0;139.86;118.0;14.43;86.4;1.31;
2022-11-10 15:00:00;81.0;298.72;44.0;14.4;86.4;1.24;
2022-11-10 16:00:00;0.0;0.0;0.0;14.11;86.4;1.24;
2022-11-10 17:00:00;0.0;0.0;0.0;13.75;89.45;1.24;
2022-11-10 18:00:00;0.0;0.0;0.0;13.35;92.65;1.52;
2022-11-10 19:00:00;0.0;0.0;0.0;12.74;92.6;3.31;
2022-11-10 20:00:00;0.0;0.0;0.0;12.57;92.6;3.17;
2022-11-10 21:00:00;0.0;0.0;0.0;12.42;95.95;2.62;
2022-11-10 22:00:00;0.0;0.0;0.0;12.42;95.95;2.07;
2022-11-10 23:00:00;0.0;0.0;0.0;12.42;95.95;1.79;
2022-11-11 00:00:00;0.0;0.0;0.0;12.21;95.95;1.66;
2022-11-11 01:00:00;0.0;0.0;0.0;12.06;95.95;1.66;
2022-11-11 02:00:00;0.0;0.0;0.0;11.96;95.95;1.93;
2022-11-11 03:00:00;0.0;0.0;0.0;11.82;99.4;2.07;
2022-11-11 04:00:00;0.0;0.0;0.0;11.82;99.4;2.21;
2022-11-11 05:00:00;0.0;0.0;0.0;11.75;95.9;2.14;
2022-11-11 06:00:00;0.0;0.0;0.0;11.6;95.9;2.14;
2022-11-11 07:00:00;52.0;38.41;47.0;11.72;95.9;2.28;
2022-11-11 08:00:00;137.0;78.13;116.0;12.21;95.95;2.34;
2022-11-11 09:00:00;64.0;0.0;64.0;13.06;92.65;2.14;
2022-11-11 10:00:00;123.0;0.0;123.0;13.85;89.45;1.66;
2022-11-11 11:00:00;63.0;0.0;63.0;14.79;83.45;1.45;
2022-11-11 12:00:00;47.0;0.0;47.0;15.39;80.6;1.03;
2022-11-11 13:00:00;65.0;0.0;65.0;15.75;77.85;0.76;
2022-11-11 14:00:00;44.0;0.0;44.0;15.74;77.85;1.31;
2022-11-11 15:00:00;38.0;8.31;37.0;15.46;83.5;1.45;
2022-11-11 16:00:00;0.0;0.0;0.0;14.72;86.45;1.72;
2022-11-11 17:00:00;0.0;0.0;0.0;14.03;89.5;1.93;
2022-11-11 18:00:00;0.0;0.0;0.0;13.69;92.65;1.93;
2022-11-11 19:00:00;0.0;0.0;0.0;13.21;92.65;1.72;
2022-11-11 20:00:00;0.0;0.0;0.0;13.01;92.65;1.72;
2022-11-11 21:00:00;0.0;0.0;0.0;12.93;95.95;1.59;
2022-11-11 22:00:00;0.0;0.0;0.0;12.81;95.95;1.45;
2022-11-11 23:00:00;0.0;0.0;0.0;12.66;95.95;1.31;
2022-11-12 00:00:00;0.0;0.0;0.0;12.51;95.95;1.17;
2022-11-12 01:00:00;0.0;0.0;0.0;12.5;95.95;0.97;
2022-11-12 02:00:00;0.0;0.0;0.0;12.58;95.95;0.83;
2022-11-12 03:00:00;0.0;0.0;0.0;13.2;92.65;0.62;
2022-11-12 04:00:00;0.0;0.0;0.0;12.97;95.95;0.83;
2022-11-12 05:00:00;0.0;0.0;0.0;12.72;95.95;1.1;
2022-11-12 06:00:00;0.0;0.0;0.0;12.97;92.65;1.03;
2022-11-12 07:00:00;48.0;31.74;44.0;12.61;95.95;0.48;
2022-11-12 08:00:00;92.0;7.56;90.0;12.89;95.95;0.34;
2022-11-12 09:00:00;36.0;0.0;36.0;13.6;89.45;0.28;
2022-11-12 10:00:00;69.0;0.0;69.0;13.86;89.45;0.21;
2022-11-12 11:00:00;76.0;0.0;76.0;14.38;89.5;0.41;
2022-11-12 12:00:00;52.0;0.0;52.0;14.41;89.5;0.83;
2022-11-12 13:00:00;32.0;0.0;32.0;14.56;86.45;0.97;
2022-11-12 14:00:00;58.0;0.0;58.0;14.66;86.45;1.03;
2022-11-12 15:00:00;16.0;0.0;16.0;14.54;86.45;0.9;
2022-11-12 16:00:00;0.0;0.0;0.0;14.17;92.7;1.03;
2022-11-12 17:00:00;0.0;0.0;0.0;13.79;92.65;1.17;
2022-11-12 18:00:00;0.0;0.0;0.0;13.45;95.95;1.24;
2022-11-12 19:00:00;0.0;0.0;0.0;12.9;95.95;0.55;
2022-11-12 20:00:00;0.0;0.0;0.0;12.82;95.95;0.62;
2022-11-12 21:00:00;0.0;0.0;0.0;12.85;95.95;0.69;
2022-11-12 22:00:00;0.0;0.0;0.0;12.65;95.95;0.9;
2022-11-12 23:00:00;0.0;0.0;0.0;12.61;95.95;0.83;
2022-11-13 00:00:00;0.0;0.0;0.0;12.64;95.95;0.55;
2022-11-13 01:00:00;0.0;0.0;0.0;12.79;95.95;0.34;
2022-11-13 02:00:00;0.0;0.0;0.0;12.84;95.95;0.41;
2022-11-13 03:00:00;0.0;0.0;0.0;12.88;95.95;0.69;
2022-11-13 04:00:00;0.0;0.0;0.0;12.99;92.65;0.9;
2022-11-13 05:00:00;0.0;0.0;0.0;13.04;95.95;0.62;
2022-11-13 06:00:00;0.0;0.0;0.0;13.21;95.95;0.28;
2022-11-13 07:00:00;8.0;0.0;8.0;12.63;92.6;0.07;
2022-11-13 08:00:00;54.0;0.0;54.0;13.4;92.65;0.07;
2022-11-13 09:00:00;183.0;57.37;162.0;14.05;86.4;0.14;
2022-11-13 10:00:00;173.0;13.89;167.0;14.86;83.45;0.41;
2022-11-13 11:00:00;130.0;0.0;130.0;15.28;80.6;0.76;
2022-11-13 12:00:00;144.0;2.33;143.0;15.84;77.85;1.03;
2022-11-13 13:00:00;120.0;2.77;119.0;16.36;75.25;1.17;
2022-11-13 14:00:00;93.0;11.83;90.0;16.67;72.7;1.24;
2022-11-13 15:00:00;35.0;8.79;34.0;16.46;75.25;1.17;
2022-11-13 16:00:00;0.0;0.0;0.0;15.76;77.85;1.59;
2022-11-13 17:00:00;0.0;0.0;0.0;14.51;83.45;1.79;
2022-11-13 18:00:00;0.0;0.0;0.0;13.78;89.45;1.66;
2022-11-13 19:00:00;0.0;0.0;0.0;13.09;92.65;1.03;
2022-11-13 20:00:00;0.0;0.0;0.0;12.27;95.95;1.38;
2022-11-13 21:00:00;0.0;0.0;0.0;11.65;95.9;1.52;
2022-11-13 22:00:00;0.0;0.0;0.0;11.39;99.35;1.52;
2022-11-13 23:00:00;0.0;0.0;0.0;11.33;95.9;1.45;
2022-11-14 00:00:00;0.0;0.0;0.0;11.71;92.55;1.17;
2022-11-14 01:00:00;0.0;0.0;0.0;12.79;89.4;0.83;
2022-11-14 02:00:00;0.0;0.0;0.0;13.09;86.3;0.34;
2022-11-14 03:00:00;0.0;0.0;0.0;13.06;89.4;0.28;
2022-11-14 04:00:00;0.0;0.0;0.0;11.16;99.35;0.62;
2022-11-14 05:00:00;0.0;0.0;0.0;10.0;99.4;0.69;
2022-11-14 06:00:00;0.0;0.0;0.0;10.08;99.4;0.69;
2022-11-14 07:00:00;62.0;135.74;46.0;10.58;99.4;0.48;
2022-11-14 08:00:00;103.0;23.43;97.0;11.54;99.4;0.48;
2022-11-14 09:00:00;66.0;0.0;66.0;12.9;95.95;0.83;
2022-11-14 10:00:00;83.0;0.0;83.0;14.34;86.4;0.9;
2022-11-14 11:00:00;176.0;11.12;171.0;15.53;77.85;1.03;
2022-11-14 12:00:00;221.0;61.09;195.0;16.11;75.25;1.17;
2022-11-14 13:00:00;118.0;2.8;117.0;16.25;75.25;1.1;
2022-11-14 14:00:00;81.0;4.0;80.0;16.41;75.25;1.1;
2022-11-14 15:00:00;39.0;18.08;37.0;16.24;75.25;0.9;
2022-11-14 16:00:00;0.0;0.0;0.0;15.75;77.85;0.55;
2022-11-14 17:00:00;0.0;0.0;0.0;14.97;83.45;0.48;
2022-11-14 18:00:00;0.0;0.0;0.0;14.34;86.4;0.28;
2022-11-14 19:00:00;0.0;0.0;0.0;12.67;95.95;0.97;
2022-11-14 20:00:00;0.0;0.0;0.0;11.31;99.35;1.17;
2022-11-14 21:00:00;0.0;0.0;0.0;11.31;99.35;1.03;
2022-11-14 22:00:00;0.0;0.0;0.0;11.73;99.4;0.69;
2022-11-14 23:00:00;0.0;0.0;0.0;11.25;99.35;0.69;
2022-11-15 00:00:00;0.0;0.0;0.0;10.91;100.0;0.76;
2022-11-15 01:00:00;0.0;0.0;0.0;10.64;99.4;0.76;
2022-11-15 02:00:00;0.0;0.0;0.0;9.7;100.0;1.1;
2022-11-15 03:00:00;0.0;0.0;0.0;9.41;100.0;1.38;
2022-11-15 04:00:00;0.0;0.0;0.0;9.38;100.0;1.59;
2022-11-15 05:00:00;0.0;0.0;0.0;9.78;100.0;1.59;
2022-11-15 06:00:00;0.0;0.0;0.0;9.93;100.0;1.66;
2022-11-15 07:00:00;48.0;52.7;42.0;10.56;99.4;1.17;
2022-11-15 08:00:00;115.0;43.66;104.0;11.19;99.35;1.31;
2022-11-15 09:00:00;96.0;0.0;96.0;11.98;92.6;1.66;
2022-11-15 10:00:00;149.0;4.72;147.0;12.67;89.4;1.93;
2022-11-15 11:00:00;227.0;51.63;204.0;12.97;89.4;1.93;
2022-11-15 12:00:00;228.0;71.13;198.0;13.34;83.25;1.59;
2022-11-15 13:00:00;208.0;115.82;167.0;13.63;80.4;1.31;
2022-11-15 14:00:00;84.0;8.1;82.0;13.77;77.6;1.38;
2022-11-15 15:00:00;41.0;37.18;37.0;13.74;77.6;1.72;
2022-11-15 16:00:00;0.0;0.0;0.0;13.03;80.35;1.52;
2022-11-15 17:00:00;0.0;0.0;0.0;12.39;86.2;1.66;
2022-11-15 18:00:00;0.0;0.0;0.0;11.86;89.3;1.59;
2022-11-15 19:00:00;0.0;0.0;0.0;10.75;95.9;0.97;
2022-11-15 20:00:00;0.0;0.0;0.0;10.2;95.9;1.03;
2022-11-15 21:00:00;0.0;0.0;0.0;9.6;95.85;1.17;
2022-11-15 22:00:00;0.0;0.0;0.0;8.83;99.4;1.38;
2022-11-15 23:00:00;0.0;0.0;0.0;8.72;99.4;1.31;
2022-11-16 00:00:00;0.0;0.0;0.0;8.33;95.85;1.52;
2022-11-16 01:00:00;0.0;0.0;0.0;8.11;95.85;1.72;
2022-11-16 02:00:00;0.0;0.0;0.0;8.28;95.85;1.93;
2022-11-16 03:00:00;0.0;0.0;0.0;8.59;95.85;2.48;
2022-11-16 04:00:00;0.0;0.0;0.0;9.24;95.85;3.03;
2022-11-16 05:00:00;0.0;0.0;0.0;9.49;92.45;3.38;
2022-11-16 06:00:00;0.0;0.0;0.0;9.66;85.95;3.79;
2022-11-16 07:00:00;81.0;436.93;33.0;9.17;89.1;3.31;
2022-11-16 08:00:00;214.0;576.97;71.0;9.98;77.1;3.72;
2022-11-16 09:00:00;327.0;647.85;98.0;10.76;69.1;4.21;
2022-11-16 10:00:00;414.0;767.51;92.0;11.29;64.25;4.28;
2022-11-16 11:00:00;438.0;772.3;97.0;12.01;59.85;4.41;
2022-11-16 12:00:00;410.0;756.03;94.0;12.24;59.85;4.34;
2022-11-16 13:00:00;338.0;733.34;81.0;12.3;57.65;4.21;
2022-11-16 14:00:00;210.0;574.78;70.0;12.37;55.5;4.07;
2022-11-16 15:00:00;52.0;114.7;40.0;11.9;57.55;3.66;
2022-11-16 16:00:00;0.0;0.0;0.0;11.26;57.4;3.59;
2022-11-16 17:00:00;0.0;0.0;0.0;10.67;59.5;3.72;
2022-11-16 18:00:00;0.0;0.0;0.0;10.26;61.65;3.86;
2022-11-16 19:00:00;0.0;0.0;0.0;10.05;61.65;4.07;
2022-11-16 20:00:00;0.0;0.0;0.0;9.86;61.55;3.86;
2022-11-16 21:00:00;0.0;0.0;0.0;9.27;61.45;3.52;
2022-11-16 22:00:00;0.0;0.0;0.0;8.76;61.3;3.24;
2022-11-16 23:00:00;0.0;0.0;0.0;8.1;61.3;2.97;
2022-11-17 00:00:00;0.0;0.0;0.0;7.45;66.05;2.83;
2022-11-17 01:00:00;0.0;0.0;0.0;7.1;68.5;2.62;
2022-11-17 02:00:00;0.0;0.0;0.0;6.74;71.05;2.48;
2022-11-17 03:00:00;0.0;0.0;0.0;6.29;76.55;2.28;
2022-11-17 04:00:00;0.0;0.0;0.0;6.08;76.55;2.21;
2022-11-17 05:00:00;0.0;0.0;0.0;5.98;76.55;2.21;
2022-11-17 06:00:00;0.0;0.0;0.0;5.71;79.4;2.34;
2022-11-17 07:00:00;56.0;141.62;41.0;6.16;70.95;2.69;
2022-11-17 08:00:00;217.0;615.25;67.0;7.83;63.6;2.9;
2022-11-17 09:00:00;235.0;197.48;166.0;9.24;59.15;3.52;
2022-11-17 10:00:00;346.0;418.75;172.0;10.19;52.95;3.72;
2022-11-17 11:00:00;429.0;728.89;110.0;11.09;47.45;4.48;
2022-11-17 12:00:00;409.0;755.52;96.0;11.49;44.1;4.76;
2022-11-17 13:00:00;336.0;734.85;81.0;11.58;42.4;4.55;
2022-11-17 14:00:00;212.0;603.12;67.0;11.57;42.4;4.28;
2022-11-17 15:00:00;47.0;88.44;38.0;11.03;45.7;2.9;
2022-11-17 16:00:00;0.0;0.0;0.0;9.42;54.8;2.48;
2022-11-17 17:00:00;0.0;0.0;0.0;8.07;59.0;2.21;
2022-11-17 18:00:00;0.0;0.0;0.0;6.91;68.4;2.07;
2022-11-17 19:00:00;0.0;0.0;0.0;6.11;73.7;2.14;
2022-11-17 20:00:00;0.0;0.0;0.0;5.32;79.35;2.14;
2022-11-17 21:00:00;0.0;0.0;0.0;4.98;79.35;2.41;
2022-11-17 22:00:00;0.0;0.0;0.0;5.01;76.4;2.97;
2022-11-17 23:00:00;0.0;0.0;0.0;5.44;70.85;3.45;
2022-11-18 00:00:00;0.0;0.0;0.0;5.67;65.65;3.66;
2022-11-18 01:00:00;0.0;0.0;0.0;5.29;65.55;3.59;
2022-11-18 02:00:00;0.0;0.0;0.0;5.21;63.05;3.52;
2022-11-18 03:00:00;0.0;0.0;0.0;5.08;60.65;3.31;
2022-11-18 04:00:00;0.0;0.0;0.0;5.1;60.65;3.03;
2022-11-18 05:00:00;0.0;0.0;0.0;5.02;60.65;2.69;
2022-11-18 06:00:00;0.0;0.0;0.0;4.79;62.95;2.41;
2022-11-18 07:00:00;69.0;343.08;34.0;5.06;65.55;2.07;
2022-11-18 08:00:00;213.0;612.99;66.0;6.18;60.85;2.28;
2022-11-18 09:00:00;324.0;660.12;96.0;7.37;52.35;2.62;
2022-11-18 10:00:00;392.0;665.74;118.0;8.21;46.8;2.62;
2022-11-18 11:00:00;434.0;776.78;97.0;8.86;46.8;2.55;
2022-11-18 12:00:00;407.0;759.72;95.0;9.16;46.95;2.07;
2022-11-18 13:00:00;334.0;742.0;79.0;9.4;46.95;1.86;
2022-11-18 14:00:00;213.0;636.16;62.0;9.42;45.15;1.93;
2022-11-18 15:00:00;67.0;343.36;33.0;8.93;48.65;1.17;
2022-11-18 16:00:00;0.0;0.0;0.0;8.09;52.6;0.28;
2022-11-18 17:00:00;0.0;0.0;0.0;6.65;58.65;0.9;
2022-11-18 18:00:00;0.0;0.0;0.0;4.43;70.7;1.38;
2022-11-18 19:00:00;0.0;0.0;0.0;4.19;76.25;1.17;
2022-11-18 20:00:00;0.0;0.0;0.0;4.92;70.8;0.55;
2022-11-18 21:00:00;0.0;0.0;0.0;3.79;79.15;0.9;
2022-11-18 22:00:00;0.0;0.0;0.0;1.39;88.6;1.93;
2022-11-18 23:00:00;0.0;0.0;0.0;1.19;92.05;2.28;
2022-11-19 00:00:00;0.0;0.0;0.0;1.58;88.6;2.41;
2022-11-19 01:00:00;0.0;0.0;0.0;1.35;92.05;2.41;
2022-11-19 02:00:00;0.0;0.0;0.0;1.12;92.05;2.21;
2022-11-19 03:00:00;0.0;0.0;0.0;0.9;92.05;2.0;
2022-11-19 04:00:00;0.0;0.0;0.0;0.81;95.65;1.72;
2022-11-19 05:00:00;0.0;0.0;0.0;0.62;95.65;1.52;
2022-11-19 06:00:00;0.0;0.0;0.0;0.36;92.0;1.52;
2022-11-19 07:00:00;34.0;20.37;32.0;0.55;95.65;1.59;
2022-11-19 08:00:00;104.0;33.92;96.0;3.34;88.7;2.07;
2022-11-19 09:00:00;263.0;333.87;149.0;5.08;76.4;3.03;
2022-11-19 10:00:00;280.0;201.13;198.0;6.27;70.95;3.86;
2022-11-19 11:00:00;216.0;46.5;196.0;7.03;63.5;4.76;
2022-11-19 12:00:00;269.0;171.92;199.0;7.57;56.7;5.45;
2022-11-19 13:00:00;222.0;176.25;162.0;7.8;56.7;5.24;
2022-11-19 14:00:00;119.0;72.52;102.0;7.54;58.9;4.34;
2022-11-19 15:00:00;35.0;31.13;32.0;6.91;65.85;4.55;
2022-11-19 16:00:00;0.0;0.0;0.0;6.36;70.95;4.28;
2022-11-19 17:00:00;0.0;0.0;0.0;6.12;68.3;4.07;
2022-11-19 18:00:00;0.0;0.0;0.0;5.96;68.3;3.93;
2022-11-19 19:00:00;0.0;0.0;0.0;5.26;73.55;4.62;
2022-11-19 20:00:00;0.0;0.0;0.0;5.08;73.55;4.41;
2022-11-19 21:00:00;0.0;0.0;0.0;5.05;73.55;4.21;
2022-11-19 22:00:00;0.0;0.0;0.0;4.97;73.55;3.79;
2022-11-19 23:00:00;0.0;0.0;0.0;4.78;79.3;3.38;
2022-11-20 00:00:00;0.0;0.0;0.0;4.19;85.5;3.24;
2022-11-20 01:00:00;0.0;0.0;0.0;4.02;85.5;3.1;
2022-11-20 02:00:00;0.0;0.0;0.0;3.88;88.75;2.83;
2022-11-20 03:00:00;0.0;0.0;0.0;3.68;88.75;2.41;
2022-11-20 04:00:00;0.0;0.0;0.0;3.53;88.75;2.0;
2022-11-20 05:00:00;0.0;0.0;0.0;3.54;88.75;1.86;
2022-11-20 06:00:00;0.0;0.0;0.0;3.48;88.75;1.72;
2022-11-20 07:00:00;26.0;10.6;25.0;2.8;95.7;2.34;
2022-11-20 08:00:00;95.0;21.55;90.0;3.45;85.45;2.41;
2022-11-20 09:00:00;80.0;0.0;80.0;3.94;85.5;1.93;
2022-11-20 10:00:00;140.0;2.48;139.0;4.79;82.35;1.66;
2022-11-20 11:00:00;88.0;0.0;88.0;5.55;76.5;1.59;
2022-11-20 12:00:00;73.0;0.0;73.0;6.39;73.7;1.72;
2022-11-20 13:00:00;108.0;2.97;107.0;6.72;68.4;2.07;
2022-11-20 14:00:00;92.0;21.59;87.0;6.91;68.4;2.21;
2022-11-20 15:00:00;51.0;170.49;35.0;6.74;68.4;1.86;
2022-11-20 16:00:00;0.0;0.0;0.0;5.94;70.95;1.38;
2022-11-20 17:00:00;0.0;0.0;0.0;4.99;82.4;0.83;
2022-11-20 18:00:00;0.0;0.0;0.0;5.32;76.4;0.34;
2022-11-20 19:00:00;0.0;0.0;0.0;3.35;92.15;1.17;
2022-11-20 20:00:00;0.0;0.0;0.0;3.07;88.7;1.31;
2022-11-20 21:00:00;0.0;0.0;0.0;2.71;92.15;1.66;
2022-11-20 22:00:00;0.0;0.0;0.0;2.45;92.15;1.79;
2022-11-20 23:00:00;0.0;0.0;0.0;2.19;95.65;1.93;
2022-11-21 00:00:00;0.0;0.0;0.0;2.14;95.65;1.86;
2022-11-21 01:00:00;0.0;0.0;0.0;2.21;95.65;1.79;
2022-11-21 02:00:00;0.0;0.0;0.0;1.71;95.65;1.72;
2022-11-21 03:00:00;0.0;0.0;0.0;1.31;99.35;1.59;
2022-11-21 04:00:00;0.0;0.0;0.0;0.74;99.4;1.66;
2022-11-21 05:00:00;0.0;0.0;0.0;0.81;99.4;1.38;
2022-11-21 06:00:00;0.0;0.0;0.0;1.43;95.65;1.03;
2022-11-21 07:00:00;15.0;0.0;15.0;1.32;99.35;1.59;
2022-11-21 08:00:00;150.0;223.52;99.0;3.23;92.15;1.1;
2022-11-21 09:00:00;122.0;8.99;119.0;5.61;76.5;1.31;
2022-11-21 10:00:00;131.0;2.5;130.0;6.54;73.8;0.83;
2022-11-21 11:00:00;190.0;26.01;179.0;7.73;68.6;1.93;
2022-11-21 12:00:00;274.0;207.28;191.0;8.12;66.15;2.76;
2022-11-21 13:00:00;80.0;0.0;80.0;8.21;68.7;3.24;
2022-11-21 14:00:00;40.0;0.0;40.0;7.91;73.95;2.76;
2022-11-21 15:00:00;10.0;0.0;10.0;7.36;79.65;1.79;
2022-11-21 16:00:00;0.0;0.0;0.0;6.7;89.0;1.72;
2022-11-21 17:00:00;0.0;0.0;0.0;6.4;92.3;1.52;
2022-11-21 18:00:00;0.0;0.0;0.0;6.16;92.3;1.45;
2022-11-21 19:00:00;0.0;0.0;0.0;5.48;92.3;1.52;
2022-11-21 20:00:00;0.0;0.0;0.0;4.89;95.75;1.59;
2022-11-21 21:00:00;0.0;0.0;0.0;4.43;92.25;1.38;
2022-11-21 22:00:00;0.0;0.0;0.0;3.99;95.75;1.31;
2022-11-21 23:00:00;0.0;0.0;0.0;3.72;95.7;1.17;
2022-11-22 00:00:00;0.0;0.0;0.0;3.48;92.15;0.97;
2022-11-22 01:00:00;0.0;0.0;0.0;3.14;95.7;0.9;
2022-11-22 02:00:00;0.0;0.0;0.0;2.73;95.7;0.83;
2022-11-22 03:00:00;0.0;0.0;0.0;1.83;99.4;1.03;
2022-11-22 04:00:00;0.0;0.0;0.0;1.42;99.4;1.03;
2022-11-22 05:00:00;0.0;0.0;0.0;1.09;99.35;1.03;
2022-11-22 06:00:00;0.0;0.0;0.0;0.82;99.4;1.1;
2022-11-22 07:00:00;48.0;184.07;32.0;3.47;92.15;0.76;
2022-11-22 08:00:00;132.0;142.6;100.0;4.74;92.25;0.34;
2022-11-22 09:00:00;199.0;130.3;156.0;6.51;85.75;0.34;
2022-11-22 10:00:00;278.0;226.96;188.0;8.23;79.75;0.41;
2022-11-22 11:00:00;344.0;402.91;175.0;9.43;76.95;0.48;
2022-11-22 12:00:00;242.0;125.88;192.0;10.29;71.6;0.28;
2022-11-22 13:00:00;185.0;93.58;154.0;10.83;71.7;0.41;
2022-11-22 14:00:00;194.0;579.15;63.0;11.07;69.15;0.62;
2022-11-22 15:00:00;33.0;0.0;33.0;10.78;71.7;0.9;
2022-11-22 16:00:00;0.0;0.0;0.0;9.49;77.0;1.45;
2022-11-22 17:00:00;0.0;0.0;0.0;7.78;85.85;1.59;
2022-11-22 18:00:00;0.0;0.0;0.0;7.01;85.8;1.31;
2022-11-22 19:00:00;0.0;0.0;0.0;6.67;89.0;1.03;
2022-11-22 20:00:00;0.0;0.0;0.0;6.6;89.0;0.97;
2022-11-22 21:00:00;0.0;0.0;0.0;5.85;92.3;1.1;
2022-11-22 22:00:00;0.0;0.0;0.0;5.55;92.3;1.1;
2022-11-22 23:00:00;0.0;0.0;0.0;5.96;88.95;0.97;
2022-11-23 00:00:00;0.0;0.0;0.0;6.4;92.3;0.83;
2022-11-23 01:00:00;0.0;0.0;0.0;5.27;92.25;1.1;
2022-11-23 02:00:00;0.0;0.0;0.0;4.7;95.75;1.45;
2022-11-23 03:00:00;0.0;0.0;0.0;4.62;95.75;1.52;
2022-11-23 04:00:00;0.0;0.0;0.0;4.7;95.75;1.45;
2022-11-23 05:00:00;0.0;0.0;0.0;4.65;95.75;1.52;
2022-11-23 06:00:00;0.0;0.0;0.0;5.08;95.75;1.52;
2022-11-23 07:00:00;5.0;0.0;5.0;5.41;92.3;1.1;
2022-11-23 08:00:00;54.0;0.0;54.0;6.35;95.8;1.17;
2022-11-23 09:00:00;47.0;0.0;47.0;7.4;95.8;1.52;
2022-11-23 10:00:00;86.0;0.0;86.0;7.83;95.8;1.79;
2022-11-23 11:00:00;50.0;0.0;50.0;8.13;95.85;2.14;
2022-11-23 12:00:00;74.0;0.0;74.0;8.33;95.85;2.69;
2022-11-23 13:00:00;44.0;0.0;44.0;8.52;95.85;2.97;
2022-11-23 14:00:00;69.0;4.47;68.0;8.59;95.85;3.03;
2022-11-23 15:00:00;21.0;0.0;21.0;8.59;95.85;2.55;
2022-11-23 16:00:00;0.0;0.0;0.0;8.55;95.85;2.21;
2022-11-23 17:00:00;0.0;0.0;0.0;8.52;95.85;1.72;
2022-11-23 18:00:00;0.0;0.0;0.0;8.44;95.85;1.38;
2022-11-23 19:00:00;0.0;0.0;0.0;8.18;92.4;2.14;
2022-11-23 20:00:00;0.0;0.0;0.0;8.14;92.4;2.14;
2022-11-23 21:00:00;0.0;0.0;0.0;8.13;92.4;1.93;
2022-11-23 22:00:00;0.0;0.0;0.0;8.13;92.4;1.72;
2022-11-23 23:00:00;0.0;0.0;0.0;8.12;92.4;1.38;
2022-11-24 00:00:00;0.0;0.0;0.0;8.05;95.85;0.55;
2022-11-24 01:00:00;0.0;0.0;0.0;8.23;92.4;0.55;
2022-11-24 02:00:00;0.0;0.0;0.0;8.04;92.4;1.52;
2022-11-24 03:00:00;0.0;0.0;0.0;7.82;95.8;1.93;
2022-11-24 04:00:00;0.0;0.0;0.0;7.57;95.8;2.0;
2022-11-24 05:00:00;0.0;0.0;0.0;7.33;95.8;1.93;
2022-11-24 06:00:00;0.0;0.0;0.0;7.31;92.35;1.72;
2022-11-24 07:00:00;26.0;25.09;24.0;7.88;89.05;0.97;
2022-11-24 08:00:00;81.0;13.82;78.0;7.9;92.4;1.38;
2022-11-24 09:00:00;113.0;6.2;111.0;8.29;89.1;1.79;
2022-11-24 10:00:00;182.0;35.94;168.0;9.0;82.85;1.66;
2022-11-24 11:00:00;86.0;0.0;86.0;9.74;82.9;0.97;
2022-11-24 12:00:00;103.0;0.0;103.0;10.51;77.15;0.48;
2022-11-24 13:00:00;146.0;33.77;135.0;10.98;74.45;0.14;
2022-11-24 14:00:00;127.0;135.59;97.0;11.09;74.45;0.0;
2022-11-24 15:00:00;30.0;0.0;30.0;11.1;71.75;0.14;
2022-11-24 16:00:00;0.0;0.0;0.0;10.81;77.15;0.21;
2022-11-24 17:00:00;0.0;0.0;0.0;10.27;77.1;0.55;
2022-11-24 18:00:00;0.0;0.0;0.0;8.92;85.9;0.9;
2022-11-24 19:00:00;0.0;0.0;0.0;6.36;92.3;1.31;
2022-11-24 20:00:00;0.0;0.0;0.0;6.1;92.3;1.31;
2022-11-24 21:00:00;0.0;0.0;0.0;5.64;92.3;1.45;
2022-11-24 22:00:00;0.0;0.0;0.0;5.69;95.75;1.38;
2022-11-24 23:00:00;0.0;0.0;0.0;5.8;92.3;1.31;
2022-11-25 00:00:00;0.0;0.0;0.0;6.04;92.3;1.31;
2022-11-25 01:00:00;0.0;0.0;0.0;5.98;92.3;1.38;
2022-11-25 02:00:00;0.0;0.0;0.0;5.96;92.3;1.1;
2022-11-25 03:00:00;0.0;0.0;0.0;5.77;95.75;1.03;
2022-11-25 04:00:00;0.0;0.0;0.0;5.87;95.75;0.83;
2022-11-25 05:00:00;0.0;0.0;0.0;5.72;95.75;0.97;
2022-11-25 06:00:00;0.0;0.0;0.0;5.92;92.3;0.97;
2022-11-25 07:00:00;41.0;170.64;28.0;5.93;92.3;1.24;
2022-11-25 08:00:00;66.0;4.68;65.0;6.41;92.35;1.1;
2022-11-25 09:00:00;103.0;3.13;102.0;7.78;85.85;1.03;
2022-11-25 10:00:00;154.0;12.95;149.0;8.63;82.75;0.97;
2022-11-25 11:00:00;98.0;0.0;98.0;9.33;82.85;1.03;
2022-11-25 12:00:00;111.0;0.0;111.0;9.95;77.1;1.38;
2022-11-25 13:00:00;195.0;133.1;152.0;10.21;74.3;1.38;
2022-11-25 14:00:00;69.0;4.57;68.0;10.38;74.3;0.97;
2022-11-25 15:00:00;27.0;0.0;27.0;10.11;74.3;1.17;
2022-11-25 16:00:00;0.0;0.0;0.0;9.04;79.85;1.93;
2022-11-25 17:00:00;0.0;0.0;0.0;8.08;82.75;1.93;
2022-11-25 18:00:00;0.0;0.0;0.0;7.81;85.85;1.86;
2022-11-25 19:00:00;0.0;0.0;0.0;8.21;92.4;1.52;
2022-11-25 20:00:00;0.0;0.0;0.0;8.14;92.4;1.52;
2022-11-25 21:00:00;0.0;0.0;0.0;8.09;92.4;1.52;
2022-11-25 22:00:00;0.0;0.0;0.0;8.1;92.4;1.52;
2022-11-25 23:00:00;0.0;0.0;0.0;7.76;95.8;1.59;
2022-11-26 00:00:00;0.0;0.0;0.0;7.67;95.8;1.79;
2022-11-26 01:00:00;0.0;0.0;0.0;7.44;92.4;2.0;
2022-11-26 02:00:00;0.0;0.0;0.0;7.06;92.35;2.07;
2022-11-26 03:00:00;0.0;0.0;0.0;6.52;92.35;2.0;
2022-11-26 04:00:00;0.0;0.0;0.0;6.03;88.95;2.0;
2022-11-26 05:00:00;0.0;0.0;0.0;5.76;92.3;2.0;
2022-11-26 06:00:00;0.0;0.0;0.0;5.1;88.85;2.0;
2022-11-26 07:00:00;44.0;275.01;24.0;5.02;92.25;1.31;
2022-11-26 08:00:00;176.0;552.29;60.0;6.07;92.3;0.97;
2022-11-26 09:00:00;288.0;649.15;83.0;7.97;82.75;0.97;
2022-11-26 10:00:00;367.0;723.59;90.0;9.2;79.85;1.38;
2022-11-26 11:00:00;393.0;730.62;96.0;10.33;74.3;1.59;
2022-11-26 12:00:00;334.0;513.93;136.0;10.97;69.15;1.31;
2022-11-26 13:00:00;286.0;602.1;93.0;11.22;66.65;1.03;
2022-11-26 14:00:00;133.0;175.32;95.0;11.17;66.65;0.83;
2022-11-26 15:00:00;29.0;0.0;29.0;10.91;71.7;0.62;
2022-11-26 16:00:00;0.0;0.0;0.0;10.34;77.1;0.48;
2022-11-26 17:00:00;0.0;0.0;0.0;10.12;74.3;0.34;
2022-11-26 18:00:00;0.0;0.0;0.0;9.72;77.0;0.41;
2022-11-26 19:00:00;0.0;0.0;0.0;7.05;89.0;1.45;
2022-11-26 20:00:00;0.0;0.0;0.0;6.46;92.35;1.72;
2022-11-26 21:00:00;0.0;0.0;0.0;6.31;92.3;1.59;
2022-11-26 22:00:00;0.0;0.0;0.0;6.21;92.3;1.52;
2022-11-26 23:00:00;0.0;0.0;0.0;6.17;92.3;1.31;
2022-11-27 00:00:00;0.0;0.0;0.0;6.63;89.0;1.03;
2022-11-27 01:00:00;0.0;0.0;0.0;6.01;88.95;0.83;
2022-11-27 02:00:00;0.0;0.0;0.0;5.16;92.25;0.97;
2022-11-27 03:00:00;0.0;0.0;0.0;3.79;95.7;1.17;
2022-11-27 04:00:00;0.0;0.0;0.0;3.12;95.7;1.31;
2022-11-27 05:00:00;0.0;0.0;0.0;2.65;95.7;1.45;
2022-11-27 06:00:00;0.0;0.0;0.0;2.12;95.65;1.52;
2022-11-27 07:00:00;42.0;274.05;23.0;2.11;95.65;1.59;
2022-11-27 08:00:00;176.0;566.27;59.0;3.86;95.7;1.24;
2022-11-27 09:00:00;306.0;761.74;68.0;7.21;79.65;1.52;
2022-11-27 10:00:00;373.0;753.42;87.0;9.27;71.4;1.66;
2022-11-27 11:00:00;399.0;760.82;92.0;11.24;59.6;1.93;
2022-11-27 12:00:00;373.0;734.55;92.0;12.48;49.7;2.14;
2022-11-27 13:00:00;303.0;710.4;77.0;13.15;46.2;2.0;
2022-11-27 14:00:00;186.0;591.64;59.0;13.25;46.2;1.66;
2022-11-27 15:00:00;27.0;0.0;27.0;12.41;51.5;1.72;
2022-11-27 16:00:00;0.0;0.0;0.0;10.07;59.35;2.48;
2022-11-27 17:00:00;0.0;0.0;0.0;8.05;68.7;2.28;
2022-11-27 18:00:00;0.0;0.0;0.0;6.56;73.8;2.21;
2022-11-27 19:00:00;0.0;0.0;0.0;6.62;63.35;2.83;
2022-11-27 20:00:00;0.0;0.0;0.0;5.97;58.55;2.69;
2022-11-27 21:00:00;0.0;0.0;0.0;5.2;60.65;2.48;
2022-11-27 22:00:00;0.0;0.0;0.0;4.72;60.5;2.21;
2022-11-27 23:00:00;0.0;0.0;0.0;4.03;62.8;2.0;
2022-11-28 00:00:00;0.0;0.0;0.0;3.54;65.2;1.86;
2022-11-28 01:00:00;0.0;0.0;0.0;2.45;73.1;2.0;
2022-11-28 02:00:00;0.0;0.0;0.0;1.85;78.9;1.93;
2022-11-28 03:00:00;0.0;0.0;0.0;1.67;78.9;1.66;
2022-11-28 04:00:00;0.0;0.0;0.0;2.9;70.4;1.1;
2022-11-28 05:00:00;0.0;0.0;0.0;2.93;70.4;0.76;
2022-11-28 06:00:00;0.0;0.0;0.0;2.25;75.95;1.03;
2022-11-28 07:00:00;38.0;242.41;22.0;1.96;75.95;1.03;
2022-11-28 08:00:00;174.0;570.65;58.0;3.06;79.1;0.76;
2022-11-28 09:00:00;284.0;637.18;87.0;5.55;68.2;0.62;
2022-11-28 10:00:00;370.0;749.04;88.0;7.65;61.2;0.41;
2022-11-28 11:00:00;397.0;756.33;94.0;9.21;56.9;0.48;
2022-11-28 12:00:00;368.0;715.92;96.0;10.24;55.05;0.55;
2022-11-28 13:00:00;283.0;582.59;99.0;10.83;53.1;0.83;
2022-11-28 14:00:00;185.0;587.72;60.0;10.95;51.25;1.03;
2022-11-28 15:00:00;27.0;0.0;27.0;10.44;59.35;1.31;
2022-11-28 16:00:00;0.0;0.0;0.0;8.73;66.15;1.79;
2022-11-28 17:00:00;0.0;0.0;0.0;6.61;76.65;2.07;
2022-11-28 18:00:00;0.0;0.0;0.0;4.93;85.6;2.07;
2022-11-28 19:00:00;0.0;0.0;0.0;5.99;79.5;0.97;
2022-11-28 20:00:00;0.0;0.0;0.0;4.18;88.8;1.24;
2022-11-28 21:00:00;0.0;0.0;0.0;2.71;92.15;1.59;
2022-11-28 22:00:00;0.0;0.0;0.0;2.13;95.65;1.66;
2022-11-28 23:00:00;0.0;0.0;0.0;1.51;95.65;1.72;
2022-11-29 00:00:00;0.0;0.0;0.0;1.04;99.35;1.86;
2022-11-29 01:00:00;0.0;0.0;0.0;0.8;99.4;1.86;
2022-11-29 02:00:00;0.0;0.0;0.0;0.5;99.4;2.0;
2022-11-29 03:00:00;0.0;0.0;0.0;0.32;99.4;2.0;
2022-11-29 04:00:00;0.0;0.0;0.0;0.24;99.4;1.93;
2022-11-29 05:00:00;0.0;0.0;0.0;0.32;99.4;1.86;
2022-11-29 06:00:00;0.0;0.0;0.0;0.06;95.6;1.79;
2022-11-29 07:00:00;16.0;15.94;15.0;0.07;99.4;1.45;
2022-11-29 08:00:00;83.0;30.0;77.0;1.91;95.65;1.59;
2022-11-29 09:00:00;119.0;13.07;115.0;4.25;85.5;1.93;
2022-11-29 10:00:00;147.0;13.39;142.0;6.03;76.55;2.0;
2022-11-29 11:00:00;189.0;37.71;174.0;7.3;71.15;2.07;
2022-11-29 12:00:00;149.0;13.25;144.0;8.29;68.7;2.21;
2022-11-29 13:00:00;145.0;38.26;133.0;8.72;66.15;2.14;
2022-11-29 14:00:00;78.0;14.23;75.0;8.69;66.15;2.0;
2022-11-29 15:00:00;5.0;0.0;5.0;8.27;66.15;1.72;
2022-11-29 16:00:00;0.0;0.0;0.0;7.13;71.15;2.07;
2022-11-29 17:00:00;0.0;0.0;0.0;5.86;79.4;2.0;
2022-11-29 18:00:00;0.0;0.0;0.0;4.81;85.55;1.79;
2022-11-29 19:00:00;0.0;0.0;0.0;3.07;92.15;1.59;
2022-11-29 20:00:00;0.0;0.0;0.0;2.29;95.65;1.52;
2022-11-29 21:00:00;0.0;0.0;0.0;1.9;95.65;1.31;
2022-11-29 22:00:00;0.0;0.0;0.0;1.44;95.65;1.38;
2022-11-29 23:00:00;0.0;0.0;0.0;1.02;99.35;1.45;
2022-11-30 00:00:00;0.0;0.0;0.0;0.76;99.4;1.38;
2022-11-30 01:00:00;0.0;0.0;0.0;0.83;99.4;1.24;
2022-11-30 02:00:00;0.0;0.0;0.0;1.03;95.65;1.1;
2022-11-30 03:00:00;0.0;0.0;0.0;0.88;95.65;1.03;
2022-11-30 04:00:00;0.0;0.0;0.0;0.35;95.65;1.17;
2022-11-30 05:00:00;0.0;0.0;0.0;0.13;99.4;1.31;
2022-11-30 06:00:00;0.0;0.0;0.0;0.07;99.4;1.31;
2022-11-30 07:00:00;18.0;16.79;17.0;-0.06;99.4;1.38;
2022-11-30 08:00:00;62.0;5.08;61.0;1.45;99.4;1.1;
2022-11-30 09:00:00;58.0;0.0;58.0;2.88;88.7;1.24;
2022-11-30 10:00:00;170.0;29.69;159.0;3.91;79.2;1.03;
2022-11-30 11:00:00;165.0;15.18;159.0;4.69;76.3;0.76;
2022-11-30 12:00:00;224.0;117.33;180.0;5.3;73.55;0.69;
2022-11-30 13:00:00;125.0;16.05;120.0;5.82;70.85;0.83;
2022-11-30 14:00:00;148.0;301.31;85.0;5.93;65.75;1.03;
2022-11-30 15:00:00;24.0;0.0;24.0;5.82;68.2;1.03;
2022-11-30 16:00:00;0.0;0.0;0.0;4.68;81.01;1.11;
2022-11-30 17:00:00;0.0;0.0;0.0;4.19;82.41;1.07;
2022-11-30 18:00:00;0.0;0.0;0.0;3.7;83.8;1.02;
2022-11-30 19:00:00;0.0;0.0;0.0;3.21;85.2;0.98;
2022-11-30 20:00:00;0.0;0.0;0.0;2.72;86.6;0.94;
2022-11-30 21:00:00;0.0;0.0;0.0;2.23;87.99;0.89;
2022-11-30 22:00:00;0.0;0.0;0.0;1.73;89.39;0.85;
2022-11-30 23:00:00;0.0;0.0;0.0;1.24;90.79;0.81;
2022-12-01 00:00:00;0.0;0.0;0.0;0.75;92.18;0.76;
2022-12-01 01:00:00;0.0;0.0;0.0;0.26;93.58;0.72;
2022-12-01 02:00:00;0.0;0.0;0.0;-0.23;94.98;0.68;
2022-12-01 03:00:00;0.0;0.0;0.0;-0.72;96.37;0.63;
2022-12-01 04:00:00;0.0;0.0;0.0;-1.21;97.77;0.59;
2022-12-01 05:00:00;0.0;0.0;0.0;-1.71;99.17;0.54;
2022-12-01 06:00:00;0.0;0.0;0.0;-2.2;100.0;0.5;
2022-12-01 07:00:00;24.0;88.59;19.0;-2.69;100.0;0.46;
2022-12-01 08:00:00;113.0;139.38;86.0;-0.3;95.6;0.21;
2022-12-01 09:00:00;163.0;80.03;139.0;1.35;95.65;0.14;
2022-12-01 10:00:00;192.0;59.83;170.0;3.05;85.4;0.76;
2022-12-01 11:00:00;204.0;53.5;183.0;4.53;79.2;1.03;
2022-12-01 12:00:00;203.0;72.44;176.0;6.03;70.85;1.03;
2022-12-01 13:00:00;175.0;96.9;145.0;7.11;63.5;1.17;
2022-12-01 14:00:00;119.0;125.33;93.0;7.47;63.5;1.59;
2022-12-01 15:00:00;26.0;0.0;26.0;6.8;68.4;1.66;
2022-12-01 16:00:00;0.0;0.0;0.0;5.1;76.4;2.07;
2022-12-01 17:00:00;0.0;0.0;0.0;2.92;88.65;1.93;
2022-12-01 18:00:00;0.0;0.0;0.0;1.14;92.05;1.79;
2022-12-01 19:00:00;0.0;0.0;0.0;-0.13;88.45;2.21;
2022-12-01 20:00:00;0.0;0.0;0.0;-0.69;88.45;2.21;
2022-12-01 21:00:00;0.0;0.0;0.0;-0.86;88.45;2.28;
2022-12-01 22:00:00;0.0;0.0;0.0;-1.27;91.95;2.07;
2022-12-01 23:00:00;0.0;0.0;0.0;-1.61;91.9;1.93;
2022-12-02 00:00:00;0.0;0.0;0.0;-1.52;91.9;1.79;
2022-12-02 01:00:00;0.0;0.0;0.0;-1.13;91.95;1.79;
2022-12-02 02:00:00;0.0;0.0;0.0;-0.94;91.95;1.66;
2022-12-02 03:00:00;0.0;0.0;0.0;-0.75;91.95;1.59;
2022-12-02 04:00:00;0.0;0.0;0.0;-0.45;92.0;1.59;
2022-12-02 05:00:00;0.0;0.0;0.0;-0.79;91.95;1.66;
2022-12-02 06:00:00;0.0;0.0;0.0;-0.61;91.95;1.52;
2022-12-02 07:00:00;18.0;37.45;16.0;0.54;78.8;2.28;
2022-12-02 08:00:00;132.0;272.68;80.0;1.59;82.0;2.14;
2022-12-02 09:00:00;262.0;562.34;95.0;4.16;73.4;2.21;
2022-12-02 10:00:00;341.0;641.14;107.0;6.46;65.75;2.41;
2022-12-02 11:00:00;369.0;656.29;113.0;8.25;54.65;2.83;
2022-12-02 12:00:00;357.0;707.05;95.0;9.38;47.05;3.38;
2022-12-02 13:00:00;297.0;747.36;67.0;9.71;47.2;3.38;
2022-12-02 14:00:00;182.0;636.1;51.0;9.49;50.85;2.97;
2022-12-02 15:00:00;21.0;0.0;21.0;8.48;56.8;2.97;
2022-12-02 16:00:00;0.0;0.0;0.0;6.57;61.0;3.17;
2022-12-02 17:00:00;0.0;0.0;0.0;5.17;68.1;3.31;
2022-12-02 18:00:00;0.0;0.0;0.0;4.41;73.4;3.45;
2022-12-02 19:00:00;0.0;0.0;0.0;4.18;73.4;3.31;
2022-12-02 20:00:00;0.0;0.0;0.0;3.56;73.3;3.17;
2022-12-02 21:00:00;0.0;0.0;0.0;3.06;76.1;3.24;
2022-12-02 22:00:00;0.0;0.0;0.0;2.63;79.0;3.38;
2022-12-02 23:00:00;0.0;0.0;0.0;2.03;78.95;3.31;
2022-12-03 00:00:00;0.0;0.0;0.0;1.46;85.2;3.1;
2022-12-03 01:00:00;0.0;0.0;0.0;0.86;81.95;2.9;
2022-12-03 02:00:00;0.0;0.0;0.0;0.22;85.15;2.62;
2022-12-03 03:00:00;0.0;0.0;0.0;-0.41;85.1;2.21;
2022-12-03 04:00:00;0.0;0.0;0.0;-1.42;85.0;1.72;
2022-12-03 05:00:00;0.0;0.0;0.0;-1.39;85.0;1.24;
2022-12-03 06:00:00;0.0;0.0;0.0;0.0;78.75;0.9;
2022-12-03 07:00:00;28.0;237.92;16.0;-0.76;88.45;0.55;
2022-12-03 08:00:00;164.0;596.49;52.0;-0.2;88.45;0.69;
2022-12-03 09:00:00;283.0;724.11;70.0;3.0;82.15;1.03;
2022-12-03 10:00:00;362.0;778.26;80.0;5.61;70.85;1.59;
2022-12-03 11:00:00;388.0;766.05;91.0;7.53;63.5;2.21;
2022-12-03 12:00:00;357.0;697.44;100.0;8.74;56.9;2.55;
2022-12-03 13:00:00;288.0;666.63;84.0;9.31;57.05;2.48;
2022-12-03 14:00:00;190.0;699.11;47.0;9.24;57.05;2.21;
2022-12-03 15:00:00;23.0;0.0;23.0;8.15;63.7;2.14;
2022-12-03 16:00:00;0.0;0.0;0.0;6.17;70.95;2.55;
2022-12-03 17:00:00;0.0;0.0;0.0;4.2;79.2;2.48;
2022-12-03 18:00:00;0.0;0.0;0.0;2.62;85.35;2.34;
2022-12-03 19:00:00;0.0;0.0;0.0;1.09;92.05;2.14;
2022-12-03 20:00:00;0.0;0.0;0.0;-0.05;92.0;2.0;
2022-12-03 21:00:00;0.0;0.0;0.0;-0.99;88.45;1.86;
2022-12-03 22:00:00;0.0;0.0;0.0;-0.59;91.95;1.45;
2022-12-03 23:00:00;0.0;0.0;0.0;0.3;88.5;1.1;
2022-12-04 00:00:00;0.0;0.0;0.0;-0.07;88.45;0.97;
2022-12-04 01:00:00;0.0;0.0;0.0;-1.3;91.95;0.9;
2022-12-04 02:00:00;0.0;0.0;0.0;-1.52;95.6;0.97;
2022-12-04 03:00:00;0.0;0.0;0.0;-2.07;95.55;0.83;
2022-12-04 04:00:00;0.0;0.0;0.0;-2.14;95.55;0.76;
2022-12-04 05:00:00;0.0;0.0;0.0;-2.77;95.55;0.97;
2022-12-04 06:00:00;0.0;0.0;0.0;-3.21;95.55;1.03;
2022-12-04 07:00:00;21.0;105.15;16.0;-3.0;91.85;1.31;
2022-12-04 08:00:00;152.0;492.11;61.0;-1.5;91.95;1.03;
2022-12-04 09:00:00;277.0;700.0;73.0;0.97;88.55;1.03;
2022-12-04 10:00:00;356.0;750.37;86.0;3.36;82.2;1.03;
2022-12-04 11:00:00;386.0;767.95;90.0;5.75;70.85;1.1;
2022-12-04 12:00:00;364.0;755.72;87.0;7.64;63.6;1.1;
2022-12-04 13:00:00;296.0;749.01;68.0;8.86;61.45;0.9;
2022-12-04 14:00:00;179.0;605.12;56.0;9.2;59.25;0.62;
2022-12-04 15:00:00;21.0;0.0;21.0;8.47;68.7;1.24;
2022-12-04 16:00:00;0.0;0.0;0.0;5.59;79.4;1.59;
2022-12-04 17:00:00;0.0;0.0;0.0;3.34;85.4;1.59;
2022-12-04 18:00:00;0.0;0.0;0.0;2.29;88.65;1.45;
2022-12-04 19:00:00;0.0;0.0;0.0;3.05;79.1;0.97;
2022-12-04 20:00:00;0.0;0.0;0.0;2.97;82.15;0.69;
2022-12-04 21:00:00;0.0;0.0;0.0;2.55;79.0;0.62;
2022-12-04 22:00:00;0.0;0.0;0.0;2.12;82.05;0.55;
2022-12-04 23:00:00;0.0;0.0;0.0;1.67;85.25;0.76;
2022-12-05 00:00:00;0.0;0.0;0.0;0.71;81.95;0.97;
2022-12-05 01:00:00;0.0;0.0;0.0;0.32;85.15;0.97;
2022-12-05 02:00:00;0.0;0.0;0.0;0.1;85.15;0.97;
2022-12-05 03:00:00;0.0;0.0;0.0;-0.17;85.1;1.03;
2022-12-05 04:00:00;0.0;0.0;0.0;-0.27;85.1;0.9;
2022-12-05 05:00:00;0.0;0.0;0.0;-0.18;85.1;0.76;
2022-12-05 06:00:00;0.0;0.0;0.0;-0.3;85.1;0.76;
2022-12-05 07:00:00;19.0;89.4;15.0;-0.55;91.95;0.83;
2022-12-05 08:00:00;154.0;565.45;51.0;0.49;92.0;0.69;
2022-12-05 09:00:00;270.0;685.6;72.0;3.18;85.4;0.76;
2022-12-05 10:00:00;350.0;755.45;80.0;5.43;76.4;0.55;
2022-12-05 11:00:00;377.0;756.6;87.0;7.46;71.15;0.41;
2022-12-05 12:00:00;348.0;688.23;97.0;8.6;66.25;0.34;
2022-12-05 13:00:00;248.0;425.88;119.0;9.5;66.35;0.34;
2022-12-05 14:00:00;173.0;578.91;56.0;9.64;64.0;1.17;
2022-12-05 15:00:00;21.0;0.0;21.0;8.89;71.4;1.17;
2022-12-05 16:00:00;0.0;0.0;0.0;7.03;82.6;0.9;
2022-12-05 17:00:00;0.0;0.0;0.0;6.0;82.5;0.97;
2022-12-05 18:00:00;0.0;0.0;0.0;4.66;85.55;0.9;
2022-12-05 19:00:00;0.0;0.0;0.0;3.49;92.15;0.9;
2022-12-05 20:00:00;0.0;0.0;0.0;3.18;92.15;0.62;
2022-12-05 21:00:00;0.0;0.0;0.0;2.83;95.7;0.41;
2022-12-05 22:00:00;0.0;0.0;0.0;0.07;92.0;1.93;
2022-12-05 23:00:00;0.0;0.0;0.0;0.21;92.0;2.34;
2022-12-06 00:00:00;0.0;0.0;0.0;0.65;88.55;2.48;
2022-12-06 01:00:00;0.0;0.0;0.0;0.91;92.05;2.48;
2022-12-06 02:00:00;0.0;0.0;0.0;1.19;95.65;2.28;
2022-12-06 03:00:00;0.0;0.0;0.0;1.04;95.65;2.21;
2022-12-06 04:00:00;0.0;0.0;0.0;0.8;92.05;2.21;
2022-12-06 05:00:00;0.0;0.0;0.0;0.8;92.05;2.07;
2022-12-06 06:00:00;0.0;0.0;0.0;0.87;92.05;2.14;
2022-12-06 07:00:00;23.0;261.79;12.0;1.39;95.65;2.55;
2022-12-06 08:00:00;148.0;529.28;53.0;2.62;92.15;2.28;
2022-12-06 09:00:00;267.0;695.14;68.0;5.98;88.9;2.14;
2022-12-06 10:00:00;344.0;743.47;80.0;8.69;76.95;2.28;
2022-12-06 11:00:00;370.0;731.79;91.0;10.47;71.7;2.62;
2022-12-06 12:00:00;345.0;691.49;94.0;11.48;69.25;2.69;
2022-12-06 13:00:00;277.0;656.66;79.0;11.98;69.25;2.34;
2022-12-06 14:00:00;181.0;671.45;46.0;11.88;69.25;2.0;
2022-12-06 15:00:00;19.0;0.0;19.0;10.7;71.75;2.14;
2022-12-06 16:00:00;0.0;0.0;0.0;8.43;82.75;2.55;
2022-12-06 17:00:00;0.0;0.0;0.0;6.47;88.95;2.55;
2022-12-06 18:00:00;0.0;0.0;0.0;4.69;88.85;2.28;
2022-12-06 19:00:00;0.0;0.0;0.0;5.96;95.75;1.45;
2022-12-06 20:00:00;0.0;0.0;0.0;5.4;99.4;1.17;
2022-12-06 21:00:00;0.0;0.0;0.0;3.67;99.4;1.24;
2022-12-06 22:00:00;0.0;0.0;0.0;3.0;99.4;1.17;
2022-12-06 23:00:00;0.0;0.0;0.0;1.98;95.65;1.31;
2022-12-07 00:00:00;0.0;0.0;0.0;1.12;88.55;1.52;
2022-12-07 01:00:00;0.0;0.0;0.0;0.87;81.95;1.38;
2022-12-07 02:00:00;0.0;0.0;0.0;0.47;81.9;1.31;
2022-12-07 03:00:00;0.0;0.0;0.0;-0.07;81.8;1.45;
2022-12-07 04:00:00;0.0;0.0;0.0;-0.38;78.65;1.24;
2022-12-07 05:00:00;0.0;0.0;0.0;-1.07;85.0;1.52;
2022-12-07 06:00:00;0.0;0.0;0.0;-1.76;81.65;1.79;
2022-12-07 07:00:00;12.0;0.0;12.0;-0.83;85.05;1.66;
2022-12-07 08:00:00;152.0;599.17;46.0;0.42;85.15;1.52;
2022-12-07 09:00:00;271.0;725.75;65.0;4.02;82.25;1.31;
2022-12-07 10:00:00;347.0;759.45;79.0;6.6;65.85;1.24;
2022-12-07 11:00:00;374.0;748.68;90.0;8.04;54.55;1.03;
2022-12-07 12:00:00;359.0;777.56;78.0;8.73;48.8;0.69;
2022-12-07 13:00:00;286.0;716.04;71.0;9.07;48.8;0.55;
2022-12-07 14:00:00;173.0;594.61;54.0;9.04;50.7;0.34;
2022-12-07 15:00:00;19.0;0.0;19.0;8.42;63.7;0.69;
2022-12-07 16:00:00;0.0;0.0;0.0;6.65;63.35;1.03;
2022-12-07 17:00:00;0.0;0.0;0.0;5.09;68.1;1.24;
2022-12-07 18:00:00;0.0;0.0;0.0;4.14;73.4;1.17;
2022-12-07 19:00:00;0.0;0.0;0.0;5.03;79.3;0.83;
2022-12-07 20:00:00;0.0;0.0;0.0;3.17;82.2;1.03;
2022-12-07 21:00:00;0.0;0.0;0.0;1.45;92.05;1.31;
2022-12-07 22:00:00;0.0;0.0;0.0;0.49;92.0;1.31;
2022-12-07 23:00:00;0.0;0.0;0.0;0.29;88.5;1.17;
2022-12-08 00:00:00;0.0;0.0;0.0;0.57;88.55;0.97;
2022-12-08 01:00:00;0.0;0.0;0.0;0.61;92.05;0.55;
2022-12-08 02:00:00;0.0;0.0;0.0;-0.15;95.6;0.41;
2022-12-08 03:00:00;0.0;0.0;0.0;-0.35;95.6;0.28;
2022-12-08 04:00:00;0.0;0.0;0.0;-0.28;95.6;0.21;
2022-12-08 05:00:00;0.0;0.0;0.0;-0.07;99.4;0.34;
2022-12-08 06:00:00;0.0;0.0;0.0;0.14;95.65;0.55;
2022-12-08 07:00:00;9.0;0.0;9.0;-0.36;95.6;0.62;
2022-12-08 08:00:00;100.0;137.59;76.0;-0.04;95.6;0.62;
2022-12-08 09:00:00;102.0;7.1;100.0;2.39;92.1;0.62;
2022-12-08 10:00:00;156.0;25.66;147.0;3.74;85.45;0.55;
2022-12-08 11:00:00;158.0;15.89;152.0;5.62;79.4;0.76;
2022-12-08 12:00:00;153.0;19.45;146.0;6.98;79.55;0.97;
2022-12-08 13:00:00;133.0;30.09;124.0;7.91;73.95;0.83;
2022-12-08 14:00:00;89.0;40.14;81.0;8.14;71.35;0.55;
2022-12-08 15:00:00;22.0;0.0;22.0;7.89;73.95;0.48;
2022-12-08 16:00:00;0.0;0.0;0.0;6.14;82.55;1.03;
2022-12-08 17:00:00;0.0;0.0;0.0;4.63;88.85;1.31;
2022-12-08 18:00:00;0.0;0.0;0.0;3.57;92.15;1.38;
2022-12-08 19:00:00;0.0;0.0;0.0;1.25;95.65;1.86;
2022-12-08 20:00:00;0.0;0.0;0.0;0.86;95.65;1.52;
2022-12-08 21:00:00;0.0;0.0;0.0;0.7;95.65;0.97;
2022-12-08 22:00:00;0.0;0.0;0.0;0.38;99.4;0.55;
2022-12-08 23:00:00;0.0;0.0;0.0;0.6;95.65;0.55;
2022-12-09 00:00:00;0.0;0.0;0.0;0.37;99.4;0.69;
2022-12-09 01:00:00;0.0;0.0;0.0;0.61;95.65;0.69;
2022-12-09 02:00:00;0.0;0.0;0.0;0.41;99.4;0.83;
2022-12-09 03:00:00;0.0;0.0;0.0;0.19;95.65;1.03;
2022-12-09 04:00:00;0.0;0.0;0.0;0.23;95.65;0.83;
2022-12-09 05:00:00;0.0;0.0;0.0;0.31;95.65;0.76;
2022-12-09 06:00:00;0.0;0.0;0.0;0.29;95.65;0.97;
2022-12-09 07:00:00;9.0;0.0;9.0;2.45;92.1;0.55;
2022-12-09 08:00:00;81.0;58.13;71.0;2.91;88.65;0.48;
2022-12-09 09:00:00;102.0;7.16;100.0;4.38;85.5;0.69;
2022-12-09 10:00:00;149.0;20.07;142.0;5.58;82.5;0.9;
2022-12-09 11:00:00;192.0;53.21;172.0;6.86;82.6;1.1;
2022-12-09 12:00:00;290.0;393.26;149.0;7.64;79.7;1.31;
2022-12-09 13:00:00;269.0;610.53;87.0;8.38;82.75;1.31;
2022-12-09 14:00:00;159.0;468.19;66.0;8.59;82.85;1.24;
2022-12-09 15:00:00;18.0;0.0;18.0;8.35;85.9;1.17;
2022-12-09 16:00:00;0.0;0.0;0.0;7.48;92.35;1.45;
2022-12-09 17:00:00;0.0;0.0;0.0;6.02;99.4;1.38;
2022-12-09 18:00:00;0.0;0.0;0.0;5.32;99.4;1.31;
2022-12-09 19:00:00;0.0;0.0;0.0;3.36;100.0;0.76;
2022-12-09 20:00:00;0.0;0.0;0.0;3.08;99.4;0.62;
2022-12-09 21:00:00;0.0;0.0;0.0;3.38;99.4;0.34;
2022-12-09 22:00:00;0.0;0.0;0.0;3.3;99.4;0.41;
2022-12-09 23:00:00;0.0;0.0;0.0;3.24;99.4;0.69;
2022-12-10 00:00:00;0.0;0.0;0.0;3.29;99.4;0.76;
2022-12-10 01:00:00;0.0;0.0;0.0;3.34;99.4;0.62;
2022-12-10 02:00:00;0.0;0.0;0.0;3.68;99.4;0.55;
2022-12-10 03:00:00;0.0;0.0;0.0;3.87;100.0;0.76;
2022-12-10 04:00:00;0.0;0.0;0.0;4.01;100.0;1.03;
2022-12-10 05:00:00;0.0;0.0;0.0;3.95;100.0;0.83;
2022-12-10 06:00:00;0.0;0.0;0.0;4.18;99.4;0.41;
2022-12-10 07:00:00;9.0;0.0;9.0;4.15;99.4;0.97;
2022-12-10 08:00:00;87.0;82.47;73.0;4.53;100.0;1.17;
2022-12-10 09:00:00;130.0;39.68;119.0;5.17;99.4;1.45;
2022-12-10 10:00:00;170.0;43.24;155.0;5.65;99.4;1.31;
2022-12-10 11:00:00;165.0;21.38;157.0;6.21;95.8;1.17;
2022-12-10 12:00:00;163.0;27.99;153.0;7.0;92.35;0.83;
2022-12-10 13:00:00;147.0;50.47;132.0;7.26;89.0;0.69;
2022-12-10 14:00:00;99.0;70.68;85.0;7.53;89.0;0.55;
2022-12-10 15:00:00;23.0;0.0;23.0;7.45;89.0;0.55;
2022-12-10 16:00:00;0.0;0.0;0.0;7.08;89.0;0.97;
2022-12-10 17:00:00;0.0;0.0;0.0;5.9;95.75;1.66;
2022-12-10 18:00:00;0.0;0.0;0.0;4.92;99.4;1.93;
2022-12-10 19:00:00;0.0;0.0;0.0;3.18;99.4;1.79;
2022-12-10 20:00:00;0.0;0.0;0.0;2.27;99.4;1.59;
2022-12-10 21:00:00;0.0;0.0;0.0;2.1;99.4;1.38;
2022-12-10 22:00:00;0.0;0.0;0.0;2.09;99.4;1.03;
2022-12-10 23:00:00;0.0;0.0;0.0;2.21;99.4;0.9;
2022-12-11 00:00:00;0.0;0.0;0.0;2.11;99.4;0.55;
2022-12-11 01:00:00;0.0;0.0;0.0;1.98;100.0;0.55;
2022-12-11 02:00:00;0.0;0.0;0.0;1.92;99.4;0.83;
2022-12-11 03:00:00;0.0;0.0;0.0;1.72;99.4;0.97;
2022-12-11 04:00:00;0.0;0.0;0.0;1.54;99.4;0.9;
2022-12-11 05:00:00;0.0;0.0;0.0;1.52;99.4;0.97;
2022-12-11 06:00:00;0.0;0.0;0.0;1.36;100.0;1.1;
2022-12-11 07:00:00;6.0;0.0;6.0;1.34;99.35;1.17;
2022-12-11 08:00:00;104.0;190.97;72.0;1.59;99.4;1.1;
2022-12-11 09:00:00;176.0;174.43;128.0;2.33;99.4;1.03;
2022-12-11 10:00:00;239.0;214.38;165.0;3.25;99.4;0.97;
2022-12-11 11:00:00;309.0;418.44;153.0;4.33;95.75;0.69;
2022-12-11 12:00:00;253.0;238.64;168.0;5.51;92.25;0.55;
2022-12-11 13:00:00;186.0;158.55;139.0;6.47;85.7;0.34;
2022-12-11 14:00:00;122.0;177.11;87.0;6.89;82.6;0.41;
2022-12-11 15:00:00;23.0;0.0;23.0;6.65;82.6;0.76;
2022-12-11 16:00:00;0.0;0.0;0.0;5.3;92.25;1.38;
2022-12-11 17:00:00;0.0;0.0;0.0;3.23;95.7;1.59;
2022-12-11 18:00:00;0.0;0.0;0.0;1.78;99.4;1.52;
2022-12-11 19:00:00;0.0;0.0;0.0;2.71;95.7;0.97;
2022-12-11 20:00:00;0.0;0.0;0.0;1.06;99.35;0.55;
2022-12-11 21:00:00;0.0;0.0;0.0;-0.28;95.6;0.28;
2022-12-11 22:00:00;0.0;0.0;0.0;-0.43;95.6;0.14;
2022-12-11 23:00:00;0.0;0.0;0.0;-0.09;99.4;0.34;
2022-12-12 00:00:00;0.0;0.0;0.0;-0.18;95.6;0.48;
2022-12-12 01:00:00;0.0;0.0;0.0;-0.22;95.6;0.62;
2022-12-12 02:00:00;0.0;0.0;0.0;-0.18;95.6;0.69;
2022-12-12 03:00:00;0.0;0.0;0.0;-0.22;95.6;0.76;
2022-12-12 04:00:00;0.0;0.0;0.0;-0.23;95.6;0.97;
2022-12-12 05:00:00;0.0;0.0;0.0;-0.44;95.6;0.9;
2022-12-12 06:00:00;0.0;0.0;0.0;-0.5;95.6;0.9;
2022-12-12 07:00:00;6.0;0.0;6.0;-0.15;99.4;0.97;
2022-12-12 08:00:00;89.0;108.78;71.0;0.02;95.65;0.9;
2022-12-12 09:00:00;147.0;80.5;125.0;0.63;95.65;0.83;
2022-12-12 10:00:00;174.0;52.4;156.0;1.57;95.65;0.76;
2022-12-12 11:00:00;195.0;59.22;173.0;2.81;92.15;0.76;
2022-12-12 12:00:00;194.0;76.02;167.0;3.7;88.75;0.69;
2022-12-12 13:00:00;167.0;98.05;138.0;4.69;82.35;0.41;
2022-12-12 14:00:00;115.0;136.86;88.0;5.23;82.4;0.41;
2022-12-12 15:00:00;22.0;0.0;22.0;5.11;82.4;0.55;
2022-12-12 16:00:00;0.0;0.0;0.0;4.0;92.15;0.9;
2022-12-12 17:00:00;0.0;0.0;0.0;3.04;88.7;1.03;
2022-12-12 18:00:00;0.0;0.0;0.0;1.6;92.05;1.31;
2022-12-12 19:00:00;0.0;0.0;0.0;1.92;99.4;0.62;
2022-12-12 20:00:00;0.0;0.0;0.0;0.95;99.35;0.55;
2022-12-12 21:00:00;0.0;0.0;0.0;-0.09;99.4;0.21;
2022-12-12 22:00:00;0.0;0.0;0.0;-0.23;95.6;0.28;
2022-12-12 23:00:00;0.0;0.0;0.0;-1.03;99.4;0.62;
2022-12-13 00:00:00;0.0;0.0;0.0;-0.83;95.6;0.83;
2022-12-13 01:00:00;0.0;0.0;0.0;-0.99;95.6;0.97;
2022-12-13 02:00:00;0.0;0.0;0.0;-1.31;95.6;0.97;
2022-12-13 03:00:00;0.0;0.0;0.0;-1.55;99.4;0.97;
2022-12-13 04:00:00;0.0;0.0;0.0;-1.48;95.6;0.9;
2022-12-13 05:00:00;0.0;0.0;0.0;-1.57;99.4;0.9;
2022-12-13 06:00:00;0.0;0.0;0.0;-1.67;95.6;1.03;
2022-12-13 07:00:00;7.0;0.0;7.0;-1.18;95.6;1.17;
2022-12-13 08:00:00;134.0;526.04;48.0;-0.72;95.6;1.24;
2022-12-13 09:00:00;256.0;710.91;63.0;0.21;92.0;1.17;
2022-12-13 10:00:00;343.0;804.06;68.0;2.21;88.65;1.03;
2022-12-13 11:00:00;375.0;815.64;73.0;3.79;82.25;1.1;
2022-12-13 12:00:00;352.0;781.81;75.0;5.91;76.5;1.17;
2022-12-13 13:00:00;284.0;741.77;65.0;7.23;68.5;1.17;
2022-12-13 14:00:00;171.0;598.75;53.0;7.61;66.05;1.1;
2022-12-13 15:00:00;19.0;0.0;19.0;7.06;73.8;1.1;
2022-12-13 16:00:00;0.0;0.0;0.0;5.33;82.4;0.9;
2022-12-13 17:00:00;0.0;0.0;0.0;4.51;82.3;0.97;
2022-12-13 18:00:00;0.0;0.0;0.0;2.75;88.65;1.31;
2022-12-13 19:00:00;0.0;0.0;0.0;3.53;92.15;0.48;
2022-12-13 20:00:00;0.0;0.0;0.0;2.95;95.7;0.69;
2022-12-13 21:00:00;0.0;0.0;0.0;2.77;92.15;0.62;
2022-12-13 22:00:00;0.0;0.0;0.0;2.39;95.65;0.76;
2022-12-13 23:00:00;0.0;0.0;0.0;0.88;95.65;1.03;
2022-12-14 00:00:00;0.0;0.0;0.0;-0.33;95.6;1.24;
2022-12-14 01:00:00;0.0;0.0;0.0;-0.8;95.6;1.17;
2022-12-14 02:00:00;0.0;0.0;0.0;-0.81;95.6;1.1;
2022-12-14 03:00:00;0.0;0.0;0.0;-1.13;99.4;0.76;
2022-12-14 04:00:00;0.0;0.0;0.0;-0.95;91.95;0.62;
2022-12-14 05:00:00;0.0;0.0;0.0;-1.25;95.6;0.55;
2022-12-14 06:00:00;0.0;0.0;0.0;-1.27;91.95;0.76;
2022-12-14 07:00:00;0.0;0.0;0.0;-0.96;95.6;0.41;
2022-12-14 08:00:00;132.0;525.99;47.0;-0.65;95.6;0.48;
2022-12-14 09:00:00;254.0;707.92;63.0;1.94;88.6;0.76;
2022-12-14 10:00:00;332.0;751.61;76.0;4.48;82.3;0.69;
2022-12-14 11:00:00;367.0;785.55;77.0;6.65;76.65;0.41;
2022-12-14 12:00:00;346.0;760.84;77.0;8.41;76.85;0.55;
2022-12-14 13:00:00;278.0;712.28;68.0;9.39;74.2;0.83;
2022-12-14 14:00:00;169.0;588.87;53.0;9.72;74.3;0.97;
2022-12-14 15:00:00;20.0;0.0;20.0;9.09;79.9;0.76;
2022-12-14 16:00:00;0.0;0.0;0.0;7.01;89.0;1.24;
2022-12-14 17:00:00;0.0;0.0;0.0;4.73;92.25;1.66;
2022-12-14 18:00:00;0.0;0.0;0.0;3.42;99.4;1.52;
2022-12-14 19:00:00;0.0;0.0;0.0;7.51;92.35;0.62;
2022-12-14 20:00:00;0.0;0.0;0.0;6.51;95.8;1.17;
2022-12-14 21:00:00;0.0;0.0;0.0;3.51;99.4;1.72;
2022-12-14 22:00:00;0.0;0.0;0.0;2.17;99.4;1.24;
2022-12-14 23:00:00;0.0;0.0;0.0;2.35;100.0;0.9;
2022-12-15 00:00:00;0.0;0.0;0.0;2.99;100.0;0.97;
2022-12-15 01:00:00;0.0;0.0;0.0;3.18;99.4;1.31;
2022-12-15 02:00:00;0.0;0.0;0.0;3.17;99.4;1.45;
2022-12-15 03:00:00;0.0;0.0;0.0;3.07;99.4;1.31;
2022-12-15 04:00:00;0.0;0.0;0.0;2.89;100.0;0.97;
2022-12-15 05:00:00;0.0;0.0;0.0;2.7;99.4;0.9;
2022-12-15 06:00:00;0.0;0.0;0.0;2.41;100.0;1.31;
2022-12-15 07:00:00;0.0;0.0;0.0;2.24;99.4;1.17;
2022-12-15 08:00:00;101.0;219.0;66.0;2.77;99.4;1.03;
2022-12-15 09:00:00;212.0;402.63;104.0;3.81;99.4;1.1;
2022-12-15 10:00:00;196.0;103.15;161.0;4.77;95.75;0.9;
2022-12-15 11:00:00;326.0;537.76;128.0;5.95;88.9;0.76;
2022-12-15 12:00:00;339.0;725.36;83.0;6.63;85.75;0.69;
2022-12-15 13:00:00;218.0;302.17;129.0;7.16;82.65;0.55;
2022-12-15 14:00:00;167.0;578.64;53.0;7.37;82.65;0.62;
2022-12-15 15:00:00;20.0;0.0;20.0;7.17;82.65;0.83;
2022-12-15 16:00:00;0.0;0.0;0.0;6.25;88.95;1.17;
2022-12-15 17:00:00;0.0;0.0;0.0;4.78;95.75;1.24;
2022-12-15 18:00:00;0.0;0.0;0.0;4.18;95.75;1.17;
2022-12-15 19:00:00;0.0;0.0;0.0;4.15;92.2;0.83;
2022-12-15 20:00:00;0.0;0.0;0.0;3.36;95.7;0.9;
2022-12-15 21:00:00;0.0;0.0;0.0;2.56;95.7;0.9;
2022-12-15 22:00:00;0.0;0.0;0.0;1.9;99.4;0.9;
2022-12-15 23:00:00;0.0;0.0;0.0;1.59;99.4;0.69;
2022-12-16 00:00:00;0.0;0.0;0.0;1.3;100.0;0.55;
2022-12-16 01:00:00;0.0;0.0;0.0;0.91;99.35;0.41;
2022-12-16 02:00:00;0.0;0.0;0.0;0.51;95.65;0.48;
2022-12-16 03:00:00;0.0;0.0;0.0;0.09;95.65;0.62;
2022-12-16 04:00:00;0.0;0.0;0.0;-0.49;95.6;0.83;
2022-12-16 05:00:00;0.0;0.0;0.0;-1.01;95.6;0.83;
2022-12-16 06:00:00;0.0;0.0;0.0;-1.73;95.6;0.83;
2022-12-16 07:00:00;0.0;0.0;0.0;-1.1;99.4;1.17;
2022-12-16 08:00:00;126.0;486.89;49.0;-0.17;95.6;1.17;
2022-12-16 09:00:00;247.0;685.95;64.0;0.93;95.65;1.1;
2022-12-16 10:00:00;326.0;736.38;77.0;2.45;95.65;1.1;
2022-12-16 11:00:00;358.0;743.16;85.0;3.87;88.75;1.1;
2022-12-16 12:00:00;360.0;851.26;60.0;5.62;79.4;0.9;
2022-12-16 13:00:00;269.0;645.44;79.0;6.98;76.65;0.62;
2022-12-16 14:00:00;169.0;588.35;53.0;7.42;76.7;0.55;
2022-12-16 15:00:00;21.0;0.0;21.0;7.02;79.55;0.83;
2022-12-16 16:00:00;0.0;0.0;0.0;5.43;88.85;1.03;
2022-12-16 17:00:00;0.0;0.0;0.0;3.91;92.15;1.24;
2022-12-16 18:00:00;0.0;0.0;0.0;2.72;92.15;1.38;
2022-12-16 19:00:00;0.0;0.0;0.0;2.55;88.65;0.97;
2022-12-16 20:00:00;0.0;0.0;0.0;2.35;92.1;0.83;
2022-12-16 21:00:00;0.0;0.0;0.0;2.21;92.1;0.83;
2022-12-16 22:00:00;0.0;0.0;0.0;2.14;88.65;0.69;
2022-12-16 23:00:00;0.0;0.0;0.0;1.9;92.05;0.76;
2022-12-17 00:00:00;0.0;0.0;0.0;1.37;92.05;0.97;
2022-12-17 01:00:00;0.0;0.0;0.0;-0.22;92.0;1.24;
2022-12-17 02:00:00;0.0;0.0;0.0;-0.81;95.6;1.17;
2022-12-17 03:00:00;0.0;0.0;0.0;0.17;95.65;0.76;
2022-12-17 04:00:00;0.0;0.0;0.0;-0.1;95.6;0.41;
2022-12-17 05:00:00;0.0;0.0;0.0;-0.85;95.6;0.34;
2022-12-17 06:00:00;0.0;0.0;0.0;-1.01;95.6;0.41;
2022-12-17 07:00:00;0.0;0.0;0.0;-2.25;95.55;0.9;
2022-12-17 08:00:00;120.0;421.51;54.0;-1.33;95.6;0.97;
2022-12-17 09:00:00;241.0;625.37;75.0;-0.06;95.6;0.9;
2022-12-17 10:00:00;326.0;723.85;82.0;1.82;92.05;0.97;
2022-12-17 11:00:00;367.0;785.55;79.0;4.03;85.45;0.97;
2022-12-17 12:00:00;349.0;775.48;76.0;6.15;73.7;0.83;
2022-12-17 13:00:00;289.0;778.04;60.0;7.46;71.15;0.69;
2022-12-17 14:00:00;172.0;607.81;52.0;7.92;68.6;0.62;
2022-12-17 15:00:00;22.0;0.0;22.0;7.42;79.65;0.41;
2022-12-17 16:00:00;0.0;0.0;0.0;6.88;71.05;0.34;
2022-12-17 17:00:00;0.0;0.0;0.0;5.99;76.5;0.62;
2022-12-17 18:00:00;0.0;0.0;0.0;4.48;82.3;1.1;
2022-12-17 19:00:00;0.0;0.0;0.0;3.26;82.2;0.76;
2022-12-17 20:00:00;0.0;0.0;0.0;2.77;85.35;0.41;
2022-12-17 21:00:00;0.0;0.0;0.0;2.45;88.65;0.14;
2022-12-17 22:00:00;0.0;0.0;0.0;2.1;85.3;0.34;
2022-12-17 23:00:00;0.0;0.0;0.0;1.52;88.6;0.48;
2022-12-18 00:00:00;0.0;0.0;0.0;1.11;88.55;0.48;
2022-12-18 01:00:00;0.0;0.0;0.0;-0.01;95.6;0.41;
2022-12-18 02:00:00;0.0;0.0;0.0;-0.42;95.6;0.41;
2022-12-18 03:00:00;0.0;0.0;0.0;-1.22;95.6;0.28;
2022-12-18 04:00:00;0.0;0.0;0.0;-1.61;99.4;0.28;
2022-12-18 05:00:00;0.0;0.0;0.0;-1.59;99.4;0.14;
2022-12-18 06:00:00;0.0;0.0;0.0;-1.54;99.4;0.21;
2022-12-18 07:00:00;0.0;0.0;0.0;-1.65;95.6;0.55;
2022-12-18 08:00:00;94.0;186.95;65.0;-0.85;95.6;0.55;
2022-12-18 09:00:00;136.0;68.13;118.0;1.35;92.05;0.62;
2022-12-18 10:00:00;287.0;487.87;123.0;3.75;82.25;0.76;
2022-12-18 11:00:00;229.0;142.07;177.0;5.64;73.65;0.83;
2022-12-18 12:00:00;257.0;270.05;162.0;6.95;71.05;0.76;
2022-12-18 13:00:00;274.0;689.51;71.0;7.75;66.05;0.55;
2022-12-18 14:00:00;150.0;389.25;73.0;7.99;66.05;0.55;
2022-12-18 15:00:00;18.0;0.0;18.0;7.26;79.65;0.9;
2022-12-18 16:00:00;0.0;0.0;0.0;5.77;79.4;1.1;
2022-12-18 17:00:00;0.0;0.0;0.0;5.46;79.35;1.03;
2022-12-18 18:00:00;0.0;0.0;0.0;5.12;79.35;0.9;
2022-12-18 19:00:00;0.0;0.0;0.0;2.4;88.65;1.59;
2022-12-18 20:00:00;0.0;0.0;0.0;1.74;92.05;1.59;
2022-12-18 21:00:00;0.0;0.0;0.0;1.5;95.65;1.66;
2022-12-18 22:00:00;0.0;0.0;0.0;1.24;92.05;1.59;
2022-12-18 23:00:00;0.0;0.0;0.0;1.0;92.05;1.72;
2022-12-19 00:00:00;0.0;0.0;0.0;0.86;92.05;1.86;
2022-12-19 01:00:00;0.0;0.0;0.0;1.28;99.35;1.79;
2022-12-19 02:00:00;0.0;0.0;0.0;2.19;95.65;1.59;
2022-12-19 03:00:00;0.0;0.0;0.0;2.81;95.7;1.59;
2022-12-19 04:00:00;0.0;0.0;0.0;3.08;95.7;1.52;
2022-12-19 05:00:00;0.0;0.0;0.0;3.34;99.4;1.66;
2022-12-19 06:00:00;0.0;0.0;0.0;3.21;99.4;1.79;
2022-12-19 07:00:00;0.0;0.0;0.0;3.0;99.4;2.0;
2022-12-19 08:00:00;28.0;0.0;28.0;2.93;99.4;2.14;
2022-12-19 09:00:00;40.0;0.0;40.0;2.84;99.4;2.21;
2022-12-19 10:00:00;53.0;0.0;53.0;2.89;99.4;2.28;
2022-12-19 11:00:00;44.0;0.0;44.0;2.93;99.4;2.0;
2022-12-19 12:00:00;56.0;0.0;56.0;3.04;95.7;1.86;
2022-12-19 13:00:00;67.0;0.0;67.0;3.27;95.7;1.86;
2022-12-19 14:00:00;77.0;20.17;73.0;3.37;95.7;1.93;
2022-12-19 15:00:00;21.0;0.0;21.0;3.42;95.7;1.79;
2022-12-19 16:00:00;0.0;0.0;0.0;3.35;95.7;1.72;
2022-12-19 17:00:00;0.0;0.0;0.0;3.35;95.7;1.86;
2022-12-19 18:00:00;0.0;0.0;0.0;3.4;95.7;1.93;
2022-12-19 19:00:00;0.0;0.0;0.0;2.58;95.7;1.03;
2022-12-19 20:00:00;0.0;0.0;0.0;2.76;95.7;0.9;
2022-12-19 21:00:00;0.0;0.0;0.0;2.89;99.4;0.9;
2022-12-19 22:00:00;0.0;0.0;0.0;3.04;95.7;0.97;
2022-12-19 23:00:00;0.0;0.0;0.0;3.18;99.4;0.97;
2022-12-20 00:00:00;0.0;0.0;0.0;3.31;99.4;1.31;
2022-12-20 01:00:00;0.0;0.0;0.0;3.44;99.4;1.38;
2022-12-20 02:00:00;0.0;0.0;0.0;3.5;99.4;1.59;
2022-12-20 03:00:00;0.0;0.0;0.0;3.55;95.7;1.38;
2022-12-20 04:00:00;0.0;0.0;0.0;3.58;95.7;1.1;
2022-12-20 05:00:00;0.0;0.0;0.0;3.67;95.7;1.31;
2022-12-20 06:00:00;0.0;0.0;0.0;3.71;95.7;1.1;
2022-12-20 07:00:00;0.0;0.0;0.0;3.29;99.4;1.03;
2022-12-20 08:00:00;59.0;26.22;55.0;3.49;99.4;1.03;
2022-12-20 09:00:00;92.0;7.63;90.0;3.88;95.7;1.1;
2022-12-20 10:00:00;44.0;0.0;44.0;4.16;95.75;1.45;
2022-12-20 11:00:00;130.0;5.48;128.0;4.21;95.75;1.66;
2022-12-20 12:00:00;33.0;0.0;33.0;4.37;95.75;2.0;
2022-12-20 13:00:00;44.0;0.0;44.0;4.52;95.75;1.79;
2022-12-20 14:00:00;75.0;20.11;71.0;4.48;95.75;1.72;
2022-12-20 15:00:00;21.0;0.0;21.0;4.55;92.25;1.66;
2022-12-20 16:00:00;0.0;0.0;0.0;4.55;92.25;1.52;
2022-12-20 17:00:00;0.0;0.0;0.0;4.49;95.75;1.45;
2022-12-20 18:00:00;0.0;0.0;0.0;4.5;95.75;1.52;
2022-12-20 19:00:00;0.0;0.0;0.0;3.92;99.4;1.59;
2022-12-20 20:00:00;0.0;0.0;0.0;3.66;95.7;1.72;
2022-12-20 21:00:00;0.0;0.0;0.0;2.93;99.4;1.86;
2022-12-20 22:00:00;0.0;0.0;0.0;2.69;95.7;1.72;
2022-12-20 23:00:00;0.0;0.0;0.0;2.15;95.65;1.66;
2022-12-21 00:00:00;0.0;0.0;0.0;1.89;95.65;1.31;
2022-12-21 01:00:00;0.0;0.0;0.0;1.81;95.65;1.1;
2022-12-21 02:00:00;0.0;0.0;0.0;2.5;95.65;0.62;
2022-12-21 03:00:00;0.0;0.0;0.0;2.55;92.15;0.34;
2022-12-21 04:00:00;0.0;0.0;0.0;2.23;95.65;0.83;
2022-12-21 05:00:00;0.0;0.0;0.0;2.45;95.65;1.38;
2022-12-21 06:00:00;0.0;0.0;0.0;2.26;95.65;1.31;
2022-12-21 07:00:00;0.0;0.0;0.0;2.85;99.4;0.97;
2022-12-21 08:00:00;65.0;46.24;58.0;3.2;99.4;0.69;
2022-12-21 09:00:00;100.0;15.31;96.0;4.11;95.75;0.97;
2022-12-21 10:00:00;110.0;2.99;109.0;4.9;95.75;1.17;
2022-12-21 11:00:00;161.0;24.66;152.0;5.58;88.9;1.03;
2022-12-21 12:00:00;101.0;0.0;101.0;6.58;85.75;0.83;
2022-12-21 13:00:00;24.0;0.0;24.0;7.07;85.8;0.41;
2022-12-21 14:00:00;32.0;0.0;32.0;7.32;85.8;0.21;
2022-12-21 15:00:00;8.0;0.0;8.0;7.16;85.8;0.21;
2022-12-21 16:00:00;0.0;0.0;0.0;7.02;89.0;0.07;
2022-12-21 17:00:00;0.0;0.0;0.0;6.79;89.0;0.21;
2022-12-21 18:00:00;0.0;0.0;0.0;6.62;89.0;0.28;
2022-12-21 19:00:00;0.0;0.0;0.0;5.21;95.75;0.9;
2022-12-21 20:00:00;0.0;0.0;0.0;5.12;95.75;0.9;
2022-12-21 21:00:00;0.0;0.0;0.0;5.71;92.3;0.55;
2022-12-21 22:00:00;0.0;0.0;0.0;5.38;95.75;0.62;
2022-12-21 23:00:00;0.0;0.0;0.0;4.62;95.75;0.83;
2022-12-22 00:00:00;0.0;0.0;0.0;4.4;99.4;0.83;
2022-12-22 01:00:00;0.0;0.0;0.0;4.23;99.4;0.76;
2022-12-22 02:00:00;0.0;0.0;0.0;4.95;99.4;0.62;
2022-12-22 03:00:00;0.0;0.0;0.0;5.4;95.75;0.48;
2022-12-22 04:00:00;0.0;0.0;0.0;5.26;95.75;0.62;
2022-12-22 05:00:00;0.0;0.0;0.0;5.07;92.25;0.69;
2022-12-22 06:00:00;0.0;0.0;0.0;4.72;95.75;0.83;
2022-12-22 07:00:00;0.0;0.0;0.0;4.83;99.4;0.55;
2022-12-22 08:00:00;48.0;6.65;47.0;5.23;95.75;0.41;
2022-12-22 09:00:00;42.0;0.0;42.0;5.75;95.75;0.48;
2022-12-22 10:00:00;72.0;0.0;72.0;6.03;99.4;0.83;
2022-12-22 11:00:00;144.0;13.7;139.0;6.27;95.8;0.9;
2022-12-22 12:00:00;44.0;0.0;44.0;6.57;92.35;0.76;
2022-12-22 13:00:00;49.0;0.0;49.0;6.72;95.8;0.62;
2022-12-22 14:00:00;22.0;0.0;22.0;6.77;95.8;0.48;
2022-12-22 15:00:00;18.0;0.0;18.0;6.76;95.8;0.28;
2022-12-22 16:00:00;0.0;0.0;0.0;6.51;99.4;0.55;
2022-12-22 17:00:00;0.0;0.0;0.0;6.46;95.8;0.41;
2022-12-22 18:00:00;0.0;0.0;0.0;6.06;95.8;0.62;
2022-12-22 19:00:00;0.0;0.0;0.0;5.36;99.4;0.9;
2022-12-22 20:00:00;0.0;0.0;0.0;5.62;95.75;0.55;
2022-12-22 21:00:00;0.0;0.0;0.0;5.68;95.75;0.41;
2022-12-22 22:00:00;0.0;0.0;0.0;5.48;99.4;0.55;
2022-12-22 23:00:00;0.0;0.0;0.0;5.22;99.4;0.76;
2022-12-23 00:00:00;0.0;0.0;0.0;4.86;99.4;0.83;
2022-12-23 01:00:00;0.0;0.0;0.0;4.73;99.4;0.9;
2022-12-23 02:00:00;0.0;0.0;0.0;4.7;99.4;0.97;
2022-12-23 03:00:00;0.0;0.0;0.0;4.33;99.4;1.24;
2022-12-23 04:00:00;0.0;0.0;0.0;4.5;100.0;1.31;
2022-12-23 05:00:00;0.0;0.0;0.0;4.65;99.4;1.31;
2022-12-23 06:00:00;0.0;0.0;0.0;4.72;99.4;1.38;
2022-12-23 07:00:00;0.0;0.0;0.0;4.45;99.4;1.1;
2022-12-23 08:00:00;52.0;13.38;50.0;4.82;99.4;1.03;
2022-12-23 09:00:00;129.0;61.57;113.0;5.95;99.4;0.97;
2022-12-23 10:00:00;187.0;93.0;156.0;6.77;95.8;0.76;
2022-12-23 11:00:00;132.0;5.48;130.0;7.5;92.35;0.62;
2022-12-23 12:00:00;125.0;5.68;123.0;8.18;85.9;0.41;
2022-12-23 13:00:00;120.0;16.86;115.0;8.41;85.9;0.41;
2022-12-23 14:00:00;100.0;74.44;85.0;8.64;82.85;0.62;
2022-12-23 15:00:00;25.0;0.0;25.0;8.69;82.85;0.76;
2022-12-23 16:00:00;0.0;0.0;0.0;8.23;85.9;0.97;
2022-12-23 17:00:00;0.0;0.0;0.0;7.32;92.35;1.03;
2022-12-23 18:00:00;0.0;0.0;0.0;6.79;95.8;1.03;
2022-12-23 19:00:00;0.0;0.0;0.0;6.54;99.4;1.17;
2022-12-23 20:00:00;0.0;0.0;0.0;6.4;99.4;1.45;
2022-12-23 21:00:00;0.0;0.0;0.0;6.69;95.8;1.66;
2022-12-23 22:00:00;0.0;0.0;0.0;6.96;95.8;1.59;
2022-12-23 23:00:00;0.0;0.0;0.0;7.0;95.8;1.38;
2022-12-24 00:00:00;0.0;0.0;0.0;6.96;95.8;1.1;
2022-12-24 01:00:00;0.0;0.0;0.0;6.9;95.8;0.97;
2022-12-24 02:00:00;0.0;0.0;0.0;6.89;95.8;1.03;
2022-12-24 03:00:00;0.0;0.0;0.0;6.87;95.8;0.9;
2022-12-24 04:00:00;0.0;0.0;0.0;6.84;95.8;1.24;
2022-12-24 05:00:00;0.0;0.0;0.0;6.74;95.8;1.45;
2022-12-24 06:00:00;0.0;0.0;0.0;6.65;95.8;1.59;
2022-12-24 07:00:00;0.0;0.0;0.0;6.5;99.4;2.28;
2022-12-24 08:00:00;16.0;0.0;16.0;6.5;99.4;2.34;
2022-12-24 09:00:00;24.0;0.0;24.0;6.77;95.8;2.48;
2022-12-24 10:00:00;61.0;0.0;61.0;7.1;92.35;2.55;
2022-12-24 11:00:00;52.0;0.0;52.0;7.4;92.35;2.83;
2022-12-24 12:00:00;36.0;0.0;36.0;7.45;92.35;2.76;
2022-12-24 13:00:00;56.0;0.0;56.0;7.91;89.05;2.97;
2022-12-24 14:00:00;27.0;0.0;27.0;7.91;89.05;2.83;
2022-12-24 15:00:00;26.0;0.0;26.0;7.78;89.05;2.48;
2022-12-24 16:00:00;0.0;0.0;0.0;7.55;95.8;2.41;
2022-12-24 17:00:00;0.0;0.0;0.0;7.54;95.8;2.62;
2022-12-24 18:00:00;0.0;0.0;0.0;7.78;92.4;2.62;
2022-12-24 19:00:00;0.0;0.0;0.0;7.1;92.35;2.97;
2022-12-24 20:00:00;0.0;0.0;0.0;7.1;92.35;3.1;
2022-12-24 21:00:00;0.0;0.0;0.0;7.12;92.35;3.31;
2022-12-24 22:00:00;0.0;0.0;0.0;7.34;92.35;3.45;
2022-12-24 23:00:00;0.0;0.0;0.0;7.51;92.35;3.72;
2022-12-25 00:00:00;0.0;0.0;0.0;7.51;92.35;3.79;
2022-12-25 01:00:00;0.0;0.0;0.0;7.43;92.35;4.14;
2022-12-25 02:00:00;0.0;0.0;0.0;7.35;92.35;4.34;
2022-12-25 03:00:00;0.0;0.0;0.0;7.32;92.35;4.34;
2022-12-25 04:00:00;0.0;0.0;0.0;7.27;92.35;4.48;
2022-12-25 05:00:00;0.0;0.0;0.0;7.31;92.35;4.41;
2022-12-25 06:00:00;0.0;0.0;0.0;7.56;92.35;4.21;
2022-12-25 07:00:00;0.0;0.0;0.0;7.76;89.05;4.83;
2022-12-25 08:00:00;64.0;47.29;57.0;8.01;89.05;4.69;
2022-12-25 09:00:00;57.0;0.0;57.0;8.46;89.1;4.9;
2022-12-25 10:00:00;56.0;0.0;56.0;8.98;89.1;4.97;
2022-12-25 11:00:00;39.0;0.0;39.0;9.35;89.15;5.1;
2022-12-25 12:00:00;93.0;0.0;93.0;9.87;86.0;4.97;
2022-12-25 13:00:00;47.0;0.0;47.0;10.4;86.05;4.21;
2022-12-25 14:00:00;72.0;14.72;69.0;10.72;86.1;2.97;
2022-12-25 15:00:00;11.0;0.0;11.0;10.5;89.25;2.21;
2022-12-25 16:00:00;0.0;0.0;0.0;10.11;89.25;2.21;
2022-12-25 17:00:00;0.0;0.0;0.0;9.8;92.5;2.07;
2022-12-25 18:00:00;0.0;0.0;0.0;9.56;95.85;2.28;
2022-12-25 19:00:00;0.0;0.0;0.0;10.16;89.25;3.38;
2022-12-25 20:00:00;0.0;0.0;0.0;10.26;89.25;3.59;
2022-12-25 21:00:00;0.0;0.0;0.0;10.36;89.25;4.07;
2022-12-25 22:00:00;0.0;0.0;0.0;10.53;89.25;4.48;
2022-12-25 23:00:00;0.0;0.0;0.0;10.95;86.1;4.97;
2022-12-26 00:00:00;0.0;0.0;0.0;10.69;83.05;4.62;
2022-12-26 01:00:00;0.0;0.0;0.0;10.19;83.0;3.59;
2022-12-26 02:00:00;0.0;0.0;0.0;9.79;89.2;3.59;
2022-12-26 03:00:00;0.0;0.0;0.0;9.45;89.15;4.83;
2022-12-26 04:00:00;0.0;0.0;0.0;9.28;89.15;5.79;
2022-12-26 05:00:00;0.0;0.0;0.0;9.13;89.15;6.55;
2022-12-26 06:00:00;0.0;0.0;0.0;9.07;92.45;6.76;
2022-12-26 07:00:00;0.0;0.0;0.0;9.27;92.45;5.45;
2022-12-26 08:00:00;73.0;94.95;59.0;9.17;92.45;4.97;
2022-12-26 09:00:00;20.0;0.0;20.0;9.17;92.45;3.86;
2022-12-26 10:00:00;87.0;0.0;87.0;9.07;92.45;3.17;
2022-12-26 11:00:00;70.0;0.0;70.0;9.11;89.15;2.41;
2022-12-26 12:00:00;61.0;0.0;61.0;9.19;92.45;1.86;
2022-12-26 13:00:00;24.0;0.0;24.0;9.07;92.45;3.38;
2022-12-26 14:00:00;84.0;29.25;78.0;8.34;92.4;4.41;
2022-12-26 15:00:00;26.0;0.0;26.0;7.67;89.05;4.9;
2022-12-26 16:00:00;0.0;0.0;0.0;7.44;92.35;4.55;
2022-12-26 17:00:00;0.0;0.0;0.0;7.43;92.35;4.14;
2022-12-26 18:00:00;0.0;0.0;0.0;7.57;89.05;3.79;
2022-12-26 19:00:00;0.0;0.0;0.0;7.34;89.0;3.38;
2022-12-26 20:00:00;0.0;0.0;0.0;7.16;85.8;2.28;
2022-12-26 21:00:00;0.0;0.0;0.0;6.52;88.95;2.14;
2022-12-26 22:00:00;0.0;0.0;0.0;5.72;88.9;2.41;
2022-12-26 23:00:00;0.0;0.0;0.0;5.17;88.85;2.28;
2022-12-27 00:00:00;0.0;0.0;0.0;4.72;92.25;2.07;
2022-12-27 01:00:00;0.0;0.0;0.0;4.46;92.2;2.07;
2022-12-27 02:00:00;0.0;0.0;0.0;3.79;92.15;2.07;
2022-12-27 03:00:00;0.0;0.0;0.0;2.89;92.15;2.14;
2022-12-27 04:00:00;0.0;0.0;0.0;2.13;88.65;2.14;
2022-12-27 05:00:00;0.0;0.0;0.0;1.48;92.05;2.0;
2022-12-27 06:00:00;0.0;0.0;0.0;0.84;88.55;2.0;
2022-12-27 07:00:00;0.0;0.0;0.0;0.54;88.55;1.79;
2022-12-27 08:00:00;121.0;564.61;38.0;0.97;92.05;1.66;
2022-12-27 09:00:00;242.0;715.64;57.0;4.11;82.3;1.45;
2022-12-27 10:00:00;326.0;768.13;70.0;6.35;76.55;1.31;
2022-12-27 11:00:00;366.0;805.55;71.0;8.25;66.15;1.03;
2022-12-27 12:00:00;355.0;805.48;69.0;9.78;59.35;0.55;
2022-12-27 13:00:00;290.0;755.13;63.0;10.67;55.3;0.34;
2022-12-27 14:00:00;171.0;527.72;62.0;10.85;55.3;0.9;
2022-12-27 15:00:00;22.0;0.0;22.0;10.2;61.75;1.45;
2022-12-27 16:00:00;0.0;0.0;0.0;8.28;71.35;1.72;
2022-12-27 17:00:00;0.0;0.0;0.0;6.25;82.55;1.31;
2022-12-27 18:00:00;0.0;0.0;0.0;6.11;79.5;0.97;
2022-12-27 19:00:00;0.0;0.0;0.0;5.42;85.6;0.76;
2022-12-27 20:00:00;0.0;0.0;0.0;5.0;88.85;0.76;
2022-12-27 21:00:00;0.0;0.0;0.0;3.91;88.75;1.17;
2022-12-27 22:00:00;0.0;0.0;0.0;2.32;92.1;1.38;
2022-12-27 23:00:00;0.0;0.0;0.0;2.04;88.65;1.24;
2022-12-28 00:00:00;0.0;0.0;0.0;0.98;92.05;1.52;
2022-12-28 01:00:00;0.0;0.0;0.0;0.46;92.0;1.66;
2022-12-28 02:00:00;0.0;0.0;0.0;1.02;92.05;1.31;
2022-12-28 03:00:00;0.0;0.0;0.0;1.66;88.6;1.03;
2022-12-28 04:00:00;0.0;0.0;0.0;2.53;85.35;0.69;
2022-12-28 05:00:00;0.0;0.0;0.0;2.58;85.35;0.34;
2022-12-28 06:00:00;0.0;0.0;0.0;2.69;85.35;0.21;
2022-12-28 07:00:00;0.0;0.0;0.0;3.74;85.45;0.9;
2022-12-28 08:00:00;61.0;40.91;55.0;4.59;79.3;0.76;
2022-12-28 09:00:00;138.0;88.98;115.0;5.39;79.35;0.41;
2022-12-28 10:00:00;112.0;3.0;111.0;5.97;76.5;0.21;
2022-12-28 11:00:00;243.0;188.08;174.0;6.65;71.05;0.0;
2022-12-28 12:00:00;53.0;0.0;53.0;6.96;71.05;0.48;
2022-12-28 13:00:00;40.0;0.0;40.0;6.98;71.05;0.76;
2022-12-28 14:00:00;30.0;0.0;30.0;6.77;73.8;0.83;
2022-12-28 15:00:00;20.0;0.0;20.0;6.52;79.5;0.9;
2022-12-28 16:00:00;0.0;0.0;0.0;6.17;85.7;1.03;
2022-12-28 17:00:00;0.0;0.0;0.0;5.88;92.3;1.17;
2022-12-28 18:00:00;0.0;0.0;0.0;5.77;95.75;1.17;
2022-12-28 19:00:00;0.0;0.0;0.0;5.8;95.75;1.79;
2022-12-28 20:00:00;0.0;0.0;0.0;5.9;95.75;1.59;
2022-12-28 21:00:00;0.0;0.0;0.0;5.96;99.4;1.52;
2022-12-28 22:00:00;0.0;0.0;0.0;5.98;99.4;1.72;
2022-12-28 23:00:00;0.0;0.0;0.0;5.93;99.4;1.45;
2022-12-29 00:00:00;0.0;0.0;0.0;5.85;99.4;1.03;
2022-12-29 01:00:00;0.0;0.0;0.0;5.83;99.4;1.03;
2022-12-29 02:00:00;0.0;0.0;0.0;5.81;99.4;1.38;
2022-12-29 03:00:00;0.0;0.0;0.0;5.85;99.4;1.79;
2022-12-29 04:00:00;0.0;0.0;0.0;5.86;95.75;2.0;
2022-12-29 05:00:00;0.0;0.0;0.0;5.76;95.75;2.07;
2022-12-29 06:00:00;0.0;0.0;0.0;5.43;99.4;2.0;
2022-12-29 07:00:00;0.0;0.0;0.0;5.12;95.75;2.0;
2022-12-29 08:00:00;118.0;532.56;40.0;4.9;99.4;2.0;
2022-12-29 09:00:00;234.0;649.75;66.0;5.03;99.4;2.48;
2022-12-29 10:00:00;294.0;547.91;111.0;6.11;88.95;2.14;
2022-12-29 11:00:00;241.0;174.09;177.0;7.39;85.8;1.86;
2022-12-29 12:00:00;268.0;299.59;161.0;8.32;82.75;1.52;
2022-12-29 13:00:00;253.0;474.76;109.0;8.98;76.95;1.03;
2022-12-29 14:00:00;177.0;567.36;58.0;9.4;74.2;0.76;
2022-12-29 15:00:00;24.0;0.0;24.0;9.3;71.5;0.76;
2022-12-29 16:00:00;0.0;0.0;0.0;7.86;82.7;1.03;
2022-12-29 17:00:00;0.0;0.0;0.0;6.29;85.7;1.24;
2022-12-29 18:00:00;0.0;0.0;0.0;4.56;88.85;1.59;
2022-12-29 19:00:00;0.0;0.0;0.0;3.23;95.7;1.79;
2022-12-29 20:00:00;0.0;0.0;0.0;2.57;95.7;1.86;
2022-12-29 21:00:00;0.0;0.0;0.0;2.35;95.65;1.66;
2022-12-29 22:00:00;0.0;0.0;0.0;2.22;95.65;1.38;
2022-12-29 23:00:00;0.0;0.0;0.0;2.14;92.1;1.24;
2022-12-30 00:00:00;0.0;0.0;0.0;1.73;95.65;1.17;
2022-12-30 01:00:00;0.0;0.0;0.0;0.49;92.0;1.24;
2022-12-30 02:00:00;0.0;0.0;0.0;-0.24;92.0;1.31;
2022-12-30 03:00:00;0.0;0.0;0.0;0.28;88.5;0.97;
2022-12-30 04:00:00;0.0;0.0;0.0;0.53;85.2;0.21;
2022-12-30 05:00:00;0.0;0.0;0.0;-0.45;88.45;1.1;
2022-12-30 06:00:00;0.0;0.0;0.0;-1.0;88.45;1.52;
2022-12-30 07:00:00;0.0;0.0;0.0;-0.08;88.45;1.17;
2022-12-30 08:00:00;118.0;532.92;40.0;-0.08;92.0;1.31;
2022-12-30 09:00:00;212.0;456.01;94.0;3.05;85.4;1.66;
2022-12-30 10:00:00;266.0;373.65;141.0;5.18;79.35;1.86;
2022-12-30 11:00:00;369.0;803.22;73.0;6.94;76.65;2.14;
2022-12-30 12:00:00;357.0;795.23;72.0;8.21;68.7;2.41;
2022-12-30 13:00:00;295.0;757.79;64.0;8.93;66.25;2.21;
2022-12-30 14:00:00;185.0;614.63;55.0;9.11;63.9;1.86;
2022-12-30 15:00:00;23.0;0.0;23.0;8.71;66.25;1.45;
2022-12-30 16:00:00;0.0;0.0;0.0;7.05;76.65;1.45;
2022-12-30 17:00:00;0.0;0.0;0.0;5.73;79.4;1.1;
2022-12-30 18:00:00;0.0;0.0;0.0;4.78;82.35;1.17;
2022-12-30 19:00:00;0.0;0.0;0.0;5.46;82.4;0.21;
2022-12-30 20:00:00;0.0;0.0;0.0;4.85;82.35;0.62;
2022-12-30 21:00:00;0.0;0.0;0.0;3.12;85.4;1.24;
2022-12-30 22:00:00;0.0;0.0;0.0;2.81;88.65;0.97;
2022-12-30 23:00:00;0.0;0.0;0.0;2.96;88.65;0.69;
2022-12-31 00:00:00;0.0;0.0;0.0;2.28;88.65;0.9;
2022-12-31 01:00:00;0.0;0.0;0.0;1.53;85.25;1.17;
2022-12-31 02:00:00;0.0;0.0;0.0;0.45;88.5;1.31;
2022-12-31 03:00:00;0.0;0.0;0.0;-0.1;88.45;1.24;
2022-12-31 04:00:00;0.0;0.0;0.0;-0.61;91.95;1.17;
2022-12-31 05:00:00;0.0;0.0;0.0;-0.98;88.45;1.17;
2022-12-31 06:00:00;0.0;0.0;0.0;-1.09;91.95;1.17;
2022-12-31 07:00:00;0.0;0.0;0.0;0.07;92.0;0.34;
2022-12-31 08:00:00;123.0;594.32;36.0;0.28;92.0;0.28;
2022-12-31 09:00:00;242.0;702.44;60.0;1.32;95.65;0.62;
2022-12-31 10:00:00;330.0;772.65;71.0;3.77;82.25;0.9;
2022-12-31 11:00:00;372.0;809.13;73.0;5.51;76.4;0.69;
2022-12-31 12:00:00;362.0;811.72;70.0;6.68;71.05;0.34;
2022-12-31 13:00:00;297.0;753.74;66.0;7.36;68.5;0.0;
2022-12-31 14:00:00;188.0;623.3;55.0;7.53;68.5;0.14;
2022-12-31 15:00:00;24.0;0.0;24.0;7.23;68.5;0.07;
2022-12-31 16:00:00;0.0;0.0;0.0;4.45;79.72;0.89;
2022-12-31 17:00:00;0.0;0.0;0.0;4.08;80.86;0.88;
2022-12-31 18:00:00;0.0;0.0;0.0;3.71;82.0;0.87;
2022-12-31 19:00:00;0.0;0.0;0.0;3.34;83.13;0.86;
2022-12-31 20:00:00;0.0;0.0;0.0;2.97;84.27;0.86;
2022-12-31 21:00:00;0.0;0.0;0.0;2.59;85.41;0.85;
2022-12-31 22:00:00;0.0;0.0;0.0;2.22;86.54;0.84;
2022-12-31 23:00:00;0.0;0.0;0.0;1.85;87.68;0.83;
