Unnamed: 0;ghi;dni;dhi;temp_air;rh;ws10;TECHNOLOGYNAME_hydro_inflow
2022-01-01 00:00:00;0.0;0.0;0.0;6.15;92.35;1.59;
2022-01-01 01:00:00;0.0;0.0;0.0;6.24;93.09;1.61;
2022-01-01 02:00:00;0.0;0.0;0.0;6.33;93.83;1.63;
2022-01-01 03:00:00;0.0;0.0;0.0;6.42;94.56;1.65;
2022-01-01 04:00:00;0.0;0.0;0.0;6.51;95.3;1.67;
2022-01-01 05:00:00;0.0;0.0;0.0;6.6;96.04;1.7;
2022-01-01 06:00:00;0.0;0.0;0.0;6.69;96.78;1.72;
2022-01-01 07:00:00;8.0;0.0;8.0;6.78;97.52;1.74;
2022-01-01 08:00:00;42.0;0.0;42.0;9.17;89.1;2.0;
2022-01-01 09:00:00;70.0;0.0;70.0;10.9;86.1;2.07;
2022-01-01 10:00:00;67.0;0.0;67.0;12.15;83.15;2.14;
2022-01-01 11:00:00;67.0;0.0;67.0;13.2;77.5;2.41;
2022-01-01 12:00:00;54.0;0.0;54.0;14.08;74.95;2.14;
2022-01-01 13:00:00;50.0;0.0;50.0;14.37;72.3;2.48;
2022-01-01 14:00:00;68.0;10.02;66.0;14.38;69.75;2.9;
2022-01-01 15:00:00;20.0;30.61;18.0;14.25;67.25;3.59;
2022-01-01 16:00:00;0.0;0.0;0.0;13.88;69.65;4.0;
2022-01-01 17:00:00;0.0;0.0;0.0;13.36;74.75;3.66;
2022-01-01 18:00:00;0.0;0.0;0.0;13.0;74.75;3.17;
2022-01-01 19:00:00;0.0;0.0;0.0;11.51;83.1;1.59;
2022-01-01 20:00:00;0.0;0.0;0.0;10.95;89.3;0.83;
2022-01-01 21:00:00;0.0;0.0;0.0;10.05;92.5;1.24;
2022-01-01 22:00:00;0.0;0.0;0.0;9.69;92.45;2.07;
2022-01-01 23:00:00;0.0;0.0;0.0;9.3;95.85;2.21;
2022-01-02 00:00:00;0.0;0.0;0.0;9.05;92.45;1.86;
2022-01-02 01:00:00;0.0;0.0;0.0;8.87;92.45;1.79;
2022-01-02 02:00:00;0.0;0.0;0.0;8.66;95.85;2.34;
2022-01-02 03:00:00;0.0;0.0;0.0;8.85;92.45;2.07;
2022-01-02 04:00:00;0.0;0.0;0.0;9.52;89.15;2.48;
2022-01-02 05:00:00;0.0;0.0;0.0;9.71;85.95;5.52;
2022-01-02 06:00:00;0.0;0.0;0.0;7.47;92.35;7.17;
2022-01-02 07:00:00;17.0;66.59;14.0;6.5;95.8;4.9;
2022-01-02 08:00:00;71.0;21.81;67.0;6.78;95.8;6.0;
2022-01-02 09:00:00;81.0;0.0;81.0;6.94;89.0;5.93;
2022-01-02 10:00:00;51.0;0.0;51.0;7.49;82.65;6.48;
2022-01-02 11:00:00;155.0;12.98;150.0;7.88;79.7;6.9;
2022-01-02 12:00:00;196.0;71.0;170.0;8.43;76.85;5.66;
2022-01-02 13:00:00;156.0;65.87;136.0;8.75;74.05;3.86;
2022-01-02 14:00:00;140.0;297.34;80.0;8.99;71.4;3.66;
2022-01-02 15:00:00;8.0;0.0;8.0;8.67;74.05;4.0;
2022-01-02 16:00:00;0.0;0.0;0.0;7.92;73.95;4.48;
2022-01-02 17:00:00;0.0;0.0;0.0;7.63;71.15;4.55;
2022-01-02 18:00:00;0.0;0.0;0.0;7.33;65.85;4.83;
2022-01-02 19:00:00;0.0;0.0;0.0;7.53;61.1;5.03;
2022-01-02 20:00:00;0.0;0.0;0.0;7.28;56.45;5.1;
2022-01-02 21:00:00;0.0;0.0;0.0;6.81;54.15;4.97;
2022-01-02 22:00:00;0.0;0.0;0.0;6.31;50.05;4.69;
2022-01-02 23:00:00;0.0;0.0;0.0;5.77;48.0;4.48;
2022-01-03 00:00:00;0.0;0.0;0.0;5.31;46.0;4.34;
2022-01-03 01:00:00;0.0;0.0;0.0;4.92;44.15;4.28;
2022-01-03 02:00:00;0.0;0.0;0.0;4.66;45.85;4.14;
2022-01-03 03:00:00;0.0;0.0;0.0;4.35;45.85;3.86;
2022-01-03 04:00:00;0.0;0.0;0.0;4.02;47.6;3.52;
2022-01-03 05:00:00;0.0;0.0;0.0;3.71;51.4;3.52;
2022-01-03 06:00:00;0.0;0.0;0.0;3.48;51.4;3.72;
2022-01-03 07:00:00;25.0;287.54;12.0;4.27;53.65;3.93;
2022-01-03 08:00:00;162.0;631.09;46.0;4.9;51.8;3.79;
2022-01-03 09:00:00;284.0;758.46;63.0;6.49;52.1;3.72;
2022-01-03 10:00:00;360.0;784.83;77.0;8.19;46.65;4.21;
2022-01-03 11:00:00;387.0;773.17;88.0;9.53;43.55;4.34;
2022-01-03 12:00:00;362.0;744.57;88.0;10.47;42.15;4.21;
2022-01-03 13:00:00;287.0;670.62;82.0;10.98;40.65;3.93;
2022-01-03 14:00:00;176.0;583.2;57.0;10.92;43.95;3.1;
2022-01-03 15:00:00;41.0;285.73;21.0;10.01;49.05;2.62;
2022-01-03 16:00:00;0.0;0.0;0.0;8.59;54.65;2.62;
2022-01-03 17:00:00;0.0;0.0;0.0;7.16;61.0;2.48;
2022-01-03 18:00:00;0.0;0.0;0.0;5.55;65.65;2.28;
2022-01-03 19:00:00;0.0;0.0;0.0;4.83;60.65;2.76;
2022-01-03 20:00:00;0.0;0.0;0.0;3.95;62.8;2.62;
2022-01-03 21:00:00;0.0;0.0;0.0;2.86;65.1;2.34;
2022-01-03 22:00:00;0.0;0.0;0.0;1.75;72.95;2.14;
2022-01-03 23:00:00;0.0;0.0;0.0;0.87;75.75;2.07;
2022-01-04 00:00:00;0.0;0.0;0.0;0.23;81.8;1.93;
2022-01-04 01:00:00;0.0;0.0;0.0;0.23;85.1;1.79;
2022-01-04 02:00:00;0.0;0.0;0.0;0.46;78.75;1.72;
2022-01-04 03:00:00;0.0;0.0;0.0;0.67;78.75;1.72;
2022-01-04 04:00:00;0.0;0.0;0.0;-0.23;81.8;2.0;
2022-01-04 05:00:00;0.0;0.0;0.0;-0.53;85.05;2.07;
2022-01-04 06:00:00;0.0;0.0;0.0;-0.55;85.05;2.14;
2022-01-04 07:00:00;20.0;131.92;14.0;0.61;81.9;2.48;
2022-01-04 08:00:00;99.0;108.47;79.0;2.26;82.05;2.21;
2022-01-04 09:00:00;173.0;126.59;136.0;5.94;68.3;1.93;
2022-01-04 10:00:00;133.0;5.53;131.0;8.98;63.8;1.93;
2022-01-04 11:00:00;108.0;0.0;108.0;9.93;61.65;1.79;
2022-01-04 12:00:00;120.0;2.7;119.0;10.55;61.75;1.59;
2022-01-04 13:00:00;105.0;3.25;104.0;10.62;64.1;1.38;
2022-01-04 14:00:00;82.0;24.22;77.0;10.77;64.1;1.52;
2022-01-04 15:00:00;8.0;0.0;8.0;10.22;64.0;2.0;
2022-01-04 16:00:00;0.0;0.0;0.0;9.23;71.4;2.07;
2022-01-04 17:00:00;0.0;0.0;0.0;8.58;74.05;2.28;
2022-01-04 18:00:00;0.0;0.0;0.0;7.99;76.8;2.28;
2022-01-04 19:00:00;0.0;0.0;0.0;7.59;76.7;1.79;
2022-01-04 20:00:00;0.0;0.0;0.0;7.6;76.7;1.17;
2022-01-04 21:00:00;0.0;0.0;0.0;8.58;71.35;0.62;
2022-01-04 22:00:00;0.0;0.0;0.0;7.27;79.55;1.1;
2022-01-04 23:00:00;0.0;0.0;0.0;6.83;79.55;1.52;
2022-01-05 00:00:00;0.0;0.0;0.0;6.69;85.7;1.52;
2022-01-05 01:00:00;0.0;0.0;0.0;6.34;85.7;1.52;
2022-01-05 02:00:00;0.0;0.0;0.0;6.15;85.7;1.59;
2022-01-05 03:00:00;0.0;0.0;0.0;5.56;88.9;1.45;
2022-01-05 04:00:00;0.0;0.0;0.0;5.02;92.25;1.24;
2022-01-05 05:00:00;0.0;0.0;0.0;4.28;95.75;1.52;
2022-01-05 06:00:00;0.0;0.0;0.0;3.41;95.7;1.86;
2022-01-05 07:00:00;23.0;196.22;14.0;3.42;99.4;2.14;
2022-01-05 08:00:00;151.0;524.15;54.0;4.43;92.25;2.0;
2022-01-05 09:00:00;234.0;409.13;114.0;6.67;92.3;2.34;
2022-01-05 10:00:00;257.0;239.53;170.0;8.14;79.7;2.62;
2022-01-05 11:00:00;374.0;712.76;96.0;9.09;74.15;2.48;
2022-01-05 12:00:00;357.0;728.64;86.0;9.84;68.9;2.48;
2022-01-05 13:00:00;285.0;664.24;79.0;10.18;66.45;2.21;
2022-01-05 14:00:00;174.0;545.82;60.0;10.15;66.45;1.86;
2022-01-05 15:00:00;45.0;319.95;21.0;9.67;68.9;1.52;
2022-01-05 16:00:00;0.0;0.0;0.0;8.27;79.7;1.38;
2022-01-05 17:00:00;0.0;0.0;0.0;7.88;76.8;0.83;
2022-01-05 18:00:00;0.0;0.0;0.0;7.49;76.7;1.03;
2022-01-05 19:00:00;0.0;0.0;0.0;7.6;76.7;0.83;
2022-01-05 20:00:00;0.0;0.0;0.0;6.29;82.55;1.17;
2022-01-05 21:00:00;0.0;0.0;0.0;4.24;92.2;1.38;
2022-01-05 22:00:00;0.0;0.0;0.0;3.48;92.15;1.31;
2022-01-05 23:00:00;0.0;0.0;0.0;4.35;92.25;0.97;
2022-01-06 00:00:00;0.0;0.0;0.0;4.18;95.75;0.69;
2022-01-06 01:00:00;0.0;0.0;0.0;4.06;92.2;0.55;
2022-01-06 02:00:00;0.0;0.0;0.0;3.64;92.15;0.83;
2022-01-06 03:00:00;0.0;0.0;0.0;2.55;95.7;1.24;
2022-01-06 04:00:00;0.0;0.0;0.0;1.22;99.35;1.45;
2022-01-06 05:00:00;0.0;0.0;0.0;1.47;95.65;1.17;
2022-01-06 06:00:00;0.0;0.0;0.0;2.46;92.15;0.9;
2022-01-06 07:00:00;16.0;43.14;14.0;2.0;92.1;1.03;
2022-01-06 08:00:00;141.0;408.9;65.0;3.44;88.75;0.55;
2022-01-06 09:00:00;269.0;658.87;75.0;5.3;85.6;0.28;
2022-01-06 10:00:00;345.0;704.68;88.0;7.26;79.55;0.21;
2022-01-06 11:00:00;380.0;750.26;86.0;8.51;74.05;0.14;
2022-01-06 12:00:00;363.0;759.24;79.0;9.67;71.5;0.9;
2022-01-06 13:00:00;292.0;707.18;71.0;10.25;71.6;1.45;
2022-01-06 14:00:00;174.0;534.5;61.0;10.25;74.3;1.66;
2022-01-06 15:00:00;44.0;244.67;25.0;9.49;79.9;1.66;
2022-01-06 16:00:00;0.0;0.0;0.0;8.2;89.05;1.79;
2022-01-06 17:00:00;0.0;0.0;0.0;6.6;95.8;1.52;
2022-01-06 18:00:00;0.0;0.0;0.0;6.64;92.3;1.1;
2022-01-06 19:00:00;0.0;0.0;0.0;4.34;92.25;1.59;
2022-01-06 20:00:00;0.0;0.0;0.0;3.55;95.7;1.66;
2022-01-06 21:00:00;0.0;0.0;0.0;3.02;95.7;1.66;
2022-01-06 22:00:00;0.0;0.0;0.0;2.42;95.7;1.79;
2022-01-06 23:00:00;0.0;0.0;0.0;2.13;95.65;1.72;
2022-01-07 00:00:00;0.0;0.0;0.0;1.78;95.65;1.66;
2022-01-07 01:00:00;0.0;0.0;0.0;1.44;95.65;1.66;
2022-01-07 02:00:00;0.0;0.0;0.0;1.31;95.65;1.72;
2022-01-07 03:00:00;0.0;0.0;0.0;1.52;99.4;1.79;
2022-01-07 04:00:00;0.0;0.0;0.0;1.66;99.4;1.79;
2022-01-07 05:00:00;0.0;0.0;0.0;1.86;95.65;1.79;
2022-01-07 06:00:00;0.0;0.0;0.0;2.09;99.4;1.72;
2022-01-07 07:00:00;10.0;0.0;10.0;3.39;92.15;1.38;
2022-01-07 08:00:00;67.0;16.06;64.0;4.28;95.75;1.17;
2022-01-07 09:00:00;63.0;0.0;63.0;6.85;85.75;1.1;
2022-01-07 10:00:00;150.0;16.38;144.0;8.38;79.75;0.9;
2022-01-07 11:00:00;204.0;60.94;180.0;9.62;79.9;0.48;
2022-01-07 12:00:00;142.0;7.97;139.0;10.43;74.4;0.0;
2022-01-07 13:00:00;171.0;88.89;143.0;11.0;74.45;0.48;
2022-01-07 14:00:00;116.0;112.12;92.0;11.19;74.45;1.17;
2022-01-07 15:00:00;29.0;37.32;26.0;10.61;80.05;1.79;
2022-01-07 16:00:00;0.0;0.0;0.0;9.52;85.95;2.14;
2022-01-07 17:00:00;0.0;0.0;0.0;8.72;92.4;2.07;
2022-01-07 18:00:00;0.0;0.0;0.0;8.08;92.4;1.79;
2022-01-07 19:00:00;0.0;0.0;0.0;6.81;95.8;1.86;
2022-01-07 20:00:00;0.0;0.0;0.0;6.35;95.8;1.79;
2022-01-07 21:00:00;0.0;0.0;0.0;6.29;95.8;1.52;
2022-01-07 22:00:00;0.0;0.0;0.0;7.54;95.8;0.9;
2022-01-07 23:00:00;0.0;0.0;0.0;7.41;92.35;0.41;
2022-01-08 00:00:00;0.0;0.0;0.0;7.09;95.8;0.28;
2022-01-08 01:00:00;0.0;0.0;0.0;6.75;99.4;0.34;
2022-01-08 02:00:00;0.0;0.0;0.0;6.57;99.4;0.69;
2022-01-08 03:00:00;0.0;0.0;0.0;5.84;92.3;1.17;
2022-01-08 04:00:00;0.0;0.0;0.0;6.09;95.8;1.38;
2022-01-08 05:00:00;0.0;0.0;0.0;6.66;99.4;1.66;
2022-01-08 06:00:00;0.0;0.0;0.0;6.85;95.8;1.24;
2022-01-08 07:00:00;18.0;83.86;14.0;6.36;95.8;1.45;
2022-01-08 08:00:00;45.0;0.0;45.0;6.87;95.8;1.31;
2022-01-08 09:00:00;129.0;30.29;120.0;8.48;92.4;1.31;
2022-01-08 10:00:00;117.0;2.72;116.0;9.2;92.45;1.31;
2022-01-08 11:00:00;211.0;70.73;183.0;10.42;83.0;1.1;
2022-01-08 12:00:00;267.0;242.96;175.0;10.98;83.05;0.9;
2022-01-08 13:00:00;175.0;94.46;145.0;11.35;83.05;0.76;
2022-01-08 14:00:00;28.0;0.0;28.0;11.5;83.1;1.17;
2022-01-08 15:00:00;14.0;0.0;14.0;10.87;86.1;1.52;
2022-01-08 16:00:00;0.0;0.0;0.0;9.75;92.45;1.72;
2022-01-08 17:00:00;0.0;0.0;0.0;8.63;99.4;1.52;
2022-01-08 18:00:00;0.0;0.0;0.0;7.96;95.8;1.1;
2022-01-08 19:00:00;0.0;0.0;0.0;6.56;99.4;1.59;
2022-01-08 20:00:00;0.0;0.0;0.0;6.33;99.4;1.45;
2022-01-08 21:00:00;0.0;0.0;0.0;5.97;95.8;1.52;
2022-01-08 22:00:00;0.0;0.0;0.0;5.72;99.4;1.38;
2022-01-08 23:00:00;0.0;0.0;0.0;5.52;95.75;1.38;
2022-01-09 00:00:00;0.0;0.0;0.0;5.79;99.4;1.17;
2022-01-09 01:00:00;0.0;0.0;0.0;6.93;99.4;0.76;
2022-01-09 02:00:00;0.0;0.0;0.0;7.13;99.4;0.21;
2022-01-09 03:00:00;0.0;0.0;0.0;7.19;99.4;0.55;
2022-01-09 04:00:00;0.0;0.0;0.0;6.56;99.4;0.97;
2022-01-09 05:00:00;0.0;0.0;0.0;6.07;95.8;1.17;
2022-01-09 06:00:00;0.0;0.0;0.0;6.76;99.4;0.97;
2022-01-09 07:00:00;5.0;0.0;5.0;7.43;92.35;0.21;
2022-01-09 08:00:00;74.0;26.46;69.0;7.6;95.8;0.41;
2022-01-09 09:00:00;135.0;36.84;124.0;8.73;92.4;0.48;
2022-01-09 10:00:00;186.0;54.07;166.0;9.73;89.15;0.62;
2022-01-09 11:00:00;191.0;40.2;175.0;10.12;86.0;0.83;
2022-01-09 12:00:00;273.0;262.39;173.0;10.6;86.05;0.97;
2022-01-09 13:00:00;55.0;0.0;55.0;11.02;83.05;1.17;
2022-01-09 14:00:00;172.0;455.29;72.0;11.07;83.05;1.72;
2022-01-09 15:00:00;46.0;197.45;29.0;10.55;89.25;1.79;
2022-01-09 16:00:00;0.0;0.0;0.0;9.76;92.45;1.86;
2022-01-09 17:00:00;0.0;0.0;0.0;8.95;95.85;1.52;
2022-01-09 18:00:00;0.0;0.0;0.0;8.0;99.4;1.24;
2022-01-09 19:00:00;0.0;0.0;0.0;7.3;99.4;1.52;
2022-01-09 20:00:00;0.0;0.0;0.0;7.53;95.8;1.31;
2022-01-09 21:00:00;0.0;0.0;0.0;7.47;95.8;1.31;
2022-01-09 22:00:00;0.0;0.0;0.0;7.82;99.4;1.03;
2022-01-09 23:00:00;0.0;0.0;0.0;8.51;95.85;0.48;
2022-01-10 00:00:00;0.0;0.0;0.0;8.17;95.8;0.14;
2022-01-10 01:00:00;0.0;0.0;0.0;7.45;99.4;0.28;
2022-01-10 02:00:00;0.0;0.0;0.0;6.98;99.4;0.41;
2022-01-10 03:00:00;0.0;0.0;0.0;6.67;99.4;0.34;
2022-01-10 04:00:00;0.0;0.0;0.0;6.65;99.4;0.28;
2022-01-10 05:00:00;0.0;0.0;0.0;6.5;99.4;0.41;
2022-01-10 06:00:00;0.0;0.0;0.0;6.56;99.4;0.41;
2022-01-10 07:00:00;15.0;40.42;13.0;5.47;95.75;1.24;
2022-01-10 08:00:00;122.0;236.54;77.0;6.15;95.8;1.03;
2022-01-10 09:00:00;185.0;159.9;137.0;7.43;95.8;0.76;
2022-01-10 10:00:00;190.0;61.85;167.0;8.72;92.4;0.55;
2022-01-10 11:00:00;175.0;24.98;165.0;10.1;86.0;0.48;
2022-01-10 12:00:00;181.0;39.09;166.0;10.83;86.05;0.55;
2022-01-10 13:00:00;185.0;114.53;148.0;11.28;83.05;0.69;
2022-01-10 14:00:00;106.0;62.9;92.0;11.5;83.1;0.9;
2022-01-10 15:00:00;34.0;44.9;30.0;11.13;86.1;1.1;
2022-01-10 16:00:00;0.0;0.0;0.0;10.17;92.5;1.52;
2022-01-10 17:00:00;0.0;0.0;0.0;9.07;95.85;1.59;
2022-01-10 18:00:00;0.0;0.0;0.0;8.62;95.85;1.86;
2022-01-10 19:00:00;0.0;0.0;0.0;8.27;95.8;1.59;
2022-01-10 20:00:00;0.0;0.0;0.0;7.81;95.8;1.38;
2022-01-10 21:00:00;0.0;0.0;0.0;7.15;95.8;1.59;
2022-01-10 22:00:00;0.0;0.0;0.0;6.89;95.8;1.79;
2022-01-10 23:00:00;0.0;0.0;0.0;6.62;99.4;1.86;
2022-01-11 00:00:00;0.0;0.0;0.0;6.32;95.8;2.0;
2022-01-11 01:00:00;0.0;0.0;0.0;6.76;95.8;2.0;
2022-01-11 02:00:00;0.0;0.0;0.0;6.7;95.8;2.07;
2022-01-11 03:00:00;0.0;0.0;0.0;6.9;95.8;1.86;
2022-01-11 04:00:00;0.0;0.0;0.0;6.96;95.8;1.72;
2022-01-11 05:00:00;0.0;0.0;0.0;7.13;95.8;1.59;
2022-01-11 06:00:00;0.0;0.0;0.0;7.3;95.8;1.66;
2022-01-11 07:00:00;23.0;158.27;15.0;7.05;95.8;1.38;
2022-01-11 08:00:00;90.0;57.4;79.0;7.79;95.8;1.1;
2022-01-11 09:00:00;137.0;36.43;126.0;10.13;89.2;0.9;
2022-01-11 10:00:00;141.0;8.02;138.0;11.75;83.1;0.34;
2022-01-11 11:00:00;170.0;17.38;163.0;12.54;77.45;0.28;
2022-01-11 12:00:00;0.0;0.0;0.0;13.35;77.5;0.34;
2022-01-11 13:00:00;124.0;12.27;120.0;13.71;74.85;0.62;
2022-01-11 14:00:00;89.0;22.16;84.0;13.91;72.3;0.97;
2022-01-11 15:00:00;33.0;32.56;30.0;13.49;77.6;1.72;
2022-01-11 16:00:00;0.0;0.0;0.0;12.34;86.2;2.07;
2022-01-11 17:00:00;0.0;0.0;0.0;11.38;86.15;2.0;
2022-01-11 18:00:00;0.0;0.0;0.0;10.47;89.25;2.21;
2022-01-11 19:00:00;0.0;0.0;0.0;10.06;86.0;2.41;
2022-01-11 20:00:00;0.0;0.0;0.0;10.22;86.0;2.76;
2022-01-11 21:00:00;0.0;0.0;0.0;10.4;83.0;3.03;
2022-01-11 22:00:00;0.0;0.0;0.0;10.16;82.95;2.69;
2022-01-11 23:00:00;0.0;0.0;0.0;9.39;85.95;2.34;
2022-01-12 00:00:00;0.0;0.0;0.0;8.52;89.1;2.28;
2022-01-12 01:00:00;0.0;0.0;0.0;8.07;89.05;2.07;
2022-01-12 02:00:00;0.0;0.0;0.0;7.47;92.35;2.21;
2022-01-12 03:00:00;0.0;0.0;0.0;7.27;95.8;2.48;
2022-01-12 04:00:00;0.0;0.0;0.0;7.28;95.8;1.86;
2022-01-12 05:00:00;0.0;0.0;0.0;7.21;92.35;1.79;
2022-01-12 06:00:00;0.0;0.0;0.0;6.31;92.3;2.28;
2022-01-12 07:00:00;27.0;251.33;14.0;6.46;92.3;2.21;
2022-01-12 08:00:00;159.0;548.86;53.0;7.26;95.8;1.86;
2022-01-12 09:00:00;253.0;477.33;108.0;9.61;89.15;1.79;
2022-01-12 10:00:00;237.0;151.55;180.0;10.6;83.0;1.72;
2022-01-12 11:00:00;228.0;86.37;193.0;11.34;83.05;1.1;
2022-01-12 12:00:00;281.0;259.55;180.0;12.11;77.35;0.41;
2022-01-12 13:00:00;276.0;480.36;118.0;12.78;74.7;0.48;
2022-01-12 14:00:00;178.0;428.53;80.0;13.44;69.65;1.1;
2022-01-12 15:00:00;39.0;62.97;33.0;13.4;69.65;1.03;
2022-01-12 16:00:00;0.0;0.0;0.0;12.13;80.2;0.83;
2022-01-12 17:00:00;0.0;0.0;0.0;11.31;80.1;1.1;
2022-01-12 18:00:00;0.0;0.0;0.0;8.31;92.4;1.86;
2022-01-12 19:00:00;0.0;0.0;0.0;7.02;95.8;1.93;
2022-01-12 20:00:00;0.0;0.0;0.0;6.26;95.8;2.07;
2022-01-12 21:00:00;0.0;0.0;0.0;6.73;95.8;1.52;
2022-01-12 22:00:00;0.0;0.0;0.0;7.25;95.8;1.1;
2022-01-12 23:00:00;0.0;0.0;0.0;7.21;95.8;0.9;
2022-01-13 00:00:00;0.0;0.0;0.0;7.65;95.8;0.69;
2022-01-13 01:00:00;0.0;0.0;0.0;5.94;92.3;1.17;
2022-01-13 02:00:00;0.0;0.0;0.0;4.42;95.75;1.38;
2022-01-13 03:00:00;0.0;0.0;0.0;4.17;99.4;1.52;
2022-01-13 04:00:00;0.0;0.0;0.0;4.56;95.75;1.52;
2022-01-13 05:00:00;0.0;0.0;0.0;4.65;95.75;1.45;
2022-01-13 06:00:00;0.0;0.0;0.0;4.7;95.75;1.45;
2022-01-13 07:00:00;13.0;0.0;13.0;5.34;92.3;1.17;
2022-01-13 08:00:00;151.0;436.47;66.0;6.39;95.8;0.97;
2022-01-13 09:00:00;128.0;19.63;122.0;7.73;92.35;1.03;
2022-01-13 10:00:00;93.0;0.0;93.0;8.55;89.1;1.24;
2022-01-13 11:00:00;97.0;0.0;97.0;9.19;85.95;1.38;
2022-01-13 12:00:00;103.0;0.0;103.0;9.85;85.95;1.31;
2022-01-13 13:00:00;91.0;0.0;91.0;10.24;82.95;1.03;
2022-01-13 14:00:00;84.0;12.94;81.0;10.34;82.95;1.03;
2022-01-13 15:00:00;32.0;20.31;30.0;9.95;82.95;1.17;
2022-01-13 16:00:00;0.0;0.0;0.0;8.91;89.1;1.52;
2022-01-13 17:00:00;0.0;0.0;0.0;7.66;95.8;1.59;
2022-01-13 18:00:00;0.0;0.0;0.0;6.48;95.8;1.52;
2022-01-13 19:00:00;0.0;0.0;0.0;6.55;95.8;1.17;
2022-01-13 20:00:00;0.0;0.0;0.0;7.32;95.8;0.97;
2022-01-13 21:00:00;0.0;0.0;0.0;7.24;95.8;0.76;
2022-01-13 22:00:00;0.0;0.0;0.0;6.79;95.8;0.76;
2022-01-13 23:00:00;0.0;0.0;0.0;6.33;92.3;0.9;
2022-01-14 00:00:00;0.0;0.0;0.0;4.96;95.75;0.83;
2022-01-14 01:00:00;0.0;0.0;0.0;4.1;95.75;0.83;
2022-01-14 02:00:00;0.0;0.0;0.0;3.38;99.4;0.97;
2022-01-14 03:00:00;0.0;0.0;0.0;3.02;99.4;1.24;
2022-01-14 04:00:00;0.0;0.0;0.0;3.64;99.4;1.38;
2022-01-14 05:00:00;0.0;0.0;0.0;3.92;95.75;1.52;
2022-01-14 06:00:00;0.0;0.0;0.0;4.03;95.75;1.45;
2022-01-14 07:00:00;17.0;36.75;15.0;4.45;92.25;1.31;
2022-01-14 08:00:00;95.0;66.17;82.0;5.23;95.75;0.83;
2022-01-14 09:00:00;132.0;25.99;124.0;6.74;92.3;0.41;
2022-01-14 10:00:00;184.0;42.01;168.0;8.06;85.85;0.28;
2022-01-14 11:00:00;167.0;12.18;162.0;9.05;82.85;0.48;
2022-01-14 12:00:00;133.0;2.53;132.0;9.98;77.1;0.48;
2022-01-14 13:00:00;125.0;8.95;122.0;10.68;77.15;0.83;
2022-01-14 14:00:00;100.0;29.77;93.0;10.98;74.45;1.45;
2022-01-14 15:00:00;31.0;9.82;30.0;10.53;77.15;1.79;
2022-01-14 16:00:00;0.0;0.0;0.0;9.32;85.95;2.07;
2022-01-14 17:00:00;0.0;0.0;0.0;8.35;89.1;2.0;
2022-01-14 18:00:00;0.0;0.0;0.0;7.38;92.35;1.79;
2022-01-14 19:00:00;0.0;0.0;0.0;6.77;95.8;1.38;
2022-01-14 20:00:00;0.0;0.0;0.0;7.57;92.35;0.97;
2022-01-14 21:00:00;0.0;0.0;0.0;7.88;92.4;0.34;
2022-01-14 22:00:00;0.0;0.0;0.0;7.76;92.35;0.34;
2022-01-14 23:00:00;0.0;0.0;0.0;6.29;95.8;0.97;
2022-01-15 00:00:00;0.0;0.0;0.0;5.65;95.75;1.31;
2022-01-15 01:00:00;0.0;0.0;0.0;5.82;92.3;1.31;
2022-01-15 02:00:00;0.0;0.0;0.0;6.31;95.8;0.9;
2022-01-15 03:00:00;0.0;0.0;0.0;6.42;99.4;0.9;
2022-01-15 04:00:00;0.0;0.0;0.0;6.47;99.4;1.03;
2022-01-15 05:00:00;0.0;0.0;0.0;6.56;99.4;1.1;
2022-01-15 06:00:00;0.0;0.0;0.0;6.77;99.4;1.1;
2022-01-15 07:00:00;22.0;71.52;18.0;6.78;99.4;1.38;
2022-01-15 08:00:00;83.0;30.25;77.0;7.43;92.35;1.24;
2022-01-15 09:00:00;138.0;29.03;129.0;7.88;92.4;1.59;
2022-01-15 10:00:00;105.0;0.0;105.0;8.32;92.4;1.72;
2022-01-15 11:00:00;121.0;0.0;121.0;8.8;89.1;1.72;
2022-01-15 12:00:00;137.0;2.51;136.0;9.31;85.95;1.59;
2022-01-15 13:00:00;140.0;17.73;134.0;9.67;82.9;1.38;
2022-01-15 14:00:00;132.0;109.01;106.0;9.85;82.9;1.1;
2022-01-15 15:00:00;61.0;218.74;38.0;9.7;82.9;0.97;
2022-01-15 16:00:00;0.0;0.0;0.0;9.11;85.95;1.03;
2022-01-15 17:00:00;0.0;0.0;0.0;7.9;92.4;0.9;
2022-01-15 18:00:00;0.0;0.0;0.0;8.13;89.05;0.69;
2022-01-15 19:00:00;0.0;0.0;0.0;8.14;89.05;0.28;
2022-01-15 20:00:00;0.0;0.0;0.0;7.71;92.35;0.21;
2022-01-15 21:00:00;0.0;0.0;0.0;7.38;92.35;0.34;
2022-01-15 22:00:00;0.0;0.0;0.0;6.99;95.8;0.62;
2022-01-15 23:00:00;0.0;0.0;0.0;6.34;95.8;0.76;
2022-01-16 00:00:00;0.0;0.0;0.0;5.94;95.8;0.76;
2022-01-16 01:00:00;0.0;0.0;0.0;5.36;95.75;0.9;
2022-01-16 02:00:00;0.0;0.0;0.0;4.79;99.4;0.97;
2022-01-16 03:00:00;0.0;0.0;0.0;4.51;95.75;1.03;
2022-01-16 04:00:00;0.0;0.0;0.0;4.04;95.75;1.17;
2022-01-16 05:00:00;0.0;0.0;0.0;4.39;95.75;1.1;
2022-01-16 06:00:00;0.0;0.0;0.0;4.78;99.4;0.97;
2022-01-16 07:00:00;15.0;17.37;14.0;5.49;95.75;1.03;
2022-01-16 08:00:00;57.0;0.0;57.0;6.42;95.8;0.97;
2022-01-16 09:00:00;108.0;6.4;106.0;7.58;92.35;0.97;
2022-01-16 10:00:00;111.0;0.0;111.0;8.73;89.1;0.9;
2022-01-16 11:00:00;106.0;0.0;106.0;9.44;85.95;0.97;
2022-01-16 12:00:00;82.0;0.0;82.0;10.22;82.95;1.1;
2022-01-16 13:00:00;80.0;0.0;80.0;10.52;80.05;1.1;
2022-01-16 14:00:00;74.0;4.13;73.0;10.66;80.05;1.03;
2022-01-16 15:00:00;16.0;0.0;16.0;10.26;82.95;1.24;
2022-01-16 16:00:00;0.0;0.0;0.0;9.43;85.95;1.52;
2022-01-16 17:00:00;0.0;0.0;0.0;8.73;92.4;1.38;
2022-01-16 18:00:00;0.0;0.0;0.0;7.93;95.8;1.1;
2022-01-16 19:00:00;0.0;0.0;0.0;6.61;95.8;1.45;
2022-01-16 20:00:00;0.0;0.0;0.0;6.44;95.8;1.45;
2022-01-16 21:00:00;0.0;0.0;0.0;6.13;92.3;1.52;
2022-01-16 22:00:00;0.0;0.0;0.0;6.17;92.3;1.45;
2022-01-16 23:00:00;0.0;0.0;0.0;6.42;95.8;1.38;
2022-01-17 00:00:00;0.0;0.0;0.0;6.93;92.35;1.17;
2022-01-17 01:00:00;0.0;0.0;0.0;7.86;92.4;0.83;
2022-01-17 02:00:00;0.0;0.0;0.0;8.19;92.4;0.34;
2022-01-17 03:00:00;0.0;0.0;0.0;8.06;92.4;0.28;
2022-01-17 04:00:00;0.0;0.0;0.0;7.78;95.8;0.62;
2022-01-17 05:00:00;0.0;0.0;0.0;6.91;95.8;0.97;
2022-01-17 06:00:00;0.0;0.0;0.0;6.17;95.8;1.17;
2022-01-17 07:00:00;23.0;84.33;18.0;5.85;92.3;1.45;
2022-01-17 08:00:00;64.0;4.94;63.0;6.74;99.4;1.31;
2022-01-17 09:00:00;70.0;0.0;70.0;8.35;89.1;1.38;
2022-01-17 10:00:00;82.0;0.0;82.0;9.24;89.1;1.38;
2022-01-17 11:00:00;92.0;0.0;92.0;9.91;82.95;1.45;
2022-01-17 12:00:00;131.0;2.47;130.0;10.14;86.0;1.72;
2022-01-17 13:00:00;92.0;0.0;92.0;10.28;86.0;1.79;
2022-01-17 14:00:00;93.0;16.3;89.0;10.18;82.95;1.59;
2022-01-17 15:00:00;40.0;26.77;37.0;10.06;82.95;1.24;
2022-01-17 16:00:00;0.0;0.0;0.0;9.55;85.95;1.1;
2022-01-17 17:00:00;0.0;0.0;0.0;8.53;92.4;0.9;
2022-01-17 18:00:00;0.0;0.0;0.0;8.06;92.4;0.76;
2022-01-17 19:00:00;0.0;0.0;0.0;8.05;95.8;0.76;
2022-01-17 20:00:00;0.0;0.0;0.0;7.75;95.8;0.83;
2022-01-17 21:00:00;0.0;0.0;0.0;7.99;95.8;0.62;
2022-01-17 22:00:00;0.0;0.0;0.0;8.01;95.8;0.62;
2022-01-17 23:00:00;0.0;0.0;0.0;7.15;99.4;0.9;
2022-01-18 00:00:00;0.0;0.0;0.0;7.34;95.8;0.69;
2022-01-18 01:00:00;0.0;0.0;0.0;7.71;95.8;0.21;
2022-01-18 02:00:00;0.0;0.0;0.0;7.63;95.8;0.34;
2022-01-18 03:00:00;0.0;0.0;0.0;7.28;99.4;0.62;
2022-01-18 04:00:00;0.0;0.0;0.0;7.66;99.4;0.07;
2022-01-18 05:00:00;0.0;0.0;0.0;7.58;99.4;0.34;
2022-01-18 06:00:00;0.0;0.0;0.0;6.19;95.8;1.45;
2022-01-18 07:00:00;5.0;0.0;5.0;7.5;95.8;0.48;
2022-01-18 08:00:00;40.0;0.0;40.0;7.81;95.8;0.34;
2022-01-18 09:00:00;155.0;53.59;138.0;8.88;89.1;0.97;
2022-01-18 10:00:00;108.0;0.0;108.0;10.31;86.0;1.38;
2022-01-18 11:00:00;158.0;7.1;155.0;11.98;77.35;1.24;
2022-01-18 12:00:00;141.0;2.45;140.0;13.46;67.15;2.07;
2022-01-18 13:00:00;165.0;40.15;151.0;14.01;62.55;1.86;
2022-01-18 14:00:00;123.0;68.26;106.0;14.03;62.55;1.24;
2022-01-18 15:00:00;38.0;17.29;36.0;13.44;67.15;1.24;
2022-01-18 16:00:00;0.0;0.0;0.0;12.44;72.05;1.45;
2022-01-18 17:00:00;0.0;0.0;0.0;11.91;74.6;2.28;
2022-01-18 18:00:00;0.0;0.0;0.0;11.98;71.95;3.1;
2022-01-18 19:00:00;0.0;0.0;0.0;11.16;77.2;2.21;
2022-01-18 20:00:00;0.0;0.0;0.0;11.15;77.2;2.62;
2022-01-18 21:00:00;0.0;0.0;0.0;11.17;77.2;2.83;
2022-01-18 22:00:00;0.0;0.0;0.0;10.87;77.2;2.34;
2022-01-18 23:00:00;0.0;0.0;0.0;10.45;77.15;2.69;
2022-01-19 00:00:00;0.0;0.0;0.0;10.06;79.95;3.1;
2022-01-19 01:00:00;0.0;0.0;0.0;9.54;85.95;2.97;
2022-01-19 02:00:00;0.0;0.0;0.0;9.22;89.1;2.28;
2022-01-19 03:00:00;0.0;0.0;0.0;8.11;92.4;1.52;
2022-01-19 04:00:00;0.0;0.0;0.0;8.47;85.9;1.1;
2022-01-19 05:00:00;0.0;0.0;0.0;8.64;85.9;0.97;
2022-01-19 06:00:00;0.0;0.0;0.0;8.59;85.9;1.03;
2022-01-19 07:00:00;35.0;269.43;18.0;7.03;89.0;2.07;
2022-01-19 08:00:00;172.0;565.75;55.0;8.69;89.1;2.55;
2022-01-19 09:00:00;298.0;706.6;72.0;12.25;77.35;2.62;
2022-01-19 10:00:00;377.0;735.11;87.0;14.45;69.85;2.48;
2022-01-19 11:00:00;415.0;768.16;88.0;16.03;65.25;2.76;
2022-01-19 12:00:00;394.0;731.84;93.0;16.97;65.35;3.1;
2022-01-19 13:00:00;328.0;701.14;81.0;17.92;63.2;3.24;
2022-01-19 14:00:00;220.0;625.28;62.0;18.57;61.2;3.17;
2022-01-19 15:00:00;81.0;385.62;35.0;18.25;61.05;3.52;
2022-01-19 16:00:00;0.0;0.0;0.0;16.93;63.05;3.38;
2022-01-19 17:00:00;0.0;0.0;0.0;15.59;65.15;3.24;
2022-01-19 18:00:00;0.0;0.0;0.0;14.5;67.35;3.03;
2022-01-19 19:00:00;0.0;0.0;0.0;13.86;72.2;2.97;
2022-01-19 20:00:00;0.0;0.0;0.0;13.33;72.1;3.24;
2022-01-19 21:00:00;0.0;0.0;0.0;12.8;72.05;3.17;
2022-01-19 22:00:00;0.0;0.0;0.0;12.23;74.6;3.03;
2022-01-19 23:00:00;0.0;0.0;0.0;11.36;77.2;2.69;
2022-01-20 00:00:00;0.0;0.0;0.0;10.2;82.95;2.28;
2022-01-20 01:00:00;0.0;0.0;0.0;8.85;85.95;2.07;
2022-01-20 02:00:00;0.0;0.0;0.0;7.76;92.35;1.86;
2022-01-20 03:00:00;0.0;0.0;0.0;7.26;95.8;1.66;
2022-01-20 04:00:00;0.0;0.0;0.0;7.05;92.35;1.52;
2022-01-20 05:00:00;0.0;0.0;0.0;7.04;92.35;1.38;
2022-01-20 06:00:00;0.0;0.0;0.0;6.46;95.8;1.31;
2022-01-20 07:00:00;20.0;30.69;18.0;6.45;95.8;1.45;
2022-01-20 08:00:00;25.0;0.0;25.0;7.71;99.4;1.24;
2022-01-20 09:00:00;120.0;9.3;117.0;9.4;89.15;1.1;
2022-01-20 10:00:00;89.0;0.0;89.0;10.82;86.05;1.17;
2022-01-20 11:00:00;232.0;72.26;201.0;11.74;80.15;1.38;
2022-01-20 12:00:00;176.0;19.29;168.0;12.66;77.45;1.45;
2022-01-20 13:00:00;126.0;5.62;124.0;13.31;77.5;1.52;
2022-01-20 14:00:00;64.0;0.0;64.0;13.25;77.5;2.07;
2022-01-20 15:00:00;63.0;138.23;46.0;12.36;83.15;2.28;
2022-01-20 16:00:00;0.0;0.0;0.0;10.9;89.3;2.07;
2022-01-20 17:00:00;0.0;0.0;0.0;9.69;95.85;1.31;
2022-01-20 18:00:00;0.0;0.0;0.0;8.72;99.4;0.97;
2022-01-20 19:00:00;0.0;0.0;0.0;8.31;99.4;1.1;
2022-01-20 20:00:00;0.0;0.0;0.0;7.26;99.4;1.45;
2022-01-20 21:00:00;0.0;0.0;0.0;6.94;99.4;1.38;
2022-01-20 22:00:00;0.0;0.0;0.0;6.97;99.4;1.24;
2022-01-20 23:00:00;0.0;0.0;0.0;7.21;100.0;0.97;
2022-01-21 00:00:00;0.0;0.0;0.0;7.36;99.4;0.69;
2022-01-21 01:00:00;0.0;0.0;0.0;7.36;99.4;0.69;
2022-01-21 02:00:00;0.0;0.0;0.0;7.04;99.4;0.9;
2022-01-21 03:00:00;0.0;0.0;0.0;7.12;99.4;0.9;
2022-01-21 04:00:00;0.0;0.0;0.0;7.06;99.4;0.9;
2022-01-21 05:00:00;0.0;0.0;0.0;7.34;99.4;0.69;
2022-01-21 06:00:00;0.0;0.0;0.0;7.22;100.0;0.76;
2022-01-21 07:00:00;32.0;148.5;22.0;7.08;99.4;0.83;
2022-01-21 08:00:00;105.0;70.85;90.0;7.93;99.4;0.41;
2022-01-21 09:00:00;144.0;30.73;134.0;8.68;95.85;0.28;
2022-01-21 10:00:00;119.0;0.0;119.0;9.88;92.5;0.14;
2022-01-21 11:00:00;110.0;0.0;110.0;11.22;89.3;0.48;
2022-01-21 12:00:00;158.0;7.17;155.0;12.37;83.15;1.03;
2022-01-21 13:00:00;146.0;16.68;140.0;12.82;83.25;1.52;
2022-01-21 14:00:00;84.0;3.84;83.0;12.62;83.25;2.07;
2022-01-21 15:00:00;38.0;7.89;37.0;12.09;86.2;2.28;
2022-01-21 16:00:00;0.0;0.0;0.0;10.98;92.55;2.48;
2022-01-21 17:00:00;0.0;0.0;0.0;10.23;95.9;2.48;
2022-01-21 18:00:00;0.0;0.0;0.0;9.78;99.4;2.48;
2022-01-21 19:00:00;0.0;0.0;0.0;9.79;95.85;1.86;
2022-01-21 20:00:00;0.0;0.0;0.0;9.15;95.85;1.38;
2022-01-21 21:00:00;0.0;0.0;0.0;9.88;92.5;0.76;
2022-01-21 22:00:00;0.0;0.0;0.0;9.78;92.45;0.48;
2022-01-21 23:00:00;0.0;0.0;0.0;9.65;92.45;0.28;
2022-01-22 00:00:00;0.0;0.0;0.0;9.63;92.45;0.28;
2022-01-22 01:00:00;0.0;0.0;0.0;9.49;92.45;0.34;
2022-01-22 02:00:00;0.0;0.0;0.0;9.47;92.45;0.55;
2022-01-22 03:00:00;0.0;0.0;0.0;9.22;95.85;0.83;
2022-01-22 04:00:00;0.0;0.0;0.0;8.29;99.4;1.1;
2022-01-22 05:00:00;0.0;0.0;0.0;7.81;99.4;1.17;
2022-01-22 06:00:00;0.0;0.0;0.0;7.47;99.4;1.31;
2022-01-22 07:00:00;26.0;57.45;22.0;7.85;92.4;1.72;
2022-01-22 08:00:00;82.0;18.66;78.0;8.6;95.85;1.66;
2022-01-22 09:00:00;173.0;73.09;149.0;11.35;89.3;1.66;
2022-01-22 10:00:00;184.0;29.71;172.0;13.21;77.5;1.86;
2022-01-22 11:00:00;243.0;82.58;207.0;14.4;72.3;2.14;
2022-01-22 12:00:00;227.0;71.07;197.0;15.14;67.45;2.21;
2022-01-22 13:00:00;166.0;33.01;154.0;15.45;62.85;2.34;
2022-01-22 14:00:00;103.0;18.93;98.0;15.41;62.85;2.34;
2022-01-22 15:00:00;52.0;38.3;47.0;14.73;69.85;2.83;
2022-01-22 16:00:00;0.0;0.0;0.0;13.46;74.85;3.31;
2022-01-22 17:00:00;0.0;0.0;0.0;12.45;77.45;3.45;
2022-01-22 18:00:00;0.0;0.0;0.0;12.04;80.2;3.59;
2022-01-22 19:00:00;0.0;0.0;0.0;11.89;77.35;3.38;
2022-01-22 20:00:00;0.0;0.0;0.0;11.56;80.15;3.66;
2022-01-22 21:00:00;0.0;0.0;0.0;11.48;80.15;3.79;
2022-01-22 22:00:00;0.0;0.0;0.0;11.49;80.15;3.86;
2022-01-22 23:00:00;0.0;0.0;0.0;11.58;80.15;3.86;
2022-01-23 00:00:00;0.0;0.0;0.0;11.46;80.15;4.07;
2022-01-23 01:00:00;0.0;0.0;0.0;11.58;83.1;4.21;
2022-01-23 02:00:00;0.0;0.0;0.0;11.73;83.1;4.28;
2022-01-23 03:00:00;0.0;0.0;0.0;11.73;83.1;4.41;
2022-01-23 04:00:00;0.0;0.0;0.0;11.7;83.1;4.62;
2022-01-23 05:00:00;0.0;0.0;0.0;11.84;83.1;4.83;
2022-01-23 06:00:00;0.0;0.0;0.0;12.04;80.2;5.1;
2022-01-23 07:00:00;29.0;83.31;23.0;12.51;77.45;5.45;
2022-01-23 08:00:00;177.0;529.85;62.0;12.87;77.45;5.31;
2022-01-23 09:00:00;276.0;485.83;115.0;13.32;74.75;5.17;
2022-01-23 10:00:00;351.0;515.62;141.0;13.92;69.75;5.17;
2022-01-23 11:00:00;189.0;20.48;180.0;14.53;69.85;4.83;
2022-01-23 12:00:00;74.0;0.0;74.0;14.92;69.9;4.9;
2022-01-23 13:00:00;172.0;40.82;157.0;15.35;69.9;5.38;
2022-01-23 14:00:00;64.0;0.0;64.0;15.12;67.45;5.38;
2022-01-23 15:00:00;46.0;14.88;44.0;14.37;69.75;5.72;
2022-01-23 16:00:00;0.0;0.0;0.0;13.48;69.65;5.52;
2022-01-23 17:00:00;0.0;0.0;0.0;12.86;69.45;5.52;
2022-01-23 18:00:00;0.0;0.0;0.0;12.17;69.35;4.9;
2022-01-23 19:00:00;0.0;0.0;0.0;11.77;71.85;4.21;
2022-01-23 20:00:00;0.0;0.0;0.0;11.19;69.15;4.62;
2022-01-23 21:00:00;0.0;0.0;0.0;10.6;66.55;5.45;
2022-01-23 22:00:00;0.0;0.0;0.0;9.77;66.35;6.0;
2022-01-23 23:00:00;0.0;0.0;0.0;9.03;66.25;6.21;
2022-01-24 00:00:00;0.0;0.0;0.0;8.81;61.3;6.0;
2022-01-24 01:00:00;0.0;0.0;0.0;8.53;59.0;5.79;
2022-01-24 02:00:00;0.0;0.0;0.0;8.25;63.6;5.86;
2022-01-24 03:00:00;0.0;0.0;0.0;8.02;66.05;5.59;
2022-01-24 04:00:00;0.0;0.0;0.0;7.8;68.5;5.03;
2022-01-24 05:00:00;0.0;0.0;0.0;7.62;68.5;4.69;
2022-01-24 06:00:00;0.0;0.0;0.0;7.3;65.85;4.0;
2022-01-24 07:00:00;40.0;201.3;25.0;7.25;65.85;3.93;
2022-01-24 08:00:00;87.0;18.19;83.0;7.42;63.5;3.31;
2022-01-24 09:00:00;130.0;11.96;126.0;8.06;61.2;3.24;
2022-01-24 10:00:00;139.0;2.43;138.0;8.67;61.3;4.07;
2022-01-24 11:00:00;192.0;18.05;184.0;9.3;59.15;5.59;
2022-01-24 12:00:00;239.0;79.11;205.0;9.44;54.9;6.21;
2022-01-24 13:00:00;0.0;0.0;0.0;9.13;56.9;5.86;
2022-01-24 14:00:00;147.0;88.24;123.0;8.38;56.8;5.59;
2022-01-24 15:00:00;89.0;274.66;51.0;7.82;63.5;5.24;
2022-01-24 16:00:00;0.0;0.0;0.0;7.22;65.85;5.45;
2022-01-24 17:00:00;0.0;0.0;0.0;6.51;68.3;5.03;
2022-01-24 18:00:00;0.0;0.0;0.0;6.16;68.3;4.69;
2022-01-24 19:00:00;0.0;0.0;0.0;5.91;63.25;3.31;
2022-01-24 20:00:00;0.0;0.0;0.0;5.91;63.25;3.17;
2022-01-24 21:00:00;0.0;0.0;0.0;5.6;68.2;2.97;
2022-01-24 22:00:00;0.0;0.0;0.0;5.3;70.8;2.76;
2022-01-24 23:00:00;0.0;0.0;0.0;4.78;73.45;2.69;
2022-01-25 00:00:00;0.0;0.0;0.0;4.44;76.3;2.55;
2022-01-25 01:00:00;0.0;0.0;0.0;4.29;79.2;2.62;
2022-01-25 02:00:00;0.0;0.0;0.0;4.1;82.3;2.9;
2022-01-25 03:00:00;0.0;0.0;0.0;4.05;82.3;2.83;
2022-01-25 04:00:00;0.0;0.0;0.0;4.06;85.5;2.41;
2022-01-25 05:00:00;0.0;0.0;0.0;3.92;85.5;2.21;
2022-01-25 06:00:00;0.0;0.0;0.0;3.53;88.75;2.21;
2022-01-25 07:00:00;29.0;51.87;25.0;4.36;85.55;1.45;
2022-01-25 08:00:00;165.0;354.59;86.0;5.32;85.65;1.03;
2022-01-25 09:00:00;311.0;651.31;91.0;7.18;68.4;1.45;
2022-01-25 10:00:00;364.0;519.02;149.0;7.87;58.9;1.93;
2022-01-25 11:00:00;437.0;733.83;109.0;8.63;52.6;2.34;
2022-01-25 12:00:00;419.0;712.42;110.0;9.03;48.8;2.21;
2022-01-25 13:00:00;127.0;2.66;126.0;9.27;46.95;1.72;
2022-01-25 14:00:00;169.0;152.15;127.0;9.17;45.15;1.1;
2022-01-25 15:00:00;92.0;274.01;53.0;8.63;50.6;2.0;
2022-01-25 16:00:00;0.0;0.0;0.0;7.48;61.1;3.17;
2022-01-25 17:00:00;0.0;0.0;0.0;6.69;68.3;2.9;
2022-01-25 18:00:00;0.0;0.0;0.0;5.95;73.7;2.69;
2022-01-25 19:00:00;0.0;0.0;0.0;5.31;88.85;2.55;
2022-01-25 20:00:00;0.0;0.0;0.0;5.21;88.85;2.07;
2022-01-25 21:00:00;0.0;0.0;0.0;4.92;88.85;1.1;
2022-01-25 22:00:00;0.0;0.0;0.0;5.17;88.85;0.07;
2022-01-25 23:00:00;0.0;0.0;0.0;4.43;88.85;0.41;
2022-01-26 00:00:00;0.0;0.0;0.0;3.02;95.7;0.83;
2022-01-26 01:00:00;0.0;0.0;0.0;2.86;95.7;1.03;
2022-01-26 02:00:00;0.0;0.0;0.0;2.84;95.7;0.97;
2022-01-26 03:00:00;0.0;0.0;0.0;3.28;95.7;0.69;
2022-01-26 04:00:00;0.0;0.0;0.0;3.58;95.7;0.41;
2022-01-26 05:00:00;0.0;0.0;0.0;3.27;95.7;0.48;
2022-01-26 06:00:00;0.0;0.0;0.0;3.18;95.7;1.31;
2022-01-26 07:00:00;13.0;0.0;13.0;3.19;95.7;2.07;
2022-01-26 08:00:00;110.0;61.99;96.0;3.76;92.15;2.21;
2022-01-26 09:00:00;183.0;76.22;157.0;4.61;88.85;2.21;
2022-01-26 10:00:00;72.0;0.0;72.0;5.55;79.4;1.93;
2022-01-26 11:00:00;209.0;28.84;196.0;6.35;73.7;1.86;
2022-01-26 12:00:00;125.0;0.0;125.0;6.67;70.95;1.93;
2022-01-26 13:00:00;129.0;2.63;128.0;6.78;70.95;2.14;
2022-01-26 14:00:00;115.0;21.42;109.0;6.75;70.95;2.21;
2022-01-26 15:00:00;58.0;34.16;53.0;6.59;70.95;2.41;
2022-01-26 16:00:00;0.0;0.0;0.0;6.18;70.95;2.21;
2022-01-26 17:00:00;0.0;0.0;0.0;5.73;76.5;2.0;
2022-01-26 18:00:00;0.0;0.0;0.0;5.0;79.35;2.07;
2022-01-26 19:00:00;0.0;0.0;0.0;4.5;82.35;2.41;
2022-01-26 20:00:00;0.0;0.0;0.0;4.41;79.3;2.69;
2022-01-26 21:00:00;0.0;0.0;0.0;4.12;82.3;3.1;
2022-01-26 22:00:00;0.0;0.0;0.0;3.75;82.25;3.52;
2022-01-26 23:00:00;0.0;0.0;0.0;3.53;79.15;4.0;
2022-01-27 00:00:00;0.0;0.0;0.0;3.06;79.1;4.41;
2022-01-27 01:00:00;0.0;0.0;0.0;2.7;79.0;4.55;
2022-01-27 02:00:00;0.0;0.0;0.0;2.28;79.0;4.28;
2022-01-27 03:00:00;0.0;0.0;0.0;1.86;82.05;4.14;
2022-01-27 04:00:00;0.0;0.0;0.0;1.46;85.25;4.14;
2022-01-27 05:00:00;0.0;0.0;0.0;1.3;85.25;4.07;
2022-01-27 06:00:00;0.0;0.0;0.0;0.88;85.2;3.86;
2022-01-27 07:00:00;56.0;411.4;22.0;1.39;85.25;3.72;
2022-01-27 08:00:00;208.0;668.25;55.0;2.21;78.95;3.52;
2022-01-27 09:00:00;344.0;806.83;66.0;3.57;70.5;3.72;
2022-01-27 10:00:00;436.0;853.94;76.0;5.04;58.3;3.86;
2022-01-27 11:00:00;483.0;912.59;68.0;6.35;50.05;3.93;
2022-01-27 12:00:00;465.0;891.74;71.0;7.43;43.0;3.86;
2022-01-27 13:00:00;389.0;826.18;72.0;8.12;38.25;3.72;
2022-01-27 14:00:00;269.0;728.1;62.0;8.46;35.45;3.59;
2022-01-27 15:00:00;117.0;498.58;42.0;8.23;38.25;3.03;
2022-01-27 16:00:00;0.0;0.0;0.0;7.21;42.85;2.55;
2022-01-27 17:00:00;0.0;0.0;0.0;5.97;46.25;2.41;
2022-01-27 18:00:00;0.0;0.0;0.0;4.27;58.05;1.93;
2022-01-27 19:00:00;0.0;0.0;0.0;3.92;65.3;1.45;
2022-01-27 20:00:00;0.0;0.0;0.0;1.82;75.95;1.86;
2022-01-27 21:00:00;0.0;0.0;0.0;0.74;81.9;2.28;
2022-01-27 22:00:00;0.0;0.0;0.0;0.45;78.75;2.41;
2022-01-27 23:00:00;0.0;0.0;0.0;0.21;78.65;2.34;
2022-01-28 00:00:00;0.0;0.0;0.0;0.1;78.65;2.34;
2022-01-28 01:00:00;0.0;0.0;0.0;-0.21;75.6;2.48;
2022-01-28 02:00:00;0.0;0.0;0.0;-0.57;78.6;2.28;
2022-01-28 03:00:00;0.0;0.0;0.0;-1.05;81.7;2.07;
2022-01-28 04:00:00;0.0;0.0;0.0;-1.47;84.95;1.93;
2022-01-28 05:00:00;0.0;0.0;0.0;-1.68;84.95;1.93;
2022-01-28 06:00:00;0.0;0.0;0.0;-1.83;88.3;1.93;
2022-01-28 07:00:00;57.0;397.38;23.0;-0.98;88.4;2.28;
2022-01-28 08:00:00;211.0;676.18;54.0;1.27;88.55;1.79;
2022-01-28 09:00:00;343.0;781.41;71.0;5.56;73.65;1.72;
2022-01-28 10:00:00;437.0;851.02;75.0;8.19;68.6;1.79;
2022-01-28 11:00:00;476.0;858.84;82.0;10.11;61.65;2.07;
2022-01-28 12:00:00;460.0;852.04;80.0;11.33;59.6;2.48;
2022-01-28 13:00:00;387.0;799.14;77.0;12.05;55.5;2.9;
2022-01-28 14:00:00;271.0;714.0;65.0;12.22;55.5;3.17;
2022-01-28 15:00:00;120.0;491.76;44.0;11.85;57.55;2.9;
2022-01-28 16:00:00;0.0;0.0;0.0;10.6;61.75;3.45;
2022-01-28 17:00:00;0.0;0.0;0.0;9.32;68.8;4.14;
2022-01-28 18:00:00;0.0;0.0;0.0;8.57;68.7;4.55;
2022-01-28 19:00:00;0.0;0.0;0.0;7.78;71.15;3.86;
2022-01-28 20:00:00;0.0;0.0;0.0;7.59;71.15;4.07;
2022-01-28 21:00:00;0.0;0.0;0.0;7.43;71.15;4.28;
2022-01-28 22:00:00;0.0;0.0;0.0;7.29;73.8;4.21;
2022-01-28 23:00:00;0.0;0.0;0.0;7.04;76.65;3.52;
2022-01-29 00:00:00;0.0;0.0;0.0;6.53;79.5;3.17;
2022-01-29 01:00:00;0.0;0.0;0.0;6.09;79.5;3.1;
2022-01-29 02:00:00;0.0;0.0;0.0;5.72;82.5;2.76;
2022-01-29 03:00:00;0.0;0.0;0.0;5.03;85.6;2.34;
2022-01-29 04:00:00;0.0;0.0;0.0;4.16;88.8;2.07;
2022-01-29 05:00:00;0.0;0.0;0.0;3.53;88.75;1.72;
2022-01-29 06:00:00;0.0;0.0;0.0;3.92;85.5;1.38;
2022-01-29 07:00:00;53.0;270.95;29.0;4.57;85.55;1.45;
2022-01-29 08:00:00;113.0;55.2;100.0;5.53;85.65;1.17;
2022-01-29 09:00:00;285.0;409.42;141.0;7.93;76.8;1.31;
2022-01-29 10:00:00;424.0;768.78;94.0;9.69;71.5;1.79;
2022-01-29 11:00:00;468.0;816.68;90.0;11.09;66.65;2.07;
2022-01-29 12:00:00;453.0;808.51;89.0;12.06;62.1;1.79;
2022-01-29 13:00:00;384.0;770.01;82.0;12.77;59.95;1.72;
2022-01-29 14:00:00;271.0;696.78;67.0;12.9;57.9;1.31;
2022-01-29 15:00:00;130.0;579.68;38.0;12.41;62.2;0.76;
2022-01-29 16:00:00;0.0;0.0;0.0;11.28;71.75;1.1;
2022-01-29 17:00:00;0.0;0.0;0.0;8.87;79.85;2.0;
2022-01-29 18:00:00;0.0;0.0;0.0;7.26;89.0;2.28;
2022-01-29 19:00:00;0.0;0.0;0.0;7.35;85.8;1.31;
2022-01-29 20:00:00;0.0;0.0;0.0;6.48;88.95;1.31;
2022-01-29 21:00:00;0.0;0.0;0.0;5.03;88.85;1.59;
2022-01-29 22:00:00;0.0;0.0;0.0;3.81;92.2;1.86;
2022-01-29 23:00:00;0.0;0.0;0.0;3.11;95.7;1.72;
2022-01-30 00:00:00;0.0;0.0;0.0;4.04;95.75;1.1;
2022-01-30 01:00:00;0.0;0.0;0.0;3.85;95.75;1.03;
2022-01-30 02:00:00;0.0;0.0;0.0;2.66;99.4;1.17;
2022-01-30 03:00:00;0.0;0.0;0.0;1.48;99.4;1.38;
2022-01-30 04:00:00;0.0;0.0;0.0;0.53;99.4;1.59;
2022-01-30 05:00:00;0.0;0.0;0.0;0.46;99.4;1.66;
2022-01-30 06:00:00;0.0;0.0;0.0;0.96;99.35;1.66;
2022-01-30 07:00:00;55.0;272.64;30.0;2.08;99.4;1.66;
2022-01-30 08:00:00;197.0;502.22;77.0;4.41;92.25;1.45;
2022-01-30 09:00:00;338.0;717.45;83.0;6.12;82.55;1.66;
2022-01-30 10:00:00;428.0;768.67;95.0;7.16;79.55;1.38;
2022-01-30 11:00:00;480.0;852.23;82.0;8.31;76.8;1.24;
2022-01-30 12:00:00;457.0;809.68;89.0;9.48;74.2;1.38;
2022-01-30 13:00:00;393.0;791.85;79.0;10.34;74.3;1.38;
2022-01-30 14:00:00;275.0;700.13;67.0;10.65;71.7;1.17;
2022-01-30 15:00:00;126.0;484.93;47.0;10.41;74.4;1.17;
2022-01-30 16:00:00;0.0;0.0;0.0;9.36;79.9;1.59;
2022-01-30 17:00:00;0.0;0.0;0.0;7.78;92.35;1.66;
2022-01-30 18:00:00;0.0;0.0;0.0;5.98;92.3;1.52;
2022-01-30 19:00:00;0.0;0.0;0.0;4.45;92.25;1.72;
2022-01-30 20:00:00;0.0;0.0;0.0;3.58;99.4;1.86;
2022-01-30 21:00:00;0.0;0.0;0.0;3.13;99.4;1.72;
2022-01-30 22:00:00;0.0;0.0;0.0;3.02;99.4;1.52;
2022-01-30 23:00:00;0.0;0.0;0.0;2.73;99.4;1.45;
2022-01-31 00:00:00;0.0;0.0;0.0;2.27;99.4;1.38;
2022-01-31 01:00:00;0.0;0.0;0.0;2.14;99.4;1.17;
2022-01-31 02:00:00;0.0;0.0;0.0;2.4;95.7;1.03;
2022-01-31 03:00:00;0.0;0.0;0.0;2.01;99.4;0.83;
2022-01-31 04:00:00;0.0;0.0;0.0;1.67;100.0;0.69;
2022-01-31 05:00:00;0.0;0.0;0.0;1.51;99.4;0.69;
2022-01-31 06:00:00;0.0;0.0;0.0;1.49;99.4;0.83;
2022-01-31 07:00:00;58.0;273.93;32.0;1.69;99.4;1.17;
2022-01-31 08:00:00;198.0;478.43;82.0;3.15;92.15;1.03;
2022-01-31 09:00:00;337.0;682.01;92.0;5.0;85.6;0.48;
2022-01-31 10:00:00;434.0;775.28;95.0;6.44;82.55;0.28;
2022-01-31 11:00:00;468.0;763.94;108.0;7.84;76.8;1.1;
2022-01-31 12:00:00;459.0;786.75;98.0;8.82;76.85;1.31;
2022-01-31 13:00:00;393.0;765.71;86.0;9.52;74.2;1.38;
2022-01-31 14:00:00;280.0;696.65;70.0;9.82;74.2;1.38;
2022-01-31 15:00:00;131.0;496.56;48.0;9.64;77.0;1.45;
2022-01-31 16:00:00;0.0;0.0;0.0;8.17;92.99;1.45;
2022-01-31 17:00:00;0.0;0.0;0.0;7.19;92.69;1.53;
2022-01-31 18:00:00;0.0;0.0;0.0;6.2;92.39;1.61;
2022-01-31 19:00:00;0.0;0.0;0.0;5.21;92.09;1.69;
2022-01-31 20:00:00;0.0;0.0;0.0;4.22;91.8;1.77;
2022-01-31 21:00:00;0.0;0.0;0.0;3.23;91.5;1.86;
2022-01-31 22:00:00;0.0;0.0;0.0;2.25;91.2;1.94;
2022-01-31 23:00:00;0.0;0.0;0.0;1.26;90.9;2.02;
2022-02-01 00:00:00;0.0;0.0;0.0;0.27;90.61;2.1;
2022-02-01 01:00:00;0.0;0.0;0.0;-0.72;90.31;2.18;
2022-02-01 02:00:00;0.0;0.0;0.0;-1.71;90.01;2.27;
2022-02-01 03:00:00;0.0;0.0;0.0;-2.7;89.72;2.35;
2022-02-01 04:00:00;0.0;0.0;0.0;-3.68;89.42;2.43;
2022-02-01 05:00:00;0.0;0.0;0.0;-4.67;89.12;2.51;
2022-02-01 06:00:00;0.0;0.0;0.0;-5.66;88.82;2.59;
2022-02-01 07:00:00;51.0;142.52;37.0;-6.65;88.53;2.67;
2022-02-01 08:00:00;144.0;125.98;113.0;-3.55;81.4;2.14;
2022-02-01 09:00:00;216.0;110.16;176.0;-1.17;72.5;2.21;
2022-02-01 10:00:00;275.0;124.61;220.0;0.77;69.95;2.21;
2022-02-01 11:00:00;314.0;153.51;241.0;3.56;53.5;2.14;
2022-02-01 12:00:00;330.0;211.54;232.0;4.8;45.85;2.0;
2022-02-01 13:00:00;303.0;271.35;193.0;5.45;39.25;1.93;
2022-02-01 14:00:00;215.0;241.96;141.0;5.73;36.2;1.72;
2022-02-01 15:00:00;112.0;245.0;70.0;5.32;42.45;1.59;
2022-02-01 16:00:00;0.0;0.0;0.0;3.92;43.9;2.69;
2022-02-01 17:00:00;0.0;0.0;0.0;2.17;49.0;3.38;
2022-02-01 18:00:00;0.0;0.0;0.0;0.61;57.2;3.45;
2022-02-01 19:00:00;0.0;0.0;0.0;-1.31;75.35;2.62;
2022-02-01 20:00:00;0.0;0.0;0.0;-2.41;81.5;2.55;
2022-02-01 21:00:00;0.0;0.0;0.0;-2.67;78.3;2.41;
2022-02-01 22:00:00;0.0;0.0;0.0;-2.71;78.3;2.41;
2022-02-01 23:00:00;0.0;0.0;0.0;-3.08;78.2;2.55;
2022-02-02 00:00:00;0.0;0.0;0.0;-3.37;81.4;2.83;
2022-02-02 01:00:00;0.0;0.0;0.0;-3.39;81.4;3.03;
2022-02-02 02:00:00;0.0;0.0;0.0;-3.2;75.1;3.24;
2022-02-02 03:00:00;0.0;0.0;0.0;-2.94;72.1;3.52;
2022-02-02 04:00:00;0.0;0.0;0.0;-2.69;66.6;3.72;
2022-02-02 05:00:00;0.0;0.0;0.0;-2.59;63.9;3.86;
2022-02-02 06:00:00;0.0;0.0;0.0;-2.57;61.35;4.07;
2022-02-02 07:00:00;60.0;226.27;37.0;-2.35;61.35;3.86;
2022-02-02 08:00:00;180.0;284.25;109.0;-0.86;56.85;3.59;
2022-02-02 09:00:00;284.0;316.0;168.0;1.45;48.85;3.31;
2022-02-02 10:00:00;368.0;377.03;200.0;3.65;45.55;3.45;
2022-02-02 11:00:00;407.0;404.24;213.0;5.13;40.75;3.59;
2022-02-02 12:00:00;418.0;493.87;187.0;6.07;37.85;3.45;
2022-02-02 13:00:00;364.0;505.04;157.0;6.63;38.0;3.1;
2022-02-02 14:00:00;229.0;286.84;140.0;6.8;39.55;2.34;
2022-02-02 15:00:00;140.0;477.98;56.0;6.33;44.45;1.93;
2022-02-02 16:00:00;0.0;0.0;0.0;5.04;44.15;2.34;
2022-02-02 17:00:00;0.0;0.0;0.0;3.1;51.3;2.83;
2022-02-02 18:00:00;0.0;0.0;0.0;1.18;62.15;2.9;
2022-02-02 19:00:00;0.0;0.0;0.0;0.3;67.2;2.9;
2022-02-02 20:00:00;0.0;0.0;0.0;0.28;64.55;3.24;
2022-02-02 21:00:00;0.0;0.0;0.0;-0.12;67.1;3.31;
2022-02-02 22:00:00;0.0;0.0;0.0;-0.51;69.75;3.45;
2022-02-02 23:00:00;0.0;0.0;0.0;-0.69;69.75;3.52;
2022-02-03 00:00:00;0.0;0.0;0.0;-0.92;72.5;3.38;
2022-02-03 01:00:00;0.0;0.0;0.0;-1.32;75.35;3.17;
2022-02-03 02:00:00;0.0;0.0;0.0;-1.7;75.35;3.1;
2022-02-03 03:00:00;0.0;0.0;0.0;-1.97;81.55;2.9;
2022-02-03 04:00:00;0.0;0.0;0.0;-1.92;81.55;2.83;
2022-02-03 05:00:00;0.0;0.0;0.0;-1.76;81.55;2.9;
2022-02-03 06:00:00;0.0;0.0;0.0;-1.53;78.45;2.83;
2022-02-03 07:00:00;67.0;313.82;34.0;-0.37;81.75;2.76;
2022-02-03 08:00:00;209.0;492.94;84.0;1.35;75.85;2.21;
2022-02-03 09:00:00;323.0;514.61;132.0;3.91;70.6;1.93;
2022-02-03 10:00:00;409.0;564.62;155.0;5.82;70.85;1.86;
2022-02-03 11:00:00;446.0;580.16;165.0;7.19;65.85;1.72;
2022-02-03 12:00:00;456.0;683.95;133.0;8.06;66.05;1.52;
2022-02-03 13:00:00;389.0;651.53;119.0;8.54;63.7;1.1;
2022-02-03 14:00:00;283.0;616.35;89.0;8.78;66.15;1.03;
2022-02-03 15:00:00;143.0;499.77;53.0;8.78;68.7;1.31;
2022-02-03 16:00:00;0.0;0.0;0.0;8.04;68.6;2.0;
2022-02-03 17:00:00;0.0;0.0;0.0;6.22;76.55;2.55;
2022-02-03 18:00:00;0.0;0.0;0.0;4.89;82.4;2.55;
2022-02-03 19:00:00;0.0;0.0;0.0;4.03;85.5;2.34;
2022-02-03 20:00:00;0.0;0.0;0.0;3.16;88.7;2.55;
2022-02-03 21:00:00;0.0;0.0;0.0;2.07;92.1;2.41;
2022-02-03 22:00:00;0.0;0.0;0.0;1.49;95.65;2.28;
2022-02-03 23:00:00;0.0;0.0;0.0;1.18;95.65;2.28;
2022-02-04 00:00:00;0.0;0.0;0.0;0.56;95.65;1.86;
2022-02-04 01:00:00;0.0;0.0;0.0;0.42;95.65;1.38;
2022-02-04 02:00:00;0.0;0.0;0.0;0.32;95.65;1.17;
2022-02-04 03:00:00;0.0;0.0;0.0;0.87;95.65;1.03;
2022-02-04 04:00:00;0.0;0.0;0.0;1.48;95.65;0.9;
2022-02-04 05:00:00;0.0;0.0;0.0;1.33;95.65;0.97;
2022-02-04 06:00:00;0.0;0.0;0.0;0.71;99.4;1.1;
2022-02-04 07:00:00;62.0;211.48;39.0;0.86;95.65;1.03;
2022-02-04 08:00:00;139.0;97.1;114.0;2.51;92.15;0.76;
2022-02-04 09:00:00;188.0;53.29;168.0;4.63;88.85;0.62;
2022-02-04 10:00:00;304.0;180.53;222.0;6.06;82.55;0.07;
2022-02-04 11:00:00;264.0;65.46;232.0;7.18;82.6;0.21;
2022-02-04 12:00:00;238.0;46.14;216.0;7.7;82.65;0.76;
2022-02-04 13:00:00;354.0;455.85;163.0;8.17;82.7;1.1;
2022-02-04 14:00:00;277.0;554.39;100.0;8.64;82.75;1.45;
2022-02-04 15:00:00;119.0;243.96;74.0;8.45;82.75;1.59;
2022-02-04 16:00:00;0.0;0.0;0.0;7.93;85.85;1.59;
2022-02-04 17:00:00;0.0;0.0;0.0;6.77;92.35;1.24;
2022-02-04 18:00:00;0.0;0.0;0.0;6.28;95.8;1.1;
2022-02-04 19:00:00;0.0;0.0;0.0;6.05;88.95;0.62;
2022-02-04 20:00:00;0.0;0.0;0.0;5.31;95.75;0.83;
2022-02-04 21:00:00;0.0;0.0;0.0;4.49;95.75;1.17;
2022-02-04 22:00:00;0.0;0.0;0.0;3.76;99.4;1.31;
2022-02-04 23:00:00;0.0;0.0;0.0;3.69;99.4;0.97;
2022-02-05 00:00:00;0.0;0.0;0.0;4.29;95.75;0.34;
2022-02-05 01:00:00;0.0;0.0;0.0;4.4;92.25;0.0;
2022-02-05 02:00:00;0.0;0.0;0.0;4.25;95.75;0.55;
2022-02-05 03:00:00;0.0;0.0;0.0;3.65;95.7;0.76;
2022-02-05 04:00:00;0.0;0.0;0.0;4.08;95.75;0.48;
2022-02-05 05:00:00;0.0;0.0;0.0;4.6;92.25;0.41;
2022-02-05 06:00:00;0.0;0.0;0.0;4.3;95.75;0.83;
2022-02-05 07:00:00;50.0;80.03;41.0;4.46;92.25;1.17;
2022-02-05 08:00:00;81.0;3.83;80.0;5.64;92.3;1.79;
2022-02-05 09:00:00;136.0;5.27;134.0;7.09;89.0;2.34;
2022-02-05 10:00:00;120.0;0.0;120.0;8.4;85.9;3.03;
2022-02-05 11:00:00;144.0;0.0;144.0;9.15;82.85;3.45;
2022-02-05 12:00:00;70.0;0.0;70.0;9.51;82.9;3.52;
2022-02-05 13:00:00;70.0;0.0;70.0;9.43;82.9;3.45;
2022-02-05 14:00:00;52.0;0.0;52.0;9.62;89.15;4.07;
2022-02-05 15:00:00;37.0;0.0;37.0;9.33;92.45;4.9;
2022-02-05 16:00:00;0.0;0.0;0.0;8.96;89.1;5.79;
2022-02-05 17:00:00;0.0;0.0;0.0;8.77;89.1;6.55;
2022-02-05 18:00:00;0.0;0.0;0.0;8.64;89.1;6.97;
2022-02-05 19:00:00;0.0;0.0;0.0;8.38;89.1;7.17;
2022-02-05 20:00:00;0.0;0.0;0.0;8.36;92.4;6.62;
2022-02-05 21:00:00;0.0;0.0;0.0;8.26;92.4;5.79;
2022-02-05 22:00:00;0.0;0.0;0.0;8.03;92.4;4.69;
2022-02-05 23:00:00;0.0;0.0;0.0;7.75;95.8;3.66;
2022-02-06 00:00:00;0.0;0.0;0.0;7.23;95.8;2.76;
2022-02-06 01:00:00;0.0;0.0;0.0;6.54;92.35;3.31;
2022-02-06 02:00:00;0.0;0.0;0.0;5.98;88.95;5.31;
2022-02-06 03:00:00;0.0;0.0;0.0;5.43;92.3;5.79;
2022-02-06 04:00:00;0.0;0.0;0.0;5.35;88.9;5.24;
2022-02-06 05:00:00;0.0;0.0;0.0;5.54;92.3;4.76;
2022-02-06 06:00:00;0.0;0.0;0.0;5.5;92.3;5.1;
2022-02-06 07:00:00;18.0;0.0;18.0;5.85;88.95;4.97;
2022-02-06 08:00:00;46.0;0.0;46.0;6.14;88.95;5.24;
2022-02-06 09:00:00;59.0;0.0;59.0;6.38;85.75;4.76;
2022-02-06 10:00:00;88.0;0.0;88.0;6.49;85.75;4.55;
2022-02-06 11:00:00;112.0;0.0;112.0;6.52;85.75;4.69;
2022-02-06 12:00:00;196.0;12.34;190.0;6.48;85.75;4.62;
2022-02-06 13:00:00;223.0;60.71;197.0;6.45;82.6;4.28;
2022-02-06 14:00:00;80.0;0.0;80.0;6.53;82.6;3.93;
2022-02-06 15:00:00;57.0;5.17;56.0;6.39;82.6;3.31;
2022-02-06 16:00:00;7.0;0.0;7.0;6.11;82.55;2.76;
2022-02-06 17:00:00;0.0;0.0;0.0;5.62;82.5;2.14;
2022-02-06 18:00:00;0.0;0.0;0.0;5.43;82.5;2.21;
2022-02-06 19:00:00;0.0;0.0;0.0;5.55;82.5;3.17;
2022-02-06 20:00:00;0.0;0.0;0.0;5.37;79.4;4.07;
2022-02-06 21:00:00;0.0;0.0;0.0;4.99;76.4;4.41;
2022-02-06 22:00:00;0.0;0.0;0.0;4.95;73.55;4.34;
2022-02-06 23:00:00;0.0;0.0;0.0;4.95;73.55;3.86;
2022-02-07 00:00:00;0.0;0.0;0.0;4.63;73.45;3.45;
2022-02-07 01:00:00;0.0;0.0;0.0;4.05;76.25;3.03;
2022-02-07 02:00:00;0.0;0.0;0.0;3.46;79.15;2.76;
2022-02-07 03:00:00;0.0;0.0;0.0;3.23;82.2;2.62;
2022-02-07 04:00:00;0.0;0.0;0.0;2.81;82.2;2.62;
2022-02-07 05:00:00;0.0;0.0;0.0;2.37;85.35;2.55;
2022-02-07 06:00:00;0.0;0.0;0.0;1.95;88.65;2.55;
2022-02-07 07:00:00;85.0;407.92;36.0;2.53;88.65;2.48;
2022-02-07 08:00:00;241.0;630.49;71.0;4.32;85.55;2.28;
2022-02-07 09:00:00;372.0;713.6;95.0;6.45;76.65;2.83;
2022-02-07 10:00:00;460.0;737.71;115.0;7.63;71.15;3.79;
2022-02-07 11:00:00;460.0;562.97;177.0;8.25;63.6;4.28;
2022-02-07 12:00:00;490.0;763.97;115.0;8.59;59.0;4.28;
2022-02-07 13:00:00;414.0;688.25;116.0;8.55;59.0;3.93;
2022-02-07 14:00:00;317.0;717.71;78.0;8.39;56.8;3.52;
2022-02-07 15:00:00;162.0;536.08;56.0;8.06;58.9;3.1;
2022-02-07 16:00:00;9.0;0.0;9.0;7.35;61.1;2.34;
2022-02-07 17:00:00;0.0;0.0;0.0;6.07;65.75;1.93;
2022-02-07 18:00:00;0.0;0.0;0.0;5.24;68.1;1.52;
2022-02-07 19:00:00;0.0;0.0;0.0;4.24;79.2;2.0;
2022-02-07 20:00:00;0.0;0.0;0.0;3.41;76.15;2.34;
2022-02-07 21:00:00;0.0;0.0;0.0;2.87;76.1;2.83;
2022-02-07 22:00:00;0.0;0.0;0.0;2.7;76.0;3.1;
2022-02-07 23:00:00;0.0;0.0;0.0;2.42;73.1;2.9;
2022-02-08 00:00:00;0.0;0.0;0.0;2.54;73.1;2.48;
2022-02-08 01:00:00;0.0;0.0;0.0;2.17;73.0;2.21;
2022-02-08 02:00:00;0.0;0.0;0.0;1.69;75.85;2.14;
2022-02-08 03:00:00;0.0;0.0;0.0;1.29;75.85;2.14;
2022-02-08 04:00:00;0.0;0.0;0.0;1.07;78.8;2.14;
2022-02-08 05:00:00;0.0;0.0;0.0;1.0;78.8;2.0;
2022-02-08 06:00:00;0.0;0.0;0.0;0.84;78.8;1.86;
2022-02-08 07:00:00;89.0;419.06;37.0;1.11;85.2;1.66;
2022-02-08 08:00:00;244.0;613.46;76.0;2.56;82.15;1.45;
2022-02-08 09:00:00;376.0;697.88;102.0;4.58;68.0;2.14;
2022-02-08 10:00:00;394.0;406.54;202.0;5.24;65.55;2.62;
2022-02-08 11:00:00;318.0;126.13;254.0;5.79;63.15;2.76;
2022-02-08 12:00:00;307.0;119.04;248.0;6.12;60.85;2.97;
2022-02-08 13:00:00;341.0;324.41;199.0;6.26;58.55;2.97;
2022-02-08 14:00:00;261.0;346.53;144.0;6.19;58.55;2.83;
2022-02-08 15:00:00;169.0;553.9;57.0;5.89;58.55;2.55;
2022-02-08 16:00:00;13.0;73.81;10.0;5.12;63.05;2.07;
2022-02-08 17:00:00;0.0;0.0;0.0;3.96;67.9;1.93;
2022-02-08 18:00:00;0.0;0.0;0.0;2.45;79.0;1.52;
2022-02-08 19:00:00;0.0;0.0;0.0;3.44;73.3;0.21;
2022-02-08 20:00:00;0.0;0.0;0.0;2.29;78.95;0.97;
2022-02-08 21:00:00;0.0;0.0;0.0;-0.33;88.45;1.52;
2022-02-08 22:00:00;0.0;0.0;0.0;-1.11;91.95;1.59;
2022-02-08 23:00:00;0.0;0.0;0.0;-1.07;91.95;1.45;
2022-02-09 00:00:00;0.0;0.0;0.0;-0.84;91.95;1.31;
2022-02-09 01:00:00;0.0;0.0;0.0;-0.35;91.95;1.1;
2022-02-09 02:00:00;0.0;0.0;0.0;-0.43;91.95;1.1;
2022-02-09 03:00:00;0.0;0.0;0.0;-1.44;95.6;1.38;
2022-02-09 04:00:00;0.0;0.0;0.0;-1.94;95.55;1.52;
2022-02-09 05:00:00;0.0;0.0;0.0;-1.55;95.6;1.52;
2022-02-09 06:00:00;0.0;0.0;0.0;-1.31;95.6;1.45;
2022-02-09 07:00:00;49.0;31.22;45.0;0.17;95.6;0.97;
2022-02-09 08:00:00;112.0;17.98;107.0;1.87;92.1;0.55;
2022-02-09 09:00:00;148.0;7.55;145.0;3.84;79.2;0.48;
2022-02-09 10:00:00;187.0;8.39;183.0;4.76;79.3;0.34;
2022-02-09 11:00:00;185.0;3.9;183.0;5.68;73.65;0.69;
2022-02-09 12:00:00;190.0;5.99;187.0;6.53;68.4;1.59;
2022-02-09 13:00:00;183.0;13.56;177.0;6.99;68.4;1.93;
2022-02-09 14:00:00;127.0;8.76;124.0;7.25;68.4;2.28;
2022-02-09 15:00:00;71.0;9.68;69.0;7.0;71.05;2.62;
2022-02-09 16:00:00;6.0;0.0;6.0;6.55;71.05;2.9;
2022-02-09 17:00:00;0.0;0.0;0.0;6.01;73.7;3.03;
2022-02-09 18:00:00;0.0;0.0;0.0;5.73;79.4;3.03;
2022-02-09 19:00:00;0.0;0.0;0.0;4.72;82.35;2.07;
2022-02-09 20:00:00;0.0;0.0;0.0;4.65;82.35;2.14;
2022-02-09 21:00:00;0.0;0.0;0.0;4.49;82.35;1.93;
2022-02-09 22:00:00;0.0;0.0;0.0;4.34;85.55;2.28;
2022-02-09 23:00:00;0.0;0.0;0.0;4.61;88.85;2.9;
2022-02-10 00:00:00;0.0;0.0;0.0;4.87;85.6;3.59;
2022-02-10 01:00:00;0.0;0.0;0.0;5.04;88.85;4.21;
2022-02-10 02:00:00;0.0;0.0;0.0;5.36;88.9;4.9;
2022-02-10 03:00:00;0.0;0.0;0.0;5.61;88.9;5.52;
2022-02-10 04:00:00;0.0;0.0;0.0;5.73;88.9;5.66;
2022-02-10 05:00:00;0.0;0.0;0.0;5.9;85.7;5.72;
2022-02-10 06:00:00;0.0;0.0;0.0;6.07;88.95;5.45;
2022-02-10 07:00:00;23.0;0.0;23.0;5.97;88.95;6.0;
2022-02-10 08:00:00;159.0;113.26;127.0;5.91;88.95;6.14;
2022-02-10 09:00:00;78.0;0.0;78.0;5.67;88.9;6.0;
2022-02-10 10:00:00;85.0;0.0;85.0;5.4;88.9;5.79;
2022-02-10 11:00:00;139.0;0.0;139.0;5.27;88.85;5.86;
2022-02-10 12:00:00;141.0;0.0;141.0;4.89;88.85;5.52;
2022-02-10 13:00:00;86.0;0.0;86.0;4.38;88.85;4.9;
2022-02-10 14:00:00;51.0;0.0;51.0;3.98;88.8;4.55;
2022-02-10 15:00:00;18.0;0.0;18.0;3.74;92.15;4.28;
2022-02-10 16:00:00;8.0;0.0;8.0;3.54;92.15;4.0;
2022-02-10 17:00:00;0.0;0.0;0.0;3.26;92.15;3.59;
2022-02-10 18:00:00;0.0;0.0;0.0;2.88;92.15;3.24;
2022-02-10 19:00:00;0.0;0.0;0.0;2.38;92.15;3.31;
2022-02-10 20:00:00;0.0;0.0;0.0;1.86;92.1;3.1;
2022-02-10 21:00:00;0.0;0.0;0.0;1.48;95.65;3.24;
2022-02-10 22:00:00;0.0;0.0;0.0;1.49;95.65;3.45;
2022-02-10 23:00:00;0.0;0.0;0.0;1.58;95.65;3.52;
2022-02-11 00:00:00;0.0;0.0;0.0;1.61;95.65;3.38;
2022-02-11 01:00:00;0.0;0.0;0.0;1.63;95.65;2.97;
2022-02-11 02:00:00;0.0;0.0;0.0;1.55;95.65;2.76;
2022-02-11 03:00:00;0.0;0.0;0.0;1.46;95.65;2.76;
2022-02-11 04:00:00;0.0;0.0;0.0;1.44;95.65;2.69;
2022-02-11 05:00:00;0.0;0.0;0.0;1.39;95.65;2.69;
2022-02-11 06:00:00;0.0;0.0;0.0;1.51;95.65;2.48;
2022-02-11 07:00:00;48.0;21.98;45.0;2.21;92.1;2.34;
2022-02-11 08:00:00;106.0;10.45;103.0;2.71;88.65;2.21;
2022-02-11 09:00:00;156.0;9.84;152.0;3.36;82.25;2.28;
2022-02-11 10:00:00;86.0;0.0;86.0;4.24;79.2;2.41;
2022-02-11 11:00:00;106.0;0.0;106.0;4.85;73.55;2.69;
2022-02-11 12:00:00;88.0;0.0;88.0;5.29;73.55;3.17;
2022-02-11 13:00:00;76.0;0.0;76.0;5.81;68.2;3.17;
2022-02-11 14:00:00;50.0;0.0;50.0;5.79;68.2;2.97;
2022-02-11 15:00:00;33.0;0.0;33.0;5.62;68.2;2.76;
2022-02-11 16:00:00;11.0;0.0;11.0;5.37;68.2;2.21;
2022-02-11 17:00:00;0.0;0.0;0.0;4.88;70.8;1.79;
2022-02-11 18:00:00;0.0;0.0;0.0;4.12;79.2;1.31;
2022-02-11 19:00:00;0.0;0.0;0.0;4.31;79.2;0.69;
2022-02-11 20:00:00;0.0;0.0;0.0;3.37;85.45;1.31;
2022-02-11 21:00:00;0.0;0.0;0.0;2.98;88.7;2.14;
2022-02-11 22:00:00;0.0;0.0;0.0;2.67;92.15;2.62;
2022-02-11 23:00:00;0.0;0.0;0.0;2.28;95.65;2.83;
2022-02-12 00:00:00;0.0;0.0;0.0;2.04;92.1;2.9;
2022-02-12 01:00:00;0.0;0.0;0.0;1.94;92.1;2.83;
2022-02-12 02:00:00;0.0;0.0;0.0;1.74;95.65;2.9;
2022-02-12 03:00:00;0.0;0.0;0.0;1.74;95.65;2.76;
2022-02-12 04:00:00;0.0;0.0;0.0;1.86;95.65;2.34;
2022-02-12 05:00:00;0.0;0.0;0.0;2.17;95.65;1.79;
2022-02-12 06:00:00;0.0;0.0;0.0;2.4;92.15;1.24;
2022-02-12 07:00:00;78.0;163.35;55.0;3.58;92.15;1.38;
2022-02-12 08:00:00;132.0;37.73;121.0;4.55;88.85;1.86;
2022-02-12 09:00:00;168.0;14.6;162.0;5.27;85.6;2.97;
2022-02-12 10:00:00;151.0;0.0;151.0;5.88;76.55;4.14;
2022-02-12 11:00:00;84.0;0.0;84.0;6.23;76.55;5.03;
2022-02-12 12:00:00;69.0;0.0;69.0;6.2;73.7;5.31;
2022-02-12 13:00:00;123.0;0.0;123.0;5.9;73.7;5.17;
2022-02-12 14:00:00;98.0;0.0;98.0;5.74;76.5;4.69;
2022-02-12 15:00:00;96.0;40.86;87.0;5.8;76.5;4.34;
2022-02-12 16:00:00;14.0;17.29;13.0;5.46;73.65;3.38;
2022-02-12 17:00:00;0.0;0.0;0.0;5.0;73.55;2.76;
2022-02-12 18:00:00;0.0;0.0;0.0;4.56;79.3;2.14;
2022-02-12 19:00:00;0.0;0.0;0.0;4.32;82.35;1.93;
2022-02-12 20:00:00;0.0;0.0;0.0;3.94;85.5;1.79;
2022-02-12 21:00:00;0.0;0.0;0.0;3.53;82.25;2.0;
2022-02-12 22:00:00;0.0;0.0;0.0;3.08;85.4;2.28;
2022-02-12 23:00:00;0.0;0.0;0.0;2.69;85.35;2.34;
2022-02-13 00:00:00;0.0;0.0;0.0;1.99;85.3;2.14;
2022-02-13 01:00:00;0.0;0.0;0.0;1.32;85.25;1.79;
2022-02-13 02:00:00;0.0;0.0;0.0;0.66;92.0;1.72;
2022-02-13 03:00:00;0.0;0.0;0.0;0.11;92.0;1.93;
2022-02-13 04:00:00;0.0;0.0;0.0;-0.47;91.95;2.07;
2022-02-13 05:00:00;0.0;0.0;0.0;-0.76;95.6;2.07;
2022-02-13 06:00:00;0.0;0.0;0.0;-1.14;95.6;2.07;
2022-02-13 07:00:00;111.0;468.38;43.0;-0.75;99.4;1.66;
2022-02-13 08:00:00;269.0;641.65;79.0;2.13;92.1;1.45;
2022-02-13 09:00:00;417.0;791.17;88.0;5.63;79.4;1.66;
2022-02-13 10:00:00;509.0;822.24;101.0;7.19;65.85;1.93;
2022-02-13 11:00:00;555.0;853.81;101.0;8.17;61.2;1.86;
2022-02-13 12:00:00;555.0;905.76;84.0;8.88;56.9;1.72;
2022-02-13 13:00:00;465.0;790.36;100.0;9.34;54.8;1.66;
2022-02-13 14:00:00;353.0;755.97;80.0;9.52;52.85;1.72;
2022-02-13 15:00:00;193.0;587.17;61.0;9.38;52.85;2.0;
2022-02-13 16:00:00;27.0;128.73;19.0;8.35;61.2;2.55;
2022-02-13 17:00:00;0.0;0.0;0.0;6.75;65.85;3.1;
2022-02-13 18:00:00;0.0;0.0;0.0;5.8;70.85;3.31;
2022-02-13 19:00:00;0.0;0.0;0.0;4.86;73.55;2.9;
2022-02-13 20:00:00;0.0;0.0;0.0;3.81;79.2;2.76;
2022-02-13 21:00:00;0.0;0.0;0.0;2.74;88.65;2.55;
2022-02-13 22:00:00;0.0;0.0;0.0;2.04;88.65;2.34;
2022-02-13 23:00:00;0.0;0.0;0.0;1.36;88.6;2.21;
2022-02-14 00:00:00;0.0;0.0;0.0;0.5;88.5;2.14;
2022-02-14 01:00:00;0.0;0.0;0.0;-0.05;92.0;1.79;
2022-02-14 02:00:00;0.0;0.0;0.0;-0.73;95.6;1.52;
2022-02-14 03:00:00;0.0;0.0;0.0;-0.75;91.95;1.24;
2022-02-14 04:00:00;0.0;0.0;0.0;-0.22;88.45;0.97;
2022-02-14 05:00:00;0.0;0.0;0.0;-0.06;88.45;0.83;
2022-02-14 06:00:00;0.0;0.0;0.0;-0.03;88.45;0.9;
2022-02-14 07:00:00;109.0;407.64;48.0;1.38;85.25;0.41;
2022-02-14 08:00:00;247.0;458.81;109.0;3.02;85.4;0.21;
2022-02-14 09:00:00;239.0;90.33;201.0;5.54;76.5;0.76;
2022-02-14 10:00:00;66.0;0.0;66.0;6.93;73.8;1.52;
2022-02-14 11:00:00;104.0;0.0;104.0;7.57;71.15;2.34;
2022-02-14 12:00:00;100.0;0.0;100.0;7.89;71.25;3.03;
2022-02-14 13:00:00;170.0;4.29;168.0;8.02;71.25;3.79;
2022-02-14 14:00:00;119.0;2.73;118.0;7.91;71.25;4.14;
2022-02-14 15:00:00;43.0;0.0;43.0;7.48;73.9;4.0;
2022-02-14 16:00:00;19.0;15.04;18.0;6.98;76.65;3.24;
2022-02-14 17:00:00;0.0;0.0;0.0;6.15;76.55;2.76;
2022-02-14 18:00:00;0.0;0.0;0.0;5.4;76.5;2.21;
2022-02-14 19:00:00;0.0;0.0;0.0;4.06;88.8;2.0;
2022-02-14 20:00:00;0.0;0.0;0.0;3.21;92.15;2.14;
2022-02-14 21:00:00;0.0;0.0;0.0;2.86;88.7;2.41;
2022-02-14 22:00:00;0.0;0.0;0.0;2.55;92.15;2.55;
2022-02-14 23:00:00;0.0;0.0;0.0;2.73;92.15;2.55;
2022-02-15 00:00:00;0.0;0.0;0.0;2.52;92.15;2.62;
2022-02-15 01:00:00;0.0;0.0;0.0;2.43;92.15;2.55;
2022-02-15 02:00:00;0.0;0.0;0.0;2.13;92.1;2.48;
2022-02-15 03:00:00;0.0;0.0;0.0;1.86;92.1;2.41;
2022-02-15 04:00:00;0.0;0.0;0.0;1.51;95.65;2.34;
2022-02-15 05:00:00;0.0;0.0;0.0;1.49;95.65;2.34;
2022-02-15 06:00:00;0.0;0.0;0.0;1.03;95.65;2.34;
2022-02-15 07:00:00;64.0;38.92;58.0;1.09;99.35;2.0;
2022-02-15 08:00:00;167.0;91.65;139.0;2.89;88.7;2.07;
2022-02-15 09:00:00;395.0;622.71;130.0;4.72;82.35;2.07;
2022-02-15 10:00:00;502.0;742.88;126.0;5.99;70.95;1.79;
2022-02-15 11:00:00;544.0;760.5;132.0;6.92;65.85;2.0;
2022-02-15 12:00:00;557.0;869.86;96.0;7.35;63.5;2.07;
2022-02-15 13:00:00;416.0;504.66;178.0;7.54;63.5;2.07;
2022-02-15 14:00:00;349.0;685.31;95.0;7.44;63.5;2.0;
2022-02-15 15:00:00;204.0;611.3;61.0;7.33;63.35;1.79;
2022-02-15 16:00:00;30.0;98.85;23.0;6.54;65.85;2.0;
2022-02-15 17:00:00;0.0;0.0;0.0;5.49;70.85;2.34;
2022-02-15 18:00:00;0.0;0.0;0.0;4.59;76.3;2.34;
2022-02-15 19:00:00;0.0;0.0;0.0;3.83;79.2;1.93;
2022-02-15 20:00:00;0.0;0.0;0.0;2.86;85.4;1.93;
2022-02-15 21:00:00;0.0;0.0;0.0;2.29;92.1;2.14;
2022-02-15 22:00:00;0.0;0.0;0.0;2.29;92.1;2.07;
2022-02-15 23:00:00;0.0;0.0;0.0;2.41;88.65;2.14;
2022-02-16 00:00:00;0.0;0.0;0.0;2.97;85.4;2.0;
2022-02-16 01:00:00;0.0;0.0;0.0;3.28;88.7;1.86;
2022-02-16 02:00:00;0.0;0.0;0.0;3.32;85.45;1.59;
2022-02-16 03:00:00;0.0;0.0;0.0;3.35;88.75;1.38;
2022-02-16 04:00:00;0.0;0.0;0.0;3.34;88.75;1.24;
2022-02-16 05:00:00;0.0;0.0;0.0;3.55;88.75;0.9;
2022-02-16 06:00:00;0.0;0.0;0.0;3.62;88.75;0.62;
2022-02-16 07:00:00;46.0;6.3;45.0;2.44;92.15;1.17;
2022-02-16 08:00:00;244.0;402.82;119.0;4.29;88.8;1.17;
2022-02-16 09:00:00;209.0;41.81;191.0;5.7;85.65;1.24;
2022-02-16 10:00:00;450.0;506.68;191.0;6.61;79.55;1.1;
2022-02-16 11:00:00;226.0;12.8;219.0;7.45;79.65;0.69;
2022-02-16 12:00:00;151.0;0.0;151.0;8.29;76.8;0.83;
2022-02-16 13:00:00;157.0;2.1;156.0;8.65;74.05;1.59;
2022-02-16 14:00:00;177.0;39.96;162.0;8.48;76.85;2.14;
2022-02-16 15:00:00;111.0;54.51;98.0;8.31;79.7;2.55;
2022-02-16 16:00:00;19.0;13.31;18.0;7.93;79.7;2.55;
2022-02-16 17:00:00;0.0;0.0;0.0;7.41;82.65;2.69;
2022-02-16 18:00:00;0.0;0.0;0.0;7.28;89.0;2.69;
2022-02-16 19:00:00;0.0;0.0;0.0;6.73;89.0;2.21;
2022-02-16 20:00:00;0.0;0.0;0.0;6.79;89.0;2.28;
2022-02-16 21:00:00;0.0;0.0;0.0;6.72;89.0;2.41;
2022-02-16 22:00:00;0.0;0.0;0.0;6.73;89.0;2.55;
2022-02-16 23:00:00;0.0;0.0;0.0;6.79;92.35;2.34;
2022-02-17 00:00:00;0.0;0.0;0.0;6.77;92.35;2.21;
2022-02-17 01:00:00;0.0;0.0;0.0;6.7;92.35;1.93;
2022-02-17 02:00:00;0.0;0.0;0.0;6.61;92.35;1.93;
2022-02-17 03:00:00;0.0;0.0;0.0;6.59;92.35;2.07;
2022-02-17 04:00:00;0.0;0.0;0.0;6.6;92.35;2.21;
2022-02-17 05:00:00;0.0;0.0;0.0;6.61;89.0;2.07;
2022-02-17 06:00:00;0.0;0.0;0.0;6.6;89.0;1.72;
2022-02-17 07:00:00;91.0;159.06;65.0;5.9;92.3;1.24;
2022-02-17 08:00:00;131.0;22.21;124.0;6.73;89.0;1.59;
2022-02-17 09:00:00;179.0;16.07;172.0;7.09;92.35;1.72;
2022-02-17 10:00:00;303.0;102.67;250.0;7.61;89.0;1.93;
2022-02-17 11:00:00;161.0;0.0;161.0;8.13;85.85;1.79;
2022-02-17 12:00:00;160.0;0.0;160.0;8.88;82.85;1.66;
2022-02-17 13:00:00;239.0;45.69;217.0;9.38;79.9;1.24;
2022-02-17 14:00:00;167.0;26.3;157.0;9.45;79.9;1.31;
2022-02-17 15:00:00;162.0;250.95;101.0;9.44;79.9;1.45;
2022-02-17 16:00:00;22.0;12.58;21.0;9.29;85.95;1.52;
2022-02-17 17:00:00;0.0;0.0;0.0;8.79;89.1;1.38;
2022-02-17 18:00:00;0.0;0.0;0.0;8.42;92.4;1.31;
2022-02-17 19:00:00;0.0;0.0;0.0;8.04;92.4;1.72;
2022-02-17 20:00:00;0.0;0.0;0.0;7.9;92.4;2.07;
2022-02-17 21:00:00;0.0;0.0;0.0;7.95;92.4;2.0;
2022-02-17 22:00:00;0.0;0.0;0.0;8.1;95.8;2.0;
2022-02-17 23:00:00;0.0;0.0;0.0;8.14;95.8;1.93;
2022-02-18 00:00:00;0.0;0.0;0.0;8.21;95.8;2.34;
2022-02-18 01:00:00;0.0;0.0;0.0;8.14;95.8;2.76;
2022-02-18 02:00:00;0.0;0.0;0.0;8.25;95.8;2.07;
2022-02-18 03:00:00;0.0;0.0;0.0;8.15;95.8;1.24;
2022-02-18 04:00:00;0.0;0.0;0.0;7.71;99.4;0.62;
2022-02-18 05:00:00;0.0;0.0;0.0;7.52;99.4;2.0;
2022-02-18 06:00:00;0.0;0.0;0.0;7.33;99.4;3.03;
2022-02-18 07:00:00;39.0;0.0;39.0;7.22;99.4;2.83;
2022-02-18 08:00:00;188.0;131.21;146.0;7.41;95.8;3.31;
2022-02-18 09:00:00;357.0;401.78;180.0;8.01;92.4;4.28;
2022-02-18 10:00:00;370.0;228.25;251.0;8.75;89.1;4.41;
2022-02-18 11:00:00;514.0;596.04;182.0;9.91;79.95;4.21;
2022-02-18 12:00:00;562.0;856.74;95.0;11.56;71.85;4.07;
2022-02-18 13:00:00;478.0;766.85;105.0;12.99;64.65;3.86;
2022-02-18 14:00:00;366.0;724.76;87.0;13.47;62.45;2.9;
2022-02-18 15:00:00;210.0;581.47;66.0;13.34;67.05;2.14;
2022-02-18 16:00:00;40.0;143.12;28.0;12.35;71.95;1.45;
2022-02-18 17:00:00;0.0;0.0;0.0;10.62;80.05;2.07;
2022-02-18 18:00:00;0.0;0.0;0.0;9.19;89.1;2.9;
2022-02-18 19:00:00;0.0;0.0;0.0;8.39;92.4;2.83;
2022-02-18 20:00:00;0.0;0.0;0.0;8.1;95.8;2.76;
2022-02-18 21:00:00;0.0;0.0;0.0;7.77;95.8;2.62;
2022-02-18 22:00:00;0.0;0.0;0.0;7.62;95.8;2.55;
2022-02-18 23:00:00;0.0;0.0;0.0;7.57;95.8;2.55;
2022-02-19 00:00:00;0.0;0.0;0.0;7.47;92.35;2.69;
2022-02-19 01:00:00;0.0;0.0;0.0;7.3;95.8;2.62;
2022-02-19 02:00:00;0.0;0.0;0.0;6.96;92.35;2.55;
2022-02-19 03:00:00;0.0;0.0;0.0;7.19;95.8;2.83;
2022-02-19 04:00:00;0.0;0.0;0.0;7.9;89.05;3.59;
2022-02-19 05:00:00;0.0;0.0;0.0;8.66;92.4;3.59;
2022-02-19 06:00:00;0.0;0.0;0.0;8.95;92.45;3.52;
2022-02-19 07:00:00;29.0;0.0;29.0;9.83;92.45;6.62;
2022-02-19 08:00:00;106.0;3.08;105.0;9.96;89.2;7.66;
2022-02-19 09:00:00;119.0;0.0;119.0;9.93;86.0;8.14;
2022-02-19 10:00:00;126.0;0.0;126.0;10.33;82.95;7.86;
2022-02-19 11:00:00;369.0;163.66;277.0;10.98;80.1;7.17;
2022-02-19 12:00:00;325.0;103.6;268.0;11.72;83.1;6.55;
2022-02-19 13:00:00;134.0;0.0;134.0;13.12;77.5;6.28;
2022-02-19 14:00:00;109.0;0.0;109.0;13.9;77.6;5.79;
2022-02-19 15:00:00;75.0;3.96;74.0;12.88;86.25;5.45;
2022-02-19 16:00:00;32.0;45.35;28.0;12.1;89.35;5.59;
2022-02-19 17:00:00;0.0;0.0;0.0;11.91;89.35;4.9;
2022-02-19 18:00:00;0.0;0.0;0.0;11.83;89.3;3.93;
2022-02-19 19:00:00;0.0;0.0;0.0;11.69;86.15;2.62;
2022-02-19 20:00:00;0.0;0.0;0.0;11.3;89.3;2.34;
2022-02-19 21:00:00;0.0;0.0;0.0;10.9;89.3;2.55;
2022-02-19 22:00:00;0.0;0.0;0.0;10.15;92.5;3.24;
2022-02-19 23:00:00;0.0;0.0;0.0;9.42;95.85;3.72;
2022-02-20 00:00:00;0.0;0.0;0.0;8.81;95.85;3.72;
2022-02-20 01:00:00;0.0;0.0;0.0;8.52;92.4;3.1;
2022-02-20 02:00:00;0.0;0.0;0.0;8.53;92.4;2.28;
2022-02-20 03:00:00;0.0;0.0;0.0;8.49;92.4;1.52;
2022-02-20 04:00:00;0.0;0.0;0.0;8.32;95.8;1.45;
2022-02-20 05:00:00;0.0;0.0;0.0;7.8;95.8;1.59;
2022-02-20 06:00:00;0.0;0.0;0.0;7.36;92.35;1.72;
2022-02-20 07:00:00;76.0;44.97;68.0;8.86;89.1;3.03;
2022-02-20 08:00:00;75.0;0.0;75.0;9.66;82.9;3.38;
2022-02-20 09:00:00;122.0;0.0;122.0;10.38;77.15;3.03;
2022-02-20 10:00:00;191.0;3.76;189.0;10.94;74.45;2.83;
2022-02-20 11:00:00;246.0;17.63;236.0;10.57;80.05;2.83;
2022-02-20 12:00:00;150.0;0.0;150.0;10.1;82.95;3.45;
2022-02-20 13:00:00;139.0;0.0;139.0;9.16;82.85;4.28;
2022-02-20 14:00:00;215.0;83.65;182.0;8.37;85.9;4.97;
2022-02-20 15:00:00;117.0;46.73;105.0;7.61;89.0;4.97;
2022-02-20 16:00:00;32.0;32.42;29.0;7.07;92.35;4.21;
2022-02-20 17:00:00;0.0;0.0;0.0;6.4;89.0;4.34;
2022-02-20 18:00:00;0.0;0.0;0.0;5.82;92.3;5.03;
2022-02-20 19:00:00;0.0;0.0;0.0;6.37;89.0;4.0;
2022-02-20 20:00:00;0.0;0.0;0.0;6.02;88.95;4.83;
2022-02-20 21:00:00;0.0;0.0;0.0;5.58;85.65;5.24;
2022-02-20 22:00:00;0.0;0.0;0.0;5.27;85.6;4.83;
2022-02-20 23:00:00;0.0;0.0;0.0;5.0;82.4;3.38;
2022-02-21 00:00:00;0.0;0.0;0.0;4.58;82.35;2.14;
2022-02-21 01:00:00;0.0;0.0;0.0;3.73;85.45;1.93;
2022-02-21 02:00:00;0.0;0.0;0.0;2.92;88.7;2.21;
2022-02-21 03:00:00;0.0;0.0;0.0;2.15;92.1;2.55;
2022-02-21 04:00:00;0.0;0.0;0.0;1.57;95.65;2.55;
2022-02-21 05:00:00;0.0;0.0;0.0;0.89;95.65;2.28;
2022-02-21 06:00:00;0.0;0.0;0.0;0.4;95.65;2.21;
2022-02-21 07:00:00;148.0;530.48;51.0;1.21;99.35;1.45;
2022-02-21 08:00:00;319.0;718.99;78.0;2.84;92.15;1.45;
2022-02-21 09:00:00;455.0;780.79;99.0;5.43;88.9;1.79;
2022-02-21 10:00:00;558.0;849.33;102.0;7.76;73.9;2.9;
2022-02-21 11:00:00;596.0;845.41;112.0;9.28;61.45;3.31;
2022-02-21 12:00:00;581.0;838.75;111.0;10.27;55.05;3.24;
2022-02-21 13:00:00;503.0;781.99;111.0;10.88;51.25;3.45;
2022-02-21 14:00:00;387.0;741.29;91.0;11.09;51.25;3.45;
2022-02-21 15:00:00;219.0;524.16;82.0;10.84;55.15;3.52;
2022-02-21 16:00:00;57.0;258.03;32.0;10.1;59.35;4.0;
2022-02-21 17:00:00;0.0;0.0;0.0;9.04;63.8;4.07;
2022-02-21 18:00:00;0.0;0.0;0.0;8.4;66.15;3.66;
2022-02-21 19:00:00;0.0;0.0;0.0;8.12;76.8;3.38;
2022-02-21 20:00:00;0.0;0.0;0.0;7.93;76.8;3.1;
2022-02-21 21:00:00;0.0;0.0;0.0;7.41;76.7;2.97;
2022-02-21 22:00:00;0.0;0.0;0.0;6.9;79.55;2.9;
2022-02-21 23:00:00;0.0;0.0;0.0;6.33;82.55;2.9;
2022-02-22 00:00:00;0.0;0.0;0.0;6.04;79.5;3.1;
2022-02-22 01:00:00;0.0;0.0;0.0;6.34;79.55;3.03;
2022-02-22 02:00:00;0.0;0.0;0.0;6.71;79.55;3.03;
2022-02-22 03:00:00;0.0;0.0;0.0;6.81;82.6;2.97;
2022-02-22 04:00:00;0.0;0.0;0.0;6.79;82.6;2.76;
2022-02-22 05:00:00;0.0;0.0;0.0;6.67;82.6;2.83;
2022-02-22 06:00:00;0.0;0.0;0.0;6.67;82.6;2.97;
2022-02-22 07:00:00;148.0;500.38;54.0;7.18;89.0;3.93;
2022-02-22 08:00:00;280.0;464.25;122.0;7.64;89.0;3.66;
2022-02-22 09:00:00;247.0;69.39;215.0;8.08;85.85;3.38;
2022-02-22 10:00:00;369.0;188.15;267.0;9.05;79.85;3.24;
2022-02-22 11:00:00;308.0;58.85;274.0;10.03;74.3;2.62;
2022-02-22 12:00:00;270.0;31.83;252.0;10.74;71.7;1.45;
2022-02-22 13:00:00;426.0;438.52;204.0;11.0;69.15;0.62;
2022-02-22 14:00:00;331.0;428.13;158.0;11.16;69.15;0.28;
2022-02-22 15:00:00;229.0;594.12;71.0;11.03;69.15;0.83;
2022-02-22 16:00:00;41.0;59.27;35.0;10.48;74.4;1.17;
2022-02-22 17:00:00;0.0;0.0;0.0;9.41;77.0;1.38;
2022-02-22 18:00:00;0.0;0.0;0.0;8.2;89.05;1.31;
2022-02-22 19:00:00;0.0;0.0;0.0;7.08;95.8;1.1;
2022-02-22 20:00:00;0.0;0.0;0.0;7.37;89.0;0.76;
2022-02-22 21:00:00;0.0;0.0;0.0;6.16;92.3;1.17;
2022-02-22 22:00:00;0.0;0.0;0.0;5.59;92.3;1.66;
2022-02-22 23:00:00;0.0;0.0;0.0;6.15;92.3;1.93;
2022-02-23 00:00:00;0.0;0.0;0.0;6.67;92.35;2.21;
2022-02-23 01:00:00;0.0;0.0;0.0;6.88;92.35;2.55;
2022-02-23 02:00:00;0.0;0.0;0.0;7.21;95.8;2.69;
2022-02-23 03:00:00;0.0;0.0;0.0;7.39;92.35;2.41;
2022-02-23 04:00:00;0.0;0.0;0.0;7.49;95.8;2.0;
2022-02-23 05:00:00;0.0;0.0;0.0;7.52;95.8;1.38;
2022-02-23 06:00:00;0.0;0.0;0.0;7.6;95.8;0.41;
2022-02-23 07:00:00;69.0;15.55;66.0;7.93;95.8;0.21;
2022-02-23 08:00:00;34.0;0.0;34.0;8.47;95.85;1.31;
2022-02-23 09:00:00;156.0;2.14;155.0;9.1;92.45;2.14;
2022-02-23 10:00:00;101.0;0.0;101.0;9.79;89.15;2.55;
2022-02-23 11:00:00;93.0;0.0;93.0;10.21;86.0;2.76;
2022-02-23 12:00:00;74.0;0.0;74.0;10.31;86.0;2.83;
2022-02-23 13:00:00;90.0;0.0;90.0;10.41;83.0;2.76;
2022-02-23 14:00:00;48.0;0.0;48.0;10.23;82.95;2.34;
2022-02-23 15:00:00;82.0;3.7;81.0;10.12;82.95;1.86;
2022-02-23 16:00:00;37.0;28.42;34.0;9.89;79.95;1.03;
2022-02-23 17:00:00;0.0;0.0;0.0;9.44;85.95;0.62;
2022-02-23 18:00:00;0.0;0.0;0.0;8.77;92.4;0.9;
2022-02-23 19:00:00;0.0;0.0;0.0;6.88;95.8;1.03;
2022-02-23 20:00:00;0.0;0.0;0.0;6.56;92.35;1.03;
2022-02-23 21:00:00;0.0;0.0;0.0;6.9;95.8;0.83;
2022-02-23 22:00:00;0.0;0.0;0.0;7.22;95.8;0.62;
2022-02-23 23:00:00;0.0;0.0;0.0;6.98;95.8;0.69;
2022-02-24 00:00:00;0.0;0.0;0.0;6.74;95.8;0.48;
2022-02-24 01:00:00;0.0;0.0;0.0;6.61;95.8;0.21;
2022-02-24 02:00:00;0.0;0.0;0.0;6.4;95.8;0.69;
2022-02-24 03:00:00;0.0;0.0;0.0;5.29;99.4;1.03;
2022-02-24 04:00:00;0.0;0.0;0.0;5.66;99.4;0.9;
2022-02-24 05:00:00;0.0;0.0;0.0;6.06;95.8;0.69;
2022-02-24 06:00:00;0.0;0.0;0.0;6.23;99.4;0.62;
2022-02-24 07:00:00;94.0;70.69;80.0;6.13;95.8;0.69;
2022-02-24 08:00:00;190.0;88.38;159.0;6.93;95.8;0.9;
2022-02-24 09:00:00;236.0;48.76;213.0;7.67;95.8;0.76;
2022-02-24 10:00:00;215.0;9.05;210.0;8.79;89.1;0.62;
2022-02-24 11:00:00;342.0;90.11;289.0;9.61;85.95;0.83;
2022-02-24 12:00:00;563.0;720.85;148.0;10.1;82.95;1.24;
2022-02-24 13:00:00;266.0;54.24;238.0;10.24;82.95;1.59;
2022-02-24 14:00:00;237.0;101.54;195.0;10.46;80.05;1.52;
2022-02-24 15:00:00;123.0;39.99;112.0;10.51;80.05;1.66;
2022-02-24 16:00:00;43.0;45.5;38.0;10.06;82.95;1.24;
2022-02-24 17:00:00;0.0;0.0;0.0;9.4;85.95;1.24;
2022-02-24 18:00:00;0.0;0.0;0.0;8.88;89.1;1.24;
2022-02-24 19:00:00;0.0;0.0;0.0;8.0;95.8;1.59;
2022-02-24 20:00:00;0.0;0.0;0.0;7.24;99.4;1.72;
2022-02-24 21:00:00;0.0;0.0;0.0;6.71;95.8;1.93;
2022-02-24 22:00:00;0.0;0.0;0.0;6.52;95.8;2.14;
2022-02-24 23:00:00;0.0;0.0;0.0;6.24;95.8;2.0;
2022-02-25 00:00:00;0.0;0.0;0.0;5.89;92.3;2.14;
2022-02-25 01:00:00;0.0;0.0;0.0;5.56;95.75;1.93;
2022-02-25 02:00:00;0.0;0.0;0.0;4.88;95.75;1.86;
2022-02-25 03:00:00;0.0;0.0;0.0;4.91;92.25;2.48;
2022-02-25 04:00:00;0.0;0.0;0.0;4.95;92.25;2.14;
2022-02-25 05:00:00;0.0;0.0;0.0;4.58;95.75;1.93;
2022-02-25 06:00:00;4.0;0.0;4.0;4.23;95.75;1.86;
2022-02-25 07:00:00;87.0;44.29;78.0;5.83;95.75;1.1;
2022-02-25 08:00:00;316.0;598.28;103.0;8.53;92.4;0.55;
2022-02-25 09:00:00;458.0;714.83;117.0;10.79;83.0;0.34;
2022-02-25 10:00:00;567.0;822.58;108.0;12.02;74.6;0.48;
2022-02-25 11:00:00;604.0;817.32;119.0;12.77;69.45;0.48;
2022-02-25 12:00:00;541.0;607.75;188.0;13.32;67.05;0.28;
2022-02-25 13:00:00;523.0;802.09;105.0;13.49;64.75;1.52;
2022-02-25 14:00:00;404.0;745.71;92.0;13.34;69.55;2.28;
2022-02-25 15:00:00;234.0;532.9;85.0;12.79;72.05;3.17;
2022-02-25 16:00:00;75.0;350.21;35.0;11.89;74.6;3.52;
2022-02-25 17:00:00;0.0;0.0;0.0;10.76;83.0;3.72;
2022-02-25 18:00:00;0.0;0.0;0.0;10.14;86.0;3.45;
2022-02-25 19:00:00;0.0;0.0;0.0;9.67;89.15;2.62;
2022-02-25 20:00:00;0.0;0.0;0.0;9.43;85.95;2.55;
2022-02-25 21:00:00;0.0;0.0;0.0;9.23;89.1;2.48;
2022-02-25 22:00:00;0.0;0.0;0.0;8.99;85.95;2.62;
2022-02-25 23:00:00;0.0;0.0;0.0;9.0;82.85;2.9;
2022-02-26 00:00:00;0.0;0.0;0.0;8.81;82.75;3.31;
2022-02-26 01:00:00;0.0;0.0;0.0;8.89;79.85;3.38;
2022-02-26 02:00:00;0.0;0.0;0.0;8.86;82.75;3.31;
2022-02-26 03:00:00;0.0;0.0;0.0;8.99;82.85;3.31;
2022-02-26 04:00:00;0.0;0.0;0.0;9.28;85.95;3.24;
2022-02-26 05:00:00;0.0;0.0;0.0;9.35;85.95;3.45;
2022-02-26 06:00:00;6.0;0.0;6.0;9.39;85.95;3.93;
2022-02-26 07:00:00;152.0;379.01;73.0;10.25;86.0;3.93;
2022-02-26 08:00:00;260.0;282.28;158.0;11.36;86.1;3.72;
2022-02-26 09:00:00;187.0;10.37;182.0;12.61;80.3;3.31;
2022-02-26 10:00:00;225.0;10.65;219.0;13.55;77.6;2.9;
2022-02-26 11:00:00;87.0;0.0;87.0;13.89;80.4;2.21;
2022-02-26 12:00:00;73.0;0.0;73.0;13.54;80.4;2.21;
2022-02-26 13:00:00;534.0;830.65;97.0;12.34;86.2;3.79;
2022-02-26 14:00:00;403.0;723.15;97.0;12.87;80.3;3.79;
2022-02-26 15:00:00;248.0;612.38;74.0;13.03;77.5;4.07;
2022-02-26 16:00:00;68.0;219.35;42.0;12.55;80.3;3.66;
2022-02-26 17:00:00;0.0;0.0;0.0;11.73;83.1;2.83;
2022-02-26 18:00:00;0.0;0.0;0.0;10.67;86.05;2.76;
2022-02-26 19:00:00;0.0;0.0;0.0;10.03;82.95;3.03;
2022-02-26 20:00:00;0.0;0.0;0.0;9.26;85.95;2.9;
2022-02-26 21:00:00;0.0;0.0;0.0;8.35;85.85;2.55;
2022-02-26 22:00:00;0.0;0.0;0.0;7.37;85.8;2.48;
2022-02-26 23:00:00;0.0;0.0;0.0;6.55;85.75;2.62;
2022-02-27 00:00:00;0.0;0.0;0.0;6.11;85.7;2.97;
2022-02-27 01:00:00;0.0;0.0;0.0;6.0;82.55;3.31;
2022-02-27 02:00:00;0.0;0.0;0.0;6.06;76.55;3.59;
2022-02-27 03:00:00;0.0;0.0;0.0;6.24;68.3;3.93;
2022-02-27 04:00:00;0.0;0.0;0.0;6.28;58.55;4.0;
2022-02-27 05:00:00;0.0;0.0;0.0;6.05;52.1;3.72;
2022-02-27 06:00:00;5.0;0.0;5.0;5.54;54.05;3.24;
2022-02-27 07:00:00;174.0;510.04;65.0;5.66;63.15;2.21;
2022-02-27 08:00:00;355.0;741.77;83.0;8.15;58.9;1.79;
2022-02-27 09:00:00;495.0;805.72;102.0;10.62;49.2;1.66;
2022-02-27 10:00:00;587.0;824.72;118.0;12.31;42.55;1.72;
2022-02-27 11:00:00;634.0;854.43;118.0;13.63;38.3;1.45;
2022-02-27 12:00:00;597.0;757.94;149.0;14.47;34.35;0.55;
2022-02-27 13:00:00;491.0;576.23;185.0;14.88;34.35;0.69;
2022-02-27 14:00:00;407.0;675.41;118.0;14.69;38.55;2.28;
2022-02-27 15:00:00;271.0;706.72;67.0;13.62;48.15;3.03;
2022-02-27 16:00:00;88.0;423.33;36.0;12.04;55.5;3.52;
2022-02-27 17:00:00;0.0;0.0;0.0;10.85;59.5;3.66;
2022-02-27 18:00:00;0.0;0.0;0.0;10.14;61.65;3.59;
2022-02-27 19:00:00;0.0;0.0;0.0;9.61;66.35;2.76;
2022-02-27 20:00:00;0.0;0.0;0.0;9.43;66.35;2.55;
2022-02-27 21:00:00;0.0;0.0;0.0;9.24;68.8;2.62;
2022-02-27 22:00:00;0.0;0.0;0.0;9.08;68.8;2.69;
2022-02-27 23:00:00;0.0;0.0;0.0;8.68;68.7;2.55;
2022-02-28 00:00:00;0.0;0.0;0.0;8.66;68.7;2.07;
2022-02-28 01:00:00;0.0;0.0;0.0;8.31;71.25;1.93;
2022-02-28 02:00:00;0.0;0.0;0.0;7.76;76.7;1.72;
2022-02-28 03:00:00;0.0;0.0;0.0;7.41;76.7;1.79;
2022-02-28 04:00:00;0.0;0.0;0.0;7.16;79.55;1.79;
2022-02-28 05:00:00;0.0;0.0;0.0;6.8;76.65;2.07;
2022-02-28 06:00:00;8.0;0.0;8.0;6.74;76.65;2.48;
2022-02-28 07:00:00;50.0;0.0;50.0;7.33;85.75;1.79;
2022-02-28 08:00:00;61.0;0.0;61.0;9.64;77.0;1.59;
2022-02-28 09:00:00;182.0;6.08;179.0;11.09;69.15;1.59;
2022-02-28 10:00:00;177.0;0.0;177.0;12.12;64.45;2.0;
2022-02-28 11:00:00;315.0;50.89;284.0;12.96;60.05;2.97;
2022-02-28 12:00:00;266.0;21.8;253.0;13.46;60.2;3.24;
2022-02-28 13:00:00;86.0;0.0;86.0;13.85;62.45;3.03;
2022-02-28 14:00:00;196.0;30.05;183.0;13.81;67.15;3.31;
2022-02-28 15:00:00;93.0;3.41;92.0;13.15;72.1;3.17;
2022-02-28 16:00:00;53.0;62.93;45.0;10.98;82.95;1.78;
2022-02-28 17:00:00;0.0;0.0;0.0;10.68;84.21;1.83;
2022-02-28 18:00:00;0.0;0.0;0.0;10.39;85.46;1.87;
2022-02-28 19:00:00;0.0;0.0;0.0;10.1;86.71;1.92;
2022-02-28 20:00:00;0.0;0.0;0.0;9.8;87.96;1.96;
2022-02-28 21:00:00;0.0;0.0;0.0;9.51;89.22;2.0;
2022-02-28 22:00:00;0.0;0.0;0.0;9.21;90.47;2.05;
2022-02-28 23:00:00;0.0;0.0;0.0;8.92;91.72;2.09;
2022-03-01 00:00:00;0.0;0.0;0.0;8.62;92.97;2.14;
2022-03-01 01:00:00;0.0;0.0;0.0;8.33;94.23;2.18;
2022-03-01 02:00:00;0.0;0.0;0.0;8.04;95.48;2.23;
2022-03-01 03:00:00;0.0;0.0;0.0;7.74;96.73;2.27;
2022-03-01 04:00:00;0.0;0.0;0.0;7.45;97.98;2.32;
2022-03-01 05:00:00;0.0;0.0;0.0;7.15;99.24;2.36;
2022-03-01 06:00:00;18.0;54.56;15.0;6.86;100.0;2.41;
2022-03-01 07:00:00;49.0;0.0;49.0;6.56;100.0;2.45;
2022-03-01 08:00:00;119.0;2.61;118.0;9.88;89.2;3.45;
2022-03-01 09:00:00;134.0;0.0;134.0;10.69;89.25;3.38;
2022-03-01 10:00:00;126.0;0.0;126.0;11.26;83.1;2.97;
2022-03-01 11:00:00;349.0;75.84;302.0;11.92;83.15;2.55;
2022-03-01 12:00:00;373.0;115.43;303.0;12.35;80.3;2.41;
2022-03-01 13:00:00;501.0;580.79;184.0;12.54;83.25;2.28;
2022-03-01 14:00:00;403.0;606.3;135.0;12.34;80.3;2.41;
2022-03-01 15:00:00;249.0;483.22;103.0;12.09;83.15;2.07;
2022-03-01 16:00:00;92.0;346.39;45.0;11.51;80.15;1.52;
2022-03-01 17:00:00;0.0;0.0;0.0;10.55;86.05;1.1;
2022-03-01 18:00:00;0.0;0.0;0.0;8.95;92.45;0.97;
2022-03-01 19:00:00;0.0;0.0;0.0;8.16;95.8;1.31;
2022-03-01 20:00:00;0.0;0.0;0.0;6.55;99.4;1.66;
2022-03-01 21:00:00;0.0;0.0;0.0;5.23;99.4;1.86;
2022-03-01 22:00:00;0.0;0.0;0.0;4.55;99.4;1.93;
2022-03-01 23:00:00;0.0;0.0;0.0;4.05;99.4;1.93;
2022-03-02 00:00:00;0.0;0.0;0.0;3.57;99.4;1.93;
2022-03-02 01:00:00;0.0;0.0;0.0;3.31;95.7;1.79;
2022-03-02 02:00:00;0.0;0.0;0.0;3.42;95.7;1.66;
2022-03-02 03:00:00;0.0;0.0;0.0;3.36;95.7;1.66;
2022-03-02 04:00:00;0.0;0.0;0.0;3.74;92.15;1.72;
2022-03-02 05:00:00;0.0;0.0;0.0;4.01;92.15;1.79;
2022-03-02 06:00:00;31.0;215.45;18.0;4.09;92.15;1.86;
2022-03-02 07:00:00;173.0;352.84;90.0;5.66;92.3;0.97;
2022-03-02 08:00:00;371.0;702.82;98.0;9.29;79.9;1.38;
2022-03-02 09:00:00;511.0;773.31;117.0;11.38;69.25;1.86;
2022-03-02 10:00:00;613.0;831.96;122.0;12.54;59.95;2.34;
2022-03-02 11:00:00;660.0;862.45;121.0;13.87;55.9;2.83;
2022-03-02 12:00:00;613.0;745.7;157.0;14.63;56.0;3.31;
2022-03-02 13:00:00;553.0;766.29;131.0;14.95;54.1;3.79;
2022-03-02 14:00:00;408.0;597.71;141.0;14.88;56.15;3.86;
2022-03-02 15:00:00;268.0;577.29;91.0;14.27;60.3;4.0;
2022-03-02 16:00:00;83.0;207.23;54.0;13.37;62.45;4.21;
2022-03-02 17:00:00;0.0;0.0;0.0;12.24;66.95;4.34;
2022-03-02 18:00:00;0.0;0.0;0.0;11.49;69.25;4.0;
2022-03-02 19:00:00;0.0;0.0;0.0;10.62;74.4;3.59;
2022-03-02 20:00:00;0.0;0.0;0.0;10.17;74.3;3.66;
2022-03-02 21:00:00;0.0;0.0;0.0;9.93;71.6;4.07;
2022-03-02 22:00:00;0.0;0.0;0.0;10.08;71.6;4.62;
2022-03-02 23:00:00;0.0;0.0;0.0;10.28;71.7;5.17;
2022-03-03 00:00:00;0.0;0.0;0.0;10.42;74.4;5.52;
2022-03-03 01:00:00;0.0;0.0;0.0;10.78;71.75;5.72;
2022-03-03 02:00:00;0.0;0.0;0.0;10.56;77.15;0.0;
2022-03-03 03:00:00;0.0;0.0;0.0;9.36;82.9;0.0;
2022-03-03 04:00:00;0.0;0.0;0.0;7.43;92.35;6.55;
2022-03-03 05:00:00;0.0;0.0;0.0;5.51;95.75;7.93;
2022-03-03 06:00:00;27.0;106.49;20.0;4.93;88.85;8.41;
2022-03-03 07:00:00;60.0;0.0;60.0;4.46;92.2;6.69;
2022-03-03 08:00:00;124.0;2.54;123.0;5.19;88.85;6.62;
2022-03-03 09:00:00;69.0;0.0;69.0;5.62;92.25;6.83;
2022-03-03 10:00:00;72.0;0.0;72.0;5.86;88.9;8.14;
2022-03-03 11:00:00;65.0;0.0;65.0;5.59;92.25;9.17;
2022-03-03 12:00:00;56.0;0.0;56.0;4.62;95.75;8.41;
2022-03-03 13:00:00;125.0;0.0;125.0;4.56;95.75;7.31;
2022-03-03 14:00:00;59.0;0.0;59.0;4.64;92.2;7.24;
2022-03-03 15:00:00;38.0;0.0;38.0;4.85;88.85;6.34;
2022-03-03 16:00:00;41.0;6.94;40.0;5.47;82.4;5.86;
2022-03-03 17:00:00;0.0;0.0;0.0;5.62;85.6;5.38;
2022-03-03 18:00:00;0.0;0.0;0.0;5.53;85.6;4.9;
2022-03-03 19:00:00;0.0;0.0;0.0;5.34;82.4;5.52;
2022-03-03 20:00:00;0.0;0.0;0.0;5.38;82.4;4.83;
2022-03-03 21:00:00;0.0;0.0;0.0;5.27;82.4;4.41;
2022-03-03 22:00:00;0.0;0.0;0.0;5.21;82.4;4.21;
2022-03-03 23:00:00;0.0;0.0;0.0;5.23;82.4;3.93;
2022-03-04 00:00:00;0.0;0.0;0.0;5.2;76.4;3.38;
2022-03-04 01:00:00;0.0;0.0;0.0;4.87;82.35;2.48;
2022-03-04 02:00:00;0.0;0.0;0.0;4.53;88.8;2.0;
2022-03-04 03:00:00;0.0;0.0;0.0;3.92;88.75;2.55;
2022-03-04 04:00:00;0.0;0.0;0.0;3.24;88.7;3.1;
2022-03-04 05:00:00;0.0;0.0;0.0;2.8;85.4;3.24;
2022-03-04 06:00:00;40.0;266.96;21.0;2.47;85.35;3.31;
2022-03-04 07:00:00;214.0;580.77;71.0;4.64;76.3;3.45;
2022-03-04 08:00:00;393.0;748.5;94.0;7.02;71.05;3.52;
2022-03-04 09:00:00;534.0;805.06;115.0;9.19;56.9;3.79;
2022-03-04 10:00:00;637.0;863.62;118.0;10.71;49.3;3.45;
2022-03-04 11:00:00;670.0;848.19;131.0;11.85;45.95;2.76;
2022-03-04 12:00:00;643.0;807.52;141.0;12.48;42.7;1.66;
2022-03-04 13:00:00;568.0;776.17;133.0;12.75;41.2;1.03;
2022-03-04 14:00:00;383.0;432.01;186.0;12.79;44.5;1.66;
2022-03-04 15:00:00;265.0;488.15;111.0;12.43;49.7;2.76;
2022-03-04 16:00:00;70.0;80.85;58.0;11.39;59.7;3.1;
2022-03-04 17:00:00;0.0;0.0;0.0;9.86;64.0;3.45;
2022-03-04 18:00:00;0.0;0.0;0.0;8.96;68.8;3.45;
2022-03-04 19:00:00;0.0;0.0;0.0;8.9;66.25;3.45;
2022-03-04 20:00:00;0.0;0.0;0.0;8.42;66.15;3.38;
2022-03-04 21:00:00;0.0;0.0;0.0;7.81;66.05;3.1;
2022-03-04 22:00:00;0.0;0.0;0.0;7.19;68.5;3.03;
2022-03-04 23:00:00;0.0;0.0;0.0;6.73;68.4;2.9;
2022-03-05 00:00:00;0.0;0.0;0.0;6.51;70.95;2.69;
2022-03-05 01:00:00;0.0;0.0;0.0;6.43;70.95;2.76;
2022-03-05 02:00:00;0.0;0.0;0.0;6.48;70.95;2.9;
2022-03-05 03:00:00;0.0;0.0;0.0;6.26;68.3;3.38;
2022-03-05 04:00:00;0.0;0.0;0.0;6.65;68.3;3.59;
2022-03-05 05:00:00;0.0;0.0;0.0;6.81;71.05;3.59;
2022-03-05 06:00:00;11.0;0.0;11.0;7.55;73.9;3.59;
2022-03-05 07:00:00;40.0;0.0;40.0;8.62;74.05;4.41;
2022-03-05 08:00:00;92.0;0.0;92.0;9.96;71.6;5.24;
2022-03-05 09:00:00;332.0;140.7;258.0;11.22;66.75;5.59;
2022-03-05 10:00:00;236.0;8.25;231.0;12.54;64.55;6.34;
2022-03-05 11:00:00;297.0;26.53;280.0;13.58;62.45;7.1;
2022-03-05 12:00:00;117.0;0.0;117.0;14.28;58.1;7.72;
2022-03-05 13:00:00;187.0;1.77;186.0;14.09;64.75;7.24;
2022-03-05 14:00:00;44.0;0.0;44.0;14.45;64.85;7.52;
2022-03-05 15:00:00;174.0;96.91;143.0;14.07;67.15;7.52;
2022-03-05 16:00:00;10.0;0.0;10.0;13.67;64.75;7.52;
2022-03-05 17:00:00;0.0;0.0;0.0;12.95;67.05;7.24;
2022-03-05 18:00:00;0.0;0.0;0.0;12.29;74.7;6.21;
2022-03-05 19:00:00;0.0;0.0;0.0;11.29;77.3;5.79;
2022-03-05 20:00:00;0.0;0.0;0.0;10.79;80.1;5.24;
2022-03-05 21:00:00;0.0;0.0;0.0;10.17;74.3;5.45;
2022-03-05 22:00:00;0.0;0.0;0.0;9.43;71.5;5.52;
2022-03-05 23:00:00;0.0;0.0;0.0;9.21;68.9;5.45;
2022-03-06 00:00:00;0.0;0.0;0.0;9.19;68.9;5.17;
2022-03-06 01:00:00;0.0;0.0;0.0;8.97;71.4;4.69;
2022-03-06 02:00:00;0.0;0.0;0.0;8.76;71.4;4.34;
2022-03-06 03:00:00;0.0;0.0;0.0;8.53;74.05;3.72;
2022-03-06 04:00:00;0.0;0.0;0.0;8.16;76.8;3.1;
2022-03-06 05:00:00;0.0;0.0;0.0;7.77;76.8;2.48;
2022-03-06 06:00:00;37.0;121.7;27.0;7.22;79.65;2.28;
2022-03-06 07:00:00;206.0;458.55;88.0;7.77;82.7;2.07;
2022-03-06 08:00:00;324.0;367.77;173.0;10.39;71.7;2.21;
2022-03-06 09:00:00;110.0;0.0;110.0;11.68;64.35;3.1;
2022-03-06 10:00:00;174.0;0.0;174.0;12.43;57.75;3.45;
2022-03-06 11:00:00;86.0;0.0;86.0;12.84;55.75;3.03;
2022-03-06 12:00:00;223.0;3.17;221.0;13.08;55.75;2.21;
2022-03-06 13:00:00;51.0;0.0;51.0;13.08;57.9;1.72;
2022-03-06 14:00:00;60.0;0.0;60.0;11.84;64.45;2.41;
2022-03-06 15:00:00;120.0;12.34;116.0;10.53;74.4;2.9;
2022-03-06 16:00:00;41.0;0.0;41.0;10.26;77.15;2.48;
2022-03-06 17:00:00;0.0;0.0;0.0;9.63;79.9;2.41;
2022-03-06 18:00:00;0.0;0.0;0.0;8.87;82.85;2.97;
2022-03-06 19:00:00;0.0;0.0;0.0;7.93;89.05;1.66;
2022-03-06 20:00:00;0.0;0.0;0.0;7.33;92.35;0.9;
2022-03-06 21:00:00;0.0;0.0;0.0;7.04;92.35;0.62;
2022-03-06 22:00:00;0.0;0.0;0.0;5.85;95.75;0.97;
2022-03-06 23:00:00;0.0;0.0;0.0;4.72;95.75;1.24;
2022-03-07 00:00:00;0.0;0.0;0.0;4.19;95.75;1.59;
2022-03-07 01:00:00;0.0;0.0;0.0;4.05;99.4;1.79;
2022-03-07 02:00:00;0.0;0.0;0.0;3.97;99.4;1.86;
2022-03-07 03:00:00;0.0;0.0;0.0;4.24;95.75;1.79;
2022-03-07 04:00:00;0.0;0.0;0.0;4.29;95.75;2.07;
2022-03-07 05:00:00;0.0;0.0;0.0;4.45;95.75;2.41;
2022-03-07 06:00:00;19.0;0.0;19.0;4.41;92.2;2.69;
2022-03-07 07:00:00;164.0;186.36;115.0;5.37;95.75;2.41;
2022-03-07 08:00:00;252.0;129.76;198.0;6.17;88.95;2.69;
2022-03-07 09:00:00;312.0;94.98;261.0;7.28;85.8;2.76;
2022-03-07 10:00:00;315.0;45.37;287.0;8.31;82.75;2.62;
2022-03-07 11:00:00;418.0;135.15;330.0;9.42;79.9;2.48;
2022-03-07 12:00:00;421.0;153.91;323.0;9.85;77.1;2.48;
2022-03-07 13:00:00;262.0;24.35;248.0;10.22;77.15;2.28;
2022-03-07 14:00:00;360.0;312.9;213.0;10.26;77.15;2.07;
2022-03-07 15:00:00;156.0;48.69;140.0;10.01;77.1;1.38;
2022-03-07 16:00:00;78.0;93.17;63.0;9.45;77.0;0.55;
2022-03-07 17:00:00;0.0;0.0;0.0;9.0;76.95;0.28;
2022-03-07 18:00:00;0.0;0.0;0.0;7.53;89.0;1.1;
2022-03-07 19:00:00;0.0;0.0;0.0;5.85;88.9;1.72;
2022-03-07 20:00:00;0.0;0.0;0.0;4.96;92.25;2.0;
2022-03-07 21:00:00;0.0;0.0;0.0;4.65;92.25;1.79;
2022-03-07 22:00:00;0.0;0.0;0.0;3.64;92.15;1.86;
2022-03-07 23:00:00;0.0;0.0;0.0;3.18;95.7;1.72;
2022-03-08 00:00:00;0.0;0.0;0.0;3.15;95.7;1.66;
2022-03-08 01:00:00;0.0;0.0;0.0;2.08;95.65;1.52;
2022-03-08 02:00:00;0.0;0.0;0.0;1.82;95.65;1.52;
2022-03-08 03:00:00;0.0;0.0;0.0;1.5;95.65;1.52;
2022-03-08 04:00:00;0.0;0.0;0.0;1.45;95.65;1.45;
2022-03-08 05:00:00;0.0;0.0;0.0;1.51;95.65;1.31;
2022-03-08 06:00:00;26.0;10.72;25.0;1.99;95.65;1.17;
2022-03-08 07:00:00;0.0;0.0;0.0;4.3;95.75;0.76;
2022-03-08 08:00:00;220.0;66.39;192.0;5.9;92.3;0.62;
2022-03-08 09:00:00;338.0;129.04;268.0;7.42;89.0;1.24;
2022-03-08 10:00:00;265.0;14.46;256.0;8.55;79.75;1.79;
2022-03-08 11:00:00;407.0;115.79;331.0;9.71;71.6;2.07;
2022-03-08 12:00:00;169.0;0.0;169.0;10.45;71.7;2.62;
2022-03-08 13:00:00;169.0;0.0;169.0;10.56;71.7;3.38;
2022-03-08 14:00:00;63.0;0.0;63.0;10.25;71.7;3.79;
2022-03-08 15:00:00;48.0;0.0;48.0;9.61;82.9;3.79;
2022-03-08 16:00:00;66.0;36.33;60.0;9.1;89.1;3.93;
2022-03-08 17:00:00;0.0;0.0;0.0;8.55;89.1;4.14;
2022-03-08 18:00:00;0.0;0.0;0.0;8.32;89.1;4.21;
2022-03-08 19:00:00;0.0;0.0;0.0;7.65;92.35;1.59;
2022-03-08 20:00:00;0.0;0.0;0.0;7.32;92.35;1.52;
2022-03-08 21:00:00;0.0;0.0;0.0;7.03;95.8;1.45;
2022-03-08 22:00:00;0.0;0.0;0.0;6.21;95.8;1.31;
2022-03-08 23:00:00;0.0;0.0;0.0;5.53;99.4;0.83;
2022-03-09 00:00:00;0.0;0.0;0.0;5.14;99.4;0.28;
2022-03-09 01:00:00;0.0;0.0;0.0;5.54;95.75;0.41;
2022-03-09 02:00:00;0.0;0.0;0.0;4.77;95.75;0.9;
2022-03-09 03:00:00;0.0;0.0;0.0;4.93;95.75;1.24;
2022-03-09 04:00:00;0.0;0.0;0.0;5.37;95.75;1.86;
2022-03-09 05:00:00;0.0;0.0;0.0;6.17;88.95;2.9;
2022-03-09 06:00:00;14.0;0.0;14.0;6.36;88.95;3.31;
2022-03-09 07:00:00;0.0;0.0;0.0;7.01;89.0;3.52;
2022-03-09 08:00:00;101.0;0.0;101.0;7.76;85.85;4.34;
2022-03-09 09:00:00;110.0;0.0;110.0;8.02;85.85;4.9;
2022-03-09 10:00:00;104.0;0.0;104.0;8.08;85.85;5.03;
2022-03-09 11:00:00;123.0;0.0;123.0;8.35;82.75;5.24;
2022-03-09 12:00:00;79.0;0.0;79.0;8.55;79.75;5.03;
2022-03-09 13:00:00;122.0;0.0;122.0;8.65;79.75;4.97;
2022-03-09 14:00:00;133.0;0.0;133.0;8.5;79.75;4.69;
2022-03-09 15:00:00;41.0;0.0;41.0;8.36;82.75;4.28;
2022-03-09 16:00:00;72.0;47.25;64.0;8.07;85.85;3.72;
2022-03-09 17:00:00;0.0;0.0;0.0;7.75;85.85;3.24;
2022-03-09 18:00:00;0.0;0.0;0.0;7.55;85.8;2.97;
2022-03-09 19:00:00;0.0;0.0;0.0;7.64;85.8;2.55;
2022-03-09 20:00:00;0.0;0.0;0.0;7.69;82.7;2.62;
2022-03-09 21:00:00;0.0;0.0;0.0;7.6;85.8;2.62;
2022-03-09 22:00:00;0.0;0.0;0.0;7.53;85.8;2.41;
2022-03-09 23:00:00;0.0;0.0;0.0;7.41;85.8;2.28;
2022-03-10 00:00:00;0.0;0.0;0.0;7.27;85.8;2.28;
2022-03-10 01:00:00;0.0;0.0;0.0;7.11;89.0;2.21;
2022-03-10 02:00:00;0.0;0.0;0.0;6.8;89.0;2.28;
2022-03-10 03:00:00;0.0;0.0;0.0;6.25;88.95;2.34;
2022-03-10 04:00:00;0.0;0.0;0.0;6.12;92.3;2.48;
2022-03-10 05:00:00;0.0;0.0;0.0;5.69;88.9;2.48;
2022-03-10 06:00:00;36.0;28.69;33.0;5.49;92.25;2.55;
2022-03-10 07:00:00;200.0;300.17;116.0;5.99;92.3;2.62;
2022-03-10 08:00:00;393.0;602.83;132.0;7.47;85.8;2.9;
2022-03-10 09:00:00;542.0;722.7;142.0;9.03;79.85;3.17;
2022-03-10 10:00:00;622.0;705.93;175.0;10.19;74.3;3.38;
2022-03-10 11:00:00;604.0;521.98;256.0;11.18;69.15;3.79;
2022-03-10 12:00:00;96.0;0.0;96.0;11.42;66.75;4.21;
2022-03-10 13:00:00;584.0;741.77;147.0;11.34;66.75;3.86;
2022-03-10 14:00:00;368.0;306.18;220.0;11.5;66.75;3.38;
2022-03-10 15:00:00;129.0;11.71;125.0;11.49;64.35;3.03;
2022-03-10 16:00:00;80.0;69.19;68.0;11.21;69.15;2.28;
2022-03-10 17:00:00;0.0;0.0;0.0;10.52;69.1;1.86;
2022-03-10 18:00:00;0.0;0.0;0.0;9.84;71.6;1.93;
2022-03-10 19:00:00;0.0;0.0;0.0;8.89;79.85;1.45;
2022-03-10 20:00:00;0.0;0.0;0.0;8.34;82.75;1.17;
2022-03-10 21:00:00;0.0;0.0;0.0;8.29;82.75;1.1;
2022-03-10 22:00:00;0.0;0.0;0.0;7.8;85.85;1.38;
2022-03-10 23:00:00;0.0;0.0;0.0;7.97;85.85;1.93;
2022-03-11 00:00:00;0.0;0.0;0.0;7.88;89.05;2.21;
2022-03-11 01:00:00;0.0;0.0;0.0;7.8;89.05;2.41;
2022-03-11 02:00:00;0.0;0.0;0.0;7.95;89.05;2.48;
2022-03-11 03:00:00;0.0;0.0;0.0;8.05;85.85;2.9;
2022-03-11 04:00:00;0.0;0.0;0.0;8.14;85.85;3.24;
2022-03-11 05:00:00;0.0;0.0;0.0;8.21;82.75;3.45;
2022-03-11 06:00:00;9.0;0.0;9.0;8.23;82.75;3.66;
2022-03-11 07:00:00;34.0;0.0;34.0;8.46;85.9;3.45;
2022-03-11 08:00:00;81.0;0.0;81.0;8.77;85.95;4.07;
2022-03-11 09:00:00;133.0;0.0;133.0;8.98;85.95;4.34;
2022-03-11 10:00:00;92.0;0.0;92.0;9.37;85.95;4.34;
2022-03-11 11:00:00;129.0;0.0;129.0;9.56;82.9;4.41;
2022-03-11 12:00:00;84.0;0.0;84.0;9.84;79.95;4.28;
2022-03-11 13:00:00;117.0;0.0;117.0;10.17;77.1;4.0;
2022-03-11 14:00:00;123.0;0.0;123.0;10.33;74.4;3.59;
2022-03-11 15:00:00;46.0;0.0;46.0;10.44;71.7;3.17;
2022-03-11 16:00:00;56.0;11.27;54.0;10.39;71.7;2.41;
2022-03-11 17:00:00;0.0;0.0;0.0;9.83;74.3;1.66;
2022-03-11 18:00:00;0.0;0.0;0.0;8.78;82.85;1.31;
2022-03-11 19:00:00;0.0;0.0;0.0;7.92;89.05;1.86;
2022-03-11 20:00:00;0.0;0.0;0.0;7.41;89.0;1.59;
2022-03-11 21:00:00;0.0;0.0;0.0;6.82;92.35;1.52;
2022-03-11 22:00:00;0.0;0.0;0.0;6.43;92.3;1.79;
2022-03-11 23:00:00;0.0;0.0;0.0;6.1;95.75;2.07;
2022-03-12 00:00:00;0.0;0.0;0.0;6.14;95.75;0.0;
2022-03-12 01:00:00;0.0;0.0;0.0;6.41;92.3;0.0;
2022-03-12 02:00:00;0.0;0.0;0.0;6.28;92.3;2.28;
2022-03-12 03:00:00;0.0;0.0;0.0;6.32;92.3;2.14;
2022-03-12 04:00:00;0.0;0.0;0.0;6.04;95.75;2.0;
2022-03-12 05:00:00;0.0;0.0;0.0;5.81;92.3;2.07;
2022-03-12 06:00:00;47.0;51.76;41.0;5.82;92.3;2.07;
2022-03-12 07:00:00;145.0;68.68;125.0;7.92;89.05;2.14;
2022-03-12 08:00:00;188.0;20.26;179.0;10.19;77.1;3.17;
2022-03-12 09:00:00;313.0;76.18;270.0;11.07;69.15;4.28;
2022-03-12 10:00:00;663.0;821.61;134.0;11.61;66.75;4.83;
2022-03-12 11:00:00;674.0;732.7;178.0;11.98;64.45;4.97;
2022-03-12 12:00:00;703.0;887.42;116.0;12.19;64.45;4.9;
2022-03-12 13:00:00;618.0;832.11;120.0;12.23;62.2;4.83;
2022-03-12 14:00:00;486.0;755.67;114.0;12.36;62.2;4.76;
2022-03-12 15:00:00;316.0;628.4;96.0;12.17;64.45;4.28;
2022-03-12 16:00:00;133.0;396.43;61.0;11.91;66.85;3.79;
2022-03-12 17:00:00;0.0;0.0;0.0;11.12;69.15;4.07;
2022-03-12 18:00:00;0.0;0.0;0.0;10.55;71.7;4.62;
2022-03-12 19:00:00;0.0;0.0;0.0;10.16;71.6;5.17;
2022-03-12 20:00:00;0.0;0.0;0.0;9.87;71.6;5.59;
2022-03-12 21:00:00;0.0;0.0;0.0;9.74;69.0;5.72;
2022-03-12 22:00:00;0.0;0.0;0.0;9.69;71.5;5.59;
2022-03-12 23:00:00;0.0;0.0;0.0;9.67;71.5;5.66;
2022-03-13 00:00:00;0.0;0.0;0.0;9.61;68.9;5.79;
2022-03-13 01:00:00;0.0;0.0;0.0;9.36;68.9;5.93;
2022-03-13 02:00:00;0.0;0.0;0.0;9.15;71.4;6.0;
2022-03-13 03:00:00;0.0;0.0;0.0;9.08;68.8;6.07;
2022-03-13 04:00:00;0.0;0.0;0.0;9.1;68.8;6.07;
2022-03-13 05:00:00;0.0;0.0;0.0;9.05;71.4;6.14;
2022-03-13 06:00:00;41.0;24.67;38.0;9.12;71.4;6.28;
2022-03-13 07:00:00;136.0;43.79;123.0;9.8;69.0;5.86;
2022-03-13 08:00:00;257.0;97.82;213.0;10.31;64.1;7.24;
2022-03-13 09:00:00;354.0;126.33;282.0;10.71;61.85;7.52;
2022-03-13 10:00:00;410.0;127.86;327.0;11.16;61.85;7.52;
2022-03-13 11:00:00;551.0;343.09;317.0;11.57;59.7;7.72;
2022-03-13 12:00:00;282.0;13.51;273.0;11.83;57.65;7.66;
2022-03-13 13:00:00;260.0;16.58;250.0;11.88;57.65;7.38;
2022-03-13 14:00:00;206.0;16.11;198.0;11.97;57.65;7.31;
2022-03-13 15:00:00;56.0;0.0;56.0;11.73;57.65;6.69;
2022-03-13 16:00:00;51.0;5.39;50.0;11.4;62.0;5.86;
2022-03-13 17:00:00;0.0;0.0;0.0;10.94;61.85;5.79;
2022-03-13 18:00:00;0.0;0.0;0.0;10.54;64.1;6.14;
2022-03-13 19:00:00;0.0;0.0;0.0;9.99;64.0;6.41;
2022-03-13 20:00:00;0.0;0.0;0.0;9.6;66.35;6.07;
2022-03-13 21:00:00;0.0;0.0;0.0;9.41;66.35;5.72;
2022-03-13 22:00:00;0.0;0.0;0.0;9.27;66.35;5.59;
2022-03-13 23:00:00;0.0;0.0;0.0;9.32;66.35;5.86;
2022-03-14 00:00:00;0.0;0.0;0.0;9.32;66.35;6.14;
2022-03-14 01:00:00;0.0;0.0;0.0;9.4;66.35;6.28;
2022-03-14 02:00:00;0.0;0.0;0.0;9.37;66.35;6.28;
2022-03-14 03:00:00;0.0;0.0;0.0;9.19;68.8;6.28;
2022-03-14 04:00:00;0.0;0.0;0.0;9.01;68.8;6.07;
2022-03-14 05:00:00;0.0;0.0;0.0;8.89;68.8;6.07;
2022-03-14 06:00:00;50.0;47.11;44.0;8.82;68.8;6.07;
2022-03-14 07:00:00;184.0;158.64;136.0;9.64;68.9;5.93;
2022-03-14 08:00:00;234.0;59.29;207.0;10.06;64.0;6.97;
2022-03-14 09:00:00;198.0;1.74;197.0;10.42;61.75;6.97;
2022-03-14 10:00:00;165.0;0.0;165.0;10.85;59.6;6.97;
2022-03-14 11:00:00;191.0;0.0;191.0;11.17;59.6;6.83;
2022-03-14 12:00:00;380.0;75.99;329.0;11.12;59.6;6.48;
2022-03-14 13:00:00;544.0;515.05;231.0;11.3;57.55;6.21;
2022-03-14 14:00:00;358.0;239.49;238.0;11.34;55.4;5.79;
2022-03-14 15:00:00;279.0;373.78;145.0;11.25;55.4;5.17;
2022-03-14 16:00:00;130.0;305.69;72.0;10.91;57.4;3.79;
2022-03-14 17:00:00;0.0;0.0;0.0;10.21;59.5;2.55;
2022-03-14 18:00:00;0.0;0.0;0.0;9.24;68.9;1.72;
2022-03-14 19:00:00;0.0;0.0;0.0;7.96;76.8;1.72;
2022-03-14 20:00:00;0.0;0.0;0.0;7.19;76.7;1.79;
2022-03-14 21:00:00;0.0;0.0;0.0;6.27;79.5;1.93;
2022-03-14 22:00:00;0.0;0.0;0.0;5.46;85.6;1.93;
2022-03-14 23:00:00;0.0;0.0;0.0;4.84;85.55;1.86;
2022-03-15 00:00:00;0.0;0.0;0.0;4.31;85.5;1.79;
2022-03-15 01:00:00;0.0;0.0;0.0;4.03;85.45;1.66;
2022-03-15 02:00:00;0.0;0.0;0.0;3.55;88.7;1.72;
2022-03-15 03:00:00;0.0;0.0;0.0;2.83;85.4;1.79;
2022-03-15 04:00:00;0.0;0.0;0.0;1.93;88.65;1.93;
2022-03-15 05:00:00;0.0;0.0;0.0;1.54;88.6;2.21;
2022-03-15 06:00:00;87.0;308.06;46.0;1.76;88.65;2.41;
2022-03-15 07:00:00;265.0;544.98;97.0;5.04;88.85;2.0;
2022-03-15 08:00:00;445.0;707.16;119.0;8.13;76.8;2.41;
2022-03-15 09:00:00;574.0;721.34;155.0;9.65;63.9;2.34;
2022-03-15 10:00:00;653.0;703.35;189.0;10.81;53.25;1.72;
2022-03-15 11:00:00;715.0;801.87;160.0;11.68;51.35;0.76;
2022-03-15 12:00:00;684.0;750.05;177.0;12.26;47.85;0.34;
2022-03-15 13:00:00;504.0;370.75;277.0;12.57;49.7;1.72;
2022-03-15 14:00:00;336.0;174.12;248.0;12.3;51.65;3.24;
2022-03-15 15:00:00;196.0;82.72;166.0;11.47;57.55;4.48;
2022-03-15 16:00:00;95.0;82.58;79.0;10.38;61.75;4.69;
2022-03-15 17:00:00;0.0;0.0;0.0;9.46;63.9;4.55;
2022-03-15 18:00:00;0.0;0.0;0.0;8.94;66.25;4.48;
2022-03-15 19:00:00;0.0;0.0;0.0;8.85;66.25;4.28;
2022-03-15 20:00:00;0.0;0.0;0.0;8.49;71.35;4.21;
2022-03-15 21:00:00;0.0;0.0;0.0;8.08;76.8;4.48;
2022-03-15 22:00:00;0.0;0.0;0.0;7.4;82.65;5.1;
2022-03-15 23:00:00;0.0;0.0;0.0;7.03;82.6;5.45;
2022-03-16 00:00:00;0.0;0.0;0.0;6.92;79.55;5.45;
2022-03-16 01:00:00;0.0;0.0;0.0;6.75;79.55;5.31;
2022-03-16 02:00:00;0.0;0.0;0.0;6.72;76.65;5.1;
2022-03-16 03:00:00;0.0;0.0;0.0;6.78;73.8;4.97;
2022-03-16 04:00:00;0.0;0.0;0.0;6.97;76.65;4.9;
2022-03-16 05:00:00;0.0;0.0;0.0;7.05;76.65;4.83;
2022-03-16 06:00:00;46.0;14.41;44.0;7.25;73.9;4.9;
2022-03-16 07:00:00;67.0;0.0;67.0;7.78;73.95;5.45;
2022-03-16 08:00:00;319.0;210.04;221.0;8.35;74.05;6.0;
2022-03-16 09:00:00;238.0;11.94;231.0;8.65;74.05;6.41;
2022-03-16 10:00:00;175.0;0.0;175.0;9.11;71.4;7.24;
2022-03-16 11:00:00;137.0;0.0;137.0;9.22;68.9;7.31;
2022-03-16 12:00:00;89.0;0.0;89.0;9.58;68.9;7.52;
2022-03-16 13:00:00;93.0;0.0;93.0;9.68;68.9;7.17;
2022-03-16 14:00:00;68.0;0.0;68.0;9.71;69.0;6.76;
2022-03-16 15:00:00;133.0;8.18;130.0;9.63;74.2;6.21;
2022-03-16 16:00:00;76.0;25.28;71.0;9.44;74.2;6.0;
2022-03-16 17:00:00;0.0;0.0;0.0;9.15;76.95;5.66;
2022-03-16 18:00:00;0.0;0.0;0.0;8.95;74.15;5.45;
2022-03-16 19:00:00;0.0;0.0;0.0;8.83;76.95;5.31;
2022-03-16 20:00:00;0.0;0.0;0.0;8.77;76.95;5.45;
2022-03-16 21:00:00;0.0;0.0;0.0;8.62;79.75;5.17;
2022-03-16 22:00:00;0.0;0.0;0.0;8.48;79.75;4.76;
2022-03-16 23:00:00;0.0;0.0;0.0;8.61;79.75;4.62;
2022-03-17 00:00:00;0.0;0.0;0.0;8.7;76.95;4.41;
2022-03-17 01:00:00;0.0;0.0;0.0;8.72;76.95;4.21;
2022-03-17 02:00:00;0.0;0.0;0.0;8.69;76.95;4.0;
2022-03-17 03:00:00;0.0;0.0;0.0;8.64;79.75;3.86;
2022-03-17 04:00:00;0.0;0.0;0.0;8.61;79.75;3.72;
2022-03-17 05:00:00;0.0;0.0;0.0;8.58;79.75;3.59;
2022-03-17 06:00:00;62.0;62.24;53.0;8.52;79.75;3.38;
2022-03-17 07:00:00;129.0;21.9;122.0;8.95;82.85;3.1;
2022-03-17 08:00:00;111.0;0.0;111.0;9.34;79.9;3.31;
2022-03-17 09:00:00;219.0;5.07;216.0;9.69;74.3;3.59;
2022-03-17 10:00:00;308.0;23.88;292.0;10.04;74.3;3.79;
2022-03-17 11:00:00;167.0;0.0;167.0;10.3;69.1;3.72;
2022-03-17 12:00:00;436.0;129.84;347.0;10.62;69.1;3.59;
2022-03-17 13:00:00;305.0;38.63;281.0;11.39;64.35;3.38;
2022-03-17 14:00:00;421.0;398.83;216.0;11.6;64.35;3.24;
2022-03-17 15:00:00;309.0;477.21;132.0;11.45;64.35;2.83;
2022-03-17 16:00:00;153.0;426.29;67.0;11.1;66.65;2.28;
2022-03-17 17:00:00;0.0;0.0;0.0;10.3;69.1;1.52;
2022-03-17 18:00:00;0.0;0.0;0.0;9.27;77.0;0.76;
2022-03-17 19:00:00;0.0;0.0;0.0;7.93;82.7;1.17;
2022-03-17 20:00:00;0.0;0.0;0.0;6.37;88.95;1.59;
2022-03-17 21:00:00;0.0;0.0;0.0;5.16;92.25;1.72;
2022-03-17 22:00:00;0.0;0.0;0.0;4.26;92.2;1.93;
2022-03-17 23:00:00;0.0;0.0;0.0;3.89;95.7;2.21;
2022-03-18 00:00:00;0.0;0.0;0.0;3.8;92.15;2.41;
2022-03-18 01:00:00;0.0;0.0;0.0;3.86;92.15;2.48;
2022-03-18 02:00:00;0.0;0.0;0.0;3.84;92.15;2.55;
2022-03-18 03:00:00;0.0;0.0;0.0;3.84;92.15;2.62;
2022-03-18 04:00:00;0.0;0.0;0.0;3.84;88.75;2.69;
2022-03-18 05:00:00;0.0;0.0;0.0;3.8;88.75;2.76;
2022-03-18 06:00:00;99.0;299.29;54.0;4.07;92.15;2.76;
2022-03-18 07:00:00;283.0;562.45;100.0;6.4;85.7;2.34;
2022-03-18 08:00:00;463.0;720.07;119.0;9.25;74.2;2.48;
2022-03-18 09:00:00;599.0;765.37;142.0;11.01;69.15;2.34;
2022-03-18 10:00:00;701.0;827.77;142.0;12.28;64.55;2.0;
2022-03-18 11:00:00;744.0;852.85;141.0;13.25;60.2;1.52;
2022-03-18 12:00:00;735.0;879.54;128.0;13.88;60.2;1.1;
2022-03-18 13:00:00;644.0;815.03;134.0;14.23;60.2;0.9;
2022-03-18 14:00:00;514.0;756.39;122.0;14.27;60.3;0.9;
2022-03-18 15:00:00;345.0;648.03;102.0;14.1;62.45;0.97;
2022-03-18 16:00:00;162.0;471.56;65.0;13.7;64.75;1.17;
2022-03-18 17:00:00;0.0;0.0;0.0;12.67;72.05;1.79;
2022-03-18 18:00:00;0.0;0.0;0.0;10.93;80.1;2.21;
2022-03-18 19:00:00;0.0;0.0;0.0;9.58;85.95;2.07;
2022-03-18 20:00:00;0.0;0.0;0.0;8.02;92.4;1.93;
2022-03-18 21:00:00;0.0;0.0;0.0;6.77;92.35;2.0;
2022-03-18 22:00:00;0.0;0.0;0.0;5.66;92.3;2.0;
2022-03-18 23:00:00;0.0;0.0;0.0;4.73;95.75;1.79;
2022-03-19 00:00:00;0.0;0.0;0.0;4.22;95.75;1.72;
2022-03-19 01:00:00;0.0;0.0;0.0;3.76;95.7;1.66;
2022-03-19 02:00:00;0.0;0.0;0.0;3.31;95.7;1.66;
2022-03-19 03:00:00;0.0;0.0;0.0;2.92;95.7;1.66;
2022-03-19 04:00:00;0.0;0.0;0.0;2.54;95.7;1.72;
2022-03-19 05:00:00;0.0;0.0;0.0;2.32;92.15;1.66;
2022-03-19 06:00:00;109.0;352.29;54.0;3.15;95.7;1.31;
2022-03-19 07:00:00;294.0;595.08;97.0;6.94;89.0;1.17;
2022-03-19 08:00:00;472.0;730.42;119.0;10.94;77.2;0.97;
2022-03-19 09:00:00;605.0;758.56;148.0;13.37;64.75;1.03;
2022-03-19 10:00:00;703.0;809.76;152.0;14.95;60.4;1.17;
2022-03-19 11:00:00;746.0;837.15;150.0;16.09;56.35;1.24;
2022-03-19 12:00:00;732.0;852.06;140.0;16.79;52.65;1.17;
2022-03-19 13:00:00;646.0;801.38;141.0;17.11;52.65;1.17;
2022-03-19 14:00:00;519.0;754.12;125.0;17.06;52.65;1.31;
2022-03-19 15:00:00;350.0;646.39;105.0;16.55;58.6;2.07;
2022-03-19 16:00:00;165.0;467.47;67.0;15.44;67.45;2.55;
2022-03-19 17:00:00;0.0;0.0;0.0;13.62;74.85;2.69;
2022-03-19 18:00:00;0.0;0.0;0.0;12.07;80.2;2.83;
2022-03-19 19:00:00;0.0;0.0;0.0;11.55;83.1;2.76;
2022-03-19 20:00:00;0.0;0.0;0.0;10.58;86.05;2.55;
2022-03-19 21:00:00;0.0;0.0;0.0;9.61;89.15;2.34;
2022-03-19 22:00:00;0.0;0.0;0.0;8.93;85.95;2.55;
2022-03-19 23:00:00;0.0;0.0;0.0;8.51;85.9;2.69;
2022-03-20 00:00:00;0.0;0.0;0.0;8.12;85.85;2.76;
2022-03-20 01:00:00;0.0;0.0;0.0;7.74;85.85;2.76;
2022-03-20 02:00:00;0.0;0.0;0.0;7.33;85.8;2.69;
2022-03-20 03:00:00;0.0;0.0;0.0;6.9;89.0;2.62;
2022-03-20 04:00:00;0.0;0.0;0.0;6.55;88.95;2.62;
2022-03-20 05:00:00;0.0;0.0;0.0;6.19;88.95;2.62;
2022-03-20 06:00:00;111.0;339.75;56.0;6.13;92.3;2.48;
2022-03-20 07:00:00;285.0;516.75;111.0;8.67;85.9;2.07;
2022-03-20 08:00:00;468.0;705.79;123.0;11.29;77.3;2.07;
2022-03-20 09:00:00;605.0;760.12;143.0;13.69;67.15;2.21;
2022-03-20 10:00:00;703.0;809.56;148.0;15.4;60.5;2.34;
2022-03-20 11:00:00;741.0;823.09;151.0;16.51;54.45;2.14;
2022-03-20 12:00:00;727.0;837.85;141.0;17.14;52.65;1.72;
2022-03-20 13:00:00;623.0;715.48;169.0;17.37;49.05;1.45;
2022-03-20 14:00:00;416.0;349.38;232.0;17.38;47.3;1.17;
2022-03-20 15:00:00;134.0;5.22;132.0;16.81;50.75;0.76;
2022-03-20 16:00:00;97.0;56.19;85.0;15.77;60.65;1.38;
2022-03-20 17:00:00;6.0;0.0;6.0;14.51;67.25;2.07;
2022-03-20 18:00:00;0.0;0.0;0.0;13.29;69.65;2.28;
2022-03-20 19:00:00;0.0;0.0;0.0;12.4;74.7;2.28;
2022-03-20 20:00:00;0.0;0.0;0.0;11.76;71.95;2.48;
2022-03-20 21:00:00;0.0;0.0;0.0;11.38;71.85;3.03;
2022-03-20 22:00:00;0.0;0.0;0.0;11.07;74.45;3.17;
2022-03-20 23:00:00;0.0;0.0;0.0;10.44;80.05;2.97;
2022-03-21 00:00:00;0.0;0.0;0.0;9.93;82.95;2.69;
2022-03-21 01:00:00;0.0;0.0;0.0;9.56;85.95;2.41;
2022-03-21 02:00:00;0.0;0.0;0.0;9.19;89.1;2.14;
2022-03-21 03:00:00;0.0;0.0;0.0;9.14;92.45;1.79;
2022-03-21 04:00:00;0.0;0.0;0.0;8.74;89.1;1.59;
2022-03-21 05:00:00;0.0;0.0;0.0;8.09;95.8;1.59;
2022-03-21 06:00:00;57.0;17.9;54.0;8.03;95.8;1.24;
2022-03-21 07:00:00;67.0;0.0;67.0;10.56;89.25;0.62;
2022-03-21 08:00:00;219.0;26.3;206.0;12.56;80.3;0.62;
2022-03-21 09:00:00;141.0;0.0;141.0;14.06;72.2;0.9;
2022-03-21 10:00:00;212.0;0.0;212.0;14.94;67.35;1.72;
2022-03-21 11:00:00;84.0;0.0;84.0;15.14;67.35;2.69;
2022-03-21 12:00:00;147.0;0.0;147.0;15.24;67.35;3.31;
2022-03-21 13:00:00;275.0;17.22;264.0;15.11;69.85;3.86;
2022-03-21 14:00:00;107.0;0.0;107.0;14.94;69.85;4.14;
2022-03-21 15:00:00;204.0;77.51;174.0;14.57;72.3;4.07;
2022-03-21 16:00:00;79.0;18.4;75.0;14.01;77.6;3.79;
2022-03-21 17:00:00;4.0;0.0;4.0;13.15;80.35;3.38;
2022-03-21 18:00:00;0.0;0.0;0.0;12.15;86.2;3.17;
2022-03-21 19:00:00;0.0;0.0;0.0;11.31;86.15;2.9;
2022-03-21 20:00:00;0.0;0.0;0.0;10.83;89.3;2.55;
2022-03-21 21:00:00;0.0;0.0;0.0;10.54;92.5;2.14;
2022-03-21 22:00:00;0.0;0.0;0.0;10.27;92.5;1.86;
2022-03-21 23:00:00;0.0;0.0;0.0;9.97;95.9;1.72;
2022-03-22 00:00:00;0.0;0.0;0.0;9.76;95.9;1.66;
2022-03-22 01:00:00;0.0;0.0;0.0;9.84;95.9;1.79;
2022-03-22 02:00:00;0.0;0.0;0.0;10.3;95.9;2.0;
2022-03-22 03:00:00;0.0;0.0;0.0;10.53;95.9;2.28;
2022-03-22 04:00:00;0.0;0.0;0.0;10.62;95.9;2.41;
2022-03-22 05:00:00;0.0;0.0;0.0;10.68;95.9;2.55;
2022-03-22 06:00:00;51.0;5.77;50.0;10.79;89.3;2.76;
2022-03-22 07:00:00;94.0;0.0;94.0;11.41;89.3;3.24;
2022-03-22 08:00:00;118.0;0.0;118.0;12.09;86.2;0.0;
2022-03-22 09:00:00;114.0;0.0;114.0;12.72;80.3;0.0;
2022-03-22 10:00:00;82.0;0.0;82.0;13.24;74.85;4.21;
2022-03-22 11:00:00;103.0;0.0;103.0;13.68;74.85;4.55;
2022-03-22 12:00:00;168.0;0.0;168.0;13.93;74.85;4.69;
2022-03-22 13:00:00;439.0;185.02;320.0;14.04;72.2;4.62;
2022-03-22 14:00:00;267.0;46.74;242.0;13.93;69.65;4.48;
2022-03-22 15:00:00;278.0;265.99;174.0;13.54;67.15;4.28;
2022-03-22 16:00:00;166.0;402.13;77.0;13.06;67.05;4.0;
2022-03-22 17:00:00;5.0;0.0;5.0;12.26;69.45;3.38;
2022-03-22 18:00:00;0.0;0.0;0.0;11.48;71.85;3.31;
2022-03-22 19:00:00;0.0;0.0;0.0;11.35;74.55;4.48;
2022-03-22 20:00:00;0.0;0.0;0.0;11.15;71.75;5.1;
2022-03-22 21:00:00;0.0;0.0;0.0;10.88;66.65;5.38;
2022-03-22 22:00:00;0.0;0.0;0.0;10.63;69.1;5.31;
2022-03-22 23:00:00;0.0;0.0;0.0;10.49;66.55;5.72;
2022-03-23 00:00:00;0.0;0.0;0.0;10.3;66.55;6.07;
2022-03-23 01:00:00;0.0;0.0;0.0;9.93;69.0;6.21;
2022-03-23 02:00:00;0.0;0.0;0.0;9.54;71.5;6.48;
2022-03-23 03:00:00;0.0;0.0;0.0;9.32;71.5;6.83;
2022-03-23 04:00:00;0.0;0.0;0.0;8.94;74.15;7.17;
2022-03-23 05:00:00;0.0;0.0;0.0;8.52;79.75;7.31;
2022-03-23 06:00:00;57.0;11.16;55.0;8.31;76.85;7.59;
2022-03-23 07:00:00;134.0;14.14;129.0;8.12;76.8;7.86;
2022-03-23 08:00:00;221.0;23.75;209.0;8.5;68.7;8.0;
2022-03-23 09:00:00;298.0;33.67;277.0;9.01;66.25;8.97;
2022-03-23 10:00:00;193.0;0.0;193.0;8.46;74.05;8.83;
2022-03-23 11:00:00;336.0;23.25;319.0;8.14;76.8;8.97;
2022-03-23 12:00:00;158.0;0.0;158.0;7.94;73.95;8.9;
2022-03-23 13:00:00;183.0;0.0;183.0;7.75;73.95;8.28;
2022-03-23 14:00:00;192.0;3.71;190.0;8.12;71.25;8.07;
2022-03-23 15:00:00;259.0;192.44;183.0;8.73;66.25;7.59;
2022-03-23 16:00:00;81.0;13.32;78.0;9.06;66.25;7.17;
2022-03-23 17:00:00;9.0;24.24;8.0;9.31;61.55;6.9;
2022-03-23 18:00:00;0.0;0.0;0.0;9.56;59.25;6.34;
2022-03-23 19:00:00;0.0;0.0;0.0;8.99;61.45;6.9;
2022-03-23 20:00:00;0.0;0.0;0.0;9.12;61.45;6.48;
2022-03-23 21:00:00;0.0;0.0;0.0;9.16;61.45;6.34;
2022-03-23 22:00:00;0.0;0.0;0.0;9.17;59.15;6.34;
2022-03-23 23:00:00;0.0;0.0;0.0;9.2;57.05;6.21;
2022-03-24 00:00:00;0.0;0.0;0.0;9.13;59.15;5.79;
2022-03-24 01:00:00;0.0;0.0;0.0;8.91;59.15;5.03;
2022-03-24 02:00:00;0.0;0.0;0.0;8.59;61.3;4.07;
2022-03-24 03:00:00;0.0;0.0;0.0;7.8;66.05;2.83;
2022-03-24 04:00:00;0.0;0.0;0.0;6.58;76.55;2.34;
2022-03-24 05:00:00;0.0;0.0;0.0;5.39;82.4;2.48;
2022-03-24 06:00:00;139.0;427.31;60.0;5.17;85.6;2.41;
2022-03-24 07:00:00;330.0;648.54;97.0;7.4;82.65;2.62;
2022-03-24 08:00:00;507.0;757.79;120.0;9.39;74.2;2.69;
2022-03-24 09:00:00;640.0;785.58;146.0;11.02;64.25;2.55;
2022-03-24 10:00:00;741.0;844.63;145.0;12.11;57.65;2.14;
2022-03-24 11:00:00;783.0;869.73;143.0;12.76;51.75;2.0;
2022-03-24 12:00:00;764.0;873.92;137.0;13.21;49.85;2.07;
2022-03-24 13:00:00;671.0;810.22;143.0;13.39;48.15;1.93;
2022-03-24 14:00:00;546.0;777.17;124.0;13.39;48.15;1.66;
2022-03-24 15:00:00;378.0;689.52;103.0;13.23;48.15;1.45;
2022-03-24 16:00:00;188.0;515.3;70.0;12.91;51.75;1.79;
2022-03-24 17:00:00;13.0;44.37;11.0;12.08;55.5;2.28;
2022-03-24 18:00:00;0.0;0.0;0.0;10.75;59.6;2.62;
2022-03-24 19:00:00;0.0;0.0;0.0;9.46;66.35;2.83;
2022-03-24 20:00:00;0.0;0.0;0.0;8.52;68.7;2.76;
2022-03-24 21:00:00;0.0;0.0;0.0;7.62;71.15;2.62;
2022-03-24 22:00:00;0.0;0.0;0.0;6.97;71.05;2.55;
2022-03-24 23:00:00;0.0;0.0;0.0;6.31;70.95;2.62;
2022-03-25 00:00:00;0.0;0.0;0.0;5.98;73.65;2.69;
2022-03-25 01:00:00;0.0;0.0;0.0;5.84;70.85;2.76;
2022-03-25 02:00:00;0.0;0.0;0.0;5.88;68.2;2.9;
2022-03-25 03:00:00;0.0;0.0;0.0;6.08;65.65;3.17;
2022-03-25 04:00:00;0.0;0.0;0.0;6.61;63.25;3.45;
2022-03-25 05:00:00;0.0;0.0;0.0;6.79;61.0;3.66;
2022-03-25 06:00:00;129.0;304.31;71.0;7.08;65.85;3.45;
2022-03-25 07:00:00;298.0;446.75;135.0;8.71;63.8;2.55;
2022-03-25 08:00:00;495.0;699.48;134.0;11.31;57.55;2.9;
2022-03-25 09:00:00;513.0;359.62;285.0;12.98;46.2;3.59;
2022-03-25 10:00:00;639.0;508.06;278.0;14.14;44.65;3.52;
2022-03-25 11:00:00;667.0;505.05;293.0;14.92;43.25;2.97;
2022-03-25 12:00:00;719.0;723.13;197.0;15.46;43.4;2.34;
2022-03-25 13:00:00;556.0;420.83;280.0;15.96;43.5;1.72;
2022-03-25 14:00:00;393.0;239.49;262.0;15.93;43.5;1.59;
2022-03-25 15:00:00;192.0;44.7;174.0;15.34;48.55;2.41;
2022-03-25 16:00:00;122.0;103.09;98.0;14.44;56.0;3.1;
2022-03-25 17:00:00;16.0;61.37;13.0;13.35;60.2;3.1;
2022-03-25 18:00:00;0.0;0.0;0.0;12.3;64.55;2.83;
2022-03-25 19:00:00;0.0;0.0;0.0;11.55;69.25;2.83;
2022-03-25 20:00:00;0.0;0.0;0.0;11.1;71.75;2.0;
2022-03-25 21:00:00;0.0;0.0;0.0;10.61;77.15;1.24;
2022-03-25 22:00:00;0.0;0.0;0.0;10.23;77.15;0.97;
2022-03-25 23:00:00;0.0;0.0;0.0;9.45;82.9;1.24;
2022-03-26 00:00:00;0.0;0.0;0.0;8.8;82.85;1.45;
2022-03-26 01:00:00;0.0;0.0;0.0;8.33;82.75;1.38;
2022-03-26 02:00:00;0.0;0.0;0.0;8.18;82.75;1.31;
2022-03-26 03:00:00;0.0;0.0;0.0;7.71;85.85;1.38;
2022-03-26 04:00:00;0.0;0.0;0.0;7.49;89.0;1.1;
2022-03-26 05:00:00;0.0;0.0;0.0;8.18;85.85;0.69;
2022-03-26 06:00:00;132.0;295.47;74.0;8.33;82.75;0.34;
2022-03-26 07:00:00;275.0;318.56;157.0;9.97;77.1;0.34;
2022-03-26 08:00:00;445.0;467.92;201.0;11.33;69.25;0.0;
2022-03-26 09:00:00;630.0;729.11;164.0;12.66;66.95;0.28;
2022-03-26 10:00:00;737.0;819.09;151.0;13.85;64.75;0.55;
2022-03-26 11:00:00;777.0;842.81;149.0;14.75;60.4;1.31;
2022-03-26 12:00:00;657.0;520.5;279.0;15.06;64.95;1.86;
2022-03-26 13:00:00;677.0;816.68;138.0;14.94;64.95;2.48;
2022-03-26 14:00:00;545.0;760.51;126.0;14.78;64.95;2.76;
2022-03-26 15:00:00;373.0;646.93;110.0;14.26;67.25;2.97;
2022-03-26 16:00:00;191.0;498.78;73.0;13.75;69.65;2.83;
2022-03-26 17:00:00;16.0;37.97;14.0;12.88;72.1;2.55;
2022-03-26 18:00:00;0.0;0.0;0.0;11.67;77.3;2.62;
2022-03-26 19:00:00;0.0;0.0;0.0;10.73;80.1;2.55;
2022-03-26 20:00:00;0.0;0.0;0.0;9.88;86.0;2.41;
2022-03-26 21:00:00;0.0;0.0;0.0;8.91;89.1;2.28;
2022-03-26 22:00:00;0.0;0.0;0.0;7.95;92.4;2.07;
2022-03-26 23:00:00;0.0;0.0;0.0;7.0;95.8;1.86;
2022-03-27 00:00:00;0.0;0.0;0.0;6.48;95.8;1.93;
2022-03-27 01:00:00;0.0;0.0;0.0;5.96;95.75;2.07;
2022-03-27 02:00:00;0.0;0.0;0.0;5.55;95.75;2.0;
2022-03-27 03:00:00;0.0;0.0;0.0;5.06;95.75;1.86;
2022-03-27 04:00:00;0.0;0.0;0.0;4.54;95.75;1.72;
2022-03-27 05:00:00;0.0;0.0;0.0;4.06;99.4;1.72;
2022-03-27 06:00:00;149.0;396.08;69.0;4.78;95.75;1.52;
2022-03-27 07:00:00;311.0;462.83;137.0;9.07;85.95;1.38;
2022-03-27 08:00:00;497.0;653.01;153.0;12.0;74.6;0.9;
2022-03-27 09:00:00;538.0;398.93;281.0;14.28;64.85;0.69;
2022-03-27 10:00:00;698.0;659.49;223.0;15.75;56.35;0.55;
2022-03-27 11:00:00;686.0;530.88;288.0;16.65;54.45;0.55;
2022-03-27 12:00:00;742.0;772.04;178.0;17.11;52.65;0.62;
2022-03-27 13:00:00;663.0;745.39;168.0;17.28;52.75;1.03;
2022-03-27 14:00:00;383.0;201.85;271.0;17.18;56.6;1.93;
2022-03-27 15:00:00;231.0;97.48;191.0;16.72;60.75;2.62;
2022-03-27 16:00:00;134.0;124.82;104.0;15.84;65.15;2.55;
2022-03-27 17:00:00;13.0;17.71;12.0;14.81;67.35;2.34;
2022-03-27 18:00:00;0.0;0.0;0.0;13.62;72.2;2.21;
2022-03-27 19:00:00;0.0;0.0;0.0;11.84;83.15;1.79;
2022-03-27 20:00:00;0.0;0.0;0.0;10.99;89.3;1.38;
2022-03-27 21:00:00;0.0;0.0;0.0;10.44;86.05;1.86;
2022-03-27 22:00:00;0.0;0.0;0.0;10.9;80.1;2.76;
2022-03-27 23:00:00;0.0;0.0;0.0;11.05;77.2;3.03;
2022-03-28 00:00:00;0.0;0.0;0.0;10.82;80.1;2.83;
2022-03-28 01:00:00;0.0;0.0;0.0;10.64;83.0;2.41;
2022-03-28 02:00:00;0.0;0.0;0.0;10.39;83.0;2.07;
2022-03-28 03:00:00;0.0;0.0;0.0;10.39;86.05;1.93;
2022-03-28 04:00:00;0.0;0.0;0.0;10.37;86.05;1.79;
2022-03-28 05:00:00;0.0;0.0;0.0;10.41;86.05;1.52;
2022-03-28 06:00:00;82.0;28.9;76.0;10.24;89.25;1.52;
2022-03-28 07:00:00;233.0;154.67;174.0;11.84;83.15;1.24;
2022-03-28 08:00:00;321.0;124.04;255.0;12.91;77.5;1.38;
2022-03-28 09:00:00;391.0;110.89;319.0;13.53;74.85;1.24;
2022-03-28 10:00:00;568.0;314.47;340.0;14.41;72.3;1.31;
2022-03-28 11:00:00;632.0;401.75;329.0;15.33;67.45;1.24;
2022-03-28 12:00:00;342.0;27.22;322.0;16.1;65.15;1.17;
2022-03-28 13:00:00;274.0;11.97;266.0;16.64;62.95;1.17;
2022-03-28 14:00:00;465.0;429.53;225.0;16.67;62.95;1.79;
2022-03-28 15:00:00;343.0;466.05;150.0;16.51;62.95;2.07;
2022-03-28 16:00:00;174.0;335.97;92.0;15.99;67.55;2.07;
2022-03-28 17:00:00;17.0;16.61;16.0;15.21;69.85;2.41;
2022-03-28 18:00:00;0.0;0.0;0.0;14.22;69.65;3.59;
2022-03-28 19:00:00;0.0;0.0;0.0;13.66;60.2;4.41;
2022-03-28 20:00:00;0.0;0.0;0.0;12.92;57.9;4.41;
2022-03-28 21:00:00;0.0;0.0;0.0;12.31;57.75;4.07;
2022-03-28 22:00:00;0.0;0.0;0.0;11.88;59.85;3.59;
2022-03-28 23:00:00;0.0;0.0;0.0;11.41;64.35;3.17;
2022-03-29 00:00:00;0.0;0.0;0.0;10.72;66.65;2.9;
2022-03-29 01:00:00;0.0;0.0;0.0;10.04;74.3;2.48;
2022-03-29 02:00:00;0.0;0.0;0.0;9.22;77.0;2.21;
2022-03-29 03:00:00;0.0;0.0;0.0;8.19;82.75;2.07;
2022-03-29 04:00:00;0.0;0.0;0.0;7.45;89.0;2.0;
2022-03-29 05:00:00;0.0;0.0;0.0;7.26;85.8;2.14;
2022-03-29 06:00:00;165.0;454.81;68.0;8.3;85.9;2.14;
2022-03-29 07:00:00;356.0;656.47;102.0;11.83;77.35;2.21;
2022-03-29 08:00:00;520.0;720.22;133.0;13.95;72.2;2.76;
2022-03-29 09:00:00;665.0;802.41;140.0;15.63;67.45;2.76;
2022-03-29 10:00:00;728.0;735.85;191.0;17.04;58.7;2.55;
2022-03-29 11:00:00;771.0;775.03;183.0;18.03;52.9;2.55;
2022-03-29 12:00:00;752.0;783.47;173.0;18.73;51.15;2.55;
2022-03-29 13:00:00;683.0;798.94;146.0;18.96;49.45;2.41;
2022-03-29 14:00:00;559.0;766.09;128.0;18.9;49.45;2.28;
2022-03-29 15:00:00;383.0;643.76;114.0;18.72;51.15;2.14;
2022-03-29 16:00:00;206.0;536.75;73.0;18.05;56.85;2.14;
2022-03-29 17:00:00;24.0;78.17;19.0;16.83;58.7;2.83;
2022-03-29 18:00:00;0.0;0.0;0.0;15.46;60.5;3.79;
2022-03-29 19:00:00;0.0;0.0;0.0;14.81;60.4;4.41;
2022-03-29 20:00:00;0.0;0.0;0.0;14.26;58.1;4.62;
2022-03-29 21:00:00;0.0;0.0;0.0;13.51;60.2;4.07;
2022-03-29 22:00:00;0.0;0.0;0.0;12.9;62.3;3.38;
2022-03-29 23:00:00;0.0;0.0;0.0;12.32;66.95;2.62;
2022-03-30 00:00:00;0.0;0.0;0.0;11.26;74.55;1.86;
2022-03-30 01:00:00;0.0;0.0;0.0;10.14;82.95;1.86;
2022-03-30 02:00:00;0.0;0.0;0.0;9.51;85.95;2.21;
2022-03-30 03:00:00;0.0;0.0;0.0;9.14;89.1;2.14;
2022-03-30 04:00:00;0.0;0.0;0.0;9.01;92.45;2.07;
2022-03-30 05:00:00;7.0;0.0;7.0;9.04;92.45;2.07;
2022-03-30 06:00:00;142.0;251.28;87.0;9.67;92.45;1.79;
2022-03-30 07:00:00;365.0;688.16;95.0;12.7;80.3;1.79;
2022-03-30 08:00:00;512.0;680.13;143.0;14.26;72.3;1.72;
2022-03-30 09:00:00;662.0;788.8;142.0;15.89;67.55;1.59;
2022-03-30 10:00:00;757.0;833.27;145.0;17.22;63.05;1.52;
2022-03-30 11:00:00;753.0;719.44;204.0;18.35;56.95;2.21;
2022-03-30 12:00:00;755.0;800.6;160.0;19.04;53.15;2.14;
2022-03-30 13:00:00;638.0;638.95;206.0;18.84;53.15;1.38;
2022-03-30 14:00:00;385.0;195.97;274.0;18.74;54.95;1.1;
2022-03-30 15:00:00;209.0;56.93;185.0;18.55;59.05;1.59;
2022-03-30 16:00:00;84.0;7.95;82.0;17.75;65.45;2.21;
2022-03-30 17:00:00;24.0;59.08;20.0;16.71;70.1;2.76;
2022-03-30 18:00:00;0.0;0.0;0.0;15.4;72.45;2.9;
2022-03-30 19:00:00;0.0;0.0;0.0;14.76;75.0;2.55;
2022-03-30 20:00:00;0.0;0.0;0.0;13.81;74.85;2.62;
2022-03-30 21:00:00;0.0;0.0;0.0;12.82;77.5;2.62;
2022-03-30 22:00:00;0.0;0.0;0.0;11.73;80.2;2.55;
2022-03-30 23:00:00;0.0;0.0;0.0;10.67;86.05;2.41;
2022-03-31 00:00:00;0.0;0.0;0.0;9.8;89.2;2.34;
2022-03-31 01:00:00;0.0;0.0;0.0;9.15;92.45;2.28;
2022-03-31 02:00:00;0.0;0.0;0.0;8.59;92.4;2.21;
2022-03-31 03:00:00;0.0;0.0;0.0;8.01;92.4;2.14;
2022-03-31 04:00:00;0.0;0.0;0.0;7.42;92.35;1.93;
2022-03-31 05:00:00;7.0;0.0;7.0;7.02;95.8;1.72;
2022-03-31 06:00:00;145.0;240.58;91.0;7.99;92.4;1.24;
2022-03-31 07:00:00;321.0;432.44;149.0;11.6;80.15;1.1;
2022-03-31 08:00:00;523.0;699.27;140.0;13.78;74.85;0.55;
2022-03-31 09:00:00;673.0;805.55;138.0;15.63;67.45;0.34;
2022-03-31 10:00:00;639.0;450.55;306.0;16.95;60.85;1.66;
2022-03-31 11:00:00;638.0;386.99;341.0;17.7;60.95;2.55;
2022-03-31 12:00:00;635.0;421.51;320.0;17.98;61.05;3.24;
2022-03-31 13:00:00;443.0;152.94;339.0;17.94;63.3;4.0;
2022-03-31 14:00:00;386.0;192.92;276.0;17.2;70.2;4.48;
2022-03-31 15:00:00;270.0;169.31;198.0;16.27;77.95;4.07;
2022-03-31 16:00:00;97.0;19.6;92.0;13.82;93.48;2.9;
2022-03-31 17:00:00;14.0;0.0;14.0;13.5;92.0;2.89;
2022-03-31 18:00:00;0.0;0.0;0.0;13.18;90.52;2.88;
2022-03-31 19:00:00;0.0;0.0;0.0;12.85;89.04;2.87;
2022-03-31 20:00:00;0.0;0.0;0.0;12.53;87.56;2.86;
2022-03-31 21:00:00;0.0;0.0;0.0;12.21;86.08;2.86;
2022-03-31 22:00:00;0.0;0.0;0.0;11.88;84.61;2.85;
2022-03-31 23:00:00;0.0;0.0;0.0;11.56;83.13;2.84;
2022-04-01 00:00:00;0.0;0.0;0.0;11.24;81.65;2.83;
2022-04-01 01:00:00;0.0;0.0;0.0;10.91;80.17;2.82;
2022-04-01 02:00:00;0.0;0.0;0.0;10.59;78.69;2.81;
2022-04-01 03:00:00;0.0;0.0;0.0;10.26;77.21;2.8;
2022-04-01 04:00:00;0.0;0.0;0.0;9.94;75.73;2.79;
2022-04-01 05:00:00;7.0;0.0;7.0;9.62;74.26;2.78;
2022-04-01 06:00:00;64.0;4.46;63.0;9.29;72.78;2.77;
2022-04-01 07:00:00;144.0;7.54;141.0;8.97;71.3;2.76;
2022-04-01 08:00:00;85.0;0.0;85.0;13.29;60.05;1.93;
2022-04-01 09:00:00;174.0;0.0;174.0;14.44;54.1;2.21;
2022-04-01 10:00:00;561.0;262.48;367.0;15.14;52.25;2.97;
2022-04-01 11:00:00;458.0;92.51;387.0;15.37;52.25;3.31;
2022-04-01 12:00:00;585.0;294.39;365.0;15.07;52.25;3.31;
2022-04-01 13:00:00;627.0;555.86;249.0;15.48;52.4;3.52;
2022-04-01 14:00:00;471.0;396.37;245.0;14.2;64.85;4.0;
2022-04-01 15:00:00;252.0;119.93;201.0;14.73;60.4;3.72;
2022-04-01 16:00:00;38.0;0.0;38.0;14.13;62.55;3.59;
2022-04-01 17:00:00;35.0;182.01;22.0;13.34;62.3;4.21;
2022-04-01 18:00:00;0.0;0.0;0.0;12.32;64.45;4.28;
2022-04-01 19:00:00;0.0;0.0;0.0;11.6;64.35;3.86;
2022-04-01 20:00:00;0.0;0.0;0.0;10.84;66.55;3.59;
2022-04-01 21:00:00;0.0;0.0;0.0;10.01;69.0;3.17;
2022-04-01 22:00:00;0.0;0.0;0.0;9.24;74.15;2.9;
2022-04-01 23:00:00;0.0;0.0;0.0;8.83;79.75;2.62;
2022-04-02 00:00:00;0.0;0.0;0.0;8.57;82.75;2.48;
2022-04-02 01:00:00;0.0;0.0;0.0;8.15;85.85;2.48;
2022-04-02 02:00:00;0.0;0.0;0.0;7.47;89.0;2.41;
2022-04-02 03:00:00;0.0;0.0;0.0;6.77;92.35;2.21;
2022-04-02 04:00:00;0.0;0.0;0.0;6.2;92.3;1.86;
2022-04-02 05:00:00;15.0;88.24;11.0;5.53;92.3;1.66;
2022-04-02 06:00:00;175.0;417.39;79.0;6.33;95.8;1.31;
2022-04-02 07:00:00;369.0;632.6;114.0;8.98;85.95;2.0;
2022-04-02 08:00:00;540.0;721.74;141.0;10.34;77.1;2.21;
2022-04-02 09:00:00;652.0;683.11;195.0;11.41;69.25;2.07;
2022-04-02 10:00:00;740.0;711.33;211.0;12.19;66.85;2.07;
2022-04-02 11:00:00;632.0;348.55;363.0;12.73;66.95;2.07;
2022-04-02 12:00:00;633.0;391.28;339.0;13.15;64.65;2.28;
2022-04-02 13:00:00;361.0;54.1;324.0;13.4;64.65;2.97;
2022-04-02 14:00:00;105.0;0.0;105.0;12.32;71.95;3.03;
2022-04-02 15:00:00;364.0;482.62;157.0;11.84;74.55;2.14;
2022-04-02 16:00:00;142.0;115.93;112.0;11.05;77.2;1.45;
2022-04-02 17:00:00;7.0;0.0;7.0;10.47;83.0;1.66;
2022-04-02 18:00:00;0.0;0.0;0.0;9.55;89.15;2.34;
2022-04-02 19:00:00;0.0;0.0;0.0;8.96;92.45;1.93;
2022-04-02 20:00:00;0.0;0.0;0.0;8.19;95.8;2.21;
2022-04-02 21:00:00;0.0;0.0;0.0;7.19;95.8;2.0;
2022-04-02 22:00:00;0.0;0.0;0.0;6.41;92.35;1.79;
2022-04-02 23:00:00;0.0;0.0;0.0;5.61;92.3;1.72;
2022-04-03 00:00:00;0.0;0.0;0.0;5.62;92.3;1.52;
2022-04-03 01:00:00;0.0;0.0;0.0;5.43;88.9;1.31;
2022-04-03 02:00:00;0.0;0.0;0.0;5.06;88.85;1.38;
2022-04-03 03:00:00;0.0;0.0;0.0;4.26;95.75;1.72;
2022-04-03 04:00:00;0.0;0.0;0.0;4.01;92.2;2.0;
2022-04-03 05:00:00;19.0;98.08;14.0;3.9;92.2;2.14;
2022-04-03 06:00:00;189.0;488.3;74.0;5.39;92.3;1.72;
2022-04-03 07:00:00;378.0;651.3;112.0;9.45;85.95;1.45;
2022-04-03 08:00:00;541.0;709.8;145.0;11.73;77.3;1.45;
2022-04-03 09:00:00;664.0;709.41;186.0;13.31;64.65;1.17;
2022-04-03 10:00:00;761.0;768.51;186.0;14.42;56.15;1.1;
2022-04-03 11:00:00;781.0;735.79;210.0;14.98;54.25;1.1;
2022-04-03 12:00:00;732.0;649.98;241.0;15.55;52.4;1.1;
2022-04-03 13:00:00;662.0;651.42;214.0;15.4;54.25;1.93;
2022-04-03 14:00:00;352.0;117.73;284.0;15.28;54.25;3.03;
2022-04-03 15:00:00;285.0;189.58;203.0;14.86;58.25;3.86;
2022-04-03 16:00:00;97.0;15.24;93.0;13.95;64.85;3.93;
2022-04-03 17:00:00;24.0;25.37;22.0;13.11;69.55;3.86;
2022-04-03 18:00:00;0.0;0.0;0.0;11.98;74.6;3.79;
2022-04-03 19:00:00;0.0;0.0;0.0;11.46;80.15;3.17;
2022-04-03 20:00:00;0.0;0.0;0.0;10.87;83.0;2.55;
2022-04-03 21:00:00;0.0;0.0;0.0;10.0;86.0;2.34;
2022-04-03 22:00:00;0.0;0.0;0.0;9.17;89.1;2.34;
2022-04-03 23:00:00;0.0;0.0;0.0;8.66;85.9;2.28;
2022-04-04 00:00:00;0.0;0.0;0.0;8.05;85.85;2.28;
2022-04-04 01:00:00;0.0;0.0;0.0;7.54;85.8;2.21;
2022-04-04 02:00:00;0.0;0.0;0.0;7.21;89.0;2.21;
2022-04-04 03:00:00;0.0;0.0;0.0;7.25;85.75;2.07;
2022-04-04 04:00:00;0.0;0.0;0.0;7.33;85.75;1.93;
2022-04-04 05:00:00;3.0;0.0;3.0;7.46;85.8;2.07;
2022-04-04 06:00:00;29.0;0.0;29.0;8.02;82.7;2.07;
2022-04-04 07:00:00;65.0;0.0;65.0;9.86;79.9;2.41;
2022-04-04 08:00:00;102.0;0.0;102.0;11.18;71.75;2.76;
2022-04-04 09:00:00;132.0;0.0;132.0;12.26;66.85;3.1;
2022-04-04 10:00:00;131.0;0.0;131.0;13.33;60.05;3.38;
2022-04-04 11:00:00;169.0;0.0;169.0;13.73;58.0;3.66;
2022-04-04 12:00:00;149.0;0.0;149.0;13.47;58.0;4.34;
2022-04-04 13:00:00;94.0;0.0;94.0;12.7;66.95;4.83;
2022-04-04 14:00:00;79.0;0.0;79.0;11.96;71.95;4.97;
2022-04-04 15:00:00;61.0;0.0;61.0;11.41;80.15;4.69;
2022-04-04 16:00:00;60.0;0.0;60.0;10.85;89.25;4.48;
2022-04-04 17:00:00;31.0;60.6;26.0;10.49;89.25;4.21;
2022-04-04 18:00:00;0.0;0.0;0.0;10.17;92.5;4.55;
2022-04-04 19:00:00;0.0;0.0;0.0;10.0;92.5;4.76;
2022-04-04 20:00:00;0.0;0.0;0.0;10.02;92.5;5.31;
2022-04-04 21:00:00;0.0;0.0;0.0;10.03;92.5;5.59;
2022-04-04 22:00:00;0.0;0.0;0.0;9.89;92.5;5.66;
2022-04-04 23:00:00;0.0;0.0;0.0;9.67;92.45;5.03;
2022-04-05 00:00:00;0.0;0.0;0.0;9.69;92.45;3.72;
2022-04-05 01:00:00;0.0;0.0;0.0;9.68;95.85;3.72;
2022-04-05 02:00:00;0.0;0.0;0.0;9.47;92.45;6.0;
2022-04-05 03:00:00;0.0;0.0;0.0;9.19;92.45;8.0;
2022-04-05 04:00:00;0.0;0.0;0.0;8.73;89.1;6.9;
2022-04-05 05:00:00;2.0;0.0;2.0;8.63;89.1;6.97;
2022-04-05 06:00:00;38.0;0.0;38.0;8.68;85.9;7.38;
2022-04-05 07:00:00;74.0;0.0;74.0;9.26;89.1;6.07;
2022-04-05 08:00:00;262.0;29.93;245.0;9.45;89.15;4.62;
2022-04-05 09:00:00;415.0;111.23;339.0;9.98;86.0;3.38;
2022-04-05 10:00:00;268.0;2.64;266.0;10.77;83.0;2.55;
2022-04-05 11:00:00;200.0;0.0;200.0;11.47;71.85;1.93;
2022-04-05 12:00:00;157.0;0.0;157.0;12.28;69.35;2.28;
2022-04-05 13:00:00;193.0;0.0;193.0;13.26;62.3;3.24;
2022-04-05 14:00:00;129.0;0.0;129.0;13.94;52.0;4.48;
2022-04-05 15:00:00;312.0;254.73;200.0;13.64;50.0;4.83;
2022-04-05 16:00:00;39.0;0.0;39.0;13.28;53.7;4.28;
2022-04-05 17:00:00;29.0;34.81;26.0;12.46;55.65;3.66;
2022-04-05 18:00:00;0.0;0.0;0.0;11.08;57.4;3.66;
2022-04-05 19:00:00;0.0;0.0;0.0;10.9;64.25;1.24;
2022-04-05 20:00:00;0.0;0.0;0.0;9.13;71.4;1.66;
2022-04-05 21:00:00;0.0;0.0;0.0;7.81;76.7;2.21;
2022-04-05 22:00:00;0.0;0.0;0.0;7.07;79.55;2.28;
2022-04-05 23:00:00;0.0;0.0;0.0;6.5;79.55;2.34;
2022-04-06 00:00:00;0.0;0.0;0.0;6.02;82.55;2.48;
2022-04-06 01:00:00;0.0;0.0;0.0;5.6;85.65;2.48;
2022-04-06 02:00:00;0.0;0.0;0.0;4.96;85.6;2.0;
2022-04-06 03:00:00;0.0;0.0;0.0;5.1;82.4;1.38;
2022-04-06 04:00:00;0.0;0.0;0.0;5.53;79.4;1.24;
2022-04-06 05:00:00;29.0;118.11;21.0;3.68;88.75;1.66;
2022-04-06 06:00:00;213.0;548.05;75.0;4.89;88.85;1.31;
2022-04-06 07:00:00;400.0;679.12;112.0;9.8;74.2;1.45;
2022-04-06 08:00:00;574.0;766.38;135.0;12.06;59.85;1.31;
2022-04-06 09:00:00;722.0;848.97;138.0;13.6;55.9;0.69;
2022-04-06 10:00:00;815.0;881.2;144.0;14.67;54.1;0.41;
2022-04-06 11:00:00;849.0;892.83;145.0;15.48;52.4;0.97;
2022-04-06 12:00:00;818.0;872.03;149.0;15.98;54.45;1.52;
2022-04-06 13:00:00;732.0;842.71;143.0;16.21;54.45;2.14;
2022-04-06 14:00:00;593.0;776.63;136.0;16.11;56.5;2.76;
2022-04-06 15:00:00;423.0;694.94;115.0;15.65;58.45;3.45;
2022-04-06 16:00:00;228.0;519.89;86.0;14.72;62.65;3.66;
2022-04-06 17:00:00;51.0;244.93;29.0;13.39;67.05;3.31;
2022-04-06 18:00:00;0.0;0.0;0.0;11.9;66.85;3.03;
2022-04-06 19:00:00;0.0;0.0;0.0;11.18;74.45;2.62;
2022-04-06 20:00:00;0.0;0.0;0.0;10.32;79.95;2.48;
2022-04-06 21:00:00;0.0;0.0;0.0;9.3;85.95;2.21;
2022-04-06 22:00:00;0.0;0.0;0.0;8.11;89.05;1.93;
2022-04-06 23:00:00;0.0;0.0;0.0;7.47;89.0;1.72;
2022-04-07 00:00:00;0.0;0.0;0.0;7.02;92.35;2.14;
2022-04-07 01:00:00;0.0;0.0;0.0;6.68;89.0;2.41;
2022-04-07 02:00:00;0.0;0.0;0.0;6.66;89.0;2.55;
2022-04-07 03:00:00;0.0;0.0;0.0;6.71;89.0;2.48;
2022-04-07 04:00:00;0.0;0.0;0.0;6.64;89.0;2.34;
2022-04-07 05:00:00;39.0;232.09;22.0;6.59;89.0;2.21;
2022-04-07 06:00:00;214.0;521.11;80.0;7.83;92.35;1.72;
2022-04-07 07:00:00;408.0;685.0;114.0;11.15;83.05;1.03;
2022-04-07 08:00:00;582.0;770.32;137.0;12.91;69.55;1.45;
2022-04-07 09:00:00;726.0;837.57;146.0;14.19;62.55;1.86;
2022-04-07 10:00:00;810.0;846.21;162.0;15.1;56.25;2.34;
2022-04-07 11:00:00;839.0;845.38;169.0;15.71;54.35;2.69;
2022-04-07 12:00:00;807.0;823.61;172.0;16.05;52.5;2.97;
2022-04-07 13:00:00;719.0;779.98;171.0;16.14;54.45;3.24;
2022-04-07 14:00:00;590.0;743.28;150.0;15.96;54.45;3.38;
2022-04-07 15:00:00;424.0;680.54;120.0;15.51;56.35;3.38;
2022-04-07 16:00:00;234.0;534.94;86.0;14.69;62.65;3.17;
2022-04-07 17:00:00;55.0;267.5;30.0;13.46;69.65;2.76;
2022-04-07 18:00:00;0.0;0.0;0.0;11.95;74.6;2.62;
2022-04-07 19:00:00;0.0;0.0;0.0;10.93;77.2;2.34;
2022-04-07 20:00:00;0.0;0.0;0.0;9.66;85.95;1.93;
2022-04-07 21:00:00;0.0;0.0;0.0;8.65;89.1;1.45;
2022-04-07 22:00:00;0.0;0.0;0.0;7.89;89.05;1.59;
2022-04-07 23:00:00;0.0;0.0;0.0;7.01;92.35;2.07;
2022-04-08 00:00:00;0.0;0.0;0.0;6.66;92.35;2.0;
2022-04-08 01:00:00;0.0;0.0;0.0;8.51;89.1;1.31;
2022-04-08 02:00:00;0.0;0.0;0.0;9.41;85.95;0.48;
2022-04-08 03:00:00;0.0;0.0;0.0;9.28;85.95;0.28;
2022-04-08 04:00:00;0.0;0.0;0.0;8.99;85.95;0.97;
2022-04-08 05:00:00;41.0;215.95;24.0;6.22;92.3;1.59;
2022-04-08 06:00:00;216.0;499.16;85.0;7.6;92.35;1.03;
2022-04-08 07:00:00;406.0;653.98;122.0;11.19;86.1;0.76;
2022-04-08 08:00:00;579.0;741.65;147.0;12.87;77.45;0.83;
2022-04-08 09:00:00;722.0;807.74;159.0;14.17;72.3;1.38;
2022-04-08 10:00:00;807.0;824.66;172.0;15.14;67.45;1.93;
2022-04-08 11:00:00;836.0;818.55;184.0;15.87;65.15;2.55;
2022-04-08 12:00:00;804.0;795.08;188.0;16.22;62.95;2.97;
2022-04-08 13:00:00;721.0;768.92;178.0;16.26;60.75;3.31;
2022-04-08 14:00:00;588.0;720.44;159.0;16.04;58.6;3.45;
2022-04-08 15:00:00;424.0;664.2;125.0;15.56;60.65;3.38;
2022-04-08 16:00:00;236.0;524.67;89.0;14.85;67.35;2.69;
2022-04-08 17:00:00;57.0;267.82;31.0;13.81;74.85;1.93;
2022-04-08 18:00:00;0.0;0.0;0.0;12.4;80.3;1.66;
2022-04-08 19:00:00;0.0;0.0;0.0;10.53;89.25;1.45;
2022-04-08 20:00:00;0.0;0.0;0.0;11.29;86.1;0.97;
2022-04-08 21:00:00;0.0;0.0;0.0;10.94;86.1;0.76;
2022-04-08 22:00:00;0.0;0.0;0.0;10.35;89.2;0.9;
2022-04-08 23:00:00;0.0;0.0;0.0;10.12;89.2;0.83;
2022-04-09 00:00:00;0.0;0.0;0.0;9.87;92.45;0.21;
2022-04-09 01:00:00;0.0;0.0;0.0;8.1;92.4;1.31;
2022-04-09 02:00:00;0.0;0.0;0.0;4.99;95.75;1.93;
2022-04-09 03:00:00;0.0;0.0;0.0;4.51;95.75;2.07;
2022-04-09 04:00:00;0.0;0.0;0.0;4.32;95.75;2.14;
2022-04-09 05:00:00;47.0;237.67;27.0;4.74;95.75;2.0;
2022-04-09 06:00:00;218.0;485.64;88.0;6.38;89.0;1.79;
2022-04-09 07:00:00;408.0;646.51;124.0;10.91;80.1;2.07;
2022-04-09 08:00:00;577.0;720.32;154.0;13.28;69.55;2.48;
2022-04-09 09:00:00;718.0;788.34;165.0;14.84;62.65;2.55;
2022-04-09 10:00:00;807.0;817.62;174.0;15.98;58.6;2.41;
2022-04-09 11:00:00;834.0;812.03;184.0;16.8;60.85;2.34;
2022-04-09 12:00:00;798.0;773.3;196.0;17.31;58.8;2.41;
2022-04-09 13:00:00;724.0;777.75;172.0;17.51;60.95;2.34;
2022-04-09 14:00:00;584.0;699.58;165.0;17.49;60.95;2.28;
2022-04-09 15:00:00;425.0;656.96;127.0;17.19;60.95;2.14;
2022-04-09 16:00:00;236.0;511.17;91.0;16.61;65.35;1.72;
2022-04-09 17:00:00;59.0;258.23;33.0;15.58;72.55;1.24;
2022-04-09 18:00:00;0.0;0.0;0.0;13.88;86.35;0.97;
2022-04-09 19:00:00;0.0;0.0;0.0;12.02;86.2;1.72;
2022-04-09 20:00:00;0.0;0.0;0.0;10.73;89.25;1.86;
2022-04-09 21:00:00;0.0;0.0;0.0;9.3;92.45;2.0;
2022-04-09 22:00:00;0.0;0.0;0.0;8.37;92.4;1.93;
2022-04-09 23:00:00;0.0;0.0;0.0;7.85;95.8;1.79;
2022-04-10 00:00:00;0.0;0.0;0.0;7.52;92.35;1.72;
2022-04-10 01:00:00;0.0;0.0;0.0;7.09;92.35;1.72;
2022-04-10 02:00:00;0.0;0.0;0.0;6.5;92.35;1.79;
2022-04-10 03:00:00;0.0;0.0;0.0;5.94;92.3;1.86;
2022-04-10 04:00:00;0.0;0.0;0.0;5.73;92.3;2.0;
2022-04-10 05:00:00;32.0;44.67;28.0;5.56;92.3;1.93;
2022-04-10 06:00:00;135.0;73.29;115.0;7.88;92.4;1.31;
2022-04-10 07:00:00;301.0;213.85;206.0;12.95;74.75;1.38;
2022-04-10 08:00:00;561.0;653.8;174.0;15.41;67.45;1.38;
2022-04-10 09:00:00;700.0;731.01;184.0;17.09;58.8;1.03;
2022-04-10 10:00:00;778.0;729.77;210.0;18.24;54.85;0.41;
2022-04-10 11:00:00;827.0;798.17;185.0;18.93;53.0;0.41;
2022-04-10 12:00:00;800.0;790.14;182.0;19.17;53.15;1.45;
2022-04-10 13:00:00;713.0;748.69;179.0;19.15;55.05;2.07;
2022-04-10 14:00:00;579.0;685.65;166.0;18.92;59.05;2.76;
2022-04-10 15:00:00;414.0;606.12;137.0;18.38;61.05;3.1;
2022-04-10 16:00:00;232.0;477.15;95.0;17.46;67.85;3.17;
2022-04-10 17:00:00;59.0;230.15;35.0;16.13;72.65;3.24;
2022-04-10 18:00:00;0.0;0.0;0.0;14.79;77.75;3.17;
2022-04-10 19:00:00;0.0;0.0;0.0;14.68;72.4;3.31;
2022-04-10 20:00:00;0.0;0.0;0.0;13.48;74.85;3.59;
2022-04-10 21:00:00;0.0;0.0;0.0;12.81;80.3;6.14;
2022-04-10 22:00:00;0.0;0.0;0.0;12.11;83.15;7.24;
2022-04-10 23:00:00;0.0;0.0;0.0;11.42;86.15;6.9;
2022-04-11 00:00:00;0.0;0.0;0.0;11.02;89.3;6.21;
2022-04-11 01:00:00;0.0;0.0;0.0;10.63;89.25;5.66;
2022-04-11 02:00:00;0.0;0.0;0.0;10.45;89.25;5.59;
2022-04-11 03:00:00;0.0;0.0;0.0;10.24;86.0;5.1;
2022-04-11 04:00:00;0.0;0.0;0.0;9.93;82.95;4.28;
2022-04-11 05:00:00;8.0;0.0;8.0;9.46;85.95;3.45;
2022-04-11 06:00:00;36.0;0.0;36.0;9.3;85.95;3.52;
2022-04-11 07:00:00;57.0;0.0;57.0;9.16;79.85;3.17;
2022-04-11 08:00:00;139.0;0.0;139.0;9.94;71.6;3.86;
2022-04-11 09:00:00;277.0;7.04;272.0;10.56;64.1;4.48;
2022-04-11 10:00:00;404.0;46.01;368.0;11.09;57.4;4.97;
2022-04-11 11:00:00;677.0;379.88;370.0;11.42;53.35;4.83;
2022-04-11 12:00:00;471.0;96.72;395.0;11.72;53.35;4.62;
2022-04-11 13:00:00;682.0;622.29;236.0;11.85;51.35;4.28;
2022-04-11 14:00:00;589.0;706.59;161.0;11.83;51.35;4.0;
2022-04-11 15:00:00;439.0;697.25;118.0;11.72;51.35;3.72;
2022-04-11 16:00:00;246.0;543.77;88.0;11.48;49.45;3.31;
2022-04-11 17:00:00;66.0;287.42;35.0;11.0;51.25;2.41;
2022-04-11 18:00:00;0.0;0.0;0.0;10.14;57.15;1.93;
2022-04-11 19:00:00;0.0;0.0;0.0;8.71;71.35;1.66;
2022-04-11 20:00:00;0.0;0.0;0.0;7.81;79.65;1.52;
2022-04-11 21:00:00;0.0;0.0;0.0;7.46;76.7;1.1;
2022-04-11 22:00:00;0.0;0.0;0.0;6.93;76.65;1.1;
2022-04-11 23:00:00;0.0;0.0;0.0;7.41;73.9;0.69;
2022-04-12 00:00:00;0.0;0.0;0.0;6.96;76.65;0.9;
2022-04-12 01:00:00;0.0;0.0;0.0;5.73;79.4;1.38;
2022-04-12 02:00:00;0.0;0.0;0.0;5.38;79.4;1.59;
2022-04-12 03:00:00;0.0;0.0;0.0;5.4;79.4;1.93;
2022-04-12 04:00:00;0.0;0.0;0.0;5.62;79.4;2.07;
2022-04-12 05:00:00;46.0;109.82;35.0;5.75;79.4;2.07;
2022-04-12 06:00:00;227.0;452.12;99.0;7.32;82.6;2.07;
2022-04-12 07:00:00;424.0;654.22;127.0;9.19;74.15;2.07;
2022-04-12 08:00:00;550.0;563.95;211.0;10.35;69.0;3.31;
2022-04-12 09:00:00;680.0;615.82;240.0;11.03;66.65;4.14;
2022-04-12 10:00:00;810.0;789.68;189.0;11.52;64.35;4.41;
2022-04-12 11:00:00;827.0;752.55;216.0;11.94;64.45;4.41;
2022-04-12 12:00:00;818.0;805.77;182.0;12.23;64.45;4.28;
2022-04-12 13:00:00;738.0;794.31;166.0;12.37;62.1;4.07;
2022-04-12 14:00:00;594.0;701.07;167.0;12.27;59.85;3.79;
2022-04-12 15:00:00;437.0;672.82;125.0;12.15;59.85;3.31;
2022-04-12 16:00:00;243.0;496.63;97.0;11.8;62.0;2.97;
2022-04-12 17:00:00;48.0;71.8;40.0;11.26;64.25;2.55;
2022-04-12 18:00:00;0.0;0.0;0.0;10.31;71.6;2.28;
2022-04-12 19:00:00;0.0;0.0;0.0;9.7;74.2;2.0;
2022-04-12 20:00:00;0.0;0.0;0.0;8.66;82.75;1.79;
2022-04-12 21:00:00;0.0;0.0;0.0;8.37;82.75;1.38;
2022-04-12 22:00:00;0.0;0.0;0.0;9.02;76.95;0.97;
2022-04-12 23:00:00;0.0;0.0;0.0;9.52;74.2;0.55;
2022-04-13 00:00:00;0.0;0.0;0.0;9.2;76.95;0.55;
2022-04-13 01:00:00;0.0;0.0;0.0;8.44;79.75;0.76;
2022-04-13 02:00:00;0.0;0.0;0.0;7.17;89.0;1.1;
2022-04-13 03:00:00;0.0;0.0;0.0;6.88;89.0;1.17;
2022-04-13 04:00:00;0.0;0.0;0.0;7.26;92.35;1.17;
2022-04-13 05:00:00;12.0;0.0;12.0;7.27;92.35;1.17;
2022-04-13 06:00:00;83.0;3.47;82.0;8.47;89.1;0.97;
2022-04-13 07:00:00;151.0;2.18;150.0;9.78;89.15;1.17;
2022-04-13 08:00:00;233.0;8.26;228.0;9.93;86.0;1.03;
2022-04-13 09:00:00;188.0;0.0;188.0;10.3;86.0;1.17;
2022-04-13 10:00:00;189.0;0.0;189.0;10.5;83.0;0.97;
2022-04-13 11:00:00;233.0;0.0;233.0;10.63;80.05;0.83;
2022-04-13 12:00:00;326.0;10.09;318.0;10.98;74.45;1.24;
2022-04-13 13:00:00;297.0;11.06;289.0;11.44;69.25;1.66;
2022-04-13 14:00:00;133.0;0.0;133.0;12.0;66.85;1.86;
2022-04-13 15:00:00;175.0;8.56;171.0;12.09;64.45;1.79;
2022-04-13 16:00:00;164.0;110.97;131.0;11.9;64.45;1.52;
2022-04-13 17:00:00;73.0;313.15;37.0;11.53;66.75;1.45;
2022-04-13 18:00:00;0.0;0.0;0.0;10.57;74.4;1.72;
2022-04-13 19:00:00;0.0;0.0;0.0;8.9;82.85;1.38;
2022-04-13 20:00:00;0.0;0.0;0.0;8.39;82.75;1.24;
2022-04-13 21:00:00;0.0;0.0;0.0;7.37;85.8;1.45;
2022-04-13 22:00:00;0.0;0.0;0.0;5.9;88.95;1.72;
2022-04-13 23:00:00;0.0;0.0;0.0;5.07;92.25;1.66;
2022-04-14 00:00:00;0.0;0.0;0.0;4.65;95.75;1.45;
2022-04-14 01:00:00;0.0;0.0;0.0;4.41;95.75;1.38;
2022-04-14 02:00:00;0.0;0.0;0.0;3.76;99.4;1.24;
2022-04-14 03:00:00;0.0;0.0;0.0;3.13;99.4;1.17;
2022-04-14 04:00:00;0.0;0.0;0.0;3.46;95.7;1.1;
2022-04-14 05:00:00;64.0;235.12;38.0;3.92;95.75;1.24;
2022-04-14 06:00:00;248.0;542.46;89.0;4.79;95.75;1.24;
2022-04-14 07:00:00;441.0;692.61;120.0;9.13;85.95;1.38;
2022-04-14 08:00:00;615.0;780.27;139.0;11.61;71.85;1.52;
2022-04-14 09:00:00;757.0;845.26;146.0;13.05;64.65;1.59;
2022-04-14 10:00:00;850.0;887.68;145.0;14.04;60.3;1.45;
2022-04-14 11:00:00;882.0;898.39;146.0;14.75;58.25;1.03;
2022-04-14 12:00:00;835.0;841.44;165.0;15.24;56.25;0.48;
2022-04-14 13:00:00;737.0;774.62;174.0;15.6;56.35;0.62;
2022-04-14 14:00:00;615.0;761.81;146.0;15.67;56.35;1.52;
2022-04-14 15:00:00;437.0;646.38;133.0;15.25;58.35;2.41;
2022-04-14 16:00:00;218.0;315.88;123.0;14.09;67.25;2.28;
2022-04-14 17:00:00;72.0;270.06;40.0;13.05;77.5;2.07;
2022-04-14 18:00:00;0.0;0.0;0.0;12.15;80.2;2.07;
2022-04-14 19:00:00;0.0;0.0;0.0;11.59;83.1;2.21;
2022-04-14 20:00:00;0.0;0.0;0.0;10.38;86.05;2.34;
2022-04-14 21:00:00;0.0;0.0;0.0;9.26;92.45;2.34;
2022-04-14 22:00:00;0.0;0.0;0.0;8.05;92.4;2.14;
2022-04-14 23:00:00;0.0;0.0;0.0;6.75;95.8;1.72;
2022-04-15 00:00:00;0.0;0.0;0.0;6.4;92.35;1.24;
2022-04-15 01:00:00;0.0;0.0;0.0;6.23;92.3;1.17;
2022-04-15 02:00:00;0.0;0.0;0.0;5.47;92.3;1.31;
2022-04-15 03:00:00;0.0;0.0;0.0;5.99;88.95;1.03;
2022-04-15 04:00:00;0.0;0.0;0.0;6.52;89.0;0.69;
2022-04-15 05:00:00;61.0;164.2;42.0;6.31;92.3;0.83;
2022-04-15 06:00:00;187.0;184.55;132.0;7.25;95.8;0.69;
2022-04-15 07:00:00;424.0;593.87;146.0;10.77;83.0;0.34;
2022-04-15 08:00:00;602.0;722.64;158.0;12.22;80.2;0.34;
2022-04-15 09:00:00;660.0;529.62;275.0;13.56;74.85;0.9;
2022-04-15 10:00:00;827.0;815.77;176.0;14.42;69.85;1.17;
2022-04-15 11:00:00;862.0;838.58;172.0;15.25;67.45;1.66;
2022-04-15 12:00:00;833.0;830.36;169.0;15.6;65.15;2.14;
2022-04-15 13:00:00;744.0;788.95;168.0;15.71;67.55;2.55;
2022-04-15 14:00:00;611.0;740.07;153.0;15.65;65.15;2.83;
2022-04-15 15:00:00;442.0;658.83;130.0;15.29;65.05;3.03;
2022-04-15 16:00:00;257.0;536.01;94.0;14.75;69.85;2.97;
2022-04-15 17:00:00;76.0;286.87;41.0;13.97;72.3;2.48;
2022-04-15 18:00:00;0.0;0.0;0.0;12.83;83.25;2.41;
2022-04-15 19:00:00;0.0;0.0;0.0;11.8;86.15;2.55;
2022-04-15 20:00:00;0.0;0.0;0.0;10.8;92.5;2.28;
2022-04-15 21:00:00;0.0;0.0;0.0;9.75;95.85;1.79;
2022-04-15 22:00:00;0.0;0.0;0.0;9.05;95.85;1.45;
2022-04-15 23:00:00;0.0;0.0;0.0;9.67;92.45;1.1;
2022-04-16 00:00:00;0.0;0.0;0.0;9.99;92.5;0.9;
2022-04-16 01:00:00;0.0;0.0;0.0;9.69;95.85;0.48;
2022-04-16 02:00:00;0.0;0.0;0.0;9.36;99.4;0.34;
2022-04-16 03:00:00;0.0;0.0;0.0;8.44;99.4;0.55;
2022-04-16 04:00:00;0.0;0.0;0.0;7.8;100.0;0.69;
2022-04-16 05:00:00;49.0;57.96;42.0;7.64;99.4;0.34;
2022-04-16 06:00:00;129.0;33.02;119.0;8.57;99.4;0.0;
2022-04-16 07:00:00;321.0;207.32;223.0;10.69;92.5;0.14;
2022-04-16 08:00:00;317.0;51.72;285.0;11.68;86.15;0.55;
2022-04-16 09:00:00;261.0;2.74;259.0;12.81;80.3;1.17;
2022-04-16 10:00:00;344.0;13.72;333.0;13.83;72.2;1.72;
2022-04-16 11:00:00;289.0;2.42;287.0;14.54;67.35;2.34;
2022-04-16 12:00:00;323.0;8.72;316.0;14.66;67.35;2.55;
2022-04-16 13:00:00;140.0;0.0;140.0;14.79;69.85;2.69;
2022-04-16 14:00:00;189.0;0.0;189.0;14.72;69.85;2.83;
2022-04-16 15:00:00;310.0;174.08;227.0;14.35;72.3;2.97;
2022-04-16 16:00:00;107.0;9.76;104.0;13.99;72.3;2.62;
2022-04-16 17:00:00;39.0;15.94;37.0;13.27;80.35;1.72;
2022-04-16 18:00:00;0.0;0.0;0.0;12.45;83.25;1.17;
2022-04-16 19:00:00;0.0;0.0;0.0;13.07;72.1;0.48;
2022-04-16 20:00:00;0.0;0.0;0.0;11.12;83.05;1.17;
2022-04-16 21:00:00;0.0;0.0;0.0;11.56;83.1;0.83;
2022-04-16 22:00:00;0.0;0.0;0.0;10.64;89.25;0.97;
2022-04-16 23:00:00;0.0;0.0;0.0;9.35;95.85;1.31;
2022-04-17 00:00:00;0.0;0.0;0.0;9.13;95.85;1.45;
2022-04-17 01:00:00;0.0;0.0;0.0;9.19;95.85;1.86;
2022-04-17 02:00:00;0.0;0.0;0.0;9.64;92.45;1.93;
2022-04-17 03:00:00;0.0;0.0;0.0;9.32;95.85;1.93;
2022-04-17 04:00:00;0.0;0.0;0.0;9.33;95.85;1.93;
2022-04-17 05:00:00;47.0;39.75;42.0;9.43;92.45;2.0;
2022-04-17 06:00:00;149.0;65.01;129.0;9.92;92.5;1.79;
2022-04-17 07:00:00;58.0;0.0;58.0;11.07;92.55;0.97;
2022-04-17 08:00:00;284.0;27.29;267.0;11.86;89.3;1.66;
2022-04-17 09:00:00;168.0;0.0;168.0;12.09;89.35;2.76;
2022-04-17 10:00:00;116.0;0.0;116.0;12.29;89.35;3.45;
2022-04-17 11:00:00;148.0;0.0;148.0;12.29;86.2;3.93;
2022-04-17 12:00:00;101.0;0.0;101.0;12.7;83.25;4.07;
2022-04-17 13:00:00;73.0;0.0;73.0;13.01;80.35;4.34;
2022-04-17 14:00:00;145.0;0.0;145.0;13.33;77.5;4.14;
2022-04-17 15:00:00;124.0;0.0;124.0;13.42;74.85;3.45;
2022-04-17 16:00:00;108.0;9.65;105.0;13.75;74.85;2.76;
2022-04-17 17:00:00;48.0;38.76;43.0;13.57;74.85;2.28;
2022-04-17 18:00:00;0.0;0.0;0.0;12.76;77.45;2.48;
2022-04-17 19:00:00;0.0;0.0;0.0;11.54;86.15;1.86;
2022-04-17 20:00:00;0.0;0.0;0.0;10.93;89.3;2.21;
2022-04-17 21:00:00;0.0;0.0;0.0;10.99;89.3;2.28;
2022-04-17 22:00:00;0.0;0.0;0.0;10.97;89.3;2.21;
2022-04-17 23:00:00;0.0;0.0;0.0;10.92;89.3;1.79;
2022-04-18 00:00:00;0.0;0.0;0.0;10.97;89.3;1.17;
2022-04-18 01:00:00;0.0;0.0;0.0;10.62;92.5;0.55;
2022-04-18 02:00:00;0.0;0.0;0.0;10.43;89.25;0.48;
2022-04-18 03:00:00;0.0;0.0;0.0;9.67;99.4;0.83;
2022-04-18 04:00:00;0.0;0.0;0.0;9.55;95.85;1.1;
2022-04-18 05:00:00;45.0;30.6;41.0;9.37;95.85;1.45;
2022-04-18 06:00:00;109.0;9.6;106.0;10.35;95.9;1.79;
2022-04-18 07:00:00;375.0;357.1;203.0;11.26;92.55;1.86;
2022-04-18 08:00:00;507.0;373.15;273.0;12.58;80.3;1.93;
2022-04-18 09:00:00;720.0;693.04;208.0;13.8;72.2;1.72;
2022-04-18 10:00:00;700.0;442.48;342.0;14.77;64.95;1.45;
2022-04-18 11:00:00;734.0;469.28;343.0;15.29;60.5;1.17;
2022-04-18 12:00:00;416.0;45.71;379.0;15.81;58.45;1.31;
2022-04-18 13:00:00;131.0;0.0;131.0;16.0;58.6;1.59;
2022-04-18 14:00:00;435.0;205.31;306.0;15.75;60.65;2.07;
2022-04-18 15:00:00;314.0;178.0;228.0;15.7;62.85;2.0;
2022-04-18 16:00:00;161.0;82.8;135.0;15.38;65.05;1.79;
2022-04-18 17:00:00;83.0;279.36;46.0;14.71;69.85;1.24;
2022-04-18 18:00:00;0.0;0.0;0.0;13.77;77.6;0.41;
2022-04-18 19:00:00;0.0;0.0;0.0;13.89;72.2;0.69;
2022-04-18 20:00:00;0.0;0.0;0.0;12.75;77.45;1.03;
2022-04-18 21:00:00;0.0;0.0;0.0;10.46;86.05;1.45;
2022-04-18 22:00:00;0.0;0.0;0.0;8.9;92.45;2.0;
2022-04-18 23:00:00;0.0;0.0;0.0;8.83;95.85;2.34;
2022-04-19 00:00:00;0.0;0.0;0.0;8.74;95.85;2.55;
2022-04-19 01:00:00;0.0;0.0;0.0;8.8;92.4;2.62;
2022-04-19 02:00:00;0.0;0.0;0.0;8.6;92.4;2.69;
2022-04-19 03:00:00;0.0;0.0;0.0;8.13;92.4;2.69;
2022-04-19 04:00:00;0.0;0.0;0.0;7.92;92.4;2.76;
2022-04-19 05:00:00;77.0;199.09;50.0;7.65;92.35;2.55;
2022-04-19 06:00:00;262.0;507.89;101.0;8.94;89.1;2.21;
2022-04-19 07:00:00;446.0;629.6;140.0;11.89;86.15;2.83;
2022-04-19 08:00:00;628.0;766.81;144.0;13.81;74.85;3.17;
2022-04-19 09:00:00;767.0;828.2;152.0;15.18;67.45;3.24;
2022-04-19 10:00:00;854.0;857.72;157.0;16.11;62.95;2.97;
2022-04-19 11:00:00;879.0;854.72;164.0;16.87;63.05;2.62;
2022-04-19 12:00:00;854.0;857.64;157.0;17.46;60.95;2.34;
2022-04-19 13:00:00;763.0;817.27;156.0;17.79;60.95;2.14;
2022-04-19 14:00:00;625.0;755.49;148.0;18.02;58.9;2.0;
2022-04-19 15:00:00;456.0;674.53;128.0;18.08;58.9;2.0;
2022-04-19 16:00:00;265.0;526.38;98.0;17.93;63.2;1.66;
2022-04-19 17:00:00;87.0;301.71;46.0;17.41;65.45;0.76;
2022-04-19 18:00:00;0.0;0.0;0.0;16.96;63.2;0.28;
2022-04-19 19:00:00;0.0;0.0;0.0;16.22;67.65;0.9;
2022-04-19 20:00:00;0.0;0.0;0.0;12.02;83.15;2.0;
2022-04-19 21:00:00;0.0;0.0;0.0;10.59;89.25;2.28;
2022-04-19 22:00:00;0.0;0.0;0.0;10.0;89.2;2.41;
2022-04-19 23:00:00;0.0;0.0;0.0;10.05;89.2;2.62;
2022-04-20 00:00:00;0.0;0.0;0.0;10.01;89.2;2.69;
2022-04-20 01:00:00;0.0;0.0;0.0;9.83;89.15;2.69;
2022-04-20 02:00:00;0.0;0.0;0.0;9.44;89.15;2.62;
2022-04-20 03:00:00;0.0;0.0;0.0;8.95;89.1;2.48;
2022-04-20 04:00:00;0.0;0.0;0.0;8.44;92.4;2.41;
2022-04-20 05:00:00;93.0;334.68;46.0;8.24;92.4;2.28;
2022-04-20 06:00:00;268.0;510.0;104.0;9.73;89.15;1.93;
2022-04-20 07:00:00;459.0;664.87;133.0;13.18;74.75;1.86;
2022-04-20 08:00:00;628.0;743.08;156.0;15.85;65.15;1.86;
2022-04-20 09:00:00;769.0;816.01;160.0;17.95;58.8;1.93;
2022-04-20 10:00:00;850.0;832.0;171.0;19.49;51.4;2.0;
2022-04-20 11:00:00;879.0;840.67;173.0;20.54;44.7;2.0;
2022-04-20 12:00:00;854.0;843.33;166.0;21.14;41.7;1.93;
2022-04-20 13:00:00;768.0;815.28;160.0;21.46;40.2;1.72;
2022-04-20 14:00:00;630.0;755.03;151.0;21.6;38.9;1.52;
2022-04-20 15:00:00;460.0;676.39;129.0;21.55;37.5;1.24;
2022-04-20 16:00:00;273.0;549.15;97.0;21.27;41.7;1.03;
2022-04-20 17:00:00;89.0;294.29;48.0;19.95;61.4;1.03;
2022-04-20 18:00:00;0.0;0.0;0.0;17.75;60.95;2.28;
2022-04-20 19:00:00;0.0;0.0;0.0;15.94;58.6;3.45;
2022-04-20 20:00:00;0.0;0.0;0.0;15.32;60.5;4.21;
2022-04-20 21:00:00;0.0;0.0;0.0;14.63;62.65;4.41;
2022-04-20 22:00:00;0.0;0.0;0.0;13.86;64.75;4.0;
2022-04-20 23:00:00;0.0;0.0;0.0;13.12;67.05;3.59;
2022-04-21 00:00:00;0.0;0.0;0.0;12.43;66.95;3.45;
2022-04-21 01:00:00;0.0;0.0;0.0;11.81;74.55;3.38;
2022-04-21 02:00:00;0.0;0.0;0.0;11.18;77.2;3.31;
2022-04-21 03:00:00;0.0;0.0;0.0;10.65;80.05;3.31;
2022-04-21 04:00:00;0.0;0.0;0.0;10.31;82.95;3.24;
2022-04-21 05:00:00;98.0;337.51;49.0;10.25;86.0;3.03;
2022-04-21 06:00:00;274.0;521.36;104.0;11.52;80.15;2.83;
2022-04-21 07:00:00;466.0;677.38;131.0;14.3;74.95;3.1;
2022-04-21 08:00:00;631.0;743.19;156.0;16.56;67.75;3.1;
2022-04-21 09:00:00;768.0;805.35;164.0;18.49;61.2;3.1;
2022-04-21 10:00:00;853.0;832.19;171.0;19.82;55.2;3.03;
2022-04-21 11:00:00;882.0;841.02;173.0;20.68;51.65;2.76;
2022-04-21 12:00:00;857.0;843.83;166.0;21.24;49.95;2.69;
2022-04-21 13:00:00;766.0;804.0;164.0;21.46;49.95;3.1;
2022-04-21 14:00:00;633.0;754.62;152.0;21.38;49.95;3.66;
2022-04-21 15:00:00;455.0;639.68;140.0;21.14;49.95;4.07;
2022-04-21 16:00:00;258.0;438.67;116.0;20.59;51.65;4.07;
2022-04-21 17:00:00;75.0;140.12;55.0;19.29;57.1;4.21;
2022-04-21 18:00:00;0.0;0.0;0.0;17.66;60.95;4.62;
2022-04-21 19:00:00;0.0;0.0;0.0;16.48;58.7;4.55;
2022-04-21 20:00:00;0.0;0.0;0.0;15.51;60.65;4.41;
2022-04-21 21:00:00;0.0;0.0;0.0;14.74;62.65;4.34;
2022-04-21 22:00:00;0.0;0.0;0.0;14.08;64.85;4.0;
2022-04-21 23:00:00;0.0;0.0;0.0;13.51;69.65;3.66;
2022-04-22 00:00:00;0.0;0.0;0.0;13.09;72.1;3.45;
2022-04-22 01:00:00;0.0;0.0;0.0;12.59;77.45;3.1;
2022-04-22 02:00:00;0.0;0.0;0.0;12.07;80.2;2.69;
2022-04-22 03:00:00;0.0;0.0;0.0;11.37;86.1;2.21;
2022-04-22 04:00:00;0.0;0.0;0.0;10.35;92.5;1.79;
2022-04-22 05:00:00;97.0;293.61;53.0;10.25;92.5;1.45;
2022-04-22 06:00:00;292.0;608.17;91.0;12.37;86.2;1.31;
2022-04-22 07:00:00;308.0;142.37;237.0;14.73;77.75;1.66;
2022-04-22 08:00:00;510.0;348.36;286.0;16.0;72.65;1.38;
2022-04-22 09:00:00;698.0;583.88;258.0;17.24;67.85;0.97;
2022-04-22 10:00:00;780.0;616.13;273.0;18.37;65.55;0.41;
2022-04-22 11:00:00;847.0;740.98;220.0;19.08;61.3;0.55;
2022-04-22 12:00:00;814.0;717.84;224.0;19.4;61.3;1.17;
2022-04-22 13:00:00;732.0;694.42;210.0;19.39;61.3;2.21;
2022-04-22 14:00:00;575.0;546.56;225.0;18.64;63.4;3.72;
2022-04-22 15:00:00;438.0;561.09;160.0;17.82;70.3;4.34;
2022-04-22 16:00:00;191.0;140.72;145.0;17.0;70.3;4.14;
2022-04-22 17:00:00;56.0;41.06;50.0;16.29;75.25;3.59;
2022-04-22 18:00:00;0.0;0.0;0.0;15.5;75.15;2.97;
2022-04-22 19:00:00;0.0;0.0;0.0;15.44;75.15;2.76;
2022-04-22 20:00:00;0.0;0.0;0.0;14.94;77.8;2.62;
2022-04-22 21:00:00;0.0;0.0;0.0;14.3;83.4;2.21;
2022-04-22 22:00:00;0.0;0.0;0.0;13.61;86.35;1.59;
2022-04-22 23:00:00;0.0;0.0;0.0;13.06;89.4;0.9;
2022-04-23 00:00:00;0.0;0.0;0.0;13.27;89.4;0.55;
2022-04-23 01:00:00;0.0;0.0;0.0;13.2;89.4;0.48;
2022-04-23 02:00:00;0.0;0.0;0.0;13.08;89.4;0.34;
2022-04-23 03:00:00;0.0;0.0;0.0;13.07;89.4;0.21;
2022-04-23 04:00:00;0.0;0.0;0.0;12.74;92.6;0.55;
2022-04-23 05:00:00;67.0;71.21;56.0;11.99;92.6;0.9;
2022-04-23 06:00:00;73.0;0.0;73.0;13.04;89.4;0.97;
2022-04-23 07:00:00;91.0;0.0;91.0;13.95;83.4;1.72;
2022-04-23 08:00:00;125.0;0.0;125.0;14.34;83.4;1.31;
2022-04-23 09:00:00;257.0;2.64;255.0;14.47;80.55;0.21;
2022-04-23 10:00:00;374.0;23.0;355.0;14.44;80.55;0.48;
2022-04-23 11:00:00;210.0;0.0;210.0;14.47;80.55;1.1;
2022-04-23 12:00:00;248.0;0.0;248.0;14.62;83.45;1.79;
2022-04-23 13:00:00;142.0;0.0;142.0;14.7;86.45;2.55;
2022-04-23 14:00:00;111.0;0.0;111.0;14.74;89.5;2.83;
2022-04-23 15:00:00;162.0;2.01;161.0;14.95;86.5;3.79;
2022-04-23 16:00:00;91.0;0.0;91.0;14.9;92.7;3.31;
2022-04-23 17:00:00;34.0;0.0;34.0;14.67;92.7;2.62;
2022-04-23 18:00:00;0.0;0.0;0.0;14.46;89.5;2.62;
2022-04-23 19:00:00;0.0;0.0;0.0;13.83;89.45;3.93;
2022-04-23 20:00:00;0.0;0.0;0.0;13.73;89.45;3.79;
2022-04-23 21:00:00;0.0;0.0;0.0;13.61;89.45;3.93;
2022-04-23 22:00:00;0.0;0.0;0.0;13.65;89.45;4.28;
2022-04-23 23:00:00;0.0;0.0;0.0;13.66;89.45;4.55;
2022-04-24 00:00:00;0.0;0.0;0.0;13.7;89.45;4.69;
2022-04-24 01:00:00;0.0;0.0;0.0;13.65;89.45;5.03;
2022-04-24 02:00:00;0.0;0.0;0.0;13.57;89.45;5.45;
2022-04-24 03:00:00;0.0;0.0;0.0;13.48;86.35;5.86;
2022-04-24 04:00:00;0.0;0.0;0.0;13.42;86.35;6.28;
2022-04-24 05:00:00;40.0;0.0;40.0;13.43;86.35;6.41;
2022-04-24 06:00:00;36.0;0.0;36.0;13.5;86.35;6.34;
2022-04-24 07:00:00;90.0;0.0;90.0;13.64;89.45;5.66;
2022-04-24 08:00:00;96.0;0.0;96.0;13.87;89.45;5.38;
2022-04-24 09:00:00;120.0;0.0;120.0;14.12;86.4;5.45;
2022-04-24 10:00:00;120.0;0.0;120.0;14.31;83.4;5.66;
2022-04-24 11:00:00;150.0;0.0;150.0;14.49;80.55;5.38;
2022-04-24 12:00:00;221.0;0.0;221.0;14.6;83.45;4.76;
2022-04-24 13:00:00;195.0;0.0;195.0;14.91;83.45;4.21;
2022-04-24 14:00:00;228.0;4.64;225.0;15.36;80.6;3.79;
2022-04-24 15:00:00;213.0;23.93;201.0;15.4;80.6;3.66;
2022-04-24 16:00:00;112.0;9.0;109.0;15.27;80.6;3.24;
2022-04-24 17:00:00;9.0;0.0;9.0;14.84;83.45;2.48;
2022-04-24 18:00:00;0.0;0.0;0.0;14.17;83.4;1.72;
2022-04-24 19:00:00;0.0;0.0;0.0;13.24;89.4;1.38;
2022-04-24 20:00:00;0.0;0.0;0.0;13.34;89.4;0.62;
2022-04-24 21:00:00;0.0;0.0;0.0;13.28;89.4;0.21;
2022-04-24 22:00:00;0.0;0.0;0.0;12.16;92.6;0.9;
2022-04-24 23:00:00;0.0;0.0;0.0;10.72;99.4;1.45;
2022-04-25 00:00:00;0.0;0.0;0.0;10.7;99.4;1.79;
2022-04-25 01:00:00;0.0;0.0;0.0;11.0;99.35;2.14;
2022-04-25 02:00:00;0.0;0.0;0.0;11.18;99.35;2.41;
2022-04-25 03:00:00;0.0;0.0;0.0;11.24;99.35;2.69;
2022-04-25 04:00:00;0.0;0.0;0.0;11.18;95.9;2.97;
2022-04-25 05:00:00;25.0;0.0;25.0;11.42;92.55;3.17;
2022-04-25 06:00:00;222.0;215.53;148.0;12.28;92.6;3.31;
2022-04-25 07:00:00;282.0;92.03;235.0;14.47;83.45;3.52;
2022-04-25 08:00:00;542.0;428.03;262.0;15.76;83.55;3.66;
2022-04-25 09:00:00;576.0;285.37;358.0;17.33;75.4;3.45;
2022-04-25 10:00:00;639.0;295.49;393.0;18.44;72.9;3.03;
2022-04-25 11:00:00;756.0;499.25;329.0;19.13;68.1;2.97;
2022-04-25 12:00:00;797.0;675.38;236.0;19.43;68.1;2.83;
2022-04-25 13:00:00;762.0;791.81;160.0;19.72;65.85;2.76;
2022-04-25 14:00:00;613.0;682.58;170.0;19.7;65.85;2.55;
2022-04-25 15:00:00;439.0;553.13;160.0;19.6;65.85;2.21;
2022-04-25 16:00:00;244.0;333.03;132.0;19.49;63.6;1.93;
2022-04-25 17:00:00;72.0;89.64;58.0;18.97;68.1;1.45;
2022-04-25 18:00:00;0.0;0.0;0.0;17.97;72.9;1.52;
2022-04-25 19:00:00;0.0;0.0;0.0;17.22;67.85;0.76;
2022-04-25 20:00:00;0.0;0.0;0.0;16.88;70.2;0.55;
2022-04-25 21:00:00;0.0;0.0;0.0;13.47;83.35;1.72;
2022-04-25 22:00:00;0.0;0.0;0.0;12.22;92.6;2.0;
2022-04-25 23:00:00;0.0;0.0;0.0;11.89;95.9;2.07;
2022-04-26 00:00:00;0.0;0.0;0.0;11.68;92.55;2.07;
2022-04-26 01:00:00;0.0;0.0;0.0;11.31;95.9;1.93;
2022-04-26 02:00:00;0.0;0.0;0.0;11.24;95.9;1.72;
2022-04-26 03:00:00;0.0;0.0;0.0;10.91;92.55;1.79;
2022-04-26 04:00:00;0.0;0.0;0.0;10.5;95.9;1.93;
2022-04-26 05:00:00;109.0;291.94;60.0;10.99;95.9;2.07;
2022-04-26 06:00:00;281.0;472.0;117.0;14.21;86.4;2.21;
2022-04-26 07:00:00;472.0;649.12;138.0;16.54;80.8;2.69;
2022-04-26 08:00:00;636.0;725.23;159.0;18.07;75.45;2.9;
2022-04-26 09:00:00;773.0;795.07;163.0;19.33;73.05;2.76;
2022-04-26 10:00:00;861.0;832.93;165.0;20.34;65.95;2.62;
2022-04-26 11:00:00;893.0;852.96;161.0;20.95;63.8;2.62;
2022-04-26 12:00:00;0.0;0.0;0.0;21.27;59.6;2.48;
2022-04-26 13:00:00;764.0;782.38;167.0;21.48;59.6;2.14;
2022-04-26 14:00:00;622.0;693.45;170.0;21.52;57.65;1.79;
2022-04-26 15:00:00;466.0;654.43;134.0;21.31;59.6;1.45;
2022-04-26 16:00:00;283.0;530.36;103.0;21.03;59.6;1.03;
2022-04-26 17:00:00;110.0;351.12;54.0;20.4;68.3;0.76;
2022-04-26 18:00:00;0.0;0.0;0.0;19.09;78.3;0.76;
2022-04-26 19:00:00;0.0;0.0;0.0;19.33;70.55;0.97;
2022-04-26 20:00:00;0.0;0.0;0.0;16.15;80.75;1.66;
2022-04-26 21:00:00;0.0;0.0;0.0;14.75;86.45;1.66;
2022-04-26 22:00:00;0.0;0.0;0.0;14.22;86.4;1.38;
2022-04-26 23:00:00;0.0;0.0;0.0;13.8;89.45;1.24;
2022-04-27 00:00:00;0.0;0.0;0.0;13.66;89.45;1.03;
2022-04-27 01:00:00;0.0;0.0;0.0;13.82;89.45;0.83;
2022-04-27 02:00:00;0.0;0.0;0.0;13.24;89.4;0.97;
2022-04-27 03:00:00;0.0;0.0;0.0;12.77;92.6;1.1;
2022-04-27 04:00:00;0.0;0.0;0.0;12.45;92.6;1.24;
2022-04-27 05:00:00;112.0;296.26;61.0;12.5;92.6;1.24;
2022-04-27 06:00:00;289.0;500.71;113.0;14.67;89.5;1.03;
2022-04-27 07:00:00;379.0;285.54;231.0;17.06;78.1;2.41;
2022-04-27 08:00:00;495.0;287.35;305.0;17.81;80.85;2.21;
2022-04-27 09:00:00;693.0;539.93;277.0;18.59;75.55;2.0;
2022-04-27 10:00:00;739.0;490.09;328.0;19.11;73.05;3.03;
2022-04-27 11:00:00;838.0;691.02;243.0;19.39;75.65;3.93;
2022-04-27 12:00:00;832.0;751.02;204.0;19.11;73.05;4.07;
2022-04-27 13:00:00;729.0;660.76;223.0;19.17;70.55;3.17;
2022-04-27 14:00:00;594.0;583.57;212.0;19.17;68.1;2.55;
2022-04-27 15:00:00;441.0;533.13;169.0;19.15;68.1;2.07;
2022-04-27 16:00:00;279.0;493.5;110.0;19.0;65.75;1.72;
2022-04-27 17:00:00;86.0;141.29;63.0;18.65;70.45;1.31;
2022-04-27 18:00:00;0.0;0.0;0.0;17.77;75.4;1.59;
2022-04-27 19:00:00;0.0;0.0;0.0;16.16;86.55;1.45;
2022-04-27 20:00:00;0.0;0.0;0.0;14.73;89.5;1.86;
2022-04-27 21:00:00;0.0;0.0;0.0;13.96;86.4;2.34;
2022-04-27 22:00:00;0.0;0.0;0.0;13.72;89.45;2.62;
2022-04-27 23:00:00;0.0;0.0;0.0;13.63;89.45;2.76;
2022-04-28 00:00:00;0.0;0.0;0.0;13.43;89.45;2.55;
2022-04-28 01:00:00;0.0;0.0;0.0;13.0;89.4;2.21;
2022-04-28 02:00:00;0.0;0.0;0.0;12.34;95.95;1.93;
2022-04-28 03:00:00;0.0;0.0;0.0;11.7;95.9;1.79;
2022-04-28 04:00:00;0.0;0.0;0.0;11.23;95.9;1.66;
2022-04-28 05:00:00;123.0;357.19;60.0;11.39;95.9;1.59;
2022-04-28 06:00:00;284.0;444.49;126.0;14.48;86.45;1.52;
2022-04-28 07:00:00;472.0;601.54;158.0;16.37;83.6;2.14;
2022-04-28 08:00:00;650.0;737.26;160.0;17.77;78.1;2.14;
2022-04-28 09:00:00;787.0;806.6;163.0;18.94;72.95;1.93;
2022-04-28 10:00:00;865.0;821.08;174.0;19.83;68.2;2.14;
2022-04-28 11:00:00;902.0;852.02;166.0;20.4;63.7;2.62;
2022-04-28 12:00:00;871.0;842.77;164.0;20.49;57.45;2.69;
2022-04-28 13:00:00;785.0;814.62;159.0;20.33;59.35;2.48;
2022-04-28 14:00:00;651.0;765.23;148.0;20.52;55.45;2.14;
2022-04-28 15:00:00;485.0;695.84;128.0;20.32;57.3;1.72;
2022-04-28 16:00:00;297.0;570.21;100.0;19.99;57.3;1.38;
2022-04-28 17:00:00;109.0;307.14;58.0;19.34;65.75;0.97;
2022-04-28 18:00:00;0.0;0.0;0.0;18.07;78.15;0.76;
2022-04-28 19:00:00;0.0;0.0;0.0;18.25;58.9;1.31;
2022-04-28 20:00:00;0.0;0.0;0.0;15.51;67.55;1.72;
2022-04-28 21:00:00;0.0;0.0;0.0;14.22;74.95;1.72;
2022-04-28 22:00:00;0.0;0.0;0.0;13.21;80.35;1.59;
2022-04-28 23:00:00;0.0;0.0;0.0;12.5;83.25;1.52;
2022-04-29 00:00:00;0.0;0.0;0.0;11.9;83.15;1.52;
2022-04-29 01:00:00;0.0;0.0;0.0;11.23;86.1;1.59;
2022-04-29 02:00:00;0.0;0.0;0.0;10.67;89.25;1.72;
2022-04-29 03:00:00;0.0;0.0;0.0;10.09;86.0;1.79;
2022-04-29 04:00:00;0.0;0.0;0.0;9.72;89.15;1.66;
2022-04-29 05:00:00;134.0;421.0;58.0;10.16;89.2;1.38;
2022-04-29 06:00:00;319.0;609.44;100.0;13.22;89.4;0.76;
2022-04-29 07:00:00;501.0;703.96;131.0;17.29;67.85;0.83;
2022-04-29 08:00:00;665.0;769.52;151.0;19.24;59.15;1.17;
2022-04-29 09:00:00;796.0;814.98;163.0;20.37;55.3;1.52;
2022-04-29 10:00:00;883.0;852.63;163.0;21.11;53.6;1.93;
2022-04-29 11:00:00;911.0;860.87;165.0;21.58;51.9;2.41;
2022-04-29 12:00:00;889.0;874.58;153.0;21.87;51.9;2.76;
2022-04-29 13:00:00;797.0;835.18;153.0;21.98;51.9;3.03;
2022-04-29 14:00:00;662.0;786.35;143.0;21.93;51.9;3.31;
2022-04-29 15:00:00;495.0;717.23;125.0;21.52;51.9;3.79;
2022-04-29 16:00:00;306.0;596.84;98.0;20.71;57.45;3.79;
2022-04-29 17:00:00;120.0;378.04;56.0;19.6;61.4;3.66;
2022-04-29 18:00:00;0.0;0.0;0.0;18.21;65.55;3.59;
2022-04-29 19:00:00;0.0;0.0;0.0;17.64;60.95;3.45;
2022-04-29 20:00:00;0.0;0.0;0.0;16.8;65.35;3.31;
2022-04-29 21:00:00;0.0;0.0;0.0;15.94;67.65;3.03;
2022-04-29 22:00:00;0.0;0.0;0.0;15.21;72.45;2.83;
2022-04-29 23:00:00;0.0;0.0;0.0;14.59;77.75;2.55;
2022-04-30 00:00:00;0.0;0.0;0.0;14.02;80.45;2.41;
2022-04-30 01:00:00;0.0;0.0;0.0;13.55;80.4;2.28;
2022-04-30 02:00:00;0.0;0.0;0.0;12.85;86.25;2.21;
2022-04-30 03:00:00;0.0;0.0;0.0;12.19;86.2;2.14;
2022-04-30 04:00:00;0.0;0.0;0.0;11.66;89.3;2.28;
2022-04-30 05:00:00;136.0;417.14;59.0;11.85;89.3;2.21;
2022-04-30 06:00:00;311.0;561.76;107.0;14.24;80.45;2.0;
2022-04-30 07:00:00;495.0;678.49;136.0;17.15;67.85;2.07;
2022-04-30 08:00:00;660.0;750.89;156.0;19.52;61.4;2.34;
2022-04-30 09:00:00;793.0;807.99;163.0;21.2;53.6;2.48;
2022-04-30 10:00:00;875.0;833.27;169.0;22.4;50.2;2.21;
2022-04-30 11:00:00;912.0;863.98;161.0;23.21;47.0;1.79;
2022-04-30 12:00:00;885.0;865.97;154.0;23.64;45.5;1.31;
2022-04-30 13:00:00;790.0;815.58;159.0;23.83;47.15;0.76;
2022-04-30 14:00:00;680.0;839.03;124.0;23.82;47.15;0.48;
2022-04-30 15:00:00;444.0;503.21;183.0;23.56;48.8;1.03;
2022-04-30 16:00:00;244.0;270.28;149.0;20.65;54.34;3.77;
2022-04-30 17:00:00;87.0;115.93;67.0;20.06;56.97;3.58;
2022-04-30 18:00:00;0.0;0.0;0.0;19.48;59.6;3.4;
2022-04-30 19:00:00;0.0;0.0;0.0;18.89;62.23;3.22;
2022-04-30 20:00:00;0.0;0.0;0.0;18.31;64.86;3.03;
2022-04-30 21:00:00;0.0;0.0;0.0;17.72;67.49;2.85;
2022-04-30 22:00:00;0.0;0.0;0.0;17.14;70.12;2.66;
2022-04-30 23:00:00;0.0;0.0;0.0;16.55;72.75;2.48;
2022-05-01 00:00:00;0.0;0.0;0.0;15.97;75.38;2.3;
2022-05-01 01:00:00;0.0;0.0;0.0;15.38;78.01;2.11;
2022-05-01 02:00:00;0.0;0.0;0.0;14.8;80.64;1.93;
2022-05-01 03:00:00;0.0;0.0;0.0;14.21;83.27;1.74;
2022-05-01 04:00:00;0.0;0.0;0.0;13.63;85.9;1.56;
2022-05-01 05:00:00;80.0;180.3;46.0;13.04;88.53;1.38;
2022-05-01 06:00:00;247.0;389.79;104.0;12.46;91.16;1.19;
2022-05-01 07:00:00;429.0;537.03;143.0;11.87;93.79;1.01;
2022-05-01 08:00:00;604.0;653.93;163.0;19.92;68.3;0.69;
2022-05-01 09:00:00;743.0;719.35;180.0;21.3;61.85;0.97;
2022-05-01 10:00:00;853.0;802.35;171.0;22.38;59.95;1.17;
2022-05-01 11:00:00;877.0;774.22;202.0;23.22;60.05;1.31;
2022-05-01 12:00:00;869.0;798.41;193.0;23.8;58.1;1.45;
2022-05-01 13:00:00;779.0;718.86;221.0;24.19;58.1;1.66;
2022-05-01 14:00:00;670.0;710.97;197.0;24.25;56.15;2.14;
2022-05-01 15:00:00;533.0;738.36;148.0;23.97;56.15;2.76;
2022-05-01 16:00:00;346.0;612.23;129.0;23.34;56.0;3.03;
2022-05-01 17:00:00;168.0;500.8;80.0;22.23;59.8;2.9;
2022-05-01 18:00:00;0.0;0.0;0.0;20.89;63.9;2.55;
2022-05-01 19:00:00;0.0;0.0;0.0;19.4;68.2;2.62;
2022-05-01 20:00:00;0.0;0.0;0.0;18.28;72.95;2.14;
2022-05-01 21:00:00;0.0;0.0;0.0;16.76;83.65;1.72;
2022-05-01 22:00:00;0.0;0.0;0.0;15.89;86.5;1.38;
2022-05-01 23:00:00;0.0;0.0;0.0;15.21;83.5;1.52;
2022-05-02 00:00:00;0.0;0.0;0.0;14.01;86.35;1.86;
2022-05-02 01:00:00;0.0;0.0;0.0;13.35;83.25;2.07;
2022-05-02 02:00:00;0.0;0.0;0.0;12.79;83.25;2.0;
2022-05-02 03:00:00;0.0;0.0;0.0;12.38;80.3;1.93;
2022-05-02 04:00:00;0.0;0.0;0.0;12.06;80.2;1.79;
2022-05-02 05:00:00;79.0;155.87;49.0;12.11;83.15;1.72;
2022-05-02 06:00:00;255.0;407.57;104.0;15.64;72.45;1.52;
2022-05-02 07:00:00;453.0;612.04;125.0;18.84;61.3;1.59;
2022-05-02 08:00:00;598.0;612.57;183.0;21.15;55.55;2.14;
2022-05-02 09:00:00;763.0;763.83;163.0;22.96;48.7;2.41;
2022-05-02 10:00:00;851.0;784.58;182.0;24.33;45.6;2.14;
2022-05-02 11:00:00;885.0;781.11;202.0;25.33;42.75;1.66;
2022-05-02 12:00:00;867.0;774.88;209.0;25.92;42.9;1.31;
2022-05-02 13:00:00;800.0;769.2;201.0;26.13;44.45;0.83;
2022-05-02 14:00:00;696.0;792.07;167.0;26.04;46.0;0.62;
2022-05-02 15:00:00;508.0;604.78;191.0;25.72;47.5;1.31;
2022-05-02 16:00:00;354.0;635.19;127.0;24.93;49.05;2.41;
2022-05-02 17:00:00;134.0;201.24;98.0;23.73;54.1;2.69;
2022-05-02 18:00:00;15.0;0.0;15.0;22.3;54.0;0.0;
2022-05-02 19:00:00;0.0;0.0;0.0;21.37;51.9;0.0;
2022-05-02 20:00:00;0.0;0.0;0.0;20.72;49.8;3.59;
2022-05-02 21:00:00;0.0;0.0;0.0;20.09;47.9;4.07;
2022-05-02 22:00:00;0.0;0.0;0.0;19.31;47.8;3.93;
2022-05-02 23:00:00;0.0;0.0;0.0;18.5;51.15;3.59;
2022-05-03 00:00:00;0.0;0.0;0.0;17.71;54.7;3.24;
2022-05-03 01:00:00;0.0;0.0;0.0;16.94;56.6;3.03;
2022-05-03 02:00:00;0.0;0.0;0.0;16.11;60.65;2.76;
2022-05-03 03:00:00;0.0;0.0;0.0;15.06;64.95;2.48;
2022-05-03 04:00:00;0.0;0.0;0.0;14.06;72.2;2.41;
2022-05-03 05:00:00;46.0;15.28;43.0;14.06;74.85;2.34;
2022-05-03 06:00:00;259.0;417.07;103.0;16.27;67.65;1.93;
2022-05-03 07:00:00;395.0;378.34;191.0;20.58;53.5;2.34;
2022-05-03 08:00:00;293.0;27.92;274.0;22.75;45.25;3.17;
2022-05-03 09:00:00;764.0;762.39;163.0;24.17;39.45;4.34;
2022-05-03 10:00:00;811.0;659.42;247.0;25.07;36.95;4.97;
2022-05-03 11:00:00;741.0;413.97;378.0;25.62;35.8;5.03;
2022-05-03 12:00:00;816.0;624.7;284.0;25.79;35.8;4.83;
2022-05-03 13:00:00;482.0;104.97;400.0;25.92;35.9;4.83;
2022-05-03 14:00:00;502.0;237.17;343.0;25.78;38.45;5.03;
2022-05-03 15:00:00;205.0;5.69;202.0;25.32;39.85;5.45;
2022-05-03 16:00:00;311.0;394.14;169.0;24.59;42.5;5.52;
2022-05-03 17:00:00;144.0;252.69;98.0;23.49;45.35;5.45;
2022-05-03 18:00:00;2.0;0.0;2.0;22.23;46.75;5.1;
2022-05-03 19:00:00;0.0;0.0;0.0;20.77;48.2;3.1;
2022-05-03 20:00:00;0.0;0.0;0.0;19.81;49.7;3.1;
2022-05-03 21:00:00;0.0;0.0;0.0;19.07;51.25;3.17;
2022-05-03 22:00:00;0.0;0.0;0.0;18.48;51.15;3.1;
2022-05-03 23:00:00;0.0;0.0;0.0;17.88;52.9;3.1;
2022-05-04 00:00:00;0.0;0.0;0.0;17.43;54.7;3.38;
2022-05-04 01:00:00;0.0;0.0;0.0;16.81;56.6;2.9;
2022-05-04 02:00:00;0.0;0.0;0.0;15.92;62.85;2.34;
2022-05-04 03:00:00;0.0;0.0;0.0;14.64;74.95;1.86;
2022-05-04 04:00:00;0.0;0.0;0.0;14.72;69.85;1.45;
2022-05-04 05:00:00;88.0;179.99;52.0;14.81;72.4;1.31;
2022-05-04 06:00:00;264.0;426.49;103.0;17.03;67.75;1.31;
2022-05-04 07:00:00;0.0;0.0;0.0;19.38;59.25;2.55;
2022-05-04 08:00:00;652.0;769.65;126.0;20.95;55.55;2.55;
2022-05-04 09:00:00;750.0;711.74;187.0;22.24;52.0;2.28;
2022-05-04 10:00:00;854.0;782.2;183.0;23.18;50.45;1.52;
2022-05-04 11:00:00;882.0;763.09;211.0;23.84;48.8;0.48;
2022-05-04 12:00:00;837.0;676.82;259.0;23.89;50.55;0.76;
2022-05-04 13:00:00;802.0;766.97;201.0;23.98;50.55;1.38;
2022-05-04 14:00:00;665.0;665.75;217.0;24.03;50.55;1.52;
2022-05-04 15:00:00;464.0;428.69;237.0;23.6;50.45;1.66;
2022-05-04 16:00:00;345.0;553.48;144.0;23.07;48.7;1.59;
2022-05-04 17:00:00;154.0;307.83;97.0;22.47;52.1;1.79;
2022-05-04 18:00:00;13.0;0.0;13.0;20.81;61.7;1.17;
2022-05-04 19:00:00;0.0;0.0;0.0;20.59;55.45;0.41;
2022-05-04 20:00:00;0.0;0.0;0.0;19.26;61.4;0.69;
2022-05-04 21:00:00;0.0;0.0;0.0;18.52;68.05;0.48;
2022-05-04 22:00:00;0.0;0.0;0.0;16.39;77.95;1.24;
2022-05-04 23:00:00;0.0;0.0;0.0;15.51;83.5;2.62;
2022-05-05 00:00:00;0.0;0.0;0.0;15.41;83.5;3.66;
2022-05-05 01:00:00;0.0;0.0;0.0;14.91;86.45;4.14;
2022-05-05 02:00:00;0.0;0.0;0.0;14.54;92.7;2.97;
2022-05-05 03:00:00;0.0;0.0;0.0;14.0;95.95;1.79;
2022-05-05 04:00:00;0.0;0.0;0.0;13.65;99.4;1.93;
2022-05-05 05:00:00;13.0;0.0;13.0;13.81;95.95;2.55;
2022-05-05 06:00:00;94.0;2.63;93.0;14.72;89.5;3.38;
2022-05-05 07:00:00;274.0;84.33;228.0;14.66;89.5;4.55;
2022-05-05 08:00:00;275.0;17.49;263.0;15.9;83.55;4.28;
2022-05-05 09:00:00;123.0;0.0;123.0;16.93;75.3;4.48;
2022-05-05 10:00:00;146.0;0.0;146.0;17.08;70.2;4.97;
2022-05-05 11:00:00;259.0;0.0;259.0;17.51;65.45;4.97;
2022-05-05 12:00:00;704.0;359.68;396.0;17.71;63.2;4.83;
2022-05-05 13:00:00;645.0;347.34;372.0;17.88;56.85;5.24;
2022-05-05 14:00:00;695.0;771.4;174.0;18.04;56.85;5.24;
2022-05-05 15:00:00;541.0;727.23;154.0;17.83;54.85;5.17;
2022-05-05 16:00:00;354.0;592.89;137.0;17.36;56.75;4.9;
2022-05-05 17:00:00;143.0;223.1;101.0;16.87;58.7;4.07;
2022-05-05 18:00:00;5.0;0.0;5.0;16.25;60.75;3.03;
2022-05-05 19:00:00;0.0;0.0;0.0;15.46;65.05;3.03;
2022-05-05 20:00:00;0.0;0.0;0.0;14.93;67.35;2.69;
2022-05-05 21:00:00;0.0;0.0;0.0;14.33;72.3;2.14;
2022-05-05 22:00:00;0.0;0.0;0.0;13.84;77.6;1.86;
2022-05-05 23:00:00;0.0;0.0;0.0;13.68;80.35;1.93;
2022-05-06 00:00:00;0.0;0.0;0.0;13.4;80.35;2.28;
2022-05-06 01:00:00;0.0;0.0;0.0;13.18;83.25;2.34;
2022-05-06 02:00:00;0.0;0.0;0.0;12.7;80.3;2.41;
2022-05-06 03:00:00;0.0;0.0;0.0;12.55;80.3;2.28;
2022-05-06 04:00:00;0.0;0.0;0.0;12.05;83.15;2.0;
2022-05-06 05:00:00;66.0;48.26;56.0;12.01;86.2;1.72;
2022-05-06 06:00:00;282.0;481.57;97.0;14.7;72.4;1.79;
2022-05-06 07:00:00;471.0;630.8;125.0;16.41;65.25;3.31;
2022-05-06 08:00:00;639.0;712.56;148.0;18.09;56.85;3.31;
2022-05-06 09:00:00;773.0;759.83;168.0;19.19;51.25;2.55;
2022-05-06 10:00:00;840.0;716.34;222.0;19.91;49.7;2.14;
2022-05-06 11:00:00;892.0;769.23;212.0;20.54;48.05;2.41;
2022-05-06 12:00:00;928.0;909.61;147.0;20.68;49.8;2.55;
2022-05-06 13:00:00;821.0;804.27;187.0;20.79;48.2;2.48;
2022-05-06 14:00:00;712.0;809.94;163.0;20.75;49.8;2.0;
2022-05-06 15:00:00;555.0;764.83;146.0;20.59;48.05;1.59;
2022-05-06 16:00:00;376.0;699.53;118.0;20.48;48.05;1.38;
2022-05-06 17:00:00;190.0;574.93;80.0;20.11;49.7;1.59;
2022-05-06 18:00:00;21.0;0.0;21.0;18.8;53.15;1.72;
2022-05-06 19:00:00;0.0;0.0;0.0;17.45;60.95;2.14;
2022-05-06 20:00:00;0.0;0.0;0.0;16.1;67.55;2.41;
2022-05-06 21:00:00;0.0;0.0;0.0;14.93;75.0;2.41;
2022-05-06 22:00:00;0.0;0.0;0.0;14.06;80.4;2.48;
2022-05-06 23:00:00;0.0;0.0;0.0;13.46;83.25;2.48;
2022-05-07 00:00:00;0.0;0.0;0.0;12.88;86.25;2.21;
2022-05-07 01:00:00;0.0;0.0;0.0;12.28;86.25;2.14;
2022-05-07 02:00:00;0.0;0.0;0.0;11.57;89.3;2.0;
2022-05-07 03:00:00;0.0;0.0;0.0;10.94;89.3;1.72;
2022-05-07 04:00:00;0.0;0.0;0.0;10.57;92.5;1.52;
2022-05-07 05:00:00;103.0;237.33;53.0;11.22;86.15;1.17;
2022-05-07 06:00:00;286.0;487.92;97.0;14.75;77.75;0.97;
2022-05-07 07:00:00;478.0;643.76;123.0;17.4;67.85;1.31;
2022-05-07 08:00:00;644.0;717.01;148.0;18.7;61.2;1.24;
2022-05-07 09:00:00;769.0;736.17;181.0;19.73;55.2;0.97;
2022-05-07 10:00:00;873.0;805.72;176.0;20.46;49.8;0.69;
2022-05-07 11:00:00;916.0;831.59;179.0;21.08;46.5;0.55;
2022-05-07 12:00:00;893.0;811.99;194.0;21.73;43.4;0.62;
2022-05-07 13:00:00;815.0;776.65;201.0;22.37;39.15;1.03;
2022-05-07 14:00:00;708.0;785.03;174.0;22.81;37.9;1.1;
2022-05-07 15:00:00;553.0;742.57;154.0;23.01;36.55;1.59;
2022-05-07 16:00:00;366.0;621.62;135.0;22.82;37.9;2.55;
2022-05-07 17:00:00;187.0;519.63;86.0;22.1;40.5;2.9;
2022-05-07 18:00:00;22.0;0.0;22.0;21.0;41.7;3.66;
2022-05-07 19:00:00;0.0;0.0;0.0;18.97;53.15;3.1;
2022-05-07 20:00:00;0.0;0.0;0.0;18.27;51.15;3.52;
2022-05-07 21:00:00;0.0;0.0;0.0;17.96;47.4;4.48;
2022-05-07 22:00:00;0.0;0.0;0.0;17.55;43.9;4.9;
2022-05-07 23:00:00;0.0;0.0;0.0;17.15;43.8;5.03;
2022-05-08 00:00:00;0.0;0.0;0.0;16.82;43.8;5.03;
2022-05-08 01:00:00;0.0;0.0;0.0;16.48;45.3;4.76;
2022-05-08 02:00:00;0.0;0.0;0.0;15.97;48.65;3.86;
2022-05-08 03:00:00;0.0;0.0;0.0;15.22;54.25;2.9;
2022-05-08 04:00:00;0.0;0.0;0.0;14.35;64.85;2.41;
2022-05-08 05:00:00;108.0;252.27;54.0;14.16;72.2;2.28;
2022-05-08 06:00:00;284.0;466.1;102.0;16.08;62.85;2.41;
2022-05-08 07:00:00;475.0;622.4;130.0;17.46;58.8;2.83;
2022-05-08 08:00:00;641.0;699.91;155.0;18.92;55.05;3.1;
2022-05-08 09:00:00;773.0;738.94;181.0;20.17;53.35;3.31;
2022-05-08 10:00:00;877.0;809.37;175.0;20.72;51.65;3.31;
2022-05-08 11:00:00;885.0;730.48;236.0;20.77;53.6;3.38;
2022-05-08 12:00:00;848.0;673.21;267.0;19.19;63.5;4.41;
2022-05-08 13:00:00;819.0;778.24;202.0;16.94;78.0;5.31;
2022-05-08 14:00:00;689.0;703.21;209.0;16.91;75.3;5.52;
2022-05-08 15:00:00;556.0;744.63;154.0;17.06;70.2;4.76;
2022-05-08 16:00:00;371.0;635.74;133.0;17.01;65.35;4.48;
2022-05-08 17:00:00;198.0;592.77;81.0;16.44;67.65;4.21;
2022-05-08 18:00:00;23.0;0.0;23.0;15.75;72.55;3.66;
2022-05-08 19:00:00;0.0;0.0;0.0;15.21;77.8;4.0;
2022-05-08 20:00:00;0.0;0.0;0.0;14.78;83.45;4.0;
2022-05-08 21:00:00;0.0;0.0;0.0;14.53;86.4;3.86;
2022-05-08 22:00:00;0.0;0.0;0.0;14.17;89.45;3.72;
2022-05-08 23:00:00;0.0;0.0;0.0;13.96;89.45;3.59;
2022-05-09 00:00:00;0.0;0.0;0.0;13.66;92.65;3.45;
2022-05-09 01:00:00;0.0;0.0;0.0;13.51;92.65;3.52;
2022-05-09 02:00:00;0.0;0.0;0.0;13.36;92.65;3.45;
2022-05-09 03:00:00;0.0;0.0;0.0;13.22;92.65;3.17;
2022-05-09 04:00:00;0.0;0.0;0.0;13.2;92.65;2.9;
2022-05-09 05:00:00;76.0;69.02;61.0;13.42;92.65;2.62;
2022-05-09 06:00:00;261.0;348.16;124.0;14.55;89.5;2.69;
2022-05-09 07:00:00;447.0;518.78;158.0;15.45;83.5;1.72;
2022-05-09 08:00:00;610.0;601.22;191.0;16.27;80.75;1.03;
2022-05-09 09:00:00;748.0;670.81;209.0;17.47;72.8;1.52;
2022-05-09 10:00:00;766.0;514.05;319.0;17.88;70.35;0.0;
2022-05-09 11:00:00;687.0;295.31;424.0;17.31;70.3;0.0;
2022-05-09 12:00:00;725.0;388.37;389.0;16.52;75.25;4.55;
2022-05-09 13:00:00;762.0;617.6;271.0;16.76;72.7;4.62;
2022-05-09 14:00:00;682.0;690.6;209.0;16.49;75.25;4.76;
2022-05-09 15:00:00;512.0;566.04;205.0;16.12;77.85;4.83;
2022-05-09 16:00:00;285.0;243.97;193.0;15.92;77.85;4.34;
2022-05-09 17:00:00;191.0;524.06;86.0;15.27;80.6;3.86;
2022-05-09 18:00:00;24.0;0.0;24.0;14.71;83.45;3.38;
2022-05-09 19:00:00;0.0;0.0;0.0;13.59;80.35;2.21;
2022-05-09 20:00:00;0.0;0.0;0.0;13.34;80.35;2.14;
2022-05-09 21:00:00;0.0;0.0;0.0;13.04;83.25;2.14;
2022-05-09 22:00:00;0.0;0.0;0.0;12.92;83.25;2.14;
2022-05-09 23:00:00;0.0;0.0;0.0;12.78;83.25;2.14;
2022-05-10 00:00:00;0.0;0.0;0.0;12.84;86.25;2.14;
2022-05-10 01:00:00;0.0;0.0;0.0;12.6;86.25;2.21;
2022-05-10 02:00:00;0.0;0.0;0.0;12.24;86.25;2.21;
2022-05-10 03:00:00;0.0;0.0;0.0;11.95;89.35;2.07;
2022-05-10 04:00:00;0.0;0.0;0.0;12.02;89.35;2.34;
2022-05-10 05:00:00;33.0;0.0;33.0;12.35;89.4;2.34;
2022-05-10 06:00:00;53.0;0.0;53.0;13.87;86.35;2.62;
2022-05-10 07:00:00;73.0;0.0;73.0;15.01;86.45;0.83;
2022-05-10 08:00:00;88.0;0.0;88.0;16.12;77.85;0.21;
2022-05-10 09:00:00;128.0;0.0;128.0;16.99;70.2;0.83;
2022-05-10 10:00:00;127.0;0.0;127.0;17.52;65.45;1.52;
2022-05-10 11:00:00;212.0;0.0;212.0;17.16;70.2;1.45;
2022-05-10 12:00:00;865.0;727.59;234.0;18.01;63.3;0.83;
2022-05-10 13:00:00;783.0;671.13;248.0;18.53;59.05;0.48;
2022-05-10 14:00:00;421.0;101.86;351.0;18.8;55.05;0.9;
2022-05-10 15:00:00;77.0;0.0;77.0;18.66;59.05;2.55;
2022-05-10 16:00:00;70.0;0.0;70.0;18.14;65.55;3.93;
2022-05-10 17:00:00;88.0;14.76;85.0;17.1;72.7;4.69;
2022-05-10 18:00:00;25.0;0.0;25.0;16.06;83.55;4.0;
2022-05-10 19:00:00;0.0;0.0;0.0;15.02;89.5;3.03;
2022-05-10 20:00:00;0.0;0.0;0.0;14.68;92.7;2.48;
2022-05-10 21:00:00;0.0;0.0;0.0;14.35;92.7;2.0;
2022-05-10 22:00:00;0.0;0.0;0.0;14.13;95.95;1.52;
2022-05-10 23:00:00;0.0;0.0;0.0;14.04;95.95;1.59;
2022-05-11 00:00:00;0.0;0.0;0.0;13.94;95.95;1.72;
2022-05-11 01:00:00;0.0;0.0;0.0;13.81;92.65;1.93;
2022-05-11 02:00:00;0.0;0.0;0.0;13.77;92.65;2.07;
2022-05-11 03:00:00;0.0;0.0;0.0;13.94;92.65;2.21;
2022-05-11 04:00:00;0.0;0.0;0.0;14.01;92.65;2.34;
2022-05-11 05:00:00;11.0;0.0;11.0;14.08;92.65;2.28;
2022-05-11 06:00:00;43.0;0.0;43.0;14.37;89.5;2.69;
2022-05-11 07:00:00;67.0;0.0;67.0;14.18;92.65;2.62;
2022-05-11 08:00:00;112.0;0.0;112.0;14.72;83.45;2.62;
2022-05-11 09:00:00;154.0;0.0;154.0;15.23;80.6;2.69;
2022-05-11 10:00:00;141.0;0.0;141.0;15.7;80.6;3.1;
2022-05-11 11:00:00;99.0;0.0;99.0;16.48;72.65;3.38;
2022-05-11 12:00:00;176.0;0.0;176.0;16.55;70.1;3.59;
2022-05-11 13:00:00;135.0;0.0;135.0;16.76;65.35;3.72;
2022-05-11 14:00:00;151.0;0.0;151.0;16.9;65.35;3.79;
2022-05-11 15:00:00;390.0;197.34;282.0;16.83;63.05;3.52;
2022-05-11 16:00:00;285.0;232.71;196.0;16.68;65.25;3.45;
2022-05-11 17:00:00;171.0;320.05;105.0;16.25;62.95;3.31;
2022-05-11 18:00:00;26.0;0.0;26.0;15.61;65.05;2.97;
2022-05-11 19:00:00;0.0;0.0;0.0;14.46;74.95;2.76;
2022-05-11 20:00:00;0.0;0.0;0.0;13.98;77.6;2.69;
2022-05-11 21:00:00;0.0;0.0;0.0;13.6;80.35;2.55;
2022-05-11 22:00:00;0.0;0.0;0.0;13.4;77.5;2.34;
2022-05-11 23:00:00;0.0;0.0;0.0;13.16;80.3;2.21;
2022-05-12 00:00:00;0.0;0.0;0.0;13.11;80.3;1.79;
2022-05-12 01:00:00;0.0;0.0;0.0;13.08;77.45;1.59;
2022-05-12 02:00:00;0.0;0.0;0.0;12.22;77.45;1.79;
2022-05-12 03:00:00;0.0;0.0;0.0;11.44;80.15;1.79;
2022-05-12 04:00:00;0.0;0.0;0.0;11.11;83.05;1.66;
2022-05-12 05:00:00;112.0;216.19;63.0;11.69;80.2;1.59;
2022-05-12 06:00:00;311.0;534.77;96.0;14.13;74.85;1.72;
2022-05-12 07:00:00;494.0;647.93;128.0;15.66;62.75;3.93;
2022-05-12 08:00:00;661.0;724.37;151.0;16.38;58.6;4.14;
2022-05-12 09:00:00;806.0;798.65;159.0;16.99;56.6;4.55;
2022-05-12 10:00:00;903.0;842.65;165.0;17.57;52.75;4.69;
2022-05-12 11:00:00;936.0;845.35;178.0;17.99;51.0;4.76;
2022-05-12 12:00:00;902.0;794.25;210.0;18.27;49.3;4.83;
2022-05-12 13:00:00;766.0;586.52;296.0;18.42;47.55;4.69;
2022-05-12 14:00:00;502.0;202.41;362.0;18.34;45.85;4.41;
2022-05-12 15:00:00;367.0;141.9;289.0;17.98;47.4;4.07;
2022-05-12 16:00:00;265.0;158.41;204.0;17.59;49.05;3.79;
2022-05-12 17:00:00;180.0;353.89;106.0;17.05;52.65;3.24;
2022-05-12 18:00:00;27.0;0.0;27.0;16.12;58.45;2.48;
2022-05-12 19:00:00;0.0;0.0;0.0;14.61;67.25;1.72;
2022-05-12 20:00:00;0.0;0.0;0.0;12.78;77.45;1.72;
2022-05-12 21:00:00;0.0;0.0;0.0;12.13;77.35;1.59;
2022-05-12 22:00:00;0.0;0.0;0.0;13.2;72.1;1.24;
2022-05-12 23:00:00;0.0;0.0;0.0;13.84;69.65;0.62;
2022-05-13 00:00:00;0.0;0.0;0.0;13.4;74.75;0.76;
2022-05-13 01:00:00;0.0;0.0;0.0;11.57;80.15;1.17;
2022-05-13 02:00:00;0.0;0.0;0.0;10.32;86.05;1.24;
2022-05-13 03:00:00;0.0;0.0;0.0;9.42;89.15;1.31;
2022-05-13 04:00:00;0.0;0.0;0.0;9.17;89.15;1.31;
2022-05-13 05:00:00;86.0;78.41;68.0;10.61;89.25;0.97;
2022-05-13 06:00:00;177.0;61.77;152.0;13.37;80.35;1.03;
2022-05-13 07:00:00;396.0;306.71;222.0;15.2;77.8;0.9;
2022-05-13 08:00:00;567.0;433.25;261.0;16.56;70.1;0.97;
2022-05-13 09:00:00;591.0;267.18;374.0;17.73;61.05;1.45;
2022-05-13 10:00:00;860.0;733.68;216.0;18.58;59.05;1.59;
2022-05-13 11:00:00;927.0;831.31;180.0;19.45;55.2;2.07;
2022-05-13 12:00:00;903.0;811.95;194.0;19.77;53.35;2.83;
2022-05-13 13:00:00;850.0;847.69;169.0;20.05;53.35;3.03;
2022-05-13 14:00:00;736.0;835.95;156.0;20.19;53.35;3.24;
2022-05-13 15:00:00;573.0;769.87;148.0;19.9;51.5;3.72;
2022-05-13 16:00:00;378.0;611.32;141.0;19.24;55.05;4.0;
2022-05-13 17:00:00;207.0;566.17;87.0;18.38;54.95;3.72;
2022-05-13 18:00:00;28.0;0.0;28.0;17.36;60.95;2.97;
2022-05-13 19:00:00;0.0;0.0;0.0;16.12;65.15;2.34;
2022-05-13 20:00:00;0.0;0.0;0.0;15.19;72.4;2.28;
2022-05-13 21:00:00;0.0;0.0;0.0;14.27;77.65;2.14;
2022-05-13 22:00:00;0.0;0.0;0.0;13.31;83.25;2.0;
2022-05-13 23:00:00;0.0;0.0;0.0;12.59;86.25;1.86;
2022-05-14 00:00:00;0.0;0.0;0.0;12.06;89.35;1.93;
2022-05-14 01:00:00;0.0;0.0;0.0;11.77;89.35;2.21;
2022-05-14 02:00:00;0.0;0.0;0.0;11.99;89.35;2.48;
2022-05-14 03:00:00;0.0;0.0;0.0;12.48;89.4;2.55;
2022-05-14 04:00:00;0.0;0.0;0.0;12.51;89.4;2.28;
2022-05-14 05:00:00;55.0;8.61;53.0;13.1;92.6;2.0;
2022-05-14 06:00:00;176.0;63.84;150.0;15.3;83.5;2.28;
2022-05-14 07:00:00;369.0;236.99;234.0;16.72;78.0;3.03;
2022-05-14 08:00:00;410.0;122.81;323.0;18.24;72.95;3.17;
2022-05-14 09:00:00;328.0;13.51;317.0;19.6;68.2;3.45;
2022-05-14 10:00:00;236.0;0.0;236.0;20.56;66.05;3.79;
2022-05-14 11:00:00;375.0;12.22;364.0;21.02;66.15;3.93;
2022-05-14 12:00:00;829.0;617.08;289.0;20.73;68.4;4.07;
2022-05-14 13:00:00;329.0;9.93;321.0;19.92;73.2;4.0;
2022-05-14 14:00:00;65.0;0.0;65.0;19.52;78.35;2.48;
2022-05-14 15:00:00;51.0;0.0;51.0;19.08;78.3;1.66;
2022-05-14 16:00:00;96.0;0.0;96.0;18.2;83.75;1.45;
2022-05-14 17:00:00;19.0;0.0;19.0;17.4;86.65;1.45;
2022-05-14 18:00:00;4.0;0.0;4.0;17.29;86.65;1.59;
2022-05-14 19:00:00;0.0;0.0;0.0;16.07;96.0;1.52;
2022-05-14 20:00:00;0.0;0.0;0.0;15.5;96.0;1.66;
2022-05-14 21:00:00;0.0;0.0;0.0;14.86;96.0;1.86;
2022-05-14 22:00:00;0.0;0.0;0.0;14.19;100.0;0.0;
2022-05-14 23:00:00;0.0;0.0;0.0;13.68;100.0;0.0;
2022-05-15 00:00:00;0.0;0.0;0.0;13.02;100.0;1.45;
2022-05-15 01:00:00;0.0;0.0;0.0;12.28;95.95;1.45;
2022-05-15 02:00:00;0.0;0.0;0.0;12.55;99.4;1.45;
2022-05-15 03:00:00;0.0;0.0;0.0;12.42;99.4;1.52;
2022-05-15 04:00:00;0.0;0.0;0.0;12.46;99.4;1.45;
2022-05-15 05:00:00;52.0;4.25;51.0;12.95;100.0;1.59;
2022-05-15 06:00:00;180.0;65.89;153.0;13.83;99.4;1.17;
2022-05-15 07:00:00;237.0;31.47;219.0;15.6;92.75;1.1;
2022-05-15 08:00:00;399.0;106.97;323.0;16.69;86.55;0.55;
2022-05-15 09:00:00;747.0;635.96;228.0;18.03;75.45;0.34;
2022-05-15 10:00:00;653.0;270.0;415.0;18.91;70.55;0.76;
2022-05-15 11:00:00;709.0;320.32;420.0;19.72;68.2;1.31;
2022-05-15 12:00:00;868.0;713.86;242.0;20.31;61.6;2.07;
2022-05-15 13:00:00;848.0;844.81;166.0;20.89;59.6;2.55;
2022-05-15 14:00:00;723.0;799.37;165.0;20.87;61.7;3.45;
2022-05-15 15:00:00;551.0;673.65;176.0;20.5;63.8;3.93;
2022-05-15 16:00:00;411.0;768.89;109.0;19.77;68.3;4.14;
2022-05-15 17:00:00;177.0;307.99;110.0;19.14;75.65;3.86;
2022-05-15 18:00:00;32.0;69.92;29.0;18.37;78.25;3.52;
2022-05-15 19:00:00;0.0;0.0;0.0;17.51;83.7;3.03;
2022-05-15 20:00:00;0.0;0.0;0.0;16.89;86.6;2.69;
2022-05-15 21:00:00;0.0;0.0;0.0;16.18;89.6;2.34;
2022-05-15 22:00:00;0.0;0.0;0.0;15.64;86.5;2.0;
2022-05-15 23:00:00;0.0;0.0;0.0;14.51;86.4;1.86;
2022-05-16 00:00:00;0.0;0.0;0.0;13.35;86.3;1.79;
2022-05-16 01:00:00;0.0;0.0;0.0;12.49;86.25;1.72;
2022-05-16 02:00:00;0.0;0.0;0.0;11.97;86.2;1.72;
2022-05-16 03:00:00;0.0;0.0;0.0;11.13;89.3;1.79;
2022-05-16 04:00:00;0.0;0.0;0.0;10.61;92.5;1.86;
2022-05-16 05:00:00;110.0;168.22;70.0;11.68;86.2;1.38;
2022-05-16 06:00:00;274.0;337.24;135.0;15.06;77.75;0.97;
2022-05-16 07:00:00;481.0;587.02;144.0;16.96;70.2;1.24;
2022-05-16 08:00:00;651.0;686.33;162.0;18.66;61.2;0.69;
2022-05-16 09:00:00;797.0;771.46;166.0;20.07;53.35;0.14;
2022-05-16 10:00:00;881.0;789.13;184.0;21.19;49.95;0.48;
2022-05-16 11:00:00;908.0;767.71;214.0;22.04;46.75;1.1;
2022-05-16 12:00:00;768.0;451.79;371.0;22.82;42.25;1.31;
2022-05-16 13:00:00;698.0;417.71;360.0;23.25;42.25;1.52;
2022-05-16 14:00:00;676.0;618.48;243.0;23.06;42.25;2.21;
2022-05-16 15:00:00;438.0;282.68;280.0;22.23;46.75;3.24;
2022-05-16 16:00:00;197.0;35.42;183.0;21.43;51.9;3.79;
2022-05-16 17:00:00;226.0;658.25;81.0;20.77;55.55;3.59;
2022-05-16 18:00:00;40.0;152.54;33.0;20.09;59.35;3.17;
2022-05-16 19:00:00;0.0;0.0;0.0;18.53;65.65;3.17;
2022-05-16 20:00:00;0.0;0.0;0.0;17.7;70.3;2.9;
2022-05-16 21:00:00;0.0;0.0;0.0;17.03;70.2;3.03;
2022-05-16 22:00:00;0.0;0.0;0.0;16.62;70.1;3.38;
2022-05-16 23:00:00;0.0;0.0;0.0;16.22;70.1;3.31;
2022-05-17 00:00:00;0.0;0.0;0.0;15.51;75.1;2.97;
2022-05-17 01:00:00;0.0;0.0;0.0;14.81;80.55;2.55;
2022-05-17 02:00:00;0.0;0.0;0.0;14.05;86.35;2.21;
2022-05-17 03:00:00;0.0;0.0;0.0;13.11;92.6;1.93;
2022-05-17 04:00:00;0.0;0.0;0.0;12.29;89.4;1.93;
2022-05-17 05:00:00;105.0;133.15;73.0;12.92;92.6;1.72;
2022-05-17 06:00:00;62.0;0.0;62.0;15.39;80.6;1.66;
2022-05-17 07:00:00;183.0;5.21;180.0;17.96;65.55;0.97;
2022-05-17 08:00:00;270.0;11.2;262.0;19.37;57.2;0.34;
2022-05-17 09:00:00;348.0;19.52;332.0;20.26;51.65;0.69;
2022-05-17 10:00:00;315.0;3.39;312.0;21.3;50.05;1.59;
2022-05-17 11:00:00;369.0;9.94;360.0;21.88;50.2;2.48;
2022-05-17 12:00:00;172.0;0.0;172.0;22.12;50.2;3.03;
2022-05-17 13:00:00;456.0;69.05;400.0;21.8;50.2;3.79;
2022-05-17 14:00:00;173.0;0.0;173.0;21.45;53.75;4.41;
2022-05-17 15:00:00;91.0;0.0;91.0;20.86;57.55;4.69;
2022-05-17 16:00:00;36.0;0.0;36.0;19.51;68.2;4.62;
2022-05-17 17:00:00;22.0;0.0;22.0;18.24;78.25;3.93;
2022-05-17 18:00:00;5.0;0.0;5.0;17.07;89.65;3.45;
2022-05-17 19:00:00;0.0;0.0;0.0;16.52;92.8;4.21;
2022-05-17 20:00:00;0.0;0.0;0.0;16.37;92.8;4.55;
2022-05-17 21:00:00;0.0;0.0;0.0;16.05;92.75;4.48;
2022-05-17 22:00:00;0.0;0.0;0.0;15.6;92.75;4.83;
2022-05-17 23:00:00;0.0;0.0;0.0;15.31;92.75;4.62;
2022-05-18 00:00:00;0.0;0.0;0.0;15.18;96.0;4.83;
2022-05-18 01:00:00;0.0;0.0;0.0;15.33;92.75;5.79;
2022-05-18 02:00:00;0.0;0.0;0.0;15.47;92.75;6.0;
2022-05-18 03:00:00;0.0;0.0;0.0;15.19;96.0;5.31;
2022-05-18 04:00:00;0.0;0.0;0.0;15.17;92.7;4.48;
2022-05-18 05:00:00;136.0;304.79;62.0;15.32;89.55;4.14;
2022-05-18 06:00:00;279.0;343.17;136.0;16.23;80.75;4.41;
2022-05-18 07:00:00;491.0;613.99;136.0;17.26;70.3;4.28;
2022-05-18 08:00:00;638.0;632.48;185.0;18.52;59.05;4.48;
2022-05-18 09:00:00;417.0;54.78;372.0;19.7;51.4;4.62;
2022-05-18 10:00:00;687.0;320.33;403.0;20.07;47.9;4.41;
2022-05-18 11:00:00;735.0;357.1;411.0;20.01;47.9;4.07;
2022-05-18 12:00:00;257.0;0.0;257.0;19.89;49.7;4.41;
2022-05-18 13:00:00;567.0;183.31;418.0;19.55;53.25;4.34;
2022-05-18 14:00:00;66.0;0.0;66.0;19.27;53.25;4.28;
2022-05-18 15:00:00;74.0;0.0;74.0;18.83;57.1;4.14;
2022-05-18 16:00:00;93.0;0.0;93.0;18.14;63.3;4.28;
2022-05-18 17:00:00;28.0;0.0;28.0;17.27;65.45;4.28;
2022-05-18 18:00:00;5.0;0.0;5.0;16.36;72.65;3.66;
2022-05-18 19:00:00;0.0;0.0;0.0;15.6;77.8;3.31;
2022-05-18 20:00:00;0.0;0.0;0.0;15.06;80.55;2.76;
2022-05-18 21:00:00;0.0;0.0;0.0;14.55;83.4;2.9;
2022-05-18 22:00:00;0.0;0.0;0.0;14.0;83.35;2.55;
2022-05-18 23:00:00;0.0;0.0;0.0;13.77;86.35;2.48;
2022-05-19 00:00:00;0.0;0.0;0.0;13.49;92.65;1.79;
2022-05-19 01:00:00;0.0;0.0;0.0;13.27;92.65;0.9;
2022-05-19 02:00:00;0.0;0.0;0.0;12.63;89.4;1.17;
2022-05-19 03:00:00;0.0;0.0;0.0;11.78;92.6;1.72;
2022-05-19 04:00:00;0.0;0.0;0.0;11.25;92.55;1.86;
2022-05-19 05:00:00;142.0;330.41;61.0;11.93;95.95;1.31;
2022-05-19 06:00:00;328.0;549.14;98.0;14.06;92.65;0.62;
2022-05-19 07:00:00;329.0;132.73;252.0;16.94;80.8;1.24;
2022-05-19 08:00:00;654.0;668.54;174.0;18.16;67.95;2.83;
2022-05-19 09:00:00;768.0;662.16;223.0;18.71;56.95;3.59;
2022-05-19 10:00:00;834.0;631.63;273.0;19.28;46.1;3.52;
2022-05-19 11:00:00;954.0;869.19;164.0;19.67;42.85;3.52;
2022-05-19 12:00:00;945.0;890.47;158.0;20.11;41.45;3.38;
2022-05-19 13:00:00;876.0;885.08;155.0;20.06;41.45;3.31;
2022-05-19 14:00:00;761.0;873.88;144.0;20.01;41.45;3.38;
2022-05-19 15:00:00;596.0;806.38;140.0;19.84;41.45;3.52;
2022-05-19 16:00:00;405.0;680.7;131.0;19.47;42.85;3.52;
2022-05-19 17:00:00;228.0;617.7;87.0;18.78;45.95;3.38;
2022-05-19 18:00:00;53.0;274.84;38.0;17.73;49.15;2.9;
2022-05-19 19:00:00;0.0;0.0;0.0;16.89;56.6;3.52;
2022-05-19 20:00:00;0.0;0.0;0.0;16.0;60.65;3.45;
2022-05-19 21:00:00;0.0;0.0;0.0;15.4;62.75;3.72;
2022-05-19 22:00:00;0.0;0.0;0.0;14.92;64.95;4.21;
2022-05-19 23:00:00;0.0;0.0;0.0;14.65;67.25;4.41;
2022-05-20 00:00:00;0.0;0.0;0.0;14.34;67.25;4.41;
2022-05-20 01:00:00;0.0;0.0;0.0;14.06;67.15;4.07;
2022-05-20 02:00:00;0.0;0.0;0.0;13.71;67.15;3.66;
2022-05-20 03:00:00;0.0;0.0;0.0;13.36;69.55;3.38;
2022-05-20 04:00:00;0.0;0.0;0.0;13.05;72.05;3.24;
2022-05-20 05:00:00;111.0;133.38;78.0;13.55;72.1;3.03;
2022-05-20 06:00:00;304.0;434.8;121.0;15.3;65.05;3.1;
2022-05-20 07:00:00;498.0;613.45;141.0;17.18;54.6;2.55;
2022-05-20 08:00:00;662.0;686.43;168.0;18.24;47.55;2.34;
2022-05-20 09:00:00;811.0;783.38;165.0;19.07;45.95;2.07;
2022-05-20 10:00:00;896.0;800.27;184.0;19.86;43.0;1.86;
2022-05-20 11:00:00;943.0;838.07;180.0;20.51;44.7;2.0;
2022-05-20 12:00:00;940.0;871.91;168.0;21.01;43.25;2.34;
2022-05-20 13:00:00;853.0;813.38;189.0;21.31;43.4;2.62;
2022-05-20 14:00:00;746.0;820.68;165.0;21.36;43.4;2.9;
2022-05-20 15:00:00;553.0;621.91;200.0;21.22;46.5;3.24;
2022-05-20 16:00:00;396.0;615.01;147.0;20.74;48.05;3.52;
2022-05-20 17:00:00;233.0;632.46;87.0;19.85;49.7;3.59;
2022-05-20 18:00:00;52.0;209.12;40.0;18.57;54.95;3.38;
2022-05-20 19:00:00;0.0;0.0;0.0;17.53;58.8;2.62;
2022-05-20 20:00:00;0.0;0.0;0.0;16.49;62.95;2.48;
2022-05-20 21:00:00;0.0;0.0;0.0;15.47;69.9;2.34;
2022-05-20 22:00:00;0.0;0.0;0.0;14.5;77.65;2.21;
2022-05-20 23:00:00;0.0;0.0;0.0;13.7;80.4;2.21;
2022-05-21 00:00:00;0.0;0.0;0.0;13.06;86.25;2.14;
2022-05-21 01:00:00;0.0;0.0;0.0;12.53;86.25;2.14;
2022-05-21 02:00:00;0.0;0.0;0.0;12.1;89.35;2.0;
2022-05-21 03:00:00;0.0;0.0;0.0;11.72;89.35;1.72;
2022-05-21 04:00:00;0.0;0.0;0.0;11.77;89.35;1.38;
2022-05-21 05:00:00;132.0;248.4;70.0;13.37;89.4;0.9;
2022-05-21 06:00:00;319.0;501.38;107.0;16.78;75.3;0.9;
2022-05-21 07:00:00;495.0;604.75;142.0;19.43;63.6;1.03;
2022-05-21 08:00:00;672.0;722.33;151.0;20.93;55.55;1.72;
2022-05-21 09:00:00;815.0;795.26;158.0;21.92;52.0;2.0;
2022-05-21 10:00:00;900.0;815.79;173.0;22.71;52.1;2.28;
2022-05-21 11:00:00;952.0;864.12;164.0;23.3;52.25;2.62;
2022-05-21 12:00:00;914.0;809.5;196.0;23.71;54.1;3.1;
2022-05-21 13:00:00;866.0;856.93;165.0;23.85;52.35;3.66;
2022-05-21 14:00:00;733.0;783.3;177.0;23.63;54.1;4.21;
2022-05-21 15:00:00;550.0;612.63;201.0;23.07;54.1;4.48;
2022-05-21 16:00:00;400.0;638.55;140.0;22.32;54.0;4.34;
2022-05-21 17:00:00;206.0;411.34;110.0;21.39;57.65;3.79;
2022-05-21 18:00:00;58.0;299.3;40.0;20.16;63.7;3.38;
2022-05-21 19:00:00;0.0;0.0;0.0;19.06;65.75;2.97;
2022-05-21 20:00:00;0.0;0.0;0.0;18.24;68.05;2.83;
2022-05-21 21:00:00;0.0;0.0;0.0;17.54;75.4;2.69;
2022-05-21 22:00:00;0.0;0.0;0.0;16.75;80.8;2.21;
2022-05-21 23:00:00;0.0;0.0;0.0;15.76;86.5;1.79;
2022-05-22 00:00:00;0.0;0.0;0.0;14.97;89.5;1.52;
2022-05-22 01:00:00;0.0;0.0;0.0;14.75;89.5;1.24;
2022-05-22 02:00:00;0.0;0.0;0.0;15.16;86.45;0.97;
2022-05-22 03:00:00;0.0;0.0;0.0;15.0;86.45;0.97;
2022-05-22 04:00:00;0.0;0.0;0.0;14.74;83.45;0.9;
2022-05-22 05:00:00;12.0;0.0;12.0;15.08;83.45;0.69;
2022-05-22 06:00:00;75.0;0.0;75.0;16.8;75.3;0.41;
2022-05-22 07:00:00;365.0;196.45;250.0;19.61;63.6;0.28;
2022-05-22 08:00:00;646.0;637.79;185.0;21.67;53.75;0.48;
2022-05-22 09:00:00;805.0;772.13;166.0;23.14;48.7;0.55;
2022-05-22 10:00:00;864.0;715.92;225.0;24.18;47.15;0.34;
2022-05-22 11:00:00;731.0;340.51;420.0;24.94;45.75;0.55;
2022-05-22 12:00:00;902.0;775.49;213.0;25.36;45.9;1.1;
2022-05-22 13:00:00;595.0;215.94;418.0;25.64;45.9;1.79;
2022-05-22 14:00:00;228.0;0.0;228.0;25.66;47.5;2.34;
2022-05-22 15:00:00;437.0;260.62;288.0;25.43;45.9;2.9;
2022-05-22 16:00:00;395.0;600.82;149.0;24.85;47.4;3.17;
2022-05-22 17:00:00;138.0;80.55;119.0;23.94;50.55;3.17;
2022-05-22 18:00:00;7.0;0.0;7.0;22.71;54.0;3.38;
2022-05-22 19:00:00;0.0;0.0;0.0;21.39;59.7;2.34;
2022-05-22 20:00:00;0.0;0.0;0.0;20.48;66.05;2.07;
2022-05-22 21:00:00;0.0;0.0;0.0;19.4;70.65;1.86;
2022-05-22 22:00:00;0.0;0.0;0.0;18.37;78.25;1.45;
2022-05-22 23:00:00;0.0;0.0;0.0;17.3;80.85;1.31;
2022-05-23 00:00:00;0.0;0.0;0.0;15.86;86.5;1.52;
2022-05-23 01:00:00;0.0;0.0;0.0;14.57;89.5;1.86;
2022-05-23 02:00:00;0.0;0.0;0.0;14.26;86.4;2.21;
2022-05-23 03:00:00;0.0;0.0;0.0;13.95;86.35;2.48;
2022-05-23 04:00:00;1.0;0.0;1.0;14.13;86.35;2.48;
2022-05-23 05:00:00;16.0;0.0;16.0;14.97;83.45;1.72;
2022-05-23 06:00:00;30.0;0.0;30.0;16.72;72.7;0.34;
2022-05-23 07:00:00;45.0;0.0;45.0;19.57;65.85;0.41;
2022-05-23 08:00:00;60.0;0.0;60.0;20.78;57.55;0.83;
2022-05-23 09:00:00;518.0;145.97;397.0;21.92;52.0;1.45;
2022-05-23 10:00:00;778.0;494.46;336.0;23.14;48.7;2.76;
2022-05-23 11:00:00;670.0;242.7;448.0;23.91;47.15;3.17;
2022-05-23 12:00:00;906.0;787.7;205.0;24.67;45.6;3.1;
2022-05-23 13:00:00;845.0;797.53;190.0;25.13;44.15;3.03;
2022-05-23 14:00:00;307.0;14.02;297.0;25.2;45.75;2.69;
2022-05-23 15:00:00;260.0;19.17;249.0;23.92;48.8;2.28;
2022-05-23 16:00:00;404.0;643.73;139.0;22.58;55.9;1.86;
2022-05-23 17:00:00;21.0;0.0;21.0;22.49;55.9;1.17;
2022-05-23 18:00:00;8.0;0.0;8.0;21.35;66.25;0.9;
2022-05-23 19:00:00;0.0;0.0;0.0;19.43;68.2;2.9;
2022-05-23 20:00:00;0.0;0.0;0.0;18.61;75.55;2.83;
2022-05-23 21:00:00;0.0;0.0;0.0;17.88;78.15;2.9;
2022-05-23 22:00:00;0.0;0.0;0.0;17.29;80.85;3.24;
2022-05-23 23:00:00;0.0;0.0;0.0;16.74;86.6;3.03;
2022-05-24 00:00:00;0.0;0.0;0.0;16.19;92.75;3.24;
2022-05-24 01:00:00;0.0;0.0;0.0;15.85;92.75;3.45;
2022-05-24 02:00:00;0.0;0.0;0.0;15.48;96.0;3.45;
2022-05-24 03:00:00;0.0;0.0;0.0;15.28;92.75;3.38;
2022-05-24 04:00:00;4.0;0.0;4.0;15.15;96.0;3.31;
2022-05-24 05:00:00;134.0;230.87;75.0;15.75;89.6;3.24;
2022-05-24 06:00:00;325.0;511.49;106.0;16.95;83.65;3.93;
2022-05-24 07:00:00;469.0;491.08;180.0;18.66;72.95;4.55;
2022-05-24 08:00:00;629.0;570.52;215.0;20.32;61.6;4.21;
2022-05-24 09:00:00;478.0;101.17;394.0;21.8;53.85;3.52;
2022-05-24 10:00:00;854.0;679.18;246.0;22.84;50.45;3.31;
2022-05-24 11:00:00;929.0;799.1;197.0;23.39;48.7;3.72;
2022-05-24 12:00:00;916.0;807.76;196.0;23.43;50.45;3.72;
2022-05-24 13:00:00;827.0;727.96;228.0;23.82;48.8;3.45;
2022-05-24 14:00:00;741.0;797.02;171.0;23.93;50.55;3.31;
2022-05-24 15:00:00;549.0;588.89;210.0;23.7;52.25;3.24;
2022-05-24 16:00:00;417.0;700.75;127.0;23.35;54.1;3.17;
2022-05-24 17:00:00;236.0;598.19;92.0;22.69;55.9;2.83;
2022-05-24 18:00:00;60.0;249.58;43.0;21.67;59.7;2.07;
2022-05-24 19:00:00;0.0;0.0;0.0;20.3;70.8;1.17;
2022-05-24 20:00:00;0.0;0.0;0.0;20.85;63.9;0.69;
2022-05-24 21:00:00;0.0;0.0;0.0;20.37;66.05;0.41;
2022-05-24 22:00:00;0.0;0.0;0.0;19.25;68.2;1.03;
2022-05-24 23:00:00;0.0;0.0;0.0;17.62;75.4;1.31;
2022-05-25 00:00:00;0.0;0.0;0.0;16.72;78.0;1.31;
2022-05-25 01:00:00;0.0;0.0;0.0;16.42;80.75;1.17;
2022-05-25 02:00:00;0.0;0.0;0.0;17.35;75.4;0.9;
2022-05-25 03:00:00;0.0;0.0;0.0;17.31;75.4;0.69;
2022-05-25 04:00:00;3.0;0.0;3.0;17.17;78.0;0.34;
2022-05-25 05:00:00;136.0;237.03;75.0;17.43;75.4;0.21;
2022-05-25 06:00:00;313.0;449.09;120.0;19.55;70.65;0.48;
2022-05-25 07:00:00;495.0;584.81;150.0;21.65;64.0;1.52;
2022-05-25 08:00:00;670.0;702.92;159.0;22.86;52.25;2.62;
2022-05-25 09:00:00;806.0;763.68;171.0;23.63;47.0;3.72;
2022-05-25 10:00:00;904.0;815.47;173.0;24.08;43.9;4.48;
2022-05-25 11:00:00;956.0;863.4;164.0;24.3;41.0;4.62;
2022-05-25 12:00:00;928.0;837.88;180.0;24.47;39.55;4.34;
2022-05-25 13:00:00;880.0;879.47;155.0;24.58;39.55;3.93;
2022-05-25 14:00:00;751.0;821.63;162.0;24.62;41.0;3.52;
2022-05-25 15:00:00;602.0;791.23;145.0;24.53;41.0;3.24;
2022-05-25 16:00:00;427.0;733.21;122.0;24.27;43.9;2.83;
2022-05-25 17:00:00;238.0;596.51;93.0;23.8;43.9;2.0;
2022-05-25 18:00:00;53.0;141.51;43.0;22.46;59.95;1.17;
2022-05-25 19:00:00;0.0;0.0;0.0;22.11;48.45;0.97;
2022-05-25 20:00:00;0.0;0.0;0.0;20.82;53.6;1.17;
2022-05-25 21:00:00;0.0;0.0;0.0;19.98;57.3;1.24;
2022-05-25 22:00:00;0.0;0.0;0.0;18.82;63.5;1.52;
2022-05-25 23:00:00;0.0;0.0;0.0;17.7;72.8;1.93;
2022-05-26 00:00:00;0.0;0.0;0.0;16.96;75.3;2.14;
2022-05-26 01:00:00;0.0;0.0;0.0;16.44;80.75;2.34;
2022-05-26 02:00:00;0.0;0.0;0.0;16.33;83.6;2.41;
2022-05-26 03:00:00;0.0;0.0;0.0;16.35;83.6;2.34;
2022-05-26 04:00:00;2.0;0.0;2.0;16.36;83.6;2.34;
2022-05-26 05:00:00;155.0;343.56;66.0;17.23;80.85;2.07;
2022-05-26 06:00:00;334.0;530.98;105.0;20.47;68.4;2.28;
2022-05-26 07:00:00;518.0;652.81;132.0;22.34;52.1;3.24;
2022-05-26 08:00:00;688.0;742.93;147.0;23.26;47.0;3.93;
2022-05-26 09:00:00;823.0;795.03;161.0;23.96;43.9;4.14;
2022-05-26 10:00:00;922.0;847.83;161.0;24.56;44.05;4.21;
2022-05-26 11:00:00;960.0;861.16;169.0;25.03;42.65;4.28;
2022-05-26 12:00:00;947.0;871.31;168.0;25.37;41.25;4.34;
2022-05-26 13:00:00;875.0;853.68;170.0;25.55;42.75;4.21;
2022-05-26 14:00:00;760.0;832.25;162.0;25.53;42.75;3.93;
2022-05-26 15:00:00;609.0;802.48;144.0;25.37;44.3;3.45;
2022-05-26 16:00:00;426.0;715.19;127.0;25.0;45.75;2.9;
2022-05-26 17:00:00;245.0;623.5;92.0;24.45;48.95;2.41;
2022-05-26 18:00:00;72.0;369.01;45.0;23.4;54.1;1.79;
2022-05-26 19:00:00;0.0;0.0;0.0;21.18;68.5;1.45;
2022-05-26 20:00:00;0.0;0.0;0.0;22.24;55.8;0.83;
2022-05-26 21:00:00;0.0;0.0;0.0;21.79;55.8;0.41;
2022-05-26 22:00:00;0.0;0.0;0.0;18.91;68.1;1.38;
2022-05-26 23:00:00;0.0;0.0;0.0;16.99;78.0;1.79;
2022-05-27 00:00:00;0.0;0.0;0.0;16.06;80.65;1.79;
2022-05-27 01:00:00;0.0;0.0;0.0;15.47;80.6;1.79;
2022-05-27 02:00:00;0.0;0.0;0.0;15.03;80.55;1.72;
2022-05-27 03:00:00;0.0;0.0;0.0;14.46;83.4;1.79;
2022-05-27 04:00:00;5.0;0.0;5.0;14.19;86.35;1.93;
2022-05-27 05:00:00;148.0;299.23;70.0;16.01;80.65;1.86;
2022-05-27 06:00:00;333.0;524.61;106.0;20.36;57.45;2.0;
2022-05-27 07:00:00;515.0;646.34;132.0;22.84;52.25;1.93;
2022-05-27 08:00:00;684.0;734.88;148.0;24.48;50.7;1.72;
2022-05-27 09:00:00;818.0;786.77;162.0;25.76;49.2;1.52;
2022-05-27 10:00:00;927.0;862.35;152.0;26.68;47.75;1.93;
2022-05-27 11:00:00;960.0;864.42;165.0;27.3;46.25;2.48;
2022-05-27 12:00:00;942.0;863.37;169.0;27.64;44.8;2.97;
2022-05-27 13:00:00;889.0;893.3;150.0;27.78;44.8;3.31;
2022-05-27 14:00:00;768.0;858.14;150.0;27.78;46.4;3.52;
2022-05-27 15:00:00;607.0;794.79;145.0;27.42;46.4;3.66;
2022-05-27 16:00:00;427.0;716.46;126.0;26.86;47.9;3.52;
2022-05-27 17:00:00;244.0;613.78;92.0;26.07;51.05;3.24;
2022-05-27 18:00:00;68.0;277.73;47.0;24.87;54.45;2.62;
2022-05-27 19:00:00;0.0;0.0;0.0;23.52;60.05;2.34;
2022-05-27 20:00:00;0.0;0.0;0.0;21.58;66.25;2.14;
2022-05-27 21:00:00;0.0;0.0;0.0;20.05;73.2;1.79;
2022-05-27 22:00:00;0.0;0.0;0.0;19.71;75.7;1.52;
2022-05-27 23:00:00;0.0;0.0;0.0;19.75;73.2;1.31;
2022-05-28 00:00:00;0.0;0.0;0.0;19.3;75.7;1.17;
2022-05-28 01:00:00;0.0;0.0;0.0;18.67;81.0;1.1;
2022-05-28 02:00:00;0.0;0.0;0.0;17.95;83.75;1.03;
2022-05-28 03:00:00;0.0;0.0;0.0;16.88;86.6;1.17;
2022-05-28 04:00:00;3.0;0.0;3.0;15.65;89.55;1.38;
2022-05-28 05:00:00;153.0;316.57;70.0;16.88;86.6;1.17;
2022-05-28 06:00:00;331.0;506.87;111.0;20.7;70.8;1.17;
2022-05-28 07:00:00;521.0;656.83;131.0;23.83;60.15;1.1;
2022-05-28 08:00:00;684.0;725.57;154.0;25.54;52.75;1.24;
2022-05-28 09:00:00;826.0;796.56;161.0;26.86;46.25;1.31;
2022-05-28 10:00:00;916.0;826.89;172.0;27.89;41.95;1.59;
2022-05-28 11:00:00;969.0;874.22;164.0;28.62;40.65;2.21;
2022-05-28 12:00:00;961.0;896.75;157.0;29.05;38.0;2.83;
2022-05-28 13:00:00;888.0;879.73;159.0;29.25;38.0;3.38;
2022-05-28 14:00:00;784.0;892.29;140.0;29.13;36.7;3.86;
2022-05-28 15:00:00;614.0;806.07;144.0;28.7;37.9;4.07;
2022-05-28 16:00:00;433.0;729.64;125.0;27.98;39.1;4.0;
2022-05-28 17:00:00;251.0;636.38;92.0;26.93;43.15;3.59;
2022-05-28 18:00:00;72.0;307.7;48.0;25.59;49.2;2.9;
2022-05-28 19:00:00;0.0;0.0;0.0;24.09;52.35;2.69;
2022-05-28 20:00:00;0.0;0.0;0.0;22.38;59.95;2.21;
2022-05-28 21:00:00;0.0;0.0;0.0;20.85;68.5;1.72;
2022-05-28 22:00:00;0.0;0.0;0.0;20.84;66.15;1.38;
2022-05-28 23:00:00;0.0;0.0;0.0;20.81;66.15;1.24;
2022-05-29 00:00:00;0.0;0.0;0.0;21.12;66.15;1.1;
2022-05-29 01:00:00;0.0;0.0;0.0;20.53;68.4;1.03;
2022-05-29 02:00:00;0.0;0.0;0.0;19.4;70.65;1.24;
2022-05-29 03:00:00;0.0;0.0;0.0;17.02;80.8;1.52;
2022-05-29 04:00:00;4.0;0.0;4.0;15.78;80.65;1.72;
2022-05-29 05:00:00;145.0;261.75;76.0;17.07;78.0;1.38;
2022-05-29 06:00:00;327.0;496.22;111.0;21.9;57.75;1.38;
2022-05-29 07:00:00;508.0;618.62;140.0;24.82;50.8;1.24;
2022-05-29 08:00:00;666.0;678.07;170.0;26.71;43.05;1.1;
2022-05-29 09:00:00;818.0;783.66;163.0;28.0;40.5;1.31;
2022-05-29 10:00:00;917.0;837.07;163.0;28.9;39.35;1.93;
2022-05-29 11:00:00;959.0;862.36;164.0;29.49;39.5;2.69;
2022-05-29 12:00:00;952.0;883.31;159.0;29.84;39.5;3.31;
2022-05-29 13:00:00;880.0;866.25;161.0;29.92;36.95;3.66;
2022-05-29 14:00:00;777.0;879.33;141.0;29.65;39.5;4.0;
2022-05-29 15:00:00;608.0;791.69;145.0;29.14;42.2;4.0;
2022-05-29 16:00:00;423.0;679.12;135.0;28.62;43.55;3.66;
2022-05-29 17:00:00;242.0;567.44;99.0;27.8;48.0;3.24;
2022-05-29 18:00:00;72.0;298.77;48.0;26.64;51.2;2.76;
2022-05-29 19:00:00;0.0;0.0;0.0;25.31;52.75;2.48;
2022-05-29 20:00:00;0.0;0.0;0.0;23.63;62.15;2.21;
2022-05-29 21:00:00;0.0;0.0;0.0;21.84;68.7;1.93;
2022-05-29 22:00:00;0.0;0.0;0.0;20.71;75.85;1.72;
2022-05-29 23:00:00;0.0;0.0;0.0;20.17;78.45;1.52;
2022-05-30 00:00:00;0.0;0.0;0.0;19.34;81.1;1.52;
2022-05-30 01:00:00;0.0;0.0;0.0;18.45;83.8;1.52;
2022-05-30 02:00:00;0.0;0.0;0.0;17.89;86.7;1.45;
2022-05-30 03:00:00;0.0;0.0;0.0;17.53;89.7;1.38;
2022-05-30 04:00:00;4.0;0.0;4.0;17.3;86.65;1.31;
2022-05-30 05:00:00;152.0;305.72;71.0;19.5;78.35;0.83;
2022-05-30 06:00:00;312.0;421.57;128.0;22.76;68.75;0.55;
2022-05-30 07:00:00;497.0;578.94;152.0;25.95;54.7;0.21;
2022-05-30 08:00:00;674.0;705.86;157.0;27.66;46.4;0.34;
2022-05-30 09:00:00;822.0;798.33;154.0;28.91;42.2;0.69;
2022-05-30 10:00:00;897.0;796.26;179.0;29.82;40.9;1.1;
2022-05-30 11:00:00;949.0;842.98;171.0;30.46;38.4;1.38;
2022-05-30 12:00:00;947.0;875.51;160.0;30.89;37.25;1.52;
2022-05-30 13:00:00;866.0;836.01;171.0;31.16;37.25;1.79;
2022-05-30 14:00:00;765.0;847.15;151.0;31.18;35.95;2.0;
2022-05-30 15:00:00;593.0;734.83;162.0;31.08;34.75;1.93;
2022-05-30 16:00:00;414.0;633.82;144.0;30.8;35.85;1.86;
2022-05-30 17:00:00;242.0;558.81;100.0;29.73;45.35;2.0;
2022-05-30 18:00:00;69.0;230.03;50.0;28.44;43.55;2.34;
2022-05-30 19:00:00;0.0;0.0;0.0;27.0;49.55;1.86;
2022-05-30 20:00:00;0.0;0.0;0.0;25.35;50.95;2.55;
2022-05-30 21:00:00;0.0;0.0;0.0;24.84;45.75;3.17;
2022-05-30 22:00:00;0.0;0.0;0.0;24.53;45.6;3.59;
2022-05-30 23:00:00;0.0;0.0;0.0;23.9;45.5;3.45;
2022-05-31 00:00:00;0.0;0.0;0.0;23.13;47.0;3.17;
2022-05-31 01:00:00;0.0;0.0;0.0;22.42;48.55;3.03;
2022-05-31 02:00:00;0.0;0.0;0.0;21.84;50.2;3.1;
2022-05-31 03:00:00;0.0;0.0;0.0;21.61;51.9;3.1;
2022-05-31 04:00:00;5.0;0.0;5.0;21.18;57.55;2.62;
2022-05-31 05:00:00;145.0;259.21;76.0;21.35;57.65;2.34;
2022-05-31 06:00:00;318.0;450.24;121.0;22.98;54.1;1.93;
2022-05-31 07:00:00;489.0;551.21;160.0;25.78;45.9;1.59;
2022-05-31 08:00:00;671.0;700.91;157.0;27.23;43.15;2.07;
2022-05-31 09:00:00;792.0;724.68;185.0;27.91;43.4;3.17;
2022-05-31 10:00:00;878.0;748.94;202.0;28.05;46.5;3.86;
2022-05-31 11:00:00;945.0;837.76;171.0;27.92;46.5;4.28;
2022-05-31 12:00:00;938.0;858.88;165.0;27.0;51.3;4.76;
2022-05-31 13:00:00;872.0;852.76;162.0;26.77;54.8;5.17;
2022-05-31 14:00:00;755.0;819.29;160.0;25.85;58.55;5.38;
2022-05-31 15:00:00;591.0;729.36;162.0;25.44;60.45;5.52;
2022-05-31 16:00:00;413.0;628.72;144.0;24.05;68.58;4.98;
2022-05-31 17:00:00;229.0;456.75;112.0;23.68;69.17;4.8;
2022-05-31 18:00:00;85.0;448.08;47.0;23.31;69.77;4.63;
2022-05-31 19:00:00;0.0;0.0;0.0;22.93;70.36;4.45;
2022-05-31 20:00:00;0.0;0.0;0.0;22.56;70.96;4.28;
2022-05-31 21:00:00;0.0;0.0;0.0;22.19;71.55;4.11;
2022-05-31 22:00:00;0.0;0.0;0.0;21.81;72.15;3.93;
2022-05-31 23:00:00;0.0;0.0;0.0;21.44;72.74;3.76;
2022-06-01 00:00:00;0.0;0.0;0.0;21.07;73.33;3.59;
2022-06-01 01:00:00;0.0;0.0;0.0;20.69;73.93;3.41;
2022-06-01 02:00:00;0.0;0.0;0.0;20.32;74.52;3.24;
2022-06-01 03:00:00;0.0;0.0;0.0;19.95;75.12;3.06;
2022-06-01 04:00:00;39.0;73.05;32.0;19.57;75.71;2.89;
2022-06-01 05:00:00;197.0;385.28;94.0;19.2;76.31;2.72;
2022-06-01 06:00:00;375.0;551.83;133.0;18.83;76.9;2.54;
2022-06-01 07:00:00;550.0;650.76;161.0;18.45;77.5;2.37;
2022-06-01 08:00:00;716.0;750.53;165.0;23.98;50.55;2.62;
2022-06-01 09:00:00;838.0;790.78;175.0;25.16;45.9;2.48;
2022-06-01 10:00:00;930.0;847.87;164.0;26.13;43.05;2.14;
2022-06-01 11:00:00;915.0;747.18;224.0;26.95;40.25;1.79;
2022-06-01 12:00:00;887.0;739.12;221.0;27.61;38.95;1.72;
2022-06-01 13:00:00;774.0;616.44;260.0;28.03;36.45;1.52;
2022-06-01 14:00:00;680.0;654.16;204.0;28.19;35.3;1.1;
2022-06-01 15:00:00;546.0;671.41;150.0;28.1;37.75;0.97;
2022-06-01 16:00:00;354.0;495.74;141.0;27.83;39.1;1.1;
2022-06-01 17:00:00;192.0;410.61;86.0;27.27;41.8;1.17;
2022-06-01 18:00:00;41.0;138.01;29.0;25.9;51.05;1.52;
2022-06-01 19:00:00;0.0;0.0;0.0;24.22;52.5;2.48;
2022-06-01 20:00:00;0.0;0.0;0.0;23.09;56.0;2.83;
2022-06-01 21:00:00;0.0;0.0;0.0;22.21;55.8;3.24;
2022-06-01 22:00:00;0.0;0.0;0.0;21.26;61.7;3.45;
2022-06-01 23:00:00;0.0;0.0;0.0;20.45;65.95;3.45;
2022-06-02 00:00:00;0.0;0.0;0.0;19.81;70.65;3.31;
2022-06-02 01:00:00;0.0;0.0;0.0;19.26;73.05;3.1;
2022-06-02 02:00:00;0.0;0.0;0.0;18.8;73.05;3.03;
2022-06-02 03:00:00;0.0;0.0;0.0;18.24;75.55;2.97;
2022-06-02 04:00:00;40.0;72.12;33.0;17.81;78.15;2.9;
2022-06-02 05:00:00;195.0;376.31;94.0;18.31;78.25;2.69;
2022-06-02 06:00:00;376.0;564.34;128.0;20.15;70.7;2.48;
2022-06-02 07:00:00;555.0;679.96;148.0;22.52;59.8;3.17;
2022-06-02 08:00:00;711.0;742.96;165.0;24.07;54.2;2.97;
2022-06-02 09:00:00;837.0;793.66;171.0;25.4;50.95;2.41;
2022-06-02 10:00:00;924.0;838.28;166.0;26.42;47.75;1.79;
2022-06-02 11:00:00;939.0;823.17;177.0;27.12;44.8;1.1;
2022-06-02 12:00:00;906.0;803.7;181.0;27.55;44.8;0.62;
2022-06-02 13:00:00;831.0;791.62;170.0;27.97;44.95;0.34;
2022-06-02 14:00:00;703.0;739.35;164.0;28.04;44.95;0.62;
2022-06-02 15:00:00;543.0;662.87;151.0;27.85;44.95;1.03;
2022-06-02 16:00:00;381.0;616.56;115.0;27.37;48.0;1.31;
2022-06-02 17:00:00;192.0;403.71;87.0;26.88;49.55;1.45;
2022-06-02 18:00:00;43.0;146.01;30.0;26.02;56.6;1.79;
2022-06-02 19:00:00;0.0;0.0;0.0;24.83;64.6;2.34;
2022-06-02 20:00:00;0.0;0.0;0.0;23.78;71.35;2.07;
2022-06-02 21:00:00;0.0;0.0;0.0;22.66;76.15;1.86;
2022-06-02 22:00:00;0.0;0.0;0.0;21.71;81.35;1.79;
2022-06-02 23:00:00;0.0;0.0;0.0;20.74;84.05;1.72;
2022-06-03 00:00:00;0.0;0.0;0.0;20.18;83.95;1.79;
2022-06-03 01:00:00;0.0;0.0;0.0;19.47;86.8;1.86;
2022-06-03 02:00:00;0.0;0.0;0.0;18.97;83.85;1.86;
2022-06-03 03:00:00;0.0;0.0;0.0;18.47;86.75;1.93;
2022-06-03 04:00:00;25.0;10.18;24.0;18.25;83.8;2.0;
2022-06-03 05:00:00;151.0;144.78;112.0;19.32;86.8;1.66;
2022-06-03 06:00:00;281.0;193.06;196.0;21.86;73.45;1.31;
2022-06-03 07:00:00;487.0;428.83;230.0;23.89;66.65;1.79;
2022-06-03 08:00:00;702.0;715.08;176.0;25.08;64.6;1.59;
2022-06-03 09:00:00;787.0;647.74;243.0;26.29;58.7;1.24;
2022-06-03 10:00:00;888.0;745.88;213.0;27.12;53.2;0.97;
2022-06-03 11:00:00;745.0;360.49;411.0;27.6;53.2;1.66;
2022-06-03 12:00:00;871.0;702.06;237.0;27.99;51.55;1.79;
2022-06-03 13:00:00;822.0;765.42;182.0;28.13;49.95;1.86;
2022-06-03 14:00:00;687.0;684.6;187.0;28.38;49.95;2.07;
2022-06-03 15:00:00;528.0;600.44;172.0;28.26;51.65;2.34;
2022-06-03 16:00:00;348.0;457.13;150.0;27.89;53.35;2.69;
2022-06-03 17:00:00;189.0;370.27;92.0;27.12;56.95;3.1;
2022-06-03 18:00:00;27.0;21.97;25.0;26.19;60.7;3.1;
2022-06-03 19:00:00;0.0;0.0;0.0;24.91;66.85;2.62;
2022-06-03 20:00:00;0.0;0.0;0.0;24.18;69.05;2.48;
2022-06-03 21:00:00;0.0;0.0;0.0;23.44;73.7;2.34;
2022-06-03 22:00:00;0.0;0.0;0.0;22.61;78.75;2.14;
2022-06-03 23:00:00;0.0;0.0;0.0;21.63;84.1;1.93;
2022-06-04 00:00:00;0.0;0.0;0.0;20.85;89.9;1.66;
2022-06-04 01:00:00;0.0;0.0;0.0;20.4;89.85;1.31;
2022-06-04 02:00:00;0.0;0.0;0.0;20.96;86.9;0.97;
2022-06-04 03:00:00;0.0;0.0;0.0;20.2;86.85;1.1;
2022-06-04 04:00:00;44.0;100.77;34.0;19.28;92.9;1.38;
2022-06-04 05:00:00;149.0;133.21;113.0;20.53;89.85;1.1;
2022-06-04 06:00:00;355.0;460.29;152.0;22.87;73.6;1.24;
2022-06-04 07:00:00;541.0;625.04;166.0;23.99;76.3;1.17;
2022-06-04 08:00:00;617.0;455.04;282.0;25.21;66.95;1.31;
2022-06-04 09:00:00;819.0;749.59;189.0;26.22;58.7;0.83;
2022-06-04 10:00:00;521.0;89.44;440.0;27.2;51.45;0.55;
2022-06-04 11:00:00;920.0;777.52;199.0;27.87;48.15;1.03;
2022-06-04 12:00:00;807.0;538.73;320.0;28.53;46.65;1.31;
2022-06-04 13:00:00;810.0;733.37;196.0;28.23;48.25;1.38;
2022-06-04 14:00:00;701.0;732.61;165.0;27.73;49.8;1.31;
2022-06-04 15:00:00;554.0;696.54;140.0;26.65;51.3;0.83;
2022-06-04 16:00:00;51.0;0.0;51.0;25.94;54.7;0.97;
2022-06-04 17:00:00;158.0;193.34;107.0;25.58;58.45;1.38;
2022-06-04 18:00:00;29.0;32.26;26.0;24.9;66.85;0.83;
2022-06-04 19:00:00;0.0;0.0;0.0;23.42;66.55;1.86;
2022-06-04 20:00:00;0.0;0.0;0.0;22.79;71.15;1.24;
2022-06-04 21:00:00;0.0;0.0;0.0;22.99;68.75;0.62;
2022-06-04 22:00:00;0.0;0.0;0.0;20.68;81.2;1.59;
2022-06-04 23:00:00;0.0;0.0;0.0;20.63;78.5;3.38;
2022-06-05 00:00:00;0.0;0.0;0.0;20.25;83.95;3.03;
2022-06-05 01:00:00;0.0;0.0;0.0;19.94;86.85;2.28;
2022-06-05 02:00:00;0.0;0.0;0.0;19.74;86.85;2.83;
2022-06-05 03:00:00;0.0;0.0;0.0;19.74;83.9;3.1;
2022-06-05 04:00:00;15.0;0.0;15.0;19.66;81.1;3.31;
2022-06-05 05:00:00;154.0;154.96;112.0;19.82;81.1;3.17;
2022-06-05 06:00:00;170.0;15.85;163.0;20.23;75.75;3.38;
2022-06-05 07:00:00;536.0;609.45;170.0;21.07;70.9;3.45;
2022-06-05 08:00:00;657.0;571.43;236.0;21.64;71.0;3.45;
2022-06-05 09:00:00;659.0;343.63;370.0;22.5;68.7;2.9;
2022-06-05 10:00:00;792.0;503.16;336.0;23.52;64.3;2.41;
2022-06-05 11:00:00;795.0;464.41;364.0;24.67;56.35;2.55;
2022-06-05 12:00:00;690.0;301.7;417.0;26.04;52.85;2.34;
2022-06-05 13:00:00;752.0;566.63;277.0;26.8;49.55;1.86;
2022-06-05 14:00:00;466.0;156.92;351.0;27.25;48.0;1.52;
2022-06-05 15:00:00;513.0;540.45;191.0;27.23;48.0;1.45;
2022-06-05 16:00:00;379.0;600.36;117.0;27.03;49.55;1.45;
2022-06-05 17:00:00;190.0;365.28;93.0;26.25;52.95;1.17;
2022-06-05 18:00:00;47.0;147.54;33.0;25.0;60.35;1.59;
2022-06-05 19:00:00;0.0;0.0;0.0;24.05;64.4;2.28;
2022-06-05 20:00:00;0.0;0.0;0.0;23.32;71.25;1.59;
2022-06-05 21:00:00;0.0;0.0;0.0;22.39;76.1;1.52;
2022-06-05 22:00:00;0.0;0.0;0.0;21.78;73.45;2.28;
2022-06-05 23:00:00;0.0;0.0;0.0;21.42;73.35;2.97;
2022-06-06 00:00:00;0.0;0.0;0.0;20.89;75.85;2.97;
2022-06-06 01:00:00;0.0;0.0;0.0;20.25;78.45;2.34;
2022-06-06 02:00:00;0.0;0.0;0.0;19.51;83.85;2.07;
2022-06-06 03:00:00;0.0;0.0;0.0;19.19;83.85;2.28;
2022-06-06 04:00:00;49.0;138.58;35.0;19.04;83.85;2.34;
2022-06-06 05:00:00;192.0;345.93;98.0;19.71;81.1;2.28;
2022-06-06 06:00:00;366.0;513.25;139.0;21.21;73.35;2.21;
2022-06-06 07:00:00;493.0;452.54;221.0;23.22;62.15;2.34;
2022-06-06 08:00:00;661.0;583.26;231.0;24.59;58.35;2.0;
2022-06-06 09:00:00;827.0;773.58;176.0;25.76;54.7;1.52;
2022-06-06 10:00:00;798.0;514.96;331.0;26.7;51.3;0.97;
2022-06-06 11:00:00;717.0;313.33;426.0;27.42;49.7;0.28;
2022-06-06 12:00:00;452.0;44.16;412.0;27.74;48.15;0.34;
2022-06-06 13:00:00;661.0;351.48;366.0;27.85;49.8;1.03;
2022-06-06 14:00:00;623.0;482.24;269.0;27.85;48.15;1.52;
2022-06-06 15:00:00;520.0;562.65;184.0;27.73;48.15;1.86;
2022-06-06 16:00:00;290.0;228.33;190.0;27.53;49.7;2.21;
2022-06-06 17:00:00;140.0;112.25;110.0;27.17;51.45;2.28;
2022-06-06 18:00:00;49.0;165.46;33.0;26.48;54.8;2.07;
2022-06-06 19:00:00;0.0;0.0;0.0;25.42;66.95;0.34;
2022-06-06 20:00:00;0.0;0.0;0.0;23.81;71.35;0.97;
2022-06-06 21:00:00;0.0;0.0;0.0;22.55;78.7;1.93;
2022-06-06 22:00:00;0.0;0.0;0.0;21.76;81.35;1.79;
2022-06-06 23:00:00;0.0;0.0;0.0;21.19;81.3;1.66;
2022-06-07 00:00:00;0.0;0.0;0.0;20.71;84.05;1.86;
2022-06-07 01:00:00;0.0;0.0;0.0;20.36;83.95;1.93;
2022-06-07 02:00:00;0.0;0.0;0.0;20.03;86.85;2.14;
2022-06-07 03:00:00;0.0;0.0;0.0;19.82;83.9;2.55;
2022-06-07 04:00:00;35.0;39.3;31.0;19.56;83.9;2.41;
2022-06-07 05:00:00;147.0;124.84;113.0;20.33;81.15;2.21;
2022-06-07 06:00:00;341.0;402.0;163.0;21.71;73.45;2.28;
2022-06-07 07:00:00;547.0;653.37;154.0;22.47;68.7;2.14;
2022-06-07 08:00:00;726.0;788.98;144.0;23.22;66.55;1.72;
2022-06-07 09:00:00;828.0;779.1;172.0;24.32;62.35;1.79;
2022-06-07 10:00:00;828.0;592.91;290.0;25.1;60.45;1.93;
2022-06-07 11:00:00;523.0;81.77;447.0;25.93;60.6;2.34;
2022-06-07 12:00:00;894.0;777.72;189.0;26.55;60.7;2.83;
2022-06-07 13:00:00;777.0;636.7;242.0;26.62;58.8;3.24;
2022-06-07 14:00:00;711.0;756.24;155.0;26.33;60.7;3.52;
2022-06-07 15:00:00;346.0;115.29;277.0;26.02;62.65;4.0;
2022-06-07 16:00:00;317.0;318.58;177.0;25.79;62.65;3.66;
2022-06-07 17:00:00;48.0;0.0;48.0;24.72;71.5;2.55;
2022-06-07 18:00:00;42.0;91.42;33.0;23.45;78.85;1.03;
2022-06-07 19:00:00;0.0;0.0;0.0;23.66;76.3;2.07;
2022-06-07 20:00:00;0.0;0.0;0.0;23.11;81.5;2.62;
2022-06-07 21:00:00;0.0;0.0;0.0;22.81;84.25;3.03;
2022-06-07 22:00:00;0.0;0.0;0.0;22.53;90.0;3.38;
2022-06-07 23:00:00;0.0;0.0;0.0;21.78;89.95;2.07;
2022-06-08 00:00:00;0.0;0.0;0.0;21.28;93.0;0.9;
2022-06-08 01:00:00;0.0;0.0;0.0;19.63;96.1;0.62;
2022-06-08 02:00:00;0.0;0.0;0.0;19.28;99.4;2.9;
2022-06-08 03:00:00;0.0;0.0;0.0;18.88;99.4;3.59;
2022-06-08 04:00:00;20.0;0.0;20.0;19.01;96.1;3.03;
2022-06-08 05:00:00;24.0;0.0;24.0;19.14;96.1;2.34;
2022-06-08 06:00:00;109.0;0.0;109.0;19.21;96.1;1.66;
2022-06-08 07:00:00;235.0;13.29;227.0;21.22;86.95;2.28;
2022-06-08 08:00:00;129.0;0.0;129.0;22.04;87.0;2.34;
2022-06-08 09:00:00;85.0;0.0;85.0;22.69;78.75;1.86;
2022-06-08 10:00:00;100.0;0.0;100.0;22.73;78.75;1.79;
2022-06-08 11:00:00;221.0;0.0;221.0;22.87;78.75;1.24;
2022-06-08 12:00:00;451.0;42.99;412.0;22.29;78.7;0.97;
2022-06-08 13:00:00;647.0;323.35;375.0;21.68;81.35;1.52;
2022-06-08 14:00:00;652.0;566.33;235.0;21.72;84.1;1.86;
2022-06-08 15:00:00;572.0;743.59;126.0;22.17;78.7;1.79;
2022-06-08 16:00:00;380.0;589.71;120.0;22.34;78.7;2.48;
2022-06-08 17:00:00;201.0;417.79;88.0;21.5;84.05;2.55;
2022-06-08 18:00:00;45.0;99.88;35.0;20.4;92.95;3.66;
2022-06-08 19:00:00;0.0;0.0;0.0;21.0;84.05;2.9;
2022-06-08 20:00:00;0.0;0.0;0.0;20.22;86.85;2.28;
2022-06-08 21:00:00;0.0;0.0;0.0;19.9;89.85;2.48;
2022-06-08 22:00:00;0.0;0.0;0.0;19.59;89.85;3.52;
2022-06-08 23:00:00;0.0;0.0;0.0;19.44;89.8;3.79;
2022-06-09 00:00:00;0.0;0.0;0.0;19.32;89.8;3.93;
2022-06-09 01:00:00;0.0;0.0;0.0;19.2;86.8;4.07;
2022-06-09 02:00:00;0.0;0.0;0.0;19.12;83.85;4.14;
2022-06-09 03:00:00;0.0;0.0;0.0;19.08;83.85;4.07;
2022-06-09 04:00:00;50.0;135.92;36.0;19.01;81.05;4.0;
2022-06-09 05:00:00;216.0;482.99;84.0;19.37;81.05;4.07;
2022-06-09 06:00:00;397.0;642.54;112.0;20.5;78.45;4.07;
2022-06-09 07:00:00;559.0;689.18;144.0;22.09;71.05;4.97;
2022-06-09 08:00:00;703.0;721.91;170.0;23.56;66.55;5.03;
2022-06-09 09:00:00;652.0;326.32;377.0;24.84;60.35;4.83;
2022-06-09 10:00:00;915.0;819.12;171.0;25.89;56.6;4.62;
2022-06-09 11:00:00;946.0;837.14;167.0;26.86;51.3;4.21;
2022-06-09 12:00:00;914.0;818.32;171.0;27.55;49.7;3.38;
2022-06-09 13:00:00;840.0;805.16;162.0;27.95;49.8;2.55;
2022-06-09 14:00:00;713.0;752.66;158.0;28.09;48.15;2.0;
2022-06-09 15:00:00;545.0;645.57;157.0;28.16;46.65;1.72;
2022-06-09 16:00:00;356.0;465.77;150.0;28.07;48.15;1.31;
2022-06-09 17:00:00;193.0;352.97;97.0;27.64;51.55;0.83;
2022-06-09 18:00:00;48.0;127.8;35.0;26.27;60.7;1.66;
2022-06-09 19:00:00;0.0;0.0;0.0;24.68;62.45;2.69;
2022-06-09 20:00:00;0.0;0.0;0.0;23.46;66.55;3.59;
2022-06-09 21:00:00;0.0;0.0;0.0;22.45;68.7;4.07;
2022-06-09 22:00:00;0.0;0.0;0.0;21.54;73.35;4.14;
2022-06-09 23:00:00;0.0;0.0;0.0;20.86;73.3;4.0;
2022-06-10 00:00:00;0.0;0.0;0.0;20.32;73.2;3.79;
2022-06-10 01:00:00;0.0;0.0;0.0;19.82;75.7;3.45;
2022-06-10 02:00:00;0.0;0.0;0.0;19.27;78.3;3.1;
2022-06-10 03:00:00;0.0;0.0;0.0;18.83;75.65;2.9;
2022-06-10 04:00:00;50.0;135.31;36.0;18.48;81.0;2.83;
2022-06-10 05:00:00;204.0;409.28;92.0;19.05;81.05;2.48;
2022-06-10 06:00:00;382.0;579.06;125.0;20.65;75.85;2.41;
2022-06-10 07:00:00;558.0;682.28;147.0;23.07;66.55;3.1;
2022-06-10 08:00:00;709.0;736.58;165.0;24.71;60.35;3.24;
2022-06-10 09:00:00;835.0;786.46;172.0;26.04;54.7;3.17;
2022-06-10 10:00:00;922.0;831.98;166.0;26.99;53.1;2.69;
2022-06-10 11:00:00;938.0;817.35;177.0;27.73;49.8;2.07;
2022-06-10 12:00:00;912.0;808.92;177.0;28.35;49.95;1.59;
2022-06-10 13:00:00;838.0;797.24;166.0;28.85;48.4;1.17;
2022-06-10 14:00:00;712.0;744.86;162.0;29.11;48.4;0.34;
2022-06-10 15:00:00;547.0;647.63;157.0;29.08;51.8;1.17;
2022-06-10 16:00:00;370.0;525.24;137.0;28.66;53.55;2.28;
2022-06-10 17:00:00;203.0;409.61;91.0;27.65;59.0;2.9;
2022-06-10 18:00:00;51.0;145.27;36.0;26.33;67.15;2.83;
2022-06-10 19:00:00;0.0;0.0;0.0;25.58;71.6;2.21;
2022-06-10 20:00:00;0.0;0.0;0.0;24.4;76.35;2.41;
2022-06-10 21:00:00;0.0;0.0;0.0;23.54;78.85;2.41;
2022-06-10 22:00:00;0.0;0.0;0.0;22.88;78.75;2.48;
2022-06-10 23:00:00;0.0;0.0;0.0;22.27;76.1;2.41;
2022-06-11 00:00:00;0.0;0.0;0.0;21.61;73.45;2.28;
2022-06-11 01:00:00;0.0;0.0;0.0;20.94;75.85;2.28;
2022-06-11 02:00:00;0.0;0.0;0.0;20.43;75.75;2.48;
2022-06-11 03:00:00;0.0;0.0;0.0;19.97;75.7;2.41;
2022-06-11 04:00:00;44.0;77.04;36.0;19.63;78.35;2.14;
2022-06-11 05:00:00;190.0;321.27;102.0;20.29;78.45;1.72;
2022-06-11 06:00:00;353.0;448.19;154.0;22.51;73.55;1.45;
2022-06-11 07:00:00;534.0;595.8;175.0;24.53;64.5;1.24;
2022-06-11 08:00:00;698.0;705.27;177.0;26.04;60.6;0.83;
2022-06-11 09:00:00;813.0;729.32;198.0;27.39;56.95;0.62;
2022-06-11 10:00:00;888.0;751.37;205.0;28.55;53.45;0.62;
2022-06-11 11:00:00;930.0;800.84;184.0;29.43;50.2;0.76;
2022-06-11 12:00:00;893.0;765.47;197.0;29.99;50.2;1.03;
2022-06-11 13:00:00;817.0;743.15;190.0;30.31;50.3;1.24;
2022-06-11 14:00:00;698.0;704.66;177.0;30.09;51.9;1.1;
2022-06-11 15:00:00;326.0;84.53;275.0;29.06;57.3;2.97;
2022-06-11 16:00:00;337.0;377.63;169.0;27.61;67.3;3.1;
2022-06-11 17:00:00;171.0;218.33;111.0;26.84;69.5;2.62;
2022-06-11 18:00:00;40.0;57.3;34.0;25.98;74.1;2.21;
2022-06-11 19:00:00;0.0;0.0;0.0;25.0;81.7;1.38;
2022-06-11 20:00:00;0.0;0.0;0.0;23.73;90.1;1.45;
2022-06-11 21:00:00;0.0;0.0;0.0;22.86;93.05;1.24;
2022-06-11 22:00:00;0.0;0.0;0.0;22.13;93.05;1.31;
2022-06-11 23:00:00;0.0;0.0;0.0;21.67;96.15;1.31;
2022-06-12 00:00:00;0.0;0.0;0.0;21.85;96.15;1.03;
2022-06-12 01:00:00;0.0;0.0;0.0;21.22;96.15;1.03;
2022-06-12 02:00:00;0.0;0.0;0.0;20.57;96.15;1.24;
2022-06-12 03:00:00;0.0;0.0;0.0;19.94;99.4;1.45;
2022-06-12 04:00:00;49.0;115.25;37.0;19.55;96.1;1.45;
2022-06-12 05:00:00;102.0;21.89;96.0;20.9;96.15;1.24;
2022-06-12 06:00:00;350.0;432.31;158.0;23.09;81.5;1.38;
2022-06-12 07:00:00;518.0;534.31;196.0;25.95;69.3;2.69;
2022-06-12 08:00:00;636.0;506.2;262.0;27.33;55.05;2.97;
2022-06-12 09:00:00;828.0;774.22;175.0;28.32;46.65;2.9;
2022-06-12 10:00:00;915.0;818.22;171.0;28.83;43.65;2.83;
2022-06-12 11:00:00;937.0;814.43;178.0;29.15;42.3;2.83;
2022-06-12 12:00:00;766.0;439.65;366.0;29.16;40.9;2.9;
2022-06-12 13:00:00;494.0;101.84;408.0;28.62;45.05;3.03;
2022-06-12 14:00:00;355.0;40.53;325.0;27.05;51.3;4.14;
2022-06-12 15:00:00;490.0;433.49;228.0;26.33;54.8;3.86;
2022-06-12 16:00:00;179.0;22.42;169.0;26.05;58.55;3.24;
2022-06-12 17:00:00;19.0;0.0;19.0;25.65;56.6;3.03;
2022-06-12 18:00:00;43.0;65.98;36.0;24.64;60.35;3.31;
2022-06-12 19:00:00;0.0;0.0;0.0;24.19;66.75;3.24;
2022-06-12 20:00:00;0.0;0.0;0.0;23.22;68.85;3.31;
2022-06-12 21:00:00;0.0;0.0;0.0;22.3;71.05;3.31;
2022-06-12 22:00:00;0.0;0.0;0.0;21.66;73.45;2.69;
2022-06-12 23:00:00;0.0;0.0;0.0;21.22;75.95;2.83;
2022-06-13 00:00:00;0.0;0.0;0.0;20.9;73.3;3.86;
2022-06-13 01:00:00;0.0;0.0;0.0;20.6;70.8;4.41;
2022-06-13 02:00:00;0.0;0.0;0.0;20.29;73.2;4.41;
2022-06-13 03:00:00;0.0;0.0;0.0;19.93;73.15;4.14;
2022-06-13 04:00:00;58.0;201.32;37.0;19.61;73.15;3.79;
2022-06-13 05:00:00;195.0;350.13;99.0;19.99;75.7;3.72;
2022-06-13 06:00:00;196.0;36.02;180.0;20.94;70.8;4.28;
2022-06-13 07:00:00;0.0;0.0;0.0;22.16;64.1;4.14;
2022-06-13 08:00:00;691.0;672.63;194.0;23.47;60.05;4.07;
2022-06-13 09:00:00;664.0;346.15;372.0;24.38;54.35;3.72;
2022-06-13 10:00:00;885.0;728.95;222.0;25.05;50.8;3.38;
2022-06-13 11:00:00;822.0;511.63;345.0;25.74;47.65;2.69;
2022-06-13 12:00:00;370.0;10.98;360.0;25.98;47.65;1.72;
2022-06-13 13:00:00;181.0;0.0;181.0;25.89;47.65;0.28;
2022-06-13 14:00:00;64.0;0.0;64.0;25.26;50.95;1.45;
2022-06-13 15:00:00;50.0;0.0;50.0;23.91;60.15;2.07;
2022-06-13 16:00:00;35.0;0.0;35.0;23.96;58.1;1.66;
2022-06-13 17:00:00;186.0;284.82;107.0;23.91;56.15;0.69;
2022-06-13 18:00:00;61.0;223.49;37.0;23.18;64.3;0.97;
2022-06-13 19:00:00;0.0;0.0;0.0;21.34;73.35;1.17;
2022-06-13 20:00:00;0.0;0.0;0.0;20.36;83.95;0.9;
2022-06-13 21:00:00;0.0;0.0;0.0;19.78;86.85;0.76;
2022-06-13 22:00:00;0.0;0.0;0.0;18.82;86.8;1.66;
2022-06-13 23:00:00;0.0;0.0;0.0;18.24;89.75;2.41;
2022-06-14 00:00:00;0.0;0.0;0.0;18.19;89.75;2.41;
2022-06-14 01:00:00;0.0;0.0;0.0;18.11;89.75;1.31;
2022-06-14 02:00:00;0.0;0.0;0.0;18.12;89.75;1.03;
2022-06-14 03:00:00;0.0;0.0;0.0;18.21;89.75;1.17;
2022-06-14 04:00:00;6.0;0.0;6.0;18.1;89.75;1.24;
2022-06-14 05:00:00;73.0;0.0;73.0;18.53;89.75;2.0;
2022-06-14 06:00:00;62.0;0.0;62.0;19.24;89.8;2.62;
2022-06-14 07:00:00;50.0;0.0;50.0;20.92;78.5;4.48;
2022-06-14 08:00:00;76.0;0.0;76.0;21.57;71.0;5.52;
2022-06-14 09:00:00;341.0;11.85;331.0;22.07;64.1;6.14;
2022-06-14 10:00:00;642.0;220.95;441.0;22.95;59.95;6.41;
2022-06-14 11:00:00;944.0;827.75;172.0;23.05;57.9;6.14;
2022-06-14 12:00:00;705.0;319.48;414.0;23.19;54.1;5.86;
2022-06-14 13:00:00;690.0;399.62;352.0;23.85;52.35;5.93;
2022-06-14 14:00:00;624.0;464.98;279.0;23.93;52.35;5.66;
2022-06-14 15:00:00;563.0;690.97;144.0;23.95;50.55;5.24;
2022-06-14 16:00:00;387.0;586.63;124.0;23.96;50.55;4.83;
2022-06-14 17:00:00;221.0;488.25;85.0;23.7;50.55;4.14;
2022-06-14 18:00:00;61.0;220.97;37.0;22.88;55.9;3.45;
2022-06-14 19:00:00;0.0;0.0;0.0;22.03;64.0;2.69;
2022-06-14 20:00:00;0.0;0.0;0.0;21.42;66.15;2.9;
2022-06-14 21:00:00;0.0;0.0;0.0;20.98;66.05;3.66;
2022-06-14 22:00:00;0.0;0.0;0.0;20.65;63.8;3.93;
2022-06-14 23:00:00;0.0;0.0;0.0;20.35;65.95;4.0;
2022-06-15 00:00:00;0.0;0.0;0.0;20.08;63.7;3.93;
2022-06-15 01:00:00;0.0;0.0;0.0;19.85;65.85;3.72;
2022-06-15 02:00:00;0.0;0.0;0.0;19.6;63.6;3.31;
2022-06-15 03:00:00;0.0;0.0;0.0;19.28;65.75;3.1;
2022-06-15 04:00:00;51.0;134.08;37.0;18.9;68.1;3.1;
2022-06-15 05:00:00;211.0;448.71;88.0;19.65;65.85;3.17;
2022-06-15 06:00:00;382.0;569.8;129.0;21.13;59.6;3.79;
2022-06-15 07:00:00;531.0;567.62;189.0;22.02;59.7;4.83;
2022-06-15 08:00:00;708.0;720.06;176.0;22.65;52.1;6.07;
2022-06-15 09:00:00;749.0;531.02;301.0;22.92;50.3;6.0;
2022-06-15 10:00:00;911.0;795.72;187.0;23.15;48.7;5.52;
2022-06-15 11:00:00;898.0;690.3;254.0;23.66;47.15;5.66;
2022-06-15 12:00:00;918.0;808.74;181.0;23.88;47.15;5.59;
2022-06-15 13:00:00;818.0;715.96;212.0;24.11;45.6;5.24;
2022-06-15 14:00:00;692.0;654.34;206.0;24.19;45.6;4.62;
2022-06-15 15:00:00;562.0;673.47;153.0;24.25;45.6;4.0;
2022-06-15 16:00:00;387.0;571.93;130.0;24.08;47.15;3.31;
2022-06-15 17:00:00;217.0;457.72;89.0;23.78;48.8;2.62;
2022-06-15 18:00:00;59.0;191.33;38.0;23.07;55.9;1.93;
2022-06-15 19:00:00;0.0;0.0;0.0;21.78;64.0;1.24;
2022-06-15 20:00:00;0.0;0.0;0.0;21.02;66.05;1.38;
2022-06-15 21:00:00;0.0;0.0;0.0;19.69;70.65;2.14;
2022-06-15 22:00:00;0.0;0.0;0.0;19.62;68.2;2.69;
2022-06-15 23:00:00;0.0;0.0;0.0;19.66;68.2;2.69;
2022-06-16 00:00:00;0.0;0.0;0.0;19.61;68.2;2.69;
2022-06-16 01:00:00;0.0;0.0;0.0;19.2;70.55;2.69;
2022-06-16 02:00:00;0.0;0.0;0.0;18.75;70.55;2.55;
2022-06-16 03:00:00;0.0;0.0;0.0;18.43;72.95;2.41;
2022-06-16 04:00:00;43.0;67.09;36.0;18.15;75.55;2.28;
2022-06-16 05:00:00;201.0;383.26;96.0;19.0;78.3;2.0;
2022-06-16 06:00:00;383.0;579.05;126.0;21.32;68.5;2.28;
2022-06-16 07:00:00;563.0;692.3;146.0;22.79;64.2;3.1;
2022-06-16 08:00:00;639.0;502.23;268.0;23.83;58.1;3.86;
2022-06-16 09:00:00;832.0;771.66;181.0;24.59;50.8;4.48;
2022-06-16 10:00:00;920.0;818.72;175.0;25.25;47.5;4.55;
2022-06-16 11:00:00;948.0;826.21;177.0;25.64;46.0;4.41;
2022-06-16 12:00:00;927.0;830.32;170.0;25.92;44.45;4.34;
2022-06-16 13:00:00;850.0;807.57;166.0;25.99;44.45;4.07;
2022-06-16 14:00:00;723.0;755.93;161.0;26.11;43.05;3.79;
2022-06-16 15:00:00;565.0;684.03;149.0;25.98;44.45;3.24;
2022-06-16 16:00:00;387.0;570.71;130.0;25.77;46.0;2.62;
2022-06-16 17:00:00;218.0;463.16;88.0;25.37;47.5;2.28;
2022-06-16 18:00:00;60.0;198.52;38.0;24.45;56.25;1.79;
2022-06-16 19:00:00;0.0;0.0;0.0;24.58;56.25;0.41;
2022-06-16 20:00:00;0.0;0.0;0.0;23.52;60.05;0.83;
2022-06-16 21:00:00;0.0;0.0;0.0;20.97;73.3;1.31;
2022-06-16 22:00:00;0.0;0.0;0.0;19.7;78.35;1.38;
2022-06-16 23:00:00;0.0;0.0;0.0;18.61;81.05;1.52;
2022-06-17 00:00:00;0.0;0.0;0.0;17.98;86.7;1.66;
2022-06-17 01:00:00;0.0;0.0;0.0;17.78;83.75;1.72;
2022-06-17 02:00:00;0.0;0.0;0.0;17.62;83.75;1.72;
2022-06-17 03:00:00;0.0;0.0;0.0;17.4;86.65;1.72;
2022-06-17 04:00:00;40.0;57.6;34.0;17.51;86.65;1.59;
2022-06-17 05:00:00;197.0;361.67;98.0;18.94;83.85;1.38;
2022-06-17 06:00:00;354.0;439.61;159.0;22.15;71.05;1.45;
2022-06-17 07:00:00;546.0;631.12;166.0;23.78;66.65;2.69;
2022-06-17 08:00:00;713.0;743.37;164.0;24.98;64.6;2.62;
2022-06-17 09:00:00;831.0;770.55;181.0;25.97;58.55;2.28;
2022-06-17 10:00:00;894.0;748.34;213.0;26.77;54.95;2.21;
2022-06-17 11:00:00;896.0;687.82;254.0;27.38;51.45;2.41;
2022-06-17 12:00:00;911.0;792.71;188.0;27.72;48.15;2.62;
2022-06-17 13:00:00;807.0;685.54;226.0;27.89;46.5;2.69;
2022-06-17 14:00:00;723.0;753.9;162.0;27.9;44.95;2.55;
2022-06-17 15:00:00;571.0;701.2;144.0;27.84;44.95;2.34;
2022-06-17 16:00:00;390.0;580.66;128.0;27.58;46.4;2.14;
2022-06-17 17:00:00;214.0;433.17;92.0;26.98;51.3;1.93;
2022-06-17 18:00:00;60.0;187.83;39.0;25.78;60.6;1.52;
2022-06-17 19:00:00;0.0;0.0;0.0;24.2;66.75;1.86;
2022-06-17 20:00:00;0.0;0.0;0.0;22.57;76.15;1.79;
2022-06-17 21:00:00;0.0;0.0;0.0;22.27;76.1;1.52;
2022-06-17 22:00:00;0.0;0.0;0.0;23.99;66.65;0.69;
2022-06-17 23:00:00;0.0;0.0;0.0;23.48;68.85;0.14;
2022-06-18 00:00:00;0.0;0.0;0.0;22.79;71.15;0.34;
2022-06-18 01:00:00;0.0;0.0;0.0;21.56;76.0;0.97;
2022-06-18 02:00:00;0.0;0.0;0.0;18.79;86.8;1.59;
2022-06-18 03:00:00;0.0;0.0;0.0;18.34;89.75;2.0;
2022-06-18 04:00:00;45.0;86.62;36.0;18.51;89.75;2.21;
2022-06-18 05:00:00;193.0;336.48;101.0;20.22;86.85;2.07;
2022-06-18 06:00:00;368.0;509.88;142.0;23.2;73.7;2.14;
2022-06-18 07:00:00;534.0;591.55;178.0;24.68;69.15;2.28;
2022-06-18 08:00:00;691.0;673.17;194.0;26.0;62.65;2.69;
2022-06-18 09:00:00;810.0;709.01;212.0;27.06;58.8;3.24;
2022-06-18 10:00:00;775.0;453.84;362.0;27.82;51.55;3.72;
2022-06-18 11:00:00;869.0;619.15;291.0;28.07;49.8;3.93;
2022-06-18 12:00:00;913.0;802.3;181.0;28.29;46.65;3.93;
2022-06-18 13:00:00;704.0;421.0;347.0;28.5;45.05;3.72;
2022-06-18 14:00:00;515.0;218.87;352.0;28.41;43.55;3.52;
2022-06-18 15:00:00;375.0;145.97;286.0;28.3;43.55;3.38;
2022-06-18 16:00:00;387.0;566.31;131.0;27.82;46.5;3.24;
2022-06-18 17:00:00;213.0;421.19;94.0;27.25;49.7;2.48;
2022-06-18 18:00:00;58.0;159.71;40.0;26.24;56.7;1.93;
2022-06-18 19:00:00;0.0;0.0;0.0;24.94;71.5;1.24;
2022-06-18 20:00:00;0.0;0.0;0.0;24.93;66.85;0.76;
2022-06-18 21:00:00;0.0;0.0;0.0;24.88;66.85;0.41;
2022-06-18 22:00:00;0.0;0.0;0.0;24.19;69.05;0.69;
2022-06-18 23:00:00;0.0;0.0;0.0;23.05;76.15;0.9;
2022-06-19 00:00:00;0.0;0.0;0.0;22.17;78.7;1.03;
2022-06-19 01:00:00;0.0;0.0;0.0;20.87;86.9;1.31;
2022-06-19 02:00:00;0.0;0.0;0.0;19.64;89.85;1.52;
2022-06-19 03:00:00;0.0;0.0;0.0;19.06;92.9;1.59;
2022-06-19 04:00:00;23.0;0.0;23.0;19.4;92.9;1.31;
2022-06-19 05:00:00;132.0;76.92;111.0;21.39;86.95;0.76;
2022-06-19 06:00:00;302.0;248.39;192.0;23.62;73.75;0.55;
2022-06-19 07:00:00;561.0;691.67;145.0;25.26;69.25;1.38;
2022-06-19 08:00:00;550.0;289.97;336.0;26.32;60.7;2.21;
2022-06-19 09:00:00;738.0;507.56;310.0;27.26;51.45;3.45;
2022-06-19 10:00:00;905.0;778.04;197.0;27.69;44.95;4.14;
2022-06-19 11:00:00;948.0;825.8;177.0;27.93;43.4;4.07;
2022-06-19 12:00:00;923.0;818.5;176.0;28.14;40.65;3.79;
2022-06-19 13:00:00;851.0;807.39;166.0;28.43;39.25;3.66;
2022-06-19 14:00:00;725.0;756.73;161.0;28.42;39.25;3.38;
2022-06-19 15:00:00;571.0;694.64;147.0;28.3;39.25;2.83;
2022-06-19 16:00:00;394.0;594.06;125.0;28.03;40.5;2.28;
2022-06-19 17:00:00;223.0;479.98;87.0;27.52;43.3;1.93;
2022-06-19 18:00:00;63.0;211.41;39.0;26.3;52.95;1.79;
2022-06-19 19:00:00;0.0;0.0;0.0;24.4;64.5;1.52;
2022-06-19 20:00:00;0.0;0.0;0.0;23.98;62.25;1.24;
2022-06-19 21:00:00;0.0;0.0;0.0;24.91;56.35;0.62;
2022-06-19 22:00:00;0.0;0.0;0.0;23.44;64.3;0.97;
2022-06-19 23:00:00;0.0;0.0;0.0;21.89;71.0;1.59;
2022-06-20 00:00:00;0.0;0.0;0.0;20.49;78.45;2.07;
2022-06-20 01:00:00;0.0;0.0;0.0;20.06;78.45;2.48;
2022-06-20 02:00:00;0.0;0.0;0.0;20.2;81.15;2.55;
2022-06-20 03:00:00;0.0;0.0;0.0;20.37;81.15;2.55;
2022-06-20 04:00:00;49.0;116.37;37.0;20.49;83.95;2.28;
2022-06-20 05:00:00;205.0;425.61;89.0;21.74;78.65;2.07;
2022-06-20 06:00:00;382.0;585.47;123.0;24.49;66.75;2.48;
2022-06-20 07:00:00;553.0;672.19;149.0;25.44;62.55;2.07;
2022-06-20 08:00:00;707.0;734.74;165.0;26.51;56.7;3.03;
2022-06-20 09:00:00;838.0;797.13;166.0;27.18;49.7;3.45;
2022-06-20 10:00:00;806.0;527.54;326.0;27.66;48.15;3.79;
2022-06-20 11:00:00;930.0;792.53;190.0;28.01;46.5;3.93;
2022-06-20 12:00:00;921.0;821.58;171.0;28.3;45.05;3.93;
2022-06-20 13:00:00;849.0;809.39;162.0;28.4;45.05;3.79;
2022-06-20 14:00:00;724.0;757.54;159.0;28.33;45.05;3.59;
2022-06-20 15:00:00;563.0;675.93;150.0;28.15;45.05;3.31;
2022-06-20 16:00:00;389.0;575.5;128.0;27.78;46.5;2.83;
2022-06-20 17:00:00;218.0;450.57;90.0;27.29;48.0;2.21;
2022-06-20 18:00:00;63.0;201.3;40.0;26.41;54.8;1.79;
2022-06-20 19:00:00;0.0;0.0;0.0;24.56;69.05;1.45;
2022-06-20 20:00:00;0.0;0.0;0.0;23.37;71.25;1.38;
2022-06-20 21:00:00;0.0;0.0;0.0;23.11;68.85;1.24;
2022-06-20 22:00:00;0.0;0.0;0.0;22.9;71.15;1.17;
2022-06-20 23:00:00;0.0;0.0;0.0;21.91;76.0;1.31;
2022-06-21 00:00:00;0.0;0.0;0.0;20.63;81.2;1.38;
2022-06-21 01:00:00;0.0;0.0;0.0;19.67;83.9;1.38;
2022-06-21 02:00:00;0.0;0.0;0.0;18.77;86.8;1.45;
2022-06-21 03:00:00;0.0;0.0;0.0;18.07;89.75;1.59;
2022-06-21 04:00:00;49.0;116.96;37.0;17.92;89.75;1.72;
2022-06-21 05:00:00;206.0;433.82;88.0;19.78;86.85;1.52;
2022-06-21 06:00:00;382.0;586.19;123.0;23.49;68.85;1.38;
2022-06-21 07:00:00;556.0;682.72;146.0;25.38;58.45;1.17;
2022-06-21 08:00:00;708.0;736.49;165.0;26.8;51.3;0.76;
2022-06-21 09:00:00;839.0;798.58;166.0;28.06;46.5;0.62;
2022-06-21 10:00:00;918.0;821.1;171.0;29.07;43.65;0.28;
2022-06-21 11:00:00;942.0;818.21;178.0;29.79;42.3;0.41;
2022-06-21 12:00:00;922.0;822.51;171.0;30.3;41.0;0.69;
2022-06-21 13:00:00;846.0;799.65;167.0;30.65;41.15;0.9;
2022-06-21 14:00:00;725.0;759.75;158.0;30.86;41.15;0.83;
2022-06-21 15:00:00;565.0;678.57;150.0;30.72;42.6;0.83;
2022-06-21 16:00:00;386.0;554.88;134.0;29.84;46.9;1.93;
2022-06-21 17:00:00;148.0;105.36;118.0;29.07;50.05;2.48;
2022-06-21 18:00:00;68.0;234.97;41.0;28.42;51.65;2.69;
2022-06-21 19:00:00;0.0;0.0;0.0;27.09;58.8;2.41;
2022-06-21 20:00:00;0.0;0.0;0.0;26.48;58.7;2.76;
2022-06-21 21:00:00;0.0;0.0;0.0;25.61;60.6;3.03;
2022-06-21 22:00:00;0.0;0.0;0.0;24.95;64.6;3.1;
2022-06-21 23:00:00;0.0;0.0;0.0;24.55;64.5;3.52;
2022-06-22 00:00:00;0.0;0.0;0.0;24.2;64.5;3.79;
2022-06-22 01:00:00;0.0;0.0;0.0;23.88;64.4;3.86;
2022-06-22 02:00:00;0.0;0.0;0.0;23.49;64.3;3.17;
2022-06-22 03:00:00;0.0;0.0;0.0;22.95;68.75;2.76;
2022-06-22 04:00:00;43.0;78.44;35.0;22.45;71.05;2.41;
2022-06-22 05:00:00;136.0;92.12;111.0;22.7;71.15;2.55;
2022-06-22 06:00:00;108.0;0.0;108.0;23.89;66.65;2.76;
2022-06-22 07:00:00;164.0;0.0;164.0;24.67;69.15;1.1;
2022-06-22 08:00:00;160.0;0.0;160.0;25.97;62.65;2.0;
2022-06-22 09:00:00;149.0;0.0;149.0;25.77;62.65;2.55;
2022-06-22 10:00:00;235.0;0.0;235.0;25.18;66.95;2.97;
2022-06-22 11:00:00;223.0;0.0;223.0;24.68;69.15;2.62;
2022-06-22 12:00:00;90.0;0.0;90.0;22.47;81.4;7.03;
2022-06-22 13:00:00;75.0;0.0;75.0;19.8;83.9;9.86;
2022-06-22 14:00:00;124.0;0.0;124.0;19.76;81.1;9.03;
2022-06-22 15:00:00;261.0;24.51;246.0;19.75;78.35;7.52;
2022-06-22 16:00:00;144.0;4.4;142.0;19.9;75.7;6.34;
2022-06-22 17:00:00;125.0;49.07;111.0;19.89;75.7;5.31;
2022-06-22 18:00:00;35.0;17.32;33.0;19.72;73.15;4.76;
2022-06-22 19:00:00;0.0;0.0;0.0;20.43;73.2;4.9;
2022-06-22 20:00:00;0.0;0.0;0.0;20.09;73.2;4.69;
2022-06-22 21:00:00;0.0;0.0;0.0;19.88;73.15;4.55;
2022-06-22 22:00:00;0.0;0.0;0.0;19.66;68.2;4.41;
2022-06-22 23:00:00;0.0;0.0;0.0;19.53;65.75;4.48;
2022-06-23 00:00:00;0.0;0.0;0.0;19.33;63.5;4.55;
2022-06-23 01:00:00;0.0;0.0;0.0;19.17;61.3;4.41;
2022-06-23 02:00:00;0.0;0.0;0.0;19.02;57.1;4.41;
2022-06-23 03:00:00;0.0;0.0;0.0;18.85;55.05;4.76;
2022-06-23 04:00:00;60.0;256.67;34.0;18.67;53.15;5.03;
2022-06-23 05:00:00;216.0;483.98;85.0;19.03;53.15;5.1;
2022-06-23 06:00:00;392.0;612.85;122.0;19.76;51.4;5.24;
2022-06-23 07:00:00;571.0;714.06;143.0;21.05;44.85;6.14;
2022-06-23 08:00:00;727.0;765.96;163.0;21.6;40.35;6.21;
2022-06-23 09:00:00;851.0;805.17;173.0;22.06;40.35;6.07;
2022-06-23 10:00:00;942.0;851.14;168.0;22.42;39.05;5.79;
2022-06-23 11:00:00;966.0;847.2;175.0;22.74;37.75;5.45;
2022-06-23 12:00:00;941.0;840.91;173.0;22.95;37.75;5.1;
2022-06-23 13:00:00;865.0;819.17;169.0;23.0;37.75;4.9;
2022-06-23 14:00:00;739.0;769.68;164.0;22.86;36.4;4.69;
2022-06-23 15:00:00;580.0;698.75;152.0;22.6;36.4;4.21;
2022-06-23 16:00:00;402.0;599.72;129.0;22.28;37.65;3.59;
2022-06-23 17:00:00;232.0;507.28;87.0;21.84;38.9;3.03;
2022-06-23 18:00:00;70.0;258.73;40.0;21.07;43.25;2.48;
2022-06-23 19:00:00;0.0;0.0;0.0;20.03;46.1;2.83;
2022-06-23 20:00:00;0.0;0.0;0.0;19.22;49.45;2.69;
2022-06-23 21:00:00;0.0;0.0;0.0;18.32;53.0;2.34;
2022-06-23 22:00:00;0.0;0.0;0.0;17.19;60.95;2.07;
2022-06-23 23:00:00;0.0;0.0;0.0;16.55;65.35;1.66;
2022-06-24 00:00:00;0.0;0.0;0.0;16.6;63.05;1.45;
2022-06-24 01:00:00;0.0;0.0;0.0;16.64;63.05;1.38;
2022-06-24 02:00:00;0.0;0.0;0.0;16.48;65.25;1.31;
2022-06-24 03:00:00;0.0;0.0;0.0;16.47;65.25;1.1;
2022-06-24 04:00:00;51.0;149.22;36.0;16.38;67.65;0.97;
2022-06-24 05:00:00;205.0;422.38;91.0;17.27;67.85;0.62;
2022-06-24 06:00:00;384.0;588.87;125.0;19.63;61.4;0.28;
2022-06-24 07:00:00;561.0;691.46;147.0;21.19;53.6;0.76;
2022-06-24 08:00:00;718.0;754.3;163.0;22.15;52.0;1.79;
2022-06-24 09:00:00;707.0;428.92;346.0;22.94;50.3;2.48;
2022-06-24 10:00:00;907.0;773.29;204.0;23.57;48.7;3.03;
2022-06-24 11:00:00;925.0;750.89;224.0;23.94;47.15;3.38;
2022-06-24 12:00:00;868.0;651.45;273.0;24.31;44.05;3.72;
2022-06-24 13:00:00;852.0;796.63;175.0;24.53;44.05;3.93;
2022-06-24 14:00:00;692.0;628.88;222.0;24.5;44.05;4.21;
2022-06-24 15:00:00;564.0;647.73;167.0;24.35;42.5;4.34;
2022-06-24 16:00:00;381.0;504.79;151.0;24.02;43.9;4.41;
2022-06-24 17:00:00;205.0;338.85;108.0;23.41;45.35;4.21;
2022-06-24 18:00:00;61.0;154.72;43.0;22.53;50.2;3.93;
2022-06-24 19:00:00;0.0;0.0;0.0;21.63;50.05;3.31;
2022-06-24 20:00:00;0.0;0.0;0.0;20.79;55.45;3.38;
2022-06-24 21:00:00;0.0;0.0;0.0;20.18;57.3;3.38;
2022-06-24 22:00:00;0.0;0.0;0.0;19.77;59.25;3.1;
2022-06-24 23:00:00;0.0;0.0;0.0;19.24;63.5;2.76;
2022-06-25 00:00:00;0.0;0.0;0.0;18.75;63.5;2.48;
2022-06-25 01:00:00;0.0;0.0;0.0;18.07;65.65;2.14;
2022-06-25 02:00:00;0.0;0.0;0.0;17.32;70.3;1.93;
2022-06-25 03:00:00;0.0;0.0;0.0;17.23;72.8;1.38;
2022-06-25 04:00:00;25.0;10.03;24.0;18.53;63.5;0.76;
2022-06-25 05:00:00;194.0;360.53;97.0;18.17;72.95;0.83;
2022-06-25 06:00:00;231.0;84.28;194.0;20.33;65.95;1.38;
2022-06-25 07:00:00;473.0;386.28;242.0;20.42;73.2;4.34;
2022-06-25 08:00:00;330.0;25.84;311.0;20.71;70.8;4.62;
2022-06-25 09:00:00;203.0;0.0;203.0;20.85;70.8;4.9;
2022-06-25 10:00:00;356.0;8.8;348.0;20.57;70.8;5.03;
2022-06-25 11:00:00;527.0;79.28;453.0;20.24;73.2;4.28;
2022-06-25 12:00:00;219.0;0.0;219.0;20.95;70.8;3.24;
2022-06-25 13:00:00;548.0;152.95;418.0;21.51;68.5;2.9;
2022-06-25 14:00:00;683.0;609.95;227.0;21.74;66.25;2.76;
2022-06-25 15:00:00;550.0;603.37;180.0;21.9;66.25;2.69;
2022-06-25 16:00:00;352.0;388.17;175.0;21.92;61.85;2.76;
2022-06-25 17:00:00;226.0;474.51;90.0;21.75;59.7;3.17;
2022-06-25 18:00:00;69.0;248.63;40.0;21.3;57.55;3.24;
2022-06-25 19:00:00;0.0;0.0;0.0;20.38;65.95;1.72;
2022-06-25 20:00:00;0.0;0.0;0.0;19.4;73.05;1.24;
2022-06-25 21:00:00;0.0;0.0;0.0;18.28;72.95;1.24;
2022-06-25 22:00:00;0.0;0.0;0.0;17.42;78.1;1.31;
2022-06-25 23:00:00;0.0;0.0;0.0;16.68;80.8;1.59;
2022-06-26 00:00:00;0.0;0.0;0.0;16.64;78.0;2.0;
2022-06-26 01:00:00;0.0;0.0;0.0;16.5;80.75;2.21;
2022-06-26 02:00:00;0.0;0.0;0.0;16.43;80.75;2.28;
2022-06-26 03:00:00;0.0;0.0;0.0;16.35;77.95;2.34;
2022-06-26 04:00:00;54.0;192.44;35.0;16.35;77.95;2.41;
2022-06-26 05:00:00;210.0;466.2;85.0;17.42;75.4;2.34;
2022-06-26 06:00:00;390.0;618.5;119.0;19.88;65.85;2.97;
2022-06-26 07:00:00;565.0;704.91;144.0;21.31;55.55;4.76;
2022-06-26 08:00:00;720.0;758.31;163.0;22.08;50.2;6.0;
2022-06-26 09:00:00;844.0;798.16;173.0;22.67;45.25;6.34;
2022-06-26 10:00:00;899.0;747.43;220.0;23.21;43.75;6.21;
2022-06-26 11:00:00;944.0;799.38;198.0;23.72;40.9;6.07;
2022-06-26 12:00:00;931.0;822.29;180.0;24.01;40.9;6.0;
2022-06-26 13:00:00;851.0;788.18;181.0;24.23;41.0;5.86;
2022-06-26 14:00:00;739.0;772.94;161.0;24.25;41.0;5.1;
2022-06-26 15:00:00;577.0;691.14;153.0;24.28;42.5;4.21;
2022-06-26 16:00:00;401.0;591.75;131.0;24.17;42.5;3.52;
2022-06-26 17:00:00;230.0;491.49;89.0;23.81;43.9;3.03;
2022-06-26 18:00:00;70.0;256.74;40.0;23.13;47.0;2.34;
2022-06-26 19:00:00;0.0;0.0;0.0;21.87;53.75;2.41;
2022-06-26 20:00:00;0.0;0.0;0.0;20.74;57.45;2.69;
2022-06-26 21:00:00;0.0;0.0;0.0;19.95;61.4;2.62;
2022-06-26 22:00:00;0.0;0.0;0.0;19.33;63.5;2.69;
2022-06-26 23:00:00;0.0;0.0;0.0;19.09;63.5;2.69;
2022-06-27 00:00:00;0.0;0.0;0.0;18.64;65.75;2.48;
2022-06-27 01:00:00;0.0;0.0;0.0;18.41;68.05;2.21;
2022-06-27 02:00:00;0.0;0.0;0.0;17.84;70.35;1.79;
2022-06-27 03:00:00;0.0;0.0;0.0;16.96;78.0;1.52;
2022-06-27 04:00:00;44.0;102.34;34.0;16.59;75.3;1.45;
2022-06-27 05:00:00;198.0;393.06;93.0;17.44;80.85;1.52;
2022-06-27 06:00:00;385.0;608.38;119.0;20.46;63.7;1.93;
2022-06-27 07:00:00;553.0;675.71;150.0;22.04;64.0;1.59;
2022-06-27 08:00:00;709.0;737.23;168.0;22.99;57.9;1.31;
2022-06-27 09:00:00;837.0;789.16;174.0;23.94;52.35;2.07;
2022-06-27 10:00:00;918.0;812.73;180.0;24.51;48.95;3.1;
2022-06-27 11:00:00;952.0;831.74;176.0;24.63;47.4;3.86;
2022-06-27 12:00:00;929.0;825.65;175.0;24.95;45.75;3.93;
2022-06-27 13:00:00;853.0;803.44;170.0;24.98;44.15;3.86;
2022-06-27 14:00:00;733.0;764.78;161.0;25.03;44.15;3.45;
2022-06-27 15:00:00;578.0;703.96;146.0;24.78;44.15;2.48;
2022-06-27 16:00:00;420.0;679.11;110.0;24.57;44.05;1.52;
2022-06-27 17:00:00;91.0;6.97;89.0;24.29;42.5;1.1;
2022-06-27 18:00:00;26.0;0.0;26.0;23.36;54.1;1.17;
2022-06-27 19:00:00;0.0;0.0;0.0;21.35;63.9;1.59;
2022-06-27 20:00:00;0.0;0.0;0.0;20.53;65.95;1.66;
2022-06-27 21:00:00;0.0;0.0;0.0;19.59;68.2;2.0;
2022-06-27 22:00:00;0.0;0.0;0.0;18.79;70.55;2.14;
2022-06-27 23:00:00;0.0;0.0;0.0;18.58;70.55;1.79;
2022-06-28 00:00:00;0.0;0.0;0.0;18.33;72.95;1.38;
2022-06-28 01:00:00;0.0;0.0;0.0;16.63;80.8;1.72;
2022-06-28 02:00:00;0.0;0.0;0.0;15.79;86.5;1.86;
2022-06-28 03:00:00;0.0;0.0;0.0;15.49;89.55;2.0;
2022-06-28 04:00:00;53.0;206.99;33.0;15.09;89.55;1.86;
2022-06-28 05:00:00;209.0;469.8;84.0;16.73;86.6;1.03;
2022-06-28 06:00:00;384.0;609.76;118.0;19.65;73.15;0.9;
2022-06-28 07:00:00;578.0;764.03;123.0;21.57;59.7;3.52;
2022-06-28 08:00:00;712.0;752.98;160.0;22.98;52.1;3.38;
2022-06-28 09:00:00;841.0;805.21;165.0;24.23;45.6;2.97;
2022-06-28 10:00:00;928.0;840.66;165.0;25.27;39.85;2.62;
2022-06-28 11:00:00;932.0;786.96;198.0;26.17;36.05;2.62;
2022-06-28 12:00:00;909.0;780.87;196.0;26.45;37.35;2.9;
2022-06-28 13:00:00;606.0;231.74;409.0;26.06;39.95;3.59;
2022-06-28 14:00:00;248.0;2.67;246.0;24.92;44.15;4.48;
2022-06-28 15:00:00;232.0;9.78;226.0;23.92;50.55;4.48;
2022-06-28 16:00:00;176.0;15.33;169.0;23.58;48.8;3.72;
2022-06-28 17:00:00;82.0;3.48;81.0;23.63;47.15;2.83;
2022-06-28 18:00:00;31.0;8.55;30.0;23.06;50.3;2.0;
2022-06-28 19:00:00;0.0;0.0;0.0;22.51;61.95;1.38;
2022-06-28 20:00:00;0.0;0.0;0.0;20.9;66.05;1.86;
2022-06-28 21:00:00;0.0;0.0;0.0;20.12;68.3;1.79;
2022-06-28 22:00:00;0.0;0.0;0.0;19.44;73.05;1.59;
2022-06-28 23:00:00;0.0;0.0;0.0;18.61;70.55;1.66;
2022-06-29 00:00:00;0.0;0.0;0.0;18.0;75.45;1.72;
2022-06-29 01:00:00;0.0;0.0;0.0;17.75;75.45;1.79;
2022-06-29 02:00:00;0.0;0.0;0.0;17.91;75.45;1.86;
2022-06-29 03:00:00;0.0;0.0;0.0;17.84;75.45;1.93;
2022-06-29 04:00:00;49.0;157.15;34.0;17.36;78.1;1.86;
2022-06-29 05:00:00;204.0;452.94;84.0;18.53;78.25;1.52;
2022-06-29 06:00:00;379.0;597.45;119.0;22.04;59.7;1.72;
2022-06-29 07:00:00;555.0;697.96;140.0;23.36;52.25;2.9;
2022-06-29 08:00:00;705.0;744.25;160.0;24.97;45.75;3.24;
2022-06-29 09:00:00;829.0;785.56;170.0;26.35;41.55;3.24;
2022-06-29 10:00:00;910.0;809.14;176.0;27.54;37.6;3.1;
2022-06-29 11:00:00;935.0;806.53;183.0;28.43;35.3;2.69;
2022-06-29 12:00:00;912.0;800.74;181.0;28.9;35.45;2.0;
2022-06-29 13:00:00;824.0;736.46;198.0;29.25;36.85;1.93;
2022-06-29 14:00:00;685.0;625.65;217.0;29.02;39.35;1.93;
2022-06-29 15:00:00;567.0;679.31;150.0;28.95;40.75;1.86;
2022-06-29 16:00:00;387.0;547.43;137.0;28.6;43.55;1.72;
2022-06-29 17:00:00;217.0;424.81;95.0;28.18;45.05;1.45;
2022-06-29 18:00:00;66.0;205.23;42.0;27.22;55.05;1.31;
2022-06-29 19:00:00;0.0;0.0;0.0;25.74;58.55;1.52;
2022-06-29 20:00:00;0.0;0.0;0.0;25.12;56.5;1.31;
2022-06-29 21:00:00;0.0;0.0;0.0;24.82;56.35;1.1;
2022-06-29 22:00:00;0.0;0.0;0.0;22.51;68.7;1.52;
2022-06-29 23:00:00;0.0;0.0;0.0;20.91;75.85;2.0;
2022-06-30 00:00:00;0.0;0.0;0.0;20.06;75.75;2.0;
2022-06-30 01:00:00;0.0;0.0;0.0;19.39;81.05;1.72;
2022-06-30 02:00:00;0.0;0.0;0.0;19.13;78.3;1.66;
2022-06-30 03:00:00;0.0;0.0;0.0;18.82;78.3;1.59;
2022-06-30 04:00:00;37.0;63.69;31.0;18.25;83.8;1.66;
2022-06-30 05:00:00;182.0;322.29;97.0;19.75;83.9;1.31;
2022-06-30 06:00:00;364.0;539.08;130.0;23.42;64.3;1.24;
2022-06-30 07:00:00;543.0;665.43;148.0;26.26;52.95;1.52;
2022-06-30 08:00:00;702.0;739.64;161.0;28.02;46.5;1.66;
2022-06-30 09:00:00;830.0;792.17;166.0;29.38;40.9;1.38;
2022-06-30 10:00:00;911.0;816.22;171.0;30.32;38.3;0.76;
2022-06-30 11:00:00;941.0;825.09;172.0;30.98;38.4;0.69;
2022-06-30 12:00:00;918.0;818.48;171.0;31.44;39.9;1.1;
2022-06-30 13:00:00;839.0;785.98;171.0;31.82;38.7;1.38;
2022-06-30 14:00:00;728.0;766.07;155.0;32.03;38.7;1.59;
2022-06-30 15:00:00;568.0;684.2;148.0;32.08;38.7;1.93;
2022-06-30 16:00:00;389.0;562.78;132.0;29.98;45.67;2.6;
2022-06-30 17:00:00;223.0;463.21;90.0;29.26;48.47;2.53;
2022-06-30 18:00:00;66.0;214.06;41.0;28.54;51.27;2.45;
2022-06-30 19:00:00;0.0;0.0;0.0;27.81;54.07;2.38;
2022-06-30 20:00:00;0.0;0.0;0.0;27.09;56.87;2.31;
2022-06-30 21:00:00;0.0;0.0;0.0;26.36;59.68;2.24;
2022-06-30 22:00:00;0.0;0.0;0.0;25.64;62.48;2.16;
2022-06-30 23:00:00;0.0;0.0;0.0;24.92;65.28;2.09;
2022-07-01 00:00:00;0.0;0.0;0.0;24.19;68.08;2.02;
2022-07-01 01:00:00;0.0;0.0;0.0;23.47;70.88;1.95;
2022-07-01 02:00:00;0.0;0.0;0.0;22.74;73.69;1.88;
2022-07-01 03:00:00;0.0;0.0;0.0;22.02;76.49;1.8;
2022-07-01 04:00:00;38.0;64.6;32.0;21.3;79.29;1.73;
2022-07-01 05:00:00;168.0;247.65;103.0;20.57;82.09;1.66;
2022-07-01 06:00:00;348.0;466.62;146.0;19.85;84.89;1.59;
2022-07-01 07:00:00;522.0;585.6;175.0;19.13;87.7;1.51;
2022-07-01 08:00:00;690.0;707.69;173.0;26.46;64.95;1.72;
2022-07-01 09:00:00;821.0;774.95;172.0;27.73;61.0;1.72;
2022-07-01 10:00:00;906.0;809.0;173.0;28.66;59.1;1.86;
2022-07-01 11:00:00;926.0;793.25;187.0;29.17;55.4;2.0;
2022-07-01 12:00:00;919.0;822.01;169.0;29.44;55.4;2.21;
2022-07-01 13:00:00;840.0;789.66;169.0;29.72;53.7;2.28;
2022-07-01 14:00:00;722.0;750.12;161.0;29.83;53.7;2.41;
2022-07-01 15:00:00;563.0;669.62;152.0;29.63;51.9;2.41;
2022-07-01 16:00:00;388.0;558.51;133.0;29.21;53.55;2.14;
2022-07-01 17:00:00;215.0;418.15;95.0;28.63;55.3;1.79;
2022-07-01 18:00:00;41.0;34.32;37.0;27.69;61.0;1.59;
2022-07-01 19:00:00;0.0;0.0;0.0;26.16;64.95;1.86;
2022-07-01 20:00:00;0.0;0.0;0.0;24.51;73.85;2.0;
2022-07-01 21:00:00;0.0;0.0;0.0;23.25;78.85;1.93;
2022-07-01 22:00:00;0.0;0.0;0.0;22.29;81.4;1.79;
2022-07-01 23:00:00;0.0;0.0;0.0;21.88;81.35;1.52;
2022-07-02 00:00:00;0.0;0.0;0.0;21.84;78.65;1.24;
2022-07-02 01:00:00;0.0;0.0;0.0;21.25;81.3;1.24;
2022-07-02 02:00:00;0.0;0.0;0.0;20.89;81.2;1.17;
2022-07-02 03:00:00;0.0;0.0;0.0;20.54;81.2;1.1;
2022-07-02 04:00:00;34.0;43.73;30.0;20.24;83.95;1.1;
2022-07-02 05:00:00;168.0;248.91;103.0;21.42;84.05;0.76;
2022-07-02 06:00:00;351.0;491.11;139.0;24.27;71.4;0.69;
2022-07-02 07:00:00;528.0;617.11;163.0;25.79;74.1;1.17;
2022-07-02 08:00:00;687.0;704.49;173.0;27.0;67.2;1.1;
2022-07-02 09:00:00;818.0;770.88;173.0;28.17;63.1;1.17;
2022-07-02 10:00:00;893.0;781.93;185.0;29.19;59.2;1.52;
2022-07-02 11:00:00;933.0;814.04;175.0;29.83;57.4;2.07;
2022-07-02 12:00:00;886.0;740.07;211.0;30.21;55.6;2.62;
2022-07-02 13:00:00;784.0;629.78;249.0;30.23;55.6;2.9;
2022-07-02 14:00:00;669.0;587.12;230.0;30.21;53.8;3.03;
2022-07-02 15:00:00;369.0;135.26;286.0;29.78;55.5;3.1;
2022-07-02 16:00:00;349.0;387.81;172.0;29.12;57.3;2.48;
2022-07-02 17:00:00;128.0;55.8;112.0;28.61;61.1;2.0;
2022-07-02 18:00:00;67.0;223.74;41.0;27.79;65.2;1.93;
2022-07-02 19:00:00;0.0;0.0;0.0;26.66;62.9;2.34;
2022-07-02 20:00:00;0.0;0.0;0.0;25.55;69.3;2.14;
2022-07-02 21:00:00;0.0;0.0;0.0;24.34;78.95;1.72;
2022-07-02 22:00:00;0.0;0.0;0.0;23.48;81.5;1.38;
2022-07-02 23:00:00;0.0;0.0;0.0;23.84;78.9;1.03;
2022-07-03 00:00:00;0.0;0.0;0.0;24.23;76.35;0.62;
2022-07-03 01:00:00;0.0;0.0;0.0;23.63;78.9;0.48;
2022-07-03 02:00:00;0.0;0.0;0.0;23.14;78.85;0.48;
2022-07-03 03:00:00;0.0;0.0;0.0;22.71;81.45;0.55;
2022-07-03 04:00:00;33.0;55.55;28.0;22.24;81.4;0.83;
2022-07-03 05:00:00;179.0;323.4;95.0;22.22;87.05;0.76;
2022-07-03 06:00:00;354.0;513.49;133.0;25.11;71.6;0.97;
2022-07-03 07:00:00;534.0;650.5;150.0;26.69;69.5;1.1;
2022-07-03 08:00:00;695.0;735.63;159.0;27.89;63.1;0.9;
2022-07-03 09:00:00;815.0;768.04;173.0;29.02;61.1;0.97;
2022-07-03 10:00:00;885.0;763.7;194.0;29.86;57.4;1.24;
2022-07-03 11:00:00;920.0;786.54;188.0;30.51;53.8;1.45;
2022-07-03 12:00:00;903.0;794.12;179.0;31.02;52.15;1.66;
2022-07-03 13:00:00;834.0;783.06;169.0;31.06;53.9;2.07;
2022-07-03 14:00:00;721.0;754.52;157.0;31.19;52.25;2.14;
2022-07-03 15:00:00;562.0;673.27;149.0;31.11;52.25;2.48;
2022-07-03 16:00:00;389.0;572.17;128.0;30.51;57.5;2.69;
2022-07-03 17:00:00;214.0;418.96;94.0;29.22;61.25;1.38;
2022-07-03 18:00:00;60.0;155.48;42.0;28.54;69.65;0.97;
2022-07-03 19:00:00;0.0;0.0;0.0;28.63;59.1;0.76;
2022-07-03 20:00:00;0.0;0.0;0.0;25.75;74.1;1.79;
2022-07-03 21:00:00;0.0;0.0;0.0;24.63;79.05;2.21;
2022-07-03 22:00:00;0.0;0.0;0.0;23.7;81.55;2.14;
2022-07-03 23:00:00;0.0;0.0;0.0;22.85;87.1;1.93;
2022-07-04 00:00:00;0.0;0.0;0.0;22.29;87.05;1.86;
2022-07-04 01:00:00;0.0;0.0;0.0;21.78;89.95;1.79;
2022-07-04 02:00:00;0.0;0.0;0.0;21.42;89.95;1.79;
2022-07-04 03:00:00;0.0;0.0;0.0;21.11;89.95;1.86;
2022-07-04 04:00:00;25.0;11.3;24.0;20.93;92.95;1.79;
2022-07-04 05:00:00;145.0;151.0;106.0;22.37;87.05;1.45;
2022-07-04 06:00:00;316.0;351.94;165.0;25.56;69.3;1.24;
2022-07-04 07:00:00;491.0;499.05;197.0;27.42;69.6;1.72;
2022-07-04 08:00:00;666.0;652.83;191.0;28.64;65.3;1.66;
2022-07-04 09:00:00;799.0;732.9;187.0;29.83;59.35;1.52;
2022-07-04 10:00:00;893.0;794.15;175.0;30.64;55.75;1.24;
2022-07-04 11:00:00;933.0;825.7;165.0;31.31;52.25;1.38;
2022-07-04 12:00:00;906.0;807.65;170.0;31.78;49.0;1.66;
2022-07-04 13:00:00;741.0;527.74;293.0;32.12;47.5;1.93;
2022-07-04 14:00:00;632.0;489.82;266.0;32.12;49.15;2.62;
2022-07-04 15:00:00;504.0;468.08;217.0;31.35;55.85;3.38;
2022-07-04 16:00:00;371.0;493.6;146.0;29.6;63.4;2.28;
2022-07-04 17:00:00;188.0;265.72;112.0;29.25;65.4;1.79;
2022-07-04 18:00:00;44.0;52.06;38.0;28.9;67.5;1.1;
2022-07-04 19:00:00;0.0;0.0;0.0;28.32;69.65;3.24;
2022-07-04 20:00:00;0.0;0.0;0.0;27.59;69.65;2.62;
2022-07-04 21:00:00;0.0;0.0;0.0;26.46;76.65;2.07;
2022-07-04 22:00:00;0.0;0.0;0.0;25.72;79.15;1.52;
2022-07-04 23:00:00;0.0;0.0;0.0;25.47;81.75;0.62;
2022-07-05 00:00:00;0.0;0.0;0.0;24.96;84.4;0.69;
2022-07-05 01:00:00;0.0;0.0;0.0;24.97;84.4;0.41;
2022-07-05 02:00:00;0.0;0.0;0.0;23.34;90.05;1.03;
2022-07-05 03:00:00;0.0;0.0;0.0;22.93;93.05;1.03;
2022-07-05 04:00:00;11.0;0.0;11.0;23.25;90.05;0.83;
2022-07-05 05:00:00;149.0;175.26;104.0;23.02;90.05;0.97;
2022-07-05 06:00:00;251.0;147.32;188.0;25.55;76.6;1.17;
2022-07-05 07:00:00;527.0;648.09;146.0;25.83;79.15;1.45;
2022-07-05 08:00:00;678.0;701.97;168.0;26.78;74.25;1.17;
2022-07-05 09:00:00;778.0;674.95;215.0;27.72;69.65;0.76;
2022-07-05 10:00:00;781.0;504.77;325.0;28.72;63.2;0.69;
2022-07-05 11:00:00;827.0;555.12;311.0;29.63;59.35;1.1;
2022-07-05 12:00:00;888.0;769.64;187.0;30.26;55.6;2.07;
2022-07-05 13:00:00;825.0;771.94;170.0;30.31;57.5;2.83;
2022-07-05 14:00:00;712.0;741.77;158.0;30.04;61.35;3.38;
2022-07-05 15:00:00;555.0;660.91;150.0;28.69;67.5;3.52;
2022-07-05 16:00:00;381.0;548.93;131.0;28.21;69.65;2.28;
2022-07-05 17:00:00;208.0;388.77;97.0;27.25;71.9;0.34;
2022-07-05 18:00:00;62.0;183.21;41.0;26.57;74.25;0.97;
2022-07-05 19:00:00;0.0;0.0;0.0;26.42;81.85;0.9;
2022-07-05 20:00:00;0.0;0.0;0.0;25.94;79.15;0.97;
2022-07-05 21:00:00;0.0;0.0;0.0;25.69;79.15;0.97;
2022-07-05 22:00:00;0.0;0.0;0.0;25.95;79.15;0.41;
2022-07-05 23:00:00;0.0;0.0;0.0;25.35;81.75;0.34;
2022-07-06 00:00:00;0.0;0.0;0.0;24.59;84.4;0.83;
2022-07-06 01:00:00;0.0;0.0;0.0;23.67;90.1;0.97;
2022-07-06 02:00:00;0.0;0.0;0.0;23.83;90.1;0.76;
2022-07-06 03:00:00;0.0;0.0;0.0;23.45;93.05;0.69;
2022-07-06 04:00:00;35.0;70.46;29.0;22.75;96.15;0.9;
2022-07-06 05:00:00;179.0;348.78;90.0;22.58;93.05;1.38;
2022-07-06 06:00:00;287.0;248.71;181.0;23.8;90.1;2.21;
2022-07-06 07:00:00;526.0;634.17;154.0;26.49;74.15;0.21;
2022-07-06 08:00:00;585.0;409.42;288.0;26.92;71.85;1.03;
2022-07-06 09:00:00;377.0;26.4;355.0;27.39;67.3;1.17;
2022-07-06 10:00:00;513.0;87.52;434.0;26.59;69.5;3.52;
2022-07-06 11:00:00;286.0;0.0;286.0;25.1;76.5;3.24;
2022-07-06 12:00:00;785.0;489.95;339.0;26.37;71.75;1.66;
2022-07-06 13:00:00;832.0;781.77;169.0;26.89;69.5;0.69;
2022-07-06 14:00:00;691.0;665.82;194.0;27.38;67.3;0.48;
2022-07-06 15:00:00;501.0;453.98;223.0;27.59;63.1;1.31;
2022-07-06 16:00:00;383.0;549.51;133.0;27.59;63.1;2.34;
2022-07-06 17:00:00;104.0;17.55;99.0;26.82;67.2;2.97;
2022-07-06 18:00:00;59.0;158.03;41.0;25.67;69.3;2.76;
2022-07-06 19:00:00;0.0;0.0;0.0;26.31;69.4;2.97;
2022-07-06 20:00:00;0.0;0.0;0.0;25.83;71.65;2.55;
2022-07-06 21:00:00;0.0;0.0;0.0;25.1;74.0;2.14;
2022-07-06 22:00:00;0.0;0.0;0.0;24.27;81.65;1.59;
2022-07-06 23:00:00;0.0;0.0;0.0;24.68;79.05;0.97;
2022-07-07 00:00:00;0.0;0.0;0.0;23.29;87.1;1.24;
2022-07-07 01:00:00;0.0;0.0;0.0;22.3;90.0;2.0;
2022-07-07 02:00:00;0.0;0.0;0.0;22.36;87.05;2.21;
2022-07-07 03:00:00;0.0;0.0;0.0;22.57;84.25;1.93;
2022-07-07 04:00:00;33.0;71.94;27.0;22.16;87.05;2.07;
2022-07-07 05:00:00;168.0;283.99;96.0;22.53;84.25;2.14;
2022-07-07 06:00:00;295.0;282.55;175.0;23.47;81.5;1.72;
2022-07-07 07:00:00;528.0;647.58;149.0;24.77;79.05;1.86;
2022-07-07 08:00:00;667.0;658.61;190.0;25.88;71.65;2.97;
2022-07-07 09:00:00;741.0;562.36;273.0;26.6;65.0;4.0;
2022-07-07 10:00:00;815.0;579.96;292.0;27.12;60.9;4.76;
2022-07-07 11:00:00;892.0;713.19;230.0;27.14;58.9;5.31;
2022-07-07 12:00:00;910.0;814.52;169.0;26.86;58.8;5.72;
2022-07-07 13:00:00;842.0;803.47;161.0;26.69;56.85;5.72;
2022-07-07 14:00:00;719.0;753.37;157.0;26.42;54.8;5.59;
2022-07-07 15:00:00;563.0;681.52;146.0;26.16;52.95;5.45;
2022-07-07 16:00:00;394.0;596.41;123.0;25.86;52.85;5.24;
2022-07-07 17:00:00;218.0;450.29;90.0;25.42;52.75;4.97;
2022-07-07 18:00:00;61.0;176.85;41.0;24.83;54.45;4.48;
2022-07-07 19:00:00;0.0;0.0;0.0;24.09;58.2;3.93;
2022-07-07 20:00:00;0.0;0.0;0.0;23.49;60.05;3.79;
2022-07-07 21:00:00;0.0;0.0;0.0;23.09;60.05;3.72;
2022-07-07 22:00:00;0.0;0.0;0.0;22.78;62.05;3.93;
2022-07-07 23:00:00;0.0;0.0;0.0;22.58;64.2;4.0;
2022-07-08 00:00:00;0.0;0.0;0.0;22.3;66.35;3.93;
2022-07-08 01:00:00;0.0;0.0;0.0;22.06;66.35;3.72;
2022-07-08 02:00:00;0.0;0.0;0.0;21.77;68.6;3.66;
2022-07-08 03:00:00;0.0;0.0;0.0;21.58;68.6;3.79;
2022-07-08 04:00:00;34.0;73.54;28.0;21.38;68.5;3.79;
2022-07-08 05:00:00;184.0;389.15;86.0;21.71;66.25;3.72;
2022-07-08 06:00:00;364.0;581.36;118.0;22.77;57.9;3.93;
2022-07-08 07:00:00;533.0;661.11;147.0;23.99;50.55;4.69;
2022-07-08 08:00:00;701.0;756.52;154.0;24.94;44.15;4.41;
2022-07-08 09:00:00;823.0;789.23;167.0;25.87;41.4;4.21;
2022-07-08 10:00:00;905.0;813.61;172.0;26.62;38.85;4.0;
2022-07-08 11:00:00;942.0;833.42;169.0;27.18;37.6;3.93;
2022-07-08 12:00:00;920.0;827.17;168.0;27.49;37.6;3.93;
2022-07-08 13:00:00;842.0;794.55;169.0;27.63;37.75;4.0;
2022-07-08 14:00:00;727.0;767.33;155.0;27.55;38.95;4.07;
2022-07-08 15:00:00;570.0;695.24;145.0;27.26;38.95;4.21;
2022-07-08 16:00:00;397.0;603.87;123.0;26.7;40.25;4.28;
2022-07-08 17:00:00;220.0;462.08;89.0;26.0;42.9;4.21;
2022-07-08 18:00:00;62.0;196.11;40.0;25.15;44.3;3.66;
2022-07-08 19:00:00;0.0;0.0;0.0;24.01;48.8;2.48;
2022-07-08 20:00:00;0.0;0.0;0.0;23.01;52.25;2.28;
2022-07-08 21:00:00;0.0;0.0;0.0;21.85;61.85;2.07;
2022-07-08 22:00:00;0.0;0.0;0.0;20.69;68.4;1.93;
2022-07-08 23:00:00;0.0;0.0;0.0;19.88;73.15;1.72;
2022-07-09 00:00:00;0.0;0.0;0.0;19.59;73.15;1.52;
2022-07-09 01:00:00;0.0;0.0;0.0;19.51;70.65;1.38;
2022-07-09 02:00:00;0.0;0.0;0.0;19.5;70.65;1.24;
2022-07-09 03:00:00;0.0;0.0;0.0;19.8;70.65;1.17;
2022-07-09 04:00:00;28.0;37.64;25.0;20.83;66.05;0.97;
2022-07-09 05:00:00;184.0;399.89;84.0;21.08;66.15;0.55;
2022-07-09 06:00:00;363.0;583.57;117.0;23.1;62.15;0.62;
2022-07-09 07:00:00;542.0;691.92;139.0;24.71;62.45;1.86;
2022-07-09 08:00:00;701.0;757.83;154.0;25.71;58.55;2.0;
2022-07-09 09:00:00;823.0;790.25;167.0;26.64;54.95;2.0;
2022-07-09 10:00:00;906.0;815.54;172.0;27.46;53.2;2.14;
2022-07-09 11:00:00;943.0;835.19;169.0;28.11;53.35;2.48;
2022-07-09 12:00:00;916.0;817.87;173.0;28.55;53.35;2.83;
2022-07-09 13:00:00;843.0;796.31;169.0;28.76;53.45;3.1;
2022-07-09 14:00:00;724.0;758.56;159.0;28.76;53.45;3.24;
2022-07-09 15:00:00;571.0;697.61;145.0;28.58;53.45;3.38;
2022-07-09 16:00:00;399.0;613.67;121.0;28.18;55.15;3.31;
2022-07-09 17:00:00;220.0;463.47;89.0;27.51;56.95;3.24;
2022-07-09 18:00:00;63.0;206.88;40.0;26.6;58.8;2.83;
2022-07-09 19:00:00;0.0;0.0;0.0;25.64;60.6;2.14;
2022-07-09 20:00:00;0.0;0.0;0.0;24.47;66.75;2.14;
2022-07-09 21:00:00;0.0;0.0;0.0;23.3;73.7;2.0;
2022-07-09 22:00:00;0.0;0.0;0.0;22.27;78.7;1.93;
2022-07-09 23:00:00;0.0;0.0;0.0;21.6;81.35;1.59;
2022-07-10 00:00:00;0.0;0.0;0.0;21.67;81.35;1.31;
2022-07-10 01:00:00;0.0;0.0;0.0;21.86;78.65;1.1;
2022-07-10 02:00:00;0.0;0.0;0.0;22.35;76.1;0.76;
2022-07-10 03:00:00;0.0;0.0;0.0;22.11;76.1;0.69;
2022-07-10 04:00:00;24.0;25.72;22.0;21.56;78.65;0.97;
2022-07-10 05:00:00;174.0;342.39;89.0;21.94;78.65;0.55;
2022-07-10 06:00:00;351.0;535.86;126.0;24.06;71.4;0.41;
2022-07-10 07:00:00;531.0;664.41;145.0;26.09;62.8;0.9;
2022-07-10 08:00:00;691.0;741.14;157.0;27.34;56.95;1.31;
2022-07-10 09:00:00;817.0;784.07;167.0;28.32;55.15;1.45;
2022-07-10 10:00:00;899.0;808.61;172.0;29.18;53.55;2.14;
2022-07-10 11:00:00;936.0;828.36;169.0;29.67;53.7;2.97;
2022-07-10 12:00:00;915.0;821.83;169.0;30.03;53.7;3.38;
2022-07-10 13:00:00;837.0;789.84;169.0;30.25;52.05;3.45;
2022-07-10 14:00:00;719.0;751.18;160.0;30.27;52.05;3.38;
2022-07-10 15:00:00;566.0;690.23;145.0;30.18;50.3;3.31;
2022-07-10 16:00:00;393.0;597.08;123.0;29.78;51.9;3.24;
2022-07-10 17:00:00;219.0;461.47;89.0;29.08;51.8;3.03;
2022-07-10 18:00:00;62.0;208.96;39.0;28.07;57.05;2.55;
2022-07-10 19:00:00;0.0;0.0;0.0;26.37;56.7;2.0;
2022-07-10 20:00:00;0.0;0.0;0.0;24.77;66.85;1.72;
2022-07-10 21:00:00;0.0;0.0;0.0;23.32;73.7;1.86;
2022-07-10 22:00:00;0.0;0.0;0.0;22.49;78.7;2.14;
2022-07-10 23:00:00;0.0;0.0;0.0;22.07;78.7;2.07;
2022-07-11 00:00:00;0.0;0.0;0.0;21.6;81.35;2.0;
2022-07-11 01:00:00;0.0;0.0;0.0;21.01;84.05;2.0;
2022-07-11 02:00:00;0.0;0.0;0.0;20.49;84.05;2.0;
2022-07-11 03:00:00;0.0;0.0;0.0;20.64;84.05;1.59;
2022-07-11 04:00:00;24.0;26.4;22.0;21.99;78.65;1.03;
2022-07-11 05:00:00;146.0;190.76;99.0;22.42;78.7;0.14;
2022-07-11 06:00:00;341.0;499.78;132.0;24.62;69.15;0.48;
2022-07-11 07:00:00;524.0;648.89;148.0;26.79;60.8;0.83;
2022-07-11 08:00:00;684.0;725.82;162.0;28.16;53.35;1.59;
2022-07-11 09:00:00;813.0;779.11;168.0;29.14;50.05;2.28;
2022-07-11 10:00:00;895.0;803.93;173.0;29.95;48.5;2.9;
2022-07-11 11:00:00;932.0;824.8;169.0;30.45;48.65;3.24;
2022-07-11 12:00:00;906.0;807.09;174.0;30.78;47.15;3.59;
2022-07-11 13:00:00;833.0;785.79;169.0;31.03;47.15;3.79;
2022-07-11 14:00:00;712.0;737.12;164.0;31.11;44.2;3.79;
2022-07-11 15:00:00;560.0;676.36;148.0;31.04;45.6;3.59;
2022-07-11 16:00:00;384.0;565.02;129.0;30.53;47.0;3.52;
2022-07-11 17:00:00;209.0;409.73;94.0;29.7;48.5;3.38;
2022-07-11 18:00:00;58.0;174.52;39.0;28.6;53.45;3.1;
2022-07-11 19:00:00;0.0;0.0;0.0;27.06;53.2;2.41;
2022-07-11 20:00:00;0.0;0.0;0.0;26.08;58.7;2.34;
2022-07-11 21:00:00;0.0;0.0;0.0;24.95;69.15;1.79;
2022-07-11 22:00:00;0.0;0.0;0.0;24.03;71.4;1.52;
2022-07-11 23:00:00;0.0;0.0;0.0;23.26;76.2;1.52;
2022-07-12 00:00:00;0.0;0.0;0.0;22.81;78.75;1.45;
2022-07-12 01:00:00;0.0;0.0;0.0;23.44;73.7;1.17;
2022-07-12 02:00:00;0.0;0.0;0.0;23.64;71.35;0.97;
2022-07-12 03:00:00;0.0;0.0;0.0;22.26;78.7;1.17;
2022-07-12 04:00:00;26.0;54.29;22.0;21.86;81.35;1.1;
2022-07-12 05:00:00;167.0;314.99;90.0;23.08;76.2;0.55;
2022-07-12 06:00:00;340.0;506.68;129.0;25.29;69.25;0.14;
2022-07-12 07:00:00;523.0;655.84;144.0;27.04;67.2;1.1;
2022-07-12 08:00:00;684.0;732.78;158.0;28.37;57.05;1.24;
2022-07-12 09:00:00;805.0;765.72;172.0;29.63;48.5;1.17;
2022-07-12 10:00:00;892.0;801.51;173.0;30.64;45.6;1.52;
2022-07-12 11:00:00;929.0;821.28;170.0;31.27;44.2;2.21;
2022-07-12 12:00:00;903.0;804.51;174.0;31.57;45.7;2.83;
2022-07-12 13:00:00;830.0;782.97;169.0;31.63;45.85;3.38;
2022-07-12 14:00:00;713.0;743.31;161.0;31.55;47.25;3.31;
2022-07-12 15:00:00;555.0;660.88;153.0;31.34;45.7;3.66;
2022-07-12 16:00:00;384.0;570.69;127.0;30.69;47.15;3.93;
2022-07-12 17:00:00;204.0;382.76;97.0;29.79;50.2;3.59;
2022-07-12 18:00:00;55.0;158.04;38.0;28.89;55.3;2.83;
2022-07-12 19:00:00;0.0;0.0;0.0;28.22;57.05;2.28;
2022-07-12 20:00:00;0.0;0.0;0.0;26.97;67.2;1.66;
2022-07-12 21:00:00;0.0;0.0;0.0;26.06;71.75;1.38;
2022-07-12 22:00:00;0.0;0.0;0.0;24.72;76.45;1.66;
2022-07-12 23:00:00;0.0;0.0;0.0;24.0;81.55;1.86;
2022-07-13 00:00:00;0.0;0.0;0.0;23.72;78.9;2.21;
2022-07-13 01:00:00;0.0;0.0;0.0;23.73;78.9;2.55;
2022-07-13 02:00:00;0.0;0.0;0.0;23.65;78.9;2.69;
2022-07-13 03:00:00;0.0;0.0;0.0;23.4;81.5;2.76;
2022-07-13 04:00:00;20.0;13.98;19.0;23.16;81.5;2.62;
2022-07-13 05:00:00;159.0;280.44;91.0;23.72;78.9;2.34;
2022-07-13 06:00:00;333.0;484.76;132.0;25.49;71.6;2.28;
2022-07-13 07:00:00;511.0;622.96;152.0;27.2;67.3;1.79;
2022-07-13 08:00:00;665.0;688.16;172.0;28.87;59.1;2.14;
2022-07-13 09:00:00;793.0;743.84;179.0;30.23;52.05;2.0;
2022-07-13 10:00:00;859.0;725.46;209.0;31.27;48.9;1.52;
2022-07-13 11:00:00;896.0;748.47;205.0;32.02;45.85;0.97;
2022-07-13 12:00:00;838.0;637.38;261.0;32.52;45.95;0.62;
2022-07-13 13:00:00;814.0;750.55;181.0;32.86;44.55;0.48;
2022-07-13 14:00:00;698.0;711.82;170.0;33.06;44.55;0.69;
2022-07-13 15:00:00;552.0;663.56;149.0;32.92;44.55;1.52;
2022-07-13 16:00:00;379.0;560.91;127.0;32.38;47.5;2.34;
2022-07-13 17:00:00;216.0;467.07;86.0;31.49;52.25;2.76;
2022-07-13 18:00:00;50.0;113.02;38.0;30.57;57.5;2.83;
2022-07-13 19:00:00;0.0;0.0;0.0;29.62;57.4;2.14;
2022-07-13 20:00:00;0.0;0.0;0.0;28.59;63.2;2.07;
2022-07-13 21:00:00;0.0;0.0;0.0;27.6;63.1;2.07;
2022-07-13 22:00:00;0.0;0.0;0.0;26.79;65.0;2.14;
2022-07-13 23:00:00;0.0;0.0;0.0;26.09;62.8;2.34;
2022-07-14 00:00:00;0.0;0.0;0.0;25.43;64.7;2.34;
2022-07-14 01:00:00;0.0;0.0;0.0;24.92;64.6;2.41;
2022-07-14 02:00:00;0.0;0.0;0.0;24.44;66.75;2.34;
2022-07-14 03:00:00;0.0;0.0;0.0;23.94;71.35;2.28;
2022-07-14 04:00:00;14.0;0.0;14.0;23.57;71.35;2.28;
2022-07-14 05:00:00;152.0;249.53;92.0;24.13;71.4;2.14;
2022-07-14 06:00:00;325.0;457.86;136.0;25.98;64.8;2.14;
2022-07-14 07:00:00;503.0;596.9;160.0;27.52;71.9;0.55;
2022-07-14 08:00:00;666.0;699.35;166.0;28.98;63.2;0.97;
2022-07-14 09:00:00;794.0;753.48;173.0;30.15;53.8;1.1;
2022-07-14 10:00:00;876.0;778.88;179.0;31.13;48.9;1.24;
2022-07-14 11:00:00;918.0;810.01;171.0;31.9;47.4;1.66;
2022-07-14 12:00:00;892.0;792.84;175.0;32.36;47.5;2.14;
2022-07-14 13:00:00;816.0;760.86;175.0;32.57;47.5;2.69;
2022-07-14 14:00:00;700.0;722.18;165.0;32.57;49.15;3.31;
2022-07-14 15:00:00;549.0;659.73;149.0;32.13;52.5;4.0;
2022-07-14 16:00:00;377.0;557.88;127.0;31.54;57.75;4.21;
2022-07-14 17:00:00;204.0;407.91;91.0;30.53;61.45;4.21;
2022-07-14 18:00:00;52.0;133.74;38.0;29.53;65.4;3.86;
2022-07-14 19:00:00;0.0;0.0;0.0;28.58;67.5;3.31;
2022-07-14 20:00:00;0.0;0.0;0.0;27.87;69.65;3.03;
2022-07-14 21:00:00;0.0;0.0;0.0;27.31;71.9;2.55;
2022-07-14 22:00:00;0.0;0.0;0.0;26.53;76.65;2.14;
2022-07-14 23:00:00;0.0;0.0;0.0;25.51;81.75;1.86;
2022-07-15 00:00:00;0.0;0.0;0.0;24.58;81.7;1.86;
2022-07-15 01:00:00;0.0;0.0;0.0;23.72;84.35;1.86;
2022-07-15 02:00:00;0.0;0.0;0.0;23.09;81.5;2.07;
2022-07-15 03:00:00;0.0;0.0;0.0;22.7;81.45;2.28;
2022-07-15 04:00:00;24.0;44.71;21.0;22.53;78.75;2.48;
2022-07-15 05:00:00;172.0;385.96;80.0;23.49;76.2;2.41;
2022-07-15 06:00:00;347.0;562.18;116.0;26.05;60.7;2.48;
2022-07-15 07:00:00;523.0;664.98;142.0;28.71;51.65;2.83;
2022-07-15 08:00:00;681.0;734.44;157.0;30.32;47.0;3.03;
2022-07-15 09:00:00;807.0;777.76;167.0;31.4;45.7;2.69;
2022-07-15 10:00:00;890.0;803.39;172.0;32.29;44.45;2.0;
2022-07-15 11:00:00;928.0;822.87;170.0;32.91;44.55;1.45;
2022-07-15 12:00:00;902.0;806.99;173.0;33.35;44.7;1.45;
2022-07-15 13:00:00;825.0;774.81;173.0;33.59;44.7;1.93;
2022-07-15 14:00:00;712.0;746.14;160.0;33.79;44.8;2.41;
2022-07-15 15:00:00;559.0;684.06;145.0;33.59;47.75;3.03;
2022-07-15 16:00:00;386.0;590.75;122.0;32.84;50.9;3.72;
2022-07-15 17:00:00;207.0;420.87;91.0;32.0;55.95;4.07;
2022-07-15 18:00:00;54.0;164.91;37.0;30.78;61.55;3.66;
2022-07-15 19:00:00;0.0;0.0;0.0;29.64;63.4;2.83;
2022-07-15 20:00:00;0.0;0.0;0.0;28.84;67.5;2.55;
2022-07-15 21:00:00;0.0;0.0;0.0;28.13;69.65;2.14;
2022-07-15 22:00:00;0.0;0.0;0.0;27.19;71.9;1.93;
2022-07-15 23:00:00;0.0;0.0;0.0;26.08;76.65;1.52;
2022-07-16 00:00:00;0.0;0.0;0.0;26.03;79.15;1.17;
2022-07-16 01:00:00;0.0;0.0;0.0;26.63;71.85;0.83;
2022-07-16 02:00:00;0.0;0.0;0.0;26.17;74.15;0.62;
2022-07-16 03:00:00;0.0;0.0;0.0;25.68;76.6;0.48;
2022-07-16 04:00:00;22.0;46.3;19.0;25.2;79.1;0.34;
2022-07-16 05:00:00;167.0;364.04;81.0;25.51;81.75;0.14;
2022-07-16 06:00:00;341.0;542.83;119.0;27.54;71.9;0.41;
2022-07-16 07:00:00;523.0;673.99;138.0;29.16;65.4;1.03;
2022-07-16 08:00:00;679.0;733.21;157.0;30.38;61.45;1.24;
2022-07-16 09:00:00;805.0;776.6;167.0;31.42;57.75;1.79;
2022-07-16 10:00:00;889.0;802.23;173.0;32.23;54.25;2.41;
2022-07-16 11:00:00;926.0;822.76;169.0;32.79;52.65;2.97;
2022-07-16 12:00:00;900.0;805.7;173.0;33.04;52.65;3.31;
2022-07-16 13:00:00;824.0;773.38;174.0;33.22;51.05;3.52;
2022-07-16 14:00:00;710.0;744.52;160.0;33.13;51.05;3.52;
2022-07-16 15:00:00;555.0;673.8;148.0;32.9;52.65;3.66;
2022-07-16 16:00:00;383.0;581.28;124.0;32.33;54.25;3.72;
2022-07-16 17:00:00;206.0;419.51;91.0;31.63;55.95;3.38;
2022-07-16 18:00:00;53.0;157.8;37.0;30.72;59.55;2.55;
2022-07-16 19:00:00;0.0;0.0;0.0;29.42;63.3;2.28;
2022-07-16 20:00:00;0.0;0.0;0.0;28.49;67.4;1.86;
2022-07-16 21:00:00;0.0;0.0;0.0;27.17;71.9;1.38;
2022-07-16 22:00:00;0.0;0.0;0.0;28.1;65.2;0.76;
2022-07-16 23:00:00;0.0;0.0;0.0;27.79;65.2;0.41;
2022-07-17 00:00:00;0.0;0.0;0.0;27.34;67.3;0.21;
2022-07-17 01:00:00;0.0;0.0;0.0;26.79;69.5;0.14;
2022-07-17 02:00:00;0.0;0.0;0.0;26.19;71.75;0.21;
2022-07-17 03:00:00;0.0;0.0;0.0;25.49;76.5;0.62;
2022-07-17 04:00:00;21.0;32.03;19.0;24.33;81.65;0.97;
2022-07-17 05:00:00;164.0;350.33;82.0;24.13;84.35;0.97;
2022-07-17 06:00:00;339.0;535.63;121.0;27.32;69.6;1.17;
2022-07-17 07:00:00;520.0;667.3;140.0;29.47;65.4;1.1;
2022-07-17 08:00:00;679.0;734.83;157.0;30.98;57.6;1.1;
2022-07-17 09:00:00;806.0;779.14;167.0;32.14;50.8;1.1;
2022-07-17 10:00:00;885.0;794.37;177.0;33.05;47.65;1.31;
2022-07-17 11:00:00;923.0;813.99;175.0;33.74;43.35;1.66;
2022-07-17 12:00:00;897.0;797.8;178.0;34.3;40.65;2.0;
2022-07-17 13:00:00;825.0;776.77;173.0;34.6;39.3;2.34;
2022-07-17 14:00:00;707.0;737.55;163.0;34.53;40.65;3.03;
2022-07-17 15:00:00;555.0;676.87;147.0;34.12;42.05;3.66;
2022-07-17 16:00:00;378.0;562.86;128.0;33.39;46.2;3.93;
2022-07-17 17:00:00;206.0;432.96;88.0;32.5;52.5;3.66;
2022-07-17 18:00:00;57.0;210.83;36.0;31.57;55.85;2.97;
2022-07-17 19:00:00;0.0;0.0;0.0;30.85;59.55;1.66;
2022-07-17 20:00:00;0.0;0.0;0.0;29.45;67.6;1.31;
2022-07-17 21:00:00;0.0;0.0;0.0;29.33;65.4;0.9;
2022-07-17 22:00:00;0.0;0.0;0.0;29.47;63.3;0.48;
2022-07-17 23:00:00;0.0;0.0;0.0;27.38;71.9;1.31;
2022-07-18 00:00:00;0.0;0.0;0.0;26.67;65.0;2.41;
2022-07-18 01:00:00;0.0;0.0;0.0;26.49;62.8;2.97;
2022-07-18 02:00:00;0.0;0.0;0.0;26.26;62.8;3.31;
2022-07-18 03:00:00;0.0;0.0;0.0;25.75;62.65;3.72;
2022-07-18 04:00:00;15.0;16.66;14.0;23.85;73.75;3.45;
2022-07-18 05:00:00;39.0;0.0;39.0;23.91;76.3;2.9;
2022-07-18 06:00:00;285.0;298.78;164.0;24.74;76.45;3.93;
2022-07-18 07:00:00;216.0;12.33;209.0;25.31;74.0;5.03;
2022-07-18 08:00:00;160.0;0.0;160.0;25.62;74.1;4.83;
2022-07-18 09:00:00;478.0;105.04;392.0;26.55;67.2;2.48;
2022-07-18 10:00:00;324.0;4.49;320.0;26.2;67.15;3.31;
2022-07-18 11:00:00;576.0;137.29;450.0;24.7;73.95;5.1;
2022-07-18 12:00:00;261.0;0.0;261.0;25.85;67.05;5.1;
2022-07-18 13:00:00;739.0;540.43;286.0;26.56;60.8;5.31;
2022-07-18 14:00:00;570.0;349.02;313.0;27.07;55.05;5.31;
2022-07-18 15:00:00;549.0;666.73;148.0;27.29;53.2;4.97;
2022-07-18 16:00:00;377.0;571.53;124.0;27.3;53.2;4.48;
2022-07-18 17:00:00;204.0;431.96;87.0;27.13;53.2;4.14;
2022-07-18 18:00:00;52.0;173.97;35.0;26.84;53.1;3.72;
2022-07-18 19:00:00;0.0;0.0;0.0;26.11;56.7;4.0;
2022-07-18 20:00:00;0.0;0.0;0.0;26.0;58.55;3.59;
2022-07-18 21:00:00;0.0;0.0;0.0;25.76;58.55;3.66;
2022-07-18 22:00:00;0.0;0.0;0.0;25.31;60.45;4.07;
2022-07-18 23:00:00;0.0;0.0;0.0;25.08;60.45;4.62;
2022-07-19 00:00:00;0.0;0.0;0.0;24.74;62.45;4.76;
2022-07-19 01:00:00;0.0;0.0;0.0;24.56;62.45;4.62;
2022-07-19 02:00:00;0.0;0.0;0.0;24.17;64.5;4.41;
2022-07-19 03:00:00;0.0;0.0;0.0;23.9;66.65;4.14;
2022-07-19 04:00:00;18.0;34.74;16.0;23.54;64.4;3.86;
2022-07-19 05:00:00;160.0;348.48;80.0;23.6;64.4;3.38;
2022-07-19 06:00:00;335.0;541.05;117.0;24.19;62.35;3.72;
2022-07-19 07:00:00;509.0;641.56;146.0;24.66;64.6;3.72;
2022-07-19 08:00:00;496.0;239.0;327.0;25.37;62.55;3.86;
2022-07-19 09:00:00;501.0;128.48;396.0;26.07;56.7;3.93;
2022-07-19 10:00:00;716.0;379.22;379.0;26.74;54.95;4.0;
2022-07-19 11:00:00;893.0;743.04;212.0;26.95;54.95;3.93;
2022-07-19 12:00:00;887.0;780.97;185.0;27.29;53.2;3.79;
2022-07-19 13:00:00;816.0;761.05;179.0;27.55;51.55;3.66;
2022-07-19 14:00:00;703.0;734.63;163.0;27.59;49.8;3.52;
2022-07-19 15:00:00;551.0;673.3;147.0;27.47;51.45;3.45;
2022-07-19 16:00:00;381.0;587.18;122.0;27.2;51.45;3.1;
2022-07-19 17:00:00;205.0;438.53;87.0;26.75;51.3;2.62;
2022-07-19 18:00:00;50.0;167.13;34.0;26.13;52.95;2.21;
2022-07-19 19:00:00;0.0;0.0;0.0;24.97;58.35;1.66;
2022-07-19 20:00:00;0.0;0.0;0.0;23.8;66.65;1.38;
2022-07-19 21:00:00;0.0;0.0;0.0;23.35;68.85;1.03;
2022-07-19 22:00:00;0.0;0.0;0.0;24.06;62.35;0.69;
2022-07-19 23:00:00;0.0;0.0;0.0;23.7;64.4;0.14;
2022-07-20 00:00:00;0.0;0.0;0.0;22.69;68.75;0.9;
2022-07-20 01:00:00;0.0;0.0;0.0;20.97;81.2;1.31;
2022-07-20 02:00:00;0.0;0.0;0.0;20.22;83.95;1.45;
2022-07-20 03:00:00;0.0;0.0;0.0;20.06;83.95;1.38;
2022-07-20 04:00:00;18.0;36.33;16.0;20.01;83.95;1.31;
2022-07-20 05:00:00;164.0;387.23;76.0;20.63;86.9;1.1;
2022-07-20 06:00:00;338.0;558.85;114.0;23.14;71.25;1.31;
2022-07-20 07:00:00;517.0;672.07;138.0;24.4;73.85;1.45;
2022-07-20 08:00:00;674.0;732.87;157.0;25.51;66.95;1.45;
2022-07-20 09:00:00;788.0;740.43;184.0;26.31;62.8;1.86;
2022-07-20 10:00:00;861.0;735.95;208.0;26.99;60.8;2.21;
2022-07-20 11:00:00;878.0;701.47;236.0;27.37;58.9;2.41;
2022-07-20 12:00:00;888.0;783.17;185.0;27.84;57.05;2.55;
2022-07-20 13:00:00;816.0;762.22;179.0;28.08;57.05;2.62;
2022-07-20 14:00:00;703.0;736.0;163.0;28.01;57.05;2.69;
2022-07-20 15:00:00;551.0;674.99;147.0;27.96;57.05;2.55;
2022-07-20 16:00:00;378.0;580.31;123.0;27.81;57.05;2.41;
2022-07-20 17:00:00;201.0;426.62;87.0;27.32;58.9;2.28;
2022-07-20 18:00:00;47.0;149.5;33.0;26.57;60.8;2.14;
2022-07-20 19:00:00;0.0;0.0;0.0;25.19;69.25;2.0;
2022-07-20 20:00:00;0.0;0.0;0.0;24.43;73.85;1.66;
2022-07-20 21:00:00;0.0;0.0;0.0;23.42;81.5;1.38;
2022-07-20 22:00:00;0.0;0.0;0.0;22.73;84.25;1.17;
2022-07-20 23:00:00;0.0;0.0;0.0;23.45;78.85;0.83;
2022-07-21 00:00:00;0.0;0.0;0.0;23.15;78.85;0.55;
2022-07-21 01:00:00;0.0;0.0;0.0;22.69;81.45;0.55;
2022-07-21 02:00:00;0.0;0.0;0.0;22.27;87.05;0.55;
2022-07-21 03:00:00;0.0;0.0;0.0;21.91;89.95;0.41;
2022-07-21 04:00:00;14.0;19.05;13.0;21.63;89.95;0.55;
2022-07-21 05:00:00;155.0;333.48;80.0;21.93;89.95;0.48;
2022-07-21 06:00:00;335.0;551.81;115.0;23.93;78.9;0.48;
2022-07-21 07:00:00;513.0;663.69;140.0;25.52;76.5;0.9;
2022-07-21 08:00:00;673.0;734.66;156.0;26.86;69.5;1.1;
2022-07-21 09:00:00;796.0;768.86;170.0;28.02;63.1;1.52;
2022-07-21 10:00:00;880.0;793.57;177.0;28.99;61.1;2.14;
2022-07-21 11:00:00;918.0;814.11;174.0;29.58;57.4;2.69;
2022-07-21 12:00:00;888.0;784.32;185.0;29.94;57.4;3.17;
2022-07-21 13:00:00;816.0;763.45;179.0;30.08;55.6;3.31;
2022-07-21 14:00:00;695.0;711.5;174.0;29.61;57.4;2.83;
2022-07-21 15:00:00;547.0;665.05;150.0;29.71;57.4;2.55;
2022-07-21 16:00:00;375.0;571.21;125.0;29.81;57.4;2.69;
2022-07-21 17:00:00;198.0;410.93;89.0;29.51;59.2;2.21;
2022-07-21 18:00:00;45.0;131.2;33.0;28.91;63.2;2.48;
2022-07-21 19:00:00;0.0;0.0;0.0;27.45;67.3;2.55;
2022-07-21 20:00:00;0.0;0.0;0.0;26.64;71.85;2.69;
2022-07-21 21:00:00;0.0;0.0;0.0;26.01;76.6;2.55;
2022-07-21 22:00:00;0.0;0.0;0.0;25.39;81.75;2.28;
2022-07-21 23:00:00;0.0;0.0;0.0;24.76;84.4;2.0;
2022-07-22 00:00:00;0.0;0.0;0.0;23.97;90.1;1.86;
2022-07-22 01:00:00;0.0;0.0;0.0;23.16;90.05;1.66;
2022-07-22 02:00:00;0.0;0.0;0.0;22.42;93.05;1.52;
2022-07-22 03:00:00;0.0;0.0;0.0;21.88;93.0;1.45;
2022-07-22 04:00:00;14.0;20.05;13.0;21.41;93.0;1.45;
2022-07-22 05:00:00;155.0;346.06;78.0;22.11;90.0;1.24;
2022-07-22 06:00:00;331.0;544.75;115.0;25.05;71.6;1.1;
2022-07-22 07:00:00;508.0;658.87;139.0;27.27;67.3;0.83;
2022-07-22 08:00:00;668.0;729.37;156.0;28.82;57.15;0.76;
2022-07-22 09:00:00;791.0;764.21;170.0;30.13;48.65;0.48;
2022-07-22 10:00:00;875.0;789.22;177.0;31.26;44.2;0.07;
2022-07-22 11:00:00;913.0;809.87;174.0;32.08;42.85;0.83;
2022-07-22 12:00:00;878.0;765.41;193.0;32.64;41.65;1.72;
2022-07-22 13:00:00;811.0;758.75;179.0;32.9;41.65;2.48;
2022-07-22 14:00:00;698.0;732.13;163.0;32.91;43.1;3.24;
2022-07-22 15:00:00;546.0;670.26;147.0;32.45;45.95;4.14;
2022-07-22 16:00:00;373.0;575.93;122.0;31.81;50.7;4.41;
2022-07-22 17:00:00;194.0;395.15;90.0;30.86;55.75;4.41;
2022-07-22 18:00:00;43.0;134.55;31.0;29.94;61.35;3.86;
2022-07-22 19:00:00;0.0;0.0;0.0;28.41;69.65;3.03;
2022-07-22 20:00:00;0.0;0.0;0.0;27.77;69.65;2.62;
2022-07-22 21:00:00;0.0;0.0;0.0;27.22;71.9;2.48;
2022-07-22 22:00:00;0.0;0.0;0.0;26.68;71.85;2.48;
2022-07-22 23:00:00;0.0;0.0;0.0;26.24;69.4;2.62;
2022-07-23 00:00:00;0.0;0.0;0.0;25.7;67.05;2.76;
2022-07-23 01:00:00;0.0;0.0;0.0;25.07;64.7;2.83;
2022-07-23 02:00:00;0.0;0.0;0.0;24.47;66.75;2.83;
2022-07-23 03:00:00;0.0;0.0;0.0;23.91;68.95;2.76;
2022-07-23 04:00:00;14.0;21.18;13.0;23.44;73.7;2.69;
2022-07-23 05:00:00;152.0;340.81;77.0;23.76;73.75;2.48;
2022-07-23 06:00:00;326.0;527.51;118.0;25.59;64.8;2.48;
2022-07-23 07:00:00;500.0;628.96;149.0;28.12;55.15;2.48;
2022-07-23 08:00:00;664.0;721.24;159.0;29.92;46.9;2.34;
2022-07-23 09:00:00;792.0;765.74;171.0;31.11;42.7;1.79;
2022-07-23 10:00:00;876.0;791.7;177.0;32.11;40.15;1.17;
2022-07-23 11:00:00;909.0;801.27;179.0;32.79;38.95;1.1;
2022-07-23 12:00:00;884.0;782.3;185.0;33.37;39.05;1.79;
2022-07-23 13:00:00;548.0;171.98;405.0;33.92;37.9;2.69;
2022-07-23 14:00:00;695.0;722.75;168.0;34.28;36.75;3.45;
2022-07-23 15:00:00;543.0;662.12;150.0;33.94;37.9;4.21;
2022-07-23 16:00:00;387.0;633.81;112.0;33.4;39.05;5.1;
2022-07-23 17:00:00;174.0;275.82;102.0;32.66;38.95;6.48;
2022-07-23 18:00:00;38.0;92.16;30.0;31.14;44.2;6.34;
2022-07-23 19:00:00;0.0;0.0;0.0;29.9;50.2;5.86;
2022-07-23 20:00:00;0.0;0.0;0.0;28.52;57.05;5.38;
2022-07-23 21:00:00;0.0;0.0;0.0;27.55;56.95;4.97;
2022-07-23 22:00:00;0.0;0.0;0.0;26.86;58.8;4.97;
2022-07-23 23:00:00;0.0;0.0;0.0;26.32;58.7;5.1;
2022-07-24 00:00:00;0.0;0.0;0.0;25.96;58.55;5.24;
2022-07-24 01:00:00;0.0;0.0;0.0;25.45;60.45;4.55;
2022-07-24 02:00:00;0.0;0.0;0.0;24.4;66.75;4.0;
2022-07-24 03:00:00;0.0;0.0;0.0;23.61;71.35;3.86;
2022-07-24 04:00:00;11.0;22.46;10.0;23.11;73.7;4.07;
2022-07-24 05:00:00;148.0;317.12;79.0;22.78;76.15;4.34;
2022-07-24 06:00:00;337.0;581.55;109.0;23.26;68.85;5.24;
2022-07-24 07:00:00;515.0;681.61;136.0;23.82;66.65;5.79;
2022-07-24 08:00:00;677.0;753.19;151.0;25.04;54.55;5.72;
2022-07-24 09:00:00;803.0;788.32;165.0;26.02;51.05;5.38;
2022-07-24 10:00:00;884.0;803.3;176.0;26.91;43.15;5.66;
2022-07-24 11:00:00;907.0;783.89;194.0;27.58;37.75;5.59;
2022-07-24 12:00:00;706.0;340.8;402.0;28.08;35.2;5.52;
2022-07-24 13:00:00;674.0;385.58;354.0;28.48;35.2;5.24;
2022-07-24 14:00:00;705.0;746.39;162.0;28.54;35.2;5.38;
2022-07-24 15:00:00;407.0;226.46;273.0;28.01;33.95;5.45;
2022-07-24 16:00:00;358.0;500.16;142.0;27.44;35.05;5.52;
2022-07-24 17:00:00;207.0;490.73;80.0;26.35;38.7;5.59;
2022-07-24 18:00:00;45.0;177.88;30.0;25.32;44.3;4.69;
2022-07-24 19:00:00;0.0;0.0;0.0;25.31;45.9;3.93;
2022-07-24 20:00:00;0.0;0.0;0.0;24.66;47.4;4.0;
2022-07-24 21:00:00;0.0;0.0;0.0;24.28;48.95;4.14;
2022-07-24 22:00:00;0.0;0.0;0.0;23.81;48.8;4.14;
2022-07-24 23:00:00;0.0;0.0;0.0;23.3;50.45;3.93;
2022-07-25 00:00:00;0.0;0.0;0.0;22.8;50.3;3.52;
2022-07-25 01:00:00;0.0;0.0;0.0;22.25;52.0;3.17;
2022-07-25 02:00:00;0.0;0.0;0.0;21.68;51.9;2.83;
2022-07-25 03:00:00;0.0;0.0;0.0;21.08;53.6;2.48;
2022-07-25 04:00:00;14.0;71.81;11.0;20.29;61.5;2.0;
2022-07-25 05:00:00;163.0;441.72;68.0;20.37;68.3;1.31;
2022-07-25 06:00:00;340.0;600.35;106.0;22.81;52.1;1.17;
2022-07-25 07:00:00;521.0;704.0;131.0;23.82;52.35;1.45;
2022-07-25 08:00:00;678.0;756.64;151.0;24.75;49.05;1.45;
2022-07-25 09:00:00;753.0;635.2;240.0;25.41;45.9;2.0;
2022-07-25 10:00:00;819.0;617.21;276.0;25.89;44.45;3.31;
2022-07-25 11:00:00;889.0;729.05;227.0;26.27;43.05;3.86;
2022-07-25 12:00:00;611.0;192.03;440.0;26.45;41.55;4.0;
2022-07-25 13:00:00;812.0;747.3;193.0;25.69;42.9;3.59;
2022-07-25 14:00:00;694.0;710.98;178.0;25.69;41.4;2.83;
2022-07-25 15:00:00;243.0;18.65;232.0;25.54;39.95;0.97;
2022-07-25 16:00:00;192.0;37.23;176.0;25.65;39.95;0.76;
2022-07-25 17:00:00;152.0;175.47;107.0;25.56;38.55;1.45;
2022-07-25 18:00:00;43.0;183.48;28.0;25.11;41.25;1.86;
2022-07-25 19:00:00;0.0;0.0;0.0;23.95;48.8;2.9;
2022-07-25 20:00:00;0.0;0.0;0.0;23.22;50.45;2.83;
2022-07-25 21:00:00;0.0;0.0;0.0;22.39;55.8;2.83;
2022-07-25 22:00:00;0.0;0.0;0.0;21.35;61.7;4.34;
2022-07-25 23:00:00;0.0;0.0;0.0;21.35;61.7;4.76;
2022-07-26 00:00:00;0.0;0.0;0.0;21.33;57.55;4.34;
2022-07-26 01:00:00;0.0;0.0;0.0;21.2;53.6;4.0;
2022-07-26 02:00:00;0.0;0.0;0.0;20.98;55.45;3.59;
2022-07-26 03:00:00;0.0;0.0;0.0;20.66;53.5;3.17;
2022-07-26 04:00:00;11.0;0.0;11.0;20.25;55.3;2.83;
2022-07-26 05:00:00;157.0;409.38;70.0;20.27;57.3;2.41;
2022-07-26 06:00:00;347.0;637.5;100.0;21.61;50.05;2.76;
2022-07-26 07:00:00;511.0;674.06;139.0;22.7;45.25;3.38;
2022-07-26 08:00:00;605.0;512.52;249.0;23.27;42.25;4.28;
2022-07-26 09:00:00;593.0;260.59;383.0;23.68;40.9;4.62;
2022-07-26 10:00:00;836.0;660.49;256.0;23.9;40.9;4.55;
2022-07-26 11:00:00;864.0;655.31;270.0;24.35;39.55;4.34;
2022-07-26 12:00:00;546.0;117.0;442.0;24.66;36.95;4.07;
2022-07-26 13:00:00;418.0;45.97;380.0;24.6;38.3;3.72;
2022-07-26 14:00:00;708.0;756.96;160.0;24.92;38.3;3.31;
2022-07-26 15:00:00;550.0;683.87;148.0;24.95;36.95;3.03;
2022-07-26 16:00:00;378.0;608.12;118.0;24.69;36.95;2.76;
2022-07-26 17:00:00;200.0;468.46;81.0;24.27;38.15;2.21;
2022-07-26 18:00:00;41.0;164.38;28.0;23.68;39.45;1.66;
2022-07-26 19:00:00;0.0;0.0;0.0;22.57;45.25;1.93;
2022-07-26 20:00:00;0.0;0.0;0.0;21.11;53.6;1.66;
2022-07-26 21:00:00;0.0;0.0;0.0;19.73;57.2;1.93;
2022-07-26 22:00:00;0.0;0.0;0.0;18.79;61.2;2.14;
2022-07-26 23:00:00;0.0;0.0;0.0;18.0;61.05;2.14;
2022-07-27 00:00:00;0.0;0.0;0.0;17.34;63.2;2.07;
2022-07-27 01:00:00;0.0;0.0;0.0;16.7;65.35;2.07;
2022-07-27 02:00:00;0.0;0.0;0.0;16.16;67.65;1.93;
2022-07-27 03:00:00;0.0;0.0;0.0;15.69;70.0;1.79;
2022-07-27 04:00:00;8.0;0.0;8.0;15.42;75.1;1.72;
2022-07-27 05:00:00;145.0;333.45;75.0;16.52;70.2;1.31;
2022-07-27 06:00:00;168.0;36.35;154.0;20.49;55.45;0.9;
2022-07-27 07:00:00;327.0;129.15;256.0;23.39;39.3;1.66;
2022-07-27 08:00:00;312.0;27.43;293.0;24.67;33.15;1.38;
2022-07-27 09:00:00;385.0;36.07;356.0;25.25;33.3;1.45;
2022-07-27 10:00:00;263.0;0.0;263.0;25.23;37.1;2.97;
2022-07-27 11:00:00;203.0;0.0;203.0;24.4;44.05;3.31;
2022-07-27 12:00:00;391.0;19.16;374.0;23.85;47.15;3.24;
2022-07-27 13:00:00;620.0;283.68;386.0;23.61;48.8;2.55;
2022-07-27 14:00:00;702.0;749.24;161.0;24.32;45.6;1.93;
2022-07-27 15:00:00;547.0;686.29;145.0;24.67;44.15;1.31;
2022-07-27 16:00:00;375.0;606.7;117.0;24.65;44.15;1.86;
2022-07-27 17:00:00;195.0;453.29;81.0;24.24;45.6;2.48;
2022-07-27 18:00:00;40.0;170.34;27.0;23.51;48.8;2.34;
2022-07-27 19:00:00;0.0;0.0;0.0;23.34;56.0;1.93;
2022-07-27 20:00:00;0.0;0.0;0.0;22.3;61.95;2.07;
2022-07-27 21:00:00;0.0;0.0;0.0;21.08;68.5;1.72;
2022-07-27 22:00:00;0.0;0.0;0.0;20.54;70.8;1.31;
2022-07-27 23:00:00;0.0;0.0;0.0;20.09;70.7;1.24;
2022-07-28 00:00:00;0.0;0.0;0.0;18.73;78.25;1.45;
2022-07-28 01:00:00;0.0;0.0;0.0;17.78;83.7;1.59;
2022-07-28 02:00:00;0.0;0.0;0.0;17.34;83.7;1.52;
2022-07-28 03:00:00;0.0;0.0;0.0;16.7;83.65;1.59;
2022-07-28 04:00:00;7.0;0.0;7.0;16.13;86.55;1.72;
2022-07-28 05:00:00;155.0;424.5;67.0;17.01;83.7;1.59;
2022-07-28 06:00:00;330.0;582.67;107.0;20.92;68.4;1.24;
2022-07-28 07:00:00;509.0;688.46;132.0;23.24;56.0;0.62;
2022-07-28 08:00:00;670.0;751.41;151.0;24.7;47.4;0.48;
2022-07-28 09:00:00;796.0;787.76;164.0;25.92;42.9;0.55;
2022-07-28 10:00:00;878.0;802.54;176.0;27.05;37.6;0.97;
2022-07-28 11:00:00;911.0;812.75;177.0;28.02;35.2;1.59;
2022-07-28 12:00:00;886.0;793.91;183.0;28.73;34.1;1.66;
2022-07-28 13:00:00;804.0;743.56;192.0;29.14;33.05;1.52;
2022-07-28 14:00:00;671.0;652.69;201.0;29.42;34.2;2.14;
2022-07-28 15:00:00;543.0;683.69;144.0;29.33;34.2;3.1;
2022-07-28 16:00:00;367.0;586.47;119.0;28.71;37.9;4.14;
2022-07-28 17:00:00;170.0;297.34;96.0;27.85;41.95;4.62;
2022-07-28 18:00:00;39.0;176.98;26.0;26.99;46.25;4.21;
2022-07-28 19:00:00;0.0;0.0;0.0;25.76;51.05;3.52;
2022-07-28 20:00:00;0.0;0.0;0.0;24.98;54.45;3.17;
2022-07-28 21:00:00;0.0;0.0;0.0;24.26;58.2;2.9;
2022-07-28 22:00:00;0.0;0.0;0.0;23.84;58.1;2.83;
2022-07-28 23:00:00;0.0;0.0;0.0;23.35;56.0;3.03;
2022-07-29 00:00:00;0.0;0.0;0.0;22.77;55.9;3.03;
2022-07-29 01:00:00;0.0;0.0;0.0;22.22;57.75;2.9;
2022-07-29 02:00:00;0.0;0.0;0.0;21.81;59.7;2.76;
2022-07-29 03:00:00;0.0;0.0;0.0;21.47;61.7;2.62;
2022-07-29 04:00:00;8.0;0.0;8.0;21.29;63.9;2.41;
2022-07-29 05:00:00;53.0;4.89;52.0;21.37;66.15;2.21;
2022-07-29 06:00:00;145.0;18.41;138.0;22.64;59.95;2.21;
2022-07-29 07:00:00;143.0;0.0;143.0;23.65;60.15;1.45;
2022-07-29 08:00:00;155.0;0.0;155.0;25.27;52.75;1.45;
2022-07-29 09:00:00;91.0;0.0;91.0;25.93;52.85;2.21;
2022-07-29 10:00:00;108.0;0.0;108.0;25.75;54.7;2.0;
2022-07-29 11:00:00;164.0;0.0;164.0;24.49;64.5;0.69;
2022-07-29 12:00:00;97.0;0.0;97.0;24.77;62.45;1.38;
2022-07-29 13:00:00;73.0;0.0;73.0;24.54;64.6;2.83;
2022-07-29 14:00:00;212.0;0.0;212.0;24.08;71.4;3.86;
2022-07-29 15:00:00;74.0;0.0;74.0;24.12;71.4;4.0;
2022-07-29 16:00:00;345.0;501.9;134.0;24.62;66.85;3.03;
2022-07-29 17:00:00;90.0;20.31;85.0;24.76;66.85;2.41;
2022-07-29 18:00:00;8.0;0.0;8.0;24.68;64.6;3.1;
2022-07-29 19:00:00;0.0;0.0;0.0;21.86;84.1;2.9;
2022-07-29 20:00:00;0.0;0.0;0.0;20.53;86.9;3.45;
2022-07-29 21:00:00;0.0;0.0;0.0;19.68;89.85;2.97;
2022-07-29 22:00:00;0.0;0.0;0.0;19.19;92.9;2.48;
2022-07-29 23:00:00;0.0;0.0;0.0;18.84;92.85;1.86;
2022-07-30 00:00:00;0.0;0.0;0.0;18.6;92.85;2.0;
2022-07-30 01:00:00;0.0;0.0;0.0;18.3;96.05;1.52;
2022-07-30 02:00:00;0.0;0.0;0.0;17.84;96.05;1.45;
2022-07-30 03:00:00;0.0;0.0;0.0;17.57;96.05;1.72;
2022-07-30 04:00:00;7.0;0.0;7.0;17.9;96.05;1.52;
2022-07-30 05:00:00;150.0;415.94;66.0;17.95;96.05;1.72;
2022-07-30 06:00:00;287.0;386.39;141.0;18.22;89.75;2.21;
2022-07-30 07:00:00;343.0;165.69;253.0;19.82;81.1;3.38;
2022-07-30 08:00:00;550.0;384.47;286.0;20.99;68.5;4.48;
2022-07-30 09:00:00;654.0;399.49;335.0;21.83;61.85;5.38;
2022-07-30 10:00:00;874.0;802.4;175.0;22.42;57.75;5.86;
2022-07-30 11:00:00;908.0;812.62;177.0;22.9;54.0;6.55;
2022-07-30 12:00:00;863.0;734.82;215.0;22.98;54.0;6.76;
2022-07-30 13:00:00;800.0;743.39;191.0;23.13;52.25;6.28;
2022-07-30 14:00:00;561.0;347.8;312.0;22.97;54.0;5.31;
2022-07-30 15:00:00;221.0;10.36;215.0;22.83;54.0;4.83;
2022-07-30 16:00:00;239.0;122.06;188.0;22.77;54.0;4.9;
2022-07-30 17:00:00;128.0;110.95;101.0;22.45;55.8;4.69;
2022-07-30 18:00:00;5.0;0.0;5.0;21.84;57.65;3.93;
2022-07-30 19:00:00;0.0;0.0;0.0;20.89;61.6;3.79;
2022-07-30 20:00:00;0.0;0.0;0.0;20.2;65.95;3.52;
2022-07-30 21:00:00;0.0;0.0;0.0;19.79;73.15;2.83;
2022-07-30 22:00:00;0.0;0.0;0.0;19.37;75.65;2.34;
2022-07-30 23:00:00;0.0;0.0;0.0;18.81;81.0;2.0;
2022-07-31 00:00:00;0.0;0.0;0.0;18.76;81.0;1.79;
2022-07-31 01:00:00;0.0;0.0;0.0;18.7;81.0;1.86;
2022-07-31 02:00:00;0.0;0.0;0.0;18.42;80.9;2.07;
2022-07-31 03:00:00;0.0;0.0;0.0;18.46;80.9;2.28;
2022-07-31 04:00:00;5.0;0.0;5.0;18.44;80.9;2.55;
2022-07-31 05:00:00;126.0;250.97;76.0;18.63;78.25;2.83;
2022-07-31 06:00:00;324.0;586.08;104.0;19.56;73.15;3.17;
2022-07-31 07:00:00;514.0;724.68;122.0;20.84;73.3;4.0;
2022-07-31 08:00:00;650.0;705.53;167.0;22.19;64.1;4.83;
2022-07-31 09:00:00;535.0;184.54;388.0;22.82;59.95;4.97;
2022-07-31 10:00:00;650.0;273.79;412.0;23.35;58.0;4.55;
2022-07-31 11:00:00;704.0;325.27;412.0;24.1;54.35;4.34;
2022-07-31 12:00:00;839.0;669.36;250.0;24.53;50.8;4.0;
2022-07-31 13:00:00;781.0;687.72;219.0;24.84;50.8;3.66;
2022-07-31 14:00:00;696.0;755.18;157.0;25.08;49.2;3.31;
2022-07-31 15:00:00;542.0;700.64;138.0;25.05;49.2;2.83;
2022-07-31 16:00:00;368.0;616.59;112.0;22.2;62.18;1.55;
2022-07-31 17:00:00;187.0;457.49;77.0;22.24;62.47;1.55;
2022-07-31 18:00:00;31.0;139.99;22.0;22.27;62.77;1.55;
2022-07-31 19:00:00;0.0;0.0;0.0;22.31;63.07;1.55;
2022-07-31 20:00:00;0.0;0.0;0.0;22.35;63.36;1.55;
2022-07-31 21:00:00;0.0;0.0;0.0;22.39;63.66;1.55;
2022-07-31 22:00:00;0.0;0.0;0.0;22.43;63.95;1.55;
2022-07-31 23:00:00;0.0;0.0;0.0;22.46;64.25;1.55;
2022-08-01 00:00:00;0.0;0.0;0.0;22.5;64.54;1.55;
2022-08-01 01:00:00;0.0;0.0;0.0;22.54;64.84;1.55;
2022-08-01 02:00:00;0.0;0.0;0.0;22.58;65.14;1.55;
2022-08-01 03:00:00;0.0;0.0;0.0;22.62;65.43;1.55;
2022-08-01 04:00:00;0.0;0.0;0.0;22.66;65.73;1.55;
2022-08-01 05:00:00;132.0;315.56;70.0;22.69;66.02;1.55;
2022-08-01 06:00:00;314.0;552.47;108.0;22.73;66.32;1.55;
2022-08-01 07:00:00;491.0;655.36;138.0;22.77;66.62;1.55;
2022-08-01 08:00:00;649.0;715.03;161.0;30.2;33.3;2.14;
2022-08-01 09:00:00;774.0;746.28;181.0;31.64;28.25;2.0;
2022-08-01 10:00:00;849.0;742.48;205.0;32.65;26.55;1.93;
2022-08-01 11:00:00;882.0;751.28;209.0;33.37;26.7;2.21;
2022-08-01 12:00:00;862.0;746.04;207.0;33.77;25.9;2.83;
2022-08-01 13:00:00;781.0;698.08;212.0;33.94;26.8;3.45;
2022-08-01 14:00:00;676.0;702.78;176.0;33.89;27.8;4.0;
2022-08-01 15:00:00;520.0;628.79;159.0;33.47;29.65;4.76;
2022-08-01 16:00:00;348.0;538.25;126.0;32.54;33.8;5.17;
2022-08-01 17:00:00;173.0;383.25;82.0;31.24;38.55;4.97;
2022-08-01 18:00:00;26.0;98.28;20.0;29.89;45.35;4.34;
2022-08-01 19:00:00;0.0;0.0;0.0;29.25;48.4;3.72;
2022-08-01 20:00:00;0.0;0.0;0.0;28.43;51.55;3.66;
2022-08-01 21:00:00;0.0;0.0;0.0;27.68;53.35;3.52;
2022-08-01 22:00:00;0.0;0.0;0.0;27.08;56.95;3.17;
2022-08-01 23:00:00;0.0;0.0;0.0;26.41;60.7;2.97;
2022-08-02 00:00:00;0.0;0.0;0.0;25.74;62.65;2.83;
2022-08-02 01:00:00;0.0;0.0;0.0;25.25;64.7;2.62;
2022-08-02 02:00:00;0.0;0.0;0.0;24.96;66.85;2.48;
2022-08-02 03:00:00;0.0;0.0;0.0;24.45;71.4;1.93;
2022-08-02 04:00:00;0.0;0.0;0.0;23.73;76.3;0.62;
2022-08-02 05:00:00;110.0;175.54;76.0;23.81;73.75;2.97;
2022-08-02 06:00:00;282.0;402.34;133.0;24.66;76.45;1.86;
2022-08-02 07:00:00;323.0;141.71;247.0;27.45;63.0;5.59;
2022-08-02 08:00:00;488.0;263.1;309.0;28.22;57.05;5.38;
2022-08-02 09:00:00;684.0;502.15;286.0;29.36;48.4;4.41;
2022-08-02 10:00:00;787.0;589.31;277.0;29.93;45.35;4.28;
2022-08-02 11:00:00;578.0;154.39;440.0;30.6;42.6;4.69;
2022-08-02 12:00:00;307.0;3.42;304.0;30.89;41.15;4.76;
2022-08-02 13:00:00;765.0;671.65;219.0;30.99;42.6;4.62;
2022-08-02 14:00:00;661.0;675.5;182.0;31.06;42.6;4.41;
2022-08-02 15:00:00;510.0;614.13;159.0;30.78;42.6;4.76;
2022-08-02 16:00:00;344.0;541.97;122.0;30.3;45.45;4.48;
2022-08-02 17:00:00;168.0;366.96;82.0;29.45;50.05;4.21;
2022-08-02 18:00:00;20.0;51.98;17.0;28.45;55.15;3.66;
2022-08-02 19:00:00;0.0;0.0;0.0;28.34;46.5;2.21;
2022-08-02 20:00:00;0.0;0.0;0.0;27.02;54.95;2.28;
2022-08-02 21:00:00;0.0;0.0;0.0;26.05;62.8;2.21;
2022-08-02 22:00:00;0.0;0.0;0.0;25.07;69.25;1.93;
2022-08-02 23:00:00;0.0;0.0;0.0;24.09;78.95;1.45;
2022-08-03 00:00:00;0.0;0.0;0.0;25.42;71.6;0.48;
2022-08-03 01:00:00;0.0;0.0;0.0;24.9;73.95;0.69;
2022-08-03 02:00:00;0.0;0.0;0.0;22.41;84.15;1.38;
2022-08-03 03:00:00;0.0;0.0;0.0;21.53;87.0;1.45;
2022-08-03 04:00:00;0.0;0.0;0.0;21.23;86.95;1.38;
2022-08-03 05:00:00;130.0;330.06;67.0;21.85;84.1;1.1;
2022-08-03 06:00:00;311.0;560.14;105.0;25.09;66.95;1.17;
2022-08-03 07:00:00;487.0;659.21;135.0;26.8;69.5;1.17;
2022-08-03 08:00:00;644.0;712.2;161.0;28.33;61.0;1.38;
2022-08-03 09:00:00;773.0;757.71;174.0;29.77;51.9;1.86;
2022-08-03 10:00:00;849.0;755.14;197.0;30.91;47.15;2.55;
2022-08-03 11:00:00;877.0;749.03;209.0;31.69;41.4;3.17;
2022-08-03 12:00:00;857.0;743.84;207.0;31.96;40.0;3.45;
2022-08-03 13:00:00;784.0;724.07;197.0;32.1;37.5;3.59;
2022-08-03 14:00:00;670.0;699.05;176.0;32.02;37.35;3.79;
2022-08-03 15:00:00;520.0;650.41;150.0;31.76;37.35;3.79;
2022-08-03 16:00:00;346.0;553.24;121.0;31.15;37.25;3.59;
2022-08-03 17:00:00;169.0;389.31;79.0;30.33;41.0;3.24;
2022-08-03 18:00:00;21.0;73.68;17.0;29.2;46.75;2.69;
2022-08-03 19:00:00;0.0;0.0;0.0;27.87;57.05;2.48;
2022-08-03 20:00:00;0.0;0.0;0.0;26.76;62.9;2.34;
2022-08-03 21:00:00;0.0;0.0;0.0;25.75;69.3;2.0;
2022-08-03 22:00:00;0.0;0.0;0.0;24.4;76.35;1.66;
2022-08-03 23:00:00;0.0;0.0;0.0;23.3;78.85;1.45;
2022-08-04 00:00:00;0.0;0.0;0.0;22.91;81.45;1.24;
2022-08-04 01:00:00;0.0;0.0;0.0;23.19;76.2;0.97;
2022-08-04 02:00:00;0.0;0.0;0.0;23.26;73.7;0.62;
2022-08-04 03:00:00;0.0;0.0;0.0;22.88;76.15;0.62;
2022-08-04 04:00:00;0.0;0.0;0.0;21.67;78.65;1.03;
2022-08-04 05:00:00;125.0;308.45;67.0;21.41;81.3;1.03;
2022-08-04 06:00:00;304.0;539.47;107.0;24.92;64.6;0.9;
2022-08-04 07:00:00;484.0;656.51;135.0;27.91;65.2;0.69;
2022-08-04 08:00:00;636.0;695.3;166.0;29.72;55.5;0.69;
2022-08-04 09:00:00;765.0;740.7;181.0;31.4;45.7;0.9;
2022-08-04 10:00:00;845.0;752.3;197.0;32.76;38.95;1.59;
2022-08-04 11:00:00;873.0;747.4;208.0;33.65;34.2;2.41;
2022-08-04 12:00:00;853.0;741.1;207.0;34.13;33.2;3.03;
2022-08-04 13:00:00;776.0;707.59;204.0;34.42;32.05;3.52;
2022-08-04 14:00:00;666.0;695.86;176.0;34.35;32.05;3.93;
2022-08-04 15:00:00;513.0;634.13;154.0;33.94;33.05;4.21;
2022-08-04 16:00:00;340.0;537.55;123.0;33.22;35.25;4.34;
2022-08-04 17:00:00;167.0;390.51;78.0;32.15;38.8;4.07;
2022-08-04 18:00:00;18.0;59.09;15.0;30.8;45.6;3.45;
2022-08-04 19:00:00;0.0;0.0;0.0;29.53;51.8;2.83;
2022-08-04 20:00:00;0.0;0.0;0.0;28.44;57.05;2.76;
2022-08-04 21:00:00;0.0;0.0;0.0;27.53;60.9;2.55;
2022-08-04 22:00:00;0.0;0.0;0.0;26.6;62.9;2.28;
2022-08-04 23:00:00;0.0;0.0;0.0;25.53;69.3;1.93;
2022-08-05 00:00:00;0.0;0.0;0.0;24.34;76.35;1.72;
2022-08-05 01:00:00;0.0;0.0;0.0;23.66;76.3;1.31;
2022-08-05 02:00:00;0.0;0.0;0.0;24.08;73.85;0.97;
2022-08-05 03:00:00;0.0;0.0;0.0;23.96;76.3;0.9;
2022-08-05 04:00:00;0.0;0.0;0.0;23.4;78.85;0.9;
2022-08-05 05:00:00;126.0;324.03;66.0;23.64;76.3;0.62;
2022-08-05 06:00:00;306.0;551.64;106.0;25.33;79.1;0.21;
2022-08-05 07:00:00;482.0;648.16;139.0;28.88;53.45;1.24;
2022-08-05 08:00:00;641.0;706.52;165.0;30.89;44.05;1.38;
2022-08-05 09:00:00;770.0;751.61;179.0;32.52;36.25;1.66;
2022-08-05 10:00:00;846.0;747.15;204.0;33.7;29.8;2.0;
2022-08-05 11:00:00;880.0;757.07;208.0;34.5;27.9;2.34;
2022-08-05 12:00:00;849.0;722.29;221.0;35.04;28.05;2.76;
2022-08-05 13:00:00;777.0;703.48;210.0;35.33;27.2;3.24;
2022-08-05 14:00:00;663.0;679.9;186.0;35.26;27.2;3.59;
2022-08-05 15:00:00;513.0;632.0;157.0;34.85;27.05;3.86;
2022-08-05 16:00:00;339.0;539.21;123.0;34.13;27.9;4.07;
2022-08-05 17:00:00;166.0;391.91;78.0;33.02;32.8;4.0;
2022-08-05 18:00:00;17.0;63.62;14.0;31.58;37.35;3.38;
2022-08-05 19:00:00;0.0;0.0;0.0;30.03;43.8;2.83;
2022-08-05 20:00:00;0.0;0.0;0.0;29.06;46.75;2.28;
2022-08-05 21:00:00;0.0;0.0;0.0;27.96;51.55;1.79;
2022-08-05 22:00:00;0.0;0.0;0.0;26.41;62.8;1.66;
2022-08-05 23:00:00;0.0;0.0;0.0;26.2;64.95;1.24;
2022-08-06 00:00:00;0.0;0.0;0.0;26.41;64.95;0.97;
2022-08-06 01:00:00;0.0;0.0;0.0;25.41;71.6;1.1;
2022-08-06 02:00:00;0.0;0.0;0.0;25.27;74.0;0.97;
2022-08-06 03:00:00;0.0;0.0;0.0;23.52;81.55;1.31;
2022-08-06 04:00:00;0.0;0.0;0.0;22.21;87.05;1.79;
2022-08-06 05:00:00;117.0;274.31;67.0;23.19;78.85;2.28;
2022-08-06 06:00:00;294.0;502.9;113.0;26.21;62.8;2.97;
2022-08-06 07:00:00;472.0;626.47;142.0;29.09;43.65;2.9;
2022-08-06 08:00:00;630.0;683.59;171.0;31.41;35.95;2.83;
2022-08-06 09:00:00;758.0;728.19;187.0;33.28;30.7;3.03;
2022-08-06 10:00:00;843.0;753.68;197.0;34.37;29.9;3.72;
2022-08-06 11:00:00;876.0;763.46;200.0;34.61;30.05;4.34;
2022-08-06 12:00:00;846.0;728.81;214.0;34.62;31.1;4.48;
2022-08-06 13:00:00;769.0;695.67;210.0;34.31;34.35;4.41;
2022-08-06 14:00:00;655.0;671.05;186.0;34.06;36.6;4.21;
2022-08-06 15:00:00;503.0;610.31;161.0;33.53;39.05;3.79;
2022-08-06 16:00:00;331.0;518.37;125.0;33.15;40.4;3.59;
2022-08-06 17:00:00;163.0;398.03;75.0;32.36;45.95;3.38;
2022-08-06 18:00:00;18.0;92.04;14.0;31.2;52.25;3.52;
2022-08-06 19:00:00;0.0;0.0;0.0;30.41;55.6;3.03;
2022-08-06 20:00:00;0.0;0.0;0.0;29.82;57.4;3.24;
2022-08-06 21:00:00;0.0;0.0;0.0;29.16;57.3;3.38;
2022-08-06 22:00:00;0.0;0.0;0.0;28.47;63.1;3.31;
2022-08-06 23:00:00;0.0;0.0;0.0;27.98;63.1;3.45;
2022-08-07 00:00:00;0.0;0.0;0.0;27.44;63.0;3.72;
2022-08-07 01:00:00;0.0;0.0;0.0;27.07;63.0;4.0;
2022-08-07 02:00:00;0.0;0.0;0.0;26.64;62.9;4.0;
2022-08-07 03:00:00;0.0;0.0;0.0;26.29;62.8;4.0;
2022-08-07 04:00:00;0.0;0.0;0.0;25.86;62.65;3.86;
2022-08-07 05:00:00;105.0;206.29;68.0;25.77;62.65;3.66;
2022-08-07 06:00:00;277.0;439.48;120.0;26.59;56.85;4.28;
2022-08-07 07:00:00;453.0;572.2;153.0;26.84;62.9;4.28;
2022-08-07 08:00:00;364.0;82.19;309.0;27.43;58.9;4.48;
2022-08-07 09:00:00;735.0;684.21;200.0;28.39;53.35;4.55;
2022-08-07 10:00:00;805.0;671.4;231.0;29.03;49.95;4.76;
2022-08-07 11:00:00;828.0;654.43;250.0;29.41;48.4;4.9;
2022-08-07 12:00:00;830.0;713.44;213.0;29.16;46.75;4.97;
2022-08-07 13:00:00;754.0;679.14;210.0;28.86;48.25;4.97;
2022-08-07 14:00:00;537.0;344.75;297.0;28.73;48.25;4.69;
2022-08-07 15:00:00;275.0;55.62;244.0;28.62;48.25;4.0;
2022-08-07 16:00:00;134.0;7.61;131.0;28.53;48.15;3.24;
2022-08-07 17:00:00;39.0;0.0;39.0;28.26;48.15;3.17;
2022-08-07 18:00:00;8.0;0.0;8.0;27.64;48.15;3.17;
2022-08-07 19:00:00;0.0;0.0;0.0;27.46;56.95;2.83;
2022-08-07 20:00:00;0.0;0.0;0.0;26.82;60.8;2.62;
2022-08-07 21:00:00;0.0;0.0;0.0;26.31;60.7;2.9;
2022-08-07 22:00:00;0.0;0.0;0.0;25.7;62.65;3.79;
2022-08-07 23:00:00;0.0;0.0;0.0;25.27;66.95;4.34;
2022-08-08 00:00:00;0.0;0.0;0.0;25.14;69.25;3.79;
2022-08-08 01:00:00;0.0;0.0;0.0;24.95;73.95;3.1;
2022-08-08 02:00:00;0.0;0.0;0.0;24.76;73.95;2.62;
2022-08-08 03:00:00;0.0;0.0;0.0;24.56;71.5;2.48;
2022-08-08 04:00:00;0.0;0.0;0.0;24.13;73.85;1.86;
2022-08-08 05:00:00;79.0;73.69;66.0;24.11;71.4;1.79;
2022-08-08 06:00:00;261.0;363.85;132.0;25.04;64.7;2.41;
2022-08-08 07:00:00;443.0;538.52;162.0;26.69;62.9;2.83;
2022-08-08 08:00:00;531.0;397.42;266.0;28.12;59.0;2.62;
2022-08-08 09:00:00;724.0;656.69;212.0;29.21;53.55;2.97;
2022-08-08 10:00:00;789.0;632.11;250.0;30.14;48.65;3.59;
2022-08-08 11:00:00;779.0;532.4;310.0;30.75;45.6;4.0;
2022-08-08 12:00:00;373.0;18.55;357.0;31.03;44.05;4.21;
2022-08-08 13:00:00;241.0;0.0;241.0;31.0;42.6;4.34;
2022-08-08 14:00:00;274.0;12.98;265.0;30.93;42.6;4.28;
2022-08-08 15:00:00;193.0;5.41;190.0;29.9;43.8;3.24;
2022-08-08 16:00:00;249.0;199.61;171.0;29.69;43.8;2.0;
2022-08-08 17:00:00;67.0;9.35;65.0;29.48;45.2;2.21;
2022-08-08 18:00:00;1.0;0.0;1.0;28.84;48.25;2.48;
2022-08-08 19:00:00;0.0;0.0;0.0;27.9;55.15;1.24;
2022-08-08 20:00:00;0.0;0.0;0.0;27.24;56.95;1.59;
2022-08-08 21:00:00;0.0;0.0;0.0;26.49;62.8;1.93;
2022-08-08 22:00:00;0.0;0.0;0.0;26.02;67.05;1.93;
2022-08-08 23:00:00;0.0;0.0;0.0;25.96;67.05;2.55;
2022-08-09 00:00:00;0.0;0.0;0.0;25.88;67.05;3.93;
2022-08-09 01:00:00;0.0;0.0;0.0;25.46;71.6;4.07;
2022-08-09 02:00:00;0.0;0.0;0.0;25.2;74.0;3.1;
2022-08-09 03:00:00;0.0;0.0;0.0;24.57;76.45;3.31;
2022-08-09 04:00:00;0.0;0.0;0.0;24.28;76.35;3.45;
2022-08-09 05:00:00;21.0;0.0;21.0;24.33;73.85;3.17;
2022-08-09 06:00:00;264.0;392.25;126.0;24.99;66.85;3.03;
2022-08-09 07:00:00;324.0;167.54;237.0;25.32;60.45;2.9;
2022-08-09 08:00:00;503.0;328.1;285.0;26.27;54.8;2.9;
2022-08-09 09:00:00;667.0;495.26;282.0;27.39;48.0;3.31;
2022-08-09 10:00:00;804.0;679.67;226.0;28.32;46.5;4.14;
2022-08-09 11:00:00;850.0;730.73;208.0;28.87;43.55;4.69;
2022-08-09 12:00:00;722.0;441.9;342.0;29.24;42.2;5.03;
2022-08-09 13:00:00;757.0;703.74;197.0;29.42;42.2;5.1;
2022-08-09 14:00:00;650.0;703.92;164.0;29.53;40.75;4.97;
2022-08-09 15:00:00;490.0;611.5;153.0;29.42;40.75;4.55;
2022-08-09 16:00:00;320.0;521.54;118.0;29.12;40.75;4.0;
2022-08-09 17:00:00;144.0;323.5;76.0;28.66;40.65;3.52;
2022-08-09 18:00:00;7.0;0.0;7.0;27.94;43.4;2.9;
2022-08-09 19:00:00;0.0;0.0;0.0;27.09;49.7;1.38;
2022-08-09 20:00:00;0.0;0.0;0.0;25.89;58.55;1.1;
2022-08-09 21:00:00;0.0;0.0;0.0;25.33;60.45;0.97;
2022-08-09 22:00:00;0.0;0.0;0.0;23.86;66.65;1.86;
2022-08-09 23:00:00;0.0;0.0;0.0;23.51;66.65;2.55;
2022-08-10 00:00:00;0.0;0.0;0.0;23.55;64.4;3.03;
2022-08-10 01:00:00;0.0;0.0;0.0;23.57;62.25;3.17;
2022-08-10 02:00:00;0.0;0.0;0.0;23.55;62.25;3.17;
2022-08-10 03:00:00;0.0;0.0;0.0;23.44;62.15;3.1;
2022-08-10 04:00:00;0.0;0.0;0.0;23.18;60.05;3.1;
2022-08-10 05:00:00;113.0;305.05;61.0;23.29;58.0;3.1;
2022-08-10 06:00:00;290.0;529.97;105.0;25.4;49.2;3.38;
2022-08-10 07:00:00;472.0;657.97;132.0;26.95;44.7;4.62;
2022-08-10 08:00:00;637.0;734.11;151.0;27.83;40.5;5.1;
2022-08-10 09:00:00;752.0;731.57;185.0;28.45;40.5;5.24;
2022-08-10 10:00:00;837.0;757.01;195.0;29.0;39.25;5.38;
2022-08-10 11:00:00;851.0;708.77;230.0;29.45;38.0;5.31;
2022-08-10 12:00:00;849.0;761.63;196.0;29.75;38.15;5.24;
2022-08-10 13:00:00;775.0;740.22;188.0;29.9;38.15;5.17;
2022-08-10 14:00:00;662.0;727.35;162.0;29.87;38.15;4.9;
2022-08-10 15:00:00;499.0;635.21;151.0;29.68;38.15;4.55;
2022-08-10 16:00:00;299.0;406.48;143.0;29.3;39.35;4.21;
2022-08-10 17:00:00;138.0;285.86;79.0;28.65;42.05;3.79;
2022-08-10 18:00:00;5.0;0.0;5.0;27.88;44.95;3.24;
2022-08-10 19:00:00;0.0;0.0;0.0;26.75;49.55;3.24;
2022-08-10 20:00:00;0.0;0.0;0.0;26.04;51.2;3.31;
2022-08-10 21:00:00;0.0;0.0;0.0;25.43;56.5;3.31;
2022-08-10 22:00:00;0.0;0.0;0.0;24.93;58.35;2.97;
2022-08-10 23:00:00;0.0;0.0;0.0;24.48;58.2;2.69;
2022-08-11 00:00:00;0.0;0.0;0.0;23.96;60.15;2.34;
2022-08-11 01:00:00;0.0;0.0;0.0;23.35;62.15;2.14;
2022-08-11 02:00:00;0.0;0.0;0.0;22.86;62.05;1.86;
2022-08-11 03:00:00;0.0;0.0;0.0;22.08;64.1;1.66;
2022-08-11 04:00:00;0.0;0.0;0.0;21.33;68.5;1.66;
2022-08-11 05:00:00;114.0;334.42;58.0;21.37;70.9;1.59;
2022-08-11 06:00:00;287.0;525.55;105.0;24.23;56.25;1.66;
2022-08-11 07:00:00;472.0;661.27;132.0;27.04;41.65;4.07;
2022-08-11 08:00:00;624.0;689.83;169.0;28.0;36.45;4.62;
2022-08-11 09:00:00;749.0;720.88;192.0;28.42;36.45;4.83;
2022-08-11 10:00:00;838.0;761.5;194.0;29.27;34.2;5.03;
2022-08-11 11:00:00;877.0;785.17;191.0;29.71;33.15;5.17;
2022-08-11 12:00:00;845.0;749.91;204.0;30.02;32.0;5.03;
2022-08-11 13:00:00;771.0;728.94;195.0;30.13;29.95;4.9;
2022-08-11 14:00:00;658.0;717.45;167.0;29.99;29.8;4.48;
2022-08-11 15:00:00;504.0;664.82;142.0;29.9;28.75;4.21;
2022-08-11 16:00:00;324.0;549.77;115.0;29.47;28.65;3.72;
2022-08-11 17:00:00;146.0;370.37;71.0;28.8;29.55;2.97;
2022-08-11 18:00:00;5.0;0.0;5.0;27.87;32.75;2.21;
2022-08-11 19:00:00;0.0;0.0;0.0;26.72;37.5;1.79;
2022-08-11 20:00:00;0.0;0.0;0.0;25.73;41.4;1.03;
2022-08-11 21:00:00;0.0;0.0;0.0;25.79;41.4;0.34;
2022-08-11 22:00:00;0.0;0.0;0.0;24.21;45.6;0.83;
2022-08-11 23:00:00;0.0;0.0;0.0;23.43;48.7;0.83;
2022-08-12 00:00:00;0.0;0.0;0.0;22.76;50.3;0.83;
2022-08-12 01:00:00;0.0;0.0;0.0;22.29;52.0;0.69;
2022-08-12 02:00:00;0.0;0.0;0.0;21.99;52.0;0.62;
2022-08-12 03:00:00;0.0;0.0;0.0;21.61;53.75;0.83;
2022-08-12 04:00:00;0.0;0.0;0.0;21.26;55.55;1.03;
2022-08-12 05:00:00;89.0;152.04;64.0;21.62;55.65;0.83;
2022-08-12 06:00:00;130.0;17.47;124.0;23.22;52.25;0.9;
2022-08-12 07:00:00;262.0;68.42;227.0;24.33;50.7;2.48;
2022-08-12 08:00:00;487.0;293.71;294.0;25.39;45.9;4.69;
2022-08-12 09:00:00;127.0;0.0;127.0;26.34;40.1;4.76;
2022-08-12 10:00:00;200.0;0.0;200.0;27.03;36.2;3.79;
2022-08-12 11:00:00;79.0;0.0;79.0;27.62;32.75;3.79;
2022-08-12 12:00:00;198.0;0.0;198.0;28.48;31.6;3.72;
2022-08-12 13:00:00;673.0;467.42;305.0;28.86;29.55;3.79;
2022-08-12 14:00:00;462.0;202.58;324.0;28.87;29.55;3.66;
2022-08-12 15:00:00;261.0;48.05;235.0;28.63;29.55;3.31;
2022-08-12 16:00:00;261.0;270.95;159.0;28.24;30.5;3.38;
2022-08-12 17:00:00;77.0;30.22;71.0;27.57;31.6;3.45;
2022-08-12 18:00:00;0.0;0.0;0.0;26.64;37.5;3.24;
2022-08-12 19:00:00;0.0;0.0;0.0;25.16;49.2;3.38;
2022-08-12 20:00:00;0.0;0.0;0.0;24.85;49.05;2.9;
2022-08-12 21:00:00;0.0;0.0;0.0;24.46;50.7;2.28;
2022-08-12 22:00:00;0.0;0.0;0.0;23.44;54.1;1.59;
2022-08-12 23:00:00;0.0;0.0;0.0;22.33;57.75;1.72;
2022-08-13 00:00:00;0.0;0.0;0.0;21.63;61.85;2.07;
2022-08-13 01:00:00;0.0;0.0;0.0;21.28;63.9;2.28;
2022-08-13 02:00:00;0.0;0.0;0.0;21.17;63.9;2.21;
2022-08-13 03:00:00;0.0;0.0;0.0;20.71;66.05;1.93;
2022-08-13 04:00:00;0.0;0.0;0.0;20.28;68.3;2.07;
2022-08-13 05:00:00;104.0;291.24;57.0;20.78;66.05;2.28;
2022-08-13 06:00:00;205.0;167.3;148.0;22.52;55.9;2.55;
2022-08-13 07:00:00;449.0;595.36;146.0;22.8;55.9;2.76;
2022-08-13 08:00:00;610.0;666.05;174.0;24.07;50.7;2.07;
2022-08-13 09:00:00;758.0;777.55;161.0;25.7;46.0;2.62;
2022-08-13 10:00:00;840.0;794.5;172.0;26.96;40.25;3.45;
2022-08-13 11:00:00;859.0;761.0;198.0;27.62;37.75;4.07;
2022-08-13 12:00:00;783.0;598.11;275.0;27.51;38.95;4.21;
2022-08-13 13:00:00;734.0;642.58;230.0;27.81;37.75;4.9;
2022-08-13 14:00:00;646.0;706.49;167.0;27.48;37.6;5.03;
2022-08-13 15:00:00;486.0;626.88;149.0;26.94;38.85;4.62;
2022-08-13 16:00:00;313.0;534.0;114.0;26.46;38.7;4.0;
2022-08-13 17:00:00;135.0;334.26;70.0;25.66;39.95;3.38;
2022-08-13 18:00:00;0.0;0.0;0.0;24.84;44.15;2.62;
2022-08-13 19:00:00;0.0;0.0;0.0;24.49;50.7;2.48;
2022-08-13 20:00:00;0.0;0.0;0.0;23.76;52.35;2.0;
2022-08-13 21:00:00;0.0;0.0;0.0;22.86;57.9;1.38;
2022-08-13 22:00:00;0.0;0.0;0.0;21.67;64.0;1.45;
2022-08-13 23:00:00;0.0;0.0;0.0;20.9;68.4;1.72;
2022-08-14 00:00:00;0.0;0.0;0.0;20.43;70.7;1.52;
2022-08-14 01:00:00;0.0;0.0;0.0;20.74;68.4;1.03;
2022-08-14 02:00:00;0.0;0.0;0.0;20.67;68.4;0.76;
2022-08-14 03:00:00;0.0;0.0;0.0;19.17;75.65;1.38;
2022-08-14 04:00:00;0.0;0.0;0.0;18.29;78.15;2.21;
2022-08-14 05:00:00;105.0;315.84;55.0;18.84;70.45;2.41;
2022-08-14 06:00:00;272.0;485.4;108.0;21.65;55.65;2.48;
2022-08-14 07:00:00;457.0;634.04;136.0;25.18;44.3;2.28;
2022-08-14 08:00:00;624.0;722.32;153.0;27.05;37.6;0.97;
2022-08-14 09:00:00;759.0;781.4;161.0;28.51;35.2;0.9;
2022-08-14 10:00:00;837.0;784.97;179.0;29.71;32.0;1.66;
2022-08-14 11:00:00;860.0;765.62;197.0;30.54;29.95;2.21;
2022-08-14 12:00:00;829.0;730.03;211.0;31.04;29.0;2.0;
2022-08-14 13:00:00;759.0;723.15;194.0;31.45;28.15;2.14;
2022-08-14 14:00:00;530.0;352.75;292.0;31.68;28.25;3.03;
2022-08-14 15:00:00;425.0;393.26;215.0;31.37;30.2;4.21;
2022-08-14 16:00:00;205.0;111.18;164.0;30.31;33.3;5.24;
2022-08-14 17:00:00;137.0;378.31;65.0;28.99;39.25;5.31;
2022-08-14 18:00:00;0.0;0.0;0.0;27.73;43.4;4.9;
2022-08-14 19:00:00;0.0;0.0;0.0;27.17;46.4;4.9;
2022-08-14 20:00:00;0.0;0.0;0.0;26.55;49.55;4.69;
2022-08-14 21:00:00;0.0;0.0;0.0;26.06;51.2;4.28;
2022-08-14 22:00:00;0.0;0.0;0.0;25.55;52.85;3.59;
2022-08-14 23:00:00;0.0;0.0;0.0;24.92;54.45;2.76;
2022-08-15 00:00:00;0.0;0.0;0.0;24.33;54.35;2.55;
2022-08-15 01:00:00;0.0;0.0;0.0;24.16;48.95;3.03;
2022-08-15 02:00:00;0.0;0.0;0.0;24.27;45.6;3.38;
2022-08-15 03:00:00;0.0;0.0;0.0;24.26;45.6;3.31;
2022-08-15 04:00:00;0.0;0.0;0.0;24.07;45.6;3.52;
2022-08-15 05:00:00;104.0;322.13;54.0;23.76;47.15;3.45;
2022-08-15 06:00:00;269.0;492.53;104.0;24.8;42.65;3.24;
2022-08-15 07:00:00;454.0;643.38;130.0;26.83;38.85;3.66;
2022-08-15 08:00:00;612.0;705.17;154.0;28.8;35.3;4.14;
2022-08-15 09:00:00;742.0;755.16;166.0;30.27;33.3;3.72;
2022-08-15 10:00:00;819.0;756.28;187.0;31.45;32.4;2.9;
2022-08-15 11:00:00;760.0;513.17;317.0;32.42;30.45;1.59;
2022-08-15 12:00:00;794.0;653.11;243.0;33.09;29.55;0.76;
2022-08-15 13:00:00;726.0;645.08;224.0;33.49;28.65;0.9;
2022-08-15 14:00:00;500.0;296.43;301.0;33.4;28.65;1.31;
2022-08-15 15:00:00;141.0;0.0;141.0;31.95;32.55;3.72;
2022-08-15 16:00:00;211.0;134.31;162.0;29.66;42.3;4.07;
2022-08-15 17:00:00;109.0;188.08;74.0;29.49;46.75;3.31;
2022-08-15 18:00:00;0.0;0.0;0.0;28.87;49.95;2.69;
2022-08-15 19:00:00;0.0;0.0;0.0;29.28;42.2;3.03;
2022-08-15 20:00:00;0.0;0.0;0.0;28.31;48.15;2.55;
2022-08-15 21:00:00;0.0;0.0;0.0;27.14;53.2;0.9;
2022-08-15 22:00:00;0.0;0.0;0.0;25.93;62.65;1.38;
2022-08-15 23:00:00;0.0;0.0;0.0;25.4;64.7;2.0;
2022-08-16 00:00:00;0.0;0.0;0.0;24.41;71.4;2.76;
2022-08-16 01:00:00;0.0;0.0;0.0;23.8;76.3;1.86;
2022-08-16 02:00:00;0.0;0.0;0.0;23.13;81.5;1.31;
2022-08-16 03:00:00;0.0;0.0;0.0;22.45;87.05;1.31;
2022-08-16 04:00:00;0.0;0.0;0.0;22.16;87.05;1.66;
2022-08-16 05:00:00;96.0;276.11;54.0;22.17;90.0;1.72;
2022-08-16 06:00:00;263.0;478.73;104.0;23.55;78.9;1.79;
2022-08-16 07:00:00;447.0;630.89;131.0;25.4;71.6;1.59;
2022-08-16 08:00:00;607.0;703.37;152.0;27.01;62.9;1.72;
2022-08-16 09:00:00;737.0;755.09;163.0;28.33;55.15;1.93;
2022-08-16 10:00:00;822.0;783.87;169.0;29.25;51.8;1.93;
2022-08-16 11:00:00;837.0;741.42;199.0;29.71;48.5;1.93;
2022-08-16 12:00:00;814.0;735.08;196.0;29.99;48.5;1.93;
2022-08-16 13:00:00;744.0;726.44;181.0;30.59;45.6;1.79;
2022-08-16 14:00:00;627.0;696.25;162.0;30.68;47.15;2.14;
2022-08-16 15:00:00;420.0;419.69;199.0;30.62;47.15;2.69;
2022-08-16 16:00:00;203.0;121.96;159.0;29.8;53.7;3.66;
2022-08-16 17:00:00;120.0;291.55;67.0;28.73;61.1;4.21;
2022-08-16 18:00:00;0.0;0.0;0.0;27.39;67.3;4.0;
2022-08-16 19:00:00;0.0;0.0;0.0;26.88;69.5;3.03;
2022-08-16 20:00:00;0.0;0.0;0.0;26.25;74.15;2.97;
2022-08-16 21:00:00;0.0;0.0;0.0;25.74;76.6;2.69;
2022-08-16 22:00:00;0.0;0.0;0.0;25.34;81.75;2.48;
2022-08-16 23:00:00;0.0;0.0;0.0;24.88;87.25;2.28;
2022-08-17 00:00:00;0.0;0.0;0.0;24.36;90.1;1.93;
2022-08-17 01:00:00;0.0;0.0;0.0;23.73;93.1;1.59;
2022-08-17 02:00:00;0.0;0.0;0.0;23.37;96.2;1.1;
2022-08-17 03:00:00;0.0;0.0;0.0;23.42;93.05;0.76;
2022-08-17 04:00:00;0.0;0.0;0.0;23.5;90.1;0.55;
2022-08-17 05:00:00;77.0;134.24;57.0;23.23;93.05;0.55;
2022-08-17 06:00:00;258.0;461.69;106.0;24.52;84.4;0.28;
2022-08-17 07:00:00;442.0;622.31;132.0;27.19;69.6;1.52;
2022-08-17 08:00:00;605.0;704.7;151.0;28.88;61.1;1.52;
2022-08-17 09:00:00;731.0;745.82;166.0;30.42;52.05;1.24;
2022-08-17 10:00:00;812.0;761.11;180.0;31.69;44.3;1.45;
2022-08-17 11:00:00;844.0;771.83;182.0;32.61;40.3;2.69;
2022-08-17 12:00:00;821.0;765.18;180.0;32.99;41.65;3.03;
2022-08-17 13:00:00;746.0;741.16;174.0;33.18;41.8;3.66;
2022-08-17 14:00:00;441.0;191.17;314.0;32.73;46.1;4.97;
2022-08-17 15:00:00;140.0;0.0;140.0;31.43;54.05;5.66;
2022-08-17 16:00:00;188.0;92.52;155.0;29.73;61.35;5.86;
2022-08-17 17:00:00;126.0;360.77;62.0;29.21;61.25;5.38;
2022-08-17 18:00:00;0.0;0.0;0.0;28.33;65.2;3.86;
2022-08-17 19:00:00;0.0;0.0;0.0;28.08;69.65;3.1;
2022-08-17 20:00:00;0.0;0.0;0.0;27.12;74.3;2.69;
2022-08-17 21:00:00;0.0;0.0;0.0;26.45;79.2;3.03;
2022-08-17 22:00:00;0.0;0.0;0.0;26.01;81.8;2.83;
2022-08-17 23:00:00;0.0;0.0;0.0;25.57;81.8;2.83;
2022-08-18 00:00:00;0.0;0.0;0.0;25.23;84.45;2.62;
2022-08-18 01:00:00;0.0;0.0;0.0;24.93;87.25;2.41;
2022-08-18 02:00:00;0.0;0.0;0.0;24.54;87.25;1.45;
2022-08-18 03:00:00;0.0;0.0;0.0;24.1;90.1;0.83;
2022-08-18 04:00:00;0.0;0.0;0.0;23.53;93.1;1.52;
2022-08-18 05:00:00;14.0;0.0;14.0;23.86;93.1;0.69;
2022-08-18 06:00:00;107.0;9.19;104.0;25.38;84.45;1.17;
2022-08-18 07:00:00;305.0;163.51;224.0;27.72;74.4;4.28;
2022-08-18 08:00:00;204.0;1.56;203.0;29.32;67.6;6.07;
2022-08-18 09:00:00;99.0;0.0;99.0;30.08;61.45;6.28;
2022-08-18 10:00:00;73.0;0.0;73.0;31.08;57.6;7.45;
2022-08-18 11:00:00;391.0;26.91;368.0;32.46;50.8;8.0;
2022-08-18 12:00:00;178.0;0.0;178.0;34.21;42.05;7.03;
2022-08-18 13:00:00;584.0;314.93;342.0;35.67;34.7;4.55;
2022-08-18 14:00:00;609.0;661.4;172.0;35.09;35.65;2.62;
2022-08-18 15:00:00;440.0;528.1;166.0;32.94;40.3;3.86;
2022-08-18 16:00:00;267.0;397.2;127.0;31.93;45.85;4.0;
2022-08-18 17:00:00;17.0;0.0;17.0;30.21;53.8;3.93;
2022-08-18 18:00:00;0.0;0.0;0.0;28.65;63.2;2.83;
2022-08-18 19:00:00;0.0;0.0;0.0;29.06;51.8;2.07;
2022-08-18 20:00:00;0.0;0.0;0.0;27.47;60.9;1.03;
2022-08-18 21:00:00;0.0;0.0;0.0;24.56;81.7;3.17;
2022-08-18 22:00:00;0.0;0.0;0.0;23.37;87.1;3.17;
2022-08-18 23:00:00;0.0;0.0;0.0;22.7;90.05;1.72;
2022-08-19 00:00:00;0.0;0.0;0.0;22.4;93.05;2.41;
2022-08-19 01:00:00;0.0;0.0;0.0;22.2;87.05;2.28;
2022-08-19 02:00:00;0.0;0.0;0.0;21.8;89.95;2.07;
2022-08-19 03:00:00;0.0;0.0;0.0;21.41;89.95;1.17;
2022-08-19 04:00:00;0.0;0.0;0.0;20.73;92.95;3.66;
2022-08-19 05:00:00;37.0;7.01;36.0;20.14;92.95;4.0;
2022-08-19 06:00:00;97.0;3.09;96.0;20.31;89.85;2.97;
2022-08-19 07:00:00;103.0;0.0;103.0;24.84;76.45;1.31;
2022-08-19 08:00:00;54.0;0.0;54.0;24.85;76.45;0.55;
2022-08-19 09:00:00;108.0;0.0;108.0;24.46;76.35;1.1;
2022-08-19 10:00:00;708.0;486.15;307.0;24.43;76.35;1.17;
2022-08-19 11:00:00;643.0;295.81;391.0;24.34;76.35;1.38;
2022-08-19 12:00:00;759.0;602.52;258.0;23.96;78.9;1.03;
2022-08-19 13:00:00;434.0;90.19;365.0;24.2;76.35;1.38;
2022-08-19 14:00:00;221.0;3.04;219.0;24.62;73.95;1.93;
2022-08-19 15:00:00;347.0;225.31;231.0;24.45;73.85;1.66;
2022-08-19 16:00:00;271.0;436.54;119.0;23.56;73.75;2.55;
2022-08-19 17:00:00;102.0;219.72;65.0;22.6;81.45;3.17;
2022-08-19 18:00:00;0.0;0.0;0.0;21.63;89.95;3.45;
2022-08-19 19:00:00;0.0;0.0;0.0;23.02;66.55;0.69;
2022-08-19 20:00:00;0.0;0.0;0.0;21.74;76.0;1.1;
2022-08-19 21:00:00;0.0;0.0;0.0;20.62;78.5;2.14;
2022-08-19 22:00:00;0.0;0.0;0.0;20.1;81.15;2.0;
2022-08-19 23:00:00;0.0;0.0;0.0;19.94;83.9;2.48;
2022-08-20 00:00:00;0.0;0.0;0.0;19.96;81.1;2.83;
2022-08-20 01:00:00;0.0;0.0;0.0;19.76;78.35;2.9;
2022-08-20 02:00:00;0.0;0.0;0.0;19.6;75.7;2.83;
2022-08-20 03:00:00;0.0;0.0;0.0;19.36;75.65;2.48;
2022-08-20 04:00:00;0.0;0.0;0.0;19.08;75.65;2.41;
2022-08-20 05:00:00;86.0;258.03;50.0;18.99;75.65;2.41;
2022-08-20 06:00:00;264.0;527.47;95.0;20.49;68.4;2.55;
2022-08-20 07:00:00;449.0;669.69;121.0;23.47;66.55;2.83;
2022-08-20 08:00:00;613.0;748.29;137.0;25.21;58.45;2.97;
2022-08-20 09:00:00;743.0;791.26;150.0;26.72;53.1;3.17;
2022-08-20 10:00:00;830.0;822.36;154.0;27.95;49.8;3.31;
2022-08-20 11:00:00;863.0;832.82;156.0;28.61;46.65;3.59;
2022-08-20 12:00:00;830.0;804.06;164.0;28.6;48.25;3.59;
2022-08-20 13:00:00;752.0;778.66;159.0;28.44;49.8;3.1;
2022-08-20 14:00:00;630.0;740.89;146.0;28.44;49.8;2.14;
2022-08-20 15:00:00;463.0;646.06;133.0;28.4;49.8;1.31;
2022-08-20 16:00:00;283.0;517.69;105.0;28.43;49.8;1.59;
2022-08-20 17:00:00;109.0;299.18;60.0;28.07;51.55;1.52;
2022-08-20 18:00:00;0.0;0.0;0.0;27.07;56.95;1.52;
2022-08-20 19:00:00;0.0;0.0;0.0;25.72;71.65;0.9;
2022-08-20 20:00:00;0.0;0.0;0.0;23.55;78.9;1.66;
2022-08-20 21:00:00;0.0;0.0;0.0;22.11;84.15;1.79;
2022-08-20 22:00:00;0.0;0.0;0.0;21.13;86.95;1.72;
2022-08-20 23:00:00;0.0;0.0;0.0;20.42;89.85;1.59;
2022-08-21 00:00:00;0.0;0.0;0.0;19.9;89.85;1.52;
2022-08-21 01:00:00;0.0;0.0;0.0;19.74;89.85;1.31;
2022-08-21 02:00:00;0.0;0.0;0.0;20.47;86.85;0.97;
2022-08-21 03:00:00;0.0;0.0;0.0;20.59;84.05;0.69;
2022-08-21 04:00:00;0.0;0.0;0.0;19.98;86.85;0.9;
2022-08-21 05:00:00;82.0;242.06;49.0;19.47;89.85;0.97;
2022-08-21 06:00:00;263.0;532.43;94.0;21.31;89.95;0.48;
2022-08-21 07:00:00;446.0;665.39;122.0;25.08;66.95;0.34;
2022-08-21 08:00:00;610.0;742.1;140.0;27.0;54.95;1.03;
2022-08-21 09:00:00;736.0;775.47;157.0;28.14;49.8;1.93;
2022-08-21 10:00:00;822.0;804.5;163.0;28.99;46.65;1.93;
2022-08-21 11:00:00;850.0;803.9;170.0;29.61;42.3;1.79;
2022-08-21 12:00:00;821.0;786.64;172.0;29.94;42.3;2.07;
2022-08-21 13:00:00;735.0;734.8;178.0;30.11;41.0;2.34;
2022-08-21 14:00:00;619.0;714.47;155.0;30.01;42.3;2.48;
2022-08-21 15:00:00;459.0;639.5;135.0;29.78;42.3;2.41;
2022-08-21 16:00:00;281.0;518.56;105.0;29.02;46.65;2.41;
2022-08-21 17:00:00;104.0;282.85;59.0;28.08;53.35;2.48;
2022-08-21 18:00:00;0.0;0.0;0.0;26.73;60.8;2.48;
2022-08-21 19:00:00;0.0;0.0;0.0;25.78;64.8;3.1;
2022-08-21 20:00:00;0.0;0.0;0.0;24.92;69.15;2.97;
2022-08-21 21:00:00;0.0;0.0;0.0;24.3;71.4;2.69;
2022-08-21 22:00:00;0.0;0.0;0.0;23.63;73.75;2.41;
2022-08-21 23:00:00;0.0;0.0;0.0;22.96;78.75;2.28;
2022-08-22 00:00:00;0.0;0.0;0.0;21.99;81.35;1.86;
2022-08-22 01:00:00;0.0;0.0;0.0;21.08;84.05;1.52;
2022-08-22 02:00:00;0.0;0.0;0.0;20.63;86.9;1.52;
2022-08-22 03:00:00;0.0;0.0;0.0;20.41;89.85;1.72;
2022-08-22 04:00:00;0.0;0.0;0.0;20.45;86.85;1.86;
2022-08-22 05:00:00;58.0;67.61;49.0;20.57;84.05;1.79;
2022-08-22 06:00:00;259.0;521.61;95.0;22.57;76.15;1.79;
2022-08-22 07:00:00;442.0;661.07;122.0;25.88;62.65;1.79;
2022-08-22 08:00:00;604.0;726.38;146.0;27.45;46.4;1.59;
2022-08-22 09:00:00;728.0;758.25;164.0;28.42;41.95;0.83;
2022-08-22 10:00:00;809.0;773.09;178.0;29.07;39.35;1.45;
2022-08-22 11:00:00;841.0;783.13;181.0;29.4;40.75;1.86;
2022-08-22 12:00:00;786.0;680.3;227.0;29.51;40.75;1.72;
2022-08-22 13:00:00;730.0;723.74;184.0;29.81;40.9;1.86;
2022-08-22 14:00:00;617.0;718.8;153.0;29.63;39.5;2.28;
2022-08-22 15:00:00;459.0;650.83;132.0;29.32;40.75;2.34;
2022-08-22 16:00:00;275.0;504.63;106.0;28.66;42.05;2.21;
2022-08-22 17:00:00;99.0;272.14;57.0;27.36;46.4;1.45;
2022-08-22 18:00:00;0.0;0.0;0.0;26.66;49.55;1.45;
2022-08-22 19:00:00;0.0;0.0;0.0;25.42;60.45;3.86;
2022-08-22 20:00:00;0.0;0.0;0.0;24.85;62.45;3.79;
2022-08-22 21:00:00;0.0;0.0;0.0;24.19;62.35;3.79;
2022-08-22 22:00:00;0.0;0.0;0.0;23.75;64.4;3.93;
2022-08-22 23:00:00;0.0;0.0;0.0;23.31;66.55;4.0;
2022-08-23 00:00:00;0.0;0.0;0.0;22.93;68.75;3.86;
2022-08-23 01:00:00;0.0;0.0;0.0;22.58;68.75;3.66;
2022-08-23 02:00:00;0.0;0.0;0.0;22.14;68.7;3.1;
2022-08-23 03:00:00;0.0;0.0;0.0;21.61;71.0;2.48;
2022-08-23 04:00:00;0.0;0.0;0.0;21.09;75.95;2.07;
2022-08-23 05:00:00;82.0;277.12;46.0;20.59;78.5;1.86;
2022-08-23 06:00:00;259.0;542.73;90.0;22.23;73.55;1.66;
2022-08-23 07:00:00;438.0;658.81;121.0;24.7;58.35;3.1;
2022-08-23 08:00:00;618.0;783.84;126.0;25.78;51.05;3.17;
2022-08-23 09:00:00;636.0;484.52;277.0;26.66;47.9;3.1;
2022-08-23 10:00:00;805.0;778.39;172.0;26.58;49.55;4.0;
2022-08-23 11:00:00;827.0;761.07;188.0;26.15;54.8;4.76;
2022-08-23 12:00:00;803.0;754.01;186.0;26.22;54.8;4.07;
2022-08-23 13:00:00;730.0;744.6;171.0;26.54;53.1;3.45;
2022-08-23 14:00:00;612.0;718.59;151.0;26.61;51.3;3.72;
2022-08-23 15:00:00;451.0;642.39;131.0;26.42;52.95;3.52;
2022-08-23 16:00:00;271.0;508.6;103.0;26.18;49.45;2.97;
2022-08-23 17:00:00;96.0;274.24;55.0;25.6;51.05;2.28;
2022-08-23 18:00:00;0.0;0.0;0.0;24.88;54.45;1.31;
2022-08-23 19:00:00;0.0;0.0;0.0;24.47;66.75;1.66;
2022-08-23 20:00:00;0.0;0.0;0.0;23.33;73.7;1.31;
2022-08-23 21:00:00;0.0;0.0;0.0;24.19;66.75;0.41;
2022-08-23 22:00:00;0.0;0.0;0.0;23.65;68.95;0.34;
2022-08-23 23:00:00;0.0;0.0;0.0;22.47;78.7;0.83;
2022-08-24 00:00:00;0.0;0.0;0.0;21.51;81.35;1.03;
2022-08-24 01:00:00;0.0;0.0;0.0;20.89;86.9;1.1;
2022-08-24 02:00:00;0.0;0.0;0.0;20.81;86.9;1.03;
2022-08-24 03:00:00;0.0;0.0;0.0;20.62;86.9;1.1;
2022-08-24 04:00:00;0.0;0.0;0.0;20.53;86.9;1.31;
2022-08-24 05:00:00;62.0;118.41;47.0;20.48;84.05;1.24;
2022-08-24 06:00:00;244.0;479.98;96.0;22.18;81.4;1.17;
2022-08-24 07:00:00;417.0;587.56;136.0;24.73;62.45;2.34;
2022-08-24 08:00:00;577.0;667.41;160.0;26.01;54.7;3.45;
2022-08-24 09:00:00;460.0;138.21;358.0;26.87;47.9;4.07;
2022-08-24 10:00:00;743.0;603.56;254.0;27.46;46.4;4.55;
2022-08-24 11:00:00;816.0;741.29;196.0;27.89;43.4;4.76;
2022-08-24 12:00:00;787.0;720.4;200.0;28.15;43.4;4.76;
2022-08-24 13:00:00;718.0;724.24;177.0;28.26;43.4;4.48;
2022-08-24 14:00:00;601.0;702.77;153.0;28.24;43.4;3.66;
2022-08-24 15:00:00;442.0;623.77;134.0;28.09;43.4;3.03;
2022-08-24 16:00:00;264.0;500.51;101.0;27.72;43.4;2.48;
2022-08-24 17:00:00;90.0;248.96;54.0;27.14;44.8;2.28;
2022-08-24 18:00:00;0.0;0.0;0.0;26.24;51.2;1.86;
2022-08-24 19:00:00;0.0;0.0;0.0;25.58;52.85;1.45;
2022-08-24 20:00:00;0.0;0.0;0.0;24.46;62.35;1.1;
2022-08-24 21:00:00;0.0;0.0;0.0;24.99;58.35;0.62;
2022-08-24 22:00:00;0.0;0.0;0.0;22.33;71.05;1.52;
2022-08-24 23:00:00;0.0;0.0;0.0;21.49;73.45;1.72;
2022-08-25 00:00:00;0.0;0.0;0.0;21.03;75.95;1.79;
2022-08-25 01:00:00;0.0;0.0;0.0;20.74;75.85;1.93;
2022-08-25 02:00:00;0.0;0.0;0.0;20.55;73.3;1.93;
2022-08-25 03:00:00;0.0;0.0;0.0;20.68;73.3;2.28;
2022-08-25 04:00:00;0.0;0.0;0.0;21.07;68.5;2.76;
2022-08-25 05:00:00;68.0;186.35;45.0;21.3;70.9;2.9;
2022-08-25 06:00:00;238.0;461.87;97.0;22.77;66.45;2.55;
2022-08-25 07:00:00;420.0;614.35;128.0;25.44;69.25;2.14;
2022-08-25 08:00:00;580.0;689.84;151.0;26.91;58.8;2.83;
2022-08-25 09:00:00;714.0;752.32;161.0;27.99;53.35;3.1;
2022-08-25 10:00:00;777.0;716.14;199.0;28.92;49.95;3.38;
2022-08-25 11:00:00;641.0;313.29;380.0;29.59;45.35;3.72;
2022-08-25 12:00:00;787.0;732.16;193.0;29.85;45.35;3.86;
2022-08-25 13:00:00;721.0;748.15;165.0;29.88;43.8;3.66;
2022-08-25 14:00:00;596.0;699.45;153.0;29.9;43.8;3.1;
2022-08-25 15:00:00;437.0;621.25;133.0;29.64;42.3;2.83;
2022-08-25 16:00:00;259.0;492.3;101.0;29.43;43.65;2.62;
2022-08-25 17:00:00;85.0;229.16;53.0;28.78;46.65;2.0;
2022-08-25 18:00:00;0.0;0.0;0.0;27.72;51.55;1.45;
2022-08-25 19:00:00;0.0;0.0;0.0;26.55;60.8;1.1;
2022-08-25 20:00:00;0.0;0.0;0.0;26.75;58.8;0.28;
2022-08-25 21:00:00;0.0;0.0;0.0;25.52;66.95;0.9;
2022-08-25 22:00:00;0.0;0.0;0.0;23.02;76.2;1.52;
2022-08-25 23:00:00;0.0;0.0;0.0;22.37;76.1;2.0;
2022-08-26 00:00:00;0.0;0.0;0.0;22.15;73.55;2.14;
2022-08-26 01:00:00;0.0;0.0;0.0;21.98;73.45;2.21;
2022-08-26 02:00:00;0.0;0.0;0.0;21.7;73.45;2.21;
2022-08-26 03:00:00;0.0;0.0;0.0;21.4;75.95;2.14;
2022-08-26 04:00:00;0.0;0.0;0.0;21.02;75.95;1.93;
2022-08-26 05:00:00;38.0;16.64;36.0;20.76;81.2;1.72;
2022-08-26 06:00:00;230.0;426.87;101.0;23.16;71.25;1.45;
2022-08-26 07:00:00;410.0;588.58;132.0;26.28;67.15;1.86;
2022-08-26 08:00:00;572.0;672.12;156.0;27.85;59.0;2.21;
2022-08-26 09:00:00;700.0;723.99;170.0;29.06;53.55;2.76;
2022-08-26 10:00:00;788.0;766.2;172.0;29.92;50.2;3.03;
2022-08-26 11:00:00;775.0;643.56;241.0;30.5;47.0;3.17;
2022-08-26 12:00:00;763.0;672.28;220.0;30.93;45.6;3.17;
2022-08-26 13:00:00;707.0;716.92;177.0;30.87;44.05;3.17;
2022-08-26 14:00:00;580.0;656.44;167.0;30.87;44.05;3.17;
2022-08-26 15:00:00;423.0;581.65;141.0;30.46;43.95;2.97;
2022-08-26 16:00:00;216.0;275.18;129.0;29.77;45.35;2.28;
2022-08-26 17:00:00;84.0;252.58;50.0;29.04;51.65;1.79;
2022-08-26 18:00:00;0.0;0.0;0.0;28.04;55.15;1.59;
2022-08-26 19:00:00;0.0;0.0;0.0;27.77;55.15;0.55;
2022-08-26 20:00:00;0.0;0.0;0.0;26.34;62.8;1.03;
2022-08-26 21:00:00;0.0;0.0;0.0;24.73;66.85;1.59;
2022-08-26 22:00:00;0.0;0.0;0.0;23.95;71.35;1.72;
2022-08-26 23:00:00;0.0;0.0;0.0;23.11;71.25;1.59;
2022-08-27 00:00:00;0.0;0.0;0.0;22.44;76.1;1.66;
2022-08-27 01:00:00;0.0;0.0;0.0;22.04;76.1;1.86;
2022-08-27 02:00:00;0.0;0.0;0.0;21.78;76.0;2.0;
2022-08-27 03:00:00;0.0;0.0;0.0;21.69;76.0;2.21;
2022-08-27 04:00:00;0.0;0.0;0.0;21.62;76.0;2.28;
2022-08-27 05:00:00;53.0;94.1;42.0;21.53;76.0;2.07;
2022-08-27 06:00:00;219.0;377.8;106.0;23.43;71.25;1.45;
2022-08-27 07:00:00;401.0;562.52;137.0;26.08;60.7;3.1;
2022-08-27 08:00:00;560.0;642.91;164.0;27.18;56.95;2.83;
2022-08-27 09:00:00;691.0;706.44;176.0;28.34;55.15;2.21;
2022-08-27 10:00:00;769.0;721.8;191.0;29.32;51.8;1.86;
2022-08-27 11:00:00;726.0;521.56;295.0;29.86;48.5;2.0;
2022-08-27 12:00:00;158.0;0.0;158.0;29.98;50.2;2.55;
2022-08-27 13:00:00;75.0;0.0;75.0;29.82;50.2;1.72;
2022-08-27 14:00:00;53.0;0.0;53.0;28.97;53.45;0.83;
2022-08-27 15:00:00;386.0;437.27;176.0;28.98;55.3;0.41;
2022-08-27 16:00:00;149.0;64.25;129.0;29.04;55.3;1.1;
2022-08-27 17:00:00;17.0;0.0;17.0;28.66;55.3;1.24;
2022-08-27 18:00:00;0.0;0.0;0.0;27.97;59.0;1.45;
2022-08-27 19:00:00;0.0;0.0;0.0;24.58;69.15;0.62;
2022-08-27 20:00:00;0.0;0.0;0.0;23.03;78.85;0.34;
2022-08-27 21:00:00;0.0;0.0;0.0;22.52;84.25;1.93;
2022-08-27 22:00:00;0.0;0.0;0.0;22.08;84.15;1.45;
2022-08-27 23:00:00;0.0;0.0;0.0;21.92;87.0;1.03;
2022-08-28 00:00:00;0.0;0.0;0.0;21.74;87.0;1.31;
2022-08-28 01:00:00;0.0;0.0;0.0;21.39;89.95;0.9;
2022-08-28 02:00:00;0.0;0.0;0.0;21.02;89.95;1.1;
2022-08-28 03:00:00;0.0;0.0;0.0;20.8;92.95;0.97;
2022-08-28 04:00:00;0.0;0.0;0.0;20.65;92.95;1.24;
2022-08-28 05:00:00;57.0;140.84;41.0;20.56;96.15;0.62;
2022-08-28 06:00:00;226.0;432.46;98.0;21.65;89.95;0.48;
2022-08-28 07:00:00;400.0;564.03;137.0;22.78;84.25;1.66;
2022-08-28 08:00:00;562.0;657.49;159.0;23.26;76.2;1.66;
2022-08-28 09:00:00;701.0;745.27;160.0;24.93;69.15;1.1;
2022-08-28 10:00:00;785.0;774.89;167.0;26.54;58.8;0.97;
2022-08-28 11:00:00;811.0;775.3;173.0;27.55;55.15;0.69;
2022-08-28 12:00:00;723.0;574.77;263.0;28.05;57.05;0.55;
2022-08-28 13:00:00;365.0;47.86;330.0;28.57;55.3;1.03;
2022-08-28 14:00:00;260.0;19.34;248.0;28.88;55.3;1.66;
2022-08-28 15:00:00;267.0;105.13;217.0;28.96;55.3;1.72;
2022-08-28 16:00:00;138.0;48.96;123.0;28.22;57.05;0.97;
2022-08-28 17:00:00;43.0;24.12;40.0;26.76;60.8;0.55;
2022-08-28 18:00:00;0.0;0.0;0.0;25.76;64.8;0.9;
2022-08-28 19:00:00;0.0;0.0;0.0;25.25;79.1;2.9;
2022-08-28 20:00:00;0.0;0.0;0.0;23.92;84.35;2.9;
2022-08-28 21:00:00;0.0;0.0;0.0;22.74;81.45;1.86;
2022-08-28 22:00:00;0.0;0.0;0.0;22.55;81.45;0.69;
2022-08-28 23:00:00;0.0;0.0;0.0;22.61;78.75;0.48;
2022-08-29 00:00:00;0.0;0.0;0.0;22.7;78.75;0.07;
2022-08-29 01:00:00;0.0;0.0;0.0;22.56;81.45;0.41;
2022-08-29 02:00:00;0.0;0.0;0.0;22.38;84.15;0.41;
2022-08-29 03:00:00;0.0;0.0;0.0;21.32;89.95;0.97;
2022-08-29 04:00:00;0.0;0.0;0.0;20.42;96.1;1.24;
2022-08-29 05:00:00;50.0;99.72;39.0;20.31;92.95;1.17;
2022-08-29 06:00:00;240.0;519.06;88.0;22.06;87.05;0.76;
2022-08-29 07:00:00;405.0;593.65;130.0;24.27;76.35;0.97;
2022-08-29 08:00:00;567.0;677.18;154.0;25.63;67.05;0.76;
2022-08-29 09:00:00;700.0;741.58;164.0;26.84;58.8;0.34;
2022-08-29 10:00:00;738.0;627.01;240.0;27.76;55.15;0.48;
2022-08-29 11:00:00;628.0;305.1;378.0;28.72;53.45;1.1;
2022-08-29 12:00:00;637.0;361.57;349.0;29.2;51.8;1.72;
2022-08-29 13:00:00;692.0;693.07;188.0;29.49;51.8;2.0;
2022-08-29 14:00:00;571.0;660.57;164.0;29.32;51.8;2.0;
2022-08-29 15:00:00;439.0;690.18;114.0;29.32;51.8;2.0;
2022-08-29 16:00:00;238.0;454.57;101.0;28.69;55.3;2.07;
2022-08-29 17:00:00;66.0;167.86;46.0;27.91;59.0;2.14;
2022-08-29 18:00:00;0.0;0.0;0.0;26.75;65.0;2.34;
2022-08-29 19:00:00;0.0;0.0;0.0;26.38;69.4;1.93;
2022-08-29 20:00:00;0.0;0.0;0.0;25.58;74.1;1.86;
2022-08-29 21:00:00;0.0;0.0;0.0;24.7;79.05;1.93;
2022-08-29 22:00:00;0.0;0.0;0.0;23.73;84.35;1.59;
2022-08-29 23:00:00;0.0;0.0;0.0;24.24;81.65;0.83;
2022-08-30 00:00:00;0.0;0.0;0.0;23.02;84.25;0.97;
2022-08-30 01:00:00;0.0;0.0;0.0;22.93;87.1;0.9;
2022-08-30 02:00:00;0.0;0.0;0.0;22.96;87.1;0.48;
2022-08-30 03:00:00;0.0;0.0;0.0;21.92;89.95;0.76;
2022-08-30 04:00:00;0.0;0.0;0.0;21.32;93.0;0.83;
2022-08-30 05:00:00;52.0;121.5;39.0;20.78;92.95;0.9;
2022-08-30 06:00:00;235.0;504.01;89.0;22.07;90.0;0.62;
2022-08-30 07:00:00;404.0;601.98;127.0;24.56;76.45;0.34;
2022-08-30 08:00:00;561.0;664.15;158.0;26.24;69.4;0.97;
2022-08-30 09:00:00;685.0;701.78;180.0;27.59;59.0;1.17;
2022-08-30 10:00:00;767.0;729.55;190.0;28.76;55.3;1.52;
2022-08-30 11:00:00;779.0;682.74;222.0;29.63;50.2;1.59;
2022-08-30 12:00:00;750.0;666.09;222.0;30.29;47.0;2.07;
2022-08-30 13:00:00;673.0;643.11;208.0;30.5;47.0;2.41;
2022-08-30 14:00:00;362.0;116.08;291.0;30.43;47.0;2.69;
2022-08-30 15:00:00;421.0;637.18;124.0;29.78;48.5;2.34;
2022-08-30 16:00:00;87.0;3.37;86.0;29.07;50.05;2.28;
2022-08-30 17:00:00;33.0;8.78;32.0;28.15;53.35;2.28;
2022-08-30 18:00:00;0.0;0.0;0.0;27.15;56.95;2.14;
2022-08-30 19:00:00;0.0;0.0;0.0;26.32;69.4;2.07;
2022-08-30 20:00:00;0.0;0.0;0.0;25.96;71.65;2.07;
2022-08-30 21:00:00;0.0;0.0;0.0;25.38;74.0;1.79;
2022-08-30 22:00:00;0.0;0.0;0.0;24.89;79.05;1.45;
2022-08-30 23:00:00;0.0;0.0;0.0;24.54;79.05;1.24;
2022-08-31 00:00:00;0.0;0.0;0.0;24.17;81.65;0.76;
2022-08-31 01:00:00;0.0;0.0;0.0;24.29;78.95;0.28;
2022-08-31 02:00:00;0.0;0.0;0.0;22.81;87.1;1.17;
2022-08-31 03:00:00;0.0;0.0;0.0;22.47;90.0;1.1;
2022-08-31 04:00:00;0.0;0.0;0.0;23.45;84.25;0.48;
2022-08-31 05:00:00;28.0;9.65;27.0;23.08;84.25;0.41;
2022-08-31 06:00:00;56.0;0.0;56.0;23.43;87.1;0.69;
2022-08-31 07:00:00;209.0;41.57;190.0;22.41;90.0;2.0;
2022-08-31 08:00:00;482.0;407.51;236.0;21.98;87.0;1.45;
2022-08-31 09:00:00;336.0;34.9;311.0;21.68;87.0;0.9;
2022-08-31 10:00:00;132.0;0.0;132.0;22.51;84.25;1.52;
2022-08-31 11:00:00;770.0;684.56;214.0;23.94;76.3;1.03;
2022-08-31 12:00:00;712.0;580.65;254.0;25.5;69.25;0.9;
2022-08-31 13:00:00;161.0;0.0;161.0;26.43;64.95;1.17;
2022-08-31 14:00:00;172.0;0.0;172.0;26.77;60.8;2.21;
2022-08-31 15:00:00;101.0;0.0;101.0;26.0;67.05;2.9;
2022-08-31 16:00:00;67.0;0.0;67.0;23.65;82.44;2.06;
2022-08-31 17:00:00;52.0;101.33;41.0;23.57;82.56;2.08;
2022-08-31 18:00:00;0.0;0.0;0.0;23.49;82.67;2.1;
2022-08-31 19:00:00;0.0;0.0;0.0;23.41;82.78;2.12;
2022-08-31 20:00:00;0.0;0.0;0.0;23.33;82.89;2.14;
2022-08-31 21:00:00;0.0;0.0;0.0;23.25;83.0;2.15;
2022-08-31 22:00:00;0.0;0.0;0.0;23.17;83.11;2.17;
2022-08-31 23:00:00;0.0;0.0;0.0;23.09;83.22;2.19;
2022-09-01 00:00:00;0.0;0.0;0.0;23.01;83.33;2.21;
2022-09-01 01:00:00;0.0;0.0;0.0;22.93;83.44;2.23;
2022-09-01 02:00:00;0.0;0.0;0.0;22.85;83.56;2.24;
2022-09-01 03:00:00;0.0;0.0;0.0;22.77;83.67;2.26;
2022-09-01 04:00:00;0.0;0.0;0.0;22.69;83.78;2.28;
2022-09-01 05:00:00;38.0;49.84;33.0;22.61;83.89;2.3;
2022-09-01 06:00:00;213.0;416.52;95.0;22.53;84.0;2.31;
2022-09-01 07:00:00;384.0;544.17;137.0;22.45;84.11;2.33;
2022-09-01 08:00:00;558.0;696.09;140.0;26.28;64.8;2.41;
2022-09-01 09:00:00;694.0;769.86;145.0;27.57;58.9;2.21;
2022-09-01 10:00:00;773.0;789.48;154.0;28.68;57.15;1.93;
2022-09-01 11:00:00;820.0;843.52;138.0;29.64;53.7;1.72;
2022-09-01 12:00:00;801.0;857.54;128.0;30.07;52.05;1.72;
2022-09-01 13:00:00;706.0;794.92;138.0;30.18;52.05;2.0;
2022-09-01 14:00:00;580.0;751.85;127.0;30.07;52.05;1.79;
2022-09-01 15:00:00;406.0;628.88;119.0;29.79;53.7;1.38;
2022-09-01 16:00:00;227.0;482.43;89.0;29.43;55.4;1.17;
2022-09-01 17:00:00;60.0;213.22;38.0;28.88;59.1;1.03;
2022-09-01 18:00:00;0.0;0.0;0.0;27.94;69.6;0.76;
2022-09-01 19:00:00;0.0;0.0;0.0;27.58;65.1;0.28;
2022-09-01 20:00:00;0.0;0.0;0.0;27.01;67.2;0.0;
2022-09-01 21:00:00;0.0;0.0;0.0;26.07;74.1;0.62;
2022-09-01 22:00:00;0.0;0.0;0.0;23.81;84.35;1.31;
2022-09-01 23:00:00;0.0;0.0;0.0;23.15;84.25;1.59;
2022-09-02 00:00:00;0.0;0.0;0.0;22.86;84.25;1.86;
2022-09-02 01:00:00;0.0;0.0;0.0;22.44;84.25;1.72;
2022-09-02 02:00:00;0.0;0.0;0.0;21.97;87.05;1.59;
2022-09-02 03:00:00;0.0;0.0;0.0;21.82;87.0;1.66;
2022-09-02 04:00:00;0.0;0.0;0.0;21.51;87.0;1.72;
2022-09-02 05:00:00;50.0;164.98;34.0;21.45;87.0;1.79;
2022-09-02 06:00:00;202.0;364.18;100.0;23.16;78.85;1.79;
2022-09-02 07:00:00;386.0;572.4;128.0;24.8;71.5;1.86;
2022-09-02 08:00:00;553.0;691.44;140.0;26.45;67.15;1.93;
2022-09-02 09:00:00;685.0;755.14;149.0;27.79;65.1;2.69;
2022-09-02 10:00:00;771.0;794.3;151.0;28.49;61.1;3.52;
2022-09-02 11:00:00;809.0;827.57;143.0;28.59;61.1;4.14;
2022-09-02 12:00:00;69.0;0.0;69.0;26.56;69.4;3.52;
2022-09-02 13:00:00;62.0;0.0;62.0;26.96;65.0;3.17;
2022-09-02 14:00:00;277.0;36.8;255.0;26.86;67.15;2.9;
2022-09-02 15:00:00;155.0;6.65;152.0;26.96;65.0;2.41;
2022-09-02 16:00:00;104.0;17.8;99.0;26.9;67.15;1.72;
2022-09-02 17:00:00;36.0;40.92;32.0;26.43;67.15;1.03;
2022-09-02 18:00:00;0.0;0.0;0.0;25.18;69.25;1.17;
2022-09-02 19:00:00;0.0;0.0;0.0;24.82;79.05;0.55;
2022-09-02 20:00:00;0.0;0.0;0.0;23.35;87.1;1.45;
2022-09-02 21:00:00;0.0;0.0;0.0;21.99;87.05;2.62;
2022-09-02 22:00:00;0.0;0.0;0.0;21.43;89.95;2.55;
2022-09-02 23:00:00;0.0;0.0;0.0;20.83;96.15;2.62;
2022-09-03 00:00:00;0.0;0.0;0.0;20.89;93.0;2.48;
2022-09-03 01:00:00;0.0;0.0;0.0;20.67;92.95;2.07;
2022-09-03 02:00:00;0.0;0.0;0.0;20.79;89.9;3.1;
2022-09-03 03:00:00;0.0;0.0;0.0;20.9;86.95;3.72;
2022-09-03 04:00:00;0.0;0.0;0.0;20.8;86.9;4.76;
2022-09-03 05:00:00;47.0;149.54;33.0;20.7;84.05;5.52;
2022-09-03 06:00:00;112.0;28.9;104.0;20.83;81.2;5.24;
2022-09-03 07:00:00;372.0;496.05;150.0;21.2;84.05;4.69;
2022-09-03 08:00:00;462.0;356.86;250.0;21.79;78.65;4.9;
2022-09-03 09:00:00;535.0;305.76;319.0;22.53;66.45;5.52;
2022-09-03 10:00:00;727.0;643.49;227.0;23.11;62.15;5.66;
2022-09-03 11:00:00;801.0;801.53;159.0;23.6;56.15;5.31;
2022-09-03 12:00:00;740.0;683.69;209.0;23.99;52.5;4.97;
2022-09-03 13:00:00;699.0;786.37;144.0;24.28;50.7;4.69;
2022-09-03 14:00:00;578.0;763.76;125.0;24.39;48.95;4.41;
2022-09-03 15:00:00;409.0;665.35;112.0;24.31;47.25;4.07;
2022-09-03 16:00:00;227.0;522.59;83.0;24.08;45.6;3.52;
2022-09-03 17:00:00;47.0;130.04;35.0;23.63;47.15;2.55;
2022-09-03 18:00:00;0.0;0.0;0.0;22.69;54.0;1.72;
2022-09-03 19:00:00;0.0;0.0;0.0;21.78;57.65;3.03;
2022-09-03 20:00:00;0.0;0.0;0.0;21.27;61.7;2.97;
2022-09-03 21:00:00;0.0;0.0;0.0;20.77;66.05;2.9;
2022-09-03 22:00:00;0.0;0.0;0.0;20.36;68.3;2.9;
2022-09-03 23:00:00;0.0;0.0;0.0;20.08;65.95;3.1;
2022-09-04 00:00:00;0.0;0.0;0.0;19.8;68.2;3.17;
2022-09-04 01:00:00;0.0;0.0;0.0;19.47;65.85;3.17;
2022-09-04 02:00:00;0.0;0.0;0.0;19.11;68.1;3.03;
2022-09-04 03:00:00;0.0;0.0;0.0;18.7;70.45;2.9;
2022-09-04 04:00:00;0.0;0.0;0.0;18.41;68.05;2.76;
2022-09-04 05:00:00;54.0;277.02;29.0;18.13;72.9;2.62;
2022-09-04 06:00:00;229.0;548.27;79.0;19.17;73.05;2.55;
2022-09-04 07:00:00;415.0;690.95;108.0;21.78;61.85;2.62;
2022-09-04 08:00:00;582.0;770.14;127.0;22.97;52.25;3.86;
2022-09-04 09:00:00;591.0;426.71;291.0;23.64;50.55;4.21;
2022-09-04 10:00:00;784.0;805.51;161.0;24.13;47.25;4.14;
2022-09-04 11:00:00;831.0;863.11;143.0;24.57;45.75;4.07;
2022-09-04 12:00:00;806.0;866.0;137.0;24.85;45.75;3.86;
2022-09-04 13:00:00;716.0;827.03;136.0;25.06;44.3;3.72;
2022-09-04 14:00:00;589.0;795.47;121.0;25.06;44.3;3.52;
2022-09-04 15:00:00;418.0;707.0;106.0;24.86;44.15;3.1;
2022-09-04 16:00:00;232.0;566.2;79.0;24.45;44.15;2.41;
2022-09-04 17:00:00;45.0;138.31;33.0;23.79;48.8;1.45;
2022-09-04 18:00:00;0.0;0.0;0.0;22.68;55.9;0.69;
2022-09-04 19:00:00;0.0;0.0;0.0;21.73;59.7;0.9;
2022-09-04 20:00:00;0.0;0.0;0.0;19.62;68.2;1.45;
2022-09-04 21:00:00;0.0;0.0;0.0;17.79;80.85;1.72;
2022-09-04 22:00:00;0.0;0.0;0.0;16.74;86.55;1.93;
2022-09-04 23:00:00;0.0;0.0;0.0;16.2;89.6;2.0;
2022-09-05 00:00:00;0.0;0.0;0.0;15.72;92.75;1.93;
2022-09-05 01:00:00;0.0;0.0;0.0;15.38;89.55;1.93;
2022-09-05 02:00:00;0.0;0.0;0.0;15.18;89.55;2.0;
2022-09-05 03:00:00;0.0;0.0;0.0;15.07;86.5;2.07;
2022-09-05 04:00:00;0.0;0.0;0.0;14.98;86.5;2.14;
2022-09-05 05:00:00;51.0;253.29;29.0;14.95;83.5;2.14;
2022-09-05 06:00:00;224.0;536.42;79.0;16.75;83.6;1.79;
2022-09-05 07:00:00;407.0;673.37;110.0;20.66;66.05;1.52;
2022-09-05 08:00:00;575.0;762.56;127.0;22.72;57.9;1.45;
2022-09-05 09:00:00;712.0;827.61;133.0;24.01;54.35;1.17;
2022-09-05 10:00:00;789.0;835.31;146.0;24.98;52.75;1.17;
2022-09-05 11:00:00;818.0;844.68;148.0;25.71;51.05;1.31;
2022-09-05 12:00:00;797.0;859.03;137.0;26.23;51.05;1.52;
2022-09-05 13:00:00;708.0;819.49;137.0;26.5;51.2;1.72;
2022-09-05 14:00:00;574.0;766.08;127.0;26.5;51.2;2.14;
2022-09-05 15:00:00;406.0;678.65;110.0;26.24;54.7;2.34;
2022-09-05 16:00:00;222.0;536.17;80.0;25.66;56.6;2.55;
2022-09-05 17:00:00;41.0;135.48;30.0;24.72;62.45;2.41;
2022-09-05 18:00:00;0.0;0.0;0.0;23.45;68.95;2.48;
2022-09-05 19:00:00;0.0;0.0;0.0;22.6;71.15;2.76;
2022-09-05 20:00:00;0.0;0.0;0.0;21.93;73.55;2.41;
2022-09-05 21:00:00;0.0;0.0;0.0;21.08;78.55;2.07;
2022-09-05 22:00:00;0.0;0.0;0.0;20.04;83.95;1.79;
2022-09-05 23:00:00;0.0;0.0;0.0;19.5;83.9;1.79;
2022-09-06 00:00:00;0.0;0.0;0.0;19.28;86.8;2.07;
2022-09-06 01:00:00;0.0;0.0;0.0;19.47;83.9;2.48;
2022-09-06 02:00:00;0.0;0.0;0.0;19.78;83.9;2.62;
2022-09-06 03:00:00;0.0;0.0;0.0;19.95;81.15;2.55;
2022-09-06 04:00:00;0.0;0.0;0.0;19.78;81.1;2.62;
2022-09-06 05:00:00;35.0;83.87;28.0;19.64;81.1;3.17;
2022-09-06 06:00:00;29.0;0.0;29.0;20.89;75.95;3.66;
2022-09-06 07:00:00;307.0;271.82;188.0;19.43;89.85;1.24;
2022-09-06 08:00:00;137.0;0.0;137.0;19.53;89.85;2.0;
2022-09-06 09:00:00;271.0;10.06;264.0;19.67;86.85;1.45;
2022-09-06 10:00:00;109.0;0.0;109.0;21.19;78.55;0.97;
2022-09-06 11:00:00;606.0;309.16;362.0;21.86;78.65;0.97;
2022-09-06 12:00:00;463.0;116.49;374.0;21.87;81.35;1.59;
2022-09-06 13:00:00;295.0;18.78;282.0;21.1;84.05;2.28;
2022-09-06 14:00:00;98.0;0.0;98.0;21.21;81.3;3.03;
2022-09-06 15:00:00;226.0;78.89;192.0;20.77;84.05;2.62;
2022-09-06 16:00:00;193.0;389.34;92.0;19.94;86.85;2.48;
2022-09-06 17:00:00;21.0;13.23;20.0;19.52;89.85;1.45;
2022-09-06 18:00:00;0.0;0.0;0.0;18.84;96.1;0.76;
2022-09-06 19:00:00;0.0;0.0;0.0;19.09;89.8;1.24;
2022-09-06 20:00:00;0.0;0.0;0.0;18.29;92.85;2.0;
2022-09-06 21:00:00;0.0;0.0;0.0;17.93;92.85;2.34;
2022-09-06 22:00:00;0.0;0.0;0.0;17.63;96.05;2.76;
2022-09-06 23:00:00;0.0;0.0;0.0;17.4;92.85;3.03;
2022-09-07 00:00:00;0.0;0.0;0.0;17.27;96.05;2.83;
2022-09-07 01:00:00;0.0;0.0;0.0;16.95;96.05;2.9;
2022-09-07 02:00:00;0.0;0.0;0.0;16.97;96.05;3.03;
2022-09-07 03:00:00;0.0;0.0;0.0;16.9;92.8;3.24;
2022-09-07 04:00:00;0.0;0.0;0.0;16.89;92.8;3.72;
2022-09-07 05:00:00;24.0;24.98;22.0;16.93;92.8;3.86;
2022-09-07 06:00:00;216.0;527.13;77.0;17.19;92.8;4.0;
2022-09-07 07:00:00;396.0;662.86;108.0;17.43;86.65;3.59;
2022-09-07 08:00:00;554.0;728.34;131.0;18.49;78.25;3.66;
2022-09-07 09:00:00;651.0;667.06;189.0;19.59;73.15;3.66;
2022-09-07 10:00:00;404.0;60.34;358.0;20.68;66.05;3.17;
2022-09-07 11:00:00;603.0;304.37;364.0;21.22;63.9;2.55;
2022-09-07 12:00:00;693.0;581.8;251.0;21.83;64.0;2.07;
2022-09-07 13:00:00;678.0;773.77;146.0;22.35;61.95;1.72;
2022-09-07 14:00:00;553.0;739.16;129.0;22.73;59.95;1.66;
2022-09-07 15:00:00;297.0;256.03;188.0;22.92;56.0;1.66;
2022-09-07 16:00:00;204.0;492.24;79.0;22.78;57.9;1.52;
2022-09-07 17:00:00;19.0;14.3;18.0;22.33;61.95;0.21;
2022-09-07 18:00:00;0.0;0.0;0.0;20.73;75.85;0.62;
2022-09-07 19:00:00;0.0;0.0;0.0;19.28;83.85;1.31;
2022-09-07 20:00:00;0.0;0.0;0.0;18.46;86.75;1.38;
2022-09-07 21:00:00;0.0;0.0;0.0;17.71;89.7;1.59;
2022-09-07 22:00:00;0.0;0.0;0.0;17.63;89.7;1.24;
2022-09-07 23:00:00;0.0;0.0;0.0;18.11;86.7;0.9;
2022-09-08 00:00:00;0.0;0.0;0.0;18.13;86.7;0.62;
2022-09-08 01:00:00;0.0;0.0;0.0;16.7;92.8;1.1;
2022-09-08 02:00:00;0.0;0.0;0.0;16.39;92.8;1.66;
2022-09-08 03:00:00;0.0;0.0;0.0;16.67;92.8;2.07;
2022-09-08 04:00:00;0.0;0.0;0.0;16.97;92.8;2.34;
2022-09-08 05:00:00;4.0;0.0;4.0;17.22;92.8;2.41;
2022-09-08 06:00:00;55.0;0.0;55.0;18.17;89.75;2.28;
2022-09-08 07:00:00;73.0;0.0;73.0;19.53;81.1;1.86;
2022-09-08 08:00:00;530.0;644.32;158.0;21.06;73.35;2.62;
2022-09-08 09:00:00;495.0;245.28;326.0;22.37;64.1;2.97;
2022-09-08 10:00:00;478.0;137.11;374.0;23.29;62.15;3.24;
2022-09-08 11:00:00;351.0;23.04;333.0;24.34;58.2;3.59;
2022-09-08 12:00:00;180.0;0.0;180.0;25.11;54.55;3.72;
2022-09-08 13:00:00;105.0;0.0;105.0;24.94;54.55;3.66;
2022-09-08 14:00:00;533.0;684.12;144.0;23.43;60.15;3.24;
2022-09-08 15:00:00;377.0;627.91;113.0;24.01;54.35;3.79;
2022-09-08 16:00:00;197.0;475.0;79.0;23.99;50.7;4.07;
2022-09-08 17:00:00;27.0;77.8;22.0;22.95;50.45;4.48;
2022-09-08 18:00:00;0.0;0.0;0.0;21.35;57.55;4.41;
2022-09-08 19:00:00;0.0;0.0;0.0;19.9;75.75;3.1;
2022-09-08 20:00:00;0.0;0.0;0.0;19.21;83.85;2.83;
2022-09-08 21:00:00;0.0;0.0;0.0;17.78;89.7;3.45;
2022-09-08 22:00:00;0.0;0.0;0.0;16.63;89.65;3.31;
2022-09-08 23:00:00;0.0;0.0;0.0;16.09;89.6;2.69;
2022-09-09 00:00:00;0.0;0.0;0.0;15.6;92.75;3.38;
2022-09-09 01:00:00;0.0;0.0;0.0;15.0;92.75;3.59;
2022-09-09 02:00:00;0.0;0.0;0.0;14.56;92.7;3.66;
2022-09-09 03:00:00;0.0;0.0;0.0;14.48;92.7;3.24;
2022-09-09 04:00:00;0.0;0.0;0.0;14.24;92.7;3.93;
2022-09-09 05:00:00;39.0;204.95;24.0;14.33;86.45;4.14;
2022-09-09 06:00:00;208.0;509.73;77.0;15.19;83.5;3.72;
2022-09-09 07:00:00;395.0;673.24;107.0;17.04;72.7;3.45;
2022-09-09 08:00:00;566.0;775.4;121.0;18.69;63.4;4.0;
2022-09-09 09:00:00;707.0;854.98;121.0;20.05;55.3;4.28;
2022-09-09 10:00:00;784.0;863.95;132.0;21.07;51.75;3.93;
2022-09-09 11:00:00;808.0;862.27;138.0;22.04;46.75;3.45;
2022-09-09 12:00:00;777.0;852.32;137.0;22.66;45.25;2.69;
2022-09-09 13:00:00;686.0;811.11;136.0;23.11;42.25;1.66;
2022-09-09 14:00:00;558.0;777.21;120.0;23.31;42.25;0.76;
2022-09-09 15:00:00;385.0;672.11;106.0;23.27;43.75;1.52;
2022-09-09 16:00:00;200.0;514.69;75.0;22.51;48.55;3.17;
2022-09-09 17:00:00;25.0;85.38;20.0;21.18;59.6;3.93;
2022-09-09 18:00:00;0.0;0.0;0.0;20.0;65.95;3.72;
2022-09-09 19:00:00;0.0;0.0;0.0;20.13;68.3;3.79;
2022-09-09 20:00:00;0.0;0.0;0.0;19.73;70.65;4.07;
2022-09-09 21:00:00;0.0;0.0;0.0;19.36;70.65;4.28;
2022-09-09 22:00:00;0.0;0.0;0.0;19.15;73.05;4.07;
2022-09-09 23:00:00;0.0;0.0;0.0;18.7;72.95;3.72;
2022-09-10 00:00:00;0.0;0.0;0.0;17.98;75.45;3.1;
2022-09-10 01:00:00;0.0;0.0;0.0;17.2;80.8;2.62;
2022-09-10 02:00:00;0.0;0.0;0.0;16.49;83.6;2.28;
2022-09-10 03:00:00;0.0;0.0;0.0;15.65;86.5;2.0;
2022-09-10 04:00:00;0.0;0.0;0.0;14.67;86.45;1.79;
2022-09-10 05:00:00;34.0;157.72;23.0;13.89;86.4;1.72;
2022-09-10 06:00:00;179.0;319.38;98.0;15.11;83.5;1.52;
2022-09-10 07:00:00;383.0;636.21;113.0;17.84;78.1;1.03;
2022-09-10 08:00:00;551.0;734.56;132.0;19.98;65.95;0.83;
2022-09-10 09:00:00;693.0;821.43;133.0;21.5;59.7;0.83;
2022-09-10 10:00:00;785.0;875.09;128.0;22.79;55.9;1.86;
2022-09-10 11:00:00;779.0;788.01;170.0;23.56;52.35;2.83;
2022-09-10 12:00:00;756.0;807.88;153.0;23.84;54.2;3.52;
2022-09-10 13:00:00;671.0;778.29;147.0;23.97;52.5;4.07;
2022-09-10 14:00:00;523.0;658.98;155.0;23.61;54.2;4.62;
2022-09-10 15:00:00;330.0;419.79;158.0;23.23;58.0;4.76;
2022-09-10 16:00:00;178.0;383.53;87.0;22.8;59.95;4.41;
2022-09-10 17:00:00;21.0;75.73;17.0;22.24;59.8;3.59;
2022-09-10 18:00:00;0.0;0.0;0.0;21.46;61.85;2.97;
2022-09-10 19:00:00;0.0;0.0;0.0;21.14;66.15;2.48;
2022-09-10 20:00:00;0.0;0.0;0.0;20.39;68.4;2.41;
2022-09-10 21:00:00;0.0;0.0;0.0;19.73;70.65;2.34;
2022-09-10 22:00:00;0.0;0.0;0.0;19.36;73.05;2.34;
2022-09-10 23:00:00;0.0;0.0;0.0;18.57;75.55;2.21;
2022-09-11 00:00:00;0.0;0.0;0.0;17.58;80.85;1.93;
2022-09-11 01:00:00;0.0;0.0;0.0;16.55;86.55;1.72;
2022-09-11 02:00:00;0.0;0.0;0.0;16.0;89.6;2.0;
2022-09-11 03:00:00;0.0;0.0;0.0;16.19;89.6;2.69;
2022-09-11 04:00:00;0.0;0.0;0.0;16.41;86.55;3.31;
2022-09-11 05:00:00;32.0;150.87;22.0;16.44;86.55;3.59;
2022-09-11 06:00:00;191.0;419.63;86.0;17.19;83.65;3.45;
2022-09-11 07:00:00;382.0;643.76;111.0;18.97;78.3;3.38;
2022-09-11 08:00:00;544.0;723.25;134.0;20.68;73.3;3.38;
2022-09-11 09:00:00;677.0;787.57;143.0;22.05;66.35;3.1;
2022-09-11 10:00:00;756.0;806.07;154.0;22.98;60.05;3.1;
2022-09-11 11:00:00;782.0;815.76;155.0;23.68;58.1;3.31;
2022-09-11 12:00:00;751.0;806.09;153.0;24.14;54.35;3.24;
2022-09-11 13:00:00;665.0;776.47;146.0;24.39;52.5;3.17;
2022-09-11 14:00:00;541.0;751.88;125.0;24.45;50.8;3.03;
2022-09-11 15:00:00;368.0;640.61;109.0;24.26;52.5;2.62;
2022-09-11 16:00:00;100.0;38.85;91.0;23.88;54.2;2.07;
2022-09-11 17:00:00;15.0;42.51;13.0;23.07;58.0;1.52;
2022-09-11 18:00:00;0.0;0.0;0.0;21.32;73.35;1.24;
2022-09-11 19:00:00;0.0;0.0;0.0;20.85;68.4;1.17;
2022-09-11 20:00:00;0.0;0.0;0.0;18.7;78.25;1.59;
2022-09-11 21:00:00;0.0;0.0;0.0;17.14;83.65;1.86;
2022-09-11 22:00:00;0.0;0.0;0.0;16.61;86.55;2.14;
2022-09-11 23:00:00;0.0;0.0;0.0;16.62;86.55;2.48;
2022-09-12 00:00:00;0.0;0.0;0.0;16.59;86.55;2.48;
2022-09-12 01:00:00;0.0;0.0;0.0;16.44;86.55;2.34;
2022-09-12 02:00:00;0.0;0.0;0.0;16.31;89.6;2.28;
2022-09-12 03:00:00;0.0;0.0;0.0;16.23;89.6;2.28;
2022-09-12 04:00:00;0.0;0.0;0.0;16.28;89.6;2.41;
2022-09-12 05:00:00;28.0;127.37;20.0;16.35;86.55;2.48;
2022-09-12 06:00:00;189.0;437.61;81.0;17.52;83.7;2.34;
2022-09-12 07:00:00;369.0;608.37;115.0;20.45;73.3;2.62;
2022-09-12 08:00:00;537.0;720.73;131.0;22.16;68.7;3.24;
2022-09-12 09:00:00;667.0;775.64;144.0;23.42;62.25;3.66;
2022-09-12 10:00:00;744.0;794.25;154.0;24.32;60.25;3.93;
2022-09-12 11:00:00;783.0;836.04;144.0;25.0;56.5;4.07;
2022-09-12 12:00:00;751.0;826.03;142.0;25.39;56.5;4.07;
2022-09-12 13:00:00;657.0;773.17;144.0;25.57;52.85;3.93;
2022-09-12 14:00:00;532.0;748.07;122.0;25.55;52.85;3.66;
2022-09-12 15:00:00;357.0;624.31;108.0;25.36;52.75;3.17;
2022-09-12 16:00:00;176.0;451.38;74.0;24.9;54.45;2.41;
2022-09-12 17:00:00;12.0;24.24;11.0;24.01;58.2;1.52;
2022-09-12 18:00:00;0.0;0.0;0.0;22.93;64.3;0.76;
2022-09-12 19:00:00;0.0;0.0;0.0;21.28;75.95;1.31;
2022-09-12 20:00:00;0.0;0.0;0.0;19.7;81.1;1.59;
2022-09-12 21:00:00;0.0;0.0;0.0;18.8;83.8;1.59;
2022-09-12 22:00:00;0.0;0.0;0.0;18.31;86.7;1.52;
2022-09-12 23:00:00;0.0;0.0;0.0;18.22;86.7;1.45;
2022-09-13 00:00:00;0.0;0.0;0.0;18.57;83.8;1.24;
2022-09-13 01:00:00;0.0;0.0;0.0;19.06;81.05;1.03;
2022-09-13 02:00:00;0.0;0.0;0.0;18.77;81.0;0.97;
2022-09-13 03:00:00;0.0;0.0;0.0;18.03;83.75;1.17;
2022-09-13 04:00:00;0.0;0.0;0.0;16.55;89.65;1.45;
2022-09-13 05:00:00;26.0;117.99;19.0;15.6;92.75;1.72;
2022-09-13 06:00:00;192.0;476.67;76.0;17.03;89.65;1.66;
2022-09-13 07:00:00;373.0;637.63;109.0;21.07;73.35;1.31;
2022-09-13 08:00:00;535.0;721.79;131.0;22.81;71.15;1.52;
2022-09-13 09:00:00;664.0;777.04;143.0;23.97;66.75;1.59;
2022-09-13 10:00:00;737.0;782.35;159.0;24.93;62.55;1.86;
2022-09-13 11:00:00;755.0;761.85;176.0;25.69;58.55;2.28;
2022-09-13 12:00:00;719.0;737.08;179.0;26.14;56.6;2.69;
2022-09-13 13:00:00;642.0;737.99;156.0;26.3;54.7;2.69;
2022-09-13 14:00:00;519.0;718.47;129.0;26.18;54.7;2.48;
2022-09-13 15:00:00;353.0;622.87;108.0;25.83;54.7;2.14;
2022-09-13 16:00:00;171.0;449.44;72.0;25.22;56.5;1.79;
2022-09-13 17:00:00;9.0;0.0;9.0;24.15;62.35;1.59;
2022-09-13 18:00:00;0.0;0.0;0.0;22.42;73.6;1.52;
2022-09-13 19:00:00;0.0;0.0;0.0;21.26;81.3;1.38;
2022-09-13 20:00:00;0.0;0.0;0.0;21.0;78.55;1.24;
2022-09-13 21:00:00;0.0;0.0;0.0;20.95;78.55;0.9;
2022-09-13 22:00:00;0.0;0.0;0.0;20.62;81.2;0.48;
2022-09-13 23:00:00;0.0;0.0;0.0;20.14;81.15;0.41;
2022-09-14 00:00:00;0.0;0.0;0.0;19.67;83.9;0.62;
2022-09-14 01:00:00;0.0;0.0;0.0;19.04;86.8;0.9;
2022-09-14 02:00:00;0.0;0.0;0.0;18.19;86.7;1.1;
2022-09-14 03:00:00;0.0;0.0;0.0;16.63;92.8;1.45;
2022-09-14 04:00:00;0.0;0.0;0.0;15.68;92.75;1.66;
2022-09-14 05:00:00;22.0;89.56;17.0;15.51;92.75;1.66;
2022-09-14 06:00:00;180.0;416.85;80.0;17.02;89.65;1.24;
2022-09-14 07:00:00;370.0;643.09;106.0;20.95;75.95;0.83;
2022-09-14 08:00:00;530.0;721.12;129.0;22.9;68.85;1.31;
2022-09-14 09:00:00;658.0;777.01;140.0;24.08;69.05;1.38;
2022-09-14 10:00:00;728.0;773.09;160.0;25.17;62.55;1.66;
2022-09-14 11:00:00;740.0;738.48;182.0;25.94;60.6;2.14;
2022-09-14 12:00:00;717.0;756.95;166.0;26.43;56.7;2.76;
2022-09-14 13:00:00;639.0;754.35;146.0;26.56;54.8;2.97;
2022-09-14 14:00:00;515.0;725.54;125.0;26.37;56.6;2.97;
2022-09-14 15:00:00;349.0;634.35;103.0;26.02;56.6;2.9;
2022-09-14 16:00:00;161.0;410.16;73.0;25.37;58.45;2.48;
2022-09-14 17:00:00;7.0;0.0;7.0;24.33;64.5;2.07;
2022-09-14 18:00:00;0.0;0.0;0.0;23.07;71.25;2.07;
2022-09-14 19:00:00;0.0;0.0;0.0;21.93;78.7;1.79;
2022-09-14 20:00:00;0.0;0.0;0.0;20.81;86.9;1.45;
2022-09-14 21:00:00;0.0;0.0;0.0;22.2;76.1;0.9;
2022-09-14 22:00:00;0.0;0.0;0.0;21.87;78.65;0.41;
2022-09-14 23:00:00;0.0;0.0;0.0;20.8;84.05;0.76;
2022-09-15 00:00:00;0.0;0.0;0.0;19.64;86.85;1.03;
2022-09-15 01:00:00;0.0;0.0;0.0;18.69;92.85;1.1;
2022-09-15 02:00:00;0.0;0.0;0.0;18.19;92.85;1.17;
2022-09-15 03:00:00;0.0;0.0;0.0;17.36;92.85;1.31;
2022-09-15 04:00:00;0.0;0.0;0.0;16.61;96.05;1.59;
2022-09-15 05:00:00;11.0;0.0;11.0;16.44;92.8;1.72;
2022-09-15 06:00:00;142.0;186.12;98.0;17.88;89.75;1.52;
2022-09-15 07:00:00;300.0;326.8;167.0;21.19;78.55;1.31;
2022-09-15 08:00:00;472.0;501.44;195.0;22.77;73.6;1.38;
2022-09-15 09:00:00;605.0;600.5;207.0;24.02;66.75;1.31;
2022-09-15 10:00:00;668.0;587.21;239.0;25.08;60.45;1.24;
2022-09-15 11:00:00;726.0;706.89;195.0;25.89;56.6;1.1;
2022-09-15 12:00:00;699.0;712.13;184.0;26.42;56.6;1.38;
2022-09-15 13:00:00;611.0;669.25;177.0;26.65;54.8;1.79;
2022-09-15 14:00:00;483.0;618.19;154.0;26.54;54.8;2.34;
2022-09-15 15:00:00;319.0;502.32;127.0;26.09;58.55;2.69;
2022-09-15 16:00:00;150.0;349.62;77.0;25.29;60.45;2.76;
2022-09-15 17:00:00;4.0;0.0;4.0;24.22;66.75;2.41;
2022-09-15 18:00:00;0.0;0.0;0.0;23.08;71.25;2.34;
2022-09-15 19:00:00;0.0;0.0;0.0;22.29;71.05;2.34;
2022-09-15 20:00:00;0.0;0.0;0.0;21.25;78.55;1.93;
2022-09-15 21:00:00;0.0;0.0;0.0;19.92;83.95;1.38;
2022-09-15 22:00:00;0.0;0.0;0.0;19.42;86.85;1.17;
2022-09-15 23:00:00;0.0;0.0;0.0;18.55;89.75;1.31;
2022-09-16 00:00:00;0.0;0.0;0.0;17.8;92.85;1.38;
2022-09-16 01:00:00;0.0;0.0;0.0;17.62;92.85;1.24;
2022-09-16 02:00:00;0.0;0.0;0.0;17.77;92.85;1.03;
2022-09-16 03:00:00;0.0;0.0;0.0;18.08;92.85;0.9;
2022-09-16 04:00:00;0.0;0.0;0.0;17.69;96.05;0.9;
2022-09-16 05:00:00;17.0;61.48;14.0;16.59;99.4;0.9;
2022-09-16 06:00:00;172.0;390.72;81.0;17.31;99.4;0.62;
2022-09-16 07:00:00;352.0;587.49;115.0;20.75;84.05;0.9;
2022-09-16 08:00:00;518.0;701.67;133.0;23.09;68.85;0.83;
2022-09-16 09:00:00;645.0;757.37;146.0;24.98;56.5;0.62;
2022-09-16 10:00:00;717.0;759.92;165.0;26.23;54.7;0.34;
2022-09-16 11:00:00;741.0;768.71;167.0;27.07;51.3;0.62;
2022-09-16 12:00:00;717.0;785.09;153.0;27.62;51.45;1.17;
2022-09-16 13:00:00;630.0;753.81;145.0;27.84;51.45;1.52;
2022-09-16 14:00:00;500.0;704.22;129.0;27.87;51.45;1.66;
2022-09-16 15:00:00;330.0;586.79;109.0;27.6;51.45;2.62;
2022-09-16 16:00:00;152.0;408.81;69.0;26.56;56.7;3.52;
2022-09-16 17:00:00;0.0;0.0;0.0;25.02;60.45;3.38;
2022-09-16 18:00:00;0.0;0.0;0.0;23.75;66.65;3.31;
2022-09-16 19:00:00;0.0;0.0;0.0;22.97;66.55;2.83;
2022-09-16 20:00:00;0.0;0.0;0.0;22.38;73.55;2.55;
2022-09-16 21:00:00;0.0;0.0;0.0;21.69;76.0;2.34;
2022-09-16 22:00:00;0.0;0.0;0.0;20.86;84.05;1.93;
2022-09-16 23:00:00;0.0;0.0;0.0;20.01;86.85;1.66;
2022-09-17 00:00:00;0.0;0.0;0.0;19.26;89.8;1.52;
2022-09-17 01:00:00;0.0;0.0;0.0;18.96;89.8;1.38;
2022-09-17 02:00:00;0.0;0.0;0.0;18.53;89.75;1.59;
2022-09-17 03:00:00;0.0;0.0;0.0;18.17;89.75;1.79;
2022-09-17 04:00:00;0.0;0.0;0.0;17.85;89.75;1.79;
2022-09-17 05:00:00;13.0;22.1;12.0;17.55;89.7;1.72;
2022-09-17 06:00:00;157.0;309.54;86.0;18.61;86.75;1.59;
2022-09-17 07:00:00;330.0;497.74;131.0;21.74;71.0;1.72;
2022-09-17 08:00:00;493.0;623.91;153.0;23.87;62.25;1.66;
2022-09-17 09:00:00;626.0;716.14;157.0;25.68;52.85;1.52;
2022-09-17 10:00:00;708.0;758.82;160.0;27.06;47.9;1.03;
2022-09-17 11:00:00;727.0;753.19;168.0;27.95;44.95;0.41;
2022-09-17 12:00:00;703.0;770.78;153.0;28.54;45.05;0.07;
2022-09-17 13:00:00;616.0;737.94;145.0;28.91;46.65;0.48;
2022-09-17 14:00:00;487.0;686.59;129.0;29.01;46.75;0.9;
2022-09-17 15:00:00;315.0;544.49;113.0;28.82;49.95;1.59;
2022-09-17 16:00:00;140.0;344.77;72.0;27.95;53.35;2.41;
2022-09-17 17:00:00;0.0;0.0;0.0;26.58;60.7;2.83;
2022-09-17 18:00:00;0.0;0.0;0.0;25.28;64.7;2.97;
2022-09-17 19:00:00;0.0;0.0;0.0;24.1;69.05;3.17;
2022-09-17 20:00:00;0.0;0.0;0.0;23.59;71.35;2.76;
2022-09-17 21:00:00;0.0;0.0;0.0;22.98;73.7;2.34;
2022-09-17 22:00:00;0.0;0.0;0.0;22.31;76.1;2.21;
2022-09-17 23:00:00;0.0;0.0;0.0;21.77;76.0;2.34;
2022-09-18 00:00:00;0.0;0.0;0.0;21.25;75.95;2.55;
2022-09-18 01:00:00;0.0;0.0;0.0;20.81;75.85;2.69;
2022-09-18 02:00:00;0.0;0.0;0.0;20.59;75.85;2.62;
2022-09-18 03:00:00;0.0;0.0;0.0;20.16;78.45;2.55;
2022-09-18 04:00:00;0.0;0.0;0.0;19.95;81.15;2.41;
2022-09-18 05:00:00;10.0;23.98;9.0;19.62;83.9;2.28;
2022-09-18 06:00:00;134.0;190.41;91.0;19.93;81.15;2.0;
2022-09-18 07:00:00;278.0;282.7;166.0;21.64;76.0;2.62;
2022-09-18 08:00:00;0.0;0.0;0.0;22.37;78.7;2.62;
2022-09-18 09:00:00;539.0;440.93;252.0;23.08;73.7;3.03;
2022-09-18 10:00:00;570.0;363.56;309.0;22.85;78.75;3.59;
2022-09-18 11:00:00;650.0;530.09;259.0;22.76;78.75;4.34;
2022-09-18 12:00:00;621.0;522.1;251.0;22.85;76.15;4.07;
2022-09-18 13:00:00;562.0;565.48;204.0;23.16;71.25;4.62;
2022-09-18 14:00:00;457.0;591.11;152.0;22.99;71.25;5.66;
2022-09-18 15:00:00;276.0;369.53;141.0;22.14;76.1;6.41;
2022-09-18 16:00:00;110.0;167.17;78.0;21.42;76.0;6.55;
2022-09-18 17:00:00;0.0;0.0;0.0;20.98;75.95;5.79;
2022-09-18 18:00:00;0.0;0.0;0.0;20.65;75.85;5.52;
2022-09-18 19:00:00;0.0;0.0;0.0;20.42;86.9;3.93;
2022-09-18 20:00:00;0.0;0.0;0.0;19.79;89.85;3.66;
2022-09-18 21:00:00;0.0;0.0;0.0;19.46;92.9;4.0;
2022-09-18 22:00:00;0.0;0.0;0.0;19.44;89.85;3.93;
2022-09-18 23:00:00;0.0;0.0;0.0;19.35;92.9;4.0;
2022-09-19 00:00:00;0.0;0.0;0.0;19.13;92.9;3.86;
2022-09-19 01:00:00;0.0;0.0;0.0;18.92;92.9;3.79;
2022-09-19 02:00:00;0.0;0.0;0.0;18.82;96.1;4.0;
2022-09-19 03:00:00;0.0;0.0;0.0;18.69;96.1;4.14;
2022-09-19 04:00:00;0.0;0.0;0.0;18.54;92.85;4.0;
2022-09-19 05:00:00;8.0;0.0;8.0;18.4;92.85;3.93;
2022-09-19 06:00:00;51.0;0.0;51.0;18.23;92.85;4.28;
2022-09-19 07:00:00;134.0;7.64;131.0;18.7;89.75;4.69;
2022-09-19 08:00:00;132.0;0.0;132.0;18.24;89.75;4.97;
2022-09-19 09:00:00;124.0;0.0;124.0;17.91;83.75;4.9;
2022-09-19 10:00:00;126.0;0.0;126.0;18.09;78.15;4.48;
2022-09-19 11:00:00;173.0;0.0;173.0;18.58;72.95;3.31;
2022-09-19 12:00:00;269.0;8.53;263.0;19.25;68.1;2.55;
2022-09-19 13:00:00;411.0;173.6;302.0;19.62;63.6;2.21;
2022-09-19 14:00:00;391.0;344.76;215.0;20.09;59.35;2.83;
2022-09-19 15:00:00;213.0;141.8;162.0;20.31;57.3;3.52;
2022-09-19 16:00:00;134.0;371.78;65.0;20.18;55.3;3.45;
2022-09-19 17:00:00;0.0;0.0;0.0;19.66;57.2;3.03;
2022-09-19 18:00:00;0.0;0.0;0.0;19.09;59.15;3.03;
2022-09-19 19:00:00;0.0;0.0;0.0;19.31;61.3;4.28;
2022-09-19 20:00:00;0.0;0.0;0.0;18.97;61.3;4.48;
2022-09-19 21:00:00;0.0;0.0;0.0;18.6;63.4;4.62;
2022-09-19 22:00:00;0.0;0.0;0.0;18.33;65.55;4.34;
2022-09-19 23:00:00;0.0;0.0;0.0;18.04;63.3;4.55;
2022-09-20 00:00:00;0.0;0.0;0.0;17.67;65.45;4.9;
2022-09-20 01:00:00;0.0;0.0;0.0;17.33;65.35;4.62;
2022-09-20 02:00:00;0.0;0.0;0.0;17.03;65.35;4.34;
2022-09-20 03:00:00;0.0;0.0;0.0;16.79;65.25;4.28;
2022-09-20 04:00:00;0.0;0.0;0.0;16.56;65.25;4.14;
2022-09-20 05:00:00;7.0;0.0;7.0;16.28;67.55;3.93;
2022-09-20 06:00:00;101.0;59.45;88.0;16.44;65.25;3.72;
2022-09-20 07:00:00;351.0;632.67;105.0;17.76;63.2;4.48;
2022-09-20 08:00:00;516.0;727.29;128.0;18.48;54.95;5.03;
2022-09-20 09:00:00;531.0;398.28;275.0;18.88;53.15;4.9;
2022-09-20 10:00:00;493.0;197.4;353.0;19.17;51.25;4.69;
2022-09-20 11:00:00;676.0;584.89;250.0;19.35;51.25;4.34;
2022-09-20 12:00:00;705.0;788.49;154.0;19.49;47.8;4.14;
2022-09-20 13:00:00;609.0;727.56;156.0;19.51;46.1;4.21;
2022-09-20 14:00:00;481.0;697.02;129.0;19.29;45.95;4.21;
2022-09-20 15:00:00;307.0;550.93;112.0;18.97;44.3;3.93;
2022-09-20 16:00:00;135.0;406.11;62.0;18.52;44.2;3.38;
2022-09-20 17:00:00;0.0;0.0;0.0;17.8;49.05;2.48;
2022-09-20 18:00:00;0.0;0.0;0.0;16.86;54.6;1.79;
2022-09-20 19:00:00;0.0;0.0;0.0;16.77;56.5;0.97;
2022-09-20 20:00:00;0.0;0.0;0.0;17.31;52.65;0.34;
2022-09-20 21:00:00;0.0;0.0;0.0;16.55;56.5;0.28;
2022-09-20 22:00:00;0.0;0.0;0.0;15.62;62.75;0.55;
2022-09-20 23:00:00;0.0;0.0;0.0;14.48;64.95;0.97;
2022-09-21 00:00:00;0.0;0.0;0.0;13.29;74.75;1.38;
2022-09-21 01:00:00;0.0;0.0;0.0;12.11;80.2;1.59;
2022-09-21 02:00:00;0.0;0.0;0.0;11.71;83.1;1.59;
2022-09-21 03:00:00;0.0;0.0;0.0;11.81;80.2;1.45;
2022-09-21 04:00:00;0.0;0.0;0.0;11.49;83.1;1.52;
2022-09-21 05:00:00;6.0;0.0;6.0;10.55;89.25;1.79;
2022-09-21 06:00:00;167.0;451.07;70.0;11.61;86.15;1.79;
2022-09-21 07:00:00;349.0;633.59;105.0;15.5;77.8;1.38;
2022-09-21 08:00:00;510.0;719.42;129.0;17.47;70.3;1.17;
2022-09-21 09:00:00;642.0;787.61;139.0;18.82;65.65;1.03;
2022-09-21 10:00:00;706.0;763.3;168.0;19.68;59.25;1.17;
2022-09-21 11:00:00;716.0;726.87;190.0;20.27;57.3;1.24;
2022-09-21 12:00:00;683.0;716.33;186.0;20.76;53.5;1.59;
2022-09-21 13:00:00;606.0;728.92;156.0;21.06;51.75;1.86;
2022-09-21 14:00:00;477.0;696.73;129.0;21.04;51.75;2.21;
2022-09-21 15:00:00;313.0;614.54;99.0;20.76;53.5;2.34;
2022-09-21 16:00:00;132.0;419.77;59.0;20.13;55.3;2.55;
2022-09-21 17:00:00;0.0;0.0;0.0;19.02;59.15;2.41;
2022-09-21 18:00:00;0.0;0.0;0.0;18.01;63.3;2.48;
2022-09-21 19:00:00;0.0;0.0;0.0;17.19;65.35;2.28;
2022-09-21 20:00:00;0.0;0.0;0.0;16.51;70.1;2.07;
2022-09-21 21:00:00;0.0;0.0;0.0;16.08;75.15;1.79;
2022-09-21 22:00:00;0.0;0.0;0.0;16.06;77.85;1.52;
2022-09-21 23:00:00;0.0;0.0;0.0;16.26;77.85;1.59;
2022-09-22 00:00:00;0.0;0.0;0.0;16.5;77.95;1.03;
2022-09-22 01:00:00;0.0;0.0;0.0;16.6;77.95;0.9;
2022-09-22 02:00:00;0.0;0.0;0.0;16.59;80.75;0.83;
2022-09-22 03:00:00;0.0;0.0;0.0;16.89;78.0;0.55;
2022-09-22 04:00:00;0.0;0.0;0.0;16.2;86.5;0.97;
2022-09-22 05:00:00;1.0;0.0;1.0;15.99;89.6;0.83;
2022-09-22 06:00:00;67.0;9.46;65.0;16.4;86.55;1.31;
2022-09-22 07:00:00;52.0;0.0;52.0;17.08;89.65;0.69;
2022-09-22 08:00:00;340.0;180.72;245.0;18.06;83.75;0.83;
2022-09-22 09:00:00;314.0;47.28;284.0;18.33;86.7;1.1;
2022-09-22 10:00:00;368.0;61.39;325.0;18.88;78.3;1.38;
2022-09-22 11:00:00;150.0;0.0;150.0;19.61;75.7;2.14;
2022-09-22 12:00:00;128.0;0.0;128.0;20.45;70.8;2.21;
2022-09-22 13:00:00;68.0;0.0;68.0;20.65;73.3;2.07;
2022-09-22 14:00:00;103.0;0.0;103.0;20.86;73.3;1.59;
2022-09-22 15:00:00;59.0;0.0;59.0;20.77;73.3;1.38;
2022-09-22 16:00:00;63.0;29.75;58.0;20.44;75.85;0.97;
2022-09-22 17:00:00;0.0;0.0;0.0;20.2;81.15;0.48;
2022-09-22 18:00:00;0.0;0.0;0.0;19.97;81.15;0.28;
2022-09-22 19:00:00;0.0;0.0;0.0;17.71;86.65;1.79;
2022-09-22 20:00:00;0.0;0.0;0.0;17.58;86.65;1.17;
2022-09-22 21:00:00;0.0;0.0;0.0;17.81;89.7;0.48;
2022-09-22 22:00:00;0.0;0.0;0.0;17.43;89.7;1.31;
2022-09-22 23:00:00;0.0;0.0;0.0;17.04;92.8;1.52;
2022-09-23 00:00:00;0.0;0.0;0.0;16.77;96.05;1.31;
2022-09-23 01:00:00;0.0;0.0;0.0;16.75;96.05;1.31;
2022-09-23 02:00:00;0.0;0.0;0.0;16.75;96.05;1.59;
2022-09-23 03:00:00;0.0;0.0;0.0;16.85;92.8;1.79;
2022-09-23 04:00:00;0.0;0.0;0.0;16.84;92.8;1.59;
2022-09-23 05:00:00;0.0;0.0;0.0;16.89;92.8;1.66;
2022-09-23 06:00:00;61.0;4.81;60.0;16.81;96.05;2.0;
2022-09-23 07:00:00;74.0;0.0;74.0;16.3;92.75;1.66;
2022-09-23 08:00:00;64.0;0.0;64.0;16.71;89.65;1.03;
2022-09-23 09:00:00;151.0;0.0;151.0;17.42;86.65;0.55;
2022-09-23 10:00:00;273.0;10.06;266.0;18.07;83.75;0.48;
2022-09-23 11:00:00;90.0;0.0;90.0;18.63;83.8;0.69;
2022-09-23 12:00:00;60.0;0.0;60.0;19.02;83.85;0.97;
2022-09-23 13:00:00;71.0;0.0;71.0;19.12;86.8;2.55;
2022-09-23 14:00:00;76.0;0.0;76.0;18.42;89.75;4.21;
2022-09-23 15:00:00;159.0;53.45;141.0;17.73;89.7;3.59;
2022-09-23 16:00:00;71.0;55.49;62.0;17.6;86.65;2.76;
2022-09-23 17:00:00;0.0;0.0;0.0;17.25;86.6;2.69;
2022-09-23 18:00:00;0.0;0.0;0.0;16.99;86.6;2.69;
2022-09-23 19:00:00;0.0;0.0;0.0;16.83;89.65;3.1;
2022-09-23 20:00:00;0.0;0.0;0.0;16.68;86.55;2.97;
2022-09-23 21:00:00;0.0;0.0;0.0;16.6;86.55;2.97;
2022-09-23 22:00:00;0.0;0.0;0.0;16.46;86.55;3.03;
2022-09-23 23:00:00;0.0;0.0;0.0;16.33;86.55;3.31;
2022-09-24 00:00:00;0.0;0.0;0.0;16.32;89.6;3.72;
2022-09-24 01:00:00;0.0;0.0;0.0;16.31;89.6;3.72;
2022-09-24 02:00:00;0.0;0.0;0.0;16.49;86.55;3.66;
2022-09-24 03:00:00;0.0;0.0;0.0;16.44;86.55;3.45;
2022-09-24 04:00:00;0.0;0.0;0.0;16.16;89.6;3.24;
2022-09-24 05:00:00;0.0;0.0;0.0;16.16;89.6;3.1;
2022-09-24 06:00:00;141.0;328.33;74.0;16.36;86.55;2.69;
2022-09-24 07:00:00;317.0;540.43;115.0;17.4;80.85;2.55;
2022-09-24 08:00:00;459.0;575.62;161.0;19.0;75.65;3.03;
2022-09-24 09:00:00;587.0;661.3;173.0;20.45;68.4;2.76;
2022-09-24 10:00:00;574.0;416.55;286.0;21.62;64.0;2.55;
2022-09-24 11:00:00;645.0;572.37;239.0;22.23;61.95;1.72;
2022-09-24 12:00:00;510.0;284.41;317.0;22.63;57.9;1.03;
2022-09-24 13:00:00;494.0;414.09;245.0;22.88;57.9;0.76;
2022-09-24 14:00:00;432.0;594.51;145.0;22.97;56.0;0.97;
2022-09-24 15:00:00;281.0;546.87;100.0;22.84;57.9;1.17;
2022-09-24 16:00:00;110.0;345.44;56.0;22.35;61.95;1.72;
2022-09-24 17:00:00;0.0;0.0;0.0;21.16;66.15;2.41;
2022-09-24 18:00:00;0.0;0.0;0.0;20.04;70.7;2.62;
2022-09-24 19:00:00;0.0;0.0;0.0;19.66;70.65;2.55;
2022-09-24 20:00:00;0.0;0.0;0.0;19.09;75.65;2.76;
2022-09-24 21:00:00;0.0;0.0;0.0;18.5;78.25;2.76;
2022-09-24 22:00:00;0.0;0.0;0.0;17.86;80.9;2.62;
2022-09-24 23:00:00;0.0;0.0;0.0;17.28;86.6;2.55;
2022-09-25 00:00:00;0.0;0.0;0.0;16.8;86.55;2.41;
2022-09-25 01:00:00;0.0;0.0;0.0;16.42;86.55;2.28;
2022-09-25 02:00:00;0.0;0.0;0.0;15.99;89.6;2.34;
2022-09-25 03:00:00;0.0;0.0;0.0;15.91;89.6;2.41;
2022-09-25 04:00:00;0.0;0.0;0.0;15.69;89.55;2.41;
2022-09-25 05:00:00;0.0;0.0;0.0;15.55;89.55;2.34;
2022-09-25 06:00:00;77.0;29.95;71.0;15.92;89.6;1.93;
2022-09-25 07:00:00;129.0;8.11;126.0;18.39;78.25;2.0;
2022-09-25 08:00:00;409.0;397.14;205.0;20.04;73.2;1.72;
2022-09-25 09:00:00;106.0;0.0;106.0;21.39;66.25;1.24;
2022-09-25 10:00:00;506.0;266.44;323.0;21.84;66.25;1.1;
2022-09-25 11:00:00;121.0;0.0;121.0;21.92;64.1;1.1;
2022-09-25 12:00:00;373.0;77.21;321.0;21.84;68.6;0.55;
2022-09-25 13:00:00;344.0;99.0;285.0;21.65;71.0;1.17;
2022-09-25 14:00:00;189.0;14.67;182.0;21.91;68.7;2.14;
2022-09-25 15:00:00;201.0;175.28;144.0;21.9;68.7;2.83;
2022-09-25 16:00:00;86.0;172.8;60.0;21.55;73.45;3.24;
2022-09-25 17:00:00;0.0;0.0;0.0;20.92;75.95;3.45;
2022-09-25 18:00:00;0.0;0.0;0.0;20.26;81.15;2.9;
2022-09-25 19:00:00;0.0;0.0;0.0;19.89;81.15;1.31;
2022-09-25 20:00:00;0.0;0.0;0.0;20.38;75.85;0.34;
2022-09-25 21:00:00;0.0;0.0;0.0;18.3;89.75;1.86;
2022-09-25 22:00:00;0.0;0.0;0.0;17.73;89.7;2.55;
2022-09-25 23:00:00;0.0;0.0;0.0;17.53;89.7;2.69;
2022-09-26 00:00:00;0.0;0.0;0.0;17.32;92.8;2.41;
2022-09-26 01:00:00;0.0;0.0;0.0;16.89;92.8;2.0;
2022-09-26 02:00:00;0.0;0.0;0.0;16.54;96.05;1.93;
2022-09-26 03:00:00;0.0;0.0;0.0;16.24;99.4;1.93;
2022-09-26 04:00:00;0.0;0.0;0.0;15.96;96.0;1.93;
2022-09-26 05:00:00;0.0;0.0;0.0;16.06;96.0;1.93;
2022-09-26 06:00:00;76.0;30.51;70.0;16.61;96.05;2.0;
2022-09-26 07:00:00;241.0;218.54;161.0;18.46;89.75;1.31;
2022-09-26 08:00:00;458.0;602.43;151.0;19.73;86.85;1.31;
2022-09-26 09:00:00;587.0;694.8;158.0;20.73;78.5;1.17;
2022-09-26 10:00:00;597.0;505.68;252.0;21.65;71.0;1.38;
2022-09-26 11:00:00;627.0;544.6;246.0;22.38;68.7;1.72;
2022-09-26 12:00:00;647.0;721.23;165.0;22.86;66.45;1.72;
2022-09-26 13:00:00;562.0;699.39;149.0;23.06;64.3;1.72;
2022-09-26 14:00:00;427.0;623.52;133.0;23.07;62.15;1.59;
2022-09-26 15:00:00;264.0;504.03;103.0;22.93;62.15;1.86;
2022-09-26 16:00:00;95.0;283.53;54.0;22.28;66.35;2.55;
2022-09-26 17:00:00;0.0;0.0;0.0;21.02;73.35;2.76;
2022-09-26 18:00:00;0.0;0.0;0.0;20.13;78.45;2.76;
2022-09-26 19:00:00;0.0;0.0;0.0;19.75;86.85;2.34;
2022-09-26 20:00:00;0.0;0.0;0.0;19.27;89.8;2.14;
2022-09-26 21:00:00;0.0;0.0;0.0;18.64;89.75;2.0;
2022-09-26 22:00:00;0.0;0.0;0.0;18.03;92.85;1.72;
2022-09-26 23:00:00;0.0;0.0;0.0;17.46;92.85;1.59;
2022-09-27 00:00:00;0.0;0.0;0.0;17.01;96.05;1.52;
2022-09-27 01:00:00;0.0;0.0;0.0;16.44;96.05;1.45;
2022-09-27 02:00:00;0.0;0.0;0.0;16.03;96.0;1.38;
2022-09-27 03:00:00;0.0;0.0;0.0;15.78;99.4;1.24;
2022-09-27 04:00:00;0.0;0.0;0.0;15.59;96.0;1.17;
2022-09-27 05:00:00;0.0;0.0;0.0;15.21;96.0;1.17;
2022-09-27 06:00:00;136.0;352.55;68.0;15.8;99.4;0.83;
2022-09-27 07:00:00;303.0;524.61;113.0;19.15;86.8;0.76;
2022-09-27 08:00:00;427.0;490.6;179.0;21.25;78.55;1.1;
2022-09-27 09:00:00;574.0;663.85;167.0;22.55;71.15;1.45;
2022-09-27 10:00:00;619.0;593.25;217.0;23.54;64.4;1.79;
2022-09-27 11:00:00;584.0;434.73;282.0;24.3;62.35;2.0;
2022-09-27 12:00:00;542.0;398.12;278.0;24.81;60.35;1.45;
2022-09-27 13:00:00;521.0;560.61;193.0;24.97;58.45;1.52;
2022-09-27 14:00:00;379.0;429.3;179.0;24.8;60.35;2.07;
2022-09-27 15:00:00;211.0;242.31;135.0;24.26;62.35;2.62;
2022-09-27 16:00:00;47.0;14.41;45.0;23.65;66.65;2.83;
2022-09-27 17:00:00;0.0;0.0;0.0;22.84;71.15;2.83;
2022-09-27 18:00:00;0.0;0.0;0.0;22.06;73.55;2.83;
2022-09-27 19:00:00;0.0;0.0;0.0;20.56;81.2;2.55;
2022-09-27 20:00:00;0.0;0.0;0.0;19.92;81.15;2.62;
2022-09-27 21:00:00;0.0;0.0;0.0;19.64;83.9;2.55;
2022-09-27 22:00:00;0.0;0.0;0.0;19.23;81.05;2.62;
2022-09-27 23:00:00;0.0;0.0;0.0;18.83;81.0;2.69;
2022-09-28 00:00:00;0.0;0.0;0.0;18.36;78.25;2.76;
2022-09-28 01:00:00;0.0;0.0;0.0;17.97;80.9;2.83;
2022-09-28 02:00:00;0.0;0.0;0.0;17.65;83.7;2.69;
2022-09-28 03:00:00;0.0;0.0;0.0;17.41;83.7;2.48;
2022-09-28 04:00:00;0.0;0.0;0.0;17.02;86.6;2.28;
2022-09-28 05:00:00;0.0;0.0;0.0;16.61;89.65;2.07;
2022-09-28 06:00:00;112.0;185.08;77.0;16.62;89.65;1.72;
2022-09-28 07:00:00;252.0;276.34;153.0;19.33;78.3;1.24;
2022-09-28 08:00:00;333.0;193.47;236.0;20.75;73.3;1.03;
2022-09-28 09:00:00;581.0;698.2;156.0;22.23;66.35;0.9;
2022-09-28 10:00:00;631.0;637.49;202.0;23.44;62.25;1.17;
2022-09-28 11:00:00;606.0;503.09;259.0;24.91;56.35;1.79;
2022-09-28 12:00:00;591.0;550.24;229.0;25.58;51.05;1.17;
2022-09-28 13:00:00;530.0;602.12;181.0;25.75;51.05;0.14;
2022-09-28 14:00:00;407.0;567.11;146.0;25.72;52.85;1.31;
2022-09-28 15:00:00;250.0;474.23;104.0;25.22;56.5;2.48;
2022-09-28 16:00:00;87.0;278.38;50.0;24.22;62.35;2.9;
2022-09-28 17:00:00;0.0;0.0;0.0;23.21;68.85;2.9;
2022-09-28 18:00:00;0.0;0.0;0.0;22.24;73.55;2.62;
2022-09-28 19:00:00;0.0;0.0;0.0;21.62;71.0;2.62;
2022-09-28 20:00:00;0.0;0.0;0.0;21.0;68.5;3.03;
2022-09-28 21:00:00;0.0;0.0;0.0;20.43;66.05;3.24;
2022-09-28 22:00:00;0.0;0.0;0.0;19.77;70.65;3.17;
2022-09-28 23:00:00;0.0;0.0;0.0;19.16;73.05;3.1;
2022-09-29 00:00:00;0.0;0.0;0.0;18.51;75.55;3.03;
2022-09-29 01:00:00;0.0;0.0;0.0;17.96;80.9;2.9;
2022-09-29 02:00:00;0.0;0.0;0.0;17.4;83.7;2.76;
2022-09-29 03:00:00;0.0;0.0;0.0;16.84;86.6;2.55;
2022-09-29 04:00:00;0.0;0.0;0.0;16.38;89.65;2.48;
2022-09-29 05:00:00;0.0;0.0;0.0;16.01;92.75;2.41;
2022-09-29 06:00:00;133.0;366.93;65.0;16.11;92.75;2.21;
2022-09-29 07:00:00;305.0;561.67;106.0;18.23;80.9;2.0;
2022-09-29 08:00:00;459.0;649.63;136.0;20.59;70.8;1.86;
2022-09-29 09:00:00;584.0;718.2;150.0;22.53;59.95;1.86;
2022-09-29 10:00:00;638.0;668.9;191.0;23.81;54.2;2.0;
2022-09-29 11:00:00;547.0;349.03;308.0;24.71;50.8;2.0;
2022-09-29 12:00:00;483.0;262.01;312.0;25.33;49.2;2.0;
2022-09-29 13:00:00;522.0;585.22;186.0;25.66;46.0;2.14;
2022-09-29 14:00:00;386.0;488.37;164.0;25.65;46.0;2.0;
2022-09-29 15:00:00;250.0;496.55;100.0;25.35;49.2;1.66;
2022-09-29 16:00:00;80.0;251.8;48.0;24.54;50.8;1.72;
2022-09-29 17:00:00;0.0;0.0;0.0;23.13;56.0;2.41;
2022-09-29 18:00:00;0.0;0.0;0.0;21.97;57.75;3.17;
2022-09-29 19:00:00;0.0;0.0;0.0;21.03;59.6;3.45;
2022-09-29 20:00:00;0.0;0.0;0.0;20.4;61.6;3.52;
2022-09-29 21:00:00;0.0;0.0;0.0;19.91;63.7;3.59;
2022-09-29 22:00:00;0.0;0.0;0.0;19.44;68.2;3.59;
2022-09-29 23:00:00;0.0;0.0;0.0;19.12;73.05;3.59;
2022-09-30 00:00:00;0.0;0.0;0.0;19.12;73.05;3.59;
2022-09-30 01:00:00;0.0;0.0;0.0;19.2;75.65;3.59;
2022-09-30 02:00:00;0.0;0.0;0.0;19.2;78.3;3.31;
2022-09-30 03:00:00;0.0;0.0;0.0;19.28;78.3;3.1;
2022-09-30 04:00:00;0.0;0.0;0.0;19.54;75.7;3.1;
2022-09-30 05:00:00;0.0;0.0;0.0;19.68;75.7;3.17;
2022-09-30 06:00:00;122.0;297.51;68.0;19.8;78.35;2.83;
2022-09-30 07:00:00;290.0;499.54;115.0;21.16;66.15;3.24;
2022-09-30 08:00:00;435.0;559.83;159.0;22.64;59.95;3.45;
2022-09-30 09:00:00;529.0;530.14;211.0;23.97;56.25;3.66;
2022-09-30 10:00:00;622.0;635.99;200.0;24.98;54.55;3.45;
2022-09-30 11:00:00;597.0;501.65;256.0;25.93;52.85;3.66;
2022-09-30 12:00:00;595.0;594.69;210.0;26.35;52.85;3.31;
2022-09-30 13:00:00;530.0;645.38;163.0;26.42;51.05;2.83;
2022-09-30 14:00:00;409.0;630.42;126.0;26.32;51.05;2.41;
2022-09-30 15:00:00;243.0;492.72;97.0;26.04;52.85;2.07;
2022-09-30 16:00:00;74.0;230.89;46.0;23.66;58.96;2.37;
2022-09-30 17:00:00;0.0;0.0;0.0;23.12;60.74;2.39;
2022-09-30 18:00:00;0.0;0.0;0.0;22.58;62.52;2.42;
2022-09-30 19:00:00;0.0;0.0;0.0;22.05;64.3;2.44;
2022-09-30 20:00:00;0.0;0.0;0.0;21.51;66.08;2.46;
2022-09-30 21:00:00;0.0;0.0;0.0;20.97;67.87;2.49;
2022-09-30 22:00:00;0.0;0.0;0.0;20.44;69.65;2.51;
2022-09-30 23:00:00;0.0;0.0;0.0;19.9;71.43;2.54;
2022-10-01 00:00:00;0.0;0.0;0.0;19.36;73.21;2.56;
2022-10-01 01:00:00;0.0;0.0;0.0;18.83;74.99;2.58;
2022-10-01 02:00:00;0.0;0.0;0.0;18.29;76.77;2.61;
2022-10-01 03:00:00;0.0;0.0;0.0;17.76;78.55;2.63;
2022-10-01 04:00:00;0.0;0.0;0.0;17.22;80.34;2.65;
2022-10-01 05:00:00;0.0;0.0;0.0;16.68;82.12;2.68;
2022-10-01 06:00:00;120.0;309.56;65.0;16.15;83.9;2.7;
2022-10-01 07:00:00;287.0;505.32;112.0;15.61;85.68;2.72;
2022-10-01 08:00:00;447.0;640.37;134.0;20.97;66.05;2.21;
2022-10-01 09:00:00;514.0;495.51;219.0;23.14;54.1;2.48;
2022-10-01 10:00:00;580.0;516.11;240.0;24.43;50.7;2.69;
2022-10-01 11:00:00;590.0;497.98;254.0;25.2;47.5;2.62;
2022-10-01 12:00:00;141.0;0.0;141.0;25.71;46.0;2.41;
2022-10-01 13:00:00;289.0;56.82;257.0;26.05;47.65;2.14;
2022-10-01 14:00:00;267.0;133.11;208.0;25.94;47.65;1.93;
2022-10-01 15:00:00;235.0;478.4;96.0;25.71;47.65;1.93;
2022-10-01 16:00:00;62.0;147.22;45.0;24.39;54.35;2.41;
2022-10-01 17:00:00;0.0;0.0;0.0;23.78;56.15;2.48;
2022-10-01 18:00:00;0.0;0.0;0.0;23.13;58.0;2.0;
2022-10-01 19:00:00;0.0;0.0;0.0;22.29;66.35;1.93;
2022-10-01 20:00:00;0.0;0.0;0.0;21.42;70.9;2.0;
2022-10-01 21:00:00;0.0;0.0;0.0;20.52;75.75;2.21;
2022-10-01 22:00:00;0.0;0.0;0.0;19.92;78.35;2.28;
2022-10-01 23:00:00;0.0;0.0;0.0;19.18;81.05;2.0;
2022-10-02 00:00:00;0.0;0.0;0.0;19.24;78.3;0.76;
2022-10-02 01:00:00;0.0;0.0;0.0;18.32;83.8;0.83;
2022-10-02 02:00:00;0.0;0.0;0.0;17.37;89.7;1.72;
2022-10-02 03:00:00;0.0;0.0;0.0;17.09;92.85;1.79;
2022-10-02 04:00:00;0.0;0.0;0.0;16.51;92.8;1.31;
2022-10-02 05:00:00;0.0;0.0;0.0;16.37;96.05;0.9;
2022-10-02 06:00:00;101.0;184.1;69.0;16.62;96.05;0.48;
2022-10-02 07:00:00;283.0;505.43;110.0;18.62;86.75;0.9;
2022-10-02 08:00:00;393.0;423.1;188.0;19.76;81.1;1.38;
2022-10-02 09:00:00;465.0;355.43;255.0;20.93;75.85;2.0;
2022-10-02 10:00:00;546.0;428.14;266.0;21.68;71.0;2.48;
2022-10-02 11:00:00;141.0;0.0;141.0;21.61;71.0;3.38;
2022-10-02 12:00:00;57.0;0.0;57.0;20.86;75.85;3.79;
2022-10-02 13:00:00;561.0;819.51;104.0;20.12;78.45;3.31;
2022-10-02 14:00:00;412.0;706.15;103.0;20.01;83.9;2.55;
2022-10-02 15:00:00;234.0;505.62;90.0;20.31;81.15;2.76;
2022-10-02 16:00:00;72.0;300.82;39.0;20.15;78.45;2.83;
2022-10-02 17:00:00;0.0;0.0;0.0;19.45;81.05;2.9;
2022-10-02 18:00:00;0.0;0.0;0.0;19.16;78.3;2.76;
2022-10-02 19:00:00;0.0;0.0;0.0;18.99;86.75;2.41;
2022-10-02 20:00:00;0.0;0.0;0.0;18.76;81.0;2.14;
2022-10-02 21:00:00;0.0;0.0;0.0;18.33;78.25;2.21;
2022-10-02 22:00:00;0.0;0.0;0.0;17.96;78.15;2.41;
2022-10-02 23:00:00;0.0;0.0;0.0;17.65;78.15;2.48;
2022-10-03 00:00:00;0.0;0.0;0.0;17.28;78.1;2.62;
2022-10-03 01:00:00;0.0;0.0;0.0;16.86;78.0;2.69;
2022-10-03 02:00:00;0.0;0.0;0.0;16.43;80.75;2.62;
2022-10-03 03:00:00;0.0;0.0;0.0;16.07;77.95;2.48;
2022-10-03 04:00:00;0.0;0.0;0.0;15.72;80.65;2.34;
2022-10-03 05:00:00;0.0;0.0;0.0;15.55;80.65;2.28;
2022-10-03 06:00:00;124.0;406.03;55.0;15.88;80.65;1.93;
2022-10-03 07:00:00;298.0;606.11;93.0;17.98;72.9;2.28;
2022-10-03 08:00:00;466.0;749.64;106.0;19.57;61.4;3.72;
2022-10-03 09:00:00;518.0;525.34;210.0;20.35;57.3;4.48;
2022-10-03 10:00:00;658.0;813.35;130.0;20.97;53.5;4.48;
2022-10-03 11:00:00;670.0;798.99;139.0;21.39;49.95;4.14;
2022-10-03 12:00:00;618.0;728.44;158.0;21.73;48.3;3.93;
2022-10-03 13:00:00;548.0;778.8;118.0;21.74;46.6;3.59;
2022-10-03 14:00:00;409.0;703.83;105.0;21.54;48.2;3.31;
2022-10-03 15:00:00;241.0;576.94;80.0;21.11;48.2;3.03;
2022-10-03 16:00:00;62.0;221.27;39.0;20.42;51.5;2.76;
2022-10-03 17:00:00;0.0;0.0;0.0;19.39;55.05;2.28;
2022-10-03 18:00:00;0.0;0.0;0.0;18.48;56.95;2.07;
2022-10-03 19:00:00;0.0;0.0;0.0;17.68;58.9;2.07;
2022-10-03 20:00:00;0.0;0.0;0.0;16.43;65.25;2.0;
2022-10-03 21:00:00;0.0;0.0;0.0;15.31;72.45;1.93;
2022-10-03 22:00:00;0.0;0.0;0.0;14.47;77.65;2.0;
2022-10-03 23:00:00;0.0;0.0;0.0;13.85;83.35;2.0;
2022-10-04 00:00:00;0.0;0.0;0.0;13.31;86.3;1.93;
2022-10-04 01:00:00;0.0;0.0;0.0;12.91;89.4;1.93;
2022-10-04 02:00:00;0.0;0.0;0.0;12.58;86.25;1.86;
2022-10-04 03:00:00;0.0;0.0;0.0;12.39;89.35;1.86;
2022-10-04 04:00:00;0.0;0.0;0.0;12.28;86.2;1.79;
2022-10-04 05:00:00;0.0;0.0;0.0;12.15;86.2;1.79;
2022-10-04 06:00:00;115.0;343.29;58.0;12.58;86.25;1.66;
2022-10-04 07:00:00;297.0;619.51;90.0;15.89;80.65;1.1;
2022-10-04 08:00:00;452.0;708.11;115.0;19.32;59.15;0.76;
2022-10-04 09:00:00;575.0;768.42;128.0;21.26;46.5;0.69;
2022-10-04 10:00:00;653.0;811.7;130.0;22.6;42.1;0.76;
2022-10-04 11:00:00;664.0;796.07;139.0;23.57;39.45;0.55;
2022-10-04 12:00:00;622.0;769.77;140.0;24.25;38.15;0.28;
2022-10-04 13:00:00;533.0;744.59;126.0;24.6;38.3;0.0;
2022-10-04 14:00:00;405.0;710.82;102.0;24.74;38.3;0.83;
2022-10-04 15:00:00;231.0;545.13;82.0;24.29;41.0;2.07;
2022-10-04 16:00:00;60.0;244.34;36.0;23.36;47.0;2.97;
2022-10-04 17:00:00;0.0;0.0;0.0;22.08;52.0;3.31;
2022-10-04 18:00:00;0.0;0.0;0.0;21.15;59.6;3.03;
2022-10-04 19:00:00;0.0;0.0;0.0;20.12;63.7;2.9;
2022-10-04 20:00:00;0.0;0.0;0.0;19.61;68.2;2.55;
2022-10-04 21:00:00;0.0;0.0;0.0;18.92;72.95;2.21;
2022-10-04 22:00:00;0.0;0.0;0.0;18.34;72.95;2.14;
2022-10-04 23:00:00;0.0;0.0;0.0;17.76;75.45;2.34;
2022-10-05 00:00:00;0.0;0.0;0.0;17.39;75.4;2.48;
2022-10-05 01:00:00;0.0;0.0;0.0;17.0;78.0;2.55;
2022-10-05 02:00:00;0.0;0.0;0.0;16.61;80.8;2.48;
2022-10-05 03:00:00;0.0;0.0;0.0;16.18;83.6;2.41;
2022-10-05 04:00:00;0.0;0.0;0.0;15.76;86.5;2.34;
2022-10-05 05:00:00;0.0;0.0;0.0;15.42;89.55;2.28;
2022-10-05 06:00:00;110.0;326.92;57.0;15.47;92.75;2.0;
2022-10-05 07:00:00;289.0;606.02;89.0;17.89;80.9;2.21;
2022-10-05 08:00:00;441.0;691.31;115.0;20.2;70.7;2.21;
2022-10-05 09:00:00;559.0;743.35;130.0;22.04;61.85;2.14;
2022-10-05 10:00:00;632.0;774.09;137.0;23.18;56.0;1.45;
2022-10-05 11:00:00;640.0;739.64;156.0;24.14;50.7;0.55;
2022-10-05 12:00:00;517.0;423.64;254.0;24.89;47.4;0.21;
2022-10-05 13:00:00;418.0;330.81;239.0;25.38;45.9;0.21;
2022-10-05 14:00:00;372.0;584.85;126.0;25.33;44.3;1.1;
2022-10-05 15:00:00;210.0;433.44;94.0;24.62;49.05;2.34;
2022-10-05 16:00:00;55.0;226.96;34.0;23.63;56.15;2.83;
2022-10-05 17:00:00;0.0;0.0;0.0;22.36;64.1;2.97;
2022-10-05 18:00:00;0.0;0.0;0.0;21.36;70.9;2.76;
2022-10-05 19:00:00;0.0;0.0;0.0;20.66;75.85;2.55;
2022-10-05 20:00:00;0.0;0.0;0.0;20.02;81.1;2.34;
2022-10-05 21:00:00;0.0;0.0;0.0;19.33;81.05;2.28;
2022-10-05 22:00:00;0.0;0.0;0.0;18.86;78.25;2.55;
2022-10-05 23:00:00;0.0;0.0;0.0;18.46;72.95;2.83;
2022-10-06 00:00:00;0.0;0.0;0.0;18.07;68.05;3.03;
2022-10-06 01:00:00;0.0;0.0;0.0;17.63;70.35;3.1;
2022-10-06 02:00:00;0.0;0.0;0.0;17.22;72.8;2.97;
2022-10-06 03:00:00;0.0;0.0;0.0;16.83;75.3;2.83;
2022-10-06 04:00:00;0.0;0.0;0.0;16.55;75.3;2.69;
2022-10-06 05:00:00;0.0;0.0;0.0;16.25;77.95;2.55;
2022-10-06 06:00:00;80.0;113.79;62.0;16.37;80.75;2.28;
2022-10-06 07:00:00;148.0;46.03;133.0;18.6;72.95;2.21;
2022-10-06 08:00:00;306.0;190.5;217.0;21.12;63.9;2.34;
2022-10-06 09:00:00;475.0;440.19;223.0;22.94;57.9;2.55;
2022-10-06 10:00:00;294.0;29.94;275.0;24.25;52.5;2.28;
2022-10-06 11:00:00;563.0;495.97;241.0;25.26;47.5;1.86;
2022-10-06 12:00:00;526.0;476.06;233.0;26.02;46.0;1.38;
2022-10-06 13:00:00;395.0;285.68;242.0;26.08;46.0;0.97;
2022-10-06 14:00:00;207.0;60.24;182.0;25.77;47.65;0.97;
2022-10-06 15:00:00;141.0;106.89;113.0;25.4;49.2;1.17;
2022-10-06 16:00:00;40.0;92.1;32.0;24.81;52.6;1.66;
2022-10-06 17:00:00;0.0;0.0;0.0;23.74;56.15;2.21;
2022-10-06 18:00:00;0.0;0.0;0.0;22.58;59.95;2.48;
2022-10-06 19:00:00;0.0;0.0;0.0;21.48;70.9;2.28;
2022-10-06 20:00:00;0.0;0.0;0.0;20.89;73.3;2.28;
2022-10-06 21:00:00;0.0;0.0;0.0;20.17;75.75;2.48;
2022-10-06 22:00:00;0.0;0.0;0.0;19.77;75.7;2.83;
2022-10-06 23:00:00;0.0;0.0;0.0;19.37;75.65;3.17;
2022-10-07 00:00:00;0.0;0.0;0.0;18.83;78.25;3.24;
2022-10-07 01:00:00;0.0;0.0;0.0;18.51;78.25;3.1;
2022-10-07 02:00:00;0.0;0.0;0.0;17.94;80.9;2.97;
2022-10-07 03:00:00;0.0;0.0;0.0;17.48;83.7;2.76;
2022-10-07 04:00:00;0.0;0.0;0.0;17.05;83.7;2.62;
2022-10-07 05:00:00;0.0;0.0;0.0;16.62;86.6;2.62;
2022-10-07 06:00:00;100.0;291.78;55.0;16.63;86.6;2.41;
2022-10-07 07:00:00;274.0;568.81;91.0;18.27;78.25;2.28;
2022-10-07 08:00:00;419.0;635.26;125.0;20.78;68.4;2.21;
2022-10-07 09:00:00;537.0;692.11;144.0;22.93;57.9;2.14;
2022-10-07 10:00:00;608.0;722.61;153.0;24.34;50.7;1.79;
2022-10-07 11:00:00;629.0;743.69;150.0;25.35;45.9;1.1;
2022-10-07 12:00:00;587.0;716.27;150.0;26.0;42.9;0.34;
2022-10-07 13:00:00;510.0;735.78;120.0;26.23;43.05;0.34;
2022-10-07 14:00:00;372.0;647.35;107.0;26.16;44.55;0.83;
2022-10-07 15:00:00;207.0;495.55;80.0;25.69;46.0;1.45;
2022-10-07 16:00:00;42.0;147.73;30.0;24.8;50.8;2.14;
2022-10-07 17:00:00;0.0;0.0;0.0;23.35;60.05;2.9;
2022-10-07 18:00:00;0.0;0.0;0.0;22.02;68.6;3.17;
2022-10-07 19:00:00;0.0;0.0;0.0;21.11;73.35;2.69;
2022-10-07 20:00:00;0.0;0.0;0.0;20.42;78.45;2.55;
2022-10-07 21:00:00;0.0;0.0;0.0;19.65;81.1;2.28;
2022-10-07 22:00:00;0.0;0.0;0.0;18.84;86.75;2.07;
2022-10-07 23:00:00;0.0;0.0;0.0;18.07;83.8;1.86;
2022-10-08 00:00:00;0.0;0.0;0.0;17.31;89.7;1.79;
2022-10-08 01:00:00;0.0;0.0;0.0;16.65;89.65;1.86;
2022-10-08 02:00:00;0.0;0.0;0.0;16.16;89.65;2.0;
2022-10-08 03:00:00;0.0;0.0;0.0;15.78;89.6;2.0;
2022-10-08 04:00:00;0.0;0.0;0.0;15.47;92.75;2.0;
2022-10-08 05:00:00;0.0;0.0;0.0;15.12;89.55;2.0;
2022-10-08 06:00:00;100.0;312.81;53.0;15.1;89.55;1.79;
2022-10-08 07:00:00;227.0;305.47;130.0;17.61;80.9;1.45;
2022-10-08 08:00:00;415.0;626.12;128.0;20.38;70.7;1.38;
2022-10-08 09:00:00;526.0;657.01;156.0;22.35;59.8;1.31;
2022-10-08 10:00:00;606.0;726.71;152.0;23.89;52.35;1.03;
2022-10-08 11:00:00;596.0;629.19;194.0;25.09;45.9;0.9;
2022-10-08 12:00:00;574.0;677.98;164.0;25.85;44.45;0.9;
2022-10-08 13:00:00;502.0;718.74;125.0;26.18;44.55;1.17;
2022-10-08 14:00:00;352.0;562.22;125.0;26.14;44.55;1.86;
2022-10-08 15:00:00;189.0;387.0;92.0;25.59;47.65;2.69;
2022-10-08 16:00:00;44.0;224.76;27.0;24.38;54.35;3.31;
2022-10-08 17:00:00;0.0;0.0;0.0;22.72;64.2;3.38;
2022-10-08 18:00:00;0.0;0.0;0.0;21.7;73.45;3.31;
2022-10-08 19:00:00;0.0;0.0;0.0;21.01;81.2;3.03;
2022-10-08 20:00:00;0.0;0.0;0.0;20.48;83.95;2.69;
2022-10-08 21:00:00;0.0;0.0;0.0;19.8;86.85;2.28;
2022-10-08 22:00:00;0.0;0.0;0.0;18.86;92.85;1.86;
2022-10-08 23:00:00;0.0;0.0;0.0;17.97;96.05;1.38;
2022-10-09 00:00:00;0.0;0.0;0.0;17.44;96.05;1.17;
2022-10-09 01:00:00;0.0;0.0;0.0;16.55;92.8;1.38;
2022-10-09 02:00:00;0.0;0.0;0.0;15.7;96.0;1.59;
2022-10-09 03:00:00;0.0;0.0;0.0;15.2;96.0;1.52;
2022-10-09 04:00:00;0.0;0.0;0.0;14.85;96.0;1.45;
2022-10-09 05:00:00;0.0;0.0;0.0;14.77;96.0;1.38;
2022-10-09 06:00:00;17.0;0.0;17.0;15.19;96.0;1.1;
2022-10-09 07:00:00;181.0;134.04;139.0;17.88;89.75;0.48;
2022-10-09 08:00:00;328.0;279.78;201.0;20.09;81.15;0.48;
2022-10-09 09:00:00;498.0;565.85;182.0;21.33;75.95;0.21;
2022-10-09 10:00:00;122.0;0.0;122.0;22.69;66.45;0.69;
2022-10-09 11:00:00;193.0;0.0;193.0;23.74;62.25;1.31;
2022-10-09 12:00:00;72.0;0.0;72.0;24.18;60.25;1.45;
2022-10-09 13:00:00;133.0;0.0;133.0;24.25;60.25;1.24;
2022-10-09 14:00:00;99.0;0.0;99.0;24.26;60.25;1.66;
2022-10-09 15:00:00;113.0;53.05;100.0;23.99;64.4;2.41;
2022-10-09 16:00:00;36.0;156.96;25.0;23.36;66.55;2.34;
2022-10-09 17:00:00;0.0;0.0;0.0;22.15;76.1;2.76;
2022-10-09 18:00:00;0.0;0.0;0.0;21.24;81.3;2.69;
2022-10-09 19:00:00;0.0;0.0;0.0;20.53;89.85;2.28;
2022-10-09 20:00:00;0.0;0.0;0.0;20.04;89.85;1.93;
2022-10-09 21:00:00;0.0;0.0;0.0;19.69;92.9;1.66;
2022-10-09 22:00:00;0.0;0.0;0.0;19.49;96.1;1.1;
2022-10-09 23:00:00;0.0;0.0;0.0;18.95;96.1;0.97;
2022-10-10 00:00:00;0.0;0.0;0.0;18.6;96.1;1.45;
2022-10-10 01:00:00;0.0;0.0;0.0;18.35;92.85;1.72;
2022-10-10 02:00:00;0.0;0.0;0.0;17.98;92.85;1.72;
2022-10-10 03:00:00;0.0;0.0;0.0;17.72;92.85;1.59;
2022-10-10 04:00:00;0.0;0.0;0.0;17.47;96.05;1.52;
2022-10-10 05:00:00;0.0;0.0;0.0;17.19;96.05;1.24;
2022-10-10 06:00:00;98.0;358.54;47.0;17.24;96.05;1.45;
2022-10-10 07:00:00;117.0;16.18;112.0;18.33;89.75;1.66;
2022-10-10 08:00:00;314.0;249.19;202.0;19.46;86.8;2.0;
2022-10-10 09:00:00;334.0;124.61;265.0;20.24;81.15;2.28;
2022-10-10 10:00:00;227.0;6.51;223.0;21.17;73.35;2.14;
2022-10-10 11:00:00;363.0;95.46;303.0;21.6;71.0;1.79;
2022-10-10 12:00:00;456.0;321.54;265.0;22.41;66.35;1.52;
2022-10-10 13:00:00;391.0;327.15;223.0;22.81;64.2;1.59;
2022-10-10 14:00:00;225.0;114.62;180.0;22.11;66.35;1.31;
2022-10-10 15:00:00;106.0;45.93;95.0;21.61;68.6;1.45;
2022-10-10 16:00:00;22.0;30.97;20.0;20.53;78.45;1.38;
2022-10-10 17:00:00;0.0;0.0;0.0;20.01;81.1;0.83;
2022-10-10 18:00:00;0.0;0.0;0.0;19.9;81.1;0.48;
2022-10-10 19:00:00;0.0;0.0;0.0;18.81;92.85;2.07;
2022-10-10 20:00:00;0.0;0.0;0.0;18.44;92.85;1.79;
2022-10-10 21:00:00;0.0;0.0;0.0;18.08;89.75;1.24;
2022-10-10 22:00:00;0.0;0.0;0.0;18.45;89.75;0.48;
2022-10-10 23:00:00;0.0;0.0;0.0;17.95;92.85;0.69;
2022-10-11 00:00:00;0.0;0.0;0.0;16.78;96.05;1.66;
2022-10-11 01:00:00;0.0;0.0;0.0;16.85;96.05;2.0;
2022-10-11 02:00:00;0.0;0.0;0.0;16.68;92.8;2.21;
2022-10-11 03:00:00;0.0;0.0;0.0;16.63;92.8;2.34;
2022-10-11 04:00:00;0.0;0.0;0.0;16.39;96.05;2.28;
2022-10-11 05:00:00;0.0;0.0;0.0;16.02;96.05;1.93;
2022-10-11 06:00:00;84.0;231.53;52.0;16.2;96.05;1.72;
2022-10-11 07:00:00;235.0;400.18;113.0;17.1;89.7;2.34;
2022-10-11 08:00:00;392.0;566.33;140.0;18.3;83.8;2.69;
2022-10-11 09:00:00;451.0;415.31;223.0;19.24;83.85;2.69;
2022-10-11 10:00:00;355.0;96.75;296.0;19.98;81.1;2.34;
2022-10-11 11:00:00;303.0;38.5;279.0;20.82;73.3;2.14;
2022-10-11 12:00:00;0.0;0.0;0.0;21.49;68.5;2.14;
2022-10-11 13:00:00;485.0;714.51;122.0;21.78;64.0;2.34;
2022-10-11 14:00:00;356.0;661.4;100.0;21.78;64.0;2.55;
2022-10-11 15:00:00;188.0;491.59;73.0;21.38;66.15;2.76;
2022-10-11 16:00:00;28.0;118.44;21.0;20.81;68.4;2.83;
2022-10-11 17:00:00;0.0;0.0;0.0;19.75;73.15;2.76;
2022-10-11 18:00:00;0.0;0.0;0.0;18.95;78.25;2.97;
2022-10-11 19:00:00;0.0;0.0;0.0;18.58;83.8;2.97;
2022-10-11 20:00:00;0.0;0.0;0.0;18.08;83.8;2.97;
2022-10-11 21:00:00;0.0;0.0;0.0;17.54;86.7;3.03;
2022-10-11 22:00:00;0.0;0.0;0.0;17.11;89.7;2.9;
2022-10-11 23:00:00;0.0;0.0;0.0;16.68;89.65;2.76;
2022-10-12 00:00:00;0.0;0.0;0.0;16.31;89.65;2.48;
2022-10-12 01:00:00;0.0;0.0;0.0;15.96;89.6;2.55;
2022-10-12 02:00:00;0.0;0.0;0.0;15.82;86.5;2.83;
2022-10-12 03:00:00;0.0;0.0;0.0;15.98;83.55;3.17;
2022-10-12 04:00:00;0.0;0.0;0.0;16.48;80.75;3.38;
2022-10-12 05:00:00;0.0;0.0;0.0;16.8;78.0;3.79;
2022-10-12 06:00:00;90.0;327.95;46.0;17.24;78.1;3.93;
2022-10-12 07:00:00;247.0;492.36;99.0;18.86;72.95;3.72;
2022-10-12 08:00:00;394.0;592.56;133.0;20.05;65.95;4.0;
2022-10-12 09:00:00;354.0;163.53;265.0;20.45;68.3;4.69;
2022-10-12 10:00:00;54.0;0.0;54.0;18.66;83.8;5.45;
2022-10-12 11:00:00;55.0;0.0;55.0;17.12;86.65;6.62;
2022-10-12 12:00:00;52.0;0.0;52.0;16.97;86.6;5.86;
2022-10-12 13:00:00;56.0;0.0;56.0;16.93;72.7;2.97;
2022-10-12 14:00:00;64.0;0.0;64.0;17.06;54.7;4.0;
2022-10-12 15:00:00;170.0;372.1;85.0;16.95;52.65;3.79;
2022-10-12 16:00:00;24.0;111.77;18.0;16.86;52.65;2.21;
2022-10-12 17:00:00;0.0;0.0;0.0;15.8;58.45;1.31;
2022-10-12 18:00:00;0.0;0.0;0.0;14.5;64.95;0.97;
2022-10-12 19:00:00;0.0;0.0;0.0;12.26;74.6;1.45;
2022-10-12 20:00:00;0.0;0.0;0.0;11.23;80.1;2.14;
2022-10-12 21:00:00;0.0;0.0;0.0;11.45;77.3;3.24;
2022-10-12 22:00:00;0.0;0.0;0.0;11.81;77.3;3.93;
2022-10-12 23:00:00;0.0;0.0;0.0;12.39;71.95;4.34;
2022-10-13 00:00:00;0.0;0.0;0.0;12.78;62.2;4.21;
2022-10-13 01:00:00;0.0;0.0;0.0;12.99;53.7;3.93;
2022-10-13 02:00:00;0.0;0.0;0.0;12.78;51.65;3.93;
2022-10-13 03:00:00;0.0;0.0;0.0;12.34;49.6;3.52;
2022-10-13 04:00:00;0.0;0.0;0.0;12.02;45.95;3.45;
2022-10-13 05:00:00;0.0;0.0;0.0;11.61;45.8;3.86;
2022-10-13 06:00:00;98.0;445.79;40.0;11.54;45.8;4.14;
2022-10-13 07:00:00;277.0;681.73;75.0;13.05;49.85;2.28;
2022-10-13 08:00:00;436.0;779.94;96.0;15.09;40.2;2.76;
2022-10-13 09:00:00;562.0;845.29;106.0;16.69;32.35;3.03;
2022-10-13 10:00:00;644.0;903.57;102.0;17.63;25.9;2.62;
2022-10-13 11:00:00;654.0;887.49;110.0;17.96;24.9;1.93;
2022-10-13 12:00:00;601.0;835.74;118.0;18.22;23.15;1.45;
2022-10-13 13:00:00;509.0;812.67;105.0;18.37;23.15;1.52;
2022-10-13 14:00:00;360.0;702.03;96.0;18.36;23.15;1.79;
2022-10-13 15:00:00;189.0;542.66;68.0;18.1;23.15;1.52;
2022-10-13 16:00:00;23.0;144.89;16.0;17.56;28.0;0.69;
2022-10-13 17:00:00;0.0;0.0;0.0;15.73;37.4;1.1;
2022-10-13 18:00:00;0.0;0.0;0.0;13.9;42.95;1.38;
2022-10-13 19:00:00;0.0;0.0;0.0;15.11;37.25;0.62;
2022-10-13 20:00:00;0.0;0.0;0.0;12.5;49.7;1.38;
2022-10-13 21:00:00;0.0;0.0;0.0;11.79;51.35;3.24;
2022-10-13 22:00:00;0.0;0.0;0.0;12.67;47.85;4.34;
2022-10-13 23:00:00;0.0;0.0;0.0;13.13;46.2;4.76;
2022-10-14 00:00:00;0.0;0.0;0.0;13.18;46.2;4.14;
2022-10-14 01:00:00;0.0;0.0;0.0;13.02;48.0;3.52;
2022-10-14 02:00:00;0.0;0.0;0.0;12.63;51.65;3.17;
2022-10-14 03:00:00;0.0;0.0;0.0;12.16;57.65;3.03;
2022-10-14 04:00:00;0.0;0.0;0.0;11.57;62.0;2.83;
2022-10-14 05:00:00;0.0;0.0;0.0;11.02;64.25;2.69;
2022-10-14 06:00:00;94.0;436.41;39.0;10.72;64.1;2.62;
2022-10-14 07:00:00;267.0;647.26;78.0;12.15;47.75;3.24;
2022-10-14 08:00:00;437.0;804.39;90.0;13.11;39.65;3.86;
2022-10-14 09:00:00;356.0;166.46;267.0;13.61;30.3;4.69;
2022-10-14 10:00:00;588.0;707.76;167.0;14.19;28.15;5.03;
2022-10-14 11:00:00;422.0;187.57;308.0;14.48;26.1;5.31;
2022-10-14 12:00:00;434.0;272.45;278.0;14.32;28.15;5.1;
2022-10-14 13:00:00;313.0;142.37;243.0;14.31;28.15;4.55;
2022-10-14 14:00:00;177.0;43.17;161.0;14.06;28.15;4.21;
2022-10-14 15:00:00;175.0;450.46;77.0;13.6;29.15;3.86;
2022-10-14 16:00:00;20.0;139.55;14.0;12.87;32.5;3.24;
2022-10-14 17:00:00;0.0;0.0;0.0;11.86;37.75;2.83;
2022-10-14 18:00:00;0.0;0.0;0.0;11.15;42.3;2.41;
2022-10-14 19:00:00;0.0;0.0;0.0;10.24;47.2;1.72;
2022-10-14 20:00:00;0.0;0.0;0.0;9.6;50.85;1.38;
2022-10-14 21:00:00;0.0;0.0;0.0;9.8;48.95;1.17;
2022-10-14 22:00:00;0.0;0.0;0.0;9.98;47.2;0.9;
2022-10-14 23:00:00;0.0;0.0;0.0;10.11;47.2;0.62;
2022-10-15 00:00:00;0.0;0.0;0.0;9.85;50.85;0.28;
2022-10-15 01:00:00;0.0;0.0;0.0;9.61;52.85;0.28;
2022-10-15 02:00:00;0.0;0.0;0.0;9.25;54.8;0.48;
2022-10-15 03:00:00;0.0;0.0;0.0;8.59;61.3;0.69;
2022-10-15 04:00:00;0.0;0.0;0.0;8.51;61.3;0.9;
2022-10-15 05:00:00;0.0;0.0;0.0;8.71;63.7;0.97;
2022-10-15 06:00:00;88.0;401.84;39.0;8.68;63.7;0.97;
2022-10-15 07:00:00;131.0;41.71;119.0;9.24;71.4;0.34;
2022-10-15 08:00:00;196.0;32.8;182.0;11.27;59.6;0.62;
2022-10-15 09:00:00;206.0;9.44;201.0;11.78;59.7;1.24;
2022-10-15 10:00:00;339.0;84.77;289.0;11.97;62.1;1.79;
2022-10-15 11:00:00;348.0;84.64;297.0;12.22;62.1;2.34;
2022-10-15 12:00:00;486.0;442.48;235.0;12.18;66.85;2.55;
2022-10-15 13:00:00;113.0;0.0;113.0;12.32;66.85;2.55;
2022-10-15 14:00:00;151.0;19.17;144.0;12.38;66.85;2.62;
2022-10-15 15:00:00;120.0;127.25;93.0;12.35;64.45;2.76;
2022-10-15 16:00:00;12.0;0.0;12.0;11.95;64.35;2.41;
2022-10-15 17:00:00;0.0;0.0;0.0;11.29;66.65;1.79;
2022-10-15 18:00:00;0.0;0.0;0.0;10.55;69.1;1.45;
2022-10-15 19:00:00;0.0;0.0;0.0;9.68;82.9;1.79;
2022-10-15 20:00:00;0.0;0.0;0.0;9.56;82.9;1.52;
2022-10-15 21:00:00;0.0;0.0;0.0;9.42;85.95;1.31;
2022-10-15 22:00:00;0.0;0.0;0.0;8.85;89.1;1.17;
2022-10-15 23:00:00;0.0;0.0;0.0;8.32;89.05;1.17;
2022-10-16 00:00:00;0.0;0.0;0.0;8.31;92.4;1.52;
2022-10-16 01:00:00;0.0;0.0;0.0;7.82;92.4;1.45;
2022-10-16 02:00:00;0.0;0.0;0.0;7.94;92.4;1.52;
2022-10-16 03:00:00;0.0;0.0;0.0;8.21;92.4;2.07;
2022-10-16 04:00:00;0.0;0.0;0.0;7.78;92.4;2.41;
2022-10-16 05:00:00;0.0;0.0;0.0;7.51;89.05;2.62;
2022-10-16 06:00:00;79.0;339.46;39.0;7.4;89.0;2.69;
2022-10-16 07:00:00;257.0;645.86;74.0;8.94;79.85;2.34;
2022-10-16 08:00:00;410.0;734.18;100.0;10.42;71.6;2.48;
2022-10-16 09:00:00;532.0;801.81;111.0;11.74;62.0;2.69;
2022-10-16 10:00:00;608.0;846.45;113.0;13.09;51.75;2.9;
2022-10-16 11:00:00;562.0;611.01;197.0;13.89;44.65;3.03;
2022-10-16 12:00:00;557.0;738.52;142.0;14.09;41.5;2.69;
2022-10-16 13:00:00;474.0;746.52;115.0;14.01;41.5;2.0;
2022-10-16 14:00:00;337.0;672.61;95.0;14.05;41.5;1.66;
2022-10-16 15:00:00;169.0;493.09;67.0;13.76;41.35;1.38;
2022-10-16 16:00:00;9.0;0.0;9.0;13.29;44.5;0.76;
2022-10-16 17:00:00;0.0;0.0;0.0;12.66;46.1;0.41;
2022-10-16 18:00:00;0.0;0.0;0.0;10.01;61.65;1.52;
2022-10-16 19:00:00;0.0;0.0;0.0;8.35;68.6;1.86;
2022-10-16 20:00:00;0.0;0.0;0.0;7.55;68.6;1.86;
2022-10-16 21:00:00;0.0;0.0;0.0;7.25;73.9;1.79;
2022-10-16 22:00:00;0.0;0.0;0.0;8.03;73.95;1.52;
2022-10-16 23:00:00;0.0;0.0;0.0;8.53;74.05;1.31;
2022-10-17 00:00:00;0.0;0.0;0.0;8.78;76.85;1.31;
2022-10-17 01:00:00;0.0;0.0;0.0;8.33;79.7;1.79;
2022-10-17 02:00:00;0.0;0.0;0.0;8.63;76.85;1.86;
2022-10-17 03:00:00;0.0;0.0;0.0;8.69;79.75;2.0;
2022-10-17 04:00:00;0.0;0.0;0.0;8.45;79.75;1.93;
2022-10-17 05:00:00;0.0;0.0;0.0;8.35;85.85;1.79;
2022-10-17 06:00:00;50.0;70.35;42.0;8.32;89.05;1.66;
2022-10-17 07:00:00;244.0;587.83;80.0;9.53;85.95;1.1;
2022-10-17 08:00:00;399.0;708.73;103.0;11.23;77.2;1.17;
2022-10-17 09:00:00;525.0;795.79;111.0;11.93;74.55;1.38;
2022-10-17 10:00:00;601.0;839.99;114.0;12.66;69.45;1.72;
2022-10-17 11:00:00;616.0;847.71;114.0;13.57;64.75;2.14;
2022-10-17 12:00:00;287.0;50.3;259.0;14.1;62.55;2.69;
2022-10-17 13:00:00;434.0;582.49;157.0;14.17;60.3;3.1;
2022-10-17 14:00:00;302.0;493.73;127.0;13.8;62.45;3.24;
2022-10-17 15:00:00;166.0;510.96;63.0;13.6;62.45;2.9;
2022-10-17 16:00:00;8.0;0.0;8.0;13.16;62.3;2.28;
2022-10-17 17:00:00;0.0;0.0;0.0;12.43;66.85;2.0;
2022-10-17 18:00:00;0.0;0.0;0.0;11.73;69.25;1.72;
2022-10-17 19:00:00;0.0;0.0;0.0;11.25;69.15;2.62;
2022-10-17 20:00:00;0.0;0.0;0.0;11.01;69.15;2.48;
2022-10-17 21:00:00;0.0;0.0;0.0;10.89;71.7;2.55;
2022-10-17 22:00:00;0.0;0.0;0.0;10.55;66.55;3.1;
2022-10-17 23:00:00;0.0;0.0;0.0;10.69;66.55;3.17;
2022-10-18 00:00:00;0.0;0.0;0.0;10.35;66.45;3.31;
2022-10-18 01:00:00;0.0;0.0;0.0;10.44;61.75;3.38;
2022-10-18 02:00:00;0.0;0.0;0.0;10.34;64.0;3.38;
2022-10-18 03:00:00;0.0;0.0;0.0;10.37;64.0;3.52;
2022-10-18 04:00:00;0.0;0.0;0.0;10.26;61.65;3.72;
2022-10-18 05:00:00;0.0;0.0;0.0;10.2;61.65;3.93;
2022-10-18 06:00:00;71.0;301.12;38.0;10.27;64.0;4.07;
2022-10-18 07:00:00;229.0;502.5;91.0;10.86;71.7;4.21;
2022-10-18 08:00:00;306.0;283.26;189.0;12.14;59.85;5.45;
2022-10-18 09:00:00;409.0;345.36;231.0;12.87;53.6;7.03;
2022-10-18 10:00:00;554.0;666.39;171.0;13.24;49.85;7.52;
2022-10-18 11:00:00;591.0;766.61;141.0;13.58;44.65;7.52;
2022-10-18 12:00:00;549.0;750.88;135.0;13.72;44.65;7.24;
2022-10-18 13:00:00;460.0;733.7;115.0;13.81;44.65;7.1;
2022-10-18 14:00:00;78.0;0.0;78.0;13.69;42.95;6.76;
2022-10-18 15:00:00;163.0;524.55;60.0;13.42;42.8;6.07;
2022-10-18 16:00:00;6.0;0.0;6.0;13.06;42.8;5.1;
2022-10-18 17:00:00;0.0;0.0;0.0;12.64;44.35;4.83;
2022-10-18 18:00:00;0.0;0.0;0.0;12.32;47.75;4.76;
2022-10-18 19:00:00;0.0;0.0;0.0;12.05;47.75;5.52;
2022-10-18 20:00:00;0.0;0.0;0.0;11.8;51.35;5.86;
2022-10-18 21:00:00;0.0;0.0;0.0;11.52;51.35;5.93;
2022-10-18 22:00:00;0.0;0.0;0.0;11.28;53.25;6.0;
2022-10-18 23:00:00;0.0;0.0;0.0;11.11;53.25;6.07;
2022-10-19 00:00:00;0.0;0.0;0.0;11.03;53.25;6.28;
2022-10-19 01:00:00;0.0;0.0;0.0;10.9;55.15;6.34;
2022-10-19 02:00:00;0.0;0.0;0.0;10.76;55.15;6.28;
2022-10-19 03:00:00;0.0;0.0;0.0;10.62;55.15;6.21;
2022-10-19 04:00:00;0.0;0.0;0.0;10.56;55.15;6.21;
2022-10-19 05:00:00;0.0;0.0;0.0;10.38;57.15;6.14;
2022-10-19 06:00:00;63.0;237.07;38.0;10.31;57.15;6.07;
2022-10-19 07:00:00;133.0;62.9;116.0;10.59;59.5;6.41;
2022-10-19 08:00:00;322.0;357.46;176.0;11.2;55.3;7.45;
2022-10-19 09:00:00;445.0;479.85;200.0;11.52;53.35;7.24;
2022-10-19 10:00:00;566.0;735.45;147.0;12.06;49.6;6.9;
2022-10-19 11:00:00;546.0;599.83;197.0;12.51;46.1;6.41;
2022-10-19 12:00:00;466.0;432.16;230.0;12.79;44.35;5.93;
2022-10-19 13:00:00;439.0;643.11;140.0;12.97;41.2;5.59;
2022-10-19 14:00:00;311.0;604.87;103.0;12.98;41.2;5.17;
2022-10-19 15:00:00;149.0;423.67;68.0;12.75;41.1;4.62;
2022-10-19 16:00:00;0.0;0.0;0.0;12.28;42.55;3.38;
2022-10-19 17:00:00;0.0;0.0;0.0;11.67;45.8;2.69;
2022-10-19 18:00:00;0.0;0.0;0.0;10.98;49.3;2.14;
2022-10-19 19:00:00;0.0;0.0;0.0;10.14;57.15;1.93;
2022-10-19 20:00:00;0.0;0.0;0.0;9.45;59.25;1.66;
2022-10-19 21:00:00;0.0;0.0;0.0;8.46;66.15;1.52;
2022-10-19 22:00:00;0.0;0.0;0.0;7.96;68.6;1.45;
2022-10-19 23:00:00;0.0;0.0;0.0;7.7;68.6;1.38;
2022-10-20 00:00:00;0.0;0.0;0.0;7.29;71.15;1.45;
2022-10-20 01:00:00;0.0;0.0;0.0;6.93;68.5;1.38;
2022-10-20 02:00:00;0.0;0.0;0.0;6.72;71.05;1.38;
2022-10-20 03:00:00;0.0;0.0;0.0;6.18;76.55;1.52;
2022-10-20 04:00:00;0.0;0.0;0.0;5.24;82.4;1.86;
2022-10-20 05:00:00;0.0;0.0;0.0;5.32;82.4;2.21;
2022-10-20 06:00:00;64.0;286.26;35.0;5.08;82.4;2.28;
2022-10-20 07:00:00;231.0;579.23;77.0;7.39;76.7;2.14;
2022-10-20 08:00:00;377.0;653.77;113.0;10.53;59.5;2.34;
2022-10-20 09:00:00;488.0;688.1;140.0;12.03;53.5;1.93;
2022-10-20 10:00:00;557.0;717.2;152.0;13.11;46.2;1.59;
2022-10-20 11:00:00;565.0;695.37;164.0;13.95;41.35;1.66;
2022-10-20 12:00:00;519.0;656.37;164.0;14.48;38.55;1.59;
2022-10-20 13:00:00;435.0;652.64;135.0;14.82;37.15;1.45;
2022-10-20 14:00:00;278.0;434.06;131.0;14.79;37.15;1.45;
2022-10-20 15:00:00;137.0;354.69;71.0;14.67;37.15;1.72;
2022-10-20 16:00:00;0.0;0.0;0.0;13.97;42.95;2.07;
2022-10-20 17:00:00;0.0;0.0;0.0;12.84;47.85;2.76;
2022-10-20 18:00:00;0.0;0.0;0.0;12.33;51.5;3.17;
2022-10-20 19:00:00;0.0;0.0;0.0;12.02;57.65;2.55;
2022-10-20 20:00:00;0.0;0.0;0.0;11.35;64.25;2.41;
2022-10-20 21:00:00;0.0;0.0;0.0;10.4;71.6;2.07;
2022-10-20 22:00:00;0.0;0.0;0.0;9.19;76.95;1.93;
2022-10-20 23:00:00;0.0;0.0;0.0;8.46;79.75;1.93;
2022-10-21 00:00:00;0.0;0.0;0.0;7.74;79.7;2.07;
2022-10-21 01:00:00;0.0;0.0;0.0;7.15;82.65;2.0;
2022-10-21 02:00:00;0.0;0.0;0.0;6.59;85.75;1.86;
2022-10-21 03:00:00;0.0;0.0;0.0;6.04;85.7;1.59;
2022-10-21 04:00:00;0.0;0.0;0.0;6.22;85.7;1.38;
2022-10-21 05:00:00;0.0;0.0;0.0;6.99;82.65;1.1;
2022-10-21 06:00:00;51.0;154.4;36.0;7.35;82.65;0.97;
2022-10-21 07:00:00;96.0;15.3;92.0;9.51;77.0;0.28;
2022-10-21 08:00:00;93.0;0.0;93.0;11.29;69.15;0.55;
2022-10-21 09:00:00;91.0;0.0;91.0;12.38;66.85;1.31;
2022-10-21 10:00:00;80.0;0.0;80.0;13.24;62.3;2.07;
2022-10-21 11:00:00;137.0;0.0;137.0;13.23;67.05;2.62;
2022-10-21 12:00:00;195.0;5.6;192.0;13.66;67.15;2.97;
2022-10-21 13:00:00;154.0;2.2;153.0;14.3;69.75;3.1;
2022-10-21 14:00:00;162.0;53.97;144.0;15.07;67.45;3.1;
2022-10-21 15:00:00;88.0;77.34;74.0;15.36;67.45;2.62;
2022-10-21 16:00:00;0.0;0.0;0.0;15.14;69.9;2.55;
2022-10-21 17:00:00;0.0;0.0;0.0;14.87;72.4;2.62;
2022-10-21 18:00:00;0.0;0.0;0.0;14.45;77.65;2.41;
2022-10-21 19:00:00;0.0;0.0;0.0;13.01;80.35;2.69;
2022-10-21 20:00:00;0.0;0.0;0.0;12.6;83.25;2.83;
2022-10-21 21:00:00;0.0;0.0;0.0;12.39;86.2;3.1;
2022-10-21 22:00:00;0.0;0.0;0.0;12.58;86.25;3.45;
2022-10-21 23:00:00;0.0;0.0;0.0;13.18;86.3;3.93;
2022-10-22 00:00:00;0.0;0.0;0.0;13.48;86.35;4.0;
2022-10-22 01:00:00;0.0;0.0;0.0;13.56;86.35;3.72;
2022-10-22 02:00:00;0.0;0.0;0.0;13.49;86.35;3.72;
2022-10-22 03:00:00;0.0;0.0;0.0;13.64;86.35;3.93;
2022-10-22 04:00:00;0.0;0.0;0.0;13.79;89.45;3.79;
2022-10-22 05:00:00;0.0;0.0;0.0;13.77;89.45;3.45;
2022-10-22 06:00:00;9.0;0.0;9.0;13.71;89.45;3.24;
2022-10-22 07:00:00;113.0;42.79;102.0;14.26;89.5;2.55;
2022-10-22 08:00:00;90.0;0.0;90.0;14.35;92.7;1.66;
2022-10-22 09:00:00;94.0;0.0;94.0;14.61;92.7;1.24;
2022-10-22 10:00:00;125.0;0.0;125.0;14.67;89.5;1.93;
2022-10-22 11:00:00;472.0;429.02;229.0;14.65;89.5;2.69;
2022-10-22 12:00:00;440.0;427.94;213.0;14.5;86.45;3.1;
2022-10-22 13:00:00;298.0;193.65;211.0;14.39;89.5;2.83;
2022-10-22 14:00:00;263.0;435.47;120.0;14.39;89.5;1.38;
2022-10-22 15:00:00;133.0;420.38;59.0;14.81;86.45;0.83;
2022-10-22 16:00:00;0.0;0.0;0.0;14.53;86.45;1.66;
2022-10-22 17:00:00;0.0;0.0;0.0;13.35;92.65;1.72;
2022-10-22 18:00:00;0.0;0.0;0.0;12.9;95.95;0.9;
2022-10-22 19:00:00;0.0;0.0;0.0;12.99;89.4;1.1;
2022-10-22 20:00:00;0.0;0.0;0.0;12.58;92.6;1.03;
2022-10-22 21:00:00;0.0;0.0;0.0;10.36;99.4;1.72;
2022-10-22 22:00:00;0.0;0.0;0.0;10.11;99.4;2.14;
2022-10-22 23:00:00;0.0;0.0;0.0;10.09;99.4;1.86;
2022-10-23 00:00:00;0.0;0.0;0.0;10.0;95.9;1.66;
2022-10-23 01:00:00;0.0;0.0;0.0;9.91;99.4;1.79;
2022-10-23 02:00:00;0.0;0.0;0.0;9.8;99.4;1.93;
2022-10-23 03:00:00;0.0;0.0;0.0;9.91;99.4;1.52;
2022-10-23 04:00:00;0.0;0.0;0.0;10.62;95.9;1.17;
2022-10-23 05:00:00;0.0;0.0;0.0;11.82;92.55;0.76;
2022-10-23 06:00:00;20.0;0.0;20.0;11.28;95.9;1.45;
2022-10-23 07:00:00;36.0;0.0;36.0;13.26;92.65;2.83;
2022-10-23 08:00:00;68.0;0.0;68.0;14.03;89.5;3.24;
2022-10-23 09:00:00;106.0;0.0;106.0;14.22;92.7;3.79;
2022-10-23 10:00:00;182.0;1.82;181.0;14.5;89.5;4.97;
2022-10-23 11:00:00;76.0;0.0;76.0;14.54;89.5;6.07;
2022-10-23 12:00:00;59.0;0.0;59.0;14.26;92.7;6.0;
2022-10-23 13:00:00;74.0;0.0;74.0;13.82;92.65;5.72;
2022-10-23 14:00:00;80.0;0.0;80.0;13.25;92.65;6.0;
2022-10-23 15:00:00;33.0;0.0;33.0;12.68;89.4;6.69;
2022-10-23 16:00:00;0.0;0.0;0.0;12.27;89.35;7.17;
2022-10-23 17:00:00;0.0;0.0;0.0;12.23;89.35;7.1;
2022-10-23 18:00:00;0.0;0.0;0.0;12.39;89.35;6.83;
2022-10-23 19:00:00;0.0;0.0;0.0;13.11;89.4;5.24;
2022-10-23 20:00:00;0.0;0.0;0.0;13.28;92.65;5.45;
2022-10-23 21:00:00;0.0;0.0;0.0;13.65;89.45;6.07;
2022-10-23 22:00:00;0.0;0.0;0.0;13.99;86.4;7.1;
2022-10-23 23:00:00;0.0;0.0;0.0;14.17;86.4;8.07;
2022-10-24 00:00:00;0.0;0.0;0.0;14.06;86.4;8.41;
2022-10-24 01:00:00;0.0;0.0;0.0;13.8;86.35;8.14;
2022-10-24 02:00:00;0.0;0.0;0.0;13.51;83.35;7.86;
2022-10-24 03:00:00;0.0;0.0;0.0;13.29;86.3;7.38;
2022-10-24 04:00:00;0.0;0.0;0.0;13.24;86.3;6.9;
2022-10-24 05:00:00;0.0;0.0;0.0;13.22;83.25;6.34;
2022-10-24 06:00:00;28.0;23.63;26.0;13.38;80.35;5.72;
2022-10-24 07:00:00;109.0;44.31;98.0;14.19;74.95;4.34;
2022-10-24 08:00:00;176.0;36.34;162.0;14.32;74.95;4.28;
2022-10-24 09:00:00;391.0;388.58;202.0;14.56;75.0;4.21;
2022-10-24 10:00:00;553.0;820.65;106.0;14.95;77.75;4.14;
2022-10-24 11:00:00;506.0;580.71;183.0;15.94;72.55;4.21;
2022-10-24 12:00:00;526.0;815.1;102.0;16.95;63.05;4.55;
2022-10-24 13:00:00;396.0;603.59;131.0;17.61;52.9;5.24;
2022-10-24 14:00:00;288.0;637.73;85.0;17.57;51.0;4.9;
2022-10-24 15:00:00;123.0;397.01;57.0;17.15;52.75;4.07;
2022-10-24 16:00:00;0.0;0.0;0.0;16.24;58.6;3.31;
2022-10-24 17:00:00;0.0;0.0;0.0;15.39;62.75;2.76;
2022-10-24 18:00:00;0.0;0.0;0.0;14.55;67.35;2.55;
2022-10-24 19:00:00;0.0;0.0;0.0;13.94;74.85;2.83;
2022-10-24 20:00:00;0.0;0.0;0.0;13.3;77.5;2.69;
2022-10-24 21:00:00;0.0;0.0;0.0;12.82;77.45;2.55;
2022-10-24 22:00:00;0.0;0.0;0.0;12.53;77.45;2.28;
2022-10-24 23:00:00;0.0;0.0;0.0;11.99;80.2;2.07;
2022-10-25 00:00:00;0.0;0.0;0.0;11.4;86.1;1.93;
2022-10-25 01:00:00;0.0;0.0;0.0;10.82;89.25;1.86;
2022-10-25 02:00:00;0.0;0.0;0.0;10.21;89.2;1.86;
2022-10-25 03:00:00;0.0;0.0;0.0;9.83;92.45;1.93;
2022-10-25 04:00:00;0.0;0.0;0.0;9.61;92.45;1.72;
2022-10-25 05:00:00;0.0;0.0;0.0;9.37;92.45;1.86;
2022-10-25 06:00:00;25.0;24.85;23.0;9.51;92.45;2.14;
2022-10-25 07:00:00;181.0;365.0;92.0;11.79;92.55;2.07;
2022-10-25 08:00:00;324.0;509.67;130.0;14.58;80.55;2.69;
2022-10-25 09:00:00;230.0;39.46;211.0;15.86;75.15;3.1;
2022-10-25 10:00:00;264.0;40.76;242.0;16.89;70.2;3.45;
2022-10-25 11:00:00;438.0;350.17;245.0;17.61;63.3;3.59;
2022-10-25 12:00:00;517.0;792.08;109.0;18.04;59.05;3.45;
2022-10-25 13:00:00;360.0;440.1;169.0;18.18;59.05;3.1;
2022-10-25 14:00:00;190.0;146.79;144.0;18.14;59.05;2.83;
2022-10-25 15:00:00;125.0;452.15;52.0;17.75;61.05;2.07;
2022-10-25 16:00:00;0.0;0.0;0.0;16.91;65.35;1.45;
2022-10-25 17:00:00;0.0;0.0;0.0;15.99;70.1;0.76;
2022-10-25 18:00:00;0.0;0.0;0.0;15.27;72.45;0.97;
2022-10-25 19:00:00;0.0;0.0;0.0;12.22;86.2;2.41;
2022-10-25 20:00:00;0.0;0.0;0.0;12.12;86.2;2.62;
2022-10-25 21:00:00;0.0;0.0;0.0;12.06;86.2;2.62;
2022-10-25 22:00:00;0.0;0.0;0.0;11.91;89.3;2.62;
2022-10-25 23:00:00;0.0;0.0;0.0;11.8;89.3;2.62;
2022-10-26 00:00:00;0.0;0.0;0.0;11.73;89.3;2.83;
2022-10-26 01:00:00;0.0;0.0;0.0;11.65;89.3;2.97;
2022-10-26 02:00:00;0.0;0.0;0.0;11.56;89.3;3.1;
2022-10-26 03:00:00;0.0;0.0;0.0;11.53;89.3;3.1;
2022-10-26 04:00:00;0.0;0.0;0.0;11.43;92.55;3.03;
2022-10-26 05:00:00;0.0;0.0;0.0;11.27;92.55;2.83;
2022-10-26 06:00:00;39.0;157.27;27.0;11.07;92.55;2.69;
2022-10-26 07:00:00;195.0;505.39;74.0;11.97;89.35;2.83;
2022-10-26 08:00:00;342.0;638.29;102.0;13.99;80.45;3.03;
2022-10-26 09:00:00;459.0;719.47;116.0;15.75;75.15;3.31;
2022-10-26 10:00:00;535.0;785.39;115.0;17.02;70.3;3.1;
2022-10-26 11:00:00;552.0;803.84;113.0;18.15;65.65;2.9;
2022-10-26 12:00:00;517.0;813.64;102.0;18.65;65.65;2.76;
2022-10-26 13:00:00;414.0;727.28;102.0;18.84;65.65;2.62;
2022-10-26 14:00:00;272.0;593.22;89.0;18.67;65.65;2.28;
2022-10-26 15:00:00;113.0;370.07;55.0;18.12;68.05;1.79;
2022-10-26 16:00:00;0.0;0.0;0.0;17.17;72.8;1.72;
2022-10-26 17:00:00;0.0;0.0;0.0;15.52;83.55;1.38;
2022-10-26 18:00:00;0.0;0.0;0.0;15.73;80.65;0.62;
2022-10-26 19:00:00;0.0;0.0;0.0;15.48;86.5;0.34;
2022-10-26 20:00:00;0.0;0.0;0.0;14.82;89.5;0.76;
2022-10-26 21:00:00;0.0;0.0;0.0;11.98;92.6;1.45;
2022-10-26 22:00:00;0.0;0.0;0.0;10.9;99.4;1.66;
2022-10-26 23:00:00;0.0;0.0;0.0;10.33;99.4;1.79;
2022-10-27 00:00:00;0.0;0.0;0.0;10.19;99.4;2.0;
2022-10-27 01:00:00;0.0;0.0;0.0;10.2;95.9;2.07;
2022-10-27 02:00:00;0.0;0.0;0.0;10.17;95.9;1.93;
2022-10-27 03:00:00;0.0;0.0;0.0;9.9;99.4;1.86;
2022-10-27 04:00:00;0.0;0.0;0.0;9.79;99.4;1.72;
2022-10-27 05:00:00;0.0;0.0;0.0;9.73;95.85;1.59;
2022-10-27 06:00:00;36.0;138.65;26.0;9.6;95.85;1.72;
2022-10-27 07:00:00;189.0;476.59;77.0;11.54;95.9;1.86;
2022-10-27 08:00:00;337.0;622.02;106.0;14.14;89.5;2.0;
2022-10-27 09:00:00;450.0;690.78;124.0;15.91;80.65;2.14;
2022-10-27 10:00:00;529.0;771.94;120.0;17.1;72.8;2.41;
2022-10-27 11:00:00;545.0;789.09;118.0;18.1;65.65;2.83;
2022-10-27 12:00:00;489.0;712.8;129.0;18.47;65.65;2.97;
2022-10-27 13:00:00;388.0;613.13;128.0;18.6;65.65;2.97;
2022-10-27 14:00:00;256.0;510.44;101.0;18.35;65.65;2.76;
2022-10-27 15:00:00;109.0;361.66;54.0;17.86;67.95;2.34;
2022-10-27 16:00:00;0.0;0.0;0.0;16.85;75.3;2.0;
2022-10-27 17:00:00;0.0;0.0;0.0;15.39;83.5;1.72;
2022-10-27 18:00:00;0.0;0.0;0.0;15.42;83.5;0.76;
2022-10-27 19:00:00;0.0;0.0;0.0;13.49;86.35;1.24;
2022-10-27 20:00:00;0.0;0.0;0.0;12.36;92.6;1.31;
2022-10-27 21:00:00;0.0;0.0;0.0;11.85;95.9;1.17;
2022-10-27 22:00:00;0.0;0.0;0.0;10.81;99.4;1.24;
2022-10-27 23:00:00;0.0;0.0;0.0;9.81;99.4;1.45;
2022-10-28 00:00:00;0.0;0.0;0.0;8.88;99.4;1.79;
2022-10-28 01:00:00;0.0;0.0;0.0;8.84;99.4;2.07;
2022-10-28 02:00:00;0.0;0.0;0.0;8.86;99.4;2.07;
2022-10-28 03:00:00;0.0;0.0;0.0;9.2;99.4;2.14;
2022-10-28 04:00:00;0.0;0.0;0.0;9.38;99.4;2.07;
2022-10-28 05:00:00;0.0;0.0;0.0;9.58;95.85;2.0;
2022-10-28 06:00:00;33.0;147.17;23.0;9.64;95.85;2.07;
2022-10-28 07:00:00;186.0;477.04;76.0;10.94;95.9;1.93;
2022-10-28 08:00:00;324.0;567.15;116.0;12.99;86.3;1.86;
2022-10-28 09:00:00;442.0;667.9;130.0;14.62;80.55;1.93;
2022-10-28 10:00:00;517.0;741.06;128.0;15.9;77.85;1.72;
2022-10-28 11:00:00;536.0;770.29;123.0;16.96;72.7;1.52;
2022-10-28 12:00:00;497.0;761.87;116.0;17.65;65.55;1.31;
2022-10-28 13:00:00;402.0;708.55;105.0;17.98;63.3;1.24;
2022-10-28 14:00:00;263.0;582.13;89.0;17.97;61.05;1.1;
2022-10-28 15:00:00;107.0;379.67;51.0;17.58;61.05;0.97;
2022-10-28 16:00:00;0.0;0.0;0.0;16.54;70.2;1.1;
2022-10-28 17:00:00;0.0;0.0;0.0;14.32;83.4;1.38;
2022-10-28 18:00:00;0.0;0.0;0.0;12.95;86.25;1.52;
2022-10-28 19:00:00;0.0;0.0;0.0;14.1;83.4;0.62;
2022-10-28 20:00:00;0.0;0.0;0.0;12.82;89.4;1.03;
2022-10-28 21:00:00;0.0;0.0;0.0;11.06;92.55;1.38;
2022-10-28 22:00:00;0.0;0.0;0.0;10.01;95.9;1.38;
2022-10-28 23:00:00;0.0;0.0;0.0;9.25;99.4;1.45;
2022-10-29 00:00:00;0.0;0.0;0.0;8.69;99.4;1.38;
2022-10-29 01:00:00;0.0;0.0;0.0;8.77;99.4;1.24;
2022-10-29 02:00:00;0.0;0.0;0.0;8.59;95.85;1.31;
2022-10-29 03:00:00;0.0;0.0;0.0;8.36;99.4;1.38;
2022-10-29 04:00:00;0.0;0.0;0.0;8.29;99.4;1.31;
2022-10-29 05:00:00;0.0;0.0;0.0;8.33;99.4;1.31;
2022-10-29 06:00:00;23.0;47.04;20.0;8.33;99.4;1.31;
2022-10-29 07:00:00;117.0;88.42;97.0;10.14;95.9;1.24;
2022-10-29 08:00:00;202.0;96.65;167.0;12.46;86.25;1.31;
2022-10-29 09:00:00;234.0;51.91;210.0;13.89;83.35;1.24;
2022-10-29 10:00:00;253.0;38.46;233.0;15.05;77.8;1.1;
2022-10-29 11:00:00;153.0;0.0;153.0;16.24;72.65;1.17;
2022-10-29 12:00:00;391.0;343.31;221.0;16.98;70.2;1.45;
2022-10-29 13:00:00;381.0;622.69;123.0;17.39;67.85;1.52;
2022-10-29 14:00:00;253.0;540.43;94.0;17.41;67.85;1.17;
2022-10-29 15:00:00;109.0;440.57;46.0;17.1;67.85;0.97;
2022-10-29 16:00:00;0.0;0.0;0.0;16.18;75.25;1.59;
2022-10-29 17:00:00;0.0;0.0;0.0;14.34;86.4;1.66;
2022-10-29 18:00:00;0.0;0.0;0.0;13.17;89.4;1.31;
2022-10-29 19:00:00;0.0;0.0;0.0;14.59;80.55;0.48;
2022-10-29 20:00:00;0.0;0.0;0.0;13.91;86.35;0.41;
2022-10-29 21:00:00;0.0;0.0;0.0;12.51;89.4;0.76;
2022-10-29 22:00:00;0.0;0.0;0.0;11.29;95.9;0.97;
2022-10-29 23:00:00;0.0;0.0;0.0;10.87;99.4;0.97;
2022-10-30 00:00:00;0.0;0.0;0.0;10.65;99.4;0.9;
2022-10-30 01:00:00;0.0;0.0;0.0;10.66;99.4;0.69;
2022-10-30 02:00:00;0.0;0.0;0.0;10.73;95.9;0.69;
2022-10-30 03:00:00;0.0;0.0;0.0;10.75;95.9;0.62;
2022-10-30 04:00:00;0.0;0.0;0.0;10.83;95.9;0.69;
2022-10-30 05:00:00;0.0;0.0;0.0;10.93;95.9;0.69;
2022-10-30 06:00:00;22.0;50.33;19.0;11.23;92.55;0.41;
2022-10-30 07:00:00;135.0;175.85;96.0;12.24;89.35;0.21;
2022-10-30 08:00:00;261.0;285.3;159.0;13.68;86.35;0.9;
2022-10-30 09:00:00;380.0;421.77;187.0;15.11;77.8;2.55;
2022-10-30 10:00:00;503.0;722.09;131.0;16.11;70.1;4.62;
2022-10-30 11:00:00;505.0;674.48;150.0;16.39;70.1;5.45;
2022-10-30 12:00:00;472.0;695.49;131.0;16.38;67.65;5.66;
2022-10-30 13:00:00;379.0;634.83;119.0;16.23;65.25;5.79;
2022-10-30 14:00:00;249.0;542.15;92.0;15.78;62.85;5.86;
2022-10-30 15:00:00;97.0;339.17;50.0;15.1;60.5;5.17;
2022-10-30 16:00:00;0.0;0.0;0.0;14.16;62.55;4.62;
2022-10-30 17:00:00;0.0;0.0;0.0;13.33;62.3;4.21;
2022-10-30 18:00:00;0.0;0.0;0.0;12.97;60.05;3.93;
2022-10-30 19:00:00;0.0;0.0;0.0;12.96;64.55;4.0;
2022-10-30 20:00:00;0.0;0.0;0.0;12.54;62.2;3.86;
2022-10-30 21:00:00;0.0;0.0;0.0;12.13;62.1;3.59;
2022-10-30 22:00:00;0.0;0.0;0.0;11.63;64.35;3.45;
2022-10-30 23:00:00;0.0;0.0;0.0;11.1;66.65;3.1;
2022-10-31 00:00:00;0.0;0.0;0.0;10.58;69.1;2.76;
2022-10-31 01:00:00;0.0;0.0;0.0;10.1;71.6;2.62;
2022-10-31 02:00:00;0.0;0.0;0.0;9.41;76.95;2.55;
2022-10-31 03:00:00;0.0;0.0;0.0;9.1;76.95;2.14;
2022-10-31 04:00:00;0.0;0.0;0.0;8.69;79.75;2.0;
2022-10-31 05:00:00;0.0;0.0;0.0;8.67;79.75;1.93;
2022-10-31 06:00:00;18.0;36.07;16.0;8.5;79.75;1.72;
2022-10-31 07:00:00;155.0;303.61;89.0;9.69;82.9;1.38;
2022-10-31 08:00:00;322.0;612.02;106.0;12.17;69.35;1.59;
2022-10-31 09:00:00;294.0;156.78;223.0;12.96;62.2;2.55;
2022-10-31 10:00:00;502.0;713.25;138.0;13.45;60.05;2.62;
2022-10-31 11:00:00;512.0;705.7;144.0;13.78;58.0;2.55;
2022-10-31 12:00:00;471.0;685.91;138.0;13.92;55.9;2.69;
2022-10-31 13:00:00;365.0;560.71;138.0;13.92;55.9;2.9;
2022-10-31 14:00:00;255.0;603.43;83.0;13.61;55.9;2.97;
2022-10-31 15:00:00;84.0;223.49;54.0;13.02;57.9;2.62;
2022-10-31 16:00:00;0.0;0.0;0.0;8.11;72.83;0.81;
2022-10-31 17:00:00;0.0;0.0;0.0;8.63;74.05;1.11;
2022-10-31 18:00:00;0.0;0.0;0.0;9.15;75.27;1.41;
2022-10-31 19:00:00;0.0;0.0;0.0;9.67;76.49;1.71;
2022-10-31 20:00:00;0.0;0.0;0.0;10.19;77.72;2.01;
2022-10-31 21:00:00;0.0;0.0;0.0;10.71;78.94;2.31;
2022-10-31 22:00:00;0.0;0.0;0.0;11.23;80.16;2.61;
2022-10-31 23:00:00;0.0;0.0;0.0;11.75;81.39;2.91;
2022-11-01 00:00:00;0.0;0.0;0.0;12.27;82.61;3.21;
2022-11-01 01:00:00;0.0;0.0;0.0;12.79;83.83;3.51;
2022-11-01 02:00:00;0.0;0.0;0.0;13.31;85.05;3.81;
2022-11-01 03:00:00;0.0;0.0;0.0;13.83;86.28;4.11;
2022-11-01 04:00:00;0.0;0.0;0.0;14.35;87.5;4.41;
2022-11-01 05:00:00;0.0;0.0;0.0;14.87;88.72;4.71;
2022-11-01 06:00:00;9.0;0.0;9.0;15.39;89.95;5.01;
2022-11-01 07:00:00;37.0;0.0;37.0;15.91;91.17;5.31;
2022-11-01 08:00:00;94.0;0.0;94.0;16.13;80.75;5.52;
2022-11-01 09:00:00;69.0;0.0;69.0;17.31;78.1;5.03;
2022-11-01 10:00:00;88.0;0.0;88.0;18.18;75.55;4.34;
2022-11-01 11:00:00;98.0;0.0;98.0;19.05;73.05;4.0;
2022-11-01 12:00:00;104.0;0.0;104.0;19.78;70.65;3.86;
2022-11-01 13:00:00;210.0;69.97;182.0;19.92;70.65;2.97;
2022-11-01 14:00:00;169.0;156.83;125.0;19.68;70.65;2.28;
2022-11-01 15:00:00;56.0;53.86;49.0;19.06;75.65;2.76;
2022-11-01 16:00:00;0.0;0.0;0.0;17.9;80.9;3.38;
2022-11-01 17:00:00;0.0;0.0;0.0;16.91;86.6;3.31;
2022-11-01 18:00:00;0.0;0.0;0.0;16.3;89.65;2.76;
2022-11-01 19:00:00;0.0;0.0;0.0;15.7;89.6;2.34;
2022-11-01 20:00:00;0.0;0.0;0.0;14.82;92.7;1.93;
2022-11-01 21:00:00;0.0;0.0;0.0;13.96;95.95;1.17;
2022-11-01 22:00:00;0.0;0.0;0.0;13.98;95.95;0.62;
2022-11-01 23:00:00;0.0;0.0;0.0;13.28;95.95;0.69;
2022-11-02 00:00:00;0.0;0.0;0.0;13.14;95.95;0.83;
2022-11-02 01:00:00;0.0;0.0;0.0;13.29;95.95;1.24;
2022-11-02 02:00:00;0.0;0.0;0.0;13.89;95.95;1.45;
2022-11-02 03:00:00;0.0;0.0;0.0;14.12;92.7;1.66;
2022-11-02 04:00:00;0.0;0.0;0.0;14.24;92.7;1.93;
2022-11-02 05:00:00;0.0;0.0;0.0;14.07;92.7;1.72;
2022-11-02 06:00:00;6.0;0.0;6.0;14.1;96.0;2.21;
2022-11-02 07:00:00;45.0;0.0;45.0;14.18;92.7;1.79;
2022-11-02 08:00:00;66.0;0.0;66.0;14.68;89.5;1.38;
2022-11-02 09:00:00;88.0;0.0;88.0;15.23;86.5;1.59;
2022-11-02 10:00:00;96.0;0.0;96.0;15.79;86.5;1.93;
2022-11-02 11:00:00;90.0;0.0;90.0;16.3;83.6;2.34;
2022-11-02 12:00:00;117.0;0.0;117.0;16.56;83.65;2.55;
2022-11-02 13:00:00;156.0;15.17;150.0;16.6;83.65;2.28;
2022-11-02 14:00:00;107.0;18.11;102.0;16.67;83.65;2.0;
2022-11-02 15:00:00;16.0;0.0;16.0;16.58;86.6;1.79;
2022-11-02 16:00:00;0.0;0.0;0.0;16.24;89.65;1.38;
2022-11-02 17:00:00;0.0;0.0;0.0;15.9;92.75;1.45;
2022-11-02 18:00:00;0.0;0.0;0.0;15.61;92.75;1.79;
2022-11-02 19:00:00;0.0;0.0;0.0;15.68;92.75;1.03;
2022-11-02 20:00:00;0.0;0.0;0.0;15.49;96.0;1.1;
2022-11-02 21:00:00;0.0;0.0;0.0;15.34;96.0;0.76;
2022-11-02 22:00:00;0.0;0.0;0.0;15.36;96.0;0.62;
2022-11-02 23:00:00;0.0;0.0;0.0;15.65;92.75;0.28;
2022-11-03 00:00:00;0.0;0.0;0.0;15.29;96.0;0.55;
2022-11-03 01:00:00;0.0;0.0;0.0;14.93;99.4;1.24;
2022-11-03 02:00:00;0.0;0.0;0.0;14.79;96.0;0.9;
2022-11-03 03:00:00;0.0;0.0;0.0;14.53;96.0;0.83;
2022-11-03 04:00:00;0.0;0.0;0.0;13.99;96.0;1.31;
2022-11-03 05:00:00;0.0;0.0;0.0;13.8;99.4;1.66;
2022-11-03 06:00:00;6.0;0.0;6.0;13.9;99.4;1.66;
2022-11-03 07:00:00;78.0;24.48;73.0;14.32;96.0;1.59;
2022-11-03 08:00:00;87.0;0.0;87.0;15.23;96.0;1.86;
2022-11-03 09:00:00;82.0;0.0;82.0;16.07;89.65;1.93;
2022-11-03 10:00:00;167.0;2.02;166.0;16.93;89.65;2.14;
2022-11-03 11:00:00;88.0;0.0;88.0;17.47;89.7;2.34;
2022-11-03 12:00:00;186.0;12.73;180.0;18.06;83.8;2.55;
2022-11-03 13:00:00;158.0;17.9;151.0;18.09;83.8;2.83;
2022-11-03 14:00:00;79.0;0.0;79.0;17.9;86.7;2.69;
2022-11-03 15:00:00;30.0;0.0;30.0;17.73;86.7;2.48;
2022-11-03 16:00:00;0.0;0.0;0.0;17.4;86.65;2.28;
2022-11-03 17:00:00;0.0;0.0;0.0;17.01;89.65;1.79;
2022-11-03 18:00:00;0.0;0.0;0.0;16.59;89.65;1.45;
2022-11-03 19:00:00;0.0;0.0;0.0;15.64;92.75;1.79;
2022-11-03 20:00:00;0.0;0.0;0.0;15.47;96.0;1.93;
2022-11-03 21:00:00;0.0;0.0;0.0;15.39;96.0;1.79;
2022-11-03 22:00:00;0.0;0.0;0.0;14.85;96.0;1.66;
2022-11-03 23:00:00;0.0;0.0;0.0;14.29;96.0;1.66;
2022-11-04 00:00:00;0.0;0.0;0.0;13.83;95.95;1.66;
2022-11-04 01:00:00;0.0;0.0;0.0;13.67;95.95;1.59;
2022-11-04 02:00:00;0.0;0.0;0.0;13.3;95.95;1.45;
2022-11-04 03:00:00;0.0;0.0;0.0;13.56;95.95;1.17;
2022-11-04 04:00:00;0.0;0.0;0.0;14.27;96.0;0.76;
2022-11-04 05:00:00;0.0;0.0;0.0;14.52;92.7;0.41;
2022-11-04 06:00:00;2.0;0.0;2.0;14.65;92.7;0.21;
2022-11-04 07:00:00;113.0;145.06;84.0;14.74;96.0;1.79;
2022-11-04 08:00:00;105.0;2.99;104.0;16.82;92.8;2.69;
2022-11-04 09:00:00;219.0;57.59;194.0;17.74;86.7;4.34;
2022-11-04 10:00:00;217.0;24.42;205.0;18.43;81.0;4.83;
2022-11-04 11:00:00;74.0;0.0;74.0;18.63;78.3;4.97;
2022-11-04 12:00:00;112.0;0.0;112.0;18.57;78.3;4.62;
2022-11-04 13:00:00;74.0;0.0;74.0;18.58;78.3;4.55;
2022-11-04 14:00:00;53.0;0.0;53.0;18.33;81.0;4.34;
2022-11-04 15:00:00;74.0;271.88;42.0;17.9;86.7;4.14;
2022-11-04 16:00:00;0.0;0.0;0.0;17.54;86.7;4.07;
2022-11-04 17:00:00;0.0;0.0;0.0;17.3;89.7;4.0;
2022-11-04 18:00:00;0.0;0.0;0.0;17.3;89.7;4.0;
2022-11-04 19:00:00;0.0;0.0;0.0;16.72;92.8;2.97;
2022-11-04 20:00:00;0.0;0.0;0.0;16.67;92.8;3.1;
2022-11-04 21:00:00;0.0;0.0;0.0;16.75;92.8;3.38;
2022-11-04 22:00:00;0.0;0.0;0.0;16.74;92.8;3.38;
2022-11-04 23:00:00;0.0;0.0;0.0;16.62;92.8;3.1;
2022-11-05 00:00:00;0.0;0.0;0.0;16.46;96.05;3.24;
2022-11-05 01:00:00;0.0;0.0;0.0;16.3;96.05;3.24;
2022-11-05 02:00:00;0.0;0.0;0.0;16.13;92.8;3.38;
2022-11-05 03:00:00;0.0;0.0;0.0;16.04;92.8;3.1;
2022-11-05 04:00:00;0.0;0.0;0.0;16.0;96.0;2.69;
2022-11-05 05:00:00;0.0;0.0;0.0;15.83;96.0;2.14;
2022-11-05 06:00:00;3.0;0.0;3.0;15.74;96.0;1.72;
2022-11-05 07:00:00;108.0;132.93;82.0;14.91;96.0;1.1;
2022-11-05 08:00:00;217.0;205.92;149.0;16.08;89.65;0.83;
2022-11-05 09:00:00;404.0;696.13;105.0;17.19;83.7;0.48;
2022-11-05 10:00:00;452.0;647.23;137.0;18.21;78.25;0.41;
2022-11-05 11:00:00;486.0;751.23;112.0;19.06;75.65;1.24;
2022-11-05 12:00:00;456.0;778.82;96.0;19.35;75.65;1.79;
2022-11-05 13:00:00;329.0;531.02;126.0;19.42;75.65;2.34;
2022-11-05 14:00:00;214.0;485.9;86.0;19.27;75.65;2.62;
2022-11-05 15:00:00;64.0;184.57;43.0;18.75;78.3;2.34;
2022-11-05 16:00:00;0.0;0.0;0.0;17.83;83.75;2.28;
2022-11-05 17:00:00;0.0;0.0;0.0;16.87;89.65;2.34;
2022-11-05 18:00:00;0.0;0.0;0.0;16.33;92.8;2.14;
2022-11-05 19:00:00;0.0;0.0;0.0;15.61;92.75;1.59;
2022-11-05 20:00:00;0.0;0.0;0.0;15.14;92.75;1.45;
2022-11-05 21:00:00;0.0;0.0;0.0;15.0;92.75;1.31;
2022-11-05 22:00:00;0.0;0.0;0.0;14.66;96.0;1.24;
2022-11-05 23:00:00;0.0;0.0;0.0;14.08;96.0;1.38;
2022-11-06 00:00:00;0.0;0.0;0.0;13.72;95.95;1.52;
2022-11-06 01:00:00;0.0;0.0;0.0;13.96;99.4;1.59;
2022-11-06 02:00:00;0.0;0.0;0.0;13.94;99.4;1.66;
2022-11-06 03:00:00;0.0;0.0;0.0;14.04;92.7;1.72;
2022-11-06 04:00:00;0.0;0.0;0.0;13.99;92.7;2.0;
2022-11-06 05:00:00;0.0;0.0;0.0;14.11;89.5;2.07;
2022-11-06 06:00:00;6.0;0.0;6.0;14.13;89.5;2.21;
2022-11-06 07:00:00;0.0;0.0;0.0;14.13;86.4;1.93;
2022-11-06 08:00:00;249.0;362.24;131.0;15.45;83.5;1.66;
2022-11-06 09:00:00;299.0;242.39;196.0;17.53;75.45;1.45;
2022-11-06 10:00:00;410.0;470.88;183.0;18.79;70.55;1.72;
2022-11-06 11:00:00;381.0;326.39;220.0;19.51;68.1;2.21;
2022-11-06 12:00:00;230.0;52.43;206.0;20.0;65.85;2.69;
2022-11-06 13:00:00;264.0;243.4;172.0;20.1;63.7;3.03;
2022-11-06 14:00:00;221.0;562.95;75.0;19.86;65.85;3.24;
2022-11-06 15:00:00;76.0;363.79;36.0;18.95;73.05;2.9;
2022-11-06 16:00:00;0.0;0.0;0.0;17.87;78.15;2.9;
2022-11-06 17:00:00;0.0;0.0;0.0;16.93;86.6;2.83;
2022-11-06 18:00:00;0.0;0.0;0.0;16.43;89.65;2.76;
2022-11-06 19:00:00;0.0;0.0;0.0;16.11;83.6;3.1;
2022-11-06 20:00:00;0.0;0.0;0.0;15.63;83.55;2.97;
2022-11-06 21:00:00;0.0;0.0;0.0;15.17;83.5;2.83;
2022-11-06 22:00:00;0.0;0.0;0.0;14.61;83.45;2.69;
2022-11-06 23:00:00;0.0;0.0;0.0;14.09;86.4;2.55;
2022-11-07 00:00:00;0.0;0.0;0.0;13.69;86.35;2.41;
2022-11-07 01:00:00;0.0;0.0;0.0;13.34;89.4;2.07;
2022-11-07 02:00:00;0.0;0.0;0.0;13.02;89.4;1.86;
2022-11-07 03:00:00;0.0;0.0;0.0;12.87;92.6;1.86;
2022-11-07 04:00:00;0.0;0.0;0.0;12.84;92.6;1.86;
2022-11-07 05:00:00;0.0;0.0;0.0;12.81;92.6;2.07;
2022-11-07 06:00:00;1.0;0.0;1.0;12.9;92.6;2.28;
2022-11-07 07:00:00;0.0;0.0;0.0;12.88;95.95;1.1;
2022-11-07 08:00:00;278.0;566.43;96.0;14.53;83.45;1.17;
2022-11-07 09:00:00;399.0;706.47;102.0;16.5;75.25;1.38;
2022-11-07 10:00:00;463.0;737.15;111.0;17.72;67.95;1.52;
2022-11-07 11:00:00;214.0;22.51;203.0;18.43;65.65;1.59;
2022-11-07 12:00:00;193.0;19.85;184.0;18.93;63.5;1.59;
2022-11-07 13:00:00;204.0;85.62;172.0;19.01;63.5;1.38;
2022-11-07 14:00:00;114.0;43.08;103.0;18.92;63.5;1.1;
2022-11-07 15:00:00;46.0;65.9;39.0;18.47;65.65;1.38;
2022-11-07 16:00:00;0.0;0.0;0.0;17.49;72.8;1.52;
2022-11-07 17:00:00;0.0;0.0;0.0;16.46;77.95;0.76;
2022-11-07 18:00:00;0.0;0.0;0.0;14.34;86.4;1.52;
2022-11-07 19:00:00;0.0;0.0;0.0;14.04;89.5;2.14;
2022-11-07 20:00:00;0.0;0.0;0.0;14.06;86.4;2.48;
2022-11-07 21:00:00;0.0;0.0;0.0;14.1;86.4;2.62;
2022-11-07 22:00:00;0.0;0.0;0.0;13.92;89.45;2.62;
2022-11-07 23:00:00;0.0;0.0;0.0;13.6;89.45;2.76;
2022-11-08 00:00:00;0.0;0.0;0.0;13.27;92.65;2.83;
2022-11-08 01:00:00;0.0;0.0;0.0;13.01;89.4;2.76;
2022-11-08 02:00:00;0.0;0.0;0.0;12.64;89.4;2.69;
2022-11-08 03:00:00;0.0;0.0;0.0;12.24;92.6;2.62;
2022-11-08 04:00:00;0.0;0.0;0.0;11.83;92.55;2.41;
2022-11-08 05:00:00;0.0;0.0;0.0;11.42;95.9;2.34;
2022-11-08 06:00:00;0.0;0.0;0.0;11.08;92.55;2.21;
2022-11-08 07:00:00;147.0;508.94;54.0;12.06;92.6;2.34;
2022-11-08 08:00:00;287.0;643.75;83.0;13.43;89.4;2.34;
2022-11-08 09:00:00;398.0;718.93;99.0;15.19;80.6;2.28;
2022-11-08 10:00:00;464.0;758.99;105.0;16.7;72.7;2.14;
2022-11-08 11:00:00;470.0;735.08;114.0;17.79;67.95;1.93;
2022-11-08 12:00:00;434.0;732.67;105.0;18.33;63.4;1.45;
2022-11-08 13:00:00;345.0;684.49;92.0;18.54;61.3;0.9;
2022-11-08 14:00:00;214.0;560.75;73.0;18.32;63.4;0.83;
2022-11-08 15:00:00;66.0;292.46;36.0;17.74;67.95;1.52;
2022-11-08 16:00:00;0.0;0.0;0.0;16.31;77.95;2.14;
2022-11-08 17:00:00;0.0;0.0;0.0;15.12;83.5;2.21;
2022-11-08 18:00:00;0.0;0.0;0.0;14.29;89.5;2.14;
2022-11-08 19:00:00;0.0;0.0;0.0;13.82;89.45;2.07;
2022-11-08 20:00:00;0.0;0.0;0.0;13.11;92.65;1.93;
2022-11-08 21:00:00;0.0;0.0;0.0;12.17;95.95;1.86;
2022-11-08 22:00:00;0.0;0.0;0.0;11.36;99.35;1.72;
2022-11-08 23:00:00;0.0;0.0;0.0;10.65;99.4;1.52;
2022-11-09 00:00:00;0.0;0.0;0.0;10.4;99.4;1.31;
2022-11-09 01:00:00;0.0;0.0;0.0;10.64;95.9;1.1;
2022-11-09 02:00:00;0.0;0.0;0.0;11.0;95.9;0.83;
2022-11-09 03:00:00;0.0;0.0;0.0;11.1;95.9;0.69;
2022-11-09 04:00:00;0.0;0.0;0.0;10.99;95.9;0.62;
2022-11-09 05:00:00;0.0;0.0;0.0;10.51;95.9;0.48;
2022-11-09 06:00:00;0.0;0.0;0.0;9.87;100.0;0.21;
2022-11-09 07:00:00;140.0;470.59;56.0;11.85;92.55;0.28;
2022-11-09 08:00:00;252.0;438.38;115.0;13.29;86.3;0.48;
2022-11-09 09:00:00;386.0;680.54;106.0;14.81;80.55;0.76;
2022-11-09 10:00:00;454.0;729.94;112.0;15.8;77.85;1.1;
2022-11-09 11:00:00;459.0;698.05;124.0;16.66;70.2;1.17;
2022-11-09 12:00:00;424.0;703.71;111.0;17.19;70.3;1.38;
2022-11-09 13:00:00;249.0;218.84;169.0;17.41;67.85;1.72;
2022-11-09 14:00:00;101.0;24.23;95.0;17.25;70.3;2.0;
2022-11-09 15:00:00;31.0;10.1;30.0;16.58;72.7;2.0;
2022-11-09 16:00:00;0.0;0.0;0.0;15.45;80.6;2.14;
2022-11-09 17:00:00;0.0;0.0;0.0;14.51;86.45;2.21;
2022-11-09 18:00:00;0.0;0.0;0.0;13.83;92.65;2.07;
2022-11-09 19:00:00;0.0;0.0;0.0;13.07;92.65;1.79;
2022-11-09 20:00:00;0.0;0.0;0.0;12.45;99.4;1.52;
2022-11-09 21:00:00;0.0;0.0;0.0;12.21;99.4;1.24;
2022-11-09 22:00:00;0.0;0.0;0.0;12.68;95.95;0.9;
2022-11-09 23:00:00;0.0;0.0;0.0;12.15;99.4;0.69;
2022-11-10 00:00:00;0.0;0.0;0.0;11.72;99.4;0.69;
2022-11-10 01:00:00;0.0;0.0;0.0;11.17;99.35;0.76;
2022-11-10 02:00:00;0.0;0.0;0.0;11.02;99.35;0.9;
2022-11-10 03:00:00;0.0;0.0;0.0;11.31;99.35;1.03;
2022-11-10 04:00:00;0.0;0.0;0.0;11.44;99.35;0.97;
2022-11-10 05:00:00;0.0;0.0;0.0;11.14;99.35;1.03;
2022-11-10 06:00:00;0.0;0.0;0.0;11.18;99.35;1.17;
2022-11-10 07:00:00;96.0;131.96;73.0;11.33;99.35;0.34;
2022-11-10 08:00:00;110.0;9.74;107.0;12.55;92.6;0.21;
2022-11-10 09:00:00;209.0;61.42;184.0;13.81;86.35;0.14;
2022-11-10 10:00:00;202.0;21.55;192.0;14.97;83.45;0.34;
2022-11-10 11:00:00;308.0;161.91;231.0;15.84;75.15;0.69;
2022-11-10 12:00:00;212.0;40.85;194.0;16.53;70.2;1.03;
2022-11-10 13:00:00;188.0;69.14;163.0;16.79;72.7;1.45;
2022-11-10 14:00:00;105.0;36.9;96.0;16.73;72.7;2.0;
2022-11-10 15:00:00;39.0;52.31;34.0;16.07;75.25;2.55;
2022-11-10 16:00:00;0.0;0.0;0.0;14.87;83.45;2.62;
2022-11-10 17:00:00;0.0;0.0;0.0;14.05;86.4;2.48;
2022-11-10 18:00:00;0.0;0.0;0.0;13.66;92.65;2.07;
2022-11-10 19:00:00;0.0;0.0;0.0;12.92;92.6;2.28;
2022-11-10 20:00:00;0.0;0.0;0.0;12.59;92.6;2.28;
2022-11-10 21:00:00;0.0;0.0;0.0;12.3;95.95;2.0;
2022-11-10 22:00:00;0.0;0.0;0.0;11.75;99.4;1.72;
2022-11-10 23:00:00;0.0;0.0;0.0;11.16;99.35;1.66;
2022-11-11 00:00:00;0.0;0.0;0.0;10.91;99.4;1.52;
2022-11-11 01:00:00;0.0;0.0;0.0;10.69;99.4;1.52;
2022-11-11 02:00:00;0.0;0.0;0.0;10.7;99.4;1.38;
2022-11-11 03:00:00;0.0;0.0;0.0;10.36;99.4;1.24;
2022-11-11 04:00:00;0.0;0.0;0.0;9.96;95.9;1.24;
2022-11-11 05:00:00;0.0;0.0;0.0;9.76;99.4;1.24;
2022-11-11 06:00:00;0.0;0.0;0.0;9.78;99.4;1.24;
2022-11-11 07:00:00;12.0;0.0;12.0;11.02;92.55;0.9;
2022-11-11 08:00:00;277.0;661.5;76.0;12.04;89.35;1.03;
2022-11-11 09:00:00;300.0;307.96;176.0;13.53;86.35;0.69;
2022-11-11 10:00:00;292.0;152.25;222.0;15.03;80.6;0.21;
2022-11-11 11:00:00;95.0;0.0;95.0;16.44;75.25;0.21;
2022-11-11 12:00:00;349.0;384.89;181.0;17.45;70.3;0.76;
2022-11-11 13:00:00;291.0;441.73;133.0;18.08;65.65;1.24;
2022-11-11 14:00:00;199.0;528.59;72.0;17.87;70.35;1.79;
2022-11-11 15:00:00;59.0;303.61;31.0;17.21;72.8;1.93;
2022-11-11 16:00:00;0.0;0.0;0.0;16.18;80.75;2.0;
2022-11-11 17:00:00;0.0;0.0;0.0;15.35;86.5;2.0;
2022-11-11 18:00:00;0.0;0.0;0.0;14.71;89.5;1.86;
2022-11-11 19:00:00;0.0;0.0;0.0;15.1;86.5;0.83;
2022-11-11 20:00:00;0.0;0.0;0.0;15.2;86.5;0.14;
2022-11-11 21:00:00;0.0;0.0;0.0;14.71;89.5;0.69;
2022-11-11 22:00:00;0.0;0.0;0.0;13.05;92.65;1.03;
2022-11-11 23:00:00;0.0;0.0;0.0;12.26;99.4;1.1;
2022-11-12 00:00:00;0.0;0.0;0.0;12.46;99.4;0.9;
2022-11-12 01:00:00;0.0;0.0;0.0;12.03;99.4;0.83;
2022-11-12 02:00:00;0.0;0.0;0.0;11.0;99.35;0.97;
2022-11-12 03:00:00;0.0;0.0;0.0;10.39;100.0;0.97;
2022-11-12 04:00:00;0.0;0.0;0.0;10.48;99.4;1.17;
2022-11-12 05:00:00;0.0;0.0;0.0;10.65;100.0;1.17;
2022-11-12 06:00:00;0.0;0.0;0.0;10.64;99.4;1.1;
2022-11-12 07:00:00;82.0;90.38;67.0;11.07;99.35;0.76;
2022-11-12 08:00:00;114.0;13.35;110.0;12.36;95.95;0.28;
2022-11-12 09:00:00;173.0;25.1;163.0;13.54;89.45;0.0;
2022-11-12 10:00:00;204.0;26.35;192.0;14.63;83.45;0.28;
2022-11-12 11:00:00;121.0;0.0;121.0;15.56;80.65;0.83;
2022-11-12 12:00:00;246.0;97.12;204.0;16.36;80.75;1.24;
2022-11-12 13:00:00;133.0;11.3;129.0;16.56;78.0;1.59;
2022-11-12 14:00:00;104.0;38.02;95.0;16.45;80.75;1.79;
2022-11-12 15:00:00;39.0;78.68;32.0;15.84;83.55;1.79;
2022-11-12 16:00:00;0.0;0.0;0.0;14.77;89.5;1.72;
2022-11-12 17:00:00;0.0;0.0;0.0;13.88;95.95;1.59;
2022-11-12 18:00:00;0.0;0.0;0.0;13.03;95.95;1.38;
2022-11-12 19:00:00;0.0;0.0;0.0;12.26;99.4;1.24;
2022-11-12 20:00:00;0.0;0.0;0.0;11.86;99.4;1.24;
2022-11-12 21:00:00;0.0;0.0;0.0;11.21;99.35;1.38;
2022-11-12 22:00:00;0.0;0.0;0.0;10.55;99.4;1.45;
2022-11-12 23:00:00;0.0;0.0;0.0;10.18;99.4;1.45;
2022-11-13 00:00:00;0.0;0.0;0.0;9.52;99.4;1.38;
2022-11-13 01:00:00;0.0;0.0;0.0;9.19;100.0;1.24;
2022-11-13 02:00:00;0.0;0.0;0.0;9.53;99.4;1.1;
2022-11-13 03:00:00;0.0;0.0;0.0;9.92;100.0;1.17;
2022-11-13 04:00:00;0.0;0.0;0.0;10.16;99.4;1.24;
2022-11-13 05:00:00;0.0;0.0;0.0;10.29;99.4;1.24;
2022-11-13 06:00:00;0.0;0.0;0.0;10.27;99.4;1.24;
2022-11-13 07:00:00;54.0;12.36;52.0;11.13;95.9;1.1;
2022-11-13 08:00:00;102.0;6.77;100.0;12.44;92.6;1.17;
2022-11-13 09:00:00;288.0;279.15;178.0;14.32;83.4;1.1;
2022-11-13 10:00:00;288.0;155.13;218.0;15.81;75.15;0.97;
2022-11-13 11:00:00;407.0;522.71;165.0;16.95;70.2;0.9;
2022-11-13 12:00:00;319.0;289.38;195.0;17.73;65.55;0.62;
2022-11-13 13:00:00;270.0;356.99;145.0;18.15;63.4;0.48;
2022-11-13 14:00:00;165.0;300.09;95.0;18.15;65.65;0.69;
2022-11-13 15:00:00;44.0;151.49;31.0;17.64;67.95;1.38;
2022-11-13 16:00:00;0.0;0.0;0.0;16.3;75.25;2.14;
2022-11-13 17:00:00;0.0;0.0;0.0;14.86;83.45;2.14;
2022-11-13 18:00:00;0.0;0.0;0.0;13.78;89.45;2.0;
2022-11-13 19:00:00;0.0;0.0;0.0;12.89;95.95;2.14;
2022-11-13 20:00:00;0.0;0.0;0.0;12.11;95.95;1.86;
2022-11-13 21:00:00;0.0;0.0;0.0;11.52;95.9;1.52;
2022-11-13 22:00:00;0.0;0.0;0.0;11.14;95.9;1.31;
2022-11-13 23:00:00;0.0;0.0;0.0;10.61;99.4;1.38;
2022-11-14 00:00:00;0.0;0.0;0.0;10.49;95.9;1.31;
2022-11-14 01:00:00;0.0;0.0;0.0;10.65;95.9;1.17;
2022-11-14 02:00:00;0.0;0.0;0.0;10.79;99.4;1.1;
2022-11-14 03:00:00;0.0;0.0;0.0;10.92;99.4;1.1;
2022-11-14 04:00:00;0.0;0.0;0.0;11.43;99.35;0.97;
2022-11-14 05:00:00;0.0;0.0;0.0;11.6;99.4;0.97;
2022-11-14 06:00:00;0.0;0.0;0.0;11.93;99.4;1.03;
2022-11-14 07:00:00;16.0;0.0;16.0;11.88;99.4;1.38;
2022-11-14 08:00:00;124.0;27.48;116.0;13.59;89.45;1.38;
2022-11-14 09:00:00;174.0;28.22;163.0;14.81;86.45;1.72;
2022-11-14 10:00:00;196.0;24.61;185.0;15.69;77.85;1.86;
2022-11-14 11:00:00;129.0;0.0;129.0;16.21;75.25;2.07;
2022-11-14 12:00:00;195.0;32.97;181.0;16.3;75.25;1.93;
2022-11-14 13:00:00;278.0;415.56;134.0;16.46;75.25;1.86;
2022-11-14 14:00:00;131.0;130.48;101.0;16.29;75.25;1.86;
2022-11-14 15:00:00;40.0;120.84;30.0;16.0;77.85;1.79;
2022-11-14 16:00:00;0.0;0.0;0.0;15.18;80.6;1.79;
2022-11-14 17:00:00;0.0;0.0;0.0;14.18;86.4;1.66;
2022-11-14 18:00:00;0.0;0.0;0.0;13.24;92.65;1.17;
2022-11-14 19:00:00;0.0;0.0;0.0;13.21;92.65;0.9;
2022-11-14 20:00:00;0.0;0.0;0.0;11.56;95.9;1.24;
2022-11-14 21:00:00;0.0;0.0;0.0;10.34;100.0;1.66;
2022-11-14 22:00:00;0.0;0.0;0.0;10.0;99.4;1.66;
2022-11-14 23:00:00;0.0;0.0;0.0;9.8;100.0;1.86;
2022-11-15 00:00:00;0.0;0.0;0.0;9.78;100.0;2.07;
2022-11-15 01:00:00;0.0;0.0;0.0;9.72;100.0;2.07;
2022-11-15 02:00:00;0.0;0.0;0.0;9.95;99.4;2.07;
2022-11-15 03:00:00;0.0;0.0;0.0;9.94;99.4;2.07;
2022-11-15 04:00:00;0.0;0.0;0.0;10.03;99.4;2.07;
2022-11-15 05:00:00;0.0;0.0;0.0;10.24;100.0;2.28;
2022-11-15 06:00:00;0.0;0.0;0.0;10.28;100.0;2.28;
2022-11-15 07:00:00;65.0;39.02;59.0;10.91;100.0;1.79;
2022-11-15 08:00:00;105.0;10.45;102.0;12.01;95.95;1.86;
2022-11-15 09:00:00;123.0;2.59;122.0;13.11;89.4;1.93;
2022-11-15 10:00:00;109.0;0.0;109.0;13.99;83.4;1.72;
2022-11-15 11:00:00;176.0;8.79;172.0;14.83;77.75;1.45;
2022-11-15 12:00:00;277.0;171.09;205.0;15.42;69.9;1.72;
2022-11-15 13:00:00;310.0;606.45;102.0;15.56;65.15;2.0;
2022-11-15 14:00:00;174.0;392.66;85.0;15.35;65.05;1.72;
2022-11-15 15:00:00;13.0;0.0;13.0;14.89;67.35;1.45;
2022-11-15 16:00:00;0.0;0.0;0.0;13.77;74.85;1.66;
2022-11-15 17:00:00;0.0;0.0;0.0;12.08;83.15;1.72;
2022-11-15 18:00:00;0.0;0.0;0.0;10.94;89.25;1.52;
2022-11-15 19:00:00;0.0;0.0;0.0;10.65;92.5;1.59;
2022-11-15 20:00:00;0.0;0.0;0.0;9.96;92.5;1.72;
2022-11-15 21:00:00;0.0;0.0;0.0;9.28;95.85;1.72;
2022-11-15 22:00:00;0.0;0.0;0.0;9.35;95.85;1.59;
2022-11-15 23:00:00;0.0;0.0;0.0;9.88;92.45;1.17;
2022-11-16 00:00:00;0.0;0.0;0.0;10.7;89.25;0.83;
2022-11-16 01:00:00;0.0;0.0;0.0;9.07;89.1;1.31;
2022-11-16 02:00:00;0.0;0.0;0.0;8.67;89.1;2.34;
2022-11-16 03:00:00;0.0;0.0;0.0;8.68;85.9;2.76;
2022-11-16 04:00:00;0.0;0.0;0.0;8.93;82.85;2.83;
2022-11-16 05:00:00;0.0;0.0;0.0;9.34;82.85;3.1;
2022-11-16 06:00:00;0.0;0.0;0.0;10.33;77.1;3.45;
2022-11-16 07:00:00;109.0;373.94;53.0;11.16;71.75;3.93;
2022-11-16 08:00:00;255.0;625.56;78.0;12.35;66.85;3.93;
2022-11-16 09:00:00;357.0;652.58;108.0;13.43;60.05;5.31;
2022-11-16 10:00:00;425.0;701.76;117.0;13.92;55.9;5.72;
2022-11-16 11:00:00;364.0;368.05;198.0;13.98;53.85;5.72;
2022-11-16 12:00:00;369.0;522.61;151.0;13.82;53.85;5.52;
2022-11-16 13:00:00;259.0;326.92;148.0;13.55;51.9;5.24;
2022-11-16 14:00:00;195.0;590.6;63.0;13.33;53.7;4.9;
2022-11-16 15:00:00;46.0;259.9;26.0;12.87;53.6;4.28;
2022-11-16 16:00:00;0.0;0.0;0.0;12.0;55.5;3.86;
2022-11-16 17:00:00;0.0;0.0;0.0;11.65;57.55;3.66;
2022-11-16 18:00:00;0.0;0.0;0.0;11.41;59.6;3.59;
2022-11-16 19:00:00;0.0;0.0;0.0;11.65;59.7;4.62;
2022-11-16 20:00:00;0.0;0.0;0.0;11.53;62.0;5.1;
2022-11-16 21:00:00;0.0;0.0;0.0;11.19;64.25;4.97;
2022-11-16 22:00:00;0.0;0.0;0.0;11.08;64.25;4.62;
2022-11-16 23:00:00;0.0;0.0;0.0;10.93;66.55;4.48;
2022-11-17 00:00:00;0.0;0.0;0.0;10.7;66.55;4.69;
2022-11-17 01:00:00;0.0;0.0;0.0;10.54;69.1;4.83;
2022-11-17 02:00:00;0.0;0.0;0.0;10.4;71.6;4.9;
2022-11-17 03:00:00;0.0;0.0;0.0;10.26;71.6;4.76;
2022-11-17 04:00:00;0.0;0.0;0.0;10.14;71.6;4.76;
2022-11-17 05:00:00;0.0;0.0;0.0;9.95;71.6;4.69;
2022-11-17 06:00:00;0.0;0.0;0.0;9.89;74.2;4.62;
2022-11-17 07:00:00;87.0;185.18;60.0;10.37;66.45;5.03;
2022-11-17 08:00:00;72.0;0.0;72.0;10.9;64.1;5.72;
2022-11-17 09:00:00;124.0;2.65;123.0;11.2;61.85;6.28;
2022-11-17 10:00:00;121.0;0.0;121.0;11.57;57.55;6.76;
2022-11-17 11:00:00;215.0;35.78;199.0;11.74;57.55;6.28;
2022-11-17 12:00:00;291.0;224.9;198.0;11.95;57.55;5.93;
2022-11-17 13:00:00;298.0;562.2;109.0;11.99;53.5;5.79;
2022-11-17 14:00:00;78.0;9.07;76.0;11.77;55.4;5.79;
2022-11-17 15:00:00;29.0;53.9;25.0;11.34;57.4;5.38;
2022-11-17 16:00:00;0.0;0.0;0.0;10.7;59.5;5.17;
2022-11-17 17:00:00;0.0;0.0;0.0;10.28;61.65;5.24;
2022-11-17 18:00:00;0.0;0.0;0.0;10.13;64.0;5.24;
2022-11-17 19:00:00;0.0;0.0;0.0;10.12;66.45;5.59;
2022-11-17 20:00:00;0.0;0.0;0.0;9.98;69.0;5.79;
2022-11-17 21:00:00;0.0;0.0;0.0;9.74;71.5;5.86;
2022-11-17 22:00:00;0.0;0.0;0.0;9.47;71.5;5.59;
2022-11-17 23:00:00;0.0;0.0;0.0;9.32;74.15;5.31;
2022-11-18 00:00:00;0.0;0.0;0.0;9.2;71.4;5.1;
2022-11-18 01:00:00;0.0;0.0;0.0;8.95;71.4;5.03;
2022-11-18 02:00:00;0.0;0.0;0.0;8.68;74.05;5.17;
2022-11-18 03:00:00;0.0;0.0;0.0;8.4;71.35;5.24;
2022-11-18 04:00:00;0.0;0.0;0.0;8.37;71.35;5.1;
2022-11-18 05:00:00;0.0;0.0;0.0;8.31;68.7;5.17;
2022-11-18 06:00:00;0.0;0.0;0.0;8.28;68.7;5.31;
2022-11-18 07:00:00;97.0;317.12;52.0;8.87;71.35;5.66;
2022-11-18 08:00:00;135.0;58.2;119.0;9.22;68.8;6.14;
2022-11-18 09:00:00;209.0;88.34;176.0;9.72;63.9;6.62;
2022-11-18 10:00:00;79.0;0.0;79.0;9.94;63.9;6.21;
2022-11-18 11:00:00;302.0;189.42;218.0;10.2;59.35;5.52;
2022-11-18 12:00:00;81.0;0.0;81.0;10.27;57.15;4.97;
2022-11-18 13:00:00;186.0;93.11;155.0;10.21;57.15;4.69;
2022-11-18 14:00:00;163.0;363.23;84.0;10.03;55.05;4.62;
2022-11-18 15:00:00;36.0;153.71;25.0;9.79;57.05;4.34;
2022-11-18 16:00:00;0.0;0.0;0.0;9.37;59.15;3.59;
2022-11-18 17:00:00;0.0;0.0;0.0;8.92;61.3;2.9;
2022-11-18 18:00:00;0.0;0.0;0.0;8.5;61.3;2.41;
2022-11-18 19:00:00;0.0;0.0;0.0;7.68;68.6;2.07;
2022-11-18 20:00:00;0.0;0.0;0.0;7.0;71.15;1.66;
2022-11-18 21:00:00;0.0;0.0;0.0;6.63;73.8;2.0;
2022-11-18 22:00:00;0.0;0.0;0.0;6.62;73.8;2.41;
2022-11-18 23:00:00;0.0;0.0;0.0;6.24;76.55;2.41;
2022-11-19 00:00:00;0.0;0.0;0.0;6.17;76.55;2.21;
2022-11-19 01:00:00;0.0;0.0;0.0;5.88;79.4;1.93;
2022-11-19 02:00:00;0.0;0.0;0.0;5.74;79.4;1.79;
2022-11-19 03:00:00;0.0;0.0;0.0;5.29;82.4;1.72;
2022-11-19 04:00:00;0.0;0.0;0.0;5.17;82.4;1.72;
2022-11-19 05:00:00;0.0;0.0;0.0;4.72;82.35;1.52;
2022-11-19 06:00:00;0.0;0.0;0.0;4.98;82.4;1.17;
2022-11-19 07:00:00;46.0;14.49;44.0;5.69;82.5;0.76;
2022-11-19 08:00:00;50.0;0.0;50.0;6.87;79.55;0.41;
2022-11-19 09:00:00;75.0;0.0;75.0;7.59;73.95;0.34;
2022-11-19 10:00:00;234.0;74.91;202.0;8.26;71.35;0.48;
2022-11-19 11:00:00;242.0;75.04;209.0;8.85;74.05;0.69;
2022-11-19 12:00:00;224.0;78.71;192.0;9.4;71.4;1.31;
2022-11-19 13:00:00;156.0;42.45;142.0;9.85;68.9;1.93;
2022-11-19 14:00:00;125.0;139.77;95.0;9.98;66.45;2.28;
2022-11-19 15:00:00;30.0;86.92;24.0;9.71;71.5;2.97;
2022-11-19 16:00:00;0.0;0.0;0.0;9.42;79.85;4.34;
2022-11-19 17:00:00;0.0;0.0;0.0;8.93;82.85;5.66;
2022-11-19 18:00:00;0.0;0.0;0.0;8.76;85.9;6.55;
2022-11-19 19:00:00;0.0;0.0;0.0;8.62;89.1;6.48;
2022-11-19 20:00:00;0.0;0.0;0.0;8.52;85.9;7.17;
2022-11-19 21:00:00;0.0;0.0;0.0;8.54;85.9;7.38;
2022-11-19 22:00:00;0.0;0.0;0.0;8.78;89.1;7.24;
2022-11-19 23:00:00;0.0;0.0;0.0;8.89;92.4;7.24;
2022-11-20 00:00:00;0.0;0.0;0.0;8.92;92.4;7.1;
2022-11-20 01:00:00;0.0;0.0;0.0;8.89;92.4;7.45;
2022-11-20 02:00:00;0.0;0.0;0.0;8.83;92.4;7.66;
2022-11-20 03:00:00;0.0;0.0;0.0;8.66;89.1;7.38;
2022-11-20 04:00:00;0.0;0.0;0.0;8.52;89.1;5.93;
2022-11-20 05:00:00;0.0;0.0;0.0;8.51;85.9;4.83;
2022-11-20 06:00:00;0.0;0.0;0.0;8.18;85.9;4.28;
2022-11-20 07:00:00;49.0;22.35;46.0;7.87;89.05;4.48;
2022-11-20 08:00:00;67.0;0.0;67.0;7.33;89.0;3.93;
2022-11-20 09:00:00;48.0;0.0;48.0;7.08;85.8;3.72;
2022-11-20 10:00:00;184.0;23.62;174.0;7.21;85.8;3.93;
2022-11-20 11:00:00;162.0;6.88;159.0;7.53;79.7;4.21;
2022-11-20 12:00:00;34.0;0.0;34.0;7.59;79.7;4.41;
2022-11-20 13:00:00;110.0;3.06;109.0;7.63;79.7;4.21;
2022-11-20 14:00:00;82.0;23.6;77.0;7.57;79.7;4.14;
2022-11-20 15:00:00;21.0;30.03;19.0;7.28;82.65;4.14;
2022-11-20 16:00:00;0.0;0.0;0.0;6.97;82.65;3.72;
2022-11-20 17:00:00;0.0;0.0;0.0;6.85;85.75;3.66;
2022-11-20 18:00:00;0.0;0.0;0.0;6.59;85.75;3.93;
2022-11-20 19:00:00;0.0;0.0;0.0;7.0;85.8;5.1;
2022-11-20 20:00:00;0.0;0.0;0.0;6.77;85.75;5.38;
2022-11-20 21:00:00;0.0;0.0;0.0;6.62;85.75;4.97;
2022-11-20 22:00:00;0.0;0.0;0.0;6.49;85.75;4.21;
2022-11-20 23:00:00;0.0;0.0;0.0;6.43;82.6;3.72;
2022-11-21 00:00:00;0.0;0.0;0.0;6.44;82.6;4.0;
2022-11-21 01:00:00;0.0;0.0;0.0;6.55;82.6;4.34;
2022-11-21 02:00:00;0.0;0.0;0.0;6.61;79.55;4.14;
2022-11-21 03:00:00;0.0;0.0;0.0;6.7;79.55;3.66;
2022-11-21 04:00:00;0.0;0.0;0.0;6.59;79.55;3.52;
2022-11-21 05:00:00;0.0;0.0;0.0;6.38;82.55;3.31;
2022-11-21 06:00:00;0.0;0.0;0.0;6.05;82.55;3.1;
2022-11-21 07:00:00;65.0;99.63;52.0;5.96;85.7;2.55;
2022-11-21 08:00:00;174.0;216.47;117.0;6.97;82.65;2.41;
2022-11-21 09:00:00;171.0;41.44;156.0;8.25;76.85;2.48;
2022-11-21 10:00:00;209.0;47.65;189.0;9.34;74.15;2.28;
2022-11-21 11:00:00;321.0;279.62;200.0;10.34;71.6;1.86;
2022-11-21 12:00:00;367.0;620.03;119.0;11.0;66.65;1.59;
2022-11-21 13:00:00;307.0;710.4;77.0;11.44;66.65;1.1;
2022-11-21 14:00:00;159.0;396.64;76.0;11.44;66.65;0.83;
2022-11-21 15:00:00;6.0;0.0;6.0;11.03;66.65;0.83;
2022-11-21 16:00:00;0.0;0.0;0.0;9.97;77.1;0.76;
2022-11-21 17:00:00;0.0;0.0;0.0;10.24;71.6;0.48;
2022-11-21 18:00:00;0.0;0.0;0.0;10.01;71.6;0.62;
2022-11-21 19:00:00;0.0;0.0;0.0;9.4;79.85;1.03;
2022-11-21 20:00:00;0.0;0.0;0.0;7.49;85.85;1.72;
2022-11-21 21:00:00;0.0;0.0;0.0;8.04;85.9;1.93;
2022-11-21 22:00:00;0.0;0.0;0.0;8.23;85.9;2.0;
2022-11-21 23:00:00;0.0;0.0;0.0;8.72;85.9;2.14;
2022-11-22 00:00:00;0.0;0.0;0.0;8.56;85.9;2.21;
2022-11-22 01:00:00;0.0;0.0;0.0;8.26;85.9;2.28;
2022-11-22 02:00:00;0.0;0.0;0.0;8.15;85.9;2.28;
2022-11-22 03:00:00;0.0;0.0;0.0;8.04;82.75;2.34;
2022-11-22 04:00:00;0.0;0.0;0.0;8.0;82.75;2.28;
2022-11-22 05:00:00;0.0;0.0;0.0;8.08;82.75;2.14;
2022-11-22 06:00:00;0.0;0.0;0.0;8.13;82.75;2.14;
2022-11-22 07:00:00;50.0;31.55;46.0;8.27;85.9;2.28;
2022-11-22 08:00:00;141.0;100.17;115.0;8.66;85.9;2.34;
2022-11-22 09:00:00;125.0;5.58;123.0;8.99;82.85;2.34;
2022-11-22 10:00:00;309.0;283.53;191.0;9.73;79.9;2.21;
2022-11-22 11:00:00;381.0;538.05;150.0;10.42;77.1;2.14;
2022-11-22 12:00:00;362.0;607.31;121.0;11.13;74.45;2.14;
2022-11-22 13:00:00;257.0;408.22;126.0;11.49;71.85;1.93;
2022-11-22 14:00:00;168.0;507.92;63.0;11.53;71.85;1.72;
2022-11-22 15:00:00;32.0;177.23;21.0;11.28;74.45;1.52;
2022-11-22 16:00:00;0.0;0.0;0.0;10.6;77.15;1.38;
2022-11-22 17:00:00;0.0;0.0;0.0;9.83;85.95;0.76;
2022-11-22 18:00:00;0.0;0.0;0.0;10.05;79.95;0.62;
2022-11-22 19:00:00;0.0;0.0;0.0;10.14;82.95;0.48;
2022-11-22 20:00:00;0.0;0.0;0.0;9.78;85.95;0.83;
2022-11-22 21:00:00;0.0;0.0;0.0;9.38;89.1;0.9;
2022-11-22 22:00:00;0.0;0.0;0.0;8.4;92.4;1.1;
2022-11-22 23:00:00;0.0;0.0;0.0;8.11;89.1;1.1;
2022-11-23 00:00:00;0.0;0.0;0.0;7.23;92.35;1.24;
2022-11-23 01:00:00;0.0;0.0;0.0;6.61;95.8;1.31;
2022-11-23 02:00:00;0.0;0.0;0.0;7.16;92.35;1.03;
2022-11-23 03:00:00;0.0;0.0;0.0;8.1;89.1;0.83;
2022-11-23 04:00:00;0.0;0.0;0.0;8.43;92.4;0.69;
2022-11-23 05:00:00;0.0;0.0;0.0;8.87;92.4;0.21;
2022-11-23 06:00:00;0.0;0.0;0.0;9.27;89.1;0.21;
2022-11-23 07:00:00;57.0;81.21;47.0;8.7;89.1;0.34;
2022-11-23 08:00:00;91.0;11.72;88.0;9.28;95.85;0.41;
2022-11-23 09:00:00;117.0;2.82;116.0;10.71;89.25;0.62;
2022-11-23 10:00:00;97.0;0.0;97.0;11.57;86.15;0.9;
2022-11-23 11:00:00;81.0;0.0;81.0;11.97;86.2;1.38;
2022-11-23 12:00:00;157.0;12.7;152.0;12.35;89.35;2.0;
2022-11-23 13:00:00;145.0;37.72;133.0;12.69;89.4;2.34;
2022-11-23 14:00:00;125.0;186.0;87.0;12.76;92.6;2.76;
2022-11-23 15:00:00;19.0;33.36;17.0;12.78;92.6;3.1;
2022-11-23 16:00:00;0.0;0.0;0.0;12.81;92.6;3.66;
2022-11-23 17:00:00;0.0;0.0;0.0;12.92;92.6;4.21;
2022-11-23 18:00:00;0.0;0.0;0.0;12.92;92.6;4.41;
2022-11-23 19:00:00;0.0;0.0;0.0;12.43;95.95;3.86;
2022-11-23 20:00:00;0.0;0.0;0.0;12.21;95.95;3.93;
2022-11-23 21:00:00;0.0;0.0;0.0;12.11;92.6;3.86;
2022-11-23 22:00:00;0.0;0.0;0.0;12.0;92.6;3.72;
2022-11-23 23:00:00;0.0;0.0;0.0;11.77;92.55;3.52;
2022-11-24 00:00:00;0.0;0.0;0.0;11.52;89.3;3.59;
2022-11-24 01:00:00;0.0;0.0;0.0;11.51;86.15;3.79;
2022-11-24 02:00:00;0.0;0.0;0.0;11.74;86.15;4.0;
2022-11-24 03:00:00;0.0;0.0;0.0;12.15;83.15;4.14;
2022-11-24 04:00:00;0.0;0.0;0.0;12.52;80.3;4.28;
2022-11-24 05:00:00;0.0;0.0;0.0;12.89;83.25;4.34;
2022-11-24 06:00:00;0.0;0.0;0.0;12.9;83.25;4.28;
2022-11-24 07:00:00;79.0;317.83;41.0;12.79;83.25;3.93;
2022-11-24 08:00:00;85.0;7.93;83.0;13.28;83.25;3.86;
2022-11-24 09:00:00;172.0;51.27;154.0;14.24;83.4;3.45;
2022-11-24 10:00:00;55.0;0.0;55.0;14.87;83.45;2.55;
2022-11-24 11:00:00;80.0;0.0;80.0;15.94;77.85;1.45;
2022-11-24 12:00:00;200.0;58.85;177.0;16.26;75.25;0.69;
2022-11-24 13:00:00;198.0;171.15;144.0;16.31;75.25;0.97;
2022-11-24 14:00:00;42.0;0.0;42.0;15.78;77.85;1.45;
2022-11-24 15:00:00;14.0;0.0;14.0;14.8;83.45;1.66;
2022-11-24 16:00:00;0.0;0.0;0.0;13.54;89.45;1.93;
2022-11-24 17:00:00;0.0;0.0;0.0;12.77;95.95;2.0;
2022-11-24 18:00:00;0.0;0.0;0.0;12.13;95.95;2.07;
2022-11-24 19:00:00;0.0;0.0;0.0;11.75;99.4;2.14;
2022-11-24 20:00:00;0.0;0.0;0.0;11.31;99.35;2.07;
2022-11-24 21:00:00;0.0;0.0;0.0;10.93;100.0;1.93;
2022-11-24 22:00:00;0.0;0.0;0.0;10.46;99.4;1.79;
2022-11-24 23:00:00;0.0;0.0;0.0;10.37;100.0;1.79;
2022-11-25 00:00:00;0.0;0.0;0.0;10.21;99.4;1.79;
2022-11-25 01:00:00;0.0;0.0;0.0;10.46;99.4;1.79;
2022-11-25 02:00:00;0.0;0.0;0.0;10.64;99.4;1.66;
2022-11-25 03:00:00;0.0;0.0;0.0;10.88;99.4;1.59;
2022-11-25 04:00:00;0.0;0.0;0.0;10.95;100.0;1.59;
2022-11-25 05:00:00;0.0;0.0;0.0;11.02;99.35;2.0;
2022-11-25 06:00:00;0.0;0.0;0.0;11.1;99.35;2.34;
2022-11-25 07:00:00;47.0;51.71;41.0;9.61;99.4;3.52;
2022-11-25 08:00:00;98.0;20.1;93.0;9.52;99.4;3.52;
2022-11-25 09:00:00;143.0;20.14;136.0;9.55;99.4;3.72;
2022-11-25 10:00:00;117.0;0.0;117.0;9.67;99.4;3.93;
2022-11-25 11:00:00;196.0;35.74;181.0;9.84;95.85;4.0;
2022-11-25 12:00:00;101.0;0.0;101.0;10.01;95.9;3.86;
2022-11-25 13:00:00;73.0;0.0;73.0;10.19;95.9;3.86;
2022-11-25 14:00:00;38.0;0.0;38.0;10.27;95.9;3.79;
2022-11-25 15:00:00;4.0;0.0;4.0;10.23;95.9;3.86;
2022-11-25 16:00:00;0.0;0.0;0.0;10.11;95.9;4.21;
2022-11-25 17:00:00;0.0;0.0;0.0;10.0;95.9;4.55;
2022-11-25 18:00:00;0.0;0.0;0.0;9.97;92.5;4.69;
2022-11-25 19:00:00;0.0;0.0;0.0;9.98;92.5;4.34;
2022-11-25 20:00:00;0.0;0.0;0.0;9.99;92.5;4.21;
2022-11-25 21:00:00;0.0;0.0;0.0;9.93;95.85;4.14;
2022-11-25 22:00:00;0.0;0.0;0.0;9.84;95.85;3.86;
2022-11-25 23:00:00;0.0;0.0;0.0;9.67;92.45;3.86;
2022-11-26 00:00:00;0.0;0.0;0.0;9.45;92.45;3.52;
2022-11-26 01:00:00;0.0;0.0;0.0;9.2;95.85;2.69;
2022-11-26 02:00:00;0.0;0.0;0.0;8.45;95.85;2.34;
2022-11-26 03:00:00;0.0;0.0;0.0;8.01;92.4;2.21;
2022-11-26 04:00:00;0.0;0.0;0.0;7.71;95.8;2.0;
2022-11-26 05:00:00;0.0;0.0;0.0;7.26;95.8;1.93;
2022-11-26 06:00:00;0.0;0.0;0.0;6.74;95.8;1.86;
2022-11-26 07:00:00;62.0;168.77;43.0;7.17;95.8;2.14;
2022-11-26 08:00:00;206.0;525.98;77.0;8.21;95.85;2.07;
2022-11-26 09:00:00;316.0;644.98;94.0;9.69;92.45;2.0;
2022-11-26 10:00:00;390.0;730.14;96.0;10.86;86.05;2.07;
2022-11-26 11:00:00;402.0;720.0;102.0;11.74;83.1;1.93;
2022-11-26 12:00:00;364.0;687.87;99.0;12.27;77.35;1.72;
2022-11-26 13:00:00;283.0;640.79;84.0;12.47;74.7;1.52;
2022-11-26 14:00:00;157.0;470.46;64.0;12.45;74.6;1.24;
2022-11-26 15:00:00;22.0;92.07;17.0;12.09;74.6;0.97;
2022-11-26 16:00:00;0.0;0.0;0.0;11.4;83.05;1.17;
2022-11-26 17:00:00;0.0;0.0;0.0;10.45;86.05;0.9;
2022-11-26 18:00:00;0.0;0.0;0.0;10.89;83.0;0.48;
2022-11-26 19:00:00;0.0;0.0;0.0;9.36;92.45;1.31;
2022-11-26 20:00:00;0.0;0.0;0.0;9.44;92.45;1.1;
2022-11-26 21:00:00;0.0;0.0;0.0;8.31;92.4;1.24;
2022-11-26 22:00:00;0.0;0.0;0.0;6.84;95.8;1.59;
2022-11-26 23:00:00;0.0;0.0;0.0;6.31;95.8;1.93;
2022-11-27 00:00:00;0.0;0.0;0.0;6.52;95.8;2.14;
2022-11-27 01:00:00;0.0;0.0;0.0;6.79;95.8;2.28;
2022-11-27 02:00:00;0.0;0.0;0.0;7.48;92.4;2.34;
2022-11-27 03:00:00;0.0;0.0;0.0;7.67;92.4;2.14;
2022-11-27 04:00:00;0.0;0.0;0.0;8.1;92.4;1.86;
2022-11-27 05:00:00;0.0;0.0;0.0;8.11;92.4;1.79;
2022-11-27 06:00:00;0.0;0.0;0.0;8.25;92.4;1.86;
2022-11-27 07:00:00;58.0;146.54;42.0;9.21;92.45;3.31;
2022-11-27 08:00:00;83.0;8.27;81.0;10.0;89.2;3.86;
2022-11-27 09:00:00;36.0;0.0;36.0;10.55;83.0;4.21;
2022-11-27 10:00:00;45.0;0.0;45.0;11.39;77.2;4.34;
2022-11-27 11:00:00;139.0;2.42;138.0;11.89;69.25;4.83;
2022-11-27 12:00:00;167.0;23.52;158.0;12.04;59.85;5.03;
2022-11-27 13:00:00;275.0;600.18;90.0;11.91;59.7;4.69;
2022-11-27 14:00:00;158.0;495.67;61.0;11.72;57.55;4.28;
2022-11-27 15:00:00;22.0;94.98;17.0;11.21;59.6;3.86;
2022-11-27 16:00:00;0.0;0.0;0.0;10.59;61.75;3.31;
2022-11-27 17:00:00;0.0;0.0;0.0;10.21;64.0;2.62;
2022-11-27 18:00:00;0.0;0.0;0.0;9.61;68.9;2.48;
2022-11-27 19:00:00;0.0;0.0;0.0;9.99;64.0;3.86;
2022-11-27 20:00:00;0.0;0.0;0.0;9.92;66.35;3.72;
2022-11-27 21:00:00;0.0;0.0;0.0;9.61;63.9;3.24;
2022-11-27 22:00:00;0.0;0.0;0.0;9.09;66.25;2.83;
2022-11-27 23:00:00;0.0;0.0;0.0;8.69;68.7;2.69;
2022-11-28 00:00:00;0.0;0.0;0.0;8.29;68.7;2.62;
2022-11-28 01:00:00;0.0;0.0;0.0;7.82;71.25;2.76;
2022-11-28 02:00:00;0.0;0.0;0.0;7.42;68.6;2.83;
2022-11-28 03:00:00;0.0;0.0;0.0;7.22;68.5;2.76;
2022-11-28 04:00:00;0.0;0.0;0.0;6.96;68.5;2.69;
2022-11-28 05:00:00;0.0;0.0;0.0;6.68;68.4;2.83;
2022-11-28 06:00:00;0.0;0.0;0.0;6.58;68.4;2.97;
2022-11-28 07:00:00;71.0;330.64;36.0;6.86;68.4;3.59;
2022-11-28 08:00:00;204.0;545.0;74.0;8.21;63.7;3.86;
2022-11-28 09:00:00;316.0;663.41;92.0;9.75;57.05;4.76;
2022-11-28 10:00:00;386.0;721.41;100.0;10.14;49.05;5.93;
2022-11-28 11:00:00;402.0;730.07;102.0;10.22;49.05;6.21;
2022-11-28 12:00:00;376.0;757.73;88.0;10.23;47.2;6.07;
2022-11-28 13:00:00;283.0;653.52;83.0;10.26;47.2;5.86;
2022-11-28 14:00:00;157.0;490.14;62.0;10.11;47.2;5.24;
2022-11-28 15:00:00;20.0;78.29;16.0;9.61;48.95;4.69;
2022-11-28 16:00:00;0.0;0.0;0.0;8.92;52.6;4.21;
2022-11-28 17:00:00;0.0;0.0;0.0;8.36;54.65;3.86;
2022-11-28 18:00:00;0.0;0.0;0.0;7.92;56.7;3.79;
2022-11-28 19:00:00;0.0;0.0;0.0;7.81;58.9;3.59;
2022-11-28 20:00:00;0.0;0.0;0.0;7.28;61.1;3.52;
2022-11-28 21:00:00;0.0;0.0;0.0;6.64;63.35;3.31;
2022-11-28 22:00:00;0.0;0.0;0.0;5.99;65.75;2.97;
2022-11-28 23:00:00;0.0;0.0;0.0;5.53;68.2;2.48;
2022-11-29 00:00:00;0.0;0.0;0.0;4.96;70.8;2.0;
2022-11-29 01:00:00;0.0;0.0;0.0;3.98;76.25;1.79;
2022-11-29 02:00:00;0.0;0.0;0.0;3.31;82.2;1.52;
2022-11-29 03:00:00;0.0;0.0;0.0;4.14;79.2;1.17;
2022-11-29 04:00:00;0.0;0.0;0.0;4.37;79.2;1.03;
2022-11-29 05:00:00;0.0;0.0;0.0;2.93;82.2;1.31;
2022-11-29 06:00:00;0.0;0.0;0.0;1.72;88.6;1.66;
2022-11-29 07:00:00;68.0;311.9;36.0;2.11;92.1;1.66;
2022-11-29 08:00:00;199.0;514.26;78.0;3.99;85.5;1.38;
2022-11-29 09:00:00;317.0;675.63;91.0;7.3;73.9;1.66;
2022-11-29 10:00:00;385.0;721.76;101.0;8.44;71.35;2.14;
2022-11-29 11:00:00;400.0;717.78;107.0;9.07;66.25;2.21;
2022-11-29 12:00:00;328.0;487.21;144.0;9.37;66.25;2.28;
2022-11-29 13:00:00;282.0;648.16;85.0;9.44;63.8;2.41;
2022-11-29 14:00:00;127.0;229.09;83.0;9.22;63.8;2.48;
2022-11-29 15:00:00;19.0;80.56;15.0;8.59;66.15;1.93;
2022-11-29 16:00:00;0.0;0.0;0.0;7.45;68.6;1.66;
2022-11-29 17:00:00;0.0;0.0;0.0;6.16;76.55;1.31;
2022-11-29 18:00:00;0.0;0.0;0.0;6.13;73.7;1.1;
2022-11-29 19:00:00;0.0;0.0;0.0;6.26;79.5;1.03;
2022-11-29 20:00:00;0.0;0.0;0.0;4.35;88.8;1.45;
2022-11-29 21:00:00;0.0;0.0;0.0;3.55;88.75;1.86;
2022-11-29 22:00:00;0.0;0.0;0.0;3.25;92.15;2.14;
2022-11-29 23:00:00;0.0;0.0;0.0;2.85;95.7;2.0;
2022-11-30 00:00:00;0.0;0.0;0.0;2.48;92.15;2.14;
2022-11-30 01:00:00;0.0;0.0;0.0;2.32;95.65;2.14;
2022-11-30 02:00:00;0.0;0.0;0.0;2.01;95.65;2.0;
2022-11-30 03:00:00;0.0;0.0;0.0;1.85;99.4;2.0;
2022-11-30 04:00:00;0.0;0.0;0.0;1.93;95.65;2.14;
2022-11-30 05:00:00;0.0;0.0;0.0;2.26;95.65;2.0;
2022-11-30 06:00:00;0.0;0.0;0.0;2.43;95.7;1.93;
2022-11-30 07:00:00;54.0;160.95;38.0;3.06;92.15;2.28;
2022-11-30 08:00:00;158.0;245.56;101.0;4.24;88.8;2.28;
2022-11-30 09:00:00;225.0;211.19;155.0;5.51;82.5;2.28;
2022-11-30 10:00:00;238.0;128.0;188.0;6.58;79.55;2.07;
2022-11-30 11:00:00;266.0;170.12;197.0;7.29;76.7;2.0;
2022-11-30 12:00:00;246.0;175.84;180.0;7.75;76.8;1.72;
2022-11-30 13:00:00;162.0;82.79;137.0;8.32;74.05;1.45;
2022-11-30 14:00:00;142.0;372.87;71.0;8.32;74.05;1.38;
2022-11-30 15:00:00;15.0;20.69;14.0;8.14;74.05;1.17;
2022-11-30 16:00:00;0.0;0.0;0.0;6.13;82.97;1.57;
2022-11-30 17:00:00;0.0;0.0;0.0;6.31;83.71;1.79;
2022-11-30 18:00:00;0.0;0.0;0.0;6.5;84.44;2.01;
2022-11-30 19:00:00;0.0;0.0;0.0;6.68;85.17;2.23;
2022-11-30 20:00:00;0.0;0.0;0.0;6.87;85.91;2.44;
2022-11-30 21:00:00;0.0;0.0;0.0;7.05;86.64;2.66;
2022-11-30 22:00:00;0.0;0.0;0.0;7.24;87.37;2.88;
2022-11-30 23:00:00;0.0;0.0;0.0;7.42;88.11;3.1;
2022-12-01 00:00:00;0.0;0.0;0.0;7.61;88.84;3.32;
2022-12-01 01:00:00;0.0;0.0;0.0;7.79;89.58;3.53;
2022-12-01 02:00:00;0.0;0.0;0.0;7.98;90.31;3.75;
2022-12-01 03:00:00;0.0;0.0;0.0;8.16;91.04;3.97;
2022-12-01 04:00:00;0.0;0.0;0.0;8.35;91.78;4.19;
2022-12-01 05:00:00;0.0;0.0;0.0;8.53;92.51;4.41;
2022-12-01 06:00:00;0.0;0.0;0.0;8.72;93.24;4.62;
2022-12-01 07:00:00;6.0;0.0;6.0;8.9;93.98;4.84;
2022-12-01 08:00:00;86.0;13.1;83.0;7.93;92.4;5.1;
2022-12-01 09:00:00;52.0;0.0;52.0;7.59;92.35;4.55;
2022-12-01 10:00:00;51.0;0.0;51.0;7.21;92.35;3.93;
2022-12-01 11:00:00;77.0;0.0;77.0;6.46;89.0;4.34;
2022-12-01 12:00:00;147.0;13.4;142.0;5.32;92.25;5.72;
2022-12-01 13:00:00;108.0;10.0;105.0;4.57;88.85;6.14;
2022-12-01 14:00:00;160.0;587.66;49.0;4.58;85.55;4.55;
2022-12-01 15:00:00;14.0;21.23;13.0;5.04;82.4;3.1;
2022-12-01 16:00:00;0.0;0.0;0.0;4.93;82.4;2.07;
2022-12-01 17:00:00;0.0;0.0;0.0;4.65;85.55;1.38;
2022-12-01 18:00:00;0.0;0.0;0.0;4.02;88.8;0.9;
2022-12-01 19:00:00;0.0;0.0;0.0;5.09;85.6;1.31;
2022-12-01 20:00:00;0.0;0.0;0.0;5.16;85.6;2.9;
2022-12-01 21:00:00;0.0;0.0;0.0;7.11;82.6;4.14;
2022-12-01 22:00:00;0.0;0.0;0.0;7.56;82.65;4.0;
2022-12-01 23:00:00;0.0;0.0;0.0;7.41;82.65;3.59;
2022-12-02 00:00:00;0.0;0.0;0.0;6.93;82.6;2.9;
2022-12-02 01:00:00;0.0;0.0;0.0;6.5;82.6;2.55;
2022-12-02 02:00:00;0.0;0.0;0.0;5.84;82.55;2.14;
2022-12-02 03:00:00;0.0;0.0;0.0;5.31;88.85;1.86;
2022-12-02 04:00:00;0.0;0.0;0.0;4.67;88.85;2.0;
2022-12-02 05:00:00;0.0;0.0;0.0;4.39;88.85;2.21;
2022-12-02 06:00:00;0.0;0.0;0.0;3.67;92.15;2.07;
2022-12-02 07:00:00;6.0;0.0;6.0;4.11;92.2;1.45;
2022-12-02 08:00:00;24.0;0.0;24.0;5.96;85.7;0.48;
2022-12-02 09:00:00;205.0;153.56;155.0;7.48;85.8;0.28;
2022-12-02 10:00:00;381.0;768.48;85.0;9.17;79.85;0.97;
2022-12-02 11:00:00;403.0;801.15;82.0;10.32;71.6;1.93;
2022-12-02 12:00:00;364.0;757.3;83.0;11.21;59.6;3.31;
2022-12-02 13:00:00;291.0;770.95;61.0;11.54;51.35;4.55;
2022-12-02 14:00:00;132.0;304.05;75.0;11.29;53.25;4.0;
2022-12-02 15:00:00;24.0;239.06;13.0;10.49;55.15;3.38;
2022-12-02 16:00:00;0.0;0.0;0.0;9.32;59.15;2.9;
2022-12-02 17:00:00;0.0;0.0;0.0;8.31;63.6;2.69;
2022-12-02 18:00:00;0.0;0.0;0.0;7.47;63.5;2.76;
2022-12-02 19:00:00;0.0;0.0;0.0;6.61;79.55;1.38;
2022-12-02 20:00:00;0.0;0.0;0.0;6.37;79.55;1.24;
2022-12-02 21:00:00;0.0;0.0;0.0;6.05;82.55;1.24;
2022-12-02 22:00:00;0.0;0.0;0.0;6.15;82.55;1.59;
2022-12-02 23:00:00;0.0;0.0;0.0;5.77;88.9;1.66;
2022-12-03 00:00:00;0.0;0.0;0.0;5.6;92.3;1.52;
2022-12-03 01:00:00;0.0;0.0;0.0;5.71;92.3;1.72;
2022-12-03 02:00:00;0.0;0.0;0.0;5.49;92.3;2.28;
2022-12-03 03:00:00;0.0;0.0;0.0;4.97;92.25;3.17;
2022-12-03 04:00:00;0.0;0.0;0.0;4.56;92.25;3.38;
2022-12-03 05:00:00;0.0;0.0;0.0;4.29;92.2;3.24;
2022-12-03 06:00:00;0.0;0.0;0.0;4.15;92.2;3.17;
2022-12-03 07:00:00;56.0;276.87;31.0;4.21;92.2;2.69;
2022-12-03 08:00:00;75.0;4.48;74.0;4.72;92.25;2.83;
2022-12-03 09:00:00;113.0;6.2;111.0;5.46;85.65;2.97;
2022-12-03 10:00:00;82.0;0.0;82.0;6.47;76.65;3.38;
2022-12-03 11:00:00;376.0;657.66;114.0;7.46;71.15;3.93;
2022-12-03 12:00:00;359.0;742.39;85.0;8.08;66.05;3.93;
2022-12-03 13:00:00;276.0;680.83;74.0;8.49;61.3;3.66;
2022-12-03 14:00:00;150.0;494.18;58.0;8.53;61.3;2.69;
2022-12-03 15:00:00;20.0;155.46;13.0;7.92;63.6;1.79;
2022-12-03 16:00:00;0.0;0.0;0.0;6.67;73.8;0.97;
2022-12-03 17:00:00;0.0;0.0;0.0;7.06;65.85;0.07;
2022-12-03 18:00:00;0.0;0.0;0.0;6.76;65.85;0.9;
2022-12-03 19:00:00;0.0;0.0;0.0;3.28;82.2;1.93;
2022-12-03 20:00:00;0.0;0.0;0.0;2.83;82.2;2.07;
2022-12-03 21:00:00;0.0;0.0;0.0;2.57;82.15;2.14;
2022-12-03 22:00:00;0.0;0.0;0.0;2.31;82.15;2.41;
2022-12-03 23:00:00;0.0;0.0;0.0;2.28;85.3;2.48;
2022-12-04 00:00:00;0.0;0.0;0.0;2.49;85.35;2.48;
2022-12-04 01:00:00;0.0;0.0;0.0;2.7;85.35;2.76;
2022-12-04 02:00:00;0.0;0.0;0.0;3.0;85.4;2.62;
2022-12-04 03:00:00;0.0;0.0;0.0;2.77;88.65;2.48;
2022-12-04 04:00:00;0.0;0.0;0.0;2.53;88.65;2.41;
2022-12-04 05:00:00;0.0;0.0;0.0;2.0;92.1;2.34;
2022-12-04 06:00:00;0.0;0.0;0.0;1.44;92.05;2.28;
2022-12-04 07:00:00;59.0;366.08;27.0;1.53;88.6;2.9;
2022-12-04 08:00:00;99.0;40.85;90.0;2.86;85.4;3.31;
2022-12-04 09:00:00;258.0;402.93;129.0;4.17;82.3;4.41;
2022-12-04 10:00:00;154.0;13.15;149.0;5.09;79.35;5.45;
2022-12-04 11:00:00;228.0;93.39;191.0;5.46;76.5;5.93;
2022-12-04 12:00:00;94.0;0.0;94.0;5.63;73.65;5.79;
2022-12-04 13:00:00;42.0;0.0;42.0;5.53;73.65;5.31;
2022-12-04 14:00:00;78.0;32.44;72.0;5.3;76.4;4.9;
2022-12-04 15:00:00;13.0;22.65;12.0;4.82;79.35;4.48;
2022-12-04 16:00:00;0.0;0.0;0.0;4.51;82.35;4.14;
2022-12-04 17:00:00;0.0;0.0;0.0;4.47;82.35;4.0;
2022-12-04 18:00:00;0.0;0.0;0.0;4.25;82.3;4.14;
2022-12-04 19:00:00;0.0;0.0;0.0;4.61;82.35;4.28;
2022-12-04 20:00:00;0.0;0.0;0.0;4.41;79.3;4.14;
2022-12-04 21:00:00;0.0;0.0;0.0;4.2;79.2;4.21;
2022-12-04 22:00:00;0.0;0.0;0.0;3.79;82.25;4.28;
2022-12-04 23:00:00;0.0;0.0;0.0;3.47;82.25;4.14;
2022-12-05 00:00:00;0.0;0.0;0.0;3.0;82.2;3.86;
2022-12-05 01:00:00;0.0;0.0;0.0;2.49;85.35;3.66;
2022-12-05 02:00:00;0.0;0.0;0.0;2.04;85.3;3.31;
2022-12-05 03:00:00;0.0;0.0;0.0;1.55;88.6;2.9;
2022-12-05 04:00:00;0.0;0.0;0.0;1.01;88.55;2.62;
2022-12-05 05:00:00;0.0;0.0;0.0;0.44;88.5;2.34;
2022-12-05 06:00:00;0.0;0.0;0.0;-0.14;92.0;2.21;
2022-12-05 07:00:00;42.0;118.19;32.0;0.32;92.0;1.93;
2022-12-05 08:00:00;147.0;243.6;94.0;1.77;92.05;1.59;
2022-12-05 09:00:00;249.0;365.27;133.0;4.03;79.2;1.17;
2022-12-05 10:00:00;313.0;415.57;156.0;5.39;68.2;0.48;
2022-12-05 11:00:00;381.0;710.43;101.0;6.37;63.35;0.76;
2022-12-05 12:00:00;317.0;503.46;133.0;7.12;63.35;1.31;
2022-12-05 13:00:00;107.0;6.81;105.0;7.5;61.1;1.79;
2022-12-05 14:00:00;76.0;32.62;70.0;7.48;63.5;2.07;
2022-12-05 15:00:00;14.0;46.09;12.0;7.01;65.85;2.41;
2022-12-05 16:00:00;0.0;0.0;0.0;6.69;65.85;2.76;
2022-12-05 17:00:00;0.0;0.0;0.0;6.7;65.85;3.03;
2022-12-05 18:00:00;0.0;0.0;0.0;6.9;65.85;3.17;
2022-12-05 19:00:00;0.0;0.0;0.0;5.59;68.2;2.41;
2022-12-05 20:00:00;0.0;0.0;0.0;5.48;68.2;2.41;
2022-12-05 21:00:00;0.0;0.0;0.0;5.32;70.8;2.48;
2022-12-05 22:00:00;0.0;0.0;0.0;5.28;73.55;2.69;
2022-12-05 23:00:00;0.0;0.0;0.0;5.48;70.85;2.9;
2022-12-06 00:00:00;0.0;0.0;0.0;5.6;73.65;2.97;
2022-12-06 01:00:00;0.0;0.0;0.0;5.85;73.7;3.24;
2022-12-06 02:00:00;0.0;0.0;0.0;6.43;73.8;3.52;
2022-12-06 03:00:00;0.0;0.0;0.0;6.91;73.8;3.72;
2022-12-06 04:00:00;0.0;0.0;0.0;7.44;73.9;3.86;
2022-12-06 05:00:00;0.0;0.0;0.0;7.97;73.95;4.0;
2022-12-06 06:00:00;0.0;0.0;0.0;8.36;74.05;4.07;
2022-12-06 07:00:00;32.0;48.84;28.0;7.16;85.75;1.31;
2022-12-06 08:00:00;80.0;13.96;77.0;7.36;85.8;1.38;
2022-12-06 09:00:00;85.0;0.0;85.0;7.95;82.7;1.1;
2022-12-06 10:00:00;177.0;39.94;162.0;8.32;85.85;0.76;
2022-12-06 11:00:00;39.0;0.0;39.0;8.85;82.75;0.28;
2022-12-06 12:00:00;72.0;0.0;72.0;8.99;82.85;0.62;
2022-12-06 13:00:00;100.0;6.84;98.0;8.77;85.9;1.52;
2022-12-06 14:00:00;45.0;0.0;45.0;8.34;89.05;2.28;
2022-12-06 15:00:00;13.0;46.79;11.0;7.61;89.0;2.62;
2022-12-06 16:00:00;0.0;0.0;0.0;6.95;92.35;2.55;
2022-12-06 17:00:00;0.0;0.0;0.0;6.58;89.0;2.28;
2022-12-06 18:00:00;0.0;0.0;0.0;6.39;89.0;2.07;
2022-12-06 19:00:00;0.0;0.0;0.0;5.99;92.3;1.93;
2022-12-06 20:00:00;0.0;0.0;0.0;5.93;92.3;1.52;
2022-12-06 21:00:00;0.0;0.0;0.0;5.96;92.3;1.24;
2022-12-06 22:00:00;0.0;0.0;0.0;6.18;92.3;1.1;
2022-12-06 23:00:00;0.0;0.0;0.0;6.33;95.8;1.31;
2022-12-07 00:00:00;0.0;0.0;0.0;6.44;92.35;1.72;
2022-12-07 01:00:00;0.0;0.0;0.0;6.38;92.35;2.48;
2022-12-07 02:00:00;0.0;0.0;0.0;5.94;92.3;3.1;
2022-12-07 03:00:00;0.0;0.0;0.0;5.41;88.9;3.31;
2022-12-07 04:00:00;0.0;0.0;0.0;5.04;88.85;3.1;
2022-12-07 05:00:00;0.0;0.0;0.0;4.8;88.85;2.76;
2022-12-07 06:00:00;0.0;0.0;0.0;4.72;88.85;2.55;
2022-12-07 07:00:00;43.0;201.87;27.0;5.01;88.85;1.86;
2022-12-07 08:00:00;74.0;9.42;72.0;5.32;88.85;1.52;
2022-12-07 09:00:00;186.0;134.31;144.0;5.83;88.9;1.38;
2022-12-07 10:00:00;197.0;72.31;170.0;6.67;82.6;1.1;
2022-12-07 11:00:00;214.0;81.98;182.0;7.38;85.8;1.31;
2022-12-07 12:00:00;120.0;2.76;119.0;7.97;82.7;1.66;
2022-12-07 13:00:00;80.0;0.0;80.0;8.23;85.85;1.66;
2022-12-07 14:00:00;53.0;5.49;52.0;8.54;85.9;1.72;
2022-12-07 15:00:00;9.0;0.0;9.0;8.57;89.1;1.66;
2022-12-07 16:00:00;0.0;0.0;0.0;8.33;92.4;1.52;
2022-12-07 17:00:00;0.0;0.0;0.0;8.31;95.8;1.38;
2022-12-07 18:00:00;0.0;0.0;0.0;8.16;95.8;1.59;
2022-12-07 19:00:00;0.0;0.0;0.0;7.76;95.8;1.79;
2022-12-07 20:00:00;0.0;0.0;0.0;7.8;99.4;1.52;
2022-12-07 21:00:00;0.0;0.0;0.0;7.77;99.4;1.38;
2022-12-07 22:00:00;0.0;0.0;0.0;7.7;99.4;1.38;
2022-12-07 23:00:00;0.0;0.0;0.0;7.39;99.4;1.59;
2022-12-08 00:00:00;0.0;0.0;0.0;7.27;100.0;1.72;
2022-12-08 01:00:00;0.0;0.0;0.0;7.51;99.4;1.86;
2022-12-08 02:00:00;0.0;0.0;0.0;7.45;99.4;2.0;
2022-12-08 03:00:00;0.0;0.0;0.0;7.22;99.4;1.72;
2022-12-08 04:00:00;0.0;0.0;0.0;6.86;99.4;1.38;
2022-12-08 05:00:00;0.0;0.0;0.0;6.94;99.4;1.03;
2022-12-08 06:00:00;0.0;0.0;0.0;6.83;99.4;0.9;
2022-12-08 07:00:00;33.0;78.21;27.0;7.77;99.4;1.24;
2022-12-08 08:00:00;75.0;14.29;72.0;8.98;95.85;0.76;
2022-12-08 09:00:00;81.0;0.0;81.0;10.67;92.5;0.9;
2022-12-08 10:00:00;60.0;0.0;60.0;11.97;89.35;1.03;
2022-12-08 11:00:00;125.0;2.57;124.0;13.3;86.3;1.24;
2022-12-08 12:00:00;133.0;8.31;130.0;14.0;83.4;1.24;
2022-12-08 13:00:00;50.0;0.0;50.0;13.5;86.35;1.86;
2022-12-08 14:00:00;52.0;5.51;51.0;13.05;89.4;1.79;
2022-12-08 15:00:00;4.0;0.0;4.0;12.63;92.6;1.59;
2022-12-08 16:00:00;0.0;0.0;0.0;11.77;99.4;1.52;
2022-12-08 17:00:00;0.0;0.0;0.0;10.25;99.4;1.38;
2022-12-08 18:00:00;0.0;0.0;0.0;9.19;100.0;1.38;
2022-12-08 19:00:00;0.0;0.0;0.0;8.82;100.0;1.66;
2022-12-08 20:00:00;0.0;0.0;0.0;8.69;100.0;1.24;
2022-12-08 21:00:00;0.0;0.0;0.0;8.39;99.4;1.17;
2022-12-08 22:00:00;0.0;0.0;0.0;7.43;99.4;1.38;
2022-12-08 23:00:00;0.0;0.0;0.0;6.86;99.4;1.79;
2022-12-09 00:00:00;0.0;0.0;0.0;6.93;99.4;1.66;
2022-12-09 01:00:00;0.0;0.0;0.0;7.08;99.4;1.1;
2022-12-09 02:00:00;0.0;0.0;0.0;7.66;99.4;0.41;
2022-12-09 03:00:00;0.0;0.0;0.0;7.75;99.4;0.07;
2022-12-09 04:00:00;0.0;0.0;0.0;8.02;95.8;0.28;
2022-12-09 05:00:00;0.0;0.0;0.0;8.55;95.85;0.28;
2022-12-09 06:00:00;0.0;0.0;0.0;9.16;95.85;0.41;
2022-12-09 07:00:00;30.0;67.34;25.0;8.72;95.85;2.14;
2022-12-09 08:00:00;101.0;67.45;87.0;9.86;95.85;2.83;
2022-12-09 09:00:00;248.0;418.48;119.0;10.06;92.5;3.45;
2022-12-09 10:00:00;371.0;814.72;70.0;10.64;89.25;3.45;
2022-12-09 11:00:00;386.0;801.06;76.0;11.78;86.15;4.0;
2022-12-09 12:00:00;344.0;728.46;82.0;12.24;86.2;5.31;
2022-12-09 13:00:00;269.0;691.22;69.0;12.15;80.2;5.86;
2022-12-09 14:00:00;151.0;569.63;48.0;11.63;77.3;4.9;
2022-12-09 15:00:00;12.0;24.1;11.0;10.66;69.1;4.48;
2022-12-09 16:00:00;0.0;0.0;0.0;9.45;63.9;5.66;
2022-12-09 17:00:00;0.0;0.0;0.0;8.39;61.3;6.28;
2022-12-09 18:00:00;0.0;0.0;0.0;7.94;61.2;5.79;
2022-12-09 19:00:00;0.0;0.0;0.0;8.34;63.6;6.0;
2022-12-09 20:00:00;0.0;0.0;0.0;7.96;58.9;6.07;
2022-12-09 21:00:00;0.0;0.0;0.0;7.59;56.55;5.66;
2022-12-09 22:00:00;0.0;0.0;0.0;7.17;54.3;5.03;
2022-12-09 23:00:00;0.0;0.0;0.0;6.8;52.2;4.55;
2022-12-10 00:00:00;0.0;0.0;0.0;6.54;50.2;4.0;
2022-12-10 01:00:00;0.0;0.0;0.0;6.26;50.05;3.45;
2022-12-10 02:00:00;0.0;0.0;0.0;5.8;51.95;2.76;
2022-12-10 03:00:00;0.0;0.0;0.0;4.99;58.3;1.79;
2022-12-10 04:00:00;0.0;0.0;0.0;4.62;60.5;1.24;
2022-12-10 05:00:00;0.0;0.0;0.0;2.56;70.3;1.79;
2022-12-10 06:00:00;0.0;0.0;0.0;1.72;75.85;2.9;
2022-12-10 07:00:00;46.0;333.88;22.0;1.85;82.05;3.38;
2022-12-10 08:00:00;183.0;623.44;55.0;3.26;79.1;3.24;
2022-12-10 09:00:00;295.0;721.77;74.0;5.73;68.2;3.31;
2022-12-10 10:00:00;365.0;758.88;86.0;7.63;58.8;3.66;
2022-12-10 11:00:00;385.0;770.44;88.0;8.69;50.6;4.83;
2022-12-10 12:00:00;347.0;708.49;93.0;8.87;45.15;5.72;
2022-12-10 13:00:00;269.0;665.43;77.0;8.76;46.8;5.31;
2022-12-10 14:00:00;154.0;576.69;50.0;8.38;50.6;4.07;
2022-12-10 15:00:00;17.0;121.08;12.0;7.47;56.55;2.69;
2022-12-10 16:00:00;0.0;0.0;0.0;6.03;68.3;1.38;
2022-12-10 17:00:00;0.0;0.0;0.0;6.69;58.65;0.41;
2022-12-10 18:00:00;0.0;0.0;0.0;2.7;79.0;1.86;
2022-12-10 19:00:00;0.0;0.0;0.0;3.13;70.4;2.41;
2022-12-10 20:00:00;0.0;0.0;0.0;2.58;73.1;2.76;
2022-12-10 21:00:00;0.0;0.0;0.0;2.47;76.0;2.83;
2022-12-10 22:00:00;0.0;0.0;0.0;2.56;79.0;3.03;
2022-12-10 23:00:00;0.0;0.0;0.0;2.81;73.2;3.24;
2022-12-11 00:00:00;0.0;0.0;0.0;2.96;70.4;3.45;
2022-12-11 01:00:00;0.0;0.0;0.0;2.9;67.7;3.45;
2022-12-11 02:00:00;0.0;0.0;0.0;2.63;70.3;3.52;
2022-12-11 03:00:00;0.0;0.0;0.0;2.28;70.2;3.31;
2022-12-11 04:00:00;0.0;0.0;0.0;1.89;70.2;3.03;
2022-12-11 05:00:00;0.0;0.0;0.0;1.46;72.95;3.03;
2022-12-11 06:00:00;0.0;0.0;0.0;1.16;75.75;2.83;
2022-12-11 07:00:00;43.0;301.72;22.0;0.9;78.8;2.62;
2022-12-11 08:00:00;183.0;654.68;50.0;2.02;75.95;2.34;
2022-12-11 09:00:00;286.0;686.97;77.0;4.36;68.0;2.0;
2022-12-11 10:00:00;354.0;724.13;89.0;6.73;61.0;2.0;
2022-12-11 11:00:00;377.0;749.77;89.0;8.42;56.8;2.21;
2022-12-11 12:00:00;340.0;688.16;94.0;9.55;54.9;2.0;
2022-12-11 13:00:00;262.0;632.28;80.0;10.16;57.15;1.86;
2022-12-11 14:00:00;148.0;522.29;54.0;10.17;59.35;1.52;
2022-12-11 15:00:00;16.0;97.05;12.0;9.45;66.35;1.17;
2022-12-11 16:00:00;0.0;0.0;0.0;9.19;63.8;0.76;
2022-12-11 17:00:00;0.0;0.0;0.0;8.51;66.15;0.9;
2022-12-11 18:00:00;0.0;0.0;0.0;6.01;73.7;1.45;
2022-12-11 19:00:00;0.0;0.0;0.0;3.48;82.25;2.0;
2022-12-11 20:00:00;0.0;0.0;0.0;5.29;79.35;1.24;
2022-12-11 21:00:00;0.0;0.0;0.0;6.13;76.55;0.41;
2022-12-11 22:00:00;0.0;0.0;0.0;5.73;79.4;0.69;
2022-12-11 23:00:00;0.0;0.0;0.0;4.08;82.3;1.31;
2022-12-12 00:00:00;0.0;0.0;0.0;3.11;88.7;1.52;
2022-12-12 01:00:00;0.0;0.0;0.0;1.89;92.1;2.0;
2022-12-12 02:00:00;0.0;0.0;0.0;1.61;95.65;2.48;
2022-12-12 03:00:00;0.0;0.0;0.0;1.85;92.1;2.41;
2022-12-12 04:00:00;0.0;0.0;0.0;2.32;92.15;1.72;
2022-12-12 05:00:00;0.0;0.0;0.0;3.23;92.15;1.31;
2022-12-12 06:00:00;0.0;0.0;0.0;2.21;95.65;1.38;
2022-12-12 07:00:00;44.0;370.84;19.0;1.69;95.65;1.79;
2022-12-12 08:00:00;171.0;561.92;58.0;2.62;92.15;1.79;
2022-12-12 09:00:00;176.0;112.44;142.0;5.6;85.65;2.14;
2022-12-12 10:00:00;347.0;691.58;95.0;6.79;85.75;2.34;
2022-12-12 11:00:00;377.0;757.45;87.0;7.58;82.65;2.69;
2022-12-12 12:00:00;305.0;476.77;135.0;8.06;79.7;3.1;
2022-12-12 13:00:00;257.0;605.68;83.0;8.01;79.7;3.17;
2022-12-12 14:00:00;123.0;278.19;73.0;7.78;82.65;2.97;
2022-12-12 15:00:00;18.0;145.45;12.0;7.29;82.6;2.55;
2022-12-12 16:00:00;0.0;0.0;0.0;6.16;85.7;2.83;
2022-12-12 17:00:00;0.0;0.0;0.0;5.34;85.65;3.1;
2022-12-12 18:00:00;0.0;0.0;0.0;4.77;92.25;3.17;
2022-12-12 19:00:00;0.0;0.0;0.0;4.31;95.75;2.9;
2022-12-12 20:00:00;0.0;0.0;0.0;3.88;92.2;2.76;
2022-12-12 21:00:00;0.0;0.0;0.0;3.52;95.7;2.69;
2022-12-12 22:00:00;0.0;0.0;0.0;3.36;95.7;2.83;
2022-12-12 23:00:00;0.0;0.0;0.0;3.14;95.7;2.9;
2022-12-13 00:00:00;0.0;0.0;0.0;3.25;99.4;3.03;
2022-12-13 01:00:00;0.0;0.0;0.0;3.28;99.4;3.24;
2022-12-13 02:00:00;0.0;0.0;0.0;3.28;95.7;3.45;
2022-12-13 03:00:00;0.0;0.0;0.0;3.03;95.7;3.45;
2022-12-13 04:00:00;0.0;0.0;0.0;2.79;95.7;3.17;
2022-12-13 05:00:00;0.0;0.0;0.0;2.29;95.65;2.83;
2022-12-13 06:00:00;0.0;0.0;0.0;1.89;92.1;2.62;
2022-12-13 07:00:00;40.0;290.87;21.0;2.2;92.1;2.21;
2022-12-13 08:00:00;173.0;597.57;54.0;2.72;88.65;1.93;
2022-12-13 09:00:00;283.0;688.52;76.0;4.24;82.3;1.66;
2022-12-13 10:00:00;353.0;727.43;89.0;5.47;73.65;1.24;
2022-12-13 11:00:00;376.0;754.47;88.0;6.08;70.95;1.03;
2022-12-13 12:00:00;321.0;570.59;118.0;6.46;71.05;1.79;
2022-12-13 13:00:00;161.0;97.62;133.0;6.61;71.05;3.03;
2022-12-13 14:00:00;15.0;0.0;15.0;6.07;73.7;4.69;
2022-12-13 15:00:00;17.0;120.78;12.0;5.22;76.4;5.79;
2022-12-13 16:00:00;0.0;0.0;0.0;4.8;76.3;5.45;
2022-12-13 17:00:00;0.0;0.0;0.0;4.64;73.45;4.48;
2022-12-13 18:00:00;0.0;0.0;0.0;4.38;70.7;3.86;
2022-12-13 19:00:00;0.0;0.0;0.0;4.98;53.9;6.14;
2022-12-13 20:00:00;0.0;0.0;0.0;4.7;47.7;5.72;
2022-12-13 21:00:00;0.0;0.0;0.0;4.01;45.7;5.24;
2022-12-13 22:00:00;0.0;0.0;0.0;3.37;45.55;4.9;
2022-12-13 23:00:00;0.0;0.0;0.0;2.81;47.3;4.62;
2022-12-14 00:00:00;0.0;0.0;0.0;2.35;49.15;4.41;
2022-12-14 01:00:00;0.0;0.0;0.0;1.94;51.0;4.07;
2022-12-14 02:00:00;0.0;0.0;0.0;1.61;53.0;3.59;
2022-12-14 03:00:00;0.0;0.0;0.0;1.28;55.05;2.97;
2022-12-14 04:00:00;0.0;0.0;0.0;0.6;59.6;2.28;
2022-12-14 05:00:00;0.0;0.0;0.0;0.91;57.35;1.79;
2022-12-14 06:00:00;0.0;0.0;0.0;0.65;62.0;1.38;
2022-12-14 07:00:00;35.0;221.08;21.0;-1.94;78.35;1.24;
2022-12-14 08:00:00;171.0;572.76;58.0;0.12;75.6;0.83;
2022-12-14 09:00:00;288.0;719.02;73.0;2.35;67.6;0.34;
2022-12-14 10:00:00;357.0;743.95;88.0;3.69;60.3;0.69;
2022-12-14 11:00:00;377.0;740.72;95.0;4.3;58.05;1.24;
2022-12-14 12:00:00;210.0;104.19;173.0;4.39;53.8;1.31;
2022-12-14 13:00:00;252.0;537.5;98.0;4.39;53.8;1.45;
2022-12-14 14:00:00;151.0;545.66;53.0;4.04;58.05;1.59;
2022-12-14 15:00:00;16.0;96.02;12.0;3.4;62.7;1.72;
2022-12-14 16:00:00;0.0;0.0;0.0;2.36;70.3;1.93;
2022-12-14 17:00:00;0.0;0.0;0.0;1.43;75.85;1.86;
2022-12-14 18:00:00;0.0;0.0;0.0;0.14;85.1;1.79;
2022-12-14 19:00:00;0.0;0.0;0.0;0.74;81.9;1.03;
2022-12-14 20:00:00;0.0;0.0;0.0;-0.77;88.4;1.38;
2022-12-14 21:00:00;0.0;0.0;0.0;-1.88;91.85;1.59;
2022-12-14 22:00:00;0.0;0.0;0.0;-2.28;91.85;2.0;
2022-12-14 23:00:00;0.0;0.0;0.0;-2.15;91.85;2.21;
2022-12-15 00:00:00;0.0;0.0;0.0;-2.19;88.3;2.34;
2022-12-15 01:00:00;0.0;0.0;0.0;-1.88;91.85;2.28;
2022-12-15 02:00:00;0.0;0.0;0.0;-2.1;88.3;2.0;
2022-12-15 03:00:00;0.0;0.0;0.0;-2.7;91.85;2.0;
2022-12-15 04:00:00;0.0;0.0;0.0;-2.11;88.3;2.0;
2022-12-15 05:00:00;0.0;0.0;0.0;-2.3;91.85;2.41;
2022-12-15 06:00:00;0.0;0.0;0.0;-2.32;91.85;2.41;
2022-12-15 07:00:00;19.0;16.28;18.0;-2.32;91.85;2.07;
2022-12-15 08:00:00;112.0;122.73;88.0;-0.9;88.4;1.86;
2022-12-15 09:00:00;178.0;124.37;141.0;0.95;78.8;2.0;
2022-12-15 10:00:00;162.0;24.98;153.0;2.1;73.0;2.14;
2022-12-15 11:00:00;259.0;189.56;187.0;2.96;65.1;2.34;
2022-12-15 12:00:00;276.0;327.16;160.0;3.49;60.3;2.48;
2022-12-15 13:00:00;184.0;171.14;135.0;3.71;57.95;2.55;
2022-12-15 14:00:00;115.0;211.45;77.0;3.56;57.95;2.34;
2022-12-15 15:00:00;14.0;47.59;12.0;2.95;60.15;2.28;
2022-12-15 16:00:00;0.0;0.0;0.0;1.99;64.9;2.21;
2022-12-15 17:00:00;0.0;0.0;0.0;0.83;70.05;2.0;
2022-12-15 18:00:00;0.0;0.0;0.0;-0.03;72.65;1.86;
2022-12-15 19:00:00;0.0;0.0;0.0;-1.1;88.4;0.97;
2022-12-15 20:00:00;0.0;0.0;0.0;-1.59;84.95;0.9;
2022-12-15 21:00:00;0.0;0.0;0.0;-1.7;81.65;0.97;
2022-12-15 22:00:00;0.0;0.0;0.0;-2.07;78.35;1.17;
2022-12-15 23:00:00;0.0;0.0;0.0;-2.73;78.3;1.38;
2022-12-16 00:00:00;0.0;0.0;0.0;-3.05;81.45;1.52;
2022-12-16 01:00:00;0.0;0.0;0.0;-2.68;78.3;1.38;
2022-12-16 02:00:00;0.0;0.0;0.0;-2.14;72.3;1.03;
2022-12-16 03:00:00;0.0;0.0;0.0;-2.12;72.3;0.83;
2022-12-16 04:00:00;0.0;0.0;0.0;-2.0;72.3;0.55;
2022-12-16 05:00:00;0.0;0.0;0.0;-2.15;69.45;0.76;
2022-12-16 06:00:00;0.0;0.0;0.0;-2.57;75.2;1.03;
2022-12-16 07:00:00;26.0;100.63;20.0;-2.63;78.3;1.31;
2022-12-16 08:00:00;104.0;92.83;86.0;-1.13;72.5;1.66;
2022-12-16 09:00:00;62.0;0.0;62.0;0.2;69.85;1.93;
2022-12-16 10:00:00;64.0;0.0;64.0;0.92;67.3;2.48;
2022-12-16 11:00:00;69.0;0.0;69.0;1.39;62.25;2.83;
2022-12-16 12:00:00;181.0;53.65;162.0;1.65;62.25;2.83;
2022-12-16 13:00:00;223.0;352.87;122.0;1.72;62.25;2.62;
2022-12-16 14:00:00;104.0;138.94;79.0;1.37;64.8;2.48;
2022-12-16 15:00:00;18.0;117.62;13.0;0.47;69.95;2.41;
2022-12-16 16:00:00;0.0;0.0;0.0;-0.52;69.75;2.41;
2022-12-16 17:00:00;0.0;0.0;0.0;-1.24;75.35;2.28;
2022-12-16 18:00:00;0.0;0.0;0.0;-1.8;75.3;2.55;
2022-12-16 19:00:00;0.0;0.0;0.0;-1.91;78.35;2.83;
2022-12-16 20:00:00;0.0;0.0;0.0;-2.02;78.35;2.69;
2022-12-16 21:00:00;0.0;0.0;0.0;-2.56;78.3;2.97;
2022-12-16 22:00:00;0.0;0.0;0.0;-2.66;78.3;2.76;
2022-12-16 23:00:00;0.0;0.0;0.0;-3.1;78.2;2.76;
2022-12-17 00:00:00;0.0;0.0;0.0;-3.42;78.15;2.9;
2022-12-17 01:00:00;0.0;0.0;0.0;-3.47;72.05;2.9;
2022-12-17 02:00:00;0.0;0.0;0.0;-3.7;69.15;2.76;
2022-12-17 03:00:00;0.0;0.0;0.0;-4.05;63.7;2.83;
2022-12-17 04:00:00;0.0;0.0;0.0;-4.11;63.7;3.03;
2022-12-17 05:00:00;0.0;0.0;0.0;-4.05;61.1;3.24;
2022-12-17 06:00:00;0.0;0.0;0.0;-3.69;63.7;3.59;
2022-12-17 07:00:00;24.0;86.33;19.0;-3.37;66.35;3.59;
2022-12-17 08:00:00;69.0;10.4;67.0;-2.48;66.6;3.52;
2022-12-17 09:00:00;110.0;10.18;107.0;-0.92;61.65;3.45;
2022-12-17 10:00:00;49.0;0.0;49.0;0.45;54.95;3.17;
2022-12-17 11:00:00;139.0;5.29;137.0;1.29;53.0;2.9;
2022-12-17 12:00:00;69.0;0.0;69.0;1.91;53.15;3.03;
2022-12-17 13:00:00;46.0;0.0;46.0;1.77;62.25;3.66;
2022-12-17 14:00:00;19.0;0.0;19.0;1.65;70.1;4.0;
2022-12-17 15:00:00;11.0;23.2;10.0;1.44;75.85;3.66;
2022-12-17 16:00:00;0.0;0.0;0.0;1.09;81.95;3.1;
2022-12-17 17:00:00;0.0;0.0;0.0;0.95;85.2;2.28;
2022-12-17 18:00:00;0.0;0.0;0.0;0.51;92.0;1.52;
2022-12-17 19:00:00;0.0;0.0;0.0;-0.53;95.6;2.14;
2022-12-17 20:00:00;0.0;0.0;0.0;-0.92;95.6;3.45;
2022-12-17 21:00:00;0.0;0.0;0.0;-1.06;95.6;4.14;
2022-12-17 22:00:00;0.0;0.0;0.0;-1.37;91.9;4.28;
2022-12-17 23:00:00;0.0;0.0;0.0;-1.43;91.9;4.55;
2022-12-18 00:00:00;0.0;0.0;0.0;-1.7;91.9;5.03;
2022-12-18 01:00:00;0.0;0.0;0.0;-1.81;95.55;5.17;
2022-12-18 02:00:00;0.0;0.0;0.0;-2.02;91.85;5.38;
2022-12-18 03:00:00;0.0;0.0;0.0;-2.26;91.85;5.17;
2022-12-18 04:00:00;0.0;0.0;0.0;-2.71;88.25;4.97;
2022-12-18 05:00:00;0.0;0.0;0.0;-3.07;88.25;4.69;
2022-12-18 06:00:00;0.0;0.0;0.0;-3.31;88.2;4.55;
2022-12-18 07:00:00;26.0;106.54;20.0;-3.46;84.7;4.07;
2022-12-18 08:00:00;126.0;219.95;84.0;-3.23;81.45;3.93;
2022-12-18 09:00:00;205.0;228.16;138.0;-2.32;81.5;3.79;
2022-12-18 10:00:00;265.0;268.6;169.0;-1.32;75.35;3.59;
2022-12-18 11:00:00;305.0;365.2;167.0;-0.49;72.6;3.38;
2022-12-18 12:00:00;286.0;373.23;154.0;0.08;72.65;3.17;
2022-12-18 13:00:00;228.0;380.55;119.0;0.36;72.75;2.83;
2022-12-18 14:00:00;133.0;343.03;71.0;-0.03;75.6;2.28;
2022-12-18 15:00:00;20.0;159.8;13.0;-1.13;78.5;2.0;
2022-12-18 16:00:00;0.0;0.0;0.0;-2.83;81.45;2.21;
2022-12-18 17:00:00;0.0;0.0;0.0;-4.3;81.3;2.34;
2022-12-18 18:00:00;0.0;0.0;0.0;-5.92;84.5;2.41;
2022-12-18 19:00:00;0.0;0.0;0.0;-5.18;84.6;2.0;
2022-12-18 20:00:00;0.0;0.0;0.0;-5.99;88.0;2.0;
2022-12-18 21:00:00;0.0;0.0;0.0;-6.21;88.0;2.0;
2022-12-18 22:00:00;0.0;0.0;0.0;-6.77;84.45;2.07;
2022-12-18 23:00:00;0.0;0.0;0.0;-6.84;87.95;2.07;
2022-12-19 00:00:00;0.0;0.0;0.0;-5.99;84.5;1.93;
2022-12-19 01:00:00;0.0;0.0;0.0;-6.53;88.0;2.0;
2022-12-19 02:00:00;0.0;0.0;0.0;-8.02;91.55;2.28;
2022-12-19 03:00:00;0.0;0.0;0.0;-8.27;87.85;2.41;
2022-12-19 04:00:00;0.0;0.0;0.0;-7.35;91.6;2.34;
2022-12-19 05:00:00;0.0;0.0;0.0;-6.28;91.65;2.14;
2022-12-19 06:00:00;0.0;0.0;0.0;-5.57;88.05;2.0;
2022-12-19 07:00:00;30.0;237.15;17.0;-4.93;88.1;1.66;
2022-12-19 08:00:00;86.0;42.18;78.0;-4.35;88.15;1.59;
2022-12-19 09:00:00;146.0;54.68;130.0;-1.83;84.85;1.1;
2022-12-19 10:00:00;226.0;145.8;174.0;-0.26;81.75;0.76;
2022-12-19 11:00:00;324.0;463.6;149.0;1.55;72.95;0.34;
2022-12-19 12:00:00;327.0;619.31;108.0;1.76;78.9;0.76;
2022-12-19 13:00:00;261.0;627.81;81.0;1.55;82.0;1.03;
2022-12-19 14:00:00;149.0;523.94;54.0;2.38;76.0;0.97;
2022-12-19 15:00:00;24.0;268.94;12.0;2.94;73.2;0.76;
2022-12-19 16:00:00;0.0;0.0;0.0;2.37;76.0;0.48;
2022-12-19 17:00:00;0.0;0.0;0.0;2.02;78.95;0.9;
2022-12-19 18:00:00;0.0;0.0;0.0;-0.84;88.4;1.72;
2022-12-19 19:00:00;0.0;0.0;0.0;-2.97;95.55;2.0;
2022-12-19 20:00:00;0.0;0.0;0.0;-3.12;95.55;2.41;
2022-12-19 21:00:00;0.0;0.0;0.0;-2.51;95.55;2.41;
2022-12-19 22:00:00;0.0;0.0;0.0;-1.24;99.4;2.34;
2022-12-19 23:00:00;0.0;0.0;0.0;-0.23;99.4;2.21;
2022-12-20 00:00:00;0.0;0.0;0.0;0.27;95.6;2.28;
2022-12-20 01:00:00;0.0;0.0;0.0;0.29;95.65;2.69;
2022-12-20 02:00:00;0.0;0.0;0.0;0.4;95.65;3.03;
2022-12-20 03:00:00;0.0;0.0;0.0;0.37;95.65;3.1;
2022-12-20 04:00:00;0.0;0.0;0.0;0.26;95.6;2.97;
2022-12-20 05:00:00;0.0;0.0;0.0;0.23;95.6;2.62;
2022-12-20 06:00:00;0.0;0.0;0.0;0.24;95.6;2.55;
2022-12-20 07:00:00;16.0;18.72;15.0;0.13;92.0;2.69;
2022-12-20 08:00:00;74.0;21.23;70.0;0.19;92.0;2.48;
2022-12-20 09:00:00;99.0;3.43;98.0;0.55;88.5;2.21;
2022-12-20 10:00:00;117.0;2.81;116.0;1.14;88.55;2.14;
2022-12-20 11:00:00;139.0;7.95;136.0;1.68;85.25;1.93;
2022-12-20 12:00:00;164.0;33.93;152.0;2.11;82.05;1.72;
2022-12-20 13:00:00;127.0;31.35;118.0;2.41;82.15;1.59;
2022-12-20 14:00:00;87.0;65.93;75.0;2.52;82.15;1.31;
2022-12-20 15:00:00;16.0;65.87;13.0;2.7;82.15;0.76;
2022-12-20 16:00:00;0.0;0.0;0.0;2.26;85.3;0.69;
2022-12-20 17:00:00;0.0;0.0;0.0;2.12;85.3;0.55;
2022-12-20 18:00:00;0.0;0.0;0.0;2.02;85.3;0.76;
2022-12-20 19:00:00;0.0;0.0;0.0;1.58;85.25;0.48;
2022-12-20 20:00:00;0.0;0.0;0.0;1.57;88.6;0.55;
2022-12-20 21:00:00;0.0;0.0;0.0;1.4;88.6;0.83;
2022-12-20 22:00:00;0.0;0.0;0.0;1.18;92.05;0.9;
2022-12-20 23:00:00;0.0;0.0;0.0;1.36;88.6;0.76;
2022-12-21 00:00:00;0.0;0.0;0.0;1.48;92.05;0.62;
2022-12-21 01:00:00;0.0;0.0;0.0;1.47;92.05;0.76;
2022-12-21 02:00:00;0.0;0.0;0.0;1.51;92.05;0.76;
2022-12-21 03:00:00;0.0;0.0;0.0;1.91;92.1;0.55;
2022-12-21 04:00:00;0.0;0.0;0.0;2.41;88.65;0.28;
2022-12-21 05:00:00;0.0;0.0;0.0;3.01;85.4;0.48;
2022-12-21 06:00:00;0.0;0.0;0.0;3.26;88.7;0.76;
2022-12-21 07:00:00;17.0;38.37;15.0;3.54;88.75;0.9;
2022-12-21 08:00:00;65.0;10.67;63.0;3.61;92.15;1.03;
2022-12-21 09:00:00;160.0;92.83;133.0;5.09;92.25;0.9;
2022-12-21 10:00:00;115.0;2.81;114.0;6.74;89.0;0.83;
2022-12-21 11:00:00;133.0;5.3;131.0;7.62;89.0;0.97;
2022-12-21 12:00:00;188.0;73.47;162.0;8.31;89.05;0.97;
2022-12-21 13:00:00;23.0;0.0;23.0;8.83;89.1;1.03;
2022-12-21 14:00:00;53.0;5.47;52.0;8.88;85.95;1.45;
2022-12-21 15:00:00;6.0;0.0;6.0;8.33;92.4;1.72;
2022-12-21 16:00:00;0.0;0.0;0.0;7.61;95.8;1.45;
2022-12-21 17:00:00;0.0;0.0;0.0;7.36;95.8;1.52;
2022-12-21 18:00:00;0.0;0.0;0.0;7.41;95.8;1.1;
2022-12-21 19:00:00;0.0;0.0;0.0;6.08;92.3;1.59;
2022-12-21 20:00:00;0.0;0.0;0.0;6.13;95.8;1.45;
2022-12-21 21:00:00;0.0;0.0;0.0;6.31;95.8;0.9;
2022-12-21 22:00:00;0.0;0.0;0.0;6.6;95.8;0.69;
2022-12-21 23:00:00;0.0;0.0;0.0;6.06;95.8;0.9;
2022-12-22 00:00:00;0.0;0.0;0.0;5.8;99.4;1.17;
2022-12-22 01:00:00;0.0;0.0;0.0;5.66;95.75;1.1;
2022-12-22 02:00:00;0.0;0.0;0.0;5.44;95.75;1.1;
2022-12-22 03:00:00;0.0;0.0;0.0;5.94;92.3;1.93;
2022-12-22 04:00:00;0.0;0.0;0.0;7.31;95.8;3.31;
2022-12-22 05:00:00;0.0;0.0;0.0;8.31;92.4;4.21;
2022-12-22 06:00:00;0.0;0.0;0.0;8.75;92.4;4.41;
2022-12-22 07:00:00;8.0;0.0;8.0;8.25;95.8;3.86;
2022-12-22 08:00:00;74.0;26.83;69.0;8.98;92.45;4.28;
2022-12-22 09:00:00;70.0;0.0;70.0;9.53;89.15;3.86;
2022-12-22 10:00:00;98.0;0.0;98.0;9.76;92.45;2.76;
2022-12-22 11:00:00;145.0;10.61;141.0;9.88;92.5;1.93;
2022-12-22 12:00:00;123.0;5.65;121.0;10.42;92.5;1.17;
2022-12-22 13:00:00;160.0;104.06;130.0;10.31;92.5;1.72;
2022-12-22 14:00:00;92.0;87.08;76.0;9.47;92.45;2.14;
2022-12-22 15:00:00;4.0;0.0;4.0;8.59;95.85;2.07;
2022-12-22 16:00:00;0.0;0.0;0.0;7.54;99.4;1.93;
2022-12-22 17:00:00;0.0;0.0;0.0;6.96;99.4;2.0;
2022-12-22 18:00:00;0.0;0.0;0.0;6.66;95.8;1.86;
2022-12-22 19:00:00;0.0;0.0;0.0;6.8;95.8;1.17;
2022-12-22 20:00:00;0.0;0.0;0.0;6.8;95.8;1.31;
2022-12-22 21:00:00;0.0;0.0;0.0;7.13;99.4;1.24;
2022-12-22 22:00:00;0.0;0.0;0.0;7.23;99.4;0.97;
2022-12-22 23:00:00;0.0;0.0;0.0;8.19;99.4;0.48;
2022-12-23 00:00:00;0.0;0.0;0.0;8.3;99.4;0.34;
2022-12-23 01:00:00;0.0;0.0;0.0;8.04;99.4;0.48;
2022-12-23 02:00:00;0.0;0.0;0.0;7.92;99.4;0.83;
2022-12-23 03:00:00;0.0;0.0;0.0;7.96;99.4;1.24;
2022-12-23 04:00:00;0.0;0.0;0.0;8.22;99.4;1.66;
2022-12-23 05:00:00;0.0;0.0;0.0;8.87;95.85;2.41;
2022-12-23 06:00:00;0.0;0.0;0.0;9.61;95.85;3.17;
2022-12-23 07:00:00;4.0;0.0;4.0;9.26;95.85;3.59;
2022-12-23 08:00:00;33.0;0.0;33.0;9.86;95.85;3.72;
2022-12-23 09:00:00;74.0;0.0;74.0;10.55;92.5;3.93;
2022-12-23 10:00:00;154.0;25.36;145.0;11.43;89.3;4.14;
2022-12-23 11:00:00;220.0;114.02;177.0;11.97;89.35;4.14;
2022-12-23 12:00:00;213.0;132.52;166.0;12.96;86.3;4.07;
2022-12-23 13:00:00;75.0;0.0;75.0;13.55;86.35;4.0;
2022-12-23 14:00:00;63.0;10.82;61.0;13.51;86.35;4.07;
2022-12-23 15:00:00;8.0;0.0;8.0;13.0;86.3;4.0;
2022-12-23 16:00:00;0.0;0.0;0.0;12.18;89.35;3.79;
2022-12-23 17:00:00;0.0;0.0;0.0;11.96;89.35;3.45;
2022-12-23 18:00:00;0.0;0.0;0.0;11.96;92.6;3.03;
2022-12-23 19:00:00;0.0;0.0;0.0;11.81;95.9;4.0;
2022-12-23 20:00:00;0.0;0.0;0.0;11.98;92.6;3.93;
2022-12-23 21:00:00;0.0;0.0;0.0;12.08;92.6;4.34;
2022-12-23 22:00:00;0.0;0.0;0.0;12.06;89.35;4.97;
2022-12-23 23:00:00;0.0;0.0;0.0;12.28;86.2;5.31;
2022-12-24 00:00:00;0.0;0.0;0.0;12.32;86.2;4.97;
2022-12-24 01:00:00;0.0;0.0;0.0;12.03;83.15;4.62;
2022-12-24 02:00:00;0.0;0.0;0.0;11.55;83.1;4.34;
2022-12-24 03:00:00;0.0;0.0;0.0;10.88;83.05;4.0;
2022-12-24 04:00:00;0.0;0.0;0.0;10.47;86.05;3.79;
2022-12-24 05:00:00;0.0;0.0;0.0;10.14;89.2;3.66;
2022-12-24 06:00:00;0.0;0.0;0.0;10.29;92.5;3.52;
2022-12-24 07:00:00;6.0;0.0;6.0;10.25;92.5;3.45;
2022-12-24 08:00:00;13.0;0.0;13.0;10.32;95.9;3.17;
2022-12-24 09:00:00;23.0;0.0;23.0;10.84;95.9;2.55;
2022-12-24 10:00:00;86.0;0.0;86.0;11.7;92.55;2.0;
2022-12-24 11:00:00;98.0;0.0;98.0;12.31;89.35;1.31;
2022-12-24 12:00:00;134.0;8.45;131.0;13.01;83.25;0.55;
2022-12-24 13:00:00;45.0;0.0;45.0;13.23;83.25;0.28;
2022-12-24 14:00:00;97.0;102.19;78.0;12.88;86.25;0.41;
2022-12-24 15:00:00;18.0;59.64;15.0;12.32;89.35;0.55;
2022-12-24 16:00:00;0.0;0.0;0.0;11.27;95.9;0.76;
2022-12-24 17:00:00;0.0;0.0;0.0;10.3;95.9;0.69;
2022-12-24 18:00:00;0.0;0.0;0.0;9.91;92.5;0.69;
2022-12-24 19:00:00;0.0;0.0;0.0;8.81;99.4;1.66;
2022-12-24 20:00:00;0.0;0.0;0.0;9.13;99.4;1.79;
2022-12-24 21:00:00;0.0;0.0;0.0;9.22;99.4;2.07;
2022-12-24 22:00:00;0.0;0.0;0.0;9.21;99.4;2.34;
2022-12-24 23:00:00;0.0;0.0;0.0;9.2;99.4;2.55;
2022-12-25 00:00:00;0.0;0.0;0.0;9.17;99.4;2.62;
2022-12-25 01:00:00;0.0;0.0;0.0;9.05;95.85;2.62;
2022-12-25 02:00:00;0.0;0.0;0.0;8.98;95.85;2.55;
2022-12-25 03:00:00;0.0;0.0;0.0;8.9;95.85;2.62;
2022-12-25 04:00:00;0.0;0.0;0.0;8.81;99.4;2.76;
2022-12-25 05:00:00;0.0;0.0;0.0;8.77;99.4;2.9;
2022-12-25 06:00:00;0.0;0.0;0.0;8.77;95.85;2.97;
2022-12-25 07:00:00;19.0;83.31;15.0;8.7;92.4;2.28;
2022-12-25 08:00:00;93.0;86.89;77.0;8.78;95.85;2.21;
2022-12-25 09:00:00;98.0;3.46;97.0;8.99;92.45;2.28;
2022-12-25 10:00:00;92.0;0.0;92.0;9.35;92.45;2.48;
2022-12-25 11:00:00;224.0;119.15;179.0;9.5;92.45;2.55;
2022-12-25 12:00:00;151.0;22.48;143.0;9.55;89.15;2.34;
2022-12-25 13:00:00;151.0;75.62;129.0;9.52;89.15;2.0;
2022-12-25 14:00:00;143.0;443.39;60.0;9.35;92.45;2.14;
2022-12-25 15:00:00;12.0;0.0;12.0;8.91;92.45;2.07;
2022-12-25 16:00:00;0.0;0.0;0.0;8.27;95.8;2.0;
2022-12-25 17:00:00;0.0;0.0;0.0;7.84;99.4;1.93;
2022-12-25 18:00:00;0.0;0.0;0.0;7.69;99.4;1.66;
2022-12-25 19:00:00;0.0;0.0;0.0;8.29;95.8;2.34;
2022-12-25 20:00:00;0.0;0.0;0.0;8.06;95.8;2.28;
2022-12-25 21:00:00;0.0;0.0;0.0;7.79;99.4;1.66;
2022-12-25 22:00:00;0.0;0.0;0.0;8.08;92.4;0.55;
2022-12-25 23:00:00;0.0;0.0;0.0;7.47;95.8;1.38;
2022-12-26 00:00:00;0.0;0.0;0.0;7.59;92.35;2.07;
2022-12-26 01:00:00;0.0;0.0;0.0;7.51;92.35;3.17;
2022-12-26 02:00:00;0.0;0.0;0.0;7.16;92.35;4.34;
2022-12-26 03:00:00;0.0;0.0;0.0;6.76;89.0;5.31;
2022-12-26 04:00:00;0.0;0.0;0.0;6.37;85.75;6.28;
2022-12-26 05:00:00;0.0;0.0;0.0;5.86;85.7;7.17;
2022-12-26 06:00:00;0.0;0.0;0.0;5.28;85.6;7.1;
2022-12-26 07:00:00;16.0;42.32;14.0;6.41;85.75;7.03;
2022-12-26 08:00:00;84.0;54.46;74.0;5.96;85.7;7.79;
2022-12-26 09:00:00;158.0;90.1;132.0;5.45;82.5;7.79;
2022-12-26 10:00:00;113.0;2.82;112.0;4.88;79.35;7.59;
2022-12-26 11:00:00;98.0;0.0;98.0;4.36;76.3;7.31;
2022-12-26 12:00:00;78.0;0.0;78.0;4.03;76.25;6.97;
2022-12-26 13:00:00;100.0;6.85;98.0;3.99;73.4;6.62;
2022-12-26 14:00:00;79.0;37.12;72.0;4.09;70.6;6.41;
2022-12-26 15:00:00;17.0;37.51;15.0;4.11;65.3;6.14;
2022-12-26 16:00:00;0.0;0.0;0.0;4.05;62.8;6.0;
2022-12-26 17:00:00;0.0;0.0;0.0;3.98;60.4;5.93;
2022-12-26 18:00:00;0.0;0.0;0.0;3.9;58.05;6.0;
2022-12-26 19:00:00;0.0;0.0;0.0;3.87;65.3;6.41;
2022-12-26 20:00:00;0.0;0.0;0.0;3.83;62.8;6.41;
2022-12-26 21:00:00;0.0;0.0;0.0;3.76;62.7;6.21;
2022-12-26 22:00:00;0.0;0.0;0.0;3.7;60.3;6.0;
2022-12-26 23:00:00;0.0;0.0;0.0;3.56;57.95;5.79;
2022-12-27 00:00:00;0.0;0.0;0.0;3.3;57.8;5.45;
2022-12-27 01:00:00;0.0;0.0;0.0;3.19;55.55;5.17;
2022-12-27 02:00:00;0.0;0.0;0.0;3.11;55.55;4.97;
2022-12-27 03:00:00;0.0;0.0;0.0;2.8;55.55;4.69;
2022-12-27 04:00:00;0.0;0.0;0.0;2.67;57.7;4.28;
2022-12-27 05:00:00;0.0;0.0;0.0;2.45;57.7;3.86;
2022-12-27 06:00:00;0.0;0.0;0.0;2.13;59.95;3.38;
2022-12-27 07:00:00;26.0;278.94;13.0;1.92;67.5;2.83;
2022-12-27 08:00:00;156.0;573.09;51.0;2.13;70.2;2.76;
2022-12-27 09:00:00;275.0;714.14;69.0;3.93;60.4;2.97;
2022-12-27 10:00:00;351.0;763.06;80.0;4.81;58.2;3.31;
2022-12-27 11:00:00;383.0;802.64;79.0;5.35;49.95;3.86;
2022-12-27 12:00:00;352.0;754.92;82.0;5.58;48.0;3.66;
2022-12-27 13:00:00;280.0;716.01;70.0;5.58;48.0;3.31;
2022-12-27 14:00:00;146.0;399.88;70.0;5.36;46.1;2.9;
2022-12-27 15:00:00;26.0;145.5;18.0;4.87;49.8;2.21;
2022-12-27 16:00:00;0.0;0.0;0.0;3.75;60.3;1.66;
2022-12-27 17:00:00;0.0;0.0;0.0;2.49;65.0;1.52;
2022-12-27 18:00:00;0.0;0.0;0.0;1.76;70.1;1.45;
2022-12-27 19:00:00;0.0;0.0;0.0;0.28;78.75;1.86;
2022-12-27 20:00:00;0.0;0.0;0.0;-0.26;85.05;1.93;
2022-12-27 21:00:00;0.0;0.0;0.0;-0.63;81.75;2.14;
2022-12-27 22:00:00;0.0;0.0;0.0;-0.49;85.05;2.14;
2022-12-27 23:00:00;0.0;0.0;0.0;-0.86;88.4;2.14;
2022-12-28 00:00:00;0.0;0.0;0.0;-1.4;88.35;2.14;
2022-12-28 01:00:00;0.0;0.0;0.0;-1.67;88.35;2.34;
2022-12-28 02:00:00;0.0;0.0;0.0;-1.77;91.85;2.34;
2022-12-28 03:00:00;0.0;0.0;0.0;-1.83;91.85;2.34;
2022-12-28 04:00:00;0.0;0.0;0.0;-1.93;91.85;2.21;
2022-12-28 05:00:00;0.0;0.0;0.0;-2.12;88.3;2.07;
2022-12-28 06:00:00;0.0;0.0;0.0;-2.32;91.85;2.07;
2022-12-28 07:00:00;18.0;86.83;14.0;-2.39;91.85;2.07;
2022-12-28 08:00:00;147.0;481.05;59.0;-1.03;91.95;1.86;
2022-12-28 09:00:00;252.0;551.16;93.0;1.77;85.25;1.86;
2022-12-28 10:00:00;131.0;5.63;129.0;3.26;76.1;1.86;
2022-12-28 11:00:00;280.0;271.43;177.0;4.04;70.6;1.66;
2022-12-28 12:00:00;289.0;387.5;150.0;4.4;68.0;1.66;
2022-12-28 13:00:00;194.0;193.45;137.0;4.56;68.0;1.03;
2022-12-28 14:00:00;83.0;36.52;76.0;4.52;68.0;1.24;
2022-12-28 15:00:00;13.0;0.0;13.0;4.2;73.4;0.97;
2022-12-28 16:00:00;0.0;0.0;0.0;3.05;85.4;0.97;
2022-12-28 17:00:00;0.0;0.0;0.0;2.54;82.15;0.97;
2022-12-28 18:00:00;0.0;0.0;0.0;1.49;85.25;1.24;
2022-12-28 19:00:00;0.0;0.0;0.0;-0.51;91.95;1.79;
2022-12-28 20:00:00;0.0;0.0;0.0;-0.64;95.6;1.66;
2022-12-28 21:00:00;0.0;0.0;0.0;-0.64;95.6;1.66;
2022-12-28 22:00:00;0.0;0.0;0.0;-1.1;95.6;1.72;
2022-12-28 23:00:00;0.0;0.0;0.0;-1.27;99.4;1.79;
2022-12-29 00:00:00;0.0;0.0;0.0;-1.19;95.6;1.86;
2022-12-29 01:00:00;0.0;0.0;0.0;-1.35;95.6;1.86;
2022-12-29 02:00:00;0.0;0.0;0.0;-1.34;95.6;1.66;
2022-12-29 03:00:00;0.0;0.0;0.0;-1.43;95.6;1.45;
2022-12-29 04:00:00;0.0;0.0;0.0;-1.73;91.9;1.59;
2022-12-29 05:00:00;0.0;0.0;0.0;-1.95;95.55;1.72;
2022-12-29 06:00:00;0.0;0.0;0.0;-2.0;91.85;1.86;
2022-12-29 07:00:00;17.0;65.74;14.0;-1.85;91.85;2.0;
2022-12-29 08:00:00;135.0;361.12;69.0;-0.34;91.95;1.66;
2022-12-29 09:00:00;230.0;398.44;115.0;1.98;82.05;1.59;
2022-12-29 10:00:00;332.0;654.48;99.0;2.98;76.1;1.45;
2022-12-29 11:00:00;376.0;770.43;83.0;4.02;73.4;1.38;
2022-12-29 12:00:00;350.0;744.69;82.0;4.69;70.7;1.38;
2022-12-29 13:00:00;268.0;631.51;81.0;5.08;70.8;1.38;
2022-12-29 14:00:00;150.0;429.25;67.0;5.13;70.8;1.24;
2022-12-29 15:00:00;20.0;51.19;17.0;4.76;73.45;1.1;
2022-12-29 16:00:00;0.0;0.0;0.0;3.31;82.25;1.03;
2022-12-29 17:00:00;0.0;0.0;0.0;3.43;79.15;0.83;
2022-12-29 18:00:00;0.0;0.0;0.0;3.46;79.15;0.55;
2022-12-29 19:00:00;0.0;0.0;0.0;2.89;82.2;0.62;
2022-12-29 20:00:00;0.0;0.0;0.0;2.64;85.35;0.9;
2022-12-29 21:00:00;0.0;0.0;0.0;0.79;88.55;1.31;
2022-12-29 22:00:00;0.0;0.0;0.0;0.2;95.6;1.45;
2022-12-29 23:00:00;0.0;0.0;0.0;-0.01;95.6;1.52;
2022-12-30 00:00:00;0.0;0.0;0.0;-0.22;99.4;1.52;
2022-12-30 01:00:00;0.0;0.0;0.0;-0.23;99.4;1.45;
2022-12-30 02:00:00;0.0;0.0;0.0;-0.27;99.4;1.45;
2022-12-30 03:00:00;0.0;0.0;0.0;0.04;95.6;1.38;
2022-12-30 04:00:00;0.0;0.0;0.0;0.12;99.4;1.38;
2022-12-30 05:00:00;0.0;0.0;0.0;0.13;99.4;1.31;
2022-12-30 06:00:00;0.0;0.0;0.0;0.34;95.65;1.31;
2022-12-30 07:00:00;20.0;132.4;14.0;1.02;95.65;1.59;
2022-12-30 08:00:00;97.0;103.99;78.0;1.73;95.65;1.45;
2022-12-30 09:00:00;128.0;31.15;119.0;3.25;88.7;1.45;
2022-12-30 10:00:00;164.0;33.65;152.0;4.65;82.35;1.38;
2022-12-30 11:00:00;158.0;15.74;152.0;5.06;79.35;1.45;
2022-12-30 12:00:00;139.0;11.07;135.0;5.67;76.5;1.38;
2022-12-30 13:00:00;181.0;141.08;139.0;6.09;76.55;1.24;
2022-12-30 14:00:00;73.0;15.37;70.0;6.13;76.55;1.1;
2022-12-30 15:00:00;13.0;0.0;13.0;5.94;76.55;1.03;
2022-12-30 16:00:00;0.0;0.0;0.0;5.08;82.4;1.31;
2022-12-30 17:00:00;0.0;0.0;0.0;3.88;88.8;1.38;
2022-12-30 18:00:00;0.0;0.0;0.0;3.14;92.15;1.52;
2022-12-30 19:00:00;0.0;0.0;0.0;3.13;88.7;1.24;
2022-12-30 20:00:00;0.0;0.0;0.0;2.9;88.7;1.31;
2022-12-30 21:00:00;0.0;0.0;0.0;2.61;92.15;1.52;
2022-12-30 22:00:00;0.0;0.0;0.0;2.7;92.15;1.66;
2022-12-30 23:00:00;0.0;0.0;0.0;2.67;92.15;1.79;
2022-12-31 00:00:00;0.0;0.0;0.0;2.79;95.7;1.72;
2022-12-31 01:00:00;0.0;0.0;0.0;2.56;92.15;1.72;
2022-12-31 02:00:00;0.0;0.0;0.0;2.39;92.15;1.72;
2022-12-31 03:00:00;0.0;0.0;0.0;2.15;95.65;1.72;
2022-12-31 04:00:00;0.0;0.0;0.0;2.12;95.65;1.72;
2022-12-31 05:00:00;0.0;0.0;0.0;2.3;92.15;1.72;
2022-12-31 06:00:00;0.0;0.0;0.0;2.42;92.15;1.72;
2022-12-31 07:00:00;15.0;44.34;13.0;2.39;92.15;1.72;
2022-12-31 08:00:00;100.0;114.89;79.0;2.87;92.15;1.45;
2022-12-31 09:00:00;131.0;34.57;121.0;4.38;85.55;1.38;
2022-12-31 10:00:00;341.0;707.98;88.0;5.36;82.5;1.31;
2022-12-31 11:00:00;329.0;486.45;143.0;6.32;82.55;0.97;
2022-12-31 12:00:00;358.0;774.98;77.0;7.03;82.6;0.83;
2022-12-31 13:00:00;267.0;594.52;89.0;7.26;82.6;0.97;
2022-12-31 14:00:00;142.0;334.87;76.0;7.39;79.65;1.17;
2022-12-31 15:00:00;17.0;15.97;16.0;7.3;82.6;1.31;
2022-12-31 16:00:00;0.0;0.0;0.0;5.43;86.45;1.42;
2022-12-31 17:00:00;0.0;0.0;0.0;5.52;87.18;1.44;
2022-12-31 18:00:00;0.0;0.0;0.0;5.61;87.92;1.46;
2022-12-31 19:00:00;0.0;0.0;0.0;5.7;88.66;1.48;
2022-12-31 20:00:00;0.0;0.0;0.0;5.79;89.4;1.5;
2022-12-31 21:00:00;0.0;0.0;0.0;5.88;90.14;1.52;
2022-12-31 22:00:00;0.0;0.0;0.0;5.97;90.87;1.55;
2022-12-31 23:00:00;0.0;0.0;0.0;6.06;91.61;1.57;
